boxscore_url,game_date_raw,home_team_name,away_team_name,home_pts,away_pts,team_abbr,home_away,winner,"basic_('unnamed: 0_level_0', 'starters')","basic_('basic box score stats', 'mp')","basic_('basic box score stats', 'fg')","basic_('basic box score stats', 'fga')","basic_('basic box score stats', 'fg%')","basic_('basic box score stats', '3p')","basic_('basic box score stats', '3pa')","basic_('basic box score stats', '3p%')","basic_('basic box score stats', 'ft')","basic_('basic box score stats', 'fta')","basic_('basic box score stats', 'ft%')","basic_('basic box score stats', 'orb')","basic_('basic box score stats', 'drb')","basic_('basic box score stats', 'trb')","basic_('basic box score stats', 'ast')","basic_('basic box score stats', 'stl')","basic_('basic box score stats', 'blk')","basic_('basic box score stats', 'tov')","basic_('basic box score stats', 'pf')","basic_('basic box score stats', 'pts')","basic_('basic box score stats', 'gmsc')","basic_('basic box score stats', '+/-')","adv_('unnamed: 0_level_0', 'starters')","adv_('advanced box score stats', 'mp')","adv_('advanced box score stats', 'ts%')","adv_('advanced box score stats', 'efg%')","adv_('advanced box score stats', '3par')","adv_('advanced box score stats', 'ftr')","adv_('advanced box score stats', 'orb%')","adv_('advanced box score stats', 'drb%')","adv_('advanced box score stats', 'trb%')","adv_('advanced box score stats', 'ast%')","adv_('advanced box score stats', 'stl%')","adv_('advanced box score stats', 'blk%')","adv_('advanced box score stats', 'tov%')","adv_('advanced box score stats', 'usg%')","adv_('advanced box score stats', 'ortg')","adv_('advanced box score stats', 'drtg')","adv_('advanced box score stats', 'bpm')","adv_('unnamed: 16_level_0', 'unnamed: 16_level_1')"
https://www.basketball-reference.com/boxscores/202110190LAL.html,"10:00 PM, October 19, 2021",Los Angeles Lakers,Golden State Warriors,114,121,GSW,,,Team Totals,240,41,93,.441,14,39,.359,25,30,.833,9,41,50,30,9,2,17,18,121,,,Team Totals,240,.570,.516,.419,.323,18.4,89.1,52.6,73.2,7.9,3.8,13.8,100.0,106.8,100.6,,
https://www.basketball-reference.com/boxscores/202110190LAL.html,"10:00 PM, October 19, 2021",Los Angeles Lakers,Golden State Warriors,114,121,LAL,,,Team Totals,240,45,95,.474,15,42,.357,9,19,.474,5,40,45,21,7,4,18,25,114,,,Team Totals,240,.551,.553,.442,.200,10.9,81.6,47.4,46.7,6.2,7.4,14.8,100.0,100.6,106.8,,
https://www.basketball-reference.com/boxscores/202110190MIL.html,"7:30 PM, October 19, 2021",Milwaukee Bucks,Brooklyn Nets,127,104,BRK,,,Team Totals,240,37,84,.440,17,32,.531,13,23,.565,5,39,44,19,3,9,13,17,104,,,Team Totals,240,.552,.542,.381,.274,10.9,75.0,44.9,51.4,2.9,15.0,12.1,100.0,101.1,123.5,,
https://www.basketball-reference.com/boxscores/202110190MIL.html,"7:30 PM, October 19, 2021",Milwaukee Bucks,Brooklyn Nets,127,104,MIL,,,Team Totals,240,48,105,.457,17,45,.378,14,18,.778,13,41,54,25,8,9,8,19,127,,,Team Totals,240,.562,.538,.429,.171,25.0,89.1,55.1,52.1,7.8,17.3,6.6,100.0,123.5,101.1,,
https://www.basketball-reference.com/boxscores/202110200CHO.html,"7:00 PM, October 20, 2021",Charlotte Hornets,Indiana Pacers,123,122,IND,,,Team Totals,240,42,90,.467,17,47,.362,21,24,.875,8,43,51,29,2,10,17,24,122,,,Team Totals,240,.607,.561,.522,.267,19.0,78.2,52.6,69.0,1.8,13.2,14.5,100.0,111.7,112.6,,
https://www.basketball-reference.com/boxscores/202110200CHO.html,"7:00 PM, October 20, 2021",Charlotte Hornets,Indiana Pacers,123,122,CHO,,,Team Totals,240,46,107,.430,13,31,.419,18,27,.667,12,34,46,29,9,5,8,21,123,,,Team Totals,240,.517,.491,.290,.252,21.8,81.0,47.4,63.0,8.2,11.6,6.3,100.0,112.6,111.7,,
https://www.basketball-reference.com/boxscores/202110200DET.html,"7:00 PM, October 20, 2021",Detroit Pistons,Chicago Bulls,88,94,CHI,,,Team Totals,240,37,86,.430,7,23,.304,13,15,.867,9,39,48,18,8,5,17,19,94,,,Team Totals,240,.508,.471,.267,.174,20.0,78.0,50.5,48.6,8.1,8.1,15.5,100.0,94.9,88.9,,
https://www.basketball-reference.com/boxscores/202110200DET.html,"7:00 PM, October 20, 2021",Detroit Pistons,Chicago Bulls,88,94,DET,,,Team Totals,240,36,90,.400,6,28,.214,10,13,.769,11,36,47,17,7,5,17,16,88,,,Team Totals,240,.460,.433,.311,.144,22.0,80.0,49.5,47.2,7.1,7.9,15.1,100.0,88.9,94.9,,
https://www.basketball-reference.com/boxscores/202110200MEM.html,"8:00 PM, October 20, 2021",Memphis Grizzlies,Cleveland Cavaliers,132,121,CLE,,,Team Totals,240,47,93,.505,14,38,.368,13,18,.722,7,29,36,38,6,5,11,17,121,,,Team Totals,240,.599,.581,.409,.194,14.9,69.0,40.4,80.9,5.9,7.5,9.8,100.0,118.0,128.7,,
https://www.basketball-reference.com/boxscores/202110200MEM.html,"8:00 PM, October 20, 2021",Memphis Grizzlies,Cleveland Cavaliers,132,121,MEM,,,Team Totals,240,53,100,.530,14,33,.424,12,12,1.000,13,40,53,28,8,8,12,15,132,,,Team Totals,240,.627,.600,.330,.120,31.0,85.1,59.6,52.8,7.8,14.5,10.2,100.0,128.7,118.0,,
https://www.basketball-reference.com/boxscores/202110200MIN.html,"8:00 PM, October 20, 2021",Minnesota Timberwolves,Houston Rockets,124,106,HOU,,,Team Totals,240,40,88,.455,11,33,.333,15,22,.682,12,29,41,21,13,3,24,25,106,,,Team Totals,240,.543,.517,.375,.250,26.7,69.0,47.1,52.5,12.4,6.1,19.7,100.0,101.1,118.3,,
https://www.basketball-reference.com/boxscores/202110200MIN.html,"8:00 PM, October 20, 2021",Minnesota Timberwolves,Houston Rockets,124,106,MIN,,,Team Totals,240,42,87,.483,16,38,.421,24,31,.774,13,33,46,26,18,12,18,22,124,,,Team Totals,240,.616,.575,.437,.356,31.0,73.3,52.9,61.9,17.2,21.8,15.2,100.0,118.3,101.1,,
https://www.basketball-reference.com/boxscores/202110200NOP.html,"8:00 PM, October 20, 2021",New Orleans Pelicans,Philadelphia 76ers,97,117,PHI,,,Team Totals,240,44,85,.518,13,25,.520,16,20,.800,6,41,47,24,9,5,13,11,117,,,Team Totals,240,.624,.594,.294,.235,15.0,80.4,51.6,54.5,9.1,7.9,12.2,100.0,117.8,97.6,,
https://www.basketball-reference.com/boxscores/202110200NOP.html,"8:00 PM, October 20, 2021",New Orleans Pelicans,Philadelphia 76ers,97,117,NOP,,,Team Totals,240,39,93,.419,13,30,.433,6,9,.667,10,34,44,28,5,6,14,16,97,,,Team Totals,240,.500,.489,.323,.097,19.6,85.0,48.4,71.8,5.0,10.0,12.6,100.0,97.6,117.8,,
https://www.basketball-reference.com/boxscores/202110200NYK.html,"7:30 PM, October 20, 2021",New York Knicks,Boston Celtics,138,134,BOS,,,Team Totals,290,48,117,.410,21,57,.368,17,23,.739,15,41,56,34,13,9,18,24,134,,,Team Totals,290,.527,.500,.487,.197,23.8,85.4,50.5,70.8,10.3,15.0,12.4,100.0,105.9,109.1,,
https://www.basketball-reference.com/boxscores/202110200NYK.html,"7:30 PM, October 20, 2021",New York Knicks,Boston Celtics,138,134,NYK,,,Team Totals,290,51,105,.486,17,45,.378,19,27,.704,7,48,55,27,9,10,19,22,138,,,Team Totals,290,.590,.567,.429,.257,14.6,76.2,49.5,52.9,7.1,16.7,14.0,100.0,109.1,105.9,,
https://www.basketball-reference.com/boxscores/202110200PHO.html,"10:00 PM, October 20, 2021",Phoenix Suns,Denver Nuggets,98,110,DEN,,,Team Totals,240,44,83,.530,17,39,.436,5,9,.556,6,40,46,25,9,1,19,20,110,,,Team Totals,240,.632,.633,.470,.108,15.0,78.4,50.5,56.8,9.0,2.0,17.9,100.0,110.3,98.3,,
https://www.basketball-reference.com/boxscores/202110200PHO.html,"10:00 PM, October 20, 2021",Phoenix Suns,Denver Nuggets,98,110,PHO,,,Team Totals,240,36,87,.414,14,37,.378,12,17,.706,11,34,45,23,9,3,18,18,98,,,Team Totals,240,.519,.494,.425,.195,21.6,85.0,49.5,63.9,9.0,6.8,16.0,100.0,98.3,110.3,,
https://www.basketball-reference.com/boxscores/202110200POR.html,"10:00 PM, October 20, 2021",Portland Trail Blazers,Sacramento Kings,121,124,SAC,,,Team Totals,240,42,92,.457,17,41,.415,23,29,.793,7,36,43,24,6,4,10,22,124,,,Team Totals,240,.592,.549,.446,.315,14.9,80.0,46.7,57.1,5.7,6.9,8.7,100.0,118.0,115.2,,
https://www.basketball-reference.com/boxscores/202110200POR.html,"10:00 PM, October 20, 2021",Portland Trail Blazers,Sacramento Kings,121,124,POR,,,Team Totals,240,45,93,.484,12,35,.343,19,22,.864,9,40,49,25,5,5,13,22,121,,,Team Totals,240,.589,.548,.376,.237,20.0,85.1,53.3,55.6,4.8,9.8,11.2,100.0,115.2,118.0,,
https://www.basketball-reference.com/boxscores/202110200SAS.html,"8:30 PM, October 20, 2021",San Antonio Spurs,Orlando Magic,123,97,ORL,,,Team Totals,240,35,86,.407,9,29,.310,18,23,.783,13,31,44,17,6,6,16,20,97,,,Team Totals,240,.505,.459,.337,.267,30.2,70.5,50.6,48.6,6.2,8.8,14.3,100.0,100.8,127.9,,
https://www.basketball-reference.com/boxscores/202110200SAS.html,"8:30 PM, October 20, 2021",San Antonio Spurs,Orlando Magic,123,97,SAS,,,Team Totals,240,49,98,.500,13,30,.433,12,18,.667,13,30,43,32,8,3,8,22,123,,,Team Totals,240,.581,.566,.306,.184,29.5,69.8,49.4,65.3,8.3,5.3,7.0,100.0,127.9,100.8,,
https://www.basketball-reference.com/boxscores/202110200TOR.html,"7:30 PM, October 20, 2021",Toronto Raptors,Washington Wizards,83,98,WAS,,,Team Totals,240,36,81,.444,5,27,.185,21,26,.808,7,44,51,20,14,8,22,17,98,,,Team Totals,240,.530,.475,.333,.321,16.7,69.8,48.6,55.6,13.4,12.7,19.2,100.0,94.0,79.6,,
https://www.basketball-reference.com/boxscores/202110200TOR.html,"7:30 PM, October 20, 2021",Toronto Raptors,Washington Wizards,83,98,TOR,,,Team Totals,240,30,97,.309,7,34,.206,16,22,.727,19,35,54,14,10,4,19,21,83,,,Team Totals,240,.389,.345,.351,.227,30.2,83.3,51.4,46.7,9.6,7.4,15.1,100.0,79.6,94.0,,
https://www.basketball-reference.com/boxscores/202110200UTA.html,"9:00 PM, October 20, 2021",Utah Jazz,Oklahoma City Thunder,107,86,OKC,,,Team Totals,240,34,91,.374,7,35,.200,11,18,.611,15,35,50,19,4,2,15,15,86,,,Team Totals,240,.435,.412,.385,.198,26.8,74.5,48.5,55.9,4.2,4.5,13.2,100.0,90.6,112.7,,
https://www.basketball-reference.com/boxscores/202110200UTA.html,"9:00 PM, October 20, 2021",Utah Jazz,Oklahoma City Thunder,107,86,UTA,,,Team Totals,240,40,91,.440,14,47,.298,13,15,.867,12,41,53,18,6,5,10,19,107,,,Team Totals,240,.548,.516,.516,.165,25.5,73.2,51.5,45.0,6.3,8.9,9.3,100.0,112.7,90.6,,
https://www.basketball-reference.com/boxscores/202110210ATL.html,"7:30 PM, October 21, 2021",Atlanta Hawks,Dallas Mavericks,113,87,DAL,,,Team Totals,240,31,93,.333,13,43,.302,12,13,.923,10,40,50,16,7,3,15,21,87,,,Team Totals,240,.441,.403,.462,.140,16.9,87.0,47.6,51.6,6.8,5.1,13.2,100.0,84.6,109.9,,
https://www.basketball-reference.com/boxscores/202110210ATL.html,"7:30 PM, October 21, 2021",Atlanta Hawks,Dallas Mavericks,113,87,ATL,,,Team Totals,240,45,94,.479,15,35,.429,8,9,.889,6,49,55,31,8,9,13,16,113,,,Team Totals,240,.577,.559,.372,.096,13.0,83.1,52.4,68.9,7.8,18.0,11.7,100.0,109.9,84.6,,
https://www.basketball-reference.com/boxscores/202110210GSW.html,"10:00 PM, October 21, 2021",Golden State Warriors,Los Angeles Clippers,115,113,LAC,,,Team Totals,240,42,96,.438,14,40,.350,15,21,.714,8,31,39,24,9,2,7,25,113,,,Team Totals,240,.537,.510,.417,.219,15.7,75.6,42.4,57.1,8.8,3.8,6.2,100.0,110.4,112.4,,
https://www.basketball-reference.com/boxscores/202110210GSW.html,"10:00 PM, October 21, 2021",Golden State Warriors,Los Angeles Clippers,115,113,GSW,,,Team Totals,240,43,83,.518,15,31,.484,14,22,.636,10,43,53,27,5,4,21,20,115,,,Team Totals,240,.620,.608,.373,.265,24.4,84.3,57.6,62.8,4.9,7.1,18.5,100.0,112.4,110.4,,
https://www.basketball-reference.com/boxscores/202110210MIA.html,"8:00 PM, October 21, 2021",Miami Heat,Milwaukee Bucks,137,95,MIL,,,Team Totals,240,32,84,.381,12,42,.286,19,29,.655,5,33,38,19,6,0,15,26,95,,,Team Totals,240,.491,.452,.500,.345,9.6,75.0,39.6,59.4,5.6,0.0,13.4,100.0,89.4,128.9,,
https://www.basketball-reference.com/boxscores/202110210MIA.html,"8:00 PM, October 21, 2021",Miami Heat,Milwaukee Bucks,137,95,MIA,,,Team Totals,240,51,96,.531,15,35,.429,20,31,.645,11,47,58,28,8,2,11,26,137,,,Team Totals,240,.625,.609,.365,.323,25.0,90.4,60.4,54.9,7.5,4.8,9.1,100.0,128.9,89.4,,
https://www.basketball-reference.com/boxscores/202110220BOS.html,"7:30 PM, October 22, 2021",Boston Celtics,Toronto Raptors,83,115,TOR,,,Team Totals,240,42,100,.420,10,35,.286,21,21,1.000,21,39,60,22,16,2,12,13,115,,,Team Totals,240,.526,.470,.350,.210,39.6,79.6,58.8,52.4,16.3,4.2,9.9,100.0,117.2,84.6,,
https://www.basketball-reference.com/boxscores/202110220BOS.html,"7:30 PM, October 22, 2021",Boston Celtics,Toronto Raptors,83,115,BOS,,,Team Totals,240,32,82,.390,11,34,.324,8,11,.727,10,32,42,19,6,12,25,19,83,,,Team Totals,240,.478,.457,.415,.134,20.4,60.4,41.2,59.4,6.1,18.5,22.4,100.0,84.6,117.2,,
https://www.basketball-reference.com/boxscores/202110220CHI.html,"8:00 PM, October 22, 2021",Chicago Bulls,New Orleans Pelicans,128,112,NOP,,,Team Totals,240,42,87,.483,15,29,.517,13,16,.813,9,33,42,26,7,5,17,20,112,,,Team Totals,240,.595,.569,.333,.184,20.5,75.0,47.7,61.9,6.9,8.2,15.3,100.0,110.7,126.5,,
https://www.basketball-reference.com/boxscores/202110220CHI.html,"8:00 PM, October 22, 2021",Chicago Bulls,New Orleans Pelicans,128,112,CHI,,,Team Totals,240,47,89,.528,14,28,.500,20,25,.800,11,35,46,32,9,7,14,14,128,,,Team Totals,240,.640,.607,.315,.281,25.0,79.5,52.3,68.1,8.9,12.1,12.3,100.0,126.5,110.7,,
https://www.basketball-reference.com/boxscores/202110220CLE.html,"7:00 PM, October 22, 2021",Cleveland Cavaliers,Charlotte Hornets,112,123,CHO,,,Team Totals,240,48,91,.527,13,32,.406,14,17,.824,11,35,46,32,13,1,18,16,123,,,Team Totals,240,.624,.599,.352,.187,27.5,83.3,56.1,66.7,12.6,1.9,15.5,100.0,118.9,108.3,,
https://www.basketball-reference.com/boxscores/202110220CLE.html,"7:00 PM, October 22, 2021",Cleveland Cavaliers,Charlotte Hornets,112,123,CLE,,,Team Totals,240,43,84,.512,9,31,.290,17,20,.850,7,29,36,26,9,3,19,15,112,,,Team Totals,240,.603,.565,.369,.238,16.7,72.5,43.9,60.5,8.7,5.1,17.0,100.0,108.3,118.9,,
https://www.basketball-reference.com/boxscores/202110220DEN.html,"9:00 PM, October 22, 2021",Denver Nuggets,San Antonio Spurs,102,96,SAS,,,Team Totals,240,40,84,.476,6,24,.250,10,14,.714,7,32,39,24,11,2,20,17,96,,,Team Totals,240,.532,.512,.286,.167,17.5,80.0,48.8,60.0,10.9,3.6,18.2,100.0,94.8,100.7,,
https://www.basketball-reference.com/boxscores/202110220DEN.html,"9:00 PM, October 22, 2021",Denver Nuggets,San Antonio Spurs,102,96,DEN,,,Team Totals,240,44,86,.512,9,30,.300,5,8,.625,8,33,41,26,10,2,21,21,102,,,Team Totals,240,.570,.564,.349,.093,20.0,82.5,51.3,59.1,9.9,3.3,19.0,100.0,100.7,94.8,,
https://www.basketball-reference.com/boxscores/202110220HOU.html,"8:00 PM, October 22, 2021",Houston Rockets,Oklahoma City Thunder,124,91,OKC,,,Team Totals,240,34,91,.374,14,43,.326,9,16,.563,8,31,39,22,9,4,19,21,91,,,Team Totals,240,.464,.451,.473,.176,15.4,75.6,41.9,64.7,8.5,7.0,16.2,100.0,85.7,116.8,,
https://www.basketball-reference.com/boxscores/202110220HOU.html,"8:00 PM, October 22, 2021",Houston Rockets,Oklahoma City Thunder,124,91,HOU,,,Team Totals,240,48,95,.505,17,38,.447,11,14,.786,10,44,54,29,12,10,17,18,124,,,Team Totals,240,.613,.595,.400,.147,24.4,84.6,58.1,60.4,11.3,20.8,14.4,100.0,116.8,85.7,,
https://www.basketball-reference.com/boxscores/202110220LAL.html,"10:00 PM, October 22, 2021",Los Angeles Lakers,Phoenix Suns,105,115,PHO,,,Team Totals,240,42,86,.488,10,32,.313,21,28,.750,7,40,47,31,8,2,12,22,115,,,Team Totals,240,.585,.547,.372,.326,17.1,76.9,50.5,73.8,7.9,3.8,10.9,100.0,113.9,104.0,,
https://www.basketball-reference.com/boxscores/202110220LAL.html,"10:00 PM, October 22, 2021",Los Angeles Lakers,Phoenix Suns,105,115,LAL,,,Team Totals,240,34,86,.395,15,34,.441,22,29,.759,12,34,46,25,7,3,16,26,105,,,Team Totals,240,.532,.483,.395,.337,23.1,82.9,49.5,73.5,6.9,5.6,13.9,100.0,104.0,113.9,,
https://www.basketball-reference.com/boxscores/202110220ORL.html,"7:00 PM, October 22, 2021",Orlando Magic,New York Knicks,96,121,NYK,,,Team Totals,240,44,88,.500,24,54,.444,9,17,.529,6,32,38,34,10,4,11,19,121,,,Team Totals,240,.634,.636,.614,.193,14.0,78.0,45.2,77.3,10.2,10.0,10.3,100.0,123.8,98.2,,
https://www.basketball-reference.com/boxscores/202110220ORL.html,"7:00 PM, October 22, 2021",Orlando Magic,New York Knicks,96,121,ORL,,,Team Totals,240,33,83,.398,17,43,.395,13,15,.867,9,37,46,24,5,3,19,18,96,,,Team Totals,240,.536,.500,.518,.181,22.0,86.0,54.8,72.7,5.1,8.8,17.5,100.0,98.2,123.8,,
https://www.basketball-reference.com/boxscores/202110220PHI.html,"7:30 PM, October 22, 2021",Philadelphia 76ers,Brooklyn Nets,109,114,BRK,,,Team Totals,240,41,88,.466,12,38,.316,20,24,.833,11,36,47,26,6,6,13,16,114,,,Team Totals,240,.578,.534,.432,.273,26.8,87.8,57.3,63.4,6.1,10.9,11.7,100.0,116.2,111.1,,
https://www.basketball-reference.com/boxscores/202110220PHI.html,"7:30 PM, October 22, 2021",Philadelphia 76ers,Brooklyn Nets,109,114,PHI,,,Team Totals,240,43,91,.473,14,36,.389,9,11,.818,5,30,35,17,8,9,10,21,109,,,Team Totals,240,.569,.549,.396,.121,12.2,73.2,42.7,39.5,8.2,18.0,9.4,100.0,111.1,116.2,,
https://www.basketball-reference.com/boxscores/202110220SAC.html,"10:00 PM, October 22, 2021",Sacramento Kings,Utah Jazz,101,110,UTA,,,Team Totals,240,37,90,.411,16,42,.381,20,23,.870,13,38,51,16,14,3,19,17,110,,,Team Totals,240,.549,.500,.467,.256,26.5,70.4,49.5,43.2,13.6,4.8,16.0,100.0,106.5,97.8,,
https://www.basketball-reference.com/boxscores/202110220SAC.html,"10:00 PM, October 22, 2021",Sacramento Kings,Utah Jazz,101,110,SAC,,,Team Totals,240,39,99,.394,8,36,.222,15,21,.714,16,36,52,20,15,5,15,22,101,,,Team Totals,240,.467,.434,.364,.212,29.6,73.5,50.5,51.3,14.5,10.4,12.2,100.0,97.8,106.5,,
https://www.basketball-reference.com/boxscores/202110220WAS.html,"7:00 PM, October 22, 2021",Washington Wizards,Indiana Pacers,135,134,IND,,,Team Totals,265,52,97,.536,15,34,.441,15,20,.750,7,35,42,28,5,6,12,22,134,,,Team Totals,265,.633,.613,.351,.206,17.9,85.4,52.5,53.8,4.7,10.7,10.2,100.0,126.5,127.4,,
https://www.basketball-reference.com/boxscores/202110220WAS.html,"7:00 PM, October 22, 2021",Washington Wizards,Indiana Pacers,135,134,WAS,,,Team Totals,265,49,94,.521,19,38,.500,18,19,.947,6,32,38,24,5,6,9,21,135,,,Team Totals,265,.659,.622,.404,.202,14.6,82.1,47.5,49.0,4.7,9.5,8.1,100.0,127.4,126.5,,
https://www.basketball-reference.com/boxscores/202110230CHI.html,"8:00 PM, October 23, 2021",Chicago Bulls,Detroit Pistons,97,82,DET,,,Team Totals,240,34,88,.386,5,28,.179,9,15,.600,11,42,53,14,9,8,23,17,82,,,Team Totals,240,.433,.415,.318,.170,22.0,93.3,55.8,41.2,8.8,13.8,19.6,100.0,79.8,94.5,,
https://www.basketball-reference.com/boxscores/202110230CHI.html,"8:00 PM, October 23, 2021",Chicago Bulls,Detroit Pistons,97,82,CHI,,,Team Totals,240,35,84,.417,11,26,.423,16,19,.842,3,39,42,24,13,11,13,17,97,,,Team Totals,240,.525,.482,.310,.226,6.7,78.0,44.2,68.6,12.7,18.3,12.3,100.0,94.5,79.8,,
https://www.basketball-reference.com/boxscores/202110230CLE.html,"6:00 PM, October 23, 2021",Cleveland Cavaliers,Atlanta Hawks,101,95,ATL,,,Team Totals,240,38,99,.384,10,34,.294,9,15,.600,17,37,54,20,5,3,9,23,95,,,Team Totals,240,.450,.434,.343,.152,28.8,75.5,50.0,52.6,5.2,4.9,7.9,100.0,99.3,105.6,,
https://www.basketball-reference.com/boxscores/202110230CLE.html,"6:00 PM, October 23, 2021",Cleveland Cavaliers,Atlanta Hawks,101,95,CLE,,,Team Totals,240,37,89,.416,7,28,.250,20,27,.741,12,42,54,23,6,6,10,16,101,,,Team Totals,240,.501,.455,.315,.303,24.5,71.2,50.0,62.2,6.3,9.2,9.0,100.0,105.6,99.3,,
https://www.basketball-reference.com/boxscores/202110230IND.html,"7:00 PM, October 23, 2021",Indiana Pacers,Miami Heat,102,91,MIA,,,Team Totals,265,35,91,.385,9,33,.273,12,14,.857,10,45,55,18,4,2,22,25,91,,,Team Totals,265,.468,.434,.363,.154,19.6,76.3,50.0,51.4,3.8,3.4,18.5,100.0,85.3,95.7,,
https://www.basketball-reference.com/boxscores/202110230IND.html,"7:00 PM, October 23, 2021",Indiana Pacers,Miami Heat,102,91,IND,,,Team Totals,265,38,97,.392,10,39,.256,16,21,.762,14,41,55,18,10,5,16,18,102,,,Team Totals,265,.480,.443,.402,.216,23.7,80.4,50.0,47.4,9.4,8.6,13.1,100.0,95.7,85.3,,
https://www.basketball-reference.com/boxscores/202110230LAC.html,"10:30 PM, October 23, 2021",Los Angeles Clippers,Memphis Grizzlies,114,120,MEM,,,Team Totals,240,42,90,.467,15,36,.417,21,25,.840,13,35,48,26,5,3,11,19,120,,,Team Totals,240,.594,.550,.400,.278,30.2,71.4,52.2,61.9,5.2,5.0,9.8,100.0,125.6,119.3,,
https://www.basketball-reference.com/boxscores/202110230LAC.html,"10:30 PM, October 23, 2021",Los Angeles Clippers,Memphis Grizzlies,114,120,LAC,,,Team Totals,240,43,99,.434,13,39,.333,15,17,.882,14,30,44,23,7,4,7,21,114,,,Team Totals,240,.535,.500,.394,.172,28.6,69.8,47.8,53.5,7.3,7.4,6.2,100.0,119.3,125.6,,
https://www.basketball-reference.com/boxscores/202110230MIN.html,"8:00 PM, October 23, 2021",Minnesota Timberwolves,New Orleans Pelicans,96,89,NOP,,,Team Totals,240,31,89,.348,9,40,.225,18,23,.783,21,40,61,15,10,5,30,22,89,,,Team Totals,240,.449,.399,.449,.258,38.2,75.5,56.5,48.4,9.5,8.6,23.2,100.0,84.9,91.6,,
https://www.basketball-reference.com/boxscores/202110230MIN.html,"8:00 PM, October 23, 2021",Minnesota Timberwolves,New Orleans Pelicans,96,89,MIN,,,Team Totals,240,39,96,.406,12,38,.316,6,10,.600,13,34,47,22,13,8,20,25,96,,,Team Totals,240,.478,.469,.396,.104,24.5,61.8,43.5,56.4,12.4,16.3,16.6,100.0,91.6,84.9,,
https://www.basketball-reference.com/boxscores/202110230POR.html,"10:00 PM, October 23, 2021",Portland Trail Blazers,Phoenix Suns,134,105,PHO,,,Team Totals,240,43,89,.483,9,28,.321,10,15,.667,7,31,38,27,6,1,14,19,105,,,Team Totals,240,.549,.534,.315,.169,14.9,79.5,44.2,62.8,5.9,2.3,12.8,100.0,103.9,132.7,,
https://www.basketball-reference.com/boxscores/202110230POR.html,"10:00 PM, October 23, 2021",Portland Trail Blazers,Phoenix Suns,134,105,POR,,,Team Totals,240,51,94,.543,21,50,.420,11,17,.647,8,40,48,24,8,5,9,15,134,,,Team Totals,240,.660,.654,.532,.181,20.5,85.1,55.8,47.1,7.9,8.2,8.1,100.0,132.7,103.9,,
https://www.basketball-reference.com/boxscores/202110230SAS.html,"8:30 PM, October 23, 2021",San Antonio Spurs,Milwaukee Bucks,111,121,MIL,,,Team Totals,240,44,83,.530,15,35,.429,18,22,.818,7,37,44,21,6,5,22,15,121,,,Team Totals,240,.653,.620,.422,.265,20.0,78.7,53.7,47.7,5.8,8.3,19.2,100.0,116.2,106.6,,
https://www.basketball-reference.com/boxscores/202110230SAS.html,"8:30 PM, October 23, 2021",San Antonio Spurs,Milwaukee Bucks,111,121,SAS,,,Team Totals,240,48,99,.485,10,39,.256,5,6,.833,10,28,38,29,10,4,13,18,111,,,Team Totals,240,.546,.535,.394,.061,21.3,80.0,46.3,60.4,9.6,8.3,11.3,100.0,106.6,116.2,,
https://www.basketball-reference.com/boxscores/202110230TOR.html,"7:30 PM, October 23, 2021",Toronto Raptors,Dallas Mavericks,95,103,DAL,,,Team Totals,240,38,91,.418,14,42,.333,13,18,.722,13,37,50,24,6,6,9,22,103,,,Team Totals,240,.521,.495,.462,.198,25.5,77.1,50.5,63.2,6.4,12.5,8.3,100.0,110.5,101.9,,
https://www.basketball-reference.com/boxscores/202110230TOR.html,"7:30 PM, October 23, 2021",Toronto Raptors,Dallas Mavericks,95,103,TOR,,,Team Totals,240,34,85,.400,11,37,.297,16,23,.696,11,38,49,17,7,6,12,23,95,,,Team Totals,240,.499,.465,.435,.271,22.9,74.5,49.5,50.0,7.5,12.2,11.2,100.0,101.9,110.5,,
https://www.basketball-reference.com/boxscores/202110240BRK.html,"4:00 PM, October 24, 2021",Brooklyn Nets,Charlotte Hornets,95,111,CHO,,,Team Totals,240,43,94,.457,10,30,.333,15,19,.789,10,38,48,26,10,5,12,17,111,,,Team Totals,240,.542,.511,.319,.202,22.2,80.9,52.2,60.5,10.0,9.6,10.5,100.0,110.9,94.9,,
https://www.basketball-reference.com/boxscores/202110240BRK.html,"4:00 PM, October 24, 2021",Brooklyn Nets,Charlotte Hornets,95,111,BRK,,,Team Totals,240,38,87,.437,9,35,.257,10,12,.833,9,35,44,18,10,8,17,19,95,,,Team Totals,240,.515,.489,.402,.138,19.1,77.8,47.8,47.4,10.0,12.5,15.6,100.0,94.9,110.9,,
https://www.basketball-reference.com/boxscores/202110240HOU.html,"7:00 PM, October 24, 2021",Houston Rockets,Boston Celtics,97,107,BOS,,,Team Totals,240,38,86,.442,15,47,.319,16,20,.800,6,37,43,22,10,6,12,22,107,,,Team Totals,240,.564,.529,.547,.233,14.6,88.1,51.8,57.9,10.1,14.0,11.2,100.0,108.3,98.2,,
https://www.basketball-reference.com/boxscores/202110240HOU.html,"7:00 PM, October 24, 2021",Houston Rockets,Boston Celtics,97,107,HOU,,,Team Totals,240,32,75,.427,14,32,.438,19,24,.792,5,35,40,20,7,4,20,20,97,,,Team Totals,240,.567,.520,.427,.320,11.9,85.4,48.2,62.5,7.1,10.3,18.9,100.0,98.2,108.3,,
https://www.basketball-reference.com/boxscores/202110240LAL.html,"9:30 PM, October 24, 2021",Los Angeles Lakers,Memphis Grizzlies,121,118,MEM,,,Team Totals,240,45,100,.450,13,35,.371,15,18,.833,18,31,49,25,13,4,17,20,118,,,Team Totals,240,.547,.515,.350,.180,40.0,77.5,57.6,55.6,12.9,7.4,13.6,100.0,117.4,120.4,,
https://www.basketball-reference.com/boxscores/202110240LAL.html,"9:30 PM, October 24, 2021",Los Angeles Lakers,Memphis Grizzlies,121,118,LAL,,,Team Totals,240,45,84,.536,16,30,.533,15,22,.682,9,27,36,29,10,12,17,14,121,,,Team Totals,240,.646,.631,.357,.262,22.5,60.0,42.4,64.4,9.9,18.5,15.4,100.0,120.4,117.4,,
https://www.basketball-reference.com/boxscores/202110240NYK.html,"7:00 PM, October 24, 2021",New York Knicks,Orlando Magic,104,110,ORL,,,Team Totals,240,36,88,.409,12,43,.279,26,34,.765,10,47,57,22,7,4,13,25,110,,,Team Totals,240,.534,.477,.489,.386,21.7,74.6,52.3,61.1,6.8,7.7,11.2,100.0,106.1,100.3,,
https://www.basketball-reference.com/boxscores/202110240NYK.html,"7:00 PM, October 24, 2021",New York Knicks,Orlando Magic,104,110,NYK,,,Team Totals,240,37,100,.370,13,48,.271,17,25,.680,16,36,52,20,8,8,12,21,104,,,Team Totals,240,.468,.435,.480,.250,25.4,78.3,47.7,54.1,7.7,17.8,9.8,100.0,100.3,106.1,,
https://www.basketball-reference.com/boxscores/202110240OKC.html,"7:00 PM, October 24, 2021",Oklahoma City Thunder,Philadelphia 76ers,103,115,PHI,,,Team Totals,240,41,88,.466,17,41,.415,16,20,.800,12,35,47,25,4,9,12,17,115,,,Team Totals,240,.594,.563,.466,.227,25.0,85.4,52.8,61.0,4.2,17.0,11.0,100.0,120.3,107.8,,
https://www.basketball-reference.com/boxscores/202110240OKC.html,"7:00 PM, October 24, 2021",Oklahoma City Thunder,Philadelphia 76ers,103,115,OKC,,,Team Totals,240,40,84,.476,8,31,.258,15,19,.789,6,36,42,24,9,4,11,17,103,,,Team Totals,240,.558,.524,.369,.226,14.6,75.0,47.2,60.0,9.4,8.5,10.6,100.0,107.8,120.3,,
https://www.basketball-reference.com/boxscores/202110240SAC.html,"9:00 PM, October 24, 2021",Sacramento Kings,Golden State Warriors,107,119,GSW,,,Team Totals,240,43,97,.443,13,37,.351,20,24,.833,14,29,43,26,12,3,7,13,119,,,Team Totals,240,.553,.510,.381,.247,27.5,74.4,47.8,60.5,12.3,7.5,6.1,100.0,121.5,109.3,,
https://www.basketball-reference.com/boxscores/202110240SAC.html,"9:00 PM, October 24, 2021",Sacramento Kings,Golden State Warriors,107,119,SAC,,,Team Totals,240,42,86,.488,15,46,.326,8,13,.615,10,37,47,26,0,4,19,16,107,,,Team Totals,240,.583,.576,.535,.151,25.6,72.5,52.2,61.9,0.0,6.7,17.2,100.0,109.3,121.5,,
https://www.basketball-reference.com/boxscores/202110250ATL.html,"7:30 PM, October 25, 2021",Atlanta Hawks,Detroit Pistons,122,104,DET,,,Team Totals,240,40,91,.440,9,33,.273,15,18,.833,11,25,36,26,7,6,14,15,104,,,Team Totals,240,.526,.489,.363,.198,22.0,71.4,42.4,65.0,7.0,10.3,12.4,100.0,103.4,121.3,,
https://www.basketball-reference.com/boxscores/202110250ATL.html,"7:30 PM, October 25, 2021",Atlanta Hawks,Detroit Pistons,122,104,ATL,,,Team Totals,240,46,90,.511,12,32,.375,18,21,.857,10,39,49,24,11,3,16,19,122,,,Team Totals,240,.615,.578,.356,.233,28.6,78.0,57.6,52.2,10.9,5.2,13.9,100.0,121.3,103.4,,
https://www.basketball-reference.com/boxscores/202110250BRK.html,"7:30 PM, October 25, 2021",Brooklyn Nets,Washington Wizards,104,90,WAS,,,Team Totals,240,33,95,.347,9,39,.231,15,20,.750,10,43,53,16,5,5,12,17,90,,,Team Totals,240,.434,.395,.411,.211,17.5,86.0,49.5,48.5,4.9,8.5,10.4,100.0,87.8,101.4,,
https://www.basketball-reference.com/boxscores/202110250BRK.html,"7:30 PM, October 25, 2021",Brooklyn Nets,Washington Wizards,104,90,BRK,,,Team Totals,240,40,94,.426,10,35,.286,14,17,.824,7,47,54,23,6,4,9,19,104,,,Team Totals,240,.512,.479,.372,.181,14.0,82.5,50.5,57.5,5.9,7.1,8.1,100.0,101.4,87.8,,
https://www.basketball-reference.com/boxscores/202110250CHO.html,"7:00 PM, October 25, 2021",Charlotte Hornets,Boston Celtics,129,140,BOS,,,Team Totals,265,50,101,.495,19,50,.380,21,25,.840,11,42,53,33,8,9,12,23,140,,,Team Totals,265,.625,.589,.495,.248,22.4,75.0,50.5,66.0,7.2,15.3,9.7,100.0,125.2,115.3,,
https://www.basketball-reference.com/boxscores/202110250CHO.html,"7:00 PM, October 25, 2021",Charlotte Hornets,Boston Celtics,129,140,CHO,,,Team Totals,265,46,103,.447,19,44,.432,18,28,.643,14,38,52,26,4,6,14,25,129,,,Team Totals,265,.559,.539,.427,.272,25.0,77.6,49.5,56.5,3.6,11.8,10.8,100.0,115.3,125.2,,
https://www.basketball-reference.com/boxscores/202110250DEN.html,"9:00 PM, October 25, 2021",Denver Nuggets,Cleveland Cavaliers,87,99,CLE,,,Team Totals,240,38,82,.463,7,25,.280,16,20,.800,11,38,49,26,8,5,16,18,99,,,Team Totals,240,.545,.506,.305,.244,23.4,77.6,51.0,68.4,8.2,10.4,15.0,100.0,101.3,89.0,,
https://www.basketball-reference.com/boxscores/202110250DEN.html,"9:00 PM, October 25, 2021",Denver Nuggets,Cleveland Cavaliers,87,99,DEN,,,Team Totals,240,35,86,.407,9,38,.237,8,12,.667,11,36,47,21,10,3,22,22,87,,,Team Totals,240,.477,.459,.442,.140,22.4,76.6,49.0,60.0,10.2,5.3,19.4,100.0,89.0,101.3,,
https://www.basketball-reference.com/boxscores/202110250IND.html,"7:00 PM, October 25, 2021",Indiana Pacers,Milwaukee Bucks,109,119,MIL,,,Team Totals,240,41,85,.482,11,32,.344,26,31,.839,7,35,42,24,13,6,14,19,119,,,Team Totals,240,.603,.547,.376,.365,16.7,74.5,47.2,58.5,12.6,11.1,12.4,100.0,115.7,106.0,,
https://www.basketball-reference.com/boxscores/202110250IND.html,"7:00 PM, October 25, 2021",Indiana Pacers,Milwaukee Bucks,109,119,IND,,,Team Totals,240,40,90,.444,14,36,.389,15,17,.882,12,35,47,23,6,1,19,24,109,,,Team Totals,240,.559,.522,.400,.189,25.5,83.3,52.8,57.5,5.8,1.9,16.3,100.0,106.0,115.7,,
https://www.basketball-reference.com/boxscores/202110250LAC.html,"10:30 PM, October 25, 2021",Los Angeles Clippers,Portland Trail Blazers,116,86,POR,,,Team Totals,240,32,85,.376,8,37,.216,14,18,.778,7,40,47,15,11,4,30,18,86,,,Team Totals,240,.463,.424,.435,.212,15.6,88.9,52.2,46.9,9.8,8.0,24.4,100.0,76.4,103.0,,
https://www.basketball-reference.com/boxscores/202110250LAC.html,"10:30 PM, October 25, 2021",Los Angeles Clippers,Portland Trail Blazers,116,86,LAC,,,Team Totals,240,44,93,.473,14,43,.326,14,19,.737,5,38,43,37,21,6,17,23,116,,,Team Totals,240,.572,.548,.462,.204,11.1,84.4,47.8,84.1,18.7,12.5,14.4,100.0,103.0,76.4,,
https://www.basketball-reference.com/boxscores/202110250MIA.html,"7:30 PM, October 25, 2021",Miami Heat,Orlando Magic,107,90,ORL,,,Team Totals,240,33,81,.407,12,44,.273,12,19,.632,6,33,39,21,7,6,18,22,90,,,Team Totals,240,.504,.481,.543,.235,15.4,78.6,48.1,63.6,7.2,10.0,16.8,100.0,92.9,110.5,,
https://www.basketball-reference.com/boxscores/202110250MIA.html,"7:30 PM, October 25, 2021",Miami Heat,Orlando Magic,107,90,MIA,,,Team Totals,240,41,87,.471,6,27,.222,19,19,1.000,9,33,42,28,10,2,11,19,107,,,Team Totals,240,.561,.506,.310,.218,21.4,84.6,51.9,68.3,10.3,5.4,10.3,100.0,110.5,92.9,,
https://www.basketball-reference.com/boxscores/202110250MIN.html,"8:00 PM, October 25, 2021",Minnesota Timberwolves,New Orleans Pelicans,98,107,NOP,,,Team Totals,240,39,87,.448,10,30,.333,19,23,.826,15,45,60,19,5,5,20,20,107,,,Team Totals,240,.551,.506,.345,.264,33.3,80.4,59.4,48.7,5.0,12.5,17.1,100.0,107.8,98.8,,
https://www.basketball-reference.com/boxscores/202110250MIN.html,"8:00 PM, October 25, 2021",Minnesota Timberwolves,New Orleans Pelicans,98,107,MIN,,,Team Totals,240,31,90,.344,15,50,.300,21,27,.778,11,30,41,20,10,7,11,19,98,,,Team Totals,240,.481,.428,.556,.300,19.6,66.7,40.6,64.5,10.1,12.3,9.7,100.0,98.8,107.8,,
https://www.basketball-reference.com/boxscores/202110250TOR.html,"7:30 PM, October 25, 2021",Toronto Raptors,Chicago Bulls,108,111,CHI,,,Team Totals,240,39,81,.481,12,27,.444,21,22,.955,5,24,29,24,11,3,13,16,111,,,Team Totals,240,.612,.556,.333,.272,12.8,64.9,38.2,61.5,11.4,5.7,12.5,100.0,115.1,112.0,,
https://www.basketball-reference.com/boxscores/202110250TOR.html,"7:30 PM, October 25, 2021",Toronto Raptors,Chicago Bulls,108,111,TOR,,,Team Totals,240,40,83,.482,12,30,.400,16,20,.800,13,34,47,27,8,1,21,18,108,,,Team Totals,240,.588,.554,.361,.241,35.1,87.2,61.8,67.5,8.3,1.9,18.6,100.0,112.0,115.1,,
https://www.basketball-reference.com/boxscores/202110260DAL.html,"8:30 PM, October 26, 2021",Dallas Mavericks,Houston Rockets,116,106,HOU,,,Team Totals,240,36,86,.419,16,39,.410,18,26,.692,11,38,49,24,7,3,17,21,106,,,Team Totals,240,.544,.512,.453,.302,23.4,73.1,49.5,66.7,6.8,6.0,14.9,100.0,103.7,113.5,,
https://www.basketball-reference.com/boxscores/202110260DAL.html,"8:30 PM, October 26, 2021",Dallas Mavericks,Houston Rockets,116,106,DAL,,,Team Totals,240,43,93,.462,12,43,.279,18,25,.720,14,36,50,25,9,7,15,22,116,,,Team Totals,240,.558,.527,.462,.269,26.9,76.6,50.5,58.1,8.8,14.9,12.6,100.0,113.5,103.7,,
https://www.basketball-reference.com/boxscores/202110260NYK.html,"7:30 PM, October 26, 2021",New York Knicks,Philadelphia 76ers,112,99,PHI,,,Team Totals,240,36,82,.439,12,41,.293,15,17,.882,12,28,40,24,9,4,15,14,99,,,Team Totals,240,.553,.512,.500,.207,27.3,68.3,47.1,66.7,9.8,8.0,14.4,100.0,108.3,122.6,,
https://www.basketball-reference.com/boxscores/202110260NYK.html,"7:30 PM, October 26, 2021",New York Knicks,Philadelphia 76ers,112,99,NYK,,,Team Totals,240,41,87,.471,16,37,.432,14,15,.933,13,32,45,24,7,5,15,18,112,,,Team Totals,240,.598,.563,.425,.172,31.7,72.7,52.9,58.5,7.7,12.2,13.8,100.0,122.6,108.3,,
https://www.basketball-reference.com/boxscores/202110260OKC.html,"8:00 PM, October 26, 2021",Oklahoma City Thunder,Golden State Warriors,98,106,GSW,,,Team Totals,240,39,83,.470,14,40,.350,14,18,.778,7,39,46,30,9,8,15,20,106,,,Team Totals,240,.583,.554,.482,.217,17.5,81.3,52.3,76.9,9.3,15.4,14.2,100.0,109.4,101.2,,
https://www.basketball-reference.com/boxscores/202110260OKC.html,"8:00 PM, October 26, 2021",Oklahoma City Thunder,Golden State Warriors,98,106,OKC,,,Team Totals,240,36,86,.419,12,34,.353,14,17,.824,9,33,42,19,7,3,14,18,98,,,Team Totals,240,.524,.488,.395,.198,18.8,82.5,47.7,52.8,7.2,7.0,13.0,100.0,101.2,109.4,,
https://www.basketball-reference.com/boxscores/202110260SAS.html,"8:30 PM, October 26, 2021",San Antonio Spurs,Los Angeles Lakers,121,125,LAL,,,Team Totals,265,50,105,.476,8,30,.267,17,22,.773,9,47,56,20,8,10,13,21,125,,,Team Totals,265,.545,.514,.286,.210,17.3,74.6,48.7,40.0,6.9,13.9,10.2,100.0,107.2,103.8,,
https://www.basketball-reference.com/boxscores/202110260SAS.html,"8:30 PM, October 26, 2021",San Antonio Spurs,Los Angeles Lakers,121,125,SAS,,,Team Totals,265,48,108,.444,13,36,.361,12,22,.545,16,43,59,33,10,6,16,22,121,,,Team Totals,265,.514,.505,.333,.204,25.4,82.7,51.3,68.8,8.6,8.0,12.0,100.0,103.8,107.2,,
https://www.basketball-reference.com/boxscores/202110260UTA.html,"10:00 PM, October 26, 2021",Utah Jazz,Denver Nuggets,122,110,DEN,,,Team Totals,240,42,83,.506,10,28,.357,16,24,.667,5,30,35,19,9,3,13,23,110,,,Team Totals,240,.588,.566,.337,.289,13.2,78.9,46.1,45.2,8.9,6.5,12.2,100.0,109.3,121.3,,
https://www.basketball-reference.com/boxscores/202110260UTA.html,"10:00 PM, October 26, 2021",Utah Jazz,Denver Nuggets,122,110,UTA,,,Team Totals,240,44,85,.518,12,39,.308,22,29,.759,8,33,41,20,5,6,14,22,122,,,Team Totals,240,.624,.588,.459,.341,21.1,86.8,53.9,45.5,5.0,10.9,12.5,100.0,121.3,109.3,,
https://www.basketball-reference.com/boxscores/202110270BOS.html,"7:30 PM, October 27, 2021",Boston Celtics,Washington Wizards,107,116,WAS,,,Team Totals,240,43,84,.512,9,25,.360,21,29,.724,11,36,47,18,8,7,16,20,116,,,Team Totals,240,.599,.565,.298,.345,28.9,78.3,56.0,41.9,8.1,12.5,14.2,100.0,117.8,108.7,,
https://www.basketball-reference.com/boxscores/202110270BOS.html,"7:30 PM, October 27, 2021",Boston Celtics,Washington Wizards,107,116,BOS,,,Team Totals,240,37,85,.435,10,29,.345,23,28,.821,10,27,37,18,9,5,13,21,107,,,Team Totals,240,.550,.494,.341,.329,21.7,71.1,44.0,48.6,9.1,8.5,11.8,100.0,108.7,117.8,,
https://www.basketball-reference.com/boxscores/202110270BRK.html,"7:30 PM, October 27, 2021",Brooklyn Nets,Miami Heat,93,106,MIA,,,Team Totals,240,38,96,.396,8,29,.276,22,26,.846,17,45,62,21,6,2,15,19,106,,,Team Totals,240,.493,.438,.302,.271,30.9,91.8,59.6,55.3,5.9,4.8,12.3,100.0,103.8,91.1,,
https://www.basketball-reference.com/boxscores/202110270BRK.html,"7:30 PM, October 27, 2021",Brooklyn Nets,Miami Heat,93,106,BRK,,,Team Totals,240,33,85,.388,14,43,.326,13,14,.929,4,38,42,21,7,7,16,24,93,,,Team Totals,240,.510,.471,.506,.165,8.2,69.1,40.4,63.6,6.9,10.4,14.9,100.0,91.1,103.8,,
https://www.basketball-reference.com/boxscores/202110270LAC.html,"10:30 PM, October 27, 2021",Los Angeles Clippers,Cleveland Cavaliers,79,92,CLE,,,Team Totals,240,33,81,.407,3,20,.150,23,27,.852,14,43,57,12,9,3,21,14,92,,,Team Totals,240,.495,.426,.247,.333,34.1,82.7,61.3,36.4,9.4,6.5,18.4,100.0,96.3,82.7,,
https://www.basketball-reference.com/boxscores/202110270LAC.html,"10:30 PM, October 27, 2021",Los Angeles Clippers,Cleveland Cavaliers,79,92,LAC,,,Team Totals,240,31,87,.356,9,41,.220,8,13,.615,9,27,36,19,13,2,14,24,79,,,Team Totals,240,.426,.408,.471,.149,17.3,65.9,38.7,61.3,13.6,3.3,13.1,100.0,82.7,96.3,,
https://www.basketball-reference.com/boxscores/202110270MIL.html,"8:00 PM, October 27, 2021",Milwaukee Bucks,Minnesota Timberwolves,108,113,MIN,,,Team Totals,240,43,91,.473,13,45,.289,14,17,.824,10,39,49,29,5,4,17,20,113,,,Team Totals,240,.574,.544,.495,.187,25.0,75.0,53.3,67.4,5.0,9.1,14.7,100.0,113.4,108.3,,
https://www.basketball-reference.com/boxscores/202110270MIL.html,"8:00 PM, October 27, 2021",Milwaukee Bucks,Minnesota Timberwolves,108,113,MIL,,,Team Totals,240,39,95,.411,14,51,.275,16,21,.762,13,30,43,22,10,3,9,18,108,,,Team Totals,240,.518,.484,.537,.221,25.0,75.0,46.7,56.4,10.0,6.5,7.9,100.0,108.3,113.4,,
https://www.basketball-reference.com/boxscores/202110270NOP.html,"7:30 PM, October 27, 2021",New Orleans Pelicans,Atlanta Hawks,99,102,ATL,,,Team Totals,240,40,96,.417,8,30,.267,14,17,.824,21,34,55,21,4,4,11,14,102,,,Team Totals,240,.493,.458,.313,.177,37.5,79.1,55.6,52.5,4.3,7.0,9.6,100.0,109.6,106.4,,
https://www.basketball-reference.com/boxscores/202110270NOP.html,"7:30 PM, October 27, 2021",New Orleans Pelicans,Atlanta Hawks,99,102,NOP,,,Team Totals,240,40,93,.430,11,36,.306,8,9,.889,9,35,44,24,5,6,10,19,99,,,Team Totals,240,.511,.489,.387,.097,20.9,62.5,44.4,60.0,5.4,9.1,9.3,100.0,106.4,109.6,,
https://www.basketball-reference.com/boxscores/202110270OKC.html,"8:00 PM, October 27, 2021",Oklahoma City Thunder,Los Angeles Lakers,123,115,LAL,,,Team Totals,240,46,92,.500,11,35,.314,12,14,.857,10,30,40,29,8,2,17,22,115,,,Team Totals,240,.586,.560,.380,.152,23.8,75.0,48.8,63.0,7.8,4.1,14.8,100.0,112.2,120.0,,
https://www.basketball-reference.com/boxscores/202110270OKC.html,"8:00 PM, October 27, 2021",Oklahoma City Thunder,Los Angeles Lakers,123,115,OKC,,,Team Totals,240,43,86,.500,15,37,.405,22,29,.759,10,32,42,21,8,3,16,16,123,,,Team Totals,240,.623,.587,.430,.337,25.0,76.2,51.2,48.8,7.8,5.3,13.9,100.0,120.0,112.2,,
https://www.basketball-reference.com/boxscores/202110270ORL.html,"7:00 PM, October 27, 2021",Orlando Magic,Charlotte Hornets,111,120,CHO,,,Team Totals,240,43,83,.518,14,30,.467,20,24,.833,10,30,40,22,14,4,17,14,120,,,Team Totals,240,.641,.602,.361,.289,28.6,78.9,54.8,51.2,14.0,8.3,15.4,100.0,120.3,111.3,,
https://www.basketball-reference.com/boxscores/202110270ORL.html,"7:00 PM, October 27, 2021",Orlando Magic,Charlotte Hornets,111,120,ORL,,,Team Totals,240,43,88,.489,15,40,.375,10,13,.769,8,25,33,22,6,2,19,21,111,,,Team Totals,240,.592,.574,.455,.148,21.1,71.4,45.2,51.2,6.0,3.8,16.9,100.0,111.3,120.3,,
https://www.basketball-reference.com/boxscores/202110270PHO.html,"10:00 PM, October 27, 2021",Phoenix Suns,Sacramento Kings,107,110,SAC,,,Team Totals,240,42,95,.442,15,38,.395,11,15,.733,8,32,40,28,7,6,12,20,110,,,Team Totals,240,.541,.521,.400,.158,16.0,69.6,41.7,66.7,7.0,8.5,10.6,100.0,109.5,106.5,,
https://www.basketball-reference.com/boxscores/202110270PHO.html,"10:00 PM, October 27, 2021",Phoenix Suns,Sacramento Kings,107,110,PHO,,,Team Totals,240,42,93,.452,6,22,.273,17,24,.708,14,42,56,23,6,6,11,16,107,,,Team Totals,240,.517,.484,.237,.258,30.4,84.0,58.3,54.8,6.0,10.5,9.6,100.0,106.5,109.5,,
https://www.basketball-reference.com/boxscores/202110270POR.html,"10:00 PM, October 27, 2021",Portland Trail Blazers,Memphis Grizzlies,116,96,MEM,,,Team Totals,240,35,96,.365,17,50,.340,9,19,.474,21,29,50,27,9,3,22,25,96,,,Team Totals,240,.460,.453,.521,.198,37.5,69.0,51.0,77.1,9.2,6.3,17.4,100.0,97.7,118.0,,
https://www.basketball-reference.com/boxscores/202110270POR.html,"10:00 PM, October 27, 2021",Portland Trail Blazers,Memphis Grizzlies,116,96,POR,,,Team Totals,240,39,84,.464,15,36,.417,23,31,.742,13,35,48,22,11,6,14,20,116,,,Team Totals,240,.594,.554,.429,.369,31.0,62.5,49.0,56.4,11.2,13.0,12.5,100.0,118.0,97.7,,
https://www.basketball-reference.com/boxscores/202110270TOR.html,"7:30 PM, October 27, 2021",Toronto Raptors,Indiana Pacers,118,100,IND,,,Team Totals,240,38,79,.481,10,29,.345,14,17,.824,9,31,40,19,6,7,23,19,100,,,Team Totals,240,.578,.544,.367,.215,26.5,66.0,49.4,50.0,6.1,10.0,21.0,100.0,101.5,119.7,,
https://www.basketball-reference.com/boxscores/202110270TOR.html,"7:30 PM, October 27, 2021",Toronto Raptors,Indiana Pacers,118,100,TOR,,,Team Totals,240,46,100,.460,14,30,.467,12,19,.632,16,25,41,22,18,6,12,20,118,,,Team Totals,240,.544,.530,.300,.190,34.0,73.5,50.6,47.8,18.3,12.0,10.0,100.0,119.7,101.5,,
https://www.basketball-reference.com/boxscores/202110280CHI.html,"8:00 PM, October 28, 2021",Chicago Bulls,New York Knicks,103,104,NYK,,,Team Totals,240,39,85,.459,11,29,.379,15,20,.750,11,38,49,16,5,7,13,21,104,,,Team Totals,240,.554,.524,.341,.235,25.6,88.4,57.0,41.0,5.3,13.5,12.2,100.0,111.1,110.0,,
https://www.basketball-reference.com/boxscores/202110280CHI.html,"8:00 PM, October 28, 2021",Chicago Bulls,New York Knicks,103,104,CHI,,,Team Totals,240,36,84,.429,11,32,.344,20,22,.909,5,32,37,25,6,5,7,18,103,,,Team Totals,240,.550,.494,.381,.262,11.6,74.4,43.0,69.4,6.4,8.9,7.0,100.0,110.0,111.1,,
https://www.basketball-reference.com/boxscores/202110280DAL.html,"8:30 PM, October 28, 2021",Dallas Mavericks,San Antonio Spurs,104,99,SAS,,,Team Totals,240,39,88,.443,12,30,.400,9,15,.600,11,37,48,21,6,11,15,16,99,,,Team Totals,240,.523,.511,.341,.170,23.4,80.4,51.6,53.8,6.2,25.0,13.7,100.0,102.1,107.3,,
https://www.basketball-reference.com/boxscores/202110280DAL.html,"8:30 PM, October 28, 2021",Dallas Mavericks,San Antonio Spurs,104,99,DAL,,,Team Totals,240,41,89,.461,18,45,.400,4,13,.308,9,36,45,18,4,7,13,19,104,,,Team Totals,240,.549,.562,.506,.146,19.6,76.6,48.4,43.9,4.1,12.1,12.1,100.0,107.3,102.1,,
https://www.basketball-reference.com/boxscores/202110280GSW.html,"10:00 PM, October 28, 2021",Golden State Warriors,Memphis Grizzlies,101,104,MEM,,,Team Totals,265,39,97,.402,12,48,.250,14,14,1.000,10,41,51,25,17,9,18,14,104,,,Team Totals,265,.504,.464,.495,.144,19.6,85.4,51.5,64.1,15.6,18.0,14.9,100.0,95.3,92.5,,
https://www.basketball-reference.com/boxscores/202110280GSW.html,"10:00 PM, October 28, 2021",Golden State Warriors,Memphis Grizzlies,101,104,GSW,,,Team Totals,265,39,90,.433,14,40,.350,9,12,.750,7,41,48,29,8,7,23,17,101,,,Team Totals,265,.530,.511,.444,.133,14.6,80.4,48.5,74.4,7.3,14.3,19.4,100.0,92.5,95.3,,
https://www.basketball-reference.com/boxscores/202110280HOU.html,"8:00 PM, October 28, 2021",Houston Rockets,Utah Jazz,91,122,UTA,,,Team Totals,240,41,85,.482,16,46,.348,24,30,.800,10,48,58,24,8,4,20,23,122,,,Team Totals,240,.621,.576,.541,.353,26.3,78.7,58.6,58.5,7.8,7.8,16.9,100.0,118.9,88.7,,
https://www.basketball-reference.com/boxscores/202110280HOU.html,"8:00 PM, October 28, 2021",Houston Rockets,Utah Jazz,91,122,HOU,,,Team Totals,240,31,95,.326,9,44,.205,20,23,.870,13,28,41,15,8,3,11,24,91,,,Team Totals,240,.433,.374,.463,.242,21.3,73.7,41.4,48.4,7.8,7.7,9.5,100.0,88.7,118.9,,
https://www.basketball-reference.com/boxscores/202110280PHI.html,"7:00 PM, October 28, 2021",Philadelphia 76ers,Detroit Pistons,110,102,DET,,,Team Totals,240,35,86,.407,13,39,.333,19,27,.704,10,27,37,22,11,4,14,22,102,,,Team Totals,240,.521,.483,.453,.314,20.0,81.8,44.6,62.9,11.1,8.2,12.5,100.0,102.5,110.5,,
https://www.basketball-reference.com/boxscores/202110280PHI.html,"7:00 PM, October 28, 2021",Philadelphia 76ers,Detroit Pistons,110,102,PHI,,,Team Totals,240,38,76,.500,12,27,.444,22,24,.917,6,40,46,22,7,9,21,23,110,,,Team Totals,240,.635,.579,.355,.316,18.2,80.0,55.4,57.9,7.0,19.1,19.5,100.0,110.5,102.5,,
https://www.basketball-reference.com/boxscores/202110280WAS.html,"7:00 PM, October 28, 2021",Washington Wizards,Atlanta Hawks,122,111,ATL,,,Team Totals,240,48,88,.545,6,21,.286,9,14,.643,6,37,43,26,4,3,13,16,111,,,Team Totals,240,.589,.580,.239,.159,14.0,72.5,45.7,54.2,4.0,4.6,12.1,100.0,110.2,121.1,,
https://www.basketball-reference.com/boxscores/202110280WAS.html,"7:00 PM, October 28, 2021",Washington Wizards,Atlanta Hawks,122,111,WAS,,,Team Totals,240,46,99,.465,13,34,.382,17,21,.810,14,37,51,26,6,4,9,16,122,,,Team Totals,240,.564,.530,.343,.212,27.5,86.0,54.3,56.5,6.0,6.0,7.7,100.0,121.1,110.2,,
https://www.basketball-reference.com/boxscores/202110290BRK.html,"7:30 PM, October 29, 2021",Brooklyn Nets,Indiana Pacers,105,98,IND,,,Team Totals,240,37,93,.398,8,29,.276,16,23,.696,11,35,46,20,9,7,14,27,98,,,Team Totals,240,.475,.441,.312,.247,21.6,77.8,47.9,54.1,8.8,14.0,12.0,100.0,96.2,103.1,,
https://www.basketball-reference.com/boxscores/202110290BRK.html,"7:30 PM, October 29, 2021",Brooklyn Nets,Indiana Pacers,105,98,BRK,,,Team Totals,240,34,76,.447,6,26,.231,31,41,.756,10,40,50,20,9,6,18,21,105,,,Team Totals,240,.558,.487,.342,.539,22.2,78.4,52.1,58.8,8.8,9.4,16.1,100.0,103.1,96.2,,
https://www.basketball-reference.com/boxscores/202110290DEN.html,"10:00 PM, October 29, 2021",Denver Nuggets,Dallas Mavericks,106,75,DAL,,,Team Totals,240,23,78,.295,8,37,.216,21,27,.778,6,30,36,14,8,3,15,17,75,,,Team Totals,240,.417,.346,.474,.346,11.5,85.7,41.4,60.9,8.0,6.4,14.3,100.0,75.3,106.5,,
https://www.basketball-reference.com/boxscores/202110290DEN.html,"10:00 PM, October 29, 2021",Denver Nuggets,Dallas Mavericks,106,75,DEN,,,Team Totals,240,43,83,.518,11,36,.306,9,13,.692,5,46,51,28,8,3,20,24,106,,,Team Totals,240,.597,.584,.434,.157,14.3,88.5,58.6,65.1,8.0,7.3,18.4,100.0,106.5,75.3,,
https://www.basketball-reference.com/boxscores/202110290LAL.html,"10:30 PM, October 29, 2021",Los Angeles Lakers,Cleveland Cavaliers,113,101,CLE,,,Team Totals,240,37,87,.425,12,34,.353,15,22,.682,16,20,36,28,10,1,15,13,101,,,Team Totals,240,.522,.494,.391,.253,34.0,64.5,46.2,75.7,10.6,1.8,13.4,100.0,107.4,120.1,,
https://www.basketball-reference.com/boxscores/202110290LAL.html,"10:30 PM, October 29, 2021",Los Angeles Lakers,Cleveland Cavaliers,113,101,LAL,,,Team Totals,240,46,84,.548,12,27,.444,9,10,.900,11,31,42,24,9,6,22,20,113,,,Team Totals,240,.639,.619,.321,.119,35.5,66.0,53.8,52.2,9.6,11.3,19.9,100.0,120.1,107.4,,
https://www.basketball-reference.com/boxscores/202110290MIA.html,"7:30 PM, October 29, 2021",Miami Heat,Charlotte Hornets,114,99,CHO,,,Team Totals,240,35,90,.389,13,37,.351,16,22,.727,11,26,37,21,8,6,11,17,99,,,Team Totals,240,.497,.461,.411,.244,20.0,61.9,38.1,60.0,8.2,10.7,9.9,100.0,101.5,116.9,,
https://www.basketball-reference.com/boxscores/202110290MIA.html,"7:30 PM, October 29, 2021",Miami Heat,Charlotte Hornets,114,99,MIA,,,Team Totals,240,43,91,.473,9,35,.257,19,19,1.000,16,44,60,23,6,3,18,20,114,,,Team Totals,240,.574,.522,.385,.209,38.1,80.0,61.9,53.5,6.2,5.7,15.3,100.0,116.9,101.5,,
https://www.basketball-reference.com/boxscores/202110290NOP.html,"8:00 PM, October 29, 2021",New Orleans Pelicans,Sacramento Kings,109,113,SAC,,,Team Totals,240,40,80,.500,9,27,.333,24,25,.960,3,42,45,19,4,5,14,20,113,,,Team Totals,240,.621,.556,.338,.313,7.7,76.4,47.9,47.5,3.9,7.8,13.3,100.0,110.5,106.6,,
https://www.basketball-reference.com/boxscores/202110290NOP.html,"8:00 PM, October 29, 2021",New Orleans Pelicans,Sacramento Kings,109,113,NOP,,,Team Totals,240,42,98,.429,9,34,.265,16,25,.640,13,36,49,18,9,6,10,22,109,,,Team Totals,240,.500,.474,.347,.255,23.6,92.3,52.1,42.9,8.8,11.3,8.4,100.0,106.6,110.5,,
https://www.basketball-reference.com/boxscores/202110290POR.html,"10:00 PM, October 29, 2021",Portland Trail Blazers,Los Angeles Clippers,111,92,LAC,,,Team Totals,240,34,87,.391,15,42,.357,9,16,.563,6,37,43,17,7,5,13,14,92,,,Team Totals,240,.489,.477,.483,.184,11.3,69.8,40.6,50.0,7.0,8.8,12.1,100.0,92.0,111.0,,
https://www.basketball-reference.com/boxscores/202110290POR.html,"10:00 PM, October 29, 2021",Portland Trail Blazers,Los Angeles Clippers,111,92,POR,,,Team Totals,240,41,98,.418,19,41,.463,10,16,.625,16,47,63,21,8,6,14,19,111,,,Team Totals,240,.528,.515,.418,.163,30.2,88.7,59.4,51.2,8.0,13.3,11.8,100.0,111.0,92.0,,
https://www.basketball-reference.com/boxscores/202110290TOR.html,"7:00 PM, October 29, 2021",Toronto Raptors,Orlando Magic,110,109,ORL,,,Team Totals,240,41,87,.471,16,34,.471,11,16,.688,12,34,46,24,1,5,17,24,109,,,Team Totals,240,.580,.563,.391,.184,27.9,79.1,53.5,58.5,1.1,8.9,15.3,100.0,114.8,115.9,,
https://www.basketball-reference.com/boxscores/202110290TOR.html,"7:00 PM, October 29, 2021",Toronto Raptors,Orlando Magic,110,109,TOR,,,Team Totals,240,43,86,.500,9,30,.300,15,22,.682,9,31,40,18,11,2,8,18,110,,,Team Totals,240,.575,.552,.349,.256,20.9,72.1,46.5,41.9,11.6,3.8,7.7,100.0,115.9,114.8,,
https://www.basketball-reference.com/boxscores/202110300CHI.html,"8:00 PM, October 30, 2021",Chicago Bulls,Utah Jazz,107,99,UTA,,,Team Totals,240,35,92,.380,11,38,.289,18,19,.947,14,40,54,15,5,7,20,21,99,,,Team Totals,240,.493,.440,.413,.207,28.0,81.6,54.5,42.9,4.9,10.0,16.6,100.0,96.9,104.7,,
https://www.basketball-reference.com/boxscores/202110300CHI.html,"8:00 PM, October 30, 2021",Chicago Bulls,Utah Jazz,107,99,CHI,,,Team Totals,240,39,91,.429,5,21,.238,24,30,.800,9,36,45,16,8,5,9,19,107,,,Team Totals,240,.513,.456,.231,.330,18.4,72.0,45.5,41.0,7.8,9.3,8.0,100.0,104.7,96.9,,
https://www.basketball-reference.com/boxscores/202110300DET.html,"7:00 PM, October 30, 2021",Detroit Pistons,Orlando Magic,110,103,ORL,,,Team Totals,240,38,87,.437,16,32,.500,11,15,.733,12,34,46,21,5,6,18,21,103,,,Team Totals,240,.550,.529,.368,.172,27.9,66.7,48.9,55.3,5.1,13.0,16.1,100.0,105.9,113.1,,
https://www.basketball-reference.com/boxscores/202110300DET.html,"7:00 PM, October 30, 2021",Detroit Pistons,Orlando Magic,110,103,DET,,,Team Totals,240,36,89,.404,14,43,.326,24,30,.800,17,31,48,26,12,6,16,18,110,,,Team Totals,240,.538,.483,.483,.337,33.3,72.1,51.1,72.2,12.3,10.9,13.5,100.0,113.1,105.9,,
https://www.basketball-reference.com/boxscores/202110300GSW.html,"8:30 PM, October 30, 2021",Golden State Warriors,Oklahoma City Thunder,103,82,OKC,,,Team Totals,240,29,83,.349,8,39,.205,16,21,.762,3,42,45,14,8,6,16,8,82,,,Team Totals,240,.444,.398,.470,.253,6.1,80.8,44.6,48.3,7.8,15.8,14.8,100.0,80.3,100.9,,
https://www.basketball-reference.com/boxscores/202110300GSW.html,"8:30 PM, October 30, 2021",Golden State Warriors,Oklahoma City Thunder,103,82,GSW,,,Team Totals,240,39,92,.424,21,54,.389,4,8,.500,10,46,56,30,9,8,16,21,103,,,Team Totals,240,.539,.538,.587,.087,19.2,93.9,55.4,76.9,8.8,18.2,14.3,100.0,100.9,80.3,,
https://www.basketball-reference.com/boxscores/202110300IND.html,"7:30 PM, October 30, 2021",Indiana Pacers,Toronto Raptors,94,97,TOR,,,Team Totals,240,39,92,.424,11,32,.344,8,12,.667,12,36,48,18,8,4,18,17,97,,,Team Totals,240,.499,.484,.348,.130,27.3,81.8,54.5,46.2,8.1,10.5,15.6,100.0,98.1,95.1,,
https://www.basketball-reference.com/boxscores/202110300IND.html,"7:30 PM, October 30, 2021",Indiana Pacers,Toronto Raptors,94,97,IND,,,Team Totals,240,35,81,.432,13,43,.302,11,16,.688,8,32,40,25,8,10,20,17,94,,,Team Totals,240,.534,.512,.531,.198,18.2,72.7,45.5,71.4,8.1,16.7,18.5,100.0,95.1,98.1,,
https://www.basketball-reference.com/boxscores/202110300MEM.html,"8:00 PM, October 30, 2021",Memphis Grizzlies,Miami Heat,103,129,MIA,,,Team Totals,240,46,88,.523,21,37,.568,16,19,.842,11,39,50,31,12,2,18,17,129,,,Team Totals,240,.669,.642,.420,.216,31.4,83.0,61.0,67.4,12.0,5.3,15.7,100.0,129.0,103.0,,
https://www.basketball-reference.com/boxscores/202110300MEM.html,"8:00 PM, October 30, 2021",Memphis Grizzlies,Miami Heat,103,129,MEM,,,Team Totals,240,34,88,.386,16,50,.320,19,21,.905,8,24,32,26,14,7,14,17,103,,,Team Totals,240,.530,.477,.568,.239,17.0,68.6,39.0,76.5,14.0,13.7,12.6,100.0,103.0,129.0,,
https://www.basketball-reference.com/boxscores/202110300MIL.html,"8:00 PM, October 30, 2021",Milwaukee Bucks,San Antonio Spurs,93,102,SAS,,,Team Totals,240,39,95,.411,7,31,.226,17,24,.708,8,41,49,28,12,3,10,13,102,,,Team Totals,240,.483,.447,.326,.253,15.7,82.0,48.5,71.8,11.4,6.0,8.7,100.0,96.5,88.0,,
https://www.basketball-reference.com/boxscores/202110300MIL.html,"8:00 PM, October 30, 2021",Milwaukee Bucks,San Antonio Spurs,93,102,MIL,,,Team Totals,240,36,89,.404,10,39,.256,11,16,.688,9,43,52,20,6,2,21,18,93,,,Team Totals,240,.484,.461,.438,.180,18.0,84.3,51.5,55.6,5.7,3.1,17.9,100.0,88.0,96.5,,
https://www.basketball-reference.com/boxscores/202110300MIN.html,"9:00 PM, October 30, 2021",Minnesota Timberwolves,Denver Nuggets,91,93,DEN,,,Team Totals,240,36,88,.409,9,37,.243,12,16,.750,14,34,48,24,11,10,18,15,93,,,Team Totals,240,.489,.460,.420,.182,31.1,69.4,51.1,66.7,11.6,20.8,15.9,100.0,97.9,95.8,,
https://www.basketball-reference.com/boxscores/202110300MIN.html,"9:00 PM, October 30, 2021",Minnesota Timberwolves,Denver Nuggets,91,93,MIN,,,Team Totals,240,35,89,.393,13,41,.317,8,9,.889,15,31,46,21,8,6,20,23,91,,,Team Totals,240,.489,.466,.461,.101,30.6,68.9,48.9,60.0,8.4,11.8,17.7,100.0,95.8,97.9,,
https://www.basketball-reference.com/boxscores/202110300NOP.html,"7:00 PM, October 30, 2021",New Orleans Pelicans,New York Knicks,117,123,NYK,,,Team Totals,240,42,81,.519,19,33,.576,20,25,.800,5,32,37,22,7,4,12,21,123,,,Team Totals,240,.668,.636,.407,.309,13.9,72.7,46.3,52.4,7.1,6.8,11.5,100.0,125.4,119.3,,
https://www.basketball-reference.com/boxscores/202110300NOP.html,"7:00 PM, October 30, 2021",New Orleans Pelicans,New York Knicks,117,123,NOP,,,Team Totals,240,42,92,.457,11,33,.333,22,24,.917,12,31,43,30,7,3,12,24,117,,,Team Totals,240,.570,.516,.359,.261,27.3,86.1,53.8,71.4,7.1,6.3,10.5,100.0,119.3,125.4,,
https://www.basketball-reference.com/boxscores/202110300PHI.html,"7:30 PM, October 30, 2021",Philadelphia 76ers,Atlanta Hawks,122,94,ATL,,,Team Totals,240,36,95,.379,8,22,.364,14,19,.737,20,29,49,24,6,1,19,17,94,,,Team Totals,240,.455,.421,.232,.200,38.5,85.3,57.0,66.7,6.1,2.1,15.5,100.0,95.6,124.1,,
https://www.basketball-reference.com/boxscores/202110300PHI.html,"7:30 PM, October 30, 2021",Philadelphia 76ers,Atlanta Hawks,122,94,PHI,,,Team Totals,240,46,86,.535,12,38,.316,18,19,.947,5,32,37,24,11,6,12,24,122,,,Team Totals,240,.646,.605,.442,.221,14.7,61.5,43.0,52.2,11.2,8.2,11.3,100.0,124.1,95.6,,
https://www.basketball-reference.com/boxscores/202110300PHO.html,"10:00 PM, October 30, 2021",Phoenix Suns,Cleveland Cavaliers,101,92,CLE,,,Team Totals,240,36,91,.396,14,44,.318,6,7,.857,10,37,47,21,8,3,19,21,92,,,Team Totals,240,.489,.473,.484,.077,18.5,82.2,47.5,58.3,7.9,5.2,16.8,100.0,90.6,99.4,,
https://www.basketball-reference.com/boxscores/202110300PHO.html,"10:00 PM, October 30, 2021",Phoenix Suns,Cleveland Cavaliers,101,92,PHO,,,Team Totals,240,39,84,.464,6,26,.231,17,27,.630,8,44,52,27,12,3,15,14,101,,,Team Totals,240,.527,.500,.310,.321,17.8,81.5,52.5,69.2,11.8,6.4,13.5,100.0,99.4,90.6,,
https://www.basketball-reference.com/boxscores/202110300WAS.html,"5:00 PM, October 30, 2021",Washington Wizards,Boston Celtics,115,112,BOS,,,Team Totals,290,44,107,.411,2,26,.077,22,25,.880,8,46,54,23,8,10,12,32,112,,,Team Totals,290,.475,.421,.243,.234,13.8,79.3,46.6,52.3,6.8,14.7,9.2,100.0,94.7,97.3,,
https://www.basketball-reference.com/boxscores/202110300WAS.html,"5:00 PM, October 30, 2021",Washington Wizards,Boston Celtics,115,112,WAS,,,Team Totals,290,38,104,.365,10,36,.278,29,36,.806,12,50,62,19,6,7,13,22,115,,,Team Totals,290,.480,.413,.346,.346,20.7,86.2,53.4,50.0,5.1,8.6,9.8,100.0,97.3,94.7,,
https://www.basketball-reference.com/boxscores/202110310BRK.html,"7:30 PM, October 31, 2021",Brooklyn Nets,Detroit Pistons,117,91,DET,,,Team Totals,240,32,79,.405,12,33,.364,15,22,.682,7,22,29,21,12,3,15,18,91,,,Team Totals,240,.513,.481,.418,.278,15.2,91.7,41.4,65.6,12.5,6.4,14.5,100.0,95.1,122.3,,
https://www.basketball-reference.com/boxscores/202110310BRK.html,"7:30 PM, October 31, 2021",Brooklyn Nets,Detroit Pistons,117,91,BRK,,,Team Totals,240,47,72,.653,13,25,.520,10,16,.625,2,39,41,30,7,2,20,19,117,,,Team Totals,240,.740,.743,.347,.222,8.3,84.8,58.6,63.8,7.3,4.3,20.2,100.0,122.3,95.1,,
https://www.basketball-reference.com/boxscores/202110310CHO.html,"7:00 PM, October 31, 2021",Charlotte Hornets,Portland Trail Blazers,125,113,POR,,,Team Totals,240,43,97,.443,17,54,.315,10,11,.909,15,32,47,30,4,5,12,18,113,,,Team Totals,240,.555,.531,.557,.113,30.6,76.2,51.6,69.8,4.2,10.6,10.5,100.0,118.2,130.8,,
https://www.basketball-reference.com/boxscores/202110310CHO.html,"7:00 PM, October 31, 2021",Charlotte Hornets,Portland Trail Blazers,125,113,CHO,,,Team Totals,240,46,89,.517,20,42,.476,13,21,.619,10,34,44,36,4,6,9,18,125,,,Team Totals,240,.636,.629,.472,.236,23.8,69.4,48.4,78.3,4.2,14.0,8.4,100.0,130.8,118.2,,
https://www.basketball-reference.com/boxscores/202110310DAL.html,"3:30 PM, October 31, 2021",Dallas Mavericks,Sacramento Kings,105,99,SAC,,,Team Totals,240,38,96,.396,7,36,.194,16,20,.800,17,39,56,20,6,3,13,19,99,,,Team Totals,240,.472,.432,.375,.208,32.7,79.6,55.4,52.6,6.2,5.7,11.0,100.0,102.2,108.4,,
https://www.basketball-reference.com/boxscores/202110310DAL.html,"3:30 PM, October 31, 2021",Dallas Mavericks,Sacramento Kings,105,99,DAL,,,Team Totals,240,40,90,.444,12,37,.324,13,20,.650,10,35,45,24,8,4,10,20,105,,,Team Totals,240,.531,.511,.411,.222,20.4,67.3,44.6,60.0,8.3,6.7,9.2,100.0,108.4,102.2,,
https://www.basketball-reference.com/boxscores/202110310LAL.html,"10:30 PM, October 31, 2021",Los Angeles Lakers,Houston Rockets,95,85,HOU,,,Team Totals,240,32,76,.421,6,28,.214,15,29,.517,10,45,55,18,8,3,27,18,85,,,Team Totals,240,.479,.461,.368,.382,23.3,81.8,56.1,56.3,7.7,4.6,23.3,100.0,81.8,91.5,,
https://www.basketball-reference.com/boxscores/202110310LAL.html,"10:30 PM, October 31, 2021",Los Angeles Lakers,Houston Rockets,95,85,LAL,,,Team Totals,240,39,96,.406,9,31,.290,8,13,.615,10,33,43,22,15,9,14,20,95,,,Team Totals,240,.467,.453,.323,.135,18.2,76.7,43.9,56.4,14.4,18.8,12.1,100.0,91.5,81.8,,
https://www.basketball-reference.com/boxscores/202110310MIL.html,"7:00 PM, October 31, 2021",Milwaukee Bucks,Utah Jazz,95,107,UTA,,,Team Totals,240,35,75,.467,12,37,.324,25,27,.926,7,37,44,13,6,10,13,10,107,,,Team Totals,240,.616,.547,.493,.360,18.4,74.0,50.0,37.1,6.5,18.2,13.0,100.0,116.0,103.0,,
https://www.basketball-reference.com/boxscores/202110310MIL.html,"7:00 PM, October 31, 2021",Milwaukee Bucks,Utah Jazz,95,107,MIL,,,Team Totals,240,39,96,.406,12,41,.293,5,6,.833,13,31,44,16,7,3,11,22,95,,,Team Totals,240,.482,.469,.427,.063,26.0,81.6,50.0,41.0,7.6,7.9,10.0,100.0,103.0,116.0,,
https://www.basketball-reference.com/boxscores/202111010ATL.html,"7:30 PM, November 1, 2021",Atlanta Hawks,Washington Wizards,118,111,WAS,,,Team Totals,240,41,86,.477,13,39,.333,16,16,1.000,7,29,36,27,7,4,12,24,111,,,Team Totals,240,.597,.552,.453,.186,17.1,69.0,43.4,65.9,7.5,8.2,11.4,100.0,118.8,126.3,,
https://www.basketball-reference.com/boxscores/202111010ATL.html,"7:30 PM, November 1, 2021",Atlanta Hawks,Washington Wizards,118,111,ATL,,,Team Totals,240,38,83,.458,13,34,.382,29,29,1.000,13,34,47,24,9,5,11,17,118,,,Team Totals,240,.616,.536,.410,.349,31.0,82.9,56.6,63.2,9.6,10.6,10.3,100.0,126.3,118.8,,
https://www.basketball-reference.com/boxscores/202111010BOS.html,"7:30 PM, November 1, 2021",Boston Celtics,Chicago Bulls,114,128,CHI,,,Team Totals,240,49,86,.570,13,31,.419,17,18,.944,10,40,50,30,7,8,18,19,128,,,Team Totals,240,.681,.645,.360,.209,28.6,75.5,56.8,61.2,7.0,12.7,16.1,100.0,128.8,114.7,,
https://www.basketball-reference.com/boxscores/202111010BOS.html,"7:30 PM, November 1, 2021",Boston Celtics,Chicago Bulls,114,128,BOS,,,Team Totals,240,42,96,.438,15,33,.455,15,20,.750,13,25,38,20,10,1,9,15,114,,,Team Totals,240,.544,.516,.344,.208,24.5,71.4,43.2,47.6,10.1,1.8,7.9,100.0,114.7,128.8,,
https://www.basketball-reference.com/boxscores/202111010CHO.html,"7:00 PM, November 1, 2021",Charlotte Hornets,Cleveland Cavaliers,110,113,CLE,,,Team Totals,240,39,90,.433,9,28,.321,26,38,.684,17,32,49,21,12,7,16,14,113,,,Team Totals,240,.529,.483,.311,.422,39.5,61.5,51.6,53.8,12.0,11.3,13.0,100.0,113.4,110.4,,
https://www.basketball-reference.com/boxscores/202111010CHO.html,"7:00 PM, November 1, 2021",Charlotte Hornets,Cleveland Cavaliers,110,113,CHO,,,Team Totals,240,42,101,.416,15,39,.385,11,15,.733,20,26,46,27,12,12,17,23,110,,,Team Totals,240,.511,.490,.386,.149,38.5,60.5,48.4,64.3,12.0,19.4,13.6,100.0,110.4,113.4,,
https://www.basketball-reference.com/boxscores/202111010IND.html,"7:00 PM, November 1, 2021",Indiana Pacers,San Antonio Spurs,131,118,SAS,,,Team Totals,240,47,89,.528,14,28,.500,10,14,.714,8,28,36,34,6,4,17,9,118,,,Team Totals,240,.620,.607,.315,.157,21.6,73.7,48.0,72.3,5.9,7.5,15.2,100.0,116.4,129.3,,
https://www.basketball-reference.com/boxscores/202111010IND.html,"7:00 PM, November 1, 2021",Indiana Pacers,San Antonio Spurs,131,118,IND,,,Team Totals,240,52,91,.571,18,38,.474,9,12,.750,10,29,39,37,11,4,16,19,131,,,Team Totals,240,.680,.670,.418,.132,26.3,78.4,52.0,71.2,10.9,6.6,14.3,100.0,129.3,116.4,,
https://www.basketball-reference.com/boxscores/202111010LAC.html,"10:30 PM, November 1, 2021",Los Angeles Clippers,Oklahoma City Thunder,99,94,OKC,,,Team Totals,240,35,90,.389,11,37,.297,13,16,.813,10,41,51,17,8,6,16,18,94,,,Team Totals,240,.484,.450,.411,.178,20.8,75.9,50.0,48.6,8.0,12.0,14.2,100.0,94.4,99.5,,
https://www.basketball-reference.com/boxscores/202111010LAC.html,"10:30 PM, November 1, 2021",Los Angeles Clippers,Oklahoma City Thunder,99,94,LAC,,,Team Totals,240,35,92,.380,15,42,.357,14,19,.737,13,38,51,18,8,5,14,14,99,,,Team Totals,240,.493,.462,.457,.207,24.1,79.2,50.0,51.4,8.0,9.4,12.2,100.0,99.5,94.4,,
https://www.basketball-reference.com/boxscores/202111010MEM.html,"8:00 PM, November 1, 2021",Memphis Grizzlies,Denver Nuggets,106,97,DEN,,,Team Totals,240,39,88,.443,9,38,.237,10,15,.667,6,34,40,27,8,8,12,10,97,,,Team Totals,240,.513,.494,.432,.170,12.0,75.6,42.1,69.2,8.1,12.7,11.3,100.0,97.7,106.7,,
https://www.basketball-reference.com/boxscores/202111010MEM.html,"8:00 PM, November 1, 2021",Memphis Grizzlies,Denver Nuggets,106,97,MEM,,,Team Totals,240,44,97,.454,13,34,.382,5,7,.714,11,44,55,20,8,4,13,18,106,,,Team Totals,240,.530,.521,.351,.072,24.4,88.0,57.9,45.5,8.1,8.0,11.5,100.0,106.7,97.7,,
https://www.basketball-reference.com/boxscores/202111010MIN.html,"8:00 PM, November 1, 2021",Minnesota Timberwolves,Orlando Magic,97,115,ORL,,,Team Totals,240,37,82,.451,17,43,.395,24,30,.800,12,39,51,21,5,7,16,19,115,,,Team Totals,240,.604,.555,.524,.366,27.9,70.9,52.0,56.8,5.1,15.2,14.4,100.0,117.2,98.9,,
https://www.basketball-reference.com/boxscores/202111010MIN.html,"8:00 PM, November 1, 2021",Minnesota Timberwolves,Orlando Magic,97,115,MIN,,,Team Totals,240,36,97,.371,14,51,.275,11,19,.579,16,31,47,21,8,1,14,20,97,,,Team Totals,240,.460,.443,.526,.196,29.1,72.1,48.0,58.3,8.2,2.6,11.7,100.0,98.9,117.2,,
https://www.basketball-reference.com/boxscores/202111010NYK.html,"7:30 PM, November 1, 2021",New York Knicks,Toronto Raptors,104,113,TOR,,,Team Totals,240,43,99,.434,14,42,.333,13,14,.929,13,35,48,24,12,4,9,20,113,,,Team Totals,240,.537,.505,.424,.141,27.7,83.3,53.9,55.8,12.5,10.5,7.9,100.0,117.5,108.2,,
https://www.basketball-reference.com/boxscores/202111010NYK.html,"7:30 PM, November 1, 2021",New York Knicks,Toronto Raptors,104,113,NYK,,,Team Totals,240,35,76,.461,16,38,.421,18,24,.750,7,34,41,20,3,4,17,13,104,,,Team Totals,240,.601,.566,.500,.316,16.7,72.3,46.1,57.1,3.1,7.0,16.4,100.0,108.2,117.5,,
https://www.basketball-reference.com/boxscores/202111010PHI.html,"7:00 PM, November 1, 2021",Philadelphia 76ers,Portland Trail Blazers,113,103,POR,,,Team Totals,240,40,84,.476,12,34,.353,11,18,.611,13,32,45,21,5,2,15,15,103,,,Team Totals,240,.560,.548,.405,.214,32.5,82.1,57.0,52.5,5.4,4.3,14.0,100.0,112.2,123.1,,
https://www.basketball-reference.com/boxscores/202111010PHI.html,"7:00 PM, November 1, 2021",Philadelphia 76ers,Portland Trail Blazers,113,103,PHI,,,Team Totals,240,43,83,.518,13,36,.361,14,16,.875,7,27,34,34,11,6,11,18,113,,,Team Totals,240,.627,.596,.434,.193,17.9,67.5,43.0,79.1,12.0,12.0,10.9,100.0,123.1,112.2,,
https://www.basketball-reference.com/boxscores/202111020DAL.html,"7:30 PM, November 2, 2021",Dallas Mavericks,Miami Heat,110,125,MIA,,,Team Totals,240,43,83,.518,13,25,.520,26,30,.867,9,36,45,25,6,5,7,25,125,,,Team Totals,240,.650,.596,.301,.361,23.1,76.6,52.3,58.1,6.4,11.9,6.8,100.0,133.9,117.8,,
https://www.basketball-reference.com/boxscores/202111020DAL.html,"7:30 PM, November 2, 2021",Dallas Mavericks,Miami Heat,110,125,DAL,,,Team Totals,240,37,84,.440,14,42,.333,22,31,.710,11,30,41,17,1,3,10,21,110,,,Team Totals,240,.563,.524,.500,.369,23.4,76.9,47.7,45.9,1.1,5.2,9.3,100.0,117.8,133.9,,
https://www.basketball-reference.com/boxscores/202111020DET.html,"7:00 PM, November 2, 2021",Detroit Pistons,Milwaukee Bucks,89,117,MIL,,,Team Totals,240,42,84,.500,17,37,.459,16,21,.762,9,43,52,28,7,8,17,23,117,,,Team Totals,240,.627,.601,.440,.250,23.7,75.4,54.7,66.7,7.0,17.4,15.4,100.0,116.3,88.5,,
https://www.basketball-reference.com/boxscores/202111020DET.html,"7:00 PM, November 2, 2021",Detroit Pistons,Milwaukee Bucks,89,117,DET,,,Team Totals,240,30,93,.323,8,47,.170,21,30,.700,14,29,43,21,5,5,14,22,89,,,Team Totals,240,.419,.366,.505,.323,24.6,76.3,45.3,70.0,5.0,10.6,11.6,100.0,88.5,116.3,,
https://www.basketball-reference.com/boxscores/202111020LAL.html,"10:30 PM, November 2, 2021",Los Angeles Lakers,Houston Rockets,119,117,HOU,,,Team Totals,240,48,91,.527,16,42,.381,5,12,.417,11,27,38,27,8,4,25,21,117,,,Team Totals,240,.608,.615,.462,.132,25.6,71.1,46.9,56.3,7.5,5.9,20.6,100.0,109.7,111.5,,
https://www.basketball-reference.com/boxscores/202111020LAL.html,"10:30 PM, November 2, 2021",Los Angeles Lakers,Houston Rockets,119,117,LAL,,,Team Totals,240,49,93,.527,6,25,.240,15,20,.750,11,32,43,26,10,4,17,19,119,,,Team Totals,240,.584,.559,.269,.215,28.9,74.4,53.1,53.1,9.4,8.2,14.3,100.0,111.5,109.7,,
https://www.basketball-reference.com/boxscores/202111020PHO.html,"10:00 PM, November 2, 2021",Phoenix Suns,New Orleans Pelicans,112,100,NOP,,,Team Totals,240,36,91,.396,13,39,.333,15,16,.938,14,29,43,21,17,6,18,16,100,,,Team Totals,240,.510,.467,.429,.176,28.6,80.6,50.6,58.3,17.1,10.7,15.5,100.0,100.7,112.7,,
https://www.basketball-reference.com/boxscores/202111020PHO.html,"10:00 PM, November 2, 2021",Phoenix Suns,New Orleans Pelicans,112,100,PHO,,,Team Totals,240,43,82,.524,9,26,.346,17,18,.944,7,35,42,32,8,4,19,17,112,,,Team Totals,240,.623,.579,.317,.220,19.4,71.4,49.4,74.4,8.1,7.7,17.4,100.0,112.7,100.7,,
https://www.basketball-reference.com/boxscores/202111020UTA.html,"9:00 PM, November 2, 2021",Utah Jazz,Sacramento Kings,119,113,SAC,,,Team Totals,240,42,93,.452,12,31,.387,17,24,.708,6,32,38,24,8,8,11,24,113,,,Team Totals,240,.546,.516,.333,.258,12.0,68.1,39.2,57.1,7.5,16.0,9.6,100.0,105.6,111.2,,
https://www.basketball-reference.com/boxscores/202111020UTA.html,"9:00 PM, November 2, 2021",Utah Jazz,Sacramento Kings,119,113,UTA,,,Team Totals,240,43,98,.439,14,48,.292,19,27,.704,15,44,59,16,7,6,17,23,119,,,Team Totals,240,.541,.510,.490,.276,31.9,88.0,60.8,37.2,6.5,9.7,13.4,100.0,111.2,105.6,,
https://www.basketball-reference.com/boxscores/202111030BRK.html,"7:30 PM, November 3, 2021",Brooklyn Nets,Atlanta Hawks,117,108,ATL,,,Team Totals,240,41,94,.436,13,35,.371,13,15,.867,12,40,52,23,8,4,14,16,108,,,Team Totals,240,.537,.505,.372,.160,25.5,85.1,55.3,56.1,8.0,10.0,12.2,100.0,107.4,116.3,,
https://www.basketball-reference.com/boxscores/202111030BRK.html,"7:30 PM, November 3, 2021",Brooklyn Nets,Atlanta Hawks,117,108,BRK,,,Team Totals,240,43,88,.489,22,48,.458,9,12,.750,7,35,42,34,7,8,16,18,117,,,Team Totals,240,.627,.614,.545,.136,14.9,74.5,44.7,79.1,7.0,13.6,14.6,100.0,116.3,107.4,,
https://www.basketball-reference.com/boxscores/202111030CLE.html,"7:00 PM, November 3, 2021",Cleveland Cavaliers,Portland Trail Blazers,107,104,POR,,,Team Totals,240,40,90,.444,13,37,.351,11,17,.647,10,29,39,24,12,6,9,19,104,,,Team Totals,240,.533,.517,.411,.189,20.8,85.3,47.6,60.0,12.7,13.6,8.5,100.0,109.9,113.0,,
https://www.basketball-reference.com/boxscores/202111030CLE.html,"7:00 PM, November 3, 2021",Cleveland Cavaliers,Portland Trail Blazers,107,104,CLE,,,Team Totals,240,39,74,.527,15,30,.500,14,18,.778,5,38,43,29,4,2,19,14,107,,,Team Totals,240,.653,.628,.405,.243,14.7,79.2,52.4,74.4,4.2,3.8,18.8,100.0,113.0,109.9,,
https://www.basketball-reference.com/boxscores/202111030GSW.html,"10:00 PM, November 3, 2021",Golden State Warriors,Charlotte Hornets,114,92,CHO,,,Team Totals,240,34,91,.374,10,36,.278,14,19,.737,9,40,49,18,10,2,16,14,92,,,Team Totals,240,.463,.429,.396,.209,16.4,85.1,48.0,52.9,9.6,4.9,13.9,100.0,88.5,109.7,,
https://www.basketball-reference.com/boxscores/202111030GSW.html,"10:00 PM, November 3, 2021",Golden State Warriors,Charlotte Hornets,114,92,GSW,,,Team Totals,240,42,86,.488,18,45,.400,12,18,.667,7,46,53,33,14,4,17,17,114,,,Team Totals,240,.607,.593,.523,.209,14.9,83.6,52.0,78.6,13.5,7.3,15.3,100.0,109.7,88.5,,
https://www.basketball-reference.com/boxscores/202111030IND.html,"7:00 PM, November 3, 2021",Indiana Pacers,New York Knicks,111,98,NYK,,,Team Totals,240,36,87,.414,5,24,.208,21,27,.778,14,32,46,23,7,6,10,19,98,,,Team Totals,240,.496,.443,.276,.310,26.4,76.2,48.4,63.9,7.3,12.0,9.2,100.0,102.9,116.5,,
https://www.basketball-reference.com/boxscores/202111030IND.html,"7:00 PM, November 3, 2021",Indiana Pacers,New York Knicks,111,98,IND,,,Team Totals,240,42,91,.462,16,41,.390,11,14,.786,10,39,49,26,7,7,13,22,111,,,Team Totals,240,.571,.549,.451,.154,23.8,73.6,51.6,61.9,7.3,11.1,11.8,100.0,116.5,102.9,,
https://www.basketball-reference.com/boxscores/202111030MEM.html,"8:00 PM, November 3, 2021",Memphis Grizzlies,Denver Nuggets,108,106,DEN,,,Team Totals,240,43,91,.473,8,27,.296,12,13,.923,11,33,44,24,7,4,12,16,106,,,Team Totals,240,.548,.516,.297,.143,25.0,91.7,55.0,55.8,7.3,8.5,11.0,100.0,111.3,113.4,,
https://www.basketball-reference.com/boxscores/202111030MEM.html,"8:00 PM, November 3, 2021",Memphis Grizzlies,Denver Nuggets,108,106,MEM,,,Team Totals,240,42,81,.519,16,34,.471,8,14,.571,3,33,36,28,9,7,12,16,108,,,Team Totals,240,.620,.617,.420,.173,8.3,75.0,45.0,66.7,9.4,10.9,12.1,100.0,113.4,111.3,,
https://www.basketball-reference.com/boxscores/202111030MIN.html,"8:00 PM, November 3, 2021",Minnesota Timberwolves,Los Angeles Clippers,115,126,LAC,,,Team Totals,240,47,78,.603,21,36,.583,11,12,.917,3,32,35,33,6,7,21,14,126,,,Team Totals,240,.756,.737,.462,.154,11.1,68.1,47.3,70.2,6.0,13.0,20.1,100.0,125.9,114.9,,
https://www.basketball-reference.com/boxscores/202111030MIN.html,"8:00 PM, November 3, 2021",Minnesota Timberwolves,Los Angeles Clippers,115,126,MIN,,,Team Totals,240,43,94,.457,14,40,.350,15,16,.938,15,24,39,27,11,2,17,16,115,,,Team Totals,240,.569,.532,.426,.170,31.9,88.9,52.7,62.8,11.0,4.8,14.4,100.0,114.9,125.9,,
https://www.basketball-reference.com/boxscores/202111030ORL.html,"7:00 PM, November 3, 2021",Orlando Magic,Boston Celtics,79,92,BOS,,,Team Totals,240,33,79,.418,10,37,.270,16,25,.640,9,41,50,24,7,9,11,20,92,,,Team Totals,240,.511,.481,.468,.316,19.1,83.7,52.1,72.7,7.5,22.0,10.9,100.0,98.1,84.2,,
https://www.basketball-reference.com/boxscores/202111030ORL.html,"7:00 PM, November 3, 2021",Orlando Magic,Boston Celtics,79,92,ORL,,,Team Totals,240,27,84,.321,9,43,.209,16,20,.800,8,38,46,15,8,1,15,20,79,,,Team Totals,240,.426,.375,.512,.238,16.3,80.9,47.9,55.6,8.5,2.4,13.9,100.0,84.2,98.1,,
https://www.basketball-reference.com/boxscores/202111030PHI.html,"7:00 PM, November 3, 2021",Philadelphia 76ers,Chicago Bulls,103,98,CHI,,,Team Totals,240,38,82,.463,6,21,.286,16,18,.889,9,38,47,19,11,4,16,17,98,,,Team Totals,240,.545,.500,.256,.220,23.1,88.4,57.3,50.0,11.6,8.2,15.1,100.0,103.8,109.1,,
https://www.basketball-reference.com/boxscores/202111030PHI.html,"7:00 PM, November 3, 2021",Philadelphia 76ers,Chicago Bulls,103,98,PHI,,,Team Totals,240,38,77,.494,12,28,.429,15,21,.714,5,30,35,24,9,4,14,15,103,,,Team Totals,240,.597,.571,.364,.273,11.6,76.9,42.7,63.2,9.5,6.6,14.0,100.0,109.1,103.8,,
https://www.basketball-reference.com/boxscores/202111030SAC.html,"10:00 PM, November 3, 2021",Sacramento Kings,New Orleans Pelicans,112,99,NOP,,,Team Totals,240,37,86,.430,12,34,.353,13,15,.867,8,32,40,24,1,3,17,16,99,,,Team Totals,240,.535,.500,.395,.174,19.5,88.9,51.9,64.9,1.0,6.0,15.5,100.0,103.6,117.2,,
https://www.basketball-reference.com/boxscores/202111030SAC.html,"10:00 PM, November 3, 2021",Sacramento Kings,New Orleans Pelicans,112,99,SAC,,,Team Totals,240,42,80,.525,10,30,.333,18,22,.818,4,33,37,27,8,7,8,21,112,,,Team Totals,240,.624,.588,.375,.275,11.1,80.5,48.1,64.3,8.4,13.5,8.2,100.0,117.2,103.6,,
https://www.basketball-reference.com/boxscores/202111030SAS.html,"8:30 PM, November 3, 2021",San Antonio Spurs,Dallas Mavericks,108,109,DAL,,,Team Totals,240,40,93,.430,8,34,.235,21,29,.724,15,41,56,21,10,4,19,23,109,,,Team Totals,240,.515,.473,.366,.312,30.0,89.1,58.3,52.5,9.4,6.0,15.2,100.0,102.7,101.7,,
https://www.basketball-reference.com/boxscores/202111030SAS.html,"8:30 PM, November 3, 2021",San Antonio Spurs,Dallas Mavericks,108,109,SAS,,,Team Totals,240,43,88,.489,7,21,.333,15,20,.750,5,35,40,25,10,10,15,24,108,,,Team Totals,240,.558,.528,.239,.227,10.9,70.0,41.7,58.1,9.4,16.9,13.4,100.0,101.7,102.7,,
https://www.basketball-reference.com/boxscores/202111030WAS.html,"7:00 PM, November 3, 2021",Washington Wizards,Toronto Raptors,100,109,TOR,,,Team Totals,240,41,88,.466,10,25,.400,17,20,.850,10,32,42,17,10,3,12,23,109,,,Team Totals,240,.563,.523,.284,.227,22.7,76.2,48.8,41.5,10.6,6.5,11.0,100.0,115.7,106.2,,
https://www.basketball-reference.com/boxscores/202111030WAS.html,"7:00 PM, November 3, 2021",Washington Wizards,Toronto Raptors,100,109,WAS,,,Team Totals,240,34,78,.436,8,32,.250,24,30,.800,10,34,44,19,6,7,13,15,100,,,Team Totals,240,.548,.487,.410,.385,23.8,77.3,51.2,55.9,6.4,11.1,12.5,100.0,106.2,115.7,,
https://www.basketball-reference.com/boxscores/202111040ATL.html,"7:30 PM, November 4, 2021",Atlanta Hawks,Utah Jazz,98,116,UTA,,,Team Totals,240,41,81,.506,17,41,.415,17,23,.739,8,38,46,30,6,4,17,20,116,,,Team Totals,240,.637,.611,.506,.284,22.9,88.4,59.0,73.2,6.2,7.4,15.7,100.0,120.2,101.6,,
https://www.basketball-reference.com/boxscores/202111040ATL.html,"7:30 PM, November 4, 2021",Atlanta Hawks,Utah Jazz,98,116,ATL,,,Team Totals,240,35,82,.427,7,28,.250,21,26,.808,5,27,32,18,11,4,9,24,98,,,Team Totals,240,.524,.470,.341,.317,11.6,77.1,41.0,51.4,11.4,10.0,8.8,100.0,101.6,120.2,,
https://www.basketball-reference.com/boxscores/202111040DET.html,"7:00 PM, November 4, 2021",Detroit Pistons,Philadelphia 76ers,98,109,PHI,,,Team Totals,240,41,83,.494,12,32,.375,15,22,.682,15,34,49,22,8,3,15,17,109,,,Team Totals,240,.588,.566,.386,.265,34.1,73.9,54.4,53.7,8.8,5.9,13.9,100.0,119.4,107.4,,
https://www.basketball-reference.com/boxscores/202111040DET.html,"7:00 PM, November 4, 2021",Detroit Pistons,Philadelphia 76ers,98,109,DET,,,Team Totals,240,35,87,.402,11,36,.306,17,19,.895,12,29,41,21,6,2,11,18,98,,,Team Totals,240,.514,.466,.414,.218,26.1,65.9,45.6,60.0,6.6,3.9,10.3,100.0,107.4,119.4,,
https://www.basketball-reference.com/boxscores/202111040LAL.html,"10:30 PM, November 4, 2021",Los Angeles Lakers,Oklahoma City Thunder,104,107,OKC,,,Team Totals,240,37,87,.425,15,41,.366,18,26,.692,12,38,50,23,7,2,16,16,107,,,Team Totals,240,.543,.511,.471,.299,26.7,70.4,50.5,62.2,7.1,3.3,14.0,100.0,108.9,105.9,,
https://www.basketball-reference.com/boxscores/202111040LAL.html,"10:30 PM, November 4, 2021",Los Angeles Lakers,Oklahoma City Thunder,104,107,LAL,,,Team Totals,240,39,94,.415,12,33,.364,14,17,.824,16,33,49,22,8,5,14,21,104,,,Team Totals,240,.512,.479,.351,.181,29.6,73.3,49.5,56.4,8.1,10.9,12.1,100.0,105.9,108.9,,
https://www.basketball-reference.com/boxscores/202111040MIA.html,"7:30 PM, November 4, 2021",Miami Heat,Boston Celtics,78,95,BOS,,,Team Totals,240,31,78,.397,16,41,.390,17,20,.850,11,35,46,16,7,4,16,16,95,,,Team Totals,240,.547,.500,.526,.256,25.6,72.9,50.5,51.6,7.8,10.0,15.6,100.0,105.3,86.5,,
https://www.basketball-reference.com/boxscores/202111040MIA.html,"7:30 PM, November 4, 2021",Miami Heat,Boston Celtics,78,95,MIA,,,Team Totals,240,28,81,.346,9,41,.220,13,19,.684,13,32,45,18,8,0,18,19,78,,,Team Totals,240,.436,.401,.506,.235,27.1,74.4,49.5,64.3,8.9,0.0,16.8,100.0,86.5,105.3,,
https://www.basketball-reference.com/boxscores/202111040PHO.html,"10:00 PM, November 4, 2021",Phoenix Suns,Houston Rockets,123,111,HOU,,,Team Totals,240,38,88,.432,11,32,.344,24,28,.857,7,36,43,25,4,4,19,21,111,,,Team Totals,240,.553,.494,.364,.318,17.5,73.5,48.3,65.8,3.8,6.5,15.9,100.0,106.2,117.6,,
https://www.basketball-reference.com/boxscores/202111040PHO.html,"10:00 PM, November 4, 2021",Phoenix Suns,Houston Rockets,123,111,PHO,,,Team Totals,240,44,93,.473,14,31,.452,21,23,.913,13,33,46,29,12,8,12,24,123,,,Team Totals,240,.596,.548,.333,.247,26.5,82.5,51.7,65.9,11.5,14.3,10.4,100.0,117.6,106.2,,
https://www.basketball-reference.com/boxscores/202111050DET.html,"7:00 PM, November 5, 2021",Detroit Pistons,Brooklyn Nets,90,96,BRK,,,Team Totals,240,36,80,.450,11,27,.407,13,14,.929,4,41,45,25,3,4,17,21,96,,,Team Totals,240,.557,.519,.338,.175,9.8,85.4,50.6,69.4,3.0,7.5,16.5,100.0,97.1,91.0,,
https://www.basketball-reference.com/boxscores/202111050DET.html,"7:00 PM, November 5, 2021",Detroit Pistons,Brooklyn Nets,90,96,DET,,,Team Totals,240,33,87,.379,11,34,.324,13,18,.722,7,37,44,17,11,6,14,22,90,,,Team Totals,240,.474,.443,.391,.207,14.6,90.2,49.4,51.5,11.1,11.3,12.9,100.0,91.0,97.1,,
https://www.basketball-reference.com/boxscores/202111050GSW.html,"10:00 PM, November 5, 2021",Golden State Warriors,New Orleans Pelicans,126,85,NOP,,,Team Totals,240,31,88,.352,11,44,.250,12,16,.750,11,31,42,23,6,3,19,18,85,,,Team Totals,240,.447,.415,.500,.182,21.6,77.5,46.2,74.2,6.1,7.3,16.7,100.0,86.2,127.8,,
https://www.basketball-reference.com/boxscores/202111050GSW.html,"10:00 PM, November 5, 2021",Golden State Warriors,New Orleans Pelicans,126,85,GSW,,,Team Totals,240,47,91,.516,20,50,.400,12,14,.857,9,40,49,36,10,4,11,16,126,,,Team Totals,240,.648,.626,.549,.154,22.5,78.4,53.8,76.6,10.1,9.1,10.2,100.0,127.8,86.2,,
https://www.basketball-reference.com/boxscores/202111050MIL.html,"7:30 PM, November 5, 2021",Milwaukee Bucks,New York Knicks,98,113,NYK,,,Team Totals,240,41,96,.427,10,40,.250,21,26,.808,20,39,59,16,12,4,15,17,113,,,Team Totals,240,.526,.479,.417,.271,40.0,84.8,61.5,39.0,12.3,10.3,12.3,100.0,115.7,100.4,,
https://www.basketball-reference.com/boxscores/202111050MIL.html,"7:30 PM, November 5, 2021",Milwaukee Bucks,New York Knicks,98,113,MIL,,,Team Totals,240,33,82,.402,16,43,.372,16,21,.762,7,30,37,19,5,5,15,20,98,,,Team Totals,240,.537,.500,.524,.256,15.2,60.0,38.5,57.6,5.1,8.9,14.1,100.0,100.4,115.7,,
https://www.basketball-reference.com/boxscores/202111050MIN.html,"8:00 PM, November 5, 2021",Minnesota Timberwolves,Los Angeles Clippers,84,104,LAC,,,Team Totals,240,36,88,.409,6,28,.214,26,32,.813,15,47,62,18,12,4,17,16,104,,,Team Totals,240,.509,.443,.318,.364,30.0,87.0,59.6,50.0,11.6,10.8,14.3,100.0,100.5,81.2,,
https://www.basketball-reference.com/boxscores/202111050MIN.html,"8:00 PM, November 5, 2021",Minnesota Timberwolves,Los Angeles Clippers,84,104,MIN,,,Team Totals,240,31,89,.348,17,52,.327,5,7,.714,7,35,42,17,8,7,22,33,84,,,Team Totals,240,.456,.444,.584,.079,13.0,70.0,40.4,54.8,7.7,11.7,19.3,100.0,81.2,100.5,,
https://www.basketball-reference.com/boxscores/202111050ORL.html,"7:00 PM, November 5, 2021",Orlando Magic,San Antonio Spurs,89,102,SAS,,,Team Totals,240,40,90,.444,6,19,.316,16,18,.889,5,43,48,23,11,7,13,14,102,,,Team Totals,240,.521,.478,.211,.200,12.2,86.0,52.7,57.5,10.6,14.6,11.7,100.0,98.7,86.2,,
https://www.basketball-reference.com/boxscores/202111050ORL.html,"7:00 PM, November 5, 2021",Orlando Magic,San Antonio Spurs,89,102,ORL,,,Team Totals,240,35,89,.393,12,41,.293,7,10,.700,7,36,43,23,9,12,18,13,89,,,Team Totals,240,.476,.461,.461,.112,14.0,87.8,47.3,65.7,8.7,16.9,16.2,100.0,86.2,98.7,,
https://www.basketball-reference.com/boxscores/202111050POR.html,"10:00 PM, November 5, 2021",Portland Trail Blazers,Indiana Pacers,110,106,IND,,,Team Totals,240,43,88,.489,14,42,.333,6,10,.600,7,33,40,28,8,2,11,18,106,,,Team Totals,240,.574,.568,.477,.114,16.3,84.6,48.8,65.1,8.4,4.7,10.6,100.0,111.4,115.6,,
https://www.basketball-reference.com/boxscores/202111050POR.html,"10:00 PM, November 5, 2021",Portland Trail Blazers,Indiana Pacers,110,106,POR,,,Team Totals,240,40,82,.488,17,39,.436,13,15,.867,6,36,42,27,7,4,14,15,110,,,Team Totals,240,.621,.591,.476,.183,15.4,83.7,51.2,67.5,7.4,8.7,13.6,100.0,115.6,111.4,,
https://www.basketball-reference.com/boxscores/202111050SAC.html,"10:00 PM, November 5, 2021",Sacramento Kings,Charlotte Hornets,140,110,CHO,,,Team Totals,240,43,92,.467,11,35,.314,13,21,.619,7,21,28,29,8,5,10,19,110,,,Team Totals,240,.543,.527,.380,.228,14.0,61.8,33.3,67.4,7.9,11.6,9.0,100.0,108.6,138.3,,
https://www.basketball-reference.com/boxscores/202111050SAC.html,"10:00 PM, November 5, 2021",Sacramento Kings,Charlotte Hornets,140,110,SAC,,,Team Totals,240,48,87,.552,22,44,.500,22,26,.846,13,43,56,29,5,1,18,21,140,,,Team Totals,240,.711,.678,.506,.299,38.2,86.0,66.7,60.4,4.9,1.8,15.5,100.0,138.3,108.6,,
https://www.basketball-reference.com/boxscores/202111050TOR.html,"7:30 PM, November 5, 2021",Toronto Raptors,Cleveland Cavaliers,101,102,CLE,,,Team Totals,240,38,83,.458,10,30,.333,16,19,.842,11,28,39,22,4,3,18,13,102,,,Team Totals,240,.558,.518,.361,.229,29.7,59.6,46.4,57.9,4.4,4.2,16.5,100.0,111.9,110.8,,
https://www.basketball-reference.com/boxscores/202111050TOR.html,"7:30 PM, November 5, 2021",Toronto Raptors,Cleveland Cavaliers,101,102,TOR,,,Team Totals,240,42,99,.424,12,27,.444,5,9,.556,19,26,45,20,10,8,10,19,101,,,Team Totals,240,.490,.485,.273,.091,40.4,70.3,53.6,47.6,11.0,15.1,8.9,100.0,110.8,111.9,,
https://www.basketball-reference.com/boxscores/202111050WAS.html,"7:00 PM, November 5, 2021",Washington Wizards,Memphis Grizzlies,115,87,MEM,,,Team Totals,240,34,96,.354,6,31,.194,13,17,.765,12,27,39,19,12,4,9,15,87,,,Team Totals,240,.420,.385,.323,.177,20.0,84.4,42.4,55.9,11.9,6.8,8.0,100.0,86.6,114.5,,
https://www.basketball-reference.com/boxscores/202111050WAS.html,"7:00 PM, November 5, 2021",Washington Wizards,Memphis Grizzlies,115,87,WAS,,,Team Totals,240,49,84,.583,10,25,.400,7,13,.538,5,48,53,34,4,6,19,13,115,,,Team Totals,240,.641,.643,.298,.155,15.6,80.0,57.6,69.4,4.0,9.2,17.5,100.0,114.5,86.6,,
https://www.basketball-reference.com/boxscores/202111060CHI.html,"8:00 PM, November 6, 2021",Chicago Bulls,Philadelphia 76ers,105,114,PHI,,,Team Totals,240,43,81,.531,13,26,.500,15,19,.789,6,35,41,22,6,5,14,22,114,,,Team Totals,240,.638,.611,.321,.235,17.6,66.0,47.1,51.2,6.4,7.9,13.5,100.0,121.0,111.4,,
https://www.basketball-reference.com/boxscores/202111060CHI.html,"8:00 PM, November 6, 2021",Chicago Bulls,Philadelphia 76ers,105,114,CHI,,,Team Totals,240,37,92,.402,7,29,.241,24,30,.800,18,28,46,20,7,1,9,19,105,,,Team Totals,240,.499,.440,.315,.326,34.0,82.4,52.9,54.1,7.4,1.8,7.9,100.0,111.4,121.0,,
https://www.basketball-reference.com/boxscores/202111060DAL.html,"8:30 PM, November 6, 2021",Dallas Mavericks,Boston Celtics,107,104,BOS,,,Team Totals,240,42,86,.488,9,31,.290,11,16,.688,8,28,36,20,6,2,11,14,104,,,Team Totals,240,.559,.541,.360,.186,19.5,80.0,47.4,47.6,6.5,5.1,10.6,100.0,112.5,115.7,,
https://www.basketball-reference.com/boxscores/202111060DAL.html,"8:30 PM, November 6, 2021",Dallas Mavericks,Boston Celtics,107,104,DAL,,,Team Totals,240,41,78,.526,13,39,.333,12,14,.857,7,33,40,19,7,6,15,18,107,,,Team Totals,240,.636,.609,.500,.179,20.0,80.5,52.6,46.3,7.6,10.9,15.1,100.0,115.7,112.5,,
https://www.basketball-reference.com/boxscores/202111060DEN.html,"5:00 PM, November 6, 2021",Denver Nuggets,Houston Rockets,95,94,HOU,,,Team Totals,240,35,75,.467,8,28,.286,16,24,.667,7,40,47,19,8,6,17,16,94,,,Team Totals,240,.549,.520,.373,.320,16.7,80.0,51.1,54.3,8.4,12.2,16.6,100.0,99.0,100.0,,
https://www.basketball-reference.com/boxscores/202111060DEN.html,"5:00 PM, November 6, 2021",Denver Nuggets,Houston Rockets,95,94,DEN,,,Team Totals,240,36,89,.404,9,40,.225,14,17,.824,10,35,45,19,10,5,11,20,95,,,Team Totals,240,.492,.455,.449,.191,20.0,83.3,48.9,52.8,10.5,10.6,10.2,100.0,100.0,99.0,,
https://www.basketball-reference.com/boxscores/202111060MIA.html,"7:30 PM, November 6, 2021",Miami Heat,Utah Jazz,118,115,UTA,,,Team Totals,240,43,83,.518,15,45,.333,14,19,.737,7,24,31,26,10,3,6,19,115,,,Team Totals,240,.629,.608,.542,.229,19.4,77.4,46.3,60.5,11.1,5.3,6.2,100.0,128.1,131.4,,
https://www.basketball-reference.com/boxscores/202111060MIA.html,"7:30 PM, November 6, 2021",Miami Heat,Utah Jazz,118,115,MIA,,,Team Totals,240,47,78,.603,11,21,.524,13,17,.765,7,29,36,30,3,1,14,18,118,,,Team Totals,240,.690,.673,.269,.218,22.6,80.6,53.7,63.8,3.3,2.6,14.1,100.0,131.4,128.1,,
https://www.basketball-reference.com/boxscores/202111060PHO.html,"10:00 PM, November 6, 2021",Phoenix Suns,Atlanta Hawks,121,117,ATL,,,Team Totals,240,42,97,.433,13,33,.394,20,23,.870,14,36,50,18,3,1,12,16,117,,,Team Totals,240,.546,.500,.340,.237,27.5,87.8,54.3,42.9,2.9,2.2,10.1,100.0,114.2,118.1,,
https://www.basketball-reference.com/boxscores/202111060PHO.html,"10:00 PM, November 6, 2021",Phoenix Suns,Atlanta Hawks,121,117,PHO,,,Team Totals,240,45,88,.511,14,43,.326,17,21,.810,5,37,42,26,8,6,12,22,121,,,Team Totals,240,.622,.591,.489,.239,12.2,72.5,45.7,57.8,7.8,9.4,11.0,100.0,118.1,114.2,,
https://www.basketball-reference.com/boxscores/202111060POR.html,"10:30 PM, November 6, 2021",Portland Trail Blazers,Los Angeles Lakers,105,90,LAL,,,Team Totals,240,31,90,.344,9,32,.281,19,24,.792,11,48,59,20,8,5,19,17,90,,,Team Totals,240,.447,.394,.356,.267,21.6,80.0,53.2,64.5,7.7,12.5,15.9,100.0,86.1,100.5,,
https://www.basketball-reference.com/boxscores/202111060POR.html,"10:30 PM, November 6, 2021",Portland Trail Blazers,Los Angeles Lakers,105,90,POR,,,Team Totals,240,36,95,.379,15,55,.273,18,24,.750,12,40,52,22,14,7,12,21,105,,,Team Totals,240,.497,.458,.579,.253,20.0,78.4,46.8,61.1,13.4,12.1,10.2,100.0,100.5,86.1,,
https://www.basketball-reference.com/boxscores/202111070GSW.html,"8:30 PM, November 7, 2021",Golden State Warriors,Houston Rockets,120,107,HOU,,,Team Totals,240,36,79,.456,10,33,.303,25,37,.676,12,30,42,17,11,3,21,16,107,,,Team Totals,240,.562,.519,.418,.468,26.1,81.1,50.6,47.2,10.8,7.7,18.1,100.0,104.6,117.4,,
https://www.basketball-reference.com/boxscores/202111070GSW.html,"8:30 PM, November 7, 2021",Golden State Warriors,Houston Rockets,120,107,GSW,,,Team Totals,240,44,85,.518,15,46,.326,17,20,.850,7,34,41,31,12,3,17,28,120,,,Team Totals,240,.640,.606,.541,.235,18.9,73.9,49.4,70.5,11.7,6.5,15.3,100.0,117.4,104.6,,
https://www.basketball-reference.com/boxscores/202111070LAC.html,"9:00 PM, November 7, 2021",Los Angeles Clippers,Charlotte Hornets,120,106,CHO,,,Team Totals,240,41,101,.406,10,33,.303,14,18,.778,12,32,44,20,13,2,13,21,106,,,Team Totals,240,.487,.455,.327,.178,21.8,82.1,46.8,48.8,12.2,5.3,10.7,100.0,99.6,112.7,,
https://www.basketball-reference.com/boxscores/202111070LAC.html,"9:00 PM, November 7, 2021",Los Angeles Clippers,Charlotte Hornets,120,106,LAC,,,Team Totals,240,41,86,.477,18,48,.375,20,21,.952,7,43,50,24,8,5,20,16,120,,,Team Totals,240,.630,.581,.558,.244,17.9,78.2,53.2,58.5,7.5,7.4,17.4,100.0,112.7,99.6,,
https://www.basketball-reference.com/boxscores/202111070NYK.html,"6:00 PM, November 7, 2021",New York Knicks,Cleveland Cavaliers,109,126,CLE,,,Team Totals,240,49,90,.544,19,35,.543,9,11,.818,11,37,48,31,8,2,17,18,126,,,Team Totals,240,.664,.650,.389,.122,30.6,84.1,60.0,63.3,8.2,3.7,15.2,100.0,128.7,111.4,,
https://www.basketball-reference.com/boxscores/202111070NYK.html,"6:00 PM, November 7, 2021",New York Knicks,Cleveland Cavaliers,109,126,NYK,,,Team Totals,240,39,85,.459,9,31,.290,22,24,.917,7,25,32,21,9,9,11,14,109,,,Team Totals,240,.570,.512,.365,.282,15.9,69.4,40.0,53.8,9.2,16.4,10.3,100.0,111.4,128.7,,
https://www.basketball-reference.com/boxscores/202111070OKC.html,"7:00 PM, November 7, 2021",Oklahoma City Thunder,San Antonio Spurs,99,94,SAS,,,Team Totals,240,41,100,.410,6,30,.200,6,9,.667,11,35,46,29,9,10,10,16,94,,,Team Totals,240,.452,.440,.300,.090,20.8,70.0,44.7,70.7,9.1,19.2,8.8,100.0,94.7,99.7,,
https://www.basketball-reference.com/boxscores/202111070OKC.html,"7:00 PM, November 7, 2021",Oklahoma City Thunder,San Antonio Spurs,99,94,OKC,,,Team Totals,240,35,94,.372,12,42,.286,17,20,.850,15,42,57,21,5,7,15,14,99,,,Team Totals,240,.482,.436,.447,.213,30.0,79.2,55.3,60.0,5.0,10.0,12.7,100.0,99.7,94.7,,
https://www.basketball-reference.com/boxscores/202111070ORL.html,"6:00 PM, November 7, 2021",Orlando Magic,Utah Jazz,107,100,UTA,,,Team Totals,240,34,89,.382,8,42,.190,24,29,.828,16,34,50,21,10,7,18,17,100,,,Team Totals,240,.491,.427,.472,.326,33.3,82.9,56.2,61.8,10.2,12.7,15.0,100.0,102.4,109.5,,
https://www.basketball-reference.com/boxscores/202111070ORL.html,"6:00 PM, November 7, 2021",Orlando Magic,Utah Jazz,107,100,ORL,,,Team Totals,240,43,87,.494,12,32,.375,9,11,.818,7,32,39,24,8,8,13,22,107,,,Team Totals,240,.583,.563,.368,.126,17.1,66.7,43.8,55.8,8.2,17.0,12.4,100.0,109.5,102.4,,
https://www.basketball-reference.com/boxscores/202111070SAC.html,"6:00 PM, November 7, 2021",Sacramento Kings,Indiana Pacers,91,94,IND,,,Team Totals,240,37,83,.446,6,25,.240,14,18,.778,13,41,54,13,8,7,21,24,94,,,Team Totals,240,.517,.482,.301,.217,34.2,83.7,62.1,35.1,8.4,14.0,18.8,100.0,99.0,95.8,,
https://www.basketball-reference.com/boxscores/202111070SAC.html,"6:00 PM, November 7, 2021",Sacramento Kings,Indiana Pacers,91,94,SAC,,,Team Totals,240,31,84,.369,10,34,.294,19,22,.864,8,25,33,20,14,6,12,18,91,,,Team Totals,240,.486,.429,.405,.262,16.3,65.8,37.9,64.5,14.7,10.3,11.4,100.0,95.8,99.0,,
https://www.basketball-reference.com/boxscores/202111070TOR.html,"3:30 PM, November 7, 2021",Toronto Raptors,Brooklyn Nets,103,116,BRK,,,Team Totals,240,41,80,.513,17,38,.447,17,20,.850,12,36,48,29,3,0,16,15,116,,,Team Totals,240,.653,.619,.475,.250,30.8,81.8,57.8,70.7,3.3,0.0,15.3,100.0,125.8,111.7,,
https://www.basketball-reference.com/boxscores/202111070TOR.html,"3:30 PM, November 7, 2021",Toronto Raptors,Brooklyn Nets,103,116,TOR,,,Team Totals,240,41,87,.471,7,30,.233,14,18,.778,8,27,35,23,10,6,8,16,103,,,Team Totals,240,.543,.511,.345,.207,18.2,69.2,42.2,56.1,10.8,14.3,7.8,100.0,111.7,125.8,,
https://www.basketball-reference.com/boxscores/202111070WAS.html,"6:00 PM, November 7, 2021",Washington Wizards,Milwaukee Bucks,101,94,MIL,,,Team Totals,240,37,94,.394,10,36,.278,10,18,.556,16,33,49,17,14,3,13,10,94,,,Team Totals,240,.461,.447,.383,.191,29.6,89.2,53.8,45.9,14.2,5.6,11.3,100.0,95.6,102.7,,
https://www.basketball-reference.com/boxscores/202111070WAS.html,"6:00 PM, November 7, 2021",Washington Wizards,Milwaukee Bucks,101,94,WAS,,,Team Totals,240,41,81,.506,11,27,.407,8,13,.615,4,38,42,24,8,8,19,16,101,,,Team Totals,240,.582,.574,.333,.160,10.8,70.4,46.2,58.5,8.1,13.8,18.0,100.0,102.7,95.6,,
https://www.basketball-reference.com/boxscores/202111080CHI.html,"8:00 PM, November 8, 2021",Chicago Bulls,Brooklyn Nets,118,95,BRK,,,Team Totals,240,34,86,.395,11,33,.333,16,19,.842,6,36,42,19,6,7,15,16,95,,,Team Totals,240,.503,.459,.384,.221,12.8,70.6,42.9,55.9,6.0,10.4,13.7,100.0,94.9,117.9,,
https://www.basketball-reference.com/boxscores/202111080CHI.html,"8:00 PM, November 8, 2021",Chicago Bulls,Brooklyn Nets,118,95,CHI,,,Team Totals,240,46,98,.469,9,31,.290,17,20,.850,15,41,56,21,8,5,9,17,118,,,Team Totals,240,.552,.515,.316,.204,29.4,87.2,57.1,45.7,8.0,9.4,7.8,100.0,117.9,94.9,,
https://www.basketball-reference.com/boxscores/202111080DAL.html,"8:30 PM, November 8, 2021",Dallas Mavericks,New Orleans Pelicans,108,92,NOP,,,Team Totals,240,37,87,.425,9,34,.265,9,11,.818,9,30,39,27,7,0,14,16,92,,,Team Totals,240,.501,.477,.391,.126,19.6,76.9,45.9,73.0,7.5,0.0,13.2,100.0,98.0,115.0,,
https://www.basketball-reference.com/boxscores/202111080DAL.html,"8:30 PM, November 8, 2021",Dallas Mavericks,New Orleans Pelicans,108,92,DAL,,,Team Totals,240,43,85,.506,14,35,.400,8,13,.615,9,37,46,27,7,3,13,15,108,,,Team Totals,240,.595,.588,.412,.153,23.1,80.4,54.1,62.8,7.5,5.7,12.5,100.0,115.0,98.0,,
https://www.basketball-reference.com/boxscores/202111080DEN.html,"9:00 PM, November 8, 2021",Denver Nuggets,Miami Heat,113,96,MIA,,,Team Totals,240,31,78,.397,13,36,.361,21,25,.840,6,31,37,22,3,3,13,20,96,,,Team Totals,240,.539,.481,.462,.321,14.0,72.1,43.0,71.0,3.2,6.0,12.7,100.0,101.1,119.0,,
https://www.basketball-reference.com/boxscores/202111080DEN.html,"9:00 PM, November 8, 2021",Denver Nuggets,Miami Heat,113,96,DEN,,,Team Totals,240,42,91,.462,12,41,.293,17,24,.708,12,37,49,28,7,5,10,23,113,,,Team Totals,240,.556,.527,.451,.264,27.9,86.0,57.0,66.7,7.4,11.9,9.0,100.0,119.0,101.1,,
https://www.basketball-reference.com/boxscores/202111080GSW.html,"10:00 PM, November 8, 2021",Golden State Warriors,Atlanta Hawks,127,113,ATL,,,Team Totals,240,38,82,.463,17,43,.395,20,26,.769,3,32,35,21,6,2,18,16,113,,,Team Totals,240,.605,.567,.524,.317,9.4,76.2,47.3,55.3,5.8,4.2,16.2,100.0,108.4,121.8,,
https://www.basketball-reference.com/boxscores/202111080GSW.html,"10:00 PM, November 8, 2021",Golden State Warriors,Atlanta Hawks,127,113,GSW,,,Team Totals,240,44,92,.478,18,44,.409,21,22,.955,10,29,39,31,13,4,14,22,127,,,Team Totals,240,.625,.576,.478,.239,23.8,90.6,52.7,70.5,12.5,10.3,12.1,100.0,121.8,108.4,,
https://www.basketball-reference.com/boxscores/202111080LAL.html,"10:30 PM, November 8, 2021",Los Angeles Lakers,Charlotte Hornets,126,123,CHO,,,Team Totals,265,43,99,.434,14,42,.333,23,28,.821,14,41,55,23,5,3,18,23,123,,,Team Totals,265,.552,.505,.424,.283,24.6,83.7,51.9,53.5,4.4,5.1,13.9,100.0,109.2,111.9,,
https://www.basketball-reference.com/boxscores/202111080LAL.html,"10:30 PM, November 8, 2021",Los Angeles Lakers,Charlotte Hornets,126,123,LAL,,,Team Totals,265,44,91,.484,13,32,.406,25,35,.714,8,43,51,30,11,8,15,23,126,,,Team Totals,265,.592,.555,.352,.385,16.3,75.4,48.1,68.2,9.8,14.0,12.4,100.0,111.9,109.2,,
https://www.basketball-reference.com/boxscores/202111080MEM.html,"8:00 PM, November 8, 2021",Memphis Grizzlies,Minnesota Timberwolves,125,118,MIN,,,Team Totals,265,41,97,.423,17,45,.378,19,23,.826,15,30,45,23,7,8,16,27,118,,,Team Totals,265,.551,.510,.464,.237,29.4,66.7,46.9,56.1,6.8,12.5,13.0,100.0,114.2,121.0,,
https://www.basketball-reference.com/boxscores/202111080MEM.html,"8:00 PM, November 8, 2021",Memphis Grizzlies,Minnesota Timberwolves,125,118,MEM,,,Team Totals,265,46,92,.500,11,28,.393,22,26,.846,15,36,51,28,7,8,16,22,125,,,Team Totals,265,.604,.560,.304,.283,33.3,70.6,53.1,60.9,6.8,15.4,13.4,100.0,121.0,114.2,,
https://www.basketball-reference.com/boxscores/202111080PHI.html,"7:00 PM, November 8, 2021",Philadelphia 76ers,New York Knicks,96,103,NYK,,,Team Totals,240,40,91,.440,13,40,.325,10,13,.769,14,41,55,25,4,4,13,18,103,,,Team Totals,240,.532,.511,.440,.143,28.6,77.4,53.9,62.5,4.3,7.8,11.8,100.0,110.5,103.0,,
https://www.basketball-reference.com/boxscores/202111080PHI.html,"7:00 PM, November 8, 2021",Philadelphia 76ers,New York Knicks,96,103,PHI,,,Team Totals,240,35,91,.385,13,40,.325,13,16,.813,12,35,47,20,7,6,9,13,96,,,Team Totals,240,.490,.456,.440,.176,22.6,71.4,46.1,57.1,7.5,11.8,8.4,100.0,103.0,110.5,,
https://www.basketball-reference.com/boxscores/202111080SAC.html,"10:00 PM, November 8, 2021",Sacramento Kings,Phoenix Suns,104,109,PHO,,,Team Totals,240,44,93,.473,12,30,.400,9,11,.818,5,33,38,28,14,9,15,21,109,,,Team Totals,240,.557,.538,.323,.118,11.6,80.5,45.2,63.6,13.1,15.5,13.3,100.0,102.2,97.5,,
https://www.basketball-reference.com/boxscores/202111080SAC.html,"10:00 PM, November 8, 2021",Sacramento Kings,Phoenix Suns,104,109,SAC,,,Team Totals,240,37,82,.451,10,24,.417,20,26,.769,8,38,46,18,6,6,24,18,104,,,Team Totals,240,.557,.512,.293,.317,19.5,88.4,54.8,48.6,5.6,9.5,20.4,100.0,97.5,102.2,,
https://www.basketball-reference.com/boxscores/202111090LAC.html,"10:00 PM, November 9, 2021",Los Angeles Clippers,Portland Trail Blazers,117,109,POR,,,Team Totals,240,43,91,.473,14,37,.378,9,12,.750,9,34,43,29,6,5,10,15,109,,,Team Totals,240,.566,.549,.407,.132,19.1,87.2,50.0,67.4,6.3,9.1,9.4,100.0,114.2,122.6,,
https://www.basketball-reference.com/boxscores/202111090LAC.html,"10:00 PM, November 9, 2021",Los Angeles Clippers,Portland Trail Blazers,117,109,LAC,,,Team Totals,240,44,85,.518,16,30,.533,13,19,.684,5,38,43,25,5,0,8,17,117,,,Team Totals,240,.627,.612,.353,.224,12.8,80.9,50.0,56.8,5.2,0.0,7.9,100.0,122.6,114.2,,
https://www.basketball-reference.com/boxscores/202111090PHI.html,"7:30 PM, November 9, 2021",Philadelphia 76ers,Milwaukee Bucks,109,118,MIL,,,Team Totals,240,44,95,.463,15,39,.385,15,21,.714,12,40,52,21,5,6,9,10,118,,,Team Totals,240,.566,.542,.411,.221,26.7,75.5,53.1,47.7,5.1,10.0,7.9,100.0,120.0,110.9,,
https://www.basketball-reference.com/boxscores/202111090PHI.html,"7:30 PM, November 9, 2021",Philadelphia 76ers,Milwaukee Bucks,109,118,PHI,,,Team Totals,240,42,103,.408,14,43,.326,11,12,.917,13,33,46,21,7,7,7,20,109,,,Team Totals,240,.503,.476,.417,.117,24.5,73.3,46.9,50.0,7.1,12.5,6.1,100.0,110.9,120.0,,
https://www.basketball-reference.com/boxscores/202111090UTA.html,"9:00 PM, November 9, 2021",Utah Jazz,Atlanta Hawks,110,98,ATL,,,Team Totals,240,37,85,.435,18,35,.514,6,10,.600,6,26,32,22,6,5,13,18,98,,,Team Totals,240,.548,.541,.412,.118,14.3,76.5,42.1,59.5,6.4,11.6,12.7,100.0,104.8,117.7,,
https://www.basketball-reference.com/boxscores/202111090UTA.html,"9:00 PM, November 9, 2021",Utah Jazz,Atlanta Hawks,110,98,UTA,,,Team Totals,240,41,81,.506,15,38,.395,13,16,.813,8,36,44,21,8,4,15,20,110,,,Team Totals,240,.625,.599,.469,.198,23.5,85.7,57.9,51.2,8.6,8.0,14.6,100.0,117.7,104.8,,
https://www.basketball-reference.com/boxscores/202111100BOS.html,"7:30 PM, November 10, 2021",Boston Celtics,Toronto Raptors,104,88,TOR,,,Team Totals,240,33,77,.429,6,25,.240,16,19,.842,6,35,41,20,8,8,18,17,88,,,Team Totals,240,.515,.468,.325,.247,15.8,74.5,48.2,60.6,8.2,12.3,17.4,100.0,89.8,106.1,,
https://www.basketball-reference.com/boxscores/202111100BOS.html,"7:30 PM, November 10, 2021",Boston Celtics,Toronto Raptors,104,88,BOS,,,Team Totals,240,42,94,.447,10,29,.345,10,15,.667,12,32,44,21,10,5,15,13,104,,,Team Totals,240,.517,.500,.309,.160,25.5,84.2,51.8,50.0,10.2,9.6,13.0,100.0,106.1,89.8,,
https://www.basketball-reference.com/boxscores/202111100CHI.html,"8:00 PM, November 10, 2021",Chicago Bulls,Dallas Mavericks,117,107,DAL,,,Team Totals,240,38,83,.458,12,33,.364,19,24,.792,8,35,43,23,9,4,12,16,107,,,Team Totals,240,.572,.530,.398,.289,17.4,81.4,48.3,60.5,9.3,6.9,11.4,100.0,110.8,121.2,,
https://www.basketball-reference.com/boxscores/202111100CHI.html,"8:00 PM, November 10, 2021",Chicago Bulls,Dallas Mavericks,117,107,CHI,,,Team Totals,240,45,89,.506,15,31,.484,12,14,.857,8,38,46,26,9,2,11,15,117,,,Team Totals,240,.615,.590,.348,.157,18.6,82.6,51.7,57.8,9.3,4.0,10.4,100.0,121.2,110.8,,
https://www.basketball-reference.com/boxscores/202111100CLE.html,"7:00 PM, November 10, 2021",Cleveland Cavaliers,Washington Wizards,94,97,WAS,,,Team Totals,240,35,84,.417,10,28,.357,17,17,1.000,12,37,49,25,9,2,12,20,97,,,Team Totals,240,.530,.476,.333,.202,26.1,86.0,55.1,71.4,9.9,4.4,11.6,100.0,106.4,103.1,,
https://www.basketball-reference.com/boxscores/202111100CLE.html,"7:00 PM, November 10, 2021",Cleveland Cavaliers,Washington Wizards,94,97,CLE,,,Team Totals,240,35,76,.461,9,31,.290,15,21,.714,6,34,40,21,7,4,15,18,94,,,Team Totals,240,.551,.520,.408,.276,14.0,73.9,44.9,60.0,7.7,7.1,15.0,100.0,103.1,106.4,,
https://www.basketball-reference.com/boxscores/202111100DEN.html,"9:00 PM, November 10, 2021",Denver Nuggets,Indiana Pacers,101,98,IND,,,Team Totals,240,40,84,.476,11,31,.355,7,11,.636,10,38,48,22,5,11,15,19,98,,,Team Totals,240,.552,.542,.369,.131,26.3,77.6,55.2,55.0,5.5,20.4,14.4,100.0,108.0,111.3,,
https://www.basketball-reference.com/boxscores/202111100DEN.html,"9:00 PM, November 10, 2021",Denver Nuggets,Indiana Pacers,101,98,DEN,,,Team Totals,240,36,84,.429,12,30,.400,17,20,.850,11,28,39,19,5,4,10,14,101,,,Team Totals,240,.544,.500,.357,.238,22.4,73.7,44.8,52.8,5.5,7.5,9.7,100.0,111.3,108.0,,
https://www.basketball-reference.com/boxscores/202111100GSW.html,"10:00 PM, November 10, 2021",Golden State Warriors,Minnesota Timberwolves,123,110,MIN,,,Team Totals,240,39,95,.411,17,44,.386,15,20,.750,17,23,40,30,8,4,17,28,110,,,Team Totals,240,.530,.500,.463,.211,34.0,53.5,43.0,76.9,8.2,8.9,14.1,100.0,113.3,126.7,,
https://www.basketball-reference.com/boxscores/202111100GSW.html,"10:00 PM, November 10, 2021",Golden State Warriors,Minnesota Timberwolves,123,110,GSW,,,Team Totals,240,40,85,.471,11,40,.275,32,40,.800,20,33,53,23,14,6,16,21,123,,,Team Totals,240,.599,.535,.471,.471,46.5,66.0,57.0,57.5,14.4,11.8,13.5,100.0,126.7,113.3,,
https://www.basketball-reference.com/boxscores/202111100HOU.html,"7:30 PM, November 10, 2021",Houston Rockets,Detroit Pistons,104,112,DET,,,Team Totals,240,42,97,.433,16,48,.333,12,18,.667,16,33,49,23,6,6,14,26,112,,,Team Totals,240,.534,.515,.495,.186,32.0,80.5,53.8,54.8,6.0,12.5,11.8,100.0,111.4,103.4,,
https://www.basketball-reference.com/boxscores/202111100HOU.html,"7:30 PM, November 10, 2021",Houston Rockets,Detroit Pistons,104,112,HOU,,,Team Totals,240,35,82,.427,12,34,.353,22,34,.647,8,34,42,17,5,5,16,20,104,,,Team Totals,240,.536,.500,.415,.415,19.5,68.0,46.2,48.6,5.0,10.2,14.2,100.0,103.4,111.4,,
https://www.basketball-reference.com/boxscores/202111100LAL.html,"10:00 PM, November 10, 2021",Los Angeles Lakers,Miami Heat,120,117,MIA,,,Team Totals,265,40,96,.417,10,37,.270,27,35,.771,11,36,47,26,14,2,14,25,117,,,Team Totals,265,.525,.469,.385,.365,21.2,80.0,48.5,65.0,12.6,3.7,11.2,100.0,105.0,107.7,,
https://www.basketball-reference.com/boxscores/202111100LAL.html,"10:00 PM, November 10, 2021",Los Angeles Lakers,Miami Heat,120,117,LAL,,,Team Totals,265,46,92,.500,18,38,.474,10,16,.625,9,41,50,26,5,6,23,27,120,,,Team Totals,265,.606,.598,.413,.174,20.0,78.8,51.5,56.5,4.5,10.2,18.8,100.0,107.7,105.0,,
https://www.basketball-reference.com/boxscores/202111100MEM.html,"8:00 PM, November 10, 2021",Memphis Grizzlies,Charlotte Hornets,108,118,CHO,,,Team Totals,240,41,90,.456,15,36,.417,21,24,.875,9,40,49,32,13,7,17,16,118,,,Team Totals,240,.587,.539,.400,.267,19.6,66.7,46.2,78.0,12.2,10.1,14.5,100.0,110.7,101.3,,
https://www.basketball-reference.com/boxscores/202111100MEM.html,"8:00 PM, November 10, 2021",Memphis Grizzlies,Charlotte Hornets,108,118,MEM,,,Team Totals,240,45,107,.421,9,38,.237,9,15,.600,20,37,57,27,14,8,16,18,108,,,Team Totals,240,.475,.463,.355,.140,33.3,80.4,53.8,60.0,13.1,14.8,12.3,100.0,101.3,110.7,,
https://www.basketball-reference.com/boxscores/202111100NOP.html,"8:00 PM, November 10, 2021",New Orleans Pelicans,Oklahoma City Thunder,100,108,OKC,,,Team Totals,240,37,87,.425,10,34,.294,24,30,.800,13,43,56,23,6,4,18,23,108,,,Team Totals,240,.539,.483,.391,.345,29.5,69.4,52.8,62.2,6.0,6.5,15.2,100.0,107.8,99.8,,
https://www.basketball-reference.com/boxscores/202111100NOP.html,"8:00 PM, November 10, 2021",New Orleans Pelicans,Oklahoma City Thunder,100,108,NOP,,,Team Totals,240,34,97,.351,9,35,.257,23,32,.719,19,31,50,24,13,5,10,20,100,,,Team Totals,240,.450,.397,.361,.330,30.6,70.5,47.2,70.6,13.0,9.4,8.3,100.0,99.8,107.8,,
https://www.basketball-reference.com/boxscores/202111100NYK.html,"7:30 PM, November 10, 2021",New York Knicks,Milwaukee Bucks,100,112,MIL,,,Team Totals,240,40,90,.444,26,50,.520,6,9,.667,13,37,50,29,4,4,15,17,112,,,Team Totals,240,.596,.589,.556,.100,29.5,84.1,56.8,72.5,4.3,8.7,13.8,100.0,120.7,107.8,,
https://www.basketball-reference.com/boxscores/202111100NYK.html,"7:30 PM, November 10, 2021",New York Knicks,Milwaukee Bucks,100,112,NYK,,,Team Totals,240,36,83,.434,16,37,.432,12,17,.706,7,31,38,19,9,10,11,17,100,,,Team Totals,240,.553,.530,.446,.205,15.9,70.5,43.2,52.8,9.7,25.0,10.8,100.0,107.8,120.7,,
https://www.basketball-reference.com/boxscores/202111100ORL.html,"7:00 PM, November 10, 2021",Orlando Magic,Brooklyn Nets,90,123,BRK,,,Team Totals,240,46,91,.505,16,37,.432,15,17,.882,8,41,49,29,8,5,15,18,123,,,Team Totals,240,.624,.593,.407,.187,17.8,77.4,50.0,63.0,7.7,8.5,13.2,100.0,117.7,86.1,,
https://www.basketball-reference.com/boxscores/202111100ORL.html,"7:00 PM, November 10, 2021",Orlando Magic,Brooklyn Nets,90,123,ORL,,,Team Totals,240,35,92,.380,4,33,.121,16,24,.667,12,37,49,19,10,3,17,18,90,,,Team Totals,240,.439,.402,.359,.261,22.6,82.2,50.0,54.3,9.6,5.6,14.2,100.0,86.1,117.7,,
https://www.basketball-reference.com/boxscores/202111100PHO.html,"9:00 PM, November 10, 2021",Phoenix Suns,Portland Trail Blazers,119,109,POR,,,Team Totals,240,44,91,.484,7,30,.233,14,16,.875,14,32,46,24,5,2,16,21,109,,,Team Totals,240,.556,.522,.330,.176,31.8,78.0,54.1,54.5,5.1,3.0,14.0,100.0,110.9,121.0,,
https://www.basketball-reference.com/boxscores/202111100PHO.html,"9:00 PM, November 10, 2021",Phoenix Suns,Portland Trail Blazers,119,109,PHO,,,Team Totals,240,49,94,.521,11,28,.393,10,12,.833,9,30,39,27,6,6,11,20,119,,,Team Totals,240,.599,.580,.298,.128,22.0,68.2,45.9,55.1,6.1,9.8,10.0,100.0,121.0,110.9,,
https://www.basketball-reference.com/boxscores/202111100SAS.html,"8:30 PM, November 10, 2021",San Antonio Spurs,Sacramento Kings,136,117,SAC,,,Team Totals,240,47,91,.516,10,36,.278,13,16,.813,11,33,44,20,4,6,15,26,117,,,Team Totals,240,.597,.571,.396,.176,26.2,73.3,50.6,42.6,4.0,10.0,13.3,100.0,116.9,135.9,,
https://www.basketball-reference.com/boxscores/202111100SAS.html,"8:30 PM, November 10, 2021",San Antonio Spurs,Sacramento Kings,136,117,SAS,,,Team Totals,240,49,92,.533,18,32,.563,20,31,.645,12,31,43,34,11,3,8,16,136,,,Team Totals,240,.644,.630,.348,.337,26.7,73.8,49.4,69.4,11.0,5.5,7.0,100.0,135.9,116.9,,
https://www.basketball-reference.com/boxscores/202111110LAC.html,"10:30 PM, November 11, 2021",Los Angeles Clippers,Miami Heat,112,109,MIA,,,Team Totals,240,43,97,.443,9,41,.220,14,17,.824,18,32,50,18,9,4,15,21,109,,,Team Totals,240,.522,.490,.423,.175,35.3,78.0,54.3,41.9,9.1,7.4,12.6,100.0,110.7,113.7,,
https://www.basketball-reference.com/boxscores/202111110LAC.html,"10:30 PM, November 11, 2021",Los Angeles Clippers,Miami Heat,112,109,LAC,,,Team Totals,240,43,91,.473,11,37,.297,15,17,.882,9,33,42,20,9,9,12,14,112,,,Team Totals,240,.569,.533,.407,.187,22.0,64.7,45.7,46.5,9.1,16.1,10.9,100.0,113.7,110.7,,
https://www.basketball-reference.com/boxscores/202111110PHI.html,"7:00 PM, November 11, 2021",Philadelphia 76ers,Toronto Raptors,109,115,TOR,,,Team Totals,240,42,96,.438,14,33,.424,17,17,1.000,16,31,47,25,10,7,12,18,115,,,Team Totals,240,.556,.510,.344,.177,34.8,77.5,54.7,59.5,10.5,13.0,10.4,100.0,120.6,114.3,,
https://www.basketball-reference.com/boxscores/202111110PHI.html,"7:00 PM, November 11, 2021",Philadelphia 76ers,Toronto Raptors,109,115,PHI,,,Team Totals,240,40,88,.455,11,34,.324,18,19,.947,9,30,39,29,8,8,12,16,109,,,Team Totals,240,.566,.517,.386,.216,22.5,65.2,45.3,72.5,8.4,12.7,11.1,100.0,114.3,120.6,,
https://www.basketball-reference.com/boxscores/202111110UTA.html,"9:00 PM, November 11, 2021",Utah Jazz,Indiana Pacers,100,111,IND,,,Team Totals,240,43,96,.448,11,31,.355,14,19,.737,15,38,53,19,7,5,13,23,111,,,Team Totals,240,.532,.505,.323,.198,33.3,84.4,58.9,44.2,7.2,9.8,11.1,100.0,114.1,102.8,,
https://www.basketball-reference.com/boxscores/202111110UTA.html,"9:00 PM, November 11, 2021",Utah Jazz,Indiana Pacers,100,111,UTA,,,Team Totals,240,39,83,.470,9,32,.281,13,23,.565,7,30,37,22,6,4,12,16,100,,,Team Totals,240,.537,.524,.386,.277,15.6,66.7,41.1,56.4,6.2,6.2,11.4,100.0,102.8,114.1,,
https://www.basketball-reference.com/boxscores/202111120BOS.html,"7:30 PM, November 12, 2021",Boston Celtics,Milwaukee Bucks,122,113,MIL,,,Team Totals,265,44,98,.449,16,47,.340,9,11,.818,12,27,39,23,7,3,13,19,113,,,Team Totals,265,.549,.531,.480,.112,24.5,62.8,42.4,52.3,6.9,5.5,11.2,100.0,111.9,120.8,,
https://www.basketball-reference.com/boxscores/202111120BOS.html,"7:30 PM, November 12, 2021",Boston Celtics,Milwaukee Bucks,122,113,BOS,,,Team Totals,265,47,96,.490,12,41,.293,16,18,.889,16,37,53,22,5,7,17,12,122,,,Team Totals,265,.587,.552,.427,.188,37.2,75.5,57.6,46.8,5.0,13.7,14.1,100.0,120.8,111.9,,
https://www.basketball-reference.com/boxscores/202111120CHO.html,"7:00 PM, November 12, 2021",Charlotte Hornets,New York Knicks,104,96,NYK,,,Team Totals,240,36,93,.387,13,35,.371,11,18,.611,14,37,51,17,8,5,19,22,96,,,Team Totals,240,.476,.457,.376,.194,27.5,75.5,51.0,47.2,7.9,9.3,15.8,100.0,94.7,102.6,,
https://www.basketball-reference.com/boxscores/202111120CHO.html,"7:00 PM, November 12, 2021",Charlotte Hornets,New York Knicks,104,96,CHO,,,Team Totals,240,39,90,.433,10,36,.278,16,24,.667,12,37,49,25,10,5,14,18,104,,,Team Totals,240,.517,.489,.400,.267,24.5,72.5,49.0,64.1,9.9,8.6,12.2,100.0,102.6,94.7,,
https://www.basketball-reference.com/boxscores/202111120CLE.html,"7:30 PM, November 12, 2021",Cleveland Cavaliers,Detroit Pistons,98,78,DET,,,Team Totals,240,29,79,.367,9,30,.300,11,13,.846,10,33,43,18,12,5,23,13,78,,,Team Totals,240,.460,.424,.380,.165,23.8,80.5,51.8,62.1,12.5,12.2,21.4,100.0,81.2,102.0,,
https://www.basketball-reference.com/boxscores/202111120CLE.html,"7:30 PM, November 12, 2021",Cleveland Cavaliers,Detroit Pistons,98,78,CLE,,,Team Totals,240,39,82,.476,14,41,.341,6,9,.667,8,32,40,27,12,6,21,11,98,,,Team Totals,240,.570,.561,.500,.110,19.5,76.2,48.2,69.2,12.5,12.2,19.6,100.0,102.0,81.2,,
https://www.basketball-reference.com/boxscores/202111120DEN.html,"9:00 PM, November 12, 2021",Denver Nuggets,Atlanta Hawks,105,96,ATL,,,Team Totals,240,38,93,.409,5,28,.179,15,21,.714,14,36,50,20,2,5,8,20,96,,,Team Totals,240,.469,.435,.301,.226,26.4,78.3,50.5,52.6,2.1,9.1,7.3,100.0,102.0,111.6,,
https://www.basketball-reference.com/boxscores/202111120DEN.html,"9:00 PM, November 12, 2021",Denver Nuggets,Atlanta Hawks,105,96,DEN,,,Team Totals,240,40,90,.444,10,35,.286,15,20,.750,10,39,49,26,6,5,8,21,105,,,Team Totals,240,.531,.500,.389,.222,21.7,73.6,49.5,65.0,6.4,7.7,7.5,100.0,111.6,102.0,,
https://www.basketball-reference.com/boxscores/202111120GSW.html,"10:00 PM, November 12, 2021",Golden State Warriors,Chicago Bulls,119,93,CHI,,,Team Totals,240,34,78,.436,8,27,.296,17,22,.773,7,31,38,18,9,2,20,16,93,,,Team Totals,240,.530,.487,.346,.282,16.7,72.1,44.7,52.9,9.0,4.3,18.6,100.0,93.0,119.0,,
https://www.basketball-reference.com/boxscores/202111120GSW.html,"10:00 PM, November 12, 2021",Golden State Warriors,Chicago Bulls,119,93,GSW,,,Team Totals,240,45,93,.484,15,46,.326,14,16,.875,12,35,47,27,15,3,16,15,119,,,Team Totals,240,.595,.565,.495,.172,27.9,83.3,55.3,60.0,15.0,5.9,13.8,100.0,119.0,93.0,,
https://www.basketball-reference.com/boxscores/202111120HOU.html,"8:00 PM, November 12, 2021",Houston Rockets,Portland Trail Blazers,92,104,POR,,,Team Totals,240,34,87,.391,11,36,.306,25,31,.806,11,41,52,21,10,4,14,27,104,,,Team Totals,240,.517,.454,.414,.356,21.6,82.0,51.5,61.8,10.0,7.5,12.2,100.0,103.9,91.9,,
https://www.basketball-reference.com/boxscores/202111120HOU.html,"8:00 PM, November 12, 2021",Houston Rockets,Portland Trail Blazers,92,104,HOU,,,Team Totals,240,34,85,.400,7,32,.219,17,27,.630,9,40,49,13,6,6,13,23,92,,,Team Totals,240,.475,.441,.376,.318,18.0,78.4,48.5,38.2,6.0,11.8,11.8,100.0,91.9,103.9,,
https://www.basketball-reference.com/boxscores/202111120LAL.html,"10:30 PM, November 12, 2021",Los Angeles Lakers,Minnesota Timberwolves,83,107,MIN,,,Team Totals,240,43,94,.457,12,37,.324,9,12,.750,14,40,54,24,10,4,16,21,107,,,Team Totals,240,.539,.521,.394,.128,29.8,78.4,55.1,55.8,10.2,9.8,13.9,100.0,109.0,84.6,,
https://www.basketball-reference.com/boxscores/202111120LAL.html,"10:30 PM, November 12, 2021",Los Angeles Lakers,Minnesota Timberwolves,83,107,LAL,,,Team Totals,240,29,82,.354,9,41,.220,16,20,.800,11,33,44,17,12,8,20,14,83,,,Team Totals,240,.457,.409,.500,.244,21.6,70.2,44.9,58.6,12.2,14.0,18.1,100.0,84.6,109.0,,
https://www.basketball-reference.com/boxscores/202111120MEM.html,"8:00 PM, November 12, 2021",Memphis Grizzlies,Phoenix Suns,94,119,PHO,,,Team Totals,240,46,94,.489,18,37,.486,9,9,1.000,4,42,46,28,12,6,12,22,119,,,Team Totals,240,.607,.585,.394,.096,8.7,71.2,43.8,60.9,11.5,9.2,10.9,100.0,114.1,90.2,,
https://www.basketball-reference.com/boxscores/202111120MEM.html,"8:00 PM, November 12, 2021",Memphis Grizzlies,Phoenix Suns,94,119,MEM,,,Team Totals,240,37,98,.378,7,33,.212,13,23,.565,17,42,59,19,6,6,15,16,94,,,Team Totals,240,.435,.413,.337,.235,28.8,91.3,56.2,51.4,5.8,10.5,12.2,100.0,90.2,114.1,,
https://www.basketball-reference.com/boxscores/202111120NOP.html,"8:00 PM, November 12, 2021",New Orleans Pelicans,Brooklyn Nets,112,120,BRK,,,Team Totals,240,41,82,.500,18,34,.529,20,27,.741,7,27,34,27,9,4,12,20,120,,,Team Totals,240,.639,.610,.415,.329,18.4,69.2,44.2,65.9,9.4,7.1,11.3,100.0,124.8,116.5,,
https://www.basketball-reference.com/boxscores/202111120NOP.html,"8:00 PM, November 12, 2021",New Orleans Pelicans,Brooklyn Nets,112,120,NOP,,,Team Totals,240,43,88,.489,13,32,.406,13,16,.813,12,31,43,26,6,5,16,26,112,,,Team Totals,240,.589,.563,.364,.182,30.8,81.6,55.8,60.5,6.2,10.4,14.4,100.0,116.5,124.8,,
https://www.basketball-reference.com/boxscores/202111120OKC.html,"8:00 PM, November 12, 2021",Oklahoma City Thunder,Sacramento Kings,105,103,SAC,,,Team Totals,240,38,95,.400,14,41,.341,13,17,.765,11,38,49,20,5,7,14,12,103,,,Team Totals,240,.503,.474,.432,.179,23.4,70.4,48.5,52.6,5.0,10.1,12.0,100.0,103.8,105.8,,
https://www.basketball-reference.com/boxscores/202111120OKC.html,"8:00 PM, November 12, 2021",Oklahoma City Thunder,Sacramento Kings,105,103,OKC,,,Team Totals,240,42,99,.424,10,30,.333,11,15,.733,16,36,52,13,8,6,10,18,105,,,Team Totals,240,.497,.475,.303,.152,29.6,76.6,51.5,31.0,8.1,11.1,8.7,100.0,105.8,103.8,,
https://www.basketball-reference.com/boxscores/202111120SAS.html,"8:30 PM, November 12, 2021",San Antonio Spurs,Dallas Mavericks,109,123,DAL,,,Team Totals,240,46,100,.460,18,45,.400,13,19,.684,10,38,48,30,9,7,6,18,123,,,Team Totals,240,.568,.550,.450,.190,20.8,92.7,53.9,65.2,8.9,13.0,5.2,100.0,121.1,107.3,,
https://www.basketball-reference.com/boxscores/202111120SAS.html,"8:30 PM, November 12, 2021",San Antonio Spurs,Dallas Mavericks,109,123,SAS,,,Team Totals,240,41,84,.488,13,30,.433,14,20,.700,3,38,41,30,3,3,13,17,109,,,Team Totals,240,.587,.565,.357,.238,7.3,79.2,46.1,73.2,3.0,5.5,12.3,100.0,107.3,121.1,,
https://www.basketball-reference.com/boxscores/202111130CLE.html,"8:00 PM, November 13, 2021",Cleveland Cavaliers,Boston Celtics,91,89,BOS,,,Team Totals,240,33,78,.423,6,23,.261,17,18,.944,10,37,47,20,7,3,20,16,89,,,Team Totals,240,.518,.462,.295,.231,25.0,80.4,54.7,60.6,7.6,7.0,18.9,100.0,97.0,99.2,,
https://www.basketball-reference.com/boxscores/202111130CLE.html,"8:00 PM, November 13, 2021",Cleveland Cavaliers,Boston Celtics,91,89,CLE,,,Team Totals,240,31,81,.383,10,38,.263,19,22,.864,9,30,39,17,10,4,11,19,91,,,Team Totals,240,.502,.444,.469,.272,19.6,75.0,45.3,54.8,10.9,7.3,10.8,100.0,99.2,97.0,,
https://www.basketball-reference.com/boxscores/202111130IND.html,"7:00 PM, November 13, 2021",Indiana Pacers,Philadelphia 76ers,118,113,PHI,,,Team Totals,240,38,89,.427,12,23,.522,25,29,.862,18,28,46,16,11,2,14,22,113,,,Team Totals,240,.555,.494,.258,.326,37.5,80.0,55.4,42.1,11.6,3.7,12.1,100.0,119.2,124.4,,
https://www.basketball-reference.com/boxscores/202111130IND.html,"7:00 PM, November 13, 2021",Indiana Pacers,Philadelphia 76ers,118,113,IND,,,Team Totals,240,47,82,.573,14,28,.500,10,15,.667,7,30,37,33,7,10,15,21,118,,,Team Totals,240,.666,.659,.341,.183,20.0,62.5,44.6,70.2,7.4,15.2,14.5,100.0,124.4,119.2,,
https://www.basketball-reference.com/boxscores/202111130LAC.html,"10:30 PM, November 13, 2021",Los Angeles Clippers,Minnesota Timberwolves,129,102,MIN,,,Team Totals,240,40,102,.392,11,36,.306,11,16,.688,12,29,41,25,8,6,11,15,102,,,Team Totals,240,.468,.446,.353,.157,20.7,72.5,41.8,62.5,7.7,10.2,9.2,100.0,97.7,123.6,,
https://www.basketball-reference.com/boxscores/202111130LAC.html,"10:30 PM, November 13, 2021",Los Angeles Clippers,Minnesota Timberwolves,129,102,LAC,,,Team Totals,240,53,99,.535,16,40,.400,7,9,.778,11,46,57,35,6,8,14,17,129,,,Team Totals,240,.626,.616,.404,.091,27.5,79.3,58.2,66.0,5.7,12.1,12.0,100.0,123.6,97.7,,
https://www.basketball-reference.com/boxscores/202111130NOP.html,"7:00 PM, November 13, 2021",New Orleans Pelicans,Memphis Grizzlies,112,101,MEM,,,Team Totals,240,38,88,.432,8,24,.333,17,21,.810,13,26,39,21,6,6,9,19,101,,,Team Totals,240,.519,.477,.273,.239,31.0,76.5,51.3,55.3,6.6,12.0,8.5,100.0,111.3,123.4,,
https://www.basketball-reference.com/boxscores/202111130NOP.html,"7:00 PM, November 13, 2021",New Orleans Pelicans,Memphis Grizzlies,112,101,NOP,,,Team Totals,240,38,79,.481,14,29,.483,22,25,.880,8,29,37,29,5,6,14,22,112,,,Team Totals,240,.622,.570,.367,.316,23.5,69.0,48.7,76.3,5.5,9.4,13.5,100.0,123.4,111.3,,
https://www.basketball-reference.com/boxscores/202111130ORL.html,"7:00 PM, November 13, 2021",Orlando Magic,Washington Wizards,92,104,WAS,,,Team Totals,240,42,84,.500,12,35,.343,8,10,.800,7,41,48,29,6,7,16,17,104,,,Team Totals,240,.588,.571,.417,.119,18.9,74.5,52.2,69.0,6.3,13.5,15.3,100.0,108.4,95.9,,
https://www.basketball-reference.com/boxscores/202111130ORL.html,"7:00 PM, November 13, 2021",Orlando Magic,Washington Wizards,92,104,ORL,,,Team Totals,240,31,92,.337,13,40,.325,17,20,.850,14,30,44,21,7,5,13,15,92,,,Team Totals,240,.456,.408,.435,.217,25.5,81.1,47.8,67.7,7.3,10.2,11.4,100.0,95.9,108.4,,
https://www.basketball-reference.com/boxscores/202111130TOR.html,"7:30 PM, November 13, 2021",Toronto Raptors,Detroit Pistons,121,127,DET,,,Team Totals,240,43,79,.544,15,35,.429,26,30,.867,9,25,34,34,5,6,14,23,127,,,Team Totals,240,.689,.639,.443,.380,27.3,62.5,46.6,79.1,5.3,11.3,13.2,100.0,133.9,127.6,,
https://www.basketball-reference.com/boxscores/202111130TOR.html,"7:30 PM, November 13, 2021",Toronto Raptors,Detroit Pistons,121,127,TOR,,,Team Totals,240,44,87,.506,13,34,.382,20,31,.645,15,24,39,21,9,1,13,25,121,,,Team Totals,240,.601,.580,.391,.356,37.5,72.7,53.4,47.7,9.5,2.3,11.4,100.0,127.6,133.9,,
https://www.basketball-reference.com/boxscores/202111130UTA.html,"5:00 PM, November 13, 2021",Utah Jazz,Miami Heat,105,111,MIA,,,Team Totals,240,42,85,.494,13,33,.394,14,16,.875,13,35,48,23,6,3,21,25,111,,,Team Totals,240,.603,.571,.388,.188,33.3,74.5,55.8,54.8,6.1,9.4,18.6,100.0,113.6,107.5,,
https://www.basketball-reference.com/boxscores/202111130UTA.html,"5:00 PM, November 13, 2021",Utah Jazz,Miami Heat,105,111,UTA,,,Team Totals,240,35,85,.412,17,53,.321,18,25,.720,12,26,38,23,13,2,17,19,105,,,Team Totals,240,.547,.512,.624,.294,25.5,66.7,44.2,65.7,13.3,3.8,15.0,100.0,107.5,113.6,,
https://www.basketball-reference.com/boxscores/202111140ATL.html,"6:00 PM, November 14, 2021",Atlanta Hawks,Milwaukee Bucks,120,100,MIL,,,Team Totals,240,38,84,.452,14,41,.341,10,16,.625,4,26,30,24,8,3,11,17,100,,,Team Totals,240,.549,.536,.488,.190,10.0,63.4,37.0,63.2,8.3,4.8,10.8,100.0,104.1,124.9,,
https://www.basketball-reference.com/boxscores/202111140ATL.html,"6:00 PM, November 14, 2021",Atlanta Hawks,Milwaukee Bucks,120,100,ATL,,,Team Totals,240,47,97,.485,15,35,.429,11,13,.846,15,36,51,21,6,1,13,19,120,,,Team Totals,240,.584,.562,.361,.134,36.6,90.0,63.0,44.7,6.2,2.3,11.2,100.0,124.9,104.1,,
https://www.basketball-reference.com/boxscores/202111140CHO.html,"7:00 PM, November 14, 2021",Charlotte Hornets,Golden State Warriors,106,102,GSW,,,Team Totals,240,38,90,.422,9,39,.231,17,25,.680,11,38,49,31,8,7,15,17,102,,,Team Totals,240,.505,.472,.433,.278,23.9,90.5,55.7,81.6,7.9,13.5,12.9,100.0,100.6,104.5,,
https://www.basketball-reference.com/boxscores/202111140CHO.html,"7:00 PM, November 14, 2021",Charlotte Hornets,Golden State Warriors,106,102,CHO,,,Team Totals,240,42,88,.477,14,36,.389,8,12,.667,4,35,39,23,10,2,13,21,106,,,Team Totals,240,.568,.557,.409,.136,9.5,76.1,44.3,54.8,9.9,3.9,12.2,100.0,104.5,100.6,,
https://www.basketball-reference.com/boxscores/202111140DEN.html,"8:00 PM, November 14, 2021",Denver Nuggets,Portland Trail Blazers,124,95,POR,,,Team Totals,240,35,80,.438,13,39,.333,12,13,.923,8,28,36,22,8,4,13,15,95,,,Team Totals,240,.554,.519,.488,.163,18.6,66.7,42.4,62.9,8.9,8.0,13.2,100.0,105.3,137.4,,
https://www.basketball-reference.com/boxscores/202111140DEN.html,"8:00 PM, November 14, 2021",Denver Nuggets,Portland Trail Blazers,124,95,DEN,,,Team Totals,240,47,90,.522,19,40,.475,11,14,.786,14,35,49,29,9,1,11,14,124,,,Team Totals,240,.645,.628,.444,.156,33.3,81.4,57.6,61.7,10.0,2.4,10.3,100.0,137.4,105.3,,
https://www.basketball-reference.com/boxscores/202111140HOU.html,"7:00 PM, November 14, 2021",Houston Rockets,Phoenix Suns,89,115,PHO,,,Team Totals,240,42,97,.433,14,40,.350,17,20,.850,12,40,52,19,16,7,10,19,115,,,Team Totals,240,.543,.505,.412,.206,23.5,81.6,52.0,45.2,15.5,13.2,8.6,100.0,111.4,86.2,,
https://www.basketball-reference.com/boxscores/202111140HOU.html,"7:00 PM, November 14, 2021",Houston Rockets,Phoenix Suns,89,115,HOU,,,Team Totals,240,35,85,.412,7,32,.219,12,18,.667,9,39,48,19,7,5,23,19,89,,,Team Totals,240,.479,.453,.376,.212,18.4,76.5,48.0,54.3,6.8,8.8,19.8,100.0,86.2,111.4,,
https://www.basketball-reference.com/boxscores/202111140LAC.html,"9:30 PM, November 14, 2021",Los Angeles Clippers,Chicago Bulls,90,100,CHI,,,Team Totals,240,38,86,.442,11,29,.379,13,14,.929,7,38,45,19,9,4,15,20,100,,,Team Totals,240,.543,.506,.337,.163,16.7,80.9,50.6,50.0,9.1,8.5,14.0,100.0,101.6,91.5,,
https://www.basketball-reference.com/boxscores/202111140LAC.html,"9:30 PM, November 14, 2021",Los Angeles Clippers,Chicago Bulls,90,100,LAC,,,Team Totals,240,29,81,.358,11,34,.324,21,21,1.000,9,35,44,16,7,7,20,15,90,,,Team Totals,240,.499,.426,.420,.259,19.1,83.3,49.4,55.2,7.1,12.3,18.1,100.0,91.5,101.6,,
https://www.basketball-reference.com/boxscores/202111140LAL.html,"3:30 PM, November 14, 2021",Los Angeles Lakers,San Antonio Spurs,114,106,SAS,,,Team Totals,240,40,90,.444,16,36,.444,10,15,.667,11,32,43,28,9,2,15,17,106,,,Team Totals,240,.549,.533,.400,.167,22.9,78.0,48.3,70.0,9.2,3.8,13.4,100.0,108.6,116.8,,
https://www.basketball-reference.com/boxscores/202111140LAL.html,"3:30 PM, November 14, 2021",Los Angeles Lakers,San Antonio Spurs,114,106,LAL,,,Team Totals,240,43,83,.518,15,31,.484,13,17,.765,9,37,46,28,6,5,16,16,114,,,Team Totals,240,.630,.608,.373,.205,22.0,77.1,51.7,65.1,6.1,9.3,15.0,100.0,116.8,108.6,,
https://www.basketball-reference.com/boxscores/202111140OKC.html,"7:00 PM, November 14, 2021",Oklahoma City Thunder,Brooklyn Nets,96,120,BRK,,,Team Totals,240,41,82,.500,18,43,.419,20,21,.952,7,37,44,31,8,3,15,15,120,,,Team Totals,240,.658,.610,.524,.256,17.1,78.7,50.0,75.6,8.2,6.7,14.1,100.0,123.7,99.0,,
https://www.basketball-reference.com/boxscores/202111140OKC.html,"7:00 PM, November 14, 2021",Oklahoma City Thunder,Brooklyn Nets,96,120,OKC,,,Team Totals,240,36,90,.400,14,45,.311,10,11,.909,10,34,44,20,9,2,14,22,96,,,Team Totals,240,.506,.478,.500,.122,21.3,82.9,50.0,55.6,9.3,5.1,12.9,100.0,99.0,123.7,,
https://www.basketball-reference.com/boxscores/202111150ATL.html,"7:30 PM, November 15, 2021",Atlanta Hawks,Orlando Magic,129,111,ORL,,,Team Totals,240,43,95,.453,16,43,.372,9,14,.643,12,29,41,30,8,5,16,27,111,,,Team Totals,240,.549,.537,.453,.147,24.5,76.3,47.1,69.8,7.9,9.1,13.7,100.0,109.8,127.6,,
https://www.basketball-reference.com/boxscores/202111150ATL.html,"7:30 PM, November 15, 2021",Atlanta Hawks,Orlando Magic,129,111,ATL,,,Team Totals,240,47,85,.553,14,30,.467,21,32,.656,9,37,46,32,10,7,11,17,129,,,Team Totals,240,.651,.635,.353,.376,23.7,75.5,52.9,68.1,9.9,13.5,10.0,100.0,127.6,109.8,,
https://www.basketball-reference.com/boxscores/202111150CLE.html,"7:00 PM, November 15, 2021",Cleveland Cavaliers,Boston Celtics,92,98,BOS,,,Team Totals,240,36,78,.462,10,29,.345,16,20,.800,6,40,46,23,7,6,14,16,98,,,Team Totals,240,.565,.526,.372,.256,14.6,85.1,52.3,63.9,7.4,14.0,13.9,100.0,103.9,97.5,,
https://www.basketball-reference.com/boxscores/202111150CLE.html,"7:00 PM, November 15, 2021",Cleveland Cavaliers,Boston Celtics,92,98,CLE,,,Team Totals,240,32,83,.386,16,40,.400,12,16,.750,7,35,42,18,6,3,14,18,92,,,Team Totals,240,.511,.482,.482,.193,14.9,85.4,47.7,56.3,6.4,6.1,13.5,100.0,97.5,103.9,,
https://www.basketball-reference.com/boxscores/202111150DAL.html,"8:00 PM, November 15, 2021",Dallas Mavericks,Denver Nuggets,111,101,DEN,,,Team Totals,240,40,84,.476,9,32,.281,12,17,.706,10,36,46,20,4,5,12,16,101,,,Team Totals,240,.552,.530,.381,.202,22.7,78.3,51.1,50.0,4.3,9.3,11.6,100.0,109.4,120.2,,
https://www.basketball-reference.com/boxscores/202111150DAL.html,"8:00 PM, November 15, 2021",Dallas Mavericks,Denver Nuggets,111,101,DAL,,,Team Totals,240,45,90,.500,14,36,.389,7,10,.700,10,34,44,30,7,2,9,19,111,,,Team Totals,240,.588,.578,.400,.111,21.7,77.3,48.9,66.7,7.6,3.8,8.7,100.0,120.2,109.4,,
https://www.basketball-reference.com/boxscores/202111150DET.html,"7:00 PM, November 15, 2021",Detroit Pistons,Sacramento Kings,107,129,SAC,,,Team Totals,240,52,98,.531,16,33,.485,9,11,.818,11,36,47,32,11,5,14,17,129,,,Team Totals,240,.627,.612,.337,.112,26.2,69.2,50.0,61.5,10.7,10.2,12.0,100.0,125.5,104.1,,
https://www.basketball-reference.com/boxscores/202111150DET.html,"7:00 PM, November 15, 2021",Detroit Pistons,Sacramento Kings,107,129,DET,,,Team Totals,240,39,96,.406,13,47,.277,16,17,.941,16,31,47,23,7,2,18,10,107,,,Team Totals,240,.517,.474,.490,.177,30.8,73.8,50.0,59.0,6.8,3.1,14.8,100.0,104.1,125.5,,
https://www.basketball-reference.com/boxscores/202111150LAL.html,"10:30 PM, November 15, 2021",Los Angeles Lakers,Chicago Bulls,103,121,CHI,,,Team Totals,240,49,89,.551,15,34,.441,8,11,.727,4,32,36,31,9,2,17,21,121,,,Team Totals,240,.645,.635,.382,.124,10.3,80.0,45.6,63.3,8.7,4.3,15.3,100.0,116.8,99.4,,
https://www.basketball-reference.com/boxscores/202111150LAL.html,"10:30 PM, November 15, 2021",Los Angeles Lakers,Chicago Bulls,103,121,LAL,,,Team Totals,240,36,79,.456,6,32,.188,25,31,.806,8,35,43,19,10,5,19,15,103,,,Team Totals,240,.556,.494,.405,.392,20.0,89.7,54.4,52.8,9.7,9.1,17.0,100.0,99.4,116.8,,
https://www.basketball-reference.com/boxscores/202111150MEM.html,"8:00 PM, November 15, 2021",Memphis Grizzlies,Houston Rockets,136,102,HOU,,,Team Totals,240,36,95,.379,11,38,.289,19,26,.731,14,32,46,24,6,5,18,16,102,,,Team Totals,240,.479,.437,.400,.274,25.0,82.1,48.4,66.7,5.6,9.1,14.5,100.0,95.7,127.6,,
https://www.basketball-reference.com/boxscores/202111150MEM.html,"8:00 PM, November 15, 2021",Memphis Grizzlies,Houston Rockets,136,102,MEM,,,Team Totals,240,52,96,.542,16,41,.390,16,20,.800,7,42,49,33,14,8,10,21,136,,,Team Totals,240,.649,.625,.427,.208,17.9,75.0,51.6,63.5,13.1,14.0,8.7,100.0,127.6,95.7,,
https://www.basketball-reference.com/boxscores/202111150MIN.html,"8:00 PM, November 15, 2021",Minnesota Timberwolves,Phoenix Suns,96,99,PHO,,,Team Totals,240,32,85,.376,7,31,.226,28,36,.778,14,38,52,21,8,2,15,23,99,,,Team Totals,240,.491,.418,.365,.424,25.5,74.5,49.1,65.6,7.9,4.9,12.9,100.0,98.0,95.0,,
https://www.basketball-reference.com/boxscores/202111150MIN.html,"8:00 PM, November 15, 2021",Minnesota Timberwolves,Phoenix Suns,96,99,MIN,,,Team Totals,240,31,85,.365,13,44,.295,21,27,.778,13,41,54,18,8,3,21,28,96,,,Team Totals,240,.495,.441,.518,.318,25.5,74.5,50.9,58.1,7.9,5.6,17.8,100.0,95.0,98.0,,
https://www.basketball-reference.com/boxscores/202111150NYK.html,"7:30 PM, November 15, 2021",New York Knicks,Indiana Pacers,92,84,IND,,,Team Totals,240,32,86,.372,8,37,.216,12,16,.750,9,35,44,16,6,6,9,15,84,,,Team Totals,240,.451,.419,.430,.186,19.1,81.4,48.9,50.0,6.6,11.5,8.8,100.0,92.0,100.8,,
https://www.basketball-reference.com/boxscores/202111150NYK.html,"7:30 PM, November 15, 2021",New York Knicks,Indiana Pacers,92,84,NYK,,,Team Totals,240,37,86,.430,11,34,.324,7,10,.700,8,38,46,22,1,5,12,15,92,,,Team Totals,240,.509,.494,.395,.116,18.6,80.9,51.1,59.5,1.1,10.2,11.7,100.0,100.8,92.0,,
https://www.basketball-reference.com/boxscores/202111150OKC.html,"8:00 PM, November 15, 2021",Oklahoma City Thunder,Miami Heat,90,103,MIA,,,Team Totals,240,37,82,.451,18,40,.450,11,13,.846,8,37,45,22,11,5,19,13,103,,,Team Totals,240,.587,.561,.488,.159,19.5,80.4,51.7,59.5,11.4,11.9,17.8,100.0,106.4,93.0,,
https://www.basketball-reference.com/boxscores/202111150OKC.html,"8:00 PM, November 15, 2021",Oklahoma City Thunder,Miami Heat,90,103,OKC,,,Team Totals,240,34,83,.410,15,41,.366,7,10,.700,9,33,42,26,6,10,20,15,90,,,Team Totals,240,.515,.500,.494,.120,19.6,80.5,48.3,76.5,6.2,23.8,18.6,100.0,93.0,106.4,,
https://www.basketball-reference.com/boxscores/202111150POR.html,"10:00 PM, November 15, 2021",Portland Trail Blazers,Toronto Raptors,118,113,TOR,,,Team Totals,240,41,89,.461,15,33,.455,16,18,.889,12,27,39,20,7,2,11,17,113,,,Team Totals,240,.583,.545,.371,.202,27.3,79.4,50.0,48.8,7.5,4.3,10.2,100.0,120.9,126.3,,
https://www.basketball-reference.com/boxscores/202111150POR.html,"10:00 PM, November 15, 2021",Portland Trail Blazers,Toronto Raptors,118,113,POR,,,Team Totals,240,46,82,.561,16,36,.444,10,14,.714,7,32,39,25,6,7,14,15,118,,,Team Totals,240,.669,.659,.439,.171,20.6,72.7,50.0,54.3,6.4,12.5,13.7,100.0,126.3,120.9,,
https://www.basketball-reference.com/boxscores/202111150WAS.html,"7:00 PM, November 15, 2021",Washington Wizards,New Orleans Pelicans,105,100,NOP,,,Team Totals,240,30,74,.405,11,21,.524,29,34,.853,7,38,45,20,2,3,12,25,100,,,Team Totals,240,.562,.480,.284,.459,16.3,86.4,51.7,66.7,2.2,5.4,11.9,100.0,107.9,113.3,,
https://www.basketball-reference.com/boxscores/202111150WAS.html,"7:00 PM, November 15, 2021",Washington Wizards,New Orleans Pelicans,105,100,WAS,,,Team Totals,240,39,84,.464,10,28,.357,17,25,.680,6,36,42,23,9,4,6,22,105,,,Team Totals,240,.553,.524,.333,.298,13.6,83.7,48.3,59.0,9.7,7.5,5.9,100.0,113.3,107.9,,
https://www.basketball-reference.com/boxscores/202111160BRK.html,"7:30 PM, November 16, 2021",Brooklyn Nets,Golden State Warriors,99,117,GSW,,,Team Totals,240,41,79,.519,13,40,.325,22,28,.786,9,44,53,25,4,8,22,27,117,,,Team Totals,240,.641,.601,.506,.354,23.7,83.0,58.2,61.0,3.9,15.4,19.4,100.0,115.0,97.3,,
https://www.basketball-reference.com/boxscores/202111160BRK.html,"7:30 PM, November 16, 2021",Brooklyn Nets,Golden State Warriors,99,117,BRK,,,Team Totals,240,34,88,.386,10,36,.278,21,27,.778,9,29,38,21,12,2,12,23,99,,,Team Totals,240,.496,.443,.409,.307,17.0,76.3,41.8,61.8,11.8,5.1,10.7,100.0,97.3,115.0,,
https://www.basketball-reference.com/boxscores/202111160LAC.html,"10:30 PM, November 16, 2021",Los Angeles Clippers,San Antonio Spurs,106,92,SAS,,,Team Totals,240,41,95,.432,5,22,.227,5,7,.714,6,35,41,26,10,4,16,17,92,,,Team Totals,240,.469,.458,.232,.074,11.5,85.4,44.1,63.4,9.3,8.5,14.0,100.0,85.8,98.9,,
https://www.basketball-reference.com/boxscores/202111160LAC.html,"10:30 PM, November 16, 2021",Los Angeles Clippers,San Antonio Spurs,106,92,LAC,,,Team Totals,240,37,85,.435,12,38,.316,20,22,.909,6,46,52,16,9,3,21,13,106,,,Team Totals,240,.560,.506,.447,.259,14.6,88.5,55.9,43.2,8.4,4.1,18.2,100.0,98.9,85.8,,
https://www.basketball-reference.com/boxscores/202111160UTA.html,"10:00 PM, November 16, 2021",Utah Jazz,Philadelphia 76ers,120,85,PHI,,,Team Totals,240,33,90,.367,6,29,.207,13,17,.765,6,36,42,19,5,5,9,16,85,,,Team Totals,240,.436,.400,.322,.189,10.7,85.7,42.9,57.6,5.0,9.8,8.5,100.0,84.9,119.8,,
https://www.basketball-reference.com/boxscores/202111160UTA.html,"10:00 PM, November 16, 2021",Utah Jazz,Philadelphia 76ers,120,85,UTA,,,Team Totals,240,46,89,.517,16,38,.421,12,19,.632,6,50,56,27,5,8,11,20,120,,,Team Totals,240,.616,.607,.427,.213,14.3,89.3,57.1,58.7,5.0,13.1,10.2,100.0,119.8,84.9,,
https://www.basketball-reference.com/boxscores/202111170ATL.html,"7:30 PM, November 17, 2021",Atlanta Hawks,Boston Celtics,110,99,BOS,,,Team Totals,240,37,84,.440,11,41,.268,14,17,.824,12,30,42,24,9,2,14,17,99,,,Team Totals,240,.541,.506,.488,.202,26.1,83.3,51.2,64.9,9.6,4.5,13.3,100.0,106.0,117.8,,
https://www.basketball-reference.com/boxscores/202111170ATL.html,"7:30 PM, November 17, 2021",Atlanta Hawks,Boston Celtics,110,99,ATL,,,Team Totals,240,41,81,.506,13,37,.351,15,18,.833,6,34,40,28,9,4,14,17,110,,,Team Totals,240,.619,.586,.457,.222,16.7,73.9,48.8,68.3,9.6,9.3,13.6,100.0,117.8,106.0,,
https://www.basketball-reference.com/boxscores/202111170BRK.html,"7:30 PM, November 17, 2021",Brooklyn Nets,Cleveland Cavaliers,109,99,CLE,,,Team Totals,240,35,89,.393,11,44,.250,18,21,.857,12,38,50,20,9,1,14,17,99,,,Team Totals,240,.504,.455,.494,.236,23.5,82.6,51.5,57.1,9.3,2.0,12.5,100.0,101.8,112.1,,
https://www.basketball-reference.com/boxscores/202111170BRK.html,"7:30 PM, November 17, 2021",Brooklyn Nets,Cleveland Cavaliers,109,99,BRK,,,Team Totals,240,38,83,.458,12,32,.375,21,25,.840,8,39,47,29,7,3,12,20,109,,,Team Totals,240,.580,.530,.386,.301,17.4,76.5,48.5,76.3,7.2,6.7,11.3,100.0,112.1,101.8,,
https://www.basketball-reference.com/boxscores/202111170CHO.html,"7:00 PM, November 17, 2021",Charlotte Hornets,Washington Wizards,97,87,WAS,,,Team Totals,240,33,90,.367,8,42,.190,13,16,.813,11,37,48,23,7,5,11,12,87,,,Team Totals,240,.448,.411,.467,.178,20.4,69.8,44.9,69.7,7.5,7.8,10.2,100.0,93.1,103.8,,
https://www.basketball-reference.com/boxscores/202111170CHO.html,"7:00 PM, November 17, 2021",Charlotte Hornets,Washington Wizards,97,87,CHO,,,Team Totals,240,42,96,.438,10,32,.313,3,6,.500,16,43,59,30,6,8,11,16,97,,,Team Totals,240,.492,.490,.333,.063,30.2,79.6,55.1,71.4,6.4,16.7,10.0,100.0,103.8,93.1,,
https://www.basketball-reference.com/boxscores/202111170DET.html,"7:00 PM, November 17, 2021",Detroit Pistons,Indiana Pacers,97,89,IND,,,Team Totals,240,33,79,.418,9,37,.243,14,19,.737,7,36,43,14,5,5,18,22,89,,,Team Totals,240,.509,.475,.468,.241,17.1,81.8,50.6,42.4,5.2,9.6,17.1,100.0,93.0,101.3,,
https://www.basketball-reference.com/boxscores/202111170DET.html,"7:00 PM, November 17, 2021",Detroit Pistons,Indiana Pacers,97,89,DET,,,Team Totals,240,34,80,.425,8,28,.286,21,28,.750,8,34,42,16,13,5,13,20,97,,,Team Totals,240,.525,.475,.350,.350,18.2,82.9,49.4,47.1,13.6,11.9,12.3,100.0,101.3,93.0,,
https://www.basketball-reference.com/boxscores/202111170MIA.html,"7:30 PM, November 17, 2021",Miami Heat,New Orleans Pelicans,113,98,NOP,,,Team Totals,240,33,75,.440,10,35,.286,22,28,.786,10,28,38,18,6,3,17,21,98,,,Team Totals,240,.561,.507,.467,.373,25.6,73.7,49.4,54.5,6.5,6.4,16.3,100.0,106.6,123.0,,
https://www.basketball-reference.com/boxscores/202111170MIA.html,"7:30 PM, November 17, 2021",Miami Heat,New Orleans Pelicans,113,98,MIA,,,Team Totals,240,42,87,.483,15,40,.375,14,17,.824,10,29,39,29,6,2,11,25,113,,,Team Totals,240,.598,.569,.460,.195,26.3,74.4,50.6,69.0,6.5,5.0,10.4,100.0,123.0,106.6,,
https://www.basketball-reference.com/boxscores/202111170MIL.html,"7:30 PM, November 17, 2021",Milwaukee Bucks,Los Angeles Lakers,109,102,LAL,,,Team Totals,240,40,96,.417,12,43,.279,10,12,.833,11,37,48,24,8,4,13,19,102,,,Team Totals,240,.504,.479,.448,.125,20.4,80.4,48.0,60.0,7.9,8.0,11.4,100.0,100.3,107.2,,
https://www.basketball-reference.com/boxscores/202111170MIL.html,"7:30 PM, November 17, 2021",Milwaukee Bucks,Los Angeles Lakers,109,102,MIL,,,Team Totals,240,40,87,.460,12,37,.324,17,24,.708,9,43,52,22,9,4,15,10,109,,,Team Totals,240,.559,.529,.425,.276,19.6,79.6,52.0,55.0,8.9,7.5,13.3,100.0,107.2,100.3,,
https://www.basketball-reference.com/boxscores/202111170MIN.html,"8:00 PM, November 17, 2021",Minnesota Timberwolves,Sacramento Kings,107,97,SAC,,,Team Totals,240,34,93,.366,10,38,.263,19,25,.760,20,27,47,19,7,3,20,22,97,,,Team Totals,240,.466,.419,.409,.269,44.4,73.0,57.3,55.9,7.4,6.5,16.1,100.0,102.5,113.1,,
https://www.basketball-reference.com/boxscores/202111170MIN.html,"8:00 PM, November 17, 2021",Minnesota Timberwolves,Sacramento Kings,107,97,MIN,,,Team Totals,240,41,82,.500,10,36,.278,15,18,.833,10,25,35,20,8,10,17,24,107,,,Team Totals,240,.595,.561,.439,.220,27.0,55.6,42.7,48.8,8.5,18.2,15.9,100.0,113.1,102.5,,
https://www.basketball-reference.com/boxscores/202111170NYK.html,"7:30 PM, November 17, 2021",New York Knicks,Orlando Magic,98,104,ORL,,,Team Totals,240,39,96,.406,11,38,.289,15,18,.833,14,37,51,20,7,3,15,19,104,,,Team Totals,240,.500,.464,.396,.188,29.2,77.1,53.1,51.3,7.0,7.7,12.6,100.0,104.7,98.6,,
https://www.basketball-reference.com/boxscores/202111170NYK.html,"7:30 PM, November 17, 2021",New York Knicks,Orlando Magic,98,104,NYK,,,Team Totals,240,37,88,.420,16,49,.327,8,12,.667,11,34,45,25,5,7,18,20,98,,,Team Totals,240,.525,.511,.557,.136,22.9,70.8,46.9,67.6,5.0,12.1,16.2,100.0,98.6,104.7,,
https://www.basketball-reference.com/boxscores/202111170OKC.html,"8:00 PM, November 17, 2021",Oklahoma City Thunder,Houston Rockets,101,89,HOU,,,Team Totals,240,32,90,.356,12,42,.286,13,19,.684,9,37,46,16,6,4,14,14,89,,,Team Totals,240,.452,.422,.467,.211,16.1,80.4,45.1,50.0,5.9,7.5,12.5,100.0,87.5,99.3,,
https://www.basketball-reference.com/boxscores/202111170OKC.html,"8:00 PM, November 17, 2021",Oklahoma City Thunder,Houston Rockets,101,89,OKC,,,Team Totals,240,41,92,.446,10,39,.256,9,16,.563,9,47,56,18,10,6,14,19,101,,,Team Totals,240,.510,.500,.424,.174,19.6,83.9,54.9,43.9,9.8,12.5,12.4,100.0,99.3,87.5,,
https://www.basketball-reference.com/boxscores/202111170PHO.html,"10:00 PM, November 17, 2021",Phoenix Suns,Dallas Mavericks,105,98,DAL,,,Team Totals,240,38,91,.418,16,32,.500,6,6,1.000,8,41,49,28,5,2,10,14,98,,,Team Totals,240,.523,.505,.352,.066,16.3,83.7,50.0,73.7,5.2,3.7,9.6,100.0,102.3,109.6,,
https://www.basketball-reference.com/boxscores/202111170PHO.html,"10:00 PM, November 17, 2021",Phoenix Suns,Dallas Mavericks,105,98,PHO,,,Team Totals,240,41,93,.441,13,39,.333,10,14,.714,8,41,49,27,6,7,8,9,105,,,Team Totals,240,.529,.511,.419,.151,16.3,83.7,50.0,65.9,6.3,11.9,7.5,100.0,109.6,102.3,,
https://www.basketball-reference.com/boxscores/202111170POR.html,"10:00 PM, November 17, 2021",Portland Trail Blazers,Chicago Bulls,112,107,CHI,,,Team Totals,240,39,83,.470,13,29,.448,16,20,.800,10,26,36,23,7,9,15,23,107,,,Team Totals,240,.583,.548,.349,.241,23.8,68.4,45.0,59.0,7.3,17.0,14.0,100.0,112.0,117.2,,
https://www.basketball-reference.com/boxscores/202111170POR.html,"10:00 PM, November 17, 2021",Portland Trail Blazers,Chicago Bulls,112,107,POR,,,Team Totals,240,37,84,.440,11,31,.355,27,28,.964,12,32,44,26,10,5,17,19,112,,,Team Totals,240,.581,.506,.369,.333,31.6,76.2,55.0,70.3,10.5,9.3,15.0,100.0,117.2,112.0,,
https://www.basketball-reference.com/boxscores/202111180CLE.html,"7:30 PM, November 18, 2021",Cleveland Cavaliers,Golden State Warriors,89,104,GSW,,,Team Totals,240,41,83,.494,15,43,.349,7,8,.875,5,29,34,36,12,2,11,17,104,,,Team Totals,240,.601,.584,.518,.096,14.7,69.0,44.7,87.8,13.2,4.9,11.3,100.0,114.4,97.9,,
https://www.basketball-reference.com/boxscores/202111180CLE.html,"7:30 PM, November 18, 2021",Cleveland Cavaliers,Golden State Warriors,89,104,CLE,,,Team Totals,240,34,80,.425,12,39,.308,9,16,.563,13,29,42,22,6,3,20,11,89,,,Team Totals,240,.511,.500,.488,.200,31.0,85.3,55.3,64.7,6.6,7.5,18.7,100.0,97.9,114.4,,
https://www.basketball-reference.com/boxscores/202111180DEN.html,"9:00 PM, November 18, 2021",Denver Nuggets,Philadelphia 76ers,89,103,PHI,,,Team Totals,240,43,85,.506,11,29,.379,6,12,.500,6,39,45,22,5,7,10,18,103,,,Team Totals,240,.570,.571,.341,.141,14.3,79.6,49.5,51.2,5.3,13.2,10.0,100.0,110.0,95.0,,
https://www.basketball-reference.com/boxscores/202111180DEN.html,"9:00 PM, November 18, 2021",Denver Nuggets,Philadelphia 76ers,89,103,DEN,,,Team Totals,240,32,89,.360,12,36,.333,13,16,.813,10,36,46,22,6,4,11,14,89,,,Team Totals,240,.463,.427,.404,.180,20.4,85.7,50.5,68.8,6.4,7.1,10.3,100.0,95.0,110.0,,
https://www.basketball-reference.com/boxscores/202111180MEM.html,"8:00 PM, November 18, 2021",Memphis Grizzlies,Los Angeles Clippers,120,108,LAC,,,Team Totals,240,42,90,.467,16,39,.410,8,8,1.000,7,27,34,24,6,6,14,15,108,,,Team Totals,240,.577,.556,.433,.089,16.7,69.2,42.0,57.1,6.2,8.6,13.0,100.0,111.0,123.4,,
https://www.basketball-reference.com/boxscores/202111180MEM.html,"8:00 PM, November 18, 2021",Memphis Grizzlies,Los Angeles Clippers,120,108,MEM,,,Team Totals,240,52,96,.542,11,26,.423,5,6,.833,12,35,47,28,8,7,12,17,120,,,Team Totals,240,.608,.599,.271,.063,30.8,83.3,58.0,53.8,8.2,13.7,10.8,100.0,123.4,111.0,,
https://www.basketball-reference.com/boxscores/202111180MIA.html,"7:30 PM, November 18, 2021",Miami Heat,Washington Wizards,112,97,WAS,,,Team Totals,240,38,77,.494,15,36,.417,6,10,.600,5,32,37,25,4,3,17,19,97,,,Team Totals,240,.596,.591,.468,.130,12.8,82.1,47.4,65.8,4.4,5.4,17.3,100.0,106.4,122.8,,
https://www.basketball-reference.com/boxscores/202111180MIA.html,"7:30 PM, November 18, 2021",Miami Heat,Washington Wizards,112,97,MIA,,,Team Totals,240,41,82,.500,10,26,.385,20,24,.833,7,34,41,27,10,1,6,13,112,,,Team Totals,240,.605,.561,.317,.293,17.9,87.2,52.6,65.9,11.0,2.4,6.1,100.0,122.8,106.4,,
https://www.basketball-reference.com/boxscores/202111180MIN.html,"8:00 PM, November 18, 2021",Minnesota Timberwolves,San Antonio Spurs,115,90,SAS,,,Team Totals,240,35,84,.417,6,32,.188,14,19,.737,11,31,42,26,7,6,12,12,90,,,Team Totals,240,.487,.452,.381,.226,23.9,72.1,47.2,74.3,7.7,16.2,11.5,100.0,98.6,125.9,,
https://www.basketball-reference.com/boxscores/202111180MIN.html,"8:00 PM, November 18, 2021",Minnesota Timberwolves,San Antonio Spurs,115,90,MIN,,,Team Totals,240,41,86,.477,21,49,.429,12,15,.800,12,35,47,30,5,9,13,17,115,,,Team Totals,240,.621,.599,.570,.174,27.9,76.1,52.8,73.2,5.5,17.3,12.3,100.0,125.9,98.6,,
https://www.basketball-reference.com/boxscores/202111180UTA.html,"9:00 PM, November 18, 2021",Utah Jazz,Toronto Raptors,119,103,TOR,,,Team Totals,240,39,94,.415,10,38,.263,15,17,.882,14,21,35,24,10,3,13,13,103,,,Team Totals,240,.507,.468,.404,.181,28.0,67.7,43.2,61.5,10.3,8.8,11.4,100.0,106.1,122.6,,
https://www.basketball-reference.com/boxscores/202111180UTA.html,"9:00 PM, November 18, 2021",Utah Jazz,Toronto Raptors,119,103,UTA,,,Team Totals,240,44,80,.550,19,46,.413,12,13,.923,10,36,46,34,8,9,24,18,119,,,Team Totals,240,.694,.669,.575,.163,32.3,72.0,56.8,77.3,8.2,16.1,21.9,100.0,122.6,106.1,,
https://www.basketball-reference.com/boxscores/202111190BOS.html,"7:30 PM, November 19, 2021",Boston Celtics,Los Angeles Lakers,130,108,LAL,,,Team Totals,240,39,84,.464,12,30,.400,18,24,.750,7,26,33,20,5,6,12,29,108,,,Team Totals,240,.571,.536,.357,.286,15.2,68.4,39.3,51.3,5.0,10.3,11.3,100.0,107.7,129.6,,
https://www.basketball-reference.com/boxscores/202111190BOS.html,"7:30 PM, November 19, 2021",Boston Celtics,Los Angeles Lakers,130,108,BOS,,,Team Totals,240,44,88,.500,11,30,.367,31,38,.816,12,39,51,22,7,2,14,20,130,,,Team Totals,240,.621,.563,.341,.432,31.6,84.8,60.7,50.0,7.0,3.7,11.8,100.0,129.6,107.7,,
https://www.basketball-reference.com/boxscores/202111190BRK.html,"7:30 PM, November 19, 2021",Brooklyn Nets,Orlando Magic,115,113,ORL,,,Team Totals,240,40,89,.449,14,38,.368,19,25,.760,11,34,45,26,7,6,13,25,113,,,Team Totals,240,.565,.528,.427,.281,27.5,70.8,51.1,65.0,7.2,10.3,11.5,100.0,116.5,118.6,,
https://www.basketball-reference.com/boxscores/202111190BRK.html,"7:30 PM, November 19, 2021",Brooklyn Nets,Orlando Magic,115,113,BRK,,,Team Totals,240,41,91,.451,10,33,.303,23,25,.920,14,29,43,19,6,13,11,19,115,,,Team Totals,240,.564,.505,.363,.275,29.2,72.5,48.9,46.3,6.2,25.5,9.7,100.0,118.6,116.5,,
https://www.basketball-reference.com/boxscores/202111190CHO.html,"7:00 PM, November 19, 2021",Charlotte Hornets,Indiana Pacers,121,118,IND,,,Team Totals,240,41,88,.466,11,36,.306,25,32,.781,8,30,38,19,10,6,10,24,118,,,Team Totals,240,.578,.528,.409,.364,17.0,83.3,45.8,46.3,9.8,12.0,8.9,100.0,115.2,118.1,,
https://www.basketball-reference.com/boxscores/202111190CHO.html,"7:00 PM, November 19, 2021",Charlotte Hornets,Indiana Pacers,121,118,CHO,,,Team Totals,240,44,81,.543,12,31,.387,21,28,.750,6,39,45,28,8,7,17,26,121,,,Team Totals,240,.648,.617,.383,.346,16.7,83.0,54.2,63.6,7.8,13.5,15.4,100.0,118.1,115.2,,
https://www.basketball-reference.com/boxscores/202111190DEN.html,"9:00 PM, November 19, 2021",Denver Nuggets,Chicago Bulls,108,114,CHI,,,Team Totals,240,41,93,.441,8,31,.258,24,24,1.000,17,33,50,19,7,3,11,20,114,,,Team Totals,240,.550,.484,.333,.258,35.4,82.5,56.8,46.3,7.4,6.7,9.6,100.0,120.1,113.8,,
https://www.basketball-reference.com/boxscores/202111190DEN.html,"9:00 PM, November 19, 2021",Denver Nuggets,Chicago Bulls,108,114,DEN,,,Team Totals,240,39,82,.476,14,37,.378,16,20,.800,7,31,38,24,5,5,14,22,108,,,Team Totals,240,.595,.561,.451,.244,17.5,64.6,43.2,61.5,5.3,8.1,13.4,100.0,113.8,120.1,,
https://www.basketball-reference.com/boxscores/202111190DET.html,"7:00 PM, November 19, 2021",Detroit Pistons,Golden State Warriors,102,105,GSW,,,Team Totals,240,38,80,.475,12,30,.400,17,21,.810,14,34,48,22,8,4,19,23,105,,,Team Totals,240,.588,.550,.375,.263,36.8,75.6,57.8,57.9,8.7,10.5,17.6,100.0,114.6,111.3,,
https://www.basketball-reference.com/boxscores/202111190DET.html,"7:00 PM, November 19, 2021",Detroit Pistons,Golden State Warriors,102,105,DET,,,Team Totals,240,32,80,.400,14,42,.333,24,30,.800,11,24,35,21,11,7,13,22,102,,,Team Totals,240,.547,.488,.525,.375,24.4,63.2,42.2,65.6,12.0,14.0,12.2,100.0,111.3,114.6,,
https://www.basketball-reference.com/boxscores/202111190MIL.html,"8:00 PM, November 19, 2021",Milwaukee Bucks,Oklahoma City Thunder,96,89,OKC,,,Team Totals,240,32,91,.352,12,48,.250,13,21,.619,11,42,53,17,6,4,12,22,89,,,Team Totals,240,.444,.418,.527,.231,19.0,87.5,50.0,53.1,6.0,9.5,10.7,100.0,89.5,96.5,,
https://www.basketball-reference.com/boxscores/202111190MIL.html,"8:00 PM, November 19, 2021",Milwaukee Bucks,Oklahoma City Thunder,96,89,MIL,,,Team Totals,240,31,83,.373,12,41,.293,22,26,.846,6,47,53,21,9,5,13,18,96,,,Team Totals,240,.508,.446,.494,.313,12.5,81.0,50.0,67.7,9.1,11.6,12.1,100.0,96.5,89.5,,
https://www.basketball-reference.com/boxscores/202111190NOP.html,"8:00 PM, November 19, 2021",New Orleans Pelicans,Los Angeles Clippers,94,81,LAC,,,Team Totals,240,34,90,.378,9,37,.243,4,5,.800,8,35,43,22,7,4,12,12,81,,,Team Totals,240,.439,.428,.411,.056,15.7,74.5,43.9,64.7,7.6,7.0,11.5,100.0,87.8,101.9,,
https://www.basketball-reference.com/boxscores/202111190NOP.html,"8:00 PM, November 19, 2021",New Orleans Pelicans,Los Angeles Clippers,94,81,NOP,,,Team Totals,240,38,87,.437,13,30,.433,5,8,.625,12,43,55,19,9,1,13,12,94,,,Team Totals,240,.519,.511,.345,.092,25.5,84.3,56.1,50.0,9.8,1.9,12.6,100.0,101.9,87.8,,
https://www.basketball-reference.com/boxscores/202111190PHO.html,"10:00 PM, November 19, 2021",Phoenix Suns,Dallas Mavericks,112,104,DAL,,,Team Totals,240,37,90,.411,12,40,.300,18,23,.783,10,30,40,25,15,1,10,17,104,,,Team Totals,240,.519,.478,.444,.256,18.9,75.0,43.0,67.6,15.3,1.8,9.1,100.0,106.1,114.2,,
https://www.basketball-reference.com/boxscores/202111190PHO.html,"10:00 PM, November 19, 2021",Phoenix Suns,Dallas Mavericks,112,104,PHO,,,Team Totals,240,44,85,.518,14,29,.483,10,14,.714,10,43,53,28,7,4,18,22,112,,,Team Totals,240,.614,.600,.341,.165,25.0,81.1,57.0,63.6,7.1,8.0,16.5,100.0,114.2,106.1,,
https://www.basketball-reference.com/boxscores/202111190SAC.html,"10:00 PM, November 19, 2021",Sacramento Kings,Toronto Raptors,89,108,TOR,,,Team Totals,240,38,84,.452,12,31,.387,20,24,.833,13,40,53,20,9,9,17,24,108,,,Team Totals,240,.571,.524,.369,.286,31.0,78.4,57.0,52.6,9.4,19.1,15.2,100.0,112.3,92.5,,
https://www.basketball-reference.com/boxscores/202111190SAC.html,"10:00 PM, November 19, 2021",Sacramento Kings,Toronto Raptors,89,108,SAC,,,Team Totals,240,32,84,.381,9,37,.243,16,25,.640,11,29,40,15,8,4,15,18,89,,,Team Totals,240,.468,.435,.440,.298,21.6,69.0,43.0,46.9,8.3,7.5,13.6,100.0,92.5,112.3,,
https://www.basketball-reference.com/boxscores/202111200ATL.html,"7:30 PM, November 20, 2021",Atlanta Hawks,Charlotte Hornets,115,105,CHO,,,Team Totals,240,43,102,.422,10,40,.250,9,15,.600,20,31,51,26,6,2,10,22,105,,,Team Totals,240,.483,.471,.392,.147,34.5,79.5,52.6,60.5,6.3,4.2,8.4,100.0,110.5,121.0,,
https://www.basketball-reference.com/boxscores/202111200ATL.html,"7:30 PM, November 20, 2021",Atlanta Hawks,Charlotte Hornets,115,105,ATL,,,Team Totals,240,43,82,.524,12,34,.353,17,21,.810,8,38,46,24,6,6,12,22,115,,,Team Totals,240,.630,.598,.415,.256,20.5,65.5,47.4,55.8,6.3,9.7,11.6,100.0,121.0,110.5,,
https://www.basketball-reference.com/boxscores/202111200BOS.html,"7:30 PM, November 20, 2021",Boston Celtics,Oklahoma City Thunder,111,105,OKC,,,Team Totals,240,39,96,.406,18,42,.429,9,16,.563,15,39,54,23,5,0,10,15,105,,,Team Totals,240,.510,.500,.438,.167,27.3,83.0,52.9,59.0,5.3,0.0,8.8,100.0,111.8,118.2,,
https://www.basketball-reference.com/boxscores/202111200BOS.html,"7:30 PM, November 20, 2021",Boston Celtics,Oklahoma City Thunder,111,105,BOS,,,Team Totals,240,41,88,.466,17,39,.436,12,14,.857,8,40,48,28,4,7,7,11,111,,,Team Totals,240,.589,.563,.443,.159,17.0,72.7,47.1,68.3,4.3,13.0,6.9,100.0,118.2,111.8,,
https://www.basketball-reference.com/boxscores/202111200IND.html,"7:00 PM, November 20, 2021",Indiana Pacers,New Orleans Pelicans,111,94,NOP,,,Team Totals,240,35,88,.398,6,18,.333,18,19,.947,11,41,52,17,7,5,16,14,94,,,Team Totals,240,.488,.432,.205,.216,22.4,83.7,53.1,48.6,7.0,9.4,14.2,100.0,94.2,111.3,,
https://www.basketball-reference.com/boxscores/202111200IND.html,"7:00 PM, November 20, 2021",Indiana Pacers,New Orleans Pelicans,111,94,IND,,,Team Totals,240,42,91,.462,14,38,.368,13,18,.722,8,38,46,28,11,9,11,16,111,,,Team Totals,240,.561,.538,.418,.198,16.3,77.6,46.9,66.7,11.0,12.9,10.0,100.0,111.3,94.2,,
https://www.basketball-reference.com/boxscores/202111200MIL.html,"8:00 PM, November 20, 2021",Milwaukee Bucks,Orlando Magic,117,108,ORL,,,Team Totals,240,39,98,.398,19,51,.373,11,14,.786,6,33,39,26,5,3,10,24,108,,,Team Totals,240,.518,.495,.520,.143,10.9,75.0,39.4,66.7,4.9,7.1,8.8,100.0,105.1,113.9,,
https://www.basketball-reference.com/boxscores/202111200MIL.html,"8:00 PM, November 20, 2021",Milwaukee Bucks,Orlando Magic,117,108,MIL,,,Team Totals,240,37,82,.451,19,40,.475,24,37,.649,11,49,60,25,6,5,14,18,117,,,Team Totals,240,.595,.567,.488,.451,25.0,89.1,60.6,67.6,5.8,10.6,12.5,100.0,113.9,105.1,,
https://www.basketball-reference.com/boxscores/202111200MIN.html,"8:00 PM, November 20, 2021",Minnesota Timberwolves,Memphis Grizzlies,138,95,MEM,,,Team Totals,240,29,83,.349,9,32,.281,28,35,.800,10,23,33,21,7,5,16,24,95,,,Team Totals,240,.483,.404,.386,.422,23.8,56.1,39.8,72.4,7.2,10.0,14.0,100.0,97.6,141.7,,
https://www.basketball-reference.com/boxscores/202111200MIN.html,"8:00 PM, November 20, 2021",Minnesota Timberwolves,Memphis Grizzlies,138,95,MIN,,,Team Totals,240,49,91,.538,20,41,.488,20,28,.714,18,32,50,28,12,6,13,26,138,,,Team Totals,240,.668,.648,.451,.308,43.9,76.2,60.2,57.1,12.3,11.8,11.2,100.0,141.7,97.6,,
https://www.basketball-reference.com/boxscores/202111200NYK.html,"5:00 PM, November 20, 2021",New York Knicks,Houston Rockets,106,99,HOU,,,Team Totals,240,38,84,.452,10,39,.256,13,22,.591,13,35,48,21,5,8,22,21,99,,,Team Totals,240,.528,.512,.464,.262,28.3,89.7,56.5,55.3,5.0,21.6,19.0,100.0,99.3,106.3,,
https://www.basketball-reference.com/boxscores/202111200NYK.html,"5:00 PM, November 20, 2021",New York Knicks,Houston Rockets,106,99,NYK,,,Team Totals,240,33,78,.423,18,41,.439,22,26,.846,4,33,37,25,12,7,15,23,106,,,Team Totals,240,.593,.538,.526,.333,10.3,71.7,43.5,75.8,12.0,15.6,14.4,100.0,106.3,99.3,,
https://www.basketball-reference.com/boxscores/202111200POR.html,"10:00 PM, November 20, 2021",Portland Trail Blazers,Philadelphia 76ers,118,111,PHI,,,Team Totals,240,41,81,.506,10,28,.357,19,21,.905,3,29,32,24,7,4,12,24,111,,,Team Totals,240,.615,.568,.346,.259,8.3,85.3,45.7,58.5,7.2,8.7,11.7,100.0,114.6,121.8,,
https://www.basketball-reference.com/boxscores/202111200POR.html,"10:00 PM, November 20, 2021",Portland Trail Blazers,Philadelphia 76ers,118,111,POR,,,Team Totals,240,40,80,.500,15,34,.441,23,23,1.000,5,33,38,23,6,7,13,21,118,,,Team Totals,240,.655,.594,.425,.288,14.7,91.7,54.3,57.5,6.2,13.2,12.6,100.0,121.8,114.6,,
https://www.basketball-reference.com/boxscores/202111200SAC.html,"10:00 PM, November 20, 2021",Sacramento Kings,Utah Jazz,105,123,UTA,,,Team Totals,240,46,91,.505,17,39,.436,14,17,.824,14,38,52,20,5,2,13,16,123,,,Team Totals,240,.624,.599,.429,.187,34.1,82.6,59.8,43.5,5.2,3.3,11.7,100.0,127.8,109.1,,
https://www.basketball-reference.com/boxscores/202111200SAC.html,"10:00 PM, November 20, 2021",Sacramento Kings,Utah Jazz,105,123,SAC,,,Team Totals,240,41,91,.451,10,31,.323,13,21,.619,8,27,35,20,8,5,8,14,105,,,Team Totals,240,.524,.505,.341,.231,17.4,65.9,40.2,48.8,8.3,9.6,7.4,100.0,109.1,127.8,,
https://www.basketball-reference.com/boxscores/202111200WAS.html,"7:00 PM, November 20, 2021",Washington Wizards,Miami Heat,103,100,MIA,,,Team Totals,240,38,81,.469,7,27,.259,17,20,.850,10,27,37,21,7,3,14,26,100,,,Team Totals,240,.557,.512,.333,.247,27.8,75.0,51.4,55.3,7.6,6.8,13.5,100.0,109.1,112.4,,
https://www.basketball-reference.com/boxscores/202111200WAS.html,"7:00 PM, November 20, 2021",Washington Wizards,Miami Heat,103,100,WAS,,,Team Totals,240,36,74,.486,11,30,.367,20,23,.870,9,26,35,22,6,2,20,19,103,,,Team Totals,240,.612,.561,.405,.311,25.0,72.2,48.6,61.1,6.5,3.7,19.2,100.0,112.4,109.1,,
https://www.basketball-reference.com/boxscores/202111210CHI.html,"8:00 PM, November 21, 2021",Chicago Bulls,New York Knicks,109,103,NYK,,,Team Totals,240,35,84,.417,7,27,.259,26,31,.839,12,32,44,16,4,11,14,25,103,,,Team Totals,240,.527,.458,.321,.369,26.7,74.4,50.0,45.7,4.2,18.6,12.5,100.0,107.7,114.0,,
https://www.basketball-reference.com/boxscores/202111210CHI.html,"8:00 PM, November 21, 2021",Chicago Bulls,New York Knicks,109,103,CHI,,,Team Totals,240,37,88,.420,11,29,.379,24,27,.889,11,33,44,21,5,1,10,26,109,,,Team Totals,240,.546,.483,.330,.307,25.6,73.3,50.0,56.8,5.2,1.8,9.1,100.0,114.0,107.7,,
https://www.basketball-reference.com/boxscores/202111210DET.html,"6:00 PM, November 21, 2021",Detroit Pistons,Los Angeles Lakers,116,121,LAL,,,Team Totals,240,45,92,.489,10,31,.323,21,27,.778,12,39,51,29,7,8,13,21,121,,,Team Totals,240,.582,.543,.337,.293,27.9,83.0,56.7,64.4,6.7,14.0,11.1,100.0,116.2,111.4,,
https://www.basketball-reference.com/boxscores/202111210DET.html,"6:00 PM, November 21, 2021",Detroit Pistons,Los Angeles Lakers,116,121,DET,,,Team Totals,240,43,97,.443,14,40,.350,16,21,.762,8,31,39,27,7,6,11,24,116,,,Team Totals,240,.546,.515,.412,.216,17.0,72.1,43.3,62.8,6.7,9.8,9.4,100.0,111.4,116.2,,
https://www.basketball-reference.com/boxscores/202111210GSW.html,"8:30 PM, November 21, 2021",Golden State Warriors,Toronto Raptors,119,104,TOR,,,Team Totals,240,39,99,.394,15,37,.405,11,20,.550,18,29,47,25,7,4,11,21,104,,,Team Totals,240,.482,.470,.374,.202,31.6,78.4,50.0,64.1,7.3,11.8,9.3,100.0,107.7,123.3,,
https://www.basketball-reference.com/boxscores/202111210GSW.html,"8:30 PM, November 21, 2021",Golden State Warriors,Toronto Raptors,119,104,GSW,,,Team Totals,240,39,79,.494,22,45,.489,19,24,.792,8,39,47,31,5,7,16,18,119,,,Team Totals,240,.664,.633,.570,.304,21.6,68.4,50.0,79.5,5.2,11.3,15.2,100.0,123.3,107.7,,
https://www.basketball-reference.com/boxscores/202111210LAC.html,"3:30 PM, November 21, 2021",Los Angeles Clippers,Dallas Mavericks,97,91,DAL,,,Team Totals,240,34,83,.410,6,30,.200,17,18,.944,8,31,39,21,6,5,10,21,91,,,Team Totals,240,.500,.446,.361,.217,19.0,79.5,48.1,61.8,6.7,10.9,9.9,100.0,101.8,108.5,,
https://www.basketball-reference.com/boxscores/202111210LAC.html,"3:30 PM, November 21, 2021",Los Angeles Clippers,Dallas Mavericks,97,91,LAC,,,Team Totals,240,36,75,.480,12,29,.414,13,18,.722,8,34,42,18,5,2,15,15,97,,,Team Totals,240,.585,.560,.387,.240,20.5,81.0,51.9,50.0,5.6,3.8,15.3,100.0,108.5,101.8,,
https://www.basketball-reference.com/boxscores/202111210PHO.html,"8:00 PM, November 21, 2021",Phoenix Suns,Denver Nuggets,126,97,DEN,,,Team Totals,240,33,90,.367,11,38,.289,20,28,.714,12,30,42,20,5,1,10,22,97,,,Team Totals,240,.474,.428,.422,.311,22.6,75.0,45.2,60.6,5.1,2.0,8.9,100.0,98.6,128.0,,
https://www.basketball-reference.com/boxscores/202111210PHO.html,"8:00 PM, November 21, 2021",Phoenix Suns,Denver Nuggets,126,97,PHO,,,Team Totals,240,46,87,.529,11,36,.306,23,26,.885,10,41,51,34,7,3,13,20,126,,,Team Totals,240,.640,.592,.414,.299,25.0,77.4,54.8,73.9,7.1,5.8,11.7,100.0,128.0,98.6,,
https://www.basketball-reference.com/boxscores/202111220ATL.html,"7:30 PM, November 22, 2021",Atlanta Hawks,Oklahoma City Thunder,113,101,OKC,,,Team Totals,240,39,97,.402,10,38,.263,13,14,.929,16,34,50,24,5,5,10,15,101,,,Team Totals,240,.490,.454,.392,.144,30.8,81.0,53.2,61.5,5.4,9.4,8.8,100.0,108.8,121.7,,
https://www.basketball-reference.com/boxscores/202111220ATL.html,"7:30 PM, November 22, 2021",Atlanta Hawks,Oklahoma City Thunder,113,101,ATL,,,Team Totals,240,42,87,.483,14,34,.412,15,16,.938,8,36,44,25,6,6,8,16,113,,,Team Totals,240,.601,.563,.391,.184,19.0,69.2,46.8,59.5,6.5,10.2,7.8,100.0,121.7,108.8,,
https://www.basketball-reference.com/boxscores/202111220BOS.html,"7:30 PM, November 22, 2021",Boston Celtics,Houston Rockets,108,90,HOU,,,Team Totals,240,31,83,.373,11,42,.262,17,24,.708,4,38,42,19,5,4,15,20,90,,,Team Totals,240,.481,.440,.506,.289,7.8,77.6,42.0,61.3,4.9,7.0,13.8,100.0,87.8,105.3,,
https://www.basketball-reference.com/boxscores/202111220BOS.html,"7:30 PM, November 22, 2021",Boston Celtics,Houston Rockets,108,90,BOS,,,Team Totals,240,39,92,.424,12,35,.343,18,19,.947,11,47,58,19,10,3,15,24,108,,,Team Totals,240,.538,.489,.380,.207,22.4,92.2,58.0,48.7,9.8,7.3,13.0,100.0,105.3,87.8,,
https://www.basketball-reference.com/boxscores/202111220CHI.html,"8:00 PM, November 22, 2021",Chicago Bulls,Indiana Pacers,77,109,IND,,,Team Totals,240,40,90,.444,13,31,.419,16,18,.889,11,48,59,27,7,12,13,15,109,,,Team Totals,240,.557,.517,.344,.200,25.0,90.6,60.8,67.5,7.3,21.1,11.7,100.0,113.9,80.5,,
https://www.basketball-reference.com/boxscores/202111220CHI.html,"8:00 PM, November 22, 2021",Chicago Bulls,Indiana Pacers,77,109,CHI,,,Team Totals,240,31,85,.365,6,28,.214,9,15,.600,5,33,38,13,6,2,9,16,77,,,Team Totals,240,.420,.400,.329,.176,9.4,75.0,39.2,41.9,6.3,3.4,8.9,100.0,80.5,113.9,,
https://www.basketball-reference.com/boxscores/202111220CLE.html,"7:00 PM, November 22, 2021",Cleveland Cavaliers,Brooklyn Nets,112,117,BRK,,,Team Totals,240,45,95,.474,11,35,.314,16,18,.889,8,34,42,32,6,6,10,23,117,,,Team Totals,240,.568,.532,.368,.189,17.0,70.8,44.2,71.1,5.9,12.2,8.9,100.0,114.2,109.3,,
https://www.basketball-reference.com/boxscores/202111220CLE.html,"7:00 PM, November 22, 2021",Cleveland Cavaliers,Brooklyn Nets,112,117,CLE,,,Team Totals,240,36,93,.387,14,44,.318,26,29,.897,14,39,53,24,6,5,15,16,112,,,Team Totals,240,.530,.462,.473,.312,29.2,83.0,55.8,66.7,5.9,8.3,12.4,100.0,109.3,114.2,,
https://www.basketball-reference.com/boxscores/202111220MIL.html,"8:00 PM, November 22, 2021",Milwaukee Bucks,Orlando Magic,123,92,ORL,,,Team Totals,240,34,93,.366,11,41,.268,13,18,.722,15,32,47,16,6,4,16,17,92,,,Team Totals,240,.456,.425,.441,.194,26.3,71.1,46.1,47.1,6.0,8.2,13.7,100.0,91.7,122.6,,
https://www.basketball-reference.com/boxscores/202111220MIL.html,"8:00 PM, November 22, 2021",Milwaukee Bucks,Orlando Magic,123,92,MIL,,,Team Totals,240,44,94,.468,18,45,.400,17,24,.708,13,42,55,28,10,7,13,22,123,,,Team Totals,240,.588,.564,.479,.255,28.9,73.7,53.9,63.6,10.0,13.5,11.1,100.0,122.6,91.7,,
https://www.basketball-reference.com/boxscores/202111220NOP.html,"8:00 PM, November 22, 2021",New Orleans Pelicans,Minnesota Timberwolves,96,110,MIN,,,Team Totals,240,40,100,.400,10,44,.227,20,28,.714,21,28,49,21,14,9,12,20,110,,,Team Totals,240,.490,.450,.440,.280,38.9,65.1,50.5,52.5,14.2,16.1,9.7,100.0,111.5,97.3,,
https://www.basketball-reference.com/boxscores/202111220NOP.html,"8:00 PM, November 22, 2021",New Orleans Pelicans,Minnesota Timberwolves,96,110,NOP,,,Team Totals,240,37,88,.420,6,32,.188,16,18,.889,15,33,48,24,6,6,23,23,96,,,Team Totals,240,.500,.455,.364,.205,34.9,61.1,49.5,64.9,6.1,10.7,19.3,100.0,97.3,111.5,,
https://www.basketball-reference.com/boxscores/202111220SAC.html,"10:00 PM, November 22, 2021",Sacramento Kings,Philadelphia 76ers,94,102,PHI,,,Team Totals,240,36,85,.424,9,32,.281,21,27,.778,11,34,45,19,9,6,7,20,102,,,Team Totals,240,.526,.476,.376,.318,22.4,75.6,47.9,52.8,9.8,12.2,6.7,100.0,110.7,102.0,,
https://www.basketball-reference.com/boxscores/202111220SAC.html,"10:00 PM, November 22, 2021",Sacramento Kings,Philadelphia 76ers,94,102,SAC,,,Team Totals,240,33,80,.413,7,31,.226,21,29,.724,11,38,49,17,4,0,14,19,94,,,Team Totals,240,.507,.456,.388,.363,24.4,77.6,52.1,51.5,4.3,0.0,13.1,100.0,102.0,110.7,,
https://www.basketball-reference.com/boxscores/202111220SAS.html,"8:30 PM, November 22, 2021",San Antonio Spurs,Phoenix Suns,111,115,PHO,,,Team Totals,240,45,88,.511,12,27,.444,13,16,.813,11,33,44,25,10,0,15,18,115,,,Team Totals,240,.605,.580,.307,.182,25.0,75.0,50.0,55.6,10.0,0.0,13.6,100.0,114.7,110.7,,
https://www.basketball-reference.com/boxscores/202111220SAS.html,"8:30 PM, November 22, 2021",San Antonio Spurs,Phoenix Suns,111,115,SAS,,,Team Totals,240,49,93,.527,5,20,.250,8,16,.500,11,33,44,23,9,4,15,16,111,,,Team Totals,240,.555,.554,.215,.172,25.0,75.0,50.0,46.9,9.0,6.6,13.0,100.0,110.7,114.7,,
https://www.basketball-reference.com/boxscores/202111220UTA.html,"9:00 PM, November 22, 2021",Utah Jazz,Memphis Grizzlies,118,119,MEM,,,Team Totals,240,42,95,.442,13,35,.371,22,27,.815,16,34,50,24,10,4,7,20,119,,,Team Totals,240,.557,.511,.368,.284,30.8,77.3,52.1,57.1,10.2,9.1,6.1,100.0,121.9,120.9,,
https://www.basketball-reference.com/boxscores/202111220UTA.html,"9:00 PM, November 22, 2021",Utah Jazz,Memphis Grizzlies,118,119,UTA,,,Team Totals,240,41,87,.471,17,43,.395,19,25,.760,10,36,46,26,5,10,14,20,118,,,Team Totals,240,.602,.569,.494,.287,22.7,69.2,47.9,63.4,5.1,16.7,12.5,100.0,120.9,121.9,,
https://www.basketball-reference.com/boxscores/202111220WAS.html,"7:00 PM, November 22, 2021",Washington Wizards,Charlotte Hornets,103,109,CHO,,,Team Totals,240,40,91,.440,15,31,.484,14,24,.583,6,30,36,21,11,4,10,22,109,,,Team Totals,240,.537,.522,.341,.264,11.8,60.0,35.6,52.5,10.9,7.0,9.0,100.0,107.8,101.9,,
https://www.basketball-reference.com/boxscores/202111220WAS.html,"7:00 PM, November 22, 2021",Washington Wizards,Charlotte Hornets,103,109,WAS,,,Team Totals,240,36,94,.383,9,37,.243,22,27,.815,20,45,65,23,6,6,18,20,103,,,Team Totals,240,.486,.431,.394,.287,40.0,88.2,64.4,63.9,5.9,10.0,14.5,100.0,101.9,107.8,,
https://www.basketball-reference.com/boxscores/202111230DET.html,"7:00 PM, November 23, 2021",Detroit Pistons,Miami Heat,92,100,MIA,,,Team Totals,240,35,76,.461,9,29,.310,21,29,.724,12,39,51,22,9,3,17,19,100,,,Team Totals,240,.563,.520,.382,.382,31.6,81.3,59.3,62.9,9.7,6.5,16.1,100.0,107.8,99.2,,
https://www.basketball-reference.com/boxscores/202111230DET.html,"7:00 PM, November 23, 2021",Detroit Pistons,Miami Heat,92,100,DET,,,Team Totals,240,35,84,.417,10,38,.263,12,14,.857,9,26,35,22,7,1,15,23,92,,,Team Totals,240,.510,.476,.452,.167,18.8,68.4,40.7,62.9,7.5,2.1,14.3,100.0,99.2,107.8,,
https://www.basketball-reference.com/boxscores/202111230LAC.html,"10:30 PM, November 23, 2021",Los Angeles Clippers,Dallas Mavericks,104,112,DAL,,,Team Totals,265,39,89,.438,12,39,.308,22,27,.815,12,30,42,22,11,5,15,23,112,,,Team Totals,265,.555,.506,.438,.303,25.5,71.4,47.2,56.4,10.9,9.4,12.9,100.0,111.2,103.2,,
https://www.basketball-reference.com/boxscores/202111230LAC.html,"10:30 PM, November 23, 2021",Los Angeles Clippers,Dallas Mavericks,104,112,LAC,,,Team Totals,265,35,85,.412,10,32,.313,24,29,.828,12,35,47,17,5,3,19,24,104,,,Team Totals,265,.532,.471,.376,.341,28.6,74.5,52.8,48.6,5.0,6.0,16.3,100.0,103.2,111.2,,
https://www.basketball-reference.com/boxscores/202111230NYK.html,"7:30 PM, November 23, 2021",New York Knicks,Los Angeles Lakers,106,100,LAL,,,Team Totals,240,34,91,.374,11,36,.306,21,30,.700,13,37,50,23,8,3,12,17,100,,,Team Totals,240,.480,.434,.396,.330,22.4,84.1,49.0,67.6,8.0,6.3,10.3,100.0,99.5,105.4,,
https://www.basketball-reference.com/boxscores/202111230NYK.html,"7:30 PM, November 23, 2021",New York Knicks,Los Angeles Lakers,106,100,NYK,,,Team Totals,240,37,82,.451,15,34,.441,17,21,.810,7,45,52,23,7,4,17,23,106,,,Team Totals,240,.581,.543,.415,.256,15.9,77.6,51.0,62.2,7.0,7.3,15.7,100.0,105.4,99.5,,
https://www.basketball-reference.com/boxscores/202111230POR.html,"10:00 PM, November 23, 2021",Portland Trail Blazers,Denver Nuggets,119,100,DEN,,,Team Totals,240,38,78,.487,15,33,.455,9,11,.818,7,30,37,26,6,5,19,15,100,,,Team Totals,240,.604,.583,.423,.141,18.4,71.4,46.3,68.4,6.5,10.2,18.7,100.0,107.9,128.4,,
https://www.basketball-reference.com/boxscores/202111230POR.html,"10:00 PM, November 23, 2021",Portland Trail Blazers,Denver Nuggets,119,100,POR,,,Team Totals,240,45,88,.511,15,39,.385,14,20,.700,12,31,43,25,12,7,9,18,119,,,Team Totals,240,.615,.597,.443,.227,28.6,81.6,53.8,55.6,12.9,15.6,8.5,100.0,128.4,107.9,,
https://www.basketball-reference.com/boxscores/202111240BOS.html,"7:30 PM, November 24, 2021",Boston Celtics,Brooklyn Nets,104,123,BRK,,,Team Totals,240,43,85,.506,14,35,.400,23,30,.767,10,40,50,29,8,4,10,23,123,,,Team Totals,240,.626,.588,.412,.353,25.0,72.7,52.6,67.4,8.3,9.3,9.2,100.0,127.9,108.1,,
https://www.basketball-reference.com/boxscores/202111240BOS.html,"7:30 PM, November 24, 2021",Boston Celtics,Brooklyn Nets,104,123,BOS,,,Team Totals,240,34,91,.374,11,48,.229,25,28,.893,15,30,45,25,6,5,11,24,104,,,Team Totals,240,.503,.434,.527,.308,27.3,75.0,47.4,73.5,6.2,10.0,9.6,100.0,108.1,127.9,,
https://www.basketball-reference.com/boxscores/202111240CLE.html,"7:00 PM, November 24, 2021",Cleveland Cavaliers,Phoenix Suns,115,120,PHO,,,Team Totals,240,45,86,.523,8,22,.364,22,28,.786,10,37,47,26,4,2,15,23,120,,,Team Totals,240,.610,.570,.256,.326,24.4,74.0,51.6,57.8,3.9,3.4,13.2,100.0,117.9,113.0,,
https://www.basketball-reference.com/boxscores/202111240CLE.html,"7:00 PM, November 24, 2021",Cleveland Cavaliers,Phoenix Suns,115,120,CLE,,,Team Totals,240,43,97,.443,12,39,.308,17,25,.680,13,31,44,22,7,0,10,23,115,,,Team Totals,240,.532,.505,.402,.258,26.0,75.6,48.4,51.2,6.9,0.0,8.5,100.0,113.0,117.9,,
https://www.basketball-reference.com/boxscores/202111240GSW.html,"10:00 PM, November 24, 2021",Golden State Warriors,Philadelphia 76ers,116,96,PHI,,,Team Totals,240,34,80,.425,8,28,.286,20,22,.909,8,33,41,17,10,7,21,22,96,,,Team Totals,240,.535,.475,.350,.275,17.8,89.2,50.0,50.0,9.9,16.7,19.0,100.0,94.9,114.7,,
https://www.basketball-reference.com/boxscores/202111240GSW.html,"10:00 PM, November 24, 2021",Golden State Warriors,Philadelphia 76ers,116,96,GSW,,,Team Totals,240,42,80,.525,15,38,.395,17,24,.708,4,37,41,32,7,5,16,21,116,,,Team Totals,240,.640,.619,.475,.300,10.8,82.2,50.0,76.2,6.9,9.6,15.0,100.0,114.7,94.9,,
https://www.basketball-reference.com/boxscores/202111240HOU.html,"8:00 PM, November 24, 2021",Houston Rockets,Chicago Bulls,118,113,CHI,,,Team Totals,240,44,96,.458,15,35,.429,10,12,.833,8,32,40,26,12,6,14,22,113,,,Team Totals,240,.558,.536,.365,.125,17.0,82.1,46.5,59.1,11.3,12.5,12.1,100.0,106.6,111.3,,
https://www.basketball-reference.com/boxscores/202111240HOU.html,"8:00 PM, November 24, 2021",Houston Rockets,Chicago Bulls,118,113,HOU,,,Team Totals,240,42,84,.500,17,36,.472,17,22,.773,7,39,46,27,5,6,22,16,118,,,Team Totals,240,.630,.601,.429,.262,17.9,83.0,53.5,64.3,4.7,9.8,19.0,100.0,111.3,106.6,,
https://www.basketball-reference.com/boxscores/202111240IND.html,"7:00 PM, November 24, 2021",Indiana Pacers,Los Angeles Lakers,116,124,LAL,,,Team Totals,265,42,95,.442,15,37,.405,25,29,.862,9,43,52,20,5,4,12,21,124,,,Team Totals,265,.575,.521,.389,.305,19.1,75.4,50.0,47.6,4.6,6.9,10.0,100.0,114.8,107.4,,
https://www.basketball-reference.com/boxscores/202111240IND.html,"7:00 PM, November 24, 2021",Indiana Pacers,Los Angeles Lakers,116,124,IND,,,Team Totals,265,42,104,.404,13,46,.283,19,24,.792,14,38,52,25,3,5,11,25,116,,,Team Totals,265,.506,.466,.442,.231,24.6,80.9,50.0,59.5,2.8,8.6,8.8,100.0,107.4,114.8,,
https://www.basketball-reference.com/boxscores/202111240MEM.html,"8:00 PM, November 24, 2021",Memphis Grizzlies,Toronto Raptors,113,126,TOR,,,Team Totals,240,47,89,.528,14,30,.467,18,21,.857,11,23,34,25,8,4,10,20,126,,,Team Totals,240,.641,.607,.337,.236,27.5,67.6,45.9,53.2,8.5,7.5,9.2,100.0,133.6,119.8,,
https://www.basketball-reference.com/boxscores/202111240MEM.html,"8:00 PM, November 24, 2021",Memphis Grizzlies,Toronto Raptors,113,126,MEM,,,Team Totals,240,42,82,.512,9,29,.310,20,26,.769,11,29,40,25,6,3,15,20,113,,,Team Totals,240,.605,.567,.354,.317,32.4,72.5,54.1,59.5,6.4,5.1,13.8,100.0,119.8,133.6,,
https://www.basketball-reference.com/boxscores/202111240MIL.html,"8:00 PM, November 24, 2021",Milwaukee Bucks,Detroit Pistons,114,93,DET,,,Team Totals,240,34,95,.358,11,45,.244,14,19,.737,9,35,44,16,7,1,9,18,93,,,Team Totals,240,.450,.416,.474,.200,16.4,77.8,44.0,47.1,7.0,2.0,8.0,100.0,93.0,114.0,,
https://www.basketball-reference.com/boxscores/202111240MIL.html,"8:00 PM, November 24, 2021",Milwaukee Bucks,Detroit Pistons,114,93,MIL,,,Team Totals,240,42,87,.483,15,36,.417,15,17,.882,10,46,56,23,5,6,16,18,114,,,Team Totals,240,.603,.569,.414,.195,22.2,83.6,56.0,54.8,5.0,12.0,14.5,100.0,114.0,93.0,,
https://www.basketball-reference.com/boxscores/202111240MIN.html,"8:00 PM, November 24, 2021",Minnesota Timberwolves,Miami Heat,113,101,MIA,,,Team Totals,240,33,74,.446,15,42,.357,20,29,.690,4,36,40,25,6,2,21,25,101,,,Team Totals,240,.582,.547,.568,.392,9.8,70.6,43.5,75.8,5.9,5.3,19.5,100.0,98.8,110.6,,
https://www.basketball-reference.com/boxscores/202111240MIN.html,"8:00 PM, November 24, 2021",Minnesota Timberwolves,Miami Heat,113,101,MIN,,,Team Totals,240,38,93,.409,18,55,.327,19,21,.905,15,37,52,24,10,7,18,26,113,,,Team Totals,240,.553,.505,.591,.226,29.4,90.2,56.5,63.2,9.8,21.9,15.0,100.0,110.6,98.8,,
https://www.basketball-reference.com/boxscores/202111240NOP.html,"8:00 PM, November 24, 2021",New Orleans Pelicans,Washington Wizards,127,102,WAS,,,Team Totals,240,36,84,.429,7,31,.226,23,36,.639,13,32,45,23,5,3,19,23,102,,,Team Totals,240,.511,.470,.369,.429,24.5,72.7,46.4,63.9,4.8,4.5,16.0,100.0,97.4,121.3,,
https://www.basketball-reference.com/boxscores/202111240NOP.html,"8:00 PM, November 24, 2021",New Orleans Pelicans,Washington Wizards,127,102,NOP,,,Team Totals,240,44,96,.458,12,29,.414,27,32,.844,12,40,52,33,13,2,11,26,127,,,Team Totals,240,.577,.521,.302,.333,27.3,75.5,53.6,75.0,12.4,3.8,9.1,100.0,121.3,97.4,,
https://www.basketball-reference.com/boxscores/202111240OKC.html,"8:00 PM, November 24, 2021",Oklahoma City Thunder,Utah Jazz,104,110,UTA,,,Team Totals,240,39,86,.453,15,47,.319,17,20,.850,7,36,43,19,11,8,10,15,110,,,Team Totals,240,.580,.541,.547,.233,15.2,90.0,50.0,48.7,11.3,17.4,9.5,100.0,112.6,106.5,,
https://www.basketball-reference.com/boxscores/202111240OKC.html,"8:00 PM, November 24, 2021",Oklahoma City Thunder,Utah Jazz,104,110,OKC,,,Team Totals,240,37,82,.451,15,36,.417,15,22,.682,4,39,43,21,7,4,13,18,104,,,Team Totals,240,.567,.543,.439,.268,10.0,84.8,50.0,56.8,7.2,10.3,12.4,100.0,106.5,112.6,,
https://www.basketball-reference.com/boxscores/202111240ORL.html,"7:00 PM, November 24, 2021",Orlando Magic,Charlotte Hornets,99,106,CHO,,,Team Totals,240,39,93,.419,12,40,.300,16,21,.762,12,37,49,26,11,11,10,16,106,,,Team Totals,240,.518,.484,.430,.226,22.6,78.7,49.0,66.7,11.1,21.6,8.9,100.0,107.2,100.1,,
https://www.basketball-reference.com/boxscores/202111240ORL.html,"7:00 PM, November 24, 2021",Orlando Magic,Charlotte Hornets,99,106,ORL,,,Team Totals,240,38,93,.409,15,42,.357,8,10,.800,10,41,51,23,5,1,15,19,99,,,Team Totals,240,.508,.489,.452,.108,21.3,77.4,51.0,60.5,5.1,1.9,13.3,100.0,100.1,107.2,,
https://www.basketball-reference.com/boxscores/202111240SAC.html,"10:00 PM, November 24, 2021",Sacramento Kings,Portland Trail Blazers,125,121,POR,,,Team Totals,240,44,94,.468,12,38,.316,21,25,.840,13,30,43,27,9,1,15,26,121,,,Team Totals,240,.576,.532,.404,.266,31.0,68.2,50.0,61.4,8.9,1.9,12.5,100.0,119.8,123.7,,
https://www.basketball-reference.com/boxscores/202111240SAC.html,"10:00 PM, November 24, 2021",Sacramento Kings,Portland Trail Blazers,125,121,SAC,,,Team Totals,240,45,86,.523,12,33,.364,23,34,.676,14,29,43,21,4,4,14,21,125,,,Team Totals,240,.619,.593,.384,.395,31.8,69.0,50.0,46.7,4.0,7.1,12.2,100.0,123.7,119.8,,
https://www.basketball-reference.com/boxscores/202111240SAS.html,"8:30 PM, November 24, 2021",San Antonio Spurs,Atlanta Hawks,106,124,ATL,,,Team Totals,240,45,88,.511,12,26,.462,22,24,.917,8,36,44,26,10,5,11,11,124,,,Team Totals,240,.629,.580,.295,.273,21.6,70.6,50.0,57.8,10.2,7.5,10.0,100.0,126.1,107.8,,
https://www.basketball-reference.com/boxscores/202111240SAS.html,"8:30 PM, November 24, 2021",San Antonio Spurs,Atlanta Hawks,106,124,SAS,,,Team Totals,240,43,100,.430,12,33,.364,8,10,.800,15,29,44,27,8,4,12,16,106,,,Team Totals,240,.508,.490,.330,.100,29.4,78.4,50.0,62.8,8.1,6.5,10.3,100.0,107.8,126.1,,
https://www.basketball-reference.com/boxscores/202111260CHO.html,"7:00 PM, November 26, 2021",Charlotte Hornets,Minnesota Timberwolves,133,115,MIN,,,Team Totals,240,45,100,.450,11,35,.314,14,19,.737,15,30,45,24,8,6,12,20,115,,,Team Totals,240,.531,.505,.350,.190,28.8,81.1,50.6,53.3,7.8,12.5,10.0,100.0,112.3,129.9,,
https://www.basketball-reference.com/boxscores/202111260CHO.html,"7:00 PM, November 26, 2021",Charlotte Hornets,Minnesota Timberwolves,133,115,CHO,,,Team Totals,240,49,88,.557,23,40,.575,12,15,.800,7,37,44,32,5,7,16,21,133,,,Team Totals,240,.703,.688,.455,.170,18.9,71.2,49.4,65.3,4.9,10.8,14.5,100.0,129.9,112.3,,
https://www.basketball-reference.com/boxscores/202111260DEN.html,"9:00 PM, November 26, 2021",Denver Nuggets,Milwaukee Bucks,109,120,MIL,,,Team Totals,240,46,73,.630,16,33,.485,12,20,.600,5,39,44,24,3,7,22,14,120,,,Team Totals,240,.733,.740,.452,.274,18.5,81.3,58.7,52.2,3.1,15.6,21.2,100.0,124.5,113.1,,
https://www.basketball-reference.com/boxscores/202111260DEN.html,"9:00 PM, November 26, 2021",Denver Nuggets,Milwaukee Bucks,109,120,DEN,,,Team Totals,240,40,92,.435,17,47,.362,12,14,.857,9,22,31,24,9,2,8,19,109,,,Team Totals,240,.555,.527,.511,.152,18.8,81.5,41.3,60.0,9.3,5.0,7.5,100.0,113.1,124.5,,
https://www.basketball-reference.com/boxscores/202111260GSW.html,"10:00 PM, November 26, 2021",Golden State Warriors,Portland Trail Blazers,118,103,POR,,,Team Totals,240,36,86,.419,13,38,.342,18,23,.783,7,30,37,23,7,2,10,13,103,,,Team Totals,240,.536,.494,.442,.267,15.9,73.2,43.5,63.9,7.2,4.0,9.4,100.0,106.4,121.9,,
https://www.basketball-reference.com/boxscores/202111260GSW.html,"10:00 PM, November 26, 2021",Golden State Warriors,Portland Trail Blazers,118,103,GSW,,,Team Totals,240,47,87,.540,12,37,.324,12,16,.750,11,37,48,31,8,5,15,19,118,,,Team Totals,240,.627,.609,.425,.184,26.8,84.1,56.5,66.0,8.3,10.4,13.8,100.0,121.9,106.4,,
https://www.basketball-reference.com/boxscores/202111260IND.html,"8:00 PM, November 26, 2021",Indiana Pacers,Toronto Raptors,114,97,TOR,,,Team Totals,240,37,89,.416,7,30,.233,16,22,.727,13,28,41,17,8,3,11,18,97,,,Team Totals,240,.491,.455,.337,.247,26.5,62.2,43.6,45.9,8.5,5.2,10.0,100.0,103.1,121.1,,
https://www.basketball-reference.com/boxscores/202111260IND.html,"8:00 PM, November 26, 2021",Indiana Pacers,Toronto Raptors,114,97,IND,,,Team Totals,240,47,97,.485,11,39,.282,9,11,.818,17,36,53,31,6,4,13,19,114,,,Team Totals,240,.560,.541,.402,.113,37.8,73.5,56.4,66.0,6.4,6.8,11.3,100.0,121.1,103.1,,
https://www.basketball-reference.com/boxscores/202111260LAC.html,"3:30 PM, November 26, 2021",Los Angeles Clippers,Detroit Pistons,107,96,DET,,,Team Totals,240,33,90,.367,8,33,.242,22,26,.846,13,39,52,17,8,4,15,19,96,,,Team Totals,240,.473,.411,.367,.289,23.2,78.0,49.1,51.5,7.9,7.5,12.9,100.0,94.8,105.6,,
https://www.basketball-reference.com/boxscores/202111260LAC.html,"3:30 PM, November 26, 2021",Los Angeles Clippers,Detroit Pistons,107,96,LAC,,,Team Totals,240,39,91,.429,11,38,.289,18,19,.947,11,43,54,26,9,4,15,27,107,,,Team Totals,240,.538,.489,.418,.209,22.0,76.8,50.9,66.7,8.9,7.0,13.1,100.0,105.6,94.8,,
https://www.basketball-reference.com/boxscores/202111260LAL.html,"10:30 PM, November 26, 2021",Los Angeles Lakers,Sacramento Kings,137,141,SAC,,,Team Totals,315,54,120,.450,14,45,.311,19,29,.655,16,40,56,32,11,4,15,26,141,,,Team Totals,315,.531,.508,.375,.242,27.6,81.6,52.3,59.3,8.8,6.9,10.2,100.0,113.1,109.9,,
https://www.basketball-reference.com/boxscores/202111260LAL.html,"10:30 PM, November 26, 2021",Los Angeles Lakers,Sacramento Kings,137,141,LAL,,,Team Totals,315,51,102,.500,15,44,.341,20,28,.714,9,42,51,32,9,6,19,27,137,,,Team Totals,315,.599,.574,.431,.275,18.4,72.4,47.7,62.7,7.2,8.0,14.3,100.0,109.9,113.1,,
https://www.basketball-reference.com/boxscores/202111260MEM.html,"8:00 PM, November 26, 2021",Memphis Grizzlies,Atlanta Hawks,100,132,ATL,,,Team Totals,240,52,89,.584,13,27,.481,15,21,.714,9,40,49,33,8,5,12,15,132,,,Team Totals,240,.672,.657,.303,.236,25.7,80.0,57.6,63.5,8.0,9.4,10.9,100.0,132.5,100.4,,
https://www.basketball-reference.com/boxscores/202111260MEM.html,"8:00 PM, November 26, 2021",Memphis Grizzlies,Atlanta Hawks,100,132,MEM,,,Team Totals,240,37,91,.407,12,38,.316,14,19,.737,10,26,36,27,8,7,13,19,100,,,Team Totals,240,.503,.473,.418,.209,20.0,74.3,42.4,73.0,8.0,11.3,11.6,100.0,100.4,132.5,,
https://www.basketball-reference.com/boxscores/202111260NYK.html,"7:00 PM, November 26, 2021",New York Knicks,Phoenix Suns,97,118,PHO,,,Team Totals,240,44,79,.557,13,28,.464,17,21,.810,1,34,35,28,10,2,11,19,118,,,Team Totals,240,.669,.639,.354,.266,2.9,66.7,40.7,63.6,10.3,3.8,11.1,100.0,122.0,100.3,,
https://www.basketball-reference.com/boxscores/202111260NYK.html,"7:00 PM, November 26, 2021",New York Knicks,Phoenix Suns,97,118,NYK,,,Team Totals,240,34,92,.370,12,39,.308,17,22,.773,17,34,51,13,7,1,16,20,97,,,Team Totals,240,.477,.435,.424,.239,33.3,97.1,59.3,38.2,7.2,2.0,13.6,100.0,100.3,122.0,,
https://www.basketball-reference.com/boxscores/202111260OKC.html,"8:00 PM, November 26, 2021",Oklahoma City Thunder,Washington Wizards,99,101,WAS,,,Team Totals,240,38,79,.481,10,29,.345,15,15,1.000,5,38,43,17,2,12,15,15,101,,,Team Totals,240,.590,.544,.367,.190,13.9,79.2,51.2,44.7,2.1,19.7,14.9,100.0,105.7,103.7,,
https://www.basketball-reference.com/boxscores/202111260OKC.html,"8:00 PM, November 26, 2021",Oklahoma City Thunder,Washington Wizards,99,101,OKC,,,Team Totals,240,38,94,.404,11,33,.333,12,14,.857,10,31,41,23,7,4,10,15,99,,,Team Totals,240,.494,.463,.351,.149,20.8,86.1,48.8,60.5,7.3,8.0,9.1,100.0,103.7,105.7,,
https://www.basketball-reference.com/boxscores/202111260ORL.html,"7:00 PM, November 26, 2021",Orlando Magic,Chicago Bulls,88,123,CHI,,,Team Totals,240,48,86,.558,17,34,.500,10,16,.625,6,41,47,32,11,1,14,24,123,,,Team Totals,240,.661,.657,.395,.186,16.2,89.1,56.6,66.7,10.9,2.1,13.1,100.0,122.4,87.6,,
https://www.basketball-reference.com/boxscores/202111260ORL.html,"7:00 PM, November 26, 2021",Orlando Magic,Chicago Bulls,88,123,ORL,,,Team Totals,240,30,80,.375,7,32,.219,21,30,.700,5,31,36,18,7,5,15,16,88,,,Team Totals,240,.472,.419,.400,.375,10.9,83.8,43.4,60.0,7.0,9.6,13.9,100.0,87.6,122.4,,
https://www.basketball-reference.com/boxscores/202111260SAS.html,"8:30 PM, November 26, 2021",San Antonio Spurs,Boston Celtics,96,88,BOS,,,Team Totals,240,34,92,.370,10,34,.294,10,15,.667,12,39,51,20,4,8,11,20,88,,,Team Totals,240,.446,.424,.370,.163,21.1,83.0,49.0,58.8,4.2,12.7,10.0,100.0,91.4,99.7,,
https://www.basketball-reference.com/boxscores/202111260SAS.html,"8:30 PM, November 26, 2021",San Antonio Spurs,Boston Celtics,96,88,SAS,,,Team Totals,240,38,87,.437,6,24,.250,14,19,.737,8,45,53,21,7,6,11,15,96,,,Team Totals,240,.503,.471,.276,.218,17.0,78.9,51.0,55.3,7.3,10.3,10.3,100.0,99.7,91.4,,
https://www.basketball-reference.com/boxscores/202111260UTA.html,"9:00 PM, November 26, 2021",Utah Jazz,New Orleans Pelicans,97,98,NOP,,,Team Totals,240,38,89,.427,11,27,.407,11,13,.846,6,33,39,27,8,4,14,21,98,,,Team Totals,240,.517,.489,.303,.146,15.0,78.6,47.6,71.1,8.2,8.5,12.9,100.0,100.4,99.4,,
https://www.basketball-reference.com/boxscores/202111260UTA.html,"9:00 PM, November 26, 2021",Utah Jazz,New Orleans Pelicans,97,98,UTA,,,Team Totals,240,36,80,.450,13,33,.394,12,18,.667,9,34,43,17,6,8,18,22,97,,,Team Totals,240,.552,.531,.413,.225,21.4,85.0,52.4,47.2,6.1,12.9,17.0,100.0,99.4,100.4,,
https://www.basketball-reference.com/boxscores/202111270ATL.html,"7:30 PM, November 27, 2021",Atlanta Hawks,New York Knicks,90,99,NYK,,,Team Totals,240,36,82,.439,11,29,.379,16,22,.727,8,42,50,20,4,3,10,17,99,,,Team Totals,240,.540,.506,.354,.268,17.0,76.4,49.0,55.6,4.3,5.4,9.8,100.0,106.9,97.2,,
https://www.basketball-reference.com/boxscores/202111270ATL.html,"7:30 PM, November 27, 2021",Atlanta Hawks,New York Knicks,90,99,ATL,,,Team Totals,240,33,93,.355,9,37,.243,15,20,.750,13,39,52,18,8,6,7,17,90,,,Team Totals,240,.442,.403,.398,.215,23.6,83.0,51.0,54.5,8.6,11.3,6.4,100.0,97.2,106.9,,
https://www.basketball-reference.com/boxscores/202111270BRK.html,"7:30 PM, November 27, 2021",Brooklyn Nets,Phoenix Suns,107,113,PHO,,,Team Totals,240,41,92,.446,13,38,.342,18,21,.857,11,30,41,17,11,1,13,17,113,,,Team Totals,240,.558,.516,.413,.228,22.9,75.0,46.6,41.5,10.9,1.6,11.4,100.0,111.8,105.9,,
https://www.basketball-reference.com/boxscores/202111270BRK.html,"7:30 PM, November 27, 2021",Brooklyn Nets,Phoenix Suns,107,113,BRK,,,Team Totals,240,42,84,.500,7,23,.304,16,21,.762,10,37,47,25,7,5,20,15,107,,,Team Totals,240,.574,.542,.274,.250,25.0,77.1,53.4,59.5,6.9,9.3,17.7,100.0,105.9,111.8,,
https://www.basketball-reference.com/boxscores/202111270CHI.html,"8:00 PM, November 27, 2021",Chicago Bulls,Miami Heat,104,107,MIA,,,Team Totals,240,37,86,.430,14,40,.350,19,22,.864,9,27,36,23,13,1,10,19,107,,,Team Totals,240,.559,.512,.465,.256,19.6,73.0,43.4,62.2,13.4,2.4,9.5,100.0,110.0,106.9,,
https://www.basketball-reference.com/boxscores/202111270CHI.html,"8:00 PM, November 27, 2021",Chicago Bulls,Miami Heat,104,107,CHI,,,Team Totals,240,38,81,.469,11,39,.282,17,21,.810,10,37,47,22,6,4,23,20,104,,,Team Totals,240,.576,.537,.481,.259,27.0,80.4,56.6,57.9,6.2,8.7,20.3,100.0,106.9,110.0,,
https://www.basketball-reference.com/boxscores/202111270CLE.html,"8:00 PM, November 27, 2021",Cleveland Cavaliers,Orlando Magic,105,92,ORL,,,Team Totals,240,35,88,.398,8,32,.250,14,23,.609,8,35,43,21,11,5,9,16,92,,,Team Totals,240,.469,.443,.364,.261,16.3,77.8,45.7,60.0,11.4,9.8,8.4,100.0,95.3,108.8,,
https://www.basketball-reference.com/boxscores/202111270CLE.html,"8:00 PM, November 27, 2021",Cleveland Cavaliers,Orlando Magic,105,92,CLE,,,Team Totals,240,41,90,.456,14,39,.359,9,12,.750,10,41,51,28,3,9,13,18,105,,,Team Totals,240,.551,.533,.433,.133,22.2,83.7,54.3,68.3,3.1,16.1,12.0,100.0,108.8,95.3,,
https://www.basketball-reference.com/boxscores/202111270DAL.html,"8:30 PM, November 27, 2021",Dallas Mavericks,Washington Wizards,114,120,WAS,,,Team Totals,240,45,78,.577,9,24,.375,21,26,.808,7,36,43,28,4,4,15,18,120,,,Team Totals,240,.671,.635,.308,.333,21.2,80.0,55.1,62.2,4.2,7.8,14.4,100.0,125.9,119.6,,
https://www.basketball-reference.com/boxscores/202111270DAL.html,"8:30 PM, November 27, 2021",Dallas Mavericks,Washington Wizards,114,120,DAL,,,Team Totals,240,42,89,.472,14,38,.368,16,22,.727,9,26,35,23,7,4,7,21,114,,,Team Totals,240,.578,.551,.427,.247,20.0,78.8,44.9,54.8,7.3,7.4,6.6,100.0,119.6,125.9,,
https://www.basketball-reference.com/boxscores/202111270HOU.html,"8:00 PM, November 27, 2021",Houston Rockets,Charlotte Hornets,146,143,CHO,,,Team Totals,265,48,103,.466,20,50,.400,27,30,.900,16,23,39,31,10,5,11,23,143,,,Team Totals,265,.615,.563,.485,.291,34.0,69.7,48.8,64.6,9.3,10.9,8.6,100.0,133.6,136.4,,
https://www.basketball-reference.com/boxscores/202111270HOU.html,"8:00 PM, November 27, 2021",Houston Rockets,Charlotte Hornets,146,143,HOU,,,Team Totals,265,51,95,.537,23,49,.469,21,31,.677,10,31,41,36,5,4,15,25,146,,,Team Totals,265,.672,.658,.516,.326,30.3,66.0,51.3,70.6,4.7,7.5,12.1,100.0,136.4,133.6,,
https://www.basketball-reference.com/boxscores/202111270PHI.html,"6:00 PM, November 27, 2021",Philadelphia 76ers,Minnesota Timberwolves,120,121,MIN,,,Team Totals,290,48,96,.500,14,36,.389,11,16,.688,11,43,54,22,7,6,21,31,121,,,Team Totals,290,.587,.573,.375,.167,25.6,78.2,55.1,45.8,6.3,10.2,16.9,100.0,108.9,108.0,,
https://www.basketball-reference.com/boxscores/202111270PHI.html,"6:00 PM, November 27, 2021",Philadelphia 76ers,Minnesota Timberwolves,120,121,PHI,,,Team Totals,290,39,93,.419,12,34,.353,30,39,.769,12,32,44,27,13,5,16,25,120,,,Team Totals,290,.545,.484,.366,.419,21.8,74.4,44.9,69.2,11.7,8.3,12.7,100.0,108.0,108.9,,
https://www.basketball-reference.com/boxscores/202111270UTA.html,"9:00 PM, November 27, 2021",Utah Jazz,New Orleans Pelicans,127,105,NOP,,,Team Totals,240,40,93,.430,8,35,.229,17,21,.810,14,31,45,27,8,3,15,20,105,,,Team Totals,240,.513,.473,.376,.226,29.2,81.6,52.3,67.5,8.0,6.7,12.8,100.0,105.1,127.2,,
https://www.basketball-reference.com/boxscores/202111270UTA.html,"9:00 PM, November 27, 2021",Utah Jazz,New Orleans Pelicans,127,105,UTA,,,Team Totals,240,45,80,.563,20,35,.571,17,22,.773,7,34,41,24,9,4,18,25,127,,,Team Totals,240,.708,.688,.438,.275,18.4,70.8,47.7,53.3,9.0,6.9,16.7,100.0,127.2,105.1,,
https://www.basketball-reference.com/boxscores/202111280IND.html,"5:00 PM, November 28, 2021",Indiana Pacers,Milwaukee Bucks,100,118,MIL,,,Team Totals,240,46,90,.511,8,35,.229,18,22,.818,13,39,52,27,7,3,14,14,118,,,Team Totals,240,.592,.556,.389,.244,28.3,76.5,53.6,58.7,7.1,6.4,12.3,100.0,119.6,101.4,,
https://www.basketball-reference.com/boxscores/202111280IND.html,"5:00 PM, November 28, 2021",Indiana Pacers,Milwaukee Bucks,100,118,IND,,,Team Totals,240,38,92,.413,12,45,.267,12,16,.750,12,33,45,21,6,2,13,21,100,,,Team Totals,240,.505,.478,.489,.174,23.5,71.7,46.4,55.3,6.1,3.6,11.6,100.0,101.4,119.6,,
https://www.basketball-reference.com/boxscores/202111280LAC.html,"3:30 PM, November 28, 2021",Los Angeles Clippers,Golden State Warriors,90,105,GSW,,,Team Totals,240,38,86,.442,17,40,.425,12,22,.545,11,32,43,25,19,2,17,27,105,,,Team Totals,240,.549,.541,.465,.256,25.6,68.1,47.8,65.8,19.3,3.8,15.1,100.0,106.5,91.2,,
https://www.basketball-reference.com/boxscores/202111280LAC.html,"3:30 PM, November 28, 2021",Los Angeles Clippers,Golden State Warriors,90,105,LAC,,,Team Totals,240,32,80,.400,9,28,.321,17,25,.680,15,32,47,18,8,3,25,21,90,,,Team Totals,240,.495,.456,.350,.313,31.9,74.4,52.2,56.3,8.1,6.5,21.6,100.0,91.2,106.5,,
https://www.basketball-reference.com/boxscores/202111280LAL.html,"9:30 PM, November 28, 2021",Los Angeles Lakers,Detroit Pistons,110,106,DET,,,Team Totals,240,38,89,.427,13,33,.394,17,19,.895,12,41,53,29,5,4,17,20,106,,,Team Totals,240,.544,.500,.371,.213,25.0,87.2,55.8,76.3,4.9,7.4,14.9,100.0,104.9,108.9,,
https://www.basketball-reference.com/boxscores/202111280LAL.html,"9:30 PM, November 28, 2021",Los Angeles Lakers,Detroit Pistons,110,106,LAL,,,Team Totals,240,43,86,.500,9,32,.281,15,25,.600,6,36,42,32,11,8,12,18,110,,,Team Totals,240,.567,.552,.372,.291,12.8,75.0,44.2,74.4,10.9,14.3,11.0,100.0,108.9,104.9,,
https://www.basketball-reference.com/boxscores/202111280MEM.html,"6:00 PM, November 28, 2021",Memphis Grizzlies,Sacramento Kings,128,101,SAC,,,Team Totals,240,33,97,.340,9,42,.214,26,37,.703,12,37,49,17,5,8,8,18,101,,,Team Totals,240,.446,.387,.433,.381,18.2,72.5,41.9,51.5,4.7,12.3,6.6,100.0,94.6,119.9,,
https://www.basketball-reference.com/boxscores/202111280MEM.html,"6:00 PM, November 28, 2021",Memphis Grizzlies,Sacramento Kings,128,101,MEM,,,Team Totals,240,50,104,.481,13,39,.333,15,20,.750,14,54,68,30,4,11,10,25,128,,,Team Totals,240,.567,.543,.375,.192,27.5,81.8,58.1,60.0,3.7,20.0,8.1,100.0,119.9,94.6,,
https://www.basketball-reference.com/boxscores/202111280TOR.html,"6:00 PM, November 28, 2021",Toronto Raptors,Boston Celtics,97,109,BOS,,,Team Totals,240,34,82,.415,12,34,.353,29,31,.935,12,41,53,24,5,3,18,19,109,,,Team Totals,240,.570,.488,.415,.378,28.6,74.5,54.6,70.6,5.2,5.9,15.8,100.0,113.3,100.9,,
https://www.basketball-reference.com/boxscores/202111280TOR.html,"6:00 PM, November 28, 2021",Toronto Raptors,Boston Celtics,97,109,TOR,,,Team Totals,240,35,93,.376,13,42,.310,14,16,.875,14,30,44,19,6,5,11,24,97,,,Team Totals,240,.485,.446,.452,.172,25.5,71.4,45.4,54.3,6.2,10.4,9.9,100.0,100.9,113.3,,
https://www.basketball-reference.com/boxscores/202111290CHI.html,"8:00 PM, November 29, 2021",Chicago Bulls,Charlotte Hornets,133,119,CHO,,,Team Totals,240,42,88,.477,18,39,.462,17,21,.810,5,29,34,23,7,9,9,14,119,,,Team Totals,240,.612,.580,.443,.239,12.2,85.3,45.3,54.8,7.0,15.3,8.5,100.0,118.2,132.1,,
https://www.basketball-reference.com/boxscores/202111290CHI.html,"8:00 PM, November 29, 2021",Chicago Bulls,Charlotte Hornets,133,119,CHI,,,Team Totals,240,53,89,.596,14,30,.467,13,19,.684,5,36,41,35,3,5,11,19,133,,,Team Totals,240,.683,.674,.337,.213,14.7,87.8,54.7,66.0,3.0,10.2,10.2,100.0,132.1,118.2,,
https://www.basketball-reference.com/boxscores/202111290DAL.html,"8:30 PM, November 29, 2021",Dallas Mavericks,Cleveland Cavaliers,96,114,CLE,,,Team Totals,240,45,80,.563,10,19,.526,14,18,.778,5,43,48,29,3,4,20,22,114,,,Team Totals,240,.648,.625,.238,.225,16.1,86.0,59.3,64.4,3.0,8.0,18.5,100.0,114.8,96.6,,
https://www.basketball-reference.com/boxscores/202111290DAL.html,"8:30 PM, November 29, 2021",Dallas Mavericks,Cleveland Cavaliers,96,114,DAL,,,Team Totals,240,39,89,.438,12,39,.308,6,15,.400,7,26,33,20,8,7,10,15,96,,,Team Totals,240,.502,.506,.438,.169,14.0,83.9,40.7,51.3,8.1,11.5,9.5,100.0,96.6,114.8,,
https://www.basketball-reference.com/boxscores/202111290HOU.html,"8:00 PM, November 29, 2021",Houston Rockets,Oklahoma City Thunder,102,89,OKC,,,Team Totals,240,31,87,.356,7,43,.163,20,26,.769,4,41,45,16,10,10,13,14,89,,,Team Totals,240,.452,.397,.494,.299,7.3,82.0,42.9,51.6,9.5,20.0,11.7,100.0,84.9,97.3,,
https://www.basketball-reference.com/boxscores/202111290HOU.html,"8:00 PM, November 29, 2021",Houston Rockets,Oklahoma City Thunder,102,89,HOU,,,Team Totals,240,40,96,.417,15,46,.326,7,11,.636,9,51,60,31,7,5,14,19,102,,,Team Totals,240,.506,.495,.479,.115,18.0,92.7,57.1,77.5,6.7,11.4,12.2,100.0,97.3,84.9,,
https://www.basketball-reference.com/boxscores/202111290LAC.html,"10:30 PM, November 29, 2021",Los Angeles Clippers,New Orleans Pelicans,104,123,NOP,,,Team Totals,240,48,94,.511,14,35,.400,13,16,.813,14,33,47,30,11,1,8,21,123,,,Team Totals,240,.609,.585,.372,.170,31.1,89.2,57.3,62.5,11.9,2.8,7.3,100.0,133.4,112.8,,
https://www.basketball-reference.com/boxscores/202111290LAC.html,"10:30 PM, November 29, 2021",Los Angeles Clippers,New Orleans Pelicans,104,123,LAC,,,Team Totals,240,37,72,.514,14,36,.389,16,21,.762,4,31,35,17,2,2,15,16,104,,,Team Totals,240,.640,.611,.500,.292,10.8,68.9,42.7,45.9,2.2,3.4,15.6,100.0,112.8,133.4,,
https://www.basketball-reference.com/boxscores/202111290MIA.html,"7:30 PM, November 29, 2021",Miami Heat,Denver Nuggets,111,120,DEN,,,Team Totals,240,43,74,.581,18,35,.514,16,21,.762,5,30,35,32,2,1,13,18,120,,,Team Totals,240,.721,.703,.473,.284,15.6,71.4,47.3,74.4,2.2,2.1,13.5,100.0,132.2,122.3,,
https://www.basketball-reference.com/boxscores/202111290MIA.html,"7:30 PM, November 29, 2021",Miami Heat,Denver Nuggets,111,120,MIA,,,Team Totals,240,43,91,.473,15,44,.341,10,15,.667,12,27,39,32,2,1,9,18,111,,,Team Totals,240,.569,.555,.484,.165,28.6,84.4,52.7,74.4,2.2,2.6,8.4,100.0,122.3,132.2,,
https://www.basketball-reference.com/boxscores/202111290MIN.html,"8:00 PM, November 29, 2021",Minnesota Timberwolves,Indiana Pacers,100,98,IND,,,Team Totals,240,36,91,.396,9,37,.243,17,21,.810,8,39,47,27,6,3,14,18,98,,,Team Totals,240,.489,.445,.407,.231,17.0,83.0,50.0,75.0,6.0,6.4,12.3,100.0,97.3,99.3,,
https://www.basketball-reference.com/boxscores/202111290MIN.html,"8:00 PM, November 29, 2021",Minnesota Timberwolves,Indiana Pacers,100,98,MIN,,,Team Totals,240,36,82,.439,9,35,.257,19,26,.731,8,39,47,25,8,5,14,25,100,,,Team Totals,240,.535,.494,.427,.317,17.0,83.0,50.0,69.4,7.9,9.3,13.0,100.0,99.3,97.3,,
https://www.basketball-reference.com/boxscores/202111290PHI.html,"7:00 PM, November 29, 2021",Philadelphia 76ers,Orlando Magic,101,96,ORL,,,Team Totals,240,37,90,.411,8,33,.242,14,18,.778,8,47,55,20,7,6,12,21,96,,,Team Totals,240,.490,.456,.367,.200,15.7,79.7,50.0,54.1,6.9,9.4,10.9,100.0,94.6,99.6,,
https://www.basketball-reference.com/boxscores/202111290PHI.html,"7:00 PM, November 29, 2021",Philadelphia 76ers,Orlando Magic,101,96,PHI,,,Team Totals,240,39,97,.402,10,33,.303,13,18,.722,12,43,55,24,7,6,11,19,101,,,Team Totals,240,.481,.454,.340,.186,20.3,84.3,50.0,61.5,6.9,10.5,9.5,100.0,99.6,94.6,,
https://www.basketball-reference.com/boxscores/202111290SAS.html,"8:30 PM, November 29, 2021",San Antonio Spurs,Washington Wizards,116,99,WAS,,,Team Totals,240,41,92,.446,9,31,.290,8,13,.615,12,28,40,26,5,3,7,15,99,,,Team Totals,240,.507,.495,.337,.141,25.0,65.1,44.0,63.4,5.5,4.1,6.7,100.0,108.3,126.8,,
https://www.basketball-reference.com/boxscores/202111290SAS.html,"8:30 PM, November 29, 2021",San Antonio Spurs,Washington Wizards,116,99,SAS,,,Team Totals,240,49,92,.533,8,18,.444,10,16,.625,15,36,51,28,4,6,10,15,116,,,Team Totals,240,.586,.576,.196,.174,34.9,75.0,56.0,57.1,4.4,9.8,9.2,100.0,126.8,108.3,,
https://www.basketball-reference.com/boxscores/202111290UTA.html,"9:00 PM, November 29, 2021",Utah Jazz,Portland Trail Blazers,129,107,POR,,,Team Totals,240,42,91,.462,11,31,.355,12,17,.706,12,30,42,19,1,3,9,18,107,,,Team Totals,240,.543,.522,.341,.187,25.5,78.9,49.4,45.2,1.1,7.0,8.4,100.0,114.3,137.9,,
https://www.basketball-reference.com/boxscores/202111290UTA.html,"9:00 PM, November 29, 2021",Utah Jazz,Portland Trail Blazers,129,107,UTA,,,Team Totals,240,47,89,.528,19,46,.413,16,23,.696,8,35,43,30,6,3,5,19,129,,,Team Totals,240,.651,.635,.517,.258,21.1,74.5,50.6,63.8,6.4,5.0,4.8,100.0,137.9,114.3,,
https://www.basketball-reference.com/boxscores/202111300BRK.html,"7:30 PM, November 30, 2021",Brooklyn Nets,New York Knicks,112,110,NYK,,,Team Totals,240,44,91,.484,11,32,.344,11,12,.917,10,32,42,27,5,2,11,21,110,,,Team Totals,240,.571,.544,.352,.132,25.6,78.0,52.5,61.4,5.3,3.5,10.3,100.0,117.3,119.4,,
https://www.basketball-reference.com/boxscores/202111300BRK.html,"7:30 PM, November 30, 2021",Brooklyn Nets,New York Knicks,112,110,BRK,,,Team Totals,240,41,85,.482,8,28,.286,22,25,.880,9,29,38,27,7,7,9,14,112,,,Team Totals,240,.583,.529,.329,.294,22.0,74.4,47.5,65.9,7.5,11.9,8.6,100.0,119.4,117.3,,
https://www.basketball-reference.com/boxscores/202111300PHO.html,"10:00 PM, November 30, 2021",Phoenix Suns,Golden State Warriors,104,96,GSW,,,Team Totals,240,36,86,.419,14,40,.350,10,14,.714,15,36,51,25,7,5,23,13,96,,,Team Totals,240,.521,.500,.465,.163,35.7,81.8,59.3,69.4,7.3,8.8,20.0,100.0,100.3,108.7,,
https://www.basketball-reference.com/boxscores/202111300PHO.html,"10:00 PM, November 30, 2021",Phoenix Suns,Golden State Warriors,104,96,PHO,,,Team Totals,240,43,87,.494,12,30,.400,6,11,.545,8,27,35,28,12,4,13,12,104,,,Team Totals,240,.566,.563,.345,.126,18.2,64.3,40.7,65.1,12.5,8.7,12.4,100.0,108.7,100.3,,
https://www.basketball-reference.com/boxscores/202111300POR.html,"10:00 PM, November 30, 2021",Portland Trail Blazers,Detroit Pistons,110,92,DET,,,Team Totals,240,29,76,.382,9,35,.257,25,30,.833,7,38,45,17,4,7,19,20,92,,,Team Totals,240,.516,.441,.461,.395,17.5,79.2,51.1,58.6,4.0,13.0,17.6,100.0,91.9,109.9,,
https://www.basketball-reference.com/boxscores/202111300POR.html,"10:00 PM, November 30, 2021",Portland Trail Blazers,Detroit Pistons,110,92,POR,,,Team Totals,240,41,96,.427,14,42,.333,14,18,.778,10,33,43,24,8,5,11,22,110,,,Team Totals,240,.529,.500,.438,.188,20.8,82.5,48.9,58.5,8.0,12.2,9.6,100.0,109.9,91.9,,
https://www.basketball-reference.com/boxscores/202111300SAC.html,"10:00 PM, November 30, 2021",Sacramento Kings,Los Angeles Lakers,92,117,LAL,,,Team Totals,240,46,92,.500,11,28,.393,14,20,.700,10,37,47,21,10,6,15,20,117,,,Team Totals,240,.580,.560,.304,.217,24.4,80.4,54.0,45.7,9.9,12.0,13.0,100.0,116.1,91.3,,
https://www.basketball-reference.com/boxscores/202111300SAC.html,"10:00 PM, November 30, 2021",Sacramento Kings,Los Angeles Lakers,92,117,SAC,,,Team Totals,240,35,79,.443,6,29,.207,16,22,.727,9,31,40,22,11,4,20,21,92,,,Team Totals,240,.519,.481,.367,.278,19.6,75.6,46.0,62.9,10.9,6.3,18.4,100.0,91.3,116.1,,
https://www.basketball-reference.com/boxscores/202111300TOR.html,"7:30 PM, November 30, 2021",Toronto Raptors,Memphis Grizzlies,91,98,MEM,,,Team Totals,240,36,93,.387,10,34,.294,16,19,.842,18,36,54,18,13,10,17,15,98,,,Team Totals,240,.483,.441,.366,.204,35.3,76.6,55.1,50.0,13.3,19.2,14.4,100.0,99.9,92.8,,
https://www.basketball-reference.com/boxscores/202111300TOR.html,"7:30 PM, November 30, 2021",Toronto Raptors,Memphis Grizzlies,91,98,TOR,,,Team Totals,240,36,91,.396,10,39,.256,9,12,.750,11,33,44,14,7,9,18,21,91,,,Team Totals,240,.473,.451,.429,.132,23.4,64.7,44.9,38.9,7.1,15.3,15.8,100.0,92.8,99.9,,
https://www.basketball-reference.com/boxscores/202112010BOS.html,"7:30 PM, December 1, 2021",Boston Celtics,Philadelphia 76ers,88,87,PHI,,,Team Totals,240,33,89,.371,8,31,.258,13,17,.765,8,38,46,20,7,9,7,17,87,,,Team Totals,240,.451,.416,.348,.191,16.0,90.5,50.0,60.6,7.5,17.6,6.8,100.0,93.3,94.4,,
https://www.basketball-reference.com/boxscores/202112010BOS.html,"7:30 PM, December 1, 2021",Boston Celtics,Philadelphia 76ers,88,87,BOS,,,Team Totals,240,33,79,.418,11,28,.393,11,15,.733,4,42,46,18,5,8,13,15,88,,,Team Totals,240,.514,.487,.354,.190,9.5,84.0,50.0,54.5,5.4,13.8,13.2,100.0,94.4,93.3,,
https://www.basketball-reference.com/boxscores/202112010IND.html,"7:00 PM, December 1, 2021",Indiana Pacers,Atlanta Hawks,111,114,ATL,,,Team Totals,240,44,86,.512,16,33,.485,10,12,.833,7,34,41,24,4,8,13,15,114,,,Team Totals,240,.624,.605,.384,.140,17.9,81.0,50.6,54.5,4.2,14.0,12.5,100.0,118.3,115.2,,
https://www.basketball-reference.com/boxscores/202112010IND.html,"7:00 PM, December 1, 2021",Indiana Pacers,Atlanta Hawks,111,114,IND,,,Team Totals,240,44,90,.489,10,33,.303,13,16,.813,8,32,40,23,8,4,10,18,111,,,Team Totals,240,.572,.544,.367,.178,19.0,82.1,49.4,52.3,8.3,7.5,9.3,100.0,115.2,118.3,,
https://www.basketball-reference.com/boxscores/202112010LAC.html,"10:30 PM, December 1, 2021",Los Angeles Clippers,Sacramento Kings,115,124,SAC,,,Team Totals,240,46,88,.523,15,38,.395,17,20,.850,7,31,38,28,8,1,12,16,124,,,Team Totals,240,.640,.608,.432,.227,17.9,64.6,43.7,60.9,8.0,1.4,11.0,100.0,124.5,115.4,,
https://www.basketball-reference.com/boxscores/202112010LAC.html,"10:30 PM, December 1, 2021",Los Angeles Clippers,Sacramento Kings,115,124,LAC,,,Team Totals,240,47,100,.470,9,31,.290,12,16,.750,17,32,49,35,8,6,13,15,115,,,Team Totals,240,.537,.515,.310,.160,35.4,82.1,56.3,74.5,8.0,12.0,10.8,100.0,115.4,124.5,,
https://www.basketball-reference.com/boxscores/202112010MIA.html,"7:30 PM, December 1, 2021",Miami Heat,Cleveland Cavaliers,85,111,CLE,,,Team Totals,240,37,68,.544,16,31,.516,21,23,.913,6,40,46,27,8,14,21,15,111,,,Team Totals,240,.710,.662,.456,.338,24.0,81.6,62.2,73.0,8.7,29.2,21.2,100.0,121.3,92.9,,
https://www.basketball-reference.com/boxscores/202112010MIA.html,"7:30 PM, December 1, 2021",Miami Heat,Cleveland Cavaliers,85,111,MIA,,,Team Totals,240,32,85,.376,12,37,.324,9,13,.692,9,19,28,21,8,4,13,17,85,,,Team Totals,240,.468,.447,.435,.153,18.4,76.0,37.8,65.6,8.7,10.8,12.5,100.0,92.9,121.3,,
https://www.basketball-reference.com/boxscores/202112010MIL.html,"8:00 PM, December 1, 2021",Milwaukee Bucks,Charlotte Hornets,127,125,CHO,,,Team Totals,240,43,87,.494,21,51,.412,18,21,.857,3,33,36,30,8,9,17,21,125,,,Team Totals,240,.649,.615,.586,.241,7.7,78.6,44.4,69.8,7.4,15.5,15.0,100.0,116.2,118.0,,
https://www.basketball-reference.com/boxscores/202112010MIL.html,"8:00 PM, December 1, 2021",Milwaukee Bucks,Charlotte Hornets,127,125,MIL,,,Team Totals,240,46,94,.489,14,36,.389,21,26,.808,9,36,45,29,10,1,13,20,127,,,Team Totals,240,.602,.564,.383,.277,21.4,92.3,55.6,63.0,9.3,2.8,11.0,100.0,118.0,116.2,,
https://www.basketball-reference.com/boxscores/202112010NOP.html,"8:00 PM, December 1, 2021",New Orleans Pelicans,Dallas Mavericks,107,139,DAL,,,Team Totals,240,57,83,.687,18,34,.529,7,9,.778,9,25,34,32,7,2,18,19,139,,,Team Totals,240,.799,.795,.410,.108,36.0,61.0,51.5,56.1,7.5,3.8,17.1,100.0,149.8,115.3,,
https://www.basketball-reference.com/boxscores/202112010NOP.html,"8:00 PM, December 1, 2021",New Orleans Pelicans,Dallas Mavericks,107,139,NOP,,,Team Totals,240,40,89,.449,13,37,.351,14,16,.875,16,16,32,22,10,1,16,12,107,,,Team Totals,240,.557,.522,.416,.180,39.0,64.0,48.5,55.0,10.8,2.0,14.3,100.0,115.3,149.8,,
https://www.basketball-reference.com/boxscores/202112010OKC.html,"8:00 PM, December 1, 2021",Oklahoma City Thunder,Houston Rockets,110,114,HOU,,,Team Totals,240,40,79,.506,15,37,.405,19,22,.864,8,32,40,25,9,12,19,25,114,,,Team Totals,240,.643,.601,.468,.278,24.2,76.2,53.3,62.5,9.2,22.6,17.6,100.0,117.0,112.9,,
https://www.basketball-reference.com/boxscores/202112010OKC.html,"8:00 PM, December 1, 2021",Oklahoma City Thunder,Houston Rockets,110,114,OKC,,,Team Totals,240,40,85,.471,8,32,.250,22,29,.759,10,25,35,16,9,6,13,21,110,,,Team Totals,240,.563,.518,.376,.341,23.8,75.8,46.7,40.0,9.2,14.3,11.7,100.0,112.9,117.0,,
https://www.basketball-reference.com/boxscores/202112010ORL.html,"7:00 PM, December 1, 2021",Orlando Magic,Denver Nuggets,108,103,DEN,,,Team Totals,240,39,80,.488,10,34,.294,15,21,.714,1,34,35,22,5,4,15,19,103,,,Team Totals,240,.577,.550,.425,.263,2.6,97.1,47.3,56.4,4.9,7.4,14.4,100.0,101.6,106.5,,
https://www.basketball-reference.com/boxscores/202112010ORL.html,"7:00 PM, December 1, 2021",Orlando Magic,Denver Nuggets,108,103,ORL,,,Team Totals,240,44,81,.543,6,27,.222,14,19,.737,1,38,39,26,8,6,13,15,108,,,Team Totals,240,.604,.580,.333,.235,2.9,97.4,52.7,59.1,7.9,13.0,12.7,100.0,106.5,101.6,,
https://www.basketball-reference.com/boxscores/202112010WAS.html,"7:00 PM, December 1, 2021",Washington Wizards,Minnesota Timberwolves,115,107,MIN,,,Team Totals,240,37,88,.420,11,37,.297,22,26,.846,12,27,39,15,3,6,13,23,107,,,Team Totals,240,.538,.483,.420,.295,24.0,65.9,42.9,40.5,3.1,10.2,11.6,100.0,109.8,118.0,,
https://www.basketball-reference.com/boxscores/202112010WAS.html,"7:00 PM, December 1, 2021",Washington Wizards,Minnesota Timberwolves,115,107,WAS,,,Team Totals,240,45,91,.495,10,32,.313,15,21,.714,14,38,52,34,6,7,14,23,115,,,Team Totals,240,.574,.549,.352,.231,34.1,76.0,57.1,75.6,6.2,13.7,12.3,100.0,118.0,109.8,,
https://www.basketball-reference.com/boxscores/202112020MEM.html,"8:00 PM, December 2, 2021",Memphis Grizzlies,Oklahoma City Thunder,152,79,OKC,,,Team Totals,240,25,76,.329,11,38,.289,18,22,.818,8,18,26,14,2,5,20,14,79,,,Team Totals,240,.461,.401,.500,.289,17.0,56.3,32.9,56.0,2.1,8.3,18.9,100.0,82.4,158.4,,
https://www.basketball-reference.com/boxscores/202112020MEM.html,"8:00 PM, December 2, 2021",Memphis Grizzlies,Oklahoma City Thunder,152,79,MEM,,,Team Totals,240,60,96,.625,19,36,.528,13,18,.722,14,39,53,41,16,9,10,15,152,,,Team Totals,240,.731,.724,.375,.188,43.8,83.0,67.1,68.3,16.7,23.7,8.8,100.0,158.4,82.4,,
https://www.basketball-reference.com/boxscores/202112020NYK.html,"7:30 PM, December 2, 2021",New York Knicks,Chicago Bulls,115,119,CHI,,,Team Totals,240,44,89,.494,11,29,.379,20,21,.952,13,26,39,24,10,8,15,22,119,,,Team Totals,240,.606,.556,.326,.236,31.0,72.2,50.0,54.5,10.2,14.3,13.2,100.0,121.2,117.1,,
https://www.basketball-reference.com/boxscores/202112020NYK.html,"7:30 PM, December 2, 2021",New York Knicks,Chicago Bulls,115,119,NYK,,,Team Totals,240,42,82,.512,9,26,.346,22,27,.815,10,29,39,19,10,8,18,20,115,,,Team Totals,240,.612,.567,.317,.329,27.8,69.0,50.0,45.2,10.2,13.3,16.1,100.0,117.1,121.2,,
https://www.basketball-reference.com/boxscores/202112020PHO.html,"9:00 PM, December 2, 2021",Phoenix Suns,Detroit Pistons,114,103,DET,,,Team Totals,240,36,80,.450,11,27,.407,20,26,.769,7,29,36,20,6,6,13,22,103,,,Team Totals,240,.563,.519,.338,.325,15.6,82.9,45.0,55.6,6.2,10.3,12.4,100.0,106.9,118.3,,
https://www.basketball-reference.com/boxscores/202112020PHO.html,"9:00 PM, December 2, 2021",Phoenix Suns,Detroit Pistons,114,103,PHO,,,Team Totals,240,43,79,.544,12,21,.571,16,23,.696,6,38,44,23,8,3,15,20,114,,,Team Totals,240,.640,.620,.266,.291,17.1,84.4,55.0,53.5,8.3,5.7,14.4,100.0,118.3,106.9,,
https://www.basketball-reference.com/boxscores/202112020POR.html,"10:00 PM, December 2, 2021",Portland Trail Blazers,San Antonio Spurs,83,114,SAS,,,Team Totals,240,44,91,.484,14,36,.389,12,16,.750,6,42,48,32,10,5,14,15,114,,,Team Totals,240,.581,.560,.396,.176,15.4,84.0,53.9,72.7,9.9,10.4,12.5,100.0,113.2,82.4,,
https://www.basketball-reference.com/boxscores/202112020POR.html,"10:00 PM, December 2, 2021",Portland Trail Blazers,San Antonio Spurs,83,114,POR,,,Team Totals,240,29,82,.354,12,34,.353,13,17,.765,8,33,41,19,8,6,18,20,83,,,Team Totals,240,.464,.427,.415,.207,16.0,84.6,46.1,65.5,7.9,10.9,16.7,100.0,82.4,113.2,,
https://www.basketball-reference.com/boxscores/202112020TOR.html,"7:30 PM, December 2, 2021",Toronto Raptors,Milwaukee Bucks,97,93,MIL,,,Team Totals,240,32,85,.376,11,31,.355,18,25,.720,16,31,47,16,4,4,15,12,93,,,Team Totals,240,.484,.441,.365,.294,33.3,67.4,50.0,50.0,4.4,8.3,13.5,100.0,102.8,107.2,,
https://www.basketball-reference.com/boxscores/202112020TOR.html,"7:30 PM, December 2, 2021",Toronto Raptors,Milwaukee Bucks,97,93,TOR,,,Team Totals,240,37,88,.420,14,40,.350,9,14,.643,15,32,47,23,10,7,14,24,97,,,Team Totals,240,.515,.500,.455,.159,32.6,66.7,50.0,62.2,11.1,13.0,12.9,100.0,107.2,102.8,,
https://www.basketball-reference.com/boxscores/202112030ATL.html,"7:30 PM, December 3, 2021",Atlanta Hawks,Philadelphia 76ers,96,98,PHI,,,Team Totals,240,38,81,.469,9,22,.409,13,17,.765,6,34,40,22,8,5,11,24,98,,,Team Totals,240,.554,.525,.272,.210,14.3,75.6,46.0,57.9,8.7,10.4,11.1,100.0,106.8,104.7,,
https://www.basketball-reference.com/boxscores/202112030ATL.html,"7:30 PM, December 3, 2021",Atlanta Hawks,Philadelphia 76ers,96,98,ATL,,,Team Totals,240,31,76,.408,10,28,.357,24,30,.800,11,36,47,20,5,3,15,20,96,,,Team Totals,240,.538,.474,.368,.395,24.4,85.7,54.0,64.5,5.5,5.1,14.4,100.0,104.7,106.8,,
https://www.basketball-reference.com/boxscores/202112030BRK.html,"7:30 PM, December 3, 2021",Brooklyn Nets,Minnesota Timberwolves,110,105,MIN,,,Team Totals,240,36,93,.387,13,42,.310,20,24,.833,16,28,44,22,5,4,18,25,105,,,Team Totals,240,.507,.457,.452,.258,32.0,80.0,51.8,61.1,5.0,7.5,14.8,100.0,104.0,109.0,,
https://www.basketball-reference.com/boxscores/202112030BRK.html,"7:30 PM, December 3, 2021",Brooklyn Nets,Minnesota Timberwolves,110,105,BRK,,,Team Totals,240,36,76,.474,6,23,.261,32,41,.780,7,34,41,26,4,4,17,31,110,,,Team Totals,240,.585,.513,.303,.539,20.0,68.0,48.2,72.2,4.0,7.8,15.3,100.0,109.0,104.0,,
https://www.basketball-reference.com/boxscores/202112030DAL.html,"8:30 PM, December 3, 2021",Dallas Mavericks,New Orleans Pelicans,91,107,NOP,,,Team Totals,240,37,90,.411,12,30,.400,21,28,.750,13,42,55,30,5,5,10,26,107,,,Team Totals,240,.523,.478,.333,.311,26.0,89.4,56.7,81.1,5.1,11.1,8.9,100.0,109.5,93.1,,
https://www.basketball-reference.com/boxscores/202112030DAL.html,"8:30 PM, December 3, 2021",Dallas Mavericks,New Orleans Pelicans,91,107,DAL,,,Team Totals,240,32,79,.405,10,34,.294,17,26,.654,5,37,42,17,4,3,15,23,91,,,Team Totals,240,.503,.468,.430,.329,10.6,74.0,43.3,53.1,4.1,5.0,14.2,100.0,93.1,109.5,,
https://www.basketball-reference.com/boxscores/202112030GSW.html,"10:00 PM, December 3, 2021",Golden State Warriors,Phoenix Suns,118,96,PHO,,,Team Totals,240,31,81,.383,8,22,.364,26,35,.743,9,29,38,23,9,3,16,15,96,,,Team Totals,240,.498,.432,.272,.432,18.4,72.5,42.7,74.2,8.9,5.7,14.2,100.0,95.5,117.3,,
https://www.basketball-reference.com/boxscores/202112030GSW.html,"10:00 PM, December 3, 2021",Golden State Warriors,Phoenix Suns,118,96,GSW,,,Team Totals,240,45,92,.489,19,39,.487,9,12,.750,11,40,51,30,10,8,17,29,118,,,Team Totals,240,.606,.592,.424,.130,27.5,81.6,57.3,66.7,9.9,13.6,14.9,100.0,117.3,95.5,,
https://www.basketball-reference.com/boxscores/202112030HOU.html,"8:00 PM, December 3, 2021",Houston Rockets,Orlando Magic,118,116,ORL,,,Team Totals,240,42,86,.488,13,37,.351,19,21,.905,10,35,45,24,6,4,18,21,116,,,Team Totals,240,.609,.564,.430,.244,26.3,83.3,56.3,57.1,6.0,8.9,15.9,100.0,115.2,117.2,,
https://www.basketball-reference.com/boxscores/202112030HOU.html,"8:00 PM, December 3, 2021",Houston Rockets,Orlando Magic,118,116,HOU,,,Team Totals,240,44,92,.478,17,47,.362,13,15,.867,7,28,35,33,7,5,12,16,118,,,Team Totals,240,.598,.571,.511,.163,16.7,73.7,43.8,75.0,6.9,10.2,10.8,100.0,117.2,115.2,,
https://www.basketball-reference.com/boxscores/202112030IND.html,"7:00 PM, December 3, 2021",Indiana Pacers,Miami Heat,104,113,MIA,,,Team Totals,240,43,81,.531,16,34,.471,11,13,.846,9,29,38,24,5,6,13,22,113,,,Team Totals,240,.652,.630,.420,.160,25.0,70.7,49.4,55.8,5.5,13.6,13.0,100.0,124.8,114.8,,
https://www.basketball-reference.com/boxscores/202112030IND.html,"7:00 PM, December 3, 2021",Indiana Pacers,Miami Heat,104,113,IND,,,Team Totals,240,35,80,.438,9,36,.250,25,33,.758,12,27,39,20,7,3,13,19,104,,,Team Totals,240,.550,.494,.450,.413,29.3,75.0,50.6,57.1,7.7,6.4,12.1,100.0,114.8,124.8,,
https://www.basketball-reference.com/boxscores/202112030LAL.html,"10:00 PM, December 3, 2021",Los Angeles Lakers,Los Angeles Clippers,115,119,LAC,,,Team Totals,240,41,81,.506,16,35,.457,21,24,.875,6,28,34,28,5,3,10,19,119,,,Team Totals,240,.650,.605,.432,.296,16.7,68.3,44.2,68.3,5.3,5.3,9.8,100.0,126.2,122.0,,
https://www.basketball-reference.com/boxscores/202112030LAL.html,"10:00 PM, December 3, 2021",Los Angeles Lakers,Los Angeles Clippers,115,119,LAL,,,Team Totals,240,45,90,.500,12,33,.364,13,21,.619,13,30,43,28,8,3,12,19,115,,,Team Totals,240,.579,.567,.367,.233,31.7,83.3,55.8,62.2,8.5,6.5,10.8,100.0,122.0,126.2,,
https://www.basketball-reference.com/boxscores/202112030UTA.html,"9:00 PM, December 3, 2021",Utah Jazz,Boston Celtics,137,130,BOS,,,Team Totals,240,47,91,.516,14,39,.359,22,22,1.000,5,25,30,23,9,3,6,22,130,,,Team Totals,240,.646,.593,.429,.242,12.5,73.5,40.5,48.9,9.0,10.0,5.6,100.0,130.1,137.1,,
https://www.basketball-reference.com/boxscores/202112030UTA.html,"9:00 PM, December 3, 2021",Utah Jazz,Boston Celtics,137,130,UTA,,,Team Totals,240,45,81,.556,27,51,.529,20,23,.870,9,35,44,26,3,3,20,27,137,,,Team Totals,240,.752,.722,.630,.284,26.5,87.5,59.5,57.8,3.0,5.8,18.0,100.0,137.1,130.1,,
https://www.basketball-reference.com/boxscores/202112030WAS.html,"7:00 PM, December 3, 2021",Washington Wizards,Cleveland Cavaliers,101,116,CLE,,,Team Totals,240,42,89,.472,13,30,.433,19,25,.760,15,39,54,30,2,5,16,19,116,,,Team Totals,240,.580,.545,.337,.281,33.3,92.9,62.1,71.4,2.1,9.8,13.8,100.0,119.3,103.9,,
https://www.basketball-reference.com/boxscores/202112030WAS.html,"7:00 PM, December 3, 2021",Washington Wizards,Cleveland Cavaliers,101,116,WAS,,,Team Totals,240,38,82,.463,10,31,.323,15,19,.789,3,30,33,21,5,4,10,22,101,,,Team Totals,240,.559,.524,.378,.232,7.1,66.7,37.9,55.3,5.1,6.8,10.0,100.0,103.9,119.3,,
https://www.basketball-reference.com/boxscores/202112040BRK.html,"8:00 PM, December 4, 2021",Brooklyn Nets,Chicago Bulls,107,111,CHI,,,Team Totals,240,41,86,.477,10,31,.323,19,27,.704,7,40,47,22,4,10,9,12,111,,,Team Totals,240,.567,.535,.360,.314,14.9,72.7,46.1,53.7,4.0,11.6,8.4,100.0,110.3,106.3,,
https://www.basketball-reference.com/boxscores/202112040BRK.html,"8:00 PM, December 4, 2021",Brooklyn Nets,Chicago Bulls,107,111,BRK,,,Team Totals,240,46,111,.414,8,25,.320,7,9,.778,15,40,55,28,8,6,7,19,107,,,Team Totals,240,.465,.450,.225,.081,27.3,85.1,53.9,60.9,7.9,10.9,5.7,100.0,106.3,110.3,,
https://www.basketball-reference.com/boxscores/202112040DAL.html,"8:30 PM, December 4, 2021",Dallas Mavericks,Memphis Grizzlies,90,97,MEM,,,Team Totals,240,37,76,.487,9,26,.346,14,24,.583,10,42,52,20,10,5,23,23,97,,,Team Totals,240,.560,.546,.342,.316,26.3,75.0,55.3,54.1,10.2,10.2,21.0,100.0,99.0,91.9,,
https://www.basketball-reference.com/boxscores/202112040DAL.html,"8:30 PM, December 4, 2021",Dallas Mavericks,Memphis Grizzlies,90,97,DAL,,,Team Totals,240,31,92,.337,15,43,.349,13,19,.684,14,28,42,19,10,1,15,21,90,,,Team Totals,240,.448,.418,.467,.207,25.0,73.7,44.7,61.3,10.2,2.0,13.0,100.0,91.9,99.0,,
https://www.basketball-reference.com/boxscores/202112040GSW.html,"8:30 PM, December 4, 2021",Golden State Warriors,San Antonio Spurs,107,112,SAS,,,Team Totals,240,42,88,.477,12,35,.343,16,19,.842,11,34,45,24,10,4,12,17,112,,,Team Totals,240,.581,.545,.398,.216,24.4,75.6,50.0,57.1,10.3,7.8,11.1,100.0,115.5,110.4,,
https://www.basketball-reference.com/boxscores/202112040GSW.html,"8:30 PM, December 4, 2021",Golden State Warriors,San Antonio Spurs,107,112,GSW,,,Team Totals,240,40,90,.444,13,39,.333,14,21,.667,11,34,45,26,6,2,13,18,107,,,Team Totals,240,.539,.517,.433,.233,24.4,75.6,50.0,65.0,6.2,3.8,11.6,100.0,110.4,115.5,,
https://www.basketball-reference.com/boxscores/202112040MIL.html,"8:00 PM, December 4, 2021",Milwaukee Bucks,Miami Heat,124,102,MIA,,,Team Totals,240,34,84,.405,17,43,.395,17,24,.708,9,30,39,29,6,5,15,17,102,,,Team Totals,240,.539,.506,.512,.286,19.1,61.2,40.6,85.3,6.1,10.4,13.7,100.0,104.1,126.6,,
https://www.basketball-reference.com/boxscores/202112040MIL.html,"8:00 PM, December 4, 2021",Milwaukee Bucks,Miami Heat,124,102,MIL,,,Team Totals,240,44,98,.449,18,50,.360,18,20,.900,19,38,57,32,3,6,14,22,124,,,Team Totals,240,.581,.541,.510,.204,38.8,80.9,59.4,72.7,3.1,14.6,11.6,100.0,126.6,104.1,,
https://www.basketball-reference.com/boxscores/202112040NYK.html,"1:00 PM, December 4, 2021",New York Knicks,Denver Nuggets,99,113,DEN,,,Team Totals,240,44,84,.524,20,43,.465,5,5,1.000,8,34,42,30,10,5,13,19,113,,,Team Totals,240,.655,.643,.512,.060,25.0,68.0,51.2,68.2,11.3,10.4,13.1,100.0,127.3,111.5,,
https://www.basketball-reference.com/boxscores/202112040NYK.html,"1:00 PM, December 4, 2021",New York Knicks,Denver Nuggets,99,113,NYK,,,Team Totals,240,35,88,.398,12,40,.300,17,21,.810,16,24,40,23,7,3,11,12,99,,,Team Totals,240,.509,.466,.455,.239,32.0,75.0,48.8,65.7,7.9,7.3,10.2,100.0,111.5,127.3,,
https://www.basketball-reference.com/boxscores/202112040POR.html,"10:00 PM, December 4, 2021",Portland Trail Blazers,Boston Celtics,117,145,BOS,,,Team Totals,240,49,87,.563,21,37,.568,26,29,.897,12,34,46,26,5,7,12,21,145,,,Team Totals,240,.727,.684,.425,.333,34.3,79.1,59.0,53.1,5.1,11.7,10.7,100.0,147.3,118.8,,
https://www.basketball-reference.com/boxscores/202112040POR.html,"10:00 PM, December 4, 2021",Portland Trail Blazers,Boston Celtics,117,145,POR,,,Team Totals,240,42,89,.472,8,29,.276,25,32,.781,9,23,32,22,7,2,9,21,117,,,Team Totals,240,.568,.517,.326,.360,20.9,65.7,41.0,52.4,7.1,4.0,8.0,100.0,118.8,147.3,,
https://www.basketball-reference.com/boxscores/202112040SAC.html,"10:00 PM, December 4, 2021",Sacramento Kings,Los Angeles Clippers,104,99,LAC,,,Team Totals,240,34,89,.382,13,34,.382,18,27,.667,9,38,47,23,7,3,18,24,99,,,Team Totals,240,.491,.455,.382,.303,18.4,77.6,48.0,67.6,6.7,5.8,15.1,100.0,95.2,100.0,,
https://www.basketball-reference.com/boxscores/202112040SAC.html,"10:00 PM, December 4, 2021",Sacramento Kings,Los Angeles Clippers,104,99,SAC,,,Team Totals,240,36,86,.419,12,34,.353,20,25,.800,11,40,51,19,8,8,17,25,104,,,Team Totals,240,.536,.488,.395,.291,22.4,81.6,52.0,52.8,7.7,14.5,14.9,100.0,100.0,95.2,,
https://www.basketball-reference.com/boxscores/202112050ATL.html,"6:00 PM, December 5, 2021",Atlanta Hawks,Charlotte Hornets,127,130,CHO,,,Team Totals,240,46,86,.535,17,37,.459,21,28,.750,7,32,39,21,9,3,6,18,130,,,Team Totals,240,.661,.634,.430,.326,16.7,76.2,46.4,45.7,9.2,5.4,5.8,100.0,132.8,129.7,,
https://www.basketball-reference.com/boxscores/202112050ATL.html,"6:00 PM, December 5, 2021",Atlanta Hawks,Charlotte Hornets,127,130,ATL,,,Team Totals,240,48,93,.516,17,37,.459,14,18,.778,10,35,45,29,4,3,11,19,127,,,Team Totals,240,.629,.608,.398,.194,23.8,83.3,53.6,60.4,4.1,6.1,9.8,100.0,129.7,132.8,,
https://www.basketball-reference.com/boxscores/202112050CLE.html,"3:30 PM, December 5, 2021",Cleveland Cavaliers,Utah Jazz,108,109,UTA,,,Team Totals,240,40,90,.444,20,48,.417,9,10,.900,14,32,46,24,8,5,17,14,109,,,Team Totals,240,.577,.556,.533,.111,31.8,68.1,50.5,60.0,8.5,9.4,15.3,100.0,116.3,115.2,,
https://www.basketball-reference.com/boxscores/202112050CLE.html,"3:30 PM, December 5, 2021",Cleveland Cavaliers,Utah Jazz,108,109,CLE,,,Team Totals,240,42,91,.462,14,38,.368,10,13,.769,15,30,45,20,12,5,14,8,108,,,Team Totals,240,.558,.538,.418,.143,31.9,68.2,49.5,47.6,12.8,11.9,12.6,100.0,115.2,116.3,,
https://www.basketball-reference.com/boxscores/202112050HOU.html,"7:00 PM, December 5, 2021",Houston Rockets,New Orleans Pelicans,118,108,NOP,,,Team Totals,240,40,94,.426,10,38,.263,18,25,.720,22,28,50,19,9,9,8,26,108,,,Team Totals,240,.514,.479,.404,.266,43.1,71.8,55.6,47.5,10.0,23.1,7.1,100.0,120.3,131.4,,
https://www.basketball-reference.com/boxscores/202112050HOU.html,"7:00 PM, December 5, 2021",Houston Rockets,New Orleans Pelicans,118,108,HOU,,,Team Totals,240,39,79,.494,17,40,.425,23,29,.793,11,29,40,24,3,3,14,23,118,,,Team Totals,240,.643,.601,.506,.367,28.2,56.9,44.4,61.5,3.3,5.4,13.2,100.0,131.4,120.3,,
https://www.basketball-reference.com/boxscores/202112050TOR.html,"6:00 PM, December 5, 2021",Toronto Raptors,Washington Wizards,102,90,WAS,,,Team Totals,240,30,73,.411,8,25,.320,22,29,.759,6,37,43,20,4,5,10,22,90,,,Team Totals,240,.525,.466,.342,.397,14.0,78.7,47.8,66.7,4.4,8.1,10.4,100.0,100.0,113.3,,
https://www.basketball-reference.com/boxscores/202112050TOR.html,"6:00 PM, December 5, 2021",Toronto Raptors,Washington Wizards,102,90,TOR,,,Team Totals,240,38,85,.447,8,23,.348,18,24,.750,10,37,47,22,3,1,8,24,102,,,Team Totals,240,.534,.494,.271,.282,21.3,86.0,52.2,57.9,3.3,2.1,7.7,100.0,113.3,100.0,,
https://www.basketball-reference.com/boxscores/202112060CHI.html,"8:00 PM, December 6, 2021",Chicago Bulls,Denver Nuggets,109,97,DEN,,,Team Totals,240,38,96,.396,11,32,.344,10,15,.667,11,39,50,30,5,2,11,17,97,,,Team Totals,240,.473,.453,.333,.156,20.8,75.0,47.6,78.9,5.1,3.6,9.7,100.0,98.6,110.8,,
https://www.basketball-reference.com/boxscores/202112060CHI.html,"8:00 PM, December 6, 2021",Chicago Bulls,Denver Nuggets,109,97,CHI,,,Team Totals,240,41,91,.451,13,35,.371,14,20,.700,13,42,55,25,4,7,11,15,109,,,Team Totals,240,.546,.522,.385,.220,25.0,79.2,52.4,61.0,4.1,10.9,9.9,100.0,110.8,98.6,,
https://www.basketball-reference.com/boxscores/202112060CHO.html,"7:00 PM, December 6, 2021",Charlotte Hornets,Philadelphia 76ers,124,127,PHI,,,Team Totals,265,46,87,.529,15,36,.417,20,27,.741,8,41,49,28,6,9,15,19,127,,,Team Totals,265,.642,.615,.414,.310,21.6,75.9,53.8,60.9,5.7,14.8,13.2,100.0,121.0,118.1,,
https://www.basketball-reference.com/boxscores/202112060CHO.html,"7:00 PM, December 6, 2021",Charlotte Hornets,Philadelphia 76ers,124,127,CHO,,,Team Totals,265,48,107,.449,16,46,.348,12,17,.706,13,29,42,31,6,6,8,18,124,,,Team Totals,265,.542,.523,.430,.159,24.1,78.4,46.2,64.6,5.7,11.8,6.5,100.0,118.1,121.0,,
https://www.basketball-reference.com/boxscores/202112060DET.html,"7:00 PM, December 6, 2021",Detroit Pistons,Oklahoma City Thunder,103,114,OKC,,,Team Totals,240,41,82,.500,9,25,.360,23,30,.767,6,34,40,22,10,11,11,13,114,,,Team Totals,240,.599,.555,.305,.366,14.3,68.0,43.5,53.7,10.1,19.0,10.4,100.0,115.6,104.4,,
https://www.basketball-reference.com/boxscores/202112060DET.html,"7:00 PM, December 6, 2021",Detroit Pistons,Oklahoma City Thunder,103,114,DET,,,Team Totals,240,41,99,.414,16,41,.390,5,6,.833,16,36,52,21,8,7,17,26,103,,,Team Totals,240,.507,.495,.414,.061,32.0,85.7,56.5,51.2,8.1,12.3,14.3,100.0,104.4,115.6,,
https://www.basketball-reference.com/boxscores/202112060GSW.html,"10:00 PM, December 6, 2021",Golden State Warriors,Orlando Magic,126,95,ORL,,,Team Totals,240,33,76,.434,11,38,.289,18,22,.818,5,33,38,18,10,4,23,20,95,,,Team Totals,240,.554,.507,.500,.289,12.2,82.5,46.9,54.5,9.6,8.5,21.2,100.0,91.5,121.4,,
https://www.basketball-reference.com/boxscores/202112060GSW.html,"10:00 PM, December 6, 2021",Golden State Warriors,Orlando Magic,126,95,GSW,,,Team Totals,240,43,87,.494,20,40,.500,20,29,.690,7,36,43,28,15,2,15,19,126,,,Team Totals,240,.632,.609,.460,.333,17.5,87.8,53.1,65.1,14.5,5.3,13.1,100.0,121.4,91.5,,
https://www.basketball-reference.com/boxscores/202112060IND.html,"7:00 PM, December 6, 2021",Indiana Pacers,Washington Wizards,116,110,WAS,,,Team Totals,240,43,81,.531,7,15,.467,17,21,.810,9,21,30,25,11,2,12,19,110,,,Team Totals,240,.609,.574,.185,.259,25.0,61.8,42.9,58.1,12.1,3.4,11.7,100.0,120.8,127.4,,
https://www.basketball-reference.com/boxscores/202112060IND.html,"7:00 PM, December 6, 2021",Indiana Pacers,Washington Wizards,116,110,IND,,,Team Totals,240,43,82,.524,9,23,.391,21,22,.955,13,27,40,25,10,10,16,20,116,,,Team Totals,240,.633,.579,.280,.268,38.2,75.0,57.1,58.1,11.0,15.2,14.9,100.0,127.4,120.8,,
https://www.basketball-reference.com/boxscores/202112060MIA.html,"7:30 PM, December 6, 2021",Miami Heat,Memphis Grizzlies,90,105,MEM,,,Team Totals,240,38,89,.427,13,33,.394,16,21,.762,16,31,47,26,11,6,19,18,105,,,Team Totals,240,.534,.500,.371,.236,35.6,81.6,56.6,68.4,11.3,11.1,16.2,100.0,107.8,92.4,,
https://www.basketball-reference.com/boxscores/202112060MIA.html,"7:30 PM, December 6, 2021",Miami Heat,Memphis Grizzlies,90,105,MIA,,,Team Totals,240,35,76,.461,6,22,.273,14,17,.824,7,29,36,26,11,6,23,19,90,,,Team Totals,240,.539,.500,.289,.224,18.4,64.4,43.4,74.3,11.3,10.7,21.6,100.0,92.4,107.8,,
https://www.basketball-reference.com/boxscores/202112060MIL.html,"8:00 PM, December 6, 2021",Milwaukee Bucks,Cleveland Cavaliers,112,104,CLE,,,Team Totals,240,35,90,.389,15,46,.326,19,20,.950,7,32,39,27,8,4,10,17,104,,,Team Totals,240,.526,.472,.511,.222,13.5,80.0,42.4,77.1,7.9,7.4,9.2,100.0,102.5,110.4,,
https://www.basketball-reference.com/boxscores/202112060MIL.html,"8:00 PM, December 6, 2021",Milwaukee Bucks,Cleveland Cavaliers,112,104,MIL,,,Team Totals,240,40,86,.465,13,32,.406,19,24,.792,8,45,53,21,7,5,17,20,112,,,Team Totals,240,.580,.541,.372,.279,20.0,86.5,57.6,52.5,6.9,11.4,15.0,100.0,110.4,102.5,,
https://www.basketball-reference.com/boxscores/202112060MIN.html,"8:00 PM, December 6, 2021",Minnesota Timberwolves,Atlanta Hawks,110,121,ATL,,,Team Totals,240,40,90,.444,25,49,.510,16,19,.842,11,38,49,31,5,8,12,20,121,,,Team Totals,240,.615,.583,.544,.211,24.4,70.4,49.5,77.5,5.2,13.8,10.9,100.0,126.4,114.9,,
https://www.basketball-reference.com/boxscores/202112060MIN.html,"8:00 PM, December 6, 2021",Minnesota Timberwolves,Atlanta Hawks,110,121,MIN,,,Team Totals,240,39,98,.398,17,40,.425,15,19,.789,16,34,50,22,9,5,8,17,110,,,Team Totals,240,.517,.485,.408,.194,29.6,75.6,50.5,56.4,9.4,12.2,7.0,100.0,114.9,126.4,,
https://www.basketball-reference.com/boxscores/202112060PHO.html,"9:00 PM, December 6, 2021",Phoenix Suns,San Antonio Spurs,108,104,SAS,,,Team Totals,240,40,93,.430,11,29,.379,13,19,.684,9,32,41,31,12,6,15,18,104,,,Team Totals,240,.513,.489,.312,.204,20.9,68.1,45.6,77.5,11.7,9.2,12.9,100.0,101.7,105.6,,
https://www.basketball-reference.com/boxscores/202112060PHO.html,"9:00 PM, December 6, 2021",Phoenix Suns,San Antonio Spurs,108,104,PHO,,,Team Totals,240,43,94,.457,10,29,.345,12,18,.667,15,34,49,27,6,4,17,20,108,,,Team Totals,240,.530,.511,.309,.191,31.9,79.1,54.4,62.8,5.9,6.3,14.3,100.0,105.6,101.7,,
https://www.basketball-reference.com/boxscores/202112060POR.html,"10:00 PM, December 6, 2021",Portland Trail Blazers,Los Angeles Clippers,90,102,LAC,,,Team Totals,240,41,92,.446,11,36,.306,9,14,.643,7,30,37,18,8,7,13,21,102,,,Team Totals,240,.520,.505,.391,.152,15.6,81.1,45.1,43.9,8.1,12.3,11.7,100.0,102.9,90.8,,
https://www.basketball-reference.com/boxscores/202112060POR.html,"10:00 PM, December 6, 2021",Portland Trail Blazers,Los Angeles Clippers,90,102,POR,,,Team Totals,240,35,79,.443,5,22,.227,15,20,.750,7,38,45,16,6,6,18,19,90,,,Team Totals,240,.513,.475,.278,.253,18.9,84.4,54.9,45.7,6.1,10.7,17.0,100.0,90.8,102.9,,
https://www.basketball-reference.com/boxscores/202112070DAL.html,"7:30 PM, December 7, 2021",Dallas Mavericks,Brooklyn Nets,99,102,BRK,,,Team Totals,240,42,83,.506,8,26,.308,10,13,.769,8,42,50,28,3,4,12,22,102,,,Team Totals,240,.575,.554,.313,.157,21.6,80.8,56.2,66.7,3.3,9.1,11.9,100.0,111.8,108.6,,
https://www.basketball-reference.com/boxscores/202112070DAL.html,"7:30 PM, December 7, 2021",Dallas Mavericks,Brooklyn Nets,99,102,DAL,,,Team Totals,240,36,90,.400,9,46,.196,18,22,.818,10,29,39,21,6,2,4,15,99,,,Team Totals,240,.497,.450,.511,.244,19.2,78.4,43.8,58.3,6.6,3.5,3.9,100.0,108.6,111.8,,
https://www.basketball-reference.com/boxscores/202112070LAL.html,"10:00 PM, December 7, 2021",Los Angeles Lakers,Boston Celtics,117,102,BOS,,,Team Totals,240,36,82,.439,10,33,.303,20,29,.690,7,27,34,27,8,4,13,16,102,,,Team Totals,240,.538,.500,.402,.354,15.6,67.5,40.0,75.0,8.0,6.1,12.1,100.0,102.5,117.5,,
https://www.basketball-reference.com/boxscores/202112070LAL.html,"10:00 PM, December 7, 2021",Los Angeles Lakers,Boston Celtics,117,102,LAL,,,Team Totals,240,48,93,.516,8,27,.296,13,17,.765,13,38,51,25,7,4,16,21,117,,,Team Totals,240,.582,.559,.290,.183,32.5,84.4,60.0,52.1,7.0,8.2,13.7,100.0,117.5,102.5,,
https://www.basketball-reference.com/boxscores/202112070SAS.html,"8:30 PM, December 7, 2021",San Antonio Spurs,New York Knicks,109,121,NYK,,,Team Totals,240,43,91,.473,18,38,.474,17,19,.895,17,35,52,22,7,5,11,19,121,,,Team Totals,240,.609,.571,.418,.209,36.2,72.9,54.7,51.2,7.5,8.2,10.0,100.0,129.9,117.1,,
https://www.basketball-reference.com/boxscores/202112070SAS.html,"8:30 PM, December 7, 2021",San Antonio Spurs,New York Knicks,109,121,SAS,,,Team Totals,240,41,92,.446,12,31,.387,15,20,.750,13,30,43,30,5,4,10,18,109,,,Team Totals,240,.541,.511,.337,.217,27.1,63.8,45.3,73.2,5.4,7.5,9.0,100.0,117.1,129.9,,
https://www.basketball-reference.com/boxscores/202112080CHO.html,"7:00 PM, December 8, 2021",Charlotte Hornets,Philadelphia 76ers,106,110,PHI,,,Team Totals,240,36,75,.480,13,34,.382,25,30,.833,8,28,36,23,6,4,17,21,110,,,Team Totals,240,.624,.567,.453,.400,22.9,77.8,50.7,63.9,6.2,7.8,16.2,100.0,114.5,110.4,,
https://www.basketball-reference.com/boxscores/202112080CHO.html,"7:00 PM, December 8, 2021",Charlotte Hornets,Philadelphia 76ers,106,110,CHO,,,Team Totals,240,39,80,.488,10,29,.345,18,21,.857,8,27,35,22,7,4,19,24,106,,,Team Totals,240,.594,.550,.363,.263,22.2,77.1,49.3,56.4,7.3,9.8,17.6,100.0,110.4,114.5,,
https://www.basketball-reference.com/boxscores/202112080CLE.html,"7:00 PM, December 8, 2021",Cleveland Cavaliers,Chicago Bulls,115,92,CHI,,,Team Totals,240,35,84,.417,7,26,.269,15,21,.714,11,26,37,21,6,3,18,17,92,,,Team Totals,240,.493,.458,.310,.250,22.9,83.9,46.8,60.0,6.2,5.8,16.2,100.0,94.6,118.2,,
https://www.basketball-reference.com/boxscores/202112080CLE.html,"7:00 PM, December 8, 2021",Cleveland Cavaliers,Chicago Bulls,115,92,CLE,,,Team Totals,240,44,80,.550,13,28,.464,14,16,.875,5,37,42,28,10,8,16,22,115,,,Team Totals,240,.661,.631,.350,.200,16.1,77.1,53.2,63.6,10.3,13.8,15.5,100.0,118.2,94.6,,
https://www.basketball-reference.com/boxscores/202112080DET.html,"7:00 PM, December 8, 2021",Detroit Pistons,Washington Wizards,116,119,WAS,,,Team Totals,265,42,88,.477,12,32,.375,23,28,.821,13,32,45,27,6,8,17,21,119,,,Team Totals,265,.593,.545,.364,.318,30.2,82.1,54.9,64.3,5.9,14.5,14.5,100.0,117.7,114.7,,
https://www.basketball-reference.com/boxscores/202112080DET.html,"7:00 PM, December 8, 2021",Detroit Pistons,Washington Wizards,116,119,DET,,,Team Totals,265,37,79,.468,13,24,.542,29,35,.829,7,30,37,22,9,4,16,26,116,,,Team Totals,265,.614,.551,.304,.443,17.9,69.8,45.1,59.5,8.9,7.1,14.5,100.0,114.7,117.7,,
https://www.basketball-reference.com/boxscores/202112080GSW.html,"10:00 PM, December 8, 2021",Golden State Warriors,Portland Trail Blazers,104,94,POR,,,Team Totals,240,33,80,.413,8,30,.267,20,28,.714,7,35,42,24,5,3,16,24,94,,,Team Totals,240,.509,.463,.375,.350,15.9,77.8,47.2,72.7,5.0,8.1,14.8,100.0,94.6,104.7,,
https://www.basketball-reference.com/boxscores/202112080GSW.html,"10:00 PM, December 8, 2021",Golden State Warriors,Portland Trail Blazers,104,94,GSW,,,Team Totals,240,33,83,.398,14,46,.304,24,31,.774,10,37,47,22,9,3,16,19,104,,,Team Totals,240,.538,.482,.554,.373,22.2,84.1,52.8,66.7,9.1,6.0,14.2,100.0,104.7,94.6,,
https://www.basketball-reference.com/boxscores/202112080HOU.html,"8:00 PM, December 8, 2021",Houston Rockets,Brooklyn Nets,114,104,BRK,,,Team Totals,240,35,89,.393,8,33,.242,26,31,.839,14,30,44,18,7,3,13,23,104,,,Team Totals,240,.507,.438,.371,.348,32.6,76.9,53.7,51.4,7.3,7.5,11.2,100.0,108.3,118.7,,
https://www.basketball-reference.com/boxscores/202112080HOU.html,"8:00 PM, December 8, 2021",Houston Rockets,Brooklyn Nets,114,104,HOU,,,Team Totals,240,40,81,.494,14,41,.341,20,29,.690,9,29,38,23,9,9,14,23,114,,,Team Totals,240,.608,.580,.506,.358,23.1,67.4,46.3,57.5,9.4,16.1,13.0,100.0,118.7,108.3,,
https://www.basketball-reference.com/boxscores/202112080IND.html,"7:00 PM, December 8, 2021",Indiana Pacers,New York Knicks,122,102,NYK,,,Team Totals,240,36,86,.419,9,30,.300,21,23,.913,11,25,36,17,6,8,13,20,102,,,Team Totals,240,.531,.471,.349,.267,25.0,73.5,46.2,47.2,6.3,13.6,11.9,100.0,107.1,128.1,,
https://www.basketball-reference.com/boxscores/202112080IND.html,"7:00 PM, December 8, 2021",Indiana Pacers,New York Knicks,122,102,IND,,,Team Totals,240,46,86,.535,10,27,.370,20,25,.800,9,33,42,27,8,4,11,19,122,,,Team Totals,240,.629,.593,.314,.291,26.5,75.0,53.8,58.7,8.4,7.1,10.2,100.0,128.1,107.1,,
https://www.basketball-reference.com/boxscores/202112080LAC.html,"10:30 PM, December 8, 2021",Los Angeles Clippers,Boston Celtics,114,111,BOS,,,Team Totals,240,41,86,.477,10,32,.313,19,21,.905,14,33,47,26,11,3,23,21,111,,,Team Totals,240,.583,.535,.372,.244,32.6,78.6,55.3,63.4,10.7,5.7,19.5,100.0,108.2,111.1,,
https://www.basketball-reference.com/boxscores/202112080LAC.html,"10:30 PM, December 8, 2021",Los Angeles Clippers,Boston Celtics,114,111,LAC,,,Team Totals,240,40,85,.471,14,32,.438,20,22,.909,9,29,38,20,13,7,20,18,114,,,Team Totals,240,.602,.553,.376,.259,21.4,67.4,44.7,50.0,12.7,13.0,17.4,100.0,111.1,108.2,,
https://www.basketball-reference.com/boxscores/202112080MEM.html,"8:00 PM, December 8, 2021",Memphis Grizzlies,Dallas Mavericks,96,104,DAL,,,Team Totals,240,37,77,.481,12,33,.364,18,23,.783,10,37,47,24,5,6,19,21,104,,,Team Totals,240,.597,.558,.429,.299,26.3,75.5,54.0,64.9,5.2,10.2,17.9,100.0,107.9,99.6,,
https://www.basketball-reference.com/boxscores/202112080MEM.html,"8:00 PM, December 8, 2021",Memphis Grizzlies,Dallas Mavericks,96,104,MEM,,,Team Totals,240,36,90,.400,9,31,.290,15,25,.600,12,28,40,23,14,3,13,23,96,,,Team Totals,240,.475,.450,.344,.278,24.5,73.7,46.0,63.9,14.5,6.8,11.4,100.0,99.6,107.9,,
https://www.basketball-reference.com/boxscores/202112080MIA.html,"7:30 PM, December 8, 2021",Miami Heat,Milwaukee Bucks,113,104,MIL,,,Team Totals,240,36,85,.424,12,39,.308,20,27,.741,12,29,41,18,11,4,19,20,104,,,Team Totals,240,.537,.494,.459,.318,25.0,82.9,49.4,50.0,11.1,13.3,16.4,100.0,104.7,113.7,,
https://www.basketball-reference.com/boxscores/202112080MIA.html,"7:30 PM, December 8, 2021",Miami Heat,Milwaukee Bucks,113,104,MIA,,,Team Totals,240,40,77,.519,22,47,.468,11,12,.917,6,36,42,32,6,6,22,23,113,,,Team Totals,240,.687,.662,.610,.156,17.1,75.0,50.6,80.0,6.0,13.0,21.1,100.0,113.7,104.7,,
https://www.basketball-reference.com/boxscores/202112080MIN.html,"8:00 PM, December 8, 2021",Minnesota Timberwolves,Utah Jazz,104,136,UTA,,,Team Totals,240,50,88,.568,25,54,.463,11,15,.733,6,42,48,26,6,4,15,20,136,,,Team Totals,240,.719,.710,.614,.170,17.6,82.4,56.5,52.0,5.7,8.3,13.7,100.0,130.2,99.6,,
https://www.basketball-reference.com/boxscores/202112080MIN.html,"8:00 PM, December 8, 2021",Minnesota Timberwolves,Utah Jazz,104,136,MIN,,,Team Totals,240,38,95,.400,17,47,.362,11,17,.647,9,28,37,19,9,3,16,17,104,,,Team Totals,240,.507,.489,.495,.179,17.6,82.4,43.5,50.0,8.6,8.8,13.5,100.0,99.6,130.2,,
https://www.basketball-reference.com/boxscores/202112080NOP.html,"8:00 PM, December 8, 2021",New Orleans Pelicans,Denver Nuggets,114,120,DEN,,,Team Totals,265,45,88,.511,9,32,.281,21,27,.778,5,28,33,28,12,4,12,19,120,,,Team Totals,265,.601,.563,.364,.307,12.2,73.7,41.8,62.2,11.3,6.7,10.7,100.0,112.7,107.1,,
https://www.basketball-reference.com/boxscores/202112080NOP.html,"8:00 PM, December 8, 2021",New Orleans Pelicans,Denver Nuggets,114,120,NOP,,,Team Totals,265,47,90,.522,11,30,.367,9,12,.750,10,36,46,32,8,5,25,22,114,,,Team Totals,265,.598,.583,.333,.133,26.3,87.8,58.2,68.1,7.5,8.9,20.8,100.0,107.1,112.7,,
https://www.basketball-reference.com/boxscores/202112080SAC.html,"10:00 PM, December 8, 2021",Sacramento Kings,Orlando Magic,142,130,ORL,,,Team Totals,240,48,97,.495,16,34,.471,18,23,.783,17,26,43,29,2,5,13,18,130,,,Team Totals,240,.607,.577,.351,.237,35.4,68.4,50.0,60.4,2.0,7.9,10.8,100.0,129.5,141.5,,
https://www.basketball-reference.com/boxscores/202112080SAC.html,"10:00 PM, December 8, 2021",Sacramento Kings,Orlando Magic,142,130,SAC,,,Team Totals,240,53,97,.546,15,34,.441,21,25,.840,12,31,43,24,8,7,8,22,142,,,Team Totals,240,.657,.624,.351,.258,31.6,64.6,50.0,45.3,8.0,11.1,6.9,100.0,141.5,129.5,,
https://www.basketball-reference.com/boxscores/202112080TOR.html,"7:30 PM, December 8, 2021",Toronto Raptors,Oklahoma City Thunder,109,110,OKC,,,Team Totals,240,38,84,.452,17,40,.425,17,20,.850,7,33,40,28,12,3,14,18,110,,,Team Totals,240,.593,.554,.476,.238,17.5,71.7,46.5,73.7,12.4,5.8,13.1,100.0,113.4,112.4,,
https://www.basketball-reference.com/boxscores/202112080TOR.html,"7:30 PM, December 8, 2021",Toronto Raptors,Oklahoma City Thunder,109,110,TOR,,,Team Totals,240,42,93,.452,15,41,.366,10,15,.667,13,33,46,27,6,5,13,19,109,,,Team Totals,240,.547,.532,.441,.161,28.3,82.5,53.5,64.3,6.2,11.4,11.5,100.0,112.4,113.4,,
https://www.basketball-reference.com/boxscores/202112090MEM.html,"8:00 PM, December 9, 2021",Memphis Grizzlies,Los Angeles Lakers,108,95,LAL,,,Team Totals,240,36,78,.462,12,30,.400,11,17,.647,7,38,45,26,8,6,22,15,95,,,Team Totals,240,.556,.538,.385,.218,17.5,73.1,48.9,72.2,8.1,11.5,20.5,100.0,96.0,109.2,,
https://www.basketball-reference.com/boxscores/202112090MEM.html,"8:00 PM, December 9, 2021",Memphis Grizzlies,Los Angeles Lakers,108,95,MEM,,,Team Totals,240,41,94,.436,14,42,.333,12,18,.667,14,33,47,28,18,5,13,14,108,,,Team Totals,240,.530,.511,.447,.191,26.9,82.5,51.1,68.3,18.2,10.4,11.3,100.0,109.2,96.0,,
https://www.basketball-reference.com/boxscores/202112090PHI.html,"7:00 PM, December 9, 2021",Philadelphia 76ers,Utah Jazz,96,118,UTA,,,Team Totals,240,43,91,.473,15,40,.375,17,24,.708,16,36,52,22,7,5,12,14,118,,,Team Totals,240,.581,.555,.440,.264,36.4,85.7,60.5,51.2,7.3,9.1,10.6,100.0,122.7,99.9,,
https://www.basketball-reference.com/boxscores/202112090PHI.html,"7:00 PM, December 9, 2021",Philadelphia 76ers,Utah Jazz,96,118,PHI,,,Team Totals,240,38,88,.432,6,33,.182,14,15,.933,6,28,34,17,9,4,12,20,96,,,Team Totals,240,.507,.466,.375,.170,14.3,63.6,39.5,44.7,9.4,7.8,11.3,100.0,99.9,122.7,,
https://www.basketball-reference.com/boxscores/202112090SAS.html,"8:30 PM, December 9, 2021",San Antonio Spurs,Denver Nuggets,123,111,DEN,,,Team Totals,240,42,94,.447,15,39,.385,12,13,.923,5,28,33,29,7,5,9,21,111,,,Team Totals,240,.557,.527,.415,.138,11.1,66.7,37.9,69.0,7.1,9.4,8.3,100.0,112.2,124.3,,
https://www.basketball-reference.com/boxscores/202112090SAS.html,"8:30 PM, December 9, 2021",San Antonio Spurs,Denver Nuggets,123,111,SAS,,,Team Totals,240,46,88,.523,15,35,.429,16,22,.727,14,40,54,32,5,7,14,21,123,,,Team Totals,240,.630,.608,.398,.250,33.3,88.9,62.1,69.6,5.1,12.7,12.5,100.0,124.3,112.2,,
https://www.basketball-reference.com/boxscores/202112100ATL.html,"7:30 PM, December 10, 2021",Atlanta Hawks,Brooklyn Nets,105,113,BRK,,,Team Totals,240,46,93,.495,6,23,.261,15,16,.938,9,32,41,26,9,7,14,22,113,,,Team Totals,240,.565,.527,.247,.172,21.4,66.7,45.6,56.5,9.0,11.7,12.3,100.0,112.5,104.5,,
https://www.basketball-reference.com/boxscores/202112100ATL.html,"7:30 PM, December 10, 2021",Atlanta Hawks,Brooklyn Nets,105,113,ATL,,,Team Totals,240,37,94,.394,11,34,.324,20,24,.833,16,33,49,21,10,3,15,19,105,,,Team Totals,240,.502,.452,.362,.255,33.3,78.6,54.4,56.8,10.0,4.3,12.5,100.0,104.5,112.5,,
https://www.basketball-reference.com/boxscores/202112100CHO.html,"7:00 PM, December 10, 2021",Charlotte Hornets,Sacramento Kings,124,123,SAC,,,Team Totals,240,48,101,.475,14,41,.341,13,17,.765,20,28,48,22,11,4,14,20,123,,,Team Totals,240,.567,.545,.406,.168,41.7,71.8,55.2,45.8,11.1,7.7,11.4,100.0,124.6,125.6,,
https://www.basketball-reference.com/boxscores/202112100CHO.html,"7:00 PM, December 10, 2021",Charlotte Hornets,Sacramento Kings,124,123,CHO,,,Team Totals,240,48,87,.552,14,35,.400,14,20,.700,11,28,39,29,9,8,16,20,124,,,Team Totals,240,.647,.632,.402,.230,28.2,58.3,44.8,60.4,9.1,13.3,14.3,100.0,125.6,124.6,,
https://www.basketball-reference.com/boxscores/202112100HOU.html,"8:00 PM, December 10, 2021",Houston Rockets,Milwaukee Bucks,114,123,MIL,,,Team Totals,240,42,83,.506,15,39,.385,24,32,.750,13,35,48,19,11,8,15,21,123,,,Team Totals,240,.633,.596,.470,.386,31.7,74.5,54.5,45.2,11.2,18.6,13.4,100.0,124.8,115.7,,
https://www.basketball-reference.com/boxscores/202112100HOU.html,"8:00 PM, December 10, 2021",Houston Rockets,Milwaukee Bucks,114,123,HOU,,,Team Totals,240,42,89,.472,19,46,.413,11,20,.550,12,28,40,30,9,4,16,28,114,,,Team Totals,240,.583,.579,.517,.225,25.5,68.3,45.5,71.4,9.1,9.1,14.1,100.0,115.7,124.8,,
https://www.basketball-reference.com/boxscores/202112100IND.html,"7:00 PM, December 10, 2021",Indiana Pacers,Dallas Mavericks,106,93,DAL,,,Team Totals,240,39,84,.464,4,29,.138,11,12,.917,12,25,37,18,7,2,14,18,93,,,Team Totals,240,.521,.488,.345,.143,27.9,65.8,45.7,46.2,7.9,3.9,13.6,100.0,104.9,119.6,,
https://www.basketball-reference.com/boxscores/202112100IND.html,"7:00 PM, December 10, 2021",Indiana Pacers,Dallas Mavericks,106,93,IND,,,Team Totals,240,41,87,.471,13,36,.361,11,12,.917,13,31,44,28,7,3,13,19,106,,,Team Totals,240,.574,.546,.414,.138,34.2,72.1,54.3,68.3,7.9,5.5,12.3,100.0,119.6,104.9,,
https://www.basketball-reference.com/boxscores/202112100MIN.html,"8:00 PM, December 10, 2021",Minnesota Timberwolves,Cleveland Cavaliers,106,123,CLE,,,Team Totals,240,46,85,.541,13,33,.394,18,22,.818,6,41,47,34,8,7,17,23,123,,,Team Totals,240,.650,.618,.388,.259,16.7,80.4,54.0,73.9,7.6,13.2,15.2,100.0,117.5,101.3,,
https://www.basketball-reference.com/boxscores/202112100MIN.html,"8:00 PM, December 10, 2021",Minnesota Timberwolves,Cleveland Cavaliers,106,123,MIN,,,Team Totals,240,36,92,.391,11,39,.282,23,28,.821,10,30,40,24,9,5,14,19,106,,,Team Totals,240,.508,.451,.424,.304,19.6,83.3,46.0,66.7,8.6,9.6,11.8,100.0,101.3,117.5,,
https://www.basketball-reference.com/boxscores/202112100NOP.html,"8:00 PM, December 10, 2021",New Orleans Pelicans,Detroit Pistons,109,93,DET,,,Team Totals,240,35,90,.389,12,37,.324,11,12,.917,7,31,38,22,7,6,13,15,93,,,Team Totals,240,.488,.456,.411,.133,13.5,67.4,38.8,62.9,7.1,10.3,12.0,100.0,93.7,109.9,,
https://www.basketball-reference.com/boxscores/202112100NOP.html,"8:00 PM, December 10, 2021",New Orleans Pelicans,Detroit Pistons,109,93,NOP,,,Team Totals,240,41,95,.432,13,37,.351,14,16,.875,15,45,60,29,6,4,16,16,109,,,Team Totals,240,.534,.500,.389,.168,32.6,86.5,61.2,70.7,6.0,7.5,13.6,100.0,109.9,93.7,,
https://www.basketball-reference.com/boxscores/202112100OKC.html,"8:00 PM, December 10, 2021",Oklahoma City Thunder,Los Angeles Lakers,95,116,LAL,,,Team Totals,240,41,87,.471,19,42,.452,15,20,.750,12,35,47,23,12,3,16,14,116,,,Team Totals,240,.605,.580,.483,.230,27.3,64.8,48.0,56.1,12.5,5.8,14.3,100.0,120.6,98.8,,
https://www.basketball-reference.com/boxscores/202112100OKC.html,"8:00 PM, December 10, 2021",Oklahoma City Thunder,Los Angeles Lakers,95,116,OKC,,,Team Totals,240,38,96,.396,10,44,.227,9,14,.643,19,32,51,21,9,3,15,17,95,,,Team Totals,240,.465,.448,.458,.146,35.2,72.7,52.0,55.3,9.4,6.7,12.8,100.0,98.8,120.6,,
https://www.basketball-reference.com/boxscores/202112100PHO.html,"10:00 PM, December 10, 2021",Phoenix Suns,Boston Celtics,111,90,BOS,,,Team Totals,240,35,93,.376,4,26,.154,16,24,.667,15,31,46,13,7,6,13,17,90,,,Team Totals,240,.435,.398,.280,.258,27.8,68.9,46.5,37.1,7.2,10.3,11.2,100.0,93.2,115.0,,
https://www.basketball-reference.com/boxscores/202112100PHO.html,"10:00 PM, December 10, 2021",Phoenix Suns,Boston Celtics,111,90,PHO,,,Team Totals,240,43,96,.448,14,38,.368,11,11,1.000,14,39,53,25,4,9,12,21,111,,,Team Totals,240,.550,.521,.396,.115,31.1,72.2,53.5,58.1,4.1,13.4,10.6,100.0,115.0,93.2,,
https://www.basketball-reference.com/boxscores/202112100TOR.html,"7:30 PM, December 10, 2021",Toronto Raptors,New York Knicks,90,87,NYK,,,Team Totals,240,29,81,.358,9,34,.265,20,24,.833,14,41,55,18,4,2,15,17,87,,,Team Totals,240,.475,.414,.420,.296,28.0,77.4,53.4,62.1,4.4,3.8,14.1,100.0,96.4,99.8,,
https://www.basketball-reference.com/boxscores/202112100TOR.html,"7:30 PM, December 10, 2021",Toronto Raptors,New York Knicks,90,87,TOR,,,Team Totals,240,30,87,.345,12,35,.343,18,23,.783,12,36,48,21,9,7,8,19,90,,,Team Totals,240,.463,.414,.402,.264,22.6,72.0,46.6,70.0,10.0,14.9,7.6,100.0,99.8,96.4,,
https://www.basketball-reference.com/boxscores/202112110CLE.html,"8:00 PM, December 11, 2021",Cleveland Cavaliers,Sacramento Kings,117,103,SAC,,,Team Totals,240,41,93,.441,7,28,.250,14,22,.636,11,37,48,19,8,6,17,21,103,,,Team Totals,240,.502,.478,.301,.237,21.6,84.1,50.5,46.3,7.5,10.5,14.2,100.0,97.2,110.4,,
https://www.basketball-reference.com/boxscores/202112110CLE.html,"8:00 PM, December 11, 2021",Cleveland Cavaliers,Sacramento Kings,117,103,CLE,,,Team Totals,240,41,88,.466,12,31,.387,23,28,.821,7,40,47,27,13,6,14,24,117,,,Team Totals,240,.583,.534,.352,.318,15.9,78.4,49.5,65.9,12.3,9.2,12.2,100.0,110.4,97.2,,
https://www.basketball-reference.com/boxscores/202112110LAC.html,"3:30 PM, December 11, 2021",Los Angeles Clippers,Orlando Magic,106,104,ORL,,,Team Totals,240,35,80,.438,12,33,.364,22,24,.917,10,35,45,21,4,5,11,11,104,,,Team Totals,240,.574,.513,.413,.300,23.3,74.5,50.0,60.0,4.5,8.9,10.8,100.0,116.8,119.0,,
https://www.basketball-reference.com/boxscores/202112110LAC.html,"3:30 PM, December 11, 2021",Los Angeles Clippers,Orlando Magic,106,104,LAC,,,Team Totals,240,42,92,.457,18,36,.500,4,6,.667,12,33,45,27,7,1,8,17,106,,,Team Totals,240,.560,.554,.391,.065,25.5,76.7,50.0,64.3,7.9,2.1,7.8,100.0,119.0,116.8,,
https://www.basketball-reference.com/boxscores/202112110MEM.html,"8:00 PM, December 11, 2021",Memphis Grizzlies,Houston Rockets,113,106,HOU,,,Team Totals,240,38,77,.494,11,33,.333,19,29,.655,12,28,40,25,5,6,16,25,106,,,Team Totals,240,.590,.565,.429,.377,29.3,75.7,51.3,65.8,5.3,11.8,15.1,100.0,113.1,120.6,,
https://www.basketball-reference.com/boxscores/202112110MEM.html,"8:00 PM, December 11, 2021",Memphis Grizzlies,Houston Rockets,113,106,MEM,,,Team Totals,240,40,80,.500,11,29,.379,22,36,.611,9,29,38,22,10,3,11,24,113,,,Team Totals,240,.590,.569,.363,.450,24.3,70.7,48.7,55.0,10.7,6.8,10.3,100.0,120.6,113.1,,
https://www.basketball-reference.com/boxscores/202112110MIA.html,"8:00 PM, December 11, 2021",Miami Heat,Chicago Bulls,118,92,CHI,,,Team Totals,240,31,83,.373,17,40,.425,13,20,.650,7,27,34,22,5,3,16,15,92,,,Team Totals,240,.501,.476,.482,.241,15.6,69.2,40.5,71.0,5.3,6.0,14.8,100.0,97.1,124.6,,
https://www.basketball-reference.com/boxscores/202112110MIA.html,"8:00 PM, December 11, 2021",Miami Heat,Chicago Bulls,118,92,MIA,,,Team Totals,240,46,93,.495,19,43,.442,7,9,.778,12,38,50,37,8,6,10,21,118,,,Team Totals,240,.608,.597,.462,.097,30.8,84.4,59.5,80.4,8.4,14.0,9.3,100.0,124.6,97.1,,
https://www.basketball-reference.com/boxscores/202112110PHI.html,"8:30 PM, December 11, 2021",Philadelphia 76ers,Golden State Warriors,102,93,GSW,,,Team Totals,240,34,85,.400,12,48,.250,13,18,.722,10,32,42,21,5,5,13,22,93,,,Team Totals,240,.500,.471,.565,.212,20.4,86.5,48.8,61.8,5.3,10.2,12.3,100.0,99.2,108.8,,
https://www.basketball-reference.com/boxscores/202112110PHI.html,"8:30 PM, December 11, 2021",Philadelphia 76ers,Golden State Warriors,102,93,PHI,,,Team Totals,240,35,76,.461,9,27,.333,23,26,.885,5,39,44,19,7,5,13,16,102,,,Team Totals,240,.583,.520,.355,.342,13.5,79.6,51.2,54.3,7.5,13.5,12.9,100.0,108.8,99.2,,
https://www.basketball-reference.com/boxscores/202112110SAS.html,"8:30 PM, December 11, 2021",San Antonio Spurs,Denver Nuggets,112,127,DEN,,,Team Totals,240,47,93,.505,20,43,.465,13,14,.929,10,31,41,33,9,8,12,25,127,,,Team Totals,240,.640,.613,.462,.151,24.4,68.9,47.7,70.2,9.0,12.9,10.8,100.0,126.9,111.9,,
https://www.basketball-reference.com/boxscores/202112110SAS.html,"8:30 PM, December 11, 2021",San Antonio Spurs,Denver Nuggets,112,127,SAS,,,Team Totals,240,41,89,.461,10,27,.370,20,29,.690,14,31,45,28,4,4,17,18,112,,,Team Totals,240,.550,.517,.303,.326,31.1,75.6,52.3,68.3,4.0,8.0,14.3,100.0,111.9,126.9,,
https://www.basketball-reference.com/boxscores/202112110WAS.html,"7:00 PM, December 11, 2021",Washington Wizards,Utah Jazz,98,123,UTA,,,Team Totals,240,48,93,.516,13,39,.333,14,17,.824,12,37,49,28,5,5,9,14,123,,,Team Totals,240,.612,.586,.419,.183,28.6,80.4,55.7,58.3,5.2,7.8,8.2,100.0,127.7,101.8,,
https://www.basketball-reference.com/boxscores/202112110WAS.html,"7:00 PM, December 11, 2021",Washington Wizards,Utah Jazz,98,123,WAS,,,Team Totals,240,41,89,.461,8,25,.320,8,14,.571,9,30,39,17,3,3,13,15,98,,,Team Totals,240,.515,.506,.281,.157,19.6,71.4,44.3,41.5,3.1,5.6,12.0,100.0,101.8,127.7,,
https://www.basketball-reference.com/boxscores/202112120DET.html,"6:00 PM, December 12, 2021",Detroit Pistons,Brooklyn Nets,104,116,BRK,,,Team Totals,240,41,87,.471,11,28,.393,23,25,.920,8,35,43,28,8,6,18,20,116,,,Team Totals,240,.592,.534,.322,.287,20.0,81.4,51.8,68.3,7.4,10.9,15.5,100.0,108.0,96.8,,
https://www.basketball-reference.com/boxscores/202112120DET.html,"6:00 PM, December 12, 2021",Detroit Pistons,Brooklyn Nets,104,116,DET,,,Team Totals,240,39,92,.424,14,37,.378,12,18,.667,8,32,40,24,11,5,21,22,104,,,Team Totals,240,.520,.500,.402,.196,18.6,80.0,48.2,61.5,10.2,8.5,17.4,100.0,96.8,108.0,,
https://www.basketball-reference.com/boxscores/202112120LAL.html,"9:30 PM, December 12, 2021",Los Angeles Lakers,Orlando Magic,106,94,ORL,,,Team Totals,240,33,88,.375,13,38,.342,15,19,.789,14,33,47,17,6,4,19,13,94,,,Team Totals,240,.488,.449,.432,.216,26.9,84.6,51.6,51.5,6.1,7.1,16.5,100.0,95.7,107.9,,
https://www.basketball-reference.com/boxscores/202112120LAL.html,"9:30 PM, December 12, 2021",Los Angeles Lakers,Orlando Magic,106,94,LAL,,,Team Totals,240,41,84,.488,13,28,.464,11,17,.647,6,38,44,24,12,11,14,17,106,,,Team Totals,240,.579,.565,.333,.202,15.4,73.1,48.4,58.5,12.2,22.0,13.3,100.0,107.9,95.7,,
https://www.basketball-reference.com/boxscores/202112120NYK.html,"12:00 PM, December 12, 2021",New York Knicks,Milwaukee Bucks,97,112,MIL,,,Team Totals,240,42,88,.477,14,41,.341,14,17,.824,12,34,46,27,11,1,15,12,112,,,Team Totals,240,.587,.557,.466,.193,29.3,81.0,55.4,64.3,11.6,3.0,13.6,100.0,117.9,102.1,,
https://www.basketball-reference.com/boxscores/202112120NYK.html,"12:00 PM, December 12, 2021",New York Knicks,Milwaukee Bucks,97,112,NYK,,,Team Totals,240,35,82,.427,17,49,.347,10,13,.769,8,29,37,27,12,2,17,16,97,,,Team Totals,240,.553,.530,.598,.159,19.0,70.7,44.6,77.1,12.6,4.3,16.2,100.0,102.1,117.9,,
https://www.basketball-reference.com/boxscores/202112120OKC.html,"7:00 PM, December 12, 2021",Oklahoma City Thunder,Dallas Mavericks,84,103,DAL,,,Team Totals,240,38,90,.422,9,33,.273,18,23,.783,10,44,54,25,5,5,9,18,103,,,Team Totals,240,.514,.472,.367,.256,21.7,93.6,58.1,65.8,5.3,11.6,8.2,100.0,108.4,88.4,,
https://www.basketball-reference.com/boxscores/202112120OKC.html,"7:00 PM, December 12, 2021",Oklahoma City Thunder,Dallas Mavericks,84,103,OKC,,,Team Totals,240,30,80,.375,13,37,.351,11,16,.688,3,36,39,19,3,7,11,25,84,,,Team Totals,240,.483,.456,.463,.200,6.4,78.3,41.9,63.3,3.2,12.3,11.2,100.0,88.4,108.4,,
https://www.basketball-reference.com/boxscores/202112120POR.html,"9:00 PM, December 12, 2021",Portland Trail Blazers,Minnesota Timberwolves,111,116,MIN,,,Team Totals,240,38,85,.447,14,36,.389,26,32,.813,10,32,42,23,9,2,17,22,116,,,Team Totals,240,.585,.529,.424,.376,23.3,72.7,48.3,60.5,8.9,6.1,14.6,100.0,115.2,110.2,,
https://www.basketball-reference.com/boxscores/202112120POR.html,"9:00 PM, December 12, 2021",Portland Trail Blazers,Minnesota Timberwolves,111,116,POR,,,Team Totals,240,37,81,.457,18,48,.375,19,28,.679,12,33,45,25,9,8,19,25,111,,,Team Totals,240,.595,.568,.593,.346,27.3,76.7,51.7,67.6,8.9,16.3,16.9,100.0,110.2,115.2,,
https://www.basketball-reference.com/boxscores/202112120SAS.html,"7:00 PM, December 12, 2021",San Antonio Spurs,New Orleans Pelicans,112,97,NOP,,,Team Totals,240,40,94,.426,8,29,.276,9,15,.600,11,31,42,24,8,4,14,17,97,,,Team Totals,240,.482,.468,.309,.160,21.6,67.4,43.3,60.0,8.1,6.1,12.2,100.0,97.7,112.9,,
https://www.basketball-reference.com/boxscores/202112120SAS.html,"7:00 PM, December 12, 2021",San Antonio Spurs,New Orleans Pelicans,112,97,SAS,,,Team Totals,240,45,91,.495,7,25,.280,15,20,.750,15,40,55,31,11,5,14,19,112,,,Team Totals,240,.561,.533,.275,.220,32.6,78.4,56.7,68.9,11.1,7.7,12.3,100.0,112.9,97.7,,
https://www.basketball-reference.com/boxscores/202112130ATL.html,"7:30 PM, December 13, 2021",Atlanta Hawks,Houston Rockets,126,132,HOU,,,Team Totals,240,46,96,.479,19,46,.413,21,27,.778,12,33,45,27,8,5,11,24,132,,,Team Totals,240,.612,.578,.479,.281,27.3,80.5,52.9,58.7,7.9,10.9,9.3,100.0,129.6,123.8,,
https://www.basketball-reference.com/boxscores/202112130ATL.html,"7:30 PM, December 13, 2021",Atlanta Hawks,Houston Rockets,126,132,ATL,,,Team Totals,240,42,85,.494,15,39,.385,27,31,.871,8,32,40,20,9,6,12,26,126,,,Team Totals,240,.639,.582,.459,.365,19.5,72.7,47.1,47.6,8.8,12.0,10.8,100.0,123.8,129.6,,
https://www.basketball-reference.com/boxscores/202112130BOS.html,"7:30 PM, December 13, 2021",Boston Celtics,Milwaukee Bucks,117,103,MIL,,,Team Totals,240,40,90,.444,11,36,.306,12,15,.800,11,34,45,22,8,3,14,14,103,,,Team Totals,240,.533,.506,.400,.167,25.0,82.9,52.9,55.0,8.3,7.7,12.7,100.0,106.8,121.3,,
https://www.basketball-reference.com/boxscores/202112130BOS.html,"7:30 PM, December 13, 2021",Boston Celtics,Milwaukee Bucks,117,103,BOS,,,Team Totals,240,43,86,.500,20,47,.426,11,13,.846,7,33,40,31,6,5,13,15,117,,,Team Totals,240,.638,.616,.547,.151,17.1,75.0,47.1,72.1,6.2,9.3,12.4,100.0,121.3,106.8,,
https://www.basketball-reference.com/boxscores/202112130CLE.html,"7:00 PM, December 13, 2021",Cleveland Cavaliers,Miami Heat,105,94,MIA,,,Team Totals,240,38,85,.447,13,40,.325,5,9,.556,11,28,39,26,4,4,16,15,94,,,Team Totals,240,.528,.524,.471,.106,24.4,77.8,48.1,68.4,4.4,8.9,15.2,100.0,102.3,114.3,,
https://www.basketball-reference.com/boxscores/202112130CLE.html,"7:00 PM, December 13, 2021",Cleveland Cavaliers,Miami Heat,105,94,CLE,,,Team Totals,240,36,81,.444,16,36,.444,17,18,.944,8,34,42,24,6,1,14,16,105,,,Team Totals,240,.590,.543,.444,.222,22.2,75.6,51.9,66.7,6.5,2.2,13.6,100.0,114.3,102.3,,
https://www.basketball-reference.com/boxscores/202112130DAL.html,"8:30 PM, December 13, 2021",Dallas Mavericks,Charlotte Hornets,120,96,CHO,,,Team Totals,240,34,86,.395,13,37,.351,15,24,.625,18,20,38,22,8,2,10,18,96,,,Team Totals,240,.497,.471,.430,.279,33.3,58.8,43.2,64.7,9.3,4.8,9.4,100.0,111.5,139.3,,
https://www.basketball-reference.com/boxscores/202112130DAL.html,"8:30 PM, December 13, 2021",Dallas Mavericks,Charlotte Hornets,120,96,DAL,,,Team Totals,240,43,83,.518,19,41,.463,15,17,.882,14,36,50,28,4,8,13,19,120,,,Team Totals,240,.663,.633,.494,.205,41.2,66.7,56.8,65.1,4.6,16.3,12.6,100.0,139.3,111.5,,
https://www.basketball-reference.com/boxscores/202112130DEN.html,"9:00 PM, December 13, 2021",Denver Nuggets,Washington Wizards,113,107,WAS,,,Team Totals,240,41,90,.456,12,34,.353,13,21,.619,6,35,41,25,7,5,10,26,107,,,Team Totals,240,.539,.522,.378,.233,11.8,89.7,45.6,61.0,6.9,10.6,9.2,100.0,105.5,111.4,,
https://www.basketball-reference.com/boxscores/202112130DEN.html,"9:00 PM, December 13, 2021",Denver Nuggets,Washington Wizards,113,107,DEN,,,Team Totals,240,37,79,.468,10,32,.313,29,33,.879,4,45,49,26,8,2,13,19,113,,,Team Totals,240,.604,.532,.405,.418,10.3,88.2,54.4,70.3,7.9,3.6,12.2,100.0,111.4,105.5,,
https://www.basketball-reference.com/boxscores/202112130IND.html,"7:00 PM, December 13, 2021",Indiana Pacers,Golden State Warriors,100,102,GSW,,,Team Totals,240,42,84,.500,8,30,.267,10,14,.714,9,38,47,21,6,6,18,25,102,,,Team Totals,240,.566,.548,.357,.167,23.7,74.5,52.8,50.0,6.2,10.5,16.6,100.0,106.2,104.1,,
https://www.basketball-reference.com/boxscores/202112130IND.html,"7:00 PM, December 13, 2021",Indiana Pacers,Golden State Warriors,100,102,IND,,,Team Totals,240,35,87,.402,7,30,.233,23,31,.742,13,29,42,16,11,5,10,18,100,,,Team Totals,240,.497,.443,.345,.356,25.5,76.3,47.2,45.7,11.4,9.3,9.0,100.0,104.1,106.2,,
https://www.basketball-reference.com/boxscores/202112130LAC.html,"10:30 PM, December 13, 2021",Los Angeles Clippers,Phoenix Suns,111,95,PHO,,,Team Totals,240,36,96,.375,7,29,.241,16,19,.842,13,28,41,22,10,3,11,23,95,,,Team Totals,240,.455,.411,.302,.198,26.0,77.8,47.7,61.1,10.3,5.3,9.5,100.0,98.0,114.6,,
https://www.basketball-reference.com/boxscores/202112130LAC.html,"10:30 PM, December 13, 2021",Los Angeles Clippers,Phoenix Suns,111,95,LAC,,,Team Totals,240,43,78,.551,9,21,.429,16,23,.696,8,37,45,24,5,7,17,20,111,,,Team Totals,240,.630,.609,.269,.295,22.2,74.0,52.3,55.8,5.2,10.4,16.2,100.0,114.6,98.0,,
https://www.basketball-reference.com/boxscores/202112130MEM.html,"8:00 PM, December 13, 2021",Memphis Grizzlies,Philadelphia 76ers,126,91,PHI,,,Team Totals,240,37,83,.446,4,22,.182,13,19,.684,5,33,38,22,5,10,15,19,91,,,Team Totals,240,.498,.470,.265,.229,11.4,75.0,43.2,59.5,5.1,18.2,14.1,100.0,91.9,127.3,,
https://www.basketball-reference.com/boxscores/202112130MEM.html,"8:00 PM, December 13, 2021",Memphis Grizzlies,Philadelphia 76ers,126,91,MEM,,,Team Totals,240,47,89,.528,14,34,.412,18,23,.783,11,39,50,29,12,6,11,20,126,,,Team Totals,240,.636,.607,.382,.258,25.0,88.6,56.8,61.7,12.1,9.8,10.0,100.0,127.3,91.9,,
https://www.basketball-reference.com/boxscores/202112130TOR.html,"7:00 PM, December 13, 2021",Toronto Raptors,Sacramento Kings,124,101,SAC,,,Team Totals,240,38,94,.404,11,34,.324,14,21,.667,19,34,53,21,5,4,17,16,101,,,Team Totals,240,.489,.463,.362,.223,33.3,81.0,53.5,55.3,4.9,6.0,14.1,100.0,99.9,122.6,,
https://www.basketball-reference.com/boxscores/202112130TOR.html,"7:00 PM, December 13, 2021",Toronto Raptors,Sacramento Kings,124,101,TOR,,,Team Totals,240,53,98,.541,11,31,.355,7,10,.700,8,38,46,28,10,8,10,19,124,,,Team Totals,240,.605,.597,.316,.102,19.0,66.7,46.5,52.8,9.9,13.3,8.9,100.0,122.6,99.9,,
https://www.basketball-reference.com/boxscores/202112140BRK.html,"7:30 PM, December 14, 2021",Brooklyn Nets,Toronto Raptors,131,129,TOR,,,Team Totals,265,48,105,.457,18,52,.346,15,19,.789,13,28,41,26,6,6,12,21,129,,,Team Totals,265,.569,.543,.495,.181,24.1,59.6,40.6,54.2,5.5,9.4,9.6,100.0,118.8,120.6,,
https://www.basketball-reference.com/boxscores/202112140BRK.html,"7:30 PM, December 14, 2021",Brooklyn Nets,Toronto Raptors,131,129,BRK,,,Team Totals,265,50,103,.485,14,39,.359,17,23,.739,19,41,60,28,7,5,18,20,131,,,Team Totals,265,.579,.553,.379,.223,40.4,75.9,59.4,56.0,6.4,9.4,13.7,100.0,120.6,118.8,,
https://www.basketball-reference.com/boxscores/202112140NYK.html,"7:30 PM, December 14, 2021",New York Knicks,Golden State Warriors,96,105,GSW,,,Team Totals,240,35,77,.455,15,40,.375,20,27,.741,7,42,49,28,3,6,12,22,105,,,Team Totals,240,.591,.552,.519,.351,18.4,91.3,58.3,80.0,3.2,14.6,11.9,100.0,112.1,102.5,,
https://www.basketball-reference.com/boxscores/202112140NYK.html,"7:30 PM, December 14, 2021",New York Knicks,Golden State Warriors,96,105,NYK,,,Team Totals,240,30,83,.361,16,42,.381,20,22,.909,4,31,35,18,6,6,9,21,96,,,Team Totals,240,.518,.458,.506,.265,8.7,81.6,41.7,60.0,6.4,16.2,8.9,100.0,102.5,112.1,,
https://www.basketball-reference.com/boxscores/202112140POR.html,"10:00 PM, December 14, 2021",Portland Trail Blazers,Phoenix Suns,107,111,PHO,,,Team Totals,265,44,93,.473,11,31,.355,12,15,.800,8,41,49,30,7,0,14,24,111,,,Team Totals,265,.557,.532,.333,.161,18.2,77.4,50.5,68.2,6.7,0.0,12.3,100.0,106.4,102.5,,
https://www.basketball-reference.com/boxscores/202112140POR.html,"10:00 PM, December 14, 2021",Portland Trail Blazers,Phoenix Suns,107,111,POR,,,Team Totals,265,40,96,.417,13,41,.317,14,22,.636,12,36,48,23,7,3,14,18,107,,,Team Totals,265,.506,.484,.427,.229,22.6,81.8,49.5,57.5,6.7,4.8,11.7,100.0,102.5,106.4,,
https://www.basketball-reference.com/boxscores/202112150CLE.html,"7:00 PM, December 15, 2021",Cleveland Cavaliers,Houston Rockets,124,89,HOU,,,Team Totals,240,30,78,.385,5,29,.172,24,35,.686,10,31,41,20,13,1,17,21,89,,,Team Totals,240,.476,.417,.372,.449,22.2,77.5,48.2,66.7,13.3,2.5,15.4,100.0,90.9,126.7,,
https://www.basketball-reference.com/boxscores/202112150CLE.html,"7:00 PM, December 15, 2021",Cleveland Cavaliers,Houston Rockets,124,89,CLE,,,Team Totals,240,45,80,.563,18,40,.450,16,24,.667,9,35,44,26,6,5,17,25,124,,,Team Totals,240,.685,.675,.500,.300,22.5,77.8,51.8,57.8,6.1,10.2,15.8,100.0,126.7,90.9,,
https://www.basketball-reference.com/boxscores/202112150DAL.html,"7:30 PM, December 15, 2021",Dallas Mavericks,Los Angeles Lakers,104,107,LAL,,,Team Totals,265,39,90,.433,15,39,.385,14,18,.778,4,42,46,24,8,2,14,20,107,,,Team Totals,265,.546,.517,.433,.200,8.5,84.0,47.4,61.5,7.5,3.7,12.5,100.0,100.8,98.0,,
https://www.basketball-reference.com/boxscores/202112150DAL.html,"7:30 PM, December 15, 2021",Dallas Mavericks,Los Angeles Lakers,104,107,DAL,,,Team Totals,265,39,98,.398,12,44,.273,14,17,.824,8,43,51,22,4,3,11,21,104,,,Team Totals,265,.493,.459,.449,.173,16.0,91.5,52.6,56.4,3.8,5.9,9.4,100.0,98.0,100.8,,
https://www.basketball-reference.com/boxscores/202112150DEN.html,"9:00 PM, December 15, 2021",Denver Nuggets,Minnesota Timberwolves,107,124,MIN,,,Team Totals,240,45,88,.511,23,48,.479,11,16,.688,6,33,39,24,10,5,12,23,124,,,Team Totals,240,.652,.642,.545,.182,15.4,78.6,48.1,53.3,10.0,11.1,11.2,100.0,124.0,107.0,,
https://www.basketball-reference.com/boxscores/202112150DEN.html,"9:00 PM, December 15, 2021",Denver Nuggets,Minnesota Timberwolves,107,124,DEN,,,Team Totals,240,38,84,.452,14,39,.359,17,23,.739,9,33,42,33,5,3,18,15,107,,,Team Totals,240,.568,.536,.464,.274,21.4,84.6,51.9,86.8,5.0,7.5,16.1,100.0,107.0,124.0,,
https://www.basketball-reference.com/boxscores/202112150MIL.html,"8:00 PM, December 15, 2021",Milwaukee Bucks,Indiana Pacers,114,99,IND,,,Team Totals,240,39,83,.470,11,38,.289,10,11,.909,11,34,45,24,6,6,19,16,99,,,Team Totals,240,.564,.536,.458,.133,28.2,77.3,54.2,61.5,6.4,9.8,17.8,100.0,105.9,122.0,,
https://www.basketball-reference.com/boxscores/202112150MIL.html,"8:00 PM, December 15, 2021",Milwaukee Bucks,Indiana Pacers,114,99,MIL,,,Team Totals,240,44,90,.489,14,29,.483,12,15,.800,10,28,38,25,10,3,9,11,114,,,Team Totals,240,.590,.567,.322,.167,22.7,71.8,45.8,56.8,10.7,6.7,8.5,100.0,122.0,105.9,,
https://www.basketball-reference.com/boxscores/202112150OKC.html,"8:00 PM, December 15, 2021",Oklahoma City Thunder,New Orleans Pelicans,110,113,NOP,,,Team Totals,240,39,80,.488,11,28,.393,24,36,.667,10,39,49,23,6,3,12,19,113,,,Team Totals,240,.590,.556,.350,.450,22.7,83.0,53.8,59.0,6.1,5.2,11.1,100.0,115.8,112.7,,
https://www.basketball-reference.com/boxscores/202112150OKC.html,"8:00 PM, December 15, 2021",Oklahoma City Thunder,New Orleans Pelicans,110,113,OKC,,,Team Totals,240,39,93,.419,13,35,.371,19,19,1.000,8,34,42,22,8,4,8,25,110,,,Team Totals,240,.543,.489,.376,.204,17.0,77.3,46.2,56.4,8.2,7.7,7.3,100.0,112.7,115.8,,
https://www.basketball-reference.com/boxscores/202112150ORL.html,"7:00 PM, December 15, 2021",Orlando Magic,Atlanta Hawks,99,111,ATL,,,Team Totals,240,42,85,.494,11,31,.355,16,16,1.000,6,34,40,25,11,5,13,16,111,,,Team Totals,240,.603,.559,.365,.188,15.0,73.9,46.5,59.5,11.1,9.1,12.4,100.0,112.4,100.2,,
https://www.basketball-reference.com/boxscores/202112150ORL.html,"7:00 PM, December 15, 2021",Orlando Magic,Atlanta Hawks,99,111,ORL,,,Team Totals,240,35,90,.389,10,35,.286,19,21,.905,12,34,46,25,4,2,17,17,99,,,Team Totals,240,.499,.444,.389,.233,26.1,85.0,53.5,71.4,4.0,3.7,14.6,100.0,100.2,112.4,,
https://www.basketball-reference.com/boxscores/202112150PHI.html,"7:00 PM, December 15, 2021",Philadelphia 76ers,Miami Heat,96,101,MIA,,,Team Totals,240,35,78,.449,18,44,.409,13,17,.765,9,35,44,25,5,3,18,18,101,,,Team Totals,240,.591,.564,.564,.218,22.5,89.7,55.7,71.4,5.4,7.1,17.4,100.0,109.5,104.1,,
https://www.basketball-reference.com/boxscores/202112150PHI.html,"7:00 PM, December 15, 2021",Philadelphia 76ers,Miami Heat,96,101,PHI,,,Team Totals,240,35,79,.443,12,37,.324,14,17,.824,4,31,35,26,9,5,11,19,96,,,Team Totals,240,.555,.519,.468,.215,10.3,77.5,44.3,74.3,9.8,14.7,11.3,100.0,104.1,109.5,,
https://www.basketball-reference.com/boxscores/202112150POR.html,"10:00 PM, December 15, 2021",Portland Trail Blazers,Memphis Grizzlies,103,113,MEM,,,Team Totals,240,39,82,.476,11,32,.344,24,30,.800,11,42,53,22,10,5,16,21,113,,,Team Totals,240,.593,.543,.390,.366,25.0,89.4,58.2,56.4,10.0,11.4,14.4,100.0,112.5,102.5,,
https://www.basketball-reference.com/boxscores/202112150POR.html,"10:00 PM, December 15, 2021",Portland Trail Blazers,Memphis Grizzlies,103,113,POR,,,Team Totals,240,31,82,.378,15,38,.395,26,28,.929,5,33,38,18,9,6,15,21,103,,,Team Totals,240,.546,.470,.463,.341,10.6,75.0,41.8,58.1,9.0,12.0,13.7,100.0,102.5,112.5,,
https://www.basketball-reference.com/boxscores/202112150SAC.html,"10:00 PM, December 15, 2021",Sacramento Kings,Washington Wizards,119,105,WAS,,,Team Totals,240,42,89,.472,5,24,.208,16,21,.762,7,32,39,20,8,3,11,22,105,,,Team Totals,240,.534,.500,.270,.236,17.5,84.2,50.0,47.6,8.1,5.4,10.1,100.0,106.1,120.2,,
https://www.basketball-reference.com/boxscores/202112150SAC.html,"10:00 PM, December 15, 2021",Sacramento Kings,Washington Wizards,119,105,SAC,,,Team Totals,240,45,82,.549,8,26,.308,21,29,.724,6,33,39,25,7,6,11,21,119,,,Team Totals,240,.628,.598,.317,.354,15.8,82.5,50.0,55.6,7.1,9.2,10.4,100.0,120.2,106.1,,
https://www.basketball-reference.com/boxscores/202112150SAS.html,"8:30 PM, December 15, 2021",San Antonio Spurs,Charlotte Hornets,115,131,CHO,,,Team Totals,240,51,86,.593,18,34,.529,11,16,.688,9,39,48,34,3,4,13,16,131,,,Team Totals,240,.704,.698,.395,.186,25.0,78.0,55.8,66.7,3.1,7.5,12.3,100.0,136.4,119.8,,
https://www.basketball-reference.com/boxscores/202112150SAS.html,"8:30 PM, December 15, 2021",San Antonio Spurs,Charlotte Hornets,115,131,SAS,,,Team Totals,240,39,90,.433,12,37,.324,25,25,1.000,11,27,38,27,5,3,8,14,115,,,Team Totals,240,.569,.500,.411,.278,22.0,75.0,44.2,69.2,5.2,5.8,7.3,100.0,119.8,136.4,,
https://www.basketball-reference.com/boxscores/202112150UTA.html,"10:00 PM, December 15, 2021",Utah Jazz,Los Angeles Clippers,124,103,LAC,,,Team Totals,240,40,85,.471,10,30,.333,13,20,.650,8,34,42,24,6,5,16,22,103,,,Team Totals,240,.549,.529,.353,.235,18.2,81.0,48.8,60.0,6.0,9.6,14.6,100.0,103.7,124.8,,
https://www.basketball-reference.com/boxscores/202112150UTA.html,"10:00 PM, December 15, 2021",Utah Jazz,Los Angeles Clippers,124,103,UTA,,,Team Totals,240,47,89,.528,15,37,.405,15,20,.750,8,36,44,26,11,4,10,18,124,,,Team Totals,240,.634,.612,.416,.225,19.0,81.8,51.2,55.3,11.1,7.3,9.3,100.0,124.8,103.7,,
https://www.basketball-reference.com/boxscores/202112160BRK.html,"7:30 PM, December 16, 2021",Brooklyn Nets,Philadelphia 76ers,114,105,PHI,,,Team Totals,240,39,89,.438,10,34,.294,17,20,.850,5,33,38,19,10,4,9,22,105,,,Team Totals,240,.537,.494,.382,.225,11.6,76.7,44.2,48.7,10.1,6.1,8.4,100.0,105.5,114.6,,
https://www.basketball-reference.com/boxscores/202112160BRK.html,"7:30 PM, December 16, 2021",Brooklyn Nets,Philadelphia 76ers,114,105,BRK,,,Team Totals,240,44,89,.494,11,23,.478,15,16,.938,10,38,48,21,4,3,15,15,114,,,Team Totals,240,.594,.556,.258,.180,23.3,88.4,55.8,47.7,4.0,5.5,13.5,100.0,114.6,105.5,,
https://www.basketball-reference.com/boxscores/202112160HOU.html,"8:00 PM, December 16, 2021",Houston Rockets,New York Knicks,103,116,NYK,,,Team Totals,240,39,83,.470,17,36,.472,21,25,.840,15,25,40,25,8,6,12,26,116,,,Team Totals,240,.617,.572,.434,.301,38.5,83.3,58.0,64.1,8.9,16.7,11.3,100.0,129.0,114.6,,
https://www.basketball-reference.com/boxscores/202112160HOU.html,"8:00 PM, December 16, 2021",Houston Rockets,New York Knicks,103,116,HOU,,,Team Totals,240,34,68,.500,11,32,.344,24,30,.800,5,24,29,29,4,4,19,25,103,,,Team Totals,240,.634,.581,.471,.441,16.7,61.5,42.0,85.3,4.4,8.5,19.0,100.0,114.6,129.0,,
https://www.basketball-reference.com/boxscores/202112160IND.html,"7:00 PM, December 16, 2021",Indiana Pacers,Detroit Pistons,122,113,DET,,,Team Totals,240,40,81,.494,7,25,.280,26,30,.867,6,31,37,20,6,4,12,23,113,,,Team Totals,240,.600,.537,.309,.370,15.4,79.5,47.4,50.0,6.0,6.8,11.3,100.0,113.4,122.4,,
https://www.basketball-reference.com/boxscores/202112160IND.html,"7:00 PM, December 16, 2021",Indiana Pacers,Detroit Pistons,122,113,IND,,,Team Totals,240,45,91,.495,7,32,.219,25,28,.893,8,33,41,26,6,7,9,21,122,,,Team Totals,240,.590,.533,.352,.308,20.5,84.6,52.6,57.8,6.0,12.5,8.0,100.0,122.4,113.4,,
https://www.basketball-reference.com/boxscores/202112160PHO.html,"9:00 PM, December 16, 2021",Phoenix Suns,Washington Wizards,118,98,WAS,,,Team Totals,240,40,82,.488,6,21,.286,12,19,.632,6,26,32,22,11,3,16,21,98,,,Team Totals,240,.542,.524,.256,.232,13.6,74.3,40.5,55.0,11.1,6.0,15.0,100.0,98.6,118.8,,
https://www.basketball-reference.com/boxscores/202112160PHO.html,"9:00 PM, December 16, 2021",Phoenix Suns,Washington Wizards,118,98,PHO,,,Team Totals,240,42,79,.532,9,29,.310,25,26,.962,9,38,47,25,9,2,20,23,118,,,Team Totals,240,.652,.589,.367,.329,25.7,86.4,59.5,59.5,9.1,3.3,18.1,100.0,118.8,98.6,,
https://www.basketball-reference.com/boxscores/202112170ATL.html,"7:30 PM, December 17, 2021",Atlanta Hawks,Denver Nuggets,115,133,DEN,,,Team Totals,240,50,86,.581,17,38,.447,16,18,.889,4,34,38,35,9,7,17,22,133,,,Team Totals,240,.708,.680,.442,.209,12.9,77.3,50.7,70.0,8.6,10.9,15.3,100.0,126.4,109.3,,
https://www.basketball-reference.com/boxscores/202112170ATL.html,"7:30 PM, December 17, 2021",Atlanta Hawks,Denver Nuggets,115,133,ATL,,,Team Totals,240,41,88,.466,7,24,.292,26,34,.765,10,27,37,22,6,3,15,17,115,,,Team Totals,240,.558,.506,.273,.386,22.7,87.1,49.3,53.7,5.7,6.3,12.7,100.0,109.3,126.4,,
https://www.basketball-reference.com/boxscores/202112170BOS.html,"7:30 PM, December 17, 2021",Boston Celtics,Golden State Warriors,107,111,GSW,,,Team Totals,240,39,90,.433,16,46,.348,17,21,.810,12,33,45,27,9,8,14,25,111,,,Team Totals,240,.559,.522,.511,.233,26.1,75.0,50.0,69.2,9.2,19.5,12.4,100.0,113.6,109.5,,
https://www.basketball-reference.com/boxscores/202112170BOS.html,"7:30 PM, December 17, 2021",Boston Celtics,Golden State Warriors,107,111,BOS,,,Team Totals,240,36,82,.439,15,41,.366,20,29,.690,11,34,45,20,5,2,16,19,107,,,Team Totals,240,.565,.530,.500,.354,25.0,73.9,50.0,55.6,5.1,4.5,14.4,100.0,109.5,113.6,,
https://www.basketball-reference.com/boxscores/202112170MIN.html,"10:00 PM, December 17, 2021",Minnesota Timberwolves,Los Angeles Lakers,110,92,LAL,,,Team Totals,240,30,78,.385,12,43,.279,20,29,.690,1,35,36,26,6,7,18,22,92,,,Team Totals,240,.507,.462,.551,.372,2.1,70.0,37.1,86.7,5.7,13.0,16.6,100.0,87.3,104.4,,
https://www.basketball-reference.com/boxscores/202112170MIN.html,"10:00 PM, December 17, 2021",Minnesota Timberwolves,Los Angeles Lakers,110,92,MIN,,,Team Totals,240,41,98,.418,12,44,.273,16,24,.667,15,46,61,23,13,6,15,25,110,,,Team Totals,240,.507,.480,.449,.245,30.0,97.9,62.9,56.1,12.3,17.1,12.1,100.0,104.4,87.3,,
https://www.basketball-reference.com/boxscores/202112170NOP.html,"8:00 PM, December 17, 2021",New Orleans Pelicans,Milwaukee Bucks,116,112,MIL,,,Team Totals,265,45,104,.433,14,47,.298,8,10,.800,12,32,44,16,12,5,13,19,112,,,Team Totals,265,.517,.500,.452,.096,21.4,71.1,43.6,35.6,11.2,9.6,10.7,100.0,104.7,108.4,,
https://www.basketball-reference.com/boxscores/202112170NOP.html,"8:00 PM, December 17, 2021",New Orleans Pelicans,Milwaukee Bucks,116,112,NOP,,,Team Totals,265,42,89,.472,13,37,.351,19,30,.633,13,44,57,34,10,3,20,13,116,,,Team Totals,265,.568,.545,.416,.337,28.9,78.6,56.4,81.0,9.3,5.3,16.4,100.0,108.4,104.7,,
https://www.basketball-reference.com/boxscores/202112170ORL.html,"7:00 PM, December 17, 2021",Orlando Magic,Miami Heat,105,115,MIA,,,Team Totals,240,41,82,.500,19,35,.543,14,19,.737,14,32,46,25,5,5,17,14,115,,,Team Totals,240,.636,.616,.427,.232,34.1,78.0,56.1,61.0,5.4,8.8,15.8,100.0,124.4,113.6,,
https://www.basketball-reference.com/boxscores/202112170ORL.html,"7:00 PM, December 17, 2021",Orlando Magic,Miami Heat,105,115,ORL,,,Team Totals,240,43,89,.483,11,32,.344,8,10,.800,9,27,36,23,10,5,11,19,105,,,Team Totals,240,.562,.545,.360,.112,22.0,65.9,43.9,53.5,10.8,10.6,10.5,100.0,113.6,124.4,,
https://www.basketball-reference.com/boxscores/202112170POR.html,"10:00 PM, December 17, 2021",Portland Trail Blazers,Charlotte Hornets,125,116,CHO,,,Team Totals,240,44,92,.478,13,37,.351,15,18,.833,10,28,38,29,8,4,13,19,116,,,Team Totals,240,.580,.549,.402,.196,22.7,80.0,48.1,65.9,8.0,10.5,11.5,100.0,115.4,124.4,,
https://www.basketball-reference.com/boxscores/202112170POR.html,"10:00 PM, December 17, 2021",Portland Trail Blazers,Charlotte Hornets,125,116,POR,,,Team Totals,240,44,85,.518,21,47,.447,16,18,.889,7,34,41,27,7,6,17,20,125,,,Team Totals,240,.673,.641,.553,.212,20.0,77.3,51.9,61.4,7.0,10.9,15.5,100.0,124.4,115.4,,
https://www.basketball-reference.com/boxscores/202112170SAC.html,"10:00 PM, December 17, 2021",Sacramento Kings,Memphis Grizzlies,105,124,MEM,,,Team Totals,240,45,97,.464,13,24,.542,21,27,.778,12,38,50,25,11,3,13,21,124,,,Team Totals,240,.569,.531,.247,.278,25.5,79.2,52.6,55.6,10.4,5.7,10.7,100.0,117.3,99.3,,
https://www.basketball-reference.com/boxscores/202112170SAC.html,"10:00 PM, December 17, 2021",Sacramento Kings,Memphis Grizzlies,105,124,SAC,,,Team Totals,240,36,88,.409,13,35,.371,20,26,.769,10,35,45,21,5,6,18,20,105,,,Team Totals,240,.528,.483,.398,.295,20.8,74.5,47.4,58.3,4.7,8.2,15.3,100.0,99.3,117.3,,
https://www.basketball-reference.com/boxscores/202112170UTA.html,"9:00 PM, December 17, 2021",Utah Jazz,San Antonio Spurs,126,128,SAS,,,Team Totals,240,50,100,.500,15,41,.366,13,18,.722,11,32,43,27,8,4,7,18,128,,,Team Totals,240,.593,.575,.410,.180,22.9,71.1,46.2,54.0,7.9,7.1,6.1,100.0,125.6,123.6,,
https://www.basketball-reference.com/boxscores/202112170UTA.html,"9:00 PM, December 17, 2021",Utah Jazz,San Antonio Spurs,126,128,UTA,,,Team Totals,240,46,93,.495,13,37,.351,21,26,.808,13,37,50,26,5,6,13,18,126,,,Team Totals,240,.603,.565,.398,.280,28.9,77.1,53.8,56.5,4.9,10.2,11.1,100.0,123.6,125.6,,
https://www.basketball-reference.com/boxscores/202112180BOS.html,"7:00 PM, December 18, 2021",Boston Celtics,New York Knicks,114,107,NYK,,,Team Totals,240,35,80,.438,13,36,.361,24,30,.800,8,34,42,18,8,6,14,21,107,,,Team Totals,240,.574,.519,.450,.375,19.5,73.9,48.3,51.4,8.3,13.6,13.1,100.0,111.3,118.6,,
https://www.basketball-reference.com/boxscores/202112180BOS.html,"7:00 PM, December 18, 2021",Boston Celtics,New York Knicks,114,107,BOS,,,Team Totals,240,42,89,.472,17,45,.378,13,17,.765,12,33,45,23,6,3,13,20,114,,,Team Totals,240,.591,.567,.506,.191,26.1,80.5,51.7,54.8,6.2,6.8,11.9,100.0,118.6,111.3,,
https://www.basketball-reference.com/boxscores/202112180BRK.html,"7:30 PM, December 18, 2021",Brooklyn Nets,Orlando Magic,93,100,ORL,,,Team Totals,240,39,94,.415,10,31,.323,12,13,.923,12,38,50,20,6,4,16,14,100,,,Team Totals,240,.501,.468,.330,.138,25.5,70.4,49.5,51.3,6.0,7.1,13.8,100.0,99.3,92.4,,
https://www.basketball-reference.com/boxscores/202112180BRK.html,"7:30 PM, December 18, 2021",Brooklyn Nets,Orlando Magic,93,100,BRK,,,Team Totals,240,39,102,.382,9,46,.196,6,8,.750,16,35,51,24,8,8,16,14,93,,,Team Totals,240,.441,.426,.451,.078,29.6,74.5,50.5,61.5,7.9,12.7,13.2,100.0,92.4,99.3,,
https://www.basketball-reference.com/boxscores/202112180DET.html,"12:00 PM, December 18, 2021",Detroit Pistons,Houston Rockets,107,116,HOU,,,Team Totals,240,46,93,.495,14,38,.368,10,17,.588,13,34,47,27,15,5,19,18,116,,,Team Totals,240,.577,.570,.409,.183,32.5,69.4,52.8,58.7,14.5,8.8,15.9,100.0,112.4,103.6,,
https://www.basketball-reference.com/boxscores/202112180DET.html,"12:00 PM, December 18, 2021",Detroit Pistons,Houston Rockets,107,116,DET,,,Team Totals,240,43,93,.462,10,36,.278,11,16,.688,15,27,42,29,8,6,21,24,107,,,Team Totals,240,.535,.516,.387,.172,30.6,67.5,47.2,67.4,7.7,10.9,17.3,100.0,103.6,112.4,,
https://www.basketball-reference.com/boxscores/202112180MIL.html,"9:00 PM, December 18, 2021",Milwaukee Bucks,Cleveland Cavaliers,90,119,CLE,,,Team Totals,240,45,90,.500,16,45,.356,13,14,.929,9,37,46,36,11,3,15,13,119,,,Team Totals,240,.619,.589,.500,.156,22.5,74.0,51.1,80.0,11.3,5.9,13.5,100.0,122.0,92.2,,
https://www.basketball-reference.com/boxscores/202112180MIL.html,"9:00 PM, December 18, 2021",Milwaukee Bucks,Cleveland Cavaliers,90,119,MIL,,,Team Totals,240,35,89,.393,12,38,.316,8,11,.727,13,31,44,18,8,4,17,15,90,,,Team Totals,240,.480,.461,.427,.124,26.0,77.5,48.9,51.4,8.2,8.9,15.3,100.0,92.2,122.0,,
https://www.basketball-reference.com/boxscores/202112180OKC.html,"8:00 PM, December 18, 2021",Oklahoma City Thunder,Los Angeles Clippers,104,103,LAC,,,Team Totals,240,37,83,.446,16,39,.410,13,19,.684,7,32,39,26,11,3,13,16,103,,,Team Totals,240,.564,.542,.470,.229,15.6,65.3,41.5,70.3,11.6,4.9,12.5,100.0,108.6,109.6,,
https://www.basketball-reference.com/boxscores/202112180OKC.html,"8:00 PM, December 18, 2021",Oklahoma City Thunder,Los Angeles Clippers,104,103,OKC,,,Team Totals,240,43,92,.467,12,31,.387,6,10,.600,17,38,55,23,4,4,16,18,104,,,Team Totals,240,.539,.533,.337,.109,34.7,84.4,58.5,53.5,4.2,9.1,14.2,100.0,109.6,108.6,,
https://www.basketball-reference.com/boxscores/202112180TOR.html,"7:30 PM, December 18, 2021",Toronto Raptors,Golden State Warriors,119,100,GSW,,,Team Totals,240,37,79,.468,11,36,.306,15,21,.714,11,36,47,26,5,5,20,21,100,,,Team Totals,240,.567,.538,.456,.266,27.5,75.0,53.4,70.3,5.2,9.6,18.5,100.0,103.5,123.2,,
https://www.basketball-reference.com/boxscores/202112180TOR.html,"7:30 PM, December 18, 2021",Toronto Raptors,Golden State Warriors,119,100,TOR,,,Team Totals,240,45,90,.500,14,38,.368,15,23,.652,12,29,41,26,13,3,11,21,119,,,Team Totals,240,.594,.578,.422,.256,25.0,72.5,46.6,57.8,13.5,7.0,9.9,100.0,123.2,103.5,,
https://www.basketball-reference.com/boxscores/202112180UTA.html,"9:00 PM, December 18, 2021",Utah Jazz,Washington Wizards,103,109,WAS,,,Team Totals,240,42,94,.447,9,31,.290,16,20,.800,11,36,47,27,7,4,9,23,109,,,Team Totals,240,.530,.495,.330,.213,22.4,81.8,50.5,64.3,7.1,10.8,8.1,100.0,109.8,103.7,,
https://www.basketball-reference.com/boxscores/202112180UTA.html,"9:00 PM, December 18, 2021",Utah Jazz,Washington Wizards,103,109,UTA,,,Team Totals,240,35,81,.432,14,44,.318,19,30,.633,8,38,46,17,5,6,16,23,103,,,Team Totals,240,.547,.519,.543,.370,18.2,77.6,49.5,48.6,5.0,9.5,14.5,100.0,103.7,109.8,,
https://www.basketball-reference.com/boxscores/202112190CHI.html,"8:00 PM, December 19, 2021",Chicago Bulls,Los Angeles Lakers,115,110,LAL,,,Team Totals,240,42,82,.512,12,34,.353,14,22,.636,9,37,46,25,6,8,20,25,110,,,Team Totals,240,.600,.585,.415,.268,25.0,69.8,51.7,59.5,6.0,12.7,17.9,100.0,110.9,115.9,,
https://www.basketball-reference.com/boxscores/202112190CHI.html,"8:00 PM, December 19, 2021",Chicago Bulls,Los Angeles Lakers,115,110,CHI,,,Team Totals,240,40,93,.430,10,30,.333,25,31,.806,16,27,43,20,10,3,10,17,115,,,Team Totals,240,.539,.484,.323,.333,30.2,75.0,48.3,50.0,10.1,6.3,8.6,100.0,115.9,110.9,,
https://www.basketball-reference.com/boxscores/202112190DET.html,"6:00 PM, December 19, 2021",Detroit Pistons,Miami Heat,100,90,MIA,,,Team Totals,240,28,74,.378,13,43,.302,21,33,.636,8,31,39,23,4,3,13,27,90,,,Team Totals,240,.508,.466,.581,.446,16.3,83.8,45.3,82.1,4.3,7.0,12.8,100.0,96.1,106.8,,
https://www.basketball-reference.com/boxscores/202112190DET.html,"6:00 PM, December 19, 2021",Detroit Pistons,Miami Heat,100,90,DET,,,Team Totals,240,35,75,.467,8,32,.250,22,30,.733,6,41,47,24,4,2,15,28,100,,,Team Totals,240,.567,.520,.427,.400,16.2,83.7,54.7,68.6,4.3,6.5,14.5,100.0,106.8,96.1,,
https://www.basketball-reference.com/boxscores/202112190MEM.html,"6:00 PM, December 19, 2021",Memphis Grizzlies,Portland Trail Blazers,100,105,POR,,,Team Totals,240,35,74,.473,11,32,.344,24,28,.857,9,42,51,17,4,9,25,18,105,,,Team Totals,240,.608,.547,.432,.378,28.1,80.8,60.7,48.6,4.1,15.8,22.5,100.0,107.2,102.1,,
https://www.basketball-reference.com/boxscores/202112190MEM.html,"6:00 PM, December 19, 2021",Memphis Grizzlies,Portland Trail Blazers,100,105,MEM,,,Team Totals,240,35,91,.385,9,34,.265,21,25,.840,10,23,33,22,13,5,8,22,100,,,Team Totals,240,.490,.434,.374,.275,19.2,71.9,39.3,62.9,13.3,11.9,7.3,100.0,102.1,107.2,,
https://www.basketball-reference.com/boxscores/202112190MIN.html,"8:00 PM, December 19, 2021",Minnesota Timberwolves,Dallas Mavericks,111,105,DAL,,,Team Totals,240,36,82,.439,12,41,.293,21,22,.955,7,34,41,27,5,2,12,25,105,,,Team Totals,240,.573,.512,.500,.268,18.4,85.0,52.6,75.0,5.4,4.7,11.6,100.0,113.2,119.6,,
https://www.basketball-reference.com/boxscores/202112190MIN.html,"8:00 PM, December 19, 2021",Minnesota Timberwolves,Dallas Mavericks,111,105,MIN,,,Team Totals,240,36,77,.468,15,34,.441,24,31,.774,6,31,37,26,6,3,9,22,111,,,Team Totals,240,.612,.565,.442,.403,15.0,81.6,47.4,72.2,6.5,7.3,9.0,100.0,119.6,113.2,,
https://www.basketball-reference.com/boxscores/202112190PHO.html,"8:00 PM, December 19, 2021",Phoenix Suns,Charlotte Hornets,137,106,CHO,,,Team Totals,240,36,100,.360,10,45,.222,24,28,.857,13,30,43,26,12,6,9,12,106,,,Team Totals,240,.472,.410,.450,.280,21.7,75.0,43.0,72.2,11.3,11.1,7.4,100.0,99.7,128.9,,
https://www.basketball-reference.com/boxscores/202112190PHO.html,"8:00 PM, December 19, 2021",Phoenix Suns,Charlotte Hornets,137,106,PHO,,,Team Totals,240,54,95,.568,20,41,.488,9,13,.692,10,47,57,35,5,8,18,21,137,,,Team Totals,240,.680,.674,.432,.137,25.0,78.3,57.0,64.8,4.7,14.5,15.2,100.0,128.9,99.7,,
https://www.basketball-reference.com/boxscores/202112190SAC.html,"6:00 PM, December 19, 2021",Sacramento Kings,San Antonio Spurs,121,114,SAS,,,Team Totals,240,45,91,.495,12,25,.480,12,13,.923,13,31,44,24,7,8,14,12,114,,,Team Totals,240,.589,.560,.275,.143,31.0,73.8,52.4,53.3,7.3,12.1,12.6,100.0,118.4,125.7,,
https://www.basketball-reference.com/boxscores/202112190SAC.html,"6:00 PM, December 19, 2021",Sacramento Kings,San Antonio Spurs,121,114,SAC,,,Team Totals,240,46,91,.505,14,25,.560,15,18,.833,11,29,40,23,11,3,12,19,121,,,Team Totals,240,.612,.582,.275,.198,26.2,69.0,47.6,50.0,11.4,4.5,10.8,100.0,125.7,118.4,,
https://www.basketball-reference.com/boxscores/202112200BOS.html,"7:30 PM, December 20, 2021",Boston Celtics,Philadelphia 76ers,103,108,PHI,,,Team Totals,240,36,72,.500,10,25,.400,26,31,.839,2,32,34,20,11,7,17,23,108,,,Team Totals,240,.631,.569,.347,.431,6.1,74.4,44.7,55.6,11.2,12.7,16.6,100.0,109.6,104.6,,
https://www.basketball-reference.com/boxscores/202112200BOS.html,"7:30 PM, December 20, 2021",Boston Celtics,Philadelphia 76ers,103,108,BOS,,,Team Totals,240,38,82,.463,7,27,.259,20,25,.800,11,31,42,16,9,5,18,23,103,,,Team Totals,240,.554,.506,.329,.305,25.6,93.9,55.3,42.1,9.1,10.6,16.2,100.0,104.6,109.6,,
https://www.basketball-reference.com/boxscores/202112200CHI.html,"8:00 PM, December 20, 2021",Chicago Bulls,Houston Rockets,133,118,HOU,,,Team Totals,240,44,78,.564,12,33,.364,18,24,.750,7,28,35,27,4,4,14,17,118,,,Team Totals,240,.666,.641,.423,.308,21.9,75.7,50.7,61.4,4.2,7.5,13.7,100.0,125.2,141.1,,
https://www.basketball-reference.com/boxscores/202112200CHI.html,"8:00 PM, December 20, 2021",Chicago Bulls,Houston Rockets,133,118,CHI,,,Team Totals,240,47,88,.534,16,35,.457,23,24,.958,9,25,34,33,7,5,8,23,133,,,Team Totals,240,.675,.625,.398,.273,24.3,78.1,49.3,70.2,7.4,11.1,7.5,100.0,141.1,125.2,,
https://www.basketball-reference.com/boxscores/202112200GSW.html,"10:00 PM, December 20, 2021",Golden State Warriors,Sacramento Kings,113,98,SAC,,,Team Totals,240,37,83,.446,13,32,.406,11,16,.688,6,31,37,23,10,3,21,9,98,,,Team Totals,240,.544,.524,.386,.193,15.8,75.6,46.8,62.2,10.0,5.9,18.9,100.0,98.4,113.4,,
https://www.basketball-reference.com/boxscores/202112200GSW.html,"10:00 PM, December 20, 2021",Golden State Warriors,Sacramento Kings,113,98,GSW,,,Team Totals,240,46,88,.523,15,37,.405,6,9,.667,10,32,42,28,12,9,16,18,113,,,Team Totals,240,.614,.608,.420,.102,24.4,84.2,53.2,60.9,12.0,17.6,14.8,100.0,113.4,98.4,,
https://www.basketball-reference.com/boxscores/202112200LAC.html,"10:30 PM, December 20, 2021",Los Angeles Clippers,San Antonio Spurs,92,116,SAS,,,Team Totals,240,50,114,.439,12,37,.324,4,6,.667,23,43,66,37,11,4,12,19,116,,,Team Totals,240,.497,.491,.325,.053,40.4,82.7,60.6,74.0,10.9,7.3,9.3,100.0,115.5,91.6,,
https://www.basketball-reference.com/boxscores/202112200LAC.html,"10:30 PM, December 20, 2021",Los Angeles Clippers,San Antonio Spurs,92,116,LAC,,,Team Totals,240,34,87,.391,9,32,.281,15,20,.750,9,34,43,18,6,5,15,15,92,,,Team Totals,240,.480,.443,.368,.230,17.3,59.6,39.4,52.9,6.0,6.5,13.5,100.0,91.6,115.5,,
https://www.basketball-reference.com/boxscores/202112200MEM.html,"8:00 PM, December 20, 2021",Memphis Grizzlies,Oklahoma City Thunder,99,102,OKC,,,Team Totals,240,36,84,.429,11,38,.289,19,28,.679,9,38,47,24,7,7,14,17,102,,,Team Totals,240,.529,.494,.452,.333,20.9,69.1,48.0,66.7,7.1,10.1,12.7,100.0,104.0,100.9,,
https://www.basketball-reference.com/boxscores/202112200MEM.html,"8:00 PM, December 20, 2021",Memphis Grizzlies,Oklahoma City Thunder,99,102,MEM,,,Team Totals,240,39,101,.386,11,32,.344,10,13,.769,17,34,51,24,9,2,12,21,99,,,Team Totals,240,.464,.441,.317,.129,30.9,79.1,52.0,61.5,9.2,4.3,10.1,100.0,100.9,104.0,,
https://www.basketball-reference.com/boxscores/202112200UTA.html,"9:00 PM, December 20, 2021",Utah Jazz,Charlotte Hornets,112,102,CHO,,,Team Totals,240,39,101,.386,15,43,.349,9,9,1.000,11,40,51,27,7,4,13,25,102,,,Team Totals,240,.486,.460,.426,.089,19.3,64.5,42.9,69.2,6.7,9.3,11.0,100.0,97.6,107.1,,
https://www.basketball-reference.com/boxscores/202112200UTA.html,"9:00 PM, December 20, 2021",Utah Jazz,Charlotte Hornets,112,102,UTA,,,Team Totals,240,34,96,.354,16,53,.302,28,37,.757,22,46,68,21,4,6,17,14,112,,,Team Totals,240,.499,.438,.552,.385,35.5,80.7,57.1,61.8,3.8,10.3,13.1,100.0,107.1,97.6,,
https://www.basketball-reference.com/boxscores/202112210DAL.html,"8:30 PM, December 21, 2021",Dallas Mavericks,Minnesota Timberwolves,114,102,MIN,,,Team Totals,240,36,79,.456,13,40,.325,17,20,.850,9,30,39,26,4,5,17,22,102,,,Team Totals,240,.581,.538,.506,.253,20.9,75.0,47.0,72.2,4.2,9.6,16.2,100.0,108.1,120.8,,
https://www.basketball-reference.com/boxscores/202112210DAL.html,"8:30 PM, December 21, 2021",Dallas Mavericks,Minnesota Timberwolves,114,102,DAL,,,Team Totals,240,42,86,.488,11,34,.324,19,23,.826,10,34,44,30,11,3,11,22,114,,,Team Totals,240,.593,.552,.395,.267,25.0,79.1,53.0,71.4,11.7,7.7,10.3,100.0,120.8,108.1,,
https://www.basketball-reference.com/boxscores/202112210LAL.html,"10:00 PM, December 21, 2021",Los Angeles Lakers,Phoenix Suns,90,108,PHO,,,Team Totals,240,41,93,.441,12,41,.293,14,15,.933,8,45,53,29,11,4,16,18,108,,,Team Totals,240,.542,.505,.441,.161,16.3,88.2,53.0,70.7,10.5,7.7,13.8,100.0,102.6,85.5,,
https://www.basketball-reference.com/boxscores/202112210LAL.html,"10:00 PM, December 21, 2021",Los Angeles Lakers,Phoenix Suns,90,108,LAL,,,Team Totals,240,34,87,.391,7,35,.200,15,23,.652,6,41,47,14,9,3,15,18,90,,,Team Totals,240,.463,.431,.402,.264,11.8,83.7,47.0,41.2,8.6,5.8,13.4,100.0,85.5,102.6,,
https://www.basketball-reference.com/boxscores/202112210MIA.html,"7:30 PM, December 21, 2021",Miami Heat,Indiana Pacers,125,96,IND,,,Team Totals,240,31,87,.356,11,31,.355,23,28,.821,11,31,42,22,6,3,12,13,96,,,Team Totals,240,.483,.420,.356,.322,22.4,67.4,44.2,71.0,6.3,6.5,10.8,100.0,100.8,131.3,,
https://www.basketball-reference.com/boxscores/202112210MIA.html,"7:30 PM, December 21, 2021",Miami Heat,Indiana Pacers,125,96,MIA,,,Team Totals,240,47,95,.495,22,49,.449,9,11,.818,15,38,53,30,5,5,11,21,125,,,Team Totals,240,.626,.611,.516,.116,32.6,77.6,55.8,63.8,5.3,8.9,9.9,100.0,131.3,100.8,,
https://www.basketball-reference.com/boxscores/202112210NOP.html,"8:00 PM, December 21, 2021",New Orleans Pelicans,Portland Trail Blazers,111,97,POR,,,Team Totals,240,35,78,.449,13,34,.382,14,19,.737,7,24,31,18,12,4,11,17,97,,,Team Totals,240,.562,.532,.436,.244,16.3,75.0,41.3,51.4,13.2,8.5,11.3,100.0,106.5,121.9,,
https://www.basketball-reference.com/boxscores/202112210NOP.html,"8:00 PM, December 21, 2021",New Orleans Pelicans,Portland Trail Blazers,111,97,NOP,,,Team Totals,240,42,80,.525,12,33,.364,15,18,.833,8,36,44,27,5,3,16,19,111,,,Team Totals,240,.631,.600,.413,.225,25.0,83.7,58.7,64.3,5.5,6.8,15.4,100.0,121.9,106.5,,
https://www.basketball-reference.com/boxscores/202112210NYK.html,"7:30 PM, December 21, 2021",New York Knicks,Detroit Pistons,105,91,DET,,,Team Totals,240,34,94,.362,8,33,.242,15,19,.789,10,38,48,22,9,4,14,18,91,,,Team Totals,240,.445,.404,.351,.202,20.4,74.5,48.0,64.7,9.0,7.0,12.0,100.0,91.2,105.3,,
https://www.basketball-reference.com/boxscores/202112210NYK.html,"7:30 PM, December 21, 2021",New York Knicks,Detroit Pistons,105,91,NYK,,,Team Totals,240,40,90,.444,11,33,.333,14,19,.737,13,39,52,22,5,7,13,19,105,,,Team Totals,240,.534,.506,.367,.211,25.5,79.6,52.0,55.0,5.0,11.5,11.7,100.0,105.3,91.2,,
https://www.basketball-reference.com/boxscores/202112220ATL.html,"7:30 PM, December 22, 2021",Atlanta Hawks,Orlando Magic,98,104,ORL,,,Team Totals,240,38,85,.447,11,37,.297,17,23,.739,8,32,40,27,11,5,10,24,104,,,Team Totals,240,.547,.512,.435,.271,18.2,71.1,44.9,71.1,11.8,10.2,9.5,100.0,111.9,105.5,,
https://www.basketball-reference.com/boxscores/202112220ATL.html,"7:30 PM, December 22, 2021",Atlanta Hawks,Orlando Magic,98,104,ATL,,,Team Totals,240,32,80,.400,12,31,.387,22,29,.759,13,36,49,21,4,8,14,19,98,,,Team Totals,240,.528,.475,.388,.363,28.9,81.8,55.1,65.6,4.3,16.7,13.1,100.0,105.5,111.9,,
https://www.basketball-reference.com/boxscores/202112220BOS.html,"7:30 PM, December 22, 2021",Boston Celtics,Cleveland Cavaliers,111,101,CLE,,,Team Totals,240,36,92,.391,9,38,.237,20,24,.833,15,38,53,17,8,3,16,15,101,,,Team Totals,240,.492,.440,.413,.261,29.4,76.0,52.5,47.2,8.0,4.8,13.5,100.0,101.2,111.2,,
https://www.basketball-reference.com/boxscores/202112220BOS.html,"7:30 PM, December 22, 2021",Boston Celtics,Cleveland Cavaliers,111,101,BOS,,,Team Totals,240,43,92,.467,11,30,.367,14,18,.778,12,36,48,24,12,5,13,24,111,,,Team Totals,240,.555,.527,.326,.196,24.0,70.6,47.5,55.8,12.0,9.3,11.5,100.0,111.2,101.2,,
https://www.basketball-reference.com/boxscores/202112220MIL.html,"8:00 PM, December 22, 2021",Milwaukee Bucks,Houston Rockets,126,106,HOU,,,Team Totals,240,36,86,.419,13,45,.289,21,31,.677,13,39,52,23,0,7,15,21,106,,,Team Totals,240,.532,.494,.523,.360,27.7,73.6,52.0,63.9,0.0,12.3,13.1,100.0,105.7,125.6,,
https://www.basketball-reference.com/boxscores/202112220MIL.html,"8:00 PM, December 22, 2021",Milwaukee Bucks,Houston Rockets,126,106,MIL,,,Team Totals,240,45,103,.437,17,46,.370,19,21,.905,14,34,48,25,8,2,7,24,126,,,Team Totals,240,.561,.519,.447,.204,26.4,72.3,48.0,55.6,8.0,4.9,5.9,100.0,125.6,105.7,,
https://www.basketball-reference.com/boxscores/202112220OKC.html,"8:00 PM, December 22, 2021",Oklahoma City Thunder,Denver Nuggets,108,94,DEN,,,Team Totals,240,33,84,.393,13,44,.295,15,26,.577,4,35,39,21,7,5,11,18,94,,,Team Totals,240,.492,.470,.524,.310,8.2,70.0,39.4,63.6,7.1,8.3,10.3,100.0,95.5,109.7,,
https://www.basketball-reference.com/boxscores/202112220OKC.html,"8:00 PM, December 22, 2021",Oklahoma City Thunder,Denver Nuggets,108,94,OKC,,,Team Totals,240,42,94,.447,8,34,.235,16,19,.842,15,45,60,22,7,4,11,25,108,,,Team Totals,240,.528,.489,.362,.202,30.0,91.8,60.6,52.4,7.1,10.0,9.7,100.0,109.7,95.5,,
https://www.basketball-reference.com/boxscores/202112220SAC.html,"10:00 PM, December 22, 2021",Sacramento Kings,Los Angeles Clippers,89,105,LAC,,,Team Totals,240,42,82,.512,7,24,.292,14,16,.875,6,37,43,26,10,3,13,15,105,,,Team Totals,240,.590,.555,.293,.195,15.4,84.1,51.8,61.9,10.3,6.4,12.7,100.0,107.7,91.3,,
https://www.basketball-reference.com/boxscores/202112220SAC.html,"10:00 PM, December 22, 2021",Sacramento Kings,Los Angeles Clippers,89,105,SAC,,,Team Totals,240,34,85,.400,12,38,.316,9,12,.750,7,33,40,24,7,5,19,15,89,,,Team Totals,240,.493,.471,.447,.141,15.9,84.6,48.2,70.6,7.2,8.6,17.4,100.0,91.3,107.7,,
https://www.basketball-reference.com/boxscores/202112230DAL.html,"8:30 PM, December 23, 2021",Dallas Mavericks,Milwaukee Bucks,95,102,MIL,,,Team Totals,240,37,82,.451,10,36,.278,18,22,.818,6,41,47,26,7,5,12,16,102,,,Team Totals,240,.556,.512,.439,.268,14.6,83.7,52.2,70.3,7.3,12.2,11.6,100.0,107.0,99.7,,
https://www.basketball-reference.com/boxscores/202112230DAL.html,"8:30 PM, December 23, 2021",Dallas Mavericks,Milwaukee Bucks,95,102,DAL,,,Team Totals,240,35,86,.407,12,45,.267,13,17,.765,8,35,43,25,6,2,11,21,95,,,Team Totals,240,.508,.477,.523,.198,16.3,85.4,47.8,71.4,6.3,4.3,10.5,100.0,99.7,107.0,,
https://www.basketball-reference.com/boxscores/202112230DEN.html,"9:00 PM, December 23, 2021",Denver Nuggets,Charlotte Hornets,107,115,CHO,,,Team Totals,240,39,94,.415,16,47,.340,21,24,.875,12,38,50,28,10,8,11,21,115,,,Team Totals,240,.550,.500,.500,.255,21.4,79.2,48.1,71.8,9.6,14.3,9.5,100.0,110.9,103.2,,
https://www.basketball-reference.com/boxscores/202112230DEN.html,"9:00 PM, December 23, 2021",Denver Nuggets,Charlotte Hornets,107,115,DEN,,,Team Totals,240,40,96,.417,14,40,.350,13,17,.765,10,44,54,23,7,2,15,22,107,,,Team Totals,240,.517,.490,.417,.177,20.8,78.6,51.9,57.5,6.8,4.3,12.7,100.0,103.2,110.9,,
https://www.basketball-reference.com/boxscores/202112230GSW.html,"10:00 PM, December 23, 2021",Golden State Warriors,Memphis Grizzlies,113,104,MEM,,,Team Totals,240,38,90,.422,8,26,.308,20,24,.833,14,28,42,18,10,6,13,20,104,,,Team Totals,240,.517,.467,.289,.267,31.1,77.8,51.9,47.4,10.3,14.3,11.4,100.0,107.5,116.8,,
https://www.basketball-reference.com/boxscores/202112230GSW.html,"10:00 PM, December 23, 2021",Golden State Warriors,Memphis Grizzlies,113,104,GSW,,,Team Totals,240,40,82,.488,19,40,.475,14,18,.778,8,31,39,30,9,9,19,19,113,,,Team Totals,240,.628,.604,.488,.220,22.2,68.9,48.1,75.0,9.3,14.1,17.4,100.0,116.8,107.5,,
https://www.basketball-reference.com/boxscores/202112230IND.html,"7:00 PM, December 23, 2021",Indiana Pacers,Houston Rockets,118,106,HOU,,,Team Totals,240,35,80,.438,15,37,.405,21,26,.808,8,20,28,16,9,6,13,17,106,,,Team Totals,240,.580,.531,.463,.325,20.0,57.1,37.3,45.7,9.7,12.0,12.4,100.0,114.5,127.5,,
https://www.basketball-reference.com/boxscores/202112230IND.html,"7:00 PM, December 23, 2021",Indiana Pacers,Houston Rockets,118,106,IND,,,Team Totals,240,46,88,.523,13,38,.342,13,19,.684,15,32,47,27,6,6,15,21,118,,,Team Totals,240,.612,.597,.432,.216,42.9,80.0,62.7,58.7,6.5,14.0,13.5,100.0,127.5,114.5,,
https://www.basketball-reference.com/boxscores/202112230LAL.html,"10:30 PM, December 23, 2021",Los Angeles Lakers,San Antonio Spurs,110,138,SAS,,,Team Totals,240,46,95,.484,18,39,.462,28,33,.848,12,38,50,33,7,5,6,21,138,,,Team Totals,240,.630,.579,.411,.347,26.1,73.1,51.0,71.7,6.8,7.5,5.2,100.0,133.9,106.7,,
https://www.basketball-reference.com/boxscores/202112230LAL.html,"10:30 PM, December 23, 2021",Los Angeles Lakers,San Antonio Spurs,110,138,LAL,,,Team Totals,240,44,94,.468,5,27,.185,17,30,.567,14,34,48,21,4,6,14,20,110,,,Team Totals,240,.513,.495,.287,.319,26.9,73.9,49.0,47.7,3.9,10.7,11.6,100.0,106.7,133.9,,
https://www.basketball-reference.com/boxscores/202112230MIA.html,"7:30 PM, December 23, 2021",Miami Heat,Detroit Pistons,115,112,DET,,,Team Totals,240,36,80,.450,18,40,.450,22,25,.880,6,37,43,23,9,5,16,25,112,,,Team Totals,240,.615,.563,.500,.313,14.0,86.0,50.0,63.9,8.9,8.9,15.0,100.0,111.3,114.3,,
https://www.basketball-reference.com/boxscores/202112230MIA.html,"7:30 PM, December 23, 2021",Miami Heat,Detroit Pistons,115,112,MIA,,,Team Totals,240,43,88,.489,12,32,.375,17,19,.895,6,37,43,23,4,0,13,25,115,,,Team Totals,240,.597,.557,.364,.216,14.0,86.0,50.0,53.5,4.0,0.0,11.9,100.0,114.3,111.3,,
https://www.basketball-reference.com/boxscores/202112230NYK.html,"7:30 PM, December 23, 2021",New York Knicks,Washington Wizards,117,124,WAS,,,Team Totals,240,42,75,.560,16,37,.432,24,32,.750,5,33,38,30,4,6,11,18,124,,,Team Totals,240,.696,.667,.493,.427,14.3,70.2,46.3,71.4,4.3,11.8,11.0,100.0,132.8,125.3,,
https://www.basketball-reference.com/boxscores/202112230NYK.html,"7:30 PM, December 23, 2021",New York Knicks,Washington Wizards,117,124,NYK,,,Team Totals,240,42,93,.452,13,42,.310,20,23,.870,14,30,44,17,2,1,7,21,117,,,Team Totals,240,.567,.522,.452,.247,29.8,85.7,53.7,40.5,2.1,2.6,6.4,100.0,125.3,132.8,,
https://www.basketball-reference.com/boxscores/202112230ORL.html,"7:00 PM, December 23, 2021",Orlando Magic,New Orleans Pelicans,104,110,NOP,,,Team Totals,240,37,86,.430,13,30,.433,23,26,.885,12,34,46,21,4,2,10,13,110,,,Team Totals,240,.564,.506,.349,.302,26.1,77.3,51.1,56.8,4.3,3.6,9.3,100.0,118.3,111.8,,
https://www.basketball-reference.com/boxscores/202112230ORL.html,"7:00 PM, December 23, 2021",Orlando Magic,New Orleans Pelicans,104,110,ORL,,,Team Totals,240,38,88,.432,9,32,.281,19,21,.905,10,34,44,19,6,11,9,26,104,,,Team Totals,240,.535,.483,.364,.239,22.7,73.9,48.9,50.0,6.5,19.6,8.5,100.0,111.8,118.3,,
https://www.basketball-reference.com/boxscores/202112230PHI.html,"7:00 PM, December 23, 2021",Philadelphia 76ers,Atlanta Hawks,96,98,ATL,,,Team Totals,240,37,82,.451,7,24,.292,17,19,.895,11,35,46,20,5,4,16,19,98,,,Team Totals,240,.542,.494,.293,.232,26.8,81.4,54.8,54.1,5.5,7.5,15.0,100.0,107.9,105.7,,
https://www.basketball-reference.com/boxscores/202112230PHI.html,"7:00 PM, December 23, 2021",Philadelphia 76ers,Atlanta Hawks,96,98,PHI,,,Team Totals,240,33,80,.413,6,27,.222,24,26,.923,8,30,38,20,8,7,8,13,96,,,Team Totals,240,.525,.450,.338,.325,18.6,73.2,45.2,60.6,8.8,12.1,8.0,100.0,105.7,107.9,,
https://www.basketball-reference.com/boxscores/202112230PHO.html,"9:00 PM, December 23, 2021",Phoenix Suns,Oklahoma City Thunder,113,101,OKC,,,Team Totals,240,37,96,.385,11,41,.268,16,21,.762,11,33,44,17,6,5,13,10,101,,,Team Totals,240,.480,.443,.427,.219,21.2,75.0,45.8,45.9,5.9,9.3,11.0,100.0,99.3,111.1,,
https://www.basketball-reference.com/boxscores/202112230PHO.html,"9:00 PM, December 23, 2021",Phoenix Suns,Oklahoma City Thunder,113,101,PHO,,,Team Totals,240,45,93,.484,15,39,.385,8,13,.615,11,41,52,26,9,8,14,22,113,,,Team Totals,240,.572,.565,.419,.140,25.0,78.8,54.2,57.8,8.8,14.5,12.4,100.0,111.1,99.3,,
https://www.basketball-reference.com/boxscores/202112230UTA.html,"9:00 PM, December 23, 2021",Utah Jazz,Minnesota Timberwolves,128,116,MIN,,,Team Totals,240,45,101,.446,17,45,.378,9,12,.750,15,29,44,29,7,4,14,19,116,,,Team Totals,240,.546,.530,.446,.119,30.0,74.4,49.4,64.4,6.9,7.8,11.6,100.0,113.7,125.4,,
https://www.basketball-reference.com/boxscores/202112230UTA.html,"9:00 PM, December 23, 2021",Utah Jazz,Minnesota Timberwolves,128,116,UTA,,,Team Totals,240,48,90,.533,16,39,.410,16,22,.727,10,35,45,31,7,7,15,17,128,,,Team Totals,240,.642,.622,.433,.244,25.6,70.0,50.6,64.6,6.9,12.5,13.1,100.0,125.4,113.7,,
https://www.basketball-reference.com/boxscores/202112250LAL.html,"8:00 PM, December 25, 2021",Los Angeles Lakers,Brooklyn Nets,115,122,BRK,,,Team Totals,240,43,89,.483,14,32,.438,22,27,.815,6,35,41,31,6,9,12,25,122,,,Team Totals,240,.605,.562,.360,.303,14.6,74.5,46.6,72.1,5.7,14.8,10.6,100.0,115.9,109.3,,
https://www.basketball-reference.com/boxscores/202112250LAL.html,"8:00 PM, December 25, 2021",Los Angeles Lakers,Brooklyn Nets,115,122,LAL,,,Team Totals,240,40,96,.417,10,35,.286,25,28,.893,12,35,47,29,8,5,14,23,115,,,Team Totals,240,.531,.469,.365,.292,25.5,85.4,53.4,72.5,7.6,8.8,11.4,100.0,109.3,115.9,,
https://www.basketball-reference.com/boxscores/202112250MIL.html,"2:30 PM, December 25, 2021",Milwaukee Bucks,Boston Celtics,117,113,BOS,,,Team Totals,240,38,89,.427,17,45,.378,20,24,.833,11,33,44,24,9,8,14,23,113,,,Team Totals,240,.567,.522,.506,.270,25.0,68.8,47.8,63.2,9.1,13.8,12.3,100.0,114.3,118.4,,
https://www.basketball-reference.com/boxscores/202112250MIL.html,"2:30 PM, December 25, 2021",Milwaukee Bucks,Boston Celtics,117,113,MIL,,,Team Totals,240,43,91,.473,12,33,.364,19,27,.704,15,33,48,24,7,6,13,20,117,,,Team Totals,240,.569,.538,.363,.297,31.3,75.0,52.2,55.8,7.1,13.6,11.2,100.0,118.4,114.3,,
https://www.basketball-reference.com/boxscores/202112250NYK.html,"12:00 PM, December 25, 2021",New York Knicks,Atlanta Hawks,101,87,ATL,,,Team Totals,240,33,87,.379,13,38,.342,8,14,.571,8,38,46,23,8,5,12,12,87,,,Team Totals,240,.467,.454,.437,.161,16.3,80.9,47.9,69.7,8.6,14.3,11.4,100.0,93.9,109.0,,
https://www.basketball-reference.com/boxscores/202112250NYK.html,"12:00 PM, December 25, 2021",New York Knicks,Atlanta Hawks,101,87,NYK,,,Team Totals,240,38,85,.447,20,50,.400,5,12,.417,9,41,50,28,6,6,10,13,101,,,Team Totals,240,.559,.565,.588,.141,19.1,83.7,52.1,73.7,6.5,12.2,10.0,100.0,109.0,93.9,,
https://www.basketball-reference.com/boxscores/202112250PHO.html,"5:00 PM, December 25, 2021",Phoenix Suns,Golden State Warriors,107,116,GSW,,,Team Totals,240,42,85,.494,14,37,.378,18,21,.857,12,30,42,28,11,7,11,22,116,,,Team Totals,240,.615,.576,.435,.247,30.0,76.9,53.2,66.7,12.1,13.2,10.5,100.0,127.2,117.3,,
https://www.basketball-reference.com/boxscores/202112250PHO.html,"5:00 PM, December 25, 2021",Phoenix Suns,Golden State Warriors,107,116,PHO,,,Team Totals,240,40,83,.482,11,30,.367,16,16,1.000,9,28,37,20,5,2,13,17,107,,,Team Totals,240,.594,.548,.361,.193,23.1,70.0,46.8,50.0,5.5,4.2,12.6,100.0,117.3,127.2,,
https://www.basketball-reference.com/boxscores/202112250UTA.html,"10:30 PM, December 25, 2021",Utah Jazz,Dallas Mavericks,120,116,DAL,,,Team Totals,240,38,89,.427,10,30,.333,30,35,.857,8,35,43,19,7,3,14,31,116,,,Team Totals,240,.556,.483,.337,.393,18.2,72.9,46.7,50.0,6.6,5.6,11.8,100.0,109.8,113.5,,
https://www.basketball-reference.com/boxscores/202112250UTA.html,"10:30 PM, December 25, 2021",Utah Jazz,Dallas Mavericks,120,116,UTA,,,Team Totals,240,40,90,.444,12,36,.333,28,37,.757,13,36,49,24,9,6,14,24,120,,,Team Totals,240,.565,.511,.400,.411,27.1,81.8,53.3,60.0,8.5,10.2,11.6,100.0,113.5,109.8,,
https://www.basketball-reference.com/boxscores/202112260CHI.html,"8:00 PM, December 26, 2021",Chicago Bulls,Indiana Pacers,113,105,IND,,,Team Totals,240,41,94,.436,8,30,.267,15,21,.714,14,31,45,23,9,5,9,16,105,,,Team Totals,240,.509,.479,.319,.223,26.9,93.9,52.9,56.1,9.3,9.4,8.0,100.0,108.4,116.6,,
https://www.basketball-reference.com/boxscores/202112260CHI.html,"8:00 PM, December 26, 2021",Chicago Bulls,Indiana Pacers,113,105,CHI,,,Team Totals,240,43,76,.566,11,23,.478,16,22,.727,2,38,40,17,5,6,15,20,113,,,Team Totals,240,.659,.638,.303,.289,6.1,73.1,47.1,39.5,5.2,9.4,14.9,100.0,116.6,108.4,,
https://www.basketball-reference.com/boxscores/202112260CLE.html,"6:00 PM, December 26, 2021",Cleveland Cavaliers,Toronto Raptors,144,99,TOR,,,Team Totals,240,37,89,.416,9,36,.250,16,23,.696,11,32,43,24,11,3,21,13,99,,,Team Totals,240,.499,.466,.404,.258,22.0,71.1,45.3,64.9,10.1,5.6,17.5,100.0,91.1,132.5,,
https://www.basketball-reference.com/boxscores/202112260CLE.html,"6:00 PM, December 26, 2021",Cleveland Cavaliers,Toronto Raptors,144,99,CLE,,,Team Totals,240,56,106,.528,22,52,.423,10,12,.833,13,39,52,39,12,5,15,17,144,,,Team Totals,240,.647,.632,.491,.113,28.9,78.0,54.7,69.6,11.0,9.4,11.9,100.0,132.5,91.1,,
https://www.basketball-reference.com/boxscores/202112260LAC.html,"9:00 PM, December 26, 2021",Los Angeles Clippers,Denver Nuggets,100,103,DEN,,,Team Totals,240,39,95,.411,15,41,.366,10,11,.909,10,38,48,29,7,4,14,20,103,,,Team Totals,240,.516,.489,.432,.116,20.8,82.6,51.1,74.4,7.0,6.7,12.3,100.0,103.2,100.2,,
https://www.basketball-reference.com/boxscores/202112260LAC.html,"9:00 PM, December 26, 2021",Los Angeles Clippers,Denver Nuggets,100,103,LAC,,,Team Totals,240,40,86,.465,8,26,.308,12,18,.667,8,38,46,26,8,7,14,22,100,,,Team Totals,240,.532,.512,.302,.209,17.4,79.2,48.9,65.0,8.0,13.0,13.0,100.0,100.2,103.2,,
https://www.basketball-reference.com/boxscores/202112260MIA.html,"3:30 PM, December 26, 2021",Miami Heat,Orlando Magic,93,83,ORL,,,Team Totals,240,31,72,.431,10,32,.313,11,17,.647,8,35,43,17,6,4,19,19,83,,,Team Totals,240,.522,.500,.444,.236,20.5,63.6,45.7,54.8,6.7,7.3,19.3,100.0,93.1,104.3,,
https://www.basketball-reference.com/boxscores/202112260MIA.html,"3:30 PM, December 26, 2021",Miami Heat,Orlando Magic,93,83,MIA,,,Team Totals,240,36,89,.404,10,34,.294,11,18,.611,20,31,51,28,7,1,14,19,93,,,Team Totals,240,.480,.461,.382,.202,36.4,79.5,54.3,77.8,7.8,2.5,12.6,100.0,104.3,93.1,,
https://www.basketball-reference.com/boxscores/202112260OKC.html,"7:00 PM, December 26, 2021",Oklahoma City Thunder,New Orleans Pelicans,117,112,NOP,,,Team Totals,240,39,94,.415,10,41,.244,24,28,.857,11,38,49,26,10,4,11,19,112,,,Team Totals,240,.527,.468,.436,.298,21.6,84.4,51.0,66.7,9.7,8.0,9.4,100.0,108.5,113.4,,
https://www.basketball-reference.com/boxscores/202112260OKC.html,"7:00 PM, December 26, 2021",Oklahoma City Thunder,New Orleans Pelicans,117,112,OKC,,,Team Totals,240,41,86,.477,13,36,.361,22,31,.710,7,40,47,24,8,5,12,23,117,,,Team Totals,240,.587,.552,.419,.360,15.6,78.4,49.0,58.5,7.8,9.4,10.7,100.0,113.4,108.5,,
https://www.basketball-reference.com/boxscores/202112260SAC.html,"6:00 PM, December 26, 2021",Sacramento Kings,Memphis Grizzlies,102,127,MEM,,,Team Totals,240,47,100,.470,9,30,.300,24,30,.800,19,34,53,33,11,6,12,19,127,,,Team Totals,240,.561,.515,.300,.300,39.6,79.1,58.2,70.2,11.0,11.5,9.6,100.0,126.5,101.6,,
https://www.basketball-reference.com/boxscores/202112260SAC.html,"6:00 PM, December 26, 2021",Sacramento Kings,Memphis Grizzlies,102,127,SAC,,,Team Totals,240,34,81,.420,10,29,.345,24,27,.889,9,29,38,22,7,9,18,23,102,,,Team Totals,240,.549,.481,.358,.333,20.9,60.4,41.8,64.7,7.0,12.9,16.2,100.0,101.6,126.5,,
https://www.basketball-reference.com/boxscores/202112260SAS.html,"7:00 PM, December 26, 2021",San Antonio Spurs,Detroit Pistons,144,109,DET,,,Team Totals,240,38,98,.388,8,32,.250,25,34,.735,14,28,42,16,10,5,14,30,109,,,Team Totals,240,.482,.429,.327,.347,24.6,75.7,44.7,42.1,8.9,7.8,11.0,100.0,97.2,128.4,,
https://www.basketball-reference.com/boxscores/202112260SAS.html,"7:00 PM, December 26, 2021",San Antonio Spurs,Detroit Pistons,144,109,SAS,,,Team Totals,240,51,91,.560,13,27,.481,29,37,.784,9,43,52,39,6,5,19,28,144,,,Team Totals,240,.671,.632,.297,.407,24.3,75.4,55.3,76.5,5.4,7.6,15.0,100.0,128.4,97.2,,
https://www.basketball-reference.com/boxscores/202112260WAS.html,"6:00 PM, December 26, 2021",Washington Wizards,Philadelphia 76ers,96,117,PHI,,,Team Totals,240,43,86,.500,12,31,.387,19,22,.864,10,40,50,25,6,8,13,23,117,,,Team Totals,240,.611,.570,.360,.256,25.6,74.1,53.8,58.1,6.3,14.0,12.0,100.0,123.2,101.1,,
https://www.basketball-reference.com/boxscores/202112260WAS.html,"6:00 PM, December 26, 2021",Washington Wizards,Philadelphia 76ers,96,117,WAS,,,Team Totals,240,35,90,.389,8,33,.242,18,28,.643,14,29,43,22,6,1,8,18,96,,,Team Totals,240,.469,.433,.367,.311,25.9,74.4,46.2,62.9,6.3,1.8,7.3,100.0,101.1,123.2,,
https://www.basketball-reference.com/boxscores/202112270ATL.html,"7:30 PM, December 27, 2021",Atlanta Hawks,Chicago Bulls,118,130,CHI,,,Team Totals,240,51,94,.543,18,37,.486,10,14,.714,9,35,44,29,5,6,10,19,130,,,Team Totals,240,.649,.638,.394,.149,20.9,76.1,49.4,56.9,5.1,10.9,9.1,100.0,132.1,119.9,,
https://www.basketball-reference.com/boxscores/202112270ATL.html,"7:30 PM, December 27, 2021",Atlanta Hawks,Chicago Bulls,118,130,ATL,,,Team Totals,240,40,89,.449,15,34,.441,23,26,.885,11,34,45,22,3,5,10,14,118,,,Team Totals,240,.587,.534,.382,.292,23.9,79.1,50.6,55.0,3.0,8.8,9.1,100.0,119.9,132.1,,
https://www.basketball-reference.com/boxscores/202112270CHO.html,"7:00 PM, December 27, 2021",Charlotte Hornets,Houston Rockets,123,99,HOU,,,Team Totals,240,36,87,.414,15,46,.326,12,18,.667,13,31,44,20,9,3,21,15,99,,,Team Totals,240,.521,.500,.529,.207,28.9,81.6,53.0,55.6,9.0,6.4,18.1,100.0,98.5,122.4,,
https://www.basketball-reference.com/boxscores/202112270CHO.html,"7:00 PM, December 27, 2021",Charlotte Hornets,Houston Rockets,123,99,CHO,,,Team Totals,240,47,88,.534,18,41,.439,11,14,.786,7,32,39,33,13,4,16,18,123,,,Team Totals,240,.653,.636,.466,.159,18.4,71.1,47.0,70.2,12.9,9.8,14.5,100.0,122.4,98.5,,
https://www.basketball-reference.com/boxscores/202112270LAC.html,"10:30 PM, December 27, 2021",Los Angeles Clippers,Brooklyn Nets,108,124,BRK,,,Team Totals,240,50,88,.568,13,34,.382,11,16,.688,7,40,47,31,7,8,15,25,124,,,Team Totals,240,.652,.642,.386,.182,20.0,70.2,51.1,62.0,6.9,13.3,13.6,100.0,122.8,107.0,,
https://www.basketball-reference.com/boxscores/202112270LAC.html,"10:30 PM, December 27, 2021",Los Angeles Clippers,Brooklyn Nets,108,124,LAC,,,Team Totals,240,37,97,.381,14,37,.378,20,27,.741,17,28,45,25,7,4,12,17,108,,,Team Totals,240,.496,.454,.381,.278,29.8,80.0,48.9,67.6,6.9,7.4,9.9,100.0,107.0,122.8,,
https://www.basketball-reference.com/boxscores/202112270MIN.html,"8:00 PM, December 27, 2021",Minnesota Timberwolves,Boston Celtics,108,103,BOS,,,Team Totals,240,33,89,.371,16,47,.340,21,28,.750,15,38,53,23,8,10,14,16,103,,,Team Totals,240,.508,.461,.528,.315,26.3,77.6,50.0,69.7,8.1,17.9,12.1,100.0,104.0,109.1,,
https://www.basketball-reference.com/boxscores/202112270MIN.html,"8:00 PM, December 27, 2021",Minnesota Timberwolves,Boston Celtics,108,103,MIN,,,Team Totals,240,40,90,.444,14,34,.412,14,19,.737,11,42,53,30,7,5,14,17,108,,,Team Totals,240,.549,.522,.378,.211,22.4,73.7,50.0,75.0,7.1,11.9,12.5,100.0,109.1,104.0,,
https://www.basketball-reference.com/boxscores/202112270PHO.html,"9:00 PM, December 27, 2021",Phoenix Suns,Memphis Grizzlies,113,114,MEM,,,Team Totals,240,45,88,.511,11,29,.379,13,17,.765,15,35,50,22,10,6,19,23,114,,,Team Totals,240,.597,.574,.330,.193,37.5,77.8,58.8,48.9,10.3,10.2,16.6,100.0,116.9,115.8,,
https://www.basketball-reference.com/boxscores/202112270PHO.html,"9:00 PM, December 27, 2021",Phoenix Suns,Memphis Grizzlies,113,114,PHO,,,Team Totals,240,41,90,.456,11,31,.355,20,23,.870,10,25,35,25,11,2,11,16,113,,,Team Totals,240,.564,.517,.344,.256,22.2,62.5,41.2,61.0,11.3,3.4,9.9,100.0,115.8,116.9,,
https://www.basketball-reference.com/boxscores/202112270POR.html,"10:00 PM, December 27, 2021",Portland Trail Blazers,Dallas Mavericks,117,132,DAL,,,Team Totals,240,48,84,.571,12,33,.364,24,33,.727,10,31,41,38,6,4,13,31,132,,,Team Totals,240,.670,.643,.393,.393,28.6,79.5,55.4,79.2,6.0,9.5,11.7,100.0,132.9,117.8,,
https://www.basketball-reference.com/boxscores/202112270POR.html,"10:00 PM, December 27, 2021",Portland Trail Blazers,Dallas Mavericks,117,132,POR,,,Team Totals,240,35,82,.427,12,40,.300,35,42,.833,8,25,33,19,4,5,11,28,117,,,Team Totals,240,.582,.500,.488,.512,20.5,71.4,44.6,54.3,4.0,9.8,9.9,100.0,117.8,132.9,,
https://www.basketball-reference.com/boxscores/202112270SAS.html,"8:30 PM, December 27, 2021",San Antonio Spurs,Utah Jazz,104,110,UTA,,,Team Totals,240,39,86,.453,9,31,.290,23,30,.767,7,48,55,19,9,4,15,15,110,,,Team Totals,240,.554,.506,.360,.349,16.7,84.2,55.6,48.7,8.6,5.7,13.1,100.0,105.3,99.6,,
https://www.basketball-reference.com/boxscores/202112270SAS.html,"8:30 PM, December 27, 2021",San Antonio Spurs,Utah Jazz,104,110,SAS,,,Team Totals,240,45,100,.450,10,30,.333,4,9,.444,9,35,44,26,8,3,10,24,104,,,Team Totals,240,.500,.500,.300,.090,15.8,83.3,44.4,57.8,7.7,5.5,8.8,100.0,99.6,105.3,,
https://www.basketball-reference.com/boxscores/202112280GSW.html,"10:00 PM, December 28, 2021",Golden State Warriors,Denver Nuggets,86,89,DEN,,,Team Totals,240,34,83,.410,8,33,.242,13,20,.650,13,31,44,24,10,5,16,19,89,,,Team Totals,240,.485,.458,.398,.241,27.1,79.5,50.6,70.6,10.8,12.5,14.8,100.0,96.2,93.0,,
https://www.basketball-reference.com/boxscores/202112280GSW.html,"10:00 PM, December 28, 2021",Golden State Warriors,Denver Nuggets,86,89,GSW,,,Team Totals,240,30,72,.417,10,32,.313,16,31,.516,8,35,43,20,8,2,17,20,86,,,Team Totals,240,.502,.486,.444,.431,20.5,72.9,49.4,66.7,8.6,4.0,16.6,100.0,93.0,96.2,,
https://www.basketball-reference.com/boxscores/202112280HOU.html,"8:00 PM, December 28, 2021",Houston Rockets,Los Angeles Lakers,123,132,LAL,,,Team Totals,240,48,92,.522,14,34,.412,22,29,.759,14,34,48,27,8,6,12,23,132,,,Team Totals,240,.630,.598,.370,.315,35.0,89.5,61.5,56.3,7.9,12.5,10.3,100.0,130.9,121.9,,
https://www.basketball-reference.com/boxscores/202112280HOU.html,"8:00 PM, December 28, 2021",Houston Rockets,Los Angeles Lakers,123,132,HOU,,,Team Totals,240,44,83,.530,16,35,.457,19,25,.760,4,26,30,24,10,7,14,20,123,,,Team Totals,240,.654,.627,.422,.301,10.5,65.0,38.5,54.5,9.9,12.1,13.0,100.0,121.9,130.9,,
https://www.basketball-reference.com/boxscores/202112280MIA.html,"7:30 PM, December 28, 2021",Miami Heat,Washington Wizards,119,112,WAS,,,Team Totals,240,42,85,.494,17,42,.405,11,14,.786,13,34,47,27,5,3,18,20,112,,,Team Totals,240,.614,.594,.494,.165,31.7,70.8,52.8,64.3,5.3,5.2,16.5,100.0,119.6,127.1,,
https://www.basketball-reference.com/boxscores/202112280MIA.html,"7:30 PM, December 28, 2021",Miami Heat,Washington Wizards,119,112,MIA,,,Team Totals,240,41,92,.446,16,34,.471,21,23,.913,14,28,42,26,14,5,8,13,119,,,Team Totals,240,.583,.533,.370,.250,29.2,68.3,47.2,63.4,14.9,11.6,7.3,100.0,127.1,119.6,,
https://www.basketball-reference.com/boxscores/202112280MIN.html,"8:00 PM, December 28, 2021",Minnesota Timberwolves,New York Knicks,88,96,NYK,,,Team Totals,240,37,90,.411,16,40,.400,6,16,.375,15,39,54,20,5,4,16,20,96,,,Team Totals,240,.495,.500,.444,.178,30.0,79.6,54.5,54.1,5.3,8.5,14.2,100.0,102.0,93.5,,
https://www.basketball-reference.com/boxscores/202112280MIN.html,"8:00 PM, December 28, 2021",Minnesota Timberwolves,New York Knicks,88,96,MIN,,,Team Totals,240,34,85,.400,7,38,.184,13,20,.650,10,35,45,22,6,11,11,22,88,,,Team Totals,240,.469,.441,.447,.235,20.4,70.0,45.5,64.7,6.4,22.0,10.5,100.0,93.5,102.0,,
https://www.basketball-reference.com/boxscores/202112280NOP.html,"8:00 PM, December 28, 2021",New Orleans Pelicans,Cleveland Cavaliers,108,104,CLE,,,Team Totals,240,37,88,.420,14,41,.341,16,19,.842,11,31,42,27,6,3,8,19,104,,,Team Totals,240,.540,.500,.466,.216,23.4,79.5,48.8,73.0,6.5,6.8,7.7,100.0,112.7,117.0,,
https://www.basketball-reference.com/boxscores/202112280NOP.html,"8:00 PM, December 28, 2021",New Orleans Pelicans,Cleveland Cavaliers,108,104,NOP,,,Team Totals,240,36,80,.450,16,36,.444,20,26,.769,8,36,44,24,3,8,13,16,108,,,Team Totals,240,.591,.550,.450,.325,20.5,76.6,51.2,66.7,3.3,17.0,12.4,100.0,117.0,112.7,,
https://www.basketball-reference.com/boxscores/202112280ORL.html,"7:00 PM, December 28, 2021",Orlando Magic,Milwaukee Bucks,110,127,MIL,,,Team Totals,240,47,85,.553,17,37,.459,16,22,.727,7,33,40,31,4,3,13,20,127,,,Team Totals,240,.671,.653,.435,.259,18.9,82.5,51.9,66.0,4.1,6.8,12.1,100.0,128.9,111.6,,
https://www.basketball-reference.com/boxscores/202112280ORL.html,"7:00 PM, December 28, 2021",Orlando Magic,Milwaukee Bucks,110,127,ORL,,,Team Totals,240,38,83,.458,12,39,.308,22,26,.846,7,30,37,24,7,4,13,25,110,,,Team Totals,240,.582,.530,.470,.313,17.5,81.1,48.1,63.2,7.1,8.3,12.1,100.0,111.6,128.9,,
https://www.basketball-reference.com/boxscores/202112280SAC.html,"10:00 PM, December 28, 2021",Sacramento Kings,Oklahoma City Thunder,117,111,OKC,,,Team Totals,240,35,90,.389,11,33,.333,30,36,.833,8,37,45,16,6,6,9,21,111,,,Team Totals,240,.524,.450,.367,.400,14.8,77.1,44.1,45.7,5.8,10.7,7.8,100.0,107.2,113.0,,
https://www.basketball-reference.com/boxscores/202112280SAC.html,"10:00 PM, December 28, 2021",Sacramento Kings,Oklahoma City Thunder,117,111,SAC,,,Team Totals,240,40,95,.421,17,39,.436,20,27,.741,11,46,57,25,3,9,10,22,117,,,Team Totals,240,.547,.511,.411,.284,22.9,85.2,55.9,62.5,2.9,15.8,8.6,100.0,113.0,107.2,,
https://www.basketball-reference.com/boxscores/202112280TOR.html,"7:30 PM, December 28, 2021",Toronto Raptors,Philadelphia 76ers,109,114,PHI,,,Team Totals,240,34,77,.442,14,30,.467,32,38,.842,8,34,42,23,6,4,8,18,114,,,Team Totals,240,.608,.532,.390,.494,19.0,79.1,49.4,67.6,6.4,8.7,7.9,100.0,122.4,117.0,,
https://www.basketball-reference.com/boxscores/202112280TOR.html,"7:30 PM, December 28, 2021",Toronto Raptors,Philadelphia 76ers,109,114,TOR,,,Team Totals,240,38,87,.437,15,41,.366,18,22,.818,9,34,43,24,7,5,10,24,109,,,Team Totals,240,.564,.523,.471,.253,20.9,81.0,50.6,63.2,7.5,10.6,9.4,100.0,117.0,122.4,,
https://www.basketball-reference.com/boxscores/202112290BOS.html,"7:30 PM, December 29, 2021",Boston Celtics,Los Angeles Clippers,82,91,LAC,,,Team Totals,240,33,81,.407,11,28,.393,14,17,.824,9,40,49,17,5,4,16,12,91,,,Team Totals,240,.514,.475,.346,.210,23.7,65.6,49.5,51.5,5.5,6.8,15.3,100.0,100.7,90.7,,
https://www.basketball-reference.com/boxscores/202112290BOS.html,"7:30 PM, December 29, 2021",Boston Celtics,Los Angeles Clippers,82,91,BOS,,,Team Totals,240,35,101,.347,4,42,.095,8,11,.727,21,29,50,19,8,8,8,16,82,,,Team Totals,240,.387,.366,.416,.109,34.4,76.3,50.5,54.3,8.9,15.1,7.0,100.0,90.7,100.7,,
https://www.basketball-reference.com/boxscores/202112290CHI.html,"8:00 PM, December 29, 2021",Chicago Bulls,Atlanta Hawks,131,117,ATL,,,Team Totals,240,44,92,.478,11,26,.423,18,26,.692,10,27,37,26,6,3,11,17,117,,,Team Totals,240,.566,.538,.283,.283,22.2,81.8,47.4,59.1,5.9,4.8,9.6,100.0,115.0,128.7,,
https://www.basketball-reference.com/boxscores/202112290CHI.html,"8:00 PM, December 29, 2021",Chicago Bulls,Atlanta Hawks,131,117,CHI,,,Team Totals,240,52,84,.619,10,22,.455,17,22,.773,6,35,41,38,9,6,15,18,131,,,Team Totals,240,.699,.679,.262,.262,18.2,77.8,52.6,73.1,8.8,9.1,13.8,100.0,128.7,115.0,,
https://www.basketball-reference.com/boxscores/202112290DET.html,"7:00 PM, December 29, 2021",Detroit Pistons,New York Knicks,85,94,NYK,,,Team Totals,240,31,81,.383,8,31,.258,24,27,.889,11,37,48,19,11,5,17,14,94,,,Team Totals,240,.506,.432,.383,.333,23.9,82.2,52.7,61.3,11.5,10.9,15.5,100.0,98.4,89.0,,
https://www.basketball-reference.com/boxscores/202112290DET.html,"7:00 PM, December 29, 2021",Detroit Pistons,New York Knicks,85,94,DET,,,Team Totals,240,30,81,.370,12,35,.343,13,17,.765,8,35,43,19,11,5,17,23,85,,,Team Totals,240,.480,.444,.432,.210,17.8,76.1,47.3,63.3,11.5,10.0,16.1,100.0,89.0,98.4,,
https://www.basketball-reference.com/boxscores/202112290IND.html,"7:00 PM, December 29, 2021",Indiana Pacers,Charlotte Hornets,108,116,CHO,,,Team Totals,240,44,85,.518,9,26,.346,19,32,.594,8,40,48,27,12,5,14,20,116,,,Team Totals,240,.585,.571,.306,.376,18.6,80.0,51.6,61.4,11.5,12.2,12.4,100.0,111.3,103.6,,
https://www.basketball-reference.com/boxscores/202112290IND.html,"7:00 PM, December 29, 2021",Indiana Pacers,Charlotte Hornets,108,116,IND,,,Team Totals,240,36,86,.419,17,45,.378,19,29,.655,10,35,45,25,8,6,18,20,108,,,Team Totals,240,.547,.517,.523,.337,20.0,81.4,48.4,69.4,7.7,10.2,15.4,100.0,103.6,111.3,,
https://www.basketball-reference.com/boxscores/202112290MEM.html,"8:00 PM, December 29, 2021",Memphis Grizzlies,Los Angeles Lakers,104,99,LAL,,,Team Totals,240,39,86,.453,15,41,.366,6,8,.750,7,32,39,24,5,5,18,25,99,,,Team Totals,240,.553,.541,.477,.093,18.9,71.1,47.6,61.5,5.2,9.1,16.7,100.0,103.2,108.4,,
https://www.basketball-reference.com/boxscores/202112290MEM.html,"8:00 PM, December 29, 2021",Memphis Grizzlies,Los Angeles Lakers,104,99,MEM,,,Team Totals,240,35,85,.412,10,30,.333,24,29,.828,13,30,43,18,13,5,13,11,104,,,Team Totals,240,.532,.471,.353,.341,28.9,81.1,52.4,51.4,13.6,11.1,11.7,100.0,108.4,103.2,,
https://www.basketball-reference.com/boxscores/202112290PHO.html,"9:00 PM, December 29, 2021",Phoenix Suns,Oklahoma City Thunder,115,97,OKC,,,Team Totals,240,38,96,.396,7,35,.200,14,16,.875,14,31,45,19,6,1,12,24,97,,,Team Totals,240,.471,.432,.365,.167,26.9,63.3,44.6,50.0,6.2,1.8,10.4,100.0,100.0,118.5,,
https://www.basketball-reference.com/boxscores/202112290PHO.html,"9:00 PM, December 29, 2021",Phoenix Suns,Oklahoma City Thunder,115,97,PHO,,,Team Totals,240,41,89,.461,12,34,.353,21,28,.750,18,38,56,22,7,7,15,15,115,,,Team Totals,240,.568,.528,.382,.315,36.7,73.1,55.4,53.7,7.2,11.5,12.9,100.0,118.5,100.0,,
https://www.basketball-reference.com/boxscores/202112290POR.html,"10:00 PM, December 29, 2021",Portland Trail Blazers,Utah Jazz,105,120,UTA,,,Team Totals,240,46,87,.529,8,29,.276,20,32,.625,13,33,46,22,6,3,11,20,120,,,Team Totals,240,.594,.575,.333,.368,27.7,75.0,50.5,47.8,6.2,6.3,9.8,100.0,124.0,108.5,,
https://www.basketball-reference.com/boxscores/202112290POR.html,"10:00 PM, December 29, 2021",Portland Trail Blazers,Utah Jazz,105,120,POR,,,Team Totals,240,37,88,.420,14,40,.350,17,24,.708,11,34,45,23,6,3,11,28,105,,,Team Totals,240,.533,.500,.455,.273,25.0,72.3,49.5,62.2,6.2,5.2,10.0,100.0,108.5,124.0,,
https://www.basketball-reference.com/boxscores/202112290SAC.html,"10:30 PM, December 29, 2021",Sacramento Kings,Dallas Mavericks,95,94,DAL,,,Team Totals,240,38,81,.469,9,24,.375,9,13,.692,7,29,36,23,7,5,13,19,94,,,Team Totals,240,.542,.525,.296,.160,18.4,80.6,48.6,60.5,7.8,10.2,13.0,100.0,105.3,106.4,,
https://www.basketball-reference.com/boxscores/202112290SAC.html,"10:30 PM, December 29, 2021",Sacramento Kings,Dallas Mavericks,95,94,SAC,,,Team Totals,240,36,75,.480,10,26,.385,13,15,.867,7,31,38,21,5,2,15,21,95,,,Team Totals,240,.582,.547,.347,.200,19.4,81.6,51.4,58.3,5.6,3.5,15.5,100.0,106.4,105.3,,
https://www.basketball-reference.com/boxscores/202112300BRK.html,"7:00 PM, December 30, 2021",Brooklyn Nets,Philadelphia 76ers,102,110,PHI,,,Team Totals,240,42,100,.420,13,32,.406,13,20,.650,14,29,43,22,10,4,8,20,110,,,Team Totals,240,.506,.485,.320,.200,25.9,70.7,45.3,52.4,10.2,7.4,6.8,100.0,112.3,104.1,,
https://www.basketball-reference.com/boxscores/202112300BRK.html,"7:00 PM, December 30, 2021",Brooklyn Nets,Philadelphia 76ers,102,110,BRK,,,Team Totals,240,37,81,.457,7,27,.259,21,27,.778,12,40,52,21,4,9,18,22,102,,,Team Totals,240,.549,.500,.333,.333,29.3,74.1,54.7,56.8,4.1,13.2,16.2,100.0,104.1,112.3,,
https://www.basketball-reference.com/boxscores/202112300ORL.html,"7:00 PM, December 30, 2021",Orlando Magic,Milwaukee Bucks,118,136,MIL,,,Team Totals,240,45,91,.495,13,33,.394,33,36,.917,14,36,50,24,7,6,13,19,136,,,Team Totals,240,.636,.566,.363,.396,34.1,85.7,60.2,53.3,6.9,11.8,10.8,100.0,134.3,116.5,,
https://www.basketball-reference.com/boxscores/202112300ORL.html,"7:00 PM, December 30, 2021",Orlando Magic,Milwaukee Bucks,118,136,ORL,,,Team Totals,240,42,87,.483,13,36,.361,21,27,.778,6,27,33,26,5,1,10,26,118,,,Team Totals,240,.597,.557,.414,.310,14.3,65.9,39.8,61.9,4.9,1.7,9.2,100.0,116.5,134.3,,
https://www.basketball-reference.com/boxscores/202112300WAS.html,"7:00 PM, December 30, 2021",Washington Wizards,Cleveland Cavaliers,110,93,CLE,,,Team Totals,240,35,83,.422,8,28,.286,15,23,.652,8,36,44,20,4,3,13,17,93,,,Team Totals,240,.499,.470,.337,.277,17.8,78.3,48.4,57.1,4.2,4.9,12.3,100.0,97.7,115.5,,
https://www.basketball-reference.com/boxscores/202112300WAS.html,"7:00 PM, December 30, 2021",Washington Wizards,Cleveland Cavaliers,110,93,WAS,,,Team Totals,240,45,90,.500,9,29,.310,11,17,.647,10,37,47,27,7,8,8,19,110,,,Team Totals,240,.564,.550,.322,.189,21.7,82.2,51.6,60.0,7.4,14.5,7.6,100.0,115.5,97.7,,
https://www.basketball-reference.com/boxscores/202112310BOS.html,"1:00 PM, December 31, 2021",Boston Celtics,Phoenix Suns,123,108,PHO,,,Team Totals,240,41,100,.410,11,35,.314,15,16,.938,15,22,37,20,10,2,10,21,108,,,Team Totals,240,.504,.465,.350,.160,28.3,62.9,42.0,48.8,10.3,3.6,8.5,100.0,110.9,126.3,,
https://www.basketball-reference.com/boxscores/202112310BOS.html,"1:00 PM, December 31, 2021",Boston Celtics,Phoenix Suns,123,108,BOS,,,Team Totals,240,45,83,.542,10,27,.370,23,26,.885,13,38,51,28,6,7,18,18,123,,,Team Totals,240,.651,.602,.325,.313,37.1,71.7,58.0,62.2,6.2,10.8,16.0,100.0,126.3,110.9,,
https://www.basketball-reference.com/boxscores/202112310CLE.html,"7:30 PM, December 31, 2021",Cleveland Cavaliers,Atlanta Hawks,118,121,ATL,,,Team Totals,240,43,97,.443,16,38,.421,19,21,.905,14,30,44,23,8,4,2,23,121,,,Team Totals,240,.569,.526,.392,.216,26.9,78.9,48.9,53.5,8.6,6.8,1.8,100.0,129.9,126.7,,
https://www.basketball-reference.com/boxscores/202112310CLE.html,"7:30 PM, December 31, 2021",Cleveland Cavaliers,Atlanta Hawks,118,121,CLE,,,Team Totals,240,48,84,.571,8,25,.320,14,24,.583,8,38,46,27,1,8,9,18,118,,,Team Totals,240,.624,.619,.298,.286,21.1,73.1,51.1,56.3,1.1,13.6,8.7,100.0,126.7,129.9,,
https://www.basketball-reference.com/boxscores/202112310HOU.html,"7:00 PM, December 31, 2021",Houston Rockets,Miami Heat,110,120,MIA,,,Team Totals,240,40,86,.465,14,33,.424,26,31,.839,11,32,43,21,7,6,14,16,120,,,Team Totals,240,.602,.547,.384,.360,26.2,68.1,48.3,52.5,7.0,11.8,12.3,100.0,120.3,110.2,,
https://www.basketball-reference.com/boxscores/202112310HOU.html,"7:00 PM, December 31, 2021",Houston Rockets,Miami Heat,110,120,HOU,,,Team Totals,240,41,93,.441,14,42,.333,14,17,.824,15,31,46,21,9,4,18,27,110,,,Team Totals,240,.547,.516,.452,.183,31.9,73.8,51.7,51.2,9.0,7.5,15.2,100.0,110.2,120.3,,
https://www.basketball-reference.com/boxscores/202112310IND.html,"3:00 PM, December 31, 2021",Indiana Pacers,Chicago Bulls,106,108,CHI,,,Team Totals,240,35,86,.407,12,27,.444,26,30,.867,8,34,42,22,11,5,11,19,108,,,Team Totals,240,.544,.477,.314,.349,17.4,66.7,43.3,62.9,11.0,8.3,10.0,100.0,107.9,105.9,,
https://www.basketball-reference.com/boxscores/202112310IND.html,"3:00 PM, December 31, 2021",Indiana Pacers,Chicago Bulls,106,108,IND,,,Team Totals,240,38,91,.418,8,31,.258,22,29,.759,17,38,55,23,7,8,17,22,106,,,Team Totals,240,.511,.462,.341,.319,33.3,82.6,56.7,60.5,7.0,13.6,14.1,100.0,105.9,107.9,,
https://www.basketball-reference.com/boxscores/202112310LAL.html,"10:30 PM, December 31, 2021",Los Angeles Lakers,Portland Trail Blazers,139,106,POR,,,Team Totals,240,36,102,.353,12,42,.286,22,27,.815,21,33,54,19,4,2,9,22,106,,,Team Totals,240,.465,.412,.412,.265,33.3,86.8,53.5,52.8,4.1,4.5,7.3,100.0,107.7,141.2,,
https://www.basketball-reference.com/boxscores/202112310LAL.html,"10:30 PM, December 31, 2021",Los Angeles Lakers,Portland Trail Blazers,139,106,LAL,,,Team Totals,240,47,85,.553,19,41,.463,26,30,.867,5,42,47,27,6,9,7,21,139,,,Team Totals,240,.708,.665,.482,.353,13.2,66.7,46.5,57.4,6.1,15.0,6.7,100.0,141.2,107.7,,
https://www.basketball-reference.com/boxscores/202112310MEM.html,"8:00 PM, December 31, 2021",Memphis Grizzlies,San Antonio Spurs,118,105,SAS,,,Team Totals,240,39,90,.433,12,35,.343,15,24,.625,11,36,47,24,3,8,11,15,105,,,Team Totals,240,.522,.500,.389,.267,20.8,69.2,44.8,61.5,3.0,10.5,9.9,100.0,104.9,117.9,,
https://www.basketball-reference.com/boxscores/202112310MEM.html,"8:00 PM, December 31, 2021",Memphis Grizzlies,San Antonio Spurs,118,105,MEM,,,Team Totals,240,49,102,.480,10,26,.385,10,16,.625,16,42,58,28,7,11,10,18,118,,,Team Totals,240,.541,.529,.255,.157,30.8,79.2,55.2,57.1,7.0,20.0,8.4,100.0,117.9,104.9,,
https://www.basketball-reference.com/boxscores/202112310OKC.html,"8:00 PM, December 31, 2021",Oklahoma City Thunder,New York Knicks,95,80,NYK,,,Team Totals,240,30,81,.370,8,41,.195,12,22,.545,5,43,48,12,6,3,10,12,80,,,Team Totals,240,.441,.420,.506,.272,10.6,86.0,49.5,40.0,6.4,6.8,9.9,100.0,85.9,102.1,,
https://www.basketball-reference.com/boxscores/202112310OKC.html,"8:00 PM, December 31, 2021",Oklahoma City Thunder,New York Knicks,95,80,OKC,,,Team Totals,240,36,87,.414,18,43,.419,5,7,.714,7,42,49,21,6,3,10,17,95,,,Team Totals,240,.527,.517,.494,.080,14.0,89.4,50.5,58.3,6.4,7.5,10.0,100.0,102.1,85.9,,
https://www.basketball-reference.com/boxscores/202112310SAC.html,"6:00 PM, December 31, 2021",Sacramento Kings,Dallas Mavericks,96,112,DAL,,,Team Totals,240,42,81,.519,9,22,.409,19,22,.864,10,37,47,30,5,7,13,14,112,,,Team Totals,240,.618,.574,.272,.272,28.6,82.2,58.8,71.4,5.4,11.3,12.5,100.0,120.0,102.9,,
https://www.basketball-reference.com/boxscores/202112310SAC.html,"6:00 PM, December 31, 2021",Sacramento Kings,Dallas Mavericks,96,112,SAC,,,Team Totals,240,38,91,.418,10,29,.345,10,12,.833,8,25,33,25,7,4,10,16,96,,,Team Totals,240,.499,.473,.319,.132,17.8,71.4,41.3,65.8,7.5,6.8,9.4,100.0,102.9,120.0,,
https://www.basketball-reference.com/boxscores/202112310TOR.html,"7:30 PM, December 31, 2021",Toronto Raptors,Los Angeles Clippers,116,108,LAC,,,Team Totals,240,38,78,.487,15,34,.441,17,19,.895,3,34,37,27,6,7,13,24,108,,,Team Totals,240,.625,.583,.436,.244,7.7,65.4,40.7,71.1,6.3,11.5,13.1,100.0,113.2,121.6,,
https://www.basketball-reference.com/boxscores/202112310TOR.html,"7:30 PM, December 31, 2021",Toronto Raptors,Los Angeles Clippers,116,108,TOR,,,Team Totals,240,40,96,.417,11,35,.314,25,33,.758,18,36,54,19,8,4,7,18,116,,,Team Totals,240,.525,.474,.365,.344,34.6,92.3,59.3,47.5,8.4,9.1,6.0,100.0,121.6,113.2,,
https://www.basketball-reference.com/boxscores/202112310UTA.html,"9:00 PM, December 31, 2021",Utah Jazz,Minnesota Timberwolves,120,108,MIN,,,Team Totals,240,40,93,.430,14,41,.341,14,22,.636,11,30,41,23,9,5,10,30,108,,,Team Totals,240,.526,.505,.441,.237,22.0,75.0,45.6,57.5,9.0,10.2,8.9,100.0,107.6,119.5,,
https://www.basketball-reference.com/boxscores/202112310UTA.html,"9:00 PM, December 31, 2021",Utah Jazz,Minnesota Timberwolves,120,108,UTA,,,Team Totals,240,37,78,.474,11,29,.379,35,41,.854,10,39,49,18,4,5,18,20,120,,,Team Totals,240,.625,.545,.372,.526,25.0,78.0,54.4,48.6,4.0,9.6,15.8,100.0,119.5,107.6,,
https://www.basketball-reference.com/boxscores/202201010BRK.html,"7:30 PM, January 1, 2022",Brooklyn Nets,Los Angeles Clippers,116,120,LAC,,,Team Totals,240,42,86,.488,14,36,.389,22,31,.710,7,33,40,23,7,6,11,19,120,,,Team Totals,240,.602,.570,.419,.360,14.9,66.0,41.2,54.8,6.9,9.4,9.9,100.0,117.4,113.5,,
https://www.basketball-reference.com/boxscores/202201010BRK.html,"7:30 PM, January 1, 2022",Brooklyn Nets,Los Angeles Clippers,116,120,BRK,,,Team Totals,240,42,97,.433,11,33,.333,21,25,.840,17,40,57,26,9,2,15,20,116,,,Team Totals,240,.537,.490,.340,.258,34.0,85.1,58.8,61.9,8.8,4.0,12.2,100.0,113.5,117.4,,
https://www.basketball-reference.com/boxscores/202201010DET.html,"7:00 PM, January 1, 2022",Detroit Pistons,San Antonio Spurs,117,116,SAS,,,Team Totals,265,42,102,.412,12,40,.300,20,28,.714,13,35,48,30,8,3,17,27,116,,,Team Totals,265,.507,.471,.392,.275,24.1,61.4,43.2,71.4,7.1,4.5,12.9,100.0,103.0,103.9,,
https://www.basketball-reference.com/boxscores/202201010DET.html,"7:00 PM, January 1, 2022",Detroit Pistons,San Antonio Spurs,117,116,DET,,,Team Totals,265,41,101,.406,9,35,.257,26,33,.788,22,41,63,18,12,6,21,23,117,,,Team Totals,265,.506,.450,.347,.327,38.6,75.9,56.8,43.9,10.7,9.7,15.4,100.0,103.9,103.0,,
https://www.basketball-reference.com/boxscores/202201010HOU.html,"8:00 PM, January 1, 2022",Houston Rockets,Denver Nuggets,111,124,DEN,,,Team Totals,240,46,86,.535,10,32,.313,22,27,.815,13,33,46,33,10,6,18,23,124,,,Team Totals,240,.633,.593,.372,.314,36.1,71.7,56.1,71.7,10.1,14.0,15.5,100.0,125.6,112.4,,
https://www.basketball-reference.com/boxscores/202201010HOU.html,"8:00 PM, January 1, 2022",Houston Rockets,Denver Nuggets,111,124,HOU,,,Team Totals,240,37,85,.435,16,42,.381,21,24,.875,13,23,36,20,10,4,18,24,111,,,Team Totals,240,.581,.529,.494,.282,28.3,63.9,43.9,54.1,10.1,7.4,15.9,100.0,112.4,125.6,,
https://www.basketball-reference.com/boxscores/202201010MIL.html,"6:30 PM, January 1, 2022",Milwaukee Bucks,New Orleans Pelicans,136,113,NOP,,,Team Totals,240,39,95,.411,16,51,.314,19,30,.633,14,36,50,28,10,5,15,16,113,,,Team Totals,240,.522,.495,.537,.316,24.1,90.0,51.0,71.8,9.3,11.4,12.2,100.0,104.6,125.8,,
https://www.basketball-reference.com/boxscores/202201010MIL.html,"6:30 PM, January 1, 2022",Milwaukee Bucks,New Orleans Pelicans,136,113,MIL,,,Team Totals,240,49,92,.533,23,48,.479,15,18,.833,4,44,48,27,10,4,14,20,136,,,Team Totals,240,.681,.658,.522,.196,10.0,75.9,49.0,55.1,9.3,9.1,12.3,100.0,125.8,104.6,,
https://www.basketball-reference.com/boxscores/202201010UTA.html,"9:00 PM, January 1, 2022",Utah Jazz,Golden State Warriors,116,123,GSW,,,Team Totals,240,46,86,.535,17,32,.531,14,21,.667,7,33,40,39,10,2,15,24,123,,,Team Totals,240,.646,.634,.372,.244,18.9,68.8,47.1,84.8,10.0,4.2,13.6,100.0,122.9,115.9,,
https://www.basketball-reference.com/boxscores/202201010UTA.html,"9:00 PM, January 1, 2022",Utah Jazz,Golden State Warriors,116,123,UTA,,,Team Totals,240,40,92,.435,14,44,.318,22,28,.786,15,30,45,19,7,0,13,21,116,,,Team Totals,240,.556,.511,.478,.304,31.3,81.1,52.9,47.5,7.0,0.0,11.1,100.0,115.9,122.9,,
https://www.basketball-reference.com/boxscores/202201010WAS.html,"7:00 PM, January 1, 2022",Washington Wizards,Chicago Bulls,119,120,CHI,,,Team Totals,240,41,84,.488,17,34,.500,21,25,.840,6,38,44,17,4,4,15,24,120,,,Team Totals,240,.632,.589,.405,.298,14.0,86.4,50.6,41.5,3.9,6.7,13.6,100.0,116.5,115.5,,
https://www.basketball-reference.com/boxscores/202201010WAS.html,"7:00 PM, January 1, 2022",Washington Wizards,Chicago Bulls,119,120,WAS,,,Team Totals,240,46,87,.529,6,27,.222,21,26,.808,6,37,43,26,9,3,12,22,119,,,Team Totals,240,.604,.563,.310,.299,13.6,86.0,49.4,56.5,8.7,6.0,10.9,100.0,115.5,116.5,,
https://www.basketball-reference.com/boxscores/202201020BOS.html,"6:00 PM, January 2, 2022",Boston Celtics,Orlando Magic,116,111,ORL,,,Team Totals,265,40,95,.421,9,27,.333,22,27,.815,10,35,45,17,12,3,16,24,111,,,Team Totals,265,.519,.468,.284,.284,21.3,79.5,49.5,42.5,11.0,6.0,13.0,100.0,101.7,106.3,,
https://www.basketball-reference.com/boxscores/202201020BOS.html,"6:00 PM, January 2, 2022",Boston Celtics,Orlando Magic,116,111,BOS,,,Team Totals,265,39,86,.453,13,36,.361,25,28,.893,9,37,46,25,5,10,22,23,116,,,Team Totals,265,.590,.529,.419,.326,20.5,78.7,50.5,64.1,4.6,14.7,18.3,100.0,106.3,101.7,,
https://www.basketball-reference.com/boxscores/202201020CHO.html,"7:00 PM, January 2, 2022",Charlotte Hornets,Phoenix Suns,99,133,PHO,,,Team Totals,240,52,103,.505,17,41,.415,12,12,1.000,14,39,53,36,15,4,17,21,133,,,Team Totals,240,.614,.587,.398,.117,32.6,88.6,60.9,69.2,14.1,8.0,13.6,100.0,125.0,93.0,,
https://www.basketball-reference.com/boxscores/202201020CHO.html,"7:00 PM, January 2, 2022",Charlotte Hornets,Phoenix Suns,99,133,CHO,,,Team Totals,240,39,85,.459,9,35,.257,12,21,.571,5,29,34,27,10,9,18,15,99,,,Team Totals,240,.525,.512,.412,.247,11.4,67.4,39.1,69.2,9.4,14.5,16.0,100.0,93.0,125.0,,
https://www.basketball-reference.com/boxscores/202201020CLE.html,"6:00 PM, January 2, 2022",Cleveland Cavaliers,Indiana Pacers,108,104,IND,,,Team Totals,240,37,83,.446,19,46,.413,11,14,.786,9,30,39,24,6,6,14,24,104,,,Team Totals,240,.583,.560,.554,.169,20.0,71.4,44.8,64.9,6.4,9.7,13.6,100.0,110.3,114.5,,
https://www.basketball-reference.com/boxscores/202201020CLE.html,"6:00 PM, January 2, 2022",Cleveland Cavaliers,Indiana Pacers,108,104,CLE,,,Team Totals,240,41,88,.466,6,26,.231,20,28,.714,12,36,48,26,6,4,11,11,108,,,Team Totals,240,.538,.500,.295,.318,28.6,80.0,55.2,63.4,6.4,10.8,9.9,100.0,114.5,110.3,,
https://www.basketball-reference.com/boxscores/202201020LAL.html,"9:30 PM, January 2, 2022",Los Angeles Lakers,Minnesota Timberwolves,108,103,MIN,,,Team Totals,240,41,92,.446,9,38,.237,12,16,.750,20,36,56,21,9,2,24,22,103,,,Team Totals,240,.520,.495,.413,.174,45.5,90.0,66.7,51.2,9.1,5.9,19.5,100.0,104.0,109.1,,
https://www.basketball-reference.com/boxscores/202201020LAL.html,"9:30 PM, January 2, 2022",Los Angeles Lakers,Minnesota Timberwolves,108,103,LAL,,,Team Totals,240,36,75,.480,13,41,.317,23,29,.793,4,24,28,20,13,5,18,16,108,,,Team Totals,240,.615,.567,.547,.387,10.0,54.5,33.3,55.6,13.1,9.3,17.0,100.0,109.1,104.0,,
https://www.basketball-reference.com/boxscores/202201020OKC.html,"7:00 PM, January 2, 2022",Oklahoma City Thunder,Dallas Mavericks,86,95,DAL,,,Team Totals,240,38,85,.447,14,39,.359,5,7,.714,7,41,48,28,9,3,16,12,95,,,Team Totals,240,.539,.529,.459,.082,17.1,85.4,53.9,73.7,9.6,5.5,15.4,100.0,101.6,92.0,,
https://www.basketball-reference.com/boxscores/202201020OKC.html,"7:00 PM, January 2, 2022",Oklahoma City Thunder,Dallas Mavericks,86,95,OKC,,,Team Totals,240,35,85,.412,10,30,.333,6,9,.667,7,34,41,20,11,4,11,16,86,,,Team Totals,240,.483,.471,.353,.106,14.6,82.9,46.1,57.1,11.8,8.7,11.0,100.0,92.0,101.6,,
https://www.basketball-reference.com/boxscores/202201020SAC.html,"6:00 PM, January 2, 2022",Sacramento Kings,Miami Heat,115,113,MIA,,,Team Totals,240,46,105,.438,9,33,.273,12,12,1.000,18,31,49,26,4,3,9,18,113,,,Team Totals,240,.512,.481,.314,.114,36.0,81.6,55.7,56.5,4.1,6.8,7.5,100.0,116.9,118.9,,
https://www.basketball-reference.com/boxscores/202201020SAC.html,"6:00 PM, January 2, 2022",Sacramento Kings,Miami Heat,115,113,SAC,,,Team Totals,240,40,78,.513,13,34,.382,22,27,.815,7,32,39,31,3,2,16,18,115,,,Team Totals,240,.640,.596,.436,.346,18.4,64.0,44.3,77.5,3.1,2.8,15.1,100.0,118.9,116.9,,
https://www.basketball-reference.com/boxscores/202201020TOR.html,"3:30 PM, January 2, 2022",Toronto Raptors,New York Knicks,120,105,NYK,,,Team Totals,240,35,78,.449,12,36,.333,23,28,.821,7,23,30,22,11,4,18,26,105,,,Team Totals,240,.581,.526,.462,.359,17.5,67.6,40.5,62.9,11.1,7.7,16.6,100.0,105.8,120.9,,
https://www.basketball-reference.com/boxscores/202201020TOR.html,"3:30 PM, January 2, 2022",Toronto Raptors,New York Knicks,120,105,TOR,,,Team Totals,240,41,86,.477,13,34,.382,25,30,.833,11,33,44,21,9,5,17,27,120,,,Team Totals,240,.605,.552,.395,.349,32.4,82.5,59.5,51.2,9.1,11.9,14.6,100.0,120.9,105.8,,
https://www.basketball-reference.com/boxscores/202201030BRK.html,"7:30 PM, January 3, 2022",Brooklyn Nets,Memphis Grizzlies,104,118,MEM,,,Team Totals,240,48,102,.471,10,35,.286,12,21,.571,23,38,61,24,11,5,13,21,118,,,Team Totals,240,.530,.520,.343,.206,47.9,82.6,64.9,50.0,11.4,9.8,10.5,100.0,122.4,107.9,,
https://www.basketball-reference.com/boxscores/202201030BRK.html,"7:30 PM, January 3, 2022",Brooklyn Nets,Memphis Grizzlies,104,118,BRK,,,Team Totals,240,37,82,.451,9,31,.290,21,26,.808,8,25,33,28,10,10,13,20,104,,,Team Totals,240,.557,.506,.378,.317,17.4,52.1,35.1,75.7,10.4,14.9,12.2,100.0,107.9,122.4,,
https://www.basketball-reference.com/boxscores/202201030CHI.html,"8:00 PM, January 3, 2022",Chicago Bulls,Orlando Magic,102,98,ORL,,,Team Totals,240,36,85,.424,10,27,.370,16,18,.889,5,39,44,24,5,2,13,17,98,,,Team Totals,240,.527,.482,.318,.212,11.4,79.6,47.3,66.7,5.1,3.6,12.3,100.0,99.6,103.7,,
https://www.basketball-reference.com/boxscores/202201030CHI.html,"8:00 PM, January 3, 2022",Chicago Bulls,Orlando Magic,102,98,CHI,,,Team Totals,240,37,86,.430,11,31,.355,17,23,.739,10,39,49,17,10,4,13,16,102,,,Team Totals,240,.531,.494,.360,.267,20.4,88.6,52.7,45.9,10.2,6.9,11.9,100.0,103.7,99.6,,
https://www.basketball-reference.com/boxscores/202201030DAL.html,"8:30 PM, January 3, 2022",Dallas Mavericks,Denver Nuggets,103,89,DEN,,,Team Totals,240,31,67,.463,6,25,.240,21,29,.724,11,36,47,21,6,1,26,24,89,,,Team Totals,240,.558,.507,.373,.433,32.4,87.8,62.7,67.7,6.5,2.4,24.6,100.0,96.8,112.0,,
https://www.basketball-reference.com/boxscores/202201030DAL.html,"8:30 PM, January 3, 2022",Dallas Mavericks,Denver Nuggets,103,89,DAL,,,Team Totals,240,35,78,.449,14,37,.378,19,21,.905,5,23,28,23,12,5,11,21,103,,,Team Totals,240,.590,.538,.474,.269,12.2,67.6,37.3,65.7,13.0,11.9,11.2,100.0,112.0,96.8,,
https://www.basketball-reference.com/boxscores/202201030GSW.html,"10:00 PM, January 3, 2022",Golden State Warriors,Miami Heat,115,108,MIA,,,Team Totals,240,37,90,.411,17,42,.405,17,19,.895,11,38,49,24,5,2,19,13,108,,,Team Totals,240,.549,.506,.467,.211,23.4,84.4,53.3,64.9,4.9,3.7,16.2,100.0,105.5,112.4,,
https://www.basketball-reference.com/boxscores/202201030GSW.html,"10:00 PM, January 3, 2022",Golden State Warriors,Miami Heat,115,108,GSW,,,Team Totals,240,45,92,.489,14,38,.368,11,13,.846,7,36,43,39,11,6,12,17,115,,,Team Totals,240,.588,.565,.413,.141,15.6,76.6,46.7,86.7,10.7,12.5,10.9,100.0,112.4,105.5,,
https://www.basketball-reference.com/boxscores/202201030LAC.html,"10:30 PM, January 3, 2022",Los Angeles Clippers,Minnesota Timberwolves,104,122,MIN,,,Team Totals,240,49,93,.527,16,45,.356,8,9,.889,11,29,40,34,9,4,17,14,122,,,Team Totals,240,.629,.613,.484,.097,28.9,87.9,56.3,69.4,9.0,8.7,14.9,100.0,121.6,103.6,,
https://www.basketball-reference.com/boxscores/202201030LAC.html,"10:30 PM, January 3, 2022",Los Angeles Clippers,Minnesota Timberwolves,104,122,LAC,,,Team Totals,240,39,78,.500,11,32,.344,15,17,.882,4,27,31,22,12,3,21,10,104,,,Team Totals,240,.608,.571,.410,.218,12.1,71.1,43.7,56.4,12.0,6.3,19.7,100.0,103.6,121.6,,
https://www.basketball-reference.com/boxscores/202201030MIL.html,"8:00 PM, January 3, 2022",Milwaukee Bucks,Detroit Pistons,106,115,DET,,,Team Totals,240,44,91,.484,18,43,.419,9,14,.643,9,38,47,31,6,1,14,21,115,,,Team Totals,240,.592,.582,.473,.154,20.0,77.6,50.0,70.5,6.1,2.2,12.6,100.0,117.0,107.8,,
https://www.basketball-reference.com/boxscores/202201030MIL.html,"8:00 PM, January 3, 2022",Milwaukee Bucks,Detroit Pistons,106,115,MIL,,,Team Totals,240,39,92,.424,11,46,.239,17,22,.773,11,36,47,21,9,2,8,12,106,,,Team Totals,240,.521,.484,.500,.239,22.4,80.0,50.0,53.8,9.2,4.2,7.3,100.0,107.8,117.0,,
https://www.basketball-reference.com/boxscores/202201030NOP.html,"8:00 PM, January 3, 2022",New Orleans Pelicans,Utah Jazz,104,115,UTA,,,Team Totals,240,41,85,.482,19,39,.487,14,17,.824,10,33,43,22,6,4,15,24,115,,,Team Totals,240,.622,.594,.459,.200,25.0,66.0,47.8,53.7,6.3,7.8,14.0,100.0,121.2,109.6,,
https://www.basketball-reference.com/boxscores/202201030NOP.html,"8:00 PM, January 3, 2022",New Orleans Pelicans,Utah Jazz,104,115,NOP,,,Team Totals,240,39,97,.402,12,46,.261,14,22,.636,17,30,47,21,7,5,10,21,104,,,Team Totals,240,.487,.464,.474,.227,34.0,75.0,52.2,53.8,7.4,10.9,8.6,100.0,109.6,121.2,,
https://www.basketball-reference.com/boxscores/202201030PHI.html,"7:00 PM, January 3, 2022",Philadelphia 76ers,Houston Rockets,133,113,HOU,,,Team Totals,240,37,89,.416,15,44,.341,24,33,.727,11,31,42,25,6,4,11,16,113,,,Team Totals,240,.546,.500,.494,.371,20.8,72.1,43.8,67.6,5.9,7.1,9.6,100.0,110.4,129.9,,
https://www.basketball-reference.com/boxscores/202201030PHI.html,"7:00 PM, January 3, 2022",Philadelphia 76ers,Houston Rockets,133,113,PHI,,,Team Totals,240,50,96,.521,17,40,.425,16,17,.941,12,42,54,33,7,7,14,21,133,,,Team Totals,240,.643,.609,.417,.177,27.9,79.2,56.3,66.0,6.8,15.6,11.9,100.0,129.9,110.4,,
https://www.basketball-reference.com/boxscores/202201030POR.html,"10:00 PM, January 3, 2022",Portland Trail Blazers,Atlanta Hawks,136,131,ATL,,,Team Totals,240,48,88,.545,14,41,.341,21,24,.875,9,30,39,31,6,1,13,24,131,,,Team Totals,240,.665,.625,.466,.273,23.7,71.4,48.8,64.6,6.1,2.1,11.7,100.0,132.4,137.5,,
https://www.basketball-reference.com/boxscores/202201030POR.html,"10:00 PM, January 3, 2022",Portland Trail Blazers,Atlanta Hawks,136,131,POR,,,Team Totals,240,47,89,.528,18,41,.439,24,28,.857,12,29,41,29,10,3,10,19,136,,,Team Totals,240,.671,.629,.461,.315,28.6,76.3,51.3,61.7,10.1,6.4,9.0,100.0,137.5,132.4,,
https://www.basketball-reference.com/boxscores/202201030WAS.html,"7:00 PM, January 3, 2022",Washington Wizards,Charlotte Hornets,124,121,CHO,,,Team Totals,240,50,104,.481,14,38,.368,7,13,.538,13,32,45,28,14,5,9,22,121,,,Team Totals,240,.551,.548,.365,.125,24.1,76.2,46.9,56.0,13.5,10.2,7.6,100.0,117.1,120.0,,
https://www.basketball-reference.com/boxscores/202201030WAS.html,"7:00 PM, January 3, 2022",Washington Wizards,Charlotte Hornets,124,121,WAS,,,Team Totals,240,40,87,.460,16,38,.421,28,31,.903,10,41,51,26,5,4,15,12,124,,,Team Totals,240,.616,.552,.437,.356,23.8,75.9,53.1,65.0,4.8,6.1,13.0,100.0,120.0,117.1,,
https://www.basketball-reference.com/boxscores/202201040CLE.html,"7:00 PM, January 4, 2022",Cleveland Cavaliers,Memphis Grizzlies,106,110,MEM,,,Team Totals,240,42,90,.467,9,27,.333,17,22,.773,12,33,45,21,6,8,9,18,110,,,Team Totals,240,.552,.517,.300,.244,25.5,70.2,47.9,50.0,6.3,13.8,8.3,100.0,114.9,110.7,,
https://www.basketball-reference.com/boxscores/202201040CLE.html,"7:00 PM, January 4, 2022",Cleveland Cavaliers,Memphis Grizzlies,106,110,CLE,,,Team Totals,240,40,92,.435,10,34,.294,16,21,.762,14,35,49,28,2,6,13,14,106,,,Team Totals,240,.524,.489,.370,.228,29.8,74.5,52.1,70.0,2.1,9.5,11.4,100.0,110.7,114.9,,
https://www.basketball-reference.com/boxscores/202201040LAL.html,"10:30 PM, January 4, 2022",Los Angeles Lakers,Sacramento Kings,122,114,SAC,,,Team Totals,240,43,83,.518,14,34,.412,14,18,.778,9,36,45,31,2,3,18,18,114,,,Team Totals,240,.627,.602,.410,.217,23.1,72.0,50.6,72.1,2.0,4.5,16.5,100.0,116.7,124.9,,
https://www.basketball-reference.com/boxscores/202201040LAL.html,"10:30 PM, January 4, 2022",Los Angeles Lakers,Sacramento Kings,122,114,LAL,,,Team Totals,240,49,99,.495,11,32,.344,13,20,.650,14,30,44,24,6,5,5,16,122,,,Team Totals,240,.566,.551,.323,.202,28.0,76.9,49.4,49.0,6.1,10.2,4.4,100.0,124.9,116.7,,
https://www.basketball-reference.com/boxscores/202201040NOP.html,"8:00 PM, January 4, 2022",New Orleans Pelicans,Phoenix Suns,110,123,PHO,,,Team Totals,240,46,85,.541,17,31,.548,14,20,.700,5,37,42,32,7,5,11,24,123,,,Team Totals,240,.656,.641,.365,.235,13.2,71.2,46.7,69.6,7.1,8.9,10.5,100.0,125.5,112.3,,
https://www.basketball-reference.com/boxscores/202201040NOP.html,"8:00 PM, January 4, 2022",New Orleans Pelicans,Phoenix Suns,110,123,NOP,,,Team Totals,240,36,89,.404,10,33,.303,28,32,.875,15,33,48,28,7,3,12,21,110,,,Team Totals,240,.534,.461,.371,.360,28.8,86.8,53.3,77.8,7.1,5.6,10.4,100.0,112.3,125.5,,
https://www.basketball-reference.com/boxscores/202201040NYK.html,"7:30 PM, January 4, 2022",New York Knicks,Indiana Pacers,104,94,IND,,,Team Totals,240,32,76,.421,9,38,.237,21,32,.656,9,26,35,22,3,3,12,20,94,,,Team Totals,240,.522,.480,.500,.421,19.6,65.0,40.7,68.8,3.4,5.8,11.8,100.0,106.0,117.2,,
https://www.basketball-reference.com/boxscores/202201040NYK.html,"7:30 PM, January 4, 2022",New York Knicks,Indiana Pacers,104,94,NYK,,,Team Totals,240,39,80,.488,6,28,.214,20,28,.714,14,37,51,17,6,0,10,23,104,,,Team Totals,240,.563,.525,.350,.350,35.0,80.4,59.3,43.6,6.8,0.0,9.8,100.0,117.2,106.0,,
https://www.basketball-reference.com/boxscores/202201040TOR.html,"7:00 PM, January 4, 2022",Toronto Raptors,San Antonio Spurs,129,104,SAS,,,Team Totals,240,41,95,.432,9,35,.257,13,19,.684,17,33,50,27,6,3,20,23,104,,,Team Totals,240,.503,.479,.368,.200,32.1,67.3,49.0,65.9,5.8,5.8,16.2,100.0,101.0,125.3,,
https://www.basketball-reference.com/boxscores/202201040TOR.html,"7:00 PM, January 4, 2022",Toronto Raptors,San Antonio Spurs,129,104,TOR,,,Team Totals,240,45,96,.469,18,44,.409,21,29,.724,16,36,52,30,13,8,12,20,129,,,Team Totals,240,.593,.563,.458,.302,32.7,67.9,51.0,66.7,12.6,13.3,9.9,100.0,125.3,101.0,,
https://www.basketball-reference.com/boxscores/202201050BOS.html,"7:30 PM, January 5, 2022",Boston Celtics,San Antonio Spurs,97,99,SAS,,,Team Totals,240,42,88,.477,10,26,.385,5,5,1.000,12,36,48,20,6,5,18,13,99,,,Team Totals,240,.549,.534,.295,.057,30.0,73.5,53.9,47.6,6.6,8.1,16.6,100.0,108.4,106.2,,
https://www.basketball-reference.com/boxscores/202201050BOS.html,"7:30 PM, January 5, 2022",Boston Celtics,San Antonio Spurs,97,99,BOS,,,Team Totals,240,40,90,.444,9,28,.321,8,9,.889,13,28,41,19,10,9,10,12,97,,,Team Totals,240,.516,.494,.311,.100,26.5,70.0,46.1,47.5,11.0,14.5,9.6,100.0,106.2,108.4,,
https://www.basketball-reference.com/boxscores/202201050CHO.html,"7:00 PM, January 5, 2022",Charlotte Hornets,Detroit Pistons,140,111,DET,,,Team Totals,240,43,92,.467,14,42,.333,11,20,.550,9,27,36,26,12,3,13,21,111,,,Team Totals,240,.551,.543,.457,.217,18.0,77.1,42.4,60.5,11.7,7.7,11.4,100.0,108.2,136.5,,
https://www.basketball-reference.com/boxscores/202201050CHO.html,"7:00 PM, January 5, 2022",Charlotte Hornets,Detroit Pistons,140,111,CHO,,,Team Totals,240,48,81,.593,24,42,.571,20,29,.690,8,41,49,39,6,3,17,21,140,,,Team Totals,240,.747,.741,.519,.358,22.9,82.0,57.6,81.3,5.9,6.0,15.3,100.0,136.5,108.2,,
https://www.basketball-reference.com/boxscores/202201050DAL.html,"7:30 PM, January 5, 2022",Dallas Mavericks,Golden State Warriors,99,82,GSW,,,Team Totals,240,33,81,.407,5,28,.179,11,16,.688,8,38,46,20,10,5,17,20,82,,,Team Totals,240,.466,.438,.346,.198,18.2,79.2,50.0,60.6,10.4,10.6,16.2,100.0,85.2,102.9,,
https://www.basketball-reference.com/boxscores/202201050DAL.html,"7:30 PM, January 5, 2022",Dallas Mavericks,Golden State Warriors,99,82,DAL,,,Team Totals,240,33,87,.379,12,40,.300,21,26,.808,10,36,46,22,6,5,12,15,99,,,Team Totals,240,.503,.448,.460,.299,20.8,81.8,50.0,66.7,6.2,9.4,10.9,100.0,102.9,85.2,,
https://www.basketball-reference.com/boxscores/202201050DEN.html,"10:00 PM, January 5, 2022",Denver Nuggets,Utah Jazz,109,115,UTA,,,Team Totals,240,43,92,.467,14,41,.341,15,18,.833,8,36,44,22,7,4,7,18,115,,,Team Totals,240,.575,.543,.446,.196,18.2,85.7,51.2,51.2,7.2,7.7,6.5,100.0,117.6,111.4,,
https://www.basketball-reference.com/boxscores/202201050DEN.html,"10:00 PM, January 5, 2022",Denver Nuggets,Utah Jazz,109,115,DEN,,,Team Totals,240,42,88,.477,11,36,.306,14,15,.933,6,36,42,27,2,4,12,21,109,,,Team Totals,240,.576,.540,.409,.170,14.3,81.8,48.8,64.3,2.0,7.8,11.3,100.0,111.4,117.6,,
https://www.basketball-reference.com/boxscores/202201050IND.html,"7:30 PM, January 5, 2022",Indiana Pacers,Brooklyn Nets,121,129,BRK,,,Team Totals,240,49,86,.570,5,21,.238,26,29,.897,9,29,38,28,13,4,12,20,129,,,Team Totals,240,.653,.599,.244,.337,25.7,80.6,53.5,57.1,12.9,9.3,10.8,100.0,128.3,120.3,,
https://www.basketball-reference.com/boxscores/202201050IND.html,"7:30 PM, January 5, 2022",Indiana Pacers,Brooklyn Nets,121,129,IND,,,Team Totals,240,41,82,.500,13,39,.333,26,28,.929,7,26,33,26,3,5,17,19,121,,,Team Totals,240,.641,.579,.476,.341,19.4,74.3,46.5,63.4,3.0,7.7,15.3,100.0,120.3,128.3,,
https://www.basketball-reference.com/boxscores/202201050MIL.html,"8:00 PM, January 5, 2022",Milwaukee Bucks,Toronto Raptors,111,117,TOR,,,Team Totals,240,42,89,.472,16,36,.444,17,25,.680,10,34,44,24,8,4,15,20,117,,,Team Totals,240,.585,.562,.404,.281,21.7,79.1,49.4,57.1,7.8,8.7,13.0,100.0,113.6,107.8,,
https://www.basketball-reference.com/boxscores/202201050MIL.html,"8:00 PM, January 5, 2022",Milwaukee Bucks,Toronto Raptors,111,117,MIL,,,Team Totals,240,38,85,.447,17,39,.436,18,26,.692,9,36,45,22,10,8,18,18,111,,,Team Totals,240,.575,.547,.459,.306,20.9,78.3,50.6,57.9,9.7,15.1,15.7,100.0,107.8,113.6,,
https://www.basketball-reference.com/boxscores/202201050MIN.html,"8:00 PM, January 5, 2022",Minnesota Timberwolves,Oklahoma City Thunder,98,90,OKC,,,Team Totals,240,33,90,.367,9,35,.257,15,18,.833,14,38,52,21,11,7,18,18,90,,,Team Totals,240,.460,.417,.389,.200,25.9,71.7,48.6,63.6,11.2,15.2,15.5,100.0,91.4,99.5,,
https://www.basketball-reference.com/boxscores/202201050MIN.html,"8:00 PM, January 5, 2022",Minnesota Timberwolves,Oklahoma City Thunder,98,90,MIN,,,Team Totals,240,36,90,.400,12,44,.273,14,20,.700,15,40,55,23,11,7,16,16,98,,,Team Totals,240,.496,.467,.489,.222,28.3,74.1,51.4,63.9,11.2,12.7,13.9,100.0,99.5,91.4,,
https://www.basketball-reference.com/boxscores/202201050ORL.html,"7:00 PM, January 5, 2022",Orlando Magic,Philadelphia 76ers,106,116,PHI,,,Team Totals,240,43,85,.506,12,28,.429,18,24,.750,10,32,42,26,8,4,17,16,116,,,Team Totals,240,.607,.576,.329,.282,23.3,69.6,47.2,60.5,7.9,7.8,15.1,100.0,114.9,105.0,,
https://www.basketball-reference.com/boxscores/202201050ORL.html,"7:00 PM, January 5, 2022",Orlando Magic,Philadelphia 76ers,106,116,ORL,,,Team Totals,240,40,90,.444,12,39,.308,14,20,.700,14,33,47,22,9,3,19,30,106,,,Team Totals,240,.536,.511,.433,.222,30.4,76.7,52.8,55.0,8.9,5.3,16.1,100.0,105.0,114.9,,
https://www.basketball-reference.com/boxscores/202201050POR.html,"10:00 PM, January 5, 2022",Portland Trail Blazers,Miami Heat,109,115,MIA,,,Team Totals,240,37,82,.451,19,41,.463,22,29,.759,14,36,50,29,3,3,11,21,115,,,Team Totals,240,.607,.567,.500,.354,33.3,81.8,58.1,78.4,3.4,7.5,10.4,100.0,129.1,122.3,,
https://www.basketball-reference.com/boxscores/202201050POR.html,"10:00 PM, January 5, 2022",Portland Trail Blazers,Miami Heat,109,115,POR,,,Team Totals,240,33,78,.423,15,38,.395,28,36,.778,8,28,36,18,8,4,6,23,109,,,Team Totals,240,.581,.519,.487,.462,18.2,66.7,41.9,54.5,9.0,9.8,6.0,100.0,122.3,129.1,,
https://www.basketball-reference.com/boxscores/202201050SAC.html,"10:00 PM, January 5, 2022",Sacramento Kings,Atlanta Hawks,102,108,ATL,,,Team Totals,240,39,86,.453,8,30,.267,22,30,.733,10,38,48,20,8,5,10,14,108,,,Team Totals,240,.544,.500,.349,.349,21.3,79.2,50.5,51.3,8.2,7.9,9.2,100.0,110.9,104.8,,
https://www.basketball-reference.com/boxscores/202201050SAC.html,"10:00 PM, January 5, 2022",Sacramento Kings,Atlanta Hawks,102,108,SAC,,,Team Totals,240,38,90,.422,11,27,.407,15,20,.750,10,37,47,15,6,1,11,20,102,,,Team Totals,240,.516,.483,.300,.222,20.8,78.7,49.5,39.5,6.2,1.8,10.0,100.0,104.8,110.9,,
https://www.basketball-reference.com/boxscores/202201050WAS.html,"7:00 PM, January 5, 2022",Washington Wizards,Houston Rockets,111,114,HOU,,,Team Totals,240,40,85,.471,9,26,.346,25,32,.781,10,38,48,15,10,2,21,24,114,,,Team Totals,240,.575,.524,.306,.376,23.8,80.9,53.9,37.5,9.4,3.8,17.5,100.0,106.9,104.1,,
https://www.basketball-reference.com/boxscores/202201050WAS.html,"7:00 PM, January 5, 2022",Washington Wizards,Houston Rockets,111,114,WAS,,,Team Totals,240,40,91,.440,10,39,.256,21,26,.808,9,32,41,18,9,6,15,27,111,,,Team Totals,240,.542,.495,.429,.286,19.1,76.2,46.1,45.0,8.4,10.2,12.8,100.0,104.1,106.9,,
https://www.basketball-reference.com/boxscores/202201060MEM.html,"8:00 PM, January 6, 2022",Memphis Grizzlies,Detroit Pistons,118,88,DET,,,Team Totals,240,34,99,.343,10,44,.227,10,13,.769,10,29,39,23,7,3,13,14,88,,,Team Totals,240,.420,.394,.444,.131,18.9,61.7,39.0,67.6,6.7,4.5,11.0,100.0,84.5,113.4,,
https://www.basketball-reference.com/boxscores/202201060MEM.html,"8:00 PM, January 6, 2022",Memphis Grizzlies,Detroit Pistons,118,88,MEM,,,Team Totals,240,48,98,.490,10,32,.313,12,19,.632,18,43,61,31,8,9,19,18,118,,,Team Totals,240,.555,.541,.327,.194,38.3,81.1,61.0,64.6,7.7,16.4,15.2,100.0,113.4,84.5,,
https://www.basketball-reference.com/boxscores/202201060NOP.html,"8:00 PM, January 6, 2022",New Orleans Pelicans,Golden State Warriors,101,96,GSW,,,Team Totals,240,37,87,.425,7,33,.212,15,18,.833,8,35,43,22,12,6,14,24,96,,,Team Totals,240,.506,.466,.379,.207,17.4,81.4,48.3,59.5,11.9,12.2,12.9,100.0,95.6,100.5,,
https://www.basketball-reference.com/boxscores/202201060NOP.html,"8:00 PM, January 6, 2022",New Orleans Pelicans,Golden State Warriors,101,96,NOP,,,Team Totals,240,35,83,.422,8,34,.235,23,29,.793,8,38,46,20,7,5,17,18,101,,,Team Totals,240,.527,.470,.410,.349,18.6,82.6,51.7,57.1,7.0,9.3,15.1,100.0,100.5,95.6,,
https://www.basketball-reference.com/boxscores/202201060NYK.html,"7:30 PM, January 6, 2022",New York Knicks,Boston Celtics,108,105,BOS,,,Team Totals,240,38,80,.475,17,45,.378,12,13,.923,8,30,38,22,5,10,13,16,105,,,Team Totals,240,.612,.581,.563,.163,20.5,73.2,47.5,57.9,5.5,18.5,13.2,100.0,115.6,118.9,,
https://www.basketball-reference.com/boxscores/202201060NYK.html,"7:30 PM, January 6, 2022",New York Knicks,Boston Celtics,108,105,NYK,,,Team Totals,240,40,90,.444,18,36,.500,10,15,.667,11,31,42,23,8,1,11,17,108,,,Team Totals,240,.559,.544,.400,.167,26.8,79.5,52.5,57.5,8.8,2.9,10.2,100.0,118.9,115.6,,
https://www.basketball-reference.com/boxscores/202201060PHO.html,"10:00 PM, January 6, 2022",Phoenix Suns,Los Angeles Clippers,106,89,LAC,,,Team Totals,240,31,86,.360,6,28,.214,21,25,.840,8,41,49,20,5,7,13,16,89,,,Team Totals,240,.459,.395,.326,.291,16.0,66.1,43.8,64.5,5.1,9.2,11.8,100.0,90.9,108.3,,
https://www.basketball-reference.com/boxscores/202201060PHO.html,"10:00 PM, January 6, 2022",Phoenix Suns,Los Angeles Clippers,106,89,PHO,,,Team Totals,240,44,107,.411,10,31,.323,8,10,.800,21,42,63,22,5,7,8,20,106,,,Team Totals,240,.476,.458,.290,.093,33.9,84.0,56.3,50.0,5.1,12.1,6.7,100.0,108.3,90.9,,
https://www.basketball-reference.com/boxscores/202201070BRK.html,"7:30 PM, January 7, 2022",Brooklyn Nets,Milwaukee Bucks,109,121,MIL,,,Team Totals,240,44,96,.458,16,45,.356,17,21,.810,13,32,45,21,6,3,11,20,121,,,Team Totals,240,.575,.542,.469,.219,27.1,69.6,47.9,47.7,6.2,4.6,9.5,100.0,124.1,111.8,,
https://www.basketball-reference.com/boxscores/202201070BRK.html,"7:30 PM, January 7, 2022",Brooklyn Nets,Milwaukee Bucks,109,121,BRK,,,Team Totals,240,42,92,.457,6,27,.222,19,20,.950,14,35,49,23,8,5,11,16,109,,,Team Totals,240,.541,.489,.293,.217,30.4,72.9,52.1,54.8,8.2,9.8,9.8,100.0,111.8,124.1,,
https://www.basketball-reference.com/boxscores/202201070CHI.html,"8:00 PM, January 7, 2022",Chicago Bulls,Washington Wizards,130,122,WAS,,,Team Totals,240,45,88,.511,7,24,.292,25,26,.962,10,31,41,28,8,5,15,15,122,,,Team Totals,240,.613,.551,.273,.295,24.4,75.6,50.0,62.2,7.8,8.6,13.1,100.0,118.8,126.6,,
https://www.basketball-reference.com/boxscores/202201070CHI.html,"8:00 PM, January 7, 2022",Chicago Bulls,Washington Wizards,130,122,CHI,,,Team Totals,240,48,91,.527,15,33,.455,19,21,.905,10,31,41,34,11,3,15,21,130,,,Team Totals,240,.648,.610,.363,.231,24.4,75.6,50.0,70.8,10.7,4.7,13.0,100.0,126.6,118.8,,
https://www.basketball-reference.com/boxscores/202201070DEN.html,"9:00 PM, January 7, 2022",Denver Nuggets,Sacramento Kings,121,111,SAC,,,Team Totals,240,40,92,.435,11,29,.379,20,24,.833,12,35,47,21,6,3,12,19,111,,,Team Totals,240,.541,.495,.315,.261,25.0,87.5,53.4,52.5,6.1,5.9,10.5,100.0,112.6,122.7,,
https://www.basketball-reference.com/boxscores/202201070DEN.html,"9:00 PM, January 7, 2022",Denver Nuggets,Sacramento Kings,121,111,DEN,,,Team Totals,240,47,85,.553,12,34,.353,15,24,.625,5,36,41,32,5,7,8,20,121,,,Team Totals,240,.633,.624,.400,.282,12.5,75.0,46.6,68.1,5.1,11.1,7.7,100.0,122.7,112.6,,
https://www.basketball-reference.com/boxscores/202201070HOU.html,"8:00 PM, January 7, 2022",Houston Rockets,Dallas Mavericks,106,130,DAL,,,Team Totals,240,49,90,.544,17,38,.447,15,28,.536,11,44,55,34,6,4,16,24,130,,,Team Totals,240,.635,.639,.422,.311,25.0,86.3,57.9,69.4,5.7,9.1,13.5,100.0,123.5,100.7,,
https://www.basketball-reference.com/boxscores/202201070HOU.html,"8:00 PM, January 7, 2022",Houston Rockets,Dallas Mavericks,106,130,HOU,,,Team Totals,240,37,87,.425,12,43,.279,20,29,.690,7,33,40,17,6,3,13,20,106,,,Team Totals,240,.531,.494,.494,.333,13.7,75.0,42.1,45.9,5.7,5.8,11.5,100.0,100.7,123.5,,
https://www.basketball-reference.com/boxscores/202201070LAL.html,"10:00 PM, January 7, 2022",Los Angeles Lakers,Atlanta Hawks,134,118,ATL,,,Team Totals,240,43,96,.448,13,36,.361,19,27,.704,13,41,54,29,3,0,15,18,118,,,Team Totals,240,.547,.516,.375,.281,25.0,83.7,53.5,67.4,2.8,0.0,12.2,100.0,109.6,124.5,,
https://www.basketball-reference.com/boxscores/202201070LAL.html,"10:00 PM, January 7, 2022",Los Angeles Lakers,Atlanta Hawks,134,118,LAL,,,Team Totals,240,50,101,.495,17,41,.415,17,19,.895,8,39,47,37,14,4,8,26,134,,,Team Totals,240,.613,.579,.406,.188,16.3,75.0,46.5,74.0,13.0,6.7,6.8,100.0,124.5,109.6,,
https://www.basketball-reference.com/boxscores/202201070OKC.html,"8:00 PM, January 7, 2022",Oklahoma City Thunder,Minnesota Timberwolves,105,135,MIN,,,Team Totals,240,50,90,.556,17,41,.415,18,25,.720,8,37,45,39,12,8,15,18,135,,,Team Totals,240,.668,.650,.456,.278,20.0,74.0,50.0,78.0,11.4,17.8,12.9,100.0,128.6,100.0,,
https://www.basketball-reference.com/boxscores/202201070OKC.html,"8:00 PM, January 7, 2022",Oklahoma City Thunder,Minnesota Timberwolves,105,135,OKC,,,Team Totals,240,36,89,.404,15,44,.341,18,23,.783,13,32,45,26,10,4,20,23,105,,,Team Totals,240,.530,.489,.494,.258,26.0,80.0,50.0,72.2,9.5,8.2,16.8,100.0,100.0,128.6,,
https://www.basketball-reference.com/boxscores/202201070PHI.html,"7:00 PM, January 7, 2022",Philadelphia 76ers,San Antonio Spurs,119,100,SAS,,,Team Totals,240,38,92,.413,9,30,.300,15,20,.750,11,28,39,22,6,6,12,21,100,,,Team Totals,240,.496,.462,.326,.217,22.9,70.0,44.3,57.9,6.1,9.4,10.6,100.0,102.0,121.4,,
https://www.basketball-reference.com/boxscores/202201070PHI.html,"7:00 PM, January 7, 2022",Philadelphia 76ers,San Antonio Spurs,119,100,PHI,,,Team Totals,240,45,87,.517,8,23,.348,21,27,.778,12,37,49,28,7,4,13,18,119,,,Team Totals,240,.602,.563,.264,.310,30.0,77.1,55.7,62.2,7.1,6.5,11.6,100.0,121.4,102.0,,
https://www.basketball-reference.com/boxscores/202201070POR.html,"10:00 PM, January 7, 2022",Portland Trail Blazers,Cleveland Cavaliers,101,114,CLE,,,Team Totals,240,39,80,.488,17,39,.436,19,29,.655,8,35,43,22,7,3,9,15,114,,,Team Totals,240,.614,.594,.488,.363,18.6,68.6,45.7,56.4,7.5,5.3,8.8,100.0,122.9,108.9,,
https://www.basketball-reference.com/boxscores/202201070POR.html,"10:00 PM, January 7, 2022",Portland Trail Blazers,Cleveland Cavaliers,101,114,POR,,,Team Totals,240,37,92,.402,16,35,.457,11,19,.579,16,35,51,22,8,5,12,19,101,,,Team Totals,240,.503,.489,.380,.207,31.4,81.4,54.3,59.5,8.6,12.2,10.7,100.0,108.9,122.9,,
https://www.basketball-reference.com/boxscores/202201070TOR.html,"7:30 PM, January 7, 2022",Toronto Raptors,Utah Jazz,122,108,UTA,,,Team Totals,240,39,81,.481,17,38,.447,13,18,.722,7,33,40,23,3,4,21,21,108,,,Team Totals,240,.607,.586,.469,.222,19.4,63.5,45.5,59.0,3.0,6.8,19.1,100.0,109.1,123.3,,
https://www.basketball-reference.com/boxscores/202201070TOR.html,"7:30 PM, January 7, 2022",Toronto Raptors,Utah Jazz,122,108,TOR,,,Team Totals,240,45,100,.450,12,41,.293,20,25,.800,19,29,48,26,11,7,9,17,122,,,Team Totals,240,.550,.510,.410,.250,36.5,80.6,54.5,57.8,11.1,16.3,7.5,100.0,123.3,109.1,,
https://www.basketball-reference.com/boxscores/202201080BOS.html,"7:30 PM, January 8, 2022",Boston Celtics,New York Knicks,99,75,NYK,,,Team Totals,240,29,79,.367,11,31,.355,6,15,.400,11,29,40,13,8,4,14,15,75,,,Team Totals,240,.438,.437,.392,.190,23.4,76.3,47.1,44.8,9.3,8.5,14.1,100.0,87.6,115.7,,
https://www.basketball-reference.com/boxscores/202201080BOS.html,"7:30 PM, January 8, 2022",Boston Celtics,New York Knicks,99,75,BOS,,,Team Totals,240,36,76,.474,12,29,.414,15,17,.882,9,36,45,26,8,8,12,15,99,,,Team Totals,240,.593,.553,.382,.224,23.7,76.6,52.9,72.2,9.3,16.7,12.6,100.0,115.7,87.6,,
https://www.basketball-reference.com/boxscores/202201080CHO.html,"7:00 PM, January 8, 2022",Charlotte Hornets,Milwaukee Bucks,114,106,MIL,,,Team Totals,240,35,90,.389,12,37,.324,24,26,.923,14,39,53,21,6,4,15,20,106,,,Team Totals,240,.522,.456,.411,.289,28.0,75.0,52.0,60.0,6.0,7.8,12.9,100.0,105.5,113.4,,
https://www.basketball-reference.com/boxscores/202201080CHO.html,"7:00 PM, January 8, 2022",Charlotte Hornets,Milwaukee Bucks,114,106,CHO,,,Team Totals,240,44,99,.444,16,48,.333,10,17,.588,13,36,49,29,10,3,11,25,114,,,Team Totals,240,.535,.525,.485,.172,25.0,72.0,48.0,65.9,9.9,5.7,9.4,100.0,113.4,105.5,,
https://www.basketball-reference.com/boxscores/202201080DET.html,"7:00 PM, January 8, 2022",Detroit Pistons,Orlando Magic,97,92,ORL,,,Team Totals,240,29,86,.337,14,46,.304,20,23,.870,8,36,44,25,6,9,13,20,92,,,Team Totals,240,.479,.419,.535,.267,16.0,83.7,47.3,86.2,6.1,16.7,11.9,100.0,93.7,98.8,,
https://www.basketball-reference.com/boxscores/202201080DET.html,"7:00 PM, January 8, 2022",Detroit Pistons,Orlando Magic,97,92,DET,,,Team Totals,240,38,87,.437,10,33,.303,11,16,.688,7,42,49,23,7,6,13,21,97,,,Team Totals,240,.516,.494,.379,.184,16.3,84.0,52.7,60.5,7.1,15.0,12.1,100.0,98.8,93.7,,
https://www.basketball-reference.com/boxscores/202201080IND.html,"7:00 PM, January 8, 2022",Indiana Pacers,Utah Jazz,125,113,UTA,,,Team Totals,240,40,84,.476,15,35,.429,18,19,.947,9,30,39,20,6,3,15,25,113,,,Team Totals,240,.612,.565,.417,.226,21.4,85.7,50.6,50.0,6.2,5.9,14.0,100.0,116.6,129.0,,
https://www.basketball-reference.com/boxscores/202201080IND.html,"7:00 PM, January 8, 2022",Indiana Pacers,Utah Jazz,125,113,IND,,,Team Totals,240,44,80,.550,14,29,.483,23,32,.719,5,33,38,30,9,7,10,21,125,,,Team Totals,240,.664,.638,.363,.400,14.3,78.6,49.4,68.2,9.3,14.3,9.6,100.0,129.0,116.6,,
https://www.basketball-reference.com/boxscores/202201080LAC.html,"3:30 PM, January 8, 2022",Los Angeles Clippers,Memphis Grizzlies,108,123,MEM,,,Team Totals,240,44,100,.440,12,38,.316,23,31,.742,16,40,56,26,9,11,10,21,123,,,Team Totals,240,.541,.500,.380,.310,31.4,74.1,53.3,59.1,8.7,17.2,8.1,100.0,119.2,104.7,,
https://www.basketball-reference.com/boxscores/202201080LAC.html,"3:30 PM, January 8, 2022",Los Angeles Clippers,Memphis Grizzlies,108,123,LAC,,,Team Totals,240,39,96,.406,10,32,.313,20,24,.833,14,35,49,16,7,6,13,23,108,,,Team Totals,240,.507,.458,.333,.250,25.9,68.6,46.7,41.0,6.8,9.7,10.9,100.0,104.7,119.2,,
https://www.basketball-reference.com/boxscores/202201080PHO.html,"9:00 PM, January 8, 2022",Phoenix Suns,Miami Heat,100,123,MIA,,,Team Totals,240,44,88,.500,22,44,.500,13,15,.867,11,38,49,33,9,1,16,18,123,,,Team Totals,240,.650,.625,.500,.170,27.5,86.4,58.3,75.0,9.2,2.2,14.5,100.0,125.2,101.8,,
https://www.basketball-reference.com/boxscores/202201080PHO.html,"9:00 PM, January 8, 2022",Phoenix Suns,Miami Heat,100,123,PHO,,,Team Totals,240,30,79,.380,14,34,.412,26,29,.897,6,29,35,24,10,1,16,14,100,,,Team Totals,240,.545,.468,.430,.367,13.6,72.5,41.7,80.0,10.2,2.3,14.8,100.0,101.8,125.2,,
https://www.basketball-reference.com/boxscores/202201090BRK.html,"12:00 PM, January 9, 2022",Brooklyn Nets,San Antonio Spurs,121,119,SAS,,,Team Totals,265,46,107,.430,13,32,.406,14,18,.778,12,32,44,33,12,8,15,19,119,,,Team Totals,265,.518,.491,.299,.168,22.2,71.1,44.4,71.7,10.5,11.4,11.5,100.0,104.5,106.3,,
https://www.basketball-reference.com/boxscores/202201090BRK.html,"12:00 PM, January 9, 2022",Brooklyn Nets,San Antonio Spurs,121,119,BRK,,,Team Totals,265,47,98,.480,8,28,.286,19,22,.864,13,42,55,26,8,8,22,18,121,,,Team Totals,265,.562,.520,.286,.224,28.9,77.8,55.6,55.3,7.0,10.7,17.0,100.0,106.3,104.5,,
https://www.basketball-reference.com/boxscores/202201090DAL.html,"7:30 PM, January 9, 2022",Dallas Mavericks,Chicago Bulls,113,99,CHI,,,Team Totals,240,39,90,.433,11,33,.333,10,13,.769,8,31,39,23,8,3,7,15,99,,,Team Totals,240,.517,.494,.367,.144,16.3,81.6,44.8,59.0,8.6,5.8,6.8,100.0,106.3,121.4,,
https://www.basketball-reference.com/boxscores/202201090DAL.html,"7:30 PM, January 9, 2022",Dallas Mavericks,Chicago Bulls,113,99,DAL,,,Team Totals,240,44,88,.500,16,36,.444,9,9,1.000,7,41,48,28,4,2,10,14,113,,,Team Totals,240,.614,.591,.409,.102,18.4,83.7,55.2,63.6,4.3,3.5,9.8,100.0,121.4,106.3,,
https://www.basketball-reference.com/boxscores/202201090GSW.html,"8:30 PM, January 9, 2022",Golden State Warriors,Cleveland Cavaliers,96,82,CLE,,,Team Totals,240,32,75,.427,7,24,.292,11,18,.611,8,34,42,21,9,3,19,10,82,,,Team Totals,240,.494,.473,.320,.240,20.0,60.7,43.8,65.6,9.8,5.5,18.6,100.0,89.3,104.6,,
https://www.basketball-reference.com/boxscores/202201090GSW.html,"8:30 PM, January 9, 2022",Golden State Warriors,Cleveland Cavaliers,96,82,GSW,,,Team Totals,240,39,97,.402,10,42,.238,8,10,.800,22,32,54,24,16,5,15,20,96,,,Team Totals,240,.473,.454,.433,.103,39.3,80.0,56.3,61.5,17.4,9.8,12.9,100.0,104.6,89.3,,
https://www.basketball-reference.com/boxscores/202201090HOU.html,"7:00 PM, January 9, 2022",Houston Rockets,Minnesota Timberwolves,123,141,MIN,,,Team Totals,240,55,108,.509,15,42,.357,16,21,.762,18,38,56,37,10,10,11,22,141,,,Team Totals,240,.601,.579,.389,.194,34.0,79.2,55.4,67.3,9.2,18.5,8.6,100.0,129.4,112.9,,
https://www.basketball-reference.com/boxscores/202201090HOU.html,"7:00 PM, January 9, 2022",Houston Rockets,Minnesota Timberwolves,123,141,HOU,,,Team Totals,240,46,97,.474,14,43,.326,17,28,.607,10,35,45,31,5,6,13,17,123,,,Team Totals,240,.563,.546,.443,.289,20.8,66.0,44.6,67.4,4.6,9.1,10.6,100.0,112.9,129.4,,
https://www.basketball-reference.com/boxscores/202201090LAC.html,"3:30 PM, January 9, 2022",Los Angeles Clippers,Atlanta Hawks,106,93,ATL,,,Team Totals,240,35,78,.449,7,26,.269,16,19,.842,6,33,39,19,6,2,13,14,93,,,Team Totals,240,.538,.494,.333,.244,15.0,71.7,45.3,54.3,6.5,3.4,13.1,100.0,100.5,114.6,,
https://www.basketball-reference.com/boxscores/202201090LAC.html,"3:30 PM, January 9, 2022",Los Angeles Clippers,Atlanta Hawks,106,93,LAC,,,Team Totals,240,44,92,.478,12,33,.364,6,7,.857,13,34,47,24,5,4,13,18,106,,,Team Totals,240,.557,.543,.359,.076,28.3,85.0,54.7,54.5,5.4,7.7,12.0,100.0,114.6,100.5,,
https://www.basketball-reference.com/boxscores/202201090LAL.html,"9:30 PM, January 9, 2022",Los Angeles Lakers,Memphis Grizzlies,119,127,MEM,,,Team Totals,240,47,86,.547,11,30,.367,22,32,.688,10,37,47,33,10,10,14,22,127,,,Team Totals,240,.634,.610,.349,.372,27.0,72.5,53.4,70.2,9.9,15.6,12.3,100.0,125.2,117.3,,
https://www.basketball-reference.com/boxscores/202201090LAL.html,"9:30 PM, January 9, 2022",Los Angeles Lakers,Memphis Grizzlies,119,127,LAL,,,Team Totals,240,45,97,.464,14,33,.424,15,19,.789,14,27,41,26,6,7,12,25,119,,,Team Totals,240,.565,.536,.340,.196,27.5,73.0,46.6,57.8,5.9,12.5,10.2,100.0,117.3,125.2,,
https://www.basketball-reference.com/boxscores/202201090OKC.html,"7:00 PM, January 9, 2022",Oklahoma City Thunder,Denver Nuggets,95,99,DEN,,,Team Totals,240,37,89,.416,13,36,.361,12,16,.750,18,35,53,28,7,2,15,14,99,,,Team Totals,240,.515,.489,.404,.180,37.5,76.1,56.4,75.7,7.8,4.0,13.5,100.0,110.9,106.4,,
https://www.basketball-reference.com/boxscores/202201090OKC.html,"7:00 PM, January 9, 2022",Oklahoma City Thunder,Denver Nuggets,95,99,OKC,,,Team Totals,240,38,88,.432,9,38,.237,10,12,.833,11,30,41,29,9,7,9,13,95,,,Team Totals,240,.509,.483,.432,.136,23.9,62.5,43.6,76.3,10.1,13.2,8.8,100.0,106.4,110.9,,
https://www.basketball-reference.com/boxscores/202201090ORL.html,"6:00 PM, January 9, 2022",Orlando Magic,Washington Wizards,100,102,WAS,,,Team Totals,240,36,88,.409,11,29,.379,19,24,.792,12,42,54,23,1,6,13,21,102,,,Team Totals,240,.517,.472,.330,.273,26.7,82.4,56.3,63.9,1.0,9.0,11.7,100.0,104.9,102.9,,
https://www.basketball-reference.com/boxscores/202201090ORL.html,"6:00 PM, January 9, 2022",Orlando Magic,Washington Wizards,100,102,ORL,,,Team Totals,240,38,95,.400,9,28,.321,15,16,.938,9,33,42,18,9,6,8,21,100,,,Team Totals,240,.490,.447,.295,.168,17.6,73.3,43.8,47.4,9.3,10.2,7.3,100.0,102.9,104.9,,
https://www.basketball-reference.com/boxscores/202201090POR.html,"9:00 PM, January 9, 2022",Portland Trail Blazers,Sacramento Kings,103,88,SAC,,,Team Totals,240,33,85,.388,7,31,.226,15,21,.714,8,38,46,20,8,5,12,17,88,,,Team Totals,240,.467,.429,.365,.247,17.4,79.2,48.9,60.6,8.2,10.4,11.3,100.0,90.1,105.4,,
https://www.basketball-reference.com/boxscores/202201090POR.html,"9:00 PM, January 9, 2022",Portland Trail Blazers,Sacramento Kings,103,88,POR,,,Team Totals,240,37,88,.420,17,40,.425,12,15,.800,10,38,48,26,6,5,17,23,103,,,Team Totals,240,.544,.517,.455,.170,20.8,82.6,51.1,70.3,6.1,9.3,15.2,100.0,105.4,90.1,,
https://www.basketball-reference.com/boxscores/202201090TOR.html,"6:00 PM, January 9, 2022",Toronto Raptors,New Orleans Pelicans,105,101,NOP,,,Team Totals,240,34,75,.453,12,33,.364,21,25,.840,7,28,35,20,5,5,13,18,101,,,Team Totals,240,.587,.533,.440,.333,18.4,65.1,43.2,58.8,5.6,9.8,13.1,100.0,113.7,118.2,,
https://www.basketball-reference.com/boxscores/202201090TOR.html,"6:00 PM, January 9, 2022",Toronto Raptors,New Orleans Pelicans,105,101,TOR,,,Team Totals,240,36,85,.424,14,34,.412,19,20,.950,15,31,46,18,8,3,13,20,105,,,Team Totals,240,.560,.506,.400,.235,34.9,81.6,56.8,50.0,9.0,7.1,12.2,100.0,118.2,113.7,,
https://www.basketball-reference.com/boxscores/202201100BOS.html,"7:30 PM, January 10, 2022",Boston Celtics,Indiana Pacers,101,98,IND,,,Team Totals,265,36,94,.383,11,37,.297,15,17,.882,10,37,47,22,10,6,20,21,98,,,Team Totals,265,.483,.441,.394,.181,19.6,75.5,47.0,61.1,9.3,10.0,16.5,100.0,91.6,94.4,,
https://www.basketball-reference.com/boxscores/202201100BOS.html,"7:30 PM, January 10, 2022",Boston Celtics,Indiana Pacers,101,98,BOS,,,Team Totals,265,35,88,.398,8,28,.286,23,28,.821,12,41,53,17,10,6,20,19,101,,,Team Totals,265,.503,.443,.318,.318,24.5,80.4,53.0,48.6,9.3,10.5,16.6,100.0,94.4,91.6,,
https://www.basketball-reference.com/boxscores/202201100CHO.html,"7:00 PM, January 10, 2022",Charlotte Hornets,Milwaukee Bucks,103,99,MIL,,,Team Totals,240,37,84,.440,13,43,.302,12,16,.750,7,41,48,25,7,2,20,17,99,,,Team Totals,240,.544,.518,.512,.190,16.7,75.9,50.0,67.6,6.9,3.8,18.0,100.0,97.3,101.2,,
https://www.basketball-reference.com/boxscores/202201100CHO.html,"7:00 PM, January 10, 2022",Charlotte Hornets,Milwaukee Bucks,103,99,CHO,,,Team Totals,240,38,96,.396,13,44,.295,14,16,.875,13,35,48,23,12,3,14,16,103,,,Team Totals,240,.500,.464,.458,.167,24.1,83.3,50.0,60.5,11.8,7.3,12.0,100.0,101.2,97.3,,
https://www.basketball-reference.com/boxscores/202201100DET.html,"7:00 PM, January 10, 2022",Detroit Pistons,Utah Jazz,126,116,UTA,,,Team Totals,240,44,86,.512,11,33,.333,17,22,.773,10,30,40,23,9,4,16,16,116,,,Team Totals,240,.606,.576,.384,.256,25.0,76.9,50.6,52.3,9.1,7.1,14.3,100.0,117.0,127.1,,
https://www.basketball-reference.com/boxscores/202201100DET.html,"7:00 PM, January 10, 2022",Detroit Pistons,Utah Jazz,126,116,DET,,,Team Totals,240,48,93,.516,19,37,.514,11,12,.917,9,30,39,30,9,7,12,20,126,,,Team Totals,240,.641,.618,.398,.129,23.1,75.0,49.4,62.5,9.1,13.2,10.9,100.0,127.1,117.0,,
https://www.basketball-reference.com/boxscores/202201100HOU.html,"8:00 PM, January 10, 2022",Houston Rockets,Philadelphia 76ers,91,111,PHI,,,Team Totals,240,43,94,.457,10,35,.286,15,18,.833,14,33,47,23,14,7,15,21,111,,,Team Totals,240,.545,.511,.372,.191,30.4,82.5,54.7,53.5,14.0,20.0,12.8,100.0,111.2,91.2,,
https://www.basketball-reference.com/boxscores/202201100HOU.html,"8:00 PM, January 10, 2022",Houston Rockets,Philadelphia 76ers,91,111,HOU,,,Team Totals,240,30,77,.390,13,42,.310,18,27,.667,7,32,39,18,8,7,21,11,91,,,Team Totals,240,.512,.474,.545,.351,17.5,69.6,45.3,60.0,8.0,11.9,19.1,100.0,91.2,111.2,,
https://www.basketball-reference.com/boxscores/202201100NYK.html,"7:30 PM, January 10, 2022",New York Knicks,San Antonio Spurs,111,96,SAS,,,Team Totals,240,39,95,.411,8,29,.276,10,15,.667,13,30,43,19,7,7,10,18,96,,,Team Totals,240,.472,.453,.305,.158,24.5,76.9,46.7,48.7,7.3,14.0,9.0,100.0,99.7,115.3,,
https://www.basketball-reference.com/boxscores/202201100NYK.html,"7:30 PM, January 10, 2022",New York Knicks,San Antonio Spurs,111,96,NYK,,,Team Totals,240,40,82,.488,13,32,.406,18,24,.750,9,40,49,23,7,9,15,22,111,,,Team Totals,240,.600,.567,.390,.293,23.1,75.5,53.3,57.5,7.3,13.6,13.9,100.0,115.3,99.7,,
https://www.basketball-reference.com/boxscores/202201100POR.html,"10:00 PM, January 10, 2022",Portland Trail Blazers,Brooklyn Nets,114,108,BRK,,,Team Totals,240,42,91,.462,12,32,.375,12,15,.800,12,30,42,23,9,6,15,22,108,,,Team Totals,240,.553,.527,.352,.165,25.0,73.2,47.2,54.8,9.1,12.5,13.3,100.0,109.6,115.7,,
https://www.basketball-reference.com/boxscores/202201100POR.html,"10:00 PM, January 10, 2022",Portland Trail Blazers,Brooklyn Nets,114,108,POR,,,Team Totals,240,40,86,.465,15,38,.395,19,26,.731,11,36,47,23,8,9,15,17,114,,,Team Totals,240,.585,.552,.442,.302,26.8,75.0,52.8,57.5,8.1,15.3,13.3,100.0,115.7,109.6,,
https://www.basketball-reference.com/boxscores/202201100SAC.html,"10:00 PM, January 10, 2022",Sacramento Kings,Cleveland Cavaliers,108,109,CLE,,,Team Totals,240,43,87,.494,10,34,.294,13,15,.867,14,34,48,29,6,8,17,18,109,,,Team Totals,240,.582,.552,.391,.172,33.3,69.4,52.7,67.4,6.3,13.1,15.4,100.0,115.3,114.2,,
https://www.basketball-reference.com/boxscores/202201100SAC.html,"10:00 PM, January 10, 2022",Sacramento Kings,Cleveland Cavaliers,108,109,SAC,,,Team Totals,240,39,91,.429,14,30,.467,16,22,.727,15,28,43,20,10,3,12,16,108,,,Team Totals,240,.536,.505,.330,.242,30.6,66.7,47.3,51.3,10.6,5.7,10.6,100.0,114.2,115.3,,
https://www.basketball-reference.com/boxscores/202201110CHI.html,"8:00 PM, January 11, 2022",Chicago Bulls,Detroit Pistons,133,87,DET,,,Team Totals,240,30,89,.337,6,35,.171,21,27,.778,15,26,41,17,9,7,18,20,87,,,Team Totals,240,.431,.371,.393,.303,24.2,65.0,40.2,56.7,8.8,12.1,15.1,100.0,85.1,130.1,,
https://www.basketball-reference.com/boxscores/202201110CHI.html,"8:00 PM, January 11, 2022",Chicago Bulls,Detroit Pistons,133,87,CHI,,,Team Totals,240,50,92,.543,18,34,.529,15,19,.789,14,47,61,33,13,4,18,23,133,,,Team Totals,240,.663,.641,.370,.207,35.0,75.8,59.8,66.0,12.7,7.4,15.2,100.0,130.1,85.1,,
https://www.basketball-reference.com/boxscores/202201110LAC.html,"10:30 PM, January 11, 2022",Los Angeles Clippers,Denver Nuggets,87,85,DEN,,,Team Totals,240,32,80,.400,4,33,.121,17,20,.850,13,43,56,24,4,2,20,19,85,,,Team Totals,240,.479,.425,.413,.250,31.7,93.5,64.4,75.0,4.3,4.0,18.4,100.0,91.4,93.5,,
https://www.basketball-reference.com/boxscores/202201110LAC.html,"10:30 PM, January 11, 2022",Los Angeles Clippers,Denver Nuggets,87,85,LAC,,,Team Totals,240,34,84,.405,10,34,.294,9,12,.750,3,28,31,23,12,4,9,22,87,,,Team Totals,240,.487,.464,.405,.143,6.5,68.3,35.6,67.6,12.9,8.5,9.2,100.0,93.5,91.4,,
https://www.basketball-reference.com/boxscores/202201110MEM.html,"8:00 PM, January 11, 2022",Memphis Grizzlies,Golden State Warriors,116,108,GSW,,,Team Totals,240,35,82,.427,13,36,.361,25,29,.862,4,41,45,25,8,5,17,19,108,,,Team Totals,240,.570,.506,.439,.354,9.5,78.8,47.9,71.4,7.6,7.6,15.2,100.0,102.2,109.8,,
https://www.basketball-reference.com/boxscores/202201110MEM.html,"8:00 PM, January 11, 2022",Memphis Grizzlies,Golden State Warriors,116,108,MEM,,,Team Totals,240,44,100,.440,14,34,.412,14,18,.778,11,38,49,30,11,8,11,18,116,,,Team Totals,240,.537,.510,.340,.180,21.2,90.5,52.1,68.2,10.4,17.4,9.2,100.0,109.8,102.2,,
https://www.basketball-reference.com/boxscores/202201110NOP.html,"8:00 PM, January 11, 2022",New Orleans Pelicans,Minnesota Timberwolves,128,125,MIN,,,Team Totals,240,42,86,.488,18,39,.462,23,31,.742,9,23,32,27,11,4,13,24,125,,,Team Totals,240,.627,.593,.453,.360,23.7,71.9,45.7,64.3,10.9,9.3,11.5,100.0,123.9,126.8,,
https://www.basketball-reference.com/boxscores/202201110NOP.html,"8:00 PM, January 11, 2022",New Orleans Pelicans,Minnesota Timberwolves,128,125,NOP,,,Team Totals,240,42,76,.553,16,33,.485,28,37,.757,9,29,38,33,6,1,21,26,128,,,Team Totals,240,.694,.658,.434,.487,28.1,76.3,54.3,78.6,5.9,2.1,18.5,100.0,126.8,123.9,,
https://www.basketball-reference.com/boxscores/202201110TOR.html,"7:30 PM, January 11, 2022",Toronto Raptors,Phoenix Suns,95,99,PHO,,,Team Totals,240,35,74,.473,11,32,.344,18,22,.818,10,29,39,25,10,2,20,23,99,,,Team Totals,240,.592,.547,.432,.297,28.6,56.9,45.3,71.4,11.0,3.8,19.3,100.0,109.1,104.7,,
https://www.basketball-reference.com/boxscores/202201110TOR.html,"7:30 PM, January 11, 2022",Toronto Raptors,Phoenix Suns,95,99,TOR,,,Team Totals,240,36,89,.404,8,37,.216,15,25,.600,22,25,47,15,11,3,16,20,95,,,Team Totals,240,.475,.449,.416,.281,43.1,71.4,54.7,41.7,12.1,7.1,13.8,100.0,104.7,109.1,,
https://www.basketball-reference.com/boxscores/202201110WAS.html,"7:00 PM, January 11, 2022",Washington Wizards,Oklahoma City Thunder,122,118,OKC,,,Team Totals,240,47,98,.480,11,39,.282,13,15,.867,9,32,41,23,5,1,5,20,118,,,Team Totals,240,.564,.536,.398,.153,20.5,82.1,49.4,48.9,5.1,1.9,4.6,100.0,121.4,125.5,,
https://www.basketball-reference.com/boxscores/202201110WAS.html,"7:00 PM, January 11, 2022",Washington Wizards,Oklahoma City Thunder,122,118,WAS,,,Team Totals,240,47,87,.540,11,33,.333,17,23,.739,7,35,42,29,3,7,8,15,122,,,Team Totals,240,.628,.603,.379,.264,17.9,79.5,50.6,61.7,3.1,11.9,7.6,100.0,125.5,121.4,,
https://www.basketball-reference.com/boxscores/202201120ATL.html,"7:30 PM, January 12, 2022",Atlanta Hawks,Miami Heat,91,115,MIA,,,Team Totals,240,43,90,.478,16,45,.356,13,14,.929,10,44,54,28,7,4,15,20,115,,,Team Totals,240,.598,.567,.500,.156,24.4,88.0,59.3,65.1,7.1,10.8,13.5,100.0,116.8,92.4,,
https://www.basketball-reference.com/boxscores/202201120ATL.html,"7:30 PM, January 12, 2022",Atlanta Hawks,Miami Heat,91,115,ATL,,,Team Totals,240,31,82,.378,13,45,.289,16,23,.696,6,31,37,20,8,3,14,15,91,,,Team Totals,240,.494,.457,.549,.280,12.0,75.6,40.7,64.5,8.1,6.7,13.2,100.0,92.4,116.8,,
https://www.basketball-reference.com/boxscores/202201120CHI.html,"10:00 PM, January 12, 2022",Chicago Bulls,Brooklyn Nets,112,138,BRK,,,Team Totals,240,49,87,.563,17,32,.531,23,28,.821,7,34,41,35,11,4,10,21,138,,,Team Totals,240,.695,.661,.368,.322,21.9,77.3,53.9,71.4,11.0,7.8,9.1,100.0,138.5,112.4,,
https://www.basketball-reference.com/boxscores/202201120CHI.html,"10:00 PM, January 12, 2022",Chicago Bulls,Brooklyn Nets,112,138,CHI,,,Team Totals,240,38,81,.469,11,30,.367,25,31,.806,10,25,35,22,5,6,17,20,112,,,Team Totals,240,.592,.537,.370,.383,22.7,78.1,46.1,57.9,5.0,10.9,15.2,100.0,112.4,138.5,,
https://www.basketball-reference.com/boxscores/202201120IND.html,"7:00 PM, January 12, 2022",Indiana Pacers,Boston Celtics,100,119,BOS,,,Team Totals,240,40,78,.513,18,38,.474,21,25,.840,7,30,37,23,6,5,13,22,119,,,Team Totals,240,.669,.628,.487,.321,21.2,73.2,50.0,57.5,6.5,10.0,12.7,100.0,128.5,108.0,,
https://www.basketball-reference.com/boxscores/202201120IND.html,"7:00 PM, January 12, 2022",Indiana Pacers,Boston Celtics,100,119,IND,,,Team Totals,240,40,86,.465,7,36,.194,13,20,.650,11,26,37,27,6,5,12,24,100,,,Team Totals,240,.527,.506,.419,.233,26.8,78.8,50.0,67.5,6.5,12.5,11.2,100.0,108.0,128.5,,
https://www.basketball-reference.com/boxscores/202201120NYK.html,"7:30 PM, January 12, 2022",New York Knicks,Dallas Mavericks,108,85,DAL,,,Team Totals,240,32,78,.410,8,37,.216,13,19,.684,5,34,39,16,6,2,13,18,85,,,Team Totals,240,.492,.462,.474,.244,10.4,75.6,41.9,50.0,6.5,3.2,13.1,100.0,91.4,116.2,,
https://www.basketball-reference.com/boxscores/202201120NYK.html,"7:30 PM, January 12, 2022",New York Knicks,Dallas Mavericks,108,85,NYK,,,Team Totals,240,42,90,.467,12,27,.444,12,15,.800,11,43,54,24,5,4,9,21,108,,,Team Totals,240,.559,.533,.300,.167,24.4,89.6,58.1,57.1,5.4,9.8,8.5,100.0,116.2,91.4,,
https://www.basketball-reference.com/boxscores/202201120PHI.html,"7:00 PM, January 12, 2022",Philadelphia 76ers,Charlotte Hornets,98,109,CHO,,,Team Totals,240,46,89,.517,10,34,.294,7,8,.875,7,35,42,29,9,3,12,21,109,,,Team Totals,240,.589,.573,.382,.090,18.9,92.1,56.0,63.0,9.3,7.0,11.5,100.0,112.7,101.3,,
https://www.basketball-reference.com/boxscores/202201120PHI.html,"7:00 PM, January 12, 2022",Philadelphia 76ers,Charlotte Hornets,98,109,PHI,,,Team Totals,240,34,73,.466,12,30,.400,18,28,.643,3,30,33,18,3,3,17,13,98,,,Team Totals,240,.574,.548,.411,.384,7.9,81.1,44.0,52.9,3.1,5.5,16.6,100.0,101.3,112.7,,
https://www.basketball-reference.com/boxscores/202201120SAC.html,"10:00 PM, January 12, 2022",Sacramento Kings,Los Angeles Lakers,125,116,LAL,,,Team Totals,240,42,98,.429,16,47,.340,16,24,.667,15,30,45,25,6,3,9,19,116,,,Team Totals,240,.534,.510,.480,.245,28.8,78.9,50.0,59.5,6.0,5.1,7.7,100.0,116.1,125.1,,
https://www.basketball-reference.com/boxscores/202201120SAC.html,"10:00 PM, January 12, 2022",Sacramento Kings,Los Angeles Lakers,125,116,SAC,,,Team Totals,240,49,89,.551,11,30,.367,16,19,.842,8,37,45,28,8,7,13,20,125,,,Team Totals,240,.642,.612,.337,.213,21.1,71.2,50.0,57.1,8.0,13.7,11.8,100.0,125.1,116.1,,
https://www.basketball-reference.com/boxscores/202201120SAS.html,"8:30 PM, January 12, 2022",San Antonio Spurs,Houston Rockets,124,128,HOU,,,Team Totals,240,45,82,.549,16,36,.444,22,32,.688,4,44,48,23,5,7,14,24,128,,,Team Totals,240,.666,.646,.439,.390,10.5,83.0,52.7,51.1,4.7,13.2,12.7,100.0,120.0,116.3,,
https://www.basketball-reference.com/boxscores/202201120SAS.html,"8:30 PM, January 12, 2022",San Antonio Spurs,Houston Rockets,124,128,SAS,,,Team Totals,240,43,99,.434,17,46,.370,21,27,.778,9,34,43,27,10,5,9,24,124,,,Team Totals,240,.559,.520,.465,.273,17.0,89.5,47.3,62.8,9.4,10.9,7.5,100.0,116.3,120.0,,
https://www.basketball-reference.com/boxscores/202201120UTA.html,"9:00 PM, January 12, 2022",Utah Jazz,Cleveland Cavaliers,91,111,CLE,,,Team Totals,240,43,81,.531,11,30,.367,14,17,.824,7,43,50,28,6,3,15,17,111,,,Team Totals,240,.627,.599,.370,.210,20.0,91.5,61.0,65.1,6.4,7.9,14.5,100.0,119.1,97.6,,
https://www.basketball-reference.com/boxscores/202201120UTA.html,"9:00 PM, January 12, 2022",Utah Jazz,Cleveland Cavaliers,91,111,UTA,,,Team Totals,240,34,85,.400,16,47,.340,7,11,.636,4,28,32,11,7,2,7,16,91,,,Team Totals,240,.506,.494,.553,.129,8.5,80.0,39.0,32.4,7.5,3.9,7.2,100.0,97.6,119.1,,
https://www.basketball-reference.com/boxscores/202201120WAS.html,"7:00 PM, January 12, 2022",Washington Wizards,Orlando Magic,112,106,ORL,,,Team Totals,240,41,99,.414,11,35,.314,13,16,.813,18,31,49,31,6,6,9,16,106,,,Team Totals,240,.500,.470,.354,.162,33.3,83.8,53.8,75.6,6.4,11.8,7.8,100.0,113.2,119.6,,
https://www.basketball-reference.com/boxscores/202201120WAS.html,"7:00 PM, January 12, 2022",Washington Wizards,Orlando Magic,112,106,WAS,,,Team Totals,240,43,82,.524,10,31,.323,16,21,.762,6,36,42,26,6,4,10,14,112,,,Team Totals,240,.614,.585,.378,.256,16.2,66.7,46.2,60.5,6.4,6.3,9.9,100.0,119.6,113.2,,
https://www.basketball-reference.com/boxscores/202201130BRK.html,"8:30 PM, January 13, 2022",Brooklyn Nets,Oklahoma City Thunder,109,130,OKC,,,Team Totals,240,47,91,.516,20,45,.444,16,18,.889,9,29,38,32,8,7,11,19,130,,,Team Totals,240,.657,.626,.495,.198,23.7,58.0,43.2,68.1,8.4,10.6,10.0,100.0,136.0,114.0,,
https://www.basketball-reference.com/boxscores/202201130BRK.html,"8:30 PM, January 13, 2022",Brooklyn Nets,Oklahoma City Thunder,109,130,BRK,,,Team Totals,240,41,98,.418,7,32,.219,20,22,.909,21,29,50,16,7,11,12,19,109,,,Team Totals,240,.506,.454,.327,.224,42.0,76.3,56.8,39.0,7.3,23.9,10.0,100.0,114.0,136.0,,
https://www.basketball-reference.com/boxscores/202201130DEN.html,"10:00 PM, January 13, 2022",Denver Nuggets,Portland Trail Blazers,140,108,POR,,,Team Totals,240,39,86,.453,13,40,.325,17,28,.607,11,23,34,28,11,5,15,18,108,,,Team Totals,240,.549,.529,.465,.326,24.4,79.3,45.9,71.8,11.0,12.2,13.2,100.0,108.0,140.0,,
https://www.basketball-reference.com/boxscores/202201130DEN.html,"10:00 PM, January 13, 2022",Denver Nuggets,Portland Trail Blazers,140,108,DEN,,,Team Totals,240,52,83,.627,21,42,.500,15,20,.750,6,34,40,35,7,3,16,25,140,,,Team Totals,240,.763,.753,.506,.241,20.7,75.6,54.1,67.3,7.0,6.5,14.8,100.0,140.0,108.0,,
https://www.basketball-reference.com/boxscores/202201130MEM.html,"8:00 PM, January 13, 2022",Memphis Grizzlies,Minnesota Timberwolves,116,108,MIN,,,Team Totals,240,41,96,.427,15,48,.313,11,14,.786,12,34,46,23,4,8,18,26,108,,,Team Totals,240,.529,.505,.500,.146,23.1,68.0,45.1,56.1,3.8,13.3,15.0,100.0,103.4,111.1,,
https://www.basketball-reference.com/boxscores/202201130MEM.html,"8:00 PM, January 13, 2022",Memphis Grizzlies,Minnesota Timberwolves,116,108,MEM,,,Team Totals,240,42,92,.457,8,32,.250,24,35,.686,16,40,56,22,10,7,14,15,116,,,Team Totals,240,.540,.500,.348,.380,32.0,76.9,54.9,52.4,9.6,14.6,11.5,100.0,111.1,103.4,,
https://www.basketball-reference.com/boxscores/202201130MIL.html,"7:30 PM, January 13, 2022",Milwaukee Bucks,Golden State Warriors,118,99,GSW,,,Team Totals,240,33,95,.347,16,48,.333,17,24,.708,12,37,49,20,9,2,15,15,99,,,Team Totals,240,.469,.432,.505,.253,19.7,88.1,47.6,60.6,8.5,4.4,12.4,100.0,93.7,111.6,,
https://www.basketball-reference.com/boxscores/202201130MIL.html,"7:30 PM, January 13, 2022",Milwaukee Bucks,Golden State Warriors,118,99,MIL,,,Team Totals,240,44,86,.512,18,41,.439,12,18,.667,5,49,54,29,10,7,17,16,118,,,Team Totals,240,.628,.616,.477,.209,11.9,80.3,52.4,65.9,9.5,14.9,15.3,100.0,111.6,93.7,,
https://www.basketball-reference.com/boxscores/202201130NOP.html,"8:00 PM, January 13, 2022",New Orleans Pelicans,Los Angeles Clippers,113,89,LAC,,,Team Totals,240,31,81,.383,10,34,.294,17,20,.850,5,41,46,19,2,7,15,16,89,,,Team Totals,240,.496,.444,.420,.247,10.2,75.9,44.7,61.3,2.1,12.1,14.3,100.0,91.7,116.5,,
https://www.basketball-reference.com/boxscores/202201130NOP.html,"8:00 PM, January 13, 2022",New Orleans Pelicans,Los Angeles Clippers,113,89,NOP,,,Team Totals,240,43,97,.443,14,39,.359,13,16,.813,13,44,57,23,8,4,6,18,113,,,Team Totals,240,.543,.515,.402,.165,24.1,89.8,55.3,53.5,8.2,8.5,5.5,100.0,116.5,91.7,,
https://www.basketball-reference.com/boxscores/202201140CHI.html,"7:30 PM, January 14, 2022",Chicago Bulls,Golden State Warriors,96,138,GSW,,,Team Totals,240,53,94,.564,19,42,.452,13,17,.765,9,38,47,39,12,5,7,17,138,,,Team Totals,240,.680,.665,.447,.181,25.7,79.2,56.6,73.6,12.4,10.2,6.5,100.0,142.6,99.2,,
https://www.basketball-reference.com/boxscores/202201140CHI.html,"7:30 PM, January 14, 2022",Chicago Bulls,Golden State Warriors,96,138,CHI,,,Team Totals,240,37,87,.425,10,38,.263,12,18,.667,10,26,36,26,4,5,14,19,96,,,Team Totals,240,.506,.483,.437,.207,20.8,74.3,43.4,70.3,4.1,9.6,12.9,100.0,99.2,142.6,,
https://www.basketball-reference.com/boxscores/202201140CHO.html,"7:00 PM, January 14, 2022",Charlotte Hornets,Orlando Magic,109,116,ORL,,,Team Totals,240,45,87,.517,15,45,.333,11,15,.733,4,39,43,32,9,4,20,18,116,,,Team Totals,240,.620,.603,.517,.172,10.8,78.0,49.4,71.1,8.3,7.3,17.6,100.0,106.9,100.4,,
https://www.basketball-reference.com/boxscores/202201140CHO.html,"7:00 PM, January 14, 2022",Charlotte Hornets,Orlando Magic,109,116,CHO,,,Team Totals,240,40,97,.412,12,42,.286,17,21,.810,11,33,44,28,9,5,17,20,109,,,Team Totals,240,.513,.474,.433,.216,22.0,89.2,50.6,70.0,8.3,11.9,13.8,100.0,100.4,106.9,,
https://www.basketball-reference.com/boxscores/202201140DET.html,"7:00 PM, January 14, 2022",Detroit Pistons,Toronto Raptors,103,87,TOR,,,Team Totals,240,28,87,.322,11,38,.289,20,26,.769,16,30,46,18,5,4,11,24,87,,,Team Totals,240,.442,.385,.437,.299,32.0,76.9,51.7,64.3,5.7,7.4,10.1,100.0,99.0,117.2,,
https://www.basketball-reference.com/boxscores/202201140DET.html,"7:00 PM, January 14, 2022",Detroit Pistons,Toronto Raptors,103,87,DET,,,Team Totals,240,38,81,.469,8,27,.296,19,23,.826,9,34,43,22,7,6,8,25,103,,,Team Totals,240,.565,.519,.333,.284,23.1,68.0,48.3,57.9,8.0,12.2,8.1,100.0,117.2,99.0,,
https://www.basketball-reference.com/boxscores/202201140IND.html,"7:00 PM, January 14, 2022",Indiana Pacers,Phoenix Suns,94,112,PHO,,,Team Totals,240,40,88,.455,11,28,.393,21,23,.913,12,39,51,24,8,6,15,18,112,,,Team Totals,240,.571,.517,.318,.261,26.7,81.3,54.8,60.0,8.2,13.3,13.3,100.0,114.9,96.5,,
https://www.basketball-reference.com/boxscores/202201140IND.html,"7:00 PM, January 14, 2022",Indiana Pacers,Phoenix Suns,94,112,IND,,,Team Totals,240,34,88,.386,13,43,.302,13,18,.722,9,33,42,20,9,7,12,20,94,,,Team Totals,240,.490,.460,.489,.205,18.8,73.3,45.2,58.8,9.2,11.7,11.1,100.0,96.5,114.9,,
https://www.basketball-reference.com/boxscores/202201140MEM.html,"10:00 PM, January 14, 2022",Memphis Grizzlies,Dallas Mavericks,85,112,DAL,,,Team Totals,240,47,91,.516,8,32,.250,10,16,.625,8,44,52,30,8,1,15,19,112,,,Team Totals,240,.571,.560,.352,.176,20.5,81.5,55.9,63.8,8.0,1.7,13.3,100.0,111.4,84.6,,
https://www.basketball-reference.com/boxscores/202201140MEM.html,"10:00 PM, January 14, 2022",Memphis Grizzlies,Dallas Mavericks,85,112,MEM,,,Team Totals,240,34,89,.382,7,31,.226,10,13,.769,10,31,41,19,8,6,15,16,85,,,Team Totals,240,.449,.421,.348,.146,18.5,79.5,44.1,55.9,8.0,10.2,13.7,100.0,84.6,111.4,,
https://www.basketball-reference.com/boxscores/202201140MIA.html,"8:00 PM, January 14, 2022",Miami Heat,Atlanta Hawks,124,118,ATL,,,Team Totals,240,38,79,.481,16,38,.421,26,30,.867,9,25,34,26,6,6,16,27,118,,,Team Totals,240,.640,.582,.481,.380,24.3,73.5,47.9,68.4,6.3,12.8,14.8,100.0,123.5,129.8,,
https://www.basketball-reference.com/boxscores/202201140MIA.html,"8:00 PM, January 14, 2022",Miami Heat,Atlanta Hawks,124,118,MIA,,,Team Totals,240,41,77,.532,14,30,.467,28,30,.933,9,28,37,30,6,5,16,27,124,,,Team Totals,240,.687,.623,.390,.390,26.5,75.7,52.1,73.2,6.3,12.2,15.1,100.0,129.8,123.5,,
https://www.basketball-reference.com/boxscores/202201140PHI.html,"7:00 PM, January 14, 2022",Philadelphia 76ers,Boston Celtics,111,99,BOS,,,Team Totals,240,37,78,.474,11,31,.355,14,18,.778,7,37,44,20,4,4,20,21,99,,,Team Totals,240,.576,.545,.397,.231,17.5,84.1,52.4,54.1,4.1,9.1,18.9,100.0,101.8,114.1,,
https://www.basketball-reference.com/boxscores/202201140PHI.html,"7:00 PM, January 14, 2022",Philadelphia 76ers,Boston Celtics,111,99,PHI,,,Team Totals,240,38,85,.447,14,41,.341,21,25,.840,7,33,40,26,12,4,10,19,111,,,Team Totals,240,.578,.529,.482,.294,15.9,82.5,47.6,68.4,12.3,8.5,9.4,100.0,114.1,101.8,,
https://www.basketball-reference.com/boxscores/202201140SAC.html,"10:00 PM, January 14, 2022",Sacramento Kings,Houston Rockets,126,114,HOU,,,Team Totals,240,44,101,.436,13,43,.302,13,16,.813,13,37,50,25,7,4,17,19,114,,,Team Totals,240,.528,.500,.426,.158,24.5,74.0,48.5,56.8,6.5,6.8,13.6,100.0,105.7,116.8,,
https://www.basketball-reference.com/boxscores/202201140SAC.html,"10:00 PM, January 14, 2022",Sacramento Kings,Houston Rockets,126,114,SAC,,,Team Totals,240,48,96,.500,13,37,.351,17,24,.708,13,40,53,33,8,7,14,23,126,,,Team Totals,240,.591,.568,.385,.250,26.0,75.5,51.5,68.8,7.4,12.1,11.6,100.0,116.8,105.7,,
https://www.basketball-reference.com/boxscores/202201140SAS.html,"8:30 PM, January 14, 2022",San Antonio Spurs,Cleveland Cavaliers,109,114,CLE,,,Team Totals,240,46,95,.484,8,20,.400,14,24,.583,12,34,46,24,7,3,9,13,114,,,Team Totals,240,.540,.526,.211,.253,24.5,77.3,49.5,52.2,7.0,5.2,7.9,100.0,113.5,108.6,,
https://www.basketball-reference.com/boxscores/202201140SAS.html,"8:30 PM, January 14, 2022",San Antonio Spurs,Cleveland Cavaliers,109,114,SAS,,,Team Totals,240,42,92,.457,15,34,.441,10,13,.769,10,37,47,22,6,5,15,24,109,,,Team Totals,240,.558,.538,.370,.141,22.7,75.5,50.5,52.4,6.0,6.7,13.3,100.0,108.6,113.5,,
https://www.basketball-reference.com/boxscores/202201150ATL.html,"7:30 PM, January 15, 2022",Atlanta Hawks,New York Knicks,108,117,NYK,,,Team Totals,240,42,83,.506,13,31,.419,20,26,.769,11,33,44,24,2,0,11,20,117,,,Team Totals,240,.619,.584,.373,.313,28.9,89.2,58.7,57.1,2.2,0.0,10.4,100.0,128.0,118.1,,
https://www.basketball-reference.com/boxscores/202201150ATL.html,"7:30 PM, January 15, 2022",Atlanta Hawks,New York Knicks,108,117,ATL,,,Team Totals,240,40,80,.500,16,44,.364,12,17,.706,4,27,31,23,5,5,9,20,108,,,Team Totals,240,.617,.600,.550,.213,10.8,71.1,41.3,57.5,5.5,9.6,9.3,100.0,118.1,128.0,,
https://www.basketball-reference.com/boxscores/202201150BOS.html,"8:30 PM, January 15, 2022",Boston Celtics,Chicago Bulls,114,112,CHI,,,Team Totals,240,44,87,.506,12,29,.414,12,15,.800,7,25,32,31,3,3,6,19,112,,,Team Totals,240,.598,.575,.333,.172,17.5,59.5,39.0,70.5,3.3,4.7,6.0,100.0,124.7,126.9,,
https://www.basketball-reference.com/boxscores/202201150BOS.html,"8:30 PM, January 15, 2022",Boston Celtics,Chicago Bulls,114,112,BOS,,,Team Totals,240,44,90,.489,9,26,.346,17,19,.895,17,33,50,27,6,6,11,15,114,,,Team Totals,240,.580,.539,.289,.211,40.5,82.5,61.0,61.4,6.7,10.3,10.1,100.0,126.9,124.7,,
https://www.basketball-reference.com/boxscores/202201150BRK.html,"7:30 PM, January 15, 2022",Brooklyn Nets,New Orleans Pelicans,120,105,NOP,,,Team Totals,240,40,87,.460,9,31,.290,16,24,.667,12,23,35,27,9,3,12,18,105,,,Team Totals,240,.538,.511,.356,.276,25.5,71.9,44.3,67.5,9.4,5.3,11.0,100.0,109.9,125.6,,
https://www.basketball-reference.com/boxscores/202201150BRK.html,"7:30 PM, January 15, 2022",Brooklyn Nets,New Orleans Pelicans,120,105,BRK,,,Team Totals,240,46,84,.548,12,27,.444,16,17,.941,9,35,44,30,5,5,16,21,120,,,Team Totals,240,.656,.619,.321,.202,28.1,74.5,55.7,65.2,5.2,8.9,14.9,100.0,125.6,109.9,,
https://www.basketball-reference.com/boxscores/202201150DAL.html,"9:30 PM, January 15, 2022",Dallas Mavericks,Orlando Magic,108,92,ORL,,,Team Totals,240,37,77,.481,7,26,.269,11,16,.688,5,32,37,16,7,3,17,26,92,,,Team Totals,240,.547,.526,.338,.208,12.5,72.7,44.0,43.2,7.6,6.8,16.8,100.0,99.6,116.9,,
https://www.basketball-reference.com/boxscores/202201150DAL.html,"9:30 PM, January 15, 2022",Dallas Mavericks,Orlando Magic,108,92,DAL,,,Team Totals,240,32,78,.410,12,34,.353,32,38,.842,12,35,47,16,6,3,10,18,108,,,Team Totals,240,.570,.487,.436,.487,27.3,87.5,56.0,50.0,6.5,5.9,9.5,100.0,116.9,99.6,,
https://www.basketball-reference.com/boxscores/202201150DEN.html,"9:00 PM, January 15, 2022",Denver Nuggets,Los Angeles Lakers,133,96,LAL,,,Team Totals,240,36,82,.439,10,30,.333,14,19,.737,8,33,41,21,4,3,11,15,96,,,Team Totals,240,.531,.500,.366,.232,16.0,78.6,44.6,58.3,4.3,5.9,10.9,100.0,103.0,142.7,,
https://www.basketball-reference.com/boxscores/202201150DEN.html,"9:00 PM, January 15, 2022",Denver Nuggets,Los Angeles Lakers,133,96,DEN,,,Team Totals,240,47,91,.516,23,40,.575,16,17,.941,9,42,51,35,9,2,6,17,133,,,Team Totals,240,.675,.643,.440,.187,21.4,84.0,55.4,74.5,9.7,3.8,5.7,100.0,142.7,103.0,,
https://www.basketball-reference.com/boxscores/202201150MIA.html,"8:00 PM, January 15, 2022",Miami Heat,Philadelphia 76ers,98,109,PHI,,,Team Totals,240,40,79,.506,13,32,.406,16,21,.762,6,37,43,24,5,5,15,22,109,,,Team Totals,240,.618,.589,.405,.266,16.2,75.5,50.0,60.0,5.3,9.8,14.5,100.0,114.9,103.3,,
https://www.basketball-reference.com/boxscores/202201150MIA.html,"8:00 PM, January 15, 2022",Miami Heat,Philadelphia 76ers,98,109,MIA,,,Team Totals,240,33,86,.384,9,35,.257,23,30,.767,12,31,43,24,10,4,10,18,98,,,Team Totals,240,.494,.436,.407,.349,24.5,83.8,50.0,72.7,10.5,8.5,9.2,100.0,103.3,114.9,,
https://www.basketball-reference.com/boxscores/202201150MIL.html,"6:30 PM, January 15, 2022",Milwaukee Bucks,Toronto Raptors,96,103,TOR,,,Team Totals,240,40,91,.440,12,35,.343,11,20,.550,16,34,50,25,7,8,15,25,103,,,Team Totals,240,.516,.505,.385,.220,33.3,79.1,54.9,62.5,7.4,21.1,13.1,100.0,109.3,101.9,,
https://www.basketball-reference.com/boxscores/202201150MIL.html,"6:30 PM, January 15, 2022",Milwaukee Bucks,Toronto Raptors,96,103,MIL,,,Team Totals,240,26,77,.338,12,39,.308,32,35,.914,9,32,41,19,8,8,13,23,96,,,Team Totals,240,.519,.416,.506,.455,20.9,66.7,45.1,73.1,8.5,14.3,12.3,100.0,101.9,109.3,,
https://www.basketball-reference.com/boxscores/202201150OKC.html,"8:00 PM, January 15, 2022",Oklahoma City Thunder,Cleveland Cavaliers,102,107,CLE,,,Team Totals,240,40,87,.460,9,35,.257,18,25,.720,11,26,37,28,6,4,9,13,107,,,Team Totals,240,.546,.511,.402,.287,22.9,65.0,42.0,70.0,6.5,7.1,8.4,100.0,115.9,110.5,,
https://www.basketball-reference.com/boxscores/202201150OKC.html,"8:00 PM, January 15, 2022",Oklahoma City Thunder,Cleveland Cavaliers,102,107,OKC,,,Team Totals,240,36,83,.434,10,27,.370,20,22,.909,14,37,51,17,4,5,16,21,102,,,Team Totals,240,.550,.494,.325,.265,35.0,77.1,58.0,47.2,4.3,9.6,14.7,100.0,110.5,115.9,,
https://www.basketball-reference.com/boxscores/202201150SAS.html,"8:30 PM, January 15, 2022",San Antonio Spurs,Los Angeles Clippers,101,94,LAC,,,Team Totals,240,38,100,.380,12,38,.316,6,8,.750,21,33,54,24,8,4,15,21,94,,,Team Totals,240,.454,.440,.380,.080,35.0,68.8,50.0,63.2,8.5,8.7,12.7,100.0,100.3,107.8,,
https://www.basketball-reference.com/boxscores/202201150SAS.html,"8:30 PM, January 15, 2022",San Antonio Spurs,Los Angeles Clippers,101,94,SAS,,,Team Totals,240,34,83,.410,11,37,.297,22,27,.815,15,39,54,19,6,5,15,12,101,,,Team Totals,240,.532,.476,.446,.325,31.3,65.0,50.0,55.9,6.4,8.1,13.7,100.0,107.8,100.3,,
https://www.basketball-reference.com/boxscores/202201150WAS.html,"7:00 PM, January 15, 2022",Washington Wizards,Portland Trail Blazers,110,115,POR,,,Team Totals,240,39,85,.459,13,39,.333,24,35,.686,8,31,39,19,13,2,13,25,115,,,Team Totals,240,.573,.535,.459,.412,19.5,75.6,47.6,48.7,12.5,3.8,11.5,100.0,110.4,105.6,,
https://www.basketball-reference.com/boxscores/202201150WAS.html,"7:00 PM, January 15, 2022",Washington Wizards,Portland Trail Blazers,110,115,WAS,,,Team Totals,240,39,90,.433,12,37,.324,20,23,.870,10,33,43,20,4,3,20,26,110,,,Team Totals,240,.549,.500,.411,.256,24.4,80.5,52.4,51.3,3.8,6.5,16.7,100.0,105.6,110.4,,
https://www.basketball-reference.com/boxscores/202201160DEN.html,"8:00 PM, January 16, 2022",Denver Nuggets,Utah Jazz,102,125,UTA,,,Team Totals,240,44,84,.524,15,39,.385,22,29,.759,9,42,51,26,8,5,9,16,125,,,Team Totals,240,.646,.613,.464,.345,21.4,87.5,56.7,59.1,8.2,9.6,8.5,100.0,127.9,104.3,,
https://www.basketball-reference.com/boxscores/202201160DEN.html,"8:00 PM, January 16, 2022",Denver Nuggets,Utah Jazz,102,125,DEN,,,Team Totals,240,42,95,.442,11,43,.256,7,8,.875,6,33,39,32,5,2,9,22,102,,,Team Totals,240,.518,.500,.453,.084,12.5,78.6,43.3,76.2,5.1,4.4,8.4,100.0,104.3,127.9,,
https://www.basketball-reference.com/boxscores/202201160DET.html,"1:00 PM, January 16, 2022",Detroit Pistons,Phoenix Suns,108,135,PHO,,,Team Totals,240,51,87,.586,11,27,.407,22,30,.733,11,40,51,30,4,7,15,26,135,,,Team Totals,240,.674,.649,.310,.345,28.9,88.9,61.4,58.8,3.9,12.3,13.0,100.0,132.2,105.8,,
https://www.basketball-reference.com/boxscores/202201160DET.html,"1:00 PM, January 16, 2022",Detroit Pistons,Phoenix Suns,108,135,DET,,,Team Totals,240,38,82,.463,9,25,.360,23,34,.676,5,27,32,25,6,2,11,20,108,,,Team Totals,240,.557,.518,.305,.415,11.1,71.1,38.6,65.8,5.9,3.3,10.2,100.0,105.8,132.2,,
https://www.basketball-reference.com/boxscores/202201160MIN.html,"8:00 PM, January 16, 2022",Minnesota Timberwolves,Golden State Warriors,119,99,GSW,,,Team Totals,240,32,82,.390,13,42,.310,22,29,.759,7,40,47,20,6,3,15,17,99,,,Team Totals,240,.522,.470,.512,.354,14.6,87.0,50.0,62.5,5.7,6.3,13.7,100.0,94.6,113.7,,
https://www.basketball-reference.com/boxscores/202201160MIN.html,"8:00 PM, January 16, 2022",Minnesota Timberwolves,Golden State Warriors,119,99,MIN,,,Team Totals,240,45,91,.495,16,43,.372,13,20,.650,6,41,47,30,8,9,16,21,119,,,Team Totals,240,.596,.582,.473,.220,13.0,85.4,50.0,66.7,7.6,22.5,13.8,100.0,113.7,94.6,,
https://www.basketball-reference.com/boxscores/202201160SAC.html,"6:00 PM, January 16, 2022",Sacramento Kings,Houston Rockets,112,118,HOU,,,Team Totals,240,41,76,.539,16,40,.400,20,24,.833,4,43,47,22,6,3,23,20,118,,,Team Totals,240,.682,.645,.526,.316,11.8,86.0,56.0,53.7,5.7,5.7,21.0,100.0,112.8,107.0,,
https://www.basketball-reference.com/boxscores/202201160SAC.html,"6:00 PM, January 16, 2022",Sacramento Kings,Houston Rockets,112,118,SAC,,,Team Totals,240,41,91,.451,12,38,.316,18,24,.750,7,30,37,26,16,2,12,24,112,,,Team Totals,240,.551,.516,.418,.264,14.0,88.2,44.0,63.4,15.3,5.6,10.6,100.0,107.0,112.8,,
https://www.basketball-reference.com/boxscores/202201170ATL.html,"6:00 PM, January 17, 2022",Atlanta Hawks,Milwaukee Bucks,121,114,MIL,,,Team Totals,240,39,88,.443,16,38,.421,20,24,.833,9,33,42,21,8,4,13,28,114,,,Team Totals,240,.578,.534,.432,.273,20.0,76.7,47.7,53.8,8.0,8.0,11.7,100.0,114.0,121.0,,
https://www.basketball-reference.com/boxscores/202201170ATL.html,"6:00 PM, January 17, 2022",Atlanta Hawks,Milwaukee Bucks,121,114,ATL,,,Team Totals,240,38,86,.442,15,36,.417,30,32,.938,10,36,46,25,7,8,13,18,121,,,Team Totals,240,.605,.529,.419,.372,23.3,80.0,52.3,65.8,7.0,16.0,11.5,100.0,121.0,114.0,,
https://www.basketball-reference.com/boxscores/202201170BOS.html,"12:30 PM, January 17, 2022",Boston Celtics,New Orleans Pelicans,104,92,NOP,,,Team Totals,240,36,87,.414,9,30,.300,11,18,.611,8,33,41,23,10,4,12,15,92,,,Team Totals,240,.485,.466,.345,.207,16.0,86.8,46.6,63.9,10.3,8.3,11.2,100.0,95.1,107.5,,
https://www.basketball-reference.com/boxscores/202201170BOS.html,"12:30 PM, January 17, 2022",Boston Celtics,New Orleans Pelicans,104,92,BOS,,,Team Totals,240,38,80,.475,10,32,.313,18,20,.900,5,42,47,22,6,4,14,18,104,,,Team Totals,240,.586,.538,.400,.250,13.2,84.0,53.4,57.9,6.2,7.0,13.6,100.0,107.5,95.1,,
https://www.basketball-reference.com/boxscores/202201170CLE.html,"3:00 PM, January 17, 2022",Cleveland Cavaliers,Brooklyn Nets,114,107,BRK,,,Team Totals,240,41,83,.494,12,30,.400,13,18,.722,8,27,35,27,11,4,14,22,107,,,Team Totals,240,.588,.566,.361,.217,20.0,77.1,46.7,65.9,11.5,8.2,13.3,100.0,112.0,119.3,,
https://www.basketball-reference.com/boxscores/202201170CLE.html,"3:00 PM, January 17, 2022",Cleveland Cavaliers,Brooklyn Nets,114,107,CLE,,,Team Totals,240,42,81,.519,11,32,.344,19,21,.905,8,32,40,26,7,3,16,14,114,,,Team Totals,240,.632,.586,.395,.259,22.9,80.0,53.3,61.9,7.3,5.7,15.1,100.0,119.3,112.0,,
https://www.basketball-reference.com/boxscores/202201170DAL.html,"8:30 PM, January 17, 2022",Dallas Mavericks,Oklahoma City Thunder,104,102,OKC,,,Team Totals,240,36,83,.434,11,35,.314,19,24,.792,5,37,42,20,10,2,13,23,102,,,Team Totals,240,.545,.500,.422,.289,12.2,77.1,47.2,55.6,10.2,3.9,12.2,100.0,103.7,105.8,,
https://www.basketball-reference.com/boxscores/202201170DAL.html,"8:30 PM, January 17, 2022",Dallas Mavericks,Oklahoma City Thunder,104,102,DAL,,,Team Totals,240,35,88,.398,12,37,.324,22,28,.786,11,36,47,28,10,7,11,19,104,,,Team Totals,240,.518,.466,.420,.318,22.9,87.8,52.8,80.0,10.2,14.6,9.9,100.0,105.8,103.7,,
https://www.basketball-reference.com/boxscores/202201170LAC.html,"3:30 PM, January 17, 2022",Los Angeles Clippers,Indiana Pacers,139,133,IND,,,Team Totals,240,50,97,.515,13,33,.394,20,23,.870,15,26,41,30,8,4,12,23,133,,,Team Totals,240,.621,.582,.340,.237,34.1,76.5,52.6,60.0,8.0,8.7,10.1,100.0,132.2,138.2,,
https://www.basketball-reference.com/boxscores/202201170LAC.html,"3:30 PM, January 17, 2022",Los Angeles Clippers,Indiana Pacers,139,133,LAC,,,Team Totals,240,45,82,.549,18,36,.500,31,36,.861,8,29,37,32,7,7,13,18,139,,,Team Totals,240,.710,.659,.439,.439,23.5,65.9,47.4,71.1,7.0,10.9,11.7,100.0,138.2,132.2,,
https://www.basketball-reference.com/boxscores/202201170LAL.html,"10:30 PM, January 17, 2022",Los Angeles Lakers,Utah Jazz,101,95,UTA,,,Team Totals,240,31,83,.373,12,46,.261,21,24,.875,8,36,44,21,6,6,16,21,95,,,Team Totals,240,.508,.446,.554,.289,18.6,78.3,49.4,67.7,6.1,12.2,14.6,100.0,97.3,103.4,,
https://www.basketball-reference.com/boxscores/202201170LAL.html,"10:30 PM, January 17, 2022",Los Angeles Lakers,Utah Jazz,101,95,LAL,,,Team Totals,240,38,86,.442,11,37,.297,14,23,.609,10,35,45,15,7,5,13,19,101,,,Team Totals,240,.525,.506,.430,.267,21.7,81.4,50.6,39.5,7.2,13.5,11.9,100.0,103.4,97.3,,
https://www.basketball-reference.com/boxscores/202201170MEM.html,"3:30 PM, January 17, 2022",Memphis Grizzlies,Chicago Bulls,119,106,CHI,,,Team Totals,240,40,92,.435,13,31,.419,13,15,.867,9,34,43,24,10,7,18,15,106,,,Team Totals,240,.538,.505,.337,.163,19.1,77.3,47.3,60.0,9.4,10.4,15.4,100.0,99.8,112.1,,
https://www.basketball-reference.com/boxscores/202201170MEM.html,"3:30 PM, January 17, 2022",Memphis Grizzlies,Chicago Bulls,119,106,MEM,,,Team Totals,240,47,92,.511,10,25,.400,15,20,.750,10,38,48,29,14,7,18,13,119,,,Team Totals,240,.590,.565,.272,.217,22.7,80.9,52.7,61.7,13.2,11.5,15.2,100.0,112.1,99.8,,
https://www.basketball-reference.com/boxscores/202201170MIA.html,"7:30 PM, January 17, 2022",Miami Heat,Toronto Raptors,104,99,TOR,,,Team Totals,240,37,90,.411,13,36,.361,12,17,.706,15,30,45,24,9,5,12,21,99,,,Team Totals,240,.508,.483,.400,.189,29.4,69.8,47.9,64.9,9.9,8.5,11.0,100.0,109.2,114.7,,
https://www.basketball-reference.com/boxscores/202201170MIA.html,"7:30 PM, January 17, 2022",Miami Heat,Toronto Raptors,104,99,MIA,,,Team Totals,240,38,83,.458,9,24,.375,19,22,.864,13,36,49,20,11,8,12,18,104,,,Team Totals,240,.561,.512,.289,.265,30.2,70.6,52.1,52.6,12.1,14.8,11.5,100.0,114.7,109.2,,
https://www.basketball-reference.com/boxscores/202201170NYK.html,"1:00 PM, January 17, 2022",New York Knicks,Charlotte Hornets,87,97,CHO,,,Team Totals,240,36,86,.419,14,39,.359,11,17,.647,6,33,39,23,6,2,7,14,97,,,Team Totals,240,.519,.500,.453,.198,13.3,70.2,42.4,63.9,6.6,4.3,7.0,100.0,107.3,96.3,,
https://www.basketball-reference.com/boxscores/202201170NYK.html,"1:00 PM, January 17, 2022",New York Knicks,Charlotte Hornets,87,97,NYK,,,Team Totals,240,32,80,.400,12,34,.353,11,21,.524,14,39,53,22,7,4,15,19,87,,,Team Totals,240,.487,.475,.425,.263,29.8,86.7,57.6,68.8,7.7,8.5,14.4,100.0,96.3,107.3,,
https://www.basketball-reference.com/boxscores/202201170ORL.html,"7:00 PM, January 17, 2022",Orlando Magic,Portland Trail Blazers,88,98,POR,,,Team Totals,240,37,90,.411,7,34,.206,17,18,.944,11,44,55,20,9,8,17,17,98,,,Team Totals,240,.500,.450,.378,.200,21.6,81.5,52.4,54.1,8.8,13.8,14.8,100.0,95.7,85.9,,
https://www.basketball-reference.com/boxscores/202201170ORL.html,"7:00 PM, January 17, 2022",Orlando Magic,Portland Trail Blazers,88,98,ORL,,,Team Totals,240,34,90,.378,8,32,.250,12,20,.600,10,40,50,21,9,7,16,15,88,,,Team Totals,240,.445,.422,.356,.222,18.5,78.4,47.6,61.8,8.8,12.5,13.9,100.0,85.9,95.7,,
https://www.basketball-reference.com/boxscores/202201170SAS.html,"8:30 PM, January 17, 2022",San Antonio Spurs,Phoenix Suns,107,121,PHO,,,Team Totals,240,49,95,.516,9,32,.281,14,20,.700,12,33,45,29,9,5,5,18,121,,,Team Totals,240,.583,.563,.337,.211,26.1,71.7,48.9,59.2,9.3,8.1,4.6,100.0,125.7,111.1,,
https://www.basketball-reference.com/boxscores/202201170SAS.html,"8:30 PM, January 17, 2022",San Antonio Spurs,Phoenix Suns,107,121,SAS,,,Team Totals,240,41,92,.446,9,30,.300,16,22,.727,13,34,47,21,3,2,12,16,107,,,Team Totals,240,.526,.495,.326,.239,28.3,73.9,51.1,51.2,3.1,3.2,10.6,100.0,111.1,125.7,,
https://www.basketball-reference.com/boxscores/202201170WAS.html,"2:00 PM, January 17, 2022",Washington Wizards,Philadelphia 76ers,117,98,PHI,,,Team Totals,240,35,86,.407,7,26,.269,21,25,.840,10,32,42,19,9,3,12,26,98,,,Team Totals,240,.505,.448,.302,.291,20.0,78.0,46.2,54.3,9.1,5.3,11.0,100.0,98.8,118.0,,
https://www.basketball-reference.com/boxscores/202201170WAS.html,"2:00 PM, January 17, 2022",Washington Wizards,Philadelphia 76ers,117,98,WAS,,,Team Totals,240,42,87,.483,9,30,.300,24,32,.750,9,40,49,25,7,6,12,18,117,,,Team Totals,240,.579,.534,.345,.368,22.0,80.0,53.8,59.5,7.1,10.0,10.6,100.0,118.0,98.8,,
https://www.basketball-reference.com/boxscores/202201180GSW.html,"10:00 PM, January 18, 2022",Golden State Warriors,Detroit Pistons,102,86,DET,,,Team Totals,240,30,85,.353,9,34,.265,17,24,.708,11,39,50,18,4,5,16,23,86,,,Team Totals,240,.450,.406,.400,.282,21.2,75.0,48.1,60.0,4.2,12.2,14.3,100.0,89.7,106.3,,
https://www.basketball-reference.com/boxscores/202201180GSW.html,"10:00 PM, January 18, 2022",Golden State Warriors,Detroit Pistons,102,86,GSW,,,Team Totals,240,34,83,.410,14,42,.333,20,27,.741,13,41,54,26,12,3,13,25,102,,,Team Totals,240,.538,.494,.506,.325,25.0,78.8,51.9,76.5,12.5,5.9,12.1,100.0,106.3,89.7,,
https://www.basketball-reference.com/boxscores/202201180NYK.html,"7:30 PM, January 18, 2022",New York Knicks,Minnesota Timberwolves,110,112,MIN,,,Team Totals,240,35,81,.432,13,41,.317,29,38,.763,8,30,38,21,10,6,13,25,112,,,Team Totals,240,.573,.512,.506,.469,19.5,73.2,46.3,60.0,10.1,14.3,11.7,100.0,112.9,110.9,,
https://www.basketball-reference.com/boxscores/202201180NYK.html,"7:30 PM, January 18, 2022",New York Knicks,Minnesota Timberwolves,110,112,NYK,,,Team Totals,240,37,80,.463,12,38,.316,24,33,.727,11,33,44,21,6,7,18,30,110,,,Team Totals,240,.582,.538,.475,.413,26.8,80.5,53.7,56.8,6.0,17.5,16.0,100.0,110.9,112.9,,
https://www.basketball-reference.com/boxscores/202201190ATL.html,"7:30 PM, January 19, 2022",Atlanta Hawks,Minnesota Timberwolves,134,122,MIN,,,Team Totals,240,42,97,.433,17,46,.370,21,29,.724,16,29,45,21,10,3,13,24,122,,,Team Totals,240,.556,.521,.474,.299,34.0,78.4,53.6,50.0,9.8,6.3,10.6,100.0,120.0,131.8,,
https://www.basketball-reference.com/boxscores/202201190ATL.html,"7:30 PM, January 19, 2022",Atlanta Hawks,Minnesota Timberwolves,134,122,ATL,,,Team Totals,240,45,86,.523,15,38,.395,29,33,.879,8,31,39,34,7,9,12,23,134,,,Team Totals,240,.667,.610,.442,.384,21.6,66.0,46.4,75.6,6.9,17.6,10.7,100.0,131.8,120.0,,
https://www.basketball-reference.com/boxscores/202201190BOS.html,"7:30 PM, January 19, 2022",Boston Celtics,Charlotte Hornets,102,111,CHO,,,Team Totals,240,42,86,.488,16,39,.410,11,15,.733,11,36,47,27,6,6,17,17,111,,,Team Totals,240,.599,.581,.453,.174,26.8,81.8,55.3,64.3,6.1,13.6,15.5,100.0,113.5,104.3,,
https://www.basketball-reference.com/boxscores/202201190BOS.html,"7:30 PM, January 19, 2022",Boston Celtics,Charlotte Hornets,102,111,BOS,,,Team Totals,240,39,90,.433,14,46,.304,10,13,.769,8,30,38,27,8,3,14,20,102,,,Team Totals,240,.533,.511,.511,.144,18.2,73.2,44.7,69.2,8.2,6.4,12.8,100.0,104.3,113.5,,
https://www.basketball-reference.com/boxscores/202201190CHI.html,"8:00 PM, January 19, 2022",Chicago Bulls,Cleveland Cavaliers,117,104,CLE,,,Team Totals,240,40,77,.519,9,27,.333,15,22,.682,9,29,38,27,7,4,15,15,104,,,Team Totals,240,.600,.578,.351,.286,23.1,80.6,50.7,67.5,7.5,6.3,14.8,100.0,111.4,125.3,,
https://www.basketball-reference.com/boxscores/202201190CHI.html,"8:00 PM, January 19, 2022",Chicago Bulls,Cleveland Cavaliers,117,104,CHI,,,Team Totals,240,47,86,.547,10,22,.455,13,18,.722,7,30,37,25,7,4,10,18,117,,,Team Totals,240,.623,.605,.256,.209,19.4,76.9,49.3,53.2,7.5,8.0,9.6,100.0,125.3,111.4,,
https://www.basketball-reference.com/boxscores/202201190DAL.html,"8:30 PM, January 19, 2022",Dallas Mavericks,Toronto Raptors,102,98,TOR,,,Team Totals,240,35,91,.385,8,32,.250,20,25,.800,16,28,44,17,11,1,12,21,98,,,Team Totals,240,.480,.429,.352,.275,31.4,73.7,49.4,48.6,11.9,2.3,10.5,100.0,105.8,110.1,,
https://www.basketball-reference.com/boxscores/202201190DAL.html,"8:30 PM, January 19, 2022",Dallas Mavericks,Toronto Raptors,102,98,DAL,,,Team Totals,240,37,76,.487,9,33,.273,19,20,.950,10,35,45,23,5,0,18,20,102,,,Team Totals,240,.601,.546,.434,.263,26.3,68.6,50.6,62.2,5.4,0.0,17.5,100.0,110.1,105.8,,
https://www.basketball-reference.com/boxscores/202201190DEN.html,"10:00 PM, January 19, 2022",Denver Nuggets,Los Angeles Clippers,130,128,LAC,,,Team Totals,265,52,97,.536,15,39,.385,9,12,.750,12,35,47,35,6,3,14,24,128,,,Team Totals,265,.626,.613,.402,.124,27.9,72.9,51.6,67.3,5.8,5.0,12.0,100.0,123.2,125.1,,
https://www.basketball-reference.com/boxscores/202201190DEN.html,"10:00 PM, January 19, 2022",Denver Nuggets,Los Angeles Clippers,130,128,DEN,,,Team Totals,265,48,98,.490,13,38,.342,21,25,.840,13,31,44,32,9,3,12,15,130,,,Team Totals,265,.596,.556,.388,.255,27.1,72.1,48.4,66.7,8.7,5.2,9.9,100.0,125.1,123.2,,
https://www.basketball-reference.com/boxscores/202201190LAL.html,"10:30 PM, January 19, 2022",Los Angeles Lakers,Indiana Pacers,104,111,IND,,,Team Totals,240,44,90,.489,11,30,.367,12,15,.800,14,34,48,28,6,8,13,22,111,,,Team Totals,240,.575,.550,.333,.167,33.3,73.9,54.5,63.6,6.4,14.3,11.9,100.0,118.8,111.3,,
https://www.basketball-reference.com/boxscores/202201190LAL.html,"10:30 PM, January 19, 2022",Los Angeles Lakers,Indiana Pacers,104,111,LAL,,,Team Totals,240,40,90,.444,11,34,.324,13,18,.722,12,28,40,23,4,7,11,18,104,,,Team Totals,240,.531,.506,.378,.200,26.1,66.7,45.5,57.5,4.3,11.7,10.1,100.0,111.3,118.8,,
https://www.basketball-reference.com/boxscores/202201190MIA.html,"7:30 PM, January 19, 2022",Miami Heat,Portland Trail Blazers,104,92,POR,,,Team Totals,240,33,81,.407,14,46,.304,12,16,.750,10,33,43,19,7,6,18,22,92,,,Team Totals,240,.522,.494,.568,.198,22.7,78.6,50.0,57.6,7.4,13.3,17.0,100.0,96.9,109.5,,
https://www.basketball-reference.com/boxscores/202201190MIA.html,"7:30 PM, January 19, 2022",Miami Heat,Portland Trail Blazers,104,92,MIA,,,Team Totals,240,37,80,.463,12,35,.343,18,25,.720,9,34,43,24,12,6,16,15,104,,,Team Totals,240,.571,.538,.438,.313,21.4,77.3,50.0,64.9,12.6,17.1,15.0,100.0,109.5,96.9,,
https://www.basketball-reference.com/boxscores/202201190MIL.html,"8:00 PM, January 19, 2022",Milwaukee Bucks,Memphis Grizzlies,126,114,MEM,,,Team Totals,240,44,106,.415,9,40,.225,17,25,.680,16,31,47,26,10,8,10,20,114,,,Team Totals,240,.487,.458,.377,.236,27.1,70.5,45.6,59.1,9.4,13.3,7.9,100.0,107.2,118.5,,
https://www.basketball-reference.com/boxscores/202201190MIL.html,"8:00 PM, January 19, 2022",Milwaukee Bucks,Memphis Grizzlies,126,114,MIL,,,Team Totals,240,46,97,.474,13,37,.351,21,22,.955,13,43,56,29,7,6,15,21,126,,,Team Totals,240,.591,.541,.381,.227,29.5,72.9,54.4,63.0,6.6,9.1,12.3,100.0,118.5,107.2,,
https://www.basketball-reference.com/boxscores/202201190PHI.html,"7:00 PM, January 19, 2022",Philadelphia 76ers,Orlando Magic,123,110,ORL,,,Team Totals,240,40,90,.444,18,35,.514,12,16,.750,9,34,43,26,4,4,11,19,110,,,Team Totals,240,.567,.544,.389,.178,19.1,85.0,49.4,65.0,4.1,7.3,10.2,100.0,112.9,126.2,,
https://www.basketball-reference.com/boxscores/202201190PHI.html,"7:00 PM, January 19, 2022",Philadelphia 76ers,Orlando Magic,123,110,PHI,,,Team Totals,240,45,83,.542,10,28,.357,23,27,.852,6,38,44,21,7,8,10,15,123,,,Team Totals,240,.648,.602,.337,.325,15.0,80.9,50.6,46.7,7.2,14.5,9.5,100.0,126.2,112.9,,
https://www.basketball-reference.com/boxscores/202201190SAC.html,"10:00 PM, January 19, 2022",Sacramento Kings,Detroit Pistons,131,133,DET,,,Team Totals,240,46,91,.505,15,36,.417,26,30,.867,13,28,41,27,3,6,9,26,133,,,Team Totals,240,.638,.588,.396,.330,32.5,77.8,53.9,58.7,3.1,10.5,8.0,100.0,136.1,134.1,,
https://www.basketball-reference.com/boxscores/202201190SAC.html,"10:00 PM, January 19, 2022",Sacramento Kings,Detroit Pistons,131,133,SAC,,,Team Totals,240,44,84,.524,12,27,.444,31,44,.705,8,27,35,22,4,8,7,17,131,,,Team Totals,240,.634,.595,.321,.524,22.2,67.5,46.1,50.0,4.1,14.5,6.3,100.0,134.1,136.1,,
https://www.basketball-reference.com/boxscores/202201190SAS.html,"8:30 PM, January 19, 2022",San Antonio Spurs,Oklahoma City Thunder,118,96,OKC,,,Team Totals,240,38,98,.388,8,31,.258,12,15,.800,14,32,46,20,5,2,15,14,96,,,Team Totals,240,.459,.429,.316,.153,26.4,74.4,47.9,52.6,5.0,3.6,12.5,100.0,96.4,118.5,,
https://www.basketball-reference.com/boxscores/202201190SAS.html,"8:30 PM, January 19, 2022",San Antonio Spurs,Oklahoma City Thunder,118,96,SAS,,,Team Totals,240,47,96,.490,15,40,.375,9,14,.643,11,39,50,32,9,13,9,17,118,,,Team Totals,240,.578,.568,.417,.146,25.6,73.6,52.1,68.1,9.0,19.4,8.1,100.0,118.5,96.4,,
https://www.basketball-reference.com/boxscores/202201190UTA.html,"9:00 PM, January 19, 2022",Utah Jazz,Houston Rockets,111,116,HOU,,,Team Totals,240,41,96,.427,22,45,.489,12,17,.706,12,32,44,24,4,3,9,18,116,,,Team Totals,240,.560,.542,.469,.177,24.0,74.4,47.3,58.5,4.2,5.9,8.0,100.0,121.6,116.3,,
https://www.basketball-reference.com/boxscores/202201190UTA.html,"9:00 PM, January 19, 2022",Utah Jazz,Houston Rockets,111,116,UTA,,,Team Totals,240,42,89,.472,10,38,.263,17,20,.850,11,38,49,26,7,5,9,16,111,,,Team Totals,240,.567,.528,.427,.225,25.6,76.0,52.7,61.9,7.3,9.8,8.4,100.0,116.3,121.6,,
https://www.basketball-reference.com/boxscores/202201190WAS.html,"7:00 PM, January 19, 2022",Washington Wizards,Brooklyn Nets,118,119,BRK,,,Team Totals,240,47,89,.528,8,25,.320,17,20,.850,7,29,36,23,5,4,15,25,119,,,Team Totals,240,.608,.573,.281,.225,20.6,69.0,47.4,48.9,5.0,7.0,13.3,100.0,119.2,118.2,,
https://www.basketball-reference.com/boxscores/202201190WAS.html,"7:00 PM, January 19, 2022",Washington Wizards,Brooklyn Nets,118,119,WAS,,,Team Totals,240,41,86,.477,10,29,.345,26,32,.813,13,27,40,23,6,8,13,19,118,,,Team Totals,240,.590,.535,.337,.372,31.0,79.4,52.6,56.1,6.0,12.5,11.5,100.0,118.2,119.2,,
https://www.basketball-reference.com/boxscores/202201200DAL.html,"7:30 PM, January 20, 2022",Dallas Mavericks,Phoenix Suns,101,109,PHO,,,Team Totals,240,39,86,.453,8,36,.222,23,25,.920,5,35,40,25,13,1,7,21,109,,,Team Totals,240,.562,.500,.419,.291,11.1,77.8,44.4,64.1,13.1,2.1,6.7,100.0,110.1,102.0,,
https://www.basketball-reference.com/boxscores/202201200DAL.html,"7:30 PM, January 20, 2022",Dallas Mavericks,Phoenix Suns,101,109,DAL,,,Team Totals,240,37,85,.435,11,37,.297,16,20,.800,10,40,50,19,1,3,19,22,101,,,Team Totals,240,.538,.500,.435,.235,22.2,88.9,55.6,51.4,1.0,6.0,16.8,100.0,102.0,110.1,,
https://www.basketball-reference.com/boxscores/202201200GSW.html,"10:00 PM, January 20, 2022",Golden State Warriors,Indiana Pacers,117,121,IND,,,Team Totals,265,41,95,.432,15,35,.429,24,34,.706,13,35,48,23,12,3,18,23,121,,,Team Totals,265,.550,.511,.368,.358,25.5,70.0,47.5,56.1,10.8,5.8,14.1,100.0,109.1,105.5,,
https://www.basketball-reference.com/boxscores/202201200GSW.html,"10:00 PM, January 20, 2022",Golden State Warriors,Indiana Pacers,117,121,GSW,,,Team Totals,265,42,94,.447,9,42,.214,24,29,.828,15,38,53,28,11,6,21,28,117,,,Team Totals,265,.548,.495,.447,.309,30.0,74.5,52.5,66.7,9.9,10.0,16.4,100.0,105.5,109.1,,
https://www.basketball-reference.com/boxscores/202201200NYK.html,"7:30 PM, January 20, 2022",New York Knicks,New Orleans Pelicans,91,102,NOP,,,Team Totals,240,38,76,.500,11,28,.393,15,22,.682,3,32,35,27,10,2,12,26,102,,,Team Totals,240,.595,.572,.368,.289,8.1,69.6,42.2,71.1,10.9,5.1,12.3,100.0,110.7,98.8,,
https://www.basketball-reference.com/boxscores/202201200NYK.html,"7:30 PM, January 20, 2022",New York Knicks,New Orleans Pelicans,91,102,NYK,,,Team Totals,240,29,77,.377,9,38,.237,24,36,.667,14,34,48,21,6,5,15,21,91,,,Team Totals,240,.490,.435,.494,.468,30.4,91.9,57.8,72.4,6.5,10.4,13.9,100.0,98.8,110.7,,
https://www.basketball-reference.com/boxscores/202201210ATL.html,"7:30 PM, January 21, 2022",Atlanta Hawks,Miami Heat,110,108,MIA,,,Team Totals,240,41,85,.482,15,40,.375,11,12,.917,11,22,33,30,8,1,15,22,108,,,Team Totals,240,.598,.571,.471,.141,26.8,78.6,47.8,73.2,8.8,2.9,14.2,100.0,119.4,121.6,,
https://www.basketball-reference.com/boxscores/202201210ATL.html,"7:30 PM, January 21, 2022",Atlanta Hawks,Miami Heat,110,108,ATL,,,Team Totals,240,38,68,.559,14,33,.424,20,24,.833,6,30,36,26,3,1,18,17,110,,,Team Totals,240,.700,.662,.485,.353,21.4,73.2,52.2,68.4,3.3,2.2,18.6,100.0,121.6,119.4,,
https://www.basketball-reference.com/boxscores/202201210BOS.html,"7:30 PM, January 21, 2022",Boston Celtics,Portland Trail Blazers,105,109,POR,,,Team Totals,240,36,76,.474,16,33,.485,21,30,.700,7,35,42,20,6,4,13,21,109,,,Team Totals,240,.611,.579,.434,.395,17.1,81.4,50.0,55.6,6.4,8.9,12.7,100.0,116.0,111.7,,
https://www.basketball-reference.com/boxscores/202201210BOS.html,"7:30 PM, January 21, 2022",Boston Celtics,Portland Trail Blazers,105,109,BOS,,,Team Totals,240,37,82,.451,11,37,.297,20,23,.870,8,34,42,25,7,7,12,24,105,,,Team Totals,240,.570,.518,.451,.280,18.6,82.9,50.0,67.6,7.4,16.3,11.5,100.0,111.7,116.0,,
https://www.basketball-reference.com/boxscores/202201210CHO.html,"7:00 PM, January 21, 2022",Charlotte Hornets,Oklahoma City Thunder,121,98,OKC,,,Team Totals,240,37,98,.378,12,44,.273,12,15,.800,15,37,52,20,6,2,12,21,98,,,Team Totals,240,.468,.439,.449,.153,24.6,69.8,45.6,54.1,6.0,4.0,10.3,100.0,97.3,120.1,,
https://www.basketball-reference.com/boxscores/202201210CHO.html,"7:00 PM, January 21, 2022",Charlotte Hornets,Oklahoma City Thunder,121,98,CHO,,,Team Totals,240,45,99,.455,17,49,.347,14,20,.700,16,46,62,34,8,5,12,18,121,,,Team Totals,240,.561,.540,.495,.202,30.2,75.4,54.4,75.6,7.9,9.3,10.0,100.0,120.1,97.3,,
https://www.basketball-reference.com/boxscores/202201210DEN.html,"9:00 PM, January 21, 2022",Denver Nuggets,Memphis Grizzlies,118,122,MEM,,,Team Totals,240,43,82,.524,11,25,.440,25,40,.625,13,35,48,19,11,10,16,24,122,,,Team Totals,240,.612,.591,.305,.488,32.5,77.8,56.5,44.2,10.9,16.9,13.8,100.0,120.7,116.7,,
https://www.basketball-reference.com/boxscores/202201210DEN.html,"9:00 PM, January 21, 2022",Denver Nuggets,Memphis Grizzlies,118,122,DEN,,,Team Totals,240,43,91,.473,13,32,.406,19,23,.826,10,27,37,34,6,6,13,25,118,,,Team Totals,240,.583,.544,.352,.253,22.2,67.5,43.5,79.1,5.9,10.5,11.4,100.0,116.7,120.7,,
https://www.basketball-reference.com/boxscores/202201210GSW.html,"10:00 PM, January 21, 2022",Golden State Warriors,Houston Rockets,105,103,HOU,,,Team Totals,240,38,89,.427,10,35,.286,17,20,.850,8,31,39,25,10,3,12,15,103,,,Team Totals,240,.527,.483,.393,.225,19.0,81.6,48.8,65.8,10.0,5.9,10.9,100.0,103.5,105.5,,
https://www.basketball-reference.com/boxscores/202201210GSW.html,"10:00 PM, January 21, 2022",Golden State Warriors,Houston Rockets,105,103,GSW,,,Team Totals,240,39,81,.481,10,30,.333,17,22,.773,7,34,41,25,4,9,19,18,105,,,Team Totals,240,.579,.543,.370,.272,18.4,81.0,51.3,64.1,4.0,16.7,17.3,100.0,105.5,103.5,,
https://www.basketball-reference.com/boxscores/202201210MIL.html,"8:00 PM, January 21, 2022",Milwaukee Bucks,Chicago Bulls,94,90,CHI,,,Team Totals,240,31,85,.365,7,38,.184,21,24,.875,6,43,49,21,4,4,10,21,90,,,Team Totals,240,.471,.406,.447,.282,12.5,79.6,48.0,67.7,4.1,7.0,9.5,100.0,93.4,97.5,,
https://www.basketball-reference.com/boxscores/202201210MIL.html,"8:00 PM, January 21, 2022",Milwaukee Bucks,Chicago Bulls,94,90,MIL,,,Team Totals,240,34,88,.386,6,31,.194,20,28,.714,11,42,53,20,3,3,8,17,94,,,Team Totals,240,.469,.420,.352,.318,20.4,87.5,52.0,58.8,3.1,6.4,7.4,100.0,97.5,93.4,,
https://www.basketball-reference.com/boxscores/202201210ORL.html,"7:00 PM, January 21, 2022",Orlando Magic,Los Angeles Lakers,105,116,LAL,,,Team Totals,240,42,85,.494,13,30,.433,19,23,.826,8,37,45,23,12,4,19,24,116,,,Team Totals,240,.610,.571,.353,.271,20.0,92.5,56.3,54.8,11.4,9.8,16.6,100.0,110.0,99.5,,
https://www.basketball-reference.com/boxscores/202201210ORL.html,"7:00 PM, January 21, 2022",Orlando Magic,Los Angeles Lakers,105,116,ORL,,,Team Totals,240,36,81,.444,11,40,.275,22,29,.759,3,32,35,23,6,9,18,21,105,,,Team Totals,240,.560,.512,.494,.358,7.5,80.0,43.8,63.9,5.7,16.4,16.1,100.0,99.5,110.0,,
https://www.basketball-reference.com/boxscores/202201210PHI.html,"7:00 PM, January 21, 2022",Philadelphia 76ers,Los Angeles Clippers,101,102,LAC,,,Team Totals,240,40,87,.460,11,32,.344,11,15,.733,10,39,49,21,5,0,12,21,102,,,Team Totals,240,.545,.523,.368,.172,24.4,75.0,52.7,52.5,5.4,0.0,11.4,100.0,110.3,109.2,,
https://www.basketball-reference.com/boxscores/202201210PHI.html,"7:00 PM, January 21, 2022",Philadelphia 76ers,Los Angeles Clippers,101,102,PHI,,,Team Totals,240,38,91,.418,10,28,.357,15,21,.714,13,31,44,23,7,3,7,17,101,,,Team Totals,240,.504,.473,.308,.231,25.0,75.6,47.3,60.5,7.6,5.5,6.5,100.0,109.2,110.3,,
https://www.basketball-reference.com/boxscores/202201210SAS.html,"8:30 PM, January 21, 2022",San Antonio Spurs,Brooklyn Nets,102,117,BRK,,,Team Totals,240,48,100,.480,9,25,.360,12,12,1.000,12,41,53,24,3,5,8,17,117,,,Team Totals,240,.556,.525,.250,.120,26.7,71.9,52.0,50.0,3.1,7.6,7.1,100.0,122.4,106.7,,
https://www.basketball-reference.com/boxscores/202201210SAS.html,"8:30 PM, January 21, 2022",San Antonio Spurs,Brooklyn Nets,102,117,SAS,,,Team Totals,240,37,95,.389,8,29,.276,20,24,.833,16,33,49,24,3,7,6,13,102,,,Team Totals,240,.483,.432,.305,.253,28.1,73.3,48.0,64.9,3.1,9.3,5.4,100.0,106.7,122.4,,
https://www.basketball-reference.com/boxscores/202201210UTA.html,"9:00 PM, January 21, 2022",Utah Jazz,Detroit Pistons,111,101,DET,,,Team Totals,240,38,87,.437,13,32,.406,12,16,.750,9,31,40,22,6,4,11,24,101,,,Team Totals,240,.537,.511,.368,.184,19.6,81.6,47.6,57.9,6.3,8.3,10.5,100.0,106.7,117.3,,
https://www.basketball-reference.com/boxscores/202201210UTA.html,"9:00 PM, January 21, 2022",Utah Jazz,Detroit Pistons,111,101,UTA,,,Team Totals,240,36,79,.456,10,31,.323,29,34,.853,7,37,44,22,3,7,11,21,111,,,Team Totals,240,.591,.519,.392,.430,18.4,80.4,52.4,61.1,3.2,12.7,10.5,100.0,117.3,106.7,,
https://www.basketball-reference.com/boxscores/202201210WAS.html,"8:00 PM, January 21, 2022",Washington Wizards,Toronto Raptors,105,109,TOR,,,Team Totals,240,42,90,.467,11,30,.367,14,17,.824,11,29,40,20,10,4,8,15,109,,,Team Totals,240,.559,.528,.333,.189,24.4,72.5,47.1,47.6,10.7,7.7,7.6,100.0,116.6,112.4,,
https://www.basketball-reference.com/boxscores/202201210WAS.html,"8:00 PM, January 21, 2022",Washington Wizards,Toronto Raptors,105,109,WAS,,,Team Totals,240,43,85,.506,11,33,.333,8,10,.800,11,34,45,29,3,3,18,16,105,,,Team Totals,240,.587,.571,.388,.118,27.5,75.6,52.9,67.4,3.2,5.0,16.8,100.0,112.4,116.6,,
https://www.basketball-reference.com/boxscores/202201220CLE.html,"8:00 PM, January 22, 2022",Cleveland Cavaliers,Oklahoma City Thunder,94,87,OKC,,,Team Totals,240,33,85,.388,12,41,.293,9,16,.563,11,30,41,16,14,3,15,28,87,,,Team Totals,240,.473,.459,.482,.188,22.0,66.7,43.2,48.5,14.5,6.1,14.0,100.0,90.4,97.6,,
https://www.basketball-reference.com/boxscores/202201220CLE.html,"8:00 PM, January 22, 2022",Cleveland Cavaliers,Oklahoma City Thunder,94,87,CLE,,,Team Totals,240,35,76,.461,6,27,.222,18,35,.514,15,39,54,22,5,6,23,20,94,,,Team Totals,240,.514,.500,.355,.461,33.3,78.0,56.8,62.9,5.2,13.6,20.1,100.0,97.6,90.4,,
https://www.basketball-reference.com/boxscores/202201220MIL.html,"7:00 PM, January 22, 2022",Milwaukee Bucks,Sacramento Kings,133,127,SAC,,,Team Totals,240,51,97,.526,15,37,.405,10,16,.625,13,35,48,29,4,2,14,20,127,,,Team Totals,240,.610,.603,.381,.165,27.7,79.5,52.7,56.9,4.0,4.1,11.9,100.0,125.9,131.9,,
https://www.basketball-reference.com/boxscores/202201220MIL.html,"7:00 PM, January 22, 2022",Milwaukee Bucks,Sacramento Kings,133,127,MIL,,,Team Totals,240,45,91,.495,21,42,.500,22,25,.880,9,34,43,19,12,0,7,14,133,,,Team Totals,240,.652,.610,.462,.275,20.5,72.3,47.3,42.2,11.9,0.0,6.4,100.0,131.9,125.9,,
https://www.basketball-reference.com/boxscores/202201220PHO.html,"9:00 PM, January 22, 2022",Phoenix Suns,Indiana Pacers,113,103,IND,,,Team Totals,240,37,84,.440,10,29,.345,19,27,.704,12,32,44,19,5,5,18,18,103,,,Team Totals,240,.537,.500,.345,.321,24.5,69.6,46.3,51.4,5.1,7.0,15.8,100.0,104.5,114.6,,
https://www.basketball-reference.com/boxscores/202201220PHO.html,"9:00 PM, January 22, 2022",Phoenix Suns,Indiana Pacers,113,103,PHO,,,Team Totals,240,47,96,.490,7,25,.280,12,14,.857,14,37,51,34,11,8,11,19,113,,,Team Totals,240,.553,.526,.260,.146,30.4,75.5,53.7,72.3,11.2,14.5,9.7,100.0,114.6,104.5,,
https://www.basketball-reference.com/boxscores/202201230CHO.html,"7:00 PM, January 23, 2022",Charlotte Hornets,Atlanta Hawks,91,113,ATL,,,Team Totals,240,40,88,.455,15,39,.385,18,24,.750,7,38,45,25,12,6,10,22,113,,,Team Totals,240,.573,.540,.443,.273,14.0,77.6,45.5,62.5,11.9,11.8,9.2,100.0,112.2,90.3,,
https://www.basketball-reference.com/boxscores/202201230CHO.html,"7:00 PM, January 23, 2022",Charlotte Hornets,Atlanta Hawks,91,113,CHO,,,Team Totals,240,34,87,.391,4,36,.111,19,27,.704,11,43,54,23,6,6,16,24,91,,,Team Totals,240,.460,.414,.414,.310,22.4,86.0,54.5,67.6,6.0,12.2,13.9,100.0,90.3,112.2,,
https://www.basketball-reference.com/boxscores/202201230DAL.html,"7:30 PM, January 23, 2022",Dallas Mavericks,Memphis Grizzlies,104,91,MEM,,,Team Totals,240,37,99,.374,4,24,.167,13,19,.684,21,29,50,20,10,3,15,25,91,,,Team Totals,240,.424,.394,.242,.192,38.9,76.3,54.3,54.1,10.5,6.8,12.3,100.0,95.5,109.1,,
https://www.basketball-reference.com/boxscores/202201230DAL.html,"7:30 PM, January 23, 2022",Dallas Mavericks,Memphis Grizzlies,104,91,DAL,,,Team Totals,240,36,74,.486,9,30,.300,23,31,.742,9,33,42,22,10,12,18,23,104,,,Team Totals,240,.593,.547,.405,.419,23.7,61.1,45.7,61.1,10.5,16.0,17.0,100.0,109.1,95.5,,
https://www.basketball-reference.com/boxscores/202201230DEN.html,"8:00 PM, January 23, 2022",Denver Nuggets,Detroit Pistons,117,111,DET,,,Team Totals,240,42,75,.560,11,29,.379,16,19,.842,4,30,34,28,4,5,22,29,111,,,Team Totals,240,.666,.633,.387,.253,13.3,78.9,50.0,66.7,4.0,10.0,20.9,100.0,112.2,118.3,,
https://www.basketball-reference.com/boxscores/202201230DEN.html,"8:00 PM, January 23, 2022",Denver Nuggets,Detroit Pistons,117,111,DEN,,,Team Totals,240,44,85,.518,12,35,.343,17,23,.739,8,26,34,29,8,1,13,22,117,,,Team Totals,240,.615,.588,.412,.271,21.1,86.7,50.0,65.9,8.1,2.2,12.0,100.0,118.3,112.2,,
https://www.basketball-reference.com/boxscores/202201230GSW.html,"8:30 PM, January 23, 2022",Golden State Warriors,Utah Jazz,94,92,UTA,,,Team Totals,240,31,81,.383,11,35,.314,19,23,.826,17,34,51,17,7,2,12,13,92,,,Team Totals,240,.505,.451,.432,.284,36.2,77.3,56.0,54.8,8.3,4.9,11.6,100.0,109.3,111.6,,
https://www.basketball-reference.com/boxscores/202201230GSW.html,"8:30 PM, January 23, 2022",Golden State Warriors,Utah Jazz,94,92,GSW,,,Team Totals,240,36,83,.434,13,42,.310,9,10,.900,10,30,40,19,8,5,10,19,94,,,Team Totals,240,.538,.512,.506,.120,22.7,63.8,44.0,52.8,9.5,10.9,10.3,100.0,111.6,109.3,,
https://www.basketball-reference.com/boxscores/202201230MIA.html,"6:00 PM, January 23, 2022",Miami Heat,Los Angeles Lakers,113,107,LAL,,,Team Totals,240,36,79,.456,11,40,.275,24,30,.800,7,31,38,20,7,1,18,20,107,,,Team Totals,240,.580,.525,.506,.380,17.5,83.8,49.4,55.6,7.0,2.1,16.3,100.0,107.6,113.7,,
https://www.basketball-reference.com/boxscores/202201230MIA.html,"6:00 PM, January 23, 2022",Miami Heat,Los Angeles Lakers,113,107,MIA,,,Team Totals,240,40,81,.494,15,33,.455,18,20,.900,6,33,39,31,9,3,16,31,113,,,Team Totals,240,.629,.586,.407,.247,16.2,82.5,50.6,77.5,9.1,7.7,15.1,100.0,113.7,107.6,,
https://www.basketball-reference.com/boxscores/202201230MIN.html,"8:00 PM, January 23, 2022",Minnesota Timberwolves,Brooklyn Nets,136,125,BRK,,,Team Totals,240,48,95,.505,15,38,.395,14,15,.933,16,32,48,27,4,1,19,29,125,,,Team Totals,240,.615,.584,.400,.158,37.2,76.2,56.5,56.3,3.9,1.7,15.8,100.0,122.9,133.7,,
https://www.basketball-reference.com/boxscores/202201230MIN.html,"8:00 PM, January 23, 2022",Minnesota Timberwolves,Brooklyn Nets,136,125,MIN,,,Team Totals,240,48,92,.522,14,32,.438,26,31,.839,10,27,37,24,11,7,9,17,136,,,Team Totals,240,.644,.598,.348,.337,23.8,62.8,43.5,50.0,10.8,12.3,7.9,100.0,133.7,122.9,,
https://www.basketball-reference.com/boxscores/202201230NYK.html,"1:00 PM, January 23, 2022",New York Knicks,Los Angeles Clippers,110,102,LAC,,,Team Totals,240,34,79,.430,14,41,.341,20,30,.667,6,34,40,20,7,6,12,19,102,,,Team Totals,240,.553,.519,.519,.380,14.0,69.4,43.5,58.8,7.3,10.9,11.5,100.0,106.9,115.3,,
https://www.basketball-reference.com/boxscores/202201230NYK.html,"1:00 PM, January 23, 2022",New York Knicks,Los Angeles Clippers,110,102,NYK,,,Team Totals,240,39,91,.429,16,36,.444,16,19,.842,15,37,52,26,6,4,13,22,110,,,Team Totals,240,.554,.516,.396,.209,30.6,86.0,56.5,66.7,6.3,10.5,11.6,100.0,115.3,106.9,,
https://www.basketball-reference.com/boxscores/202201230ORL.html,"6:00 PM, January 23, 2022",Orlando Magic,Chicago Bulls,114,95,CHI,,,Team Totals,240,33,76,.434,5,21,.238,24,32,.750,11,33,44,10,3,4,22,22,95,,,Team Totals,240,.527,.467,.276,.421,25.6,91.7,55.7,30.3,3.0,7.4,19.6,100.0,95.6,114.7,,
https://www.basketball-reference.com/boxscores/202201230ORL.html,"6:00 PM, January 23, 2022",Orlando Magic,Chicago Bulls,114,95,ORL,,,Team Totals,240,42,80,.525,12,26,.462,18,23,.783,3,32,35,31,7,8,14,25,114,,,Team Totals,240,.632,.600,.325,.288,8.3,74.4,44.3,73.8,7.0,14.5,13.4,100.0,114.7,95.6,,
https://www.basketball-reference.com/boxscores/202201230SAS.html,"7:00 PM, January 23, 2022",San Antonio Spurs,Philadelphia 76ers,109,115,PHI,,,Team Totals,240,44,92,.478,7,16,.438,20,23,.870,13,34,47,22,5,3,10,19,115,,,Team Totals,240,.563,.516,.174,.250,29.5,73.9,52.2,50.0,5.3,5.1,8.9,100.0,121.2,114.9,,
https://www.basketball-reference.com/boxscores/202201230SAS.html,"7:00 PM, January 23, 2022",San Antonio Spurs,Philadelphia 76ers,109,115,SAS,,,Team Totals,240,42,89,.472,10,30,.333,15,22,.682,12,31,43,30,4,5,9,15,109,,,Team Totals,240,.552,.528,.337,.247,26.1,70.5,47.8,71.4,4.2,6.6,8.4,100.0,114.9,121.2,,
https://www.basketball-reference.com/boxscores/202201230TOR.html,"6:00 PM, January 23, 2022",Toronto Raptors,Portland Trail Blazers,105,114,POR,,,Team Totals,240,45,85,.529,18,32,.563,6,13,.462,10,37,47,31,8,7,22,17,114,,,Team Totals,240,.628,.635,.376,.153,26.3,71.2,52.2,68.9,7.9,15.9,19.5,100.0,112.7,103.8,,
https://www.basketball-reference.com/boxscores/202201230TOR.html,"6:00 PM, January 23, 2022",Toronto Raptors,Portland Trail Blazers,105,114,TOR,,,Team Totals,240,39,98,.398,18,54,.333,9,14,.643,15,28,43,28,15,8,16,18,105,,,Team Totals,240,.504,.490,.551,.143,28.8,73.7,47.8,71.8,14.8,15.1,13.3,100.0,103.8,112.7,,
https://www.basketball-reference.com/boxscores/202201230WAS.html,"3:30 PM, January 23, 2022",Washington Wizards,Boston Celtics,87,116,BOS,,,Team Totals,240,40,90,.444,19,39,.487,17,21,.810,11,46,57,26,5,3,13,16,116,,,Team Totals,240,.584,.550,.433,.233,23.9,83.6,56.4,65.0,5.1,5.1,11.6,100.0,119.3,89.5,,
https://www.basketball-reference.com/boxscores/202201230WAS.html,"3:30 PM, January 23, 2022",Washington Wizards,Boston Celtics,87,116,WAS,,,Team Totals,240,33,93,.355,8,34,.235,13,16,.813,9,35,44,20,8,6,7,14,87,,,Team Totals,240,.435,.398,.366,.172,16.4,76.1,43.6,60.6,8.2,11.8,6.5,100.0,89.5,119.3,,
https://www.basketball-reference.com/boxscores/202201240CLE.html,"7:00 PM, January 24, 2022",Cleveland Cavaliers,New York Knicks,95,93,NYK,,,Team Totals,240,35,84,.417,12,38,.316,11,21,.524,11,34,45,21,11,1,12,19,93,,,Team Totals,240,.499,.488,.452,.250,22.0,73.9,46.9,60.0,11.6,2.2,11.4,100.0,98.4,100.5,,
https://www.basketball-reference.com/boxscores/202201240CLE.html,"7:00 PM, January 24, 2022",Cleveland Cavaliers,New York Knicks,95,93,CLE,,,Team Totals,240,35,81,.432,13,36,.361,12,20,.600,12,39,51,29,7,1,20,18,95,,,Team Totals,240,.529,.512,.444,.247,26.1,78.0,53.1,82.9,7.4,2.2,18.2,100.0,100.5,98.4,,
https://www.basketball-reference.com/boxscores/202201240NOP.html,"8:00 PM, January 24, 2022",New Orleans Pelicans,Indiana Pacers,117,113,IND,,,Team Totals,240,38,87,.437,19,46,.413,18,25,.720,10,31,41,26,5,7,17,28,113,,,Team Totals,240,.577,.546,.529,.287,23.3,72.1,47.7,68.4,5.0,12.1,14.8,100.0,112.9,116.9,,
https://www.basketball-reference.com/boxscores/202201240NOP.html,"8:00 PM, January 24, 2022",New Orleans Pelicans,Indiana Pacers,117,113,NOP,,,Team Totals,240,41,88,.466,6,30,.200,29,31,.935,12,33,45,23,7,4,12,22,117,,,Team Totals,240,.576,.500,.341,.352,27.9,76.7,52.3,56.1,7.0,9.8,10.6,100.0,116.9,112.9,,
https://www.basketball-reference.com/boxscores/202201240OKC.html,"8:00 PM, January 24, 2022",Oklahoma City Thunder,Chicago Bulls,110,111,CHI,,,Team Totals,240,41,89,.461,15,39,.385,14,19,.737,10,41,51,31,7,9,19,23,111,,,Team Totals,240,.570,.545,.438,.213,22.7,80.4,53.7,75.6,6.8,19.1,16.3,100.0,108.2,107.2,,
https://www.basketball-reference.com/boxscores/202201240OKC.html,"8:00 PM, January 24, 2022",Oklahoma City Thunder,Chicago Bulls,110,111,OKC,,,Team Totals,240,38,92,.413,16,45,.356,18,24,.750,10,34,44,26,9,5,11,15,110,,,Team Totals,240,.536,.500,.489,.261,19.6,77.3,46.3,68.4,8.8,10.0,9.7,100.0,107.2,108.2,,
https://www.basketball-reference.com/boxscores/202201240PHO.html,"9:00 PM, January 24, 2022",Phoenix Suns,Utah Jazz,115,109,UTA,,,Team Totals,240,40,81,.494,14,31,.452,15,22,.682,7,31,38,16,11,3,14,15,109,,,Team Totals,240,.601,.580,.383,.272,17.5,63.3,42.7,40.0,11.3,4.8,13.4,100.0,112.0,118.1,,
https://www.basketball-reference.com/boxscores/202201240PHO.html,"9:00 PM, January 24, 2022",Phoenix Suns,Utah Jazz,115,109,PHO,,,Team Totals,240,47,99,.475,13,36,.361,8,15,.533,18,33,51,28,10,5,14,17,115,,,Team Totals,240,.545,.540,.364,.152,36.7,82.5,57.3,59.6,10.3,10.0,11.7,100.0,118.1,112.0,,
https://www.basketball-reference.com/boxscores/202201250BOS.html,"7:30 PM, January 25, 2022",Boston Celtics,Sacramento Kings,128,75,SAC,,,Team Totals,240,29,95,.305,6,33,.182,11,15,.733,15,30,45,15,7,8,12,14,75,,,Team Totals,240,.369,.337,.347,.158,23.1,63.8,40.2,51.7,7.2,13.8,10.6,100.0,77.6,132.4,,
https://www.basketball-reference.com/boxscores/202201250BOS.html,"7:30 PM, January 25, 2022",Boston Celtics,Sacramento Kings,128,75,BOS,,,Team Totals,240,51,103,.495,20,45,.444,6,7,.857,17,50,67,32,6,6,11,12,128,,,Team Totals,240,.603,.592,.437,.068,36.2,76.9,59.8,62.7,6.2,9.7,9.4,100.0,132.4,77.6,,
https://www.basketball-reference.com/boxscores/202201250BRK.html,"7:30 PM, January 25, 2022",Brooklyn Nets,Los Angeles Lakers,96,106,LAL,,,Team Totals,240,42,89,.472,12,38,.316,10,10,1.000,5,28,33,23,12,9,10,19,106,,,Team Totals,240,.567,.539,.427,.112,12.2,60.9,37.9,54.8,12.5,14.8,9.7,100.0,110.8,100.4,,
https://www.basketball-reference.com/boxscores/202201250BRK.html,"7:30 PM, January 25, 2022",Brooklyn Nets,Los Angeles Lakers,96,106,BRK,,,Team Totals,240,37,88,.420,7,27,.259,15,22,.682,18,36,54,20,5,2,19,12,96,,,Team Totals,240,.491,.460,.307,.250,39.1,87.8,62.1,54.1,5.2,3.9,16.3,100.0,100.4,110.8,,
https://www.basketball-reference.com/boxscores/202201250DET.html,"7:00 PM, January 25, 2022",Detroit Pistons,Denver Nuggets,105,110,DEN,,,Team Totals,240,36,84,.429,11,32,.344,27,31,.871,16,40,56,25,7,1,25,17,110,,,Team Totals,240,.563,.494,.381,.369,37.2,81.6,60.9,69.4,6.9,1.6,20.4,100.0,108.4,103.5,,
https://www.basketball-reference.com/boxscores/202201250DET.html,"7:00 PM, January 25, 2022",Detroit Pistons,Denver Nuggets,105,110,DET,,,Team Totals,240,41,97,.423,12,36,.333,11,14,.786,9,27,36,25,14,5,9,25,105,,,Team Totals,240,.509,.485,.371,.144,18.4,62.8,39.1,61.0,13.8,9.6,8.0,100.0,103.5,108.4,,
https://www.basketball-reference.com/boxscores/202201250GSW.html,"10:00 PM, January 25, 2022",Golden State Warriors,Dallas Mavericks,130,92,DAL,,,Team Totals,240,32,91,.352,10,40,.250,18,18,1.000,10,29,39,17,9,4,11,17,92,,,Team Totals,240,.465,.407,.440,.198,17.9,70.7,40.2,53.1,9.1,8.2,10.0,100.0,93.1,131.5,,
https://www.basketball-reference.com/boxscores/202201250GSW.html,"10:00 PM, January 25, 2022",Golden State Warriors,Dallas Mavericks,130,92,GSW,,,Team Totals,240,49,92,.533,17,43,.395,15,18,.833,12,46,58,31,8,2,14,17,130,,,Team Totals,240,.651,.625,.467,.196,29.3,82.1,59.8,63.3,8.1,3.9,12.3,100.0,131.5,93.1,,
https://www.basketball-reference.com/boxscores/202201250HOU.html,"8:00 PM, January 25, 2022",Houston Rockets,San Antonio Spurs,104,134,SAS,,,Team Totals,240,58,101,.574,12,32,.375,6,6,1.000,11,38,49,38,8,5,13,22,134,,,Team Totals,240,.646,.634,.317,.059,28.9,67.9,52.1,65.5,7.8,8.2,11.1,100.0,130.2,101.1,,
https://www.basketball-reference.com/boxscores/202201250HOU.html,"8:00 PM, January 25, 2022",Houston Rockets,San Antonio Spurs,104,134,HOU,,,Team Totals,240,39,95,.411,9,34,.265,17,25,.680,18,27,45,21,8,3,17,12,104,,,Team Totals,240,.491,.458,.358,.263,32.1,71.1,47.9,53.8,7.8,4.3,13.8,100.0,101.1,130.2,,
https://www.basketball-reference.com/boxscores/202201250PHI.html,"7:00 PM, January 25, 2022",Philadelphia 76ers,New Orleans Pelicans,117,107,NOP,,,Team Totals,240,40,83,.482,9,22,.409,18,26,.692,11,28,39,26,5,7,8,25,107,,,Team Totals,240,.566,.536,.265,.313,26.8,66.7,47.0,65.0,5.5,13.2,7.8,100.0,118.6,129.7,,
https://www.basketball-reference.com/boxscores/202201250PHI.html,"7:00 PM, January 25, 2022",Philadelphia 76ers,New Orleans Pelicans,117,107,PHI,,,Team Totals,240,39,84,.464,10,31,.323,29,31,.935,14,30,44,26,4,8,11,22,117,,,Team Totals,240,.599,.524,.369,.369,33.3,73.2,53.0,66.7,4.4,13.1,10.1,100.0,129.7,118.6,,
https://www.basketball-reference.com/boxscores/202201250POR.html,"10:00 PM, January 25, 2022",Portland Trail Blazers,Minnesota Timberwolves,107,109,MIN,,,Team Totals,240,36,82,.439,14,43,.326,23,31,.742,11,38,49,21,8,10,17,19,109,,,Team Totals,240,.570,.524,.524,.378,23.9,71.7,49.5,58.3,8.1,18.9,15.1,100.0,109.9,107.9,,
https://www.basketball-reference.com/boxscores/202201250POR.html,"10:00 PM, January 25, 2022",Portland Trail Blazers,Minnesota Timberwolves,107,109,POR,,,Team Totals,240,37,94,.394,16,41,.390,17,20,.850,15,35,50,26,4,2,14,24,107,,,Team Totals,240,.520,.479,.436,.213,28.3,76.1,50.5,70.3,4.0,5.1,12.0,100.0,107.9,109.9,,
https://www.basketball-reference.com/boxscores/202201250TOR.html,"7:00 PM, January 25, 2022",Toronto Raptors,Charlotte Hornets,125,113,CHO,,,Team Totals,240,40,82,.488,10,31,.323,23,32,.719,9,28,37,25,7,2,12,20,113,,,Team Totals,240,.588,.549,.378,.390,20.5,80.0,46.8,62.5,7.0,4.2,11.1,100.0,113.1,125.1,,
https://www.basketball-reference.com/boxscores/202201250TOR.html,"7:00 PM, January 25, 2022",Toronto Raptors,Charlotte Hornets,125,113,TOR,,,Team Totals,240,43,82,.524,16,34,.471,23,29,.793,7,35,42,27,6,7,17,22,125,,,Team Totals,240,.660,.622,.415,.354,20.0,79.5,53.2,62.8,6.0,13.7,15.2,100.0,125.1,113.1,,
https://www.basketball-reference.com/boxscores/202201250WAS.html,"7:00 PM, January 25, 2022",Washington Wizards,Los Angeles Clippers,115,116,LAC,,,Team Totals,240,39,94,.415,11,29,.379,27,31,.871,12,36,48,28,9,5,12,29,116,,,Team Totals,240,.539,.473,.309,.330,22.2,78.3,48.0,71.8,8.6,9.4,10.0,100.0,110.3,109.4,,
https://www.basketball-reference.com/boxscores/202201250WAS.html,"7:00 PM, January 25, 2022",Washington Wizards,Los Angeles Clippers,115,116,WAS,,,Team Totals,240,37,80,.463,9,27,.333,32,40,.800,10,42,52,25,4,7,19,24,115,,,Team Totals,240,.589,.519,.338,.500,21.7,77.8,52.0,67.6,3.8,10.8,16.3,100.0,109.4,110.3,,
https://www.basketball-reference.com/boxscores/202201260ATL.html,"7:30 PM, January 26, 2022",Atlanta Hawks,Sacramento Kings,121,104,SAC,,,Team Totals,240,39,93,.419,12,40,.300,14,19,.737,10,32,42,23,6,3,12,20,104,,,Team Totals,240,.513,.484,.430,.204,19.2,84.2,46.7,59.0,6.0,5.6,10.6,100.0,103.9,120.9,,
https://www.basketball-reference.com/boxscores/202201260ATL.html,"7:30 PM, January 26, 2022",Atlanta Hawks,Sacramento Kings,121,104,ATL,,,Team Totals,240,48,90,.533,12,36,.333,13,17,.765,6,42,48,29,9,2,9,18,121,,,Team Totals,240,.621,.600,.400,.189,15.8,80.8,53.3,60.4,9.0,3.8,8.5,100.0,120.9,103.9,,
https://www.basketball-reference.com/boxscores/202201260BRK.html,"8:00 PM, January 26, 2022",Brooklyn Nets,Denver Nuggets,118,124,DEN,,,Team Totals,240,42,89,.472,15,36,.417,25,27,.926,12,36,48,27,8,2,13,21,124,,,Team Totals,240,.615,.556,.404,.303,27.3,85.7,55.8,64.3,7.9,3.4,11.4,100.0,122.4,116.5,,
https://www.basketball-reference.com/boxscores/202201260BRK.html,"8:00 PM, January 26, 2022",Brooklyn Nets,Denver Nuggets,118,124,BRK,,,Team Totals,240,43,88,.489,12,29,.414,20,26,.769,6,32,38,26,6,3,12,25,118,,,Team Totals,240,.593,.557,.330,.295,14.3,72.7,44.2,60.5,5.9,5.7,10.8,100.0,116.5,122.4,,
https://www.basketball-reference.com/boxscores/202201260CHI.html,"8:00 PM, January 26, 2022",Chicago Bulls,Toronto Raptors,111,105,TOR,,,Team Totals,240,38,79,.481,12,31,.387,17,28,.607,8,26,34,24,8,5,12,17,105,,,Team Totals,240,.575,.557,.392,.354,18.6,72.2,43.0,63.2,8.5,8.6,11.6,100.0,111.6,118.0,,
https://www.basketball-reference.com/boxscores/202201260CHI.html,"8:00 PM, January 26, 2022",Chicago Bulls,Toronto Raptors,111,105,CHI,,,Team Totals,240,46,84,.548,7,26,.269,12,16,.750,10,35,45,32,2,1,15,22,111,,,Team Totals,240,.610,.589,.310,.190,27.8,81.4,57.0,69.6,2.1,2.1,14.1,100.0,118.0,111.6,,
https://www.basketball-reference.com/boxscores/202201260CLE.html,"7:00 PM, January 26, 2022",Cleveland Cavaliers,Milwaukee Bucks,115,99,MIL,,,Team Totals,240,37,80,.463,9,32,.281,16,18,.889,10,31,41,22,7,3,19,19,99,,,Team Totals,240,.563,.519,.400,.225,25.6,72.1,50.0,59.5,7.5,6.7,17.8,100.0,105.6,122.7,,
https://www.basketball-reference.com/boxscores/202201260CLE.html,"7:00 PM, January 26, 2022",Cleveland Cavaliers,Milwaukee Bucks,115,99,CLE,,,Team Totals,240,41,87,.471,19,42,.452,14,17,.824,12,29,41,27,11,3,13,19,115,,,Team Totals,240,.609,.580,.483,.195,27.9,74.4,50.0,65.9,11.7,6.3,12.1,100.0,122.7,105.6,,
https://www.basketball-reference.com/boxscores/202201260IND.html,"7:00 PM, January 26, 2022",Indiana Pacers,Charlotte Hornets,126,158,CHO,,,Team Totals,240,54,93,.581,24,45,.533,26,33,.788,8,28,36,37,9,5,13,29,158,,,Team Totals,240,.735,.710,.484,.355,25.0,62.2,46.8,68.5,8.4,8.6,10.8,100.0,147.0,117.2,,
https://www.basketball-reference.com/boxscores/202201260IND.html,"7:00 PM, January 26, 2022",Indiana Pacers,Charlotte Hornets,126,158,IND,,,Team Totals,240,44,92,.478,10,34,.294,28,34,.824,17,24,41,33,9,3,20,31,126,,,Team Totals,240,.589,.533,.370,.370,37.8,75.0,53.2,75.0,8.4,6.3,15.8,100.0,117.2,147.0,,
https://www.basketball-reference.com/boxscores/202201260MIA.html,"7:30 PM, January 26, 2022",Miami Heat,New York Knicks,110,96,NYK,,,Team Totals,240,35,83,.422,15,44,.341,11,17,.647,15,29,44,24,8,4,18,23,96,,,Team Totals,240,.531,.512,.530,.205,32.6,80.6,53.7,68.6,8.6,10.8,16.6,100.0,103.1,118.2,,
https://www.basketball-reference.com/boxscores/202201260MIA.html,"7:30 PM, January 26, 2022",Miami Heat,New York Knicks,110,96,MIA,,,Team Totals,240,37,74,.500,16,37,.432,20,22,.909,7,31,38,30,8,3,20,23,110,,,Team Totals,240,.657,.608,.500,.297,19.4,67.4,46.3,81.1,8.6,7.7,19.3,100.0,118.2,103.1,,
https://www.basketball-reference.com/boxscores/202201260ORL.html,"7:00 PM, January 26, 2022",Orlando Magic,Los Angeles Clippers,102,111,LAC,,,Team Totals,240,36,81,.444,15,29,.517,24,27,.889,8,41,49,20,7,1,15,22,111,,,Team Totals,240,.598,.537,.358,.333,20.5,83.7,55.7,55.6,7.2,2.0,13.9,100.0,114.0,104.8,,
https://www.basketball-reference.com/boxscores/202201260ORL.html,"7:00 PM, January 26, 2022",Orlando Magic,Los Angeles Clippers,102,111,ORL,,,Team Totals,240,38,84,.452,9,35,.257,17,22,.773,8,31,39,29,9,3,13,23,102,,,Team Totals,240,.544,.506,.417,.262,16.3,79.5,44.3,76.3,9.2,5.8,12.2,100.0,104.8,114.0,,
https://www.basketball-reference.com/boxscores/202201260POR.html,"10:00 PM, January 26, 2022",Portland Trail Blazers,Dallas Mavericks,112,132,DAL,,,Team Totals,240,48,88,.545,16,36,.444,20,26,.769,6,39,45,35,6,6,9,21,132,,,Team Totals,240,.664,.636,.409,.295,14.6,92.9,54.2,72.9,6.1,13.6,8.3,100.0,133.1,113.0,,
https://www.basketball-reference.com/boxscores/202201260POR.html,"10:00 PM, January 26, 2022",Portland Trail Blazers,Dallas Mavericks,112,132,POR,,,Team Totals,240,42,82,.512,14,38,.368,14,23,.609,3,35,38,27,4,1,9,21,112,,,Team Totals,240,.608,.598,.463,.280,7.1,85.4,45.8,64.3,4.0,1.9,8.9,100.0,113.0,133.1,,
https://www.basketball-reference.com/boxscores/202201260SAS.html,"8:30 PM, January 26, 2022",San Antonio Spurs,Memphis Grizzlies,110,118,MEM,,,Team Totals,240,46,90,.511,7,23,.304,19,26,.731,12,32,44,24,9,9,13,18,118,,,Team Totals,240,.582,.550,.256,.289,31.6,71.1,53.0,52.2,9.1,15.8,11.4,100.0,119.6,111.5,,
https://www.basketball-reference.com/boxscores/202201260SAS.html,"8:30 PM, January 26, 2022",San Antonio Spurs,Memphis Grizzlies,110,118,SAS,,,Team Totals,240,43,94,.457,9,37,.243,15,19,.789,13,26,39,30,9,7,13,19,110,,,Team Totals,240,.537,.505,.394,.202,28.9,68.4,47.0,69.8,9.1,10.4,11.3,100.0,111.5,119.6,,
https://www.basketball-reference.com/boxscores/202201260UTA.html,"10:00 PM, January 26, 2022",Utah Jazz,Phoenix Suns,97,105,PHO,,,Team Totals,240,40,82,.488,7,18,.389,18,27,.667,9,35,44,14,6,7,9,20,105,,,Team Totals,240,.559,.530,.220,.329,22.5,81.4,53.0,35.0,6.4,14.3,8.7,100.0,112.3,103.8,,
https://www.basketball-reference.com/boxscores/202201260UTA.html,"10:00 PM, January 26, 2022",Utah Jazz,Phoenix Suns,97,105,UTA,,,Team Totals,240,34,79,.430,12,30,.400,17,23,.739,8,31,39,20,6,4,16,28,97,,,Team Totals,240,.544,.506,.380,.291,18.6,77.5,47.0,58.8,6.4,6.3,15.2,100.0,103.8,112.3,,
https://www.basketball-reference.com/boxscores/202201270GSW.html,"10:00 PM, January 27, 2022",Golden State Warriors,Minnesota Timberwolves,124,115,MIN,,,Team Totals,240,42,95,.442,10,44,.227,21,27,.778,10,31,41,22,10,4,9,15,115,,,Team Totals,240,.538,.495,.463,.284,21.3,75.6,46.6,52.4,9.9,8.7,7.8,100.0,113.7,122.6,,
https://www.basketball-reference.com/boxscores/202201270GSW.html,"10:00 PM, January 27, 2022",Golden State Warriors,Minnesota Timberwolves,124,115,GSW,,,Team Totals,240,44,82,.537,21,36,.583,15,21,.714,10,37,47,31,8,3,19,23,124,,,Team Totals,240,.680,.665,.439,.256,24.4,78.7,53.4,70.5,7.9,5.9,17.2,100.0,122.6,113.7,,
https://www.basketball-reference.com/boxscores/202201270PHI.html,"7:30 PM, January 27, 2022",Philadelphia 76ers,Los Angeles Lakers,105,87,LAL,,,Team Totals,240,36,88,.409,6,29,.207,9,9,1.000,9,33,42,19,7,9,19,16,87,,,Team Totals,240,.473,.443,.330,.102,19.1,91.7,50.6,52.8,7.0,19.1,17.1,100.0,87.0,105.0,,
https://www.basketball-reference.com/boxscores/202201270PHI.html,"7:30 PM, January 27, 2022",Philadelphia 76ers,Los Angeles Lakers,105,87,PHI,,,Team Totals,240,41,82,.500,13,35,.371,10,17,.588,3,38,41,30,8,5,15,14,105,,,Team Totals,240,.587,.579,.427,.207,8.3,80.9,49.4,73.2,8.0,8.5,14.4,100.0,105.0,87.0,,
https://www.basketball-reference.com/boxscores/202201280ATL.html,"7:30 PM, January 28, 2022",Atlanta Hawks,Boston Celtics,108,92,BOS,,,Team Totals,240,30,86,.349,7,36,.194,25,27,.926,16,36,52,15,5,8,18,25,92,,,Team Totals,240,.470,.390,.419,.314,32.0,80.0,54.7,50.0,5.1,13.8,15.5,100.0,94.7,111.1,,
https://www.basketball-reference.com/boxscores/202201280ATL.html,"7:30 PM, January 28, 2022",Atlanta Hawks,Boston Celtics,108,92,ATL,,,Team Totals,240,41,89,.461,12,31,.387,14,20,.700,9,34,43,19,10,11,12,21,108,,,Team Totals,240,.552,.528,.348,.225,20.0,68.0,45.3,46.3,10.3,22.0,10.9,100.0,111.1,94.7,,
https://www.basketball-reference.com/boxscores/202201280CHO.html,"7:30 PM, January 28, 2022",Charlotte Hornets,Los Angeles Lakers,117,114,LAL,,,Team Totals,240,38,91,.418,15,40,.375,23,32,.719,12,32,44,19,7,3,7,23,114,,,Team Totals,240,.542,.500,.440,.352,23.5,74.4,46.8,50.0,7.3,6.4,6.2,100.0,118.3,121.4,,
https://www.basketball-reference.com/boxscores/202201280CHO.html,"7:30 PM, January 28, 2022",Charlotte Hornets,Los Angeles Lakers,117,114,CHO,,,Team Totals,240,43,83,.518,11,36,.306,20,28,.714,11,39,50,25,4,5,12,24,117,,,Team Totals,240,.614,.584,.434,.337,25.6,76.5,53.2,58.1,4.2,9.8,11.2,100.0,121.4,118.3,,
https://www.basketball-reference.com/boxscores/202201280HOU.html,"8:00 PM, January 28, 2022",Houston Rockets,Portland Trail Blazers,110,125,POR,,,Team Totals,240,46,81,.568,17,39,.436,16,20,.800,4,30,34,20,10,4,15,24,125,,,Team Totals,240,.696,.673,.481,.247,10.8,85.7,47.2,43.5,9.8,10.5,14.3,100.0,122.5,107.8,,
https://www.basketball-reference.com/boxscores/202201280HOU.html,"8:00 PM, January 28, 2022",Houston Rockets,Portland Trail Blazers,110,125,HOU,,,Team Totals,240,38,79,.481,10,41,.244,24,31,.774,5,33,38,25,6,3,19,22,110,,,Team Totals,240,.594,.544,.519,.392,14.3,89.2,52.8,65.8,5.9,7.1,17.0,100.0,107.8,122.5,,
https://www.basketball-reference.com/boxscores/202201280MEM.html,"8:00 PM, January 28, 2022",Memphis Grizzlies,Utah Jazz,119,109,UTA,,,Team Totals,240,37,85,.435,17,46,.370,18,21,.857,11,26,37,20,10,3,18,16,109,,,Team Totals,240,.578,.535,.541,.247,24.4,76.5,46.8,54.1,10.2,5.1,16.0,100.0,111.0,121.2,,
https://www.basketball-reference.com/boxscores/202201280MEM.html,"8:00 PM, January 28, 2022",Memphis Grizzlies,Utah Jazz,119,109,MEM,,,Team Totals,240,46,82,.561,9,23,.391,18,24,.750,8,34,42,27,9,7,15,19,119,,,Team Totals,240,.643,.616,.280,.293,23.5,75.6,53.2,58.7,9.2,17.9,13.9,100.0,121.2,111.0,,
https://www.basketball-reference.com/boxscores/202201280MIA.html,"8:00 PM, January 28, 2022",Miami Heat,Los Angeles Clippers,121,114,LAC,,,Team Totals,240,41,92,.446,9,35,.257,23,32,.719,9,28,37,22,7,3,13,21,114,,,Team Totals,240,.537,.495,.380,.348,18.8,70.0,42.0,53.7,6.8,5.9,10.9,100.0,110.2,117.0,,
https://www.basketball-reference.com/boxscores/202201280MIA.html,"8:00 PM, January 28, 2022",Miami Heat,Los Angeles Clippers,121,114,MIA,,,Team Totals,240,40,85,.471,15,34,.441,26,27,.963,12,39,51,28,6,3,18,23,121,,,Team Totals,240,.624,.559,.400,.318,30.0,81.3,58.0,70.0,5.8,5.3,15.7,100.0,117.0,110.2,,
https://www.basketball-reference.com/boxscores/202201280MIL.html,"10:00 PM, January 28, 2022",Milwaukee Bucks,New York Knicks,123,108,NYK,,,Team Totals,240,39,84,.464,14,40,.350,16,28,.571,11,34,45,21,6,4,14,23,108,,,Team Totals,240,.561,.548,.476,.333,23.4,75.6,48.9,53.8,6.0,8.7,12.7,100.0,108.1,123.1,,
https://www.basketball-reference.com/boxscores/202201280MIL.html,"10:00 PM, January 28, 2022",Milwaukee Bucks,New York Knicks,123,108,MIL,,,Team Totals,240,41,89,.461,14,43,.326,27,31,.871,11,36,47,27,11,1,13,24,123,,,Team Totals,240,.599,.539,.483,.348,24.4,76.6,51.1,65.9,11.0,2.3,11.2,100.0,123.1,108.1,,
https://www.basketball-reference.com/boxscores/202201280NOP.html,"8:00 PM, January 28, 2022",New Orleans Pelicans,Denver Nuggets,105,116,DEN,,,Team Totals,240,41,82,.500,12,33,.364,22,25,.880,9,34,43,29,9,4,21,22,116,,,Team Totals,240,.624,.573,.402,.305,23.7,70.8,50.0,70.7,8.9,7.1,18.4,100.0,115.1,104.1,,
https://www.basketball-reference.com/boxscores/202201280NOP.html,"8:00 PM, January 28, 2022",New Orleans Pelicans,Denver Nuggets,105,116,NOP,,,Team Totals,240,35,90,.389,5,34,.147,30,33,.909,14,29,43,23,14,4,13,19,105,,,Team Totals,240,.502,.417,.378,.367,29.2,76.3,50.0,65.7,13.9,8.2,11.1,100.0,104.1,115.1,,
https://www.basketball-reference.com/boxscores/202201280OKC.html,"8:00 PM, January 28, 2022",Oklahoma City Thunder,Indiana Pacers,110,113,IND,,,Team Totals,265,41,95,.432,13,39,.333,18,29,.621,19,41,60,25,7,6,21,20,113,,,Team Totals,265,.524,.500,.411,.305,36.5,80.4,58.3,61.0,6.6,11.5,16.3,100.0,106.9,104.1,,
https://www.basketball-reference.com/boxscores/202201280OKC.html,"8:00 PM, January 28, 2022",Oklahoma City Thunder,Indiana Pacers,110,113,OKC,,,Team Totals,265,43,95,.453,14,43,.326,10,17,.588,10,33,43,22,12,6,14,27,110,,,Team Totals,265,.537,.526,.453,.179,19.6,63.5,41.7,51.2,11.4,10.7,12.0,100.0,104.1,106.9,,
https://www.basketball-reference.com/boxscores/202201280ORL.html,"7:00 PM, January 28, 2022",Orlando Magic,Detroit Pistons,119,103,DET,,,Team Totals,240,32,87,.368,10,29,.345,29,37,.784,14,27,41,23,10,9,10,24,103,,,Team Totals,240,.499,.425,.333,.425,26.4,77.1,46.6,71.9,10.2,15.5,8.8,100.0,104.9,121.2,,
https://www.basketball-reference.com/boxscores/202201280ORL.html,"7:00 PM, January 28, 2022",Orlando Magic,Detroit Pistons,119,103,ORL,,,Team Totals,240,41,83,.494,12,25,.480,25,26,.962,8,39,47,28,5,7,17,22,119,,,Team Totals,240,.630,.566,.301,.313,22.9,73.6,53.4,68.3,5.1,12.1,15.3,100.0,121.2,104.9,,
https://www.basketball-reference.com/boxscores/202201280PHO.html,"9:00 PM, January 28, 2022",Phoenix Suns,Minnesota Timberwolves,134,124,MIN,,,Team Totals,240,44,90,.489,14,39,.359,22,27,.815,8,30,38,20,7,6,7,26,124,,,Team Totals,240,.609,.567,.433,.300,17.0,75.0,43.7,45.5,7.0,13.3,6.4,100.0,124.5,134.5,,
https://www.basketball-reference.com/boxscores/202201280PHO.html,"9:00 PM, January 28, 2022",Phoenix Suns,Minnesota Timberwolves,134,124,PHO,,,Team Totals,240,43,84,.512,20,39,.513,28,37,.757,10,39,49,36,4,2,12,22,134,,,Team Totals,240,.668,.631,.464,.440,25.0,83.0,56.3,83.7,4.0,3.9,10.7,100.0,134.5,124.5,,
https://www.basketball-reference.com/boxscores/202201280SAS.html,"8:30 PM, January 28, 2022",San Antonio Spurs,Chicago Bulls,131,122,CHI,,,Team Totals,240,46,88,.523,8,30,.267,22,26,.846,4,33,37,22,5,2,6,16,122,,,Team Totals,240,.613,.568,.341,.295,10.5,76.7,45.7,47.8,5.1,3.4,5.7,100.0,123.4,132.5,,
https://www.basketball-reference.com/boxscores/202201280SAS.html,"8:30 PM, January 28, 2022",San Antonio Spurs,Chicago Bulls,131,122,SAS,,,Team Totals,240,50,95,.526,16,37,.432,15,18,.833,10,34,44,35,3,1,7,18,131,,,Team Totals,240,.636,.611,.389,.189,23.3,89.5,54.3,70.0,3.0,1.7,6.4,100.0,132.5,123.4,,
https://www.basketball-reference.com/boxscores/202201290DAL.html,"7:00 PM, January 29, 2022",Dallas Mavericks,Indiana Pacers,132,105,IND,,,Team Totals,240,40,91,.440,9,33,.273,16,23,.696,10,37,47,25,1,7,11,21,105,,,Team Totals,240,.519,.489,.363,.253,22.2,77.1,50.5,62.5,1.0,11.3,9.8,100.0,106.1,133.4,,
https://www.basketball-reference.com/boxscores/202201290DAL.html,"7:00 PM, January 29, 2022",Dallas Mavericks,Indiana Pacers,132,105,DAL,,,Team Totals,240,51,96,.531,16,34,.471,14,22,.636,11,35,46,31,8,7,5,19,132,,,Team Totals,240,.625,.615,.354,.229,22.9,77.8,49.5,60.8,8.1,12.1,4.5,100.0,133.4,106.1,,
https://www.basketball-reference.com/boxscores/202201290GSW.html,"8:30 PM, January 29, 2022",Golden State Warriors,Brooklyn Nets,110,106,BRK,,,Team Totals,240,39,98,.398,11,28,.393,17,21,.810,18,34,52,21,7,10,11,15,106,,,Team Totals,240,.494,.454,.286,.214,31.6,68.0,48.6,53.8,7.2,18.9,9.3,100.0,108.8,112.9,,
https://www.basketball-reference.com/boxscores/202201290GSW.html,"8:30 PM, January 29, 2022",Golden State Warriors,Brooklyn Nets,110,106,GSW,,,Team Totals,240,40,98,.408,14,45,.311,16,18,.889,16,39,55,24,8,8,12,23,110,,,Team Totals,240,.519,.480,.459,.184,32.0,68.4,51.4,60.0,8.2,11.4,10.2,100.0,112.9,108.8,,
https://www.basketball-reference.com/boxscores/202201290MEM.html,"8:00 PM, January 29, 2022",Memphis Grizzlies,Washington Wizards,115,95,WAS,,,Team Totals,240,35,84,.417,10,29,.345,15,21,.714,7,30,37,27,6,5,12,12,95,,,Team Totals,240,.509,.476,.345,.250,15.2,58.8,38.1,77.1,6.4,7.2,11.4,100.0,101.9,123.4,,
https://www.basketball-reference.com/boxscores/202201290MEM.html,"8:00 PM, January 29, 2022",Memphis Grizzlies,Washington Wizards,115,95,MEM,,,Team Totals,240,46,100,.460,13,31,.419,10,12,.833,21,39,60,24,8,10,9,21,115,,,Team Totals,240,.546,.525,.310,.120,41.2,84.8,61.9,52.2,8.6,18.2,7.9,100.0,123.4,101.9,,
https://www.basketball-reference.com/boxscores/202201290MIA.html,"8:00 PM, January 29, 2022",Miami Heat,Toronto Raptors,120,124,TOR,,,Team Totals,315,47,107,.439,16,45,.356,14,18,.778,12,41,53,24,15,9,17,22,124,,,Team Totals,315,.540,.514,.421,.168,22.2,68.3,46.5,51.1,12.7,15.0,12.9,100.0,104.7,101.3,,
https://www.basketball-reference.com/boxscores/202201290MIA.html,"8:00 PM, January 29, 2022",Miami Heat,Toronto Raptors,120,124,MIA,,,Team Totals,315,45,110,.409,16,50,.320,14,20,.700,19,42,61,26,12,6,24,26,120,,,Team Totals,315,.505,.482,.455,.182,31.7,77.8,53.5,57.8,10.1,9.7,16.8,100.0,101.3,104.7,,
https://www.basketball-reference.com/boxscores/202201290NOP.html,"7:00 PM, January 29, 2022",New Orleans Pelicans,Boston Celtics,97,107,BOS,,,Team Totals,240,43,81,.531,14,41,.341,7,11,.636,6,37,43,31,6,7,15,19,107,,,Team Totals,240,.623,.617,.506,.136,16.2,80.4,51.8,72.1,6.3,14.0,14.9,100.0,112.4,101.9,,
https://www.basketball-reference.com/boxscores/202201290NOP.html,"7:00 PM, January 29, 2022",New Orleans Pelicans,Boston Celtics,97,107,NOP,,,Team Totals,240,36,82,.439,8,32,.250,17,23,.739,9,31,40,22,8,0,15,14,97,,,Team Totals,240,.526,.488,.390,.280,19.6,83.8,48.2,61.1,8.4,0.0,14.0,100.0,101.9,112.4,,
https://www.basketball-reference.com/boxscores/202201290PHI.html,"7:30 PM, January 29, 2022",Philadelphia 76ers,Sacramento Kings,103,101,SAC,,,Team Totals,240,36,82,.439,12,35,.343,17,20,.850,10,33,43,24,9,2,13,21,101,,,Team Totals,240,.556,.512,.427,.244,23.3,91.7,54.4,66.7,9.6,5.0,12.5,100.0,108.1,110.2,,
https://www.basketball-reference.com/boxscores/202201290PHI.html,"7:30 PM, January 29, 2022",Philadelphia 76ers,Sacramento Kings,103,101,PHI,,,Team Totals,240,36,70,.514,12,30,.400,19,26,.731,3,33,36,24,8,3,18,17,103,,,Team Totals,240,.632,.600,.429,.371,8.3,76.7,45.6,66.7,8.6,6.4,18.1,100.0,110.2,108.1,,
https://www.basketball-reference.com/boxscores/202201300ATL.html,"1:00 PM, January 30, 2022",Atlanta Hawks,Los Angeles Lakers,129,121,LAL,,,Team Totals,240,47,87,.540,15,35,.429,12,23,.522,6,32,38,29,5,2,13,24,121,,,Team Totals,240,.623,.626,.402,.264,14.0,80.0,45.8,61.7,4.9,3.8,11.8,100.0,118.3,126.1,,
https://www.basketball-reference.com/boxscores/202201300ATL.html,"1:00 PM, January 30, 2022",Atlanta Hawks,Los Angeles Lakers,129,121,ATL,,,Team Totals,240,49,84,.583,10,31,.323,21,32,.656,8,37,45,31,7,0,12,21,129,,,Team Totals,240,.658,.643,.369,.381,20.0,86.0,54.2,63.3,6.8,0.0,10.9,100.0,126.1,118.3,,
https://www.basketball-reference.com/boxscores/202201300CHI.html,"3:30 PM, January 30, 2022",Chicago Bulls,Portland Trail Blazers,130,116,POR,,,Team Totals,240,43,83,.518,18,39,.462,12,16,.750,5,31,36,23,4,3,12,12,116,,,Team Totals,240,.644,.627,.470,.193,12.2,79.5,45.0,53.5,4.2,5.2,11.8,100.0,121.1,135.7,,
https://www.basketball-reference.com/boxscores/202201300CHI.html,"3:30 PM, January 30, 2022",Chicago Bulls,Portland Trail Blazers,130,116,CHI,,,Team Totals,240,50,90,.556,13,32,.406,17,18,.944,8,36,44,36,10,3,7,16,130,,,Team Totals,240,.664,.628,.356,.200,20.5,87.8,55.0,72.0,10.4,6.8,6.7,100.0,135.7,121.1,,
https://www.basketball-reference.com/boxscores/202201300CHO.html,"1:00 PM, January 30, 2022",Charlotte Hornets,Los Angeles Clippers,90,115,LAC,,,Team Totals,240,44,84,.524,11,28,.393,16,19,.842,6,54,60,23,5,6,18,23,115,,,Team Totals,240,.623,.589,.333,.226,15.4,83.1,57.7,52.3,4.8,9.4,16.3,100.0,110.1,86.2,,
https://www.basketball-reference.com/boxscores/202201300CHO.html,"1:00 PM, January 30, 2022",Charlotte Hornets,Los Angeles Clippers,90,115,CHO,,,Team Totals,240,32,98,.327,8,34,.235,18,27,.667,11,33,44,24,8,2,9,15,90,,,Team Totals,240,.410,.367,.347,.276,16.9,84.6,42.3,75.0,7.7,3.6,7.6,100.0,86.2,110.1,,
https://www.basketball-reference.com/boxscores/202201300DET.html,"6:00 PM, January 30, 2022",Detroit Pistons,Cleveland Cavaliers,115,105,CLE,,,Team Totals,240,38,82,.463,13,34,.382,16,25,.640,12,29,41,25,6,6,13,20,105,,,Team Totals,240,.565,.543,.415,.305,27.3,64.4,46.1,65.8,6.5,9.2,12.3,100.0,114.4,125.3,,
https://www.basketball-reference.com/boxscores/202201300DET.html,"6:00 PM, January 30, 2022",Detroit Pistons,Cleveland Cavaliers,115,105,DET,,,Team Totals,240,42,91,.462,10,26,.385,21,25,.840,16,32,48,26,7,4,9,21,115,,,Team Totals,240,.564,.516,.286,.275,35.6,72.7,53.9,61.9,7.6,8.3,8.1,100.0,125.3,114.4,,
https://www.basketball-reference.com/boxscores/202201300MIL.html,"7:00 PM, January 30, 2022",Milwaukee Bucks,Denver Nuggets,100,136,DEN,,,Team Totals,240,53,88,.602,23,43,.535,7,10,.700,6,35,41,39,8,3,10,15,136,,,Team Totals,240,.736,.733,.489,.114,18.8,85.4,56.2,73.6,8.4,6.3,9.8,100.0,142.9,105.1,,
https://www.basketball-reference.com/boxscores/202201300MIL.html,"7:00 PM, January 30, 2022",Milwaukee Bucks,Denver Nuggets,100,136,MIL,,,Team Totals,240,37,78,.474,10,30,.333,16,22,.727,6,26,32,23,6,3,15,10,100,,,Team Totals,240,.570,.538,.385,.282,14.6,81.3,43.8,62.2,6.3,6.7,14.6,100.0,105.1,142.9,,
https://www.basketball-reference.com/boxscores/202201300MIN.html,"8:00 PM, January 30, 2022",Minnesota Timberwolves,Utah Jazz,126,106,UTA,,,Team Totals,240,38,81,.469,15,40,.375,15,21,.714,9,29,38,23,8,4,20,24,106,,,Team Totals,240,.587,.562,.494,.259,23.1,74.4,48.7,60.5,8.0,6.9,18.1,100.0,106.0,126.0,,
https://www.basketball-reference.com/boxscores/202201300MIN.html,"8:00 PM, January 30, 2022",Minnesota Timberwolves,Utah Jazz,126,106,MIN,,,Team Totals,240,49,89,.551,13,31,.419,15,18,.833,10,30,40,35,11,2,16,15,126,,,Team Totals,240,.650,.624,.348,.202,25.6,76.9,51.3,71.4,11.0,4.9,14.2,100.0,126.0,106.0,,
https://www.basketball-reference.com/boxscores/202201300ORL.html,"7:00 PM, January 30, 2022",Orlando Magic,Dallas Mavericks,110,108,DAL,,,Team Totals,240,39,81,.481,16,38,.421,14,18,.778,7,33,40,22,9,4,18,19,108,,,Team Totals,240,.607,.580,.469,.222,18.4,78.6,50.0,56.4,9.2,8.0,16.8,100.0,110.8,112.9,,
https://www.basketball-reference.com/boxscores/202201300ORL.html,"7:00 PM, January 30, 2022",Orlando Magic,Dallas Mavericks,110,108,ORL,,,Team Totals,240,43,84,.512,11,34,.324,13,16,.813,9,31,40,26,8,1,16,16,110,,,Team Totals,240,.604,.577,.405,.190,21.4,81.6,50.0,60.5,8.2,2.3,14.9,100.0,112.9,110.8,,
https://www.basketball-reference.com/boxscores/202201300PHO.html,"8:00 PM, January 30, 2022",Phoenix Suns,San Antonio Spurs,115,110,SAS,,,Team Totals,240,45,100,.450,13,37,.351,7,8,.875,11,32,43,27,6,3,11,15,110,,,Team Totals,240,.531,.515,.370,.080,23.9,74.4,48.3,60.0,6.1,4.6,9.6,100.0,112.0,117.0,,
https://www.basketball-reference.com/boxscores/202201300PHO.html,"8:00 PM, January 30, 2022",Phoenix Suns,San Antonio Spurs,115,110,PHO,,,Team Totals,240,48,97,.495,11,32,.344,8,12,.667,11,35,46,31,6,5,8,12,115,,,Team Totals,240,.562,.552,.330,.124,25.6,76.1,51.7,64.6,6.1,7.9,7.3,100.0,117.0,112.0,,
https://www.basketball-reference.com/boxscores/202201310ATL.html,"7:30 PM, January 31, 2022",Atlanta Hawks,Toronto Raptors,100,106,TOR,,,Team Totals,240,38,89,.427,18,36,.500,12,17,.706,6,37,43,21,7,8,8,15,106,,,Team Totals,240,.549,.528,.404,.191,12.8,88.1,48.3,55.3,7.2,16.3,7.7,100.0,109.5,103.3,,
https://www.basketball-reference.com/boxscores/202201310ATL.html,"7:30 PM, January 31, 2022",Atlanta Hawks,Toronto Raptors,100,106,ATL,,,Team Totals,240,37,81,.457,12,32,.375,14,16,.875,5,41,46,28,6,5,15,20,100,,,Team Totals,240,.568,.531,.395,.198,11.9,87.2,51.7,75.7,6.2,9.4,14.6,100.0,103.3,109.5,,
https://www.basketball-reference.com/boxscores/202201310BOS.html,"7:30 PM, January 31, 2022",Boston Celtics,Miami Heat,122,92,MIA,,,Team Totals,240,34,87,.391,17,44,.386,7,10,.700,10,28,38,25,6,2,19,22,92,,,Team Totals,240,.503,.489,.506,.115,22.2,75.7,46.3,73.5,6.3,4.8,17.2,100.0,95.9,127.2,,
https://www.basketball-reference.com/boxscores/202201310BOS.html,"7:30 PM, January 31, 2022",Boston Celtics,Miami Heat,122,92,BOS,,,Team Totals,240,44,84,.524,16,42,.381,18,27,.667,9,35,44,24,9,6,10,15,122,,,Team Totals,240,.636,.619,.500,.321,24.3,77.8,53.7,54.5,9.4,14.0,9.4,100.0,127.2,95.9,,
https://www.basketball-reference.com/boxscores/202201310CLE.html,"7:00 PM, January 31, 2022",Cleveland Cavaliers,New Orleans Pelicans,93,90,NOP,,,Team Totals,240,33,85,.388,6,30,.200,18,21,.857,16,35,51,26,6,8,13,18,90,,,Team Totals,240,.478,.424,.353,.247,34.8,83.3,58.0,78.8,6.7,15.1,12.1,100.0,101.1,104.4,,
https://www.basketball-reference.com/boxscores/202201310CLE.html,"7:00 PM, January 31, 2022",Cleveland Cavaliers,New Orleans Pelicans,93,90,CLE,,,Team Totals,240,36,84,.429,9,31,.290,12,14,.857,7,30,37,26,6,9,10,19,93,,,Team Totals,240,.516,.482,.369,.167,16.7,65.2,42.0,72.2,6.7,16.4,10.0,100.0,104.4,101.1,,
https://www.basketball-reference.com/boxscores/202201310HOU.html,"8:00 PM, January 31, 2022",Houston Rockets,Golden State Warriors,108,122,GSW,,,Team Totals,240,43,80,.538,17,40,.425,19,23,.826,7,34,41,23,10,8,15,24,122,,,Team Totals,240,.677,.644,.500,.288,20.0,79.1,52.6,53.5,10.1,19.5,14.3,100.0,123.2,109.0,,
https://www.basketball-reference.com/boxscores/202201310HOU.html,"8:00 PM, January 31, 2022",Houston Rockets,Golden State Warriors,108,122,HOU,,,Team Totals,240,36,84,.429,16,43,.372,20,29,.690,9,28,37,25,4,3,17,19,108,,,Team Totals,240,.558,.524,.512,.345,20.9,80.0,47.4,69.4,4.0,7.5,14.9,100.0,109.0,123.2,,
https://www.basketball-reference.com/boxscores/202201310IND.html,"7:00 PM, January 31, 2022",Indiana Pacers,Los Angeles Clippers,122,116,LAC,,,Team Totals,240,45,96,.469,15,44,.341,11,13,.846,10,31,41,25,7,5,10,15,116,,,Team Totals,240,.570,.547,.458,.135,20.4,73.8,45.1,55.6,7.0,7.6,9.0,100.0,116.4,122.5,,
https://www.basketball-reference.com/boxscores/202201310IND.html,"7:00 PM, January 31, 2022",Indiana Pacers,Los Angeles Clippers,122,116,IND,,,Team Totals,240,50,95,.526,14,29,.483,8,12,.667,11,39,50,31,3,5,12,12,122,,,Team Totals,240,.608,.600,.305,.126,26.2,79.6,54.9,62.0,3.0,9.6,10.7,100.0,122.5,116.4,,
https://www.basketball-reference.com/boxscores/202201310NYK.html,"7:30 PM, January 31, 2022",New York Knicks,Sacramento Kings,116,96,SAC,,,Team Totals,240,37,86,.430,11,38,.289,11,22,.500,9,27,36,24,6,5,16,23,96,,,Team Totals,240,.502,.494,.442,.256,18.8,77.1,43.4,64.9,6.0,11.1,14.3,100.0,96.1,116.1,,
https://www.basketball-reference.com/boxscores/202201310NYK.html,"7:30 PM, January 31, 2022",New York Knicks,Sacramento Kings,116,96,NYK,,,Team Totals,240,40,80,.500,13,35,.371,23,29,.793,8,39,47,25,12,5,17,20,116,,,Team Totals,240,.625,.581,.438,.363,22.9,81.3,56.6,62.5,12.0,10.4,15.5,100.0,116.1,96.1,,
https://www.basketball-reference.com/boxscores/202201310OKC.html,"8:00 PM, January 31, 2022",Oklahoma City Thunder,Portland Trail Blazers,98,81,POR,,,Team Totals,240,34,81,.420,7,38,.184,6,8,.750,6,35,41,18,7,6,15,20,81,,,Team Totals,240,.479,.463,.469,.099,13.3,76.1,45.1,52.9,7.6,13.3,15.1,100.0,87.5,105.8,,
https://www.basketball-reference.com/boxscores/202201310OKC.html,"8:00 PM, January 31, 2022",Oklahoma City Thunder,Portland Trail Blazers,98,81,OKC,,,Team Totals,240,35,86,.407,12,41,.293,16,17,.941,11,39,50,22,6,3,13,13,98,,,Team Totals,240,.524,.477,.477,.198,23.9,86.7,54.9,62.9,6.5,7.0,12.2,100.0,105.8,87.5,,
https://www.basketball-reference.com/boxscores/202201310PHI.html,"7:00 PM, January 31, 2022",Philadelphia 76ers,Memphis Grizzlies,122,119,MEM,,,Team Totals,265,47,102,.461,6,30,.200,19,28,.679,15,33,48,18,14,6,14,15,119,,,Team Totals,265,.520,.490,.294,.275,30.0,70.2,49.5,38.3,12.7,8.7,10.9,100.0,108.0,110.8,,
https://www.basketball-reference.com/boxscores/202201310PHI.html,"7:00 PM, January 31, 2022",Philadelphia 76ers,Memphis Grizzlies,122,119,PHI,,,Team Totals,265,49,100,.490,11,31,.355,13,15,.867,14,35,49,30,8,12,21,23,122,,,Team Totals,265,.572,.545,.310,.150,29.8,70.0,50.5,61.2,7.3,16.7,16.5,100.0,110.8,108.0,,
https://www.basketball-reference.com/boxscores/202202010CHI.html,"8:00 PM, February 1, 2022",Chicago Bulls,Orlando Magic,126,115,ORL,,,Team Totals,240,46,93,.495,14,39,.359,9,11,.818,3,33,36,33,7,4,9,18,115,,,Team Totals,240,.588,.570,.419,.118,7.3,75.0,42.4,71.7,6.9,6.7,8.4,100.0,113.6,124.4,,
https://www.basketball-reference.com/boxscores/202202010CHI.html,"8:00 PM, February 1, 2022",Chicago Bulls,Orlando Magic,126,115,CHI,,,Team Totals,240,46,90,.511,11,30,.367,23,29,.793,11,38,49,25,5,6,10,15,126,,,Team Totals,240,.613,.572,.333,.322,25.0,92.7,57.6,54.3,4.9,11.1,8.9,100.0,124.4,113.6,,
https://www.basketball-reference.com/boxscores/202202010DET.html,"7:00 PM, February 1, 2022",Detroit Pistons,New Orleans Pelicans,101,111,NOP,,,Team Totals,240,39,89,.438,8,28,.286,25,28,.893,16,30,46,24,8,5,17,17,111,,,Team Totals,240,.548,.483,.315,.315,35.6,83.3,56.8,61.5,8.0,9.6,14.4,100.0,111.5,101.5,,
https://www.basketball-reference.com/boxscores/202202010DET.html,"7:00 PM, February 1, 2022",Detroit Pistons,New Orleans Pelicans,101,111,DET,,,Team Totals,240,41,84,.488,8,32,.250,11,14,.786,6,29,35,21,7,3,19,25,101,,,Team Totals,240,.560,.536,.381,.167,16.7,64.4,43.2,51.2,7.0,4.9,17.4,100.0,101.5,111.5,,
https://www.basketball-reference.com/boxscores/202202010MIL.html,"7:30 PM, February 1, 2022",Milwaukee Bucks,Washington Wizards,112,98,WAS,,,Team Totals,240,36,82,.439,12,35,.343,14,20,.700,7,33,40,22,4,5,12,16,98,,,Team Totals,240,.540,.512,.427,.244,16.3,80.5,47.6,61.1,4.2,9.3,11.7,100.0,103.7,118.5,,
https://www.basketball-reference.com/boxscores/202202010MIL.html,"7:30 PM, February 1, 2022",Milwaukee Bucks,Washington Wizards,112,98,MIL,,,Team Totals,240,46,92,.500,12,38,.316,8,9,.889,8,36,44,26,7,2,9,17,112,,,Team Totals,240,.584,.565,.413,.098,19.5,83.7,52.4,56.5,7.4,4.3,8.6,100.0,118.5,103.7,,
https://www.basketball-reference.com/boxscores/202202010MIN.html,"8:00 PM, February 1, 2022",Minnesota Timberwolves,Denver Nuggets,130,115,DEN,,,Team Totals,240,38,89,.427,14,44,.318,25,28,.893,10,36,46,27,7,4,12,17,115,,,Team Totals,240,.568,.506,.494,.315,20.4,73.5,46.9,71.1,7.0,8.3,10.6,100.0,114.6,129.5,,
https://www.basketball-reference.com/boxscores/202202010MIN.html,"8:00 PM, February 1, 2022",Minnesota Timberwolves,Denver Nuggets,130,115,MIN,,,Team Totals,240,46,93,.495,19,45,.422,19,25,.760,13,39,52,35,8,9,10,21,130,,,Team Totals,240,.625,.597,.484,.269,26.5,79.6,53.1,76.1,8.0,20.0,8.8,100.0,129.5,114.6,,
https://www.basketball-reference.com/boxscores/202202010PHO.html,"10:00 PM, February 1, 2022",Phoenix Suns,Brooklyn Nets,121,111,BRK,,,Team Totals,240,40,81,.494,16,40,.400,15,21,.714,6,27,33,25,7,1,12,27,111,,,Team Totals,240,.615,.593,.494,.259,16.7,79.4,47.1,62.5,7.3,2.2,11.7,100.0,116.2,126.7,,
https://www.basketball-reference.com/boxscores/202202010PHO.html,"10:00 PM, February 1, 2022",Phoenix Suns,Brooklyn Nets,121,111,PHO,,,Team Totals,240,42,76,.553,11,31,.355,26,31,.839,7,30,37,26,8,4,16,19,121,,,Team Totals,240,.675,.625,.408,.408,20.6,83.3,52.9,61.9,8.4,9.8,15.1,100.0,126.7,116.2,,
https://www.basketball-reference.com/boxscores/202202010SAS.html,"8:30 PM, February 1, 2022",San Antonio Spurs,Golden State Warriors,120,124,GSW,,,Team Totals,240,43,96,.448,20,46,.435,18,18,1.000,15,31,46,30,10,3,16,17,124,,,Team Totals,240,.597,.552,.479,.188,34.1,86.1,57.5,69.8,10.1,6.0,13.3,100.0,125.1,121.1,,
https://www.basketball-reference.com/boxscores/202202010SAS.html,"8:30 PM, February 1, 2022",San Antonio Spurs,Golden State Warriors,120,124,SAS,,,Team Totals,240,46,83,.554,16,33,.485,12,17,.706,5,29,34,33,7,7,14,17,120,,,Team Totals,240,.663,.651,.398,.205,13.9,65.9,42.5,71.7,7.1,14.0,13.4,100.0,121.1,125.1,,
https://www.basketball-reference.com/boxscores/202202010TOR.html,"7:30 PM, February 1, 2022",Toronto Raptors,Miami Heat,110,106,MIA,,,Team Totals,240,38,78,.487,8,30,.267,22,25,.880,10,28,38,26,8,1,17,25,106,,,Team Totals,240,.596,.538,.385,.321,26.3,65.1,46.9,68.4,8.6,1.8,16.0,100.0,114.2,118.5,,
https://www.basketball-reference.com/boxscores/202202010TOR.html,"7:30 PM, February 1, 2022",Toronto Raptors,Miami Heat,110,106,TOR,,,Team Totals,240,39,81,.481,12,26,.462,20,29,.690,15,28,43,20,9,3,15,24,110,,,Team Totals,240,.587,.556,.321,.358,34.9,73.7,53.1,51.3,9.7,6.3,13.8,100.0,118.5,114.2,,
https://www.basketball-reference.com/boxscores/202202020BOS.html,"7:30 PM, February 2, 2022",Boston Celtics,Charlotte Hornets,113,107,CHO,,,Team Totals,240,37,87,.425,12,40,.300,21,27,.778,14,32,46,18,12,4,16,20,107,,,Team Totals,240,.541,.494,.460,.310,28.0,84.2,52.3,48.6,12.0,8.7,13.9,100.0,107.1,113.1,,
https://www.basketball-reference.com/boxscores/202202020BOS.html,"7:30 PM, February 2, 2022",Boston Celtics,Charlotte Hornets,113,107,BOS,,,Team Totals,240,42,82,.512,14,36,.389,15,17,.882,6,36,42,31,9,5,19,21,113,,,Team Totals,240,.631,.598,.439,.207,15.8,72.0,47.7,73.8,9.0,10.6,17.5,100.0,113.1,107.1,,
https://www.basketball-reference.com/boxscores/202202020DAL.html,"8:30 PM, February 2, 2022",Dallas Mavericks,Oklahoma City Thunder,114,120,OKC,,,Team Totals,265,41,86,.477,17,37,.459,21,25,.840,14,36,50,25,6,8,20,16,120,,,Team Totals,265,.619,.576,.430,.291,35.0,73.5,56.2,61.0,6.0,14.5,17.1,100.0,119.8,113.8,,
https://www.basketball-reference.com/boxscores/202202020DAL.html,"8:30 PM, February 2, 2022",Dallas Mavericks,Oklahoma City Thunder,114,120,DAL,,,Team Totals,265,46,98,.469,14,43,.326,8,10,.800,13,26,39,28,12,8,14,21,114,,,Team Totals,265,.557,.541,.439,.102,26.5,65.0,43.8,60.9,12.0,16.3,12.0,100.0,113.8,119.8,,
https://www.basketball-reference.com/boxscores/202202020HOU.html,"8:00 PM, February 2, 2022",Houston Rockets,Cleveland Cavaliers,115,104,CLE,,,Team Totals,240,41,80,.513,7,21,.333,15,27,.556,12,36,48,23,6,4,19,27,104,,,Team Totals,240,.566,.556,.263,.338,29.3,81.8,56.5,56.1,6.1,9.5,17.1,100.0,105.9,117.1,,
https://www.basketball-reference.com/boxscores/202202020HOU.html,"8:00 PM, February 2, 2022",Houston Rockets,Cleveland Cavaliers,115,104,HOU,,,Team Totals,240,39,82,.476,14,40,.350,23,33,.697,8,29,37,25,11,3,12,23,115,,,Team Totals,240,.596,.561,.488,.402,18.2,70.7,43.5,64.1,11.2,5.1,11.1,100.0,117.1,105.9,,
https://www.basketball-reference.com/boxscores/202202020IND.html,"7:00 PM, February 2, 2022",Indiana Pacers,Orlando Magic,118,119,ORL,,,Team Totals,240,42,95,.442,11,35,.314,24,26,.923,9,43,52,29,5,3,12,21,119,,,Team Totals,240,.559,.500,.368,.274,18.8,86.0,53.1,69.0,4.7,4.5,10.1,100.0,111.3,110.3,,
https://www.basketball-reference.com/boxscores/202202020IND.html,"7:00 PM, February 2, 2022",Indiana Pacers,Orlando Magic,118,119,IND,,,Team Totals,240,44,98,.449,14,32,.438,16,23,.696,7,39,46,25,7,1,8,19,118,,,Team Totals,240,.546,.520,.327,.235,14.0,81.3,46.9,56.8,6.5,1.7,6.9,100.0,110.3,111.3,,
https://www.basketball-reference.com/boxscores/202202020LAL.html,"10:30 PM, February 2, 2022",Los Angeles Lakers,Portland Trail Blazers,99,94,POR,,,Team Totals,240,35,98,.357,14,42,.333,10,19,.526,18,37,55,23,11,3,13,28,94,,,Team Totals,240,.442,.429,.429,.194,30.5,75.5,50.9,65.7,11.3,6.3,10.9,100.0,96.7,101.8,,
https://www.basketball-reference.com/boxscores/202202020LAL.html,"10:30 PM, February 2, 2022",Los Angeles Lakers,Portland Trail Blazers,99,94,LAL,,,Team Totals,240,33,78,.423,11,30,.367,22,33,.667,12,41,53,25,8,7,17,18,99,,,Team Totals,240,.535,.494,.385,.423,24.5,69.5,49.1,75.8,8.2,12.5,15.5,100.0,101.8,96.7,,
https://www.basketball-reference.com/boxscores/202202020NYK.html,"7:30 PM, February 2, 2022",New York Knicks,Memphis Grizzlies,108,120,MEM,,,Team Totals,240,44,102,.431,16,39,.410,16,23,.696,15,36,51,30,11,5,11,18,120,,,Team Totals,240,.535,.510,.382,.225,30.0,73.5,51.5,68.2,10.8,9.6,8.9,100.0,118.4,106.5,,
https://www.basketball-reference.com/boxscores/202202020NYK.html,"7:30 PM, February 2, 2022",New York Knicks,Memphis Grizzlies,108,120,NYK,,,Team Totals,240,38,88,.432,12,36,.333,20,26,.769,13,35,48,23,5,10,15,19,108,,,Team Totals,240,.543,.500,.409,.295,26.5,70.0,48.5,60.5,4.9,15.9,13.1,100.0,106.5,118.4,,
https://www.basketball-reference.com/boxscores/202202020PHI.html,"7:00 PM, February 2, 2022",Philadelphia 76ers,Washington Wizards,103,106,WAS,,,Team Totals,240,41,90,.456,9,22,.409,15,19,.789,15,37,52,25,1,5,10,14,106,,,Team Totals,240,.539,.506,.244,.211,32.6,78.7,55.9,61.0,1.1,7.8,9.2,100.0,118.2,114.9,,
https://www.basketball-reference.com/boxscores/202202020PHI.html,"7:00 PM, February 2, 2022",Philadelphia 76ers,Washington Wizards,103,106,PHI,,,Team Totals,240,41,91,.451,11,27,.407,10,13,.769,10,31,41,23,2,4,4,20,103,,,Team Totals,240,.532,.511,.297,.143,21.3,67.4,44.1,56.1,2.2,5.9,4.0,100.0,114.9,118.2,,
https://www.basketball-reference.com/boxscores/202202020SAC.html,"10:00 PM, February 2, 2022",Sacramento Kings,Brooklyn Nets,112,101,BRK,,,Team Totals,240,41,84,.488,8,25,.320,11,14,.786,10,30,40,22,7,12,13,16,101,,,Team Totals,240,.560,.536,.298,.167,23.3,66.7,45.5,53.7,7.5,23.5,12.6,100.0,107.7,119.4,,
https://www.basketball-reference.com/boxscores/202202020SAC.html,"10:00 PM, February 2, 2022",Sacramento Kings,Brooklyn Nets,112,101,SAC,,,Team Totals,240,41,93,.441,14,42,.333,16,18,.889,15,33,48,23,8,7,14,15,112,,,Team Totals,240,.555,.516,.452,.194,33.3,76.7,54.5,56.1,8.5,11.9,12.2,100.0,119.4,107.7,,
https://www.basketball-reference.com/boxscores/202202020UTA.html,"10:00 PM, February 2, 2022",Utah Jazz,Denver Nuggets,108,104,DEN,,,Team Totals,240,42,79,.532,11,28,.393,9,12,.750,7,32,39,24,5,7,14,20,104,,,Team Totals,240,.617,.601,.354,.152,19.4,80.0,51.3,57.1,5.5,12.3,14.2,100.0,113.4,117.7,,
https://www.basketball-reference.com/boxscores/202202020UTA.html,"10:00 PM, February 2, 2022",Utah Jazz,Denver Nuggets,108,104,UTA,,,Team Totals,240,42,86,.488,7,29,.241,17,22,.773,8,29,37,21,8,4,8,12,108,,,Team Totals,240,.564,.529,.337,.256,20.0,80.6,48.7,50.0,8.7,7.8,7.7,100.0,117.7,113.4,,
https://www.basketball-reference.com/boxscores/202202030ATL.html,"7:30 PM, February 3, 2022",Atlanta Hawks,Phoenix Suns,124,115,PHO,,,Team Totals,240,46,88,.523,9,32,.281,14,18,.778,6,33,39,30,11,2,11,20,115,,,Team Totals,240,.599,.574,.364,.205,14.6,84.6,48.8,65.2,11.0,4.5,10.3,100.0,114.5,123.5,,
https://www.basketball-reference.com/boxscores/202202030ATL.html,"7:30 PM, February 3, 2022",Atlanta Hawks,Phoenix Suns,124,115,ATL,,,Team Totals,240,44,84,.524,20,40,.500,16,22,.727,6,35,41,25,6,1,15,21,124,,,Team Totals,240,.662,.643,.476,.262,15.4,85.4,51.3,56.8,6.0,1.8,13.8,100.0,123.5,114.5,,
https://www.basketball-reference.com/boxscores/202202030DET.html,"7:00 PM, February 3, 2022",Detroit Pistons,Minnesota Timberwolves,117,128,MIN,,,Team Totals,240,44,87,.506,15,34,.441,25,28,.893,9,33,42,29,11,3,14,18,128,,,Team Totals,240,.644,.592,.391,.322,22.0,71.7,48.3,65.9,10.7,6.7,12.4,100.0,125.0,114.2,,
https://www.basketball-reference.com/boxscores/202202030DET.html,"7:00 PM, February 3, 2022",Detroit Pistons,Minnesota Timberwolves,117,128,DET,,,Team Totals,240,40,91,.440,15,46,.326,22,28,.786,13,32,45,27,3,6,16,24,117,,,Team Totals,240,.566,.522,.505,.308,28.3,78.0,51.7,67.5,2.9,11.3,13.4,100.0,114.2,125.0,,
https://www.basketball-reference.com/boxscores/202202030GSW.html,"10:00 PM, February 3, 2022",Golden State Warriors,Sacramento Kings,126,114,SAC,,,Team Totals,240,42,80,.525,11,31,.355,19,23,.826,5,20,25,29,13,3,16,16,114,,,Team Totals,240,.632,.594,.388,.288,13.9,69.0,38.5,69.0,13.4,7.1,15.1,100.0,117.7,130.1,,
https://www.basketball-reference.com/boxscores/202202030GSW.html,"10:00 PM, February 3, 2022",Golden State Warriors,Sacramento Kings,126,114,GSW,,,Team Totals,240,47,84,.560,20,42,.476,12,16,.750,9,31,40,27,11,3,16,19,126,,,Team Totals,240,.692,.679,.500,.190,31.0,86.1,61.5,57.4,11.4,6.1,14.9,100.0,130.1,117.7,,
https://www.basketball-reference.com/boxscores/202202030LAC.html,"10:00 PM, February 3, 2022",Los Angeles Clippers,Los Angeles Lakers,111,110,LAL,,,Team Totals,240,41,88,.466,11,29,.379,17,25,.680,11,33,44,19,6,6,11,13,110,,,Team Totals,240,.556,.528,.330,.284,23.4,82.5,50.6,46.3,6.2,10.2,10.0,100.0,114.2,115.3,,
https://www.basketball-reference.com/boxscores/202202030LAC.html,"10:00 PM, February 3, 2022",Los Angeles Clippers,Los Angeles Lakers,111,110,LAC,,,Team Totals,240,46,89,.517,13,30,.433,6,11,.545,7,36,43,29,5,6,10,22,111,,,Team Totals,240,.591,.590,.337,.124,17.5,76.6,49.4,63.0,5.2,10.2,9.6,100.0,115.3,114.2,,
https://www.basketball-reference.com/boxscores/202202030SAS.html,"7:00 PM, February 3, 2022",San Antonio Spurs,Miami Heat,95,112,MIA,,,Team Totals,240,42,83,.506,12,30,.400,16,18,.889,7,35,42,27,13,3,14,27,112,,,Team Totals,240,.616,.578,.361,.217,18.4,74.5,49.4,64.3,13.4,6.4,13.3,100.0,115.1,97.6,,
https://www.basketball-reference.com/boxscores/202202030SAS.html,"7:00 PM, February 3, 2022",San Antonio Spurs,Miami Heat,95,112,SAS,,,Team Totals,240,30,80,.375,8,33,.242,27,38,.711,12,31,43,21,9,5,17,19,95,,,Team Totals,240,.491,.425,.413,.475,25.5,81.6,50.6,70.0,9.2,9.4,14.9,100.0,97.6,115.1,,
https://www.basketball-reference.com/boxscores/202202030TOR.html,"7:30 PM, February 3, 2022",Toronto Raptors,Chicago Bulls,127,120,CHI,,,Team Totals,265,43,90,.478,12,29,.414,22,24,.917,10,41,51,30,8,7,17,19,120,,,Team Totals,265,.597,.544,.322,.267,21.7,65.1,46.8,69.8,7.5,9.1,14.5,100.0,112.2,118.7,,
https://www.basketball-reference.com/boxscores/202202030TOR.html,"7:30 PM, February 3, 2022",Toronto Raptors,Chicago Bulls,127,120,TOR,,,Team Totals,265,48,113,.425,14,36,.389,17,19,.895,22,36,58,30,10,5,12,17,127,,,Team Totals,265,.523,.487,.319,.168,34.9,78.3,53.2,62.5,9.3,8.2,9.0,100.0,118.7,112.2,,
https://www.basketball-reference.com/boxscores/202202040CHO.html,"7:00 PM, February 4, 2022",Charlotte Hornets,Cleveland Cavaliers,101,102,CLE,,,Team Totals,240,36,90,.400,14,35,.400,16,20,.800,15,36,51,26,7,0,12,17,102,,,Team Totals,240,.516,.478,.389,.222,28.8,70.6,49.5,72.2,7.5,0.0,10.8,100.0,109.0,107.9,,
https://www.basketball-reference.com/boxscores/202202040CHO.html,"7:00 PM, February 4, 2022",Charlotte Hornets,Cleveland Cavaliers,101,102,CHO,,,Team Totals,240,38,92,.413,14,43,.326,11,12,.917,15,37,52,27,9,2,14,22,101,,,Team Totals,240,.519,.489,.467,.130,29.4,71.2,50.5,71.1,9.6,3.6,12.6,100.0,107.9,109.0,,
https://www.basketball-reference.com/boxscores/202202040DAL.html,"10:00 PM, February 4, 2022",Dallas Mavericks,Philadelphia 76ers,107,98,PHI,,,Team Totals,240,36,70,.514,9,27,.333,17,23,.739,6,30,36,23,5,5,14,22,98,,,Team Totals,240,.612,.579,.386,.329,17.1,73.2,47.4,63.9,5.6,9.8,14.9,100.0,109.5,119.6,,
https://www.basketball-reference.com/boxscores/202202040DAL.html,"10:00 PM, February 4, 2022",Dallas Mavericks,Philadelphia 76ers,107,98,DAL,,,Team Totals,240,39,85,.459,10,34,.294,19,23,.826,11,29,40,22,8,0,11,18,107,,,Team Totals,240,.562,.518,.400,.271,26.8,82.9,52.6,56.4,8.9,0.0,10.4,100.0,119.6,109.5,,
https://www.basketball-reference.com/boxscores/202202040DEN.html,"9:00 PM, February 4, 2022",Denver Nuggets,New Orleans Pelicans,105,113,NOP,,,Team Totals,240,42,75,.560,8,25,.320,21,23,.913,5,33,38,27,8,5,15,18,113,,,Team Totals,240,.664,.613,.333,.307,17.2,82.5,55.1,64.3,8.7,13.5,15.0,100.0,122.3,113.6,,
https://www.basketball-reference.com/boxscores/202202040DEN.html,"9:00 PM, February 4, 2022",Denver Nuggets,New Orleans Pelicans,105,113,DEN,,,Team Totals,240,35,78,.449,19,41,.463,16,17,.941,7,24,31,22,9,4,15,20,105,,,Team Totals,240,.614,.571,.526,.218,17.5,82.8,44.9,62.9,9.7,8.0,14.9,100.0,113.6,122.3,,
https://www.basketball-reference.com/boxscores/202202040DET.html,"7:00 PM, February 4, 2022",Detroit Pistons,Boston Celtics,93,102,BOS,,,Team Totals,240,37,82,.451,9,28,.321,19,25,.760,11,44,55,23,4,9,14,17,102,,,Team Totals,240,.548,.506,.341,.305,23.4,68.8,49.5,62.2,4.1,11.5,13.1,100.0,105.0,95.7,,
https://www.basketball-reference.com/boxscores/202202040DET.html,"7:00 PM, February 4, 2022",Detroit Pistons,Boston Celtics,93,102,DET,,,Team Totals,240,34,104,.327,10,26,.385,15,20,.750,20,36,56,18,5,4,11,24,93,,,Team Totals,240,.412,.375,.250,.192,31.3,76.6,50.5,52.9,5.1,7.4,8.9,100.0,95.7,105.0,,
https://www.basketball-reference.com/boxscores/202202040IND.html,"7:00 PM, February 4, 2022",Indiana Pacers,Chicago Bulls,115,122,CHI,,,Team Totals,240,49,90,.544,6,26,.231,18,23,.783,10,33,43,30,5,6,9,17,122,,,Team Totals,240,.609,.578,.289,.256,27.0,76.7,53.8,61.2,5.1,8.8,8.2,100.0,124.5,117.3,,
https://www.basketball-reference.com/boxscores/202202040IND.html,"7:00 PM, February 4, 2022",Indiana Pacers,Chicago Bulls,115,122,IND,,,Team Totals,240,47,95,.495,12,27,.444,9,9,1.000,10,27,37,25,3,3,13,19,115,,,Team Totals,240,.581,.558,.284,.095,23.3,73.0,46.3,53.2,3.1,4.7,11.6,100.0,117.3,124.5,,
https://www.basketball-reference.com/boxscores/202202040POR.html,"10:00 PM, February 4, 2022",Portland Trail Blazers,Oklahoma City Thunder,93,96,OKC,,,Team Totals,240,33,87,.379,15,42,.357,15,21,.714,13,39,52,24,5,6,15,18,96,,,Team Totals,240,.499,.466,.483,.241,26.5,69.6,49.5,72.7,5.2,8.8,13.5,100.0,99.9,96.7,,
https://www.basketball-reference.com/boxscores/202202040POR.html,"10:00 PM, February 4, 2022",Portland Trail Blazers,Oklahoma City Thunder,93,96,POR,,,Team Totals,240,40,101,.396,6,33,.182,7,10,.700,17,36,53,18,7,4,12,18,93,,,Team Totals,240,.441,.426,.327,.099,30.4,73.5,50.5,45.0,7.3,8.9,10.2,100.0,96.7,99.9,,
https://www.basketball-reference.com/boxscores/202202040SAS.html,"8:30 PM, February 4, 2022",San Antonio Spurs,Houston Rockets,131,106,HOU,,,Team Totals,240,36,83,.434,11,33,.333,23,29,.793,9,26,35,15,9,6,19,20,106,,,Team Totals,240,.553,.500,.398,.349,21.4,70.3,44.3,41.7,9.0,9.8,16.6,100.0,105.6,130.5,,
https://www.basketball-reference.com/boxscores/202202040SAS.html,"8:30 PM, February 4, 2022",San Antonio Spurs,Houston Rockets,131,106,SAS,,,Team Totals,240,51,89,.573,13,28,.464,16,20,.800,11,33,44,33,14,5,13,25,131,,,Team Totals,240,.670,.646,.315,.225,29.7,78.6,55.7,64.7,13.9,10.0,11.7,100.0,130.5,105.6,,
https://www.basketball-reference.com/boxscores/202202040TOR.html,"7:30 PM, February 4, 2022",Toronto Raptors,Atlanta Hawks,125,114,ATL,,,Team Totals,240,43,93,.462,9,29,.310,19,21,.905,13,27,40,27,12,4,9,16,114,,,Team Totals,240,.558,.511,.312,.226,26.0,77.1,47.1,62.8,12.4,7.4,8.1,100.0,118.1,129.4,,
https://www.basketball-reference.com/boxscores/202202040TOR.html,"7:30 PM, February 4, 2022",Toronto Raptors,Atlanta Hawks,125,114,TOR,,,Team Totals,240,46,81,.568,17,27,.630,16,18,.889,8,37,45,29,7,4,17,18,125,,,Team Totals,240,.703,.673,.333,.222,22.9,74.0,52.9,63.0,7.2,6.3,16.0,100.0,129.4,118.1,,
https://www.basketball-reference.com/boxscores/202202040UTA.html,"9:00 PM, February 4, 2022",Utah Jazz,Brooklyn Nets,125,102,BRK,,,Team Totals,240,41,99,.414,12,34,.353,8,11,.727,16,26,42,25,10,2,10,12,102,,,Team Totals,240,.491,.475,.343,.111,28.1,74.3,45.7,61.0,10.3,4.3,8.8,100.0,104.9,128.6,,
https://www.basketball-reference.com/boxscores/202202040UTA.html,"9:00 PM, February 4, 2022",Utah Jazz,Brooklyn Nets,125,102,UTA,,,Team Totals,240,48,85,.565,17,38,.447,12,14,.857,9,41,50,33,7,5,18,16,125,,,Team Totals,240,.686,.665,.447,.165,25.7,71.9,54.3,68.8,7.2,7.7,16.5,100.0,128.6,104.9,,
https://www.basketball-reference.com/boxscores/202202050CHO.html,"7:00 PM, February 5, 2022",Charlotte Hornets,Miami Heat,86,104,MIA,,,Team Totals,240,38,91,.418,11,32,.344,17,18,.944,11,38,49,27,14,6,12,17,104,,,Team Totals,240,.526,.478,.352,.198,22.4,76.0,49.5,71.1,14.3,12.0,10.8,100.0,106.0,87.6,,
https://www.basketball-reference.com/boxscores/202202050CHO.html,"7:00 PM, February 5, 2022",Charlotte Hornets,Miami Heat,86,104,CHO,,,Team Totals,240,33,86,.384,10,36,.278,10,16,.625,12,38,50,23,4,5,20,19,86,,,Team Totals,240,.462,.442,.419,.186,24.0,77.6,50.5,69.7,4.1,8.5,17.7,100.0,87.6,106.0,,
https://www.basketball-reference.com/boxscores/202202050LAL.html,"8:30 PM, February 5, 2022",Los Angeles Lakers,New York Knicks,122,115,NYK,,,Team Totals,265,39,98,.398,11,38,.289,26,36,.722,15,41,56,24,8,4,14,26,115,,,Team Totals,265,.505,.454,.388,.367,25.9,74.5,49.6,61.5,7.2,5.9,11.0,100.0,103.8,110.1,,
https://www.basketball-reference.com/boxscores/202202050LAL.html,"8:30 PM, February 5, 2022",Los Angeles Lakers,New York Knicks,122,115,LAL,,,Team Totals,265,48,102,.471,9,34,.265,17,28,.607,14,43,57,29,8,7,13,23,122,,,Team Totals,265,.534,.515,.333,.275,25.5,74.1,50.4,60.4,7.2,11.7,10.2,100.0,110.1,103.8,,
https://www.basketball-reference.com/boxscores/202202050ORL.html,"5:00 PM, February 5, 2022",Orlando Magic,Memphis Grizzlies,115,135,MEM,,,Team Totals,240,53,105,.505,13,39,.333,16,22,.727,16,46,62,33,6,5,8,21,135,,,Team Totals,240,.589,.567,.371,.210,34.0,86.8,62.0,62.3,5.8,11.9,6.5,100.0,130.9,111.5,,
https://www.basketball-reference.com/boxscores/202202050ORL.html,"5:00 PM, February 5, 2022",Orlando Magic,Memphis Grizzlies,115,135,ORL,,,Team Totals,240,39,90,.433,17,48,.354,20,29,.690,7,31,38,27,2,2,9,20,115,,,Team Totals,240,.560,.528,.533,.322,13.2,66.0,38.0,69.2,1.9,3.0,8.1,100.0,111.5,130.9,,
https://www.basketball-reference.com/boxscores/202202050POR.html,"10:00 PM, February 5, 2022",Portland Trail Blazers,Milwaukee Bucks,108,137,MIL,,,Team Totals,240,49,92,.533,23,50,.460,16,22,.727,10,34,44,36,9,6,10,18,137,,,Team Totals,240,.674,.658,.543,.239,25.6,79.1,53.7,73.5,9.1,15.0,9.0,100.0,138.0,108.8,,
https://www.basketball-reference.com/boxscores/202202050POR.html,"10:00 PM, February 5, 2022",Portland Trail Blazers,Milwaukee Bucks,108,137,POR,,,Team Totals,240,41,85,.482,14,45,.311,12,21,.571,9,29,38,25,6,6,16,18,108,,,Team Totals,240,.573,.565,.529,.247,20.9,74.4,46.3,61.0,6.0,14.3,14.5,100.0,108.8,138.0,,
https://www.basketball-reference.com/boxscores/202202050SAC.html,"10:00 PM, February 5, 2022",Sacramento Kings,Oklahoma City Thunder,113,103,OKC,,,Team Totals,240,42,87,.483,9,30,.300,10,16,.625,7,34,41,23,8,1,14,16,103,,,Team Totals,240,.548,.534,.345,.184,14.9,82.9,46.6,54.8,8.0,2.0,13.0,100.0,102.6,112.6,,
https://www.basketball-reference.com/boxscores/202202050SAC.html,"10:00 PM, February 5, 2022",Sacramento Kings,Oklahoma City Thunder,113,103,SAC,,,Team Totals,240,43,83,.518,12,32,.375,15,22,.682,7,40,47,30,13,4,16,15,113,,,Team Totals,240,.610,.590,.386,.265,17.1,85.1,53.4,69.8,13.0,7.0,14.7,100.0,112.6,102.6,,
https://www.basketball-reference.com/boxscores/202202050WAS.html,"7:00 PM, February 5, 2022",Washington Wizards,Phoenix Suns,80,95,PHO,,,Team Totals,240,40,99,.404,8,31,.258,7,14,.500,20,44,64,26,6,7,10,16,95,,,Team Totals,240,.452,.444,.313,.141,37.0,84.6,60.4,65.0,6.5,11.5,8.7,100.0,103.4,87.1,,
https://www.basketball-reference.com/boxscores/202202050WAS.html,"7:00 PM, February 5, 2022",Washington Wizards,Phoenix Suns,80,95,WAS,,,Team Totals,240,30,85,.353,5,24,.208,15,19,.789,8,34,42,14,8,4,9,17,80,,,Team Totals,240,.428,.382,.282,.224,15.4,63.0,39.6,46.7,8.7,5.9,8.8,100.0,87.1,103.4,,
https://www.basketball-reference.com/boxscores/202202060CHI.html,"3:30 PM, February 6, 2022",Chicago Bulls,Philadelphia 76ers,108,119,PHI,,,Team Totals,240,45,84,.536,12,24,.500,17,21,.810,4,34,38,29,5,5,11,17,119,,,Team Totals,240,.638,.607,.286,.250,11.1,85.0,50.0,64.4,5.2,9.1,10.6,100.0,124.3,112.8,,
https://www.basketball-reference.com/boxscores/202202060CHI.html,"3:30 PM, February 6, 2022",Chicago Bulls,Philadelphia 76ers,108,119,CHI,,,Team Totals,240,39,81,.481,7,26,.269,23,26,.885,6,32,38,21,3,4,8,19,108,,,Team Totals,240,.584,.525,.321,.321,15.0,88.9,50.0,53.8,3.1,6.7,8.0,100.0,112.8,124.3,,
https://www.basketball-reference.com/boxscores/202202060CLE.html,"6:00 PM, February 6, 2022",Cleveland Cavaliers,Indiana Pacers,98,85,IND,,,Team Totals,240,31,83,.373,8,31,.258,15,17,.882,13,34,47,17,5,2,19,26,85,,,Team Totals,240,.470,.422,.373,.205,27.7,68.0,48.5,54.8,5.5,3.8,17.4,100.0,93.2,107.4,,
https://www.basketball-reference.com/boxscores/202202060CLE.html,"6:00 PM, February 6, 2022",Cleveland Cavaliers,Indiana Pacers,98,85,CLE,,,Team Totals,240,34,84,.405,11,32,.344,19,28,.679,16,34,50,25,9,5,11,22,98,,,Team Totals,240,.509,.470,.381,.333,32.0,72.3,51.5,73.5,9.9,9.6,10.2,100.0,107.4,93.2,,
https://www.basketball-reference.com/boxscores/202202060DAL.html,"6:00 PM, February 6, 2022",Dallas Mavericks,Atlanta Hawks,103,94,ATL,,,Team Totals,240,37,95,.389,5,25,.200,15,16,.938,15,35,50,21,7,4,12,18,94,,,Team Totals,240,.461,.416,.263,.168,29.4,74.5,51.0,56.8,7.3,7.7,10.5,100.0,98.6,108.0,,
https://www.basketball-reference.com/boxscores/202202060DAL.html,"6:00 PM, February 6, 2022",Dallas Mavericks,Atlanta Hawks,103,94,DAL,,,Team Totals,240,38,88,.432,16,36,.444,11,13,.846,12,36,48,25,8,5,16,25,103,,,Team Totals,240,.550,.523,.409,.148,25.5,70.6,49.0,65.8,8.4,7.1,14.6,100.0,108.0,98.6,,
https://www.basketball-reference.com/boxscores/202202060DEN.html,"3:30 PM, February 6, 2022",Denver Nuggets,Brooklyn Nets,124,104,BRK,,,Team Totals,240,36,87,.414,16,41,.390,16,22,.727,8,28,36,24,8,9,10,19,104,,,Team Totals,240,.538,.506,.471,.253,15.4,71.8,39.6,66.7,8.1,14.5,9.4,100.0,105.5,125.7,,
https://www.basketball-reference.com/boxscores/202202060DEN.html,"3:30 PM, February 6, 2022",Denver Nuggets,Brooklyn Nets,124,104,DEN,,,Team Totals,240,49,94,.521,10,32,.313,16,21,.762,11,44,55,37,7,2,11,20,124,,,Team Totals,240,.601,.574,.340,.223,28.2,84.6,60.4,75.5,7.1,4.3,9.6,100.0,125.7,105.5,,
https://www.basketball-reference.com/boxscores/202202060HOU.html,"7:00 PM, February 6, 2022",Houston Rockets,New Orleans Pelicans,107,120,NOP,,,Team Totals,240,41,77,.532,12,29,.414,26,36,.722,5,28,33,29,12,4,13,23,120,,,Team Totals,240,.646,.610,.377,.468,15.2,84.8,50.0,70.7,12.0,10.3,12.3,100.0,120.1,107.1,,
https://www.basketball-reference.com/boxscores/202202060HOU.html,"7:00 PM, February 6, 2022",Houston Rockets,New Orleans Pelicans,107,120,HOU,,,Team Totals,240,40,84,.476,16,45,.356,11,16,.688,5,28,33,28,5,7,18,23,107,,,Team Totals,240,.588,.571,.536,.190,15.2,84.8,50.0,70.0,5.0,14.6,16.5,100.0,107.1,120.1,,
https://www.basketball-reference.com/boxscores/202202060LAC.html,"9:00 PM, February 6, 2022",Los Angeles Clippers,Milwaukee Bucks,113,137,MIL,,,Team Totals,240,48,88,.545,19,38,.500,22,27,.815,7,43,50,28,6,4,10,15,137,,,Team Totals,240,.686,.653,.432,.307,17.1,81.1,53.2,58.3,5.9,8.0,9.1,100.0,135.3,111.6,,
https://www.basketball-reference.com/boxscores/202202060LAC.html,"9:00 PM, February 6, 2022",Los Angeles Clippers,Milwaukee Bucks,113,137,LAC,,,Team Totals,240,40,96,.417,18,46,.391,15,16,.938,10,34,44,26,6,2,10,20,113,,,Team Totals,240,.548,.510,.479,.167,18.9,82.9,46.8,65.0,5.9,4.0,8.8,100.0,111.6,135.3,,
https://www.basketball-reference.com/boxscores/202202060MIN.html,"3:30 PM, February 6, 2022",Minnesota Timberwolves,Detroit Pistons,118,105,DET,,,Team Totals,240,40,95,.421,12,32,.375,13,19,.684,14,33,47,28,6,9,11,22,105,,,Team Totals,240,.508,.484,.337,.200,25.9,75.0,48.0,70.0,6.2,16.4,9.6,100.0,107.9,121.3,,
https://www.basketball-reference.com/boxscores/202202060MIN.html,"3:30 PM, February 6, 2022",Minnesota Timberwolves,Detroit Pistons,118,105,MIN,,,Team Totals,240,42,91,.462,17,36,.472,17,21,.810,11,40,51,27,6,7,10,19,118,,,Team Totals,240,.589,.555,.396,.231,25.0,74.1,52.0,64.3,6.2,11.1,9.1,100.0,121.3,107.9,,
https://www.basketball-reference.com/boxscores/202202060ORL.html,"6:00 PM, February 6, 2022",Orlando Magic,Boston Celtics,83,116,BOS,,,Team Totals,240,45,99,.455,13,46,.283,13,14,.929,16,39,55,29,9,6,16,17,116,,,Team Totals,240,.552,.520,.465,.141,33.3,83.0,57.9,64.4,9.0,10.9,13.2,100.0,115.8,82.9,,
https://www.basketball-reference.com/boxscores/202202060ORL.html,"6:00 PM, February 6, 2022",Orlando Magic,Boston Celtics,83,116,ORL,,,Team Totals,240,29,81,.358,5,26,.192,20,21,.952,8,32,40,17,8,5,19,16,83,,,Team Totals,240,.460,.389,.321,.259,17.0,66.7,42.1,58.6,8.0,9.4,17.4,100.0,82.9,115.8,,
https://www.basketball-reference.com/boxscores/202202070CHI.html,"8:00 PM, February 7, 2022",Chicago Bulls,Phoenix Suns,124,127,PHO,,,Team Totals,240,49,90,.544,12,32,.375,17,19,.895,10,34,44,31,5,5,11,23,127,,,Team Totals,240,.646,.611,.356,.211,25.6,75.6,52.4,63.3,5.1,7.8,10.1,100.0,129.3,126.2,,
https://www.basketball-reference.com/boxscores/202202070CHI.html,"8:00 PM, February 7, 2022",Chicago Bulls,Phoenix Suns,124,127,CHI,,,Team Totals,240,43,90,.478,10,26,.385,28,31,.903,11,29,40,18,7,2,9,18,124,,,Team Totals,240,.598,.533,.289,.344,24.4,74.4,47.6,41.9,7.1,3.4,8.0,100.0,126.2,129.3,,
https://www.basketball-reference.com/boxscores/202202070CHO.html,"7:00 PM, February 7, 2022",Charlotte Hornets,Toronto Raptors,101,116,TOR,,,Team Totals,240,41,84,.488,15,35,.429,19,29,.655,14,37,51,21,9,5,18,20,116,,,Team Totals,240,.599,.577,.417,.345,32.6,80.4,57.3,51.2,8.9,9.1,15.7,100.0,115.3,100.3,,
https://www.basketball-reference.com/boxscores/202202070CHO.html,"7:00 PM, February 7, 2022",Charlotte Hornets,Toronto Raptors,101,116,CHO,,,Team Totals,240,39,95,.411,9,40,.225,14,16,.875,9,29,38,28,11,4,13,19,101,,,Team Totals,240,.495,.458,.421,.168,19.6,67.4,42.7,71.8,10.9,8.2,11.3,100.0,100.3,115.3,,
https://www.basketball-reference.com/boxscores/202202070OKC.html,"8:00 PM, February 7, 2022",Oklahoma City Thunder,Golden State Warriors,98,110,GSW,,,Team Totals,240,41,82,.500,15,43,.349,13,17,.765,6,34,40,30,12,3,15,19,110,,,Team Totals,240,.615,.591,.524,.207,15.8,65.4,44.4,73.2,12.5,5.6,14.4,100.0,114.6,102.1,,
https://www.basketball-reference.com/boxscores/202202070OKC.html,"8:00 PM, February 7, 2022",Oklahoma City Thunder,Golden State Warriors,98,110,OKC,,,Team Totals,240,37,90,.411,11,36,.306,13,17,.765,18,32,50,21,8,2,18,14,98,,,Team Totals,240,.503,.472,.400,.189,34.6,84.2,55.6,56.8,8.3,5.1,15.6,100.0,102.1,114.6,,
https://www.basketball-reference.com/boxscores/202202070UTA.html,"9:00 PM, February 7, 2022",Utah Jazz,New York Knicks,113,104,NYK,,,Team Totals,240,36,95,.379,8,33,.242,24,35,.686,20,36,56,18,8,3,16,23,104,,,Team Totals,240,.471,.421,.347,.368,36.4,72.0,53.3,50.0,7.9,6.7,12.7,100.0,103.1,112.1,,
https://www.basketball-reference.com/boxscores/202202070UTA.html,"9:00 PM, February 7, 2022",Utah Jazz,New York Knicks,113,104,UTA,,,Team Totals,240,39,93,.419,12,48,.250,23,27,.852,14,35,49,19,6,6,12,26,113,,,Team Totals,240,.539,.484,.516,.290,28.0,63.6,46.7,48.7,6.0,9.7,10.3,100.0,112.1,103.1,,
https://www.basketball-reference.com/boxscores/202202070WAS.html,"7:00 PM, February 7, 2022",Washington Wizards,Miami Heat,100,121,MIA,,,Team Totals,240,43,76,.566,18,32,.563,17,21,.810,5,32,37,29,9,1,19,23,121,,,Team Totals,240,.710,.684,.421,.276,16.1,82.1,52.9,67.4,9.2,2.0,18.2,100.0,123.8,102.3,,
https://www.basketball-reference.com/boxscores/202202070WAS.html,"7:00 PM, February 7, 2022",Washington Wizards,Miami Heat,100,121,WAS,,,Team Totals,240,36,80,.450,7,31,.226,21,23,.913,7,26,33,25,10,0,17,18,100,,,Team Totals,240,.555,.494,.388,.288,17.9,83.9,47.1,69.4,10.2,0.0,15.9,100.0,102.3,123.8,,
https://www.basketball-reference.com/boxscores/202202080ATL.html,"7:30 PM, February 8, 2022",Atlanta Hawks,Indiana Pacers,133,112,IND,,,Team Totals,240,37,93,.398,10,31,.323,28,33,.848,18,25,43,22,10,4,13,16,112,,,Team Totals,240,.521,.452,.333,.355,35.3,71.4,50.0,59.5,10.1,7.0,10.8,100.0,112.7,133.8,,
https://www.basketball-reference.com/boxscores/202202080ATL.html,"7:30 PM, February 8, 2022",Atlanta Hawks,Indiana Pacers,133,112,ATL,,,Team Totals,240,52,90,.578,17,33,.515,12,16,.750,10,33,43,36,8,7,16,26,133,,,Team Totals,240,.685,.672,.367,.178,28.6,64.7,50.0,69.2,8.0,11.3,14.2,100.0,133.8,112.7,,
https://www.basketball-reference.com/boxscores/202202080BRK.html,"7:30 PM, February 8, 2022",Brooklyn Nets,Boston Celtics,91,126,BOS,,,Team Totals,240,50,91,.549,14,40,.350,12,16,.750,11,41,52,32,6,8,14,14,126,,,Team Totals,240,.643,.626,.440,.176,30.6,73.2,56.5,64.0,6.0,12.7,12.5,100.0,126.8,91.6,,
https://www.basketball-reference.com/boxscores/202202080BRK.html,"7:30 PM, February 8, 2022",Brooklyn Nets,Boston Celtics,91,126,BRK,,,Team Totals,240,38,99,.384,10,36,.278,5,13,.385,15,25,40,22,6,4,14,18,91,,,Team Totals,240,.434,.434,.364,.131,26.8,69.4,43.5,57.9,6.0,7.8,11.8,100.0,91.6,126.8,,
https://www.basketball-reference.com/boxscores/202202080DAL.html,"8:30 PM, February 8, 2022",Dallas Mavericks,Detroit Pistons,116,86,DET,,,Team Totals,240,33,87,.379,5,30,.167,15,22,.682,13,32,45,20,5,2,15,24,86,,,Team Totals,240,.445,.408,.345,.253,24.1,84.2,48.9,60.6,5.2,4.7,13.4,100.0,89.8,121.1,,
https://www.basketball-reference.com/boxscores/202202080DAL.html,"8:30 PM, February 8, 2022",Dallas Mavericks,Detroit Pistons,116,86,DAL,,,Team Totals,240,40,79,.506,18,36,.500,18,23,.783,6,41,47,24,10,5,13,18,116,,,Team Totals,240,.651,.620,.456,.291,15.8,75.9,51.1,60.0,10.4,8.8,12.7,100.0,121.1,89.8,,
https://www.basketball-reference.com/boxscores/202202080DEN.html,"9:00 PM, February 8, 2022",Denver Nuggets,New York Knicks,132,115,NYK,,,Team Totals,240,45,101,.446,15,43,.349,10,12,.833,14,27,41,25,9,3,9,25,115,,,Team Totals,240,.541,.520,.426,.119,25.9,69.2,44.1,55.6,9.1,6.5,7.8,100.0,116.9,134.1,,
https://www.basketball-reference.com/boxscores/202202080DEN.html,"9:00 PM, February 8, 2022",Denver Nuggets,New York Knicks,132,115,DEN,,,Team Totals,240,46,85,.541,16,39,.410,24,31,.774,12,40,52,31,5,1,13,18,132,,,Team Totals,240,.669,.635,.459,.365,30.8,74.1,55.9,67.4,5.1,1.7,11.6,100.0,134.1,116.9,,
https://www.basketball-reference.com/boxscores/202202080LAL.html,"10:00 PM, February 8, 2022",Los Angeles Lakers,Milwaukee Bucks,116,131,MIL,,,Team Totals,240,52,96,.542,15,36,.417,12,20,.600,11,31,42,31,10,4,12,24,131,,,Team Totals,240,.625,.620,.375,.208,27.5,72.1,50.6,59.6,9.8,7.5,10.3,100.0,128.6,113.8,,
https://www.basketball-reference.com/boxscores/202202080LAL.html,"10:00 PM, February 8, 2022",Los Angeles Lakers,Milwaukee Bucks,116,131,LAL,,,Team Totals,240,44,85,.518,10,32,.313,18,30,.600,12,29,41,28,7,6,16,20,116,,,Team Totals,240,.591,.576,.376,.353,27.9,72.5,49.4,63.6,6.9,10.0,14.0,100.0,113.8,128.6,,
https://www.basketball-reference.com/boxscores/202202080MEM.html,"8:00 PM, February 8, 2022",Memphis Grizzlies,Los Angeles Clippers,135,109,LAC,,,Team Totals,240,40,89,.449,11,31,.355,18,24,.750,11,29,40,25,8,7,17,17,109,,,Team Totals,240,.547,.511,.348,.270,24.4,58.0,42.1,62.5,7.8,9.1,14.6,100.0,105.7,130.9,,
https://www.basketball-reference.com/boxscores/202202080MEM.html,"8:00 PM, February 8, 2022",Memphis Grizzlies,Los Angeles Clippers,135,109,MEM,,,Team Totals,240,53,103,.515,9,26,.346,20,25,.800,21,34,55,26,12,6,13,18,135,,,Team Totals,240,.592,.558,.252,.243,42.0,75.6,57.9,49.1,11.6,10.3,10.2,100.0,130.9,105.7,,
https://www.basketball-reference.com/boxscores/202202080NOP.html,"8:00 PM, February 8, 2022",New Orleans Pelicans,Houston Rockets,110,97,HOU,,,Team Totals,240,32,86,.372,13,42,.310,20,31,.645,18,29,47,19,8,3,21,23,97,,,Team Totals,240,.487,.448,.488,.360,34.0,78.4,52.2,59.4,8.1,6.3,17.4,100.0,98.0,111.1,,
https://www.basketball-reference.com/boxscores/202202080NOP.html,"8:00 PM, February 8, 2022",New Orleans Pelicans,Houston Rockets,110,97,NOP,,,Team Totals,240,42,80,.525,8,32,.250,18,20,.900,8,35,43,27,10,10,19,29,110,,,Team Totals,240,.619,.575,.400,.250,21.6,66.0,47.8,64.3,10.1,22.7,17.6,100.0,111.1,98.0,,
https://www.basketball-reference.com/boxscores/202202080PHI.html,"7:00 PM, February 8, 2022",Philadelphia 76ers,Phoenix Suns,109,114,PHO,,,Team Totals,240,43,95,.453,6,26,.231,22,24,.917,11,37,48,27,7,5,8,15,114,,,Team Totals,240,.540,.484,.274,.253,22.4,86.0,52.2,62.8,6.9,8.8,7.0,100.0,111.7,106.8,,
https://www.basketball-reference.com/boxscores/202202080PHI.html,"7:00 PM, February 8, 2022",Philadelphia 76ers,Phoenix Suns,109,114,PHI,,,Team Totals,240,41,89,.461,10,32,.313,17,18,.944,6,38,44,24,7,4,15,22,109,,,Team Totals,240,.562,.517,.360,.202,14.0,77.6,47.8,58.5,6.9,5.8,13.4,100.0,106.8,111.7,,
https://www.basketball-reference.com/boxscores/202202080POR.html,"10:00 PM, February 8, 2022",Portland Trail Blazers,Orlando Magic,95,113,ORL,,,Team Totals,240,44,90,.489,19,38,.500,6,8,.750,10,40,50,34,8,7,15,18,113,,,Team Totals,240,.604,.594,.422,.089,23.3,70.2,50.0,77.3,8.3,13.2,13.8,100.0,117.5,98.8,,
https://www.basketball-reference.com/boxscores/202202080POR.html,"10:00 PM, February 8, 2022",Portland Trail Blazers,Orlando Magic,95,113,POR,,,Team Totals,240,32,91,.352,11,38,.289,20,26,.769,17,33,50,21,9,5,13,12,95,,,Team Totals,240,.464,.412,.418,.286,29.8,76.7,50.0,65.6,9.4,9.6,11.3,100.0,98.8,117.5,,
https://www.basketball-reference.com/boxscores/202202080SAC.html,"10:00 PM, February 8, 2022",Sacramento Kings,Minnesota Timberwolves,114,134,MIN,,,Team Totals,240,50,104,.481,22,44,.500,12,17,.706,16,33,49,34,10,4,14,24,134,,,Team Totals,240,.601,.587,.423,.163,32.7,86.8,56.3,68.0,9.4,6.9,11.2,100.0,126.2,107.3,,
https://www.basketball-reference.com/boxscores/202202080SAC.html,"10:00 PM, February 8, 2022",Sacramento Kings,Minnesota Timberwolves,114,134,SAC,,,Team Totals,240,41,83,.494,9,25,.360,23,26,.885,5,33,38,29,4,3,19,20,114,,,Team Totals,240,.604,.548,.301,.313,13.2,67.3,43.7,70.7,3.8,5.0,16.7,100.0,107.3,126.2,,
https://www.basketball-reference.com/boxscores/202202090CHO.html,"7:30 PM, February 9, 2022",Charlotte Hornets,Chicago Bulls,109,121,CHI,,,Team Totals,240,46,82,.561,16,33,.485,13,19,.684,5,35,40,27,4,5,14,17,121,,,Team Totals,240,.670,.659,.402,.232,13.5,76.1,48.2,58.7,4.1,10.0,13.4,100.0,123.4,111.2,,
https://www.basketball-reference.com/boxscores/202202090CHO.html,"7:30 PM, February 9, 2022",Charlotte Hornets,Chicago Bulls,109,121,CHO,,,Team Totals,240,40,93,.430,13,43,.302,16,23,.696,11,32,43,26,7,1,9,16,109,,,Team Totals,240,.529,.500,.462,.247,23.9,86.5,51.8,65.0,7.1,2.0,8.0,100.0,111.2,123.4,,
https://www.basketball-reference.com/boxscores/202202090CLE.html,"7:00 PM, February 9, 2022",Cleveland Cavaliers,San Antonio Spurs,105,92,SAS,,,Team Totals,240,38,99,.384,8,33,.242,8,11,.727,15,31,46,24,8,4,13,17,92,,,Team Totals,240,.443,.424,.333,.111,26.8,75.6,47.4,63.2,8.2,6.6,11.1,100.0,94.7,108.1,,
https://www.basketball-reference.com/boxscores/202202090CLE.html,"7:00 PM, February 9, 2022",Cleveland Cavaliers,San Antonio Spurs,105,92,CLE,,,Team Totals,240,39,82,.476,9,21,.429,18,24,.750,10,41,51,18,8,2,15,12,105,,,Team Totals,240,.567,.530,.256,.293,24.4,73.2,52.6,46.2,8.2,3.0,13.9,100.0,108.1,94.7,,
https://www.basketball-reference.com/boxscores/202202090OKC.html,"8:00 PM, February 9, 2022",Oklahoma City Thunder,Toronto Raptors,98,117,TOR,,,Team Totals,240,45,88,.511,13,35,.371,14,14,1.000,10,35,45,22,9,4,16,16,117,,,Team Totals,240,.621,.585,.398,.159,24.4,71.4,50.0,48.9,9.3,10.0,14.5,100.0,121.0,101.4,,
https://www.basketball-reference.com/boxscores/202202090OKC.html,"8:00 PM, February 9, 2022",Oklahoma City Thunder,Toronto Raptors,98,117,OKC,,,Team Totals,240,36,87,.414,14,47,.298,12,14,.857,14,31,45,28,11,4,18,17,98,,,Team Totals,240,.526,.494,.540,.161,28.6,75.6,50.0,77.8,11.4,7.5,16.2,100.0,101.4,121.0,,
https://www.basketball-reference.com/boxscores/202202090POR.html,"10:00 PM, February 9, 2022",Portland Trail Blazers,Los Angeles Lakers,107,105,LAL,,,Team Totals,240,41,74,.554,17,37,.459,6,13,.462,3,35,38,29,7,7,21,15,105,,,Team Totals,240,.659,.669,.500,.176,9.1,76.1,48.1,70.7,7.3,12.3,20.8,100.0,109.7,111.8,,
https://www.basketball-reference.com/boxscores/202202090POR.html,"10:00 PM, February 9, 2022",Portland Trail Blazers,Los Angeles Lakers,107,105,POR,,,Team Totals,240,42,89,.472,10,32,.313,13,16,.813,11,30,41,26,15,3,11,15,107,,,Team Totals,240,.557,.528,.360,.180,23.9,90.9,51.9,61.9,15.7,8.1,10.3,100.0,111.8,109.7,,
https://www.basketball-reference.com/boxscores/202202090SAC.html,"10:00 PM, February 9, 2022",Sacramento Kings,Minnesota Timberwolves,132,119,MIN,,,Team Totals,240,44,98,.449,16,46,.348,15,18,.833,6,28,34,28,4,6,10,21,119,,,Team Totals,240,.562,.531,.469,.184,13.0,71.8,40.0,63.6,3.8,9.5,8.6,100.0,112.3,124.6,,
https://www.basketball-reference.com/boxscores/202202090SAC.html,"10:00 PM, February 9, 2022",Sacramento Kings,Minnesota Timberwolves,132,119,SAC,,,Team Totals,240,48,93,.516,12,30,.400,24,27,.889,11,40,51,32,4,7,14,19,132,,,Team Totals,240,.629,.581,.323,.290,28.2,87.0,60.0,66.7,3.8,13.5,11.8,100.0,124.6,112.3,,
https://www.basketball-reference.com/boxscores/202202090UTA.html,"10:00 PM, February 9, 2022",Utah Jazz,Golden State Warriors,111,85,GSW,,,Team Totals,240,28,78,.359,16,43,.372,13,17,.765,3,32,35,17,8,3,13,19,85,,,Team Totals,240,.497,.462,.551,.218,6.8,74.4,40.2,60.7,8.5,7.9,13.2,100.0,90.0,117.6,,
https://www.basketball-reference.com/boxscores/202202090UTA.html,"10:00 PM, February 9, 2022",Utah Jazz,Golden State Warriors,111,85,UTA,,,Team Totals,240,41,89,.461,17,51,.333,12,17,.706,11,41,52,26,3,9,12,16,111,,,Team Totals,240,.575,.556,.573,.191,25.6,93.2,59.8,63.4,3.2,25.7,11.1,100.0,117.6,90.0,,
https://www.basketball-reference.com/boxscores/202202100DAL.html,"8:30 PM, February 10, 2022",Dallas Mavericks,Los Angeles Clippers,112,105,LAC,,,Team Totals,240,39,81,.481,9,23,.391,18,25,.720,4,27,31,24,9,2,10,25,105,,,Team Totals,240,.571,.537,.284,.309,10.8,77.1,43.1,61.5,9.5,5.1,9.8,100.0,111.0,118.4,,
https://www.basketball-reference.com/boxscores/202202100DAL.html,"8:30 PM, February 10, 2022",Dallas Mavericks,Los Angeles Clippers,112,105,DAL,,,Team Totals,240,38,78,.487,13,39,.333,23,27,.852,8,33,41,19,4,3,14,23,112,,,Team Totals,240,.623,.571,.500,.346,22.9,89.2,56.9,50.0,4.2,5.2,13.5,100.0,118.4,111.0,,
https://www.basketball-reference.com/boxscores/202202100DET.html,"7:00 PM, February 10, 2022",Detroit Pistons,Memphis Grizzlies,107,132,MEM,,,Team Totals,240,44,92,.478,15,30,.500,29,42,.690,18,42,60,32,6,4,13,23,132,,,Team Totals,240,.597,.560,.326,.457,37.5,80.8,60.0,72.7,5.9,6.8,10.5,100.0,129.4,104.9,,
https://www.basketball-reference.com/boxscores/202202100DET.html,"7:00 PM, February 10, 2022",Detroit Pistons,Memphis Grizzlies,107,132,DET,,,Team Totals,240,41,94,.436,7,35,.200,18,21,.857,10,30,40,27,4,7,10,29,107,,,Team Totals,240,.518,.473,.372,.223,19.2,62.5,40.0,65.9,3.9,11.3,8.8,100.0,104.9,129.4,,
https://www.basketball-reference.com/boxscores/202202100GSW.html,"10:00 PM, February 10, 2022",Golden State Warriors,New York Knicks,114,116,NYK,,,Team Totals,240,39,90,.433,14,36,.389,24,33,.727,16,35,51,24,3,3,15,18,116,,,Team Totals,240,.555,.511,.400,.367,32.7,87.5,57.3,61.5,3.0,6.5,12.6,100.0,116.2,114.2,,
https://www.basketball-reference.com/boxscores/202202100GSW.html,"10:00 PM, February 10, 2022",Golden State Warriors,New York Knicks,114,116,GSW,,,Team Totals,240,42,91,.462,15,45,.333,15,17,.882,5,33,38,27,4,5,8,24,114,,,Team Totals,240,.579,.544,.495,.187,12.5,67.3,42.7,64.3,4.0,9.3,7.5,100.0,114.2,116.2,,
https://www.basketball-reference.com/boxscores/202202100HOU.html,"8:00 PM, February 10, 2022",Houston Rockets,Toronto Raptors,120,139,TOR,,,Team Totals,240,53,97,.546,15,39,.385,18,22,.818,14,23,37,25,12,3,12,28,139,,,Team Totals,240,.651,.624,.402,.227,33.3,63.9,47.4,47.2,11.9,6.8,10.1,100.0,137.6,118.8,,
https://www.basketball-reference.com/boxscores/202202100HOU.html,"8:00 PM, February 10, 2022",Houston Rockets,Toronto Raptors,120,139,HOU,,,Team Totals,240,43,82,.524,16,38,.421,18,30,.600,13,28,41,25,5,4,21,20,120,,,Team Totals,240,.630,.622,.463,.366,36.1,66.7,52.6,58.1,4.9,6.9,18.1,100.0,118.8,137.6,,
https://www.basketball-reference.com/boxscores/202202100NOP.html,"7:30 PM, February 10, 2022",New Orleans Pelicans,Miami Heat,97,112,MIA,,,Team Totals,240,39,81,.481,10,32,.313,24,28,.857,11,32,43,25,12,4,14,19,112,,,Team Totals,240,.600,.543,.395,.346,28.9,72.7,52.4,64.1,12.8,9.1,13.0,100.0,119.6,103.6,,
https://www.basketball-reference.com/boxscores/202202100NOP.html,"7:30 PM, February 10, 2022",New Orleans Pelicans,Miami Heat,97,112,NOP,,,Team Totals,240,36,85,.424,11,41,.268,14,16,.875,12,27,39,19,8,6,17,23,97,,,Team Totals,240,.527,.488,.482,.188,27.3,71.1,47.6,52.8,8.5,12.2,15.6,100.0,103.6,119.6,,
https://www.basketball-reference.com/boxscores/202202100PHO.html,"10:00 PM, February 10, 2022",Phoenix Suns,Milwaukee Bucks,131,107,MIL,,,Team Totals,240,40,88,.455,10,38,.263,17,25,.680,11,28,39,18,6,4,14,22,107,,,Team Totals,240,.540,.511,.432,.284,24.4,75.7,47.6,45.0,6.0,6.7,12.4,100.0,107.6,131.7,,
https://www.basketball-reference.com/boxscores/202202100PHO.html,"10:00 PM, February 10, 2022",Phoenix Suns,Milwaukee Bucks,131,107,PHO,,,Team Totals,240,51,90,.567,9,30,.300,20,29,.690,9,34,43,35,10,2,8,22,131,,,Team Totals,240,.637,.617,.333,.322,24.3,75.6,52.4,68.6,10.1,4.0,7.2,100.0,131.7,107.6,,
https://www.basketball-reference.com/boxscores/202202100WAS.html,"7:30 PM, February 10, 2022",Washington Wizards,Brooklyn Nets,113,112,BRK,,,Team Totals,240,39,84,.464,10,29,.345,24,28,.857,12,30,42,19,6,3,10,21,112,,,Team Totals,240,.581,.524,.345,.333,27.9,75.0,50.6,48.7,6.5,5.6,9.4,100.0,121.3,122.3,,
https://www.basketball-reference.com/boxscores/202202100WAS.html,"7:30 PM, February 10, 2022",Washington Wizards,Brooklyn Nets,113,112,WAS,,,Team Totals,240,43,85,.506,11,31,.355,16,18,.889,10,31,41,29,7,5,12,23,113,,,Team Totals,240,.608,.571,.365,.212,25.0,72.1,49.4,67.4,7.6,9.1,11.4,100.0,122.3,121.3,,
https://www.basketball-reference.com/boxscores/202202110ATL.html,"7:30 PM, February 11, 2022",Atlanta Hawks,San Antonio Spurs,121,136,SAS,,,Team Totals,240,50,90,.556,18,32,.563,18,21,.857,5,36,41,37,11,4,14,21,136,,,Team Totals,240,.685,.656,.356,.233,13.5,67.9,45.6,74.0,10.5,6.7,12.4,100.0,129.3,115.0,,
https://www.basketball-reference.com/boxscores/202202110ATL.html,"7:30 PM, February 11, 2022",Atlanta Hawks,San Antonio Spurs,121,136,ATL,,,Team Totals,240,47,103,.456,14,43,.326,13,15,.867,17,32,49,28,10,5,14,18,121,,,Team Totals,240,.552,.524,.417,.146,32.1,86.5,54.4,59.6,9.5,8.6,11.3,100.0,115.0,129.3,,
https://www.basketball-reference.com/boxscores/202202110BOS.html,"7:30 PM, February 11, 2022",Boston Celtics,Denver Nuggets,108,102,DEN,,,Team Totals,240,39,90,.433,11,44,.250,13,18,.722,12,40,52,23,7,6,21,22,102,,,Team Totals,240,.521,.494,.489,.200,25.0,69.0,49.1,59.0,6.8,10.2,17.7,100.0,99.4,105.2,,
https://www.basketball-reference.com/boxscores/202202110BOS.html,"7:30 PM, February 11, 2022",Boston Celtics,Denver Nuggets,108,102,BOS,,,Team Totals,240,38,96,.396,10,37,.270,22,30,.733,18,36,54,24,13,8,12,20,108,,,Team Totals,240,.495,.448,.385,.313,31.0,75.0,50.9,63.2,12.7,17.4,9.9,100.0,105.2,99.4,,
https://www.basketball-reference.com/boxscores/202202110CHI.html,"8:00 PM, February 11, 2022",Chicago Bulls,Minnesota Timberwolves,134,122,MIN,,,Team Totals,240,48,96,.500,13,40,.325,13,16,.813,7,25,32,32,7,4,9,12,122,,,Team Totals,240,.592,.568,.417,.167,15.9,80.6,42.7,66.7,6.9,7.1,8.0,100.0,119.7,131.5,,
https://www.basketball-reference.com/boxscores/202202110CHI.html,"8:00 PM, February 11, 2022",Chicago Bulls,Minnesota Timberwolves,134,122,CHI,,,Team Totals,240,55,87,.632,14,31,.452,10,13,.769,6,37,43,32,6,3,15,15,134,,,Team Totals,240,.723,.713,.356,.149,19.4,84.1,57.3,58.2,5.9,5.4,13.9,100.0,131.5,119.7,,
https://www.basketball-reference.com/boxscores/202202110DET.html,"7:00 PM, February 11, 2022",Detroit Pistons,Charlotte Hornets,119,141,CHO,,,Team Totals,240,54,97,.557,18,42,.429,15,23,.652,15,36,51,36,13,2,18,22,141,,,Team Totals,240,.658,.649,.433,.237,34.1,69.2,53.1,66.7,11.9,3.0,14.4,100.0,129.4,109.2,,
https://www.basketball-reference.com/boxscores/202202110DET.html,"7:00 PM, February 11, 2022",Detroit Pistons,Charlotte Hornets,119,141,DET,,,Team Totals,240,48,102,.471,12,35,.343,11,18,.611,16,29,45,32,10,6,18,20,119,,,Team Totals,240,.541,.529,.343,.176,30.8,65.9,46.9,66.7,9.2,10.9,14.1,100.0,109.2,129.4,,
https://www.basketball-reference.com/boxscores/202202110IND.html,"7:00 PM, February 11, 2022",Indiana Pacers,Cleveland Cavaliers,113,120,CLE,,,Team Totals,240,43,81,.531,9,24,.375,25,30,.833,6,26,32,20,12,7,13,16,120,,,Team Totals,240,.637,.586,.296,.370,17.1,74.3,45.7,46.5,11.7,13.7,12.1,100.0,117.4,110.5,,
https://www.basketball-reference.com/boxscores/202202110IND.html,"7:00 PM, February 11, 2022",Indiana Pacers,Cleveland Cavaliers,113,120,IND,,,Team Totals,240,42,89,.472,18,38,.474,11,16,.688,9,29,38,25,9,4,23,25,113,,,Team Totals,240,.588,.573,.427,.180,25.7,82.9,54.3,59.5,8.8,7.0,19.3,100.0,110.5,117.4,,
https://www.basketball-reference.com/boxscores/202202110PHI.html,"7:00 PM, February 11, 2022",Philadelphia 76ers,Oklahoma City Thunder,100,87,OKC,,,Team Totals,240,35,90,.389,6,35,.171,11,12,.917,11,41,52,21,6,8,16,21,87,,,Team Totals,240,.457,.422,.389,.133,21.6,73.2,48.6,60.0,6.1,11.9,14.4,100.0,88.7,102.0,,
https://www.basketball-reference.com/boxscores/202202110PHI.html,"7:00 PM, February 11, 2022",Philadelphia 76ers,Oklahoma City Thunder,100,87,PHI,,,Team Totals,240,36,93,.387,7,26,.269,21,26,.808,15,40,55,19,7,10,11,16,100,,,Team Totals,240,.479,.425,.280,.280,26.8,78.4,51.4,52.8,7.1,18.2,9.5,100.0,102.0,88.7,,
https://www.basketball-reference.com/boxscores/202202110UTA.html,"9:00 PM, February 11, 2022",Utah Jazz,Orlando Magic,114,99,ORL,,,Team Totals,240,37,84,.440,13,35,.371,12,16,.750,9,31,40,23,12,5,18,15,99,,,Team Totals,240,.544,.518,.417,.190,18.8,73.8,44.4,62.2,12.0,10.4,16.5,100.0,99.1,114.1,,
https://www.basketball-reference.com/boxscores/202202110UTA.html,"9:00 PM, February 11, 2022",Utah Jazz,Orlando Magic,114,99,UTA,,,Team Totals,240,40,89,.449,13,41,.317,21,24,.875,11,39,50,22,15,5,16,14,114,,,Team Totals,240,.573,.522,.461,.270,26.2,81.3,55.6,55.0,15.0,10.2,13.8,100.0,114.1,99.1,,
https://www.basketball-reference.com/boxscores/202202120CHI.html,"8:00 PM, February 12, 2022",Chicago Bulls,Oklahoma City Thunder,106,101,OKC,,,Team Totals,240,34,88,.386,11,36,.306,22,30,.733,7,36,43,22,8,10,8,15,101,,,Team Totals,240,.499,.449,.409,.341,13.2,76.6,43.0,64.7,8.0,15.6,7.3,100.0,101.4,106.4,,
https://www.basketball-reference.com/boxscores/202202120CHI.html,"8:00 PM, February 12, 2022",Chicago Bulls,Oklahoma City Thunder,106,101,CHI,,,Team Totals,240,40,89,.449,7,25,.280,19,23,.826,11,46,57,20,6,3,13,19,106,,,Team Totals,240,.535,.489,.281,.258,23.4,86.8,57.0,50.0,6.0,5.8,11.6,100.0,106.4,101.4,,
https://www.basketball-reference.com/boxscores/202202120CHO.html,"7:00 PM, February 12, 2022",Charlotte Hornets,Memphis Grizzlies,118,125,MEM,,,Team Totals,240,47,96,.490,11,33,.333,20,33,.606,16,41,57,31,11,8,17,26,125,,,Team Totals,240,.566,.547,.344,.344,31.4,69.5,51.8,66.0,10.1,15.4,13.3,100.0,114.7,108.2,,
https://www.basketball-reference.com/boxscores/202202120CHO.html,"7:00 PM, February 12, 2022",Charlotte Hornets,Memphis Grizzlies,118,125,CHO,,,Team Totals,240,39,97,.402,14,45,.311,26,33,.788,18,35,53,28,7,6,17,29,118,,,Team Totals,240,.529,.474,.464,.340,30.5,68.6,48.2,71.8,6.4,9.5,13.2,100.0,108.2,114.7,,
https://www.basketball-reference.com/boxscores/202202120DAL.html,"8:30 PM, February 12, 2022",Dallas Mavericks,Los Angeles Clippers,97,99,LAC,,,Team Totals,240,43,82,.524,7,22,.318,6,11,.545,6,36,42,23,7,4,14,20,99,,,Team Totals,240,.570,.567,.268,.134,16.2,73.5,48.8,53.5,7.5,8.7,13.9,100.0,106.4,104.3,,
https://www.basketball-reference.com/boxscores/202202120DAL.html,"8:30 PM, February 12, 2022",Dallas Mavericks,Los Angeles Clippers,97,99,DAL,,,Team Totals,240,35,85,.412,15,39,.385,12,19,.632,13,31,44,16,4,0,14,17,97,,,Team Totals,240,.519,.500,.459,.224,26.5,83.8,51.2,45.7,4.3,0.0,13.0,100.0,104.3,106.4,,
https://www.basketball-reference.com/boxscores/202202120GSW.html,"8:30 PM, February 12, 2022",Golden State Warriors,Los Angeles Lakers,117,115,LAL,,,Team Totals,240,41,88,.466,11,27,.407,22,33,.667,12,36,48,25,5,6,9,24,115,,,Team Totals,240,.561,.528,.307,.375,23.1,78.3,49.0,61.0,5.0,11.5,8.1,100.0,115.3,117.3,,
https://www.basketball-reference.com/boxscores/202202120GSW.html,"8:30 PM, February 12, 2022",Golden State Warriors,Los Angeles Lakers,117,115,GSW,,,Team Totals,240,40,90,.444,12,38,.316,25,34,.735,10,40,50,24,4,3,9,24,117,,,Team Totals,240,.557,.511,.422,.378,21.7,76.9,51.0,60.0,4.0,4.9,7.9,100.0,117.3,115.3,,
https://www.basketball-reference.com/boxscores/202202120MIA.html,"8:00 PM, February 12, 2022",Miami Heat,Brooklyn Nets,115,111,BRK,,,Team Totals,240,42,93,.452,12,40,.300,15,22,.682,9,32,41,16,12,2,8,27,111,,,Team Totals,240,.541,.516,.430,.237,17.6,76.2,44.1,38.1,12.1,3.8,7.2,100.0,111.9,116.0,,
https://www.basketball-reference.com/boxscores/202202120MIA.html,"8:00 PM, February 12, 2022",Miami Heat,Brooklyn Nets,115,111,MIA,,,Team Totals,240,41,82,.500,10,29,.345,23,29,.793,10,42,52,20,6,1,15,21,115,,,Team Totals,240,.607,.561,.354,.354,23.8,82.4,55.9,48.8,6.1,1.9,13.7,100.0,116.0,111.9,,
https://www.basketball-reference.com/boxscores/202202120NOP.html,"7:00 PM, February 12, 2022",New Orleans Pelicans,San Antonio Spurs,114,124,SAS,,,Team Totals,240,47,93,.505,14,37,.378,16,19,.842,7,27,34,26,9,5,5,19,124,,,Team Totals,240,.612,.581,.398,.204,16.3,73.0,42.5,55.3,9.2,9.1,4.7,100.0,127.3,117.0,,
https://www.basketball-reference.com/boxscores/202202120NOP.html,"7:00 PM, February 12, 2022",New Orleans Pelicans,San Antonio Spurs,114,124,NOP,,,Team Totals,240,43,87,.494,11,32,.344,17,20,.850,10,36,46,22,2,4,15,19,114,,,Team Totals,240,.595,.557,.368,.230,27.0,83.7,57.5,51.2,2.1,7.1,13.5,100.0,117.0,127.3,,
https://www.basketball-reference.com/boxscores/202202120PHI.html,"7:30 PM, February 12, 2022",Philadelphia 76ers,Cleveland Cavaliers,103,93,CLE,,,Team Totals,240,36,77,.468,8,24,.333,13,15,.867,5,29,34,21,3,3,17,16,93,,,Team Totals,240,.556,.519,.312,.195,13.5,78.4,45.9,58.3,3.2,5.3,16.9,100.0,100.5,111.4,,
https://www.basketball-reference.com/boxscores/202202120PHI.html,"7:30 PM, February 12, 2022",Philadelphia 76ers,Cleveland Cavaliers,103,93,PHI,,,Team Totals,240,38,79,.481,10,22,.455,17,21,.810,8,32,40,24,13,5,13,21,103,,,Team Totals,240,.584,.544,.278,.266,21.6,86.5,54.1,63.2,14.1,9.4,12.8,100.0,111.4,100.5,,
https://www.basketball-reference.com/boxscores/202202120PHO.html,"9:00 PM, February 12, 2022",Phoenix Suns,Orlando Magic,132,105,ORL,,,Team Totals,240,37,87,.425,15,41,.366,16,24,.667,4,40,44,25,2,2,15,9,105,,,Team Totals,240,.538,.511,.471,.276,8.2,85.1,45.8,67.6,1.9,2.8,13.3,100.0,97.6,122.6,,
https://www.basketball-reference.com/boxscores/202202120PHO.html,"9:00 PM, February 12, 2022",Phoenix Suns,Orlando Magic,132,105,PHO,,,Team Totals,240,55,105,.524,15,34,.441,7,10,.700,7,45,52,40,8,2,7,19,132,,,Team Totals,240,.603,.595,.324,.095,14.9,91.8,54.2,72.7,7.4,4.3,6.0,100.0,122.6,97.6,,
https://www.basketball-reference.com/boxscores/202202120POR.html,"5:00 PM, February 12, 2022",Portland Trail Blazers,New York Knicks,112,103,NYK,,,Team Totals,240,31,81,.383,12,39,.308,29,34,.853,9,32,41,19,6,6,13,24,103,,,Team Totals,240,.537,.457,.481,.420,17.6,78.0,44.6,61.3,6.1,13.6,11.9,100.0,104.7,113.8,,
https://www.basketball-reference.com/boxscores/202202120POR.html,"5:00 PM, February 12, 2022",Portland Trail Blazers,New York Knicks,112,103,POR,,,Team Totals,240,40,84,.476,15,40,.375,17,20,.850,9,42,51,29,3,2,17,26,112,,,Team Totals,240,.603,.565,.476,.238,22.0,82.4,55.4,72.5,3.0,4.8,15.5,100.0,113.8,104.7,,
https://www.basketball-reference.com/boxscores/202202120TOR.html,"7:30 PM, February 12, 2022",Toronto Raptors,Denver Nuggets,109,110,DEN,,,Team Totals,240,39,84,.464,14,37,.378,18,21,.857,12,38,50,28,5,3,18,16,110,,,Team Totals,240,.590,.548,.440,.250,30.8,82.6,58.8,71.8,5.3,5.6,16.2,100.0,116.4,115.3,,
https://www.basketball-reference.com/boxscores/202202120TOR.html,"7:30 PM, February 12, 2022",Toronto Raptors,Denver Nuggets,109,110,TOR,,,Team Totals,240,43,88,.489,12,34,.353,11,17,.647,8,27,35,22,11,1,7,19,109,,,Team Totals,240,.571,.557,.386,.193,17.4,69.2,41.2,51.2,11.6,2.1,6.8,100.0,115.3,116.4,,
https://www.basketball-reference.com/boxscores/202202120WAS.html,"7:00 PM, February 12, 2022",Washington Wizards,Sacramento Kings,110,123,SAC,,,Team Totals,240,43,76,.566,12,28,.429,25,29,.862,6,36,42,27,4,2,14,20,123,,,Team Totals,240,.693,.645,.368,.382,21.4,78.3,56.8,62.8,4.2,4.0,13.6,100.0,129.8,116.1,,
https://www.basketball-reference.com/boxscores/202202120WAS.html,"7:00 PM, February 12, 2022",Washington Wizards,Sacramento Kings,110,123,WAS,,,Team Totals,240,41,88,.466,13,38,.342,15,21,.714,10,22,32,26,11,3,10,19,110,,,Team Totals,240,.566,.540,.432,.239,21.7,78.6,43.2,63.4,11.6,6.3,9.3,100.0,116.1,129.8,,
https://www.basketball-reference.com/boxscores/202202130BOS.html,"2:00 PM, February 13, 2022",Boston Celtics,Atlanta Hawks,105,95,ATL,,,Team Totals,240,34,93,.366,12,38,.316,15,15,1.000,11,37,48,18,6,3,13,22,95,,,Team Totals,240,.477,.430,.409,.161,20.8,75.5,47.1,52.9,6.2,6.4,11.5,100.0,98.0,108.3,,
https://www.basketball-reference.com/boxscores/202202130BOS.html,"2:00 PM, February 13, 2022",Boston Celtics,Atlanta Hawks,105,95,BOS,,,Team Totals,240,36,85,.424,11,38,.289,22,27,.815,12,42,54,21,5,6,12,15,105,,,Team Totals,240,.542,.488,.447,.318,24.5,79.2,52.9,58.3,5.2,10.9,11.0,100.0,108.3,98.0,,
https://www.basketball-reference.com/boxscores/202202130IND.html,"3:00 PM, February 13, 2022",Indiana Pacers,Minnesota Timberwolves,120,129,MIN,,,Team Totals,240,43,84,.512,18,34,.529,25,28,.893,8,30,38,23,8,8,14,25,129,,,Team Totals,240,.670,.619,.405,.333,20.0,57.7,41.3,53.5,8.1,14.0,12.7,100.0,130.0,121.0,,
https://www.basketball-reference.com/boxscores/202202130IND.html,"3:00 PM, February 13, 2022",Indiana Pacers,Minnesota Timberwolves,120,129,IND,,,Team Totals,240,45,102,.441,13,45,.289,17,22,.773,22,32,54,28,5,6,13,21,120,,,Team Totals,240,.537,.505,.441,.216,42.3,80.0,58.7,62.2,5.0,12.0,10.4,100.0,121.0,130.0,,
https://www.basketball-reference.com/boxscores/202202140BRK.html,"7:30 PM, February 14, 2022",Brooklyn Nets,Sacramento Kings,109,85,SAC,,,Team Totals,240,31,90,.344,9,35,.257,14,18,.778,11,32,43,12,8,4,18,17,85,,,Team Totals,240,.434,.394,.389,.200,20.4,84.2,46.7,38.7,7.9,6.9,15.5,100.0,83.6,107.2,,
https://www.basketball-reference.com/boxscores/202202140BRK.html,"7:30 PM, February 14, 2022",Brooklyn Nets,Sacramento Kings,109,85,BRK,,,Team Totals,240,43,84,.512,9,26,.346,14,15,.933,6,43,49,25,7,5,18,22,109,,,Team Totals,240,.602,.565,.310,.179,15.8,79.6,53.3,58.1,6.9,9.1,16.6,100.0,107.2,83.6,,
https://www.basketball-reference.com/boxscores/202202140CHI.html,"8:00 PM, February 14, 2022",Chicago Bulls,San Antonio Spurs,120,109,SAS,,,Team Totals,240,44,92,.478,6,20,.300,15,21,.714,4,29,33,28,9,2,7,15,109,,,Team Totals,240,.538,.511,.217,.228,8.5,74.4,38.4,63.6,8.8,3.1,6.5,100.0,106.9,117.7,,
https://www.basketball-reference.com/boxscores/202202140CHI.html,"8:00 PM, February 14, 2022",Chicago Bulls,San Antonio Spurs,120,109,CHI,,,Team Totals,240,46,88,.523,10,24,.417,18,21,.857,10,43,53,25,3,3,16,19,120,,,Team Totals,240,.617,.580,.273,.239,25.6,91.5,61.6,54.3,2.9,4.2,14.1,100.0,117.7,106.9,,
https://www.basketball-reference.com/boxscores/202202140DEN.html,"9:00 PM, February 14, 2022",Denver Nuggets,Orlando Magic,121,111,ORL,,,Team Totals,240,40,91,.440,11,39,.282,20,23,.870,11,31,42,24,16,5,15,19,111,,,Team Totals,240,.549,.500,.429,.253,21.6,72.1,44.7,60.0,15.2,10.4,12.9,100.0,105.8,115.3,,
https://www.basketball-reference.com/boxscores/202202140DEN.html,"9:00 PM, February 14, 2022",Denver Nuggets,Orlando Magic,121,111,DEN,,,Team Totals,240,42,88,.477,16,40,.400,21,23,.913,12,40,52,25,7,2,23,18,121,,,Team Totals,240,.617,.568,.455,.261,27.9,78.4,55.3,59.5,6.7,3.8,19.0,100.0,115.3,105.8,,
https://www.basketball-reference.com/boxscores/202202140LAC.html,"10:30 PM, February 14, 2022",Los Angeles Clippers,Golden State Warriors,119,104,GSW,,,Team Totals,240,39,86,.453,16,41,.390,10,13,.769,7,31,38,23,7,3,14,18,104,,,Team Totals,240,.567,.547,.477,.151,15.9,83.8,46.9,59.0,7.2,5.9,13.2,100.0,107.3,122.8,,
https://www.basketball-reference.com/boxscores/202202140LAC.html,"10:30 PM, February 14, 2022",Los Angeles Clippers,Golden State Warriors,119,104,LAC,,,Team Totals,240,48,85,.565,15,34,.441,8,15,.533,6,37,43,25,6,3,12,18,119,,,Team Totals,240,.650,.653,.400,.176,16.2,84.1,53.1,52.1,6.2,6.7,11.6,100.0,122.8,107.3,,
https://www.basketball-reference.com/boxscores/202202140MIL.html,"8:00 PM, February 14, 2022",Milwaukee Bucks,Portland Trail Blazers,107,122,POR,,,Team Totals,240,45,99,.455,18,43,.419,14,19,.737,14,44,58,30,8,6,14,19,122,,,Team Totals,240,.568,.545,.434,.192,27.5,88.0,57.4,66.7,7.6,12.5,11.5,100.0,116.3,102.0,,
https://www.basketball-reference.com/boxscores/202202140MIL.html,"8:00 PM, February 14, 2022",Milwaukee Bucks,Portland Trail Blazers,107,122,MIL,,,Team Totals,240,38,89,.427,13,41,.317,18,24,.750,6,37,43,18,8,3,13,18,107,,,Team Totals,240,.537,.500,.461,.270,12.0,72.5,42.6,47.4,7.6,5.4,11.5,100.0,102.0,116.3,,
https://www.basketball-reference.com/boxscores/202202140NOP.html,"8:00 PM, February 14, 2022",New Orleans Pelicans,Toronto Raptors,120,90,TOR,,,Team Totals,240,29,95,.305,8,34,.235,24,31,.774,19,25,44,8,7,3,8,14,90,,,Team Totals,240,.414,.347,.358,.326,30.6,86.2,48.4,27.6,7.5,7.1,6.9,100.0,96.5,128.7,,
https://www.basketball-reference.com/boxscores/202202140NOP.html,"8:00 PM, February 14, 2022",New Orleans Pelicans,Toronto Raptors,120,90,NOP,,,Team Totals,240,45,77,.584,16,35,.457,14,16,.875,4,43,47,36,4,7,14,24,120,,,Team Totals,240,.714,.688,.455,.208,13.8,69.4,51.6,80.0,4.3,11.5,14.3,100.0,128.7,96.5,,
https://www.basketball-reference.com/boxscores/202202140NYK.html,"7:30 PM, February 14, 2022",New York Knicks,Oklahoma City Thunder,123,127,OKC,,,Team Totals,265,48,96,.500,13,34,.382,18,27,.667,8,38,46,28,9,1,11,19,127,,,Team Totals,265,.589,.568,.354,.281,17.8,66.7,45.1,58.3,8.3,1.7,9.3,100.0,117.1,113.4,,
https://www.basketball-reference.com/boxscores/202202140NYK.html,"7:30 PM, February 14, 2022",New York Knicks,Oklahoma City Thunder,123,127,NYK,,,Team Totals,265,45,108,.417,15,50,.300,18,22,.818,19,37,56,28,8,12,14,25,123,,,Team Totals,265,.523,.486,.463,.204,33.3,82.2,54.9,62.2,7.4,19.4,10.6,100.0,113.4,117.1,,
https://www.basketball-reference.com/boxscores/202202140UTA.html,"9:00 PM, February 14, 2022",Utah Jazz,Houston Rockets,135,101,HOU,,,Team Totals,240,35,83,.422,12,37,.324,19,28,.679,10,23,33,23,5,4,12,20,101,,,Team Totals,240,.530,.494,.446,.337,20.0,63.9,38.4,65.7,5.2,8.2,11.2,100.0,105.6,141.2,,
https://www.basketball-reference.com/boxscores/202202140UTA.html,"9:00 PM, February 14, 2022",Utah Jazz,Houston Rockets,135,101,UTA,,,Team Totals,240,49,89,.551,18,40,.450,19,22,.864,13,40,53,34,6,5,13,22,135,,,Team Totals,240,.684,.652,.449,.247,36.1,80.0,61.6,69.4,6.3,10.9,11.6,100.0,141.2,105.6,,
https://www.basketball-reference.com/boxscores/202202140WAS.html,"7:00 PM, February 14, 2022",Washington Wizards,Detroit Pistons,103,94,DET,,,Team Totals,240,32,85,.376,8,23,.348,22,27,.815,13,31,44,19,7,3,12,19,94,,,Team Totals,240,.485,.424,.271,.318,27.1,75.6,49.4,59.4,7.5,5.4,11.0,100.0,100.1,109.6,,
https://www.basketball-reference.com/boxscores/202202140WAS.html,"7:00 PM, February 14, 2022",Washington Wizards,Detroit Pistons,103,94,WAS,,,Team Totals,240,40,85,.471,9,29,.310,14,18,.778,10,35,45,21,8,3,15,16,103,,,Team Totals,240,.554,.524,.341,.212,24.4,72.9,50.6,52.5,8.5,4.8,13.9,100.0,109.6,100.1,,
https://www.basketball-reference.com/boxscores/202202150ATL.html,"7:30 PM, February 15, 2022",Atlanta Hawks,Cleveland Cavaliers,124,116,CLE,,,Team Totals,240,45,88,.511,16,41,.390,10,12,.833,14,25,39,30,8,3,13,23,116,,,Team Totals,240,.622,.602,.466,.136,33.3,78.1,52.7,66.7,8.7,6.4,12.2,100.0,126.4,135.1,,
https://www.basketball-reference.com/boxscores/202202150ATL.html,"7:30 PM, February 15, 2022",Atlanta Hawks,Cleveland Cavaliers,124,116,ATL,,,Team Totals,240,43,80,.538,14,33,.424,24,27,.889,7,28,35,25,9,4,11,18,124,,,Team Totals,240,.675,.625,.413,.338,21.9,66.7,47.3,58.1,9.8,8.5,10.7,100.0,135.1,126.4,,
https://www.basketball-reference.com/boxscores/202202150MIA.html,"7:30 PM, February 15, 2022",Miami Heat,Dallas Mavericks,99,107,DAL,,,Team Totals,240,34,76,.447,18,41,.439,21,33,.636,12,26,38,27,5,7,9,26,107,,,Team Totals,240,.591,.566,.539,.434,26.7,63.4,44.2,79.4,5.8,12.3,9.0,100.0,123.1,113.9,,
https://www.basketball-reference.com/boxscores/202202150MIA.html,"7:30 PM, February 15, 2022",Miami Heat,Dallas Mavericks,99,107,MIA,,,Team Totals,240,35,84,.417,7,27,.259,22,27,.815,15,33,48,19,1,2,12,23,99,,,Team Totals,240,.516,.458,.321,.321,36.6,73.3,55.8,54.3,1.2,5.7,11.1,100.0,113.9,123.1,,
https://www.basketball-reference.com/boxscores/202202150MIL.html,"8:00 PM, February 15, 2022",Milwaukee Bucks,Indiana Pacers,128,119,IND,,,Team Totals,240,47,93,.505,17,41,.415,8,19,.421,10,31,41,32,8,2,12,23,119,,,Team Totals,240,.587,.597,.441,.204,20.8,77.5,46.6,68.1,7.8,3.5,10.6,100.0,115.4,124.2,,
https://www.basketball-reference.com/boxscores/202202150MIL.html,"8:00 PM, February 15, 2022",Milwaukee Bucks,Indiana Pacers,128,119,MIL,,,Team Totals,240,48,86,.558,10,29,.345,22,30,.733,9,38,47,28,7,0,15,17,128,,,Team Totals,240,.645,.616,.337,.349,22.5,79.2,53.4,58.3,6.8,0.0,13.1,100.0,124.2,115.4,,
https://www.basketball-reference.com/boxscores/202202150MIN.html,"8:00 PM, February 15, 2022",Minnesota Timberwolves,Charlotte Hornets,126,120,CHO,,,Team Totals,265,42,102,.412,8,33,.242,28,37,.757,16,46,62,31,9,7,14,30,120,,,Team Totals,265,.507,.451,.324,.363,28.1,73.0,51.7,73.8,7.7,13.0,10.6,100.0,102.6,107.7,,
https://www.basketball-reference.com/boxscores/202202150MIN.html,"8:00 PM, February 15, 2022",Minnesota Timberwolves,Charlotte Hornets,126,120,MIN,,,Team Totals,265,43,109,.394,13,55,.236,27,43,.628,17,41,58,29,10,8,14,26,126,,,Team Totals,265,.492,.454,.505,.394,27.0,71.9,48.3,67.4,8.5,11.6,9.9,100.0,107.7,102.6,,
https://www.basketball-reference.com/boxscores/202202150NOP.html,"8:00 PM, February 15, 2022",New Orleans Pelicans,Memphis Grizzlies,109,121,MEM,,,Team Totals,240,47,94,.500,10,34,.294,17,27,.630,18,31,49,29,10,3,13,24,121,,,Team Totals,240,.571,.553,.362,.287,43.9,73.8,59.0,61.7,10.3,4.8,10.9,100.0,124.5,112.1,,
https://www.basketball-reference.com/boxscores/202202150NOP.html,"8:00 PM, February 15, 2022",New Orleans Pelicans,Memphis Grizzlies,109,121,NOP,,,Team Totals,240,44,88,.500,4,26,.154,17,20,.850,11,23,34,20,7,5,15,23,109,,,Team Totals,240,.563,.523,.295,.227,26.2,56.1,41.0,45.5,7.2,8.3,13.4,100.0,112.1,124.5,,
https://www.basketball-reference.com/boxscores/202202150PHI.html,"7:30 PM, February 15, 2022",Philadelphia 76ers,Boston Celtics,87,135,BOS,,,Team Totals,240,46,82,.561,25,45,.556,18,22,.818,7,44,51,28,2,10,11,25,135,,,Team Totals,240,.736,.713,.549,.268,20.0,78.6,56.0,60.9,2.2,20.8,10.7,100.0,145.5,93.7,,
https://www.basketball-reference.com/boxscores/202202150PHI.html,"7:30 PM, February 15, 2022",Philadelphia 76ers,Boston Celtics,87,135,PHI,,,Team Totals,240,23,80,.288,8,32,.250,33,39,.846,12,28,40,17,7,2,9,17,87,,,Team Totals,240,.448,.338,.400,.488,21.4,80.0,44.0,73.9,7.5,5.4,8.5,100.0,93.7,145.5,,
https://www.basketball-reference.com/boxscores/202202150PHO.html,"10:00 PM, February 15, 2022",Phoenix Suns,Los Angeles Clippers,103,96,LAC,,,Team Totals,240,40,97,.412,10,35,.286,6,9,.667,13,33,46,26,11,9,14,12,96,,,Team Totals,240,.475,.464,.361,.093,24.5,73.3,46.9,65.0,11.1,13.8,12.2,100.0,97.2,104.3,,
https://www.basketball-reference.com/boxscores/202202150PHO.html,"10:00 PM, February 15, 2022",Phoenix Suns,Los Angeles Clippers,103,96,PHO,,,Team Totals,240,44,90,.489,8,25,.320,7,10,.700,12,40,52,30,9,4,17,12,103,,,Team Totals,240,.546,.533,.278,.111,26.7,75.5,53.1,68.2,9.1,6.5,15.3,100.0,104.3,97.2,,
https://www.basketball-reference.com/boxscores/202202160BOS.html,"7:30 PM, February 16, 2022",Boston Celtics,Detroit Pistons,111,112,DET,,,Team Totals,240,43,93,.462,16,30,.533,10,13,.769,18,29,47,28,9,1,17,17,112,,,Team Totals,240,.567,.548,.323,.140,39.1,93.5,61.0,65.1,9.3,2.2,14.7,100.0,116.0,115.0,,
https://www.basketball-reference.com/boxscores/202202160BOS.html,"7:30 PM, February 16, 2022",Boston Celtics,Detroit Pistons,111,112,BOS,,,Team Totals,240,42,77,.545,13,32,.406,14,18,.778,2,28,30,29,8,6,17,14,111,,,Team Totals,240,.654,.630,.416,.234,6.5,60.9,39.0,69.0,8.3,9.5,16.7,100.0,115.0,116.0,,
https://www.basketball-reference.com/boxscores/202202160CHI.html,"8:00 PM, February 16, 2022",Chicago Bulls,Sacramento Kings,125,118,SAC,,,Team Totals,240,43,84,.512,12,30,.400,20,22,.909,7,29,36,24,9,3,13,14,118,,,Team Totals,240,.630,.583,.357,.262,17.1,69.0,43.4,55.8,9.1,4.6,12.2,100.0,119.3,126.4,,
https://www.basketball-reference.com/boxscores/202202160CHI.html,"8:00 PM, February 16, 2022",Chicago Bulls,Sacramento Kings,125,118,CHI,,,Team Totals,240,47,94,.500,12,29,.414,19,20,.950,13,34,47,25,8,2,13,16,125,,,Team Totals,240,.608,.564,.309,.213,31.0,82.9,56.6,53.2,8.1,3.7,11.2,100.0,126.4,119.3,,
https://www.basketball-reference.com/boxscores/202202160GSW.html,"10:00 PM, February 16, 2022",Golden State Warriors,Denver Nuggets,116,117,DEN,,,Team Totals,240,43,91,.473,14,36,.389,17,21,.810,12,36,48,27,5,1,19,18,117,,,Team Totals,240,.584,.549,.396,.231,29.3,81.8,56.5,62.8,4.9,1.9,15.9,100.0,115.4,114.4,,
https://www.basketball-reference.com/boxscores/202202160GSW.html,"10:00 PM, February 16, 2022",Golden State Warriors,Denver Nuggets,116,117,GSW,,,Team Totals,240,45,87,.517,10,34,.294,16,24,.667,8,29,37,26,13,5,11,21,116,,,Team Totals,240,.595,.575,.391,.276,18.2,70.7,43.5,57.8,12.8,9.1,10.1,100.0,114.4,115.4,,
https://www.basketball-reference.com/boxscores/202202160IND.html,"7:30 PM, February 16, 2022",Indiana Pacers,Washington Wizards,113,108,WAS,,,Team Totals,240,39,91,.429,17,37,.459,13,16,.813,12,32,44,25,7,3,13,20,108,,,Team Totals,240,.551,.522,.407,.176,26.7,82.1,52.4,64.1,7.2,4.8,11.7,100.0,111.4,116.6,,
https://www.basketball-reference.com/boxscores/202202160IND.html,"7:30 PM, February 16, 2022",Indiana Pacers,Washington Wizards,113,108,IND,,,Team Totals,240,45,83,.542,4,20,.200,19,29,.655,7,33,40,30,9,6,11,14,113,,,Team Totals,240,.590,.566,.241,.349,17.9,73.3,47.6,66.7,9.3,11.1,10.3,100.0,116.6,111.4,,
https://www.basketball-reference.com/boxscores/202202160LAL.html,"10:00 PM, February 16, 2022",Los Angeles Lakers,Utah Jazz,106,101,UTA,,,Team Totals,240,37,79,.468,11,33,.333,16,19,.842,8,33,41,17,11,6,13,22,101,,,Team Totals,240,.578,.538,.418,.241,20.0,73.3,48.2,45.9,11.9,12.0,13.0,100.0,109.4,114.9,,
https://www.basketball-reference.com/boxscores/202202160LAL.html,"10:00 PM, February 16, 2022",Los Angeles Lakers,Utah Jazz,106,101,LAL,,,Team Totals,240,41,86,.477,10,36,.278,14,22,.636,12,32,44,24,9,7,12,18,106,,,Team Totals,240,.554,.535,.419,.256,26.7,80.0,51.8,58.5,9.8,15.2,11.1,100.0,114.9,109.4,,
https://www.basketball-reference.com/boxscores/202202160MEM.html,"8:00 PM, February 16, 2022",Memphis Grizzlies,Portland Trail Blazers,119,123,POR,,,Team Totals,240,43,85,.506,13,32,.406,24,32,.750,13,30,43,23,6,5,12,27,123,,,Team Totals,240,.621,.582,.376,.376,31.0,75.0,52.4,53.5,6.2,9.1,10.8,100.0,126.3,122.1,,
https://www.basketball-reference.com/boxscores/202202160MEM.html,"8:00 PM, February 16, 2022",Memphis Grizzlies,Portland Trail Blazers,119,123,MEM,,,Team Totals,240,37,85,.435,11,30,.367,34,42,.810,10,29,39,20,10,7,10,26,119,,,Team Totals,240,.575,.500,.353,.494,25.0,69.0,47.6,54.1,10.3,13.2,8.8,100.0,122.1,126.3,,
https://www.basketball-reference.com/boxscores/202202160MIN.html,"8:00 PM, February 16, 2022",Minnesota Timberwolves,Toronto Raptors,91,103,TOR,,,Team Totals,240,40,88,.455,8,25,.320,15,19,.789,9,39,48,21,7,6,13,21,103,,,Team Totals,240,.534,.500,.284,.216,20.0,86.7,53.3,52.5,7.1,17.1,11.9,100.0,104.5,92.3,,
https://www.basketball-reference.com/boxscores/202202160MIN.html,"8:00 PM, February 16, 2022",Minnesota Timberwolves,Toronto Raptors,91,103,MIN,,,Team Totals,240,30,77,.390,10,42,.238,21,29,.724,6,36,42,23,6,7,17,18,91,,,Team Totals,240,.507,.455,.545,.377,13.3,80.0,46.7,76.7,6.1,11.1,15.9,100.0,92.3,104.5,,
https://www.basketball-reference.com/boxscores/202202160NYK.html,"7:30 PM, February 16, 2022",New York Knicks,Brooklyn Nets,106,111,BRK,,,Team Totals,240,43,98,.439,11,34,.324,14,23,.609,16,35,51,21,5,1,9,16,111,,,Team Totals,240,.513,.495,.347,.235,32.0,77.8,53.7,48.8,5.3,2.4,7.7,100.0,118.0,112.7,,
https://www.basketball-reference.com/boxscores/202202160NYK.html,"7:30 PM, February 16, 2022",New York Knicks,Brooklyn Nets,106,111,NYK,,,Team Totals,240,37,85,.435,16,43,.372,16,18,.889,10,34,44,22,7,9,10,17,106,,,Team Totals,240,.570,.529,.506,.212,22.2,68.0,46.3,59.5,7.4,14.1,9.7,100.0,112.7,118.0,,
https://www.basketball-reference.com/boxscores/202202160OKC.html,"8:00 PM, February 16, 2022",Oklahoma City Thunder,San Antonio Spurs,106,114,SAS,,,Team Totals,240,43,98,.439,10,34,.294,18,22,.818,14,43,57,29,3,7,14,15,114,,,Team Totals,240,.529,.490,.347,.224,28.6,74.1,53.3,67.4,2.9,9.6,11.5,100.0,110.2,102.5,,
https://www.basketball-reference.com/boxscores/202202160OKC.html,"8:00 PM, February 16, 2022",Oklahoma City Thunder,San Antonio Spurs,106,114,OKC,,,Team Totals,240,41,105,.390,11,32,.344,13,19,.684,15,35,50,25,6,6,8,19,106,,,Team Totals,240,.468,.443,.305,.181,25.9,71.4,46.7,61.0,5.8,9.4,6.6,100.0,102.5,110.2,,
https://www.basketball-reference.com/boxscores/202202160ORL.html,"7:00 PM, February 16, 2022",Orlando Magic,Atlanta Hawks,109,130,ATL,,,Team Totals,240,45,90,.500,18,33,.545,22,28,.786,13,34,47,23,7,6,11,20,130,,,Team Totals,240,.635,.600,.367,.311,28.3,73.9,51.1,51.1,7.0,10.5,9.7,100.0,130.5,109.5,,
https://www.basketball-reference.com/boxscores/202202160ORL.html,"7:00 PM, February 16, 2022",Orlando Magic,Atlanta Hawks,109,130,ORL,,,Team Totals,240,42,98,.429,13,41,.317,12,13,.923,12,33,45,23,3,5,13,19,109,,,Team Totals,240,.525,.495,.418,.133,26.1,71.7,48.9,54.8,3.0,8.8,11.1,100.0,109.5,130.5,,
https://www.basketball-reference.com/boxscores/202202160PHO.html,"9:00 PM, February 16, 2022",Phoenix Suns,Houston Rockets,124,121,HOU,,,Team Totals,240,42,97,.433,13,44,.295,24,28,.857,13,36,49,23,5,5,16,27,121,,,Team Totals,240,.553,.500,.454,.289,27.1,83.7,53.8,54.8,4.7,8.1,12.8,100.0,114.0,116.8,,
https://www.basketball-reference.com/boxscores/202202160PHO.html,"9:00 PM, February 16, 2022",Phoenix Suns,Houston Rockets,124,121,PHO,,,Team Totals,240,44,86,.512,7,24,.292,29,36,.806,7,35,42,27,10,7,11,20,124,,,Team Totals,240,.609,.552,.279,.419,16.3,72.9,46.2,61.4,9.4,13.2,9.7,100.0,116.8,114.0,,
https://www.basketball-reference.com/boxscores/202202170BRK.html,"7:30 PM, February 17, 2022",Brooklyn Nets,Washington Wizards,103,117,WAS,,,Team Totals,240,46,83,.554,12,24,.500,13,16,.813,8,30,38,26,10,7,16,21,117,,,Team Totals,240,.650,.627,.289,.193,22.9,66.7,47.5,56.5,10.4,13.7,15.1,100.0,121.8,107.3,,
https://www.basketball-reference.com/boxscores/202202170BRK.html,"7:30 PM, February 17, 2022",Brooklyn Nets,Washington Wizards,103,117,BRK,,,Team Totals,240,36,89,.404,14,38,.368,17,24,.708,15,27,42,19,6,5,16,20,103,,,Team Totals,240,.517,.483,.427,.270,33.3,77.1,52.5,52.8,6.2,8.5,13.8,100.0,107.3,121.8,,
https://www.basketball-reference.com/boxscores/202202170CHO.html,"7:00 PM, February 17, 2022",Charlotte Hornets,Miami Heat,107,111,MIA,,,Team Totals,290,41,102,.402,14,48,.292,15,23,.652,15,41,56,31,4,5,15,23,111,,,Team Totals,290,.495,.471,.471,.225,26.8,70.7,49.1,75.6,3.7,9.4,11.8,100.0,102.9,99.1,,
https://www.basketball-reference.com/boxscores/202202170CHO.html,"7:00 PM, February 17, 2022",Charlotte Hornets,Miami Heat,107,111,CHO,,,Team Totals,290,38,95,.400,10,42,.238,21,30,.700,17,41,58,27,6,4,18,28,107,,,Team Totals,290,.494,.453,.442,.316,29.3,73.2,50.9,71.1,5.6,7.4,14.3,100.0,99.1,102.9,,
https://www.basketball-reference.com/boxscores/202202170LAC.html,"10:30 PM, February 17, 2022",Los Angeles Clippers,Houston Rockets,142,111,HOU,,,Team Totals,240,42,91,.462,13,37,.351,14,19,.737,12,23,35,29,8,2,19,20,111,,,Team Totals,240,.559,.533,.407,.209,24.0,65.7,41.2,69.0,7.6,3.5,16.1,100.0,105.5,135.0,,
https://www.basketball-reference.com/boxscores/202202170LAC.html,"10:30 PM, February 17, 2022",Los Angeles Clippers,Houston Rockets,142,111,LAC,,,Team Totals,240,51,92,.554,18,35,.514,22,26,.846,12,38,50,34,12,5,18,16,142,,,Team Totals,240,.686,.652,.380,.283,34.3,76.0,58.8,66.7,11.4,9.3,14.8,100.0,135.0,105.5,,
https://www.basketball-reference.com/boxscores/202202170MIL.html,"8:30 PM, February 17, 2022",Milwaukee Bucks,Philadelphia 76ers,120,123,PHI,,,Team Totals,240,44,88,.500,12,34,.353,23,27,.852,9,37,46,21,2,2,12,23,123,,,Team Totals,240,.616,.568,.386,.307,22.0,75.5,51.1,47.7,2.0,3.9,10.7,100.0,123.1,120.1,,
https://www.basketball-reference.com/boxscores/202202170MIL.html,"8:30 PM, February 17, 2022",Milwaukee Bucks,Philadelphia 76ers,120,123,MIL,,,Team Totals,240,42,95,.442,14,44,.318,22,28,.786,12,32,44,20,5,1,7,22,120,,,Team Totals,240,.559,.516,.463,.295,24.5,78.0,48.9,47.6,5.0,1.9,6.1,100.0,120.1,123.1,,
https://www.basketball-reference.com/boxscores/202202170NOP.html,"8:00 PM, February 17, 2022",New Orleans Pelicans,Dallas Mavericks,118,125,DAL,,,Team Totals,240,44,82,.537,19,40,.475,18,25,.720,7,31,38,18,5,4,9,22,125,,,Team Totals,240,.672,.652,.488,.305,18.4,64.6,44.2,40.9,5.3,6.3,8.8,100.0,131.9,124.6,,
https://www.basketball-reference.com/boxscores/202202170NOP.html,"8:00 PM, February 17, 2022",New Orleans Pelicans,Dallas Mavericks,118,125,NOP,,,Team Totals,240,46,92,.500,12,28,.429,14,21,.667,17,31,48,22,7,0,13,18,118,,,Team Totals,240,.583,.565,.304,.228,35.4,81.6,55.8,47.8,7.4,0.0,11.4,100.0,124.6,131.9,,
https://www.basketball-reference.com/boxscores/202202240BRK.html,"7:30 PM, February 24, 2022",Brooklyn Nets,Boston Celtics,106,129,BOS,,,Team Totals,240,46,85,.541,17,42,.405,20,27,.741,8,40,48,28,9,3,14,20,129,,,Team Totals,240,.666,.641,.494,.318,21.1,83.3,55.8,60.9,8.7,4.6,12.6,100.0,124.4,102.2,,
https://www.basketball-reference.com/boxscores/202202240BRK.html,"7:30 PM, February 24, 2022",Brooklyn Nets,Boston Celtics,106,129,BRK,,,Team Totals,240,39,94,.415,7,29,.241,21,28,.750,8,30,38,25,8,4,11,16,106,,,Team Totals,240,.498,.452,.309,.298,16.7,78.9,44.2,64.1,7.7,9.3,9.4,100.0,102.2,124.4,,
https://www.basketball-reference.com/boxscores/202202240CHI.html,"8:00 PM, February 24, 2022",Chicago Bulls,Atlanta Hawks,112,108,ATL,,,Team Totals,240,41,97,.423,8,28,.286,18,27,.667,13,32,45,20,2,3,10,18,108,,,Team Totals,240,.496,.464,.289,.278,26.0,84.2,51.1,48.8,2.0,5.3,8.4,100.0,108.7,112.7,,
https://www.basketball-reference.com/boxscores/202202240CHI.html,"8:00 PM, February 24, 2022",Chicago Bulls,Atlanta Hawks,112,108,CHI,,,Team Totals,240,41,84,.488,8,27,.296,22,27,.815,6,37,43,16,5,8,9,20,112,,,Team Totals,240,.584,.536,.321,.321,15.8,74.0,48.9,39.0,5.0,11.6,8.6,100.0,112.7,108.7,,
https://www.basketball-reference.com/boxscores/202202240DET.html,"7:00 PM, February 24, 2022",Detroit Pistons,Cleveland Cavaliers,106,103,CLE,,,Team Totals,240,34,77,.442,12,35,.343,23,34,.676,8,35,43,20,3,7,12,21,103,,,Team Totals,240,.560,.519,.455,.442,18.2,72.9,46.7,58.8,3.2,13.5,11.5,100.0,109.8,113.0,,
https://www.basketball-reference.com/boxscores/202202240DET.html,"7:00 PM, February 24, 2022",Detroit Pistons,Cleveland Cavaliers,106,103,DET,,,Team Totals,240,35,86,.407,11,34,.324,25,28,.893,13,36,49,23,8,8,11,24,106,,,Team Totals,240,.539,.471,.395,.326,27.1,81.8,53.3,65.7,8.5,19.0,10.1,100.0,113.0,109.8,,
https://www.basketball-reference.com/boxscores/202202240MIN.html,"8:00 PM, February 24, 2022",Minnesota Timberwolves,Memphis Grizzlies,119,114,MEM,,,Team Totals,240,38,98,.388,9,31,.290,29,40,.725,26,33,59,25,9,7,16,21,114,,,Team Totals,240,.493,.434,.316,.408,46.4,73.3,58.4,65.8,9.0,13.7,12.2,100.0,113.5,118.5,,
https://www.basketball-reference.com/boxscores/202202240MIN.html,"8:00 PM, February 24, 2022",Minnesota Timberwolves,Memphis Grizzlies,119,114,MIN,,,Team Totals,240,43,93,.462,16,42,.381,17,25,.680,12,30,42,26,6,11,12,27,119,,,Team Totals,240,.572,.548,.452,.269,26.7,53.6,41.6,60.5,6.0,16.4,10.3,100.0,118.5,113.5,,
https://www.basketball-reference.com/boxscores/202202240OKC.html,"8:00 PM, February 24, 2022",Oklahoma City Thunder,Phoenix Suns,104,124,PHO,,,Team Totals,240,46,86,.535,13,34,.382,19,21,.905,3,40,43,32,14,6,16,12,124,,,Team Totals,240,.651,.610,.395,.244,7.9,85.1,50.6,69.6,13.2,9.7,14.4,100.0,116.6,97.8,,
https://www.basketball-reference.com/boxscores/202202240OKC.html,"8:00 PM, February 24, 2022",Oklahoma City Thunder,Phoenix Suns,104,124,OKC,,,Team Totals,240,44,93,.473,6,31,.194,10,11,.909,7,35,42,22,10,4,16,19,104,,,Team Totals,240,.531,.505,.333,.118,14.9,92.1,49.4,50.0,9.4,7.7,14.1,100.0,97.8,116.6,,
https://www.basketball-reference.com/boxscores/202202240POR.html,"10:00 PM, February 24, 2022",Portland Trail Blazers,Golden State Warriors,95,132,GSW,,,Team Totals,240,45,88,.511,15,41,.366,27,32,.844,10,36,46,36,10,7,12,23,132,,,Team Totals,240,.647,.597,.466,.364,28.6,85.7,59.7,80.0,10.0,15.9,10.5,100.0,131.4,94.6,,
https://www.basketball-reference.com/boxscores/202202240POR.html,"10:00 PM, February 24, 2022",Portland Trail Blazers,Golden State Warriors,95,132,POR,,,Team Totals,240,31,79,.392,9,35,.257,24,29,.828,6,25,31,16,5,4,18,29,95,,,Team Totals,240,.518,.449,.443,.367,14.3,71.4,40.3,51.6,5.0,8.5,16.4,100.0,94.6,131.4,,
https://www.basketball-reference.com/boxscores/202202240SAC.html,"10:00 PM, February 24, 2022",Sacramento Kings,Denver Nuggets,110,128,DEN,,,Team Totals,240,48,86,.558,15,35,.429,17,20,.850,3,36,39,30,12,4,17,24,128,,,Team Totals,240,.675,.645,.407,.233,9.7,85.7,53.4,62.5,11.5,7.0,15.2,100.0,122.7,105.4,,
https://www.basketball-reference.com/boxscores/202202240SAC.html,"10:00 PM, February 24, 2022",Sacramento Kings,Denver Nuggets,110,128,SAC,,,Team Totals,240,43,86,.500,9,29,.310,15,18,.833,6,28,34,25,5,8,15,17,110,,,Team Totals,240,.586,.552,.337,.209,14.3,90.3,46.6,58.1,4.8,15.7,13.8,100.0,105.4,122.7,,
https://www.basketball-reference.com/boxscores/202202250CHO.html,"7:00 PM, February 25, 2022",Charlotte Hornets,Toronto Raptors,125,93,TOR,,,Team Totals,240,37,84,.440,6,23,.261,13,23,.565,10,26,36,18,6,4,17,12,93,,,Team Totals,240,.494,.476,.274,.274,20.4,66.7,40.9,48.6,6.0,7.4,15.3,100.0,92.7,124.7,,
https://www.basketball-reference.com/boxscores/202202250CHO.html,"7:00 PM, February 25, 2022",Charlotte Hornets,Toronto Raptors,125,93,CHO,,,Team Totals,240,52,94,.553,15,40,.375,6,9,.667,13,39,52,34,10,7,18,20,125,,,Team Totals,240,.638,.633,.426,.096,33.3,79.6,59.1,65.4,10.0,11.5,15.5,100.0,124.7,92.7,,
https://www.basketball-reference.com/boxscores/202202250IND.html,"7:00 PM, February 25, 2022",Indiana Pacers,Oklahoma City Thunder,125,129,OKC,,,Team Totals,265,50,101,.495,11,31,.355,18,24,.750,11,43,54,23,8,3,11,19,129,,,Team Totals,265,.578,.550,.307,.238,22.0,78.2,51.4,46.0,7.2,4.7,9.0,100.0,116.6,113.0,,
https://www.basketball-reference.com/boxscores/202202250IND.html,"7:00 PM, February 25, 2022",Indiana Pacers,Oklahoma City Thunder,125,129,IND,,,Team Totals,265,49,101,.485,14,37,.378,13,22,.591,12,39,51,31,8,11,14,19,125,,,Team Totals,265,.565,.554,.366,.218,21.8,78.0,48.6,63.3,7.2,15.7,11.2,100.0,113.0,116.6,,
https://www.basketball-reference.com/boxscores/202202250LAL.html,"10:00 PM, February 25, 2022",Los Angeles Lakers,Los Angeles Clippers,102,105,LAC,,,Team Totals,240,41,83,.494,10,26,.385,13,19,.684,7,40,47,25,8,8,17,19,105,,,Team Totals,240,.575,.554,.313,.229,17.1,75.5,50.0,61.0,8.0,12.9,15.7,100.0,105.4,102.4,,
https://www.basketball-reference.com/boxscores/202202250LAL.html,"10:00 PM, February 25, 2022",Los Angeles Lakers,Los Angeles Clippers,102,105,LAL,,,Team Totals,240,39,93,.419,8,31,.258,16,21,.762,13,34,47,18,8,7,12,17,102,,,Team Totals,240,.499,.462,.333,.226,24.5,82.9,50.0,46.2,8.0,12.3,10.5,100.0,102.4,105.4,,
https://www.basketball-reference.com/boxscores/202202250MIN.html,"8:00 PM, February 25, 2022",Minnesota Timberwolves,Philadelphia 76ers,102,133,PHI,,,Team Totals,240,42,82,.512,19,39,.487,30,36,.833,6,36,42,30,10,0,12,23,133,,,Team Totals,240,.680,.628,.476,.439,15.8,80.0,50.6,71.4,9.9,0.0,10.9,100.0,131.1,100.5,,
https://www.basketball-reference.com/boxscores/202202250MIN.html,"8:00 PM, February 25, 2022",Minnesota Timberwolves,Philadelphia 76ers,102,133,MIN,,,Team Totals,240,36,86,.419,9,39,.231,21,25,.840,9,32,41,23,4,1,16,27,102,,,Team Totals,240,.526,.471,.453,.291,20.0,84.2,49.4,63.9,3.9,2.3,14.2,100.0,100.5,131.1,,
https://www.basketball-reference.com/boxscores/202202250NYK.html,"7:30 PM, February 25, 2022",New York Knicks,Miami Heat,100,115,MIA,,,Team Totals,240,39,83,.470,11,32,.344,26,35,.743,4,40,44,22,13,5,10,28,115,,,Team Totals,240,.584,.536,.386,.422,9.1,88.9,49.4,56.4,12.7,14.3,9.2,100.0,112.3,97.7,,
https://www.basketball-reference.com/boxscores/202202250NYK.html,"7:30 PM, February 25, 2022",New York Knicks,Miami Heat,100,115,NYK,,,Team Totals,240,30,75,.400,14,40,.350,26,36,.722,5,40,45,19,4,1,18,30,100,,,Team Totals,240,.550,.493,.533,.480,11.1,90.9,50.6,63.3,3.9,2.0,16.5,100.0,97.7,112.3,,
https://www.basketball-reference.com/boxscores/202202250ORL.html,"7:00 PM, February 25, 2022",Orlando Magic,Houston Rockets,119,111,HOU,,,Team Totals,240,44,94,.468,14,47,.298,9,20,.450,10,31,41,22,12,3,13,24,111,,,Team Totals,240,.540,.543,.500,.213,18.5,75.6,43.2,50.0,11.5,6.4,11.2,100.0,106.7,114.4,,
https://www.basketball-reference.com/boxscores/202202250ORL.html,"7:00 PM, February 25, 2022",Orlando Magic,Houston Rockets,119,111,ORL,,,Team Totals,240,42,83,.506,13,36,.361,22,29,.759,10,44,54,20,7,4,19,22,119,,,Team Totals,240,.621,.584,.434,.349,24.4,81.5,56.8,47.6,6.7,8.5,16.6,100.0,114.4,106.7,,
https://www.basketball-reference.com/boxscores/202202250PHO.html,"9:00 PM, February 25, 2022",Phoenix Suns,New Orleans Pelicans,102,117,NOP,,,Team Totals,240,38,87,.437,8,29,.276,33,41,.805,16,37,53,21,10,4,11,18,117,,,Team Totals,240,.557,.483,.333,.471,34.8,84.1,58.9,55.3,10.3,9.5,9.5,100.0,120.7,105.2,,
https://www.basketball-reference.com/boxscores/202202250PHO.html,"9:00 PM, February 25, 2022",Phoenix Suns,New Orleans Pelicans,102,117,PHO,,,Team Totals,240,36,82,.439,12,40,.300,18,24,.750,7,30,37,23,6,8,14,27,102,,,Team Totals,240,.551,.512,.488,.293,15.9,65.2,41.1,63.9,6.2,13.8,13.1,100.0,105.2,120.7,,
https://www.basketball-reference.com/boxscores/202202250UTA.html,"9:00 PM, February 25, 2022",Utah Jazz,Dallas Mavericks,114,109,DAL,,,Team Totals,240,42,88,.477,17,39,.436,8,8,1.000,8,22,30,22,9,3,12,21,109,,,Team Totals,240,.595,.574,.443,.091,18.6,71.0,40.5,52.4,9.8,8.3,11.6,100.0,118.3,123.7,,
https://www.basketball-reference.com/boxscores/202202250UTA.html,"9:00 PM, February 25, 2022",Utah Jazz,Dallas Mavericks,114,109,UTA,,,Team Totals,240,40,74,.541,16,38,.421,18,22,.818,9,35,44,22,9,4,18,14,114,,,Team Totals,240,.681,.649,.514,.297,29.0,81.4,59.5,55.0,9.8,8.2,17.7,100.0,123.7,118.3,,
https://www.basketball-reference.com/boxscores/202202250WAS.html,"7:00 PM, February 25, 2022",Washington Wizards,San Antonio Spurs,153,157,SAS,,,Team Totals,290,57,105,.543,9,29,.310,34,43,.791,16,34,50,35,6,3,17,22,157,,,Team Totals,290,.633,.586,.276,.410,36.4,75.6,56.2,61.4,5.0,4.3,12.1,100.0,130.1,126.8,,
https://www.basketball-reference.com/boxscores/202202250WAS.html,"7:00 PM, February 25, 2022",Washington Wizards,San Antonio Spurs,153,157,WAS,,,Team Totals,290,59,108,.546,16,38,.421,19,24,.792,11,28,39,36,10,5,16,29,153,,,Team Totals,290,.645,.620,.352,.222,24.4,63.6,43.8,61.0,8.3,6.6,11.9,100.0,126.8,130.1,,
https://www.basketball-reference.com/boxscores/202202260ATL.html,"7:30 PM, February 26, 2022",Atlanta Hawks,Toronto Raptors,127,100,TOR,,,Team Totals,240,38,95,.400,10,32,.313,14,19,.737,11,31,42,25,5,2,13,26,100,,,Team Totals,240,.484,.453,.337,.200,21.6,86.1,48.3,65.8,5.0,3.8,11.2,100.0,99.5,126.3,,
https://www.basketball-reference.com/boxscores/202202260ATL.html,"7:30 PM, February 26, 2022",Atlanta Hawks,Toronto Raptors,127,100,ATL,,,Team Totals,240,48,83,.578,13,31,.419,18,22,.818,5,40,45,27,8,8,12,19,127,,,Team Totals,240,.685,.657,.373,.265,13.9,78.4,51.7,56.3,8.0,12.7,11.5,100.0,126.3,99.5,,
https://www.basketball-reference.com/boxscores/202202260CHI.html,"8:00 PM, February 26, 2022",Chicago Bulls,Memphis Grizzlies,110,116,MEM,,,Team Totals,240,44,100,.440,7,23,.304,21,26,.808,19,42,61,23,5,10,14,24,116,,,Team Totals,240,.520,.475,.230,.260,35.2,87.5,59.8,52.3,4.7,13.7,11.2,100.0,109.9,104.2,,
https://www.basketball-reference.com/boxscores/202202260CHI.html,"8:00 PM, February 26, 2022",Chicago Bulls,Memphis Grizzlies,110,116,CHI,,,Team Totals,240,39,93,.419,9,20,.450,23,30,.767,6,35,41,17,9,3,10,17,110,,,Team Totals,240,.518,.468,.215,.323,12.5,64.8,40.2,43.6,8.5,3.9,8.6,100.0,104.2,109.9,,
https://www.basketball-reference.com/boxscores/202202260CLE.html,"8:00 PM, February 26, 2022",Cleveland Cavaliers,Washington Wizards,92,86,WAS,,,Team Totals,240,35,81,.432,11,23,.478,5,6,.833,7,35,42,19,8,7,18,24,86,,,Team Totals,240,.514,.500,.284,.074,16.3,72.9,46.2,54.3,8.6,12.1,17.7,100.0,92.9,99.3,,
https://www.basketball-reference.com/boxscores/202202260CLE.html,"8:00 PM, February 26, 2022",Cleveland Cavaliers,Washington Wizards,92,86,CLE,,,Team Totals,240,32,83,.386,8,25,.320,20,24,.833,13,36,49,22,9,5,14,10,92,,,Team Totals,240,.492,.434,.301,.289,27.1,83.7,53.8,68.8,9.7,8.6,13.0,100.0,99.3,92.9,,
https://www.basketball-reference.com/boxscores/202202260DEN.html,"9:00 PM, February 26, 2022",Denver Nuggets,Sacramento Kings,115,110,SAC,,,Team Totals,240,38,89,.427,9,30,.300,25,33,.758,9,36,45,24,4,3,13,25,110,,,Team Totals,240,.531,.478,.337,.371,18.0,90.0,50.0,63.2,3.8,7.7,11.2,100.0,105.1,109.9,,
https://www.basketball-reference.com/boxscores/202202260DEN.html,"9:00 PM, February 26, 2022",Denver Nuggets,Sacramento Kings,115,110,DEN,,,Team Totals,240,38,82,.463,16,43,.372,23,29,.793,4,41,45,29,5,2,15,25,115,,,Team Totals,240,.607,.561,.524,.354,10.0,82.0,50.0,76.3,4.8,3.4,13.7,100.0,109.9,105.1,,
https://www.basketball-reference.com/boxscores/202202260DET.html,"12:00 PM, February 26, 2022",Detroit Pistons,Boston Celtics,104,113,BOS,,,Team Totals,240,42,88,.477,10,26,.385,19,21,.905,10,27,37,31,5,6,10,21,113,,,Team Totals,240,.581,.534,.295,.239,24.4,73.0,47.4,73.8,5.3,10.0,9.3,100.0,118.8,109.3,,
https://www.basketball-reference.com/boxscores/202202260DET.html,"12:00 PM, February 26, 2022",Detroit Pistons,Boston Celtics,104,113,DET,,,Team Totals,240,39,87,.448,7,27,.259,19,22,.864,10,31,41,18,4,4,14,22,104,,,Team Totals,240,.538,.489,.310,.253,27.0,75.6,52.6,46.2,4.2,6.5,12.6,100.0,109.3,118.8,,
https://www.basketball-reference.com/boxscores/202202260MIA.html,"8:00 PM, February 26, 2022",Miami Heat,San Antonio Spurs,133,129,SAS,,,Team Totals,240,50,90,.556,14,31,.452,15,19,.789,12,34,46,33,5,1,22,31,129,,,Team Totals,240,.656,.633,.344,.211,30.0,89.5,59.0,66.0,4.7,1.8,18.3,100.0,121.2,124.9,,
https://www.basketball-reference.com/boxscores/202202260MIA.html,"8:00 PM, February 26, 2022",Miami Heat,San Antonio Spurs,133,129,MIA,,,Team Totals,240,47,83,.566,12,28,.429,27,38,.711,4,28,32,25,8,3,12,20,133,,,Team Totals,240,.667,.639,.337,.458,10.5,70.0,41.0,53.2,7.5,5.1,10.7,100.0,124.9,121.2,,
https://www.basketball-reference.com/boxscores/202202260MIL.html,"8:30 PM, February 26, 2022",Milwaukee Bucks,Brooklyn Nets,123,126,BRK,,,Team Totals,240,44,92,.478,13,34,.382,25,33,.758,12,28,40,24,7,5,9,24,126,,,Team Totals,240,.591,.549,.370,.359,23.5,87.5,48.2,54.5,6.8,12.5,7.8,100.0,122.7,119.8,,
https://www.basketball-reference.com/boxscores/202202260MIL.html,"8:30 PM, February 26, 2022",Milwaukee Bucks,Brooklyn Nets,123,126,MIL,,,Team Totals,240,41,78,.526,16,38,.421,25,38,.658,4,39,43,24,4,0,15,26,123,,,Team Totals,240,.649,.628,.487,.487,12.5,76.5,51.8,58.5,3.9,0.0,13.7,100.0,119.8,122.7,,
https://www.basketball-reference.com/boxscores/202202270CHO.html,"7:00 PM, February 27, 2022",Charlotte Hornets,Detroit Pistons,126,127,DET,,,Team Totals,265,50,110,.455,14,40,.350,13,18,.722,22,32,54,30,10,3,15,29,127,,,Team Totals,265,.539,.518,.364,.164,39.3,72.7,54.0,60.0,9.4,5.2,11.3,100.0,118.8,117.9,,
https://www.basketball-reference.com/boxscores/202202270CHO.html,"7:00 PM, February 27, 2022",Charlotte Hornets,Detroit Pistons,126,127,CHO,,,Team Totals,265,45,89,.506,13,31,.419,23,34,.676,12,34,46,25,8,8,17,19,126,,,Team Totals,265,.606,.579,.348,.382,27.3,60.7,46.0,55.6,7.5,11.4,14.1,100.0,117.9,118.8,,
https://www.basketball-reference.com/boxscores/202202270GSW.html,"7:30 PM, February 27, 2022",Golden State Warriors,Dallas Mavericks,101,107,DAL,,,Team Totals,240,39,78,.500,13,34,.382,16,20,.800,6,39,45,16,5,7,18,18,107,,,Team Totals,240,.616,.583,.436,.256,15.8,76.5,50.6,41.0,5.1,13.5,17.2,100.0,110.1,104.0,,
https://www.basketball-reference.com/boxscores/202202270GSW.html,"7:30 PM, February 27, 2022",Golden State Warriors,Dallas Mavericks,101,107,GSW,,,Team Totals,240,39,91,.429,11,39,.282,12,20,.600,12,32,44,27,15,2,11,23,101,,,Team Totals,240,.506,.489,.429,.220,23.5,84.2,49.4,69.2,15.4,4.5,9.9,100.0,104.0,110.1,,
https://www.basketball-reference.com/boxscores/202202270HOU.html,"7:00 PM, February 27, 2022",Houston Rockets,Los Angeles Clippers,98,99,LAC,,,Team Totals,240,34,77,.442,11,34,.324,20,28,.714,10,49,59,18,4,12,18,22,99,,,Team Totals,240,.554,.513,.442,.364,24.4,89.1,61.5,52.9,4.1,24.0,16.8,100.0,101.8,100.8,,
https://www.basketball-reference.com/boxscores/202202270HOU.html,"7:00 PM, February 27, 2022",Houston Rockets,Los Angeles Clippers,98,99,HOU,,,Team Totals,240,35,92,.380,17,42,.405,11,18,.611,6,31,37,26,8,0,7,21,98,,,Team Totals,240,.490,.473,.457,.196,10.9,75.6,38.5,74.3,8.2,0.0,6.5,100.0,100.8,101.8,,
https://www.basketball-reference.com/boxscores/202202270IND.html,"5:00 PM, February 27, 2022",Indiana Pacers,Boston Celtics,128,107,BOS,,,Team Totals,240,39,91,.429,12,43,.279,17,20,.850,12,28,40,25,5,9,10,13,107,,,Team Totals,240,.536,.495,.473,.220,23.5,73.7,44.9,64.1,5.1,15.8,9.1,100.0,109.3,130.7,,
https://www.basketball-reference.com/boxscores/202202270IND.html,"5:00 PM, February 27, 2022",Indiana Pacers,Boston Celtics,128,107,IND,,,Team Totals,240,47,90,.522,17,33,.515,17,20,.850,10,39,49,25,7,5,14,23,128,,,Team Totals,240,.648,.617,.367,.222,26.3,76.5,55.1,53.2,7.2,10.4,12.4,100.0,130.7,109.3,,
https://www.basketball-reference.com/boxscores/202202270LAL.html,"10:00 PM, February 27, 2022",Los Angeles Lakers,New Orleans Pelicans,95,123,NOP,,,Team Totals,240,47,92,.511,13,30,.433,16,25,.640,12,39,51,29,16,3,15,19,123,,,Team Totals,240,.597,.582,.326,.272,27.9,84.8,57.3,61.7,15.2,6.0,12.7,100.0,116.8,90.2,,
https://www.basketball-reference.com/boxscores/202202270LAL.html,"10:00 PM, February 27, 2022",Los Angeles Lakers,New Orleans Pelicans,95,123,LAL,,,Team Totals,240,35,84,.417,7,34,.206,18,20,.900,7,31,38,15,8,7,23,18,95,,,Team Totals,240,.512,.458,.405,.238,15.2,72.1,42.7,42.9,7.6,11.3,19.9,100.0,90.2,116.8,,
https://www.basketball-reference.com/boxscores/202202270NYK.html,"1:00 PM, February 27, 2022",New York Knicks,Philadelphia 76ers,109,125,PHI,,,Team Totals,240,38,78,.487,10,33,.303,39,44,.886,5,38,43,28,13,5,10,26,125,,,Team Totals,240,.642,.551,.423,.564,12.5,76.0,47.8,73.7,12.7,9.6,9.3,100.0,121.8,106.2,,
https://www.basketball-reference.com/boxscores/202202270NYK.html,"1:00 PM, February 27, 2022",New York Knicks,Philadelphia 76ers,109,125,NYK,,,Team Totals,240,38,85,.447,11,33,.333,22,35,.629,12,35,47,21,6,2,18,24,109,,,Team Totals,240,.543,.512,.388,.412,24.0,87.5,52.2,55.3,5.8,4.4,15.2,100.0,106.2,121.8,,
https://www.basketball-reference.com/boxscores/202202270PHO.html,"3:30 PM, February 27, 2022",Phoenix Suns,Utah Jazz,114,118,UTA,,,Team Totals,240,44,94,.468,17,40,.425,13,20,.650,14,27,41,23,7,6,10,16,118,,,Team Totals,240,.574,.559,.426,.213,35.0,73.0,53.2,52.3,7.7,10.3,8.9,100.0,129.3,124.9,,
https://www.basketball-reference.com/boxscores/202202270PHO.html,"3:30 PM, February 27, 2022",Phoenix Suns,Utah Jazz,114,118,PHO,,,Team Totals,240,44,86,.512,13,28,.464,13,16,.813,10,26,36,24,7,5,9,19,114,,,Team Totals,240,.613,.587,.326,.186,27.0,65.0,46.8,54.5,7.7,9.3,8.8,100.0,124.9,129.3,,
https://www.basketball-reference.com/boxscores/202202270POR.html,"9:00 PM, February 27, 2022",Portland Trail Blazers,Denver Nuggets,92,124,DEN,,,Team Totals,240,44,86,.512,12,37,.324,24,31,.774,8,47,55,28,9,5,15,20,124,,,Team Totals,240,.622,.581,.430,.360,20.5,81.0,56.7,63.6,8.6,9.1,13.1,100.0,118.7,88.0,,
https://www.basketball-reference.com/boxscores/202202270POR.html,"9:00 PM, February 27, 2022",Portland Trail Blazers,Denver Nuggets,92,124,POR,,,Team Totals,240,34,91,.374,6,36,.167,18,26,.692,11,31,42,22,12,3,15,25,92,,,Team Totals,240,.449,.407,.396,.286,19.0,79.5,43.3,64.7,11.5,6.1,12.8,100.0,88.0,118.7,,
https://www.basketball-reference.com/boxscores/202202280BRK.html,"7:30 PM, February 28, 2022",Brooklyn Nets,Toronto Raptors,97,133,TOR,,,Team Totals,240,51,99,.515,18,38,.474,13,22,.591,16,31,47,35,17,5,13,20,133,,,Team Totals,240,.612,.606,.384,.222,34.0,68.9,51.1,68.6,16.6,9.8,10.7,100.0,130.2,95.0,,
https://www.basketball-reference.com/boxscores/202202280BRK.html,"7:30 PM, February 28, 2022",Brooklyn Nets,Toronto Raptors,97,133,BRK,,,Team Totals,240,33,86,.384,12,35,.343,19,24,.792,14,31,45,23,4,5,23,20,97,,,Team Totals,240,.502,.453,.407,.279,31.1,66.0,48.9,69.7,3.9,8.2,19.2,100.0,95.0,130.2,,
https://www.basketball-reference.com/boxscores/202202280CLE.html,"7:00 PM, February 28, 2022",Cleveland Cavaliers,Minnesota Timberwolves,122,127,MIN,,,Team Totals,240,47,86,.547,18,42,.429,15,19,.789,8,23,31,30,12,6,13,31,127,,,Team Totals,240,.673,.651,.488,.221,22.2,69.7,44.9,63.8,12.3,16.2,12.1,100.0,129.9,124.8,,
https://www.basketball-reference.com/boxscores/202202280CLE.html,"7:00 PM, February 28, 2022",Cleveland Cavaliers,Minnesota Timberwolves,122,127,CLE,,,Team Totals,240,39,74,.527,15,37,.405,29,34,.853,10,28,38,29,5,3,22,17,122,,,Team Totals,240,.686,.628,.500,.459,30.3,77.8,55.1,74.4,5.1,6.8,19.8,100.0,124.8,129.9,,
https://www.basketball-reference.com/boxscores/202202280MEM.html,"8:00 PM, February 28, 2022",Memphis Grizzlies,San Antonio Spurs,118,105,SAS,,,Team Totals,240,41,99,.414,9,32,.281,14,19,.737,12,26,38,30,13,3,9,18,105,,,Team Totals,240,.489,.460,.323,.192,22.2,66.7,40.9,73.2,12.9,4.8,7.7,100.0,104.1,117.0,,
https://www.basketball-reference.com/boxscores/202202280MEM.html,"8:00 PM, February 28, 2022",Memphis Grizzlies,San Antonio Spurs,118,105,MEM,,,Team Totals,240,48,89,.539,11,26,.423,11,19,.579,13,42,55,24,5,6,18,18,118,,,Team Totals,240,.606,.601,.292,.213,33.3,77.8,59.1,50.0,5.0,9.0,15.6,100.0,117.0,104.1,,
https://www.basketball-reference.com/boxscores/202202280MIA.html,"7:30 PM, February 28, 2022",Miami Heat,Chicago Bulls,112,99,CHI,,,Team Totals,240,41,84,.488,7,29,.241,10,15,.667,5,33,38,23,9,4,16,24,99,,,Team Totals,240,.546,.530,.345,.179,14.3,78.6,49.4,56.1,9.2,8.0,15.0,100.0,101.3,114.6,,
https://www.basketball-reference.com/boxscores/202202280MIA.html,"7:30 PM, February 28, 2022",Miami Heat,Chicago Bulls,112,99,MIA,,,Team Totals,240,40,81,.494,12,31,.387,20,26,.769,9,30,39,28,8,5,14,18,112,,,Team Totals,240,.606,.568,.383,.321,21.4,85.7,50.6,70.0,8.2,9.1,13.2,100.0,114.6,101.3,,
https://www.basketball-reference.com/boxscores/202202280MIL.html,"8:00 PM, February 28, 2022",Milwaukee Bucks,Charlotte Hornets,130,106,CHO,,,Team Totals,240,36,93,.387,14,39,.359,20,32,.625,9,31,40,22,6,1,9,27,106,,,Team Totals,240,.495,.462,.419,.344,16.7,64.6,39.2,61.1,5.9,2.2,7.8,100.0,103.9,127.4,,
https://www.basketball-reference.com/boxscores/202202280MIL.html,"8:00 PM, February 28, 2022",Milwaukee Bucks,Charlotte Hornets,130,106,MIL,,,Team Totals,240,40,91,.440,18,45,.400,32,37,.865,17,45,62,25,4,5,13,28,130,,,Team Totals,240,.606,.538,.495,.407,35.4,83.3,60.8,62.5,3.9,9.3,10.8,100.0,127.4,103.9,,
https://www.basketball-reference.com/boxscores/202202280OKC.html,"8:00 PM, February 28, 2022",Oklahoma City Thunder,Sacramento Kings,110,131,SAC,,,Team Totals,240,49,87,.563,10,31,.323,23,30,.767,11,35,46,30,10,6,17,25,131,,,Team Totals,240,.654,.621,.356,.345,26.2,83.3,54.8,61.2,9.5,11.8,14.5,100.0,124.2,104.3,,
https://www.basketball-reference.com/boxscores/202202280OKC.html,"8:00 PM, February 28, 2022",Oklahoma City Thunder,Sacramento Kings,110,131,OKC,,,Team Totals,240,40,86,.465,11,35,.314,19,27,.704,7,31,38,28,12,5,17,26,110,,,Team Totals,240,.562,.529,.407,.314,16.7,73.8,45.2,70.0,11.4,8.9,14.8,100.0,104.3,124.2,,
https://www.basketball-reference.com/boxscores/202202280ORL.html,"7:00 PM, February 28, 2022",Orlando Magic,Indiana Pacers,119,103,IND,,,Team Totals,240,35,72,.486,15,36,.417,18,25,.720,4,35,39,22,4,6,22,18,103,,,Team Totals,240,.620,.590,.500,.347,12.1,77.8,50.0,62.9,3.9,10.2,21.0,100.0,101.5,117.3,,
https://www.basketball-reference.com/boxscores/202202280ORL.html,"7:00 PM, February 28, 2022",Orlando Magic,Indiana Pacers,119,103,ORL,,,Team Totals,240,45,96,.469,12,37,.324,17,22,.773,10,29,39,29,10,2,11,19,119,,,Team Totals,240,.563,.531,.385,.229,22.2,87.9,50.0,64.4,9.9,5.6,9.4,100.0,117.3,101.5,,
https://www.basketball-reference.com/boxscores/202203010BOS.html,"7:30 PM, March 1, 2022",Boston Celtics,Atlanta Hawks,107,98,ATL,,,Team Totals,240,36,83,.434,7,31,.226,19,24,.792,5,32,37,15,8,4,10,20,98,,,Team Totals,240,.524,.476,.373,.289,12.2,74.4,44.0,41.7,8.5,8.3,9.7,100.0,103.7,113.2,,
https://www.basketball-reference.com/boxscores/202203010BOS.html,"7:30 PM, March 1, 2022",Boston Celtics,Atlanta Hawks,107,98,BOS,,,Team Totals,240,39,83,.470,11,35,.314,18,19,.947,11,36,47,27,4,8,14,20,107,,,Team Totals,240,.586,.536,.422,.229,25.6,87.8,56.0,69.2,4.2,15.4,13.3,100.0,113.2,103.7,,
https://www.basketball-reference.com/boxscores/202203010HOU.html,"8:00 PM, March 1, 2022",Houston Rockets,Los Angeles Clippers,100,113,LAC,,,Team Totals,240,42,96,.438,13,31,.419,16,17,.941,17,38,55,24,7,8,16,19,113,,,Team Totals,240,.546,.505,.323,.177,35.4,73.1,55.0,57.1,7.1,14.0,13.4,100.0,113.9,100.8,,
https://www.basketball-reference.com/boxscores/202203010HOU.html,"8:00 PM, March 1, 2022",Houston Rockets,Los Angeles Clippers,100,113,HOU,,,Team Totals,240,38,96,.396,13,39,.333,11,17,.647,14,31,45,21,8,6,14,18,100,,,Team Totals,240,.483,.464,.406,.177,26.9,64.6,45.0,55.3,8.1,9.2,11.9,100.0,100.8,113.9,,
https://www.basketball-reference.com/boxscores/202203010LAL.html,"10:00 PM, March 1, 2022",Los Angeles Lakers,Dallas Mavericks,104,109,DAL,,,Team Totals,240,41,82,.500,10,35,.286,17,27,.630,10,35,45,24,8,7,14,19,109,,,Team Totals,240,.581,.561,.427,.329,23.3,89.7,54.9,58.5,8.3,14.6,13.0,100.0,112.6,107.4,,
https://www.basketball-reference.com/boxscores/202203010LAL.html,"10:00 PM, March 1, 2022",Los Angeles Lakers,Dallas Mavericks,104,109,LAL,,,Team Totals,240,37,82,.451,14,34,.412,16,20,.800,4,33,37,22,8,6,12,20,104,,,Team Totals,240,.573,.537,.415,.244,10.3,76.7,45.1,59.5,8.3,12.8,11.7,100.0,107.4,112.6,,
https://www.basketball-reference.com/boxscores/202203010MIN.html,"8:00 PM, March 1, 2022",Minnesota Timberwolves,Golden State Warriors,129,114,GSW,,,Team Totals,240,41,90,.456,13,45,.289,19,22,.864,8,32,40,26,11,3,17,25,114,,,Team Totals,240,.572,.528,.500,.244,18.2,84.2,48.8,63.4,10.3,6.1,14.6,100.0,106.9,120.9,,
https://www.basketball-reference.com/boxscores/202203010MIN.html,"8:00 PM, March 1, 2022",Minnesota Timberwolves,Golden State Warriors,129,114,MIN,,,Team Totals,240,47,89,.528,16,40,.400,19,23,.826,6,36,42,27,10,2,16,20,129,,,Team Totals,240,.651,.618,.449,.258,15.8,81.8,51.2,57.4,9.4,4.4,13.9,100.0,120.9,106.9,,
https://www.basketball-reference.com/boxscores/202203010TOR.html,"7:30 PM, March 1, 2022",Toronto Raptors,Brooklyn Nets,109,108,BRK,,,Team Totals,240,42,84,.500,10,25,.400,14,19,.737,7,30,37,21,3,5,12,21,108,,,Team Totals,240,.585,.560,.298,.226,17.9,65.2,43.5,50.0,3.2,7.5,11.5,100.0,114.0,115.0,,
https://www.basketball-reference.com/boxscores/202203010TOR.html,"7:30 PM, March 1, 2022",Toronto Raptors,Brooklyn Nets,109,108,TOR,,,Team Totals,240,41,90,.456,7,23,.304,20,23,.870,16,32,48,27,5,2,13,19,109,,,Team Totals,240,.544,.494,.256,.256,34.8,82.1,56.5,65.9,5.3,3.4,11.5,100.0,115.0,114.0,,
https://www.basketball-reference.com/boxscores/202203010WAS.html,"7:00 PM, March 1, 2022",Washington Wizards,Detroit Pistons,116,113,DET,,,Team Totals,240,43,90,.478,8,27,.296,19,23,.826,14,29,43,23,9,3,12,21,113,,,Team Totals,240,.564,.522,.300,.256,31.8,70.7,50.6,53.5,9.5,5.4,10.7,100.0,119.1,122.3,,
https://www.basketball-reference.com/boxscores/202203010WAS.html,"7:00 PM, March 1, 2022",Washington Wizards,Detroit Pistons,116,113,WAS,,,Team Totals,240,41,82,.500,13,26,.500,21,26,.808,12,30,42,29,6,8,15,22,116,,,Team Totals,240,.621,.579,.317,.317,29.3,68.2,49.4,70.7,6.3,12.7,13.8,100.0,122.3,119.1,,
https://www.basketball-reference.com/boxscores/202203020CLE.html,"7:00 PM, March 2, 2022",Cleveland Cavaliers,Charlotte Hornets,98,119,CHO,,,Team Totals,240,43,85,.506,17,38,.447,16,22,.727,9,36,45,32,10,5,12,21,119,,,Team Totals,240,.628,.606,.447,.259,21.4,90.0,54.9,74.4,10.4,10.4,11.2,100.0,123.3,101.5,,
https://www.basketball-reference.com/boxscores/202203020CLE.html,"7:00 PM, March 2, 2022",Cleveland Cavaliers,Charlotte Hornets,98,119,CLE,,,Team Totals,240,37,79,.468,10,31,.323,14,21,.667,4,33,37,21,6,1,14,18,98,,,Team Totals,240,.555,.532,.392,.266,10.0,78.6,45.1,56.8,6.2,2.1,13.7,100.0,101.5,123.3,,
https://www.basketball-reference.com/boxscores/202203020DEN.html,"9:00 PM, March 2, 2022",Denver Nuggets,Oklahoma City Thunder,107,119,OKC,,,Team Totals,240,44,87,.506,16,29,.552,15,21,.714,9,41,50,24,11,6,15,15,119,,,Team Totals,240,.618,.598,.333,.241,19.6,80.4,51.5,54.5,10.8,13.6,13.5,100.0,116.8,105.1,,
https://www.basketball-reference.com/boxscores/202203020DEN.html,"9:00 PM, March 2, 2022",Denver Nuggets,Oklahoma City Thunder,107,119,DEN,,,Team Totals,240,40,90,.444,12,46,.261,15,17,.882,10,37,47,25,11,2,16,19,107,,,Team Totals,240,.549,.511,.511,.189,19.6,80.4,48.5,62.5,10.8,3.4,14.1,100.0,105.1,116.8,,
https://www.basketball-reference.com/boxscores/202203020HOU.html,"8:00 PM, March 2, 2022",Houston Rockets,Utah Jazz,127,132,UTA,,,Team Totals,265,50,91,.549,15,42,.357,17,24,.708,11,38,49,32,12,2,19,24,132,,,Team Totals,265,.650,.632,.462,.264,27.5,88.4,59.0,64.0,11.1,5.7,15.8,100.0,121.6,117.0,,
https://www.basketball-reference.com/boxscores/202203020HOU.html,"8:00 PM, March 2, 2022",Houston Rockets,Utah Jazz,127,132,HOU,,,Team Totals,265,43,86,.500,21,51,.412,20,30,.667,5,29,34,27,12,3,17,25,127,,,Team Totals,265,.640,.622,.593,.349,11.6,72.5,41.0,62.8,11.1,6.1,14.6,100.0,117.0,121.6,,
https://www.basketball-reference.com/boxscores/202203020MIL.html,"8:00 PM, March 2, 2022",Milwaukee Bucks,Miami Heat,120,119,MIA,,,Team Totals,240,44,97,.454,21,44,.477,10,12,.833,9,39,48,28,9,4,12,22,119,,,Team Totals,240,.582,.562,.454,.124,18.0,78.0,48.0,63.6,8.8,7.3,10.5,100.0,115.7,116.7,,
https://www.basketball-reference.com/boxscores/202203020MIL.html,"8:00 PM, March 2, 2022",Milwaukee Bucks,Miami Heat,120,119,MIL,,,Team Totals,240,41,91,.451,14,36,.389,24,27,.889,11,41,52,22,7,3,12,16,120,,,Team Totals,240,.583,.527,.396,.297,22.0,82.0,52.0,53.7,6.8,5.7,10.4,100.0,116.7,115.7,,
https://www.basketball-reference.com/boxscores/202203020NOP.html,"8:00 PM, March 2, 2022",New Orleans Pelicans,Sacramento Kings,125,95,SAC,,,Team Totals,240,35,89,.393,8,35,.229,17,25,.680,12,26,38,20,9,4,11,19,95,,,Team Totals,240,.475,.438,.393,.281,21.8,78.8,43.2,57.1,9.1,6.8,9.9,100.0,95.9,126.2,,
https://www.basketball-reference.com/boxscores/202203020NOP.html,"8:00 PM, March 2, 2022",New Orleans Pelicans,Sacramento Kings,125,95,NOP,,,Team Totals,240,52,88,.591,11,29,.379,10,12,.833,7,43,50,30,5,5,16,23,125,,,Team Totals,240,.670,.653,.330,.136,21.2,78.2,56.8,57.7,5.0,9.3,14.6,100.0,126.2,95.9,,
https://www.basketball-reference.com/boxscores/202203020ORL.html,"7:00 PM, March 2, 2022",Orlando Magic,Indiana Pacers,114,122,IND,,,Team Totals,265,41,94,.436,12,37,.324,28,35,.800,14,40,54,23,12,7,18,19,122,,,Team Totals,265,.558,.500,.394,.372,25.9,76.9,50.9,56.1,10.8,10.8,14.1,100.0,109.3,102.1,,
https://www.basketball-reference.com/boxscores/202203020ORL.html,"7:00 PM, March 2, 2022",Orlando Magic,Indiana Pacers,114,122,ORL,,,Team Totals,265,44,97,.454,10,32,.313,16,20,.800,12,40,52,22,12,5,20,28,114,,,Team Totals,265,.539,.505,.330,.206,23.1,74.1,49.1,50.0,10.8,8.8,15.9,100.0,102.1,109.3,,
https://www.basketball-reference.com/boxscores/202203020PHI.html,"7:30 PM, March 2, 2022",Philadelphia 76ers,New York Knicks,123,108,NYK,,,Team Totals,240,39,91,.429,8,28,.286,22,32,.688,10,30,40,20,9,3,10,25,108,,,Team Totals,240,.514,.473,.308,.352,20.8,85.7,48.2,51.3,9.0,7.7,8.7,100.0,108.6,123.7,,
https://www.basketball-reference.com/boxscores/202203020PHI.html,"7:30 PM, March 2, 2022",Philadelphia 76ers,New York Knicks,123,108,PHI,,,Team Totals,240,39,75,.520,17,36,.472,28,33,.848,5,38,43,24,2,8,14,25,123,,,Team Totals,240,.687,.633,.480,.440,14.3,79.2,51.8,61.5,2.0,12.7,13.5,100.0,123.7,108.6,,
https://www.basketball-reference.com/boxscores/202203020PHO.html,"10:00 PM, March 2, 2022",Phoenix Suns,Portland Trail Blazers,120,90,POR,,,Team Totals,240,30,78,.385,11,31,.355,19,25,.760,5,30,35,22,10,2,19,23,90,,,Team Totals,240,.506,.455,.397,.321,11.4,81.1,43.2,73.3,9.9,4.5,17.6,100.0,89.3,119.1,,
https://www.basketball-reference.com/boxscores/202203020PHO.html,"10:00 PM, March 2, 2022",Phoenix Suns,Portland Trail Blazers,120,90,PHO,,,Team Totals,240,40,80,.500,14,36,.389,26,31,.839,7,39,46,32,14,6,16,21,120,,,Team Totals,240,.641,.588,.450,.388,18.9,88.6,56.8,80.0,13.9,12.8,14.6,100.0,119.1,89.3,,
https://www.basketball-reference.com/boxscores/202203030ATL.html,"7:00 PM, March 3, 2022",Atlanta Hawks,Chicago Bulls,130,124,CHI,,,Team Totals,240,52,88,.591,14,26,.538,6,7,.857,5,27,32,30,5,2,14,19,124,,,Team Totals,240,.681,.670,.295,.080,16.7,77.1,49.2,57.7,5.3,4.5,13.3,100.0,130.7,137.0,,
https://www.basketball-reference.com/boxscores/202203030ATL.html,"7:00 PM, March 3, 2022",Atlanta Hawks,Chicago Bulls,130,124,ATL,,,Team Totals,240,44,84,.524,18,40,.450,24,28,.857,8,25,33,26,7,3,6,15,130,,,Team Totals,240,.675,.631,.476,.333,22.9,83.3,50.8,59.1,7.4,4.8,5.9,100.0,137.0,130.7,,
https://www.basketball-reference.com/boxscores/202203030BOS.html,"7:30 PM, March 3, 2022",Boston Celtics,Memphis Grizzlies,120,107,MEM,,,Team Totals,240,42,99,.424,13,40,.325,10,13,.769,17,27,44,24,10,4,7,16,107,,,Team Totals,240,.511,.490,.404,.131,32.1,64.3,46.3,57.1,10.9,7.7,6.3,100.0,116.2,130.3,,
https://www.basketball-reference.com/boxscores/202203030BOS.html,"7:30 PM, March 3, 2022",Boston Celtics,Memphis Grizzlies,120,107,BOS,,,Team Totals,240,46,89,.517,16,37,.432,12,15,.800,15,36,51,33,4,7,14,15,120,,,Team Totals,240,.628,.607,.416,.169,35.7,67.9,53.7,71.7,4.3,11.9,12.8,100.0,130.3,116.2,,
https://www.basketball-reference.com/boxscores/202203030BRK.html,"7:30 PM, March 3, 2022",Brooklyn Nets,Miami Heat,107,113,MIA,,,Team Totals,240,40,77,.519,10,30,.333,23,28,.821,5,30,35,27,8,6,15,22,113,,,Team Totals,240,.633,.584,.390,.364,17.9,81.1,53.8,67.5,8.3,11.5,14.4,100.0,117.7,111.4,,
https://www.basketball-reference.com/boxscores/202203030BRK.html,"7:30 PM, March 3, 2022",Brooklyn Nets,Miami Heat,107,113,BRK,,,Team Totals,240,39,83,.470,12,31,.387,17,22,.773,7,23,30,24,5,5,13,24,107,,,Team Totals,240,.577,.542,.373,.265,18.9,82.1,46.2,61.5,5.2,10.6,12.3,100.0,111.4,117.7,,
https://www.basketball-reference.com/boxscores/202203030DAL.html,"8:30 PM, March 3, 2022",Dallas Mavericks,Golden State Warriors,122,113,GSW,,,Team Totals,240,44,81,.543,15,30,.500,10,13,.769,10,27,37,26,7,5,15,19,113,,,Team Totals,240,.652,.636,.370,.160,29.4,77.1,53.6,59.1,7.7,10.4,14.7,100.0,123.7,133.5,,
https://www.basketball-reference.com/boxscores/202203030DAL.html,"8:30 PM, March 3, 2022",Dallas Mavericks,Golden State Warriors,122,113,DAL,,,Team Totals,240,45,85,.529,17,37,.459,15,20,.750,8,24,32,29,7,1,10,16,122,,,Team Totals,240,.650,.629,.435,.235,22.9,70.6,46.4,64.4,7.7,2.0,9.6,100.0,133.5,123.7,,
https://www.basketball-reference.com/boxscores/202203030LAC.html,"10:00 PM, March 3, 2022",Los Angeles Clippers,Los Angeles Lakers,132,111,LAL,,,Team Totals,240,41,84,.488,12,35,.343,17,22,.773,9,27,36,26,8,4,14,17,111,,,Team Totals,240,.592,.560,.417,.262,21.4,67.5,43.9,63.4,8.3,6.1,13.0,100.0,114.8,136.6,,
https://www.basketball-reference.com/boxscores/202203030LAC.html,"10:00 PM, March 3, 2022",Los Angeles Clippers,Los Angeles Lakers,132,111,LAC,,,Team Totals,240,51,93,.548,17,27,.630,13,15,.867,13,33,46,32,10,3,12,22,132,,,Team Totals,240,.663,.640,.290,.161,32.5,78.6,56.1,62.7,10.3,6.1,10.8,100.0,136.6,114.8,,
https://www.basketball-reference.com/boxscores/202203030SAS.html,"8:30 PM, March 3, 2022",San Antonio Spurs,Sacramento Kings,112,115,SAC,,,Team Totals,240,39,85,.459,10,32,.313,27,32,.844,9,40,49,26,6,2,14,13,115,,,Team Totals,240,.580,.518,.376,.376,20.9,87.0,55.1,66.7,5.8,3.3,12.4,100.0,112.0,109.1,,
https://www.basketball-reference.com/boxscores/202203030SAS.html,"8:30 PM, March 3, 2022",San Antonio Spurs,Sacramento Kings,112,115,SAS,,,Team Totals,240,46,93,.495,12,32,.375,8,16,.500,6,34,40,28,8,5,11,24,112,,,Team Totals,240,.560,.559,.344,.172,13.0,79.1,44.9,60.9,7.8,9.4,9.9,100.0,109.1,112.0,,
https://www.basketball-reference.com/boxscores/202203030TOR.html,"7:30 PM, March 3, 2022",Toronto Raptors,Detroit Pistons,106,108,DET,,,Team Totals,240,38,84,.452,11,37,.297,21,28,.750,11,31,42,25,4,5,10,29,108,,,Team Totals,240,.561,.518,.440,.333,28.9,68.9,50.6,65.8,4.4,8.8,9.4,100.0,118.2,116.0,,
https://www.basketball-reference.com/boxscores/202203030TOR.html,"7:30 PM, March 3, 2022",Toronto Raptors,Detroit Pistons,106,108,TOR,,,Team Totals,240,36,83,.434,7,26,.269,27,36,.750,14,27,41,12,5,4,10,22,106,,,Team Totals,240,.536,.476,.313,.434,31.1,71.1,49.4,33.3,5.5,8.5,9.2,100.0,116.0,118.2,,
https://www.basketball-reference.com/boxscores/202203040CHI.html,"7:30 PM, March 4, 2022",Chicago Bulls,Milwaukee Bucks,112,118,MIL,,,Team Totals,240,43,88,.489,10,31,.323,22,33,.667,12,38,50,20,5,5,14,18,118,,,Team Totals,240,.575,.545,.352,.375,25.5,88.4,55.6,46.5,4.8,7.4,12.0,100.0,113.8,108.0,,
https://www.basketball-reference.com/boxscores/202203040CHI.html,"7:30 PM, March 4, 2022",Chicago Bulls,Milwaukee Bucks,112,118,CHI,,,Team Totals,240,47,94,.500,10,26,.385,8,11,.727,5,35,40,25,5,2,12,23,112,,,Team Totals,240,.567,.553,.277,.117,11.6,74.5,44.4,53.2,4.8,3.5,10.8,100.0,108.0,113.8,,
https://www.basketball-reference.com/boxscores/202203040DEN.html,"9:00 PM, March 4, 2022",Denver Nuggets,Houston Rockets,116,101,HOU,,,Team Totals,240,38,83,.458,10,36,.278,15,22,.682,9,35,44,25,4,3,15,21,101,,,Team Totals,240,.545,.518,.434,.265,22.5,77.8,51.8,65.8,4.1,5.7,13.9,100.0,104.6,120.1,,
https://www.basketball-reference.com/boxscores/202203040DEN.html,"9:00 PM, March 4, 2022",Denver Nuggets,Houston Rockets,116,101,DEN,,,Team Totals,240,39,86,.453,13,33,.394,25,31,.806,10,31,41,27,10,4,10,21,116,,,Team Totals,240,.582,.529,.384,.360,22.2,77.5,48.2,69.2,10.4,8.5,9.1,100.0,120.1,104.6,,
https://www.basketball-reference.com/boxscores/202203040DET.html,"7:00 PM, March 4, 2022",Detroit Pistons,Indiana Pacers,111,106,IND,,,Team Totals,240,39,100,.390,10,40,.250,18,28,.643,21,34,55,24,4,9,14,16,106,,,Team Totals,240,.472,.440,.400,.280,38.9,64.2,51.4,61.5,4.1,14.1,11.1,100.0,109.2,114.4,,
https://www.basketball-reference.com/boxscores/202203040DET.html,"7:00 PM, March 4, 2022",Detroit Pistons,Indiana Pacers,111,106,DET,,,Team Totals,240,42,94,.447,15,30,.500,12,18,.667,19,33,52,28,5,9,13,22,111,,,Team Totals,240,.545,.527,.319,.191,35.8,61.1,48.6,66.7,5.2,15.0,11.3,100.0,114.4,109.2,,
https://www.basketball-reference.com/boxscores/202203040NOP.html,"8:00 PM, March 4, 2022",New Orleans Pelicans,Utah Jazz,124,90,UTA,,,Team Totals,240,31,89,.348,11,41,.268,17,26,.654,22,30,52,15,7,2,21,14,90,,,Team Totals,240,.448,.410,.461,.292,37.3,66.7,50.0,48.4,7.2,3.3,17.3,100.0,92.2,127.0,,
https://www.basketball-reference.com/boxscores/202203040NOP.html,"8:00 PM, March 4, 2022",New Orleans Pelicans,Utah Jazz,124,90,NOP,,,Team Totals,240,50,97,.515,11,36,.306,13,17,.765,15,37,52,29,11,5,11,23,124,,,Team Totals,240,.593,.572,.371,.175,33.3,62.7,50.0,58.0,11.3,10.4,9.5,100.0,127.0,92.2,,
https://www.basketball-reference.com/boxscores/202203040OKC.html,"8:00 PM, March 4, 2022",Oklahoma City Thunder,Minnesota Timberwolves,101,138,MIN,,,Team Totals,240,49,91,.538,22,47,.468,18,23,.783,7,34,41,35,17,7,18,17,138,,,Team Totals,240,.682,.659,.516,.253,18.4,81.0,51.3,71.4,15.6,13.7,15.1,100.0,127.0,92.9,,
https://www.basketball-reference.com/boxscores/202203040OKC.html,"8:00 PM, March 4, 2022",Oklahoma City Thunder,Minnesota Timberwolves,101,138,OKC,,,Team Totals,240,37,86,.430,9,35,.257,18,21,.857,8,31,39,19,12,4,23,16,101,,,Team Totals,240,.530,.483,.407,.244,19.0,81.6,48.8,51.4,11.0,9.1,19.5,100.0,92.9,127.0,,
https://www.basketball-reference.com/boxscores/202203040PHI.html,"7:00 PM, March 4, 2022",Philadelphia 76ers,Cleveland Cavaliers,125,119,CLE,,,Team Totals,240,44,82,.537,10,28,.357,21,24,.875,10,31,41,30,5,4,12,22,119,,,Team Totals,240,.643,.598,.341,.293,27.0,91.2,57.7,68.2,5.3,9.5,11.5,100.0,125.8,132.1,,
https://www.basketball-reference.com/boxscores/202203040PHI.html,"7:00 PM, March 4, 2022",Philadelphia 76ers,Cleveland Cavaliers,125,119,PHI,,,Team Totals,240,41,75,.547,14,33,.424,29,32,.906,3,27,30,23,8,3,12,24,125,,,Team Totals,240,.702,.640,.440,.427,8.8,73.0,42.3,56.1,8.5,5.6,11.9,100.0,132.1,125.8,,
https://www.basketball-reference.com/boxscores/202203040PHO.html,"10:00 PM, March 4, 2022",Phoenix Suns,New York Knicks,115,114,NYK,,,Team Totals,240,40,86,.465,13,29,.448,21,30,.700,12,37,49,23,7,5,14,22,114,,,Team Totals,240,.575,.541,.337,.349,28.6,92.5,59.8,57.5,7.0,9.8,12.4,100.0,114.0,115.0,,
https://www.basketball-reference.com/boxscores/202203040PHO.html,"10:00 PM, March 4, 2022",Phoenix Suns,New York Knicks,115,114,PHO,,,Team Totals,240,38,85,.447,17,34,.500,22,27,.815,3,30,33,28,7,3,10,22,115,,,Team Totals,240,.594,.547,.400,.318,7.5,71.4,40.2,73.7,7.0,5.3,9.4,100.0,115.0,114.0,,
https://www.basketball-reference.com/boxscores/202203040TOR.html,"7:30 PM, March 4, 2022",Toronto Raptors,Orlando Magic,97,103,ORL,,,Team Totals,240,36,95,.379,11,37,.297,20,21,.952,12,43,55,24,5,4,11,18,103,,,Team Totals,240,.494,.437,.389,.221,22.2,78.2,50.5,66.7,5.0,7.1,9.5,100.0,103.5,97.4,,
https://www.basketball-reference.com/boxscores/202203040TOR.html,"7:30 PM, March 4, 2022",Toronto Raptors,Orlando Magic,97,103,TOR,,,Team Totals,240,37,93,.398,12,37,.324,11,17,.647,12,42,54,22,2,8,12,18,97,,,Team Totals,240,.483,.462,.398,.183,21.8,77.8,49.5,59.5,2.0,13.8,10.7,100.0,97.4,103.5,,
https://www.basketball-reference.com/boxscores/202203040WAS.html,"7:00 PM, March 4, 2022",Washington Wizards,Atlanta Hawks,114,117,ATL,,,Team Totals,240,38,91,.418,13,36,.361,28,34,.824,13,26,39,18,6,5,4,16,117,,,Team Totals,240,.552,.489,.396,.374,27.7,78.8,48.8,47.4,6.4,8.9,3.6,100.0,125.4,122.1,,
https://www.basketball-reference.com/boxscores/202203040WAS.html,"7:00 PM, March 4, 2022",Washington Wizards,Atlanta Hawks,114,117,WAS,,,Team Totals,240,46,85,.541,14,29,.483,8,9,.889,7,34,41,37,2,7,14,29,114,,,Team Totals,240,.641,.624,.341,.106,21.2,72.3,51.3,80.4,2.1,12.7,13.6,100.0,122.1,125.4,,
https://www.basketball-reference.com/boxscores/202203050CHO.html,"7:00 PM, March 5, 2022",Charlotte Hornets,San Antonio Spurs,123,117,SAS,,,Team Totals,240,45,98,.459,11,37,.297,16,20,.800,13,38,51,28,7,6,10,18,117,,,Team Totals,240,.548,.515,.378,.204,25.0,77.6,50.5,62.2,6.9,12.2,8.6,100.0,116.0,122.0,,
https://www.basketball-reference.com/boxscores/202203050CHO.html,"7:00 PM, March 5, 2022",Charlotte Hornets,San Antonio Spurs,123,117,CHO,,,Team Totals,240,42,91,.462,16,42,.381,23,29,.793,11,39,50,29,8,5,9,16,123,,,Team Totals,240,.593,.549,.462,.319,22.4,75.0,49.5,69.0,7.9,8.2,8.0,100.0,122.0,116.0,,
https://www.basketball-reference.com/boxscores/202203050DAL.html,"5:00 PM, March 5, 2022",Dallas Mavericks,Sacramento Kings,114,113,SAC,,,Team Totals,240,46,94,.489,9,25,.360,12,18,.667,10,35,45,24,5,1,16,28,113,,,Team Totals,240,.554,.537,.266,.191,25.6,77.8,53.6,52.2,5.0,2.1,13.6,100.0,113.9,114.9,,
https://www.basketball-reference.com/boxscores/202203050DAL.html,"5:00 PM, March 5, 2022",Dallas Mavericks,Sacramento Kings,114,113,DAL,,,Team Totals,240,40,84,.476,14,36,.389,20,27,.741,10,29,39,22,7,2,10,22,114,,,Team Totals,240,.594,.560,.429,.321,22.2,74.4,46.4,55.0,7.1,2.9,9.4,100.0,114.9,113.9,,
https://www.basketball-reference.com/boxscores/202203050LAL.html,"8:30 PM, March 5, 2022",Los Angeles Lakers,Golden State Warriors,124,116,GSW,,,Team Totals,240,46,92,.500,15,34,.441,9,19,.474,10,31,41,22,11,4,16,20,116,,,Team Totals,240,.578,.582,.370,.207,22.2,72.1,46.6,47.8,10.5,8.3,13.8,100.0,111.2,118.9,,
https://www.basketball-reference.com/boxscores/202203050LAL.html,"8:30 PM, March 5, 2022",Los Angeles Lakers,Golden State Warriors,124,116,LAL,,,Team Totals,240,44,89,.494,18,41,.439,18,21,.857,12,35,47,25,10,6,20,18,124,,,Team Totals,240,.631,.596,.461,.236,27.9,77.8,53.4,56.8,9.6,10.3,16.9,100.0,118.9,111.2,,
https://www.basketball-reference.com/boxscores/202203050MEM.html,"8:00 PM, March 5, 2022",Memphis Grizzlies,Orlando Magic,124,96,ORL,,,Team Totals,240,37,86,.430,11,35,.314,11,16,.688,1,40,41,25,7,5,12,20,96,,,Team Totals,240,.516,.494,.407,.186,2.0,87.0,42.7,67.6,6.7,8.6,11.4,100.0,92.4,119.4,,
https://www.basketball-reference.com/boxscores/202203050MEM.html,"8:00 PM, March 5, 2022",Memphis Grizzlies,Orlando Magic,124,96,MEM,,,Team Totals,240,46,92,.500,14,34,.412,18,27,.667,6,49,55,25,7,4,8,14,124,,,Team Totals,240,.597,.576,.370,.293,13.0,98.0,57.3,54.3,6.7,7.8,7.2,100.0,119.4,92.4,,
https://www.basketball-reference.com/boxscores/202203050MIA.html,"8:00 PM, March 5, 2022",Miami Heat,Philadelphia 76ers,99,82,PHI,,,Team Totals,240,28,82,.341,7,41,.171,19,23,.826,13,28,41,13,9,4,12,17,82,,,Team Totals,240,.445,.384,.500,.280,28.9,82.4,51.9,46.4,10.4,9.1,11.5,100.0,94.7,114.4,,
https://www.basketball-reference.com/boxscores/202203050MIA.html,"8:00 PM, March 5, 2022",Miami Heat,Philadelphia 76ers,99,82,MIA,,,Team Totals,240,35,72,.486,13,28,.464,16,19,.842,6,32,38,20,6,3,14,19,99,,,Team Totals,240,.616,.576,.389,.264,17.6,71.1,48.1,57.1,6.9,7.3,14.8,100.0,114.4,94.7,,
https://www.basketball-reference.com/boxscores/202203050MIN.html,"8:00 PM, March 5, 2022",Minnesota Timberwolves,Portland Trail Blazers,135,121,POR,,,Team Totals,240,40,85,.471,16,38,.421,25,30,.833,11,30,41,24,5,1,16,23,121,,,Team Totals,240,.616,.565,.447,.353,25.0,76.9,49.4,60.0,5.0,2.1,14.0,100.0,121.3,135.4,,
https://www.basketball-reference.com/boxscores/202203050MIN.html,"8:00 PM, March 5, 2022",Minnesota Timberwolves,Portland Trail Blazers,135,121,MIN,,,Team Totals,240,48,85,.565,15,37,.405,24,29,.828,9,33,42,36,10,7,11,21,135,,,Team Totals,240,.690,.653,.435,.341,23.1,75.0,50.6,75.0,10.0,14.9,10.1,100.0,135.4,121.3,,
https://www.basketball-reference.com/boxscores/202203060BOS.html,"1:00 PM, March 6, 2022",Boston Celtics,Brooklyn Nets,126,120,BRK,,,Team Totals,240,45,89,.506,12,27,.444,18,20,.900,12,33,45,24,6,4,16,26,120,,,Team Totals,240,.613,.573,.303,.225,30.8,76.7,54.9,53.3,6.1,8.5,14.1,100.0,122.4,128.6,,
https://www.basketball-reference.com/boxscores/202203060BOS.html,"1:00 PM, March 6, 2022",Boston Celtics,Brooklyn Nets,126,120,BOS,,,Team Totals,240,40,83,.482,17,36,.472,29,38,.763,10,27,37,25,9,7,10,19,126,,,Team Totals,240,.632,.584,.434,.458,23.3,69.2,45.1,62.5,9.2,11.3,9.1,100.0,128.6,122.4,,
https://www.basketball-reference.com/boxscores/202203060CLE.html,"7:30 PM, March 6, 2022",Cleveland Cavaliers,Toronto Raptors,104,96,TOR,,,Team Totals,240,37,94,.394,6,24,.250,16,26,.615,14,31,45,17,13,3,7,20,96,,,Team Totals,240,.455,.426,.255,.277,24.6,67.4,43.7,45.9,13.4,6.1,6.2,100.0,99.2,107.5,,
https://www.basketball-reference.com/boxscores/202203060CLE.html,"7:30 PM, March 6, 2022",Cleveland Cavaliers,Toronto Raptors,104,96,CLE,,,Team Totals,240,39,85,.459,11,36,.306,15,23,.652,15,43,58,24,5,7,19,22,104,,,Team Totals,240,.547,.524,.424,.271,32.6,75.4,56.3,61.5,5.2,10.0,16.6,100.0,107.5,99.2,,
https://www.basketball-reference.com/boxscores/202203060DEN.html,"8:00 PM, March 6, 2022",Denver Nuggets,New Orleans Pelicans,138,130,NOP,,,Team Totals,265,48,101,.475,14,33,.424,20,29,.690,14,35,49,30,9,4,14,30,130,,,Team Totals,265,.571,.545,.327,.287,27.5,77.8,51.0,62.5,8.2,7.4,11.0,100.0,117.8,125.0,,
https://www.basketball-reference.com/boxscores/202203060DEN.html,"8:00 PM, March 6, 2022",Denver Nuggets,New Orleans Pelicans,138,130,DEN,,,Team Totals,265,47,87,.540,10,33,.303,34,43,.791,10,37,47,32,7,8,15,26,138,,,Team Totals,265,.651,.598,.379,.494,22.2,72.5,49.0,68.1,6.3,11.8,12.4,100.0,125.0,117.8,,
https://www.basketball-reference.com/boxscores/202203060HOU.html,"7:00 PM, March 6, 2022",Houston Rockets,Memphis Grizzlies,123,112,MEM,,,Team Totals,240,44,97,.454,5,26,.192,19,27,.704,12,28,40,27,12,8,11,27,112,,,Team Totals,240,.514,.479,.268,.278,24.5,77.8,47.1,61.4,11.5,16.7,9.2,100.0,107.2,117.7,,
https://www.basketball-reference.com/boxscores/202203060HOU.html,"7:00 PM, March 6, 2022",Houston Rockets,Memphis Grizzlies,123,112,HOU,,,Team Totals,240,43,82,.524,13,34,.382,24,36,.667,8,37,45,23,4,5,17,22,123,,,Team Totals,240,.629,.604,.415,.439,22.2,75.5,52.9,53.5,3.8,7.0,14.8,100.0,117.7,107.2,,
https://www.basketball-reference.com/boxscores/202203060LAC.html,"10:00 PM, March 6, 2022",Los Angeles Clippers,New York Knicks,93,116,NYK,,,Team Totals,240,42,89,.472,13,29,.448,19,30,.633,15,42,57,19,4,5,10,18,116,,,Team Totals,240,.568,.545,.326,.337,30.6,82.4,57.0,45.2,4.2,9.3,8.9,100.0,120.8,96.9,,
https://www.basketball-reference.com/boxscores/202203060LAC.html,"10:00 PM, March 6, 2022",Los Angeles Clippers,New York Knicks,93,116,LAC,,,Team Totals,240,33,88,.375,11,34,.324,16,22,.727,9,34,43,17,2,5,10,23,93,,,Team Totals,240,.476,.438,.386,.250,17.6,69.4,43.0,51.5,2.1,8.3,9.3,100.0,96.9,120.8,,
https://www.basketball-reference.com/boxscores/202203060MIL.html,"3:30 PM, March 6, 2022",Milwaukee Bucks,Phoenix Suns,132,122,PHO,,,Team Totals,240,50,93,.538,14,31,.452,8,11,.727,6,21,27,33,8,4,11,20,122,,,Team Totals,240,.623,.613,.333,.118,15.0,60.0,36.0,66.0,8.1,7.3,10.1,100.0,123.2,133.3,,
https://www.basketball-reference.com/boxscores/202203060MIL.html,"3:30 PM, March 6, 2022",Milwaukee Bucks,Phoenix Suns,132,122,MIL,,,Team Totals,240,47,87,.540,15,32,.469,23,29,.793,14,34,48,31,9,6,15,19,132,,,Team Totals,240,.662,.626,.368,.333,40.0,85.0,64.0,66.0,9.1,9.7,13.1,100.0,133.3,123.2,,
https://www.basketball-reference.com/boxscores/202203060OKC.html,"7:00 PM, March 6, 2022",Oklahoma City Thunder,Utah Jazz,103,116,UTA,,,Team Totals,240,40,89,.449,23,52,.442,13,17,.765,11,37,48,27,4,4,11,21,116,,,Team Totals,240,.601,.579,.584,.191,23.4,77.1,50.5,67.5,4.2,7.7,10.2,100.0,122.7,108.9,,
https://www.basketball-reference.com/boxscores/202203060OKC.html,"7:00 PM, March 6, 2022",Oklahoma City Thunder,Utah Jazz,103,116,OKC,,,Team Totals,240,39,92,.424,8,40,.200,17,19,.895,11,36,47,20,11,9,8,19,103,,,Team Totals,240,.513,.467,.435,.207,22.9,76.6,49.5,51.3,11.6,24.3,7.4,100.0,108.9,122.7,,
https://www.basketball-reference.com/boxscores/202203060WAS.html,"6:00 PM, March 6, 2022",Washington Wizards,Indiana Pacers,133,123,IND,,,Team Totals,240,44,85,.518,10,31,.323,25,29,.862,7,35,42,28,3,5,10,22,123,,,Team Totals,240,.629,.576,.365,.341,18.4,87.5,53.8,63.6,3.0,11.4,9.3,100.0,124.3,134.5,,
https://www.basketball-reference.com/boxscores/202203060WAS.html,"6:00 PM, March 6, 2022",Washington Wizards,Indiana Pacers,133,123,WAS,,,Team Totals,240,45,86,.523,17,42,.405,26,32,.813,5,31,36,33,6,4,6,16,133,,,Team Totals,240,.664,.622,.488,.372,12.5,81.6,46.2,73.3,6.1,7.4,5.7,100.0,134.5,124.3,,
https://www.basketball-reference.com/boxscores/202203070DAL.html,"8:30 PM, March 7, 2022",Dallas Mavericks,Utah Jazz,111,103,UTA,,,Team Totals,240,36,83,.434,12,31,.387,19,24,.792,12,33,45,22,5,6,14,20,103,,,Team Totals,240,.550,.506,.373,.289,26.1,78.6,51.1,61.1,5.3,14.3,13.0,100.0,110.0,118.6,,
https://www.basketball-reference.com/boxscores/202203070DAL.html,"8:30 PM, March 7, 2022",Dallas Mavericks,Utah Jazz,111,103,DAL,,,Team Totals,240,39,88,.443,17,46,.370,16,20,.800,9,34,43,19,9,5,9,21,111,,,Team Totals,240,.573,.540,.523,.227,21.4,73.9,48.9,48.7,9.6,9.6,8.5,100.0,118.6,110.0,,
https://www.basketball-reference.com/boxscores/202203070DEN.html,"9:00 PM, March 7, 2022",Denver Nuggets,Golden State Warriors,131,124,GSW,,,Team Totals,240,45,88,.511,17,40,.425,17,23,.739,9,32,41,29,5,0,14,30,124,,,Team Totals,240,.632,.608,.455,.261,20.9,82.1,50.0,64.4,4.9,0.0,12.5,100.0,121.8,128.6,,
https://www.basketball-reference.com/boxscores/202203070DEN.html,"9:00 PM, March 7, 2022",Denver Nuggets,Golden State Warriors,131,124,DEN,,,Team Totals,240,46,84,.548,10,32,.313,29,41,.707,7,34,41,39,8,5,9,25,131,,,Team Totals,240,.642,.607,.381,.488,17.9,79.1,50.0,84.8,7.9,10.4,8.1,100.0,128.6,121.8,,
https://www.basketball-reference.com/boxscores/202203070DET.html,"7:00 PM, March 7, 2022",Detroit Pistons,Atlanta Hawks,113,110,ATL,,,Team Totals,265,42,93,.452,11,38,.289,15,22,.682,13,35,48,28,3,6,14,25,110,,,Team Totals,265,.536,.511,.409,.237,28.9,70.0,50.5,66.7,3.0,10.0,12.0,100.0,109.9,112.9,,
https://www.basketball-reference.com/boxscores/202203070DET.html,"7:00 PM, March 7, 2022",Detroit Pistons,Atlanta Hawks,113,110,DET,,,Team Totals,265,43,93,.462,12,33,.364,15,23,.652,15,32,47,27,7,2,14,27,113,,,Team Totals,265,.548,.527,.355,.247,30.0,71.1,49.5,62.8,7.0,3.6,12.0,100.0,112.9,109.9,,
https://www.basketball-reference.com/boxscores/202203070MIA.html,"7:30 PM, March 7, 2022",Miami Heat,Houston Rockets,123,106,HOU,,,Team Totals,240,39,88,.443,13,43,.302,15,22,.682,9,24,33,22,8,7,11,24,106,,,Team Totals,240,.543,.517,.489,.250,19.6,64.9,39.8,56.4,8.3,11.7,10.1,100.0,109.6,127.2,,
https://www.basketball-reference.com/boxscores/202203070MIA.html,"7:30 PM, March 7, 2022",Miami Heat,Houston Rockets,123,106,MIA,,,Team Totals,240,49,91,.538,14,31,.452,11,14,.786,13,37,50,26,3,4,15,17,123,,,Team Totals,240,.633,.615,.341,.154,35.1,80.4,60.2,53.1,3.1,8.9,13.4,100.0,127.2,109.6,,
https://www.basketball-reference.com/boxscores/202203070MIN.html,"8:00 PM, March 7, 2022",Minnesota Timberwolves,Portland Trail Blazers,124,81,POR,,,Team Totals,240,23,83,.277,7,28,.250,28,38,.737,8,34,42,11,10,5,18,30,81,,,Team Totals,240,.406,.319,.337,.458,14.3,64.2,38.5,47.8,9.2,10.2,15.3,100.0,74.3,113.8,,
https://www.basketball-reference.com/boxscores/202203070MIN.html,"8:00 PM, March 7, 2022",Minnesota Timberwolves,Portland Trail Blazers,124,81,MIN,,,Team Totals,240,38,92,.413,13,43,.302,35,44,.795,19,48,67,21,10,9,22,25,124,,,Team Totals,240,.557,.484,.467,.478,35.8,85.7,61.5,55.3,9.2,16.4,16.5,100.0,113.8,74.3,,
https://www.basketball-reference.com/boxscores/202203070PHI.html,"7:00 PM, March 7, 2022",Philadelphia 76ers,Chicago Bulls,121,106,CHI,,,Team Totals,240,39,87,.448,8,24,.333,20,26,.769,14,34,48,22,5,4,13,24,106,,,Team Totals,240,.538,.494,.276,.299,31.8,81.0,55.8,56.4,5.2,7.4,11.7,100.0,109.9,125.5,,
https://www.basketball-reference.com/boxscores/202203070PHI.html,"7:00 PM, March 7, 2022",Philadelphia 76ers,Chicago Bulls,121,106,PHI,,,Team Totals,240,41,84,.488,12,30,.400,27,34,.794,8,30,38,29,5,5,10,19,121,,,Team Totals,240,.611,.560,.357,.405,19.0,68.2,44.2,70.7,5.2,7.9,9.2,100.0,125.5,109.9,,
https://www.basketball-reference.com/boxscores/202203070SAC.html,"10:30 PM, March 7, 2022",Sacramento Kings,New York Knicks,115,131,NYK,,,Team Totals,240,47,92,.511,18,42,.429,19,23,.826,9,38,47,19,7,6,9,31,131,,,Team Totals,240,.641,.609,.457,.250,20.0,90.5,54.0,40.4,6.9,12.5,8.1,100.0,129.2,113.4,,
https://www.basketball-reference.com/boxscores/202203070SAC.html,"10:30 PM, March 7, 2022",Sacramento Kings,New York Knicks,115,131,SAC,,,Team Totals,240,39,80,.488,11,32,.344,26,36,.722,4,36,40,23,4,2,12,16,115,,,Team Totals,240,.600,.556,.400,.450,9.5,80.0,46.0,59.0,3.9,4.0,11.1,100.0,113.4,129.2,,
https://www.basketball-reference.com/boxscores/202203070SAS.html,"8:30 PM, March 7, 2022",San Antonio Spurs,Los Angeles Lakers,117,110,LAL,,,Team Totals,240,43,91,.473,8,26,.308,16,23,.696,12,31,43,19,7,3,15,26,110,,,Team Totals,240,.544,.516,.286,.253,25.5,72.1,47.8,44.2,6.8,5.2,12.9,100.0,107.5,114.3,,
https://www.basketball-reference.com/boxscores/202203070SAS.html,"8:30 PM, March 7, 2022",San Antonio Spurs,Los Angeles Lakers,117,110,SAS,,,Team Totals,240,46,84,.548,9,26,.346,16,30,.533,12,35,47,28,6,7,18,18,117,,,Team Totals,240,.602,.601,.310,.357,27.9,74.5,52.2,60.9,5.9,10.8,15.6,100.0,114.3,107.5,,
https://www.basketball-reference.com/boxscores/202203080CHO.html,"7:00 PM, March 8, 2022",Charlotte Hornets,Brooklyn Nets,121,132,BRK,,,Team Totals,240,46,82,.561,18,35,.514,22,29,.759,6,32,38,33,8,4,16,20,132,,,Team Totals,240,.696,.671,.427,.354,16.2,76.2,48.1,71.7,7.7,7.8,14.4,100.0,127.4,116.8,,
https://www.basketball-reference.com/boxscores/202203080CHO.html,"7:00 PM, March 8, 2022",Charlotte Hornets,Brooklyn Nets,121,132,CHO,,,Team Totals,240,45,92,.489,13,41,.317,18,22,.818,10,31,41,26,12,3,15,24,121,,,Team Totals,240,.595,.560,.446,.239,23.8,83.8,51.9,57.8,11.6,6.4,12.9,100.0,116.8,127.4,,
https://www.basketball-reference.com/boxscores/202203080GSW.html,"10:00 PM, March 8, 2022",Golden State Warriors,Los Angeles Clippers,112,97,LAC,,,Team Totals,240,33,93,.355,12,39,.308,19,23,.826,12,35,47,23,12,3,13,12,97,,,Team Totals,240,.470,.419,.419,.247,22.6,77.8,48.0,69.7,11.9,5.2,11.2,100.0,95.8,110.6,,
https://www.basketball-reference.com/boxscores/202203080GSW.html,"10:00 PM, March 8, 2022",Golden State Warriors,Los Angeles Clippers,112,97,GSW,,,Team Totals,240,44,92,.478,13,34,.382,11,13,.846,10,41,51,33,8,6,16,20,112,,,Team Totals,240,.573,.549,.370,.141,22.2,77.4,52.0,75.0,7.9,11.1,14.1,100.0,110.6,95.8,,
https://www.basketball-reference.com/boxscores/202203080IND.html,"7:00 PM, March 8, 2022",Indiana Pacers,Cleveland Cavaliers,124,127,CLE,,,Team Totals,240,47,94,.500,9,32,.281,24,27,.889,14,26,40,25,13,6,8,16,127,,,Team Totals,240,.600,.548,.340,.287,34.1,70.3,51.3,53.2,13.2,10.2,7.0,100.0,128.8,125.7,,
https://www.basketball-reference.com/boxscores/202203080IND.html,"7:00 PM, March 8, 2022",Indiana Pacers,Cleveland Cavaliers,124,127,IND,,,Team Totals,240,49,91,.538,16,32,.500,10,15,.667,11,27,38,35,6,7,18,20,124,,,Team Totals,240,.635,.626,.352,.165,29.7,65.9,48.7,71.4,6.1,11.3,15.6,100.0,125.7,128.8,,
https://www.basketball-reference.com/boxscores/202203080MEM.html,"7:30 PM, March 8, 2022",Memphis Grizzlies,New Orleans Pelicans,132,111,NOP,,,Team Totals,240,41,88,.466,11,34,.324,18,27,.667,12,33,45,24,9,3,15,18,111,,,Team Totals,240,.556,.528,.386,.307,24.5,68.8,46.4,58.5,8.7,5.3,13.1,100.0,107.6,127.9,,
https://www.basketball-reference.com/boxscores/202203080MEM.html,"7:30 PM, March 8, 2022",Memphis Grizzlies,New Orleans Pelicans,132,111,MEM,,,Team Totals,240,48,101,.475,16,44,.364,20,24,.833,15,37,52,30,8,6,12,20,132,,,Team Totals,240,.592,.554,.436,.238,31.3,75.5,53.6,62.5,7.8,11.1,9.7,100.0,127.9,107.6,,
https://www.basketball-reference.com/boxscores/202203080OKC.html,"8:00 PM, March 8, 2022",Oklahoma City Thunder,Milwaukee Bucks,115,142,MIL,,,Team Totals,240,53,100,.530,20,40,.500,16,20,.800,16,37,53,35,10,4,13,18,142,,,Team Totals,240,.653,.630,.400,.200,34.8,86.0,59.6,66.0,9.7,8.9,10.7,100.0,138.1,111.8,,
https://www.basketball-reference.com/boxscores/202203080OKC.html,"8:00 PM, March 8, 2022",Oklahoma City Thunder,Milwaukee Bucks,115,142,OKC,,,Team Totals,240,42,84,.500,16,39,.410,15,21,.714,6,30,36,26,6,5,16,20,115,,,Team Totals,240,.617,.595,.464,.250,14.0,65.2,40.4,61.9,5.8,8.3,14.6,100.0,111.8,138.1,,
https://www.basketball-reference.com/boxscores/202203080ORL.html,"7:00 PM, March 8, 2022",Orlando Magic,Phoenix Suns,99,102,PHO,,,Team Totals,240,35,92,.380,13,37,.351,19,23,.826,7,45,52,24,7,6,10,20,102,,,Team Totals,240,.499,.451,.402,.250,13.5,84.9,49.5,68.6,6.7,11.3,8.9,100.0,98.2,95.3,,
https://www.basketball-reference.com/boxscores/202203080ORL.html,"7:00 PM, March 8, 2022",Orlando Magic,Phoenix Suns,99,102,ORL,,,Team Totals,240,35,92,.380,7,39,.179,22,25,.880,8,45,53,17,6,2,12,20,99,,,Team Totals,240,.481,.418,.424,.272,15.1,86.5,50.5,48.6,5.8,3.6,10.4,100.0,95.3,98.2,,
https://www.basketball-reference.com/boxscores/202203090CHO.html,"7:00 PM, March 9, 2022",Charlotte Hornets,Boston Celtics,101,115,BOS,,,Team Totals,240,46,93,.495,12,37,.324,11,14,.786,16,31,47,30,10,8,11,20,115,,,Team Totals,240,.580,.559,.398,.151,34.0,67.4,50.5,65.2,10.7,15.4,10.0,100.0,122.6,107.7,,
https://www.basketball-reference.com/boxscores/202203090CHO.html,"7:00 PM, March 9, 2022",Charlotte Hornets,Boston Celtics,101,115,CHO,,,Team Totals,240,36,85,.424,8,33,.242,21,28,.750,15,31,46,18,8,7,16,15,101,,,Team Totals,240,.519,.471,.388,.329,32.6,66.0,49.5,50.0,8.5,12.5,14.1,100.0,107.7,122.6,,
https://www.basketball-reference.com/boxscores/202203090DAL.html,"8:30 PM, March 9, 2022",Dallas Mavericks,New York Knicks,77,107,NYK,,,Team Totals,240,36,84,.429,9,34,.265,26,33,.788,14,41,55,20,3,3,13,25,107,,,Team Totals,240,.543,.482,.405,.393,35.9,77.4,59.8,55.6,3.3,7.1,11.7,100.0,117.9,84.9,,
https://www.basketball-reference.com/boxscores/202203090DAL.html,"8:30 PM, March 9, 2022",Dallas Mavericks,New York Knicks,77,107,DAL,,,Team Totals,240,27,86,.314,6,44,.136,17,25,.680,12,25,37,11,3,4,8,24,77,,,Team Totals,240,.397,.349,.512,.291,22.6,64.1,40.2,40.7,3.3,8.0,7.6,100.0,84.9,117.9,,
https://www.basketball-reference.com/boxscores/202203090DET.html,"7:00 PM, March 9, 2022",Detroit Pistons,Chicago Bulls,108,114,CHI,,,Team Totals,240,40,76,.526,3,15,.200,31,35,.886,2,31,33,19,13,0,11,15,114,,,Team Totals,240,.624,.546,.197,.461,6.9,86.1,50.8,47.5,13.2,0.0,10.7,100.0,115.6,109.5,,
https://www.basketball-reference.com/boxscores/202203090DET.html,"7:00 PM, March 9, 2022",Detroit Pistons,Chicago Bulls,108,114,DET,,,Team Totals,240,42,82,.512,11,31,.355,13,17,.765,5,27,32,25,6,3,16,25,108,,,Team Totals,240,.603,.579,.378,.207,13.9,93.1,49.2,59.5,6.1,4.9,15.2,100.0,109.5,115.6,,
https://www.basketball-reference.com/boxscores/202203090HOU.html,"8:00 PM, March 9, 2022",Houston Rockets,Los Angeles Lakers,139,130,LAL,,,Team Totals,265,47,101,.465,18,47,.383,18,26,.692,12,36,48,25,10,7,16,21,130,,,Team Totals,265,.578,.554,.465,.257,23.1,78.3,49.0,53.2,8.6,11.3,12.5,100.0,112.1,119.8,,
https://www.basketball-reference.com/boxscores/202203090HOU.html,"8:00 PM, March 9, 2022",Houston Rockets,Los Angeles Lakers,139,130,HOU,,,Team Totals,265,52,102,.510,17,40,.425,18,19,.947,10,40,50,25,7,4,20,21,139,,,Team Totals,265,.630,.593,.392,.186,21.7,76.9,51.0,48.1,6.0,7.4,15.3,100.0,119.8,112.1,,
https://www.basketball-reference.com/boxscores/202203090LAC.html,"10:30 PM, March 9, 2022",Los Angeles Clippers,Washington Wizards,115,109,WAS,,,Team Totals,240,41,87,.471,10,27,.370,17,20,.850,9,32,41,26,10,3,13,13,109,,,Team Totals,240,.569,.529,.310,.230,20.9,82.1,50.0,63.4,10.4,5.6,11.9,100.0,113.2,119.4,,
https://www.basketball-reference.com/boxscores/202203090LAC.html,"10:30 PM, March 9, 2022",Los Angeles Clippers,Washington Wizards,115,109,LAC,,,Team Totals,240,43,86,.500,16,32,.500,13,13,1.000,7,34,41,21,6,10,12,15,115,,,Team Totals,240,.627,.593,.372,.151,17.9,79.1,50.0,48.8,6.2,16.7,11.6,100.0,119.4,113.2,,
https://www.basketball-reference.com/boxscores/202203090MIA.html,"7:30 PM, March 9, 2022",Miami Heat,Phoenix Suns,90,111,PHO,,,Team Totals,240,45,99,.455,11,37,.297,10,10,1.000,14,41,55,26,8,5,15,18,111,,,Team Totals,240,.537,.510,.374,.101,30.4,87.2,59.1,57.8,7.9,9.1,12.7,100.0,110.2,89.4,,
https://www.basketball-reference.com/boxscores/202203090MIA.html,"7:30 PM, March 9, 2022",Miami Heat,Phoenix Suns,90,111,MIA,,,Team Totals,240,35,88,.398,10,33,.303,10,13,.769,6,32,38,27,8,5,15,9,90,,,Team Totals,240,.480,.455,.375,.148,12.8,69.6,40.9,77.1,7.9,8.1,13.8,100.0,89.4,110.2,,
https://www.basketball-reference.com/boxscores/202203090MIL.html,"8:00 PM, March 9, 2022",Milwaukee Bucks,Atlanta Hawks,124,115,ATL,,,Team Totals,240,43,86,.500,11,38,.289,18,22,.818,7,37,44,26,6,3,9,20,115,,,Team Totals,240,.601,.564,.442,.256,15.2,77.1,46.8,60.5,6.1,5.1,8.6,100.0,116.5,125.6,,
https://www.basketball-reference.com/boxscores/202203090MIL.html,"8:00 PM, March 9, 2022",Milwaukee Bucks,Atlanta Hawks,124,115,MIL,,,Team Totals,240,47,94,.500,12,35,.343,18,23,.783,11,39,50,24,7,2,9,19,124,,,Team Totals,240,.595,.564,.372,.245,22.9,84.8,53.2,51.1,7.1,4.2,8.0,100.0,125.6,116.5,,
https://www.basketball-reference.com/boxscores/202203090MIN.html,"8:00 PM, March 9, 2022",Minnesota Timberwolves,Oklahoma City Thunder,132,102,OKC,,,Team Totals,240,36,87,.414,14,43,.326,16,24,.667,9,33,42,26,8,0,16,18,102,,,Team Totals,240,.523,.494,.494,.276,17.6,84.6,46.7,72.2,7.7,0.0,14.1,100.0,98.7,127.8,,
https://www.basketball-reference.com/boxscores/202203090MIN.html,"8:00 PM, March 9, 2022",Minnesota Timberwolves,Oklahoma City Thunder,132,102,MIN,,,Team Totals,240,45,86,.523,22,52,.423,20,26,.769,6,42,48,34,10,5,14,18,132,,,Team Totals,240,.677,.651,.605,.302,15.4,82.4,53.3,75.6,9.7,11.4,12.6,100.0,127.8,98.7,,
https://www.basketball-reference.com/boxscores/202203090NOP.html,"8:00 PM, March 9, 2022",New Orleans Pelicans,Orlando Magic,102,108,ORL,,,Team Totals,240,36,76,.474,14,37,.378,22,26,.846,7,38,45,25,4,1,19,20,108,,,Team Totals,240,.618,.566,.487,.342,18.4,79.2,52.3,69.4,4.1,1.6,17.9,100.0,109.6,103.5,,
https://www.basketball-reference.com/boxscores/202203090NOP.html,"8:00 PM, March 9, 2022",New Orleans Pelicans,Orlando Magic,102,108,NOP,,,Team Totals,240,41,93,.441,7,31,.226,13,18,.722,10,31,41,23,11,2,11,22,102,,,Team Totals,240,.505,.478,.333,.194,20.8,81.6,47.7,56.1,11.2,5.1,9.8,100.0,103.5,109.6,,
https://www.basketball-reference.com/boxscores/202203090SAC.html,"10:00 PM, March 9, 2022",Sacramento Kings,Denver Nuggets,100,106,DEN,,,Team Totals,240,40,82,.488,9,35,.257,17,19,.895,10,41,51,26,11,3,20,20,106,,,Team Totals,240,.587,.543,.427,.232,25.0,83.7,57.3,65.0,11.1,5.9,18.1,100.0,106.9,100.8,,
https://www.basketball-reference.com/boxscores/202203090SAC.html,"10:00 PM, March 9, 2022",Sacramento Kings,Denver Nuggets,100,106,SAC,,,Team Totals,240,38,85,.447,12,34,.353,12,18,.667,8,30,38,24,11,5,16,22,100,,,Team Totals,240,.538,.518,.400,.212,16.3,75.0,42.7,63.2,11.1,10.6,14.7,100.0,100.8,106.9,,
https://www.basketball-reference.com/boxscores/202203090SAS.html,"8:30 PM, March 9, 2022",San Antonio Spurs,Toronto Raptors,104,119,TOR,,,Team Totals,240,41,85,.482,11,30,.367,26,28,.929,13,34,47,12,7,1,10,23,119,,,Team Totals,240,.611,.547,.353,.329,31.0,82.9,56.6,29.3,7.4,1.9,9.3,100.0,125.8,109.9,,
https://www.basketball-reference.com/boxscores/202203090SAS.html,"8:30 PM, March 9, 2022",San Antonio Spurs,Toronto Raptors,104,119,SAS,,,Team Totals,240,38,84,.452,9,32,.281,19,20,.950,7,29,36,24,5,4,14,18,104,,,Team Totals,240,.560,.506,.381,.238,17.1,69.0,43.4,63.2,5.3,7.3,13.1,100.0,109.9,125.8,,
https://www.basketball-reference.com/boxscores/202203090UTA.html,"10:00 PM, March 9, 2022",Utah Jazz,Portland Trail Blazers,123,85,POR,,,Team Totals,240,29,89,.326,9,36,.250,18,22,.818,9,27,36,19,4,2,10,23,85,,,Team Totals,240,.431,.376,.404,.247,17.0,81.8,41.9,65.5,4.2,5.7,9.2,100.0,89.4,129.4,,
https://www.basketball-reference.com/boxscores/202203090UTA.html,"10:00 PM, March 9, 2022",Utah Jazz,Portland Trail Blazers,123,85,UTA,,,Team Totals,240,42,81,.519,17,46,.370,22,27,.815,6,44,50,31,3,5,9,23,123,,,Team Totals,240,.662,.623,.568,.333,18.2,83.0,58.1,73.8,3.2,9.4,8.8,100.0,129.4,89.4,,
https://www.basketball-reference.com/boxscores/202203100DEN.html,"10:00 PM, March 10, 2022",Denver Nuggets,Golden State Warriors,102,113,GSW,,,Team Totals,240,42,88,.477,14,42,.333,15,20,.750,8,28,36,26,9,4,8,25,113,,,Team Totals,240,.584,.557,.477,.227,17.8,70.0,42.4,61.9,9.5,7.5,7.6,100.0,119.4,107.8,,
https://www.basketball-reference.com/boxscores/202203100DEN.html,"10:00 PM, March 10, 2022",Denver Nuggets,Golden State Warriors,102,113,DEN,,,Team Totals,240,35,84,.417,7,31,.226,25,32,.781,12,37,49,19,5,6,13,20,102,,,Team Totals,240,.520,.458,.369,.381,30.0,82.2,57.6,54.3,5.3,13.0,11.7,100.0,107.8,119.4,,
https://www.basketball-reference.com/boxscores/202203100PHI.html,"7:30 PM, March 10, 2022",Philadelphia 76ers,Brooklyn Nets,100,129,BRK,,,Team Totals,240,51,91,.560,18,40,.450,9,17,.529,10,35,45,29,13,15,12,22,129,,,Team Totals,240,.655,.659,.440,.187,23.3,67.3,47.4,56.9,12.8,26.3,10.9,100.0,127.2,98.6,,
https://www.basketball-reference.com/boxscores/202203100PHI.html,"7:30 PM, March 10, 2022",Philadelphia 76ers,Brooklyn Nets,100,129,PHI,,,Team Totals,240,30,93,.323,14,36,.389,26,30,.867,17,33,50,19,5,5,20,19,100,,,Team Totals,240,.471,.398,.387,.323,32.7,76.7,52.6,63.3,4.9,9.8,15.8,100.0,98.6,127.2,,
https://www.basketball-reference.com/boxscores/202203110ATL.html,"7:30 PM, March 11, 2022",Atlanta Hawks,Los Angeles Clippers,112,106,LAC,,,Team Totals,240,40,82,.488,12,32,.375,14,17,.824,6,30,36,22,7,3,12,20,106,,,Team Totals,240,.592,.561,.390,.207,15.8,66.7,43.4,55.0,7.6,5.1,11.8,100.0,114.9,121.4,,
https://www.basketball-reference.com/boxscores/202203110ATL.html,"7:30 PM, March 11, 2022",Atlanta Hawks,Los Angeles Clippers,112,106,ATL,,,Team Totals,240,43,90,.478,9,31,.290,17,19,.895,15,32,47,28,5,3,10,19,112,,,Team Totals,240,.569,.528,.344,.211,33.3,84.2,56.6,65.1,5.4,6.0,9.2,100.0,121.4,114.9,,
https://www.basketball-reference.com/boxscores/202203110BOS.html,"7:30 PM, March 11, 2022",Boston Celtics,Detroit Pistons,114,103,DET,,,Team Totals,240,35,83,.422,10,34,.294,23,24,.958,11,31,42,21,4,4,14,22,103,,,Team Totals,240,.550,.482,.410,.289,24.4,70.5,47.2,60.0,4.2,6.9,13.0,100.0,108.5,120.1,,
https://www.basketball-reference.com/boxscores/202203110BOS.html,"7:30 PM, March 11, 2022",Boston Celtics,Detroit Pistons,114,103,BOS,,,Team Totals,240,42,90,.467,6,32,.188,24,30,.800,13,34,47,23,10,3,9,19,114,,,Team Totals,240,.552,.500,.356,.333,29.5,75.6,52.8,54.8,10.5,6.1,8.0,100.0,120.1,108.5,,
https://www.basketball-reference.com/boxscores/202203110HOU.html,"8:00 PM, March 11, 2022",Houston Rockets,Dallas Mavericks,100,113,DAL,,,Team Totals,240,40,88,.455,11,36,.306,22,28,.786,12,35,47,20,6,8,14,21,113,,,Team Totals,240,.563,.517,.409,.318,26.1,87.5,54.7,50.0,6.0,14.3,12.2,100.0,112.8,99.8,,
https://www.basketball-reference.com/boxscores/202203110HOU.html,"8:00 PM, March 11, 2022",Houston Rockets,Dallas Mavericks,100,113,HOU,,,Team Totals,240,41,86,.477,6,30,.200,12,19,.632,5,34,39,29,9,3,13,23,100,,,Team Totals,240,.530,.512,.349,.221,12.5,73.9,45.3,70.7,9.0,5.8,12.1,100.0,99.8,112.8,,
https://www.basketball-reference.com/boxscores/202203110LAL.html,"10:30 PM, March 11, 2022",Los Angeles Lakers,Washington Wizards,122,109,WAS,,,Team Totals,240,39,85,.459,9,27,.333,22,33,.667,14,33,47,21,6,6,11,18,109,,,Team Totals,240,.548,.512,.318,.388,31.8,82.5,56.0,53.8,6.2,10.0,10.0,100.0,113.4,126.9,,
https://www.basketball-reference.com/boxscores/202203110LAL.html,"10:30 PM, March 11, 2022",Los Angeles Lakers,Washington Wizards,122,109,LAL,,,Team Totals,240,48,91,.527,14,31,.452,12,17,.706,7,30,37,25,5,3,9,25,122,,,Team Totals,240,.619,.604,.341,.187,17.5,68.2,44.0,52.1,5.2,5.2,8.4,100.0,126.9,113.4,,
https://www.basketball-reference.com/boxscores/202203110MEM.html,"8:00 PM, March 11, 2022",Memphis Grizzlies,New York Knicks,118,114,NYK,,,Team Totals,240,38,90,.422,10,25,.400,28,37,.757,15,39,54,23,8,6,16,31,114,,,Team Totals,240,.536,.478,.278,.411,30.0,67.2,50.0,60.5,7.6,7.7,13.1,100.0,108.9,112.7,,
https://www.basketball-reference.com/boxscores/202203110MEM.html,"8:00 PM, March 11, 2022",Memphis Grizzlies,New York Knicks,118,114,MEM,,,Team Totals,240,46,104,.442,9,26,.346,17,29,.586,19,35,54,23,8,16,10,27,118,,,Team Totals,240,.505,.486,.250,.279,32.8,70.0,50.0,50.0,7.6,24.6,7.9,100.0,112.7,108.9,,
https://www.basketball-reference.com/boxscores/202203110MIA.html,"8:00 PM, March 11, 2022",Miami Heat,Cleveland Cavaliers,117,105,CLE,,,Team Totals,240,35,79,.443,8,25,.320,27,29,.931,7,33,40,25,5,2,18,23,105,,,Team Totals,240,.572,.494,.316,.367,17.1,80.5,48.8,71.4,5.1,3.9,16.4,100.0,106.6,118.8,,
https://www.basketball-reference.com/boxscores/202203110MIA.html,"8:00 PM, March 11, 2022",Miami Heat,Cleveland Cavaliers,117,105,MIA,,,Team Totals,240,41,86,.477,11,35,.314,24,27,.889,8,34,42,28,9,6,9,26,117,,,Team Totals,240,.598,.541,.407,.314,19.5,82.9,51.2,68.3,9.1,11.1,8.4,100.0,118.8,106.6,,
https://www.basketball-reference.com/boxscores/202203110NOP.html,"8:00 PM, March 11, 2022",New Orleans Pelicans,Charlotte Hornets,120,142,CHO,,,Team Totals,240,52,87,.598,22,47,.468,16,20,.800,6,32,38,41,11,1,14,23,142,,,Team Totals,240,.741,.724,.540,.230,18.2,71.1,48.7,78.8,10.9,2.1,12.8,100.0,140.7,118.9,,
https://www.basketball-reference.com/boxscores/202203110NOP.html,"8:00 PM, March 11, 2022",New Orleans Pelicans,Charlotte Hornets,120,142,NOP,,,Team Totals,240,43,86,.500,15,39,.385,19,25,.760,13,27,40,31,9,2,17,21,120,,,Team Totals,240,.619,.587,.453,.291,28.9,81.8,51.3,72.1,8.9,5.0,14.9,100.0,118.9,140.7,,
https://www.basketball-reference.com/boxscores/202203110ORL.html,"7:00 PM, March 11, 2022",Orlando Magic,Minnesota Timberwolves,118,110,MIN,,,Team Totals,240,41,90,.456,15,45,.333,13,13,1.000,5,32,37,24,8,5,9,24,110,,,Team Totals,240,.575,.539,.500,.144,11.4,76.2,43.0,58.5,8.2,10.9,8.6,100.0,113.1,121.3,,
https://www.basketball-reference.com/boxscores/202203110ORL.html,"7:00 PM, March 11, 2022",Orlando Magic,Minnesota Timberwolves,118,110,ORL,,,Team Totals,240,40,86,.465,16,40,.400,22,25,.880,10,39,49,31,4,3,12,11,118,,,Team Totals,240,.608,.558,.465,.291,23.8,88.6,57.0,77.5,4.1,6.7,11.0,100.0,121.3,113.1,,
https://www.basketball-reference.com/boxscores/202203110PHO.html,"9:00 PM, March 11, 2022",Phoenix Suns,Toronto Raptors,112,117,TOR,,,Team Totals,240,42,94,.447,14,32,.438,19,21,.905,12,36,48,19,11,4,17,19,117,,,Team Totals,240,.567,.521,.340,.223,25.5,87.8,54.5,45.2,10.5,7.7,14.1,100.0,111.3,106.5,,
https://www.basketball-reference.com/boxscores/202203110PHO.html,"9:00 PM, March 11, 2022",Phoenix Suns,Toronto Raptors,112,117,PHO,,,Team Totals,240,44,88,.500,11,36,.306,13,17,.765,5,35,40,27,7,8,16,23,112,,,Team Totals,240,.587,.563,.409,.193,12.2,74.5,45.5,61.4,6.7,12.9,14.4,100.0,106.5,111.3,,
https://www.basketball-reference.com/boxscores/202203110SAS.html,"8:30 PM, March 11, 2022",San Antonio Spurs,Utah Jazz,104,102,UTA,,,Team Totals,240,37,92,.402,13,40,.325,15,23,.652,16,41,57,20,10,8,17,26,102,,,Team Totals,240,.499,.473,.435,.250,28.6,74.5,51.4,54.1,9.9,14.3,14.3,100.0,100.6,102.6,,
https://www.basketball-reference.com/boxscores/202203110SAS.html,"8:30 PM, March 11, 2022",San Antonio Spurs,Utah Jazz,104,102,SAS,,,Team Totals,240,34,85,.400,6,29,.207,30,43,.698,14,40,54,15,8,6,13,20,104,,,Team Totals,240,.500,.435,.341,.506,25.5,71.4,48.6,44.1,7.9,11.5,11.1,100.0,102.6,100.6,,
https://www.basketball-reference.com/boxscores/202203120CHI.html,"8:00 PM, March 12, 2022",Chicago Bulls,Cleveland Cavaliers,101,91,CLE,,,Team Totals,240,36,86,.419,5,24,.208,14,17,.824,5,35,40,19,7,4,14,19,91,,,Team Totals,240,.487,.448,.279,.198,11.6,81.4,46.5,52.8,7.0,6.0,13.0,100.0,91.5,101.6,,
https://www.basketball-reference.com/boxscores/202203120CHI.html,"8:00 PM, March 12, 2022",Chicago Bulls,Cleveland Cavaliers,101,91,CHI,,,Team Totals,240,39,88,.443,9,21,.429,14,15,.933,8,38,46,20,12,5,14,18,101,,,Team Totals,240,.534,.494,.239,.170,18.6,88.4,53.5,51.3,12.1,8.1,12.9,100.0,101.6,91.5,,
https://www.basketball-reference.com/boxscores/202203120DEN.html,"9:00 PM, March 12, 2022",Denver Nuggets,Toronto Raptors,115,127,TOR,,,Team Totals,240,48,102,.471,12,31,.387,19,25,.760,23,27,50,28,12,6,8,23,127,,,Team Totals,240,.562,.529,.304,.245,43.4,75.0,56.2,58.3,12.5,11.8,6.6,100.0,132.2,119.7,,
https://www.basketball-reference.com/boxscores/202203120DEN.html,"9:00 PM, March 12, 2022",Denver Nuggets,Toronto Raptors,115,127,DEN,,,Team Totals,240,43,78,.551,11,27,.407,18,24,.750,9,30,39,32,4,5,19,23,115,,,Team Totals,240,.649,.622,.346,.308,25.0,56.6,43.8,74.4,4.2,7.0,17.7,100.0,119.7,132.2,,
https://www.basketball-reference.com/boxscores/202203120GSW.html,"8:30 PM, March 12, 2022",Golden State Warriors,Milwaukee Bucks,122,109,MIL,,,Team Totals,240,38,92,.413,17,44,.386,16,23,.696,8,31,39,27,8,2,5,16,109,,,Team Totals,240,.534,.505,.478,.250,15.7,72.1,41.5,71.1,8.3,4.2,4.7,100.0,112.5,125.9,,
https://www.basketball-reference.com/boxscores/202203120GSW.html,"8:30 PM, March 12, 2022",Golden State Warriors,Milwaukee Bucks,122,109,GSW,,,Team Totals,240,45,93,.484,18,45,.400,14,15,.933,12,43,55,33,3,7,12,19,122,,,Team Totals,240,.612,.581,.484,.161,27.9,84.3,58.5,73.3,3.1,14.6,10.8,100.0,125.9,112.5,,
https://www.basketball-reference.com/boxscores/202203120MIA.html,"8:00 PM, March 12, 2022",Miami Heat,Minnesota Timberwolves,104,113,MIN,,,Team Totals,240,35,83,.422,15,42,.357,28,32,.875,6,40,46,21,12,5,15,19,113,,,Team Totals,240,.582,.512,.506,.386,12.5,78.4,46.5,60.0,11.5,11.6,13.4,100.0,108.6,99.9,,
https://www.basketball-reference.com/boxscores/202203120MIA.html,"8:00 PM, March 12, 2022",Miami Heat,Minnesota Timberwolves,104,113,MIA,,,Team Totals,240,35,88,.398,15,45,.333,19,25,.760,11,42,53,23,7,1,18,24,104,,,Team Totals,240,.525,.483,.511,.284,21.6,87.5,53.5,65.7,6.7,2.4,15.4,100.0,99.9,108.6,,
https://www.basketball-reference.com/boxscores/202203120POR.html,"10:00 PM, March 12, 2022",Portland Trail Blazers,Washington Wizards,127,118,WAS,,,Team Totals,240,39,83,.470,14,34,.412,26,27,.963,9,26,35,26,7,8,15,16,118,,,Team Totals,240,.622,.554,.410,.325,22.5,68.4,44.9,66.7,7.2,12.7,13.7,100.0,120.5,129.7,,
https://www.basketball-reference.com/boxscores/202203120POR.html,"10:00 PM, March 12, 2022",Portland Trail Blazers,Washington Wizards,127,118,POR,,,Team Totals,240,48,93,.516,11,30,.367,20,22,.909,12,31,43,21,10,3,11,21,127,,,Team Totals,240,.618,.575,.323,.237,31.6,77.5,55.1,43.8,10.2,6.1,9.7,100.0,129.7,120.5,,
https://www.basketball-reference.com/boxscores/202203120SAS.html,"8:00 PM, March 12, 2022",San Antonio Spurs,Indiana Pacers,108,119,IND,,,Team Totals,240,45,92,.489,14,36,.389,15,15,1.000,9,38,47,23,6,10,13,20,119,,,Team Totals,240,.603,.565,.391,.163,19.6,71.7,47.5,51.1,5.9,14.7,11.6,100.0,117.0,106.2,,
https://www.basketball-reference.com/boxscores/202203120SAS.html,"8:00 PM, March 12, 2022",San Antonio Spurs,Indiana Pacers,108,119,SAS,,,Team Totals,240,42,102,.412,11,34,.324,13,16,.813,15,37,52,28,6,3,12,15,108,,,Team Totals,240,.495,.466,.333,.157,28.3,80.4,52.5,66.7,5.9,5.4,9.9,100.0,106.2,117.0,,
https://www.basketball-reference.com/boxscores/202203120UTA.html,"9:00 PM, March 12, 2022",Utah Jazz,Sacramento Kings,134,125,SAC,,,Team Totals,240,47,94,.500,13,33,.394,18,21,.857,8,25,33,27,6,3,7,20,125,,,Team Totals,240,.605,.569,.351,.223,19.0,71.4,42.9,57.4,6.1,6.7,6.3,100.0,127.2,136.3,,
https://www.basketball-reference.com/boxscores/202203120UTA.html,"9:00 PM, March 12, 2022",Utah Jazz,Sacramento Kings,134,125,UTA,,,Team Totals,240,48,86,.558,16,41,.390,22,31,.710,10,34,44,21,4,5,10,20,134,,,Team Totals,240,.672,.651,.477,.360,28.6,81.0,57.1,43.8,4.1,8.2,9.1,100.0,136.3,127.2,,
https://www.basketball-reference.com/boxscores/202203130ATL.html,"7:00 PM, March 13, 2022",Atlanta Hawks,Indiana Pacers,131,128,IND,,,Team Totals,240,46,89,.517,15,35,.429,21,26,.808,15,28,43,23,7,4,15,21,128,,,Team Totals,240,.637,.601,.393,.292,35.7,75.7,54.4,50.0,7.2,8.7,13.0,100.0,132.2,135.3,,
https://www.basketball-reference.com/boxscores/202203130ATL.html,"7:00 PM, March 13, 2022",Atlanta Hawks,Indiana Pacers,131,128,ATL,,,Team Totals,240,46,84,.548,17,38,.447,22,24,.917,9,27,36,27,9,3,12,21,131,,,Team Totals,240,.693,.649,.452,.286,24.3,64.3,45.6,58.7,9.3,5.6,11.3,100.0,135.3,132.2,,
https://www.basketball-reference.com/boxscores/202203130BOS.html,"3:30 PM, March 13, 2022",Boston Celtics,Dallas Mavericks,92,95,DAL,,,Team Totals,240,33,74,.446,15,37,.405,14,19,.737,4,38,42,20,7,5,18,16,95,,,Team Totals,240,.577,.547,.500,.257,10.5,77.6,48.3,60.6,7.4,9.8,17.9,100.0,100.9,97.7,,
https://www.basketball-reference.com/boxscores/202203130BOS.html,"3:30 PM, March 13, 2022",Boston Celtics,Dallas Mavericks,92,95,BOS,,,Team Totals,240,33,88,.375,9,37,.243,17,19,.895,11,34,45,16,8,3,11,12,92,,,Team Totals,240,.477,.426,.420,.216,22.4,89.5,51.7,48.5,8.5,8.1,10.2,100.0,97.7,100.9,,
https://www.basketball-reference.com/boxscores/202203130BRK.html,"1:00 PM, March 13, 2022",Brooklyn Nets,New York Knicks,110,107,NYK,,,Team Totals,240,39,83,.470,11,29,.379,18,21,.857,11,29,40,27,8,5,17,21,107,,,Team Totals,240,.580,.536,.349,.253,28.9,70.7,50.6,69.2,8.3,8.3,15.6,100.0,111.2,114.3,,
https://www.basketball-reference.com/boxscores/202203130BRK.html,"1:00 PM, March 13, 2022",Brooklyn Nets,New York Knicks,110,107,BRK,,,Team Totals,240,44,89,.494,6,29,.207,16,22,.727,12,27,39,30,11,3,14,19,110,,,Team Totals,240,.557,.528,.326,.247,29.3,71.1,49.4,68.2,11.4,5.6,12.4,100.0,114.3,111.2,,
https://www.basketball-reference.com/boxscores/202203130DET.html,"3:00 PM, March 13, 2022",Detroit Pistons,Los Angeles Clippers,102,106,LAC,,,Team Totals,240,40,89,.449,10,30,.333,16,20,.800,11,35,46,25,5,3,6,15,106,,,Team Totals,240,.542,.506,.337,.225,23.4,81.4,51.1,62.5,5.6,5.9,5.8,100.0,117.8,113.4,,
https://www.basketball-reference.com/boxscores/202203130DET.html,"3:00 PM, March 13, 2022",Detroit Pistons,Los Angeles Clippers,102,106,DET,,,Team Totals,240,36,80,.450,12,29,.414,18,20,.900,8,36,44,23,3,4,10,18,102,,,Team Totals,240,.574,.525,.363,.250,18.6,76.6,48.9,63.9,3.3,6.8,10.1,100.0,113.4,117.8,,
https://www.basketball-reference.com/boxscores/202203130NOP.html,"7:00 PM, March 13, 2022",New Orleans Pelicans,Houston Rockets,130,105,HOU,,,Team Totals,240,39,77,.506,12,31,.387,15,25,.600,9,30,39,24,3,4,25,26,105,,,Team Totals,240,.597,.584,.403,.325,22.5,68.2,46.4,61.5,2.9,6.6,22.1,100.0,102.4,126.7,,
https://www.basketball-reference.com/boxscores/202203130NOP.html,"7:00 PM, March 13, 2022",New Orleans Pelicans,Houston Rockets,130,105,NOP,,,Team Totals,240,48,93,.516,10,32,.313,24,34,.706,14,31,45,30,17,3,11,20,130,,,Team Totals,240,.602,.570,.344,.366,31.8,77.5,53.6,62.5,16.6,6.5,9.2,100.0,126.7,102.4,,
https://www.basketball-reference.com/boxscores/202203130OKC.html,"7:00 PM, March 13, 2022",Oklahoma City Thunder,Memphis Grizzlies,118,125,MEM,,,Team Totals,240,48,102,.471,11,29,.379,18,20,.900,20,37,57,30,8,5,13,20,125,,,Team Totals,240,.564,.525,.284,.196,40.0,72.5,56.4,62.5,7.9,8.9,10.5,100.0,123.4,116.5,,
https://www.basketball-reference.com/boxscores/202203130OKC.html,"7:00 PM, March 13, 2022",Oklahoma City Thunder,Memphis Grizzlies,118,125,OKC,,,Team Totals,240,41,97,.423,13,41,.317,23,28,.821,14,30,44,25,7,8,11,21,118,,,Team Totals,240,.540,.490,.423,.289,27.5,60.0,43.6,61.0,6.9,11.0,9.1,100.0,116.5,123.4,,
https://www.basketball-reference.com/boxscores/202203130ORL.html,"6:00 PM, March 13, 2022",Orlando Magic,Philadelphia 76ers,114,116,PHI,,,Team Totals,265,35,92,.380,14,37,.378,32,37,.865,10,35,45,21,7,3,8,17,116,,,Team Totals,265,.536,.457,.402,.402,19.2,81.4,47.4,60.0,6.9,6.3,6.9,100.0,113.7,111.7,,
https://www.basketball-reference.com/boxscores/202203130ORL.html,"6:00 PM, March 13, 2022",Orlando Magic,Philadelphia 76ers,114,116,ORL,,,Team Totals,265,41,91,.451,18,43,.419,14,20,.700,8,42,50,28,7,7,12,27,114,,,Team Totals,265,.571,.549,.473,.220,18.6,80.8,52.6,68.3,6.9,12.7,10.7,100.0,111.7,113.7,,
https://www.basketball-reference.com/boxscores/202203130PHO.html,"9:00 PM, March 13, 2022",Phoenix Suns,Los Angeles Lakers,140,111,LAL,,,Team Totals,240,36,81,.444,16,40,.400,23,31,.742,7,30,37,24,4,2,19,14,111,,,Team Totals,240,.586,.543,.494,.383,15.9,68.2,42.0,66.7,3.8,2.9,16.7,100.0,106.5,134.4,,
https://www.basketball-reference.com/boxscores/202203130PHO.html,"9:00 PM, March 13, 2022",Phoenix Suns,Los Angeles Lakers,140,111,PHO,,,Team Totals,240,58,102,.569,12,33,.364,12,14,.857,14,37,51,36,12,5,11,24,140,,,Team Totals,240,.647,.627,.324,.137,31.8,84.1,58.0,62.1,11.5,12.2,9.2,100.0,134.4,106.5,,
https://www.basketball-reference.com/boxscores/202203140ATL.html,"7:30 PM, March 14, 2022",Atlanta Hawks,Portland Trail Blazers,122,113,POR,,,Team Totals,240,44,88,.500,10,24,.417,15,21,.714,11,45,56,25,4,9,21,25,113,,,Team Totals,240,.581,.557,.273,.239,25.6,72.6,53.3,56.8,3.8,14.8,17.8,100.0,107.2,115.7,,
https://www.basketball-reference.com/boxscores/202203140ATL.html,"7:30 PM, March 14, 2022",Atlanta Hawks,Portland Trail Blazers,122,113,ATL,,,Team Totals,240,40,109,.367,12,48,.250,30,32,.938,17,32,49,28,13,6,4,15,122,,,Team Totals,240,.496,.422,.440,.294,27.4,74.4,46.7,70.0,12.3,9.4,3.1,100.0,115.7,107.2,,
https://www.basketball-reference.com/boxscores/202203140CLE.html,"7:00 PM, March 14, 2022",Cleveland Cavaliers,Los Angeles Clippers,120,111,LAC,,,Team Totals,265,43,98,.439,12,36,.333,13,17,.765,12,31,43,29,5,8,11,24,111,,,Team Totals,265,.526,.500,.367,.173,24.5,72.1,46.7,67.4,5.0,14.3,9.4,100.0,111.7,120.8,,
https://www.basketball-reference.com/boxscores/202203140CLE.html,"7:00 PM, March 14, 2022",Cleveland Cavaliers,Los Angeles Clippers,120,111,CLE,,,Team Totals,265,41,86,.477,15,30,.500,23,32,.719,12,37,49,28,7,4,12,19,120,,,Team Totals,265,.600,.564,.349,.372,27.9,75.5,53.3,68.3,7.0,6.5,10.7,100.0,120.8,111.7,,
https://www.basketball-reference.com/boxscores/202203140GSW.html,"10:00 PM, March 14, 2022",Golden State Warriors,Washington Wizards,126,112,WAS,,,Team Totals,240,42,82,.512,10,26,.385,18,23,.783,5,30,35,28,7,1,12,18,112,,,Team Totals,240,.608,.573,.317,.280,11.6,83.3,44.3,66.7,7.1,2.6,11.5,100.0,113.7,127.9,,
https://www.basketball-reference.com/boxscores/202203140GSW.html,"10:00 PM, March 14, 2022",Golden State Warriors,Washington Wizards,126,112,GSW,,,Team Totals,240,45,84,.536,18,45,.400,18,22,.818,6,38,44,26,7,4,13,21,126,,,Team Totals,240,.673,.643,.536,.262,16.7,88.4,55.7,57.8,7.1,7.1,12.2,100.0,127.9,113.7,,
https://www.basketball-reference.com/boxscores/202203140LAL.html,"10:30 PM, March 14, 2022",Los Angeles Lakers,Toronto Raptors,103,114,TOR,,,Team Totals,240,39,96,.406,10,37,.270,26,36,.722,19,45,64,24,8,9,13,20,114,,,Team Totals,240,.510,.458,.385,.375,35.8,83.3,59.8,61.5,7.9,20.0,10.4,100.0,111.9,101.1,,
https://www.basketball-reference.com/boxscores/202203140LAL.html,"10:30 PM, March 14, 2022",Los Angeles Lakers,Toronto Raptors,103,114,LAL,,,Team Totals,240,34,87,.391,13,42,.310,22,29,.759,9,34,43,20,7,7,13,27,103,,,Team Totals,240,.516,.466,.483,.333,16.7,64.2,40.2,58.8,6.9,11.9,11.5,100.0,101.1,111.9,,
https://www.basketball-reference.com/boxscores/202203140OKC.html,"8:00 PM, March 14, 2022",Oklahoma City Thunder,Charlotte Hornets,116,134,CHO,,,Team Totals,240,49,91,.538,20,35,.571,16,21,.762,8,29,37,33,12,7,6,17,134,,,Team Totals,240,.668,.648,.385,.231,18.2,69.0,43.0,67.3,12.2,15.2,5.6,100.0,136.1,117.8,,
https://www.basketball-reference.com/boxscores/202203140OKC.html,"8:00 PM, March 14, 2022",Oklahoma City Thunder,Charlotte Hornets,116,134,OKC,,,Team Totals,240,42,90,.467,16,44,.364,16,19,.842,13,36,49,31,4,3,18,19,116,,,Team Totals,240,.590,.556,.489,.211,31.0,81.8,57.0,73.8,4.1,5.4,15.5,100.0,117.8,136.1,,
https://www.basketball-reference.com/boxscores/202203140PHI.html,"7:30 PM, March 14, 2022",Philadelphia 76ers,Denver Nuggets,110,114,DEN,,,Team Totals,240,44,82,.537,13,33,.394,13,20,.650,6,36,42,29,8,3,14,24,114,,,Team Totals,240,.628,.616,.402,.244,14.0,76.6,46.7,65.9,8.2,5.9,13.4,100.0,116.3,112.2,,
https://www.basketball-reference.com/boxscores/202203140PHI.html,"7:30 PM, March 14, 2022",Philadelphia 76ers,Denver Nuggets,110,114,PHI,,,Team Totals,240,36,84,.429,12,33,.364,26,32,.813,11,37,48,25,8,6,13,17,110,,,Team Totals,240,.561,.500,.393,.381,23.4,86.0,53.3,69.4,8.2,12.2,11.7,100.0,112.2,116.3,,
https://www.basketball-reference.com/boxscores/202203140SAC.html,"10:00 PM, March 14, 2022",Sacramento Kings,Chicago Bulls,112,103,CHI,,,Team Totals,240,36,88,.409,10,34,.294,21,22,.955,9,31,40,22,5,5,15,20,103,,,Team Totals,240,.527,.466,.386,.250,19.1,81.6,47.1,61.1,5.0,8.8,13.3,100.0,102.5,111.4,,
https://www.basketball-reference.com/boxscores/202203140SAC.html,"10:00 PM, March 14, 2022",Sacramento Kings,Chicago Bulls,112,103,SAC,,,Team Totals,240,39,82,.476,10,25,.400,24,26,.923,7,38,45,25,10,3,16,21,112,,,Team Totals,240,.599,.537,.305,.317,18.4,80.9,52.9,64.1,9.9,5.6,14.6,100.0,111.4,102.5,,
https://www.basketball-reference.com/boxscores/202203140SAS.html,"8:30 PM, March 14, 2022",San Antonio Spurs,Minnesota Timberwolves,139,149,MIN,,,Team Totals,240,52,90,.578,17,33,.515,28,32,.875,7,33,40,28,8,3,16,20,149,,,Team Totals,240,.716,.672,.367,.356,20.6,78.6,52.6,53.8,7.2,4.8,13.3,100.0,133.9,124.9,,
https://www.basketball-reference.com/boxscores/202203140SAS.html,"8:30 PM, March 14, 2022",San Antonio Spurs,Minnesota Timberwolves,139,149,SAS,,,Team Totals,240,52,97,.536,13,35,.371,22,26,.846,9,27,36,33,5,11,15,24,139,,,Team Totals,240,.641,.603,.361,.268,21.4,79.4,47.4,63.5,4.5,19.3,12.2,100.0,124.9,133.9,,
https://www.basketball-reference.com/boxscores/202203140UTA.html,"10:00 PM, March 14, 2022",Utah Jazz,Milwaukee Bucks,111,117,MIL,,,Team Totals,240,40,86,.465,12,31,.387,25,29,.862,6,36,42,21,10,3,14,19,117,,,Team Totals,240,.592,.535,.360,.337,15.8,73.5,48.3,52.5,9.8,6.7,12.4,100.0,114.4,108.5,,
https://www.basketball-reference.com/boxscores/202203140UTA.html,"10:00 PM, March 14, 2022",Utah Jazz,Milwaukee Bucks,111,117,UTA,,,Team Totals,240,37,93,.398,17,48,.354,20,24,.833,13,32,45,21,7,4,14,23,111,,,Team Totals,240,.536,.489,.516,.258,26.5,84.2,51.7,56.8,6.8,7.3,11.9,100.0,108.5,114.4,,
https://www.basketball-reference.com/boxscores/202203150IND.html,"7:00 PM, March 15, 2022",Indiana Pacers,Memphis Grizzlies,102,135,MEM,,,Team Totals,240,54,105,.514,15,40,.375,12,20,.600,18,33,51,38,11,11,10,16,135,,,Team Totals,240,.593,.586,.381,.190,35.3,67.3,51.0,70.4,10.6,16.2,8.1,100.0,129.5,97.9,,
https://www.basketball-reference.com/boxscores/202203150IND.html,"7:00 PM, March 15, 2022",Indiana Pacers,Memphis Grizzlies,102,135,IND,,,Team Totals,240,41,98,.418,6,30,.200,14,19,.737,16,33,49,23,4,3,19,21,102,,,Team Totals,240,.480,.449,.306,.194,32.7,64.7,49.0,56.1,3.8,4.6,15.2,100.0,97.9,129.5,,
https://www.basketball-reference.com/boxscores/202203150MIA.html,"7:30 PM, March 15, 2022",Miami Heat,Detroit Pistons,105,98,DET,,,Team Totals,240,37,80,.463,10,34,.294,14,22,.636,6,33,39,23,6,5,13,30,98,,,Team Totals,240,.546,.525,.425,.275,14.0,82.5,47.0,62.2,6.4,12.8,12.7,100.0,104.3,111.7,,
https://www.basketball-reference.com/boxscores/202203150MIA.html,"7:30 PM, March 15, 2022",Miami Heat,Detroit Pistons,105,98,MIA,,,Team Totals,240,29,72,.403,12,33,.364,35,39,.897,7,37,44,20,1,1,13,21,105,,,Team Totals,240,.589,.486,.458,.542,17.5,86.0,53.0,69.0,1.1,2.2,12.7,100.0,111.7,104.3,,
https://www.basketball-reference.com/boxscores/202203150NOP.html,"8:00 PM, March 15, 2022",New Orleans Pelicans,Phoenix Suns,115,131,PHO,,,Team Totals,240,49,90,.544,18,34,.529,15,15,1.000,6,28,34,35,9,2,9,22,131,,,Team Totals,240,.678,.644,.378,.167,15.8,68.3,43.0,71.4,9.2,3.8,8.5,100.0,133.6,117.3,,
https://www.basketball-reference.com/boxscores/202203150NOP.html,"8:00 PM, March 15, 2022",New Orleans Pelicans,Phoenix Suns,115,131,NOP,,,Team Totals,240,43,86,.500,12,34,.353,17,24,.708,13,32,45,29,7,4,17,19,115,,,Team Totals,240,.595,.570,.395,.279,31.7,84.2,57.0,67.4,7.1,7.1,15.0,100.0,117.3,133.6,,
https://www.basketball-reference.com/boxscores/202203150ORL.html,"7:00 PM, March 15, 2022",Orlando Magic,Brooklyn Nets,108,150,BRK,,,Team Totals,240,53,88,.602,16,27,.593,28,34,.824,7,41,48,35,9,4,13,23,150,,,Team Totals,240,.728,.693,.307,.386,21.2,78.8,56.5,66.0,8.5,7.4,11.2,100.0,142.1,102.3,,
https://www.basketball-reference.com/boxscores/202203150ORL.html,"7:00 PM, March 15, 2022",Orlando Magic,Brooklyn Nets,108,150,ORL,,,Team Totals,240,36,95,.379,15,41,.366,21,27,.778,11,26,37,25,2,4,12,25,108,,,Team Totals,240,.505,.458,.432,.284,21.2,78.8,43.5,69.4,1.9,6.6,10.1,100.0,102.3,142.1,,
https://www.basketball-reference.com/boxscores/202203160BRK.html,"7:30 PM, March 16, 2022",Brooklyn Nets,Dallas Mavericks,111,113,DAL,,,Team Totals,240,41,83,.494,12,34,.353,19,19,1.000,9,28,37,21,5,2,11,17,113,,,Team Totals,240,.618,.566,.410,.229,25.7,59.6,45.1,51.2,5.6,3.1,10.7,100.0,126.9,124.6,,
https://www.basketball-reference.com/boxscores/202203160BRK.html,"7:30 PM, March 16, 2022",Brooklyn Nets,Dallas Mavericks,111,113,BRK,,,Team Totals,240,45,91,.495,9,26,.346,12,15,.800,19,26,45,28,2,2,11,21,111,,,Team Totals,240,.569,.544,.286,.165,40.4,74.3,54.9,62.2,2.2,4.1,10.1,100.0,124.6,126.9,,
https://www.basketball-reference.com/boxscores/202203160CHO.html,"7:00 PM, March 16, 2022",Charlotte Hornets,Atlanta Hawks,116,106,ATL,,,Team Totals,240,40,93,.430,13,37,.351,13,14,.929,12,31,43,28,6,2,13,23,106,,,Team Totals,240,.534,.500,.398,.151,27.3,73.8,50.0,70.0,6.3,3.8,11.6,100.0,112.2,122.7,,
https://www.basketball-reference.com/boxscores/202203160CHO.html,"7:00 PM, March 16, 2022",Charlotte Hornets,Atlanta Hawks,116,106,CHO,,,Team Totals,240,43,87,.494,11,35,.314,19,23,.826,11,32,43,30,8,8,9,18,116,,,Team Totals,240,.597,.557,.402,.264,26.2,72.7,50.0,69.8,8.5,14.3,8.5,100.0,122.7,112.2,,
https://www.basketball-reference.com/boxscores/202203160CLE.html,"7:00 PM, March 16, 2022",Cleveland Cavaliers,Philadelphia 76ers,114,118,PHI,,,Team Totals,240,41,79,.519,12,32,.375,24,28,.857,7,32,39,24,6,2,11,25,118,,,Team Totals,240,.646,.595,.405,.354,18.4,80.0,50.0,58.5,6.4,3.8,10.8,100.0,126.4,122.1,,
https://www.basketball-reference.com/boxscores/202203160CLE.html,"7:00 PM, March 16, 2022",Cleveland Cavaliers,Philadelphia 76ers,114,118,CLE,,,Team Totals,240,39,80,.488,9,28,.321,27,32,.844,8,31,39,25,9,4,9,17,114,,,Team Totals,240,.606,.544,.350,.400,20.0,81.6,50.0,64.1,9.6,8.5,8.7,100.0,122.1,126.4,,
https://www.basketball-reference.com/boxscores/202203160GSW.html,"10:00 PM, March 16, 2022",Golden State Warriors,Boston Celtics,88,110,BOS,,,Team Totals,240,38,81,.469,15,40,.375,19,22,.864,8,45,53,23,4,4,10,15,110,,,Team Totals,240,.607,.562,.494,.272,20.5,86.5,58.2,60.5,4.4,10.5,9.9,100.0,120.2,96.2,,
https://www.basketball-reference.com/boxscores/202203160GSW.html,"10:00 PM, March 16, 2022",Golden State Warriors,Boston Celtics,88,110,GSW,,,Team Totals,240,32,86,.372,11,48,.229,13,16,.813,7,31,38,19,8,4,8,21,88,,,Team Totals,240,.473,.436,.558,.186,13.5,79.5,41.8,59.4,8.7,9.8,7.9,100.0,96.2,120.2,,
https://www.basketball-reference.com/boxscores/202203160HOU.html,"8:00 PM, March 16, 2022",Houston Rockets,Phoenix Suns,112,129,PHO,,,Team Totals,240,53,95,.558,13,33,.394,10,13,.769,13,36,49,32,5,4,11,18,129,,,Team Totals,240,.640,.626,.347,.137,35.1,80.0,59.8,60.4,5.2,8.7,9.8,100.0,135.2,117.4,,
https://www.basketball-reference.com/boxscores/202203160HOU.html,"8:00 PM, March 16, 2022",Houston Rockets,Phoenix Suns,112,129,HOU,,,Team Totals,240,42,85,.494,16,39,.410,12,19,.632,9,24,33,26,9,3,12,13,112,,,Team Totals,240,.600,.588,.459,.224,20.0,64.9,40.2,61.9,9.4,4.8,11.4,100.0,117.4,135.2,,
https://www.basketball-reference.com/boxscores/202203160LAC.html,"10:30 PM, March 16, 2022",Los Angeles Clippers,Toronto Raptors,100,103,TOR,,,Team Totals,240,38,83,.458,11,32,.344,16,21,.762,13,30,43,14,5,1,11,12,103,,,Team Totals,240,.558,.524,.386,.253,29.5,75.0,51.2,36.8,5.7,2.1,10.7,100.0,117.4,114.0,,
https://www.basketball-reference.com/boxscores/202203160LAC.html,"10:30 PM, March 16, 2022",Los Angeles Clippers,Toronto Raptors,100,103,LAC,,,Team Totals,240,38,78,.487,11,30,.367,13,15,.867,10,31,41,27,7,2,14,15,100,,,Team Totals,240,.591,.558,.385,.192,25.0,70.5,48.8,71.1,8.0,3.9,14.2,100.0,114.0,117.4,,
https://www.basketball-reference.com/boxscores/202203160MIN.html,"8:00 PM, March 16, 2022",Minnesota Timberwolves,Los Angeles Lakers,124,104,LAL,,,Team Totals,240,39,93,.419,10,44,.227,16,23,.696,13,25,38,23,7,4,14,25,104,,,Team Totals,240,.504,.473,.473,.247,26.5,62.5,42.7,59.0,7.0,8.3,12.0,100.0,103.9,123.9,,
https://www.basketball-reference.com/boxscores/202203160MIN.html,"8:00 PM, March 16, 2022",Minnesota Timberwolves,Los Angeles Lakers,124,104,MIN,,,Team Totals,240,40,90,.444,17,42,.405,27,31,.871,15,36,51,22,7,6,17,23,124,,,Team Totals,240,.598,.539,.467,.344,37.5,73.5,57.3,55.0,7.0,12.2,14.1,100.0,123.9,103.9,,
https://www.basketball-reference.com/boxscores/202203160NYK.html,"7:30 PM, March 16, 2022",New York Knicks,Portland Trail Blazers,128,98,POR,,,Team Totals,240,40,91,.440,11,34,.324,7,14,.500,10,31,41,26,1,3,12,31,98,,,Team Totals,240,.504,.500,.374,.154,20.8,77.5,46.6,65.0,1.0,7.1,11.0,100.0,100.9,131.8,,
https://www.basketball-reference.com/boxscores/202203160NYK.html,"7:30 PM, March 16, 2022",New York Knicks,Portland Trail Blazers,128,98,NYK,,,Team Totals,240,40,80,.500,16,38,.421,32,39,.821,9,38,47,31,9,8,11,14,128,,,Team Totals,240,.659,.600,.475,.488,22.5,79.2,53.4,77.5,9.3,14.0,10.2,100.0,131.8,100.9,,
https://www.basketball-reference.com/boxscores/202203160SAC.html,"10:00 PM, March 16, 2022",Sacramento Kings,Milwaukee Bucks,126,135,MIL,,,Team Totals,240,47,89,.528,18,35,.514,23,32,.719,8,39,47,21,12,3,13,19,135,,,Team Totals,240,.655,.629,.393,.360,20.0,84.8,54.7,44.7,11.1,5.9,11.2,100.0,125.4,117.0,,
https://www.basketball-reference.com/boxscores/202203160SAC.html,"10:00 PM, March 16, 2022",Sacramento Kings,Milwaukee Bucks,126,135,SAC,,,Team Totals,240,46,94,.489,16,43,.372,18,21,.857,7,32,39,27,8,5,15,21,126,,,Team Totals,240,.610,.574,.457,.223,15.2,80.0,45.3,58.7,7.4,9.3,12.7,100.0,117.0,125.4,,
https://www.basketball-reference.com/boxscores/202203160SAS.html,"8:30 PM, March 16, 2022",San Antonio Spurs,Oklahoma City Thunder,122,120,OKC,,,Team Totals,240,43,82,.524,13,35,.371,21,29,.724,10,37,47,24,11,1,19,18,120,,,Team Totals,240,.633,.604,.427,.354,23.3,71.2,49.5,55.8,10.8,1.8,16.7,100.0,117.7,119.7,,
https://www.basketball-reference.com/boxscores/202203160SAS.html,"8:30 PM, March 16, 2022",San Antonio Spurs,Oklahoma City Thunder,122,120,SAS,,,Team Totals,240,43,98,.439,19,41,.463,17,20,.850,15,33,48,31,10,2,12,18,122,,,Team Totals,240,.571,.536,.418,.204,28.8,76.7,50.5,72.1,9.8,4.3,10.1,100.0,119.7,117.7,,
https://www.basketball-reference.com/boxscores/202203160UTA.html,"9:00 PM, March 16, 2022",Utah Jazz,Chicago Bulls,125,110,CHI,,,Team Totals,240,43,91,.473,12,34,.353,12,17,.706,5,32,37,28,10,2,12,22,110,,,Team Totals,240,.558,.538,.374,.187,11.9,76.2,44.0,65.1,9.8,4.5,10.9,100.0,107.4,122.0,,
https://www.basketball-reference.com/boxscores/202203160UTA.html,"9:00 PM, March 16, 2022",Utah Jazz,Chicago Bulls,125,110,UTA,,,Team Totals,240,42,83,.506,19,39,.487,22,29,.759,10,37,47,20,8,6,17,18,125,,,Team Totals,240,.653,.620,.470,.349,23.8,88.1,56.0,47.6,7.8,10.5,15.1,100.0,122.0,107.4,,
https://www.basketball-reference.com/boxscores/202203160WAS.html,"7:00 PM, March 16, 2022",Washington Wizards,Denver Nuggets,109,127,DEN,,,Team Totals,240,46,90,.511,15,37,.405,20,21,.952,8,33,41,30,7,3,10,25,127,,,Team Totals,240,.640,.594,.411,.233,18.6,71.7,46.1,65.2,7.1,4.7,9.2,100.0,129.5,111.2,,
https://www.basketball-reference.com/boxscores/202203160WAS.html,"7:00 PM, March 16, 2022",Washington Wizards,Denver Nuggets,109,127,WAS,,,Team Totals,240,41,87,.471,5,23,.217,22,31,.710,13,35,48,26,7,8,11,18,109,,,Team Totals,240,.542,.500,.264,.356,28.3,81.4,53.9,63.4,7.1,15.1,9.9,100.0,111.2,129.5,,
https://www.basketball-reference.com/boxscores/202203170ORL.html,"7:00 PM, March 17, 2022",Orlando Magic,Detroit Pistons,120,134,DET,,,Team Totals,240,47,94,.500,20,43,.465,20,31,.645,10,35,45,34,11,3,9,21,134,,,Team Totals,240,.622,.606,.457,.330,22.2,77.8,50.0,72.3,10.4,4.5,7.7,100.0,126.6,113.3,,
https://www.basketball-reference.com/boxscores/202203170ORL.html,"7:00 PM, March 17, 2022",Orlando Magic,Detroit Pistons,120,134,ORL,,,Team Totals,240,47,97,.485,11,30,.367,15,21,.714,10,35,45,24,3,4,14,21,120,,,Team Totals,240,.565,.541,.309,.216,22.2,77.8,50.0,51.1,2.8,7.8,11.6,100.0,113.3,126.6,,
https://www.basketball-reference.com/boxscores/202203180ATL.html,"7:30 PM, March 18, 2022",Atlanta Hawks,Memphis Grizzlies,120,105,MEM,,,Team Totals,240,40,86,.465,8,22,.364,17,23,.739,15,33,48,18,6,10,17,18,105,,,Team Totals,240,.546,.512,.256,.267,31.3,82.5,54.5,45.0,6.1,15.9,15.0,100.0,106.3,121.5,,
https://www.basketball-reference.com/boxscores/202203180ATL.html,"7:30 PM, March 18, 2022",Atlanta Hawks,Memphis Grizzlies,120,105,ATL,,,Team Totals,240,45,91,.495,13,28,.464,17,21,.810,7,33,40,28,12,6,10,20,120,,,Team Totals,240,.599,.566,.308,.231,17.5,68.8,45.5,62.2,12.1,9.4,9.1,100.0,121.5,106.3,,
https://www.basketball-reference.com/boxscores/202203180BRK.html,"7:30 PM, March 18, 2022",Brooklyn Nets,Portland Trail Blazers,128,123,POR,,,Team Totals,240,48,96,.500,13,35,.371,14,24,.583,17,20,37,29,14,4,14,26,123,,,Team Totals,240,.577,.568,.365,.250,34.7,60.6,45.1,60.4,14.0,7.7,11.6,100.0,123.3,128.3,,
https://www.basketball-reference.com/boxscores/202203180BRK.html,"7:30 PM, March 18, 2022",Brooklyn Nets,Portland Trail Blazers,128,123,BRK,,,Team Totals,240,45,77,.584,10,25,.400,28,33,.848,13,32,45,24,7,4,21,22,128,,,Team Totals,240,.699,.649,.325,.429,39.4,65.3,54.9,53.3,7.0,6.6,18.7,100.0,128.3,123.3,,
https://www.basketball-reference.com/boxscores/202203180CLE.html,"7:30 PM, March 18, 2022",Cleveland Cavaliers,Denver Nuggets,119,116,DEN,,,Team Totals,265,46,92,.500,10,33,.303,14,18,.778,13,38,51,35,6,3,19,24,116,,,Team Totals,265,.580,.554,.359,.196,29.5,71.7,52.6,76.1,5.8,4.9,16.0,100.0,112.2,115.1,,
https://www.basketball-reference.com/boxscores/202203180CLE.html,"7:30 PM, March 18, 2022",Cleveland Cavaliers,Denver Nuggets,119,116,CLE,,,Team Totals,265,44,98,.449,14,37,.378,17,26,.654,15,31,46,31,11,4,11,17,119,,,Team Totals,265,.544,.520,.378,.265,28.3,70.5,47.4,70.5,10.6,6.8,9.1,100.0,115.1,112.2,,
https://www.basketball-reference.com/boxscores/202203180HOU.html,"8:00 PM, March 18, 2022",Houston Rockets,Indiana Pacers,118,121,IND,,,Team Totals,240,47,101,.465,14,43,.326,13,19,.684,16,30,46,29,7,4,13,26,121,,,Team Totals,240,.553,.535,.426,.188,30.2,85.7,52.3,61.7,6.8,7.7,10.6,100.0,117.6,114.7,,
https://www.basketball-reference.com/boxscores/202203180HOU.html,"8:00 PM, March 18, 2022",Houston Rockets,Indiana Pacers,118,121,HOU,,,Team Totals,240,39,79,.494,12,27,.444,28,32,.875,5,37,42,24,9,8,16,19,118,,,Team Totals,240,.634,.570,.342,.405,14.3,69.8,47.7,61.5,8.7,13.8,14.7,100.0,114.7,117.6,,
https://www.basketball-reference.com/boxscores/202203180MIA.html,"8:00 PM, March 18, 2022",Miami Heat,Oklahoma City Thunder,120,108,OKC,,,Team Totals,240,40,84,.476,10,34,.294,18,23,.783,11,36,47,19,4,5,12,10,108,,,Team Totals,240,.574,.536,.405,.274,23.9,76.6,50.5,47.5,4.3,11.4,11.3,100.0,115.2,128.0,,
https://www.basketball-reference.com/boxscores/202203180MIA.html,"8:00 PM, March 18, 2022",Miami Heat,Oklahoma City Thunder,120,108,MIA,,,Team Totals,240,46,95,.484,18,51,.353,10,12,.833,11,35,46,25,5,0,6,19,120,,,Team Totals,240,.598,.579,.537,.126,23.4,76.1,49.5,54.3,5.3,0.0,5.6,100.0,128.0,115.2,,
https://www.basketball-reference.com/boxscores/202203180NYK.html,"7:30 PM, March 18, 2022",New York Knicks,Washington Wizards,100,97,WAS,,,Team Totals,240,34,79,.430,13,34,.382,16,21,.762,3,35,38,19,2,6,13,27,97,,,Team Totals,240,.550,.513,.430,.266,6.8,64.8,38.8,55.9,2.1,10.5,12.8,100.0,100.9,104.0,,
https://www.basketball-reference.com/boxscores/202203180NYK.html,"7:30 PM, March 18, 2022",New York Knicks,Washington Wizards,100,97,NYK,,,Team Totals,240,31,90,.344,10,33,.303,28,36,.778,19,41,60,18,9,3,13,20,100,,,Team Totals,240,.472,.400,.367,.400,35.2,93.2,61.2,58.1,9.4,6.7,10.9,100.0,104.0,100.9,,
https://www.basketball-reference.com/boxscores/202203180PHI.html,"7:00 PM, March 18, 2022",Philadelphia 76ers,Dallas Mavericks,111,101,DAL,,,Team Totals,240,37,80,.463,12,32,.375,15,21,.714,11,29,40,21,4,3,12,17,101,,,Team Totals,240,.566,.538,.400,.263,25.0,85.3,51.3,56.8,4.5,8.1,11.9,100.0,112.8,123.9,,
https://www.basketball-reference.com/boxscores/202203180PHI.html,"7:00 PM, March 18, 2022",Philadelphia 76ers,Dallas Mavericks,111,101,PHI,,,Team Totals,240,37,75,.493,16,38,.421,21,23,.913,5,33,38,23,9,4,12,21,111,,,Team Totals,240,.652,.600,.507,.307,14.7,75.0,48.7,62.2,10.0,8.3,12.4,100.0,123.9,112.8,,
https://www.basketball-reference.com/boxscores/202203180PHO.html,"10:00 PM, March 18, 2022",Phoenix Suns,Chicago Bulls,129,102,CHI,,,Team Totals,240,35,85,.412,7,27,.259,25,31,.806,13,24,37,20,6,0,11,18,102,,,Team Totals,240,.517,.453,.318,.365,25.0,70.6,43.0,57.1,6.3,0.0,10.0,100.0,106.9,135.2,,
https://www.basketball-reference.com/boxscores/202203180PHO.html,"10:00 PM, March 18, 2022",Phoenix Suns,Chicago Bulls,129,102,PHO,,,Team Totals,240,47,84,.560,11,25,.440,24,26,.923,10,39,49,23,5,4,13,20,129,,,Team Totals,240,.676,.625,.298,.310,29.4,75.0,57.0,48.9,5.2,6.9,12.0,100.0,135.2,106.9,,
https://www.basketball-reference.com/boxscores/202203180SAC.html,"10:00 PM, March 18, 2022",Sacramento Kings,Boston Celtics,97,126,BOS,,,Team Totals,240,46,82,.561,22,40,.550,12,17,.706,6,37,43,33,11,1,13,23,126,,,Team Totals,240,.704,.695,.488,.207,17.1,82.2,53.8,71.7,11.5,2.3,12.7,100.0,131.9,101.5,,
https://www.basketball-reference.com/boxscores/202203180SAC.html,"10:00 PM, March 18, 2022",Sacramento Kings,Boston Celtics,97,126,SAC,,,Team Totals,240,33,79,.418,13,36,.361,18,24,.750,8,29,37,23,5,6,16,14,97,,,Team Totals,240,.542,.500,.456,.304,17.8,82.9,46.3,69.7,5.2,14.3,15.2,100.0,101.5,131.9,,
https://www.basketball-reference.com/boxscores/202203180SAS.html,"8:30 PM, March 18, 2022",San Antonio Spurs,New Orleans Pelicans,91,124,NOP,,,Team Totals,240,48,96,.500,14,34,.412,14,18,.778,13,45,58,24,13,4,10,21,124,,,Team Totals,240,.597,.573,.354,.188,28.9,84.9,59.2,50.0,12.9,8.9,8.8,100.0,122.7,90.0,,
https://www.basketball-reference.com/boxscores/202203180SAS.html,"8:30 PM, March 18, 2022",San Antonio Spurs,New Orleans Pelicans,91,124,SAS,,,Team Totals,240,32,89,.360,11,44,.250,16,20,.800,8,32,40,22,5,4,16,12,91,,,Team Totals,240,.465,.421,.494,.225,15.1,71.1,40.8,68.8,4.9,6.5,14.1,100.0,90.0,122.7,,
https://www.basketball-reference.com/boxscores/202203180TOR.html,"7:30 PM, March 18, 2022",Toronto Raptors,Los Angeles Lakers,123,128,LAL,,,Team Totals,265,47,96,.490,19,43,.442,15,21,.714,13,30,43,33,6,4,14,19,128,,,Team Totals,265,.608,.589,.448,.219,30.2,65.2,48.3,70.2,5.9,6.7,11.7,100.0,126.9,122.0,,
https://www.basketball-reference.com/boxscores/202203180TOR.html,"7:30 PM, March 18, 2022",Toronto Raptors,Los Angeles Lakers,123,128,TOR,,,Team Totals,265,49,97,.505,12,37,.324,13,20,.650,16,30,46,25,8,2,12,19,123,,,Team Totals,265,.581,.567,.381,.206,34.8,69.8,51.7,51.0,7.9,3.8,10.2,100.0,122.0,126.9,,
https://www.basketball-reference.com/boxscores/202203180UTA.html,"9:00 PM, March 18, 2022",Utah Jazz,Los Angeles Clippers,121,92,LAC,,,Team Totals,240,31,86,.360,11,35,.314,19,21,.905,8,35,43,23,10,8,12,13,92,,,Team Totals,240,.483,.424,.407,.244,15.4,70.0,42.2,74.2,10.2,15.1,11.2,100.0,93.9,123.5,,
https://www.basketball-reference.com/boxscores/202203180UTA.html,"9:00 PM, March 18, 2022",Utah Jazz,Los Angeles Clippers,121,92,UTA,,,Team Totals,240,47,97,.485,16,44,.364,11,14,.786,15,44,59,30,9,5,12,18,121,,,Team Totals,240,.586,.567,.454,.144,30.0,84.6,57.8,63.8,9.2,9.8,10.4,100.0,123.5,93.9,,
https://www.basketball-reference.com/boxscores/202203190CHO.html,"7:00 PM, March 19, 2022",Charlotte Hornets,Dallas Mavericks,129,108,DAL,,,Team Totals,240,39,89,.438,14,38,.368,16,20,.800,12,32,44,18,4,4,15,26,108,,,Team Totals,240,.552,.517,.427,.225,25.0,76.2,48.9,46.2,4.1,8.7,13.3,100.0,110.6,132.2,,
https://www.basketball-reference.com/boxscores/202203190CHO.html,"7:00 PM, March 19, 2022",Charlotte Hornets,Dallas Mavericks,129,108,CHO,,,Team Totals,240,44,88,.500,20,42,.476,21,27,.778,10,36,46,33,8,8,9,18,129,,,Team Totals,240,.646,.614,.477,.307,23.8,75.0,51.1,75.0,8.2,15.7,8.3,100.0,132.2,110.6,,
https://www.basketball-reference.com/boxscores/202203190CLE.html,"8:00 PM, March 19, 2022",Cleveland Cavaliers,Detroit Pistons,113,109,DET,,,Team Totals,240,41,85,.482,13,30,.433,14,19,.737,10,28,38,23,10,6,16,22,109,,,Team Totals,240,.584,.559,.353,.224,23.8,70.0,46.3,56.1,10.2,9.7,14.6,100.0,110.8,114.8,,
https://www.basketball-reference.com/boxscores/202203190CLE.html,"8:00 PM, March 19, 2022",Cleveland Cavaliers,Detroit Pistons,113,109,CLE,,,Team Totals,240,45,88,.511,10,26,.385,13,23,.565,12,32,44,28,7,4,16,16,113,,,Team Totals,240,.576,.568,.295,.261,30.0,76.2,53.7,62.2,7.1,7.3,14.0,100.0,114.8,110.8,,
https://www.basketball-reference.com/boxscores/202203190MIN.html,"5:00 PM, March 19, 2022",Minnesota Timberwolves,Milwaukee Bucks,138,119,MIL,,,Team Totals,240,43,97,.443,19,52,.365,14,17,.824,14,37,51,27,6,4,14,18,119,,,Team Totals,240,.569,.541,.536,.175,28.0,82.2,53.7,62.8,5.8,8.9,11.8,100.0,115.3,133.7,,
https://www.basketball-reference.com/boxscores/202203190MIN.html,"5:00 PM, March 19, 2022",Minnesota Timberwolves,Milwaukee Bucks,138,119,MIN,,,Team Totals,240,47,92,.511,22,47,.468,22,26,.846,8,36,44,30,12,2,11,19,138,,,Team Totals,240,.667,.630,.511,.283,17.8,72.0,46.3,63.8,11.6,4.4,9.6,100.0,133.7,115.3,,
https://www.basketball-reference.com/boxscores/202203190WAS.html,"8:00 PM, March 19, 2022",Washington Wizards,Los Angeles Lakers,127,119,LAL,,,Team Totals,240,48,91,.527,13,35,.371,10,11,.909,9,32,41,25,3,1,15,23,119,,,Team Totals,240,.621,.599,.385,.121,23.7,82.1,53.2,52.1,3.0,1.9,13.5,100.0,120.8,128.9,,
https://www.basketball-reference.com/boxscores/202203190WAS.html,"8:00 PM, March 19, 2022",Washington Wizards,Los Angeles Lakers,127,119,WAS,,,Team Totals,240,44,85,.518,13,31,.419,26,31,.839,7,29,36,30,10,1,8,13,127,,,Team Totals,240,.644,.594,.365,.365,17.9,76.3,46.8,68.2,10.2,1.8,7.5,100.0,128.9,120.8,,
https://www.basketball-reference.com/boxscores/202203200ATL.html,"6:00 PM, March 20, 2022",Atlanta Hawks,New Orleans Pelicans,112,117,NOP,,,Team Totals,240,43,96,.448,7,21,.333,24,27,.889,18,36,54,22,12,1,16,23,117,,,Team Totals,240,.542,.484,.219,.281,35.3,83.7,57.4,51.2,11.6,1.8,12.9,100.0,113.1,108.2,,
https://www.basketball-reference.com/boxscores/202203200ATL.html,"6:00 PM, March 20, 2022",Atlanta Hawks,New Orleans Pelicans,112,117,ATL,,,Team Totals,240,41,87,.471,10,32,.313,20,23,.870,7,33,40,22,7,4,16,22,112,,,Team Totals,240,.577,.529,.368,.264,16.3,64.7,42.6,53.7,6.8,5.3,14.1,100.0,108.2,113.1,,
https://www.basketball-reference.com/boxscores/202203200DEN.html,"8:00 PM, March 20, 2022",Denver Nuggets,Boston Celtics,104,124,BOS,,,Team Totals,240,47,82,.573,19,40,.475,11,11,1.000,5,33,38,29,4,6,9,18,124,,,Team Totals,240,.714,.689,.488,.134,15.2,71.7,48.1,61.7,4.4,12.5,9.4,100.0,136.3,114.3,,
https://www.basketball-reference.com/boxscores/202203200DEN.html,"8:00 PM, March 20, 2022",Denver Nuggets,Boston Celtics,104,124,DEN,,,Team Totals,240,35,87,.402,14,39,.359,20,25,.800,13,28,41,22,4,3,11,15,104,,,Team Totals,240,.531,.483,.448,.287,28.3,84.8,51.9,62.9,4.4,7.1,10.1,100.0,114.3,136.3,,
https://www.basketball-reference.com/boxscores/202203200GSW.html,"8:30 PM, March 20, 2022",Golden State Warriors,San Antonio Spurs,108,110,SAS,,,Team Totals,240,38,98,.388,15,40,.375,19,25,.760,17,27,44,25,7,2,11,18,110,,,Team Totals,240,.505,.464,.408,.255,31.5,57.4,43.6,65.8,7.4,3.5,9.2,100.0,115.9,113.8,,
https://www.basketball-reference.com/boxscores/202203200GSW.html,"8:30 PM, March 20, 2022",Golden State Warriors,San Antonio Spurs,108,110,GSW,,,Team Totals,240,41,90,.456,11,33,.333,15,21,.714,20,37,57,26,5,1,15,20,108,,,Team Totals,240,.544,.517,.367,.233,42.6,68.5,56.4,63.4,5.3,1.7,13.1,100.0,113.8,115.9,,
https://www.basketball-reference.com/boxscores/202203200HOU.html,"3:30 PM, March 20, 2022",Houston Rockets,Memphis Grizzlies,98,122,MEM,,,Team Totals,240,46,96,.479,16,34,.471,14,17,.824,7,44,51,26,14,6,14,24,122,,,Team Totals,240,.589,.563,.354,.177,14.9,89.8,53.1,56.5,13.0,10.9,11.9,100.0,112.9,90.7,,
https://www.basketball-reference.com/boxscores/202203200HOU.html,"3:30 PM, March 20, 2022",Houston Rockets,Memphis Grizzlies,98,122,HOU,,,Team Totals,240,37,86,.430,10,31,.323,14,24,.583,5,40,45,26,6,3,17,16,98,,,Team Totals,240,.507,.488,.360,.279,10.2,85.1,46.9,70.3,5.6,4.8,15.0,100.0,90.7,112.9,,
https://www.basketball-reference.com/boxscores/202203200IND.html,"3:30 PM, March 20, 2022",Indiana Pacers,Portland Trail Blazers,129,98,POR,,,Team Totals,240,38,81,.469,9,33,.273,13,18,.722,10,22,32,23,10,3,18,19,98,,,Team Totals,240,.551,.525,.407,.222,25.0,66.7,43.8,60.5,10.5,6.1,16.8,100.0,103.0,135.6,,
https://www.basketball-reference.com/boxscores/202203200IND.html,"3:30 PM, March 20, 2022",Indiana Pacers,Portland Trail Blazers,129,98,IND,,,Team Totals,240,48,84,.571,15,35,.429,18,21,.857,11,30,41,38,10,2,16,19,129,,,Team Totals,240,.692,.661,.417,.250,33.3,75.0,56.2,79.2,10.5,4.2,14.6,100.0,135.6,103.0,,
https://www.basketball-reference.com/boxscores/202203200NYK.html,"7:30 PM, March 20, 2022",New York Knicks,Utah Jazz,93,108,UTA,,,Team Totals,240,34,74,.459,17,46,.370,23,29,.793,9,40,49,16,9,11,12,17,108,,,Team Totals,240,.622,.574,.622,.392,25.0,80.0,57.0,47.1,10.1,25.6,12.2,100.0,121.2,104.4,,
https://www.basketball-reference.com/boxscores/202203200NYK.html,"7:30 PM, March 20, 2022",New York Knicks,Utah Jazz,93,108,NYK,,,Team Totals,240,31,83,.373,16,40,.400,15,21,.714,10,27,37,20,7,2,11,19,93,,,Team Totals,240,.504,.470,.482,.253,20.0,75.0,43.0,64.5,7.9,7.1,10.7,100.0,104.4,121.2,,
https://www.basketball-reference.com/boxscores/202203200ORL.html,"6:00 PM, March 20, 2022",Orlando Magic,Oklahoma City Thunder,90,85,OKC,,,Team Totals,240,30,92,.326,13,48,.271,12,18,.667,14,33,47,19,13,7,16,24,85,,,Team Totals,240,.425,.397,.522,.196,23.7,68.8,43.9,63.3,13.3,13.5,13.8,100.0,86.7,91.8,,
https://www.basketball-reference.com/boxscores/202203200ORL.html,"6:00 PM, March 20, 2022",Orlando Magic,Oklahoma City Thunder,90,85,ORL,,,Team Totals,240,32,83,.386,7,31,.226,19,24,.792,15,45,60,22,11,4,21,17,90,,,Team Totals,240,.481,.428,.373,.289,31.3,76.3,56.1,68.8,11.2,9.1,18.3,100.0,91.8,86.7,,
https://www.basketball-reference.com/boxscores/202203200PHI.html,"8:30 PM, March 20, 2022",Philadelphia 76ers,Toronto Raptors,88,93,TOR,,,Team Totals,240,35,93,.376,7,26,.269,16,23,.696,20,36,56,16,5,4,9,16,93,,,Team Totals,240,.451,.414,.280,.247,36.4,87.8,58.3,45.7,5.6,8.7,8.0,100.0,105.0,99.3,,
https://www.basketball-reference.com/boxscores/202203200PHI.html,"8:30 PM, March 20, 2022",Philadelphia 76ers,Toronto Raptors,88,93,PHI,,,Team Totals,240,30,73,.411,7,27,.259,21,28,.750,5,35,40,21,7,5,10,23,88,,,Team Totals,240,.516,.459,.370,.384,12.2,63.6,41.7,70.0,7.9,7.5,10.5,100.0,99.3,105.0,,
https://www.basketball-reference.com/boxscores/202203200SAC.html,"6:00 PM, March 20, 2022",Sacramento Kings,Phoenix Suns,124,127,PHO,,,Team Totals,265,46,92,.500,12,28,.429,23,27,.852,10,40,50,25,12,5,18,30,127,,,Team Totals,265,.611,.565,.304,.293,23.3,81.6,54.3,54.3,10.9,8.8,14.8,100.0,115.7,113.0,,
https://www.basketball-reference.com/boxscores/202203200SAC.html,"6:00 PM, March 20, 2022",Sacramento Kings,Phoenix Suns,124,127,SAC,,,Team Totals,265,39,91,.429,16,34,.471,30,36,.833,9,33,42,27,12,2,15,21,124,,,Team Totals,265,.580,.516,.374,.396,18.4,76.7,45.7,69.2,10.9,3.1,12.3,100.0,113.0,115.7,,
https://www.basketball-reference.com/boxscores/202203210BRK.html,"7:30 PM, March 21, 2022",Brooklyn Nets,Utah Jazz,114,106,UTA,,,Team Totals,240,37,83,.446,14,39,.359,18,22,.818,11,26,37,18,8,7,14,16,106,,,Team Totals,240,.572,.530,.470,.265,24.4,78.8,47.4,48.6,8.5,13.2,13.1,100.0,112.7,121.2,,
https://www.basketball-reference.com/boxscores/202203210BRK.html,"7:30 PM, March 21, 2022",Brooklyn Nets,Utah Jazz,114,106,BRK,,,Team Totals,240,45,83,.542,11,30,.367,13,15,.867,7,34,41,31,5,4,14,19,114,,,Team Totals,240,.636,.608,.361,.181,21.2,75.6,52.6,68.9,5.3,9.1,13.5,100.0,121.2,112.7,,
https://www.basketball-reference.com/boxscores/202203210CHI.html,"8:00 PM, March 21, 2022",Chicago Bulls,Toronto Raptors,113,99,TOR,,,Team Totals,240,40,91,.440,6,32,.188,13,15,.867,14,35,49,26,5,6,14,20,99,,,Team Totals,240,.507,.473,.352,.165,33.3,71.4,53.8,65.0,5.4,9.7,12.5,100.0,107.4,122.6,,
https://www.basketball-reference.com/boxscores/202203210CHI.html,"8:00 PM, March 21, 2022",Chicago Bulls,Toronto Raptors,113,99,CHI,,,Team Totals,240,44,90,.489,11,28,.393,14,24,.583,14,28,42,28,6,7,6,14,113,,,Team Totals,240,.562,.550,.311,.267,28.6,66.7,46.2,63.6,6.5,11.9,5.6,100.0,122.6,107.4,,
https://www.basketball-reference.com/boxscores/202203210CHO.html,"7:00 PM, March 21, 2022",Charlotte Hornets,New Orleans Pelicans,106,103,NOP,,,Team Totals,240,40,90,.444,9,24,.375,14,16,.875,15,32,47,23,9,4,15,16,103,,,Team Totals,240,.531,.494,.267,.178,33.3,86.5,57.3,57.5,9.5,9.5,13.4,100.0,108.5,111.6,,
https://www.basketball-reference.com/boxscores/202203210CHO.html,"7:00 PM, March 21, 2022",Charlotte Hornets,New Orleans Pelicans,106,103,CHO,,,Team Totals,240,40,79,.506,13,37,.351,13,15,.867,5,30,35,34,5,10,17,19,106,,,Team Totals,240,.619,.589,.468,.190,13.5,66.7,42.7,85.0,5.3,15.2,16.6,100.0,111.6,108.5,,
https://www.basketball-reference.com/boxscores/202203210CLE.html,"7:00 PM, March 21, 2022",Cleveland Cavaliers,Los Angeles Lakers,120,131,LAL,,,Team Totals,240,53,94,.564,12,32,.375,13,16,.813,9,32,41,34,7,3,8,19,131,,,Team Totals,240,.648,.628,.340,.170,23.1,80.0,51.9,64.2,7.2,6.4,7.3,100.0,134.3,123.0,,
https://www.basketball-reference.com/boxscores/202203210CLE.html,"7:00 PM, March 21, 2022",Cleveland Cavaliers,Los Angeles Lakers,120,131,CLE,,,Team Totals,240,45,86,.523,14,39,.359,16,19,.842,8,30,38,29,3,2,12,19,120,,,Team Totals,240,.636,.605,.453,.221,20.0,76.9,48.1,64.4,3.1,3.2,11.3,100.0,123.0,134.3,,
https://www.basketball-reference.com/boxscores/202203210DAL.html,"8:30 PM, March 21, 2022",Dallas Mavericks,Minnesota Timberwolves,110,108,MIN,,,Team Totals,240,36,91,.396,13,36,.361,23,29,.793,15,35,50,21,9,3,9,18,108,,,Team Totals,240,.520,.467,.396,.319,27.3,83.3,51.5,58.3,9.4,8.1,8.0,100.0,112.9,115.0,,
https://www.basketball-reference.com/boxscores/202203210DAL.html,"8:30 PM, March 21, 2022",Dallas Mavericks,Minnesota Timberwolves,110,108,DAL,,,Team Totals,240,40,83,.482,14,46,.304,16,21,.762,7,40,47,27,5,3,12,21,110,,,Team Totals,240,.596,.566,.554,.253,16.7,72.7,48.5,67.5,5.2,5.5,11.5,100.0,115.0,112.9,,
https://www.basketball-reference.com/boxscores/202203210DET.html,"7:00 PM, March 21, 2022",Detroit Pistons,Portland Trail Blazers,115,119,POR,,,Team Totals,240,37,88,.420,8,28,.286,37,49,.755,17,30,47,22,15,7,9,26,119,,,Team Totals,240,.543,.466,.318,.557,32.1,71.4,49.5,59.5,14.6,14.0,7.6,100.0,115.8,111.9,,
https://www.basketball-reference.com/boxscores/202203210DET.html,"7:00 PM, March 21, 2022",Detroit Pistons,Portland Trail Blazers,115,119,DET,,,Team Totals,240,36,85,.424,9,35,.257,34,41,.829,12,36,48,22,8,5,20,34,115,,,Team Totals,240,.558,.476,.412,.482,28.6,67.9,50.5,61.1,7.8,8.3,16.3,100.0,111.9,115.8,,
https://www.basketball-reference.com/boxscores/202203210HOU.html,"8:00 PM, March 21, 2022",Houston Rockets,Washington Wizards,115,97,WAS,,,Team Totals,240,35,85,.412,6,29,.207,21,24,.875,10,37,47,24,7,6,11,15,97,,,Team Totals,240,.508,.447,.341,.282,20.8,86.0,51.6,68.6,7.3,13.0,10.3,100.0,101.4,120.3,,
https://www.basketball-reference.com/boxscores/202203210HOU.html,"8:00 PM, March 21, 2022",Houston Rockets,Washington Wizards,115,97,HOU,,,Team Totals,240,42,85,.494,20,39,.513,11,13,.846,6,38,44,30,5,8,13,22,115,,,Team Totals,240,.634,.612,.459,.153,14.0,79.2,48.4,71.4,5.2,14.3,12.5,100.0,120.3,101.4,,
https://www.basketball-reference.com/boxscores/202203210OKC.html,"8:00 PM, March 21, 2022",Oklahoma City Thunder,Boston Celtics,123,132,BOS,,,Team Totals,240,44,86,.512,15,40,.375,29,34,.853,6,36,42,22,8,7,9,18,132,,,Team Totals,240,.654,.599,.465,.395,15.8,78.3,50.0,50.0,8.0,12.5,8.2,100.0,131.6,122.6,,
https://www.basketball-reference.com/boxscores/202203210OKC.html,"8:00 PM, March 21, 2022",Oklahoma City Thunder,Boston Celtics,123,132,OKC,,,Team Totals,240,48,93,.516,17,37,.459,10,14,.714,10,32,42,23,5,4,11,26,123,,,Team Totals,240,.620,.608,.398,.151,21.7,84.2,50.0,47.9,5.0,8.7,10.0,100.0,122.6,131.6,,
https://www.basketball-reference.com/boxscores/202203210PHI.html,"7:30 PM, March 21, 2022",Philadelphia 76ers,Miami Heat,113,106,MIA,,,Team Totals,240,38,80,.475,10,33,.303,20,20,1.000,4,30,34,23,6,4,12,16,106,,,Team Totals,240,.597,.538,.413,.250,10.5,73.2,43.0,60.5,6.4,8.2,11.9,100.0,113.2,120.6,,
https://www.basketball-reference.com/boxscores/202203210PHI.html,"7:30 PM, March 21, 2022",Philadelphia 76ers,Miami Heat,113,106,PHI,,,Team Totals,240,43,86,.500,15,37,.405,12,16,.750,11,34,45,26,6,4,12,20,113,,,Team Totals,240,.607,.587,.430,.186,26.8,89.5,57.0,60.5,6.4,8.5,11.4,100.0,120.6,113.2,,
https://www.basketball-reference.com/boxscores/202203220DEN.html,"10:00 PM, March 22, 2022",Denver Nuggets,Los Angeles Clippers,127,115,LAC,,,Team Totals,240,42,86,.488,10,32,.313,21,26,.808,6,29,35,27,3,7,6,19,115,,,Team Totals,240,.590,.547,.372,.302,15.0,82.9,46.7,64.3,3.1,13.7,5.8,100.0,120.1,132.6,,
https://www.basketball-reference.com/boxscores/202203220DEN.html,"10:00 PM, March 22, 2022",Denver Nuggets,Los Angeles Clippers,127,115,DEN,,,Team Totals,240,45,83,.542,16,32,.500,21,23,.913,6,34,40,31,4,5,11,19,127,,,Team Totals,240,.682,.639,.386,.277,17.1,85.0,53.3,68.9,4.2,9.3,10.6,100.0,132.6,120.1,,
https://www.basketball-reference.com/boxscores/202203220MIL.html,"8:00 PM, March 22, 2022",Milwaukee Bucks,Chicago Bulls,126,98,CHI,,,Team Totals,240,39,92,.424,13,33,.394,7,13,.538,5,28,33,21,9,4,7,12,98,,,Team Totals,240,.501,.495,.359,.141,9.4,84.8,38.4,53.8,9.1,7.4,6.7,100.0,98.7,126.8,,
https://www.basketball-reference.com/boxscores/202203220MIL.html,"8:00 PM, March 22, 2022",Milwaukee Bucks,Chicago Bulls,126,98,MIL,,,Team Totals,240,50,82,.610,12,28,.429,14,20,.700,5,48,53,26,4,6,15,12,126,,,Team Totals,240,.694,.683,.341,.244,15.2,90.6,61.6,52.0,4.0,10.2,14.2,100.0,126.8,98.7,,
https://www.basketball-reference.com/boxscores/202203220NYK.html,"7:30 PM, March 22, 2022",New York Knicks,Atlanta Hawks,111,117,ATL,,,Team Totals,240,40,81,.494,15,36,.417,22,27,.815,10,33,43,26,7,5,14,18,117,,,Team Totals,240,.630,.586,.444,.333,27.0,70.2,51.2,65.0,7.4,9.6,13.1,100.0,123.0,116.6,,
https://www.basketball-reference.com/boxscores/202203220NYK.html,"7:30 PM, March 22, 2022",New York Knicks,Atlanta Hawks,111,117,NYK,,,Team Totals,240,42,86,.488,13,34,.382,14,26,.538,14,27,41,20,12,4,14,23,111,,,Team Totals,240,.570,.564,.395,.302,29.8,73.0,48.8,47.6,12.6,8.9,12.6,100.0,116.6,123.0,,
https://www.basketball-reference.com/boxscores/202203220ORL.html,"7:00 PM, March 22, 2022",Orlando Magic,Golden State Warriors,94,90,GSW,,,Team Totals,240,34,85,.400,11,32,.344,11,16,.688,12,36,48,21,6,3,18,23,90,,,Team Totals,240,.489,.465,.376,.188,26.7,85.7,55.2,61.8,6.4,7.0,16.4,100.0,95.3,99.5,,
https://www.basketball-reference.com/boxscores/202203220ORL.html,"7:00 PM, March 22, 2022",Orlando Magic,Golden State Warriors,94,90,ORL,,,Team Totals,240,34,79,.430,10,36,.278,16,20,.800,6,33,39,25,9,6,14,14,94,,,Team Totals,240,.535,.494,.456,.253,14.3,73.3,44.8,73.5,9.5,11.3,13.8,100.0,99.5,95.3,,
https://www.basketball-reference.com/boxscores/202203230BOS.html,"7:30 PM, March 23, 2022",Boston Celtics,Utah Jazz,125,97,UTA,,,Team Totals,240,35,88,.398,8,36,.222,19,21,.905,16,24,40,13,8,1,14,14,97,,,Team Totals,240,.499,.443,.409,.239,34.0,75.0,50.6,37.1,8.8,2.1,12.6,100.0,106.7,137.5,,
https://www.basketball-reference.com/boxscores/202203230BOS.html,"7:30 PM, March 23, 2022",Boston Celtics,Utah Jazz,125,97,BOS,,,Team Totals,240,50,84,.595,19,36,.528,6,7,.857,8,31,39,37,8,10,13,20,125,,,Team Totals,240,.718,.708,.429,.083,25.0,66.0,49.4,74.0,8.8,19.2,13.0,100.0,137.5,106.7,,
https://www.basketball-reference.com/boxscores/202203230CHO.html,"7:00 PM, March 23, 2022",Charlotte Hornets,New York Knicks,106,121,NYK,,,Team Totals,240,43,83,.518,20,45,.444,15,17,.882,6,34,40,30,5,3,9,17,121,,,Team Totals,240,.669,.639,.542,.205,16.2,70.8,47.1,69.8,5.4,7.0,9.0,100.0,131.5,115.2,,
https://www.basketball-reference.com/boxscores/202203230CHO.html,"7:00 PM, March 23, 2022",Charlotte Hornets,New York Knicks,106,121,CHO,,,Team Totals,240,42,89,.472,13,46,.283,9,17,.529,14,31,45,26,5,4,11,18,106,,,Team Totals,240,.549,.545,.517,.191,29.2,83.8,52.9,61.9,5.4,10.5,10.2,100.0,115.2,131.5,,
https://www.basketball-reference.com/boxscores/202203230DAL.html,"8:30 PM, March 23, 2022",Dallas Mavericks,Houston Rockets,110,91,HOU,,,Team Totals,240,33,82,.402,4,28,.143,21,28,.750,12,33,45,17,8,5,16,21,91,,,Team Totals,240,.482,.427,.341,.341,26.1,80.5,51.7,51.5,8.2,9.4,14.5,100.0,93.7,113.3,,
https://www.basketball-reference.com/boxscores/202203230DAL.html,"8:30 PM, March 23, 2022",Dallas Mavericks,Houston Rockets,110,91,DAL,,,Team Totals,240,42,86,.488,8,33,.242,18,22,.818,8,34,42,24,9,1,13,24,110,,,Team Totals,240,.575,.535,.384,.256,19.5,73.9,48.3,57.1,9.3,1.9,12.0,100.0,113.3,93.7,,
https://www.basketball-reference.com/boxscores/202203230DET.html,"7:00 PM, March 23, 2022",Detroit Pistons,Atlanta Hawks,122,101,ATL,,,Team Totals,240,37,92,.402,14,44,.318,13,15,.867,9,31,40,21,8,3,14,17,101,,,Team Totals,240,.512,.478,.478,.163,16.7,77.5,42.6,56.8,7.8,5.5,12.4,100.0,98.2,118.7,,
https://www.basketball-reference.com/boxscores/202203230DET.html,"7:00 PM, March 23, 2022",Detroit Pistons,Atlanta Hawks,122,101,DET,,,Team Totals,240,44,88,.500,12,33,.364,22,25,.880,9,45,54,30,10,4,16,19,122,,,Team Totals,240,.616,.568,.375,.284,22.5,83.3,57.4,68.2,9.7,8.3,13.9,100.0,118.7,98.2,,
https://www.basketball-reference.com/boxscores/202203230IND.html,"7:00 PM, March 23, 2022",Indiana Pacers,Sacramento Kings,109,110,SAC,,,Team Totals,240,43,82,.524,12,37,.324,12,17,.706,4,32,36,26,7,3,17,10,110,,,Team Totals,240,.615,.598,.451,.207,11.1,76.2,46.2,60.5,7.0,5.5,16.0,100.0,110.5,109.5,,
https://www.basketball-reference.com/boxscores/202203230IND.html,"7:00 PM, March 23, 2022",Indiana Pacers,Sacramento Kings,109,110,IND,,,Team Totals,240,42,91,.462,14,36,.389,11,11,1.000,10,32,42,34,11,3,15,17,109,,,Team Totals,240,.569,.538,.396,.121,23.8,88.9,53.8,81.0,11.1,6.7,13.5,100.0,109.5,110.5,,
https://www.basketball-reference.com/boxscores/202203230LAL.html,"10:00 PM, March 23, 2022",Los Angeles Lakers,Philadelphia 76ers,121,126,PHI,,,Team Totals,240,47,91,.516,10,27,.370,22,28,.786,8,35,43,26,7,5,7,13,126,,,Team Totals,240,.610,.571,.297,.308,19.0,76.1,48.9,55.3,6.9,7.5,6.3,100.0,123.8,118.9,,
https://www.basketball-reference.com/boxscores/202203230LAL.html,"10:00 PM, March 23, 2022",Los Angeles Lakers,Philadelphia 76ers,121,126,LAL,,,Team Totals,240,50,97,.515,11,30,.367,10,16,.625,11,34,45,25,6,3,12,19,121,,,Team Totals,240,.582,.572,.309,.165,23.9,81.0,51.1,50.0,5.9,4.7,10.3,100.0,118.9,123.8,,
https://www.basketball-reference.com/boxscores/202203230MEM.html,"7:30 PM, March 23, 2022",Memphis Grizzlies,Brooklyn Nets,132,120,BRK,,,Team Totals,240,43,87,.494,9,25,.360,25,27,.926,10,29,39,18,6,10,14,20,120,,,Team Totals,240,.607,.546,.287,.310,25.0,64.4,45.9,41.9,5.9,15.9,12.4,100.0,118.6,130.5,,
https://www.basketball-reference.com/boxscores/202203230MEM.html,"7:30 PM, March 23, 2022",Memphis Grizzlies,Brooklyn Nets,132,120,MEM,,,Team Totals,240,47,101,.465,19,38,.500,19,22,.864,16,30,46,28,8,7,13,22,132,,,Team Totals,240,.596,.559,.376,.218,35.6,75.0,54.1,59.6,7.9,11.3,10.5,100.0,130.5,118.6,,
https://www.basketball-reference.com/boxscores/202203230MIA.html,"7:30 PM, March 23, 2022",Miami Heat,Golden State Warriors,104,118,GSW,,,Team Totals,240,40,77,.519,15,36,.417,23,27,.852,7,38,45,23,5,2,13,24,118,,,Team Totals,240,.664,.617,.468,.351,21.2,82.6,57.0,57.5,5.4,4.1,12.8,100.0,126.3,111.3,,
https://www.basketball-reference.com/boxscores/202203230MIA.html,"7:30 PM, March 23, 2022",Miami Heat,Golden State Warriors,104,118,MIA,,,Team Totals,240,37,85,.435,14,36,.389,16,21,.762,8,26,34,26,8,1,10,19,104,,,Team Totals,240,.552,.518,.424,.247,17.4,78.8,43.0,70.3,8.6,2.4,9.6,100.0,111.3,126.3,,
https://www.basketball-reference.com/boxscores/202203230MIN.html,"8:00 PM, March 23, 2022",Minnesota Timberwolves,Phoenix Suns,116,125,PHO,,,Team Totals,240,45,86,.523,12,33,.364,23,29,.793,11,32,43,30,6,9,13,20,125,,,Team Totals,240,.633,.593,.384,.337,26.8,68.1,48.9,66.7,6.1,17.3,11.6,100.0,127.2,118.0,,
https://www.basketball-reference.com/boxscores/202203230MIN.html,"8:00 PM, March 23, 2022",Minnesota Timberwolves,Phoenix Suns,116,125,MIN,,,Team Totals,240,42,95,.442,13,43,.302,19,22,.864,15,30,45,27,5,5,12,21,116,,,Team Totals,240,.554,.511,.453,.232,31.9,73.2,51.1,64.3,5.1,9.4,10.3,100.0,118.0,127.2,,
https://www.basketball-reference.com/boxscores/202203230OKC.html,"8:00 PM, March 23, 2022",Oklahoma City Thunder,Orlando Magic,118,102,ORL,,,Team Totals,240,36,93,.387,17,51,.333,13,16,.813,9,36,45,24,3,3,11,22,102,,,Team Totals,240,.510,.478,.548,.172,18.8,87.8,50.6,66.7,3.1,7.9,9.9,100.0,103.8,120.0,,
https://www.basketball-reference.com/boxscores/202203230OKC.html,"8:00 PM, March 23, 2022",Oklahoma City Thunder,Orlando Magic,118,102,OKC,,,Team Totals,240,38,79,.481,17,41,.415,25,30,.833,5,39,44,21,6,6,12,16,118,,,Team Totals,240,.640,.589,.519,.380,12.2,81.3,49.4,55.3,6.1,14.3,11.5,100.0,120.0,103.8,,
https://www.basketball-reference.com/boxscores/202203230POR.html,"10:00 PM, March 23, 2022",Portland Trail Blazers,San Antonio Spurs,96,133,SAS,,,Team Totals,240,46,94,.489,19,44,.432,22,24,.917,14,39,53,34,8,11,14,13,133,,,Team Totals,240,.636,.590,.468,.255,31.1,76.5,55.2,73.9,7.8,16.2,11.8,100.0,129.0,93.1,,
https://www.basketball-reference.com/boxscores/202203230POR.html,"10:00 PM, March 23, 2022",Portland Trail Blazers,San Antonio Spurs,96,133,POR,,,Team Totals,240,36,94,.383,7,26,.269,17,18,.944,12,31,43,18,5,5,18,21,96,,,Team Totals,240,.471,.420,.277,.191,23.5,68.9,44.8,50.0,4.8,10.0,15.0,100.0,93.1,129.0,,
https://www.basketball-reference.com/boxscores/202203240DEN.html,"9:00 PM, March 24, 2022",Denver Nuggets,Phoenix Suns,130,140,PHO,,,Team Totals,240,52,86,.605,13,27,.481,23,29,.793,5,24,29,32,7,3,9,23,140,,,Team Totals,240,.709,.680,.314,.337,15.6,70.6,43.9,61.5,7.0,6.1,8.4,100.0,140.5,130.4,,
https://www.basketball-reference.com/boxscores/202203240DEN.html,"9:00 PM, March 24, 2022",Denver Nuggets,Phoenix Suns,130,140,DEN,,,Team Totals,240,48,81,.593,15,32,.469,19,27,.704,10,27,37,27,5,2,17,22,130,,,Team Totals,240,.700,.685,.395,.333,29.4,84.4,56.1,56.3,5.0,3.4,15.5,100.0,130.4,140.5,,
https://www.basketball-reference.com/boxscores/202203240MEM.html,"8:00 PM, March 24, 2022",Memphis Grizzlies,Indiana Pacers,133,103,IND,,,Team Totals,240,39,92,.424,9,33,.273,16,23,.696,9,22,31,20,7,8,11,19,103,,,Team Totals,240,.504,.473,.359,.250,18.8,57.9,36.0,51.3,7.0,15.7,9.7,100.0,103.5,133.7,,
https://www.basketball-reference.com/boxscores/202203240MEM.html,"8:00 PM, March 24, 2022",Memphis Grizzlies,Indiana Pacers,133,103,MEM,,,Team Totals,240,50,93,.538,21,42,.500,12,17,.706,16,39,55,34,8,9,17,22,133,,,Team Totals,240,.662,.651,.452,.183,42.1,81.3,64.0,68.0,8.0,15.3,14.5,100.0,133.7,103.5,,
https://www.basketball-reference.com/boxscores/202203240MIL.html,"8:00 PM, March 24, 2022",Milwaukee Bucks,Washington Wizards,114,102,WAS,,,Team Totals,240,43,92,.467,11,38,.289,5,9,.556,12,29,41,25,9,1,11,17,102,,,Team Totals,240,.531,.527,.413,.098,24.5,87.9,50.0,58.1,9.4,2.2,10.3,100.0,106.2,118.7,,
https://www.basketball-reference.com/boxscores/202203240MIL.html,"8:00 PM, March 24, 2022",Milwaukee Bucks,Washington Wizards,114,102,MIL,,,Team Totals,240,42,81,.519,16,35,.457,14,16,.875,4,37,41,23,5,2,16,17,114,,,Team Totals,240,.647,.617,.432,.198,12.1,75.5,50.0,54.8,5.2,3.7,15.4,100.0,118.7,106.2,,
https://www.basketball-reference.com/boxscores/202203240NOP.html,"8:00 PM, March 24, 2022",New Orleans Pelicans,Chicago Bulls,126,109,CHI,,,Team Totals,240,40,78,.513,14,34,.412,15,19,.789,4,29,33,25,5,4,15,24,109,,,Team Totals,240,.631,.603,.436,.244,10.8,74.4,43.4,62.5,5.2,7.4,14.8,100.0,113.4,131.1,,
https://www.basketball-reference.com/boxscores/202203240NOP.html,"8:00 PM, March 24, 2022",New Orleans Pelicans,Chicago Bulls,126,109,NOP,,,Team Totals,240,41,83,.494,12,29,.414,32,34,.941,10,33,43,23,10,2,11,17,126,,,Team Totals,240,.643,.566,.349,.410,25.6,89.2,56.6,56.1,10.4,4.5,10.1,100.0,131.1,113.4,,
https://www.basketball-reference.com/boxscores/202203240TOR.html,"7:30 PM, March 24, 2022",Toronto Raptors,Cleveland Cavaliers,117,104,CLE,,,Team Totals,240,37,79,.468,12,30,.400,18,22,.818,9,27,36,24,4,3,13,14,104,,,Team Totals,240,.586,.544,.380,.278,25.0,67.5,47.4,64.9,4.5,5.8,12.8,100.0,116.3,130.9,,
https://www.basketball-reference.com/boxscores/202203240TOR.html,"7:30 PM, March 24, 2022",Toronto Raptors,Cleveland Cavaliers,117,104,TOR,,,Team Totals,240,42,89,.472,16,37,.432,17,19,.895,13,27,40,26,9,5,9,22,117,,,Team Totals,240,.601,.562,.416,.213,32.5,75.0,52.6,61.9,10.1,10.2,8.5,100.0,130.9,116.3,,
https://www.basketball-reference.com/boxscores/202203250ATL.html,"7:30 PM, March 25, 2022",Atlanta Hawks,Golden State Warriors,121,110,GSW,,,Team Totals,240,43,90,.478,14,41,.341,10,13,.769,14,33,47,27,4,1,16,22,110,,,Team Totals,240,.575,.556,.456,.144,30.4,73.3,51.6,62.8,4.2,1.9,14.3,100.0,114.4,125.9,,
https://www.basketball-reference.com/boxscores/202203250ATL.html,"7:30 PM, March 25, 2022",Atlanta Hawks,Golden State Warriors,121,110,ATL,,,Team Totals,240,46,89,.517,14,37,.378,15,19,.789,12,32,44,27,11,4,12,18,121,,,Team Totals,240,.621,.596,.416,.213,26.7,69.6,48.4,58.7,11.4,8.2,11.0,100.0,125.9,114.4,,
https://www.basketball-reference.com/boxscores/202203250CHO.html,"7:00 PM, March 25, 2022",Charlotte Hornets,Utah Jazz,107,101,UTA,,,Team Totals,240,38,84,.452,17,47,.362,8,11,.727,9,29,38,25,7,2,12,16,101,,,Team Totals,240,.568,.554,.560,.131,23.7,64.4,45.8,65.8,8.0,3.7,11.9,100.0,115.0,121.8,,
https://www.basketball-reference.com/boxscores/202203250CHO.html,"7:00 PM, March 25, 2022",Charlotte Hornets,Utah Jazz,107,101,CHO,,,Team Totals,240,41,88,.466,13,34,.382,12,17,.706,16,29,45,26,7,3,10,17,107,,,Team Totals,240,.560,.540,.386,.193,35.6,76.3,54.2,63.4,8.0,8.1,9.5,100.0,121.8,115.0,,
https://www.basketball-reference.com/boxscores/202203250DET.html,"7:00 PM, March 25, 2022",Detroit Pistons,Washington Wizards,97,100,WAS,,,Team Totals,240,36,83,.434,9,30,.300,19,21,.905,5,40,45,23,6,7,17,15,100,,,Team Totals,240,.542,.488,.361,.253,11.6,80.0,48.4,63.9,5.8,11.1,15.6,100.0,97.0,94.1,,
https://www.basketball-reference.com/boxscores/202203250DET.html,"7:00 PM, March 25, 2022",Detroit Pistons,Washington Wizards,97,100,DET,,,Team Totals,240,39,95,.411,6,32,.188,13,14,.929,10,38,48,19,9,8,15,20,97,,,Team Totals,240,.479,.442,.337,.147,20.0,88.4,51.6,48.7,8.7,15.1,12.9,100.0,94.1,97.0,,
https://www.basketball-reference.com/boxscores/202203250LAC.html,"10:30 PM, March 25, 2022",Los Angeles Clippers,Philadelphia 76ers,97,122,PHI,,,Team Totals,240,43,92,.467,15,35,.429,21,24,.875,12,40,52,23,12,8,13,18,122,,,Team Totals,240,.595,.549,.380,.261,28.6,81.6,57.1,53.5,12.0,13.3,11.2,100.0,121.6,96.7,,
https://www.basketball-reference.com/boxscores/202203250LAC.html,"10:30 PM, March 25, 2022",Los Angeles Clippers,Philadelphia 76ers,97,122,LAC,,,Team Totals,240,34,85,.400,8,25,.320,21,25,.840,9,30,39,19,7,7,16,18,97,,,Team Totals,240,.505,.447,.294,.294,18.4,71.4,42.9,55.9,7.0,12.3,14.3,100.0,96.7,121.6,,
https://www.basketball-reference.com/boxscores/202203250MIA.html,"8:00 PM, March 25, 2022",Miami Heat,New York Knicks,103,111,NYK,,,Team Totals,240,36,82,.439,17,50,.340,22,28,.786,17,25,42,23,8,2,11,24,111,,,Team Totals,240,.588,.543,.610,.341,38.6,75.8,54.5,63.9,9.4,5.4,10.4,100.0,129.7,120.4,,
https://www.basketball-reference.com/boxscores/202203250MIA.html,"8:00 PM, March 25, 2022",Miami Heat,New York Knicks,103,111,MIA,,,Team Totals,240,35,70,.500,12,33,.364,21,25,.840,8,27,35,18,6,3,15,25,103,,,Team Totals,240,.636,.586,.471,.357,24.2,61.4,45.5,51.4,7.0,9.4,15.6,100.0,120.4,129.7,,
https://www.basketball-reference.com/boxscores/202203250MIN.html,"8:00 PM, March 25, 2022",Minnesota Timberwolves,Dallas Mavericks,116,95,DAL,,,Team Totals,240,35,90,.389,10,43,.233,15,19,.789,10,35,45,21,4,5,11,19,95,,,Team Totals,240,.483,.444,.478,.211,20.4,85.4,50.0,60.0,4.2,9.6,10.1,100.0,98.6,120.4,,
https://www.basketball-reference.com/boxscores/202203250MIN.html,"8:00 PM, March 25, 2022",Minnesota Timberwolves,Dallas Mavericks,116,95,MIN,,,Team Totals,240,43,84,.512,11,32,.344,19,24,.792,6,39,45,26,4,2,9,21,116,,,Team Totals,240,.613,.577,.381,.286,14.6,79.6,50.0,60.5,4.2,4.3,8.7,100.0,120.4,98.6,,
https://www.basketball-reference.com/boxscores/202203250POR.html,"10:00 PM, March 25, 2022",Portland Trail Blazers,Houston Rockets,106,125,HOU,,,Team Totals,240,43,83,.518,19,45,.422,20,23,.870,9,28,37,27,12,3,16,22,125,,,Team Totals,240,.671,.633,.542,.277,26.5,68.3,49.3,62.8,12.4,4.6,14.7,100.0,129.0,109.4,,
https://www.basketball-reference.com/boxscores/202203250POR.html,"10:00 PM, March 25, 2022",Portland Trail Blazers,Houston Rockets,106,125,POR,,,Team Totals,240,43,85,.506,3,20,.150,17,23,.739,13,25,38,28,6,3,17,21,106,,,Team Totals,240,.557,.524,.235,.271,31.7,73.5,50.7,65.1,6.2,7.9,15.2,100.0,109.4,129.0,,
https://www.basketball-reference.com/boxscores/202203260CLE.html,"8:00 PM, March 26, 2022",Cleveland Cavaliers,Chicago Bulls,94,98,CHI,,,Team Totals,240,36,75,.480,5,21,.238,21,25,.840,6,31,37,23,6,1,15,21,98,,,Team Totals,240,.570,.513,.280,.333,16.2,67.4,44.6,63.9,6.6,2.0,14.9,100.0,107.5,103.1,,
https://www.basketball-reference.com/boxscores/202203260CLE.html,"8:00 PM, March 26, 2022",Cleveland Cavaliers,Chicago Bulls,94,98,CLE,,,Team Totals,240,34,82,.415,7,31,.226,19,27,.704,15,31,46,17,7,3,13,23,94,,,Team Totals,240,.501,.457,.378,.329,32.6,83.8,55.4,50.0,7.7,5.6,12.2,100.0,103.1,107.5,,
https://www.basketball-reference.com/boxscores/202203260DEN.html,"9:00 PM, March 26, 2022",Denver Nuggets,Oklahoma City Thunder,113,107,OKC,,,Team Totals,240,39,84,.464,14,36,.389,15,16,.938,5,31,36,29,8,5,17,19,107,,,Team Totals,240,.588,.548,.429,.190,11.9,75.6,43.4,74.4,8.0,9.3,15.7,100.0,107.1,113.1,,
https://www.basketball-reference.com/boxscores/202203260DEN.html,"9:00 PM, March 26, 2022",Denver Nuggets,Oklahoma City Thunder,113,107,DEN,,,Team Totals,240,41,85,.482,8,31,.258,23,24,.958,10,37,47,33,11,5,15,19,113,,,Team Totals,240,.591,.529,.365,.282,24.4,88.1,56.6,80.5,11.0,10.4,13.6,100.0,113.1,107.1,,
https://www.basketball-reference.com/boxscores/202203260MEM.html,"8:00 PM, March 26, 2022",Memphis Grizzlies,Milwaukee Bucks,127,102,MIL,,,Team Totals,240,37,93,.398,7,32,.219,21,26,.808,14,32,46,19,4,7,14,21,102,,,Team Totals,240,.488,.435,.344,.280,26.9,66.7,46.0,51.4,4.0,10.8,11.8,100.0,101.2,126.0,,
https://www.basketball-reference.com/boxscores/202203260MEM.html,"8:00 PM, March 26, 2022",Memphis Grizzlies,Milwaukee Bucks,127,102,MEM,,,Team Totals,240,49,102,.480,13,37,.351,16,23,.696,16,38,54,30,10,9,8,19,127,,,Team Totals,240,.566,.544,.363,.225,33.3,73.1,54.0,61.2,9.9,14.8,6.7,100.0,126.0,101.2,,
https://www.basketball-reference.com/boxscores/202203260MIA.html,"8:00 PM, March 26, 2022",Miami Heat,Brooklyn Nets,95,110,BRK,,,Team Totals,240,39,83,.470,11,33,.333,21,26,.808,11,29,40,26,15,5,17,22,110,,,Team Totals,240,.582,.536,.398,.313,25.0,82.9,50.6,66.7,15.0,12.2,15.3,100.0,109.8,94.8,,
https://www.basketball-reference.com/boxscores/202203260MIA.html,"8:00 PM, March 26, 2022",Miami Heat,Brooklyn Nets,95,110,MIA,,,Team Totals,240,33,75,.440,10,34,.294,19,26,.731,6,33,39,20,7,5,24,23,95,,,Team Totals,240,.550,.507,.453,.347,17.1,75.0,49.4,60.6,7.0,10.0,21.7,100.0,94.8,109.8,,
https://www.basketball-reference.com/boxscores/202203260NOP.html,"5:00 PM, March 26, 2022",New Orleans Pelicans,San Antonio Spurs,103,107,SAS,,,Team Totals,240,39,92,.424,7,26,.269,22,25,.880,16,33,49,22,4,6,10,17,107,,,Team Totals,240,.519,.462,.283,.272,34.8,73.3,53.8,56.4,4.4,10.3,8.8,100.0,116.6,112.2,,
https://www.basketball-reference.com/boxscores/202203260NOP.html,"5:00 PM, March 26, 2022",New Orleans Pelicans,San Antonio Spurs,103,107,NOP,,,Team Totals,240,40,90,.444,10,32,.313,13,19,.684,12,30,42,23,4,11,8,19,103,,,Team Totals,240,.524,.500,.356,.211,26.7,65.2,46.2,57.5,4.4,16.7,7.5,100.0,112.2,116.6,,
https://www.basketball-reference.com/boxscores/202203260ORL.html,"7:00 PM, March 26, 2022",Orlando Magic,Sacramento Kings,110,114,SAC,,,Team Totals,265,42,98,.429,11,36,.306,19,24,.792,18,41,59,24,4,4,14,12,114,,,Team Totals,265,.525,.485,.367,.245,30.0,73.2,50.9,57.1,3.8,5.7,11.4,100.0,109.6,105.8,,
https://www.basketball-reference.com/boxscores/202203260ORL.html,"7:00 PM, March 26, 2022",Orlando Magic,Sacramento Kings,110,114,ORL,,,Team Totals,265,45,106,.425,13,36,.361,7,7,1.000,15,42,57,27,9,3,13,20,110,,,Team Totals,265,.504,.486,.340,.066,26.8,70.0,49.1,60.0,8.7,4.8,10.6,100.0,105.8,109.6,,
https://www.basketball-reference.com/boxscores/202203260POR.html,"10:00 PM, March 26, 2022",Portland Trail Blazers,Houston Rockets,98,115,HOU,,,Team Totals,240,44,84,.524,15,35,.429,12,18,.667,8,30,38,34,12,8,21,14,115,,,Team Totals,240,.626,.613,.417,.214,21.1,58.8,42.7,77.3,11.9,15.1,18.6,100.0,114.2,97.4,,
https://www.basketball-reference.com/boxscores/202203260POR.html,"10:00 PM, March 26, 2022",Portland Trail Blazers,Houston Rockets,98,115,POR,,,Team Totals,240,37,93,.398,12,40,.300,12,17,.706,21,30,51,21,14,4,23,19,98,,,Team Totals,240,.488,.462,.430,.183,41.2,78.9,57.3,56.8,13.9,8.2,18.6,100.0,97.4,114.2,,
https://www.basketball-reference.com/boxscores/202203260TOR.html,"7:30 PM, March 26, 2022",Toronto Raptors,Indiana Pacers,131,91,IND,,,Team Totals,240,33,79,.418,11,36,.306,14,20,.700,9,26,35,23,5,3,14,14,91,,,Team Totals,240,.518,.487,.456,.253,21.4,74.3,45.5,69.7,5.6,5.8,13.8,100.0,101.7,146.4,,
https://www.basketball-reference.com/boxscores/202203260TOR.html,"7:30 PM, March 26, 2022",Toronto Raptors,Indiana Pacers,131,91,TOR,,,Team Totals,240,51,84,.607,15,32,.469,14,19,.737,9,33,42,34,9,3,6,16,131,,,Team Totals,240,.709,.696,.381,.226,25.7,78.6,54.5,66.7,10.1,7.0,6.1,100.0,146.4,101.7,,
https://www.basketball-reference.com/boxscores/202203270BOS.html,"6:00 PM, March 27, 2022",Boston Celtics,Minnesota Timberwolves,134,112,MIN,,,Team Totals,240,45,84,.536,14,32,.438,8,12,.667,4,26,30,26,7,3,14,21,112,,,Team Totals,240,.627,.619,.381,.143,10.3,72.2,40.0,57.8,7.2,6.3,13.6,100.0,114.5,137.0,,
https://www.basketball-reference.com/boxscores/202203270BOS.html,"6:00 PM, March 27, 2022",Boston Celtics,Minnesota Timberwolves,134,112,BOS,,,Team Totals,240,49,87,.563,17,39,.436,19,21,.905,10,35,45,27,7,5,13,20,134,,,Team Totals,240,.696,.661,.448,.241,27.8,89.7,60.0,55.1,7.2,9.6,11.9,100.0,137.0,114.5,,
https://www.basketball-reference.com/boxscores/202203270BRK.html,"7:30 PM, March 27, 2022",Brooklyn Nets,Charlotte Hornets,110,119,CHO,,,Team Totals,240,42,98,.429,17,32,.531,18,23,.783,17,36,53,26,6,2,12,22,119,,,Team Totals,240,.550,.515,.327,.235,32.1,72.0,51.5,61.9,5.9,3.2,10.0,100.0,117.7,108.8,,
https://www.basketball-reference.com/boxscores/202203270BRK.html,"7:30 PM, March 27, 2022",Brooklyn Nets,Charlotte Hornets,110,119,BRK,,,Team Totals,240,43,97,.443,7,34,.206,17,26,.654,14,36,50,30,9,11,11,20,110,,,Team Totals,240,.507,.479,.351,.268,28.0,67.9,48.5,69.8,8.9,16.7,9.2,100.0,108.8,117.7,,
https://www.basketball-reference.com/boxscores/202203270DAL.html,"7:30 PM, March 27, 2022",Dallas Mavericks,Utah Jazz,114,100,UTA,,,Team Totals,240,41,89,.461,12,34,.353,6,10,.600,7,29,36,23,5,1,6,20,100,,,Team Totals,240,.535,.528,.382,.112,16.7,74.4,44.4,56.1,5.7,2.3,6.0,100.0,113.1,128.9,,
https://www.basketball-reference.com/boxscores/202203270DAL.html,"7:30 PM, March 27, 2022",Dallas Mavericks,Utah Jazz,114,100,DAL,,,Team Totals,240,40,77,.519,17,34,.500,17,24,.708,10,35,45,21,3,2,10,13,114,,,Team Totals,240,.651,.630,.442,.312,25.6,83.3,55.6,52.5,3.4,3.6,10.3,100.0,128.9,113.1,,
https://www.basketball-reference.com/boxscores/202203270DET.html,"3:30 PM, March 27, 2022",Detroit Pistons,New York Knicks,102,104,NYK,,,Team Totals,240,34,85,.400,13,41,.317,23,29,.793,13,38,51,19,8,8,14,16,104,,,Team Totals,240,.532,.476,.482,.341,31.7,80.9,58.0,55.9,8.6,14.3,12.5,100.0,111.8,109.6,,
https://www.basketball-reference.com/boxscores/202203270DET.html,"3:30 PM, March 27, 2022",Detroit Pistons,New York Knicks,102,104,DET,,,Team Totals,240,39,85,.459,8,29,.276,16,18,.889,9,28,37,23,8,5,10,21,102,,,Team Totals,240,.549,.506,.341,.212,19.1,68.3,42.0,59.0,8.6,11.4,9.7,100.0,109.6,111.8,,
https://www.basketball-reference.com/boxscores/202203270NOP.html,"7:00 PM, March 27, 2022",New Orleans Pelicans,Los Angeles Lakers,116,108,LAL,,,Team Totals,240,42,80,.525,14,35,.400,10,16,.625,7,32,39,26,5,2,15,20,108,,,Team Totals,240,.620,.613,.438,.200,19.4,72.7,48.8,61.9,5.3,3.1,14.7,100.0,115.3,123.8,,
https://www.basketball-reference.com/boxscores/202203270NOP.html,"7:00 PM, March 27, 2022",New Orleans Pelicans,Los Angeles Lakers,116,108,NOP,,,Team Totals,240,44,91,.484,9,27,.333,19,24,.792,12,29,41,25,10,1,7,13,116,,,Team Totals,240,.571,.533,.297,.264,27.3,80.6,51.3,56.8,10.7,2.2,6.4,100.0,123.8,115.3,,
https://www.basketball-reference.com/boxscores/202203270PHO.html,"6:00 PM, March 27, 2022",Phoenix Suns,Philadelphia 76ers,114,104,PHI,,,Team Totals,240,37,89,.416,10,36,.278,20,26,.769,12,33,45,22,6,4,12,19,104,,,Team Totals,240,.518,.472,.404,.292,25.5,86.8,52.9,59.5,6.1,6.7,10.7,100.0,105.0,115.1,,
https://www.basketball-reference.com/boxscores/202203270PHO.html,"6:00 PM, March 27, 2022",Phoenix Suns,Philadelphia 76ers,114,104,PHO,,,Team Totals,240,45,87,.517,13,27,.481,11,17,.647,5,35,40,24,5,5,13,21,114,,,Team Totals,240,.603,.592,.310,.195,13.2,74.5,47.1,53.3,5.0,9.4,12.1,100.0,115.1,105.0,,
https://www.basketball-reference.com/boxscores/202203270WAS.html,"6:00 PM, March 27, 2022",Washington Wizards,Golden State Warriors,123,115,GSW,,,Team Totals,240,38,89,.427,8,33,.242,31,39,.795,13,33,46,20,8,2,10,24,115,,,Team Totals,240,.542,.472,.371,.438,26.0,86.8,52.3,52.6,8.0,3.6,8.6,100.0,115.2,123.3,,
https://www.basketball-reference.com/boxscores/202203270WAS.html,"6:00 PM, March 27, 2022",Washington Wizards,Golden State Warriors,123,115,WAS,,,Team Totals,240,44,84,.524,16,28,.571,19,22,.864,5,37,42,33,5,8,12,24,123,,,Team Totals,240,.656,.619,.333,.262,13.2,74.0,47.7,75.0,5.0,14.3,11.4,100.0,123.3,115.2,,
https://www.basketball-reference.com/boxscores/202203280CHO.html,"7:00 PM, March 28, 2022",Charlotte Hornets,Denver Nuggets,109,113,DEN,,,Team Totals,240,40,86,.465,12,33,.364,21,28,.750,17,34,51,29,7,3,16,17,113,,,Team Totals,240,.575,.535,.384,.326,34.7,81.0,56.0,72.5,7.0,5.9,14.0,100.0,113.6,109.6,,
https://www.basketball-reference.com/boxscores/202203280CHO.html,"7:00 PM, March 28, 2022",Charlotte Hornets,Denver Nuggets,109,113,CHO,,,Team Totals,240,44,93,.473,13,42,.310,8,12,.667,8,32,40,33,11,3,15,21,109,,,Team Totals,240,.555,.543,.452,.129,19.0,65.3,44.0,75.0,11.1,5.7,13.2,100.0,109.6,113.6,,
https://www.basketball-reference.com/boxscores/202203280CLE.html,"7:00 PM, March 28, 2022",Cleveland Cavaliers,Orlando Magic,107,101,ORL,,,Team Totals,240,42,87,.483,10,37,.270,7,13,.538,8,37,45,31,6,1,17,24,101,,,Team Totals,240,.545,.540,.425,.149,18.6,86.0,52.3,73.8,6.0,2.4,15.5,100.0,100.7,106.7,,
https://www.basketball-reference.com/boxscores/202203280CLE.html,"7:00 PM, March 28, 2022",Cleveland Cavaliers,Orlando Magic,107,101,CLE,,,Team Totals,240,37,83,.446,13,41,.317,20,23,.870,6,35,41,26,11,4,15,13,107,,,Team Totals,240,.575,.524,.494,.277,14.0,81.4,47.7,70.3,11.0,8.0,13.9,100.0,106.7,100.7,,
https://www.basketball-reference.com/boxscores/202203280HOU.html,"8:00 PM, March 28, 2022",Houston Rockets,San Antonio Spurs,120,123,SAS,,,Team Totals,240,47,100,.470,7,29,.241,22,28,.786,17,39,56,28,11,5,13,20,123,,,Team Totals,240,.548,.505,.290,.280,33.3,79.6,56.0,59.6,10.5,11.6,10.4,100.0,117.9,115.0,,
https://www.basketball-reference.com/boxscores/202203280HOU.html,"8:00 PM, March 28, 2022",Houston Rockets,San Antonio Spurs,120,123,HOU,,,Team Totals,240,38,92,.413,20,49,.408,24,28,.857,10,34,44,26,5,9,12,24,120,,,Team Totals,240,.575,.522,.533,.304,20.4,66.7,44.0,68.4,4.8,12.7,10.3,100.0,115.0,117.9,,
https://www.basketball-reference.com/boxscores/202203280IND.html,"7:00 PM, March 28, 2022",Indiana Pacers,Atlanta Hawks,123,132,ATL,,,Team Totals,240,47,86,.547,17,35,.486,21,26,.808,13,27,40,32,11,4,15,19,132,,,Team Totals,240,.677,.645,.407,.302,39.4,77.1,58.8,68.1,11.4,7.8,13.3,100.0,136.9,127.5,,
https://www.basketball-reference.com/boxscores/202203280IND.html,"7:00 PM, March 28, 2022",Indiana Pacers,Atlanta Hawks,123,132,IND,,,Team Totals,240,45,87,.517,17,36,.472,16,18,.889,8,20,28,32,7,6,14,22,123,,,Team Totals,240,.648,.615,.414,.207,22.9,60.6,41.2,71.1,7.3,11.8,12.9,100.0,127.5,136.9,,
https://www.basketball-reference.com/boxscores/202203280MEM.html,"8:00 PM, March 28, 2022",Memphis Grizzlies,Golden State Warriors,123,95,GSW,,,Team Totals,240,33,81,.407,9,29,.310,20,26,.769,7,33,40,18,6,7,17,27,95,,,Team Totals,240,.514,.463,.358,.321,15.2,71.7,43.5,54.5,5.8,11.3,15.5,100.0,92.3,119.6,,
https://www.basketball-reference.com/boxscores/202203280MEM.html,"8:00 PM, March 28, 2022",Memphis Grizzlies,Golden State Warriors,123,95,MEM,,,Team Totals,240,43,92,.467,12,30,.400,25,35,.714,13,39,52,26,11,3,14,21,123,,,Team Totals,240,.573,.533,.326,.380,28.3,84.8,56.5,60.5,10.7,5.8,11.5,100.0,119.6,92.3,,
https://www.basketball-reference.com/boxscores/202203280MIA.html,"7:30 PM, March 28, 2022",Miami Heat,Sacramento Kings,123,100,SAC,,,Team Totals,240,37,81,.457,12,35,.343,14,18,.778,5,27,32,21,6,2,14,12,100,,,Team Totals,240,.562,.531,.432,.222,11.6,73.0,40.0,56.8,6.2,4.0,13.6,100.0,103.5,127.3,,
https://www.basketball-reference.com/boxscores/202203280MIA.html,"7:30 PM, March 28, 2022",Miami Heat,Sacramento Kings,123,100,MIA,,,Team Totals,240,49,90,.544,19,40,.475,6,6,1.000,10,38,48,30,7,1,16,20,123,,,Team Totals,240,.664,.650,.444,.067,27.0,88.4,60.0,61.2,7.2,2.2,14.7,100.0,127.3,103.5,,
https://www.basketball-reference.com/boxscores/202203280NYK.html,"7:30 PM, March 28, 2022",New York Knicks,Chicago Bulls,109,104,CHI,,,Team Totals,240,34,79,.430,6,23,.261,30,33,.909,6,41,47,16,6,3,14,24,104,,,Team Totals,240,.556,.468,.291,.418,15.4,75.9,50.5,47.1,6.2,5.6,13.0,100.0,106.9,112.0,,
https://www.basketball-reference.com/boxscores/202203280NYK.html,"7:30 PM, March 28, 2022",New York Knicks,Chicago Bulls,109,104,NYK,,,Team Totals,240,38,89,.427,12,35,.343,21,35,.600,13,33,46,19,4,4,6,22,109,,,Team Totals,240,.522,.494,.393,.393,24.1,84.6,49.5,50.0,4.1,7.1,5.4,100.0,112.0,106.9,,
https://www.basketball-reference.com/boxscores/202203280POR.html,"10:00 PM, March 28, 2022",Portland Trail Blazers,Oklahoma City Thunder,131,134,OKC,,,Team Totals,265,48,90,.533,20,45,.444,18,25,.720,11,38,49,32,7,3,21,15,134,,,Team Totals,265,.663,.644,.500,.278,28.2,66.7,51.0,66.7,6.5,4.8,17.2,100.0,124.8,122.0,,
https://www.basketball-reference.com/boxscores/202203280POR.html,"10:00 PM, March 28, 2022",Portland Trail Blazers,Oklahoma City Thunder,131,134,POR,,,Team Totals,265,51,112,.455,20,50,.400,9,13,.692,19,28,47,28,17,5,11,23,131,,,Team Totals,265,.556,.545,.446,.116,33.3,71.8,49.0,54.9,15.8,11.1,8.5,100.0,122.0,124.8,,
https://www.basketball-reference.com/boxscores/202203280TOR.html,"7:30 PM, March 28, 2022",Toronto Raptors,Boston Celtics,115,112,BOS,,,Team Totals,265,39,95,.411,12,40,.300,22,28,.786,16,41,57,23,5,7,17,15,112,,,Team Totals,265,.522,.474,.421,.295,30.8,71.9,52.3,59.0,4.8,10.4,13.7,100.0,106.7,109.6,,
https://www.basketball-reference.com/boxscores/202203280TOR.html,"7:30 PM, March 28, 2022",Toronto Raptors,Boston Celtics,115,112,TOR,,,Team Totals,265,46,106,.434,10,39,.256,13,18,.722,16,36,52,16,10,11,10,28,115,,,Team Totals,265,.505,.481,.368,.170,28.1,69.2,47.7,34.8,9.5,20.0,8.1,100.0,109.6,106.7,,
https://www.basketball-reference.com/boxscores/202203290BRK.html,"7:30 PM, March 29, 2022",Brooklyn Nets,Detroit Pistons,130,123,DET,,,Team Totals,240,48,99,.485,16,38,.421,11,13,.846,16,23,39,28,11,4,14,25,123,,,Team Totals,240,.587,.566,.384,.131,32.7,74.2,48.8,58.3,11.0,8.3,11.8,100.0,123.3,130.3,,
https://www.basketball-reference.com/boxscores/202203290BRK.html,"7:30 PM, March 29, 2022",Brooklyn Nets,Detroit Pistons,130,123,BRK,,,Team Totals,240,42,76,.553,15,28,.536,31,34,.912,8,33,41,24,9,6,19,19,130,,,Team Totals,240,.715,.651,.368,.447,25.8,67.3,51.3,57.1,9.0,9.8,17.3,100.0,130.3,123.3,,
https://www.basketball-reference.com/boxscores/202203290DAL.html,"7:30 PM, March 29, 2022",Dallas Mavericks,Los Angeles Lakers,128,110,LAL,,,Team Totals,240,40,89,.449,12,44,.273,18,22,.818,14,34,48,20,7,2,9,22,110,,,Team Totals,240,.557,.517,.494,.247,28.6,75.6,51.1,50.0,7.6,4.9,8.4,100.0,118.9,138.4,,
https://www.basketball-reference.com/boxscores/202203290DAL.html,"7:30 PM, March 29, 2022",Dallas Mavericks,Los Angeles Lakers,128,110,DAL,,,Team Totals,240,45,87,.517,20,46,.435,18,23,.783,11,35,46,27,5,1,8,14,128,,,Team Totals,240,.659,.632,.529,.264,24.4,71.4,48.9,60.0,5.4,2.2,7.6,100.0,138.4,118.9,,
https://www.basketball-reference.com/boxscores/202203290LAC.html,"10:00 PM, March 29, 2022",Los Angeles Clippers,Utah Jazz,121,115,UTA,,,Team Totals,240,43,78,.551,12,31,.387,17,29,.586,10,28,38,23,5,5,16,24,115,,,Team Totals,240,.634,.628,.397,.372,30.3,73.7,53.5,53.5,5.3,10.6,15.0,100.0,122.6,129.0,,
https://www.basketball-reference.com/boxscores/202203290LAC.html,"10:00 PM, March 29, 2022",Los Angeles Clippers,Utah Jazz,121,115,LAC,,,Team Totals,240,41,83,.494,15,36,.417,24,28,.857,10,23,33,21,8,4,11,23,121,,,Team Totals,240,.635,.584,.434,.337,26.3,69.7,46.5,51.2,8.5,8.5,10.3,100.0,129.0,122.6,,
https://www.basketball-reference.com/boxscores/202203290PHI.html,"7:00 PM, March 29, 2022",Philadelphia 76ers,Milwaukee Bucks,116,118,MIL,,,Team Totals,240,44,88,.500,14,38,.368,16,23,.696,9,39,48,26,5,4,11,17,118,,,Team Totals,240,.601,.580,.432,.261,20.5,88.6,54.5,59.1,5.0,8.3,10.1,100.0,119.1,117.1,,
https://www.basketball-reference.com/boxscores/202203290PHI.html,"7:00 PM, March 29, 2022",Philadelphia 76ers,Milwaukee Bucks,116,118,PHI,,,Team Totals,240,43,89,.483,16,41,.390,14,18,.778,5,35,40,28,7,3,9,19,116,,,Team Totals,240,.598,.573,.461,.202,11.4,79.5,45.5,65.1,7.1,6.0,8.5,100.0,117.1,119.1,,
https://www.basketball-reference.com/boxscores/202203290WAS.html,"7:00 PM, March 29, 2022",Washington Wizards,Chicago Bulls,94,107,CHI,,,Team Totals,240,43,85,.506,6,18,.333,15,18,.833,6,30,36,26,9,1,9,14,107,,,Team Totals,240,.576,.541,.212,.212,16.7,81.1,49.3,60.5,9.7,1.9,8.8,100.0,115.5,101.5,,
https://www.basketball-reference.com/boxscores/202203290WAS.html,"7:00 PM, March 29, 2022",Washington Wizards,Chicago Bulls,94,107,WAS,,,Team Totals,240,38,79,.481,6,26,.231,12,17,.706,7,30,37,25,6,7,14,17,94,,,Team Totals,240,.543,.519,.329,.215,18.9,83.3,50.7,65.8,6.5,10.4,13.9,100.0,101.5,115.5,,
https://www.basketball-reference.com/boxscores/202203300BOS.html,"7:30 PM, March 30, 2022",Boston Celtics,Miami Heat,98,106,MIA,,,Team Totals,240,38,79,.481,13,34,.382,17,25,.680,4,38,42,27,9,6,18,23,106,,,Team Totals,240,.589,.563,.430,.316,10.0,82.6,48.8,71.1,8.8,12.5,16.7,100.0,103.2,95.4,,
https://www.basketball-reference.com/boxscores/202203300BOS.html,"7:30 PM, March 30, 2022",Boston Celtics,Miami Heat,98,106,BOS,,,Team Totals,240,35,85,.412,11,37,.297,17,23,.739,8,36,44,27,9,1,18,22,98,,,Team Totals,240,.515,.476,.435,.271,17.4,90.0,51.2,77.1,8.8,2.2,15.9,100.0,95.4,103.2,,
https://www.basketball-reference.com/boxscores/202203300CLE.html,"7:00 PM, March 30, 2022",Cleveland Cavaliers,Dallas Mavericks,112,120,DAL,,,Team Totals,240,46,88,.523,16,42,.381,12,15,.800,9,29,38,28,6,6,12,17,120,,,Team Totals,240,.634,.614,.477,.170,23.1,76.3,49.4,60.9,6.2,10.3,11.3,100.0,125.0,116.6,,
https://www.basketball-reference.com/boxscores/202203300CLE.html,"7:00 PM, March 30, 2022",Cleveland Cavaliers,Dallas Mavericks,112,120,CLE,,,Team Totals,240,42,83,.506,11,25,.440,17,22,.773,9,30,39,24,7,3,15,15,112,,,Team Totals,240,.604,.572,.301,.265,23.7,76.9,50.6,57.1,7.3,6.5,13.9,100.0,116.6,125.0,,
https://www.basketball-reference.com/boxscores/202203300GSW.html,"10:00 PM, March 30, 2022",Golden State Warriors,Phoenix Suns,103,107,PHO,,,Team Totals,240,38,92,.413,7,28,.250,24,30,.800,12,34,46,20,9,1,14,19,107,,,Team Totals,240,.509,.451,.304,.326,24.0,77.3,48.9,52.6,8.7,2.2,11.7,100.0,103.7,99.8,,
https://www.basketball-reference.com/boxscores/202203300GSW.html,"10:00 PM, March 30, 2022",Golden State Warriors,Phoenix Suns,103,107,GSW,,,Team Totals,240,35,83,.422,13,38,.342,20,25,.800,10,38,48,26,7,4,21,24,103,,,Team Totals,240,.548,.500,.458,.301,22.7,76.0,51.1,74.3,6.8,6.3,18.3,100.0,99.8,103.7,,
https://www.basketball-reference.com/boxscores/202203300HOU.html,"8:00 PM, March 30, 2022",Houston Rockets,Sacramento Kings,118,121,SAC,,,Team Totals,240,44,95,.463,7,26,.269,26,36,.722,13,31,44,21,7,10,9,21,121,,,Team Totals,240,.546,.500,.274,.379,25.0,72.1,46.3,47.7,6.6,19.2,7.5,100.0,114.4,111.6,,
https://www.basketball-reference.com/boxscores/202203300HOU.html,"8:00 PM, March 30, 2022",Houston Rockets,Sacramento Kings,118,121,HOU,,,Team Totals,240,43,94,.457,13,42,.310,19,25,.760,12,39,51,23,7,4,18,34,118,,,Team Totals,240,.562,.527,.447,.266,27.9,75.0,53.7,53.5,6.6,5.8,14.6,100.0,111.6,114.4,,
https://www.basketball-reference.com/boxscores/202203300IND.html,"7:00 PM, March 30, 2022",Indiana Pacers,Denver Nuggets,118,125,DEN,,,Team Totals,240,50,80,.625,12,28,.429,13,14,.929,8,35,43,33,6,4,20,20,125,,,Team Totals,240,.725,.700,.350,.175,29.6,66.0,53.8,66.0,6.3,7.0,18.8,100.0,130.9,123.5,,
https://www.basketball-reference.com/boxscores/202203300IND.html,"7:00 PM, March 30, 2022",Indiana Pacers,Denver Nuggets,118,125,IND,,,Team Totals,240,44,97,.454,12,40,.300,18,23,.783,18,19,37,29,11,4,8,21,118,,,Team Totals,240,.551,.515,.412,.237,34.0,70.4,46.3,65.9,11.5,7.7,6.9,100.0,123.5,130.9,,
https://www.basketball-reference.com/boxscores/202203300NYK.html,"7:30 PM, March 30, 2022",New York Knicks,Charlotte Hornets,114,125,CHO,,,Team Totals,240,49,90,.544,12,35,.343,15,17,.882,8,32,40,39,7,3,12,21,125,,,Team Totals,240,.641,.611,.389,.189,20.0,74.4,48.2,79.6,7.1,7.3,11.0,100.0,126.8,115.7,,
https://www.basketball-reference.com/boxscores/202203300NYK.html,"7:30 PM, March 30, 2022",New York Knicks,Charlotte Hornets,114,125,NYK,,,Team Totals,240,40,85,.471,16,44,.364,18,26,.692,11,32,43,23,5,5,14,19,114,,,Team Totals,240,.591,.565,.518,.306,25.6,80.0,51.8,57.5,5.1,9.1,12.7,100.0,115.7,126.8,,
https://www.basketball-reference.com/boxscores/202203300OKC.html,"8:00 PM, March 30, 2022",Oklahoma City Thunder,Atlanta Hawks,118,136,ATL,,,Team Totals,240,49,91,.538,18,39,.462,20,22,.909,6,37,43,28,10,4,13,19,136,,,Team Totals,240,.675,.637,.429,.242,15.8,78.7,50.6,57.1,9.5,8.7,11.4,100.0,128.9,111.8,,
https://www.basketball-reference.com/boxscores/202203300OKC.html,"8:00 PM, March 30, 2022",Oklahoma City Thunder,Atlanta Hawks,118,136,OKC,,,Team Totals,240,41,87,.471,17,41,.415,19,27,.704,10,32,42,31,5,2,18,17,118,,,Team Totals,240,.597,.569,.471,.310,21.3,84.2,49.4,75.6,4.7,3.8,15.4,100.0,111.8,128.9,,
https://www.basketball-reference.com/boxscores/202203300POR.html,"10:00 PM, March 30, 2022",Portland Trail Blazers,New Orleans Pelicans,107,117,NOP,,,Team Totals,240,40,78,.513,6,24,.250,31,39,.795,12,28,40,26,16,6,14,16,117,,,Team Totals,240,.615,.551,.308,.500,30.0,68.3,49.4,65.0,16.5,14.0,12.8,100.0,120.6,110.3,,
https://www.basketball-reference.com/boxscores/202203300POR.html,"10:00 PM, March 30, 2022",Portland Trail Blazers,New Orleans Pelicans,107,117,POR,,,Team Totals,240,39,85,.459,14,42,.333,15,18,.833,13,28,41,30,7,4,22,27,107,,,Team Totals,240,.576,.541,.494,.212,31.7,70.0,50.6,76.9,7.2,7.4,19.1,100.0,110.3,120.6,,
https://www.basketball-reference.com/boxscores/202203300SAS.html,"8:30 PM, March 30, 2022",San Antonio Spurs,Memphis Grizzlies,111,112,MEM,,,Team Totals,240,44,91,.484,16,39,.410,8,11,.727,12,28,40,26,8,5,14,15,112,,,Team Totals,240,.584,.571,.429,.121,28.6,80.0,51.9,59.1,8.4,10.4,12.7,100.0,117.5,116.4,,
https://www.basketball-reference.com/boxscores/202203300SAS.html,"8:30 PM, March 30, 2022",San Antonio Spurs,Memphis Grizzlies,111,112,SAS,,,Team Totals,240,42,83,.506,14,35,.400,13,16,.813,7,30,37,26,8,1,15,13,111,,,Team Totals,240,.616,.590,.422,.193,20.0,71.4,48.1,61.9,8.4,1.9,14.3,100.0,116.4,117.5,,
https://www.basketball-reference.com/boxscores/202203300TOR.html,"7:30 PM, March 30, 2022",Toronto Raptors,Minnesota Timberwolves,125,102,MIN,,,Team Totals,240,37,92,.402,11,37,.297,17,23,.739,17,31,48,26,11,9,22,19,102,,,Team Totals,240,.499,.462,.402,.250,32.1,73.8,50.5,70.3,10.4,15.0,17.7,100.0,96.3,118.0,,
https://www.basketball-reference.com/boxscores/202203300TOR.html,"7:30 PM, March 30, 2022",Toronto Raptors,Minnesota Timberwolves,125,102,TOR,,,Team Totals,240,48,96,.500,18,36,.500,11,15,.733,11,36,47,32,9,4,19,23,125,,,Team Totals,240,.609,.594,.375,.156,26.2,67.9,49.5,66.7,8.5,7.3,15.6,100.0,118.0,96.3,,
https://www.basketball-reference.com/boxscores/202203300WAS.html,"7:00 PM, March 30, 2022",Washington Wizards,Orlando Magic,127,110,ORL,,,Team Totals,240,40,96,.417,11,34,.324,19,22,.864,11,31,42,21,8,5,12,23,110,,,Team Totals,240,.520,.474,.354,.229,22.0,72.1,45.2,52.5,7.8,8.9,10.2,100.0,107.5,124.2,,
https://www.basketball-reference.com/boxscores/202203300WAS.html,"7:00 PM, March 30, 2022",Washington Wizards,Orlando Magic,127,110,WAS,,,Team Totals,240,47,92,.511,13,36,.361,20,26,.769,12,39,51,35,5,8,12,15,127,,,Team Totals,240,.614,.582,.391,.283,27.9,78.0,54.8,74.5,4.9,12.9,10.4,100.0,124.2,107.5,,
https://www.basketball-reference.com/boxscores/202203310ATL.html,"7:30 PM, March 31, 2022",Atlanta Hawks,Cleveland Cavaliers,131,107,CLE,,,Team Totals,240,39,90,.433,7,30,.233,22,28,.786,15,32,47,19,6,5,14,20,107,,,Team Totals,240,.523,.472,.333,.311,29.4,72.7,49.5,48.7,6.1,9.6,12.0,100.0,108.7,133.0,,
https://www.basketball-reference.com/boxscores/202203310ATL.html,"7:30 PM, March 31, 2022",Atlanta Hawks,Cleveland Cavaliers,131,107,ATL,,,Team Totals,240,45,91,.495,17,39,.436,24,28,.857,12,36,48,27,7,4,9,22,131,,,Team Totals,240,.634,.588,.429,.308,27.3,70.6,50.5,60.0,7.1,6.7,8.0,100.0,133.0,108.7,,
https://www.basketball-reference.com/boxscores/202203310BRK.html,"7:30 PM, March 31, 2022",Brooklyn Nets,Milwaukee Bucks,119,120,MIL,,,Team Totals,265,40,89,.449,12,41,.293,28,34,.824,11,46,57,17,12,3,23,14,120,,,Team Totals,265,.577,.517,.461,.382,23.4,90.2,58.2,42.5,10.6,5.0,18.1,100.0,105.6,104.7,,
https://www.basketball-reference.com/boxscores/202203310BRK.html,"7:30 PM, March 31, 2022",Brooklyn Nets,Milwaukee Bucks,119,120,BRK,,,Team Totals,265,45,97,.464,18,37,.486,11,16,.688,5,36,41,31,12,7,16,25,119,,,Team Totals,265,.572,.557,.381,.165,9.8,76.6,41.8,68.9,10.6,14.6,13.3,100.0,104.7,105.6,,
https://www.basketball-reference.com/boxscores/202203310CHI.html,"8:00 PM, March 31, 2022",Chicago Bulls,Los Angeles Clippers,135,130,LAC,,,Team Totals,265,45,90,.500,16,36,.444,24,26,.923,4,36,40,26,7,5,12,24,130,,,Team Totals,265,.641,.589,.400,.289,9.8,73.5,44.4,57.8,6.5,6.8,10.6,100.0,120.5,125.2,,
https://www.basketball-reference.com/boxscores/202203310CHI.html,"8:00 PM, March 31, 2022",Chicago Bulls,Los Angeles Clippers,135,130,CHI,,,Team Totals,265,50,102,.490,10,29,.345,25,32,.781,13,37,50,24,6,3,8,17,135,,,Team Totals,265,.581,.539,.284,.314,26.5,90.2,55.6,48.0,5.6,5.6,6.4,100.0,125.2,120.5,,
https://www.basketball-reference.com/boxscores/202203310DET.html,"7:00 PM, March 31, 2022",Detroit Pistons,Philadelphia 76ers,102,94,PHI,,,Team Totals,240,31,69,.449,7,26,.269,25,28,.893,4,35,39,22,8,9,15,17,94,,,Team Totals,240,.578,.500,.377,.406,10.8,87.5,50.6,71.0,8.7,19.1,15.6,100.0,102.6,111.3,,
https://www.basketball-reference.com/boxscores/202203310DET.html,"7:00 PM, March 31, 2022",Detroit Pistons,Philadelphia 76ers,102,94,DET,,,Team Totals,240,41,82,.500,10,35,.286,10,15,.667,5,33,38,26,11,4,10,21,102,,,Team Totals,240,.576,.561,.427,.183,12.5,89.2,49.4,63.4,12.0,9.3,10.1,100.0,111.3,102.6,,
https://www.basketball-reference.com/boxscores/202203310UTA.html,"10:00 PM, March 31, 2022",Utah Jazz,Los Angeles Lakers,122,109,LAL,,,Team Totals,240,41,83,.494,7,25,.280,20,28,.714,9,31,40,18,5,3,11,21,109,,,Team Totals,240,.572,.536,.301,.337,22.0,77.5,49.4,43.9,5.2,6.5,10.3,100.0,113.3,126.9,,
https://www.basketball-reference.com/boxscores/202203310UTA.html,"10:00 PM, March 31, 2022",Utah Jazz,Los Angeles Lakers,122,109,UTA,,,Team Totals,240,46,90,.511,15,44,.341,15,24,.625,9,32,41,25,7,2,8,20,122,,,Team Totals,240,.607,.594,.489,.267,22.5,78.0,50.6,54.3,7.3,3.4,7.4,100.0,126.9,113.3,,
https://www.basketball-reference.com/boxscores/202204010BOS.html,"7:30 PM, April 1, 2022",Boston Celtics,Indiana Pacers,128,123,IND,,,Team Totals,240,42,81,.519,17,36,.472,22,23,.957,8,22,30,25,9,3,16,30,123,,,Team Totals,240,.675,.623,.444,.284,21.6,66.7,42.9,59.5,9.3,6.0,14.9,100.0,126.9,132.1,,
https://www.basketball-reference.com/boxscores/202204010BOS.html,"7:30 PM, April 1, 2022",Boston Celtics,Indiana Pacers,128,123,BOS,,,Team Totals,240,45,83,.542,12,33,.364,26,28,.929,11,29,40,29,7,4,16,19,128,,,Team Totals,240,.671,.614,.398,.337,33.3,78.4,57.1,64.4,7.2,8.9,14.4,100.0,132.1,126.9,,
https://www.basketball-reference.com/boxscores/202204010DEN.html,"9:00 PM, April 1, 2022",Denver Nuggets,Minnesota Timberwolves,130,136,MIN,,,Team Totals,240,43,86,.500,19,40,.475,31,36,.861,10,28,38,26,14,4,12,23,136,,,Team Totals,240,.668,.610,.465,.419,22.7,73.7,46.3,60.5,13.6,7.8,10.5,100.0,131.9,126.0,,
https://www.basketball-reference.com/boxscores/202204010DEN.html,"9:00 PM, April 1, 2022",Denver Nuggets,Minnesota Timberwolves,130,136,DEN,,,Team Totals,240,46,86,.535,12,35,.343,26,29,.897,10,34,44,36,7,2,18,23,130,,,Team Totals,240,.658,.605,.407,.337,26.3,77.3,53.7,78.3,6.8,4.3,15.4,100.0,126.0,131.9,,
https://www.basketball-reference.com/boxscores/202204010HOU.html,"8:00 PM, April 1, 2022",Houston Rockets,Sacramento Kings,117,122,SAC,,,Team Totals,240,42,81,.519,12,28,.429,26,34,.765,8,39,47,29,6,11,13,19,122,,,Team Totals,240,.636,.593,.346,.420,21.1,72.2,51.1,69.0,6.0,21.2,11.9,100.0,121.7,116.7,,
https://www.basketball-reference.com/boxscores/202204010HOU.html,"8:00 PM, April 1, 2022",Houston Rockets,Sacramento Kings,117,122,HOU,,,Team Totals,240,41,97,.423,17,45,.378,18,26,.692,15,30,45,26,9,7,11,25,117,,,Team Totals,240,.539,.510,.464,.268,27.8,78.9,48.9,63.4,9.0,13.2,9.2,100.0,116.7,121.7,,
https://www.basketball-reference.com/boxscores/202204010LAL.html,"10:30 PM, April 1, 2022",Los Angeles Lakers,New Orleans Pelicans,111,114,NOP,,,Team Totals,240,41,79,.519,7,26,.269,25,29,.862,4,33,37,23,8,4,15,21,114,,,Team Totals,240,.621,.563,.329,.367,10.8,82.5,48.1,56.1,7.8,7.3,14.1,100.0,111.5,108.5,,
https://www.basketball-reference.com/boxscores/202204010LAL.html,"10:30 PM, April 1, 2022",Los Angeles Lakers,New Orleans Pelicans,111,114,LAL,,,Team Totals,240,39,82,.476,11,27,.407,22,31,.710,7,33,40,24,10,1,17,24,111,,,Team Totals,240,.580,.543,.329,.378,17.5,89.2,51.9,61.5,9.8,1.9,15.1,100.0,108.5,111.5,,
https://www.basketball-reference.com/boxscores/202204010MEM.html,"8:00 PM, April 1, 2022",Memphis Grizzlies,Phoenix Suns,122,114,PHO,,,Team Totals,240,47,86,.547,10,27,.370,10,17,.588,2,37,39,27,8,4,20,25,114,,,Team Totals,240,.610,.605,.314,.198,5.9,69.8,44.8,57.4,7.4,5.1,17.6,100.0,105.3,112.7,,
https://www.basketball-reference.com/boxscores/202204010MEM.html,"8:00 PM, April 1, 2022",Memphis Grizzlies,Phoenix Suns,122,114,MEM,,,Team Totals,240,46,102,.451,7,24,.292,23,28,.821,16,32,48,30,7,2,11,18,122,,,Team Totals,240,.534,.485,.235,.275,30.2,94.1,55.2,65.2,6.5,3.4,8.8,100.0,112.7,105.3,,
https://www.basketball-reference.com/boxscores/202204010MIL.html,"8:00 PM, April 1, 2022",Milwaukee Bucks,Los Angeles Clippers,119,153,LAC,,,Team Totals,240,56,92,.609,23,43,.535,18,24,.750,8,28,36,34,9,7,10,17,153,,,Team Totals,240,.746,.734,.467,.261,24.2,68.3,48.6,60.7,8.8,10.1,8.9,100.0,150.3,116.9,,
https://www.basketball-reference.com/boxscores/202204010MIL.html,"8:00 PM, April 1, 2022",Milwaukee Bucks,Los Angeles Clippers,119,153,MIL,,,Team Totals,240,50,94,.532,8,25,.320,11,18,.611,13,25,38,30,6,5,15,19,119,,,Team Totals,240,.584,.574,.266,.191,31.7,75.8,51.4,60.0,5.9,10.2,12.8,100.0,116.9,150.3,,
https://www.basketball-reference.com/boxscores/202204010OKC.html,"8:00 PM, April 1, 2022",Oklahoma City Thunder,Detroit Pistons,101,110,DET,,,Team Totals,240,40,94,.426,15,48,.313,15,18,.833,8,36,44,29,9,8,8,20,110,,,Team Totals,240,.540,.505,.511,.191,16.0,75.0,44.9,72.5,9.0,16.0,7.3,100.0,110.2,101.1,,
https://www.basketball-reference.com/boxscores/202204010OKC.html,"8:00 PM, April 1, 2022",Oklahoma City Thunder,Detroit Pistons,101,110,OKC,,,Team Totals,240,36,84,.429,11,34,.324,18,29,.621,12,42,54,24,1,8,17,15,101,,,Team Totals,240,.522,.494,.405,.345,25.0,84.0,55.1,66.7,1.0,17.4,14.9,100.0,101.1,110.2,,
https://www.basketball-reference.com/boxscores/202204010ORL.html,"7:00 PM, April 1, 2022",Orlando Magic,Toronto Raptors,89,102,TOR,,,Team Totals,240,36,86,.419,13,42,.310,17,20,.850,10,31,41,21,13,3,10,14,102,,,Team Totals,240,.538,.494,.488,.233,21.7,77.5,47.7,58.3,13.9,6.8,9.5,100.0,109.1,95.2,,
https://www.basketball-reference.com/boxscores/202204010ORL.html,"7:00 PM, April 1, 2022",Orlando Magic,Toronto Raptors,89,102,ORL,,,Team Totals,240,34,79,.430,11,35,.314,10,11,.909,9,36,45,24,6,4,22,14,89,,,Team Totals,240,.531,.500,.443,.139,22.5,78.3,52.3,70.6,6.4,9.1,20.8,100.0,95.2,109.1,,
https://www.basketball-reference.com/boxscores/202204010SAS.html,"8:30 PM, April 1, 2022",San Antonio Spurs,Portland Trail Blazers,130,111,POR,,,Team Totals,240,41,92,.446,15,35,.429,14,20,.700,12,30,42,27,12,2,12,20,111,,,Team Totals,240,.551,.527,.380,.217,25.0,78.9,48.8,65.9,12.1,4.5,10.6,100.0,112.3,131.5,,
https://www.basketball-reference.com/boxscores/202204010SAS.html,"8:30 PM, April 1, 2022",San Antonio Spurs,Portland Trail Blazers,130,111,SAS,,,Team Totals,240,46,81,.568,16,37,.432,22,28,.786,8,36,44,34,9,6,15,16,130,,,Team Totals,240,.697,.667,.457,.346,21.1,75.0,51.2,73.9,9.1,10.5,13.8,100.0,131.5,112.3,,
https://www.basketball-reference.com/boxscores/202204010WAS.html,"7:00 PM, April 1, 2022",Washington Wizards,Dallas Mavericks,135,103,DAL,,,Team Totals,240,34,78,.436,11,38,.289,24,26,.923,5,31,36,14,3,3,13,16,103,,,Team Totals,240,.576,.506,.487,.333,11.9,79.5,44.4,41.2,3.1,5.3,12.7,100.0,105.9,138.7,,
https://www.basketball-reference.com/boxscores/202204010WAS.html,"7:00 PM, April 1, 2022",Washington Wizards,Dallas Mavericks,135,103,WAS,,,Team Totals,240,49,90,.544,17,33,.515,20,22,.909,8,37,45,33,7,4,9,19,135,,,Team Totals,240,.677,.639,.367,.244,20.5,88.1,55.6,67.3,7.2,10.0,8.3,100.0,138.7,105.9,,
https://www.basketball-reference.com/boxscores/202204020ATL.html,"7:30 PM, April 2, 2022",Atlanta Hawks,Brooklyn Nets,122,115,BRK,,,Team Totals,240,42,99,.424,17,37,.459,14,19,.737,10,42,52,17,5,3,13,29,115,,,Team Totals,240,.536,.510,.374,.192,18.5,80.8,49.1,40.5,4.7,6.7,10.8,100.0,109.2,115.9,,
https://www.basketball-reference.com/boxscores/202204020ATL.html,"7:30 PM, April 2, 2022",Atlanta Hawks,Brooklyn Nets,122,115,ATL,,,Team Totals,240,36,86,.419,13,41,.317,37,49,.755,10,44,54,18,10,4,7,18,122,,,Team Totals,240,.567,.494,.477,.570,19.2,81.5,50.9,50.0,9.5,6.5,6.1,100.0,115.9,109.2,,
https://www.basketball-reference.com/boxscores/202204020CHI.html,"8:00 PM, April 2, 2022",Chicago Bulls,Miami Heat,109,127,MIA,,,Team Totals,240,44,82,.537,17,34,.500,22,27,.815,5,36,41,28,4,1,9,21,127,,,Team Totals,240,.676,.640,.415,.329,15.2,76.6,51.3,63.6,4.3,1.9,8.7,100.0,135.9,116.6,,
https://www.basketball-reference.com/boxscores/202204020CHI.html,"8:00 PM, April 2, 2022",Chicago Bulls,Miami Heat,109,127,CHI,,,Team Totals,240,37,86,.430,9,34,.265,26,29,.897,11,28,39,21,5,4,6,19,109,,,Team Totals,240,.552,.483,.395,.337,23.4,84.8,48.8,56.8,5.3,8.3,5.7,100.0,116.6,135.9,,
https://www.basketball-reference.com/boxscores/202204020GSW.html,"8:30 PM, April 2, 2022",Golden State Warriors,Utah Jazz,111,107,UTA,,,Team Totals,240,38,89,.427,15,46,.326,16,22,.727,12,35,47,19,8,2,13,17,107,,,Team Totals,240,.542,.511,.517,.247,25.5,85.4,53.4,50.0,8.4,5.6,11.6,100.0,112.8,117.0,,
https://www.basketball-reference.com/boxscores/202204020GSW.html,"8:30 PM, April 2, 2022",Golden State Warriors,Utah Jazz,111,107,GSW,,,Team Totals,240,40,84,.476,20,48,.417,11,12,.917,6,35,41,30,5,6,11,22,111,,,Team Totals,240,.622,.595,.571,.143,14.6,74.5,46.6,75.0,5.3,14.0,11.0,100.0,117.0,112.8,,
https://www.basketball-reference.com/boxscores/202204020NYK.html,"1:00 PM, April 2, 2022",New York Knicks,Cleveland Cavaliers,101,119,CLE,,,Team Totals,240,44,81,.543,15,34,.441,16,21,.762,7,36,43,26,6,3,12,24,119,,,Team Totals,240,.659,.636,.420,.259,19.4,85.7,55.1,59.1,6.4,6.4,11.7,100.0,126.4,107.3,,
https://www.basketball-reference.com/boxscores/202204020NYK.html,"1:00 PM, April 2, 2022",New York Knicks,Cleveland Cavaliers,101,119,NYK,,,Team Totals,240,31,77,.403,13,30,.433,26,34,.765,6,29,35,19,6,4,11,19,101,,,Team Totals,240,.549,.487,.390,.442,14.3,80.6,44.9,61.3,6.4,8.5,10.7,100.0,107.3,126.4,,
https://www.basketball-reference.com/boxscores/202204020PHI.html,"12:30 PM, April 2, 2022",Philadelphia 76ers,Charlotte Hornets,144,114,CHO,,,Team Totals,240,42,87,.483,11,30,.367,19,24,.792,7,25,32,34,14,1,17,18,114,,,Team Totals,240,.584,.546,.345,.276,15.9,71.4,40.5,81.0,13.3,2.3,14.8,100.0,108.6,137.2,,
https://www.basketball-reference.com/boxscores/202204020PHI.html,"12:30 PM, April 2, 2022",Philadelphia 76ers,Charlotte Hornets,144,114,PHI,,,Team Totals,240,53,87,.609,21,43,.488,17,21,.810,10,37,47,38,10,5,19,18,144,,,Team Totals,240,.748,.730,.494,.241,28.6,84.1,59.5,71.7,9.5,8.8,16.5,100.0,137.2,108.6,,
https://www.basketball-reference.com/boxscores/202204030BOS.html,"1:00 PM, April 3, 2022",Boston Celtics,Washington Wizards,144,102,WAS,,,Team Totals,240,38,82,.463,8,21,.381,18,20,.900,7,25,32,21,4,2,12,14,102,,,Team Totals,240,.562,.512,.256,.244,17.9,78.1,45.1,55.3,4.2,4.3,11.7,100.0,107.6,151.9,,
https://www.basketball-reference.com/boxscores/202204030BOS.html,"1:00 PM, April 3, 2022",Boston Celtics,Washington Wizards,144,102,BOS,,,Team Totals,240,56,91,.615,23,44,.523,9,13,.692,7,32,39,39,6,5,8,20,144,,,Team Totals,240,.744,.742,.484,.143,21.9,82.1,54.9,69.6,6.3,8.2,7.6,100.0,151.9,107.6,,
https://www.basketball-reference.com/boxscores/202204030CLE.html,"6:00 PM, April 3, 2022",Cleveland Cavaliers,Philadelphia 76ers,108,112,PHI,,,Team Totals,240,33,80,.413,11,31,.355,35,42,.833,12,38,50,23,7,8,14,19,112,,,Team Totals,240,.569,.481,.388,.525,26.1,84.4,54.9,69.7,7.3,17.8,12.4,100.0,116.1,112.0,,
https://www.basketball-reference.com/boxscores/202204030CLE.html,"6:00 PM, April 3, 2022",Cleveland Cavaliers,Philadelphia 76ers,108,112,CLE,,,Team Totals,240,35,78,.449,15,33,.455,23,31,.742,7,34,41,24,10,3,12,28,108,,,Team Totals,240,.589,.545,.423,.397,15.6,73.9,45.1,68.6,10.4,6.1,11.6,100.0,112.0,116.1,,
https://www.basketball-reference.com/boxscores/202204030HOU.html,"7:00 PM, April 3, 2022",Houston Rockets,Minnesota Timberwolves,132,139,MIN,,,Team Totals,240,51,86,.593,17,41,.415,20,25,.800,7,25,32,32,13,6,19,27,139,,,Team Totals,240,.716,.692,.477,.291,21.9,69.4,47.1,62.7,12.1,13.3,16.4,100.0,129.1,122.6,,
https://www.basketball-reference.com/boxscores/202204030HOU.html,"7:00 PM, April 3, 2022",Houston Rockets,Minnesota Timberwolves,132,139,HOU,,,Team Totals,240,48,85,.565,16,40,.400,20,29,.690,11,25,36,28,8,4,24,24,132,,,Team Totals,240,.675,.659,.471,.341,30.6,78.1,52.9,58.3,7.4,8.9,19.7,100.0,122.6,129.1,,
https://www.basketball-reference.com/boxscores/202204030IND.html,"5:00 PM, April 3, 2022",Indiana Pacers,Detroit Pistons,117,121,DET,,,Team Totals,240,43,99,.434,21,41,.512,14,18,.778,10,28,38,31,11,4,12,19,121,,,Team Totals,240,.566,.540,.414,.182,19.6,62.2,39.6,72.1,10.6,7.1,10.1,100.0,116.8,112.9,,
https://www.basketball-reference.com/boxscores/202204030IND.html,"5:00 PM, April 3, 2022",Indiana Pacers,Detroit Pistons,117,121,IND,,,Team Totals,240,45,94,.479,12,38,.316,15,19,.789,17,41,58,33,6,11,19,21,117,,,Team Totals,240,.572,.543,.404,.202,37.8,80.4,60.4,73.3,5.8,19.0,15.7,100.0,112.9,116.8,,
https://www.basketball-reference.com/boxscores/202204030LAC.html,"9:30 PM, April 3, 2022",Los Angeles Clippers,New Orleans Pelicans,119,100,NOP,,,Team Totals,240,35,87,.402,9,24,.375,21,27,.778,19,35,54,22,4,5,16,13,100,,,Team Totals,240,.506,.454,.276,.310,39.6,74.5,56.8,62.9,4.3,9.8,13.9,100.0,106.9,127.2,,
https://www.basketball-reference.com/boxscores/202204030LAC.html,"9:30 PM, April 3, 2022",Los Angeles Clippers,New Orleans Pelicans,119,100,LAC,,,Team Totals,240,45,95,.474,21,44,.477,8,10,.800,12,29,41,33,10,5,10,21,119,,,Team Totals,240,.599,.584,.463,.105,25.5,60.4,43.2,73.3,10.7,7.9,9.1,100.0,127.2,106.9,,
https://www.basketball-reference.com/boxscores/202204030LAL.html,"3:30 PM, April 3, 2022",Los Angeles Lakers,Denver Nuggets,118,129,DEN,,,Team Totals,240,47,82,.573,12,31,.387,23,29,.793,6,32,38,33,10,5,12,18,129,,,Team Totals,240,.681,.646,.378,.354,15.0,84.2,48.7,70.2,9.7,6.9,11.2,100.0,125.2,114.5,,
https://www.basketball-reference.com/boxscores/202204030LAL.html,"3:30 PM, April 3, 2022",Los Angeles Lakers,Denver Nuggets,118,129,LAL,,,Team Totals,240,49,92,.533,6,20,.300,14,21,.667,6,34,40,31,4,5,13,25,118,,,Team Totals,240,.583,.565,.217,.228,15.8,85.0,51.3,63.3,3.9,9.8,11.4,100.0,114.5,125.2,,
https://www.basketball-reference.com/boxscores/202204030MIL.html,"1:00 PM, April 3, 2022",Milwaukee Bucks,Dallas Mavericks,112,118,DAL,,,Team Totals,240,39,76,.513,16,38,.421,24,27,.889,2,36,38,28,7,3,14,20,118,,,Team Totals,240,.671,.618,.500,.355,7.1,78.3,51.4,71.8,7.1,5.5,13.7,100.0,119.9,113.8,,
https://www.basketball-reference.com/boxscores/202204030MIL.html,"1:00 PM, April 3, 2022",Milwaukee Bucks,Dallas Mavericks,112,118,MIL,,,Team Totals,240,42,95,.442,15,40,.375,13,18,.722,10,26,36,25,9,1,9,22,112,,,Team Totals,240,.544,.521,.421,.189,21.7,92.9,48.6,59.5,9.1,2.6,8.0,100.0,113.8,119.9,,
https://www.basketball-reference.com/boxscores/202204030OKC.html,"7:00 PM, April 3, 2022",Oklahoma City Thunder,Phoenix Suns,117,96,PHO,,,Team Totals,240,37,89,.416,7,38,.184,15,17,.882,6,27,33,22,14,4,11,17,96,,,Team Totals,240,.498,.455,.427,.191,12.5,69.2,37.9,59.5,14.2,8.7,10.2,100.0,97.2,118.4,,
https://www.basketball-reference.com/boxscores/202204030OKC.html,"7:00 PM, April 3, 2022",Oklahoma City Thunder,Phoenix Suns,117,96,OKC,,,Team Totals,240,43,87,.494,17,41,.415,14,18,.778,12,42,54,33,7,4,18,18,117,,,Team Totals,240,.616,.592,.471,.207,30.8,87.5,62.1,76.7,7.1,7.8,15.9,100.0,118.4,97.2,,
https://www.basketball-reference.com/boxscores/202204030ORL.html,"6:00 PM, April 3, 2022",Orlando Magic,New York Knicks,88,118,NYK,,,Team Totals,240,45,93,.484,15,44,.341,13,16,.813,13,43,56,29,9,7,10,22,118,,,Team Totals,240,.590,.565,.473,.172,28.9,84.3,58.3,64.4,9.4,17.1,9.1,100.0,122.8,91.6,,
https://www.basketball-reference.com/boxscores/202204030ORL.html,"6:00 PM, April 3, 2022",Orlando Magic,New York Knicks,88,118,ORL,,,Team Totals,240,30,85,.353,12,44,.273,16,27,.593,8,32,40,18,5,2,11,12,88,,,Team Totals,240,.454,.424,.518,.318,15.7,71.1,41.7,60.0,5.2,4.1,10.2,100.0,91.6,122.8,,
https://www.basketball-reference.com/boxscores/202204030SAC.html,"9:00 PM, April 3, 2022",Sacramento Kings,Golden State Warriors,90,109,GSW,,,Team Totals,240,41,79,.519,16,34,.471,11,15,.733,7,40,47,29,8,8,17,28,109,,,Team Totals,240,.637,.620,.430,.190,19.4,87.0,57.3,70.7,8.4,16.7,16.6,100.0,114.3,94.4,,
https://www.basketball-reference.com/boxscores/202204030SAC.html,"9:00 PM, April 3, 2022",Sacramento Kings,Golden State Warriors,90,109,SAC,,,Team Totals,240,31,81,.383,7,33,.212,21,24,.875,6,29,35,19,5,1,13,15,90,,,Team Totals,240,.491,.426,.407,.296,13.0,80.6,42.7,61.3,5.2,2.2,12.4,100.0,94.4,114.3,,
https://www.basketball-reference.com/boxscores/202204030SAS.html,"7:00 PM, April 3, 2022",San Antonio Spurs,Portland Trail Blazers,113,92,POR,,,Team Totals,240,33,84,.393,16,45,.356,10,15,.667,7,32,39,22,7,4,14,22,92,,,Team Totals,240,.508,.488,.536,.179,14.6,76.2,43.3,66.7,7.2,9.5,13.4,100.0,95.2,116.9,,
https://www.basketball-reference.com/boxscores/202204030SAS.html,"7:00 PM, April 3, 2022",San Antonio Spurs,Portland Trail Blazers,113,92,SAS,,,Team Totals,240,38,84,.452,14,42,.333,23,30,.767,10,41,51,25,9,1,13,18,113,,,Team Totals,240,.581,.536,.500,.357,23.8,85.4,56.7,65.8,9.3,2.6,11.8,100.0,116.9,95.2,,
https://www.basketball-reference.com/boxscores/202204030TOR.html,"7:00 PM, April 3, 2022",Toronto Raptors,Miami Heat,109,114,MIA,,,Team Totals,240,41,79,.519,18,38,.474,14,22,.636,8,30,38,30,9,4,17,21,114,,,Team Totals,240,.643,.633,.481,.278,22.2,75.0,50.0,73.2,9.2,9.1,16.1,100.0,116.0,110.9,,
https://www.basketball-reference.com/boxscores/202204030TOR.html,"7:00 PM, April 3, 2022",Toronto Raptors,Miami Heat,109,114,TOR,,,Team Totals,240,35,83,.422,12,39,.308,27,34,.794,10,28,38,19,12,1,17,20,109,,,Team Totals,240,.556,.494,.470,.410,25.0,77.8,50.0,54.3,12.2,2.4,14.8,100.0,110.9,116.0,,
https://www.basketball-reference.com/boxscores/202204050BRK.html,"7:30 PM, April 5, 2022",Brooklyn Nets,Houston Rockets,118,105,HOU,,,Team Totals,240,40,99,.404,11,43,.256,14,25,.560,18,30,48,18,8,6,11,20,105,,,Team Totals,240,.477,.460,.434,.253,31.0,71.4,48.0,45.0,8.0,12.2,9.1,100.0,105.1,118.1,,
https://www.basketball-reference.com/boxscores/202204050BRK.html,"7:30 PM, April 5, 2022",Brooklyn Nets,Houston Rockets,118,105,BRK,,,Team Totals,240,39,86,.453,15,37,.405,25,27,.926,12,40,52,22,6,9,17,23,118,,,Team Totals,240,.603,.541,.430,.314,28.6,69.0,52.0,56.4,6.0,16.1,14.8,100.0,118.1,105.1,,
https://www.basketball-reference.com/boxscores/202204050CHI.html,"8:00 PM, April 5, 2022",Chicago Bulls,Milwaukee Bucks,106,127,MIL,,,Team Totals,240,46,87,.529,12,35,.343,23,25,.920,8,39,47,32,8,8,14,19,127,,,Team Totals,240,.648,.598,.402,.287,21.6,75.0,52.8,69.6,7.8,12.3,12.5,100.0,124.1,103.5,,
https://www.basketball-reference.com/boxscores/202204050CHI.html,"8:00 PM, April 5, 2022",Chicago Bulls,Milwaukee Bucks,106,127,CHI,,,Team Totals,240,42,98,.429,9,33,.273,13,13,1.000,13,29,42,22,8,2,15,21,106,,,Team Totals,240,.511,.474,.337,.133,25.0,78.4,47.2,52.4,7.8,3.8,12.6,100.0,103.5,124.1,,
https://www.basketball-reference.com/boxscores/202204050DEN.html,"9:00 PM, April 5, 2022",Denver Nuggets,San Antonio Spurs,97,116,SAS,,,Team Totals,240,44,89,.494,12,26,.462,16,24,.667,5,43,48,31,6,3,11,14,116,,,Team Totals,240,.583,.562,.292,.270,10.9,81.1,48.5,70.5,5.8,4.6,9.9,100.0,112.3,93.9,,
https://www.basketball-reference.com/boxscores/202204050DEN.html,"9:00 PM, April 5, 2022",Denver Nuggets,San Antonio Spurs,97,116,DEN,,,Team Totals,240,41,98,.418,7,33,.212,8,12,.667,10,41,51,22,4,2,11,19,97,,,Team Totals,240,.470,.454,.337,.122,18.9,89.1,51.5,53.7,3.9,3.2,9.6,100.0,93.9,112.3,,
https://www.basketball-reference.com/boxscores/202204050IND.html,"7:00 PM, April 5, 2022",Indiana Pacers,Philadelphia 76ers,122,131,PHI,,,Team Totals,240,47,87,.540,23,40,.575,14,18,.778,5,31,36,34,8,3,16,14,131,,,Team Totals,240,.690,.672,.460,.207,13.5,66.0,42.9,72.3,7.8,5.5,14.4,100.0,127.4,118.7,,
https://www.basketball-reference.com/boxscores/202204050IND.html,"7:00 PM, April 5, 2022",Indiana Pacers,Philadelphia 76ers,122,131,IND,,,Team Totals,240,45,95,.474,12,40,.300,20,21,.952,16,32,48,29,8,10,16,18,122,,,Team Totals,240,.585,.537,.421,.221,34.0,86.5,57.1,64.4,7.8,21.3,13.3,100.0,118.7,127.4,,
https://www.basketball-reference.com/boxscores/202204050MIA.html,"7:30 PM, April 5, 2022",Miami Heat,Charlotte Hornets,144,115,CHO,,,Team Totals,240,45,85,.529,12,38,.316,13,18,.722,7,24,31,34,8,3,15,18,115,,,Team Totals,240,.619,.600,.447,.212,17.5,75.0,43.1,75.6,8.0,7.1,13.9,100.0,114.6,143.5,,
https://www.basketball-reference.com/boxscores/202204050MIA.html,"7:30 PM, April 5, 2022",Miami Heat,Charlotte Hornets,144,115,MIA,,,Team Totals,240,48,84,.571,23,42,.548,25,29,.862,8,33,41,29,10,1,15,19,144,,,Team Totals,240,.744,.708,.500,.345,25.0,82.5,56.9,60.4,10.0,2.1,13.4,100.0,143.5,114.6,,
https://www.basketball-reference.com/boxscores/202204050MIN.html,"8:00 PM, April 5, 2022",Minnesota Timberwolves,Washington Wizards,114,132,WAS,,,Team Totals,240,56,101,.554,13,30,.433,7,14,.500,9,43,52,38,4,4,10,25,132,,,Team Totals,240,.616,.619,.297,.139,22.0,87.8,57.8,67.9,3.8,8.0,8.5,100.0,125.4,108.3,,
https://www.basketball-reference.com/boxscores/202204050MIN.html,"8:00 PM, April 5, 2022",Minnesota Timberwolves,Washington Wizards,114,132,MIN,,,Team Totals,240,41,91,.451,14,41,.341,18,25,.720,6,32,38,27,6,3,10,16,114,,,Team Totals,240,.559,.527,.451,.275,12.2,78.0,42.2,65.9,5.7,4.2,8.9,100.0,108.3,125.4,,
https://www.basketball-reference.com/boxscores/202204050OKC.html,"8:00 PM, April 5, 2022",Oklahoma City Thunder,Portland Trail Blazers,98,94,POR,,,Team Totals,240,35,83,.422,11,32,.344,13,16,.813,10,30,40,24,10,6,17,19,94,,,Team Totals,240,.522,.488,.386,.193,22.7,69.8,46.0,68.6,10.6,11.5,15.9,100.0,100.0,104.3,,
https://www.basketball-reference.com/boxscores/202204050OKC.html,"8:00 PM, April 5, 2022",Oklahoma City Thunder,Portland Trail Blazers,98,94,OKC,,,Team Totals,240,39,81,.481,9,29,.310,11,22,.500,13,34,47,15,12,12,17,10,98,,,Team Totals,240,.540,.537,.358,.272,30.2,77.3,54.0,38.5,12.8,23.5,15.8,100.0,104.3,100.0,,
https://www.basketball-reference.com/boxscores/202204050ORL.html,"7:00 PM, April 5, 2022",Orlando Magic,Cleveland Cavaliers,120,115,CLE,,,Team Totals,240,42,86,.488,16,36,.444,15,22,.682,9,38,47,25,6,4,12,11,115,,,Team Totals,240,.601,.581,.419,.256,20.5,82.6,52.2,59.5,6.2,6.9,11.1,100.0,118.2,123.3,,
https://www.basketball-reference.com/boxscores/202204050ORL.html,"7:00 PM, April 5, 2022",Orlando Magic,Cleveland Cavaliers,120,115,ORL,,,Team Totals,240,47,93,.505,16,35,.457,10,15,.667,8,35,43,31,9,8,7,19,120,,,Team Totals,240,.602,.591,.376,.161,17.4,79.5,47.8,66.0,9.2,16.0,6.6,100.0,123.3,118.2,,
https://www.basketball-reference.com/boxscores/202204050PHO.html,"10:30 PM, April 5, 2022",Phoenix Suns,Los Angeles Lakers,121,110,LAL,,,Team Totals,240,39,86,.453,9,29,.310,23,30,.767,7,39,46,22,7,3,16,14,110,,,Team Totals,240,.554,.506,.337,.349,14.3,78.0,46.5,56.4,6.5,4.8,13.9,100.0,102.7,113.0,,
https://www.basketball-reference.com/boxscores/202204050PHO.html,"10:30 PM, April 5, 2022",Phoenix Suns,Los Angeles Lakers,121,110,PHO,,,Team Totals,240,50,102,.490,14,39,.359,7,9,.778,11,42,53,38,10,4,14,22,121,,,Team Totals,240,.571,.559,.382,.088,22.0,85.7,53.5,76.0,9.3,7.0,11.7,100.0,113.0,102.7,,
https://www.basketball-reference.com/boxscores/202204050SAC.html,"10:00 PM, April 5, 2022",Sacramento Kings,New Orleans Pelicans,109,123,NOP,,,Team Totals,240,45,88,.511,12,25,.480,21,26,.808,14,30,44,26,13,2,13,20,123,,,Team Totals,240,.618,.580,.284,.295,31.1,90.9,56.4,57.8,13.5,4.3,11.6,100.0,127.3,112.8,,
https://www.basketball-reference.com/boxscores/202204050SAC.html,"10:00 PM, April 5, 2022",Sacramento Kings,New Orleans Pelicans,109,123,SAC,,,Team Totals,240,39,76,.513,11,30,.367,20,22,.909,3,31,34,28,4,3,15,20,109,,,Team Totals,240,.636,.586,.395,.289,9.1,68.9,43.6,71.8,4.1,4.8,14.9,100.0,112.8,127.3,,
https://www.basketball-reference.com/boxscores/202204050TOR.html,"7:30 PM, April 5, 2022",Toronto Raptors,Atlanta Hawks,118,108,ATL,,,Team Totals,240,43,94,.457,14,37,.378,8,12,.667,10,33,43,31,5,4,7,22,108,,,Team Totals,240,.544,.532,.394,.128,20.0,62.3,41.7,72.1,5.2,6.1,6.6,100.0,111.8,122.1,,
https://www.basketball-reference.com/boxscores/202204050TOR.html,"7:30 PM, April 5, 2022",Toronto Raptors,Atlanta Hawks,118,108,TOR,,,Team Totals,240,44,101,.436,9,35,.257,21,31,.677,20,40,60,20,6,5,8,14,118,,,Team Totals,240,.515,.480,.347,.307,37.7,80.0,58.3,45.5,6.2,8.8,6.5,100.0,122.1,111.8,,
https://www.basketball-reference.com/boxscores/202204050UTA.html,"9:00 PM, April 5, 2022",Utah Jazz,Memphis Grizzlies,121,115,MEM,,,Team Totals,265,39,101,.386,13,31,.419,24,29,.828,10,41,51,26,13,7,13,29,115,,,Team Totals,265,.505,.450,.307,.287,17.2,75.9,45.5,66.7,11.3,12.1,10.3,100.0,100.0,105.2,,
https://www.basketball-reference.com/boxscores/202204050UTA.html,"9:00 PM, April 5, 2022",Utah Jazz,Memphis Grizzlies,121,115,UTA,,,Team Totals,265,40,96,.417,12,38,.316,29,43,.674,13,48,61,23,8,8,17,21,121,,,Team Totals,265,.526,.479,.396,.448,24.1,82.8,54.5,57.5,7.0,11.4,12.9,100.0,105.2,100.0,,
https://www.basketball-reference.com/boxscores/202204060ATL.html,"8:00 PM, April 6, 2022",Atlanta Hawks,Washington Wizards,118,103,WAS,,,Team Totals,240,42,86,.488,10,35,.286,9,11,.818,6,38,44,26,4,4,14,17,103,,,Team Totals,240,.567,.547,.407,.128,15.8,84.4,53.0,61.9,4.1,7.5,13.4,100.0,106.0,121.4,,
https://www.basketball-reference.com/boxscores/202204060ATL.html,"8:00 PM, April 6, 2022",Atlanta Hawks,Washington Wizards,118,103,ATL,,,Team Totals,240,43,92,.467,16,39,.410,16,19,.842,7,32,39,26,11,1,6,13,118,,,Team Totals,240,.588,.554,.424,.207,15.6,84.2,47.0,60.5,11.3,2.0,5.6,100.0,121.4,106.0,,
https://www.basketball-reference.com/boxscores/202204060CHI.html,"8:00 PM, April 6, 2022",Chicago Bulls,Boston Celtics,94,117,BOS,,,Team Totals,240,43,88,.489,17,37,.459,14,22,.636,8,34,42,29,11,6,13,18,117,,,Team Totals,240,.599,.585,.420,.250,19.5,82.9,51.2,67.4,11.1,10.5,11.7,100.0,118.0,94.8,,
https://www.basketball-reference.com/boxscores/202204060CHI.html,"8:00 PM, April 6, 2022",Chicago Bulls,Boston Celtics,94,117,CHI,,,Team Totals,240,35,80,.438,7,23,.304,17,23,.739,7,33,40,19,7,4,17,22,94,,,Team Totals,240,.522,.481,.288,.288,17.1,80.5,48.8,54.3,7.1,7.8,15.9,100.0,94.8,118.0,,
https://www.basketball-reference.com/boxscores/202204060DET.html,"7:00 PM, April 6, 2022",Detroit Pistons,Dallas Mavericks,113,131,DAL,,,Team Totals,240,45,80,.563,15,33,.455,26,34,.765,8,33,41,28,8,1,10,24,131,,,Team Totals,240,.690,.656,.413,.425,20.5,75.0,49.4,62.2,8.4,1.9,9.5,100.0,137.6,118.7,,
https://www.basketball-reference.com/boxscores/202204060DET.html,"7:00 PM, April 6, 2022",Detroit Pistons,Dallas Mavericks,113,131,DET,,,Team Totals,240,35,82,.427,11,30,.367,32,35,.914,11,31,42,26,7,5,11,21,113,,,Team Totals,240,.580,.494,.366,.427,25.0,79.5,50.6,74.3,7.4,10.6,10.1,100.0,118.7,137.6,,
https://www.basketball-reference.com/boxscores/202204060LAC.html,"10:00 PM, April 6, 2022",Los Angeles Clippers,Phoenix Suns,113,109,PHO,,,Team Totals,240,42,108,.389,17,48,.354,8,12,.667,18,36,54,29,11,2,12,26,109,,,Team Totals,240,.481,.468,.444,.111,28.1,80.0,49.5,69.0,10.7,4.9,9.6,100.0,106.1,109.9,,
https://www.basketball-reference.com/boxscores/202204060LAC.html,"10:00 PM, April 6, 2022",Los Angeles Clippers,Phoenix Suns,113,109,LAC,,,Team Totals,240,33,75,.440,12,34,.353,35,44,.795,9,46,55,20,7,9,17,17,113,,,Team Totals,240,.599,.520,.453,.587,20.0,71.9,50.5,60.6,6.8,15.0,15.3,100.0,109.9,106.1,,
https://www.basketball-reference.com/boxscores/202204060NYK.html,"7:30 PM, April 6, 2022",New York Knicks,Brooklyn Nets,98,110,BRK,,,Team Totals,240,41,93,.441,14,41,.341,14,18,.778,13,36,49,28,7,6,14,26,110,,,Team Totals,240,.545,.516,.441,.194,28.9,78.3,53.8,68.3,7.2,13.3,12.2,100.0,113.0,100.7,,
https://www.basketball-reference.com/boxscores/202204060NYK.html,"7:30 PM, April 6, 2022",New York Knicks,Brooklyn Nets,98,110,NYK,,,Team Totals,240,32,83,.386,13,38,.342,21,36,.583,10,32,42,22,4,7,11,19,98,,,Team Totals,240,.496,.464,.458,.434,21.7,71.1,46.2,68.8,4.1,13.5,10.0,100.0,100.7,113.0,,
https://www.basketball-reference.com/boxscores/202204060UTA.html,"9:00 PM, April 6, 2022",Utah Jazz,Oklahoma City Thunder,137,101,OKC,,,Team Totals,240,37,90,.411,16,37,.432,11,17,.647,11,21,32,27,9,1,10,22,101,,,Team Totals,240,.518,.500,.411,.189,22.0,56.8,36.8,73.0,9.6,2.1,9.3,100.0,107.5,145.8,,
https://www.basketball-reference.com/boxscores/202204060UTA.html,"9:00 PM, April 6, 2022",Utah Jazz,Oklahoma City Thunder,137,101,UTA,,,Team Totals,240,49,84,.583,15,36,.417,24,32,.750,16,39,55,29,7,10,13,13,137,,,Team Totals,240,.698,.673,.429,.381,43.2,78.0,63.2,59.2,7.4,18.9,11.7,100.0,145.8,107.5,,
https://www.basketball-reference.com/boxscores/202204070CHO.html,"7:00 PM, April 7, 2022",Charlotte Hornets,Orlando Magic,128,101,ORL,,,Team Totals,240,38,95,.400,15,48,.313,10,13,.769,8,35,43,27,6,4,16,22,101,,,Team Totals,240,.501,.479,.505,.137,14.8,77.8,43.4,71.1,5.7,6.9,13.7,100.0,95.5,121.0,,
https://www.basketball-reference.com/boxscores/202204070CHO.html,"7:00 PM, April 7, 2022",Charlotte Hornets,Orlando Magic,128,101,CHO,,,Team Totals,240,48,92,.522,12,34,.353,20,27,.741,10,46,56,29,9,10,12,17,128,,,Team Totals,240,.616,.587,.370,.293,22.2,85.2,56.6,60.4,8.5,21.3,10.4,100.0,121.0,95.5,,
https://www.basketball-reference.com/boxscores/202204070DEN.html,"9:00 PM, April 7, 2022",Denver Nuggets,Memphis Grizzlies,122,109,MEM,,,Team Totals,240,42,89,.472,11,28,.393,14,19,.737,10,24,34,30,8,3,13,21,109,,,Team Totals,240,.560,.534,.315,.213,22.2,75.0,44.2,71.4,8.1,6.0,11.8,100.0,110.2,123.4,,
https://www.basketball-reference.com/boxscores/202204070DEN.html,"9:00 PM, April 7, 2022",Denver Nuggets,Memphis Grizzlies,122,109,DEN,,,Team Totals,240,44,80,.550,12,30,.400,22,25,.880,8,35,43,27,7,2,19,22,122,,,Team Totals,240,.670,.625,.375,.313,25.0,77.8,55.8,61.4,7.1,3.3,17.3,100.0,123.4,110.2,,
https://www.basketball-reference.com/boxscores/202204070GSW.html,"10:00 PM, April 7, 2022",Golden State Warriors,Los Angeles Lakers,128,112,LAL,,,Team Totals,240,37,83,.446,9,32,.281,29,38,.763,8,34,42,14,8,4,19,13,112,,,Team Totals,240,.562,.500,.386,.458,18.2,79.1,48.3,37.8,7.5,6.2,16.0,100.0,104.7,119.7,,
https://www.basketball-reference.com/boxscores/202204070GSW.html,"10:00 PM, April 7, 2022",Golden State Warriors,Los Angeles Lakers,128,112,GSW,,,Team Totals,240,51,97,.526,16,32,.500,10,10,1.000,9,36,45,39,10,5,15,26,128,,,Team Totals,240,.631,.608,.330,.103,20.9,81.8,51.7,76.5,9.3,9.8,12.9,100.0,119.7,104.7,,
https://www.basketball-reference.com/boxscores/202204070MIL.html,"7:30 PM, April 7, 2022",Milwaukee Bucks,Boston Celtics,127,121,BOS,,,Team Totals,240,43,87,.494,21,50,.420,14,19,.737,8,36,44,30,8,4,16,15,121,,,Team Totals,240,.634,.615,.575,.218,19.0,72.0,47.8,69.8,7.9,6.8,14.4,100.0,118.8,124.7,,
https://www.basketball-reference.com/boxscores/202204070MIL.html,"7:30 PM, April 7, 2022",Milwaukee Bucks,Boston Celtics,127,121,MIL,,,Team Totals,240,49,97,.505,14,38,.368,15,21,.714,14,34,48,27,13,5,11,19,127,,,Team Totals,240,.598,.577,.392,.216,28.0,81.0,52.2,55.1,12.8,13.5,9.4,100.0,124.7,118.8,,
https://www.basketball-reference.com/boxscores/202204070MIN.html,"8:00 PM, April 7, 2022",Minnesota Timberwolves,San Antonio Spurs,127,121,SAS,,,Team Totals,240,43,89,.483,10,28,.357,25,34,.735,8,37,45,31,5,5,12,22,121,,,Team Totals,240,.582,.539,.315,.382,19.0,74.0,48.9,72.1,4.8,11.6,10.3,100.0,115.6,121.3,,
https://www.basketball-reference.com/boxscores/202204070MIN.html,"8:00 PM, April 7, 2022",Minnesota Timberwolves,San Antonio Spurs,127,121,MIN,,,Team Totals,240,41,96,.427,20,53,.377,25,31,.806,13,34,47,25,8,2,11,29,127,,,Team Totals,240,.579,.531,.552,.323,26.0,81.0,51.1,61.0,7.6,3.3,9.1,100.0,121.3,115.6,,
https://www.basketball-reference.com/boxscores/202204070NOP.html,"8:00 PM, April 7, 2022",New Orleans Pelicans,Portland Trail Blazers,127,94,POR,,,Team Totals,240,36,69,.522,11,31,.355,11,13,.846,3,24,27,28,10,4,22,27,94,,,Team Totals,240,.629,.601,.449,.188,10.3,51.1,35.5,77.8,10.9,7.1,22.7,100.0,102.0,137.8,,
https://www.basketball-reference.com/boxscores/202204070NOP.html,"8:00 PM, April 7, 2022",New Orleans Pelicans,Portland Trail Blazers,127,94,NOP,,,Team Totals,240,44,93,.473,13,37,.351,26,31,.839,23,26,49,31,15,1,12,14,127,,,Team Totals,240,.595,.543,.398,.333,48.9,89.7,64.5,70.5,16.3,2.6,10.1,100.0,137.8,102.0,,
https://www.basketball-reference.com/boxscores/202204070TOR.html,"7:30 PM, April 7, 2022",Toronto Raptors,Philadelphia 76ers,119,114,PHI,,,Team Totals,240,37,75,.493,19,36,.528,21,25,.840,6,31,37,26,7,3,17,18,114,,,Team Totals,240,.663,.620,.480,.333,17.1,72.1,47.4,70.3,7.3,5.2,16.5,100.0,119.7,124.9,,
https://www.basketball-reference.com/boxscores/202204070TOR.html,"7:30 PM, April 7, 2022",Toronto Raptors,Philadelphia 76ers,119,114,TOR,,,Team Totals,240,45,91,.495,15,33,.455,14,18,.778,12,29,41,22,7,4,11,17,119,,,Team Totals,240,.601,.577,.363,.198,27.9,82.9,52.6,48.9,7.3,10.3,10.0,100.0,124.9,119.7,,
https://www.basketball-reference.com/boxscores/202204080BRK.html,"7:30 PM, April 8, 2022",Brooklyn Nets,Cleveland Cavaliers,118,107,CLE,,,Team Totals,240,40,82,.488,8,27,.296,19,24,.792,10,21,31,19,4,4,9,20,107,,,Team Totals,240,.578,.537,.329,.293,23.8,61.8,40.8,47.5,4.4,6.7,8.9,100.0,118.1,130.2,,
https://www.basketball-reference.com/boxscores/202204080BRK.html,"7:30 PM, April 8, 2022",Brooklyn Nets,Cleveland Cavaliers,118,107,BRK,,,Team Totals,240,43,92,.467,12,32,.375,20,21,.952,13,32,45,30,5,8,11,20,118,,,Team Totals,240,.583,.533,.348,.228,38.2,76.2,59.2,69.8,5.5,14.5,9.8,100.0,130.2,118.1,,
https://www.basketball-reference.com/boxscores/202204080CHI.html,"8:00 PM, April 8, 2022",Chicago Bulls,Charlotte Hornets,117,133,CHO,,,Team Totals,240,52,86,.605,19,40,.475,10,10,1.000,8,30,38,34,7,4,11,21,133,,,Team Totals,240,.736,.715,.465,.116,24.2,83.3,55.1,65.4,7.5,6.9,10.8,100.0,141.9,124.9,,
https://www.basketball-reference.com/boxscores/202204080CHI.html,"8:00 PM, April 8, 2022",Chicago Bulls,Charlotte Hornets,117,133,CHI,,,Team Totals,240,44,82,.537,13,24,.542,16,20,.800,6,25,31,25,7,1,12,12,117,,,Team Totals,240,.644,.616,.293,.244,16.7,75.8,44.9,56.8,7.5,2.2,11.7,100.0,124.9,141.9,,
https://www.basketball-reference.com/boxscores/202204080DAL.html,"8:30 PM, April 8, 2022",Dallas Mavericks,Portland Trail Blazers,128,78,POR,,,Team Totals,240,31,83,.373,7,32,.219,9,12,.750,5,24,29,20,9,2,17,23,78,,,Team Totals,240,.442,.416,.386,.145,10.6,72.7,36.3,64.5,9.3,5.9,16.1,100.0,80.2,131.6,,
https://www.basketball-reference.com/boxscores/202204080DAL.html,"8:30 PM, April 8, 2022",Dallas Mavericks,Portland Trail Blazers,128,78,DAL,,,Team Totals,240,42,79,.532,20,45,.444,24,31,.774,9,42,51,25,9,5,15,19,128,,,Team Totals,240,.691,.658,.570,.392,27.3,89.4,63.8,59.5,9.3,9.8,13.9,100.0,131.6,80.2,,
https://www.basketball-reference.com/boxscores/202204080DET.html,"7:00 PM, April 8, 2022",Detroit Pistons,Milwaukee Bucks,101,131,MIL,,,Team Totals,240,50,101,.495,11,37,.297,20,23,.870,10,41,51,29,7,1,8,20,131,,,Team Totals,240,.589,.550,.366,.228,22.7,82.0,54.3,58.0,6.7,2.4,6.7,100.0,125.7,96.9,,
https://www.basketball-reference.com/boxscores/202204080DET.html,"7:00 PM, April 8, 2022",Detroit Pistons,Milwaukee Bucks,101,131,DET,,,Team Totals,240,35,90,.389,10,48,.208,21,23,.913,9,34,43,27,6,5,14,22,101,,,Team Totals,240,.504,.444,.533,.256,18.0,77.3,45.7,77.1,5.8,7.8,12.3,100.0,96.9,125.7,,
https://www.basketball-reference.com/boxscores/202204080LAL.html,"10:30 PM, April 8, 2022",Los Angeles Lakers,Oklahoma City Thunder,120,101,OKC,,,Team Totals,240,40,88,.455,6,29,.207,15,19,.789,9,35,44,21,5,3,14,26,101,,,Team Totals,240,.524,.489,.330,.216,19.1,83.3,49.4,52.5,5.0,5.9,12.7,100.0,101.0,120.0,,
https://www.basketball-reference.com/boxscores/202204080LAL.html,"10:30 PM, April 8, 2022",Los Angeles Lakers,Oklahoma City Thunder,120,101,LAL,,,Team Totals,240,41,82,.500,9,31,.290,29,39,.744,7,38,45,23,8,4,10,17,120,,,Team Totals,240,.605,.555,.378,.476,16.7,80.9,50.6,56.1,8.0,6.8,9.2,100.0,120.0,101.0,,
https://www.basketball-reference.com/boxscores/202204080MIA.html,"8:00 PM, April 8, 2022",Miami Heat,Atlanta Hawks,113,109,ATL,,,Team Totals,240,42,88,.477,8,34,.235,17,19,.895,13,30,43,17,9,0,15,23,109,,,Team Totals,240,.566,.523,.386,.216,31.0,88.2,56.6,40.5,9.4,0.0,13.5,100.0,113.8,118.0,,
https://www.basketball-reference.com/boxscores/202204080MIA.html,"8:00 PM, April 8, 2022",Miami Heat,Atlanta Hawks,113,109,MIA,,,Team Totals,240,40,72,.556,11,26,.423,22,28,.786,4,29,33,20,9,1,17,17,113,,,Team Totals,240,.670,.632,.361,.389,11.8,69.0,43.4,50.0,9.4,1.9,16.8,100.0,118.0,113.8,,
https://www.basketball-reference.com/boxscores/202204080TOR.html,"7:30 PM, April 8, 2022",Toronto Raptors,Houston Rockets,117,115,HOU,,,Team Totals,240,43,81,.531,10,29,.345,19,24,.792,7,34,41,24,6,3,19,19,115,,,Team Totals,240,.628,.593,.358,.296,20.0,72.3,50.0,55.8,6.0,4.5,17.2,100.0,114.3,116.3,,
https://www.basketball-reference.com/boxscores/202204080TOR.html,"7:30 PM, April 8, 2022",Toronto Raptors,Houston Rockets,117,115,TOR,,,Team Totals,240,44,96,.458,7,29,.241,22,23,.957,13,28,41,20,13,4,10,18,117,,,Team Totals,240,.551,.495,.302,.240,27.7,80.0,50.0,45.5,12.9,7.7,8.6,100.0,116.3,114.3,,
https://www.basketball-reference.com/boxscores/202204080UTA.html,"9:30 PM, April 8, 2022",Utah Jazz,Phoenix Suns,105,111,PHO,,,Team Totals,240,46,92,.500,6,19,.316,13,15,.867,11,35,46,27,7,3,13,25,111,,,Team Totals,240,.563,.533,.207,.163,27.5,70.0,51.1,58.7,7.3,6.0,11.6,100.0,115.2,109.0,,
https://www.basketball-reference.com/boxscores/202204080UTA.html,"9:30 PM, April 8, 2022",Utah Jazz,Phoenix Suns,105,111,UTA,,,Team Totals,240,35,88,.398,11,38,.289,24,33,.727,15,29,44,20,8,4,11,18,105,,,Team Totals,240,.512,.460,.432,.375,30.0,72.5,48.9,57.1,8.3,5.5,9.7,100.0,109.0,115.2,,
https://www.basketball-reference.com/boxscores/202204080WAS.html,"7:00 PM, April 8, 2022",Washington Wizards,New York Knicks,92,114,NYK,,,Team Totals,240,41,88,.466,16,39,.410,16,20,.800,10,32,42,27,13,3,10,19,114,,,Team Totals,240,.589,.557,.443,.227,22.2,94.1,53.2,65.9,13.6,7.3,9.4,100.0,119.7,96.6,,
https://www.basketball-reference.com/boxscores/202204080WAS.html,"7:00 PM, April 8, 2022",Washington Wizards,New York Knicks,92,114,WAS,,,Team Totals,240,35,69,.507,9,28,.321,13,17,.765,2,35,37,21,5,5,22,19,92,,,Team Totals,240,.601,.572,.406,.246,5.9,77.8,46.8,60.0,5.2,10.2,22.3,100.0,96.6,119.7,,
https://www.basketball-reference.com/boxscores/202204090LAC.html,"9:30 PM, April 9, 2022",Los Angeles Clippers,Sacramento Kings,117,98,SAC,,,Team Totals,240,38,86,.442,7,28,.250,15,24,.625,7,35,42,24,12,2,13,16,98,,,Team Totals,240,.507,.483,.326,.279,15.6,77.8,46.7,63.2,12.1,4.7,11.9,100.0,98.4,117.5,,
https://www.basketball-reference.com/boxscores/202204090LAC.html,"9:30 PM, April 9, 2022",Los Angeles Clippers,Sacramento Kings,117,98,LAC,,,Team Totals,240,42,86,.488,21,43,.488,12,15,.800,10,38,48,29,7,3,17,22,117,,,Team Totals,240,.632,.610,.500,.174,22.2,84.4,53.3,69.0,7.0,5.2,15.5,100.0,117.5,98.4,,
https://www.basketball-reference.com/boxscores/202204090MEM.html,"6:00 PM, April 9, 2022",Memphis Grizzlies,New Orleans Pelicans,141,114,NOP,,,Team Totals,240,41,91,.451,6,30,.200,26,35,.743,9,20,29,23,10,3,16,22,114,,,Team Totals,240,.536,.484,.330,.385,20.5,60.6,37.7,56.1,9.4,5.5,13.1,100.0,107.2,132.6,,
https://www.basketball-reference.com/boxscores/202204090MEM.html,"6:00 PM, April 9, 2022",Memphis Grizzlies,New Orleans Pelicans,141,114,MEM,,,Team Totals,240,53,90,.589,18,35,.514,17,23,.739,13,35,48,41,6,9,19,24,141,,,Team Totals,240,.704,.689,.389,.256,39.4,79.5,62.3,77.4,5.6,14.8,16.0,100.0,132.6,107.2,,
https://www.basketball-reference.com/boxscores/202204090PHI.html,"1:00 PM, April 9, 2022",Philadelphia 76ers,Indiana Pacers,133,120,IND,,,Team Totals,240,41,78,.526,10,23,.435,28,36,.778,7,24,31,28,8,6,17,22,120,,,Team Totals,240,.639,.590,.295,.462,20.0,63.2,42.5,68.3,7.9,10.7,15.3,100.0,119.1,132.0,,
https://www.basketball-reference.com/boxscores/202204090PHI.html,"1:00 PM, April 9, 2022",Philadelphia 76ers,Indiana Pacers,133,120,PHI,,,Team Totals,240,50,90,.556,12,34,.353,21,27,.778,14,28,42,37,14,3,15,24,133,,,Team Totals,240,.653,.622,.378,.300,36.8,80.0,57.5,74.0,13.9,5.5,12.8,100.0,132.0,119.1,,
https://www.basketball-reference.com/boxscores/202204090SAS.html,"8:30 PM, April 9, 2022",San Antonio Spurs,Golden State Warriors,94,100,GSW,,,Team Totals,240,33,81,.407,8,32,.250,26,33,.788,13,38,51,23,8,1,12,22,100,,,Team Totals,240,.523,.457,.395,.407,26.0,90.5,55.4,69.7,8.4,2.0,11.2,100.0,104.8,98.6,,
https://www.basketball-reference.com/boxscores/202204090SAS.html,"8:30 PM, April 9, 2022",San Antonio Spurs,Golden State Warriors,94,100,SAS,,,Team Totals,240,32,80,.400,10,31,.323,20,27,.741,4,37,41,19,5,3,12,24,94,,,Team Totals,240,.512,.463,.388,.338,9.5,74.0,44.6,59.4,5.2,6.1,11.6,100.0,98.6,104.8,,
https://www.basketball-reference.com/boxscores/202204100BRK.html,"3:30 PM, April 10, 2022",Brooklyn Nets,Indiana Pacers,134,126,IND,,,Team Totals,240,47,104,.452,19,46,.413,13,19,.684,11,19,30,32,16,1,7,23,126,,,Team Totals,240,.561,.543,.442,.183,20.8,70.4,37.5,68.1,15.3,1.7,5.9,100.0,120.7,128.4,,
https://www.basketball-reference.com/boxscores/202204100BRK.html,"3:30 PM, April 10, 2022",Brooklyn Nets,Indiana Pacers,134,126,BRK,,,Team Totals,240,52,81,.642,8,22,.364,22,25,.880,8,42,50,30,5,6,21,16,134,,,Team Totals,240,.728,.691,.272,.309,29.6,79.2,62.5,57.7,4.8,10.3,18.6,100.0,128.4,120.7,,
https://www.basketball-reference.com/boxscores/202204100CHO.html,"3:30 PM, April 10, 2022",Charlotte Hornets,Washington Wizards,124,108,WAS,,,Team Totals,240,42,94,.447,8,23,.348,16,26,.615,17,26,43,25,12,3,11,16,108,,,Team Totals,240,.512,.489,.245,.277,31.5,70.3,47.3,59.5,12.0,5.4,9.4,100.0,108.3,124.3,,
https://www.basketball-reference.com/boxscores/202204100CHO.html,"3:30 PM, April 10, 2022",Charlotte Hornets,Washington Wizards,124,108,CHO,,,Team Totals,240,48,89,.539,18,33,.545,10,14,.714,11,37,48,34,6,9,20,20,124,,,Team Totals,240,.652,.640,.371,.157,29.7,68.5,52.7,70.8,6.0,12.7,17.4,100.0,124.3,108.3,,
https://www.basketball-reference.com/boxscores/202204100CLE.html,"3:30 PM, April 10, 2022",Cleveland Cavaliers,Milwaukee Bucks,133,115,MIL,,,Team Totals,240,39,88,.443,12,30,.400,25,32,.781,8,33,41,27,7,2,12,14,115,,,Team Totals,240,.563,.511,.341,.364,17.4,76.7,46.1,69.2,6.8,3.6,10.5,100.0,111.8,129.3,,
https://www.basketball-reference.com/boxscores/202204100CLE.html,"3:30 PM, April 10, 2022",Cleveland Cavaliers,Milwaukee Bucks,133,115,CLE,,,Team Totals,240,51,94,.543,19,38,.500,12,17,.706,10,38,48,39,5,5,12,26,133,,,Team Totals,240,.655,.644,.404,.181,23.3,82.6,53.9,76.5,4.9,8.6,10.6,100.0,129.3,111.8,,
https://www.basketball-reference.com/boxscores/202204100DAL.html,"9:30 PM, April 10, 2022",Dallas Mavericks,San Antonio Spurs,130,120,SAS,,,Team Totals,240,43,89,.483,11,31,.355,23,23,1.000,7,28,35,26,15,3,8,17,120,,,Team Totals,240,.605,.545,.348,.258,17.5,73.7,44.9,60.5,15.2,6.1,7.5,100.0,121.9,132.1,,
https://www.basketball-reference.com/boxscores/202204100DAL.html,"9:30 PM, April 10, 2022",Dallas Mavericks,San Antonio Spurs,130,120,DAL,,,Team Totals,240,46,85,.541,20,36,.556,18,23,.783,10,33,43,34,5,3,16,16,130,,,Team Totals,240,.683,.659,.424,.271,26.3,82.5,55.1,73.9,5.1,5.2,14.4,100.0,132.1,121.9,,
https://www.basketball-reference.com/boxscores/202204100DEN.html,"9:30 PM, April 10, 2022",Denver Nuggets,Los Angeles Lakers,141,146,LAL,,,Team Totals,265,44,94,.468,16,43,.372,42,47,.894,13,37,50,26,4,6,13,24,146,,,Team Totals,265,.637,.553,.457,.500,27.7,77.1,52.6,59.1,3.5,11.3,10.2,100.0,128.7,124.3,,
https://www.basketball-reference.com/boxscores/202204100DEN.html,"9:30 PM, April 10, 2022",Denver Nuggets,Los Angeles Lakers,141,146,DEN,,,Team Totals,265,49,100,.490,15,47,.319,28,36,.778,11,34,45,33,10,7,14,34,141,,,Team Totals,265,.609,.565,.470,.360,22.9,72.3,47.4,67.3,8.8,13.7,10.8,100.0,124.3,128.7,,
https://www.basketball-reference.com/boxscores/202204100HOU.html,"3:30 PM, April 10, 2022",Houston Rockets,Atlanta Hawks,114,130,ATL,,,Team Totals,240,45,87,.517,21,38,.553,19,24,.792,13,37,50,29,4,4,13,19,130,,,Team Totals,240,.666,.638,.437,.276,31.7,86.0,59.5,64.4,4.1,9.3,11.8,100.0,134.6,118.0,,
https://www.basketball-reference.com/boxscores/202204100HOU.html,"3:30 PM, April 10, 2022",Houston Rockets,Atlanta Hawks,114,130,HOU,,,Team Totals,240,41,89,.461,17,46,.370,15,20,.750,6,28,34,24,4,4,8,19,114,,,Team Totals,240,.583,.556,.517,.225,14.0,68.3,40.5,58.5,4.1,8.2,7.6,100.0,118.0,134.6,,
https://www.basketball-reference.com/boxscores/202204100LAC.html,"9:30 PM, April 10, 2022",Los Angeles Clippers,Oklahoma City Thunder,138,88,OKC,,,Team Totals,240,37,98,.378,9,34,.265,5,9,.556,12,28,40,17,6,2,10,16,88,,,Team Totals,240,.432,.423,.347,.092,21.1,70.0,41.2,45.9,6.1,3.2,8.9,100.0,90.0,141.1,,
https://www.basketball-reference.com/boxscores/202204100LAC.html,"9:30 PM, April 10, 2022",Los Angeles Clippers,Oklahoma City Thunder,138,88,LAC,,,Team Totals,240,54,97,.557,18,35,.514,12,14,.857,12,45,57,34,4,8,9,11,138,,,Team Totals,240,.669,.649,.361,.144,30.0,78.9,58.8,63.0,4.1,12.5,8.0,100.0,141.1,90.0,,
https://www.basketball-reference.com/boxscores/202204100MEM.html,"7:00 PM, April 10, 2022",Memphis Grizzlies,Boston Celtics,110,139,BOS,,,Team Totals,240,54,99,.545,18,48,.375,13,13,1.000,14,42,56,34,5,2,15,20,139,,,Team Totals,240,.664,.636,.485,.131,35.0,68.9,55.4,63.0,4.9,3.6,12.5,100.0,136.2,107.8,,
https://www.basketball-reference.com/boxscores/202204100MEM.html,"7:00 PM, April 10, 2022",Memphis Grizzlies,Boston Celtics,110,139,MEM,,,Team Totals,240,39,102,.382,15,47,.319,17,27,.630,19,26,45,27,11,6,10,16,110,,,Team Totals,240,.483,.456,.461,.265,31.1,65.0,44.6,69.2,10.8,11.8,8.1,100.0,107.8,136.2,,
https://www.basketball-reference.com/boxscores/202204100MIN.html,"8:30 PM, April 10, 2022",Minnesota Timberwolves,Chicago Bulls,120,124,CHI,,,Team Totals,240,44,83,.530,10,21,.476,26,33,.788,16,32,48,22,9,3,23,22,124,,,Team Totals,240,.636,.590,.253,.398,41.0,78.0,60.0,50.0,8.8,5.0,19.1,100.0,121.4,117.5,,
https://www.basketball-reference.com/boxscores/202204100MIN.html,"8:30 PM, April 10, 2022",Minnesota Timberwolves,Chicago Bulls,120,124,MIN,,,Team Totals,240,46,91,.505,11,31,.355,17,22,.773,9,23,32,30,7,9,13,23,120,,,Team Totals,240,.596,.566,.341,.242,22.0,59.0,40.0,65.2,6.9,14.5,11.4,100.0,117.5,121.4,,
https://www.basketball-reference.com/boxscores/202204100NOP.html,"9:30 PM, April 10, 2022",New Orleans Pelicans,Golden State Warriors,107,128,GSW,,,Team Totals,240,49,81,.605,19,33,.576,11,13,.846,7,34,41,33,5,2,17,15,128,,,Team Totals,240,.738,.722,.407,.160,22.6,65.4,49.4,67.3,5.3,3.4,16.4,100.0,134.6,112.5,,
https://www.basketball-reference.com/boxscores/202204100NOP.html,"9:30 PM, April 10, 2022",New Orleans Pelicans,Golden State Warriors,107,128,NOP,,,Team Totals,240,42,99,.424,14,40,.350,9,12,.750,18,24,42,24,10,0,12,17,107,,,Team Totals,240,.513,.495,.404,.121,34.6,77.4,50.6,57.1,10.5,0.0,10.3,100.0,112.5,134.6,,
https://www.basketball-reference.com/boxscores/202204100NYK.html,"7:00 PM, April 10, 2022",New York Knicks,Toronto Raptors,105,94,TOR,,,Team Totals,240,36,92,.391,12,42,.286,10,11,.909,9,34,43,27,10,2,14,17,94,,,Team Totals,240,.485,.457,.457,.120,19.1,77.3,47.3,75.0,10.2,4.5,12.6,100.0,95.8,107.0,,
https://www.basketball-reference.com/boxscores/202204100NYK.html,"7:00 PM, April 10, 2022",New York Knicks,Toronto Raptors,105,94,NYK,,,Team Totals,240,40,87,.460,15,43,.349,10,12,.833,10,38,48,32,6,5,17,17,105,,,Team Totals,240,.569,.546,.494,.138,22.7,80.9,52.7,80.0,6.1,10.0,15.6,100.0,107.0,95.8,,
https://www.basketball-reference.com/boxscores/202204100ORL.html,"7:00 PM, April 10, 2022",Orlando Magic,Miami Heat,125,111,MIA,,,Team Totals,240,40,94,.426,19,50,.380,12,16,.750,10,37,47,20,5,4,10,13,111,,,Team Totals,240,.549,.527,.532,.170,19.2,86.0,49.5,50.0,5.0,12.1,9.0,100.0,111.5,125.6,,
https://www.basketball-reference.com/boxscores/202204100ORL.html,"7:00 PM, April 10, 2022",Orlando Magic,Miami Heat,125,111,ORL,,,Team Totals,240,45,91,.495,23,58,.397,12,14,.857,6,42,48,33,4,3,10,16,125,,,Team Totals,240,.643,.621,.637,.154,14.0,80.8,50.5,73.3,4.0,6.8,9.3,100.0,125.6,111.5,,
https://www.basketball-reference.com/boxscores/202204100PHI.html,"7:00 PM, April 10, 2022",Philadelphia 76ers,Detroit Pistons,118,106,DET,,,Team Totals,240,38,83,.458,11,34,.324,19,29,.655,15,27,42,26,4,4,20,16,106,,,Team Totals,240,.553,.524,.410,.349,31.9,73.0,50.0,68.4,4.1,6.3,17.3,100.0,108.6,120.8,,
https://www.basketball-reference.com/boxscores/202204100PHI.html,"7:00 PM, April 10, 2022",Philadelphia 76ers,Detroit Pistons,118,106,PHI,,,Team Totals,240,46,88,.523,5,25,.200,21,23,.913,10,32,42,25,13,6,11,23,118,,,Team Totals,240,.601,.551,.284,.261,27.0,68.1,50.0,54.3,13.3,12.2,10.1,100.0,120.8,108.6,,
https://www.basketball-reference.com/boxscores/202204100PHO.html,"9:30 PM, April 10, 2022",Phoenix Suns,Sacramento Kings,109,116,SAC,,,Team Totals,240,40,76,.526,14,26,.538,22,30,.733,2,38,40,26,9,7,15,18,116,,,Team Totals,240,.650,.618,.342,.395,5.9,67.9,44.4,65.0,9.0,12.5,14.4,100.0,116.1,109.1,,
https://www.basketball-reference.com/boxscores/202204100PHO.html,"9:30 PM, April 10, 2022",Phoenix Suns,Sacramento Kings,109,116,PHO,,,Team Totals,240,42,103,.408,14,47,.298,11,15,.733,18,32,50,27,9,7,11,25,109,,,Team Totals,240,.497,.476,.456,.146,32.1,94.1,55.6,64.3,9.0,14.0,9.1,100.0,109.1,116.1,,
https://www.basketball-reference.com/boxscores/202204100POR.html,"9:30 PM, April 10, 2022",Portland Trail Blazers,Utah Jazz,80,111,UTA,,,Team Totals,240,37,82,.451,9,36,.250,28,38,.737,15,45,60,23,8,6,17,16,111,,,Team Totals,240,.562,.506,.439,.463,35.7,90.0,65.2,62.2,8.2,12.2,14.7,100.0,113.7,82.0,,
https://www.basketball-reference.com/boxscores/202204100POR.html,"9:30 PM, April 10, 2022",Portland Trail Blazers,Utah Jazz,80,111,POR,,,Team Totals,240,31,83,.373,9,34,.265,9,12,.750,5,27,32,21,11,8,16,27,80,,,Team Totals,240,.453,.428,.410,.145,10.0,64.3,34.8,67.7,11.3,17.4,15.3,100.0,82.0,113.7,,
https://www.basketball-reference.com/boxscores/202204120BRK.html,"7:00 PM, April 12, 2022",Brooklyn Nets,Cleveland Cavaliers,115,108,CLE,,,Team Totals,240,41,92,.446,9,26,.346,17,20,.850,10,30,40,26,9,2,15,21,108,,,Team Totals,240,.536,.495,.283,.217,23.3,75.0,48.2,63.4,9.0,3.6,13.0,100.0,108.3,115.3,,
https://www.basketball-reference.com/boxscores/202204120BRK.html,"7:00 PM, April 12, 2022",Brooklyn Nets,Cleveland Cavaliers,115,108,BRK,,,Team Totals,240,45,84,.536,9,28,.321,16,24,.667,10,33,43,33,9,9,14,20,115,,,Team Totals,240,.608,.589,.333,.286,25.0,76.7,51.8,73.3,9.0,13.6,12.9,100.0,115.3,108.3,,
https://www.basketball-reference.com/boxscores/202204120MIN.html,"9:30 PM, April 12, 2022",Minnesota Timberwolves,Los Angeles Clippers,109,104,LAC,,,Team Totals,240,34,78,.436,16,35,.457,20,27,.741,7,32,39,19,5,5,17,28,104,,,Team Totals,240,.579,.538,.449,.346,15.9,72.7,44.3,55.9,5.2,10.4,15.9,100.0,107.6,112.7,,
https://www.basketball-reference.com/boxscores/202204120MIN.html,"9:30 PM, April 12, 2022",Minnesota Timberwolves,Los Angeles Clippers,109,104,MIN,,,Team Totals,240,36,83,.434,14,35,.400,23,37,.622,12,37,49,19,10,2,11,26,109,,,Team Totals,240,.549,.518,.422,.446,27.3,84.1,55.7,52.8,10.3,4.7,10.0,100.0,112.7,107.6,,
https://www.basketball-reference.com/boxscores/202204130ATL.html,"7:00 PM, April 13, 2022",Atlanta Hawks,Charlotte Hornets,132,103,CHO,,,Team Totals,240,34,90,.378,13,41,.317,22,29,.759,11,30,41,22,4,4,14,24,103,,,Team Totals,240,.501,.450,.456,.322,20.8,71.4,43.2,64.7,3.9,6.5,12.0,100.0,101.3,129.8,,
https://www.basketball-reference.com/boxscores/202204130ATL.html,"7:00 PM, April 13, 2022",Atlanta Hawks,Charlotte Hornets,132,103,ATL,,,Team Totals,240,49,94,.521,16,32,.500,18,25,.720,12,42,54,31,5,6,10,25,132,,,Team Totals,240,.629,.606,.340,.266,28.6,79.2,56.8,63.3,4.9,12.2,8.7,100.0,129.8,101.3,,
https://www.basketball-reference.com/boxscores/202204130NOP.html,"9:30 PM, April 13, 2022",New Orleans Pelicans,San Antonio Spurs,113,103,SAS,,,Team Totals,240,37,91,.407,13,34,.382,16,22,.727,8,26,34,19,4,3,6,20,103,,,Team Totals,240,.512,.478,.374,.242,15.1,76.5,39.1,51.4,4.2,4.9,5.6,100.0,107.9,118.3,,
https://www.basketball-reference.com/boxscores/202204130NOP.html,"9:30 PM, April 13, 2022",New Orleans Pelicans,San Antonio Spurs,113,103,NOP,,,Team Totals,240,44,81,.543,8,20,.400,17,23,.739,8,45,53,25,4,7,13,22,113,,,Team Totals,240,.620,.593,.247,.284,23.5,84.9,60.9,56.8,4.2,12.3,12.5,100.0,118.3,107.9,,
https://www.basketball-reference.com/boxscores/202204150CLE.html,"7:30 PM, April 15, 2022",Cleveland Cavaliers,Atlanta Hawks,101,107,ATL,,,Team Totals,240,39,80,.488,9,31,.290,20,22,.909,10,32,42,15,5,3,13,19,107,,,Team Totals,240,.597,.544,.388,.275,26.3,80.0,53.8,38.5,5.6,6.7,12.7,100.0,119.1,112.4,,
https://www.basketball-reference.com/boxscores/202204150CLE.html,"7:30 PM, April 15, 2022",Cleveland Cavaliers,Atlanta Hawks,101,107,CLE,,,Team Totals,240,37,81,.457,13,36,.361,14,17,.824,8,28,36,23,8,4,11,20,101,,,Team Totals,240,.571,.537,.444,.210,20.0,73.7,46.2,62.2,8.9,8.2,11.1,100.0,112.4,119.1,,
https://www.basketball-reference.com/boxscores/202204150LAC.html,"10:00 PM, April 15, 2022",Los Angeles Clippers,New Orleans Pelicans,101,105,NOP,,,Team Totals,240,43,88,.489,6,22,.273,13,25,.520,17,37,54,20,2,3,8,26,105,,,Team Totals,240,.530,.523,.250,.284,34.0,75.5,54.5,46.5,2.2,6.1,7.5,100.0,115.3,110.9,,
https://www.basketball-reference.com/boxscores/202204150LAC.html,"10:00 PM, April 15, 2022",Los Angeles Clippers,New Orleans Pelicans,101,105,LAC,,,Team Totals,240,35,85,.412,9,36,.250,22,34,.647,12,33,45,20,7,3,7,21,101,,,Team Totals,240,.505,.465,.424,.400,24.5,66.0,45.5,57.1,7.7,4.5,6.5,100.0,110.9,115.3,,
https://www.basketball-reference.com/boxscores/202204160DAL.html,"1:00 PM, April 16, 2022",Dallas Mavericks,Utah Jazz,93,99,UTA,,,Team Totals,240,36,83,.434,7,22,.318,20,23,.870,13,40,53,15,3,5,15,25,99,,,Team Totals,240,.532,.476,.265,.277,32.5,85.1,60.9,41.7,3.3,11.4,13.9,100.0,110.0,103.4,,
https://www.basketball-reference.com/boxscores/202204160DAL.html,"1:00 PM, April 16, 2022",Dallas Mavericks,Utah Jazz,93,99,DAL,,,Team Totals,240,29,76,.382,9,32,.281,26,34,.765,7,27,34,17,8,4,7,22,93,,,Team Totals,240,.511,.441,.421,.447,14.9,67.5,39.1,58.6,8.9,6.6,7.1,100.0,103.4,110.0,,
https://www.basketball-reference.com/boxscores/202204160GSW.html,"8:30 PM, April 16, 2022",Golden State Warriors,Denver Nuggets,123,107,DEN,,,Team Totals,240,43,93,.462,11,35,.314,10,13,.769,9,26,35,26,8,3,11,22,107,,,Team Totals,240,.542,.522,.376,.140,22.5,72.2,46.1,60.5,8.3,6.4,10.0,100.0,111.4,128.0,,
https://www.basketball-reference.com/boxscores/202204160GSW.html,"8:30 PM, April 16, 2022",Golden State Warriors,Denver Nuggets,123,107,GSW,,,Team Totals,240,43,82,.524,16,35,.457,21,29,.724,10,31,41,33,5,8,13,22,123,,,Team Totals,240,.649,.622,.427,.354,27.8,77.5,53.9,76.7,5.2,13.8,12.1,100.0,128.0,111.4,,
https://www.basketball-reference.com/boxscores/202204160MEM.html,"3:30 PM, April 16, 2022",Memphis Grizzlies,Minnesota Timberwolves,117,130,MIN,,,Team Totals,240,45,90,.500,16,41,.390,24,27,.889,11,35,46,32,5,7,19,32,130,,,Team Totals,240,.638,.589,.456,.300,28.9,81.4,56.8,71.1,4.7,11.9,15.7,100.0,122.8,110.5,,
https://www.basketball-reference.com/boxscores/202204160MEM.html,"3:30 PM, April 16, 2022",Memphis Grizzlies,Minnesota Timberwolves,117,130,MEM,,,Team Totals,240,39,86,.453,7,27,.259,32,43,.744,8,27,35,25,7,8,12,24,117,,,Team Totals,240,.558,.494,.314,.500,18.6,71.1,43.2,64.1,6.6,16.3,10.3,100.0,110.5,122.8,,
https://www.basketball-reference.com/boxscores/202204160PHI.html,"6:00 PM, April 16, 2022",Philadelphia 76ers,Toronto Raptors,131,111,TOR,,,Team Totals,240,40,82,.488,12,30,.400,19,23,.826,7,28,35,27,1,8,8,26,111,,,Team Totals,240,.602,.561,.366,.280,19.4,73.7,47.3,67.5,1.1,15.4,8.0,100.0,123.0,145.1,,
https://www.basketball-reference.com/boxscores/202204160PHI.html,"6:00 PM, April 16, 2022",Philadelphia 76ers,Toronto Raptors,131,111,PHI,,,Team Totals,240,43,84,.512,16,32,.500,29,34,.853,10,29,39,29,6,4,4,18,131,,,Team Totals,240,.662,.607,.381,.405,26.3,80.6,52.7,67.4,6.6,7.7,3.9,100.0,145.1,123.0,,
https://www.basketball-reference.com/boxscores/202204170BOS.html,"3:30 PM, April 17, 2022",Boston Celtics,Brooklyn Nets,115,114,BRK,,,Team Totals,240,42,78,.538,11,24,.458,19,24,.792,5,24,29,20,12,6,16,26,114,,,Team Totals,240,.644,.609,.308,.308,14.7,63.2,40.3,47.6,12.4,10.7,15.3,100.0,118.1,119.2,,
https://www.basketball-reference.com/boxscores/202204170BOS.html,"3:30 PM, April 17, 2022",Boston Celtics,Brooklyn Nets,115,114,BOS,,,Team Totals,240,42,89,.472,12,33,.364,19,24,.792,14,29,43,24,12,5,15,24,115,,,Team Totals,240,.578,.539,.371,.270,36.8,85.3,59.7,57.1,12.4,9.3,13.1,100.0,119.2,118.1,,
https://www.basketball-reference.com/boxscores/202204170MIA.html,"1:00 PM, April 17, 2022",Miami Heat,Atlanta Hawks,115,91,ATL,,,Team Totals,240,29,75,.387,10,36,.278,23,27,.852,8,30,38,16,8,2,18,19,91,,,Team Totals,240,.524,.453,.480,.360,18.2,88.2,48.7,55.2,8.2,4.5,17.2,100.0,93.7,118.5,,
https://www.basketball-reference.com/boxscores/202204170MIA.html,"1:00 PM, April 17, 2022",Miami Heat,Atlanta Hawks,115,91,MIA,,,Team Totals,240,43,82,.524,18,38,.474,11,18,.611,4,36,40,35,12,3,15,22,115,,,Team Totals,240,.639,.634,.463,.220,11.8,81.8,51.3,81.4,12.4,7.7,14.3,100.0,118.5,93.7,,
https://www.basketball-reference.com/boxscores/202204170MIL.html,"6:30 PM, April 17, 2022",Milwaukee Bucks,Chicago Bulls,93,86,CHI,,,Team Totals,240,31,96,.323,7,37,.189,17,19,.895,16,37,53,17,10,3,11,22,86,,,Team Totals,240,.412,.359,.385,.198,25.4,77.1,47.7,54.8,10.1,6.5,9.5,100.0,86.5,93.5,,
https://www.basketball-reference.com/boxscores/202204170MIL.html,"6:30 PM, April 17, 2022",Milwaukee Bucks,Chicago Bulls,93,86,MIL,,,Team Totals,240,34,84,.405,10,38,.263,15,23,.652,11,47,58,19,4,6,21,21,93,,,Team Totals,240,.494,.464,.452,.274,22.9,74.6,52.3,55.9,4.0,10.2,18.2,100.0,93.5,86.5,,
https://www.basketball-reference.com/boxscores/202204170PHO.html,"9:00 PM, April 17, 2022",Phoenix Suns,New Orleans Pelicans,110,99,NOP,,,Team Totals,240,36,95,.379,9,23,.391,18,26,.692,25,30,55,20,4,2,14,18,99,,,Team Totals,240,.465,.426,.242,.274,45.5,85.7,61.1,55.6,4.4,4.0,11.6,100.0,109.0,121.1,,
https://www.basketball-reference.com/boxscores/202204170PHO.html,"9:00 PM, April 17, 2022",Phoenix Suns,New Orleans Pelicans,110,99,PHO,,,Team Totals,240,42,78,.538,10,28,.357,16,21,.762,5,30,35,25,6,9,10,23,110,,,Team Totals,240,.630,.603,.359,.269,14.3,54.5,38.9,59.5,6.6,12.5,10.3,100.0,121.1,109.0,,
https://www.basketball-reference.com/boxscores/202204180DAL.html,"8:30 PM, April 18, 2022",Dallas Mavericks,Utah Jazz,110,104,UTA,,,Team Totals,240,38,82,.463,11,29,.379,17,20,.850,11,39,50,19,2,4,10,19,104,,,Team Totals,240,.573,.530,.354,.244,27.5,95.1,61.7,50.0,2.3,11.1,9.9,100.0,118.2,125.0,,
https://www.basketball-reference.com/boxscores/202204180DAL.html,"8:30 PM, April 18, 2022",Dallas Mavericks,Utah Jazz,110,104,DAL,,,Team Totals,240,39,83,.470,22,47,.468,10,13,.769,2,29,31,22,5,2,3,19,110,,,Team Totals,240,.620,.602,.566,.157,4.9,72.5,38.3,56.4,5.7,3.8,3.3,100.0,125.0,118.2,,
https://www.basketball-reference.com/boxscores/202204180GSW.html,"10:00 PM, April 18, 2022",Golden State Warriors,Denver Nuggets,126,106,DEN,,,Team Totals,240,37,87,.425,13,36,.361,19,21,.905,17,30,47,20,4,4,18,25,106,,,Team Totals,240,.551,.500,.414,.241,37.0,83.3,57.3,54.1,4.2,9.1,15.8,100.0,111.9,133.0,,
https://www.basketball-reference.com/boxscores/202204180GSW.html,"10:00 PM, April 18, 2022",Golden State Warriors,Denver Nuggets,126,106,GSW,,,Team Totals,240,46,84,.548,17,40,.425,17,24,.708,6,29,35,27,10,8,9,20,126,,,Team Totals,240,.666,.649,.476,.286,16.7,63.0,42.7,58.7,10.6,15.7,8.7,100.0,133.0,111.9,,
https://www.basketball-reference.com/boxscores/202204180PHI.html,"7:30 PM, April 18, 2022",Philadelphia 76ers,Toronto Raptors,112,97,TOR,,,Team Totals,240,38,89,.427,11,32,.344,10,12,.833,13,22,35,16,7,4,11,24,97,,,Team Totals,240,.514,.489,.360,.135,27.7,75.9,46.1,42.1,7.9,10.3,10.4,100.0,108.9,125.7,,
https://www.basketball-reference.com/boxscores/202204180PHI.html,"7:30 PM, April 18, 2022",Philadelphia 76ers,Toronto Raptors,112,97,PHI,,,Team Totals,240,36,69,.522,14,30,.467,26,30,.867,7,34,41,20,5,12,16,18,112,,,Team Totals,240,.681,.623,.435,.435,24.1,72.3,53.9,55.6,5.6,21.1,16.3,100.0,125.7,108.9,,
https://www.basketball-reference.com/boxscores/202204190MEM.html,"8:30 PM, April 19, 2022",Memphis Grizzlies,Minnesota Timberwolves,124,96,MIN,,,Team Totals,240,30,76,.395,11,38,.289,25,28,.893,4,36,40,16,5,9,20,28,96,,,Team Totals,240,.543,.467,.500,.368,10.5,72.0,45.5,53.3,4.9,15.5,18.5,100.0,93.9,121.3,,
https://www.basketball-reference.com/boxscores/202204190MEM.html,"8:30 PM, April 19, 2022",Memphis Grizzlies,Minnesota Timberwolves,124,96,MEM,,,Team Totals,240,44,92,.478,11,34,.324,25,32,.781,14,34,48,29,9,1,12,22,124,,,Team Totals,240,.584,.538,.370,.348,28.0,89.5,54.5,65.9,8.8,2.6,10.2,100.0,121.3,93.9,,
https://www.basketball-reference.com/boxscores/202204190MIA.html,"7:30 PM, April 19, 2022",Miami Heat,Atlanta Hawks,115,105,ATL,,,Team Totals,240,41,87,.471,12,40,.300,11,14,.786,7,33,40,21,6,2,19,26,105,,,Team Totals,240,.564,.540,.460,.161,18.9,89.2,54.1,51.2,5.9,4.7,16.9,100.0,103.4,113.2,,
https://www.basketball-reference.com/boxscores/202204190MIA.html,"7:30 PM, April 19, 2022",Miami Heat,Atlanta Hawks,115,105,MIA,,,Team Totals,240,38,79,.481,14,36,.389,25,29,.862,4,30,34,21,9,6,15,24,115,,,Team Totals,240,.627,.570,.456,.367,10.8,81.1,45.9,55.3,8.9,12.8,14.1,100.0,113.2,103.4,,
https://www.basketball-reference.com/boxscores/202204190PHO.html,"10:00 PM, April 19, 2022",Phoenix Suns,New Orleans Pelicans,114,125,NOP,,,Team Totals,240,46,84,.548,17,30,.567,16,20,.800,11,32,43,32,7,6,17,20,125,,,Team Totals,240,.673,.649,.357,.238,30.6,80.0,56.6,69.6,7.2,11.8,15.5,100.0,129.1,117.8,,
https://www.basketball-reference.com/boxscores/202204190PHO.html,"10:00 PM, April 19, 2022",Phoenix Suns,New Orleans Pelicans,114,125,PHO,,,Team Totals,240,43,86,.500,13,35,.371,15,18,.833,8,25,33,26,9,3,13,18,114,,,Team Totals,240,.607,.576,.407,.209,20.0,69.4,43.4,60.5,9.3,5.6,12.2,100.0,117.8,129.1,,
https://www.basketball-reference.com/boxscores/202204200BOS.html,"7:00 PM, April 20, 2022",Boston Celtics,Brooklyn Nets,114,107,BRK,,,Team Totals,240,35,76,.461,10,21,.476,27,34,.794,9,27,36,16,8,8,14,28,107,,,Team Totals,240,.588,.526,.276,.447,23.7,79.4,50.0,45.7,8.6,18.2,13.3,100.0,114.6,122.1,,
https://www.basketball-reference.com/boxscores/202204200BOS.html,"7:00 PM, April 20, 2022",Boston Celtics,Brooklyn Nets,114,107,BOS,,,Team Totals,240,39,75,.520,11,31,.355,25,31,.806,7,29,36,27,7,4,14,27,114,,,Team Totals,240,.643,.593,.413,.413,20.6,76.3,50.0,69.2,7.5,7.3,13.6,100.0,122.1,114.6,,
https://www.basketball-reference.com/boxscores/202204200MIL.html,"9:30 PM, April 20, 2022",Milwaukee Bucks,Chicago Bulls,110,114,CHI,,,Team Totals,240,44,89,.494,12,25,.480,14,15,.933,6,37,43,25,7,5,13,20,114,,,Team Totals,240,.596,.562,.281,.169,14.6,80.4,49.4,56.8,7.0,10.9,12.0,100.0,113.4,109.4,,
https://www.basketball-reference.com/boxscores/202204200MIL.html,"9:30 PM, April 20, 2022",Milwaukee Bucks,Chicago Bulls,110,114,MIL,,,Team Totals,240,38,82,.463,14,36,.389,20,31,.645,9,35,44,27,4,6,15,17,110,,,Team Totals,240,.575,.549,.439,.378,19.6,85.4,50.6,71.1,4.0,9.4,13.6,100.0,109.4,113.4,,
https://www.basketball-reference.com/boxscores/202204200TOR.html,"8:00 PM, April 20, 2022",Toronto Raptors,Philadelphia 76ers,101,104,PHI,,,Team Totals,265,38,74,.514,13,31,.419,15,20,.750,9,37,46,18,5,3,24,21,104,,,Team Totals,265,.628,.601,.419,.270,28.1,80.4,59.0,47.4,5.3,5.9,22.5,100.0,109.9,106.7,,
https://www.basketball-reference.com/boxscores/202204200TOR.html,"8:00 PM, April 20, 2022",Toronto Raptors,Philadelphia 76ers,101,104,TOR,,,Team Totals,265,38,86,.442,13,35,.371,12,18,.667,9,23,32,23,9,4,11,21,101,,,Team Totals,265,.538,.517,.407,.209,19.6,71.9,41.0,60.5,9.5,9.3,10.5,100.0,106.7,109.9,,
https://www.basketball-reference.com/boxscores/202204210DEN.html,"10:00 PM, April 21, 2022",Denver Nuggets,Golden State Warriors,113,118,GSW,,,Team Totals,240,41,74,.554,18,40,.450,18,28,.643,4,26,30,29,7,6,16,25,118,,,Team Totals,240,.684,.676,.541,.378,10.8,70.3,40.5,70.7,7.2,11.1,15.6,100.0,122.0,116.8,,
https://www.basketball-reference.com/boxscores/202204210DEN.html,"10:00 PM, April 21, 2022",Denver Nuggets,Golden State Warriors,113,118,DEN,,,Team Totals,240,40,80,.500,11,26,.423,22,27,.815,11,33,44,25,9,3,18,26,113,,,Team Totals,240,.615,.569,.325,.338,29.7,89.2,59.5,62.5,9.3,8.8,16.4,100.0,116.8,122.0,,
https://www.basketball-reference.com/boxscores/202204210MIN.html,"7:30 PM, April 21, 2022",Minnesota Timberwolves,Memphis Grizzlies,95,104,MEM,,,Team Totals,240,35,83,.422,14,37,.378,20,31,.645,13,35,48,22,7,9,18,20,104,,,Team Totals,240,.538,.506,.446,.373,28.9,79.5,53.9,62.9,7.1,18.0,15.7,100.0,104.8,95.8,,
https://www.basketball-reference.com/boxscores/202204210MIN.html,"7:30 PM, April 21, 2022",Minnesota Timberwolves,Memphis Grizzlies,95,104,MIN,,,Team Totals,240,33,85,.388,12,35,.343,17,23,.739,9,32,41,21,11,11,17,28,95,,,Team Totals,240,.499,.459,.412,.271,20.5,71.1,46.1,63.6,11.1,23.9,15.2,100.0,95.8,104.8,,
https://www.basketball-reference.com/boxscores/202204210UTA.html,"9:00 PM, April 21, 2022",Utah Jazz,Dallas Mavericks,118,126,DAL,,,Team Totals,240,41,83,.494,18,42,.429,26,31,.839,6,26,32,24,10,1,9,32,126,,,Team Totals,240,.652,.602,.506,.373,16.2,96.3,50.0,58.5,10.4,2.4,8.5,100.0,131.2,122.8,,
https://www.basketball-reference.com/boxscores/202204210UTA.html,"9:00 PM, April 21, 2022",Utah Jazz,Dallas Mavericks,118,126,UTA,,,Team Totals,240,39,69,.565,9,28,.321,31,33,.939,1,31,32,20,2,4,14,28,118,,,Team Totals,240,.706,.630,.406,.478,3.7,83.8,50.0,51.3,2.1,9.8,14.4,100.0,122.8,131.2,,
https://www.basketball-reference.com/boxscores/202204220ATL.html,"7:45 PM, April 22, 2022",Atlanta Hawks,Miami Heat,111,110,MIA,,,Team Totals,240,41,93,.441,14,45,.311,14,17,.824,11,34,45,30,6,3,15,23,110,,,Team Totals,240,.547,.516,.484,.183,26.2,87.2,55.6,73.2,6.2,6.3,13.0,100.0,113.2,114.3,,
https://www.basketball-reference.com/boxscores/202204220ATL.html,"7:45 PM, April 22, 2022",Atlanta Hawks,Miami Heat,111,110,ATL,,,Team Totals,240,41,80,.513,12,32,.375,17,21,.810,5,31,36,23,5,3,11,20,111,,,Team Totals,240,.622,.588,.400,.263,12.8,73.8,44.4,56.1,5.1,6.3,11.0,100.0,114.3,113.2,,
https://www.basketball-reference.com/boxscores/202204220CHI.html,"8:30 PM, April 22, 2022",Chicago Bulls,Milwaukee Bucks,81,111,MIL,,,Team Totals,240,43,91,.473,15,41,.366,10,14,.714,9,46,55,27,8,6,10,15,111,,,Team Totals,240,.571,.555,.451,.154,19.1,90.2,56.1,62.8,8.3,12.0,9.3,100.0,115.4,84.2,,
https://www.basketball-reference.com/boxscores/202204220CHI.html,"8:30 PM, April 22, 2022",Chicago Bulls,Milwaukee Bucks,81,111,CHI,,,Team Totals,240,33,84,.393,9,34,.265,6,10,.600,5,38,43,22,5,2,13,15,81,,,Team Totals,240,.458,.446,.405,.119,9.8,80.9,43.9,66.7,5.2,4.0,12.8,100.0,84.2,115.4,,
https://www.basketball-reference.com/boxscores/202204220NOP.html,"10:00 PM, April 22, 2022",New Orleans Pelicans,Phoenix Suns,111,114,PHO,,,Team Totals,240,44,87,.506,4,26,.154,22,27,.815,9,26,35,26,8,3,6,21,114,,,Team Totals,240,.576,.529,.299,.310,20.9,70.3,43.8,59.1,8.5,6.4,5.7,100.0,121.6,118.4,,
https://www.basketball-reference.com/boxscores/202204220NOP.html,"10:00 PM, April 22, 2022",New Orleans Pelicans,Phoenix Suns,111,114,NOP,,,Team Totals,240,38,79,.481,11,32,.344,24,31,.774,11,34,45,17,4,5,15,28,111,,,Team Totals,240,.599,.551,.405,.392,29.7,79.1,56.3,44.7,4.3,8.2,13.9,100.0,118.4,121.6,,
https://www.basketball-reference.com/boxscores/202204230BRK.html,"7:30 PM, April 23, 2022",Brooklyn Nets,Boston Celtics,103,109,BOS,,,Team Totals,240,42,84,.500,12,39,.308,13,14,.929,13,21,34,26,13,3,14,19,109,,,Team Totals,240,.604,.571,.464,.167,38.2,63.6,50.7,61.9,14.8,6.3,13.4,100.0,123.8,117.0,,
https://www.basketball-reference.com/boxscores/202204230BRK.html,"7:30 PM, April 23, 2022",Brooklyn Nets,Boston Celtics,103,109,BRK,,,Team Totals,240,39,77,.506,12,29,.414,13,16,.813,12,21,33,25,7,5,21,22,103,,,Team Totals,240,.613,.584,.377,.208,36.4,61.8,49.3,64.1,8.0,11.1,20.0,100.0,117.0,123.8,,
https://www.basketball-reference.com/boxscores/202204230MIN.html,"10:00 PM, April 23, 2022",Minnesota Timberwolves,Memphis Grizzlies,119,118,MEM,,,Team Totals,240,42,86,.488,15,32,.469,19,25,.760,6,33,39,31,9,4,19,33,118,,,Team Totals,240,.608,.576,.372,.291,17.6,84.6,53.4,73.8,8.7,10.5,16.4,100.0,114.4,115.4,,
https://www.basketball-reference.com/boxscores/202204230MIN.html,"10:00 PM, April 23, 2022",Minnesota Timberwolves,Memphis Grizzlies,119,118,MIN,,,Team Totals,240,35,74,.473,18,36,.500,31,40,.775,6,28,34,23,7,8,16,23,119,,,Team Totals,240,.650,.595,.486,.541,15.4,82.4,46.6,65.7,6.8,14.8,14.9,100.0,115.4,114.4,,
https://www.basketball-reference.com/boxscores/202204230TOR.html,"2:00 PM, April 23, 2022",Toronto Raptors,Philadelphia 76ers,110,102,PHI,,,Team Totals,240,34,80,.425,13,31,.419,21,25,.840,6,35,41,24,4,5,16,26,102,,,Team Totals,240,.560,.506,.388,.313,15.4,72.9,47.1,70.6,4.1,9.3,15.0,100.0,103.7,111.9,,
https://www.basketball-reference.com/boxscores/202204230TOR.html,"2:00 PM, April 23, 2022",Toronto Raptors,Philadelphia 76ers,110,102,TOR,,,Team Totals,240,37,88,.420,8,34,.235,28,35,.800,13,33,46,19,9,6,11,20,110,,,Team Totals,240,.532,.466,.386,.398,27.1,84.6,52.9,51.4,9.2,12.2,9.6,100.0,111.9,103.7,,
https://www.basketball-reference.com/boxscores/202204230UTA.html,"4:30 PM, April 23, 2022",Utah Jazz,Dallas Mavericks,100,99,DAL,,,Team Totals,240,33,77,.429,15,44,.341,18,23,.783,7,36,43,15,4,2,12,29,99,,,Team Totals,240,.568,.526,.571,.299,17.5,73.5,48.3,45.5,4.4,4.5,12.1,100.0,109.7,110.9,,
https://www.basketball-reference.com/boxscores/202204230UTA.html,"4:30 PM, April 23, 2022",Utah Jazz,Dallas Mavericks,100,99,UTA,,,Team Totals,240,32,79,.405,10,35,.286,26,42,.619,13,33,46,17,4,3,8,21,100,,,Team Totals,240,.513,.468,.443,.532,26.5,82.5,51.7,53.1,4.4,9.1,7.6,100.0,110.9,109.7,,
https://www.basketball-reference.com/boxscores/202204240ATL.html,"7:00 PM, April 24, 2022",Atlanta Hawks,Miami Heat,86,110,MIA,,,Team Totals,240,40,92,.435,13,42,.310,17,21,.810,15,33,48,22,8,1,7,23,110,,,Team Totals,240,.543,.505,.457,.228,33.3,75.0,53.9,55.0,9.2,3.0,6.5,100.0,125.8,98.4,,
https://www.basketball-reference.com/boxscores/202204240ATL.html,"7:00 PM, April 24, 2022",Atlanta Hawks,Miami Heat,86,110,ATL,,,Team Totals,240,30,75,.400,15,42,.357,11,20,.550,11,30,41,18,2,3,15,21,86,,,Team Totals,240,.513,.500,.560,.267,25.0,66.7,46.1,60.0,2.3,6.0,15.2,100.0,98.4,125.8,,
https://www.basketball-reference.com/boxscores/202204240CHI.html,"1:00 PM, April 24, 2022",Chicago Bulls,Milwaukee Bucks,95,119,MIL,,,Team Totals,240,45,86,.523,17,33,.515,12,18,.667,5,46,51,21,6,4,15,23,119,,,Team Totals,240,.634,.622,.384,.209,12.2,85.2,53.7,46.7,5.9,7.4,13.8,100.0,117.3,93.6,,
https://www.basketball-reference.com/boxscores/202204240CHI.html,"1:00 PM, April 24, 2022",Chicago Bulls,Milwaukee Bucks,95,119,CHI,,,Team Totals,240,35,90,.389,9,36,.250,16,17,.941,8,36,44,27,5,3,12,18,95,,,Team Totals,240,.487,.439,.400,.189,14.8,87.8,46.3,77.1,4.9,5.7,11.0,100.0,93.6,117.3,,
https://www.basketball-reference.com/boxscores/202204240DEN.html,"3:30 PM, April 24, 2022",Denver Nuggets,Golden State Warriors,126,121,GSW,,,Team Totals,240,43,86,.500,12,34,.353,23,32,.719,9,27,36,26,15,3,17,27,121,,,Team Totals,240,.605,.570,.395,.372,24.3,84.4,52.2,60.5,14.5,7.1,14.5,100.0,117.1,121.9,,
https://www.basketball-reference.com/boxscores/202204240DEN.html,"3:30 PM, April 24, 2022",Denver Nuggets,Golden State Warriors,126,121,DEN,,,Team Totals,240,41,73,.562,15,31,.484,29,36,.806,5,28,33,28,9,2,20,31,126,,,Team Totals,240,.709,.664,.425,.493,15.6,75.7,47.8,68.3,8.7,3.8,18.4,100.0,121.9,117.1,,
https://www.basketball-reference.com/boxscores/202204240NOP.html,"9:30 PM, April 24, 2022",New Orleans Pelicans,Phoenix Suns,118,103,PHO,,,Team Totals,240,43,85,.506,7,27,.259,10,15,.667,12,27,39,33,6,3,13,28,103,,,Team Totals,240,.562,.547,.318,.176,29.3,58.7,44.8,76.7,6.6,4.9,12.4,100.0,113.3,129.8,,
https://www.basketball-reference.com/boxscores/202204240NOP.html,"9:30 PM, April 24, 2022",New Orleans Pelicans,Phoenix Suns,118,103,NOP,,,Team Totals,240,40,85,.471,6,24,.250,32,42,.762,19,29,48,20,8,3,9,16,118,,,Team Totals,240,.570,.506,.282,.494,41.3,70.7,55.2,50.0,8.8,5.2,8.0,100.0,129.8,113.3,,
https://www.basketball-reference.com/boxscores/202204250BRK.html,"7:00 PM, April 25, 2022",Brooklyn Nets,Boston Celtics,112,116,BOS,,,Team Totals,240,42,89,.472,14,35,.400,18,22,.818,10,35,45,26,3,4,13,28,116,,,Team Totals,240,.588,.551,.393,.247,25.0,81.4,54.2,61.9,3.1,8.7,11.6,100.0,120.3,116.1,,
https://www.basketball-reference.com/boxscores/202204250BRK.html,"7:00 PM, April 25, 2022",Brooklyn Nets,Boston Celtics,112,116,BRK,,,Team Totals,240,41,81,.506,13,35,.371,17,29,.586,8,30,38,28,5,7,10,23,112,,,Team Totals,240,.597,.586,.432,.358,18.6,75.0,45.8,68.3,5.2,13.0,9.6,100.0,116.1,120.3,,
https://www.basketball-reference.com/boxscores/202204250DAL.html,"9:30 PM, April 25, 2022",Dallas Mavericks,Utah Jazz,102,77,UTA,,,Team Totals,240,29,77,.377,3,30,.100,16,21,.762,7,33,40,12,8,2,13,24,77,,,Team Totals,240,.446,.396,.390,.273,15.6,75.0,44.9,41.4,8.8,4.8,13.1,100.0,84.6,112.1,,
https://www.basketball-reference.com/boxscores/202204250DAL.html,"9:30 PM, April 25, 2022",Dallas Mavericks,Utah Jazz,102,77,DAL,,,Team Totals,240,37,85,.435,12,43,.279,16,21,.762,11,38,49,16,6,1,11,18,102,,,Team Totals,240,.541,.506,.506,.247,25.0,84.4,55.1,43.2,6.6,2.1,10.5,100.0,112.1,84.6,,
https://www.basketball-reference.com/boxscores/202204250PHI.html,"8:00 PM, April 25, 2022",Philadelphia 76ers,Toronto Raptors,88,103,TOR,,,Team Totals,240,42,82,.512,8,31,.258,11,13,.846,3,37,40,24,8,6,9,20,103,,,Team Totals,240,.587,.561,.378,.159,9.4,82.2,51.9,57.1,8.5,13.6,9.3,100.0,109.8,93.8,,
https://www.basketball-reference.com/boxscores/202204250PHI.html,"8:00 PM, April 25, 2022",Philadelphia 76ers,Toronto Raptors,88,103,PHI,,,Team Totals,240,31,81,.383,10,37,.270,16,20,.800,8,29,37,21,7,1,16,17,88,,,Team Totals,240,.490,.444,.457,.247,17.8,90.6,48.1,67.7,7.5,2.0,15.1,100.0,93.8,109.8,,
https://www.basketball-reference.com/boxscores/202204260MEM.html,"7:30 PM, April 26, 2022",Memphis Grizzlies,Minnesota Timberwolves,111,109,MIN,,,Team Totals,240,37,83,.446,14,33,.424,21,24,.875,6,36,42,23,9,7,23,29,109,,,Team Totals,240,.583,.530,.398,.289,14.6,66.7,44.2,62.2,8.4,10.6,19.7,100.0,101.7,103.6,,
https://www.basketball-reference.com/boxscores/202204260MEM.html,"7:30 PM, April 26, 2022",Memphis Grizzlies,Minnesota Timberwolves,111,109,MEM,,,Team Totals,240,39,94,.415,7,28,.250,26,39,.667,18,35,53,24,10,7,16,19,111,,,Team Totals,240,.499,.452,.298,.415,33.3,85.4,55.8,61.5,9.3,14.0,12.6,100.0,103.6,101.7,,
https://www.basketball-reference.com/boxscores/202204260MIA.html,"7:00 PM, April 26, 2022",Miami Heat,Atlanta Hawks,97,94,ATL,,,Team Totals,240,31,74,.419,8,25,.320,24,28,.857,12,30,42,15,8,2,19,22,94,,,Team Totals,240,.544,.473,.338,.378,31.6,81.1,56.0,48.4,8.7,3.9,18.0,100.0,101.6,104.9,,
https://www.basketball-reference.com/boxscores/202204260MIA.html,"7:00 PM, April 26, 2022",Miami Heat,Atlanta Hawks,97,94,MIA,,,Team Totals,240,37,82,.451,7,31,.226,16,21,.762,7,26,33,19,12,2,14,25,97,,,Team Totals,240,.532,.494,.378,.256,18.9,68.4,44.0,51.4,13.0,4.1,13.3,100.0,104.9,101.6,,
https://www.basketball-reference.com/boxscores/202204260PHO.html,"10:00 PM, April 26, 2022",Phoenix Suns,New Orleans Pelicans,112,97,NOP,,,Team Totals,240,32,80,.400,5,25,.200,28,35,.800,13,34,47,14,6,5,15,20,97,,,Team Totals,240,.508,.431,.313,.438,27.7,85.0,54.0,43.8,6.3,8.5,13.6,100.0,101.1,116.7,,
https://www.basketball-reference.com/boxscores/202204260PHO.html,"10:00 PM, April 26, 2022",Phoenix Suns,New Orleans Pelicans,112,97,PHO,,,Team Totals,240,43,86,.500,10,27,.370,16,20,.800,6,34,40,28,10,4,10,25,112,,,Team Totals,240,.591,.558,.314,.233,15.0,72.3,46.0,65.1,10.4,7.3,9.5,100.0,116.7,101.1,,
https://www.basketball-reference.com/boxscores/202204270GSW.html,"10:00 PM, April 27, 2022",Golden State Warriors,Denver Nuggets,102,98,DEN,,,Team Totals,240,36,81,.444,6,29,.207,20,29,.690,14,36,50,26,5,5,15,21,98,,,Team Totals,240,.523,.481,.358,.358,31.1,85.7,57.5,72.2,5.4,9.8,13.8,100.0,105.3,109.6,,
https://www.basketball-reference.com/boxscores/202204270GSW.html,"10:00 PM, April 27, 2022",Golden State Warriors,Denver Nuggets,102,98,GSW,,,Team Totals,240,37,82,.451,13,31,.419,15,21,.714,6,31,37,28,10,6,10,22,102,,,Team Totals,240,.559,.530,.378,.256,14.3,68.9,42.5,75.7,10.7,11.5,9.9,100.0,109.6,105.3,,
https://www.basketball-reference.com/boxscores/202204270MIL.html,"7:30 PM, April 27, 2022",Milwaukee Bucks,Chicago Bulls,116,100,CHI,,,Team Totals,240,39,92,.424,15,52,.288,7,11,.636,6,31,37,24,12,3,16,18,100,,,Team Totals,240,.516,.505,.565,.120,12.0,81.6,42.0,61.5,11.5,5.9,14.2,100.0,96.2,111.6,,
https://www.basketball-reference.com/boxscores/202204270MIL.html,"7:30 PM, April 27, 2022",Milwaukee Bucks,Chicago Bulls,116,100,MIL,,,Team Totals,240,43,87,.494,14,36,.389,16,20,.800,7,44,51,23,10,2,16,13,116,,,Team Totals,240,.605,.575,.414,.230,18.4,88.0,58.0,53.5,9.6,5.0,14.3,100.0,111.6,96.2,,
https://www.basketball-reference.com/boxscores/202204280NOP.html,"7:30 PM, April 28, 2022",New Orleans Pelicans,Phoenix Suns,109,115,PHO,,,Team Totals,240,45,75,.600,8,20,.400,17,18,.944,5,27,32,23,8,2,14,21,115,,,Team Totals,240,.693,.653,.267,.240,17.2,69.2,47.1,51.1,8.7,3.4,14.4,100.0,124.5,118.0,,
https://www.basketball-reference.com/boxscores/202204280NOP.html,"7:30 PM, April 28, 2022",New Orleans Pelicans,Phoenix Suns,109,115,NOP,,,Team Totals,240,42,83,.506,8,24,.333,17,19,.895,12,24,36,25,9,0,17,25,109,,,Team Totals,240,.597,.554,.289,.229,30.8,82.8,52.9,59.5,9.7,0.0,15.7,100.0,118.0,124.5,,
https://www.basketball-reference.com/boxscores/202204280TOR.html,"7:00 PM, April 28, 2022",Toronto Raptors,Philadelphia 76ers,97,132,PHI,,,Team Totals,240,47,81,.580,16,40,.400,22,23,.957,10,37,47,32,4,4,11,22,132,,,Team Totals,240,.724,.679,.494,.284,31.3,71.2,56.0,68.1,4.4,7.4,10.8,100.0,144.9,106.5,,
https://www.basketball-reference.com/boxscores/202204280TOR.html,"7:00 PM, April 28, 2022",Toronto Raptors,Philadelphia 76ers,97,132,TOR,,,Team Totals,240,35,89,.393,7,35,.200,20,25,.800,15,22,37,15,6,1,10,22,97,,,Team Totals,240,.485,.433,.393,.281,28.8,68.8,44.0,42.9,6.6,2.4,9.1,100.0,106.5,144.9,,
https://www.basketball-reference.com/boxscores/202204280UTA.html,"10:00 PM, April 28, 2022",Utah Jazz,Dallas Mavericks,96,98,DAL,,,Team Totals,240,36,80,.450,17,43,.395,9,11,.818,3,34,37,22,6,4,10,19,98,,,Team Totals,240,.578,.556,.538,.138,7.5,75.6,43.5,61.1,6.6,8.2,10.5,100.0,108.1,105.9,,
https://www.basketball-reference.com/boxscores/202204280UTA.html,"10:00 PM, April 28, 2022",Utah Jazz,Dallas Mavericks,96,98,UTA,,,Team Totals,240,36,84,.429,9,35,.257,15,20,.750,11,37,48,20,5,4,11,15,96,,,Team Totals,240,.517,.482,.417,.238,24.4,92.5,56.5,55.6,5.5,10.8,10.6,100.0,105.9,108.1,,
https://www.basketball-reference.com/boxscores/202204290MIN.html,"9:00 PM, April 29, 2022",Minnesota Timberwolves,Memphis Grizzlies,106,114,MEM,,,Team Totals,240,40,86,.465,15,32,.469,19,24,.792,16,39,55,24,7,8,19,21,114,,,Team Totals,240,.590,.552,.372,.279,34.0,86.7,59.8,60.0,7.1,15.1,16.4,100.0,115.9,107.8,,
https://www.basketball-reference.com/boxscores/202204290MIN.html,"9:00 PM, April 29, 2022",Minnesota Timberwolves,Memphis Grizzlies,106,114,MIN,,,Team Totals,240,38,84,.452,12,31,.387,18,26,.692,6,31,37,22,12,5,11,21,106,,,Team Totals,240,.555,.524,.369,.310,13.3,66.0,40.2,57.9,12.2,9.3,10.3,100.0,107.8,115.9,,
https://www.basketball-reference.com/boxscores/202205010BOS.html,"1:00 PM, May 1, 2022",Boston Celtics,Milwaukee Bucks,89,101,MIL,,,Team Totals,240,37,90,.411,12,34,.353,15,21,.714,10,44,54,22,11,5,14,21,101,,,Team Totals,240,.509,.478,.378,.233,20.8,81.5,52.9,59.5,11.0,14.7,12.4,100.0,101.3,89.2,,
https://www.basketball-reference.com/boxscores/202205010BOS.html,"1:00 PM, May 1, 2022",Boston Celtics,Milwaukee Bucks,89,101,BOS,,,Team Totals,240,28,84,.333,18,50,.360,15,20,.750,10,38,48,21,8,7,18,25,89,,,Team Totals,240,.480,.440,.595,.238,18.5,79.2,47.1,75.0,8.0,12.5,16.2,100.0,89.2,101.3,,
https://www.basketball-reference.com/boxscores/202205010MEM.html,"3:30 PM, May 1, 2022",Memphis Grizzlies,Golden State Warriors,116,117,GSW,,,Team Totals,240,45,93,.484,14,38,.368,13,20,.650,16,36,52,31,10,6,18,25,117,,,Team Totals,240,.575,.559,.409,.215,34.8,69.2,53.1,68.9,9.8,10.9,15.0,100.0,114.7,113.7,,
https://www.basketball-reference.com/boxscores/202205010MEM.html,"3:30 PM, May 1, 2022",Memphis Grizzlies,Golden State Warriors,116,117,MEM,,,Team Totals,240,41,95,.432,16,40,.400,18,24,.750,16,30,46,26,11,6,16,19,116,,,Team Totals,240,.549,.516,.421,.253,30.8,65.2,46.9,63.4,10.8,10.9,13.2,100.0,113.7,114.7,,
https://www.basketball-reference.com/boxscores/202205020MIA.html,"7:30 PM, May 2, 2022",Miami Heat,Philadelphia 76ers,106,92,PHI,,,Team Totals,240,34,79,.430,6,34,.176,18,20,.900,9,28,37,18,4,6,15,17,92,,,Team Totals,240,.524,.468,.430,.253,22.0,65.1,44.0,52.9,4.3,10.7,14.6,100.0,99.9,115.1,,
https://www.basketball-reference.com/boxscores/202205020MIA.html,"7:30 PM, May 2, 2022",Miami Heat,Philadelphia 76ers,106,92,MIA,,,Team Totals,240,40,92,.435,9,36,.250,17,18,.944,15,32,47,21,5,2,13,18,106,,,Team Totals,240,.530,.484,.391,.196,34.9,78.0,56.0,52.5,5.4,4.4,11.5,100.0,115.1,99.9,,
https://www.basketball-reference.com/boxscores/202205020PHO.html,"10:00 PM, May 2, 2022",Phoenix Suns,Dallas Mavericks,121,114,DAL,,,Team Totals,240,40,85,.471,16,39,.410,18,25,.720,7,29,36,16,6,2,9,22,114,,,Team Totals,240,.594,.565,.459,.294,15.6,69.0,41.4,40.0,6.3,3.2,8.6,100.0,120.1,127.5,,
https://www.basketball-reference.com/boxscores/202205020PHO.html,"10:00 PM, May 2, 2022",Phoenix Suns,Dallas Mavericks,121,114,PHO,,,Team Totals,240,46,91,.505,11,28,.393,18,18,1.000,13,38,51,27,3,6,10,21,121,,,Team Totals,240,.612,.566,.308,.198,31.0,84.4,58.6,58.7,3.2,13.0,9.2,100.0,127.5,120.1,,
https://www.basketball-reference.com/boxscores/202205030BOS.html,"7:00 PM, May 3, 2022",Boston Celtics,Milwaukee Bucks,109,86,MIL,,,Team Totals,240,34,73,.466,3,18,.167,15,23,.652,5,32,37,16,4,5,17,19,86,,,Team Totals,240,.517,.486,.247,.315,13.2,82.1,48.1,47.1,4.3,13.5,17.0,100.0,91.7,116.2,,
https://www.basketball-reference.com/boxscores/202205030BOS.html,"7:00 PM, May 3, 2022",Boston Celtics,Milwaukee Bucks,109,86,BOS,,,Team Totals,240,38,80,.475,20,43,.465,13,15,.867,7,33,40,28,10,5,16,23,109,,,Team Totals,240,.629,.600,.538,.188,17.9,86.8,51.9,73.7,10.7,9.1,15.6,100.0,116.2,91.7,,
https://www.basketball-reference.com/boxscores/202205030MEM.html,"9:30 PM, May 3, 2022",Memphis Grizzlies,Golden State Warriors,106,101,GSW,,,Team Totals,240,40,95,.421,7,38,.184,14,18,.778,14,38,52,27,6,2,18,20,101,,,Team Totals,240,.491,.458,.400,.189,28.0,74.5,51.5,67.5,5.9,4.3,14.9,100.0,99.4,104.4,,
https://www.basketball-reference.com/boxscores/202205030MEM.html,"9:30 PM, May 3, 2022",Memphis Grizzlies,Golden State Warriors,106,101,MEM,,,Team Totals,240,36,91,.396,14,45,.311,20,21,.952,13,36,49,17,13,6,15,23,106,,,Team Totals,240,.529,.473,.495,.231,25.5,72.0,48.5,47.2,12.8,10.5,13.0,100.0,104.4,99.4,,
https://www.basketball-reference.com/boxscores/202205040MIA.html,"7:30 PM, May 4, 2022",Miami Heat,Philadelphia 76ers,119,103,PHI,,,Team Totals,240,38,84,.452,8,30,.267,19,22,.864,5,29,34,17,10,4,10,25,103,,,Team Totals,240,.550,.500,.357,.262,12.2,78.4,43.6,44.7,10.4,8.2,9.6,100.0,107.1,123.7,,
https://www.basketball-reference.com/boxscores/202205040MIA.html,"7:30 PM, May 4, 2022",Miami Heat,Philadelphia 76ers,119,103,MIA,,,Team Totals,240,40,78,.513,14,29,.483,25,31,.806,8,36,44,25,5,3,14,22,119,,,Team Totals,240,.649,.603,.372,.397,21.6,87.8,56.4,62.5,5.2,5.6,13.3,100.0,123.7,107.1,,
https://www.basketball-reference.com/boxscores/202205040PHO.html,"10:00 PM, May 4, 2022",Phoenix Suns,Dallas Mavericks,129,109,DAL,,,Team Totals,240,36,79,.456,17,41,.415,20,24,.833,7,18,25,19,7,1,17,26,109,,,Team Totals,240,.609,.563,.519,.304,18.9,81.8,42.4,52.8,7.3,2.0,16.0,100.0,112.9,133.6,,
https://www.basketball-reference.com/boxscores/202205040PHO.html,"10:00 PM, May 4, 2022",Phoenix Suns,Dallas Mavericks,129,109,PHO,,,Team Totals,240,49,76,.645,13,25,.520,18,21,.857,4,30,34,28,6,6,17,28,129,,,Team Totals,240,.757,.730,.329,.276,18.2,81.1,57.6,57.1,6.2,15.8,16.6,100.0,133.6,112.9,,
https://www.basketball-reference.com/boxscores/202205060DAL.html,"9:30 PM, May 6, 2022",Dallas Mavericks,Phoenix Suns,103,94,PHO,,,Team Totals,240,34,76,.447,13,28,.464,13,15,.867,9,36,45,23,5,1,17,14,94,,,Team Totals,240,.569,.533,.368,.197,24.3,81.8,55.6,67.6,5.5,2.0,17.1,100.0,103.6,113.5,,
https://www.basketball-reference.com/boxscores/202205060DAL.html,"9:30 PM, May 6, 2022",Dallas Mavericks,Phoenix Suns,103,94,DAL,,,Team Totals,240,40,90,.444,13,39,.333,10,13,.769,8,28,36,25,12,4,8,19,103,,,Team Totals,240,.538,.517,.433,.144,18.2,75.7,44.4,62.5,13.2,8.3,7.7,100.0,113.5,103.6,,
https://www.basketball-reference.com/boxscores/202205060PHI.html,"7:00 PM, May 6, 2022",Philadelphia 76ers,Miami Heat,99,79,MIA,,,Team Totals,240,27,77,.351,7,30,.233,18,24,.750,11,25,36,14,11,1,13,22,79,,,Team Totals,240,.451,.396,.390,.312,23.9,75.8,45.6,51.9,12.8,2.9,12.9,100.0,91.6,114.8,,
https://www.basketball-reference.com/boxscores/202205060PHI.html,"7:00 PM, May 6, 2022",Philadelphia 76ers,Miami Heat,99,79,PHI,,,Team Totals,240,32,67,.478,16,33,.485,19,22,.864,8,35,43,22,7,3,19,24,99,,,Team Totals,240,.646,.597,.493,.328,24.2,76.1,54.4,68.8,8.1,6.4,19.9,100.0,114.8,91.6,,
https://www.basketball-reference.com/boxscores/202205070GSW.html,"8:30 PM, May 7, 2022",Golden State Warriors,Memphis Grizzlies,142,112,MEM,,,Team Totals,240,40,92,.435,16,43,.372,16,21,.762,7,23,30,21,7,4,12,20,112,,,Team Totals,240,.553,.522,.467,.228,17.1,85.2,44.1,52.5,6.8,7.5,10.6,100.0,108.1,137.0,,
https://www.basketball-reference.com/boxscores/202205070GSW.html,"8:30 PM, May 7, 2022",Golden State Warriors,Memphis Grizzlies,142,112,GSW,,,Team Totals,240,53,85,.624,17,32,.531,19,21,.905,4,34,38,34,5,4,16,24,142,,,Team Totals,240,.753,.724,.376,.247,14.8,82.9,55.9,64.2,4.8,8.2,14.5,100.0,137.0,108.1,,
https://www.basketball-reference.com/boxscores/202205070MIL.html,"3:30 PM, May 7, 2022",Milwaukee Bucks,Boston Celtics,103,101,BOS,,,Team Totals,240,32,87,.368,9,33,.273,28,34,.824,11,36,47,23,5,13,12,21,101,,,Team Totals,240,.495,.420,.379,.391,21.6,73.5,47.0,71.9,5.0,20.0,10.5,100.0,100.5,102.5,,
https://www.basketball-reference.com/boxscores/202205070MIL.html,"3:30 PM, May 7, 2022",Milwaukee Bucks,Boston Celtics,103,101,MIL,,,Team Totals,240,40,99,.404,9,34,.265,14,17,.824,13,40,53,20,8,4,12,27,103,,,Team Totals,240,.484,.449,.343,.172,26.5,78.4,53.0,50.0,8.0,7.4,10.1,100.0,102.5,100.5,,
https://www.basketball-reference.com/boxscores/202205080DAL.html,"3:30 PM, May 8, 2022",Dallas Mavericks,Phoenix Suns,111,101,PHO,,,Team Totals,240,39,84,.464,9,25,.360,14,18,.778,12,32,44,27,4,4,17,25,101,,,Team Totals,240,.549,.518,.298,.214,30.8,76.2,54.3,69.2,4.3,9.8,15.6,100.0,109.2,120.0,,
https://www.basketball-reference.com/boxscores/202205080DAL.html,"3:30 PM, May 8, 2022",Dallas Mavericks,Phoenix Suns,111,101,DAL,,,Team Totals,240,38,85,.447,20,44,.455,15,19,.789,10,27,37,22,5,1,11,21,111,,,Team Totals,240,.594,.565,.518,.224,23.8,69.2,45.7,57.9,5.4,1.7,10.5,100.0,120.0,109.2,,
https://www.basketball-reference.com/boxscores/202205080PHI.html,"8:00 PM, May 8, 2022",Philadelphia 76ers,Miami Heat,116,108,MIA,,,Team Totals,240,38,82,.463,7,35,.200,25,28,.893,5,28,33,24,9,5,13,26,108,,,Team Totals,240,.573,.506,.427,.341,15.2,87.5,50.8,63.2,9.3,14.3,12.1,100.0,111.6,119.9,,
https://www.basketball-reference.com/boxscores/202205080PHI.html,"8:00 PM, May 8, 2022",Philadelphia 76ers,Miami Heat,116,108,PHI,,,Team Totals,240,37,68,.544,16,33,.485,26,34,.765,4,28,32,25,5,2,17,24,116,,,Team Totals,240,.699,.662,.485,.500,12.5,84.8,49.2,67.6,5.2,4.3,17.0,100.0,119.9,111.6,,
https://www.basketball-reference.com/boxscores/202205090GSW.html,"10:00 PM, May 9, 2022",Golden State Warriors,Memphis Grizzlies,101,98,MEM,,,Team Totals,240,40,96,.417,9,35,.257,9,15,.600,10,38,48,25,10,10,12,19,98,,,Team Totals,240,.478,.464,.365,.156,18.5,79.2,47.1,62.5,9.7,18.9,10.5,100.0,95.3,98.2,,
https://www.basketball-reference.com/boxscores/202205090GSW.html,"10:00 PM, May 9, 2022",Golden State Warriors,Memphis Grizzlies,101,98,GSW,,,Team Totals,240,36,90,.400,9,37,.243,20,22,.909,10,44,54,25,6,7,16,15,101,,,Team Totals,240,.507,.450,.411,.244,20.8,81.5,52.9,69.4,5.8,11.5,13.8,100.0,98.2,95.3,,
https://www.basketball-reference.com/boxscores/202205090MIL.html,"7:30 PM, May 9, 2022",Milwaukee Bucks,Boston Celtics,108,116,BOS,,,Team Totals,240,42,84,.500,14,37,.378,18,20,.900,4,34,38,25,2,4,11,25,116,,,Team Totals,240,.625,.583,.440,.238,10.3,72.3,44.2,59.5,2.1,6.0,10.6,100.0,119.0,110.8,,
https://www.basketball-reference.com/boxscores/202205090MIL.html,"7:30 PM, May 9, 2022",Milwaukee Bucks,Boston Celtics,108,116,MIL,,,Team Totals,240,39,94,.415,9,27,.333,21,27,.778,13,35,48,18,6,3,8,17,108,,,Team Totals,240,.510,.463,.287,.287,27.7,89.7,55.8,46.2,6.2,6.4,7.0,100.0,110.8,119.0,,
https://www.basketball-reference.com/boxscores/202205100MIA.html,"7:30 PM, May 10, 2022",Miami Heat,Philadelphia 76ers,120,85,PHI,,,Team Totals,240,31,85,.365,9,32,.281,14,15,.933,10,26,36,14,8,2,16,19,85,,,Team Totals,240,.464,.418,.376,.176,20.8,76.5,43.9,45.2,8.5,3.9,14.9,100.0,89.8,126.8,,
https://www.basketball-reference.com/boxscores/202205100MIA.html,"7:30 PM, May 10, 2022",Miami Heat,Philadelphia 76ers,120,85,MIA,,,Team Totals,240,45,84,.536,13,33,.394,17,23,.739,8,38,46,26,8,4,11,13,120,,,Team Totals,240,.637,.613,.393,.274,23.5,79.2,56.1,57.8,8.5,7.5,10.5,100.0,126.8,89.8,,
https://www.basketball-reference.com/boxscores/202205100PHO.html,"10:00 PM, May 10, 2022",Phoenix Suns,Dallas Mavericks,110,80,DAL,,,Team Totals,240,27,71,.380,8,32,.250,18,27,.667,6,32,38,9,7,0,18,21,80,,,Team Totals,240,.483,.437,.451,.380,13.6,72.7,43.2,33.3,7.5,0.0,17.8,100.0,86.0,118.3,,
https://www.basketball-reference.com/boxscores/202205100PHO.html,"10:00 PM, May 10, 2022",Phoenix Suns,Dallas Mavericks,110,80,PHO,,,Team Totals,240,43,87,.494,12,32,.375,12,16,.750,12,38,50,28,10,2,12,23,110,,,Team Totals,240,.585,.563,.368,.184,27.3,86.4,56.8,65.1,10.8,5.1,11.3,100.0,118.3,86.0,,
https://www.basketball-reference.com/boxscores/202205110BOS.html,"7:00 PM, May 11, 2022",Boston Celtics,Milwaukee Bucks,107,110,MIL,,,Team Totals,240,40,92,.435,13,29,.448,17,21,.810,17,32,49,22,5,5,13,14,110,,,Team Totals,240,.543,.505,.315,.228,35.4,86.5,57.6,55.0,5.4,9.8,11.4,100.0,118.3,115.1,,
https://www.basketball-reference.com/boxscores/202205110BOS.html,"7:00 PM, May 11, 2022",Boston Celtics,Milwaukee Bucks,107,110,BOS,,,Team Totals,240,42,82,.512,10,31,.323,13,15,.867,5,31,36,25,6,7,10,19,107,,,Team Totals,240,.604,.573,.378,.183,13.5,64.6,42.4,59.5,6.5,11.1,10.1,100.0,115.1,118.3,,
https://www.basketball-reference.com/boxscores/202205110MEM.html,"9:30 PM, May 11, 2022",Memphis Grizzlies,Golden State Warriors,134,95,GSW,,,Team Totals,240,36,80,.450,14,39,.359,9,13,.692,4,33,37,22,3,5,22,23,95,,,Team Totals,240,.554,.538,.488,.163,9.8,64.7,40.2,61.1,2.9,8.6,20.4,100.0,93.2,131.4,,
https://www.basketball-reference.com/boxscores/202205110MEM.html,"9:30 PM, May 11, 2022",Memphis Grizzlies,Golden State Warriors,134,95,MEM,,,Team Totals,240,47,99,.475,18,41,.439,22,30,.733,18,37,55,37,12,4,10,17,134,,,Team Totals,240,.597,.566,.414,.303,35.3,90.2,59.8,78.7,11.8,9.8,8.2,100.0,131.4,93.2,,
https://www.basketball-reference.com/boxscores/202205120DAL.html,"9:30 PM, May 12, 2022",Dallas Mavericks,Phoenix Suns,113,86,PHO,,,Team Totals,240,31,78,.397,6,18,.333,18,21,.857,13,32,45,18,3,2,22,27,86,,,Team Totals,240,.493,.436,.231,.269,28.9,82.1,53.6,58.1,3.3,5.3,20.1,100.0,93.4,122.7,,
https://www.basketball-reference.com/boxscores/202205120DAL.html,"9:30 PM, May 12, 2022",Dallas Mavericks,Phoenix Suns,113,86,DAL,,,Team Totals,240,35,77,.455,16,39,.410,27,36,.750,7,32,39,18,16,4,7,23,113,,,Team Totals,240,.609,.558,.506,.468,17.9,71.1,46.4,51.4,17.4,6.7,7.0,100.0,122.7,93.4,,
https://www.basketball-reference.com/boxscores/202205120PHI.html,"7:00 PM, May 12, 2022",Philadelphia 76ers,Miami Heat,90,99,MIA,,,Team Totals,240,42,87,.483,7,28,.250,8,11,.727,13,36,49,19,7,6,16,12,99,,,Team Totals,240,.539,.523,.322,.126,31.0,85.7,58.3,45.2,7.5,12.0,14.8,100.0,105.6,96.0,,
https://www.basketball-reference.com/boxscores/202205120PHI.html,"7:00 PM, May 12, 2022",Philadelphia 76ers,Miami Heat,90,99,PHI,,,Team Totals,240,36,87,.414,12,37,.324,6,7,.857,6,29,35,21,8,6,13,16,90,,,Team Totals,240,.500,.483,.425,.080,14.3,69.0,41.7,58.3,8.5,10.2,12.6,100.0,96.0,105.6,,
https://www.basketball-reference.com/boxscores/202205130GSW.html,"10:00 PM, May 13, 2022",Golden State Warriors,Memphis Grizzlies,110,96,MEM,,,Team Totals,240,34,96,.354,15,36,.417,13,20,.650,10,34,44,21,8,6,7,12,96,,,Team Totals,240,.458,.432,.375,.208,18.2,57.6,38.6,61.8,8.1,11.8,6.3,100.0,97.1,111.2,,
https://www.basketball-reference.com/boxscores/202205130GSW.html,"10:00 PM, May 13, 2022",Golden State Warriors,Memphis Grizzlies,110,96,GSW,,,Team Totals,240,41,104,.394,20,53,.377,8,11,.727,25,45,70,24,3,10,19,17,110,,,Team Totals,240,.505,.490,.510,.106,42.4,81.8,61.4,58.5,3.0,16.7,14.9,100.0,111.2,97.1,,
https://www.basketball-reference.com/boxscores/202205130MIL.html,"7:30 PM, May 13, 2022",Milwaukee Bucks,Boston Celtics,95,108,BOS,,,Team Totals,240,38,87,.437,17,43,.395,15,23,.652,8,34,42,22,5,7,8,17,108,,,Team Totals,240,.556,.534,.494,.264,16.0,82.9,46.2,57.9,5.2,11.9,7.6,100.0,112.2,98.7,,
https://www.basketball-reference.com/boxscores/202205130MIL.html,"7:30 PM, May 13, 2022",Milwaukee Bucks,Boston Celtics,95,108,MIL,,,Team Totals,240,36,88,.409,7,29,.241,16,18,.889,7,42,49,15,5,3,11,25,95,,,Team Totals,240,.495,.449,.330,.205,17.1,84.0,53.8,41.7,5.2,6.8,10.3,100.0,98.7,112.2,,
https://www.basketball-reference.com/boxscores/202205150BOS.html,"3:30 PM, May 15, 2022",Boston Celtics,Milwaukee Bucks,109,81,MIL,,,Team Totals,240,33,90,.367,4,33,.121,11,16,.688,11,45,56,20,5,5,13,18,81,,,Team Totals,240,.417,.389,.367,.178,21.6,84.9,53.8,60.6,5.1,15.2,11.8,100.0,82.1,110.5,,
https://www.basketball-reference.com/boxscores/202205150BOS.html,"3:30 PM, May 15, 2022",Boston Celtics,Milwaukee Bucks,109,81,BOS,,,Team Totals,240,37,88,.420,22,55,.400,13,18,.722,8,40,48,29,5,7,14,19,109,,,Team Totals,240,.568,.545,.625,.205,15.1,78.4,46.2,78.4,5.1,12.3,12.7,100.0,110.5,82.1,,
https://www.basketball-reference.com/boxscores/202205150PHO.html,"8:00 PM, May 15, 2022",Phoenix Suns,Dallas Mavericks,90,123,DAL,,,Team Totals,240,46,81,.568,19,39,.487,12,12,1.000,6,37,43,14,9,6,12,17,123,,,Team Totals,240,.713,.685,.481,.148,20.0,71.2,52.4,30.4,10.0,11.3,12.2,100.0,136.8,100.1,,
https://www.basketball-reference.com/boxscores/202205150PHO.html,"8:00 PM, May 15, 2022",Phoenix Suns,Dallas Mavericks,90,123,PHO,,,Team Totals,240,33,87,.379,12,34,.353,12,18,.667,15,24,39,22,8,4,12,18,90,,,Team Totals,240,.474,.448,.391,.207,28.8,80.0,47.6,66.7,8.9,9.5,11.2,100.0,100.1,136.8,,
https://www.basketball-reference.com/boxscores/202205170MIA.html,"8:30 PM, May 17, 2022",Miami Heat,Boston Celtics,118,107,BOS,,,Team Totals,240,36,79,.456,11,34,.324,24,32,.750,8,30,38,22,8,8,16,23,107,,,Team Totals,240,.575,.525,.430,.405,21.1,76.9,49.4,61.1,8.2,16.0,14.7,100.0,110.0,121.3,,
https://www.basketball-reference.com/boxscores/202205170MIA.html,"8:30 PM, May 17, 2022",Miami Heat,Boston Celtics,118,107,MIA,,,Team Totals,240,39,80,.488,10,30,.333,30,34,.882,9,30,39,18,10,12,13,24,118,,,Team Totals,240,.621,.550,.375,.425,23.1,78.9,50.6,46.2,10.3,26.7,12.0,100.0,121.3,110.0,,
https://www.basketball-reference.com/boxscores/202205180GSW.html,"9:00 PM, May 18, 2022",Golden State Warriors,Dallas Mavericks,112,87,DAL,,,Team Totals,240,31,86,.360,11,48,.229,14,21,.667,9,26,35,14,7,1,13,17,87,,,Team Totals,240,.457,.424,.558,.244,17.0,78.8,40.7,45.2,7.3,1.9,12.0,100.0,90.3,116.3,,
https://www.basketball-reference.com/boxscores/202205180GSW.html,"9:00 PM, May 18, 2022",Golden State Warriors,Dallas Mavericks,112,87,GSW,,,Team Totals,240,46,82,.561,10,29,.345,10,16,.625,7,44,51,24,8,7,15,22,112,,,Team Totals,240,.629,.622,.354,.195,21.2,83.0,59.3,52.2,8.3,18.4,14.4,100.0,116.3,90.3,,
https://www.basketball-reference.com/boxscores/202205190MIA.html,"8:30 PM, May 19, 2022",Miami Heat,Boston Celtics,102,127,BOS,,,Team Totals,240,43,84,.512,20,40,.500,21,23,.913,8,33,41,28,8,5,10,21,127,,,Team Totals,240,.675,.631,.476,.274,21.1,73.3,49.4,65.1,8.4,9.6,9.6,100.0,133.6,107.3,,
https://www.basketball-reference.com/boxscores/202205190MIA.html,"8:30 PM, May 19, 2022",Miami Heat,Boston Celtics,102,127,MIA,,,Team Totals,240,38,86,.442,10,34,.294,16,22,.727,12,30,42,21,4,3,15,18,102,,,Team Totals,240,.533,.500,.395,.256,26.7,78.9,50.6,55.3,4.2,6.8,13.6,100.0,107.3,133.6,,
https://www.basketball-reference.com/boxscores/202205200GSW.html,"9:00 PM, May 20, 2022",Golden State Warriors,Dallas Mavericks,126,117,DAL,,,Team Totals,240,37,78,.474,21,45,.467,22,29,.759,4,26,30,22,7,5,12,20,117,,,Team Totals,240,.645,.609,.577,.372,10.3,76.5,41.1,59.5,7.1,9.3,11.7,100.0,119.4,128.5,,
https://www.basketball-reference.com/boxscores/202205200GSW.html,"9:00 PM, May 20, 2022",Golden State Warriors,Dallas Mavericks,126,117,GSW,,,Team Totals,240,46,82,.561,14,28,.500,20,25,.800,8,35,43,33,4,2,16,26,126,,,Team Totals,240,.677,.646,.341,.305,23.5,89.7,58.9,71.7,4.1,6.1,14.7,100.0,128.5,119.4,,
https://www.basketball-reference.com/boxscores/202205210BOS.html,"8:30 PM, May 21, 2022",Boston Celtics,Miami Heat,103,109,MIA,,,Team Totals,240,43,92,.467,11,33,.333,12,14,.857,8,26,34,22,19,4,9,24,109,,,Team Totals,240,.555,.527,.359,.152,18.6,74.3,43.6,51.2,19.7,10.5,8.4,100.0,113.0,106.8,,
https://www.basketball-reference.com/boxscores/202205210BOS.html,"8:30 PM, May 21, 2022",Boston Celtics,Miami Heat,103,109,BOS,,,Team Totals,240,34,70,.486,12,32,.375,23,30,.767,9,35,44,21,2,7,24,21,103,,,Team Totals,240,.619,.571,.457,.429,25.7,81.4,56.4,61.8,2.1,11.9,22.4,100.0,106.8,113.0,,
https://www.basketball-reference.com/boxscores/202205220DAL.html,"9:00 PM, May 22, 2022",Dallas Mavericks,Golden State Warriors,100,109,GSW,,,Team Totals,240,38,81,.469,11,32,.344,22,25,.880,14,33,47,28,5,1,13,23,109,,,Team Totals,240,.592,.537,.395,.309,35.0,82.5,58.8,73.7,5.6,3.3,12.4,100.0,123.1,112.9,,
https://www.basketball-reference.com/boxscores/202205220DAL.html,"9:00 PM, May 22, 2022",Dallas Mavericks,Golden State Warriors,100,109,DAL,,,Team Totals,240,30,75,.400,13,45,.289,27,34,.794,7,26,33,18,4,2,9,18,100,,,Team Totals,240,.556,.487,.600,.453,17.5,65.0,41.3,60.0,4.5,4.1,9.1,100.0,112.9,123.1,,
https://www.basketball-reference.com/boxscores/202205230BOS.html,"8:30 PM, May 23, 2022",Boston Celtics,Miami Heat,102,82,MIA,,,Team Totals,240,30,90,.333,14,36,.389,8,14,.571,10,29,39,22,4,2,9,26,82,,,Team Totals,240,.426,.411,.400,.156,17.9,67.4,39.4,73.3,4.4,4.5,8.6,100.0,90.6,112.7,,
https://www.basketball-reference.com/boxscores/202205230BOS.html,"8:30 PM, May 23, 2022",Boston Celtics,Miami Heat,102,82,BOS,,,Team Totals,240,31,78,.397,8,34,.235,32,38,.842,14,46,60,21,4,11,11,15,102,,,Team Totals,240,.538,.449,.436,.487,32.6,82.1,60.6,67.7,4.4,20.4,10.4,100.0,112.7,90.6,,
https://www.basketball-reference.com/boxscores/202205240DAL.html,"9:00 PM, May 24, 2022",Dallas Mavericks,Golden State Warriors,119,109,GSW,,,Team Totals,240,41,84,.488,10,28,.357,17,26,.654,6,36,42,26,5,4,8,18,109,,,Team Totals,240,.571,.548,.333,.310,12.8,90.0,48.3,63.4,5.2,10.3,7.7,100.0,114.2,124.6,,
https://www.basketball-reference.com/boxscores/202205240DAL.html,"9:00 PM, May 24, 2022",Dallas Mavericks,Golden State Warriors,119,109,DAL,,,Team Totals,240,41,82,.500,20,43,.465,17,22,.773,4,41,45,30,4,6,8,19,119,,,Team Totals,240,.649,.622,.524,.268,10.0,87.2,51.7,73.2,4.2,10.7,8.0,100.0,124.6,114.2,,
https://www.basketball-reference.com/boxscores/202205250MIA.html,"8:30 PM, May 25, 2022",Miami Heat,Boston Celtics,80,93,BOS,,,Team Totals,240,33,71,.465,10,33,.303,17,23,.739,6,40,46,24,5,7,15,19,93,,,Team Totals,240,.573,.535,.465,.324,16.7,67.8,48.4,72.7,5.6,14.3,15.6,100.0,104.5,89.9,,
https://www.basketball-reference.com/boxscores/202205250MIA.html,"8:30 PM, May 25, 2022",Miami Heat,Boston Celtics,80,93,MIA,,,Team Totals,240,30,94,.319,7,45,.156,13,14,.929,19,30,49,14,7,2,12,19,80,,,Team Totals,240,.399,.356,.479,.149,32.2,83.3,51.6,46.7,7.9,5.3,10.7,100.0,89.9,104.5,,
https://www.basketball-reference.com/boxscores/202205260GSW.html,"9:00 PM, May 26, 2022",Golden State Warriors,Dallas Mavericks,120,110,DAL,,,Team Totals,240,37,82,.451,17,42,.405,19,25,.760,6,28,34,22,6,4,8,18,110,,,Team Totals,240,.591,.555,.512,.305,14.0,66.7,40.0,59.5,6.5,7.7,7.9,100.0,120.0,130.9,,
https://www.basketball-reference.com/boxscores/202205260GSW.html,"9:00 PM, May 26, 2022",Golden State Warriors,Dallas Mavericks,120,110,GSW,,,Team Totals,240,45,88,.511,14,36,.389,16,16,1.000,14,37,51,36,6,3,11,20,120,,,Team Totals,240,.631,.591,.409,.182,33.3,86.0,60.0,80.0,6.5,7.5,10.4,100.0,130.9,120.0,,
https://www.basketball-reference.com/boxscores/202205270BOS.html,"8:30 PM, May 27, 2022",Boston Celtics,Miami Heat,103,111,MIA,,,Team Totals,240,36,78,.462,15,35,.429,24,25,.960,11,26,37,25,10,2,19,27,111,,,Team Totals,240,.624,.558,.449,.321,28.2,81.3,52.1,69.4,10.6,5.1,17.6,100.0,117.6,109.2,,
https://www.basketball-reference.com/boxscores/202205270BOS.html,"8:30 PM, May 27, 2022",Boston Celtics,Miami Heat,103,111,BOS,,,Team Totals,240,32,72,.444,11,33,.333,28,31,.903,6,28,34,22,10,4,18,28,103,,,Team Totals,240,.601,.521,.458,.431,18.8,71.8,47.9,68.8,10.6,9.3,17.4,100.0,109.2,117.6,,
https://www.basketball-reference.com/boxscores/202205290MIA.html,"8:30 PM, May 29, 2022",Miami Heat,Boston Celtics,96,100,BOS,,,Team Totals,240,35,85,.412,11,32,.344,19,24,.792,10,41,51,22,4,6,13,26,100,,,Team Totals,240,.523,.476,.376,.282,21.3,85.4,53.7,62.9,4.1,10.3,12.0,100.0,102.1,98.0,,
https://www.basketball-reference.com/boxscores/202205290MIA.html,"8:30 PM, May 29, 2022",Miami Heat,Boston Celtics,96,100,MIA,,,Team Totals,240,37,88,.420,6,30,.200,16,24,.667,7,37,44,16,4,5,10,18,96,,,Team Totals,240,.487,.455,.341,.273,14.6,78.7,46.3,43.2,4.1,9.4,9.2,100.0,98.0,102.1,,
https://www.basketball-reference.com/boxscores/202206020GSW.html,"9:00 PM, June 2, 2022",Golden State Warriors,Boston Celtics,108,120,BOS,,,Team Totals,240,43,85,.506,21,41,.512,13,16,.813,7,32,39,33,7,6,13,13,120,,,Team Totals,240,.652,.629,.482,.188,20.6,72.7,50.0,76.7,7.4,14.0,12.4,100.0,127.1,114.4,,
https://www.basketball-reference.com/boxscores/202206020GSW.html,"9:00 PM, June 2, 2022",Golden State Warriors,Boston Celtics,108,120,GSW,,,Team Totals,240,39,88,.443,19,45,.422,11,15,.733,12,27,39,24,8,6,14,16,108,,,Team Totals,240,.571,.551,.511,.170,27.3,79.4,50.0,61.5,8.5,13.6,12.9,100.0,114.4,127.1,,
https://www.basketball-reference.com/boxscores/202206050GSW.html,"8:00 PM, June 5, 2022",Golden State Warriors,Boston Celtics,107,88,BOS,,,Team Totals,240,30,80,.375,15,37,.405,13,17,.765,6,37,43,24,5,7,19,18,88,,,Team Totals,240,.503,.469,.463,.213,14.3,86.0,50.6,80.0,5.1,14.3,17.8,100.0,89.3,108.6,,
https://www.basketball-reference.com/boxscores/202206050GSW.html,"8:00 PM, June 5, 2022",Golden State Warriors,Boston Celtics,107,88,GSW,,,Team Totals,240,39,86,.453,15,37,.405,14,20,.700,6,36,42,25,15,2,12,17,107,,,Team Totals,240,.564,.541,.430,.233,14.0,85.7,49.4,64.1,15.2,4.7,11.2,100.0,108.6,89.3,,
https://www.basketball-reference.com/boxscores/202206080BOS.html,"9:00 PM, June 8, 2022",Boston Celtics,Golden State Warriors,116,100,GSW,,,Team Totals,240,36,78,.462,15,40,.375,13,15,.867,6,25,31,22,7,5,17,23,100,,,Team Totals,240,.591,.558,.513,.192,15.8,62.5,39.7,61.1,7.5,9.3,16.7,100.0,107.5,124.7,,
https://www.basketball-reference.com/boxscores/202206080BOS.html,"9:00 PM, June 8, 2022",Boston Celtics,Golden State Warriors,116,100,BOS,,,Team Totals,240,43,89,.483,13,35,.371,17,24,.708,15,32,47,28,7,7,12,17,116,,,Team Totals,240,.583,.556,.393,.270,37.5,84.2,60.3,65.1,7.5,18.4,10.8,100.0,124.7,107.5,,
https://www.basketball-reference.com/boxscores/202206100BOS.html,"9:00 PM, June 10, 2022",Boston Celtics,Golden State Warriors,97,107,GSW,,,Team Totals,240,40,91,.440,15,43,.349,12,15,.800,16,39,55,20,10,5,16,21,107,,,Team Totals,240,.548,.522,.473,.165,34.0,78.0,56.7,50.0,10.5,10.6,14.1,100.0,112.0,101.6,,
https://www.basketball-reference.com/boxscores/202206100BOS.html,"9:00 PM, June 10, 2022",Boston Celtics,Golden State Warriors,97,107,BOS,,,Team Totals,240,34,85,.400,15,38,.395,14,19,.737,11,31,42,22,8,6,16,17,97,,,Team Totals,240,.519,.488,.447,.224,22.0,66.0,43.3,64.7,8.4,12.5,14.6,100.0,101.6,112.0,,
https://www.basketball-reference.com/boxscores/202206130GSW.html,"9:00 PM, June 13, 2022",Golden State Warriors,Boston Celtics,104,94,BOS,,,Team Totals,240,31,75,.413,11,32,.344,21,31,.677,8,39,47,18,2,2,18,16,94,,,Team Totals,240,.530,.487,.427,.413,18.6,90.7,54.7,58.1,2.1,4.2,16.9,100.0,97.4,107.8,,
https://www.basketball-reference.com/boxscores/202206130GSW.html,"9:00 PM, June 13, 2022",Golden State Warriors,Boston Celtics,104,94,GSW,,,Team Totals,240,41,88,.466,9,40,.225,13,15,.867,4,35,39,23,9,2,7,28,104,,,Team Totals,240,.550,.517,.455,.170,9.3,81.4,45.3,56.1,9.3,4.7,6.9,100.0,107.8,97.4,,
https://www.basketball-reference.com/boxscores/202206160BOS.html,"9:00 PM, June 16, 2022",Boston Celtics,Golden State Warriors,90,103,GSW,,,Team Totals,240,38,92,.413,19,46,.413,8,8,1.000,15,29,44,27,13,7,17,20,103,,,Team Totals,240,.539,.516,.500,.087,33.3,72.5,51.8,71.1,13.9,13.5,15.1,100.0,110.0,96.2,,
https://www.basketball-reference.com/boxscores/202206160BOS.html,"9:00 PM, June 16, 2022",Boston Celtics,Golden State Warriors,90,103,BOS,,,Team Totals,240,34,80,.425,11,28,.393,11,12,.917,11,30,41,27,8,8,23,16,90,,,Team Totals,240,.528,.494,.350,.150,27.5,66.7,48.2,79.4,8.5,17.4,21.2,100.0,96.2,110.0,,
