boxscore_url,game_date_raw,home_team_name,away_team_name,home_pts,away_pts,team_abbr,home_away,winner,"basic_('unnamed: 0_level_0', 'starters')","basic_('basic box score stats', 'mp')","basic_('basic box score stats', 'fg')","basic_('basic box score stats', 'fga')","basic_('basic box score stats', 'fg%')","basic_('basic box score stats', '3p')","basic_('basic box score stats', '3pa')","basic_('basic box score stats', '3p%')","basic_('basic box score stats', 'ft')","basic_('basic box score stats', 'fta')","basic_('basic box score stats', 'ft%')","basic_('basic box score stats', 'orb')","basic_('basic box score stats', 'drb')","basic_('basic box score stats', 'trb')","basic_('basic box score stats', 'ast')","basic_('basic box score stats', 'stl')","basic_('basic box score stats', 'blk')","basic_('basic box score stats', 'tov')","basic_('basic box score stats', 'pf')","basic_('basic box score stats', 'pts')","basic_('basic box score stats', 'gmsc')","basic_('basic box score stats', '+/-')","adv_('unnamed: 0_level_0', 'starters')","adv_('advanced box score stats', 'mp')","adv_('advanced box score stats', 'ts%')","adv_('advanced box score stats', 'efg%')","adv_('advanced box score stats', '3par')","adv_('advanced box score stats', 'ftr')","adv_('advanced box score stats', 'orb%')","adv_('advanced box score stats', 'drb%')","adv_('advanced box score stats', 'trb%')","adv_('advanced box score stats', 'ast%')","adv_('advanced box score stats', 'stl%')","adv_('advanced box score stats', 'blk%')","adv_('advanced box score stats', 'tov%')","adv_('advanced box score stats', 'usg%')","adv_('advanced box score stats', 'ortg')","adv_('advanced box score stats', 'drtg')","adv_('advanced box score stats', 'bpm')"
https://www.basketball-reference.com/boxscores/201410280LAL.html,"10:30 PM, October 28, 2014",Los Angeles Lakers,Houston Rockets,90,108,HOU,,,Team Totals,240,31,73,.425,12,29,.414,34,50,.680,14,33,47,22,7,3,14,30,108,,,Team Totals,240,.568,.507,.397,.685,35.9,75.0,56.6,71.0,7.6,4.3,12.8,100.0,116.9,97.4,
https://www.basketball-reference.com/boxscores/201410280LAL.html,"10:30 PM, October 28, 2014",Los Angeles Lakers,Houston Rockets,90,108,LAL,,,Team Totals,240,28,79,.354,3,10,.300,31,39,.795,11,25,36,16,7,3,13,32,90,,,Team Totals,240,.468,.373,.127,.494,25.0,64.1,43.4,57.1,7.6,6.8,11.9,100.0,97.4,116.9,
https://www.basketball-reference.com/boxscores/201410280NOP.html,"8:00 PM, October 28, 2014",New Orleans Pelicans,Orlando Magic,101,84,ORL,,,Team Totals,240,32,84,.381,4,11,.364,16,21,.762,16,40,56,17,5,9,18,25,84,,,Team Totals,240,.450,.405,.131,.250,30.8,60.6,47.5,53.1,5.3,10.7,16.2,100.0,88.2,106.1,
https://www.basketball-reference.com/boxscores/201410280NOP.html,"8:00 PM, October 28, 2014",New Orleans Pelicans,Orlando Magic,101,84,NOP,,,Team Totals,240,41,101,.406,4,17,.235,15,31,.484,26,36,62,20,10,17,9,17,101,,,Team Totals,240,.441,.426,.168,.307,39.4,69.2,52.5,48.8,10.5,23.3,7.3,100.0,106.1,88.2,
https://www.basketball-reference.com/boxscores/201410280SAS.html,"8:00 PM, October 28, 2014",San Antonio Spurs,Dallas Mavericks,101,100,DAL,,,Team Totals,240,38,78,.487,8,21,.381,16,19,.842,9,24,33,17,9,3,10,20,100,,,Team Totals,240,.579,.538,.269,.244,23.7,72.7,46.5,44.7,10.4,7.1,10.4,100.0,115.5,116.6,
https://www.basketball-reference.com/boxscores/201410280SAS.html,"8:00 PM, October 28, 2014",San Antonio Spurs,Dallas Mavericks,101,100,SAS,,,Team Totals,240,37,70,.529,14,28,.500,13,16,.813,9,29,38,23,5,3,21,20,101,,,Team Totals,240,.656,.629,.400,.229,27.3,76.3,53.5,62.2,5.8,5.3,21.4,100.0,116.6,115.5,
https://www.basketball-reference.com/boxscores/201410290BOS.html,"7:30 PM, October 29, 2014",Boston Celtics,Brooklyn Nets,121,105,BRK,,,Team Totals,240,39,80,.488,7,19,.368,20,26,.769,9,30,39,20,6,7,21,21,105,,,Team Totals,240,.574,.531,.238,.325,25.7,76.9,52.7,51.3,6.0,10.6,18.7,100.0,104.6,120.6,
https://www.basketball-reference.com/boxscores/201410290BOS.html,"7:30 PM, October 29, 2014",Boston Celtics,Brooklyn Nets,121,105,BOS,,,Team Totals,240,49,88,.557,8,22,.364,15,23,.652,9,26,35,28,11,5,13,25,121,,,Team Totals,240,.617,.602,.250,.261,23.1,74.3,47.3,57.1,11.0,8.2,11.7,100.0,120.6,104.6,
https://www.basketball-reference.com/boxscores/201410290CHO.html,"7:00 PM, October 29, 2014",Charlotte Hornets,Milwaukee Bucks,108,106,MIL,,,Team Totals,265,39,80,.488,7,14,.500,21,24,.875,3,32,35,25,9,10,15,25,106,,,Team Totals,265,.585,.531,.175,.300,7.9,68.1,41.2,64.1,8.7,12.5,14.2,100.0,102.8,104.7,
https://www.basketball-reference.com/boxscores/201410290CHO.html,"7:00 PM, October 29, 2014",Charlotte Hornets,Milwaukee Bucks,108,106,CHO,,,Team Totals,265,41,101,.406,6,21,.286,20,29,.690,15,35,50,27,8,9,13,20,108,,,Team Totals,265,.475,.436,.208,.287,31.9,92.1,58.8,65.9,7.8,13.6,10.3,100.0,104.7,102.8,
https://www.basketball-reference.com/boxscores/201410290DEN.html,"9:00 PM, October 29, 2014",Denver Nuggets,Detroit Pistons,89,79,DET,,,Team Totals,240,31,84,.369,6,26,.231,11,19,.579,8,37,45,15,4,5,16,27,79,,,Team Totals,240,.428,.405,.310,.226,17.8,72.5,46.9,48.4,4.1,8.2,14.8,100.0,81.5,91.9,
https://www.basketball-reference.com/boxscores/201410290DEN.html,"9:00 PM, October 29, 2014",Denver Nuggets,Detroit Pistons,89,79,DEN,,,Team Totals,240,30,85,.353,6,24,.250,23,31,.742,14,37,51,17,7,4,15,21,89,,,Team Totals,240,.451,.388,.282,.365,27.5,82.2,53.1,56.7,7.2,6.9,13.2,100.0,91.9,81.5,
https://www.basketball-reference.com/boxscores/201410290IND.html,"7:00 PM, October 29, 2014",Indiana Pacers,Philadelphia 76ers,103,91,PHI,,,Team Totals,240,34,89,.382,6,21,.286,17,30,.567,15,27,42,17,10,5,11,29,91,,,Team Totals,240,.445,.416,.236,.337,29.4,65.9,45.7,50.0,10.6,8.9,9.7,100.0,96.2,108.9,
https://www.basketball-reference.com/boxscores/201410290IND.html,"7:00 PM, October 29, 2014",Indiana Pacers,Philadelphia 76ers,103,91,IND,,,Team Totals,240,38,81,.469,8,25,.320,19,28,.679,14,36,50,22,5,13,18,24,103,,,Team Totals,240,.552,.519,.309,.346,34.1,70.6,54.3,57.9,5.3,19.1,16.2,100.0,108.9,96.2,
https://www.basketball-reference.com/boxscores/201410290MEM.html,"8:00 PM, October 29, 2014",Memphis Grizzlies,Minnesota Timberwolves,105,101,MIN,,,Team Totals,240,39,86,.453,6,12,.500,17,23,.739,19,28,47,20,8,4,23,21,101,,,Team Totals,240,.525,.488,.140,.267,45.2,73.7,58.8,51.3,8.4,6.0,19.3,100.0,105.5,109.7,
https://www.basketball-reference.com/boxscores/201410290MEM.html,"8:00 PM, October 29, 2014",Memphis Grizzlies,Minnesota Timberwolves,105,101,MEM,,,Team Totals,240,43,82,.524,4,15,.267,15,20,.750,10,23,33,21,10,5,17,21,105,,,Team Totals,240,.578,.549,.183,.244,26.3,54.8,41.3,48.8,10.4,6.8,15.8,100.0,109.7,105.5,
https://www.basketball-reference.com/boxscores/201410290MIA.html,"7:30 PM, October 29, 2014",Miami Heat,Washington Wizards,107,95,WAS,,,Team Totals,240,36,75,.480,6,19,.316,17,24,.708,7,29,36,20,7,2,14,20,95,,,Team Totals,240,.555,.520,.253,.320,17.9,70.7,45.0,55.6,7.7,3.8,14.1,100.0,104.3,117.5,
https://www.basketball-reference.com/boxscores/201410290MIA.html,"7:30 PM, October 29, 2014",Miami Heat,Washington Wizards,107,95,MIA,,,Team Totals,240,39,81,.481,9,28,.321,20,23,.870,12,32,44,20,9,3,14,17,107,,,Team Totals,240,.587,.537,.346,.284,29.3,82.1,55.0,51.3,9.9,5.4,13.3,100.0,117.5,104.3,
https://www.basketball-reference.com/boxscores/201410290NYK.html,"8:00 PM, October 29, 2014",New York Knicks,Chicago Bulls,80,104,CHI,,,Team Totals,240,36,71,.507,7,24,.292,25,30,.833,10,37,47,21,9,4,15,18,104,,,Team Totals,240,.618,.556,.338,.423,29.4,72.5,55.3,58.3,10.3,5.9,15.1,100.0,118.9,91.5,
https://www.basketball-reference.com/boxscores/201410290NYK.html,"8:00 PM, October 29, 2014",New York Knicks,Chicago Bulls,80,104,NYK,,,Team Totals,240,31,85,.365,3,17,.176,15,17,.882,14,24,38,19,9,5,12,22,80,,,Team Totals,240,.433,.382,.200,.200,27.5,70.6,44.7,61.3,10.3,10.6,11.5,100.0,91.5,118.9,
https://www.basketball-reference.com/boxscores/201410290PHO.html,"10:00 PM, October 29, 2014",Phoenix Suns,Los Angeles Lakers,119,99,LAL,,,Team Totals,240,37,86,.430,4,13,.308,21,25,.840,12,26,38,20,9,3,15,18,99,,,Team Totals,240,.510,.453,.151,.291,27.9,74.3,48.7,54.1,9.5,6.0,13.4,100.0,104.5,125.7,
https://www.basketball-reference.com/boxscores/201410290PHO.html,"10:00 PM, October 29, 2014",Phoenix Suns,Los Angeles Lakers,119,99,PHO,,,Team Totals,240,45,82,.549,16,32,.500,13,18,.722,9,31,40,23,5,3,14,25,119,,,Team Totals,240,.662,.646,.390,.220,25.7,72.1,51.3,51.1,5.3,4.1,13.5,100.0,125.7,104.5,
https://www.basketball-reference.com/boxscores/201410290POR.html,"10:30 PM, October 29, 2014",Portland Trail Blazers,Oklahoma City Thunder,106,89,OKC,,,Team Totals,240,33,81,.407,2,16,.125,21,26,.808,14,29,43,19,9,5,15,28,89,,,Team Totals,240,.481,.420,.198,.321,32.6,69.0,50.6,57.6,10.0,8.6,14.0,100.0,99.1,118.1,
https://www.basketball-reference.com/boxscores/201410290POR.html,"10:30 PM, October 29, 2014",Portland Trail Blazers,Oklahoma City Thunder,106,89,POR,,,Team Totals,240,39,87,.448,11,29,.379,17,22,.773,13,29,42,23,4,9,10,19,106,,,Team Totals,240,.548,.511,.333,.253,31.0,67.4,49.4,59.0,4.5,13.8,9.4,100.0,118.1,99.1,
https://www.basketball-reference.com/boxscores/201410290SAC.html,"10:00 PM, October 29, 2014",Sacramento Kings,Golden State Warriors,77,95,GSW,,,Team Totals,240,33,75,.440,6,27,.222,23,32,.719,7,37,44,21,12,8,22,32,95,,,Team Totals,240,.533,.480,.360,.427,16.7,71.2,46.8,63.6,11.7,13.3,19.8,100.0,92.8,75.3,
https://www.basketball-reference.com/boxscores/201410290SAC.html,"10:00 PM, October 29, 2014",Sacramento Kings,Golden State Warriors,77,95,SAC,,,Team Totals,240,24,78,.308,3,18,.167,26,35,.743,15,35,50,13,11,3,27,26,77,,,Team Totals,240,.412,.327,.231,.449,28.8,83.3,53.2,54.2,10.8,6.3,22.4,100.0,75.3,92.8,
https://www.basketball-reference.com/boxscores/201410290TOR.html,"7:30 PM, October 29, 2014",Toronto Raptors,Atlanta Hawks,109,102,ATL,,,Team Totals,240,40,80,.500,13,22,.591,9,17,.529,10,32,42,26,6,8,19,24,102,,,Team Totals,240,.583,.581,.275,.213,23.8,66.7,46.7,65.0,6.3,12.5,17.8,100.0,107.4,114.8,
https://www.basketball-reference.com/boxscores/201410290TOR.html,"7:30 PM, October 29, 2014",Toronto Raptors,Atlanta Hawks,109,102,TOR,,,Team Totals,240,37,90,.411,8,26,.308,27,33,.818,16,32,48,26,13,9,10,22,109,,,Team Totals,240,.521,.456,.289,.367,33.3,76.2,53.3,70.3,13.7,15.5,8.7,100.0,114.8,107.4,
https://www.basketball-reference.com/boxscores/201410290UTA.html,"9:00 PM, October 29, 2014",Utah Jazz,Houston Rockets,93,104,HOU,,,Team Totals,240,40,77,.519,14,27,.519,10,14,.714,8,27,35,18,7,6,18,23,104,,,Team Totals,240,.625,.610,.351,.182,27.6,67.5,50.7,45.0,7.9,9.5,17.8,100.0,117.8,105.4,
https://www.basketball-reference.com/boxscores/201410290UTA.html,"9:00 PM, October 29, 2014",Utah Jazz,Houston Rockets,93,104,UTA,,,Team Totals,240,38,81,.469,3,18,.167,14,17,.824,13,21,34,16,8,6,14,16,93,,,Team Totals,240,.526,.488,.222,.210,32.5,72.4,49.3,42.1,9.1,12.0,13.7,100.0,105.4,117.8,
https://www.basketball-reference.com/boxscores/201410300CLE.html,"8:00 PM, October 30, 2014",Cleveland Cavaliers,New York Knicks,90,95,NYK,,,Team Totals,240,37,69,.536,6,12,.500,15,18,.833,9,26,35,30,9,1,18,26,95,,,Team Totals,240,.618,.580,.174,.261,29.0,70.3,51.5,81.1,10.6,2.2,19.0,100.0,112.3,106.4,
https://www.basketball-reference.com/boxscores/201410300CLE.html,"8:00 PM, October 30, 2014",Cleveland Cavaliers,New York Knicks,90,95,CLE,,,Team Totals,240,32,70,.457,9,24,.375,17,20,.850,11,22,33,22,5,2,19,15,90,,,Team Totals,240,.571,.521,.343,.286,29.7,71.0,48.5,68.8,5.9,3.5,19.4,100.0,106.4,112.3,
https://www.basketball-reference.com/boxscores/201410300DAL.html,"8:30 PM, October 30, 2014",Dallas Mavericks,Utah Jazz,120,102,UTA,,,Team Totals,240,36,83,.434,14,35,.400,16,18,.889,15,25,40,22,6,0,16,21,102,,,Team Totals,240,.561,.518,.422,.217,32.6,65.8,47.6,61.1,6.7,0.0,15.0,100.0,113.9,134.0,
https://www.basketball-reference.com/boxscores/201410300DAL.html,"8:30 PM, October 30, 2014",Dallas Mavericks,Utah Jazz,120,102,DAL,,,Team Totals,240,47,85,.553,8,21,.381,18,23,.783,13,31,44,25,8,5,9,15,120,,,Team Totals,240,.631,.600,.247,.271,34.2,67.4,52.4,53.2,8.9,10.4,8.6,100.0,134.0,113.9,
https://www.basketball-reference.com/boxscores/201410300LAC.html,"10:30 PM, October 30, 2014",Los Angeles Clippers,Oklahoma City Thunder,93,90,OKC,,,Team Totals,240,28,65,.431,6,21,.286,28,34,.824,8,39,47,23,5,2,27,27,90,,,Team Totals,240,.563,.477,.323,.523,29.6,73.6,58.8,82.1,5.3,3.5,25.2,100.0,95.8,99.0,
https://www.basketball-reference.com/boxscores/201410300LAC.html,"10:30 PM, October 30, 2014",Los Angeles Clippers,Oklahoma City Thunder,93,90,LAC,,,Team Totals,240,34,87,.391,7,30,.233,18,25,.720,14,19,33,17,10,4,12,27,93,,,Team Totals,240,.474,.431,.345,.287,26.4,70.4,41.3,50.0,10.6,9.1,10.9,100.0,99.0,95.8,
https://www.basketball-reference.com/boxscores/201410300MIN.html,"8:00 PM, October 30, 2014",Minnesota Timberwolves,Detroit Pistons,97,91,DET,,,Team Totals,240,38,91,.418,7,21,.333,8,13,.615,14,32,46,20,3,5,12,24,91,,,Team Totals,240,.470,.456,.231,.143,29.8,76.2,51.7,52.6,3.3,7.6,11.0,100.0,100.8,107.4,
https://www.basketball-reference.com/boxscores/201410300MIN.html,"8:00 PM, October 30, 2014",Minnesota Timberwolves,Detroit Pistons,97,91,MIN,,,Team Totals,240,37,76,.487,4,10,.400,19,28,.679,10,33,43,18,8,3,12,21,97,,,Team Totals,240,.549,.513,.132,.368,23.8,70.2,48.3,48.6,8.9,4.3,12.0,100.0,107.4,100.8,
https://www.basketball-reference.com/boxscores/201410300ORL.html,"7:00 PM, October 30, 2014",Orlando Magic,Washington Wizards,98,105,WAS,,,Team Totals,240,39,80,.488,7,13,.538,20,26,.769,6,31,37,22,10,0,12,25,105,,,Team Totals,240,.574,.531,.163,.325,16.7,91.2,52.9,56.4,10.5,0.0,11.6,100.0,109.7,102.4,
https://www.basketball-reference.com/boxscores/201410300ORL.html,"7:00 PM, October 30, 2014",Orlando Magic,Washington Wizards,98,105,ORL,,,Team Totals,240,37,72,.514,6,15,.400,18,24,.750,3,30,33,20,4,1,18,23,98,,,Team Totals,240,.594,.556,.208,.333,8.8,83.3,47.1,54.1,4.2,1.5,17.9,100.0,102.4,109.7,
https://www.basketball-reference.com/boxscores/201410310CHI.html,"8:00 PM, October 31, 2014",Chicago Bulls,Cleveland Cavaliers,108,114,CLE,,,Team Totals,265,41,104,.394,3,15,.200,29,33,.879,20,32,52,18,8,4,12,18,114,,,Team Totals,265,.481,.409,.144,.317,39.2,74.4,55.3,43.9,7.8,6.8,9.2,100.0,110.6,104.8,
https://www.basketball-reference.com/boxscores/201410310CHI.html,"8:00 PM, October 31, 2014",Chicago Bulls,Cleveland Cavaliers,108,114,CHI,,,Team Totals,265,41,90,.456,13,31,.419,13,17,.765,11,31,42,25,4,14,20,28,108,,,Team Totals,265,.554,.528,.344,.189,25.6,60.8,44.7,61.0,3.9,15.7,17.0,100.0,104.8,110.6,
https://www.basketball-reference.com/boxscores/201410310IND.html,"7:00 PM, October 31, 2014",Indiana Pacers,Memphis Grizzlies,89,97,MEM,,,Team Totals,240,35,79,.443,7,19,.368,20,27,.741,11,29,40,20,11,2,9,21,97,,,Team Totals,240,.534,.487,.241,.342,23.9,72.5,46.5,57.1,12.6,3.8,9.0,100.0,111.4,102.2,
https://www.basketball-reference.com/boxscores/201410310IND.html,"7:00 PM, October 31, 2014",Indiana Pacers,Memphis Grizzlies,89,97,IND,,,Team Totals,240,34,74,.459,8,21,.381,13,16,.813,11,35,46,19,5,3,18,15,89,,,Team Totals,240,.549,.514,.284,.216,27.5,76.1,53.5,55.9,5.7,5.0,18.2,100.0,102.2,111.4,
https://www.basketball-reference.com/boxscores/201410310LAL.html,"10:30 PM, October 31, 2014",Los Angeles Lakers,Los Angeles Clippers,111,118,LAC,,,Team Totals,240,34,71,.479,12,33,.364,38,44,.864,6,30,36,25,6,2,15,26,118,,,Team Totals,240,.653,.563,.465,.620,16.2,76.9,47.4,73.5,6.2,3.2,14.2,100.0,121.3,114.1,
https://www.basketball-reference.com/boxscores/201410310LAL.html,"10:30 PM, October 31, 2014",Los Angeles Lakers,Los Angeles Clippers,111,118,LAL,,,Team Totals,240,42,82,.512,7,20,.350,20,28,.714,9,31,40,24,5,2,14,35,111,,,Team Totals,240,.588,.555,.244,.341,23.1,83.8,52.6,57.1,5.1,5.3,12.9,100.0,114.1,121.3,
https://www.basketball-reference.com/boxscores/201410310MIL.html,"8:30 PM, October 31, 2014",Milwaukee Bucks,Philadelphia 76ers,93,81,PHI,,,Team Totals,240,32,86,.372,5,23,.217,12,22,.545,12,30,42,20,9,5,18,18,81,,,Team Totals,240,.423,.401,.267,.256,23.1,66.7,43.3,62.5,9.1,7.8,15.8,100.0,81.7,93.8,
https://www.basketball-reference.com/boxscores/201410310MIL.html,"8:30 PM, October 31, 2014",Milwaukee Bucks,Philadelphia 76ers,93,81,MIL,,,Team Totals,240,36,88,.409,9,24,.375,12,21,.571,15,40,55,25,10,11,21,19,93,,,Team Totals,240,.478,.460,.273,.239,33.3,76.9,56.7,69.4,10.1,17.5,17.8,100.0,93.8,81.7,
https://www.basketball-reference.com/boxscores/201410310PHO.html,"10:00 PM, October 31, 2014",Phoenix Suns,San Antonio Spurs,94,89,SAS,,,Team Totals,240,32,78,.410,8,25,.320,17,23,.739,5,40,45,20,3,3,13,25,89,,,Team Totals,240,.505,.462,.321,.295,11.6,76.9,47.4,62.5,3.2,4.3,12.9,100.0,95.7,101.1,
https://www.basketball-reference.com/boxscores/201410310PHO.html,"10:00 PM, October 31, 2014",Phoenix Suns,San Antonio Spurs,94,89,PHO,,,Team Totals,240,35,87,.402,2,18,.111,22,26,.846,12,38,50,15,2,5,7,21,94,,,Team Totals,240,.477,.414,.207,.299,23.1,88.4,52.6,42.9,2.2,9.4,6.6,100.0,101.1,95.7,
https://www.basketball-reference.com/boxscores/201410310SAC.html,"10:00 PM, October 31, 2014",Sacramento Kings,Portland Trail Blazers,103,94,POR,,,Team Totals,240,34,83,.410,9,26,.346,17,19,.895,10,28,38,20,5,8,11,26,94,,,Team Totals,240,.514,.464,.313,.229,22.2,66.7,43.7,58.8,5.6,11.3,10.7,100.0,105.5,115.6,
https://www.basketball-reference.com/boxscores/201410310SAC.html,"10:00 PM, October 31, 2014",Sacramento Kings,Portland Trail Blazers,103,94,SAC,,,Team Totals,240,34,81,.420,4,10,.400,31,35,.886,14,35,49,14,6,2,10,24,103,,,Team Totals,240,.534,.444,.123,.432,33.3,77.8,56.3,41.2,6.7,3.5,9.4,100.0,115.6,105.5,
https://www.basketball-reference.com/boxscores/201411010ATL.html,"7:30 PM, November 1, 2014",Atlanta Hawks,Indiana Pacers,102,92,IND,,,Team Totals,240,31,81,.383,12,32,.375,18,21,.857,11,33,44,25,5,5,18,26,92,,,Team Totals,240,.510,.457,.395,.259,24.4,91.7,54.3,80.6,5.4,10.2,16.6,100.0,98.7,109.4,
https://www.basketball-reference.com/boxscores/201411010ATL.html,"7:30 PM, November 1, 2014",Atlanta Hawks,Indiana Pacers,102,92,ATL,,,Team Totals,240,35,69,.507,7,20,.350,25,33,.758,3,34,37,26,10,6,13,20,102,,,Team Totals,240,.611,.558,.290,.478,8.3,75.6,45.7,74.3,10.7,12.2,13.5,100.0,109.4,98.7,
https://www.basketball-reference.com/boxscores/201411010CHO.html,"7:00 PM, November 1, 2014",Charlotte Hornets,Memphis Grizzlies,69,71,MEM,,,Team Totals,240,29,80,.363,3,11,.273,10,13,.769,9,36,45,16,8,0,19,22,71,,,Team Totals,240,.414,.381,.138,.163,18.8,87.8,50.6,55.2,8.5,0.0,18.1,100.0,75.9,73.7,
https://www.basketball-reference.com/boxscores/201411010CHO.html,"7:00 PM, November 1, 2014",Charlotte Hornets,Memphis Grizzlies,69,71,CHO,,,Team Totals,240,26,72,.361,4,14,.286,13,18,.722,5,39,44,17,10,4,20,16,69,,,Team Totals,240,.432,.389,.194,.250,12.2,81.3,49.4,65.4,10.7,5.8,20.0,100.0,73.7,75.9,
https://www.basketball-reference.com/boxscores/201411010DET.html,"7:30 PM, November 1, 2014",Detroit Pistons,Brooklyn Nets,90,102,BRK,,,Team Totals,240,42,87,.483,7,26,.269,11,13,.846,12,36,48,18,3,3,8,23,102,,,Team Totals,240,.550,.523,.299,.149,27.9,78.3,53.9,42.9,3.5,5.1,7.9,100.0,117.6,103.7,
https://www.basketball-reference.com/boxscores/201411010DET.html,"7:30 PM, November 1, 2014",Detroit Pistons,Brooklyn Nets,90,102,DET,,,Team Totals,240,32,76,.421,1,17,.059,25,35,.714,10,31,41,21,3,3,7,15,90,,,Team Totals,240,.492,.428,.224,.461,21.7,72.1,46.1,65.6,3.5,4.9,7.1,100.0,103.7,117.6,
https://www.basketball-reference.com/boxscores/201411010GSW.html,"10:30 PM, November 1, 2014",Golden State Warriors,Los Angeles Lakers,127,104,LAL,,,Team Totals,240,41,88,.466,4,14,.286,18,25,.720,17,20,37,21,9,3,22,27,104,,,Team Totals,240,.525,.489,.159,.284,35.4,62.5,46.3,51.2,8.9,5.0,18.2,100.0,103.2,126.0,
https://www.basketball-reference.com/boxscores/201411010GSW.html,"10:30 PM, November 1, 2014",Golden State Warriors,Los Angeles Lakers,127,104,GSW,,,Team Totals,240,46,83,.554,11,23,.478,24,28,.857,12,31,43,30,10,4,20,26,127,,,Team Totals,240,.666,.620,.277,.337,37.5,64.6,53.8,65.2,9.9,5.4,17.3,100.0,126.0,103.2,
https://www.basketball-reference.com/boxscores/201411010HOU.html,"8:00 PM, November 1, 2014",Houston Rockets,Boston Celtics,104,90,BOS,,,Team Totals,240,37,98,.378,1,25,.040,15,18,.833,14,30,44,20,10,8,11,26,90,,,Team Totals,240,.425,.383,.255,.184,26.4,75.0,47.3,54.1,10.1,19.0,9.4,100.0,90.8,105.0,
https://www.basketball-reference.com/boxscores/201411010HOU.html,"8:00 PM, November 1, 2014",Houston Rockets,Boston Celtics,104,90,HOU,,,Team Totals,240,32,76,.421,12,34,.353,28,40,.700,10,39,49,20,9,8,19,24,104,,,Team Totals,240,.556,.500,.447,.526,25.0,73.6,52.7,62.5,9.1,11.0,16.9,100.0,105.0,90.8,
https://www.basketball-reference.com/boxscores/201411010MIN.html,"8:00 PM, November 1, 2014",Minnesota Timberwolves,Chicago Bulls,105,106,CHI,,,Team Totals,240,33,69,.478,9,23,.391,31,40,.775,5,33,38,15,3,8,17,24,106,,,Team Totals,240,.612,.543,.333,.580,14.7,71.7,47.5,45.5,3.1,11.0,16.4,100.0,111.3,110.2,
https://www.basketball-reference.com/boxscores/201411010MIN.html,"8:00 PM, November 1, 2014",Minnesota Timberwolves,Chicago Bulls,105,106,MIN,,,Team Totals,240,38,85,.447,4,12,.333,25,31,.806,13,29,42,26,9,4,11,29,105,,,Team Totals,240,.532,.471,.141,.365,28.3,85.3,52.5,68.4,9.4,8.7,10.0,100.0,110.2,111.3,
https://www.basketball-reference.com/boxscores/201411010NOP.html,"7:00 PM, November 1, 2014",New Orleans Pelicans,Dallas Mavericks,104,109,DAL,,,Team Totals,240,46,89,.517,6,25,.240,11,19,.579,11,33,44,25,4,6,12,25,109,,,Team Totals,240,.560,.551,.281,.213,25.0,70.2,48.4,54.3,4.1,8.6,11.0,100.0,112.3,107.2,
https://www.basketball-reference.com/boxscores/201411010NOP.html,"7:00 PM, November 1, 2014",New Orleans Pelicans,Dallas Mavericks,104,109,NOP,,,Team Totals,240,38,89,.427,7,19,.368,21,28,.750,14,33,47,24,8,4,13,19,104,,,Team Totals,240,.513,.466,.213,.315,29.8,75.0,51.6,63.2,8.2,6.3,11.4,100.0,107.2,112.3,
https://www.basketball-reference.com/boxscores/201411010OKC.html,"8:00 PM, November 1, 2014",Oklahoma City Thunder,Denver Nuggets,102,91,DEN,,,Team Totals,240,35,80,.438,7,26,.269,14,20,.700,11,30,41,19,4,10,18,26,91,,,Team Totals,240,.512,.481,.325,.250,23.9,83.3,50.0,54.3,4.1,16.7,16.9,100.0,94.2,105.6,
https://www.basketball-reference.com/boxscores/201411010OKC.html,"8:00 PM, November 1, 2014",Oklahoma City Thunder,Denver Nuggets,102,91,OKC,,,Team Totals,240,37,80,.463,6,20,.300,22,31,.710,6,35,41,24,8,6,14,20,102,,,Team Totals,240,.545,.500,.250,.388,16.7,76.1,50.0,64.9,8.3,11.1,13.0,100.0,105.6,94.2,
https://www.basketball-reference.com/boxscores/201411010ORL.html,"7:00 PM, November 1, 2014",Orlando Magic,Toronto Raptors,95,108,TOR,,,Team Totals,240,33,83,.398,4,21,.190,38,48,.792,15,35,50,13,4,4,9,21,108,,,Team Totals,240,.519,.422,.253,.578,32.6,79.5,55.6,39.4,4.2,6.6,8.0,100.0,114.3,100.6,
https://www.basketball-reference.com/boxscores/201411010ORL.html,"7:00 PM, November 1, 2014",Orlando Magic,Toronto Raptors,95,108,ORL,,,Team Totals,240,38,81,.469,7,20,.350,12,24,.500,9,31,40,25,3,7,14,37,95,,,Team Totals,240,.519,.512,.247,.296,20.5,67.4,44.4,65.8,3.2,11.3,13.3,100.0,100.6,114.3,
https://www.basketball-reference.com/boxscores/201411010PHI.html,"7:00 PM, November 1, 2014",Philadelphia 76ers,Miami Heat,96,114,MIA,,,Team Totals,240,41,83,.494,12,24,.500,20,29,.690,9,26,35,33,16,0,16,20,114,,,Team Totals,240,.595,.566,.289,.349,21.4,86.7,48.6,80.5,16.1,0.0,14.3,100.0,114.7,96.6,
https://www.basketball-reference.com/boxscores/201411010PHI.html,"7:00 PM, November 1, 2014",Philadelphia 76ers,Miami Heat,96,114,PHI,,,Team Totals,240,35,67,.522,7,23,.304,19,26,.731,4,33,37,28,9,10,25,21,96,,,Team Totals,240,.612,.575,.343,.388,13.3,78.6,51.4,80.0,9.1,16.9,24.2,100.0,96.6,114.7,
https://www.basketball-reference.com/boxscores/201411010UTA.html,"9:00 PM, November 1, 2014",Utah Jazz,Phoenix Suns,118,91,PHO,,,Team Totals,240,36,87,.414,7,31,.226,12,15,.800,6,28,34,17,8,7,13,22,91,,,Team Totals,240,.486,.454,.356,.172,13.3,68.3,39.5,47.2,8.1,11.3,12.2,100.0,91.8,119.0,
https://www.basketball-reference.com/boxscores/201411010UTA.html,"9:00 PM, November 1, 2014",Utah Jazz,Phoenix Suns,118,91,UTA,,,Team Totals,240,42,88,.477,7,26,.269,27,33,.818,13,39,52,19,10,6,14,15,118,,,Team Totals,240,.575,.517,.295,.375,31.7,86.7,60.5,45.2,10.1,10.7,12.0,100.0,119.0,91.8,
https://www.basketball-reference.com/boxscores/201411010WAS.html,"7:00 PM, November 1, 2014",Washington Wizards,Milwaukee Bucks,108,97,MIL,,,Team Totals,240,34,80,.425,9,22,.409,20,24,.833,16,26,42,18,11,3,28,28,97,,,Team Totals,240,.536,.481,.275,.300,36.4,81.3,55.3,52.9,11.1,5.0,23.6,100.0,97.8,108.9,
https://www.basketball-reference.com/boxscores/201411010WAS.html,"7:00 PM, November 1, 2014",Washington Wizards,Milwaukee Bucks,108,97,WAS,,,Team Totals,240,40,73,.548,4,13,.308,24,33,.727,6,28,34,28,18,5,19,21,108,,,Team Totals,240,.617,.575,.178,.452,18.8,63.6,44.7,70.0,18.2,8.6,17.8,100.0,108.9,97.8,
https://www.basketball-reference.com/boxscores/201411020LAC.html,"3:30 PM, November 2, 2014",Los Angeles Clippers,Sacramento Kings,92,98,SAC,,,Team Totals,240,34,68,.500,3,10,.300,27,33,.818,9,37,46,21,4,11,20,22,98,,,Team Totals,240,.594,.522,.147,.485,27.3,77.1,56.8,61.8,4.3,19.3,19.5,100.0,106.4,99.9,
https://www.basketball-reference.com/boxscores/201411020LAC.html,"3:30 PM, November 2, 2014",Los Angeles Clippers,Sacramento Kings,92,98,LAC,,,Team Totals,240,33,88,.375,9,31,.290,17,21,.810,11,24,35,23,10,7,10,25,92,,,Team Totals,240,.473,.426,.352,.239,22.9,72.7,43.2,69.7,10.9,12.1,9.3,100.0,99.9,106.4,
https://www.basketball-reference.com/boxscores/201411020MIA.html,"6:00 PM, November 2, 2014",Miami Heat,Toronto Raptors,107,102,TOR,,,Team Totals,240,37,79,.468,4,16,.250,24,39,.615,9,19,28,11,8,5,10,28,102,,,Team Totals,240,.530,.494,.203,.494,22.0,63.3,39.4,29.7,8.7,10.9,9.4,100.0,111.4,116.8,
https://www.basketball-reference.com/boxscores/201411020MIA.html,"6:00 PM, November 2, 2014",Miami Heat,Toronto Raptors,107,102,MIA,,,Team Totals,240,35,70,.500,9,24,.375,28,38,.737,11,32,43,22,6,6,17,29,107,,,Team Totals,240,.617,.564,.343,.543,36.7,78.0,60.6,62.9,6.6,9.5,16.4,100.0,116.8,111.4,
https://www.basketball-reference.com/boxscores/201411020NYK.html,"7:30 PM, November 2, 2014",New York Knicks,Charlotte Hornets,96,93,CHO,,,Team Totals,240,33,70,.471,6,15,.400,21,29,.724,8,30,38,20,7,2,13,16,93,,,Team Totals,240,.562,.514,.214,.414,22.9,78.9,52.1,60.6,8.0,3.2,13.6,100.0,105.9,109.4,
https://www.basketball-reference.com/boxscores/201411020NYK.html,"7:30 PM, November 2, 2014",New York Knicks,Charlotte Hornets,96,93,NYK,,,Team Totals,240,39,78,.500,8,16,.500,10,17,.588,8,27,35,23,5,0,14,26,96,,,Team Totals,240,.562,.551,.205,.218,21.1,77.1,47.9,59.0,5.7,0.0,14.1,100.0,109.4,105.9,
https://www.basketball-reference.com/boxscores/201411020POR.html,"9:00 PM, November 2, 2014",Portland Trail Blazers,Golden State Warriors,90,95,GSW,,,Team Totals,240,36,81,.444,6,19,.316,17,21,.810,7,34,41,22,11,7,17,16,95,,,Team Totals,240,.526,.481,.235,.259,15.2,66.7,42.3,61.1,11.2,10.8,15.9,100.0,96.9,91.8,
https://www.basketball-reference.com/boxscores/201411020POR.html,"9:00 PM, November 2, 2014",Portland Trail Blazers,Golden State Warriors,90,95,POR,,,Team Totals,240,37,92,.402,7,27,.259,9,14,.643,17,39,56,20,9,2,19,19,90,,,Team Totals,240,.458,.440,.293,.152,33.3,84.8,57.7,54.1,9.2,3.2,16.2,100.0,91.8,96.9,
https://www.basketball-reference.com/boxscores/201411030BRK.html,"7:30 PM, November 3, 2014",Brooklyn Nets,Oklahoma City Thunder,116,85,OKC,,,Team Totals,240,32,82,.390,8,23,.348,13,21,.619,15,29,44,14,3,3,18,17,85,,,Team Totals,240,.466,.439,.280,.256,31.3,76.3,51.2,43.8,3.3,4.9,16.5,100.0,93.8,128.1,
https://www.basketball-reference.com/boxscores/201411030BRK.html,"7:30 PM, November 3, 2014",Brooklyn Nets,Oklahoma City Thunder,116,85,BRK,,,Team Totals,240,44,84,.524,11,23,.478,17,19,.895,9,33,42,25,11,3,8,21,116,,,Team Totals,240,.628,.589,.274,.226,23.7,68.8,48.8,56.8,12.1,5.1,8.0,100.0,128.1,93.8,
https://www.basketball-reference.com/boxscores/201411030DAL.html,"8:30 PM, November 3, 2014",Dallas Mavericks,Boston Celtics,118,113,BOS,,,Team Totals,240,45,102,.441,11,31,.355,12,16,.750,22,27,49,29,9,6,17,21,113,,,Team Totals,240,.518,.495,.304,.157,43.1,79.4,57.6,64.4,9.1,10.5,13.5,100.0,113.7,118.8,
https://www.basketball-reference.com/boxscores/201411030DAL.html,"8:30 PM, November 3, 2014",Dallas Mavericks,Boston Celtics,118,113,DAL,,,Team Totals,240,44,82,.537,14,25,.560,16,20,.800,7,29,36,24,5,9,18,17,118,,,Team Totals,240,.650,.622,.305,.244,20.6,56.9,42.4,54.5,5.0,12.7,16.5,100.0,118.8,113.7,
https://www.basketball-reference.com/boxscores/201411030DEN.html,"9:00 PM, November 3, 2014",Denver Nuggets,Sacramento Kings,105,110,SAC,,,Team Totals,240,34,81,.420,2,9,.222,40,47,.851,14,36,50,21,8,5,18,28,110,,,Team Totals,240,.541,.432,.111,.580,34.1,70.6,54.3,61.8,7.8,7.2,15.0,100.0,107.9,103.0,
https://www.basketball-reference.com/boxscores/201411030DEN.html,"9:00 PM, November 3, 2014",Denver Nuggets,Sacramento Kings,105,110,DEN,,,Team Totals,240,36,93,.387,5,24,.208,28,33,.848,15,27,42,22,4,7,15,35,105,,,Team Totals,240,.488,.414,.258,.355,29.4,65.9,45.7,61.1,3.9,9.7,12.2,100.0,103.0,107.9,
https://www.basketball-reference.com/boxscores/201411030LAC.html,"10:30 PM, November 3, 2014",Los Angeles Clippers,Utah Jazz,107,101,UTA,,,Team Totals,240,36,77,.468,10,27,.370,19,24,.792,9,34,43,24,4,2,17,20,101,,,Team Totals,240,.577,.532,.351,.312,23.1,87.2,55.1,66.7,4.3,3.4,16.3,100.0,108.7,115.2,
https://www.basketball-reference.com/boxscores/201411030LAC.html,"10:30 PM, November 3, 2014",Los Angeles Clippers,Utah Jazz,107,101,LAC,,,Team Totals,240,41,81,.506,10,23,.435,15,17,.882,5,30,35,28,6,6,10,17,107,,,Team Totals,240,.605,.568,.284,.210,12.8,76.9,44.9,68.3,6.5,12.0,10.2,100.0,115.2,108.7,
https://www.basketball-reference.com/boxscores/201411030MEM.html,"8:00 PM, November 3, 2014",Memphis Grizzlies,New Orleans Pelicans,93,81,NOP,,,Team Totals,240,29,86,.337,4,24,.167,19,29,.655,14,35,49,14,5,3,12,30,81,,,Team Totals,240,.410,.360,.279,.337,24.6,79.5,48.5,48.3,5.4,4.8,10.8,100.0,86.8,99.7,
https://www.basketball-reference.com/boxscores/201411030MEM.html,"8:00 PM, November 3, 2014",Memphis Grizzlies,New Orleans Pelicans,93,81,MEM,,,Team Totals,240,31,76,.408,4,14,.286,27,37,.730,9,43,52,19,5,6,11,24,93,,,Team Totals,240,.504,.434,.184,.487,20.5,75.4,51.5,61.3,5.4,9.7,10.7,100.0,99.7,86.8,
https://www.basketball-reference.com/boxscores/201411030PHI.html,"7:00 PM, November 3, 2014",Philadelphia 76ers,Houston Rockets,93,104,HOU,,,Team Totals,240,32,75,.427,16,34,.471,24,30,.800,13,34,47,27,12,6,22,20,104,,,Team Totals,240,.590,.533,.453,.400,34.2,85.0,60.3,84.4,12.8,11.5,20.0,100.0,110.7,99.0,
https://www.basketball-reference.com/boxscores/201411030PHI.html,"7:00 PM, November 3, 2014",Philadelphia 76ers,Houston Rockets,93,104,PHI,,,Team Totals,240,33,74,.446,11,22,.500,16,23,.696,6,25,31,19,12,4,18,20,93,,,Team Totals,240,.553,.520,.297,.311,15.0,65.8,39.7,57.6,12.8,9.8,17.6,100.0,99.0,110.7,
https://www.basketball-reference.com/boxscores/201411040CHI.html,"8:00 PM, November 4, 2014",Chicago Bulls,Orlando Magic,98,90,ORL,,,Team Totals,240,38,88,.432,6,14,.429,8,14,.571,14,34,48,21,6,6,13,22,90,,,Team Totals,240,.478,.466,.159,.159,29.2,77.3,52.2,55.3,6.7,10.0,12.1,100.0,100.5,109.5,
https://www.basketball-reference.com/boxscores/201411040CHI.html,"8:00 PM, November 4, 2014",Chicago Bulls,Orlando Magic,98,90,CHI,,,Team Totals,240,35,75,.467,7,15,.467,21,27,.778,10,34,44,23,6,9,12,18,98,,,Team Totals,240,.564,.513,.200,.360,22.7,70.8,47.8,65.7,6.7,12.2,12.1,100.0,109.5,100.5,
https://www.basketball-reference.com/boxscores/201411040IND.html,"7:00 PM, November 4, 2014",Indiana Pacers,Milwaukee Bucks,81,87,MIL,,,Team Totals,240,37,83,.446,7,21,.333,6,7,.857,9,30,39,20,12,5,13,22,87,,,Team Totals,240,.505,.488,.253,.084,22.0,66.7,45.3,54.1,13.6,9.3,13.1,100.0,98.3,91.5,
https://www.basketball-reference.com/boxscores/201411040IND.html,"7:00 PM, November 4, 2014",Indiana Pacers,Milwaukee Bucks,81,87,IND,,,Team Totals,240,31,78,.397,6,24,.250,13,22,.591,15,32,47,14,4,9,19,17,81,,,Team Totals,240,.462,.436,.308,.282,33.3,78.0,54.7,45.2,4.5,14.5,17.8,100.0,91.5,98.3,
https://www.basketball-reference.com/boxscores/201411040LAL.html,"10:30 PM, November 4, 2014",Los Angeles Lakers,Phoenix Suns,106,112,PHO,,,Team Totals,240,41,91,.451,6,18,.333,24,31,.774,13,39,52,28,6,7,13,29,112,,,Team Totals,240,.535,.484,.198,.341,29.5,68.4,51.5,68.3,6.0,9.7,11.1,100.0,112.5,106.5,
https://www.basketball-reference.com/boxscores/201411040LAL.html,"10:30 PM, November 4, 2014",Los Angeles Lakers,Phoenix Suns,106,112,LAL,,,Team Totals,240,35,88,.398,6,16,.375,30,41,.732,18,31,49,16,7,8,12,25,106,,,Team Totals,240,.500,.432,.182,.466,31.6,70.5,48.5,45.7,7.0,11.0,10.2,100.0,106.5,112.5,
https://www.basketball-reference.com/boxscores/201411040MIA.html,"7:30 PM, November 4, 2014",Miami Heat,Houston Rockets,91,108,HOU,,,Team Totals,240,35,68,.515,17,37,.459,21,27,.778,9,29,38,22,8,5,18,26,108,,,Team Totals,240,.676,.640,.544,.397,30.0,69.0,52.8,62.9,9.1,10.9,18.4,100.0,122.9,103.5,
https://www.basketball-reference.com/boxscores/201411040MIA.html,"7:30 PM, November 4, 2014",Miami Heat,Houston Rockets,91,108,MIA,,,Team Totals,240,31,74,.419,12,28,.429,17,27,.630,13,21,34,16,7,2,19,21,91,,,Team Totals,240,.530,.500,.378,.365,31.0,70.0,47.2,51.6,8.0,6.5,18.1,100.0,103.5,122.9,
https://www.basketball-reference.com/boxscores/201411040NOP.html,"8:00 PM, November 4, 2014",New Orleans Pelicans,Charlotte Hornets,100,91,CHO,,,Team Totals,240,37,80,.463,6,21,.286,11,13,.846,6,28,34,23,6,1,12,15,91,,,Team Totals,240,.531,.500,.263,.163,14.3,71.8,42.0,62.2,6.7,1.6,12.3,100.0,101.5,111.6,
https://www.basketball-reference.com/boxscores/201411040NOP.html,"8:00 PM, November 4, 2014",New Orleans Pelicans,Charlotte Hornets,100,91,NOP,,,Team Totals,240,38,81,.469,5,18,.278,19,19,1.000,11,36,47,26,5,6,13,19,100,,,Team Totals,240,.560,.500,.222,.235,28.2,85.7,58.0,68.4,5.6,10.2,12.7,100.0,111.6,101.5,
https://www.basketball-reference.com/boxscores/201411040NYK.html,"7:30 PM, November 4, 2014",New York Knicks,Washington Wizards,83,98,WAS,,,Team Totals,240,39,80,.488,8,18,.444,12,19,.632,10,31,41,26,8,4,12,25,98,,,Team Totals,240,.555,.538,.225,.238,26.3,67.4,48.8,66.7,9.0,6.1,12.0,100.0,110.8,93.9,
https://www.basketball-reference.com/boxscores/201411040NYK.html,"7:30 PM, November 4, 2014",New York Knicks,Washington Wizards,83,98,NYK,,,Team Totals,240,30,81,.370,8,15,.533,15,19,.789,15,28,43,16,5,4,18,23,83,,,Team Totals,240,.464,.420,.185,.235,32.6,73.7,51.2,53.3,5.7,6.5,16.8,100.0,93.9,110.8,
https://www.basketball-reference.com/boxscores/201411040POR.html,"10:00 PM, November 4, 2014",Portland Trail Blazers,Cleveland Cavaliers,101,82,CLE,,,Team Totals,240,31,85,.365,9,21,.429,11,14,.786,13,28,41,18,5,3,14,19,82,,,Team Totals,240,.450,.418,.247,.165,25.0,75.7,46.1,58.1,5.6,6.0,13.3,100.0,92.5,114.0,
https://www.basketball-reference.com/boxscores/201411040POR.html,"10:00 PM, November 4, 2014",Portland Trail Blazers,Cleveland Cavaliers,101,82,POR,,,Team Totals,240,37,75,.493,8,25,.320,19,25,.760,9,39,48,21,7,4,12,20,101,,,Team Totals,240,.587,.547,.333,.333,24.3,75.0,53.9,56.8,7.9,6.3,12.2,100.0,114.0,92.5,
https://www.basketball-reference.com/boxscores/201411040TOR.html,"7:30 PM, November 4, 2014",Toronto Raptors,Oklahoma City Thunder,100,88,OKC,,,Team Totals,240,34,65,.523,6,21,.286,14,25,.560,6,35,41,23,4,3,21,27,88,,,Team Totals,240,.579,.569,.323,.385,18.2,74.5,51.3,67.6,4.4,6.0,21.6,100.0,97.4,110.6,
https://www.basketball-reference.com/boxscores/201411040TOR.html,"7:30 PM, November 4, 2014",Toronto Raptors,Oklahoma City Thunder,100,88,TOR,,,Team Totals,240,32,81,.395,8,31,.258,28,33,.848,12,27,39,23,6,3,10,24,100,,,Team Totals,240,.523,.444,.383,.407,25.5,81.8,48.8,71.9,6.6,6.8,9.5,100.0,110.6,97.4,
https://www.basketball-reference.com/boxscores/201411050BOS.html,"7:30 PM, November 5, 2014",Boston Celtics,Toronto Raptors,107,110,TOR,,,Team Totals,240,42,87,.483,7,16,.438,19,23,.826,6,18,24,18,11,4,7,18,110,,,Team Totals,240,.566,.523,.184,.264,13.6,51.4,30.4,42.9,11.6,7.7,6.7,100.0,115.7,112.6,
https://www.basketball-reference.com/boxscores/201411050BOS.html,"7:30 PM, November 5, 2014",Boston Celtics,Toronto Raptors,107,110,BOS,,,Team Totals,240,40,78,.513,10,26,.385,17,18,.944,17,38,55,22,5,3,28,25,107,,,Team Totals,240,.623,.577,.333,.231,48.6,86.4,69.6,55.0,5.3,4.2,24.6,100.0,112.6,115.7,
https://www.basketball-reference.com/boxscores/201411050BRK.html,"7:30 PM, November 5, 2014",Brooklyn Nets,Minnesota Timberwolves,91,98,MIN,,,Team Totals,240,37,90,.411,7,17,.412,17,22,.773,13,38,51,22,9,4,13,21,98,,,Team Totals,240,.492,.450,.189,.244,27.1,84.4,54.8,59.5,9.2,6.6,11.5,100.0,100.2,93.1,
https://www.basketball-reference.com/boxscores/201411050BRK.html,"7:30 PM, November 5, 2014",Brooklyn Nets,Minnesota Timberwolves,91,98,BRK,,,Team Totals,240,36,82,.439,8,21,.381,11,17,.647,7,35,42,17,6,5,18,22,91,,,Team Totals,240,.508,.488,.256,.207,15.6,72.9,45.2,47.2,6.1,6.8,16.7,100.0,93.1,100.2,
https://www.basketball-reference.com/boxscores/201411050CHO.html,"7:00 PM, November 5, 2014",Charlotte Hornets,Miami Heat,96,89,MIA,,,Team Totals,240,30,77,.390,4,22,.182,25,31,.806,6,30,36,19,6,4,8,25,89,,,Team Totals,240,.491,.416,.286,.403,14.3,69.8,42.4,63.3,6.6,6.3,8.1,100.0,98.0,105.7,
https://www.basketball-reference.com/boxscores/201411050CHO.html,"7:00 PM, November 5, 2014",Charlotte Hornets,Miami Heat,96,89,CHO,,,Team Totals,240,35,82,.427,5,18,.278,21,29,.724,13,36,49,23,4,9,13,24,96,,,Team Totals,240,.507,.457,.220,.354,30.2,85.7,57.6,65.7,4.4,16.4,12.1,100.0,105.7,98.0,
https://www.basketball-reference.com/boxscores/201411050DET.html,"7:30 PM, November 5, 2014",Detroit Pistons,New York Knicks,98,95,NYK,,,Team Totals,240,39,90,.433,9,20,.450,8,10,.800,11,32,43,25,3,9,9,23,95,,,Team Totals,240,.503,.483,.222,.111,23.4,62.7,43.9,64.1,3.4,14.1,8.7,100.0,107.6,111.0,
https://www.basketball-reference.com/boxscores/201411050DET.html,"7:30 PM, November 5, 2014",Detroit Pistons,New York Knicks,98,95,DET,,,Team Totals,240,32,87,.368,11,23,.478,23,33,.697,19,36,55,17,5,4,8,16,98,,,Team Totals,240,.483,.431,.264,.379,37.3,76.6,56.1,53.1,5.7,5.7,7.3,100.0,111.0,107.6,
https://www.basketball-reference.com/boxscores/201411050GSW.html,"10:30 PM, November 5, 2014",Golden State Warriors,Los Angeles Clippers,121,104,LAC,,,Team Totals,240,38,82,.463,7,19,.368,21,27,.778,5,25,30,26,12,2,16,14,104,,,Team Totals,240,.554,.506,.232,.329,12.5,86.2,43.5,68.4,11.8,4.1,14.6,100.0,102.3,119.0,
https://www.basketball-reference.com/boxscores/201411050GSW.html,"10:30 PM, November 5, 2014",Golden State Warriors,Los Angeles Clippers,121,104,GSW,,,Team Totals,240,43,74,.581,15,25,.600,20,20,1.000,4,35,39,29,7,3,23,22,121,,,Team Totals,240,.731,.682,.338,.270,13.8,87.5,56.5,67.4,6.9,4.8,21.7,100.0,119.0,102.3,
https://www.basketball-reference.com/boxscores/201411050MIL.html,"8:00 PM, November 5, 2014",Milwaukee Bucks,Chicago Bulls,86,95,CHI,,,Team Totals,240,34,73,.466,5,16,.313,22,30,.733,7,35,42,24,8,3,16,18,95,,,Team Totals,240,.551,.500,.219,.411,17.9,66.0,45.7,70.6,8.6,4.1,15.7,100.0,102.6,92.9,
https://www.basketball-reference.com/boxscores/201411050MIL.html,"8:00 PM, November 5, 2014",Milwaukee Bucks,Chicago Bulls,86,95,MIL,,,Team Totals,240,33,89,.371,3,15,.200,17,20,.850,18,32,50,19,10,3,15,28,86,,,Team Totals,240,.440,.388,.169,.225,34.0,82.1,54.3,57.6,10.8,5.3,13.3,100.0,92.9,102.6,
https://www.basketball-reference.com/boxscores/201411050PHI.html,"7:00 PM, November 5, 2014",Philadelphia 76ers,Orlando Magic,89,91,ORL,,,Team Totals,240,39,88,.443,3,20,.150,10,12,.833,14,37,51,14,11,3,24,20,91,,,Team Totals,240,.488,.460,.227,.136,30.4,86.0,57.3,35.9,11.0,5.8,20.5,100.0,90.8,88.8,
https://www.basketball-reference.com/boxscores/201411050PHI.html,"7:00 PM, November 5, 2014",Philadelphia 76ers,Orlando Magic,89,91,PHI,,,Team Totals,240,33,77,.429,8,25,.320,15,23,.652,6,32,38,22,12,12,20,18,89,,,Team Totals,240,.511,.481,.325,.299,14.0,69.6,42.7,66.7,12.0,17.6,18.7,100.0,88.8,90.8,
https://www.basketball-reference.com/boxscores/201411050PHO.html,"9:00 PM, November 5, 2014",Phoenix Suns,Memphis Grizzlies,91,102,MEM,,,Team Totals,240,40,80,.500,9,17,.529,13,17,.765,8,29,37,25,10,1,16,21,102,,,Team Totals,240,.583,.556,.213,.213,21.1,85.3,51.4,62.5,10.7,2.1,15.5,100.0,109.5,97.7,
https://www.basketball-reference.com/boxscores/201411050PHO.html,"9:00 PM, November 5, 2014",Phoenix Suns,Memphis Grizzlies,91,102,PHO,,,Team Totals,240,32,69,.464,8,21,.381,19,21,.905,5,30,35,13,11,4,21,20,91,,,Team Totals,240,.582,.522,.304,.304,14.7,78.9,48.6,40.6,11.8,6.3,21.2,100.0,97.7,109.5,
https://www.basketball-reference.com/boxscores/201411050SAC.html,"10:00 PM, November 5, 2014",Sacramento Kings,Denver Nuggets,131,109,DEN,,,Team Totals,240,37,82,.451,9,28,.321,26,31,.839,7,25,32,24,4,5,14,37,109,,,Team Totals,240,.570,.506,.341,.378,18.4,73.5,44.4,64.9,4.0,8.9,12.8,100.0,109.6,131.7,
https://www.basketball-reference.com/boxscores/201411050SAC.html,"10:00 PM, November 5, 2014",Sacramento Kings,Denver Nuggets,131,109,SAC,,,Team Totals,240,42,76,.553,8,20,.400,39,50,.780,9,31,40,21,8,3,13,30,131,,,Team Totals,240,.668,.605,.263,.658,26.5,81.6,55.6,50.0,8.0,5.6,11.7,100.0,131.7,109.6,
https://www.basketball-reference.com/boxscores/201411050SAS.html,"8:30 PM, November 5, 2014",San Antonio Spurs,Atlanta Hawks,94,92,ATL,,,Team Totals,240,38,92,.413,8,25,.320,8,11,.727,10,27,37,26,14,5,14,25,92,,,Team Totals,240,.475,.457,.272,.120,20.4,71.1,42.5,68.4,14.6,9.6,12.6,100.0,95.8,97.9,
https://www.basketball-reference.com/boxscores/201411050SAS.html,"8:30 PM, November 5, 2014",San Antonio Spurs,Atlanta Hawks,94,92,SAS,,,Team Totals,240,31,69,.449,5,17,.294,27,38,.711,11,39,50,25,7,9,21,15,94,,,Team Totals,240,.548,.486,.246,.551,28.9,79.6,57.5,80.6,7.3,13.4,19.7,100.0,97.9,95.8,
https://www.basketball-reference.com/boxscores/201411050UTA.html,"9:00 PM, November 5, 2014",Utah Jazz,Cleveland Cavaliers,102,100,CLE,,,Team Totals,240,30,72,.417,6,16,.375,34,40,.850,7,23,30,6,8,4,12,22,100,,,Team Totals,240,.558,.458,.222,.556,20.0,63.9,42.3,20.0,9.0,7.1,11.8,100.0,112.9,115.2,
https://www.basketball-reference.com/boxscores/201411050UTA.html,"9:00 PM, November 5, 2014",Utah Jazz,Cleveland Cavaliers,102,100,UTA,,,Team Totals,240,39,77,.506,7,21,.333,17,22,.773,13,28,41,26,3,8,15,26,102,,,Team Totals,240,.588,.552,.273,.286,36.1,80.0,57.7,66.7,3.4,14.3,14.8,100.0,115.2,112.9,
https://www.basketball-reference.com/boxscores/201411050WAS.html,"8:00 PM, November 5, 2014",Washington Wizards,Indiana Pacers,96,94,IND,,,Team Totals,265,35,90,.389,8,27,.296,16,20,.800,14,43,57,22,3,9,19,27,94,,,Team Totals,265,.476,.433,.300,.222,28.0,86.0,57.0,62.9,2.9,12.2,16.1,100.0,92.1,94.0,
https://www.basketball-reference.com/boxscores/201411050WAS.html,"8:00 PM, November 5, 2014",Washington Wizards,Indiana Pacers,96,94,WAS,,,Team Totals,265,34,91,.374,7,17,.412,21,23,.913,7,36,43,24,7,7,12,22,96,,,Team Totals,265,.475,.412,.187,.253,14.0,72.0,43.0,70.6,6.9,11.1,10.6,100.0,94.0,92.1,
https://www.basketball-reference.com/boxscores/201411060HOU.html,"8:00 PM, November 6, 2014",Houston Rockets,San Antonio Spurs,98,81,SAS,,,Team Totals,240,31,90,.344,2,20,.100,17,19,.895,12,29,41,17,12,1,17,24,81,,,Team Totals,240,.412,.356,.222,.211,25.0,78.4,48.2,54.8,12.2,2.2,14.7,100.0,82.6,99.9,
https://www.basketball-reference.com/boxscores/201411060HOU.html,"8:00 PM, November 6, 2014",Houston Rockets,San Antonio Spurs,98,81,HOU,,,Team Totals,240,34,72,.472,10,27,.370,20,33,.606,8,36,44,18,7,6,21,20,98,,,Team Totals,240,.566,.542,.375,.458,21.6,75.0,51.8,52.9,7.1,8.6,19.5,100.0,99.9,82.6,
https://www.basketball-reference.com/boxscores/201411060POR.html,"10:30 PM, November 6, 2014",Portland Trail Blazers,Dallas Mavericks,108,87,DAL,,,Team Totals,240,33,90,.367,5,23,.217,16,16,1.000,8,26,34,14,6,4,7,17,87,,,Team Totals,240,.448,.394,.256,.178,16.3,68.4,39.1,42.4,6.5,8.5,6.7,100.0,94.8,117.7,
https://www.basketball-reference.com/boxscores/201411060POR.html,"10:30 PM, November 6, 2014",Portland Trail Blazers,Dallas Mavericks,108,87,POR,,,Team Totals,240,40,77,.519,12,30,.400,16,19,.842,12,41,53,25,3,6,18,21,108,,,Team Totals,240,.633,.597,.390,.247,31.6,83.7,60.9,62.5,3.3,9.0,17.4,100.0,117.7,94.8,
https://www.basketball-reference.com/boxscores/201411070BOS.html,"7:30 PM, November 7, 2014",Boston Celtics,Indiana Pacers,101,98,IND,,,Team Totals,240,40,88,.455,5,19,.263,13,13,1.000,14,28,42,18,2,6,13,17,98,,,Team Totals,240,.523,.483,.216,.148,32.6,75.7,52.5,45.0,2.2,10.3,12.2,100.0,108.3,111.7,
https://www.basketball-reference.com/boxscores/201411070BOS.html,"7:30 PM, November 7, 2014",Boston Celtics,Indiana Pacers,101,98,BOS,,,Team Totals,240,39,85,.459,9,27,.333,14,16,.875,9,29,38,26,6,3,12,19,101,,,Team Totals,240,.549,.512,.318,.188,24.3,67.4,47.5,66.7,6.6,4.3,11.5,100.0,111.7,108.3,
https://www.basketball-reference.com/boxscores/201411070BRK.html,"7:30 PM, November 7, 2014",Brooklyn Nets,New York Knicks,110,99,NYK,,,Team Totals,240,37,90,.411,8,19,.421,17,21,.810,15,28,43,22,7,2,15,24,99,,,Team Totals,240,.499,.456,.211,.233,30.0,80.0,50.6,59.5,7.4,4.0,13.1,100.0,104.2,115.7,
https://www.basketball-reference.com/boxscores/201411070BRK.html,"7:30 PM, November 7, 2014",Brooklyn Nets,New York Knicks,110,99,BRK,,,Team Totals,240,38,74,.514,14,24,.583,20,26,.769,7,35,42,18,6,6,17,24,110,,,Team Totals,240,.644,.608,.324,.351,20.0,70.0,49.4,47.4,6.3,8.5,16.6,100.0,115.7,104.2,
https://www.basketball-reference.com/boxscores/201411070CHO.html,"7:00 PM, November 7, 2014",Charlotte Hornets,Atlanta Hawks,122,119,ATL,,,Team Totals,290,43,93,.462,13,33,.394,20,26,.769,7,31,38,28,8,3,19,33,119,,,Team Totals,290,.570,.532,.355,.280,14.9,73.8,42.7,65.1,7.0,3.9,15.4,100.0,103.7,106.3,
https://www.basketball-reference.com/boxscores/201411070CHO.html,"7:00 PM, November 7, 2014",Charlotte Hornets,Atlanta Hawks,122,119,CHO,,,Team Totals,290,48,97,.495,6,21,.286,20,27,.741,11,40,51,31,6,7,21,30,122,,,Team Totals,290,.560,.526,.216,.278,26.2,85.1,57.3,64.6,5.2,11.7,16.2,100.0,106.3,103.7,
https://www.basketball-reference.com/boxscores/201411070DEN.html,"10:30 PM, November 7, 2014",Denver Nuggets,Cleveland Cavaliers,101,110,CLE,,,Team Totals,240,40,84,.476,6,23,.261,24,33,.727,6,36,42,25,5,3,9,14,110,,,Team Totals,240,.558,.512,.274,.393,15.0,81.8,50.0,62.5,5.1,5.4,8.4,100.0,113.2,103.9,
https://www.basketball-reference.com/boxscores/201411070DEN.html,"10:30 PM, November 7, 2014",Denver Nuggets,Cleveland Cavaliers,101,110,DEN,,,Team Totals,240,40,85,.471,11,29,.379,10,15,.667,8,34,42,22,5,5,13,22,101,,,Team Totals,240,.551,.535,.341,.176,18.2,85.0,50.0,55.0,5.1,8.2,12.4,100.0,103.9,113.2,
https://www.basketball-reference.com/boxscores/201411070DET.html,"7:30 PM, November 7, 2014",Detroit Pistons,Milwaukee Bucks,98,95,MIL,,,Team Totals,240,36,77,.468,5,20,.250,18,23,.783,9,26,35,26,10,6,13,19,95,,,Team Totals,240,.545,.500,.260,.299,24.3,68.4,46.7,72.2,11.2,11.5,13.0,100.0,106.0,109.3,
https://www.basketball-reference.com/boxscores/201411070DET.html,"7:30 PM, November 7, 2014",Detroit Pistons,Milwaukee Bucks,98,95,DET,,,Team Totals,240,37,75,.493,11,23,.478,13,24,.542,12,28,40,18,7,5,19,24,98,,,Team Totals,240,.573,.567,.307,.320,31.6,75.7,53.3,48.6,7.8,8.8,18.2,100.0,109.3,106.0,
https://www.basketball-reference.com/boxscores/201411070OKC.html,"8:00 PM, November 7, 2014",Oklahoma City Thunder,Memphis Grizzlies,89,91,MEM,,,Team Totals,240,34,81,.420,9,18,.500,14,17,.824,9,29,38,21,10,4,8,14,91,,,Team Totals,240,.514,.475,.222,.210,20.9,74.4,46.3,61.8,11.3,7.4,8.3,100.0,102.7,100.5,
https://www.basketball-reference.com/boxscores/201411070OKC.html,"8:00 PM, November 7, 2014",Oklahoma City Thunder,Memphis Grizzlies,89,91,OKC,,,Team Totals,240,37,79,.468,12,25,.480,3,11,.273,10,34,44,16,3,1,20,18,89,,,Team Totals,240,.531,.544,.316,.139,25.6,79.1,53.7,43.2,3.4,1.6,19.3,100.0,100.5,102.7,
https://www.basketball-reference.com/boxscores/201411070ORL.html,"7:00 PM, November 7, 2014",Orlando Magic,Minnesota Timberwolves,112,103,MIN,,,Team Totals,265,40,93,.430,4,18,.222,19,25,.760,9,29,38,24,9,7,13,22,103,,,Team Totals,265,.495,.452,.194,.269,18.4,70.7,42.2,60.0,8.5,8.6,11.1,100.0,97.6,106.1,
https://www.basketball-reference.com/boxscores/201411070ORL.html,"7:00 PM, November 7, 2014",Orlando Magic,Minnesota Timberwolves,112,103,ORL,,,Team Totals,265,46,91,.505,5,10,.500,15,19,.789,12,40,52,19,5,6,21,27,112,,,Team Totals,265,.564,.533,.110,.209,29.3,81.6,57.8,41.3,4.7,8.0,17.4,100.0,106.1,97.6,
https://www.basketball-reference.com/boxscores/201411070PHI.html,"7:00 PM, November 7, 2014",Philadelphia 76ers,Chicago Bulls,115,118,CHI,,,Team Totals,240,40,78,.513,12,24,.500,26,34,.765,12,28,40,25,4,6,17,21,118,,,Team Totals,240,.635,.590,.308,.436,32.4,62.2,48.8,62.5,4.2,9.8,15.5,100.0,124.2,121.0,
https://www.basketball-reference.com/boxscores/201411070PHI.html,"7:00 PM, November 7, 2014",Philadelphia 76ers,Chicago Bulls,115,118,PHI,,,Team Totals,240,43,91,.473,12,30,.400,17,25,.680,17,25,42,29,7,2,13,29,115,,,Team Totals,240,.564,.538,.330,.275,37.8,67.6,51.2,67.4,7.4,3.7,11.3,100.0,121.0,124.2,
https://www.basketball-reference.com/boxscores/201411070PHO.html,"9:00 PM, November 7, 2014",Phoenix Suns,Sacramento Kings,112,114,SAC,,,Team Totals,290,39,91,.429,3,16,.188,33,39,.846,13,47,60,16,6,4,16,27,114,,,Team Totals,290,.527,.445,.176,.429,28.3,83.9,58.8,41.0,5.5,6.0,12.9,100.0,105.0,103.1,
https://www.basketball-reference.com/boxscores/201411070PHO.html,"9:00 PM, November 7, 2014",Phoenix Suns,Sacramento Kings,112,114,PHO,,,Team Totals,290,42,98,.429,10,31,.323,18,25,.720,9,33,42,19,7,7,12,33,112,,,Team Totals,290,.514,.480,.316,.255,16.1,71.7,41.2,45.2,6.4,9.3,9.9,100.0,103.1,105.0,
https://www.basketball-reference.com/boxscores/201411070TOR.html,"7:30 PM, November 7, 2014",Toronto Raptors,Washington Wizards,103,84,WAS,,,Team Totals,240,30,83,.361,3,19,.158,21,32,.656,16,34,50,19,7,5,13,29,84,,,Team Totals,240,.433,.380,.229,.386,29.1,77.3,50.5,63.3,7.5,8.6,11.8,100.0,90.0,110.3,
https://www.basketball-reference.com/boxscores/201411070TOR.html,"7:30 PM, November 7, 2014",Toronto Raptors,Washington Wizards,103,84,TOR,,,Team Totals,240,35,80,.438,9,22,.409,24,31,.774,10,39,49,19,5,3,13,27,103,,,Team Totals,240,.550,.494,.275,.388,22.7,70.9,49.5,54.3,5.4,4.7,12.2,100.0,110.3,90.0,
https://www.basketball-reference.com/boxscores/201411070UTA.html,"9:00 PM, November 7, 2014",Utah Jazz,Dallas Mavericks,82,105,DAL,,,Team Totals,240,42,88,.477,9,24,.375,12,14,.857,13,29,42,23,12,3,9,22,105,,,Team Totals,240,.558,.528,.273,.159,28.9,76.3,50.6,54.8,13.6,7.5,8.7,100.0,118.6,92.6,
https://www.basketball-reference.com/boxscores/201411070UTA.html,"9:00 PM, November 7, 2014",Utah Jazz,Dallas Mavericks,82,105,UTA,,,Team Totals,240,29,68,.426,9,28,.321,15,19,.789,9,32,41,19,4,6,23,17,82,,,Team Totals,240,.537,.493,.412,.279,23.7,71.1,49.4,65.5,4.5,9.4,23.1,100.0,92.6,118.6,
https://www.basketball-reference.com/boxscores/201411080ATL.html,"7:30 PM, November 8, 2014",Atlanta Hawks,New York Knicks,103,96,NYK,,,Team Totals,240,40,84,.476,8,21,.381,8,11,.727,13,31,44,26,2,6,15,29,96,,,Team Totals,240,.540,.524,.250,.131,31.0,72.1,51.8,65.0,2.2,10.2,14.4,100.0,107.3,115.2,
https://www.basketball-reference.com/boxscores/201411080ATL.html,"7:30 PM, November 8, 2014",Atlanta Hawks,New York Knicks,103,96,ATL,,,Team Totals,240,33,81,.407,9,22,.409,28,36,.778,12,29,41,18,10,5,9,17,103,,,Team Totals,240,.532,.463,.272,.444,27.9,69.0,48.2,54.5,11.2,7.9,8.5,100.0,115.2,107.3,
https://www.basketball-reference.com/boxscores/201411080CHI.html,"8:00 PM, November 8, 2014",Chicago Bulls,Boston Celtics,101,106,BOS,,,Team Totals,240,42,81,.519,7,19,.368,15,20,.750,7,38,45,25,6,3,12,17,106,,,Team Totals,240,.590,.562,.235,.247,20.6,77.6,54.2,59.5,6.4,4.1,11.8,100.0,113.7,108.4,
https://www.basketball-reference.com/boxscores/201411080CHI.html,"8:00 PM, November 8, 2014",Chicago Bulls,Boston Celtics,101,106,CHI,,,Team Totals,240,42,92,.457,8,18,.444,9,15,.600,11,27,38,26,5,2,8,16,101,,,Team Totals,240,.512,.500,.196,.163,22.4,79.4,45.8,61.9,5.4,3.2,7.5,100.0,108.4,113.7,
https://www.basketball-reference.com/boxscores/201411080HOU.html,"8:00 PM, November 8, 2014",Houston Rockets,Golden State Warriors,87,98,GSW,,,Team Totals,240,39,87,.448,9,28,.321,11,17,.647,15,39,54,22,11,8,26,19,98,,,Team Totals,240,.519,.500,.322,.195,33.3,70.9,54.0,56.4,10.9,18.2,21.6,100.0,96.7,85.9,
https://www.basketball-reference.com/boxscores/201411080HOU.html,"8:00 PM, November 8, 2014",Houston Rockets,Golden State Warriors,87,98,HOU,,,Team Totals,240,30,86,.349,10,42,.238,17,21,.810,16,30,46,13,14,0,23,17,87,,,Team Totals,240,.457,.407,.488,.244,29.1,66.7,46.0,43.3,13.8,0.0,19.5,100.0,85.9,96.7,
https://www.basketball-reference.com/boxscores/201411080IND.html,"7:00 PM, November 8, 2014",Indiana Pacers,Washington Wizards,90,97,WAS,,,Team Totals,240,39,81,.481,2,11,.182,17,23,.739,13,36,49,23,8,4,14,25,97,,,Team Totals,240,.532,.494,.136,.284,30.2,81.8,56.3,59.0,8.6,7.5,13.3,100.0,103.7,96.2,
https://www.basketball-reference.com/boxscores/201411080IND.html,"7:00 PM, November 8, 2014",Indiana Pacers,Washington Wizards,90,97,IND,,,Team Totals,240,33,77,.429,8,24,.333,16,25,.640,8,30,38,11,5,3,18,24,90,,,Team Totals,240,.511,.481,.312,.325,18.2,69.8,43.7,33.3,5.3,4.3,17.0,100.0,96.2,103.7,
https://www.basketball-reference.com/boxscores/201411080LAC.html,"3:30 PM, November 8, 2014",Los Angeles Clippers,Portland Trail Blazers,106,102,POR,,,Team Totals,240,36,80,.450,10,25,.400,20,25,.800,9,34,43,25,2,3,16,26,102,,,Team Totals,240,.560,.513,.313,.313,23.7,81.0,53.8,69.4,2.1,4.3,15.0,100.0,109.4,113.7,
https://www.basketball-reference.com/boxscores/201411080LAC.html,"3:30 PM, November 8, 2014",Los Angeles Clippers,Portland Trail Blazers,106,102,LAC,,,Team Totals,240,40,81,.494,5,12,.417,21,30,.700,8,29,37,17,8,4,7,19,106,,,Team Totals,240,.563,.525,.148,.370,19.0,76.3,46.3,42.5,8.6,7.3,6.9,100.0,113.7,109.4,
https://www.basketball-reference.com/boxscores/201411080MIA.html,"7:30 PM, November 8, 2014",Miami Heat,Minnesota Timberwolves,102,92,MIN,,,Team Totals,240,35,87,.402,4,16,.250,18,23,.783,17,32,49,13,9,2,16,17,92,,,Team Totals,240,.474,.425,.184,.264,33.3,84.2,55.1,37.1,9.7,3.1,14.1,100.0,98.8,109.6,
https://www.basketball-reference.com/boxscores/201411080MIA.html,"7:30 PM, November 8, 2014",Miami Heat,Minnesota Timberwolves,102,92,MIA,,,Team Totals,240,41,78,.526,5,13,.385,15,17,.882,6,34,40,26,8,2,14,19,102,,,Team Totals,240,.597,.558,.167,.218,15.8,66.7,44.9,63.4,8.6,2.8,14.1,100.0,109.6,98.8,
https://www.basketball-reference.com/boxscores/201411080MIL.html,"8:30 PM, November 8, 2014",Milwaukee Bucks,Memphis Grizzlies,93,92,MEM,,,Team Totals,240,29,82,.354,3,14,.214,31,34,.912,15,25,40,15,9,2,13,18,92,,,Team Totals,240,.474,.372,.171,.415,35.7,61.0,48.2,51.7,10.1,2.9,11.8,100.0,103.5,104.7,
https://www.basketball-reference.com/boxscores/201411080MIL.html,"8:30 PM, November 8, 2014",Milwaukee Bucks,Memphis Grizzlies,93,92,MIL,,,Team Totals,240,40,88,.455,5,18,.278,8,11,.727,16,27,43,24,7,4,17,24,93,,,Team Totals,240,.501,.483,.205,.125,39.0,64.3,51.8,60.0,7.9,5.9,15.5,100.0,104.7,103.5,
https://www.basketball-reference.com/boxscores/201411080SAS.html,"8:30 PM, November 8, 2014",San Antonio Spurs,New Orleans Pelicans,99,100,NOP,,,Team Totals,240,40,85,.471,8,21,.381,12,14,.857,6,24,30,22,11,9,11,20,100,,,Team Totals,240,.548,.518,.247,.165,15.8,58.5,38.0,55.0,11.9,14.5,10.8,100.0,108.1,107.0,
https://www.basketball-reference.com/boxscores/201411080SAS.html,"8:30 PM, November 8, 2014",San Antonio Spurs,New Orleans Pelicans,99,100,SAS,,,Team Totals,240,36,80,.450,5,18,.278,22,29,.759,17,32,49,15,4,7,19,17,99,,,Team Totals,240,.534,.481,.225,.363,41.5,84.2,62.0,41.7,4.3,10.9,17.0,100.0,107.0,108.1,
https://www.basketball-reference.com/boxscores/201411090BRK.html,"3:30 PM, November 9, 2014",Brooklyn Nets,Orlando Magic,104,96,ORL,,,Team Totals,240,39,75,.520,8,15,.533,10,16,.625,5,26,31,25,7,2,17,24,96,,,Team Totals,240,.585,.573,.200,.213,13.9,65.0,40.8,64.1,7.6,2.9,17.2,100.0,104.3,113.0,
https://www.basketball-reference.com/boxscores/201411090BRK.html,"3:30 PM, November 9, 2014",Brooklyn Nets,Orlando Magic,104,96,BRK,,,Team Totals,240,40,83,.482,4,14,.286,20,23,.870,14,31,45,23,10,5,15,21,104,,,Team Totals,240,.558,.506,.169,.277,35.0,86.1,59.2,57.5,10.9,8.3,13.9,100.0,113.0,104.3,
https://www.basketball-reference.com/boxscores/201411090DAL.html,"7:30 PM, November 9, 2014",Dallas Mavericks,Miami Heat,96,105,MIA,,,Team Totals,240,42,76,.553,9,23,.391,12,20,.600,6,32,38,31,7,3,15,23,105,,,Team Totals,240,.619,.612,.303,.263,18.8,68.1,48.1,73.8,7.7,5.6,15.0,100.0,115.8,105.9,
https://www.basketball-reference.com/boxscores/201411090DAL.html,"7:30 PM, November 9, 2014",Dallas Mavericks,Miami Heat,96,105,DAL,,,Team Totals,240,35,83,.422,9,29,.310,17,24,.708,15,26,41,22,8,7,13,15,96,,,Team Totals,240,.513,.476,.349,.289,31.9,81.3,51.9,62.9,8.8,13.2,12.2,100.0,105.9,115.8,
https://www.basketball-reference.com/boxscores/201411090DET.html,"6:00 PM, November 9, 2014",Detroit Pistons,Utah Jazz,96,97,UTA,,,Team Totals,240,33,72,.458,6,15,.400,25,35,.714,9,34,43,20,7,2,12,18,97,,,Team Totals,240,.555,.500,.208,.486,21.4,65.4,45.7,60.6,7.7,2.9,12.1,100.0,106.6,105.5,
https://www.basketball-reference.com/boxscores/201411090DET.html,"6:00 PM, November 9, 2014",Detroit Pistons,Utah Jazz,96,97,DET,,,Team Totals,240,36,93,.387,6,23,.261,18,25,.720,18,33,51,19,6,2,11,22,96,,,Team Totals,240,.462,.419,.247,.269,34.6,78.6,54.3,52.8,6.6,3.5,9.6,100.0,105.5,106.6,
https://www.basketball-reference.com/boxscores/201411090LAL.html,"9:30 PM, November 9, 2014",Los Angeles Lakers,Charlotte Hornets,107,92,CHO,,,Team Totals,240,35,79,.443,3,14,.214,19,27,.704,12,27,39,15,5,0,14,18,92,,,Team Totals,240,.506,.462,.177,.342,28.6,77.1,50.6,42.9,5.5,0.0,13.3,100.0,100.9,117.3,
https://www.basketball-reference.com/boxscores/201411090LAL.html,"9:30 PM, November 9, 2014",Los Angeles Lakers,Charlotte Hornets,107,92,LAL,,,Team Totals,240,42,82,.512,6,17,.353,17,22,.773,8,30,38,28,8,2,11,23,107,,,Team Totals,240,.584,.549,.207,.268,22.9,71.4,49.4,66.7,8.8,3.1,10.7,100.0,117.3,100.9,
https://www.basketball-reference.com/boxscores/201411090OKC.html,"7:00 PM, November 9, 2014",Oklahoma City Thunder,Sacramento Kings,101,93,SAC,,,Team Totals,240,36,80,.450,6,24,.250,15,22,.682,9,28,37,23,11,2,12,24,93,,,Team Totals,240,.519,.488,.300,.275,23.7,71.8,48.1,63.9,12.2,3.3,11.8,100.0,103.5,112.4,
https://www.basketball-reference.com/boxscores/201411090OKC.html,"7:00 PM, November 9, 2014",Oklahoma City Thunder,Sacramento Kings,101,93,OKC,,,Team Totals,240,36,78,.462,6,18,.333,23,27,.852,11,29,40,16,5,6,14,22,101,,,Team Totals,240,.562,.500,.231,.346,28.2,76.3,51.9,44.4,5.6,10.7,13.5,100.0,112.4,103.5,
https://www.basketball-reference.com/boxscores/201411090PHO.html,"8:00 PM, November 9, 2014",Phoenix Suns,Golden State Warriors,107,95,GSW,,,Team Totals,240,33,69,.478,11,24,.458,18,21,.857,3,33,36,16,9,7,27,26,95,,,Team Totals,240,.607,.558,.348,.304,9.1,78.6,48.0,48.5,8.8,14.3,25.7,100.0,93.2,105.0,
https://www.basketball-reference.com/boxscores/201411090PHO.html,"8:00 PM, November 9, 2014",Phoenix Suns,Golden State Warriors,107,95,PHO,,,Team Totals,240,34,79,.430,12,30,.400,27,33,.818,9,30,39,17,9,2,21,19,107,,,Team Totals,240,.572,.506,.380,.418,21.4,90.9,52.0,50.0,8.8,4.4,18.3,100.0,105.0,93.2,
https://www.basketball-reference.com/boxscores/201411090POR.html,"9:00 PM, November 9, 2014",Portland Trail Blazers,Denver Nuggets,116,100,DEN,,,Team Totals,240,36,91,.396,5,13,.385,23,30,.767,18,37,55,14,5,7,15,22,100,,,Team Totals,240,.480,.423,.143,.330,34.0,69.8,51.9,38.9,5.1,10.1,12.6,100.0,101.6,117.9,
https://www.basketball-reference.com/boxscores/201411090POR.html,"9:00 PM, November 9, 2014",Portland Trail Blazers,Denver Nuggets,116,100,POR,,,Team Totals,240,45,100,.450,16,31,.516,10,14,.714,16,35,51,27,7,11,11,21,116,,,Team Totals,240,.546,.530,.310,.140,30.2,66.0,48.1,60.0,7.1,14.1,9.4,100.0,117.9,101.6,
https://www.basketball-reference.com/boxscores/201411090TOR.html,"7:00 PM, November 9, 2014",Toronto Raptors,Philadelphia 76ers,120,88,PHI,,,Team Totals,240,33,87,.379,10,34,.294,12,18,.667,11,20,31,19,11,6,20,23,88,,,Team Totals,240,.464,.437,.391,.207,23.9,83.3,44.3,57.6,10.9,10.2,17.4,100.0,86.9,118.5,
https://www.basketball-reference.com/boxscores/201411090TOR.html,"7:00 PM, November 9, 2014",Toronto Raptors,Philadelphia 76ers,120,88,TOR,,,Team Totals,240,43,76,.566,7,17,.412,27,30,.900,4,35,39,23,12,8,20,17,120,,,Team Totals,240,.673,.612,.224,.395,16.7,76.1,55.7,53.5,11.9,15.1,18.3,100.0,118.5,86.9,
https://www.basketball-reference.com/boxscores/201411100CHI.html,"8:00 PM, November 10, 2014",Chicago Bulls,Detroit Pistons,102,91,DET,,,Team Totals,240,34,80,.425,7,14,.500,16,25,.640,9,37,46,19,5,6,15,21,91,,,Team Totals,240,.500,.469,.175,.313,18.4,80.4,48.4,55.9,5.2,8.8,14.2,100.0,94.9,106.4,
https://www.basketball-reference.com/boxscores/201411100CHI.html,"8:00 PM, November 10, 2014",Chicago Bulls,Detroit Pistons,102,91,CHI,,,Team Totals,240,39,88,.443,7,20,.350,17,20,.850,9,40,49,22,6,8,10,19,102,,,Team Totals,240,.527,.483,.227,.227,19.6,81.6,51.6,56.4,6.3,12.1,9.4,100.0,106.4,94.9,
https://www.basketball-reference.com/boxscores/201411100CLE.html,"7:00 PM, November 10, 2014",Cleveland Cavaliers,New Orleans Pelicans,118,111,NOP,,,Team Totals,240,41,93,.441,12,27,.444,17,20,.850,14,26,40,31,8,5,7,20,111,,,Team Totals,240,.545,.505,.290,.215,29.8,68.4,47.1,75.6,8.9,9.3,6.4,100.0,122.9,130.7,
https://www.basketball-reference.com/boxscores/201411100CLE.html,"7:00 PM, November 10, 2014",Cleveland Cavaliers,New Orleans Pelicans,118,111,CLE,,,Team Totals,240,40,81,.494,13,27,.481,25,30,.833,12,33,45,26,3,5,10,13,118,,,Team Totals,240,.626,.574,.333,.370,31.6,70.2,52.9,65.0,3.3,7.6,9.6,100.0,130.7,122.9,
https://www.basketball-reference.com/boxscores/201411100IND.html,"7:00 PM, November 10, 2014",Indiana Pacers,Utah Jazz,97,86,UTA,,,Team Totals,240,32,74,.432,6,21,.286,16,21,.762,5,32,37,18,5,6,12,18,86,,,Team Totals,240,.517,.473,.284,.284,13.9,71.1,45.7,56.3,5.7,8.0,12.6,100.0,98.1,110.6,
https://www.basketball-reference.com/boxscores/201411100IND.html,"7:00 PM, November 10, 2014",Indiana Pacers,Utah Jazz,97,86,IND,,,Team Totals,240,39,90,.433,6,15,.400,13,15,.867,13,31,44,16,3,3,7,19,97,,,Team Totals,240,.502,.467,.167,.167,28.9,86.1,54.3,41.0,3.4,5.7,6.8,100.0,110.6,98.1,
https://www.basketball-reference.com/boxscores/201411100LAC.html,"10:30 PM, November 10, 2014",Los Angeles Clippers,San Antonio Spurs,85,89,SAS,,,Team Totals,240,33,83,.398,2,19,.105,21,27,.778,10,29,39,20,11,4,8,17,89,,,Team Totals,240,.469,.410,.229,.325,21.7,78.4,47.0,60.6,12.3,7.7,7.8,100.0,99.7,95.2,
https://www.basketball-reference.com/boxscores/201411100LAC.html,"10:30 PM, November 10, 2014",Los Angeles Clippers,San Antonio Spurs,85,89,LAC,,,Team Totals,240,33,74,.446,5,22,.227,14,17,.824,8,36,44,26,6,8,17,20,85,,,Team Totals,240,.522,.480,.297,.230,21.6,78.3,53.0,78.8,6.7,12.5,17.3,100.0,95.2,99.7,
https://www.basketball-reference.com/boxscores/201411100NYK.html,"7:30 PM, November 10, 2014",New York Knicks,Atlanta Hawks,85,91,ATL,,,Team Totals,240,27,71,.380,10,27,.370,27,28,.964,9,29,38,20,7,3,16,16,91,,,Team Totals,240,.546,.451,.380,.394,23.7,72.5,48.7,74.1,7.9,5.3,16.1,100.0,102.8,96.0,
https://www.basketball-reference.com/boxscores/201411100NYK.html,"7:30 PM, November 10, 2014",New York Knicks,Atlanta Hawks,85,91,NYK,,,Team Totals,240,36,83,.434,6,26,.231,7,12,.583,11,29,40,23,4,2,16,26,85,,,Team Totals,240,.481,.470,.313,.145,27.5,76.3,51.3,63.9,4.5,4.5,15.3,100.0,96.0,102.8,
https://www.basketball-reference.com/boxscores/201411110DAL.html,"8:30 PM, November 11, 2014",Dallas Mavericks,Sacramento Kings,106,98,SAC,,,Team Totals,240,32,72,.444,9,19,.474,25,32,.781,12,31,43,17,5,1,22,32,98,,,Team Totals,240,.569,.507,.264,.444,33.3,77.5,56.6,53.1,5.5,1.9,20.4,100.0,107.1,115.8,
https://www.basketball-reference.com/boxscores/201411110DAL.html,"8:30 PM, November 11, 2014",Dallas Mavericks,Sacramento Kings,106,98,DAL,,,Team Totals,240,38,80,.475,10,27,.370,20,24,.833,9,24,33,23,8,8,11,29,106,,,Team Totals,240,.585,.538,.338,.300,22.5,66.7,43.4,60.5,8.7,15.1,10.8,100.0,115.8,107.1,
https://www.basketball-reference.com/boxscores/201411110GSW.html,"10:30 PM, November 11, 2014",Golden State Warriors,San Antonio Spurs,100,113,SAS,,,Team Totals,240,46,93,.495,10,25,.400,11,15,.733,8,28,36,28,9,1,8,19,113,,,Team Totals,240,.567,.548,.269,.161,17.8,96.6,48.6,60.9,9.2,2.0,7.4,100.0,116.0,102.6,
https://www.basketball-reference.com/boxscores/201411110GSW.html,"10:30 PM, November 11, 2014",Golden State Warriors,San Antonio Spurs,100,113,GSW,,,Team Totals,240,38,70,.543,7,20,.350,17,20,.850,1,37,38,23,5,4,20,16,100,,,Team Totals,240,.635,.593,.286,.286,3.4,82.2,51.4,60.5,5.1,5.9,20.2,100.0,102.6,116.0,
https://www.basketball-reference.com/boxscores/201411110MEM.html,"8:00 PM, November 11, 2014",Memphis Grizzlies,Los Angeles Lakers,107,102,LAL,,,Team Totals,240,41,87,.471,7,22,.318,13,17,.765,15,23,38,22,8,6,13,22,102,,,Team Totals,240,.540,.511,.253,.195,36.6,65.7,50.0,53.7,8.9,9.0,12.1,100.0,113.6,119.1,
https://www.basketball-reference.com/boxscores/201411110MEM.html,"8:00 PM, November 11, 2014",Memphis Grizzlies,Los Angeles Lakers,107,102,MEM,,,Team Totals,240,41,78,.526,4,11,.364,21,26,.808,12,26,38,21,8,2,16,18,107,,,Team Totals,240,.598,.551,.141,.333,34.3,63.4,50.0,51.2,8.9,3.1,15.2,100.0,119.1,113.6,
https://www.basketball-reference.com/boxscores/201411110MIL.html,"8:00 PM, November 11, 2014",Milwaukee Bucks,Oklahoma City Thunder,85,78,OKC,,,Team Totals,240,29,87,.333,6,20,.300,14,19,.737,13,33,46,15,6,5,16,22,78,,,Team Totals,240,.409,.368,.230,.218,26.0,70.2,47.4,51.7,6.5,7.6,14.4,100.0,84.0,91.5,
https://www.basketball-reference.com/boxscores/201411110MIL.html,"8:00 PM, November 11, 2014",Milwaukee Bucks,Oklahoma City Thunder,85,78,MIL,,,Team Totals,240,33,81,.407,3,15,.200,16,24,.667,14,37,51,18,5,6,16,22,85,,,Team Totals,240,.464,.426,.185,.296,29.8,74.0,52.6,54.5,5.4,9.0,14.9,100.0,91.5,84.0,
https://www.basketball-reference.com/boxscores/201411110POR.html,"10:00 PM, November 11, 2014",Portland Trail Blazers,Charlotte Hornets,102,100,CHO,,,Team Totals,240,35,75,.467,7,16,.438,23,27,.852,6,32,38,16,5,3,13,16,100,,,Team Totals,240,.576,.513,.213,.360,15.4,68.1,44.2,45.7,5.4,4.4,13.0,100.0,107.8,110.0,
https://www.basketball-reference.com/boxscores/201411110POR.html,"10:00 PM, November 11, 2014",Portland Trail Blazers,Charlotte Hornets,102,100,POR,,,Team Totals,240,40,93,.430,8,25,.320,14,16,.875,15,33,48,25,6,4,12,21,102,,,Team Totals,240,.510,.473,.269,.172,31.9,84.6,55.8,62.5,6.5,6.8,10.7,100.0,110.0,107.8,
https://www.basketball-reference.com/boxscores/201411110TOR.html,"7:30 PM, November 11, 2014",Toronto Raptors,Orlando Magic,104,100,ORL,,,Team Totals,240,39,81,.481,12,25,.480,10,16,.625,6,33,39,26,8,5,17,24,100,,,Team Totals,240,.568,.556,.309,.198,14.6,86.8,49.4,66.7,8.3,8.9,16.2,100.0,103.7,107.8,
https://www.basketball-reference.com/boxscores/201411110TOR.html,"7:30 PM, November 11, 2014",Toronto Raptors,Orlando Magic,104,100,TOR,,,Team Totals,240,35,77,.455,9,21,.429,25,30,.833,5,35,40,16,9,1,12,17,104,,,Team Totals,240,.576,.513,.273,.390,13.2,85.4,50.6,45.7,9.3,1.8,11.7,100.0,107.8,103.7,
https://www.basketball-reference.com/boxscores/201411120ATL.html,"7:30 PM, November 12, 2014",Atlanta Hawks,Utah Jazz,100,97,UTA,,,Team Totals,240,43,86,.500,5,23,.217,6,12,.500,8,22,30,28,12,8,11,17,97,,,Team Totals,240,.531,.529,.267,.140,19.5,62.9,39.5,65.1,13.1,14.3,10.8,100.0,105.8,109.1,
https://www.basketball-reference.com/boxscores/201411120ATL.html,"7:30 PM, November 12, 2014",Atlanta Hawks,Utah Jazz,100,97,ATL,,,Team Totals,240,39,76,.513,9,20,.450,13,18,.722,13,33,46,23,8,4,22,12,100,,,Team Totals,240,.596,.572,.263,.237,37.1,80.5,60.5,59.0,8.7,6.3,20.8,100.0,109.1,105.8,
https://www.basketball-reference.com/boxscores/201411120BOS.html,"7:30 PM, November 12, 2014",Boston Celtics,Oklahoma City Thunder,94,109,OKC,,,Team Totals,240,40,82,.488,10,24,.417,19,22,.864,8,33,41,23,1,3,8,13,109,,,Team Totals,240,.594,.549,.293,.268,22.2,82.5,53.9,57.5,1.1,6.0,8.0,100.0,122.9,106.0,
https://www.basketball-reference.com/boxscores/201411120BOS.html,"7:30 PM, November 12, 2014",Boston Celtics,Oklahoma City Thunder,94,109,BOS,,,Team Totals,240,37,83,.446,9,33,.273,11,13,.846,7,28,35,28,5,3,9,20,94,,,Team Totals,240,.530,.500,.398,.157,17.5,77.8,46.1,75.7,5.6,5.2,9.2,100.0,106.0,122.9,
https://www.basketball-reference.com/boxscores/201411120DEN.html,"9:00 PM, November 12, 2014",Denver Nuggets,Portland Trail Blazers,113,130,POR,,,Team Totals,240,45,88,.511,16,33,.485,24,29,.828,12,34,46,30,7,9,15,21,130,,,Team Totals,240,.645,.602,.375,.330,27.3,69.4,49.5,66.7,7.0,13.4,13.0,100.0,129.6,112.7,
https://www.basketball-reference.com/boxscores/201411120DEN.html,"9:00 PM, November 12, 2014",Denver Nuggets,Portland Trail Blazers,113,130,DEN,,,Team Totals,240,39,90,.433,8,23,.348,27,33,.818,15,32,47,21,10,2,12,24,113,,,Team Totals,240,.541,.478,.256,.367,30.6,72.7,50.5,53.8,10.0,3.6,10.3,100.0,112.7,129.6,
https://www.basketball-reference.com/boxscores/201411120MIA.html,"7:30 PM, November 12, 2014",Miami Heat,Indiana Pacers,75,81,IND,,,Team Totals,240,30,80,.375,8,26,.308,13,15,.867,16,37,53,13,5,5,16,17,81,,,Team Totals,240,.468,.425,.325,.188,42.1,86.0,65.4,43.3,6.3,10.4,15.6,100.0,101.3,93.8,
https://www.basketball-reference.com/boxscores/201411120MIA.html,"7:30 PM, November 12, 2014",Miami Heat,Indiana Pacers,75,81,MIA,,,Team Totals,240,29,68,.426,9,20,.450,8,18,.444,6,22,28,18,11,5,11,18,75,,,Team Totals,240,.494,.493,.294,.265,14.0,57.9,34.6,62.1,13.8,9.3,12.7,100.0,93.8,101.3,
https://www.basketball-reference.com/boxscores/201411120MIN.html,"10:00 PM, November 12, 2014",Minnesota Timberwolves,Houston Rockets,101,113,HOU,,,Team Totals,240,43,89,.483,13,28,.464,14,19,.737,13,27,40,25,7,7,13,29,113,,,Team Totals,240,.580,.556,.315,.213,28.9,75.0,49.4,58.1,7.4,10.1,11.8,100.0,118.7,106.1,
https://www.basketball-reference.com/boxscores/201411120MIN.html,"10:00 PM, November 12, 2014",Minnesota Timberwolves,Houston Rockets,101,113,MIN,,,Team Totals,240,36,81,.444,6,12,.500,23,30,.767,9,32,41,22,6,6,14,17,101,,,Team Totals,240,.536,.481,.148,.370,25.0,71.1,50.6,61.1,6.3,9.8,12.9,100.0,106.1,118.7,
https://www.basketball-reference.com/boxscores/201411120NOP.html,"8:00 PM, November 12, 2014",New Orleans Pelicans,Los Angeles Lakers,109,102,LAL,,,Team Totals,240,35,84,.417,7,21,.333,25,32,.781,11,27,38,15,8,5,9,14,102,,,Team Totals,240,.520,.458,.250,.381,23.4,77.1,46.3,42.9,8.5,7.9,8.4,100.0,108.7,116.2,
https://www.basketball-reference.com/boxscores/201411120NOP.html,"8:00 PM, November 12, 2014",New Orleans Pelicans,Los Angeles Lakers,109,102,NOP,,,Team Totals,240,45,82,.549,8,19,.421,11,18,.611,8,36,44,27,3,12,14,24,109,,,Team Totals,240,.606,.598,.232,.220,22.9,76.6,53.7,60.0,3.2,19.0,13.5,100.0,116.2,108.7,
https://www.basketball-reference.com/boxscores/201411120NYK.html,"7:30 PM, November 12, 2014",New York Knicks,Orlando Magic,95,97,ORL,,,Team Totals,240,33,70,.471,6,12,.500,25,32,.781,4,33,37,20,4,1,11,19,97,,,Team Totals,240,.577,.514,.171,.457,12.1,75.0,48.1,60.6,4.5,1.6,11.6,100.0,109.9,107.7,
https://www.basketball-reference.com/boxscores/201411120NYK.html,"7:30 PM, November 12, 2014",New York Knicks,Orlando Magic,95,97,NYK,,,Team Totals,240,37,86,.430,8,23,.348,13,14,.929,11,29,40,17,2,6,9,27,95,,,Team Totals,240,.515,.477,.267,.163,25.0,87.9,51.9,45.9,2.3,10.3,8.9,100.0,107.7,109.9,
https://www.basketball-reference.com/boxscores/201411120PHO.html,"9:00 PM, November 12, 2014",Phoenix Suns,Brooklyn Nets,112,104,BRK,,,Team Totals,240,35,74,.473,9,21,.429,25,32,.781,8,29,37,17,9,4,19,25,104,,,Team Totals,240,.590,.534,.284,.432,20.0,70.7,45.7,48.6,9.1,7.0,17.7,100.0,105.6,113.8,
https://www.basketball-reference.com/boxscores/201411120PHO.html,"9:00 PM, November 12, 2014",Phoenix Suns,Brooklyn Nets,112,104,PHO,,,Team Totals,240,39,81,.481,8,24,.333,26,29,.897,12,32,44,20,10,2,20,22,112,,,Team Totals,240,.597,.531,.296,.358,29.3,80.0,54.3,51.3,10.2,3.8,17.6,100.0,113.8,105.6,
https://www.basketball-reference.com/boxscores/201411120WAS.html,"7:00 PM, November 12, 2014",Washington Wizards,Detroit Pistons,107,103,DET,,,Team Totals,240,38,81,.469,9,22,.409,18,22,.818,7,32,39,19,5,6,14,25,103,,,Team Totals,240,.568,.525,.272,.272,16.7,74.4,45.9,50.0,5.2,8.3,13.4,100.0,107.5,111.7,
https://www.basketball-reference.com/boxscores/201411120WAS.html,"7:00 PM, November 12, 2014",Washington Wizards,Detroit Pistons,107,103,WAS,,,Team Totals,240,40,83,.482,3,11,.273,24,33,.727,11,35,46,27,10,6,11,22,107,,,Team Totals,240,.549,.500,.133,.398,25.6,83.3,54.1,67.5,10.4,10.2,10.1,100.0,111.7,107.5,
https://www.basketball-reference.com/boxscores/201411130DAL.html,"8:30 PM, November 13, 2014",Dallas Mavericks,Philadelphia 76ers,123,70,PHI,,,Team Totals,240,23,77,.299,7,27,.259,17,33,.515,18,28,46,9,7,4,28,24,70,,,Team Totals,240,.382,.344,.351,.429,30.0,75.7,47.4,39.1,7.0,8.3,23.4,100.0,70.0,122.9,
https://www.basketball-reference.com/boxscores/201411130DAL.html,"8:30 PM, November 13, 2014",Dallas Mavericks,Philadelphia 76ers,123,70,DAL,,,Team Totals,240,41,80,.513,11,32,.344,30,36,.833,9,42,51,33,14,5,15,25,123,,,Team Totals,240,.642,.581,.400,.450,24.3,70.0,52.6,80.5,14.0,10.0,13.5,100.0,122.9,70.0,
https://www.basketball-reference.com/boxscores/201411130GSW.html,"10:30 PM, November 13, 2014",Golden State Warriors,Brooklyn Nets,107,99,BRK,,,Team Totals,240,39,89,.438,3,16,.188,18,20,.900,7,34,41,19,5,2,12,22,99,,,Team Totals,240,.506,.455,.180,.225,18.4,70.8,47.7,48.7,5.2,3.6,10.9,100.0,102.5,110.7,
https://www.basketball-reference.com/boxscores/201411130GSW.html,"10:30 PM, November 13, 2014",Golden State Warriors,Brooklyn Nets,107,99,GSW,,,Team Totals,240,41,90,.456,11,34,.324,14,21,.667,14,31,45,30,7,10,11,16,107,,,Team Totals,240,.539,.517,.378,.233,29.2,81.6,52.3,73.2,7.2,13.7,10.0,100.0,110.7,102.5,
https://www.basketball-reference.com/boxscores/201411130MEM.html,"8:00 PM, November 13, 2014",Memphis Grizzlies,Sacramento Kings,111,110,SAC,,,Team Totals,240,37,77,.481,7,13,.538,29,34,.853,13,31,44,12,6,5,15,26,110,,,Team Totals,240,.598,.526,.169,.442,37.1,79.5,59.5,32.4,6.6,7.4,14.0,100.0,121.6,122.7,
https://www.basketball-reference.com/boxscores/201411130MEM.html,"8:00 PM, November 13, 2014",Memphis Grizzlies,Sacramento Kings,111,110,MEM,,,Team Totals,240,39,77,.506,6,9,.667,27,34,.794,8,22,30,24,9,4,9,25,111,,,Team Totals,240,.604,.545,.117,.442,20.5,62.9,40.5,61.5,9.9,6.3,8.9,100.0,122.7,121.6,
https://www.basketball-reference.com/boxscores/201411130TOR.html,"8:00 PM, November 13, 2014",Toronto Raptors,Chicago Bulls,93,100,CHI,,,Team Totals,240,37,77,.481,4,15,.267,22,32,.688,13,35,48,26,7,7,20,18,100,,,Team Totals,240,.549,.506,.195,.416,34.2,72.9,55.8,70.3,7.3,10.9,18.0,100.0,104.8,97.4,
https://www.basketball-reference.com/boxscores/201411130TOR.html,"8:00 PM, November 13, 2014",Toronto Raptors,Chicago Bulls,93,100,TOR,,,Team Totals,240,35,89,.393,8,25,.320,15,21,.714,13,25,38,17,11,7,14,28,93,,,Team Totals,240,.473,.438,.281,.236,27.1,65.8,44.2,48.6,11.5,11.3,12.5,100.0,97.4,104.8,
https://www.basketball-reference.com/boxscores/201411140ATL.html,"7:30 PM, November 14, 2014",Atlanta Hawks,Miami Heat,114,103,MIA,,,Team Totals,240,35,74,.473,10,21,.476,23,25,.920,5,27,32,27,10,3,14,20,103,,,Team Totals,240,.606,.541,.284,.338,13.2,90.0,47.1,77.1,10.7,6.4,14.1,100.0,110.6,122.5,
https://www.basketball-reference.com/boxscores/201411140ATL.html,"7:30 PM, November 14, 2014",Atlanta Hawks,Miami Heat,114,103,ATL,,,Team Totals,240,42,75,.560,11,28,.393,19,23,.826,3,33,36,33,10,5,13,20,114,,,Team Totals,240,.670,.633,.373,.307,10.0,86.8,52.9,78.6,10.7,9.4,13.2,100.0,122.5,110.6,
https://www.basketball-reference.com/boxscores/201411140BOS.html,"7:30 PM, November 14, 2014",Boston Celtics,Cleveland Cavaliers,121,122,CLE,,,Team Totals,240,43,85,.506,8,23,.348,28,37,.757,8,32,40,22,5,5,11,21,122,,,Team Totals,240,.602,.553,.271,.435,20.5,80.0,50.6,51.2,4.9,7.4,9.8,100.0,119.5,118.5,
https://www.basketball-reference.com/boxscores/201411140BOS.html,"7:30 PM, November 14, 2014",Boston Celtics,Cleveland Cavaliers,121,122,BOS,,,Team Totals,240,48,88,.545,6,20,.300,19,23,.826,8,31,39,32,7,1,14,26,121,,,Team Totals,240,.617,.580,.227,.261,20.0,79.5,49.4,66.7,6.9,1.6,12.5,100.0,118.5,119.5,
https://www.basketball-reference.com/boxscores/201411140HOU.html,"8:00 PM, November 14, 2014",Houston Rockets,Philadelphia 76ers,88,87,PHI,,,Team Totals,240,34,80,.425,7,21,.333,12,18,.667,14,32,46,19,10,5,26,28,87,,,Team Totals,240,.495,.469,.263,.225,29.2,71.1,49.5,55.9,10.1,11.4,22.8,100.0,88.1,89.1,
https://www.basketball-reference.com/boxscores/201411140HOU.html,"8:00 PM, November 14, 2014",Houston Rockets,Philadelphia 76ers,88,87,HOU,,,Team Totals,240,29,78,.372,7,34,.206,23,37,.622,13,34,47,16,17,11,21,25,88,,,Team Totals,240,.467,.417,.436,.474,28.9,70.8,50.5,55.2,17.2,18.6,18.2,100.0,89.1,88.1,
https://www.basketball-reference.com/boxscores/201411140IND.html,"7:00 PM, November 14, 2014",Indiana Pacers,Denver Nuggets,87,108,DEN,,,Team Totals,240,43,87,.494,8,23,.348,14,25,.560,13,33,46,20,8,5,8,25,108,,,Team Totals,240,.551,.540,.264,.287,29.5,75.0,52.3,46.5,8.7,8.1,7.5,100.0,117.7,94.8,
https://www.basketball-reference.com/boxscores/201411140IND.html,"7:00 PM, November 14, 2014",Indiana Pacers,Denver Nuggets,87,108,IND,,,Team Totals,240,34,84,.405,8,22,.364,11,22,.500,11,31,42,17,2,7,13,19,87,,,Team Totals,240,.464,.452,.262,.262,25.0,70.5,47.7,50.0,2.2,10.9,12.2,100.0,94.8,117.7,
https://www.basketball-reference.com/boxscores/201411140LAL.html,"10:00 PM, November 14, 2014",Los Angeles Lakers,San Antonio Spurs,80,93,SAS,,,Team Totals,240,33,80,.413,10,23,.435,17,20,.850,7,37,44,28,9,2,10,23,93,,,Team Totals,240,.524,.475,.288,.250,16.7,77.1,48.9,84.8,10.1,3.2,10.1,100.0,104.2,89.6,
https://www.basketball-reference.com/boxscores/201411140LAL.html,"10:00 PM, November 14, 2014",Los Angeles Lakers,San Antonio Spurs,80,93,LAL,,,Team Totals,240,28,75,.373,2,12,.167,22,31,.710,11,35,46,17,6,5,13,13,80,,,Team Totals,240,.451,.387,.160,.413,22.9,83.3,51.1,60.7,6.7,8.8,12.8,100.0,89.6,104.2,
https://www.basketball-reference.com/boxscores/201411140NOP.html,"8:00 PM, November 14, 2014",New Orleans Pelicans,Minnesota Timberwolves,139,91,MIN,,,Team Totals,240,29,72,.403,3,14,.214,30,41,.732,11,26,37,13,5,3,24,17,91,,,Team Totals,240,.505,.424,.194,.569,26.2,89.7,52.1,44.8,5.0,4.7,21.0,100.0,90.7,138.5,
https://www.basketball-reference.com/boxscores/201411140NOP.html,"8:00 PM, November 14, 2014",New Orleans Pelicans,Minnesota Timberwolves,139,91,NOP,,,Team Totals,240,56,84,.667,15,20,.750,12,16,.750,3,31,34,31,13,3,13,30,139,,,Team Totals,240,.763,.756,.238,.190,10.3,73.8,47.9,55.4,13.0,5.2,12.5,100.0,138.5,90.7,
https://www.basketball-reference.com/boxscores/201411140NYK.html,"7:30 PM, November 14, 2014",New York Knicks,Utah Jazz,100,102,UTA,,,Team Totals,240,36,70,.514,10,22,.455,20,25,.800,11,28,39,25,6,8,19,20,102,,,Team Totals,240,.630,.586,.314,.357,31.4,80.0,55.7,69.4,6.8,10.8,19.0,100.0,115.7,113.4,
https://www.basketball-reference.com/boxscores/201411140NYK.html,"7:30 PM, November 14, 2014",New York Knicks,Utah Jazz,100,102,NYK,,,Team Totals,240,39,82,.476,5,8,.625,17,20,.850,7,24,31,15,12,1,8,26,100,,,Team Totals,240,.551,.506,.098,.244,20.0,68.6,44.3,38.5,13.6,2.1,8.1,100.0,113.4,115.7,
https://www.basketball-reference.com/boxscores/201411140OKC.html,"8:00 PM, November 14, 2014",Oklahoma City Thunder,Detroit Pistons,89,96,DET,,,Team Totals,265,38,89,.427,11,31,.355,9,15,.600,14,41,55,18,8,5,17,17,96,,,Team Totals,265,.502,.489,.348,.169,30.4,80.4,56.7,47.4,8.2,8.3,15.1,100.0,98.1,91.0,
https://www.basketball-reference.com/boxscores/201411140OKC.html,"8:00 PM, November 14, 2014",Oklahoma City Thunder,Detroit Pistons,89,96,OKC,,,Team Totals,265,38,96,.396,12,36,.333,1,6,.167,10,32,42,23,9,7,14,23,89,,,Team Totals,265,.451,.458,.375,.063,19.6,69.6,43.3,60.5,9.2,12.1,12.4,100.0,91.0,98.1,
https://www.basketball-reference.com/boxscores/201411140ORL.html,"7:00 PM, November 14, 2014",Orlando Magic,Milwaukee Bucks,101,85,MIL,,,Team Totals,240,36,80,.450,2,19,.105,11,14,.786,5,33,38,19,8,4,18,25,85,,,Team Totals,240,.493,.463,.238,.175,12.5,76.7,45.8,52.8,8.3,7.1,17.3,100.0,87.9,104.5,
https://www.basketball-reference.com/boxscores/201411140ORL.html,"7:00 PM, November 14, 2014",Orlando Magic,Milwaukee Bucks,101,85,ORL,,,Team Totals,240,35,80,.438,10,24,.417,21,27,.778,10,35,45,22,7,3,16,15,101,,,Team Totals,240,.550,.500,.300,.338,23.3,87.5,54.2,62.9,7.2,4.9,14.8,100.0,104.5,87.9,
https://www.basketball-reference.com/boxscores/201411140PHO.html,"9:00 PM, November 14, 2014",Phoenix Suns,Charlotte Hornets,95,103,CHO,,,Team Totals,240,39,91,.429,7,16,.438,18,19,.947,14,32,46,21,5,3,8,15,103,,,Team Totals,240,.518,.467,.176,.209,29.2,74.4,50.5,53.8,5.6,5.3,7.5,100.0,114.7,105.8,
https://www.basketball-reference.com/boxscores/201411140PHO.html,"9:00 PM, November 14, 2014",Phoenix Suns,Charlotte Hornets,95,103,PHO,,,Team Totals,240,37,86,.430,8,29,.276,13,14,.929,11,34,45,16,3,6,11,23,95,,,Team Totals,240,.515,.477,.337,.163,25.6,70.8,49.5,43.2,3.3,8.0,10.7,100.0,105.8,114.7,
https://www.basketball-reference.com/boxscores/201411150CHI.html,"8:00 PM, November 15, 2014",Chicago Bulls,Indiana Pacers,90,99,IND,,,Team Totals,240,37,77,.481,7,18,.389,18,25,.720,10,36,46,18,5,6,17,22,99,,,Team Totals,240,.563,.526,.234,.325,29.4,78.3,57.5,48.6,5.4,9.1,16.2,100.0,106.8,97.1,
https://www.basketball-reference.com/boxscores/201411150CHI.html,"8:00 PM, November 15, 2014",Chicago Bulls,Indiana Pacers,90,99,CHI,,,Team Totals,240,35,83,.422,4,17,.235,16,23,.696,10,24,34,18,6,7,13,19,90,,,Team Totals,240,.483,.446,.205,.277,21.7,70.6,42.5,51.4,6.5,11.9,12.3,100.0,97.1,106.8,
https://www.basketball-reference.com/boxscores/201411150CLE.html,"7:30 PM, November 15, 2014",Cleveland Cavaliers,Atlanta Hawks,127,94,ATL,,,Team Totals,240,40,90,.444,3,22,.136,11,13,.846,11,26,37,26,6,8,19,12,94,,,Team Totals,240,.491,.461,.244,.144,23.9,68.4,44.0,65.0,6.1,13.6,16.6,100.0,95.6,129.1,
https://www.basketball-reference.com/boxscores/201411150CLE.html,"7:30 PM, November 15, 2014",Cleveland Cavaliers,Atlanta Hawks,127,94,CLE,,,Team Totals,240,49,90,.544,19,31,.613,10,13,.769,12,35,47,39,12,2,14,14,127,,,Team Totals,240,.663,.650,.344,.144,31.6,76.1,56.0,79.6,12.2,2.9,12.8,100.0,129.1,95.6,
https://www.basketball-reference.com/boxscores/201411150DAL.html,"8:30 PM, November 15, 2014",Dallas Mavericks,Minnesota Timberwolves,131,117,MIN,,,Team Totals,240,43,86,.500,7,17,.412,24,29,.828,12,29,41,24,2,2,20,30,117,,,Team Totals,240,.592,.541,.198,.337,30.0,70.7,50.6,55.8,2.0,2.9,16.8,100.0,115.4,129.2,
https://www.basketball-reference.com/boxscores/201411150DAL.html,"8:30 PM, November 15, 2014",Dallas Mavericks,Minnesota Timberwolves,131,117,DAL,,,Team Totals,240,52,94,.553,8,26,.308,19,23,.826,12,28,40,31,5,10,9,24,131,,,Team Totals,240,.629,.596,.277,.245,29.3,70.0,49.4,59.6,4.9,14.5,8.0,100.0,129.2,115.4,
https://www.basketball-reference.com/boxscores/201411150GSW.html,"10:30 PM, November 15, 2014",Golden State Warriors,Charlotte Hornets,112,87,CHO,,,Team Totals,240,32,84,.381,7,17,.412,16,28,.571,10,31,41,14,5,2,13,13,87,,,Team Totals,240,.452,.423,.202,.333,20.0,73.8,44.6,43.8,5.2,3.3,11.9,100.0,90.2,116.1,
https://www.basketball-reference.com/boxscores/201411150GSW.html,"10:30 PM, November 15, 2014",Golden State Warriors,Charlotte Hornets,112,87,GSW,,,Team Totals,240,45,87,.517,11,26,.423,11,14,.786,11,40,51,30,7,3,15,25,112,,,Team Totals,240,.601,.580,.299,.161,26.2,80.0,55.4,66.7,7.3,4.5,13.9,100.0,116.1,90.2,
https://www.basketball-reference.com/boxscores/201411150LAC.html,"10:30 PM, November 15, 2014",Los Angeles Clippers,Phoenix Suns,120,107,PHO,,,Team Totals,240,38,99,.384,11,30,.367,20,23,.870,16,27,43,26,9,3,10,30,107,,,Team Totals,240,.490,.439,.303,.232,27.1,87.1,47.8,68.4,8.9,7.7,8.4,100.0,105.8,118.6,
https://www.basketball-reference.com/boxscores/201411150LAC.html,"10:30 PM, November 15, 2014",Los Angeles Clippers,Phoenix Suns,120,107,LAC,,,Team Totals,240,36,68,.529,14,29,.483,34,43,.791,4,43,47,24,5,12,21,26,120,,,Team Totals,240,.690,.632,.426,.632,12.9,72.9,52.2,66.7,4.9,17.4,19.5,100.0,118.6,105.8,
https://www.basketball-reference.com/boxscores/201411150MEM.html,"8:00 PM, November 15, 2014",Memphis Grizzlies,Detroit Pistons,95,88,DET,,,Team Totals,240,34,82,.415,10,26,.385,10,17,.588,9,34,43,15,4,6,10,22,88,,,Team Totals,240,.492,.476,.317,.207,20.5,65.4,44.8,44.1,4.6,8.5,10.1,100.0,100.3,108.3,
https://www.basketball-reference.com/boxscores/201411150MEM.html,"8:00 PM, November 15, 2014",Memphis Grizzlies,Detroit Pistons,95,88,MEM,,,Team Totals,240,32,86,.372,4,15,.267,27,33,.818,18,35,53,18,5,4,8,18,95,,,Team Totals,240,.473,.395,.174,.384,34.6,79.5,55.2,56.3,5.7,7.1,7.4,100.0,108.3,100.3,
https://www.basketball-reference.com/boxscores/201411150POR.html,"10:00 PM, November 15, 2014",Portland Trail Blazers,Brooklyn Nets,97,87,BRK,,,Team Totals,240,35,89,.393,1,19,.053,16,17,.941,12,31,43,15,7,2,9,24,87,,,Team Totals,240,.451,.399,.213,.191,26.1,70.5,47.8,42.9,7.8,3.8,8.5,100.0,97.0,108.2,
https://www.basketball-reference.com/boxscores/201411150POR.html,"10:00 PM, November 15, 2014",Portland Trail Blazers,Brooklyn Nets,97,87,POR,,,Team Totals,240,33,78,.423,11,26,.423,20,27,.741,13,34,47,26,6,3,15,16,97,,,Team Totals,240,.540,.494,.333,.346,29.5,73.9,52.2,78.8,6.7,4.3,14.3,100.0,108.2,97.0,
https://www.basketball-reference.com/boxscores/201411150SAC.html,"10:00 PM, November 15, 2014",Sacramento Kings,San Antonio Spurs,94,91,SAS,,,Team Totals,240,34,80,.425,7,24,.292,16,18,.889,7,31,38,24,6,8,14,25,91,,,Team Totals,240,.518,.469,.300,.225,17.1,79.5,47.5,70.6,6.4,10.8,13.7,100.0,97.5,100.7,
https://www.basketball-reference.com/boxscores/201411150SAC.html,"10:00 PM, November 15, 2014",Sacramento Kings,San Antonio Spurs,94,91,SAC,,,Team Totals,240,37,86,.430,0,12,.000,20,24,.833,8,34,42,19,5,6,9,18,94,,,Team Totals,240,.487,.430,.140,.279,20.5,82.9,52.5,51.4,5.4,10.7,8.5,100.0,100.7,97.5,
https://www.basketball-reference.com/boxscores/201411150TOR.html,"7:30 PM, November 15, 2014",Toronto Raptors,Utah Jazz,111,93,UTA,,,Team Totals,240,33,75,.440,5,16,.313,22,30,.733,10,28,38,22,5,3,12,21,93,,,Team Totals,240,.527,.473,.213,.400,25.6,68.3,47.5,66.7,5.7,4.8,12.0,100.0,106.4,127.0,
https://www.basketball-reference.com/boxscores/201411150TOR.html,"7:30 PM, November 15, 2014",Toronto Raptors,Utah Jazz,111,93,TOR,,,Team Totals,240,43,84,.512,8,21,.381,17,23,.739,13,29,42,15,6,5,8,19,111,,,Team Totals,240,.590,.560,.250,.274,31.7,74.4,52.5,34.9,6.9,8.5,7.8,100.0,127.0,106.4,
https://www.basketball-reference.com/boxscores/201411150WAS.html,"7:00 PM, November 15, 2014",Washington Wizards,Orlando Magic,98,93,ORL,,,Team Totals,240,37,78,.474,7,17,.412,12,18,.667,9,31,40,14,5,2,15,21,93,,,Team Totals,240,.541,.519,.218,.231,22.5,77.5,50.0,37.8,5.5,2.7,14.9,100.0,101.9,107.3,
https://www.basketball-reference.com/boxscores/201411150WAS.html,"7:00 PM, November 15, 2014",Washington Wizards,Orlando Magic,98,93,WAS,,,Team Totals,240,42,84,.500,3,10,.300,11,16,.688,9,31,40,31,5,8,12,16,98,,,Team Totals,240,.538,.518,.119,.190,22.5,77.5,50.0,73.8,5.5,13.1,11.6,100.0,107.3,101.9,
https://www.basketball-reference.com/boxscores/201411160LAL.html,"9:30 PM, November 16, 2014",Los Angeles Lakers,Golden State Warriors,115,136,GSW,,,Team Totals,240,46,86,.535,14,28,.500,30,34,.882,11,40,51,32,4,5,16,26,136,,,Team Totals,240,.674,.616,.326,.395,28.2,66.7,51.5,69.6,3.9,6.0,13.7,100.0,132.5,112.0,
https://www.basketball-reference.com/boxscores/201411160LAL.html,"9:30 PM, November 16, 2014",Los Angeles Lakers,Golden State Warriors,115,136,LAL,,,Team Totals,240,39,99,.394,3,16,.188,34,43,.791,20,28,48,17,9,4,7,27,115,,,Team Totals,240,.488,.409,.162,.434,33.3,71.8,48.5,43.6,8.8,6.9,5.6,100.0,112.0,132.5,
https://www.basketball-reference.com/boxscores/201411160MIA.html,"6:00 PM, November 16, 2014",Miami Heat,Milwaukee Bucks,84,91,MIL,,,Team Totals,240,35,74,.473,5,18,.278,16,26,.615,5,35,40,16,11,1,16,24,91,,,Team Totals,240,.533,.507,.243,.351,12.8,85.4,50.0,45.7,11.8,2.1,15.8,100.0,97.3,89.8,
https://www.basketball-reference.com/boxscores/201411160MIA.html,"6:00 PM, November 16, 2014",Miami Heat,Milwaukee Bucks,84,91,MIA,,,Team Totals,240,30,73,.411,11,25,.440,13,22,.591,6,34,40,19,10,6,17,20,84,,,Team Totals,240,.508,.486,.342,.301,14.6,87.2,50.0,63.3,10.7,10.7,17.1,100.0,89.8,97.3,
https://www.basketball-reference.com/boxscores/201411160NYK.html,"1:00 PM, November 16, 2014",New York Knicks,Denver Nuggets,109,93,DEN,,,Team Totals,240,32,82,.390,13,34,.382,16,26,.615,10,29,39,20,9,0,18,21,93,,,Team Totals,240,.498,.470,.415,.317,22.2,78.4,47.6,62.5,9.3,0.0,16.2,100.0,96.3,112.8,
https://www.basketball-reference.com/boxscores/201411160NYK.html,"1:00 PM, November 16, 2014",New York Knicks,Denver Nuggets,109,93,NYK,,,Team Totals,240,41,76,.539,6,14,.429,21,27,.778,8,35,43,16,9,3,16,22,109,,,Team Totals,240,.620,.579,.184,.355,21.6,77.8,52.4,39.0,9.3,6.3,15.4,100.0,112.8,96.3,
https://www.basketball-reference.com/boxscores/201411160OKC.html,"7:00 PM, November 16, 2014",Oklahoma City Thunder,Houston Rockets,65,69,HOU,,,Team Totals,240,23,80,.288,7,35,.200,16,30,.533,22,32,54,11,5,6,17,23,69,,,Team Totals,240,.370,.331,.438,.375,39.3,74.4,54.5,47.8,6.0,12.2,15.4,100.0,82.6,77.8,
https://www.basketball-reference.com/boxscores/201411160OKC.html,"7:00 PM, November 16, 2014",Oklahoma City Thunder,Houston Rockets,65,69,OKC,,,Team Totals,240,20,68,.294,3,19,.158,22,28,.786,11,34,45,14,6,15,16,30,65,,,Team Totals,240,.405,.316,.279,.412,25.6,60.7,45.5,70.0,7.2,33.3,16.6,100.0,77.8,82.6,
https://www.basketball-reference.com/boxscores/201411170BOS.html,"7:30 PM, November 17, 2014",Boston Celtics,Phoenix Suns,114,118,PHO,,,Team Totals,240,48,93,.516,9,21,.429,13,16,.813,8,32,40,30,11,2,18,23,118,,,Team Totals,240,.590,.565,.226,.172,19.5,74.4,47.6,62.5,10.2,2.6,15.2,100.0,109.8,106.1,
https://www.basketball-reference.com/boxscores/201411170BOS.html,"7:30 PM, November 17, 2014",Boston Celtics,Phoenix Suns,114,118,BOS,,,Team Totals,240,45,87,.517,4,10,.400,20,31,.645,11,33,44,28,10,4,19,19,114,,,Team Totals,240,.566,.540,.115,.356,25.6,80.5,52.4,62.2,9.3,5.6,15.9,100.0,106.1,109.8,
https://www.basketball-reference.com/boxscores/201411170BRK.html,"7:30 PM, November 17, 2014",Brooklyn Nets,Miami Heat,83,95,MIA,,,Team Totals,240,31,72,.431,9,27,.333,24,27,.889,10,31,41,19,6,2,15,24,95,,,Team Totals,240,.566,.493,.375,.375,29.4,73.8,53.9,61.3,7.2,4.3,15.2,100.0,114.6,100.1,
https://www.basketball-reference.com/boxscores/201411170BRK.html,"7:30 PM, November 17, 2014",Brooklyn Nets,Miami Heat,83,95,BRK,,,Team Totals,240,29,70,.414,9,23,.391,16,26,.615,11,24,35,18,10,5,12,19,83,,,Team Totals,240,.510,.479,.329,.371,26.2,70.6,46.1,62.1,12.1,11.1,12.8,100.0,100.1,114.6,
https://www.basketball-reference.com/boxscores/201411170CHO.html,"7:00 PM, November 17, 2014",Charlotte Hornets,Dallas Mavericks,80,107,DAL,,,Team Totals,240,43,84,.512,10,28,.357,11,16,.688,10,40,50,32,7,4,8,18,107,,,Team Totals,240,.588,.571,.333,.190,26.3,85.1,58.8,74.4,7.9,6.9,8.1,100.0,120.6,90.2,
https://www.basketball-reference.com/boxscores/201411170CHO.html,"7:00 PM, November 17, 2014",Charlotte Hornets,Dallas Mavericks,80,107,CHO,,,Team Totals,240,32,80,.400,10,22,.455,6,13,.462,7,28,35,22,1,3,13,17,80,,,Team Totals,240,.467,.463,.275,.163,14.9,73.7,41.2,68.8,1.1,5.4,13.2,100.0,90.2,120.6,
https://www.basketball-reference.com/boxscores/201411170CLE.html,"7:00 PM, November 17, 2014",Cleveland Cavaliers,Denver Nuggets,97,106,DEN,,,Team Totals,240,41,85,.482,12,31,.387,12,15,.800,9,30,39,25,10,4,15,18,106,,,Team Totals,240,.579,.553,.365,.176,21.4,76.9,48.1,61.0,10.6,8.0,14.1,100.0,112.8,103.2,
https://www.basketball-reference.com/boxscores/201411170CLE.html,"7:00 PM, November 17, 2014",Cleveland Cavaliers,Denver Nuggets,97,106,CLE,,,Team Totals,240,34,79,.430,10,29,.345,19,23,.826,9,33,42,18,7,8,15,15,97,,,Team Totals,240,.544,.494,.367,.291,23.1,78.6,51.9,52.9,7.4,14.8,14.4,100.0,103.2,112.8,
https://www.basketball-reference.com/boxscores/201411170DET.html,"7:30 PM, November 17, 2014",Detroit Pistons,Orlando Magic,93,107,ORL,,,Team Totals,240,41,79,.519,13,26,.500,12,15,.800,6,33,39,33,9,2,12,21,107,,,Team Totals,240,.625,.601,.329,.190,16.2,76.7,48.8,80.5,9.9,3.6,12.3,100.0,117.5,102.2,
https://www.basketball-reference.com/boxscores/201411170DET.html,"7:30 PM, November 17, 2014",Detroit Pistons,Orlando Magic,93,107,DET,,,Team Totals,240,32,80,.400,11,24,.458,18,24,.750,10,31,41,17,5,4,14,19,93,,,Team Totals,240,.513,.469,.300,.300,23.3,83.8,51.3,53.1,5.5,7.5,13.4,100.0,102.2,117.5,
https://www.basketball-reference.com/boxscores/201411170LAC.html,"10:30 PM, November 17, 2014",Los Angeles Clippers,Chicago Bulls,89,105,CHI,,,Team Totals,240,39,80,.488,10,26,.385,17,25,.680,9,36,45,28,7,2,9,24,105,,,Team Totals,240,.577,.550,.325,.313,22.5,80.0,52.9,71.8,7.7,3.4,9.0,100.0,115.8,98.2,
https://www.basketball-reference.com/boxscores/201411170LAC.html,"10:30 PM, November 17, 2014",Los Angeles Clippers,Chicago Bulls,89,105,LAC,,,Team Totals,240,36,81,.444,7,23,.304,10,22,.455,9,31,40,20,2,5,12,21,89,,,Team Totals,240,.491,.488,.284,.272,20.0,77.5,47.1,55.6,2.2,9.3,11.7,100.0,98.2,115.8,
https://www.basketball-reference.com/boxscores/201411170MEM.html,"8:00 PM, November 17, 2014",Memphis Grizzlies,Houston Rockets,119,93,HOU,,,Team Totals,240,34,78,.436,8,34,.235,17,21,.810,10,25,35,24,6,4,21,19,93,,,Team Totals,240,.533,.487,.436,.269,26.3,71.4,47.9,70.6,6.4,5.8,19.4,100.0,98.6,126.2,
https://www.basketball-reference.com/boxscores/201411170MEM.html,"8:00 PM, November 17, 2014",Memphis Grizzlies,Houston Rockets,119,93,MEM,,,Team Totals,240,46,86,.535,7,17,.412,20,22,.909,10,28,38,27,14,5,11,19,119,,,Team Totals,240,.622,.576,.198,.256,28.6,73.7,52.1,58.7,14.8,11.4,10.3,100.0,126.2,98.6,
https://www.basketball-reference.com/boxscores/201411170POR.html,"10:00 PM, November 17, 2014",Portland Trail Blazers,New Orleans Pelicans,102,93,NOP,,,Team Totals,240,38,85,.447,5,19,.263,12,19,.632,13,28,41,16,11,4,11,23,93,,,Team Totals,240,.498,.476,.224,.224,28.3,73.7,48.8,42.1,12.1,7.0,10.5,100.0,102.3,112.2,
https://www.basketball-reference.com/boxscores/201411170POR.html,"10:00 PM, November 17, 2014",Portland Trail Blazers,New Orleans Pelicans,102,93,POR,,,Team Totals,240,38,76,.500,7,19,.368,19,23,.826,10,33,43,20,7,1,18,21,102,,,Team Totals,240,.592,.546,.250,.303,26.3,71.7,51.2,52.6,7.7,1.5,17.3,100.0,112.2,102.3,
https://www.basketball-reference.com/boxscores/201411170SAS.html,"8:30 PM, November 17, 2014",San Antonio Spurs,Philadelphia 76ers,100,75,PHI,,,Team Totals,240,27,83,.325,4,26,.154,17,24,.708,5,34,39,15,11,4,14,18,75,,,Team Totals,240,.401,.349,.313,.289,9.8,85.0,42.9,55.6,11.0,7.3,13.0,100.0,74.7,99.6,
https://www.basketball-reference.com/boxscores/201411170SAS.html,"8:30 PM, November 17, 2014",San Antonio Spurs,Philadelphia 76ers,100,75,SAS,,,Team Totals,240,36,81,.444,10,26,.385,18,21,.857,6,46,52,27,9,8,18,17,100,,,Team Totals,240,.554,.506,.321,.259,15.0,90.2,57.1,75.0,9.0,14.0,16.6,100.0,99.6,74.7,
https://www.basketball-reference.com/boxscores/201411180ATL.html,"7:30 PM, November 18, 2014",Atlanta Hawks,Los Angeles Lakers,109,114,LAL,,,Team Totals,240,47,87,.540,6,17,.353,14,22,.636,13,31,44,24,7,0,11,24,114,,,Team Totals,240,.590,.575,.195,.253,34.2,70.5,53.7,51.1,7.6,0.0,10.2,100.0,124.3,118.8,
https://www.basketball-reference.com/boxscores/201411180ATL.html,"7:30 PM, November 18, 2014",Atlanta Hawks,Los Angeles Lakers,109,114,ATL,,,Team Totals,240,41,85,.482,9,27,.333,18,23,.783,13,25,38,22,7,3,11,17,109,,,Team Totals,240,.573,.535,.318,.271,29.5,65.8,46.3,53.7,7.6,4.3,10.4,100.0,118.8,124.3,
https://www.basketball-reference.com/boxscores/201411180MIL.html,"8:00 PM, November 18, 2014",Milwaukee Bucks,New York Knicks,117,113,NYK,,,Team Totals,240,44,80,.550,11,25,.440,14,19,.737,11,17,28,30,9,3,12,22,113,,,Team Totals,240,.639,.619,.313,.238,28.9,50.0,38.9,68.2,10.3,4.9,12.0,100.0,129.5,134.1,
https://www.basketball-reference.com/boxscores/201411180MIL.html,"8:00 PM, November 18, 2014",Milwaukee Bucks,New York Knicks,117,113,MIL,,,Team Totals,240,43,78,.551,9,17,.529,22,27,.815,17,27,44,30,5,0,16,24,117,,,Team Totals,240,.651,.609,.218,.346,50.0,71.1,61.1,69.8,5.7,0.0,15.1,100.0,134.1,129.5,
https://www.basketball-reference.com/boxscores/201411180SAC.html,"10:00 PM, November 18, 2014",Sacramento Kings,New Orleans Pelicans,100,106,NOP,,,Team Totals,240,39,79,.494,9,24,.375,19,24,.792,4,28,32,21,6,6,6,25,106,,,Team Totals,240,.592,.551,.304,.304,10.3,62.2,38.1,53.8,6.5,8.0,6.3,100.0,115.6,109.0,
https://www.basketball-reference.com/boxscores/201411180SAC.html,"10:00 PM, November 18, 2014",Sacramento Kings,New Orleans Pelicans,100,106,SAC,,,Team Totals,240,38,86,.442,4,11,.364,20,29,.690,17,35,52,23,3,2,15,15,100,,,Team Totals,240,.506,.465,.128,.337,37.8,89.7,61.9,60.5,3.3,3.6,13.2,100.0,109.0,115.6,
https://www.basketball-reference.com/boxscores/201411180UTA.html,"9:00 PM, November 18, 2014",Utah Jazz,Oklahoma City Thunder,98,81,OKC,,,Team Totals,240,30,84,.357,8,23,.348,13,19,.684,12,32,44,17,8,6,14,22,81,,,Team Totals,240,.439,.405,.274,.226,21.8,72.7,44.4,56.7,8.7,10.5,13.2,100.0,88.1,106.5,
https://www.basketball-reference.com/boxscores/201411180UTA.html,"9:00 PM, November 18, 2014",Utah Jazz,Oklahoma City Thunder,98,81,UTA,,,Team Totals,240,35,81,.432,10,24,.417,18,26,.692,12,43,55,22,8,4,13,17,98,,,Team Totals,240,.530,.494,.296,.321,27.3,78.2,55.6,62.9,8.7,6.6,12.3,100.0,106.5,88.1,
https://www.basketball-reference.com/boxscores/201411190BRK.html,"7:30 PM, November 19, 2014",Brooklyn Nets,Milwaukee Bucks,118,122,MIL,,,Team Totals,315,48,108,.444,5,24,.208,21,28,.750,16,35,51,23,12,4,15,28,122,,,Team Totals,315,.507,.468,.222,.259,29.1,77.8,51.0,47.9,10.4,6.6,11.1,100.0,106.2,102.7,
https://www.basketball-reference.com/boxscores/201411190BRK.html,"7:30 PM, November 19, 2014",Brooklyn Nets,Milwaukee Bucks,118,122,BRK,,,Team Totals,315,44,92,.478,9,31,.290,21,29,.724,10,39,49,26,7,6,22,25,118,,,Team Totals,315,.563,.527,.337,.315,22.2,70.9,49.0,59.1,6.1,7.1,17.4,100.0,102.7,106.2,
https://www.basketball-reference.com/boxscores/201411190CLE.html,"7:00 PM, November 19, 2014",Cleveland Cavaliers,San Antonio Spurs,90,92,SAS,,,Team Totals,240,35,74,.473,5,16,.313,17,25,.680,10,32,42,26,11,4,16,20,92,,,Team Totals,240,.541,.507,.216,.338,26.3,76.2,52.5,74.3,12.0,6.2,15.8,100.0,100.3,98.1,
https://www.basketball-reference.com/boxscores/201411190CLE.html,"7:00 PM, November 19, 2014",Cleveland Cavaliers,San Antonio Spurs,90,92,CLE,,,Team Totals,240,37,83,.446,7,18,.389,9,13,.692,10,28,38,23,7,5,18,21,90,,,Team Totals,240,.507,.488,.217,.157,23.8,73.7,47.5,62.2,7.6,8.6,16.9,100.0,98.1,100.3,
https://www.basketball-reference.com/boxscores/201411190DEN.html,"9:00 PM, November 19, 2014",Denver Nuggets,Oklahoma City Thunder,107,100,OKC,,,Team Totals,240,36,79,.456,10,23,.435,18,25,.720,13,26,39,21,5,0,10,24,100,,,Team Totals,240,.556,.519,.291,.316,30.2,68.4,48.1,58.3,5.9,0.0,10.0,100.0,117.2,125.4,
https://www.basketball-reference.com/boxscores/201411190DEN.html,"9:00 PM, November 19, 2014",Denver Nuggets,Oklahoma City Thunder,107,100,DEN,,,Team Totals,240,40,82,.488,10,29,.345,17,22,.773,12,30,42,25,6,5,9,20,107,,,Team Totals,240,.584,.549,.354,.268,31.6,69.8,51.9,62.5,7.0,8.9,8.9,100.0,125.4,117.2,
https://www.basketball-reference.com/boxscores/201411190DET.html,"7:30 PM, November 19, 2014",Detroit Pistons,Phoenix Suns,86,88,PHO,,,Team Totals,240,37,75,.493,4,15,.267,10,13,.769,5,36,41,21,10,4,18,22,88,,,Team Totals,240,.545,.520,.200,.173,15.2,70.6,48.8,56.8,10.8,6.5,18.2,100.0,95.3,93.2,
https://www.basketball-reference.com/boxscores/201411190DET.html,"7:30 PM, November 19, 2014",Detroit Pistons,Phoenix Suns,86,88,DET,,,Team Totals,240,33,87,.379,7,25,.280,13,19,.684,15,28,43,21,9,1,15,16,86,,,Team Totals,240,.451,.420,.287,.218,29.4,84.8,51.2,63.6,9.7,1.7,13.6,100.0,93.2,95.3,
https://www.basketball-reference.com/boxscores/201411190HOU.html,"9:30 PM, November 19, 2014",Houston Rockets,Los Angeles Lakers,92,98,LAL,,,Team Totals,240,37,91,.407,5,20,.250,19,23,.826,14,33,47,17,8,3,14,18,98,,,Team Totals,240,.485,.434,.220,.253,30.4,84.6,55.3,45.9,8.4,8.3,12.2,100.0,103.4,97.1,
https://www.basketball-reference.com/boxscores/201411190HOU.html,"9:30 PM, November 19, 2014",Houston Rockets,Los Angeles Lakers,92,98,HOU,,,Team Totals,240,30,74,.405,15,38,.395,17,23,.739,6,32,38,20,8,6,17,25,92,,,Team Totals,240,.547,.507,.514,.311,15.4,69.6,44.7,66.7,8.4,8.5,16.8,100.0,97.1,103.4,
https://www.basketball-reference.com/boxscores/201411190IND.html,"7:00 PM, November 19, 2014",Indiana Pacers,Charlotte Hornets,88,86,CHO,,,Team Totals,240,37,86,.430,5,14,.357,7,12,.583,12,29,41,18,6,6,6,21,86,,,Team Totals,240,.471,.459,.163,.140,24.5,67.4,44.6,48.6,7.1,9.5,6.2,100.0,102.0,104.4,
https://www.basketball-reference.com/boxscores/201411190IND.html,"7:00 PM, November 19, 2014",Indiana Pacers,Charlotte Hornets,88,86,IND,,,Team Totals,240,35,78,.449,2,15,.133,16,24,.667,14,37,51,15,3,3,12,13,88,,,Team Totals,240,.497,.462,.192,.308,32.6,75.5,55.4,42.9,3.6,4.2,11.9,100.0,104.4,102.0,
https://www.basketball-reference.com/boxscores/201411190MIN.html,"8:00 PM, November 19, 2014",Minnesota Timberwolves,New York Knicks,115,99,NYK,,,Team Totals,240,34,69,.493,9,16,.563,22,28,.786,8,25,33,19,6,3,23,22,99,,,Team Totals,240,.609,.558,.232,.406,28.6,62.5,48.5,55.9,6.4,4.5,22.0,100.0,106.3,123.5,
https://www.basketball-reference.com/boxscores/201411190MIN.html,"8:00 PM, November 19, 2014",Minnesota Timberwolves,New York Knicks,115,99,MIN,,,Team Totals,240,44,89,.494,11,22,.500,16,22,.727,15,20,35,26,15,2,14,23,115,,,Team Totals,240,.583,.556,.247,.247,37.5,71.4,51.5,59.1,16.1,3.8,12.4,100.0,123.5,106.3,
https://www.basketball-reference.com/boxscores/201411190ORL.html,"7:00 PM, November 19, 2014",Orlando Magic,Los Angeles Clippers,90,114,LAC,,,Team Totals,240,45,84,.536,12,21,.571,12,16,.750,2,37,39,24,8,9,7,19,114,,,Team Totals,240,.626,.607,.250,.190,5.1,77.1,44.8,53.3,8.4,14.5,7.1,100.0,119.6,94.4,
https://www.basketball-reference.com/boxscores/201411190ORL.html,"7:00 PM, November 19, 2014",Orlando Magic,Los Angeles Clippers,90,114,ORL,,,Team Totals,240,34,86,.395,8,24,.333,14,18,.778,11,37,48,21,5,1,15,17,90,,,Team Totals,240,.479,.442,.279,.209,22.9,94.9,55.2,61.8,5.2,1.6,13.8,100.0,94.4,119.6,
https://www.basketball-reference.com/boxscores/201411190PHI.html,"7:00 PM, November 19, 2014",Philadelphia 76ers,Boston Celtics,90,101,BOS,,,Team Totals,240,41,83,.494,6,20,.300,13,21,.619,7,37,44,32,11,4,15,19,101,,,Team Totals,240,.547,.530,.241,.253,16.7,80.4,50.0,78.0,11.1,6.2,14.0,100.0,101.8,90.7,
https://www.basketball-reference.com/boxscores/201411190PHI.html,"7:00 PM, November 19, 2014",Philadelphia 76ers,Boston Celtics,90,101,PHI,,,Team Totals,240,34,86,.395,7,21,.333,15,21,.714,9,35,44,22,10,2,16,20,90,,,Team Totals,240,.472,.436,.244,.244,19.6,83.3,50.0,64.7,10.1,3.2,14.4,100.0,90.7,101.8,
https://www.basketball-reference.com/boxscores/201411190TOR.html,"7:30 PM, November 19, 2014",Toronto Raptors,Memphis Grizzlies,96,92,MEM,,,Team Totals,240,35,80,.438,3,10,.300,19,26,.731,15,35,50,16,8,4,13,16,92,,,Team Totals,240,.503,.456,.125,.325,34.9,83.3,58.8,45.7,9.2,7.0,12.4,100.0,105.3,109.9,
https://www.basketball-reference.com/boxscores/201411190TOR.html,"7:30 PM, November 19, 2014",Toronto Raptors,Memphis Grizzlies,96,92,TOR,,,Team Totals,240,38,83,.458,9,26,.346,11,13,.846,7,28,35,24,9,6,8,20,96,,,Team Totals,240,.541,.512,.313,.157,16.7,65.1,41.2,63.2,10.3,8.6,8.3,100.0,109.9,105.3,
https://www.basketball-reference.com/boxscores/201411190WAS.html,"7:00 PM, November 19, 2014",Washington Wizards,Dallas Mavericks,102,105,DAL,,,Team Totals,240,34,82,.415,12,28,.429,25,29,.862,10,34,44,18,5,5,12,19,105,,,Team Totals,240,.554,.488,.341,.354,23.3,79.1,51.2,52.9,5.3,8.1,11.2,100.0,110.8,107.6,
https://www.basketball-reference.com/boxscores/201411190WAS.html,"7:00 PM, November 19, 2014",Washington Wizards,Dallas Mavericks,102,105,WAS,,,Team Totals,240,37,84,.440,10,22,.455,18,21,.857,9,33,42,25,8,3,14,27,102,,,Team Totals,240,.547,.500,.262,.250,20.9,76.7,48.8,67.6,8.4,5.6,13.1,100.0,107.6,110.8,
https://www.basketball-reference.com/boxscores/201411200MIA.html,"8:00 PM, November 20, 2014",Miami Heat,Los Angeles Clippers,93,110,LAC,,,Team Totals,240,43,77,.558,13,31,.419,11,17,.647,4,31,35,31,6,0,14,21,110,,,Team Totals,240,.651,.643,.403,.221,14.3,83.8,53.8,72.1,6.7,0.0,14.2,100.0,123.2,104.2,
https://www.basketball-reference.com/boxscores/201411200MIA.html,"8:00 PM, November 20, 2014",Miami Heat,Los Angeles Clippers,93,110,MIA,,,Team Totals,240,30,67,.448,6,26,.231,27,31,.871,6,24,30,11,10,3,13,15,93,,,Team Totals,240,.577,.493,.388,.463,16.2,85.7,46.2,36.7,11.2,6.5,13.9,100.0,104.2,123.2,
https://www.basketball-reference.com/boxscores/201411200SAC.html,"10:30 PM, November 20, 2014",Sacramento Kings,Chicago Bulls,103,88,CHI,,,Team Totals,240,36,84,.429,5,19,.263,11,16,.688,13,29,42,23,6,4,15,26,88,,,Team Totals,240,.483,.458,.226,.190,28.3,80.6,51.2,63.9,6.6,5.9,14.1,100.0,97.1,113.7,
https://www.basketball-reference.com/boxscores/201411200SAC.html,"10:30 PM, November 20, 2014",Sacramento Kings,Chicago Bulls,103,88,SAC,,,Team Totals,240,38,74,.514,4,6,.667,23,27,.852,7,33,40,26,5,4,13,21,103,,,Team Totals,240,.600,.541,.081,.365,19.4,71.7,48.8,68.4,5.5,6.2,13.1,100.0,113.7,97.1,
https://www.basketball-reference.com/boxscores/201411210ATL.html,"7:30 PM, November 21, 2014",Atlanta Hawks,Detroit Pistons,99,89,DET,,,Team Totals,240,31,83,.373,4,21,.190,23,24,.958,13,32,45,12,6,3,12,20,89,,,Team Totals,240,.476,.398,.253,.289,25.5,80.0,49.5,38.7,6.6,5.4,11.4,100.0,97.9,108.9,
https://www.basketball-reference.com/boxscores/201411210ATL.html,"7:30 PM, November 21, 2014",Atlanta Hawks,Detroit Pistons,99,89,ATL,,,Team Totals,240,38,80,.475,5,24,.208,18,26,.692,8,38,46,20,7,5,10,18,99,,,Team Totals,240,.541,.506,.300,.325,20.0,74.5,50.5,52.6,7.7,8.1,9.9,100.0,108.9,97.9,
https://www.basketball-reference.com/boxscores/201411210CHO.html,"7:00 PM, November 21, 2014",Charlotte Hornets,Orlando Magic,100,105,ORL,,,Team Totals,240,39,82,.476,4,16,.250,23,32,.719,6,37,43,12,2,5,8,15,105,,,Team Totals,240,.546,.500,.195,.390,14.6,78.7,48.9,30.8,2.1,7.0,7.7,100.0,111.2,105.9,
https://www.basketball-reference.com/boxscores/201411210CHO.html,"7:00 PM, November 21, 2014",Charlotte Hornets,Orlando Magic,100,105,CHO,,,Team Totals,240,42,91,.462,7,20,.350,9,15,.600,10,35,45,22,4,7,7,26,100,,,Team Totals,240,.512,.500,.220,.165,21.3,85.4,51.1,52.4,4.2,10.6,6.7,100.0,105.9,111.2,
https://www.basketball-reference.com/boxscores/201411210DAL.html,"8:30 PM, November 21, 2014",Dallas Mavericks,Los Angeles Lakers,140,106,LAL,,,Team Totals,240,44,85,.518,5,13,.385,13,21,.619,13,20,33,24,3,4,10,24,106,,,Team Totals,240,.562,.547,.153,.247,31.7,64.5,45.8,54.5,3.3,8.5,9.6,100.0,117.8,155.6,
https://www.basketball-reference.com/boxscores/201411210DAL.html,"8:30 PM, November 21, 2014",Dallas Mavericks,Los Angeles Lakers,140,106,DAL,,,Team Totals,240,51,82,.622,18,35,.514,20,28,.714,11,28,39,37,4,2,9,16,140,,,Team Totals,240,.742,.732,.427,.341,35.5,68.3,54.2,72.5,4.4,2.8,8.7,100.0,155.6,117.8,
https://www.basketball-reference.com/boxscores/201411210DEN.html,"9:00 PM, November 21, 2014",Denver Nuggets,New Orleans Pelicans,117,97,NOP,,,Team Totals,240,31,78,.397,5,16,.313,30,34,.882,8,32,40,19,7,3,13,22,97,,,Team Totals,240,.522,.429,.205,.436,19.5,80.0,49.4,61.3,7.4,5.2,12.3,100.0,102.9,124.2,
https://www.basketball-reference.com/boxscores/201411210DEN.html,"9:00 PM, November 21, 2014",Denver Nuggets,New Orleans Pelicans,117,97,DEN,,,Team Totals,240,43,82,.524,11,24,.458,20,25,.800,8,33,41,24,8,10,10,24,117,,,Team Totals,240,.629,.591,.293,.305,20.0,80.5,50.6,55.8,8.5,16.1,9.7,100.0,124.2,102.9,
https://www.basketball-reference.com/boxscores/201411210GSW.html,"10:30 PM, November 21, 2014",Golden State Warriors,Utah Jazz,101,88,UTA,,,Team Totals,240,35,82,.427,6,17,.353,12,19,.632,14,31,45,26,12,5,20,16,88,,,Team Totals,240,.487,.463,.207,.232,29.2,83.8,52.9,74.3,12.6,8.5,18.1,100.0,92.4,106.1,
https://www.basketball-reference.com/boxscores/201411210GSW.html,"10:30 PM, November 21, 2014",Golden State Warriors,Utah Jazz,101,88,GSW,,,Team Totals,240,41,82,.500,6,23,.261,13,19,.684,6,34,40,28,10,5,13,18,101,,,Team Totals,240,.559,.537,.280,.232,16.2,70.8,47.1,68.3,10.5,7.7,12.6,100.0,106.1,92.4,
https://www.basketball-reference.com/boxscores/201411210MEM.html,"8:00 PM, November 21, 2014",Memphis Grizzlies,Boston Celtics,117,100,BOS,,,Team Totals,240,38,88,.432,9,27,.333,15,21,.714,9,29,38,22,7,7,12,14,100,,,Team Totals,240,.514,.483,.307,.239,18.0,76.3,43.2,57.9,7.1,9.3,11.0,100.0,100.8,117.9,
https://www.basketball-reference.com/boxscores/201411210MEM.html,"8:00 PM, November 21, 2014",Memphis Grizzlies,Boston Celtics,117,100,MEM,,,Team Totals,240,48,91,.527,8,16,.500,13,14,.929,9,41,50,31,4,4,14,16,117,,,Team Totals,240,.602,.571,.176,.154,23.7,82.0,56.8,64.6,4.0,6.6,12.6,100.0,117.9,100.8,
https://www.basketball-reference.com/boxscores/201411210MIN.html,"8:00 PM, November 21, 2014",Minnesota Timberwolves,San Antonio Spurs,92,121,SAS,,,Team Totals,240,46,84,.548,13,21,.619,16,18,.889,14,39,53,26,6,11,20,22,121,,,Team Totals,240,.658,.625,.250,.214,37.8,78.0,60.9,56.5,6.2,14.3,17.9,100.0,124.7,94.8,
https://www.basketball-reference.com/boxscores/201411210MIN.html,"8:00 PM, November 21, 2014",Minnesota Timberwolves,San Antonio Spurs,92,121,MIN,,,Team Totals,240,37,90,.411,4,13,.308,14,22,.636,11,23,34,16,12,3,12,17,92,,,Team Totals,240,.461,.433,.144,.244,22.0,62.2,39.1,43.2,12.4,4.8,10.7,100.0,94.8,124.7,
https://www.basketball-reference.com/boxscores/201411210OKC.html,"8:00 PM, November 21, 2014",Oklahoma City Thunder,Brooklyn Nets,92,94,BRK,,,Team Totals,240,31,67,.463,5,15,.333,27,30,.900,10,28,38,17,2,6,19,17,94,,,Team Totals,240,.586,.500,.224,.448,30.3,68.3,51.4,54.8,2.3,9.2,19.2,100.0,106.2,104.0,
https://www.basketball-reference.com/boxscores/201411210OKC.html,"8:00 PM, November 21, 2014",Oklahoma City Thunder,Brooklyn Nets,92,94,OKC,,,Team Totals,240,38,85,.447,4,20,.200,12,19,.632,13,23,36,18,9,9,14,25,92,,,Team Totals,240,.493,.471,.235,.224,31.7,69.7,48.6,47.4,10.2,17.3,13.0,100.0,104.0,106.2,
https://www.basketball-reference.com/boxscores/201411210PHI.html,"7:00 PM, November 21, 2014",Philadelphia 76ers,Phoenix Suns,96,122,PHO,,,Team Totals,240,44,86,.512,13,31,.419,21,23,.913,11,35,46,24,11,0,13,25,122,,,Team Totals,240,.635,.587,.360,.267,27.5,77.8,54.1,54.5,11.3,0.0,11.9,100.0,125.1,98.4,
https://www.basketball-reference.com/boxscores/201411210PHI.html,"7:00 PM, November 21, 2014",Philadelphia 76ers,Phoenix Suns,96,122,PHI,,,Team Totals,240,36,78,.462,4,23,.174,20,33,.606,10,29,39,18,10,1,18,23,96,,,Team Totals,240,.519,.487,.295,.423,22.2,72.5,45.9,50.0,10.3,1.8,16.3,100.0,98.4,125.1,
https://www.basketball-reference.com/boxscores/201411210POR.html,"10:30 PM, November 21, 2014",Portland Trail Blazers,Chicago Bulls,105,87,CHI,,,Team Totals,240,30,83,.361,8,22,.364,19,28,.679,11,37,48,14,9,2,14,18,87,,,Team Totals,240,.456,.410,.265,.337,21.6,86.0,51.1,46.7,9.2,3.2,12.8,100.0,89.3,107.8,
https://www.basketball-reference.com/boxscores/201411210POR.html,"10:30 PM, November 21, 2014",Portland Trail Blazers,Chicago Bulls,105,87,POR,,,Team Totals,240,39,79,.494,9,16,.563,18,22,.818,6,40,46,26,8,5,17,19,105,,,Team Totals,240,.592,.551,.203,.278,14.0,78.4,48.9,66.7,8.2,8.2,16.1,100.0,107.8,89.3,
https://www.basketball-reference.com/boxscores/201411210TOR.html,"7:30 PM, November 21, 2014",Toronto Raptors,Milwaukee Bucks,124,82,MIL,,,Team Totals,240,27,74,.365,6,20,.300,22,32,.688,8,22,30,19,11,1,14,18,82,,,Team Totals,240,.465,.405,.270,.432,16.0,59.5,34.5,70.4,11.8,1.6,13.7,100.0,87.9,132.9,
https://www.basketball-reference.com/boxscores/201411210TOR.html,"7:30 PM, November 21, 2014",Toronto Raptors,Milwaukee Bucks,124,82,TOR,,,Team Totals,240,45,86,.523,15,25,.600,19,24,.792,15,42,57,27,8,4,16,24,124,,,Team Totals,240,.642,.610,.291,.279,40.5,84.0,65.5,60.0,8.6,7.4,14.2,100.0,132.9,87.9,
https://www.basketball-reference.com/boxscores/201411210WAS.html,"8:00 PM, November 21, 2014",Washington Wizards,Cleveland Cavaliers,91,78,CLE,,,Team Totals,240,27,75,.360,6,27,.222,18,23,.783,9,32,41,13,12,4,19,21,78,,,Team Totals,240,.458,.400,.360,.307,20.5,76.2,47.7,48.1,12.9,5.4,18.2,100.0,83.7,97.7,
https://www.basketball-reference.com/boxscores/201411210WAS.html,"8:00 PM, November 21, 2014",Washington Wizards,Cleveland Cavaliers,91,78,WAS,,,Team Totals,240,41,84,.488,4,10,.400,5,9,.556,10,35,45,24,10,5,17,21,91,,,Team Totals,240,.517,.512,.119,.107,23.8,79.5,52.3,58.5,10.7,10.4,16.2,100.0,97.7,83.7,
https://www.basketball-reference.com/boxscores/201411220CLE.html,"7:30 PM, November 22, 2014",Cleveland Cavaliers,Toronto Raptors,93,110,TOR,,,Team Totals,240,32,80,.400,8,24,.333,38,42,.905,8,26,34,20,8,6,8,26,110,,,Team Totals,240,.558,.450,.300,.525,18.6,70.3,42.5,62.5,8.3,9.2,7.5,100.0,113.9,96.3,
https://www.basketball-reference.com/boxscores/201411220CLE.html,"7:30 PM, November 22, 2014",Cleveland Cavaliers,Toronto Raptors,93,110,CLE,,,Team Totals,240,35,81,.432,3,16,.188,20,29,.690,11,35,46,24,4,6,20,28,93,,,Team Totals,240,.496,.451,.198,.358,29.7,81.4,57.5,68.6,4.1,10.7,17.6,100.0,96.3,113.9,
https://www.basketball-reference.com/boxscores/201411220HOU.html,"8:00 PM, November 22, 2014",Houston Rockets,Dallas Mavericks,95,92,DAL,,,Team Totals,240,35,88,.398,6,35,.171,16,22,.727,16,34,50,17,6,5,16,22,92,,,Team Totals,240,.471,.432,.398,.250,32.7,70.8,51.5,48.6,6.4,13.9,14.1,100.0,98.3,101.5,
https://www.basketball-reference.com/boxscores/201411220HOU.html,"8:00 PM, November 22, 2014",Houston Rockets,Dallas Mavericks,95,92,HOU,,,Team Totals,240,30,82,.366,15,46,.326,20,23,.870,14,33,47,17,8,0,18,23,95,,,Team Totals,240,.516,.457,.561,.280,29.2,67.3,48.5,56.7,8.5,0.0,16.3,100.0,101.5,98.3,
https://www.basketball-reference.com/boxscores/201411220IND.html,"7:00 PM, November 22, 2014",Indiana Pacers,Phoenix Suns,83,106,PHO,,,Team Totals,240,38,85,.447,12,31,.387,18,20,.900,13,38,51,17,10,4,13,19,106,,,Team Totals,240,.565,.518,.365,.235,28.9,71.7,52.0,44.7,11.0,6.6,12.2,100.0,116.9,91.5,
https://www.basketball-reference.com/boxscores/201411220IND.html,"7:00 PM, November 22, 2014",Indiana Pacers,Phoenix Suns,83,106,IND,,,Team Totals,240,31,84,.369,7,23,.304,14,20,.700,15,32,47,18,9,5,14,20,83,,,Team Totals,240,.447,.411,.274,.238,28.3,71.1,48.0,58.1,9.9,9.3,13.1,100.0,91.5,116.9,
https://www.basketball-reference.com/boxscores/201411220MIL.html,"8:30 PM, November 22, 2014",Milwaukee Bucks,Washington Wizards,100,111,WAS,,,Team Totals,240,43,93,.462,8,18,.444,17,22,.773,20,33,53,27,7,6,17,24,111,,,Team Totals,240,.541,.505,.194,.237,41.7,80.5,59.6,62.8,7.1,8.7,14.2,100.0,113.3,102.1,
https://www.basketball-reference.com/boxscores/201411220MIL.html,"8:30 PM, November 22, 2014",Milwaukee Bucks,Washington Wizards,100,111,MIL,,,Team Totals,240,36,84,.429,5,15,.333,23,26,.885,8,28,36,21,11,7,15,20,100,,,Team Totals,240,.524,.458,.179,.310,19.5,58.3,40.4,58.3,11.2,9.3,13.6,100.0,102.1,113.3,
https://www.basketball-reference.com/boxscores/201411220MIN.html,"8:00 PM, November 22, 2014",Minnesota Timberwolves,Sacramento Kings,101,113,SAC,,,Team Totals,240,40,81,.494,8,26,.308,25,30,.833,14,36,50,24,4,2,19,19,113,,,Team Totals,240,.600,.543,.321,.370,38.9,70.6,57.5,60.0,4.2,2.7,16.8,100.0,119.5,106.8,
https://www.basketball-reference.com/boxscores/201411220MIN.html,"8:00 PM, November 22, 2014",Minnesota Timberwolves,Sacramento Kings,101,113,MIN,,,Team Totals,240,37,90,.411,6,17,.353,21,27,.778,15,22,37,23,10,7,10,24,101,,,Team Totals,240,.496,.444,.189,.300,29.4,61.1,42.5,62.2,10.6,12.7,8.9,100.0,106.8,119.5,
https://www.basketball-reference.com/boxscores/201411220NYK.html,"7:30 PM, November 22, 2014",New York Knicks,Philadelphia 76ers,91,83,PHI,,,Team Totals,240,30,75,.400,8,26,.308,15,25,.600,10,26,36,13,8,1,18,21,83,,,Team Totals,240,.483,.453,.347,.333,22.7,81.3,47.4,43.3,8.9,2.0,17.3,100.0,92.3,101.2,
https://www.basketball-reference.com/boxscores/201411220NYK.html,"7:30 PM, November 22, 2014",New York Knicks,Philadelphia 76ers,91,83,NYK,,,Team Totals,240,33,66,.500,6,17,.353,19,21,.905,6,34,40,15,7,2,20,22,91,,,Team Totals,240,.605,.545,.258,.318,18.8,77.3,52.6,45.5,7.8,4.1,21.0,100.0,101.2,92.3,
https://www.basketball-reference.com/boxscores/201411220ORL.html,"7:00 PM, November 22, 2014",Orlando Magic,Miami Heat,92,99,MIA,,,Team Totals,240,37,71,.521,12,26,.462,13,18,.722,7,26,33,17,7,5,16,20,99,,,Team Totals,240,.627,.606,.366,.254,21.2,59.1,42.9,45.9,8.2,8.1,16.9,100.0,115.5,107.3,
https://www.basketball-reference.com/boxscores/201411220ORL.html,"7:00 PM, November 22, 2014",Orlando Magic,Miami Heat,92,99,ORL,,,Team Totals,240,35,78,.449,3,16,.188,19,27,.704,18,26,44,18,10,2,15,20,92,,,Team Totals,240,.512,.468,.205,.346,40.9,78.8,57.1,51.4,11.7,4.4,14.3,100.0,107.3,115.5,
https://www.basketball-reference.com/boxscores/201411220SAS.html,"8:30 PM, November 22, 2014",San Antonio Spurs,Brooklyn Nets,99,87,BRK,,,Team Totals,240,34,91,.374,9,27,.333,10,10,1.000,13,31,44,24,5,5,12,14,87,,,Team Totals,240,.456,.423,.297,.110,23.6,83.8,47.8,70.6,5.4,8.6,11.2,100.0,94.4,107.4,
https://www.basketball-reference.com/boxscores/201411220SAS.html,"8:30 PM, November 22, 2014",San Antonio Spurs,Brooklyn Nets,99,87,SAS,,,Team Totals,240,41,79,.519,8,21,.381,9,11,.818,6,42,48,29,7,9,15,9,99,,,Team Totals,240,.590,.570,.266,.139,16.2,76.4,52.2,70.7,7.6,14.1,15.2,100.0,107.4,94.4,
https://www.basketball-reference.com/boxscores/201411220UTA.html,"9:00 PM, November 22, 2014",Utah Jazz,New Orleans Pelicans,94,106,NOP,,,Team Totals,240,42,93,.452,4,17,.235,18,22,.818,18,26,44,19,11,7,10,22,106,,,Team Totals,240,.516,.473,.183,.237,36.7,70.3,51.2,45.2,12.2,12.3,8.9,100.0,117.6,104.3,
https://www.basketball-reference.com/boxscores/201411220UTA.html,"9:00 PM, November 22, 2014",Utah Jazz,New Orleans Pelicans,94,106,UTA,,,Team Totals,240,33,71,.465,5,14,.357,23,29,.793,11,31,42,15,6,8,18,25,94,,,Team Totals,240,.561,.500,.197,.408,29.7,63.3,48.8,45.5,6.7,10.5,17.7,100.0,104.3,117.6,
https://www.basketball-reference.com/boxscores/201411230BOS.html,"6:00 PM, November 23, 2014",Boston Celtics,Portland Trail Blazers,88,94,POR,,,Team Totals,240,37,86,.430,7,19,.368,13,15,.867,10,45,55,20,7,3,16,13,94,,,Team Totals,240,.508,.471,.221,.174,22.7,78.9,54.5,54.1,7.3,4.2,14.7,100.0,98.5,92.2,
https://www.basketball-reference.com/boxscores/201411230BOS.html,"6:00 PM, November 23, 2014",Boston Celtics,Portland Trail Blazers,88,94,BOS,,,Team Totals,240,37,95,.389,5,23,.217,9,12,.750,12,34,46,17,12,1,8,15,88,,,Team Totals,240,.439,.416,.242,.126,21.1,77.3,45.5,45.9,12.6,1.5,7.4,100.0,92.2,98.5,
https://www.basketball-reference.com/boxscores/201411230LAL.html,"9:30 PM, November 23, 2014",Los Angeles Lakers,Denver Nuggets,94,101,DEN,,,Team Totals,265,34,90,.378,10,37,.270,23,38,.605,14,43,57,20,7,2,16,28,101,,,Team Totals,265,.473,.433,.411,.422,25.5,82.7,53.3,58.8,6.6,3.1,13.0,100.0,95.7,89.0,
https://www.basketball-reference.com/boxscores/201411230LAL.html,"9:30 PM, November 23, 2014",Los Angeles Lakers,Denver Nuggets,94,101,LAL,,,Team Totals,265,33,89,.371,3,24,.125,25,34,.735,9,41,50,15,10,6,13,28,94,,,Team Totals,265,.452,.388,.270,.382,17.3,74.5,46.7,45.5,9.5,11.3,11.1,100.0,89.0,95.7,
https://www.basketball-reference.com/boxscores/201411230MEM.html,"6:00 PM, November 23, 2014",Memphis Grizzlies,Los Angeles Clippers,107,91,LAC,,,Team Totals,240,32,77,.416,7,25,.280,20,28,.714,5,27,32,14,10,1,10,27,91,,,Team Totals,240,.509,.461,.325,.364,11.1,69.2,38.1,43.8,10.5,1.6,10.1,100.0,95.8,112.7,
https://www.basketball-reference.com/boxscores/201411230MEM.html,"6:00 PM, November 23, 2014",Memphis Grizzlies,Los Angeles Clippers,107,91,MEM,,,Team Totals,240,42,85,.494,7,21,.333,16,23,.696,12,40,52,20,3,3,17,21,107,,,Team Totals,240,.562,.535,.247,.271,30.8,88.9,61.9,47.6,3.2,5.8,15.2,100.0,112.7,95.8,
https://www.basketball-reference.com/boxscores/201411230MIA.html,"6:00 PM, November 23, 2014",Miami Heat,Charlotte Hornets,94,93,CHO,,,Team Totals,240,37,79,.468,7,21,.333,12,16,.750,5,28,33,18,9,1,11,19,93,,,Team Totals,240,.540,.513,.266,.203,13.2,90.3,47.8,48.6,10.1,2.3,11.3,100.0,104.7,105.8,
https://www.basketball-reference.com/boxscores/201411230MIA.html,"6:00 PM, November 23, 2014",Miami Heat,Charlotte Hornets,94,93,MIA,,,Team Totals,240,33,66,.500,11,23,.478,17,19,.895,3,33,36,19,4,5,17,16,94,,,Team Totals,240,.632,.583,.348,.288,9.7,86.8,52.2,57.6,4.5,8.6,18.6,100.0,105.8,104.7,
https://www.basketball-reference.com/boxscores/201411230OKC.html,"7:00 PM, November 23, 2014",Oklahoma City Thunder,Golden State Warriors,86,91,GSW,,,Team Totals,240,33,93,.355,7,25,.280,18,24,.750,13,39,52,26,7,8,10,18,91,,,Team Totals,240,.439,.392,.269,.258,22.8,75.0,47.7,78.8,7.2,11.0,8.8,100.0,93.7,88.5,
https://www.basketball-reference.com/boxscores/201411230OKC.html,"7:00 PM, November 23, 2014",Oklahoma City Thunder,Golden State Warriors,86,91,OKC,,,Team Totals,240,32,90,.356,3,17,.176,19,27,.704,13,44,57,13,3,12,11,23,86,,,Team Totals,240,.422,.372,.189,.300,25.0,77.2,52.3,40.6,3.1,17.6,9.7,100.0,88.5,93.7,
https://www.basketball-reference.com/boxscores/201411240CHO.html,"7:00 PM, November 24, 2014",Charlotte Hornets,Los Angeles Clippers,92,113,LAC,,,Team Totals,240,45,88,.511,15,32,.469,8,10,.800,8,35,43,28,2,2,8,24,113,,,Team Totals,240,.611,.597,.364,.114,22.2,87.5,56.6,62.2,2.2,3.6,8.0,100.0,127.0,103.4,
https://www.basketball-reference.com/boxscores/201411240CHO.html,"7:00 PM, November 24, 2014",Charlotte Hornets,Los Angeles Clippers,92,113,CHO,,,Team Totals,240,31,75,.413,2,20,.100,28,35,.800,5,28,33,21,6,4,5,17,92,,,Team Totals,240,.509,.427,.267,.467,12.5,77.8,43.4,67.7,6.7,7.1,5.2,100.0,103.4,127.0,
https://www.basketball-reference.com/boxscores/201411240CLE.html,"7:00 PM, November 24, 2014",Cleveland Cavaliers,Orlando Magic,106,74,ORL,,,Team Totals,240,29,80,.363,5,17,.294,11,15,.733,13,27,40,14,5,3,18,17,74,,,Team Totals,240,.427,.394,.213,.188,28.9,69.2,47.6,48.3,5.6,4.6,17.2,100.0,83.1,119.0,
https://www.basketball-reference.com/boxscores/201411240CLE.html,"7:00 PM, November 24, 2014",Cleveland Cavaliers,Orlando Magic,106,74,CLE,,,Team Totals,240,42,81,.519,6,16,.375,16,22,.727,12,32,44,30,14,9,13,23,106,,,Team Totals,240,.584,.556,.198,.272,30.8,71.1,52.4,71.4,15.7,14.3,12.5,100.0,119.0,83.1,
https://www.basketball-reference.com/boxscores/201411240DAL.html,"8:30 PM, November 24, 2014",Dallas Mavericks,Indiana Pacers,100,111,IND,,,Team Totals,240,37,77,.481,13,26,.500,24,36,.667,8,36,44,20,6,4,16,21,111,,,Team Totals,240,.598,.565,.338,.468,20.5,85.7,54.3,54.1,6.2,7.1,14.7,100.0,115.1,103.7,
https://www.basketball-reference.com/boxscores/201411240DAL.html,"8:30 PM, November 24, 2014",Dallas Mavericks,Indiana Pacers,100,111,DAL,,,Team Totals,240,40,80,.500,8,24,.333,12,21,.571,6,31,37,21,6,6,12,28,100,,,Team Totals,240,.560,.550,.300,.263,14.3,79.5,45.7,52.5,6.2,11.8,11.9,100.0,103.7,115.1,
https://www.basketball-reference.com/boxscores/201411240HOU.html,"8:00 PM, November 24, 2014",Houston Rockets,New York Knicks,91,86,NYK,,,Team Totals,240,35,76,.461,6,22,.273,10,15,.667,9,31,40,25,8,5,17,20,86,,,Team Totals,240,.521,.500,.289,.197,24.3,75.6,51.3,71.4,9.0,12.5,17.1,100.0,96.9,102.6,
https://www.basketball-reference.com/boxscores/201411240HOU.html,"8:00 PM, November 24, 2014",Houston Rockets,New York Knicks,91,86,HOU,,,Team Totals,240,32,76,.421,14,36,.389,13,19,.684,10,28,38,19,13,4,17,19,91,,,Team Totals,240,.539,.513,.474,.250,24.4,75.7,48.7,59.4,14.7,7.4,16.8,100.0,102.6,96.9,
https://www.basketball-reference.com/boxscores/201411240PHI.html,"7:00 PM, November 24, 2014",Philadelphia 76ers,Portland Trail Blazers,104,114,POR,,,Team Totals,240,44,89,.494,7,27,.259,19,23,.826,18,34,52,30,6,5,17,19,114,,,Team Totals,240,.575,.534,.303,.258,45.0,82.9,64.2,68.2,6.3,6.6,14.6,100.0,120.3,109.8,
https://www.basketball-reference.com/boxscores/201411240PHI.html,"7:00 PM, November 24, 2014",Philadelphia 76ers,Portland Trail Blazers,104,114,PHI,,,Team Totals,240,42,84,.500,0,8,.000,20,24,.833,7,22,29,28,11,6,10,20,104,,,Team Totals,240,.550,.500,.095,.286,17.1,55.0,35.8,66.7,11.6,9.7,9.6,100.0,109.8,120.3,
https://www.basketball-reference.com/boxscores/201411240TOR.html,"7:30 PM, November 24, 2014",Toronto Raptors,Phoenix Suns,104,100,PHO,,,Team Totals,240,39,84,.464,14,33,.424,8,11,.727,11,31,42,22,6,3,20,26,100,,,Team Totals,240,.563,.548,.393,.131,27.5,79.5,53.2,56.4,6.2,4.6,18.4,100.0,104.1,108.3,
https://www.basketball-reference.com/boxscores/201411240TOR.html,"7:30 PM, November 24, 2014",Toronto Raptors,Phoenix Suns,104,100,TOR,,,Team Totals,240,37,82,.451,4,17,.235,26,32,.813,8,29,37,21,9,3,12,20,104,,,Team Totals,240,.541,.476,.207,.390,20.5,72.5,46.8,56.8,9.4,5.9,11.1,100.0,108.3,104.1,
https://www.basketball-reference.com/boxscores/201411240UTA.html,"9:00 PM, November 24, 2014",Utah Jazz,Chicago Bulls,95,97,CHI,,,Team Totals,240,36,72,.500,9,20,.450,16,23,.696,7,28,35,20,9,3,16,14,97,,,Team Totals,240,.591,.563,.278,.319,18.9,71.8,46.1,55.6,10.0,3.9,16.3,100.0,108.0,105.8,
https://www.basketball-reference.com/boxscores/201411240UTA.html,"9:00 PM, November 24, 2014",Utah Jazz,Chicago Bulls,95,97,UTA,,,Team Totals,240,42,86,.488,3,9,.333,8,10,.800,11,30,41,22,9,6,13,20,95,,,Team Totals,240,.525,.506,.105,.116,28.2,81.1,53.9,52.4,10.0,11.5,12.6,100.0,105.8,108.0,
https://www.basketball-reference.com/boxscores/201411250DEN.html,"9:00 PM, November 25, 2014",Denver Nuggets,Chicago Bulls,114,109,CHI,,,Team Totals,240,35,82,.427,7,21,.333,32,37,.865,11,26,37,20,9,4,12,22,109,,,Team Totals,240,.555,.470,.256,.451,26.2,65.0,45.1,57.1,9.5,5.8,10.9,100.0,114.9,120.2,
https://www.basketball-reference.com/boxscores/201411250DEN.html,"9:00 PM, November 25, 2014",Denver Nuggets,Chicago Bulls,114,109,DEN,,,Team Totals,240,43,85,.506,8,16,.500,20,27,.741,14,31,45,22,5,7,14,25,114,,,Team Totals,240,.588,.553,.188,.318,35.0,73.8,54.9,51.2,5.3,11.5,12.6,100.0,120.2,114.9,
https://www.basketball-reference.com/boxscores/201411250MIA.html,"7:30 PM, November 25, 2014",Miami Heat,Golden State Warriors,97,114,GSW,,,Team Totals,240,43,75,.573,13,28,.464,15,23,.652,5,40,45,21,6,9,12,24,114,,,Team Totals,240,.670,.660,.373,.307,15.2,76.9,52.9,48.8,6.5,14.5,12.4,100.0,122.6,104.3,
https://www.basketball-reference.com/boxscores/201411250MIA.html,"7:30 PM, November 25, 2014",Miami Heat,Golden State Warriors,97,114,MIA,,,Team Totals,240,33,85,.388,10,23,.435,21,27,.778,12,28,40,16,7,4,12,22,97,,,Team Totals,240,.501,.447,.271,.318,23.1,84.8,47.1,48.5,7.5,8.5,11.0,100.0,104.3,122.6,
https://www.basketball-reference.com/boxscores/201411250MIL.html,"8:00 PM, November 25, 2014",Milwaukee Bucks,Detroit Pistons,98,86,DET,,,Team Totals,240,36,78,.462,7,20,.350,7,17,.412,8,28,36,23,7,5,19,18,86,,,Team Totals,240,.503,.506,.256,.218,20.5,59.6,41.9,63.9,7.6,7.4,18.2,100.0,93.1,106.1,
https://www.basketball-reference.com/boxscores/201411250MIL.html,"8:00 PM, November 25, 2014",Milwaukee Bucks,Detroit Pistons,98,86,MIL,,,Team Totals,240,39,90,.433,10,22,.455,10,13,.769,19,31,50,22,9,2,17,24,98,,,Team Totals,240,.512,.489,.244,.144,40.4,79.5,58.1,56.4,9.7,3.4,15.1,100.0,106.1,93.1,
https://www.basketball-reference.com/boxscores/201411250NOP.html,"8:00 PM, November 25, 2014",New Orleans Pelicans,Sacramento Kings,89,99,SAC,,,Team Totals,240,37,77,.481,5,14,.357,20,24,.833,7,31,38,16,9,4,10,22,99,,,Team Totals,240,.565,.513,.182,.312,21.2,68.9,48.7,43.2,10.4,6.5,10.3,100.0,113.9,102.4,
https://www.basketball-reference.com/boxscores/201411250NOP.html,"8:00 PM, November 25, 2014",New Orleans Pelicans,Sacramento Kings,89,99,NOP,,,Team Totals,240,33,79,.418,3,17,.176,20,29,.690,14,26,40,15,3,6,11,23,89,,,Team Totals,240,.485,.437,.215,.367,31.1,78.8,51.3,45.5,3.5,9.5,10.7,100.0,102.4,113.9,
https://www.basketball-reference.com/boxscores/201411250WAS.html,"7:00 PM, November 25, 2014",Washington Wizards,Atlanta Hawks,102,106,ATL,,,Team Totals,240,36,85,.424,7,25,.280,27,34,.794,12,31,43,17,16,6,11,23,106,,,Team Totals,240,.530,.465,.294,.400,27.9,66.0,47.8,47.2,16.6,9.4,9.9,100.0,109.8,105.7,
https://www.basketball-reference.com/boxscores/201411250WAS.html,"7:00 PM, November 25, 2014",Washington Wizards,Atlanta Hawks,102,106,WAS,,,Team Totals,240,36,84,.429,9,20,.450,21,29,.724,16,31,47,25,2,3,20,25,102,,,Team Totals,240,.527,.482,.238,.345,34.0,72.1,52.2,69.4,2.1,5.0,17.1,100.0,105.7,109.8,
https://www.basketball-reference.com/boxscores/201411260ATL.html,"7:30 PM, November 26, 2014",Atlanta Hawks,Toronto Raptors,115,126,TOR,,,Team Totals,240,42,82,.512,14,29,.483,28,33,.848,11,25,36,24,7,7,11,24,126,,,Team Totals,240,.653,.598,.354,.402,32.4,73.5,52.9,57.1,7.5,12.1,10.2,100.0,135.0,123.2,
https://www.basketball-reference.com/boxscores/201411260ATL.html,"7:30 PM, November 26, 2014",Atlanta Hawks,Toronto Raptors,115,126,ATL,,,Team Totals,240,42,82,.512,10,24,.417,21,24,.875,9,23,32,31,2,4,14,24,115,,,Team Totals,240,.621,.573,.293,.293,26.5,67.6,47.1,73.8,2.1,7.5,13.1,100.0,123.2,135.0,
https://www.basketball-reference.com/boxscores/201411260CHO.html,"7:00 PM, November 26, 2014",Charlotte Hornets,Portland Trail Blazers,97,105,POR,,,Team Totals,240,39,92,.424,12,27,.444,15,20,.750,10,40,50,21,4,7,8,18,105,,,Team Totals,240,.521,.489,.293,.217,21.3,80.0,51.5,53.8,4.2,8.9,7.4,100.0,110.2,101.8,
https://www.basketball-reference.com/boxscores/201411260CHO.html,"7:00 PM, November 26, 2014",Charlotte Hornets,Portland Trail Blazers,97,105,CHO,,,Team Totals,240,41,94,.436,5,15,.333,10,15,.667,10,37,47,29,3,5,6,20,97,,,Team Totals,240,.482,.463,.160,.160,20.0,78.7,48.5,70.7,3.1,7.7,5.6,100.0,101.8,110.2,
https://www.basketball-reference.com/boxscores/201411260CLE.html,"7:00 PM, November 26, 2014",Cleveland Cavaliers,Washington Wizards,113,87,WAS,,,Team Totals,240,33,71,.465,5,13,.385,16,22,.727,7,19,26,24,5,5,18,28,87,,,Team Totals,240,.539,.500,.183,.310,21.9,73.1,44.8,72.7,5.6,9.3,18.2,100.0,97.9,127.2,
https://www.basketball-reference.com/boxscores/201411260CLE.html,"7:00 PM, November 26, 2014",Cleveland Cavaliers,Washington Wizards,113,87,CLE,,,Team Totals,240,38,74,.514,6,20,.300,31,38,.816,7,25,32,23,13,2,10,18,113,,,Team Totals,240,.623,.554,.270,.514,26.9,78.1,55.2,60.5,14.6,3.4,9.9,100.0,127.2,97.9,
https://www.basketball-reference.com/boxscores/201411260DAL.html,"7:30 PM, November 26, 2014",Dallas Mavericks,New York Knicks,109,102,NYK,,,Team Totals,265,39,92,.424,14,28,.500,10,16,.625,15,38,53,21,7,3,22,32,102,,,Team Totals,265,.515,.500,.304,.174,29.4,65.5,48.6,53.8,6.8,4.7,18.2,100.0,99.6,106.4,
https://www.basketball-reference.com/boxscores/201411260DAL.html,"7:30 PM, November 26, 2014",Dallas Mavericks,New York Knicks,109,102,DAL,,,Team Totals,265,38,95,.400,4,31,.129,29,38,.763,20,36,56,20,12,5,12,16,109,,,Team Totals,265,.488,.421,.326,.400,34.5,70.6,51.4,52.6,11.7,7.8,9.7,100.0,106.4,99.6,
https://www.basketball-reference.com/boxscores/201411260DET.html,"7:30 PM, November 26, 2014",Detroit Pistons,Los Angeles Clippers,98,104,LAC,,,Team Totals,240,37,78,.474,12,28,.429,18,19,.947,9,30,39,21,9,3,15,19,104,,,Team Totals,240,.602,.551,.359,.244,25.7,71.4,50.6,56.8,10.0,5.9,14.8,100.0,115.7,109.0,
https://www.basketball-reference.com/boxscores/201411260DET.html,"7:30 PM, November 26, 2014",Detroit Pistons,Los Angeles Clippers,98,104,DET,,,Team Totals,240,35,78,.449,10,27,.370,18,24,.750,12,26,38,18,8,4,16,17,98,,,Team Totals,240,.553,.513,.346,.308,28.6,74.3,49.4,51.4,8.9,8.0,15.3,100.0,109.0,115.7,
https://www.basketball-reference.com/boxscores/201411260HOU.html,"8:00 PM, November 26, 2014",Houston Rockets,Sacramento Kings,102,89,SAC,,,Team Totals,240,31,71,.437,5,16,.313,22,28,.786,10,38,48,16,2,8,21,19,89,,,Team Totals,240,.534,.472,.225,.394,26.3,74.5,53.9,51.6,2.2,13.6,20.1,100.0,97.9,112.2,
https://www.basketball-reference.com/boxscores/201411260HOU.html,"8:00 PM, November 26, 2014",Houston Rockets,Sacramento Kings,102,89,HOU,,,Team Totals,240,42,94,.447,12,35,.343,6,15,.400,13,28,41,26,13,5,4,25,102,,,Team Totals,240,.507,.511,.372,.160,25.5,73.7,46.1,61.9,14.3,9.1,3.8,100.0,112.2,97.9,
https://www.basketball-reference.com/boxscores/201411260LAL.html,"10:30 PM, November 26, 2014",Los Angeles Lakers,Memphis Grizzlies,93,99,MEM,,,Team Totals,240,36,80,.450,5,22,.227,22,25,.880,10,35,45,25,7,6,14,20,99,,,Team Totals,240,.544,.481,.275,.313,25.0,74.5,51.7,69.4,7.7,9.7,13.3,100.0,109.0,102.4,
https://www.basketball-reference.com/boxscores/201411260LAL.html,"10:30 PM, November 26, 2014",Los Angeles Lakers,Memphis Grizzlies,93,99,LAL,,,Team Totals,240,33,81,.407,8,19,.421,19,24,.792,12,30,42,16,6,9,12,18,93,,,Team Totals,240,.508,.457,.235,.296,25.5,75.0,48.3,48.5,6.6,15.5,11.6,100.0,102.4,109.0,
https://www.basketball-reference.com/boxscores/201411260MIN.html,"8:00 PM, November 26, 2014",Minnesota Timberwolves,Milwaukee Bucks,86,103,MIL,,,Team Totals,240,40,85,.471,5,16,.313,18,19,.947,13,30,43,22,12,7,19,22,103,,,Team Totals,240,.552,.500,.188,.224,35.1,68.2,53.1,55.0,12.5,10.4,16.9,100.0,107.7,89.9,
https://www.basketball-reference.com/boxscores/201411260MIN.html,"8:00 PM, November 26, 2014",Minnesota Timberwolves,Milwaukee Bucks,86,103,MIN,,,Team Totals,240,31,81,.383,3,14,.214,21,34,.618,14,24,38,19,11,6,19,22,86,,,Team Totals,240,.448,.401,.173,.420,31.8,64.9,46.9,61.3,11.5,8.7,16.5,100.0,89.9,107.7,
https://www.basketball-reference.com/boxscores/201411260OKC.html,"8:00 PM, November 26, 2014",Oklahoma City Thunder,Utah Jazz,97,82,UTA,,,Team Totals,240,31,70,.443,3,16,.188,17,28,.607,8,30,38,11,9,2,19,16,82,,,Team Totals,240,.498,.464,.229,.400,19.5,71.4,45.8,35.5,9.7,3.5,18.8,100.0,88.7,104.9,
https://www.basketball-reference.com/boxscores/201411260OKC.html,"8:00 PM, November 26, 2014",Oklahoma City Thunder,Utah Jazz,97,82,OKC,,,Team Totals,240,40,83,.482,12,26,.462,5,10,.500,12,33,45,21,9,7,19,26,97,,,Team Totals,240,.555,.554,.313,.120,28.6,80.5,54.2,52.5,9.7,13.0,17.9,100.0,104.9,88.7,
https://www.basketball-reference.com/boxscores/201411260ORL.html,"7:00 PM, November 26, 2014",Orlando Magic,Golden State Warriors,96,111,GSW,,,Team Totals,240,44,85,.518,12,26,.462,11,19,.579,8,39,47,30,7,6,15,19,111,,,Team Totals,240,.594,.588,.306,.224,19.0,76.5,50.5,68.2,7.1,9.0,13.8,100.0,112.7,97.5,
https://www.basketball-reference.com/boxscores/201411260ORL.html,"7:00 PM, November 26, 2014",Orlando Magic,Golden State Warriors,96,111,ORL,,,Team Totals,240,36,87,.414,6,20,.300,18,24,.750,12,34,46,21,8,1,14,18,96,,,Team Totals,240,.492,.448,.230,.276,23.5,81.0,49.5,58.3,8.1,1.7,12.5,100.0,97.5,112.7,
https://www.basketball-reference.com/boxscores/201411260PHI.html,"7:00 PM, November 26, 2014",Philadelphia 76ers,Brooklyn Nets,91,99,BRK,,,Team Totals,240,35,71,.493,8,24,.333,21,28,.750,4,36,40,25,10,7,24,19,99,,,Team Totals,240,.594,.549,.338,.394,12.1,73.5,48.8,71.4,10.1,11.5,22.4,100.0,99.6,91.5,
https://www.basketball-reference.com/boxscores/201411260PHI.html,"7:00 PM, November 26, 2014",Philadelphia 76ers,Brooklyn Nets,91,99,PHI,,,Team Totals,240,34,85,.400,9,24,.375,14,17,.824,13,29,42,23,11,5,20,24,91,,,Team Totals,240,.492,.453,.282,.200,26.5,87.9,51.2,67.6,11.1,10.6,17.8,100.0,91.5,99.6,
https://www.basketball-reference.com/boxscores/201411260PHO.html,"9:00 PM, November 26, 2014",Phoenix Suns,Denver Nuggets,120,112,DEN,,,Team Totals,240,39,90,.433,8,25,.320,26,34,.765,20,27,47,19,10,4,18,22,112,,,Team Totals,240,.534,.478,.278,.378,41.7,67.5,53.4,48.7,10.1,6.3,14.6,100.0,113.5,121.6,
https://www.basketball-reference.com/boxscores/201411260PHO.html,"9:00 PM, November 26, 2014",Phoenix Suns,Denver Nuggets,120,112,PHO,,,Team Totals,240,45,88,.511,13,25,.520,17,21,.810,13,28,41,27,9,8,17,22,120,,,Team Totals,240,.617,.585,.284,.239,32.5,58.3,46.6,60.0,9.1,12.3,14.9,100.0,121.6,113.5,
https://www.basketball-reference.com/boxscores/201411260SAS.html,"8:30 PM, November 26, 2014",San Antonio Spurs,Indiana Pacers,106,100,IND,,,Team Totals,240,40,87,.460,10,21,.476,10,18,.556,7,29,36,23,9,1,13,23,100,,,Team Totals,240,.527,.517,.241,.207,15.9,78.4,44.4,57.5,9.4,1.7,12.0,100.0,104.1,110.3,
https://www.basketball-reference.com/boxscores/201411260SAS.html,"8:30 PM, November 26, 2014",San Antonio Spurs,Indiana Pacers,106,100,SAS,,,Team Totals,240,41,74,.554,5,15,.333,19,29,.655,8,37,45,21,8,5,15,20,106,,,Team Totals,240,.611,.588,.203,.392,21.6,84.1,55.6,51.2,8.3,7.6,14.7,100.0,110.3,104.1,
https://www.basketball-reference.com/boxscores/201411280ATL.html,"7:30 PM, November 28, 2014",Atlanta Hawks,New Orleans Pelicans,100,91,NOP,,,Team Totals,240,36,89,.404,7,24,.292,12,16,.750,16,26,42,23,8,4,12,19,91,,,Team Totals,240,.474,.444,.270,.180,34.0,70.3,50.0,63.9,8.9,6.8,11.1,100.0,101.8,111.9,
https://www.basketball-reference.com/boxscores/201411280ATL.html,"7:30 PM, November 28, 2014",Atlanta Hawks,New Orleans Pelicans,100,91,ATL,,,Team Totals,240,38,76,.500,5,17,.294,19,22,.864,11,31,42,26,6,7,18,14,100,,,Team Totals,240,.584,.533,.224,.289,29.7,66.0,50.0,68.4,6.7,10.8,17.4,100.0,111.9,101.8,
https://www.basketball-reference.com/boxscores/201411280BOS.html,"1:00 PM, November 28, 2014",Boston Celtics,Chicago Bulls,102,109,CHI,,,Team Totals,240,37,90,.411,5,17,.294,30,37,.811,18,34,52,18,5,13,13,21,109,,,Team Totals,240,.513,.439,.189,.411,37.5,73.9,55.3,48.6,5.1,18.6,10.9,100.0,110.2,103.1,
https://www.basketball-reference.com/boxscores/201411280BOS.html,"1:00 PM, November 28, 2014",Boston Celtics,Chicago Bulls,102,109,BOS,,,Team Totals,240,37,92,.402,6,22,.273,22,29,.759,12,30,42,20,7,2,13,30,102,,,Team Totals,240,.487,.435,.239,.315,26.1,62.5,44.7,54.1,7.1,2.7,11.0,100.0,103.1,110.2,
https://www.basketball-reference.com/boxscores/201411280CHO.html,"7:00 PM, November 28, 2014",Charlotte Hornets,Golden State Warriors,101,106,GSW,,,Team Totals,240,42,99,.424,7,26,.269,15,16,.938,16,30,46,28,7,8,12,26,106,,,Team Totals,240,.500,.460,.263,.162,30.8,78.9,51.1,66.7,7.1,11.8,10.2,100.0,107.2,102.1,
https://www.basketball-reference.com/boxscores/201411280CHO.html,"7:00 PM, November 28, 2014",Charlotte Hornets,Golden State Warriors,101,106,CHO,,,Team Totals,240,38,87,.437,6,19,.316,19,23,.826,8,36,44,27,4,8,14,14,101,,,Team Totals,240,.520,.471,.218,.264,21.1,69.2,48.9,71.1,4.0,11.0,12.6,100.0,102.1,107.2,
https://www.basketball-reference.com/boxscores/201411280DEN.html,"9:00 PM, November 28, 2014",Denver Nuggets,Phoenix Suns,122,97,PHO,,,Team Totals,240,33,85,.388,8,23,.348,23,29,.793,9,25,34,14,4,5,15,27,97,,,Team Totals,240,.496,.435,.271,.341,17.6,61.0,37.0,42.4,3.9,7.5,13.3,100.0,95.8,120.5,
https://www.basketball-reference.com/boxscores/201411280DEN.html,"9:00 PM, November 28, 2014",Denver Nuggets,Phoenix Suns,122,97,DEN,,,Team Totals,240,41,88,.466,8,21,.381,32,36,.889,16,42,58,20,10,3,18,27,122,,,Team Totals,240,.587,.511,.239,.409,39.0,82.4,63.0,48.8,9.9,4.8,14.8,100.0,120.5,95.8,
https://www.basketball-reference.com/boxscores/201411280DET.html,"7:30 PM, November 28, 2014",Detroit Pistons,Milwaukee Bucks,88,104,MIL,,,Team Totals,240,39,77,.506,13,29,.448,13,16,.813,10,34,44,30,9,6,19,20,104,,,Team Totals,240,.619,.591,.377,.208,28.6,70.8,53.0,76.9,9.9,10.0,18.4,100.0,114.0,96.4,
https://www.basketball-reference.com/boxscores/201411280DET.html,"7:30 PM, November 28, 2014",Detroit Pistons,Milwaukee Bucks,88,104,DET,,,Team Totals,240,34,83,.410,6,23,.261,14,25,.560,14,25,39,25,8,5,14,19,88,,,Team Totals,240,.468,.446,.277,.301,29.2,71.4,47.0,73.5,8.8,10.4,13.0,100.0,96.4,114.0,
https://www.basketball-reference.com/boxscores/201411280HOU.html,"8:00 PM, November 28, 2014",Houston Rockets,Los Angeles Clippers,85,102,LAC,,,Team Totals,240,38,81,.469,9,25,.360,17,22,.773,8,37,45,23,8,4,13,18,102,,,Team Totals,240,.562,.525,.309,.272,20.0,82.2,52.9,60.5,8.6,8.9,12.5,100.0,109.0,90.9,
https://www.basketball-reference.com/boxscores/201411280HOU.html,"8:00 PM, November 28, 2014",Houston Rockets,Los Angeles Clippers,85,102,HOU,,,Team Totals,240,32,82,.390,10,37,.270,11,15,.733,8,32,40,17,7,6,15,27,85,,,Team Totals,240,.480,.451,.451,.183,17.8,80.0,47.1,53.1,7.5,10.7,14.5,100.0,90.9,109.0,
https://www.basketball-reference.com/boxscores/201411280IND.html,"8:00 PM, November 28, 2014",Indiana Pacers,Orlando Magic,98,83,ORL,,,Team Totals,240,31,70,.443,7,18,.389,14,16,.875,2,30,32,16,7,5,18,17,83,,,Team Totals,240,.539,.493,.257,.229,5.3,63.8,37.6,51.6,7.6,6.4,18.9,100.0,90.6,106.9,
https://www.basketball-reference.com/boxscores/201411280IND.html,"8:00 PM, November 28, 2014",Indiana Pacers,Orlando Magic,98,83,IND,,,Team Totals,240,41,94,.436,4,16,.250,12,14,.857,17,36,53,25,7,3,12,17,98,,,Team Totals,240,.489,.457,.170,.149,36.2,94.7,62.4,61.0,7.6,5.8,10.7,100.0,106.9,90.6,
https://www.basketball-reference.com/boxscores/201411280LAL.html,"10:30 PM, November 28, 2014",Los Angeles Lakers,Minnesota Timberwolves,119,120,MIN,,,Team Totals,240,45,79,.570,10,18,.556,20,24,.833,6,25,31,37,8,1,19,20,120,,,Team Totals,240,.670,.633,.228,.304,20.7,67.6,47.0,82.2,8.1,1.5,17.5,100.0,121.4,120.4,
https://www.basketball-reference.com/boxscores/201411280LAL.html,"10:30 PM, November 28, 2014",Los Angeles Lakers,Minnesota Timberwolves,119,120,LAL,,,Team Totals,240,48,89,.539,8,21,.381,15,22,.682,12,23,35,27,12,1,14,22,119,,,Team Totals,240,.603,.584,.236,.247,32.4,79.3,53.0,56.3,12.1,1.6,12.4,100.0,120.4,121.4,
https://www.basketball-reference.com/boxscores/201411280OKC.html,"8:00 PM, November 28, 2014",Oklahoma City Thunder,New York Knicks,105,78,NYK,,,Team Totals,240,29,75,.387,2,19,.105,18,24,.750,7,26,33,17,3,6,13,22,78,,,Team Totals,240,.456,.400,.253,.320,15.2,59.1,36.7,58.6,3.3,9.7,13.2,100.0,87.0,117.1,
https://www.basketball-reference.com/boxscores/201411280OKC.html,"8:00 PM, November 28, 2014",Oklahoma City Thunder,New York Knicks,105,78,OKC,,,Team Totals,240,38,86,.442,10,24,.417,19,23,.826,18,39,57,20,9,0,15,30,105,,,Team Totals,240,.546,.500,.279,.267,40.9,84.8,63.3,52.6,10.0,0.0,13.5,100.0,117.1,87.0,
https://www.basketball-reference.com/boxscores/201411280POR.html,"10:00 PM, November 28, 2014",Portland Trail Blazers,Memphis Grizzlies,99,112,MEM,,,Team Totals,240,45,84,.536,6,13,.462,16,26,.615,8,38,46,28,7,4,9,14,112,,,Team Totals,240,.587,.571,.155,.310,21.1,71.7,50.5,62.2,7.4,5.8,8.6,100.0,118.4,104.6,
https://www.basketball-reference.com/boxscores/201411280POR.html,"10:00 PM, November 28, 2014",Portland Trail Blazers,Memphis Grizzlies,99,112,POR,,,Team Totals,240,39,97,.402,8,28,.286,13,18,.722,15,30,45,22,6,6,8,18,99,,,Team Totals,240,.472,.443,.289,.186,28.3,78.9,49.5,56.4,6.3,8.5,7.1,100.0,104.6,118.4,
https://www.basketball-reference.com/boxscores/201411280SAS.html,"8:30 PM, November 28, 2014",San Antonio Spurs,Sacramento Kings,112,104,SAC,,,Team Totals,240,38,75,.507,6,10,.600,22,26,.846,8,38,46,22,4,4,15,20,104,,,Team Totals,240,.602,.547,.133,.347,21.6,90.5,58.2,57.9,4.3,6.9,14.8,100.0,112.6,121.2,
https://www.basketball-reference.com/boxscores/201411280SAS.html,"8:30 PM, November 28, 2014",San Antonio Spurs,Sacramento Kings,112,104,SAS,,,Team Totals,240,42,82,.512,12,24,.500,16,20,.800,4,29,33,29,8,9,7,19,112,,,Team Totals,240,.617,.585,.293,.244,9.5,78.4,41.8,69.0,8.7,13.8,7.2,100.0,121.2,112.6,
https://www.basketball-reference.com/boxscores/201411280TOR.html,"7:30 PM, November 28, 2014",Toronto Raptors,Dallas Mavericks,102,106,DAL,,,Team Totals,240,40,86,.465,11,26,.423,15,22,.682,6,31,37,27,7,9,8,17,106,,,Team Totals,240,.554,.529,.302,.256,13.0,67.4,40.2,67.5,7.3,15.5,7.7,100.0,110.3,106.1,
https://www.basketball-reference.com/boxscores/201411280TOR.html,"7:30 PM, November 28, 2014",Toronto Raptors,Dallas Mavericks,102,106,TOR,,,Team Totals,240,38,91,.418,14,33,.424,12,16,.750,15,40,55,17,7,1,17,23,102,,,Team Totals,240,.520,.495,.363,.176,32.6,87.0,59.8,44.7,7.3,1.7,14.8,100.0,106.1,110.3,
https://www.basketball-reference.com/boxscores/201411290ATL.html,"7:30 PM, November 29, 2014",Atlanta Hawks,Charlotte Hornets,105,75,CHO,,,Team Totals,240,29,88,.330,5,23,.217,12,16,.750,13,25,38,20,3,4,12,16,75,,,Team Totals,240,.395,.358,.261,.182,25.0,83.3,46.3,69.0,3.3,7.7,11.2,100.0,83.4,116.8,
https://www.basketball-reference.com/boxscores/201411290ATL.html,"7:30 PM, November 29, 2014",Atlanta Hawks,Charlotte Hornets,105,75,ATL,,,Team Totals,240,40,75,.533,12,23,.522,13,16,.813,5,39,44,31,8,5,14,17,105,,,Team Totals,240,.640,.613,.307,.213,16.7,75.0,53.7,77.5,8.9,7.7,14.6,100.0,116.8,83.4,
https://www.basketball-reference.com/boxscores/201411290CLE.html,"7:30 PM, November 29, 2014",Cleveland Cavaliers,Indiana Pacers,109,97,IND,,,Team Totals,240,35,89,.393,7,22,.318,20,26,.769,15,33,48,26,2,1,8,23,97,,,Team Totals,240,.483,.433,.247,.292,30.0,78.6,52.2,74.3,2.2,1.6,7.4,100.0,106.4,119.5,
https://www.basketball-reference.com/boxscores/201411290CLE.html,"7:30 PM, November 29, 2014",Cleveland Cavaliers,Indiana Pacers,109,97,CLE,,,Team Totals,240,41,78,.526,7,16,.438,20,32,.625,9,35,44,20,4,6,10,20,109,,,Team Totals,240,.592,.571,.205,.410,21.4,70.0,47.8,48.8,4.4,9.0,9.8,100.0,119.5,106.4,
https://www.basketball-reference.com/boxscores/201411290MIL.html,"9:00 PM, November 29, 2014",Milwaukee Bucks,Houston Rockets,103,117,HOU,,,Team Totals,240,44,87,.506,15,38,.395,14,16,.875,13,31,44,26,7,5,13,24,117,,,Team Totals,240,.622,.592,.437,.184,35.1,79.5,57.9,59.1,7.8,9.1,12.1,100.0,129.8,114.3,
https://www.basketball-reference.com/boxscores/201411290MIL.html,"9:00 PM, November 29, 2014",Milwaukee Bucks,Houston Rockets,103,117,MIL,,,Team Totals,240,33,74,.446,6,19,.316,31,35,.886,8,24,32,23,7,5,11,16,103,,,Team Totals,240,.576,.486,.257,.473,20.5,64.9,42.1,69.7,7.8,10.2,11.0,100.0,114.3,129.8,
https://www.basketball-reference.com/boxscores/201411290PHI.html,"7:00 PM, November 29, 2014",Philadelphia 76ers,Dallas Mavericks,103,110,DAL,,,Team Totals,240,40,89,.449,8,30,.267,22,30,.733,13,27,40,28,13,5,12,22,110,,,Team Totals,240,.538,.494,.337,.337,28.3,55.1,42.1,70.0,13.3,7.8,10.5,100.0,112.2,105.1,
https://www.basketball-reference.com/boxscores/201411290PHI.html,"7:00 PM, November 29, 2014",Philadelphia 76ers,Dallas Mavericks,103,110,PHI,,,Team Totals,240,36,85,.424,6,21,.286,25,31,.806,22,33,55,26,10,4,24,26,103,,,Team Totals,240,.522,.459,.247,.365,44.9,71.7,57.9,72.2,10.2,6.8,19.6,100.0,105.1,112.2,
https://www.basketball-reference.com/boxscores/201411290UTA.html,"9:00 PM, November 29, 2014",Utah Jazz,Los Angeles Clippers,96,112,LAC,,,Team Totals,240,45,80,.563,11,28,.393,11,15,.733,9,28,37,21,6,5,11,25,112,,,Team Totals,240,.647,.631,.350,.188,26.5,70.0,50.0,46.7,6.9,9.3,11.3,100.0,127.9,109.6,
https://www.basketball-reference.com/boxscores/201411290UTA.html,"9:00 PM, November 29, 2014",Utah Jazz,Los Angeles Clippers,96,112,UTA,,,Team Totals,240,34,75,.453,7,21,.333,21,33,.636,12,25,37,19,6,2,13,15,96,,,Team Totals,240,.536,.500,.280,.440,30.0,73.5,50.0,55.9,6.9,3.8,12.7,100.0,109.6,127.9,
https://www.basketball-reference.com/boxscores/201411290WAS.html,"7:00 PM, November 29, 2014",Washington Wizards,New Orleans Pelicans,83,80,NOP,,,Team Totals,240,30,81,.370,6,17,.353,14,21,.667,13,29,42,12,8,1,13,14,80,,,Team Totals,240,.443,.407,.210,.259,27.7,70.7,47.7,40.0,9.5,1.6,12.6,100.0,94.5,98.1,
https://www.basketball-reference.com/boxscores/201411290WAS.html,"7:00 PM, November 29, 2014",Washington Wizards,New Orleans Pelicans,83,80,WAS,,,Team Totals,240,35,76,.461,5,12,.417,8,12,.667,12,34,46,21,9,9,14,18,83,,,Team Totals,240,.511,.493,.158,.158,29.3,72.3,52.3,60.0,10.6,14.1,14.7,100.0,98.1,94.5,
https://www.basketball-reference.com/boxscores/201411300BOS.html,"1:00 PM, November 30, 2014",Boston Celtics,San Antonio Spurs,89,111,SAS,,,Team Totals,240,41,85,.482,11,26,.423,18,20,.900,10,35,45,25,9,5,14,11,111,,,Team Totals,240,.592,.547,.306,.235,25.0,74.5,51.7,61.0,9.5,7.2,13.0,100.0,117.3,94.0,
https://www.basketball-reference.com/boxscores/201411300BOS.html,"1:00 PM, November 30, 2014",Boston Celtics,San Antonio Spurs,89,111,BOS,,,Team Totals,240,36,87,.414,6,18,.333,11,15,.733,12,30,42,21,5,5,15,21,89,,,Team Totals,240,.475,.448,.207,.172,25.5,75.0,48.3,58.3,5.3,8.5,13.8,100.0,94.0,117.3,
https://www.basketball-reference.com/boxscores/201411300BRK.html,"3:00 PM, November 30, 2014",Brooklyn Nets,Chicago Bulls,84,102,CHI,,,Team Totals,240,34,69,.493,7,24,.292,27,34,.794,7,43,50,19,6,5,20,24,102,,,Team Totals,240,.607,.543,.348,.493,20.6,86.0,59.5,55.9,6.2,6.9,19.2,100.0,106.0,87.3,
https://www.basketball-reference.com/boxscores/201411300BRK.html,"3:00 PM, November 30, 2014",Brooklyn Nets,Chicago Bulls,84,102,BRK,,,Team Totals,240,32,86,.372,2,14,.143,18,24,.750,7,27,34,16,9,0,10,25,84,,,Team Totals,240,.435,.384,.163,.279,14.0,79.4,40.5,50.0,9.4,0.0,9.4,100.0,87.3,106.0,
https://www.basketball-reference.com/boxscores/201411300DET.html,"3:30 PM, November 30, 2014",Detroit Pistons,Golden State Warriors,93,104,GSW,,,Team Totals,240,37,79,.468,9,21,.429,21,27,.778,9,40,49,24,5,8,16,19,104,,,Team Totals,240,.572,.525,.266,.342,23.7,72.7,52.7,64.9,5.2,11.8,15.0,100.0,108.4,97.0,
https://www.basketball-reference.com/boxscores/201411300DET.html,"3:30 PM, November 30, 2014",Detroit Pistons,Golden State Warriors,93,104,DET,,,Team Totals,240,33,91,.363,11,23,.478,16,24,.667,15,29,44,25,11,5,13,20,93,,,Team Totals,240,.458,.423,.253,.264,27.3,76.3,47.3,75.8,11.5,8.6,11.3,100.0,97.0,108.4,
https://www.basketball-reference.com/boxscores/201411300LAL.html,"9:30 PM, November 30, 2014",Los Angeles Lakers,Toronto Raptors,129,122,TOR,,,Team Totals,265,45,104,.433,9,34,.265,23,31,.742,14,39,53,25,6,6,8,28,122,,,Team Totals,265,.519,.476,.327,.298,25.0,76.5,49.5,55.6,5.6,8.3,6.4,100.0,113.0,119.5,
https://www.basketball-reference.com/boxscores/201411300LAL.html,"9:30 PM, November 30, 2014",Los Angeles Lakers,Toronto Raptors,129,122,LAL,,,Team Totals,265,47,96,.490,10,24,.417,25,34,.735,12,42,54,24,4,7,10,21,129,,,Team Totals,265,.581,.542,.250,.354,23.5,75.0,50.5,51.1,3.7,10.0,8.3,100.0,119.5,113.0,
https://www.basketball-reference.com/boxscores/201411300NYK.html,"7:30 PM, November 30, 2014",New York Knicks,Miami Heat,79,86,MIA,,,Team Totals,240,30,72,.417,7,23,.304,19,31,.613,10,31,41,20,8,1,15,20,86,,,Team Totals,240,.502,.465,.319,.431,25.0,60.8,45.1,66.7,9.2,1.6,14.9,100.0,98.7,90.7,
https://www.basketball-reference.com/boxscores/201411300NYK.html,"7:30 PM, November 30, 2014",New York Knicks,Miami Heat,79,86,NYK,,,Team Totals,240,31,88,.352,3,24,.125,14,20,.700,20,30,50,14,6,3,14,22,79,,,Team Totals,240,.408,.369,.273,.227,39.2,75.0,54.9,45.2,6.9,6.1,12.6,100.0,90.7,98.7,
https://www.basketball-reference.com/boxscores/201411300PHO.html,"8:00 PM, November 30, 2014",Phoenix Suns,Orlando Magic,90,93,ORL,,,Team Totals,240,35,76,.461,5,15,.333,18,25,.720,10,37,47,14,8,3,23,22,93,,,Team Totals,240,.534,.493,.197,.329,23.8,77.1,52.2,40.0,8.1,5.1,20.9,100.0,94.3,91.3,
https://www.basketball-reference.com/boxscores/201411300PHO.html,"8:00 PM, November 30, 2014",Phoenix Suns,Orlando Magic,90,93,PHO,,,Team Totals,240,34,85,.400,7,26,.269,15,18,.833,11,32,43,22,5,3,19,18,90,,,Team Totals,240,.484,.441,.306,.212,22.9,76.2,47.8,64.7,5.1,4.9,17.0,100.0,91.3,94.3,
https://www.basketball-reference.com/boxscores/201411300POR.html,"9:00 PM, November 30, 2014",Portland Trail Blazers,Minnesota Timberwolves,107,93,MIN,,,Team Totals,240,39,90,.433,2,9,.222,13,20,.650,11,32,43,24,12,4,15,23,93,,,Team Totals,240,.471,.444,.100,.222,22.0,68.1,44.3,61.5,12.1,7.5,13.2,100.0,93.5,107.6,
https://www.basketball-reference.com/boxscores/201411300POR.html,"9:00 PM, November 30, 2014",Portland Trail Blazers,Minnesota Timberwolves,107,93,POR,,,Team Totals,240,39,86,.453,12,33,.364,17,25,.680,15,39,54,27,8,9,18,17,107,,,Team Totals,240,.552,.523,.384,.291,31.9,78.0,55.7,69.2,8.0,11.1,15.7,100.0,107.6,93.5,
https://www.basketball-reference.com/boxscores/201411300SAC.html,"6:00 PM, November 30, 2014",Sacramento Kings,Memphis Grizzlies,85,97,MEM,,,Team Totals,240,38,79,.481,3,13,.231,18,28,.643,10,25,35,25,13,4,13,27,97,,,Team Totals,240,.531,.500,.165,.354,24.4,69.4,45.5,65.8,14.1,6.8,12.5,100.0,105.3,92.3,
https://www.basketball-reference.com/boxscores/201411300SAC.html,"6:00 PM, November 30, 2014",Sacramento Kings,Memphis Grizzlies,85,97,SAC,,,Team Totals,240,33,70,.471,1,11,.091,18,27,.667,11,31,42,16,7,4,23,25,85,,,Team Totals,240,.519,.479,.157,.386,30.6,75.6,54.5,48.5,7.6,6.1,21.9,100.0,92.3,105.3,
https://www.basketball-reference.com/boxscores/201412010LAC.html,"10:30 PM, December 1, 2014",Los Angeles Clippers,Minnesota Timberwolves,127,101,MIN,,,Team Totals,240,35,82,.427,2,12,.167,29,40,.725,6,26,32,26,9,3,11,27,101,,,Team Totals,240,.507,.439,.146,.488,12.8,74.3,39.0,74.3,8.9,6.5,9.9,100.0,100.4,126.2,
https://www.basketball-reference.com/boxscores/201412010LAC.html,"10:30 PM, December 1, 2014",Los Angeles Clippers,Minnesota Timberwolves,127,101,LAC,,,Team Totals,240,41,80,.513,15,34,.441,30,36,.833,9,41,50,33,5,7,15,26,127,,,Team Totals,240,.663,.606,.425,.450,25.7,87.2,61.0,80.5,5.0,10.0,13.5,100.0,126.2,100.4,
https://www.basketball-reference.com/boxscores/201412010PHI.html,"7:00 PM, December 1, 2014",Philadelphia 76ers,San Antonio Spurs,103,109,SAS,,,Team Totals,240,36,83,.434,9,26,.346,28,35,.800,11,41,52,25,6,3,15,20,109,,,Team Totals,240,.554,.488,.313,.422,24.4,83.7,55.3,69.4,5.9,5.0,13.2,100.0,108.0,102.1,
https://www.basketball-reference.com/boxscores/201412010PHI.html,"7:00 PM, December 1, 2014",Philadelphia 76ers,San Antonio Spurs,103,109,PHI,,,Team Totals,240,38,89,.427,12,29,.414,15,25,.600,8,34,42,22,9,3,12,29,103,,,Team Totals,240,.515,.494,.326,.281,16.3,75.6,44.7,57.9,8.9,5.3,10.7,100.0,102.1,108.0,
https://www.basketball-reference.com/boxscores/201412010UTA.html,"9:00 PM, December 1, 2014",Utah Jazz,Denver Nuggets,101,103,DEN,,,Team Totals,240,41,87,.471,9,26,.346,12,17,.706,8,31,39,23,7,6,11,22,103,,,Team Totals,240,.545,.523,.299,.195,19.0,68.9,44.8,56.1,7.4,9.1,10.4,100.0,108.7,106.6,
https://www.basketball-reference.com/boxscores/201412010UTA.html,"9:00 PM, December 1, 2014",Utah Jazz,Denver Nuggets,101,103,UTA,,,Team Totals,240,36,84,.429,7,18,.389,22,30,.733,14,34,48,18,3,6,14,15,101,,,Team Totals,240,.520,.470,.214,.357,31.1,81.0,55.2,50.0,3.2,9.8,12.6,100.0,106.6,108.7,
https://www.basketball-reference.com/boxscores/201412010WAS.html,"7:00 PM, December 1, 2014",Washington Wizards,Miami Heat,107,86,MIA,,,Team Totals,240,33,72,.458,2,22,.091,18,30,.600,7,26,33,12,5,2,11,20,86,,,Team Totals,240,.505,.472,.306,.417,16.7,78.8,44.0,36.4,5.7,3.8,11.4,100.0,97.6,121.5,
https://www.basketball-reference.com/boxscores/201412010WAS.html,"7:00 PM, December 1, 2014",Washington Wizards,Miami Heat,107,86,WAS,,,Team Totals,240,39,72,.542,10,19,.526,19,24,.792,7,35,42,29,7,3,14,23,107,,,Team Totals,240,.648,.611,.264,.333,21.2,83.3,56.0,74.4,7.9,6.0,14.5,100.0,121.5,97.6,
https://www.basketball-reference.com/boxscores/201412020ATL.html,"7:30 PM, December 2, 2014",Atlanta Hawks,Boston Celtics,109,105,BOS,,,Team Totals,240,41,84,.488,12,23,.522,11,13,.846,9,33,42,33,10,3,23,20,105,,,Team Totals,240,.585,.560,.274,.155,25.0,89.2,57.5,80.5,10.0,5.2,20.4,100.0,105.1,109.1,
https://www.basketball-reference.com/boxscores/201412020ATL.html,"7:30 PM, December 2, 2014",Atlanta Hawks,Boston Celtics,109,105,ATL,,,Team Totals,240,43,82,.524,11,24,.458,12,14,.857,4,27,31,36,8,8,16,14,109,,,Team Totals,240,.618,.591,.293,.171,10.8,75.0,42.5,83.7,8.0,13.1,15.4,100.0,109.1,105.1,
https://www.basketball-reference.com/boxscores/201412020CHI.html,"8:00 PM, December 2, 2014",Chicago Bulls,Dallas Mavericks,129,132,DAL,,,Team Totals,290,47,102,.461,15,30,.500,23,27,.852,12,34,46,30,9,6,14,28,132,,,Team Totals,290,.580,.534,.294,.265,24.5,69.4,46.9,63.8,7.9,7.8,10.9,100.0,115.5,112.8,
https://www.basketball-reference.com/boxscores/201412020CHI.html,"8:00 PM, December 2, 2014",Chicago Bulls,Dallas Mavericks,129,132,CHI,,,Team Totals,290,47,103,.456,8,26,.308,27,34,.794,15,37,52,38,5,6,18,22,129,,,Team Totals,290,.547,.495,.252,.330,30.6,75.5,53.1,80.9,4.4,8.3,13.2,100.0,112.8,115.5,
https://www.basketball-reference.com/boxscores/201412020CLE.html,"7:00 PM, December 2, 2014",Cleveland Cavaliers,Milwaukee Bucks,111,108,MIL,,,Team Totals,240,45,92,.489,7,20,.350,11,13,.846,12,28,40,31,11,3,13,26,108,,,Team Totals,240,.553,.527,.217,.141,26.7,80.0,50.0,68.9,11.2,5.8,11.7,100.0,109.8,112.9,
https://www.basketball-reference.com/boxscores/201412020CLE.html,"7:00 PM, December 2, 2014",Cleveland Cavaliers,Milwaukee Bucks,111,108,CLE,,,Team Totals,240,39,73,.534,6,21,.286,27,38,.711,7,33,40,22,5,5,19,17,111,,,Team Totals,240,.619,.575,.288,.521,20.0,73.3,50.0,56.4,5.1,6.9,17.5,100.0,112.9,109.8,
https://www.basketball-reference.com/boxscores/201412020DEN.html,"9:00 PM, December 2, 2014",Denver Nuggets,Portland Trail Blazers,103,105,POR,,,Team Totals,240,43,86,.500,5,22,.227,14,17,.824,4,33,37,26,7,5,12,19,105,,,Team Totals,240,.562,.529,.256,.198,10.5,82.5,47.4,60.5,7.2,8.2,11.4,100.0,107.7,105.6,
https://www.basketball-reference.com/boxscores/201412020DEN.html,"9:00 PM, December 2, 2014",Denver Nuggets,Portland Trail Blazers,103,105,DEN,,,Team Totals,240,41,81,.506,7,20,.350,14,19,.737,7,34,41,21,8,2,14,19,103,,,Team Totals,240,.576,.549,.247,.235,17.5,89.5,52.6,51.2,8.2,3.1,13.5,100.0,105.6,107.7,
https://www.basketball-reference.com/boxscores/201412020DET.html,"7:30 PM, December 2, 2014",Detroit Pistons,Los Angeles Lakers,96,106,LAL,,,Team Totals,240,39,81,.481,10,17,.588,18,24,.750,12,35,47,25,9,6,14,26,106,,,Team Totals,240,.579,.543,.210,.296,26.7,68.6,49.0,64.1,9.5,8.7,13.3,100.0,111.6,101.1,
https://www.basketball-reference.com/boxscores/201412020DET.html,"7:30 PM, December 2, 2014",Detroit Pistons,Los Angeles Lakers,96,106,DET,,,Team Totals,240,33,90,.367,6,21,.286,24,31,.774,16,33,49,20,6,5,14,16,96,,,Team Totals,240,.463,.400,.233,.344,31.4,73.3,51.0,60.6,6.3,7.8,11.9,100.0,101.1,111.6,
https://www.basketball-reference.com/boxscores/201412020GSW.html,"10:30 PM, December 2, 2014",Golden State Warriors,Orlando Magic,98,97,ORL,,,Team Totals,240,39,87,.448,6,17,.353,13,14,.929,8,32,40,19,11,3,11,17,97,,,Team Totals,240,.521,.483,.195,.161,18.2,71.1,44.9,48.7,11.9,5.5,10.6,100.0,104.9,106.0,
https://www.basketball-reference.com/boxscores/201412020GSW.html,"10:30 PM, December 2, 2014",Golden State Warriors,Orlando Magic,98,97,GSW,,,Team Totals,240,38,82,.463,8,27,.296,14,18,.778,13,36,49,25,8,5,15,15,98,,,Team Totals,240,.545,.512,.329,.220,28.9,81.8,55.1,65.8,8.7,7.1,14.3,100.0,106.0,104.9,
https://www.basketball-reference.com/boxscores/201412020NOP.html,"8:00 PM, December 2, 2014",New Orleans Pelicans,Oklahoma City Thunder,112,104,OKC,,,Team Totals,240,37,84,.440,7,24,.292,23,27,.852,9,36,45,16,7,6,17,32,104,,,Team Totals,240,.542,.482,.286,.321,21.4,69.2,47.9,43.2,6.9,8.5,15.1,100.0,102.0,109.9,
https://www.basketball-reference.com/boxscores/201412020NOP.html,"8:00 PM, December 2, 2014",New Orleans Pelicans,Oklahoma City Thunder,112,104,NOP,,,Team Totals,240,39,88,.443,5,17,.294,29,45,.644,16,33,49,23,13,11,13,21,112,,,Team Totals,240,.519,.472,.193,.511,30.8,78.6,52.1,59.0,12.8,18.3,10.8,100.0,109.9,102.0,
https://www.basketball-reference.com/boxscores/201412020NYK.html,"7:30 PM, December 2, 2014",New York Knicks,Brooklyn Nets,93,98,BRK,,,Team Totals,240,39,89,.438,6,17,.353,14,20,.700,21,28,49,22,7,5,14,20,98,,,Team Totals,240,.501,.472,.191,.225,43.8,68.3,55.1,56.4,8.1,9.4,12.5,100.0,113.6,107.8,
https://www.basketball-reference.com/boxscores/201412020NYK.html,"7:30 PM, December 2, 2014",New York Knicks,Brooklyn Nets,93,98,NYK,,,Team Totals,240,35,81,.432,11,28,.393,12,14,.857,13,27,40,22,8,3,14,21,93,,,Team Totals,240,.534,.500,.346,.173,31.7,56.3,44.9,62.9,9.3,4.2,13.8,100.0,107.8,113.6,
https://www.basketball-reference.com/boxscores/201412020PHO.html,"9:00 PM, December 2, 2014",Phoenix Suns,Indiana Pacers,116,99,IND,,,Team Totals,240,41,85,.482,4,13,.308,13,17,.765,8,33,41,20,8,3,19,24,99,,,Team Totals,240,.535,.506,.153,.200,18.6,78.6,48.2,48.8,8.0,4.9,17.0,100.0,98.7,115.7,
https://www.basketball-reference.com/boxscores/201412020PHO.html,"9:00 PM, December 2, 2014",Phoenix Suns,Indiana Pacers,116,99,PHO,,,Team Totals,240,43,86,.500,12,25,.480,18,26,.692,9,35,44,18,13,5,12,19,116,,,Team Totals,240,.595,.570,.291,.302,21.4,81.4,51.8,41.9,13.0,6.9,11.0,100.0,115.7,98.7,
https://www.basketball-reference.com/boxscores/201412020SAC.html,"10:00 PM, December 2, 2014",Sacramento Kings,Toronto Raptors,109,117,TOR,,,Team Totals,240,44,88,.500,10,23,.435,19,21,.905,13,22,35,22,8,3,13,29,117,,,Team Totals,240,.602,.557,.261,.239,38.2,62.9,50.7,50.0,8.7,4.6,11.8,100.0,127.9,119.2,
https://www.basketball-reference.com/boxscores/201412020SAC.html,"10:00 PM, December 2, 2014",Sacramento Kings,Toronto Raptors,109,117,SAC,,,Team Totals,240,39,75,.520,3,10,.300,28,37,.757,13,21,34,28,5,3,16,23,109,,,Team Totals,240,.597,.540,.133,.493,37.1,61.8,49.3,71.8,5.5,4.6,14.9,100.0,119.2,127.9,
https://www.basketball-reference.com/boxscores/201412030BOS.html,"7:30 PM, December 3, 2014",Boston Celtics,Detroit Pistons,109,102,DET,,,Team Totals,265,37,102,.363,8,27,.296,20,29,.690,16,39,55,20,7,7,12,23,102,,,Team Totals,265,.444,.402,.265,.284,28.1,83.0,52.9,54.1,6.6,11.1,9.5,100.0,95.9,102.5,
https://www.basketball-reference.com/boxscores/201412030BOS.html,"7:30 PM, December 3, 2014",Boston Celtics,Detroit Pistons,109,102,BOS,,,Team Totals,265,37,93,.398,13,30,.433,22,27,.815,8,41,49,28,8,6,13,21,109,,,Team Totals,265,.520,.468,.323,.290,17.0,71.9,47.1,75.7,7.5,8.0,11.0,100.0,102.5,95.9,
https://www.basketball-reference.com/boxscores/201412030BRK.html,"7:30 PM, December 3, 2014",Brooklyn Nets,San Antonio Spurs,95,93,SAS,,,Team Totals,265,36,101,.356,12,32,.375,9,12,.750,18,40,58,23,5,6,8,19,93,,,Team Totals,265,.438,.416,.317,.119,28.6,81.6,51.8,63.9,5.2,8.5,7.0,100.0,97.5,99.6,
https://www.basketball-reference.com/boxscores/201412030BRK.html,"7:30 PM, December 3, 2014",Brooklyn Nets,San Antonio Spurs,95,93,BRK,,,Team Totals,265,37,90,.411,9,19,.474,12,18,.667,9,45,54,20,2,2,10,10,95,,,Team Totals,265,.485,.461,.211,.200,18.4,71.4,48.2,54.1,2.1,2.9,9.3,100.0,99.6,97.5,
https://www.basketball-reference.com/boxscores/201412030CHO.html,"7:00 PM, December 3, 2014",Charlotte Hornets,Chicago Bulls,95,102,CHI,,,Team Totals,240,37,80,.463,12,28,.429,16,21,.762,4,45,49,27,4,1,13,18,102,,,Team Totals,240,.571,.538,.350,.263,10.3,86.5,53.8,73.0,4.1,1.3,12.7,100.0,105.6,98.4,
https://www.basketball-reference.com/boxscores/201412030CHO.html,"7:00 PM, December 3, 2014",Charlotte Hornets,Chicago Bulls,95,102,CHO,,,Team Totals,240,36,90,.400,2,15,.133,21,23,.913,7,35,42,17,5,3,5,21,95,,,Team Totals,240,.474,.411,.167,.256,13.5,89.7,46.2,47.2,5.2,5.8,4.8,100.0,98.4,105.6,
https://www.basketball-reference.com/boxscores/201412030HOU.html,"8:00 PM, December 3, 2014",Houston Rockets,Memphis Grizzlies,105,96,MEM,,,Team Totals,240,39,76,.513,2,13,.154,16,27,.593,10,29,39,26,9,7,21,15,96,,,Team Totals,240,.546,.526,.171,.355,25.6,55.8,42.9,66.7,9.3,10.8,19.3,100.0,98.9,108.2,
https://www.basketball-reference.com/boxscores/201412030HOU.html,"8:00 PM, December 3, 2014",Houston Rockets,Memphis Grizzlies,105,96,HOU,,,Team Totals,240,41,93,.441,10,28,.357,13,20,.650,23,29,52,22,14,8,20,26,105,,,Team Totals,240,.516,.495,.301,.215,44.2,74.4,57.1,53.7,14.4,12.7,16.4,100.0,108.2,98.9,
https://www.basketball-reference.com/boxscores/201412030LAC.html,"10:30 PM, December 3, 2014",Los Angeles Clippers,Orlando Magic,114,86,ORL,,,Team Totals,240,33,79,.418,7,20,.350,13,25,.520,6,28,34,21,11,2,17,24,86,,,Team Totals,240,.478,.462,.253,.316,13.6,82.4,43.6,63.6,11.1,4.3,15.9,100.0,86.7,114.9,
https://www.basketball-reference.com/boxscores/201412030LAC.html,"10:30 PM, December 3, 2014",Los Angeles Clippers,Orlando Magic,114,86,LAC,,,Team Totals,240,42,78,.538,12,31,.387,18,25,.720,6,38,44,32,11,6,18,17,114,,,Team Totals,240,.640,.615,.397,.321,17.6,86.4,56.4,76.2,11.1,10.2,16.8,100.0,114.9,86.7,
https://www.basketball-reference.com/boxscores/201412030MIA.html,"7:30 PM, December 3, 2014",Miami Heat,Atlanta Hawks,102,112,ATL,,,Team Totals,240,40,74,.541,12,25,.480,20,23,.870,5,25,30,25,9,1,19,24,112,,,Team Totals,240,.666,.622,.338,.311,16.1,86.2,50.0,62.5,9.6,2.1,18.4,100.0,119.1,108.5,
https://www.basketball-reference.com/boxscores/201412030MIA.html,"7:30 PM, December 3, 2014",Miami Heat,Atlanta Hawks,102,112,MIA,,,Team Totals,240,36,64,.563,6,16,.375,24,32,.750,4,26,30,25,10,5,19,24,102,,,Team Totals,240,.653,.609,.250,.500,13.8,83.9,50.0,69.4,10.6,10.2,19.6,100.0,108.5,119.1,
https://www.basketball-reference.com/boxscores/201412030MIL.html,"8:00 PM, December 3, 2014",Milwaukee Bucks,Dallas Mavericks,105,107,DAL,,,Team Totals,240,42,92,.457,8,27,.296,15,22,.682,17,29,46,20,8,6,17,23,107,,,Team Totals,240,.526,.500,.293,.239,35.4,78.4,54.1,47.6,8.2,9.7,14.3,100.0,109.4,107.4,
https://www.basketball-reference.com/boxscores/201412030MIL.html,"8:00 PM, December 3, 2014",Milwaukee Bucks,Dallas Mavericks,105,107,MIL,,,Team Totals,240,38,73,.521,7,11,.636,22,32,.688,8,31,39,24,11,2,19,24,105,,,Team Totals,240,.603,.568,.151,.438,21.6,64.6,45.9,63.2,11.3,3.1,17.9,100.0,107.4,109.4,
https://www.basketball-reference.com/boxscores/201412030MIN.html,"8:00 PM, December 3, 2014",Minnesota Timberwolves,Philadelphia 76ers,77,85,PHI,,,Team Totals,240,32,82,.390,5,24,.208,16,25,.640,13,36,49,15,12,7,19,17,85,,,Team Totals,240,.457,.421,.293,.305,25.0,76.6,49.5,46.9,12.4,10.4,17.0,100.0,87.7,79.4,
https://www.basketball-reference.com/boxscores/201412030MIN.html,"8:00 PM, December 3, 2014",Minnesota Timberwolves,Philadelphia 76ers,77,85,MIN,,,Team Totals,240,30,84,.357,3,17,.176,14,17,.824,11,39,50,17,8,5,19,21,77,,,Team Totals,240,.421,.375,.202,.202,23.4,75.0,50.5,56.7,8.3,8.6,17.2,100.0,79.4,87.7,
https://www.basketball-reference.com/boxscores/201412030UTA.html,"9:00 PM, December 3, 2014",Utah Jazz,Toronto Raptors,104,123,TOR,,,Team Totals,240,45,79,.570,12,21,.571,21,24,.875,8,29,37,15,7,3,9,16,123,,,Team Totals,240,.687,.646,.266,.304,26.7,69.0,51.4,33.3,8.0,5.1,9.1,100.0,141.4,119.5,
https://www.basketball-reference.com/boxscores/201412030UTA.html,"9:00 PM, December 3, 2014",Utah Jazz,Toronto Raptors,104,123,UTA,,,Team Totals,240,42,87,.483,8,28,.286,12,15,.800,13,22,35,21,7,5,8,15,104,,,Team Totals,240,.556,.529,.322,.172,31.0,73.3,48.6,50.0,8.0,8.6,7.9,100.0,119.5,141.4,
https://www.basketball-reference.com/boxscores/201412030WAS.html,"7:00 PM, December 3, 2014",Washington Wizards,Los Angeles Lakers,111,95,LAL,,,Team Totals,240,33,85,.388,12,29,.414,17,21,.810,9,34,43,16,8,6,13,20,95,,,Team Totals,240,.504,.459,.341,.247,18.0,73.9,44.8,48.5,8.2,8.1,12.1,100.0,97.6,114.1,
https://www.basketball-reference.com/boxscores/201412030WAS.html,"7:00 PM, December 3, 2014",Washington Wizards,Los Angeles Lakers,111,95,WAS,,,Team Totals,240,45,93,.484,6,19,.316,15,19,.789,12,41,53,33,6,3,11,15,111,,,Team Totals,240,.548,.516,.204,.204,26.1,82.0,55.2,73.3,6.2,5.4,9.8,100.0,114.1,97.6,
https://www.basketball-reference.com/boxscores/201412040GSW.html,"10:30 PM, December 4, 2014",Golden State Warriors,New Orleans Pelicans,112,85,NOP,,,Team Totals,240,37,89,.416,3,15,.200,8,13,.615,10,37,47,23,8,4,17,15,85,,,Team Totals,240,.449,.433,.169,.146,20.8,67.3,45.6,62.2,8.1,5.1,15.2,100.0,86.4,113.8,
https://www.basketball-reference.com/boxscores/201412040GSW.html,"10:30 PM, December 4, 2014",Golden State Warriors,New Orleans Pelicans,112,85,GSW,,,Team Totals,240,47,100,.470,10,22,.455,8,17,.471,18,38,56,31,11,8,9,8,112,,,Team Totals,240,.521,.520,.220,.170,32.7,79.2,54.4,66.0,11.2,10.8,7.7,100.0,113.8,86.4,
https://www.basketball-reference.com/boxscores/201412040NYK.html,"8:00 PM, December 4, 2014",New York Knicks,Cleveland Cavaliers,87,90,CLE,,,Team Totals,240,32,70,.457,5,18,.278,21,26,.808,6,27,33,19,8,1,17,16,90,,,Team Totals,240,.553,.493,.257,.371,16.7,61.4,41.3,59.4,8.8,1.6,17.3,100.0,98.9,95.6,
https://www.basketball-reference.com/boxscores/201412040NYK.html,"8:00 PM, December 4, 2014",New York Knicks,Cleveland Cavaliers,87,90,NYK,,,Team Totals,240,37,88,.420,8,26,.308,5,6,.833,17,30,47,26,11,3,22,25,87,,,Team Totals,240,.480,.466,.295,.068,38.6,83.3,58.8,70.3,12.1,5.8,19.5,100.0,95.6,98.9,
https://www.basketball-reference.com/boxscores/201412040POR.html,"10:00 PM, December 4, 2014",Portland Trail Blazers,Indiana Pacers,88,82,IND,,,Team Totals,240,36,91,.396,5,18,.278,5,8,.625,11,40,51,19,5,5,17,19,82,,,Team Totals,240,.434,.423,.198,.088,20.4,88.9,51.5,52.8,5.1,8.1,15.2,100.0,83.1,89.1,
https://www.basketball-reference.com/boxscores/201412040POR.html,"10:00 PM, December 4, 2014",Portland Trail Blazers,Indiana Pacers,88,82,POR,,,Team Totals,240,33,83,.398,4,21,.190,18,23,.783,5,43,48,20,9,5,12,16,88,,,Team Totals,240,.473,.422,.253,.277,11.1,79.6,48.5,60.6,9.1,6.8,11.4,100.0,89.1,83.1,
https://www.basketball-reference.com/boxscores/201412050BOS.html,"7:30 PM, December 5, 2014",Boston Celtics,Los Angeles Lakers,113,96,LAL,,,Team Totals,240,38,92,.413,6,16,.375,14,19,.737,7,31,38,14,2,4,12,18,96,,,Team Totals,240,.478,.446,.174,.207,13.7,75.6,41.3,36.8,1.9,5.7,10.7,100.0,92.3,108.7,
https://www.basketball-reference.com/boxscores/201412050BOS.html,"7:30 PM, December 5, 2014",Boston Celtics,Los Angeles Lakers,113,96,BOS,,,Team Totals,240,46,90,.511,8,20,.400,13,22,.591,10,44,54,29,6,2,17,19,113,,,Team Totals,240,.567,.556,.222,.244,24.4,86.3,58.7,63.0,5.8,2.6,14.6,100.0,108.7,92.3,
https://www.basketball-reference.com/boxscores/201412050BRK.html,"7:30 PM, December 5, 2014",Brooklyn Nets,Atlanta Hawks,75,98,ATL,,,Team Totals,240,35,81,.432,13,34,.382,15,24,.625,6,40,46,22,12,4,11,22,98,,,Team Totals,240,.535,.512,.420,.296,12.5,81.6,47.4,62.9,12.5,6.5,10.7,100.0,102.0,78.0,
https://www.basketball-reference.com/boxscores/201412050BRK.html,"7:30 PM, December 5, 2014",Brooklyn Nets,Atlanta Hawks,75,98,BRK,,,Team Totals,240,30,80,.375,3,18,.167,12,19,.632,9,42,51,16,4,2,19,21,75,,,Team Totals,240,.424,.394,.225,.238,18.4,87.5,52.6,53.3,4.2,4.3,17.7,100.0,78.0,102.0,
https://www.basketball-reference.com/boxscores/201412050CHO.html,"7:00 PM, December 5, 2014",Charlotte Hornets,New York Knicks,103,102,NYK,,,Team Totals,240,37,79,.468,10,22,.455,18,22,.818,4,30,34,23,5,4,6,21,102,,,Team Totals,240,.575,.532,.278,.278,11.4,75.0,45.3,62.2,5.6,5.7,6.3,100.0,114.2,115.4,
https://www.basketball-reference.com/boxscores/201412050CHO.html,"7:00 PM, December 5, 2014",Charlotte Hornets,New York Knicks,103,102,CHO,,,Team Totals,240,42,88,.477,4,18,.222,15,18,.833,10,31,41,19,2,7,7,20,103,,,Team Totals,240,.537,.500,.205,.205,25.0,88.6,54.7,45.2,2.2,12.3,6.8,100.0,115.4,114.2,
https://www.basketball-reference.com/boxscores/201412050DAL.html,"8:30 PM, December 5, 2014",Dallas Mavericks,Phoenix Suns,106,118,PHO,,,Team Totals,240,45,80,.563,13,26,.500,15,17,.882,7,34,41,27,5,3,13,25,118,,,Team Totals,240,.674,.644,.325,.213,20.0,68.0,48.2,60.0,5.4,4.3,12.9,100.0,126.3,113.4,
https://www.basketball-reference.com/boxscores/201412050DAL.html,"8:30 PM, December 5, 2014",Dallas Mavericks,Phoenix Suns,106,118,DAL,,,Team Totals,240,40,88,.455,4,19,.211,22,30,.733,16,28,44,13,5,1,11,16,106,,,Team Totals,240,.524,.477,.216,.341,32.0,80.0,51.8,32.5,5.4,1.9,9.8,100.0,113.4,126.3,
https://www.basketball-reference.com/boxscores/201412050MEM.html,"8:00 PM, December 5, 2014",Memphis Grizzlies,San Antonio Spurs,101,107,SAS,,,Team Totals,240,40,84,.476,14,25,.560,13,16,.813,12,32,44,25,5,8,14,22,107,,,Team Totals,240,.588,.560,.298,.190,28.6,82.1,54.3,62.5,5.5,11.8,13.3,100.0,116.9,110.3,
https://www.basketball-reference.com/boxscores/201412050MEM.html,"8:00 PM, December 5, 2014",Memphis Grizzlies,San Antonio Spurs,101,107,MEM,,,Team Totals,240,37,80,.463,5,12,.417,22,26,.846,7,30,37,19,4,7,10,19,101,,,Team Totals,240,.552,.494,.150,.325,17.9,71.4,45.7,51.4,4.4,11.9,9.9,100.0,110.3,116.9,
https://www.basketball-reference.com/boxscores/201412050MIL.html,"8:30 PM, December 5, 2014",Milwaukee Bucks,Miami Heat,109,85,MIA,,,Team Totals,240,30,68,.441,7,18,.389,18,27,.667,3,17,20,21,16,3,18,22,85,,,Team Totals,240,.532,.493,.265,.397,8.3,58.6,30.8,70.0,17.3,5.7,18.4,100.0,92.1,118.1,
https://www.basketball-reference.com/boxscores/201412050MIL.html,"8:30 PM, December 5, 2014",Milwaukee Bucks,Miami Heat,109,85,MIL,,,Team Totals,240,39,69,.565,9,16,.563,22,26,.846,12,33,45,21,11,3,25,26,109,,,Team Totals,240,.678,.630,.232,.377,41.4,91.7,69.2,53.8,11.9,6.0,23.7,100.0,118.1,92.1,
https://www.basketball-reference.com/boxscores/201412050MIN.html,"8:00 PM, December 5, 2014",Minnesota Timberwolves,Houston Rockets,112,114,HOU,,,Team Totals,265,38,78,.487,12,32,.375,26,31,.839,7,35,42,19,3,3,23,28,114,,,Team Totals,265,.622,.564,.410,.397,19.4,71.4,49.4,50.0,2.8,3.4,20.1,100.0,108.1,106.2,
https://www.basketball-reference.com/boxscores/201412050MIN.html,"8:00 PM, December 5, 2014",Minnesota Timberwolves,Houston Rockets,112,114,MIN,,,Team Totals,265,45,97,.464,3,10,.300,19,27,.704,14,29,43,23,12,5,14,26,112,,,Team Totals,265,.514,.479,.103,.278,28.6,80.6,50.6,51.1,11.4,10.9,11.4,100.0,106.2,108.1,
https://www.basketball-reference.com/boxscores/201412050PHI.html,"7:00 PM, December 5, 2014",Philadelphia 76ers,Oklahoma City Thunder,91,103,OKC,,,Team Totals,240,35,71,.493,9,23,.391,24,31,.774,6,34,40,27,7,8,17,24,103,,,Team Totals,240,.608,.556,.324,.437,19.4,64.2,47.6,77.1,7.4,14.3,16.7,100.0,109.6,96.8,
https://www.basketball-reference.com/boxscores/201412050PHI.html,"7:00 PM, December 5, 2014",Philadelphia 76ers,Oklahoma City Thunder,91,103,PHI,,,Team Totals,240,32,84,.381,8,28,.286,19,30,.633,19,25,44,25,13,2,19,24,91,,,Team Totals,240,.468,.429,.333,.357,35.8,80.6,52.4,78.1,13.8,4.2,16.4,100.0,96.8,109.6,
https://www.basketball-reference.com/boxscores/201412050SAC.html,"10:00 PM, December 5, 2014",Sacramento Kings,Indiana Pacers,102,101,IND,,,Team Totals,265,36,96,.375,6,26,.231,23,29,.793,9,34,43,18,10,5,9,33,101,,,Team Totals,265,.464,.406,.271,.302,19.1,75.6,46.7,50.0,9.7,6.8,7.6,100.0,98.1,99.0,
https://www.basketball-reference.com/boxscores/201412050SAC.html,"10:00 PM, December 5, 2014",Sacramento Kings,Indiana Pacers,102,101,SAC,,,Team Totals,265,36,83,.434,2,10,.200,28,40,.700,11,38,49,16,6,2,15,24,102,,,Team Totals,265,.507,.446,.120,.482,24.4,80.9,53.3,44.4,5.8,2.9,13.0,100.0,99.0,98.1,
https://www.basketball-reference.com/boxscores/201412050TOR.html,"7:30 PM, December 5, 2014",Toronto Raptors,Cleveland Cavaliers,91,105,CLE,,,Team Totals,240,41,84,.488,9,20,.450,14,21,.667,15,33,48,28,7,2,13,21,105,,,Team Totals,240,.563,.542,.238,.250,36.6,70.2,54.5,68.3,7.9,3.2,12.2,100.0,118.4,102.6,
https://www.basketball-reference.com/boxscores/201412050TOR.html,"7:30 PM, December 5, 2014",Toronto Raptors,Cleveland Cavaliers,91,105,TOR,,,Team Totals,240,35,86,.407,8,24,.333,13,20,.650,14,26,40,25,4,4,11,17,91,,,Team Totals,240,.480,.453,.279,.233,29.8,63.4,45.5,71.4,4.5,6.3,10.4,100.0,102.6,118.4,
https://www.basketball-reference.com/boxscores/201412050UTA.html,"9:00 PM, December 5, 2014",Utah Jazz,Orlando Magic,93,98,ORL,,,Team Totals,240,37,74,.500,7,17,.412,17,20,.850,9,29,38,15,6,3,9,20,98,,,Team Totals,240,.592,.547,.230,.270,24.3,69.0,48.1,40.5,7.2,4.8,9.8,100.0,117.7,111.7,
https://www.basketball-reference.com/boxscores/201412050UTA.html,"9:00 PM, December 5, 2014",Utah Jazz,Orlando Magic,93,98,UTA,,,Team Totals,240,36,79,.456,8,16,.500,13,21,.619,13,28,41,23,4,6,12,21,93,,,Team Totals,240,.527,.506,.203,.266,31.0,75.7,51.9,63.9,4.8,10.5,12.0,100.0,111.7,117.7,
https://www.basketball-reference.com/boxscores/201412050WAS.html,"7:00 PM, December 5, 2014",Washington Wizards,Denver Nuggets,119,89,DEN,,,Team Totals,240,31,82,.378,5,22,.227,22,30,.733,10,26,36,16,8,7,19,22,89,,,Team Totals,240,.467,.409,.268,.366,20.8,65.0,40.9,51.6,8.1,10.8,16.6,100.0,89.7,119.9,
https://www.basketball-reference.com/boxscores/201412050WAS.html,"7:00 PM, December 5, 2014",Washington Wizards,Denver Nuggets,119,89,WAS,,,Team Totals,240,45,85,.529,7,20,.350,22,27,.815,14,38,52,35,12,11,16,20,119,,,Team Totals,240,.614,.571,.235,.318,35.0,79.2,59.1,77.8,12.1,18.3,14.2,100.0,119.9,89.7,
https://www.basketball-reference.com/boxscores/201412060CHI.html,"8:00 PM, December 6, 2014",Chicago Bulls,Golden State Warriors,102,112,GSW,,,Team Totals,240,40,89,.449,12,30,.400,20,25,.800,15,25,40,27,14,6,11,21,112,,,Team Totals,240,.560,.517,.337,.281,31.3,59.5,44.4,67.5,14.7,9.7,9.9,100.0,117.9,107.3,
https://www.basketball-reference.com/boxscores/201412060CHI.html,"8:00 PM, December 6, 2014",Chicago Bulls,Golden State Warriors,102,112,CHI,,,Team Totals,240,36,83,.434,7,21,.333,23,27,.852,17,33,50,24,6,3,23,23,102,,,Team Totals,240,.538,.476,.253,.325,40.5,68.8,55.6,66.7,6.3,5.1,19.5,100.0,107.3,117.9,
https://www.basketball-reference.com/boxscores/201412060DET.html,"7:30 PM, December 6, 2014",Detroit Pistons,Philadelphia 76ers,101,108,PHI,,,Team Totals,265,40,87,.460,7,23,.304,21,30,.700,12,41,53,27,12,8,19,27,108,,,Team Totals,265,.539,.500,.264,.345,25.5,77.4,53.0,67.5,11.3,12.5,15.9,100.0,101.7,95.1,
https://www.basketball-reference.com/boxscores/201412060DET.html,"7:30 PM, December 6, 2014",Detroit Pistons,Philadelphia 76ers,101,108,DET,,,Team Totals,265,34,87,.391,6,23,.261,27,35,.771,12,35,47,22,11,6,19,24,101,,,Team Totals,265,.493,.425,.264,.402,22.6,74.5,47.0,64.7,10.4,9.4,15.7,100.0,95.1,101.7,
https://www.basketball-reference.com/boxscores/201412060HOU.html,"8:00 PM, December 6, 2014",Houston Rockets,Phoenix Suns,100,95,PHO,,,Team Totals,240,34,93,.366,7,28,.250,20,26,.769,16,24,40,16,14,8,13,20,95,,,Team Totals,240,.455,.403,.301,.280,29.6,55.8,41.2,47.1,14.6,14.8,11.1,100.0,98.8,103.9,
https://www.basketball-reference.com/boxscores/201412060HOU.html,"8:00 PM, December 6, 2014",Houston Rockets,Phoenix Suns,100,95,HOU,,,Team Totals,240,33,81,.407,11,27,.407,23,31,.742,19,38,57,16,7,7,24,23,100,,,Team Totals,240,.528,.475,.333,.383,44.2,70.4,58.8,48.5,7.3,10.8,20.2,100.0,103.9,98.8,
https://www.basketball-reference.com/boxscores/201412060LAC.html,"10:30 PM, December 6, 2014",Los Angeles Clippers,New Orleans Pelicans,120,100,NOP,,,Team Totals,240,38,80,.475,8,23,.348,16,25,.640,12,33,45,26,4,2,11,18,100,,,Team Totals,240,.549,.525,.288,.313,27.3,84.6,54.2,68.4,4.5,4.3,10.8,100.0,112.6,135.1,
https://www.basketball-reference.com/boxscores/201412060LAC.html,"10:30 PM, December 6, 2014",Los Angeles Clippers,New Orleans Pelicans,120,100,LAC,,,Team Totals,240,43,78,.551,17,32,.531,17,24,.708,6,32,38,34,7,6,7,20,120,,,Team Totals,240,.678,.660,.410,.308,15.4,72.7,45.8,79.1,7.9,10.5,7.3,100.0,135.1,112.6,
https://www.basketball-reference.com/boxscores/201412060SAC.html,"10:00 PM, December 6, 2014",Sacramento Kings,Orlando Magic,96,105,ORL,,,Team Totals,240,42,83,.506,9,26,.346,12,14,.857,10,30,40,26,4,5,11,25,105,,,Team Totals,240,.589,.560,.313,.169,27.8,76.9,53.3,61.9,4.5,7.8,11.0,100.0,118.1,108.0,
https://www.basketball-reference.com/boxscores/201412060SAC.html,"10:00 PM, December 6, 2014",Sacramento Kings,Orlando Magic,96,105,SAC,,,Team Totals,240,35,79,.443,4,15,.267,22,28,.786,9,26,35,22,5,2,11,16,96,,,Team Totals,240,.526,.468,.190,.354,23.1,72.2,46.7,62.9,5.6,3.5,10.8,100.0,108.0,118.1,
https://www.basketball-reference.com/boxscores/201412060SAS.html,"8:30 PM, December 6, 2014",San Antonio Spurs,Minnesota Timberwolves,123,101,MIN,,,Team Totals,240,35,83,.422,6,16,.375,25,32,.781,8,25,33,20,10,2,8,22,101,,,Team Totals,240,.520,.458,.193,.386,18.6,75.8,43.4,57.1,10.3,3.1,7.6,100.0,104.0,126.7,
https://www.basketball-reference.com/boxscores/201412060SAS.html,"8:30 PM, December 6, 2014",San Antonio Spurs,Minnesota Timberwolves,123,101,SAS,,,Team Totals,240,47,82,.573,7,18,.389,22,25,.880,8,35,43,30,5,6,17,24,123,,,Team Totals,240,.661,.616,.220,.305,24.2,81.4,56.6,63.8,5.2,9.0,15.5,100.0,126.7,104.0,
https://www.basketball-reference.com/boxscores/201412070ATL.html,"3:30 PM, December 7, 2014",Atlanta Hawks,Denver Nuggets,96,84,DEN,,,Team Totals,240,34,93,.366,6,35,.171,10,13,.769,16,36,52,25,9,4,14,22,84,,,Team Totals,240,.425,.398,.376,.140,33.3,76.6,54.7,73.5,9.7,6.7,12.4,100.0,90.8,103.8,
https://www.basketball-reference.com/boxscores/201412070ATL.html,"3:30 PM, December 7, 2014",Atlanta Hawks,Denver Nuggets,96,84,ATL,,,Team Totals,240,36,87,.414,10,27,.370,14,19,.737,11,32,43,26,9,4,12,15,96,,,Team Totals,240,.503,.471,.310,.218,23.4,66.7,45.3,72.2,9.7,6.9,11.2,100.0,103.8,90.8,
https://www.basketball-reference.com/boxscores/201412070BOS.html,"1:00 PM, December 7, 2014",Boston Celtics,Washington Wizards,101,93,WAS,,,Team Totals,240,34,93,.366,11,27,.407,14,21,.667,16,36,52,21,5,8,19,20,93,,,Team Totals,240,.455,.425,.290,.226,28.6,80.0,51.5,61.8,4.9,11.3,15.7,100.0,90.5,98.2,
https://www.basketball-reference.com/boxscores/201412070BOS.html,"1:00 PM, December 7, 2014",Boston Celtics,Washington Wizards,101,93,BOS,,,Team Totals,240,36,88,.409,8,17,.471,21,26,.808,9,40,49,20,10,7,16,21,101,,,Team Totals,240,.508,.455,.193,.295,20.0,71.4,48.5,55.6,9.7,10.6,13.9,100.0,98.2,90.5,
https://www.basketball-reference.com/boxscores/201412070DAL.html,"7:30 PM, December 7, 2014",Dallas Mavericks,Milwaukee Bucks,125,102,MIL,,,Team Totals,240,42,84,.500,4,15,.267,14,17,.824,11,25,36,17,7,4,19,18,102,,,Team Totals,240,.557,.524,.179,.202,28.2,75.8,50.0,40.5,7.3,7.5,17.2,100.0,107.0,131.1,
https://www.basketball-reference.com/boxscores/201412070DAL.html,"7:30 PM, December 7, 2014",Dallas Mavericks,Milwaukee Bucks,125,102,DAL,,,Team Totals,240,49,84,.583,12,31,.387,15,19,.789,8,28,36,29,14,8,11,14,125,,,Team Totals,240,.677,.655,.369,.226,24.2,71.8,50.0,59.2,14.7,11.6,10.6,100.0,131.1,107.0,
https://www.basketball-reference.com/boxscores/201412070DET.html,"6:00 PM, December 7, 2014",Detroit Pistons,Oklahoma City Thunder,94,96,OKC,,,Team Totals,240,39,87,.448,6,21,.286,12,17,.706,16,34,50,20,5,7,15,24,96,,,Team Totals,240,.508,.483,.241,.195,34.0,81.0,56.2,51.3,5.4,13.2,13.7,100.0,104.4,102.2,
https://www.basketball-reference.com/boxscores/201412070DET.html,"6:00 PM, December 7, 2014",Detroit Pistons,Oklahoma City Thunder,94,96,DET,,,Team Totals,240,34,76,.447,7,23,.304,19,28,.679,8,31,39,25,5,1,14,21,94,,,Team Totals,240,.532,.493,.303,.368,19.0,66.0,43.8,73.5,5.4,1.5,13.7,100.0,102.2,104.4,
https://www.basketball-reference.com/boxscores/201412070LAL.html,"9:30 PM, December 7, 2014",Los Angeles Lakers,New Orleans Pelicans,87,104,NOP,,,Team Totals,240,43,83,.518,8,18,.444,10,15,.667,9,41,50,28,2,4,16,14,104,,,Team Totals,240,.580,.566,.217,.181,25.0,85.4,59.5,65.1,2.1,5.6,15.2,100.0,110.1,92.1,
https://www.basketball-reference.com/boxscores/201412070LAL.html,"9:30 PM, December 7, 2014",Los Angeles Lakers,New Orleans Pelicans,87,104,LAL,,,Team Totals,240,36,90,.400,5,19,.263,10,15,.667,7,27,34,18,4,6,7,15,87,,,Team Totals,240,.450,.428,.211,.167,14.6,75.0,40.5,50.0,4.2,9.2,6.8,100.0,92.1,110.1,
https://www.basketball-reference.com/boxscores/201412070MEM.html,"6:00 PM, December 7, 2014",Memphis Grizzlies,Miami Heat,103,87,MIA,,,Team Totals,240,39,80,.488,5,16,.313,4,8,.500,10,20,30,21,10,2,11,12,87,,,Team Totals,240,.521,.519,.200,.100,24.4,74.1,44.1,53.8,12.0,3.3,11.6,100.0,104.5,123.7,
https://www.basketball-reference.com/boxscores/201412070MEM.html,"6:00 PM, December 7, 2014",Memphis Grizzlies,Miami Heat,103,87,MEM,,,Team Totals,240,43,73,.589,8,13,.615,9,11,.818,7,31,38,24,7,4,14,14,103,,,Team Totals,240,.662,.644,.178,.151,25.9,75.6,55.9,55.8,8.4,6.3,15.2,100.0,123.7,104.5,
https://www.basketball-reference.com/boxscores/201412070NYK.html,"7:30 PM, December 7, 2014",New York Knicks,Portland Trail Blazers,99,103,POR,,,Team Totals,240,36,85,.424,10,28,.357,21,29,.724,16,28,44,21,8,2,10,17,103,,,Team Totals,240,.527,.482,.329,.341,32.7,87.5,54.3,58.3,8.7,3.3,9.3,100.0,112.6,108.2,
https://www.basketball-reference.com/boxscores/201412070NYK.html,"7:30 PM, December 7, 2014",New York Knicks,Portland Trail Blazers,99,103,NYK,,,Team Totals,240,41,79,.519,5,19,.263,12,14,.857,4,33,37,20,6,4,14,23,99,,,Team Totals,240,.581,.551,.241,.177,12.5,67.3,45.7,48.8,6.6,7.0,14.1,100.0,108.2,112.6,
https://www.basketball-reference.com/boxscores/201412080BRK.html,"7:30 PM, December 8, 2014",Brooklyn Nets,Cleveland Cavaliers,88,110,CLE,,,Team Totals,240,43,90,.478,9,25,.360,15,22,.682,20,35,55,25,10,5,14,17,110,,,Team Totals,240,.552,.528,.278,.244,46.5,77.8,62.5,58.1,11.2,8.1,12.3,100.0,122.7,98.2,
https://www.basketball-reference.com/boxscores/201412080BRK.html,"7:30 PM, December 8, 2014",Brooklyn Nets,Cleveland Cavaliers,88,110,BRK,,,Team Totals,240,36,81,.444,4,19,.211,12,19,.632,10,23,33,25,6,2,12,18,88,,,Team Totals,240,.492,.469,.235,.235,22.2,53.5,37.5,69.4,6.7,3.1,11.8,100.0,98.2,122.7,
https://www.basketball-reference.com/boxscores/201412080IND.html,"7:00 PM, December 8, 2014",Indiana Pacers,Atlanta Hawks,92,108,ATL,,,Team Totals,240,40,77,.519,9,21,.429,19,27,.704,6,41,47,27,11,7,16,20,108,,,Team Totals,240,.608,.578,.273,.351,15.0,83.7,52.8,67.5,11.1,12.3,15.3,100.0,109.4,93.2,
https://www.basketball-reference.com/boxscores/201412080IND.html,"7:00 PM, December 8, 2014",Indiana Pacers,Atlanta Hawks,92,108,IND,,,Team Totals,240,37,84,.440,9,27,.333,9,17,.529,8,34,42,23,6,2,17,22,92,,,Team Totals,240,.503,.494,.321,.202,16.3,85.0,47.2,62.2,6.1,3.6,15.7,100.0,93.2,109.4,
https://www.basketball-reference.com/boxscores/201412080LAC.html,"10:30 PM, December 8, 2014",Los Angeles Clippers,Phoenix Suns,121,120,PHO,,,Team Totals,265,44,91,.484,16,37,.432,16,20,.800,7,36,43,32,9,3,17,28,120,,,Team Totals,265,.601,.571,.407,.220,16.7,78.3,48.9,72.7,8.4,4.6,14.6,100.0,111.9,112.8,
https://www.basketball-reference.com/boxscores/201412080LAC.html,"10:30 PM, December 8, 2014",Los Angeles Clippers,Phoenix Suns,121,120,LAC,,,Team Totals,265,44,96,.458,9,31,.290,24,30,.800,10,35,45,27,7,5,11,22,121,,,Team Totals,265,.554,.505,.323,.313,21.7,83.3,51.1,61.4,6.5,9.3,9.2,100.0,112.8,111.9,
https://www.basketball-reference.com/boxscores/201412080MIN.html,"8:00 PM, December 8, 2014",Minnesota Timberwolves,Golden State Warriors,86,102,GSW,,,Team Totals,240,42,91,.462,5,22,.227,13,14,.929,15,36,51,24,15,6,17,18,102,,,Team Totals,240,.525,.489,.242,.154,32.6,66.7,51.0,57.1,15.4,7.8,14.9,100.0,104.5,88.1,
https://www.basketball-reference.com/boxscores/201412080MIN.html,"8:00 PM, December 8, 2014",Minnesota Timberwolves,Golden State Warriors,86,102,MIN,,,Team Totals,240,32,88,.364,2,11,.182,20,29,.690,18,31,49,22,12,4,19,10,86,,,Team Totals,240,.427,.375,.125,.330,33.3,67.4,49.0,68.8,12.3,5.8,15.9,100.0,88.1,104.5,
https://www.basketball-reference.com/boxscores/201412080SAC.html,"10:00 PM, December 8, 2014",Sacramento Kings,Utah Jazz,101,92,UTA,,,Team Totals,240,32,79,.405,3,17,.176,25,37,.676,11,24,35,20,7,7,13,26,92,,,Team Totals,240,.483,.424,.215,.468,23.9,70.6,43.8,62.5,7.5,10.6,12.0,100.0,97.9,107.5,
https://www.basketball-reference.com/boxscores/201412080SAC.html,"10:00 PM, December 8, 2014",Sacramento Kings,Utah Jazz,101,92,SAC,,,Team Totals,240,35,74,.473,3,8,.375,28,36,.778,10,35,45,18,8,2,17,24,101,,,Team Totals,240,.562,.493,.108,.486,29.4,76.1,56.3,51.4,8.5,3.2,15.9,100.0,107.5,97.9,
https://www.basketball-reference.com/boxscores/201412080TOR.html,"7:30 PM, December 8, 2014",Toronto Raptors,Denver Nuggets,112,107,DEN,,,Team Totals,265,43,104,.413,10,30,.333,11,15,.733,19,30,49,21,7,2,15,28,107,,,Team Totals,265,.484,.462,.288,.144,34.5,78.9,52.7,48.8,6.9,4.2,11.9,100.0,105.9,110.9,
https://www.basketball-reference.com/boxscores/201412080TOR.html,"7:30 PM, December 8, 2014",Toronto Raptors,Denver Nuggets,112,107,TOR,,,Team Totals,265,41,81,.506,9,33,.273,21,29,.724,8,36,44,21,4,10,16,16,112,,,Team Totals,265,.597,.562,.407,.358,21.1,65.5,47.3,51.2,4.0,13.5,14.6,100.0,110.9,105.9,
https://www.basketball-reference.com/boxscores/201412080WAS.html,"7:00 PM, December 8, 2014",Washington Wizards,Boston Celtics,133,132,BOS,,,Team Totals,290,47,102,.461,9,22,.409,29,32,.906,14,32,46,27,17,4,17,30,132,,,Team Totals,290,.569,.505,.216,.314,26.9,74.4,48.4,57.4,14.5,5.1,12.8,100.0,112.7,113.6,
https://www.basketball-reference.com/boxscores/201412080WAS.html,"7:00 PM, December 8, 2014",Washington Wizards,Boston Celtics,133,132,WAS,,,Team Totals,290,49,94,.521,7,16,.438,28,34,.824,11,38,49,32,10,3,23,26,133,,,Team Totals,290,.610,.559,.170,.362,25.6,73.1,51.6,65.3,8.5,3.8,17.4,100.0,113.6,112.7,
https://www.basketball-reference.com/boxscores/201412090CLE.html,"7:00 PM, December 9, 2014",Cleveland Cavaliers,Toronto Raptors,105,101,TOR,,,Team Totals,240,42,82,.512,7,23,.304,10,10,1.000,12,23,35,26,4,3,15,24,101,,,Team Totals,240,.584,.555,.280,.122,38.7,65.7,53.0,61.9,4.7,5.7,14.8,100.0,119.4,124.1,
https://www.basketball-reference.com/boxscores/201412090CLE.html,"7:00 PM, December 9, 2014",Cleveland Cavaliers,Toronto Raptors,105,101,CLE,,,Team Totals,240,39,79,.494,9,26,.346,18,21,.857,12,19,31,27,4,5,12,17,105,,,Team Totals,240,.595,.551,.329,.266,34.3,61.3,47.0,69.2,4.7,8.5,12.0,100.0,124.1,119.4,
https://www.basketball-reference.com/boxscores/201412090DET.html,"7:30 PM, December 9, 2014",Detroit Pistons,Portland Trail Blazers,86,98,POR,,,Team Totals,240,41,84,.488,9,21,.429,7,8,.875,10,37,47,25,4,7,13,12,98,,,Team Totals,240,.560,.542,.250,.095,25.0,68.5,50.0,61.0,4.4,9.3,12.9,100.0,109.0,95.6,
https://www.basketball-reference.com/boxscores/201412090DET.html,"7:30 PM, December 9, 2014",Detroit Pistons,Portland Trail Blazers,86,98,DET,,,Team Totals,240,34,97,.351,5,22,.227,13,16,.813,17,30,47,23,7,2,9,8,86,,,Team Totals,240,.413,.376,.227,.165,31.5,75.0,50.0,67.6,7.8,3.2,8.0,100.0,95.6,109.0,
https://www.basketball-reference.com/boxscores/201412090LAL.html,"10:30 PM, December 9, 2014",Los Angeles Lakers,Sacramento Kings,98,95,SAC,,,Team Totals,240,32,70,.457,7,15,.467,24,37,.649,9,39,48,20,3,3,16,25,95,,,Team Totals,240,.551,.507,.214,.529,22.5,73.6,51.6,62.5,3.2,4.2,15.6,100.0,102.0,105.2,
https://www.basketball-reference.com/boxscores/201412090LAL.html,"10:30 PM, December 9, 2014",Los Angeles Lakers,Sacramento Kings,98,95,LAL,,,Team Totals,240,38,96,.396,5,25,.200,17,25,.680,14,31,45,27,9,6,5,23,98,,,Team Totals,240,.458,.422,.260,.260,26.4,77.5,48.4,71.1,9.7,10.9,4.5,100.0,105.2,102.0,
https://www.basketball-reference.com/boxscores/201412090MEM.html,"8:00 PM, December 9, 2014",Memphis Grizzlies,Dallas Mavericks,114,105,DAL,,,Team Totals,240,38,85,.447,18,40,.450,11,14,.786,12,31,43,19,4,7,16,22,105,,,Team Totals,240,.576,.553,.471,.165,29.3,72.1,51.2,50.0,4.4,9.9,14.9,100.0,116.4,126.4,
https://www.basketball-reference.com/boxscores/201412090MEM.html,"8:00 PM, December 9, 2014",Memphis Grizzlies,Dallas Mavericks,114,105,MEM,,,Team Totals,240,41,85,.482,7,14,.500,25,29,.862,12,29,41,20,10,1,5,17,114,,,Team Totals,240,.583,.524,.165,.341,27.9,70.7,48.8,48.8,11.1,2.2,4.9,100.0,126.4,116.4,
https://www.basketball-reference.com/boxscores/201412090NOP.html,"8:00 PM, December 9, 2014",New Orleans Pelicans,New York Knicks,104,93,NYK,,,Team Totals,240,37,78,.474,9,19,.474,10,13,.769,6,24,30,19,8,8,13,20,93,,,Team Totals,240,.555,.532,.244,.167,16.2,66.7,41.1,51.4,9.1,12.3,13.4,100.0,105.6,118.0,
https://www.basketball-reference.com/boxscores/201412090NOP.html,"8:00 PM, December 9, 2014",New Orleans Pelicans,New York Knicks,104,93,NOP,,,Team Totals,240,40,80,.500,4,15,.267,20,26,.769,12,31,43,22,7,8,11,14,104,,,Team Totals,240,.569,.525,.188,.325,33.3,83.8,58.9,55.0,7.9,13.6,10.7,100.0,118.0,105.6,
https://www.basketball-reference.com/boxscores/201412090OKC.html,"8:00 PM, December 9, 2014",Oklahoma City Thunder,Milwaukee Bucks,114,101,MIL,,,Team Totals,240,34,84,.405,4,21,.190,29,35,.829,9,22,31,19,8,2,14,25,101,,,Team Totals,240,.508,.429,.250,.417,18.8,59.5,36.5,55.9,8.0,3.3,12.3,100.0,101.1,114.1,
https://www.basketball-reference.com/boxscores/201412090OKC.html,"8:00 PM, December 9, 2014",Oklahoma City Thunder,Milwaukee Bucks,114,101,OKC,,,Team Totals,240,41,82,.500,4,21,.190,28,34,.824,15,39,54,23,10,6,20,28,114,,,Team Totals,240,.588,.524,.256,.415,40.5,81.3,63.5,56.1,10.0,9.5,17.1,100.0,114.1,101.1,
https://www.basketball-reference.com/boxscores/201412090PHO.html,"9:00 PM, December 9, 2014",Phoenix Suns,Miami Heat,97,103,MIA,,,Team Totals,240,43,80,.538,9,17,.529,8,12,.667,9,25,34,25,14,4,12,14,103,,,Team Totals,240,.604,.594,.213,.150,25.0,71.4,47.9,58.1,15.7,9.5,12.3,100.0,115.6,108.8,
https://www.basketball-reference.com/boxscores/201412090PHO.html,"9:00 PM, December 9, 2014",Phoenix Suns,Miami Heat,97,103,PHO,,,Team Totals,240,37,77,.481,17,35,.486,6,9,.667,10,27,37,24,7,5,23,20,97,,,Team Totals,240,.599,.591,.455,.117,28.6,75.0,52.1,64.9,7.9,7.9,22.1,100.0,108.8,115.6,
https://www.basketball-reference.com/boxscores/201412090UTA.html,"9:00 PM, December 9, 2014",Utah Jazz,San Antonio Spurs,100,96,SAS,,,Team Totals,240,39,84,.464,4,20,.200,14,23,.609,11,26,37,23,12,8,13,21,96,,,Team Totals,240,.510,.488,.238,.274,23.9,76.5,46.3,59.0,12.5,12.1,12.1,100.0,99.8,103.9,
https://www.basketball-reference.com/boxscores/201412090UTA.html,"9:00 PM, December 9, 2014",Utah Jazz,San Antonio Spurs,100,96,UTA,,,Team Totals,240,40,80,.500,4,14,.286,16,22,.727,8,35,43,18,5,7,19,23,100,,,Team Totals,240,.558,.525,.175,.275,23.5,76.1,53.8,45.0,5.2,10.9,17.5,100.0,103.9,99.8,
https://www.basketball-reference.com/boxscores/201412100ATL.html,"7:30 PM, December 10, 2014",Atlanta Hawks,Philadelphia 76ers,95,79,PHI,,,Team Totals,240,30,72,.417,6,25,.240,13,22,.591,7,32,39,21,10,10,18,18,79,,,Team Totals,240,.484,.458,.347,.306,16.3,66.7,42.9,70.0,10.7,16.4,18.1,100.0,84.6,101.7,
https://www.basketball-reference.com/boxscores/201412100ATL.html,"7:30 PM, December 10, 2014",Atlanta Hawks,Philadelphia 76ers,95,79,ATL,,,Team Totals,240,38,91,.418,10,30,.333,9,13,.692,16,36,52,26,15,1,18,16,95,,,Team Totals,240,.491,.473,.330,.143,33.3,83.7,57.1,68.4,16.1,2.1,15.7,100.0,101.7,84.6,
https://www.basketball-reference.com/boxscores/201412100CHI.html,"8:00 PM, December 10, 2014",Chicago Bulls,Brooklyn Nets,105,80,BRK,,,Team Totals,240,29,88,.330,3,14,.214,19,24,.792,15,29,44,16,9,5,11,25,80,,,Team Totals,240,.406,.347,.159,.273,26.3,65.9,43.6,55.2,9.8,8.8,10.0,100.0,86.7,113.8,
https://www.basketball-reference.com/boxscores/201412100CHI.html,"8:00 PM, December 10, 2014",Chicago Bulls,Brooklyn Nets,105,80,CHI,,,Team Totals,240,37,79,.468,8,22,.364,23,32,.719,15,42,57,21,6,11,16,18,105,,,Team Totals,240,.564,.519,.278,.405,34.1,73.7,56.4,56.8,6.5,14.9,14.7,100.0,113.8,86.7,
https://www.basketball-reference.com/boxscores/201412100CHO.html,"7:00 PM, December 10, 2014",Charlotte Hornets,Boston Celtics,96,87,BOS,,,Team Totals,240,38,87,.437,5,23,.217,6,10,.600,6,39,45,26,3,1,15,27,87,,,Team Totals,240,.476,.466,.264,.115,14.0,84.8,50.6,68.4,3.0,1.4,14.1,100.0,88.2,97.3,
https://www.basketball-reference.com/boxscores/201412100CHO.html,"7:00 PM, December 10, 2014",Charlotte Hornets,Boston Celtics,96,87,CHO,,,Team Totals,240,35,84,.417,3,14,.214,23,29,.793,7,37,44,18,5,3,11,14,96,,,Team Totals,240,.496,.435,.167,.345,15.2,86.0,49.4,51.4,5.1,4.7,10.2,100.0,97.3,88.2,
https://www.basketball-reference.com/boxscores/201412100DAL.html,"8:00 PM, December 10, 2014",Dallas Mavericks,New Orleans Pelicans,112,107,NOP,,,Team Totals,240,40,88,.455,7,18,.389,20,24,.833,16,29,45,16,5,3,12,20,107,,,Team Totals,240,.543,.494,.205,.273,40.0,85.3,60.8,40.0,5.5,4.8,10.9,100.0,117.8,123.3,
https://www.basketball-reference.com/boxscores/201412100DAL.html,"8:00 PM, December 10, 2014",Dallas Mavericks,New Orleans Pelicans,112,107,DAL,,,Team Totals,240,44,83,.530,9,21,.429,15,17,.882,5,24,29,17,5,5,9,18,112,,,Team Totals,240,.619,.584,.253,.205,14.7,60.0,39.2,38.6,5.5,7.1,9.0,100.0,123.3,117.8,
https://www.basketball-reference.com/boxscores/201412100DEN.html,"10:30 PM, December 10, 2014",Denver Nuggets,Miami Heat,102,82,MIA,,,Team Totals,240,30,82,.366,7,22,.318,15,21,.714,16,26,42,18,1,6,11,20,82,,,Team Totals,240,.449,.409,.268,.256,32.7,60.5,45.7,60.0,1.2,9.7,10.8,100.0,97.0,120.6,
https://www.basketball-reference.com/boxscores/201412100DEN.html,"10:30 PM, December 10, 2014",Denver Nuggets,Miami Heat,102,82,DEN,,,Team Totals,240,38,85,.447,8,23,.348,18,27,.667,17,33,50,21,7,4,10,18,102,,,Team Totals,240,.526,.494,.271,.318,39.5,67.3,54.3,55.3,8.3,6.7,9.4,100.0,120.6,97.0,
https://www.basketball-reference.com/boxscores/201412100GSW.html,"10:30 PM, December 10, 2014",Golden State Warriors,Houston Rockets,105,93,HOU,,,Team Totals,240,37,90,.411,9,35,.257,10,15,.667,12,32,44,15,9,2,15,17,93,,,Team Totals,240,.481,.461,.389,.167,24.5,84.2,50.6,40.5,9.3,3.4,13.4,100.0,95.8,108.1,
https://www.basketball-reference.com/boxscores/201412100GSW.html,"10:30 PM, December 10, 2014",Golden State Warriors,Houston Rockets,105,93,GSW,,,Team Totals,240,40,81,.494,8,23,.348,17,20,.850,6,37,43,21,9,5,15,16,105,,,Team Totals,240,.585,.543,.284,.247,15.8,75.5,49.4,52.5,9.3,9.1,14.3,100.0,108.1,95.8,
https://www.basketball-reference.com/boxscores/201412100IND.html,"7:00 PM, December 10, 2014",Indiana Pacers,Los Angeles Clippers,96,103,LAC,,,Team Totals,240,42,88,.477,7,24,.292,12,14,.857,10,40,50,25,7,7,13,17,103,,,Team Totals,240,.547,.517,.273,.159,24.4,76.9,53.8,59.5,7.3,11.3,12.1,100.0,107.8,100.5,
https://www.basketball-reference.com/boxscores/201412100IND.html,"7:00 PM, December 10, 2014",Indiana Pacers,Los Angeles Clippers,96,103,IND,,,Team Totals,240,35,89,.393,9,27,.333,17,22,.773,12,31,43,27,6,1,12,18,96,,,Team Totals,240,.486,.444,.303,.247,23.1,75.6,46.2,77.1,6.3,1.6,10.8,100.0,100.5,107.8,
https://www.basketball-reference.com/boxscores/201412100MIN.html,"8:00 PM, December 10, 2014",Minnesota Timberwolves,Portland Trail Blazers,90,82,POR,,,Team Totals,240,31,80,.388,10,35,.286,10,12,.833,11,27,38,20,7,10,20,25,82,,,Team Totals,240,.481,.450,.438,.150,23.4,57.4,40.4,64.5,7.7,14.5,19.0,100.0,89.9,98.7,
https://www.basketball-reference.com/boxscores/201412100MIN.html,"8:00 PM, December 10, 2014",Minnesota Timberwolves,Portland Trail Blazers,90,82,MIN,,,Team Totals,240,32,81,.395,1,12,.083,25,33,.758,20,36,56,22,13,3,18,19,90,,,Team Totals,240,.471,.401,.148,.407,42.6,76.6,59.6,68.8,14.3,6.7,15.9,100.0,98.7,89.9,
https://www.basketball-reference.com/boxscores/201412100ORL.html,"7:00 PM, December 10, 2014",Orlando Magic,Washington Wizards,89,91,WAS,,,Team Totals,240,41,81,.506,5,12,.417,4,9,.444,8,33,41,26,5,5,10,13,91,,,Team Totals,240,.536,.537,.148,.111,20.5,80.5,51.3,63.4,5.8,7.2,10.5,100.0,104.7,102.4,
https://www.basketball-reference.com/boxscores/201412100ORL.html,"7:00 PM, December 10, 2014",Orlando Magic,Washington Wizards,89,91,ORL,,,Team Totals,240,38,84,.452,7,15,.467,6,9,.667,8,31,39,13,7,7,10,12,89,,,Team Totals,240,.506,.494,.179,.107,19.5,79.5,48.8,34.2,8.1,10.1,10.2,100.0,102.4,104.7,
https://www.basketball-reference.com/boxscores/201412100SAS.html,"8:30 PM, December 10, 2014",San Antonio Spurs,New York Knicks,109,95,NYK,,,Team Totals,240,37,76,.487,6,15,.400,15,17,.882,10,26,36,22,4,1,17,25,95,,,Team Totals,240,.569,.526,.197,.224,27.0,76.5,50.7,59.5,4.6,1.9,16.9,100.0,108.9,125.0,
https://www.basketball-reference.com/boxscores/201412100SAS.html,"8:30 PM, December 10, 2014",San Antonio Spurs,New York Knicks,109,95,SAS,,,Team Totals,240,37,73,.507,10,19,.526,25,30,.833,8,27,35,22,10,4,10,16,109,,,Team Totals,240,.632,.575,.260,.411,23.5,73.0,49.3,59.5,11.5,6.6,10.4,100.0,125.0,108.9,
https://www.basketball-reference.com/boxscores/201412110OKC.html,"8:00 PM, December 11, 2014",Oklahoma City Thunder,Cleveland Cavaliers,103,94,CLE,,,Team Totals,240,31,85,.365,9,28,.321,23,30,.767,15,33,48,20,5,4,15,20,94,,,Team Totals,240,.479,.418,.329,.353,30.0,75.0,51.1,64.5,5.3,6.6,13.3,100.0,99.8,109.4,
https://www.basketball-reference.com/boxscores/201412110OKC.html,"8:00 PM, December 11, 2014",Oklahoma City Thunder,Cleveland Cavaliers,103,94,OKC,,,Team Totals,240,38,87,.437,7,26,.269,20,22,.909,11,35,46,22,9,11,11,23,103,,,Team Totals,240,.533,.477,.299,.253,25.0,70.0,48.9,57.9,9.6,19.3,10.2,100.0,109.4,99.8,
https://www.basketball-reference.com/boxscores/201412110SAC.html,"10:30 PM, December 11, 2014",Sacramento Kings,Houston Rockets,109,113,HOU,,,Team Totals,265,38,95,.400,15,44,.341,22,31,.710,14,28,42,18,13,3,14,27,113,,,Team Totals,265,.520,.479,.463,.326,29.8,71.8,48.8,47.4,12.4,4.5,11.4,100.0,108.0,104.2,
https://www.basketball-reference.com/boxscores/201412110SAC.html,"10:30 PM, December 11, 2014",Sacramento Kings,Houston Rockets,109,113,SAC,,,Team Totals,265,39,84,.464,8,18,.444,23,34,.676,11,33,44,22,8,4,22,23,109,,,Team Totals,265,.551,.512,.214,.405,28.2,70.2,51.2,56.4,7.6,7.8,18.2,100.0,104.2,108.0,
https://www.basketball-reference.com/boxscores/201412120ATL.html,"7:30 PM, December 12, 2014",Atlanta Hawks,Orlando Magic,87,81,ORL,,,Team Totals,240,30,77,.390,9,26,.346,12,16,.750,9,37,46,14,3,4,19,27,81,,,Team Totals,240,.482,.448,.338,.208,19.6,88.1,52.3,46.7,3.2,8.2,18.4,100.0,86.6,93.0,
https://www.basketball-reference.com/boxscores/201412120ATL.html,"7:30 PM, December 12, 2014",Atlanta Hawks,Orlando Magic,87,81,ATL,,,Team Totals,240,29,78,.372,9,29,.310,20,27,.741,5,37,42,24,12,3,12,12,87,,,Team Totals,240,.484,.429,.372,.346,11.9,80.4,47.7,82.8,12.8,5.9,11.8,100.0,93.0,86.6,
https://www.basketball-reference.com/boxscores/201412120BOS.html,"7:30 PM, December 12, 2014",Boston Celtics,New York Knicks,95,101,NYK,,,Team Totals,240,40,81,.494,6,16,.375,15,18,.833,11,29,40,26,13,5,13,20,101,,,Team Totals,240,.568,.531,.198,.222,27.5,70.7,49.4,65.0,14.1,7.9,12.8,100.0,109.6,103.1,
https://www.basketball-reference.com/boxscores/201412120BOS.html,"7:30 PM, December 12, 2014",Boston Celtics,New York Knicks,95,101,BOS,,,Team Totals,240,37,85,.435,7,22,.318,14,18,.778,12,29,41,28,3,3,18,18,95,,,Team Totals,240,.511,.476,.259,.212,29.3,72.5,50.6,75.7,3.3,4.6,16.2,100.0,103.1,109.6,
https://www.basketball-reference.com/boxscores/201412120BRK.html,"7:30 PM, December 12, 2014",Brooklyn Nets,Philadelphia 76ers,88,70,PHI,,,Team Totals,240,22,69,.319,11,28,.393,15,20,.750,10,27,37,18,10,4,24,20,70,,,Team Totals,240,.450,.399,.406,.290,22.7,67.5,44.0,81.8,11.2,6.6,23.6,100.0,78.3,98.5,
https://www.basketball-reference.com/boxscores/201412120BRK.html,"7:30 PM, December 12, 2014",Brooklyn Nets,Philadelphia 76ers,88,70,BRK,,,Team Totals,240,36,81,.444,5,20,.250,11,17,.647,13,34,47,25,16,5,17,15,88,,,Team Totals,240,.497,.475,.247,.210,32.5,77.3,56.0,69.4,17.9,12.2,16.1,100.0,98.5,78.3,
https://www.basketball-reference.com/boxscores/201412120CHI.html,"7:00 PM, December 12, 2014",Chicago Bulls,Portland Trail Blazers,115,106,POR,,,Team Totals,240,43,88,.489,12,24,.500,8,11,.727,11,26,37,20,3,5,11,17,106,,,Team Totals,240,.571,.557,.273,.125,25.0,65.0,44.0,46.5,3.3,6.8,10.6,100.0,116.4,126.3,
https://www.basketball-reference.com/boxscores/201412120CHI.html,"7:00 PM, December 12, 2014",Chicago Bulls,Portland Trail Blazers,115,106,CHI,,,Team Totals,240,44,88,.500,5,15,.333,22,28,.786,14,33,47,18,5,3,8,11,115,,,Team Totals,240,.573,.528,.170,.318,35.0,75.0,56.0,40.9,5.5,4.7,7.4,100.0,126.3,116.4,
https://www.basketball-reference.com/boxscores/201412120MEM.html,"8:00 PM, December 12, 2014",Memphis Grizzlies,Charlotte Hornets,113,107,CHO,,,Team Totals,290,41,98,.418,6,17,.353,19,27,.704,13,36,49,16,8,11,15,29,107,,,Team Totals,290,.487,.449,.173,.276,24.5,83.7,51.0,39.0,7.2,15.3,12.0,100.0,96.8,102.2,
https://www.basketball-reference.com/boxscores/201412120MEM.html,"8:00 PM, December 12, 2014",Memphis Grizzlies,Charlotte Hornets,113,107,MEM,,,Team Totals,290,39,85,.459,6,13,.462,29,38,.763,7,40,47,21,7,9,20,22,113,,,Team Totals,290,.555,.494,.153,.447,16.3,75.5,49.0,53.8,6.3,11.1,16.4,100.0,102.2,96.8,
https://www.basketball-reference.com/boxscores/201412120MIN.html,"8:00 PM, December 12, 2014",Minnesota Timberwolves,Oklahoma City Thunder,92,111,OKC,,,Team Totals,240,45,88,.511,6,24,.250,15,20,.750,16,31,47,23,11,6,19,23,111,,,Team Totals,240,.573,.545,.273,.227,42.1,77.5,60.3,51.1,11.5,8.5,16.4,100.0,116.2,96.3,
https://www.basketball-reference.com/boxscores/201412120MIN.html,"8:00 PM, December 12, 2014",Minnesota Timberwolves,Oklahoma City Thunder,92,111,MIN,,,Team Totals,240,36,78,.462,1,7,.143,19,29,.655,9,22,31,21,11,9,16,16,92,,,Team Totals,240,.507,.468,.090,.372,22.5,57.9,39.7,58.3,11.5,14.1,15.0,100.0,96.3,116.2,
https://www.basketball-reference.com/boxscores/201412120NOP.html,"8:00 PM, December 12, 2014",New Orleans Pelicans,Cleveland Cavaliers,119,114,CLE,,,Team Totals,240,44,89,.494,8,22,.364,18,23,.783,11,29,40,22,6,6,6,19,114,,,Team Totals,240,.575,.539,.247,.258,25.0,82.9,50.6,50.0,6.6,11.8,5.7,100.0,124.8,130.2,
https://www.basketball-reference.com/boxscores/201412120NOP.html,"8:00 PM, December 12, 2014",New Orleans Pelicans,Cleveland Cavaliers,119,114,NOP,,,Team Totals,240,44,79,.557,12,28,.429,19,25,.760,6,33,39,21,5,6,8,15,119,,,Team Totals,240,.661,.633,.354,.316,17.1,75.0,49.4,47.7,5.5,9.0,8.2,100.0,130.2,124.8,
https://www.basketball-reference.com/boxscores/201412120PHO.html,"9:00 PM, December 12, 2014",Phoenix Suns,Detroit Pistons,103,105,DET,,,Team Totals,240,40,84,.476,4,15,.267,21,27,.778,13,34,47,17,11,3,18,18,105,,,Team Totals,240,.548,.500,.179,.321,32.5,77.3,56.0,42.5,11.3,5.8,15.8,100.0,108.0,106.0,
https://www.basketball-reference.com/boxscores/201412120PHO.html,"9:00 PM, December 12, 2014",Phoenix Suns,Detroit Pistons,103,105,PHO,,,Team Totals,240,39,83,.470,10,31,.323,15,19,.789,10,27,37,16,11,5,17,24,103,,,Team Totals,240,.564,.530,.373,.229,22.7,67.5,44.0,41.0,11.3,7.2,15.7,100.0,106.0,108.0,
https://www.basketball-reference.com/boxscores/201412120SAS.html,"9:30 PM, December 12, 2014",San Antonio Spurs,Los Angeles Lakers,110,112,LAL,,,Team Totals,265,44,96,.458,12,24,.500,12,15,.800,14,35,49,27,11,4,15,19,112,,,Team Totals,265,.546,.521,.250,.156,28.6,74.5,51.0,61.4,10.7,6.8,12.8,100.0,109.1,107.1,
https://www.basketball-reference.com/boxscores/201412120SAS.html,"9:30 PM, December 12, 2014",San Antonio Spurs,Los Angeles Lakers,110,112,SAS,,,Team Totals,265,42,90,.467,12,31,.387,14,21,.667,12,35,47,23,10,5,19,16,110,,,Team Totals,265,.554,.533,.344,.233,25.5,71.4,49.0,54.8,9.7,6.9,16.1,100.0,107.1,109.1,
https://www.basketball-reference.com/boxscores/201412120TOR.html,"7:30 PM, December 12, 2014",Toronto Raptors,Indiana Pacers,106,94,IND,,,Team Totals,240,33,80,.413,8,22,.364,20,23,.870,6,33,39,24,4,7,12,22,94,,,Team Totals,240,.522,.463,.275,.288,14.3,67.3,42.9,72.7,4.3,10.8,11.8,100.0,101.5,114.4,
https://www.basketball-reference.com/boxscores/201412120TOR.html,"7:30 PM, December 12, 2014",Toronto Raptors,Indiana Pacers,106,94,TOR,,,Team Totals,240,38,91,.418,10,26,.385,20,22,.909,16,36,52,21,2,3,10,23,106,,,Team Totals,240,.526,.473,.286,.242,32.7,85.7,57.1,55.3,2.2,5.2,9.0,100.0,114.4,101.5,
https://www.basketball-reference.com/boxscores/201412120UTA.html,"9:00 PM, December 12, 2014",Utah Jazz,Miami Heat,95,100,MIA,,,Team Totals,240,36,72,.500,7,20,.350,21,31,.677,7,28,35,19,6,3,9,16,100,,,Team Totals,240,.584,.549,.278,.431,17.9,70.0,44.3,52.8,7.0,6.1,9.5,100.0,116.0,110.2,
https://www.basketball-reference.com/boxscores/201412120UTA.html,"9:00 PM, December 12, 2014",Utah Jazz,Miami Heat,95,100,UTA,,,Team Totals,240,34,77,.442,8,28,.286,19,22,.864,12,32,44,16,4,6,14,18,95,,,Team Totals,240,.548,.494,.364,.286,30.0,82.1,55.7,47.1,4.6,11.5,13.9,100.0,110.2,116.0,
https://www.basketball-reference.com/boxscores/201412120WAS.html,"7:00 PM, December 12, 2014",Washington Wizards,Los Angeles Clippers,104,96,LAC,,,Team Totals,240,32,75,.427,6,20,.300,26,31,.839,12,25,37,14,7,2,18,20,96,,,Team Totals,240,.542,.467,.267,.413,30.0,73.5,50.0,43.8,7.6,3.1,16.9,100.0,104.1,112.8,
https://www.basketball-reference.com/boxscores/201412120WAS.html,"7:00 PM, December 12, 2014",Washington Wizards,Los Angeles Clippers,104,96,WAS,,,Team Totals,240,39,80,.488,9,16,.563,17,21,.810,9,28,37,28,10,6,16,25,104,,,Team Totals,240,.583,.544,.200,.263,26.5,70.0,50.0,71.8,10.8,10.9,15.2,100.0,112.8,104.1,
https://www.basketball-reference.com/boxscores/201412130CHO.html,"7:00 PM, December 13, 2014",Charlotte Hornets,Brooklyn Nets,87,114,BRK,,,Team Totals,240,42,72,.583,16,23,.696,14,20,.700,4,39,43,29,4,4,14,24,114,,,Team Totals,240,.705,.694,.319,.278,13.8,81.3,55.8,69.0,4.6,7.0,14.8,100.0,129.7,99.0,
https://www.basketball-reference.com/boxscores/201412130CHO.html,"7:00 PM, December 13, 2014",Charlotte Hornets,Brooklyn Nets,87,114,CHO,,,Team Totals,240,31,79,.392,8,22,.364,17,27,.630,9,25,34,16,3,4,6,19,87,,,Team Totals,240,.479,.443,.278,.342,18.8,86.2,44.2,51.6,3.4,8.2,6.2,100.0,99.0,129.7,
https://www.basketball-reference.com/boxscores/201412130DAL.html,"2:00 PM, December 13, 2014",Dallas Mavericks,Golden State Warriors,98,105,GSW,,,Team Totals,240,37,83,.446,10,32,.313,21,27,.778,9,36,45,21,7,7,14,24,105,,,Team Totals,240,.553,.506,.386,.325,20.0,67.9,45.9,56.8,7.2,10.9,12.9,100.0,107.3,100.1,
https://www.basketball-reference.com/boxscores/201412130DAL.html,"2:00 PM, December 13, 2014",Dallas Mavericks,Golden State Warriors,98,105,DAL,,,Team Totals,240,36,89,.404,5,25,.200,21,30,.700,17,36,53,14,11,0,15,23,98,,,Team Totals,240,.479,.433,.281,.337,32.1,80.0,54.1,38.9,11.2,0.0,12.8,100.0,100.1,107.3,
https://www.basketball-reference.com/boxscores/201412130HOU.html,"8:00 PM, December 13, 2014",Houston Rockets,Denver Nuggets,108,96,DEN,,,Team Totals,240,36,96,.375,7,28,.250,17,26,.654,15,36,51,24,7,7,16,26,96,,,Team Totals,240,.447,.411,.292,.271,27.8,73.5,49.5,66.7,6.8,13.0,13.0,100.0,92.6,104.2,
https://www.basketball-reference.com/boxscores/201412130HOU.html,"8:00 PM, December 13, 2014",Houston Rockets,Denver Nuggets,108,96,HOU,,,Team Totals,240,39,88,.443,10,34,.294,20,34,.588,13,39,52,20,8,7,15,21,108,,,Team Totals,240,.524,.500,.386,.386,26.5,72.2,50.5,51.3,7.7,10.3,12.7,100.0,104.2,92.6,
https://www.basketball-reference.com/boxscores/201412130IND.html,"7:00 PM, December 13, 2014",Indiana Pacers,Portland Trail Blazers,85,95,POR,,,Team Totals,240,40,90,.444,5,17,.294,10,12,.833,11,35,46,21,9,5,12,21,95,,,Team Totals,240,.499,.472,.189,.133,22.9,74.5,48.4,52.5,9.6,6.8,11.2,100.0,101.5,90.8,
https://www.basketball-reference.com/boxscores/201412130IND.html,"7:00 PM, December 13, 2014",Indiana Pacers,Portland Trail Blazers,85,95,IND,,,Team Totals,240,34,88,.386,4,15,.267,13,16,.813,12,37,49,16,8,2,13,18,85,,,Team Totals,240,.447,.409,.170,.182,25.5,77.1,51.6,47.1,8.5,2.7,12.0,100.0,90.8,101.5,
https://www.basketball-reference.com/boxscores/201412130MIL.html,"7:30 PM, December 13, 2014",Milwaukee Bucks,Los Angeles Clippers,111,106,LAC,,,Team Totals,240,39,91,.429,14,29,.483,14,19,.737,10,25,35,24,8,3,13,24,106,,,Team Totals,240,.533,.505,.319,.209,23.3,80.6,47.3,61.5,8.3,4.6,11.6,100.0,109.6,114.8,
https://www.basketball-reference.com/boxscores/201412130MIL.html,"7:30 PM, December 13, 2014",Milwaukee Bucks,Los Angeles Clippers,111,106,MIL,,,Team Totals,240,43,76,.566,7,11,.636,18,24,.750,6,33,39,25,3,4,16,19,111,,,Team Totals,240,.641,.612,.145,.316,19.4,76.7,52.7,58.1,3.1,6.5,15.6,100.0,114.8,109.6,
https://www.basketball-reference.com/boxscores/201412130ORL.html,"7:00 PM, December 13, 2014",Orlando Magic,Atlanta Hawks,100,99,ATL,,,Team Totals,240,35,84,.417,8,27,.296,21,24,.875,9,32,41,24,4,4,11,19,99,,,Team Totals,240,.523,.464,.321,.286,23.7,82.1,53.2,68.6,4.4,7.5,10.4,100.0,108.5,109.6,
https://www.basketball-reference.com/boxscores/201412130ORL.html,"7:00 PM, December 13, 2014",Orlando Magic,Atlanta Hawks,100,99,ORL,,,Team Totals,240,37,74,.500,10,21,.476,16,21,.762,7,29,36,26,6,6,15,15,100,,,Team Totals,240,.601,.568,.284,.284,17.9,76.3,46.8,70.3,6.6,10.5,15.3,100.0,109.6,108.5,
https://www.basketball-reference.com/boxscores/201412130PHI.html,"7:30 PM, December 13, 2014",Philadelphia 76ers,Memphis Grizzlies,115,120,MEM,,,Team Totals,265,45,93,.484,11,26,.423,19,27,.704,9,33,42,33,9,4,15,24,120,,,Team Totals,265,.572,.543,.280,.290,20.5,76.7,48.3,73.3,8.6,7.4,12.5,100.0,114.0,109.3,
https://www.basketball-reference.com/boxscores/201412130PHI.html,"7:30 PM, December 13, 2014",Philadelphia 76ers,Memphis Grizzlies,115,120,PHI,,,Team Totals,265,40,82,.488,11,28,.393,24,34,.706,10,35,45,22,11,4,17,24,115,,,Team Totals,265,.593,.555,.341,.415,23.3,79.5,51.7,55.0,10.5,6.0,14.9,100.0,109.3,114.0,
https://www.basketball-reference.com/boxscores/201412130SAC.html,"10:00 PM, December 13, 2014",Sacramento Kings,Detroit Pistons,90,95,DET,,,Team Totals,240,35,79,.443,6,20,.300,19,23,.826,8,35,43,22,10,9,15,18,95,,,Team Totals,240,.533,.481,.253,.291,19.5,61.4,43.9,62.9,10.7,14.1,14.4,100.0,101.7,96.3,
https://www.basketball-reference.com/boxscores/201412130SAC.html,"10:00 PM, December 13, 2014",Sacramento Kings,Detroit Pistons,90,95,SAC,,,Team Totals,240,33,93,.355,11,29,.379,13,19,.684,22,33,55,21,4,7,17,18,90,,,Team Totals,240,.444,.414,.312,.204,38.6,80.5,56.1,63.6,4.3,11.9,14.4,100.0,96.3,101.7,
https://www.basketball-reference.com/boxscores/201412140DEN.html,"8:00 PM, December 14, 2014",Denver Nuggets,San Antonio Spurs,91,99,SAS,,,Team Totals,240,34,74,.459,5,16,.313,26,35,.743,11,32,43,26,9,11,13,20,99,,,Team Totals,240,.554,.493,.216,.473,26.8,68.1,48.9,76.5,9.7,16.4,12.7,100.0,106.9,98.3,
https://www.basketball-reference.com/boxscores/201412140DEN.html,"8:00 PM, December 14, 2014",Denver Nuggets,San Antonio Spurs,91,99,DEN,,,Team Totals,240,34,83,.410,8,16,.500,15,21,.714,15,30,45,20,10,4,21,29,91,,,Team Totals,240,.493,.458,.193,.253,31.9,73.2,51.1,58.8,10.8,6.9,18.5,100.0,98.3,106.9,
https://www.basketball-reference.com/boxscores/201412140MIA.html,"6:00 PM, December 14, 2014",Miami Heat,Chicago Bulls,75,93,CHI,,,Team Totals,240,33,71,.465,9,18,.500,18,21,.857,8,36,44,21,4,8,20,18,93,,,Team Totals,240,.580,.528,.254,.296,22.9,73.5,52.4,63.6,4.5,13.8,20.0,100.0,104.8,84.5,
https://www.basketball-reference.com/boxscores/201412140MIA.html,"6:00 PM, December 14, 2014",Miami Heat,Chicago Bulls,75,93,MIA,,,Team Totals,240,28,80,.350,4,22,.182,15,18,.833,13,27,40,12,13,5,15,22,75,,,Team Totals,240,.427,.375,.275,.225,26.5,77.1,47.6,42.9,14.6,9.4,14.6,100.0,84.5,104.8,
https://www.basketball-reference.com/boxscores/201412140MIN.html,"7:00 PM, December 14, 2014",Minnesota Timberwolves,Los Angeles Lakers,94,100,LAL,,,Team Totals,240,34,81,.420,5,17,.294,27,34,.794,11,34,45,22,10,5,11,17,100,,,Team Totals,240,.521,.451,.210,.420,25.6,70.8,49.5,64.7,10.6,6.3,10.3,100.0,106.1,99.7,
https://www.basketball-reference.com/boxscores/201412140MIN.html,"7:00 PM, December 14, 2014",Minnesota Timberwolves,Los Angeles Lakers,94,100,MIN,,,Team Totals,240,38,90,.422,3,10,.300,15,20,.750,14,32,46,25,6,3,14,21,94,,,Team Totals,240,.476,.439,.111,.222,29.2,74.4,50.5,65.8,6.4,4.7,12.4,100.0,99.7,106.1,
https://www.basketball-reference.com/boxscores/201412140NOP.html,"6:00 PM, December 14, 2014",New Orleans Pelicans,Golden State Warriors,122,128,GSW,,,Team Totals,265,44,86,.512,11,24,.458,29,35,.829,8,38,46,22,7,9,20,19,128,,,Team Totals,265,.631,.576,.279,.407,20.0,76.0,51.1,50.0,6.3,12.2,16.5,100.0,115.2,109.8,
https://www.basketball-reference.com/boxscores/201412140NOP.html,"6:00 PM, December 14, 2014",New Orleans Pelicans,Golden State Warriors,122,128,NOP,,,Team Totals,265,47,101,.465,8,27,.296,20,25,.800,12,32,44,22,14,6,14,27,122,,,Team Totals,265,.545,.505,.267,.248,24.0,80.0,48.9,46.8,12.6,9.7,11.1,100.0,109.8,115.2,
https://www.basketball-reference.com/boxscores/201412140NYK.html,"7:30 PM, December 14, 2014",New York Knicks,Toronto Raptors,90,95,TOR,,,Team Totals,265,36,78,.462,9,24,.375,14,18,.778,9,33,42,24,14,2,24,25,95,,,Team Totals,265,.553,.519,.308,.231,22.5,73.3,49.4,66.7,14.0,4.1,21.8,100.0,95.3,90.3,
https://www.basketball-reference.com/boxscores/201412140NYK.html,"7:30 PM, December 14, 2014",New York Knicks,Toronto Raptors,90,95,NYK,,,Team Totals,265,29,78,.372,9,29,.310,23,28,.821,12,31,43,15,11,4,25,22,90,,,Team Totals,265,.498,.429,.372,.359,26.7,77.5,50.6,51.7,11.0,7.4,21.7,100.0,90.3,95.3,
https://www.basketball-reference.com/boxscores/201412140OKC.html,"7:00 PM, December 14, 2014",Oklahoma City Thunder,Phoenix Suns,112,88,PHO,,,Team Totals,240,34,99,.343,7,31,.226,13,18,.722,14,26,40,21,11,3,11,22,88,,,Team Totals,240,.412,.379,.313,.182,22.2,65.0,38.8,61.8,11.1,4.8,9.3,100.0,88.4,112.6,
https://www.basketball-reference.com/boxscores/201412140OKC.html,"7:00 PM, December 14, 2014",Oklahoma City Thunder,Phoenix Suns,112,88,OKC,,,Team Totals,240,39,80,.488,4,18,.222,30,34,.882,14,49,63,20,7,5,19,19,112,,,Team Totals,240,.590,.513,.225,.425,35.0,77.8,61.2,51.3,7.0,7.4,16.7,100.0,112.6,88.4,
https://www.basketball-reference.com/boxscores/201412140WAS.html,"6:00 PM, December 14, 2014",Washington Wizards,Utah Jazz,93,84,UTA,,,Team Totals,240,30,78,.385,5,17,.294,19,28,.679,12,33,45,13,8,7,17,18,84,,,Team Totals,240,.465,.417,.218,.359,27.9,76.7,52.3,43.3,8.7,9.9,15.8,100.0,90.8,100.6,
https://www.basketball-reference.com/boxscores/201412140WAS.html,"6:00 PM, December 14, 2014",Washington Wizards,Utah Jazz,93,84,WAS,,,Team Totals,240,41,84,.488,4,13,.308,7,12,.583,10,31,41,20,11,9,15,21,93,,,Team Totals,240,.521,.512,.155,.143,23.3,72.1,47.7,48.8,11.9,14.8,14.4,100.0,100.6,90.8,
https://www.basketball-reference.com/boxscores/201412150ATL.html,"7:30 PM, December 15, 2014",Atlanta Hawks,Chicago Bulls,93,86,CHI,,,Team Totals,240,35,93,.376,6,29,.207,10,14,.714,15,42,57,18,3,6,16,17,86,,,Team Totals,240,.434,.409,.312,.151,30.0,89.4,58.8,51.4,3.2,9.7,13.9,100.0,90.3,97.7,
https://www.basketball-reference.com/boxscores/201412150ATL.html,"7:30 PM, December 15, 2014",Atlanta Hawks,Chicago Bulls,93,86,ATL,,,Team Totals,240,36,83,.434,7,21,.333,14,17,.824,5,35,40,26,10,7,10,17,93,,,Team Totals,240,.514,.476,.253,.205,10.6,70.0,41.2,72.2,10.5,10.9,10.0,100.0,97.7,90.3,
https://www.basketball-reference.com/boxscores/201412150CLE.html,"7:00 PM, December 15, 2014",Cleveland Cavaliers,Charlotte Hornets,97,88,CHO,,,Team Totals,240,38,83,.458,5,16,.313,7,14,.500,5,32,37,22,4,5,10,14,88,,,Team Totals,240,.493,.488,.193,.169,12.5,80.0,46.3,57.9,4.4,8.5,10.1,100.0,95.8,105.6,
https://www.basketball-reference.com/boxscores/201412150CLE.html,"7:00 PM, December 15, 2014",Cleveland Cavaliers,Charlotte Hornets,97,88,CLE,,,Team Totals,240,38,83,.458,9,24,.375,12,17,.706,8,35,43,28,10,5,11,14,97,,,Team Totals,240,.536,.512,.289,.205,20.0,87.5,53.8,73.7,10.9,7.5,10.8,100.0,105.6,95.8,
https://www.basketball-reference.com/boxscores/201412150IND.html,"7:00 PM, December 15, 2014",Indiana Pacers,Los Angeles Lakers,110,91,LAL,,,Team Totals,240,29,88,.330,10,26,.385,23,29,.793,11,27,38,14,10,5,9,20,91,,,Team Totals,240,.452,.386,.295,.330,20.8,71.1,41.8,48.3,10.5,7.6,8.2,100.0,95.8,115.8,
https://www.basketball-reference.com/boxscores/201412150IND.html,"7:00 PM, December 15, 2014",Indiana Pacers,Los Angeles Lakers,110,91,IND,,,Team Totals,240,40,83,.482,7,17,.412,23,27,.852,11,42,53,21,7,2,14,20,110,,,Team Totals,240,.580,.524,.205,.325,28.9,79.2,58.2,52.5,7.4,3.2,12.9,100.0,115.8,95.8,
https://www.basketball-reference.com/boxscores/201412150LAC.html,"10:30 PM, December 15, 2014",Los Angeles Clippers,Detroit Pistons,113,91,DET,,,Team Totals,240,35,83,.422,8,27,.296,13,22,.591,17,24,41,23,10,3,18,19,91,,,Team Totals,240,.491,.470,.325,.265,37.0,66.7,50.0,65.7,11.1,5.4,16.3,100.0,100.8,125.1,
https://www.basketball-reference.com/boxscores/201412150LAC.html,"10:30 PM, December 15, 2014",Los Angeles Clippers,Detroit Pistons,113,91,LAC,,,Team Totals,240,43,80,.538,12,24,.500,15,20,.750,12,29,41,35,9,3,15,21,113,,,Team Totals,240,.636,.613,.300,.250,33.3,63.0,50.0,81.4,10.0,5.4,14.5,100.0,125.1,100.8,
https://www.basketball-reference.com/boxscores/201412150PHI.html,"7:00 PM, December 15, 2014",Philadelphia 76ers,Boston Celtics,87,105,BOS,,,Team Totals,240,38,86,.442,6,25,.240,23,35,.657,16,36,52,26,15,5,22,23,105,,,Team Totals,240,.518,.477,.291,.407,33.3,69.2,52.0,68.4,14.3,7.7,17.8,100.0,100.2,83.0,
https://www.basketball-reference.com/boxscores/201412150PHI.html,"7:00 PM, December 15, 2014",Philadelphia 76ers,Boston Celtics,87,105,PHI,,,Team Totals,240,33,93,.355,4,28,.143,17,21,.810,16,32,48,19,11,9,23,28,87,,,Team Totals,240,.425,.376,.301,.226,30.8,66.7,48.0,57.6,10.5,14.8,18.4,100.0,83.0,100.2,
https://www.basketball-reference.com/boxscores/201412150PHO.html,"9:00 PM, December 15, 2014",Phoenix Suns,Milwaukee Bucks,94,96,MIL,,,Team Totals,240,35,73,.479,8,16,.500,18,22,.818,5,28,33,23,10,1,21,27,96,,,Team Totals,240,.581,.534,.219,.301,16.1,63.6,44.0,65.7,10.7,2.7,20.3,100.0,102.4,100.2,
https://www.basketball-reference.com/boxscores/201412150PHO.html,"9:00 PM, December 15, 2014",Phoenix Suns,Milwaukee Bucks,94,96,PHO,,,Team Totals,240,30,75,.400,12,38,.316,22,27,.815,16,26,42,17,12,5,23,24,94,,,Team Totals,240,.541,.480,.507,.360,36.4,83.9,56.0,56.7,12.8,8.8,20.9,100.0,100.2,102.4,
https://www.basketball-reference.com/boxscores/201412150POR.html,"10:00 PM, December 15, 2014",Portland Trail Blazers,San Antonio Spurs,108,95,SAS,,,Team Totals,240,38,78,.487,4,11,.364,15,22,.682,9,33,42,19,5,4,15,21,95,,,Team Totals,240,.542,.513,.141,.282,20.5,75.0,47.7,50.0,5.3,5.6,14.6,100.0,100.5,114.3,
https://www.basketball-reference.com/boxscores/201412150POR.html,"10:00 PM, December 15, 2014",Portland Trail Blazers,San Antonio Spurs,108,95,POR,,,Team Totals,240,41,89,.461,7,18,.389,19,22,.864,11,35,46,18,8,2,11,19,108,,,Team Totals,240,.547,.500,.202,.247,25.0,79.5,52.3,43.9,8.5,3.0,10.0,100.0,114.3,100.5,
https://www.basketball-reference.com/boxscores/201412150TOR.html,"7:30 PM, December 15, 2014",Toronto Raptors,Orlando Magic,95,82,ORL,,,Team Totals,240,36,74,.486,4,15,.267,6,8,.750,6,30,36,13,5,7,19,19,82,,,Team Totals,240,.529,.514,.203,.108,18.2,71.4,48.0,36.1,5.7,13.2,19.7,100.0,92.8,107.5,
https://www.basketball-reference.com/boxscores/201412150TOR.html,"7:30 PM, December 15, 2014",Toronto Raptors,Orlando Magic,95,82,TOR,,,Team Totals,240,37,83,.446,11,30,.367,10,15,.667,12,27,39,25,8,4,13,14,95,,,Team Totals,240,.530,.512,.361,.181,28.6,81.8,52.0,67.6,9.1,6.8,12.7,100.0,107.5,92.8,
https://www.basketball-reference.com/boxscores/201412160BRK.html,"7:30 PM, December 16, 2014",Brooklyn Nets,Miami Heat,91,95,MIA,,,Team Totals,240,33,72,.458,9,24,.375,20,26,.769,7,34,41,20,9,2,18,23,95,,,Team Totals,240,.569,.521,.333,.361,21.2,75.6,52.6,60.6,9.7,4.1,17.7,100.0,102.1,97.8,
https://www.basketball-reference.com/boxscores/201412160BRK.html,"7:30 PM, December 16, 2014",Brooklyn Nets,Miami Heat,91,95,BRK,,,Team Totals,240,30,77,.390,8,28,.286,23,32,.719,11,26,37,25,9,2,17,26,91,,,Team Totals,240,.500,.442,.364,.416,24.4,78.8,47.4,83.3,9.7,4.2,15.7,100.0,97.8,102.1,
https://www.basketball-reference.com/boxscores/201412160MEM.html,"8:00 PM, December 16, 2014",Memphis Grizzlies,Golden State Warriors,105,98,GSW,,,Team Totals,240,39,95,.411,9,31,.290,11,12,.917,15,34,49,18,9,11,14,19,98,,,Team Totals,240,.489,.458,.326,.126,28.3,77.3,50.5,46.2,9.1,14.1,12.3,100.0,99.3,106.4,
https://www.basketball-reference.com/boxscores/201412160MEM.html,"8:00 PM, December 16, 2014",Memphis Grizzlies,Golden State Warriors,105,98,MEM,,,Team Totals,240,42,92,.457,5,14,.357,16,19,.842,10,38,48,24,9,4,13,16,105,,,Team Totals,240,.523,.484,.152,.207,22.7,71.7,49.5,57.1,9.1,6.3,11.5,100.0,106.4,99.3,
https://www.basketball-reference.com/boxscores/201412160NOP.html,"8:00 PM, December 16, 2014",New Orleans Pelicans,Utah Jazz,119,111,UTA,,,Team Totals,240,45,90,.500,5,15,.333,16,19,.842,18,19,37,19,6,7,15,18,111,,,Team Totals,240,.564,.528,.167,.211,43.9,67.9,53.6,42.2,6.6,11.1,13.2,100.0,121.5,130.3,
https://www.basketball-reference.com/boxscores/201412160NOP.html,"8:00 PM, December 16, 2014",New Orleans Pelicans,Utah Jazz,119,111,NOP,,,Team Totals,240,47,79,.595,8,16,.500,17,18,.944,9,23,32,24,9,9,16,20,119,,,Team Totals,240,.685,.646,.203,.228,32.1,56.1,46.4,51.1,9.9,12.0,15.5,100.0,130.3,121.5,
https://www.basketball-reference.com/boxscores/201412160NYK.html,"8:00 PM, December 16, 2014",New York Knicks,Dallas Mavericks,87,107,DAL,,,Team Totals,240,42,83,.506,15,33,.455,8,8,1.000,10,31,41,30,9,4,17,14,107,,,Team Totals,240,.618,.596,.398,.096,28.6,75.6,53.9,71.4,9.9,6.3,16.4,100.0,118.0,95.9,
https://www.basketball-reference.com/boxscores/201412160NYK.html,"8:00 PM, December 16, 2014",New York Knicks,Dallas Mavericks,87,107,NYK,,,Team Totals,240,37,84,.440,5,21,.238,8,10,.800,10,25,35,23,11,5,15,13,87,,,Team Totals,240,.492,.470,.250,.119,24.4,71.4,46.1,62.2,12.1,10.0,14.5,100.0,95.9,118.0,
https://www.basketball-reference.com/boxscores/201412160SAC.html,"10:30 PM, December 16, 2014",Sacramento Kings,Oklahoma City Thunder,92,104,OKC,,,Team Totals,240,41,87,.471,6,20,.300,16,24,.667,12,29,41,18,9,9,12,20,104,,,Team Totals,240,.533,.506,.230,.276,25.5,69.0,46.1,43.9,9.5,13.6,11.0,100.0,109.5,96.9,
https://www.basketball-reference.com/boxscores/201412160SAC.html,"10:30 PM, December 16, 2014",Sacramento Kings,Oklahoma City Thunder,92,104,SAC,,,Team Totals,240,36,84,.429,5,18,.278,15,17,.882,13,35,48,21,7,3,19,21,92,,,Team Totals,240,.503,.458,.214,.202,31.0,74.5,53.9,58.3,7.4,4.5,17.2,100.0,96.9,109.5,
https://www.basketball-reference.com/boxscores/201412160WAS.html,"7:00 PM, December 16, 2014",Washington Wizards,Minnesota Timberwolves,109,95,MIN,,,Team Totals,240,36,81,.444,3,8,.375,20,35,.571,11,30,41,17,7,5,10,18,95,,,Team Totals,240,.493,.463,.099,.432,23.4,75.0,47.1,47.2,7.6,7.2,9.4,100.0,102.5,117.6,
https://www.basketball-reference.com/boxscores/201412160WAS.html,"7:00 PM, December 16, 2014",Washington Wizards,Minnesota Timberwolves,109,95,WAS,,,Team Totals,240,43,86,.500,10,17,.588,13,18,.722,10,36,46,29,7,8,10,25,109,,,Team Totals,240,.580,.558,.198,.209,25.0,76.6,52.9,67.4,7.6,11.0,9.6,100.0,117.6,102.5,
https://www.basketball-reference.com/boxscores/201412170BOS.html,"7:30 PM, December 17, 2014",Boston Celtics,Orlando Magic,109,92,ORL,,,Team Totals,240,37,85,.435,5,19,.263,13,15,.867,10,26,36,17,8,1,12,16,92,,,Team Totals,240,.502,.465,.224,.176,22.2,78.8,46.2,45.9,8.7,1.6,11.6,100.0,99.7,118.1,
https://www.basketball-reference.com/boxscores/201412170BOS.html,"7:30 PM, December 17, 2014",Boston Celtics,Orlando Magic,109,92,BOS,,,Team Totals,240,44,80,.550,7,19,.368,14,18,.778,7,35,42,25,9,8,14,16,109,,,Team Totals,240,.620,.594,.238,.225,21.2,77.8,53.8,56.8,9.7,12.1,13.7,100.0,118.1,99.7,
https://www.basketball-reference.com/boxscores/201412170CHO.html,"7:00 PM, December 17, 2014",Charlotte Hornets,Phoenix Suns,106,111,PHO,,,Team Totals,240,43,82,.524,9,25,.360,16,21,.762,8,35,43,22,4,7,8,15,111,,,Team Totals,240,.608,.579,.305,.256,22.9,81.4,55.1,51.2,4.4,11.3,8.1,100.0,122.3,116.8,
https://www.basketball-reference.com/boxscores/201412170CHO.html,"7:00 PM, December 17, 2014",Charlotte Hornets,Phoenix Suns,106,111,CHO,,,Team Totals,240,40,86,.465,10,24,.417,16,22,.727,8,27,35,22,6,3,7,16,106,,,Team Totals,240,.554,.523,.279,.256,18.6,77.1,44.9,55.0,6.6,5.3,6.8,100.0,116.8,122.3,
https://www.basketball-reference.com/boxscores/201412170CLE.html,"7:00 PM, December 17, 2014",Cleveland Cavaliers,Atlanta Hawks,98,127,ATL,,,Team Totals,240,49,76,.645,16,28,.571,13,16,.813,6,34,40,36,3,5,9,17,127,,,Team Totals,240,.765,.750,.368,.211,20.7,77.3,54.8,73.5,3.5,9.6,9.8,100.0,146.1,112.7,
https://www.basketball-reference.com/boxscores/201412170CLE.html,"7:00 PM, December 17, 2014",Cleveland Cavaliers,Atlanta Hawks,98,127,CLE,,,Team Totals,240,37,82,.451,8,30,.267,16,21,.762,10,23,33,24,3,0,9,17,98,,,Team Totals,240,.537,.500,.366,.256,22.7,79.3,45.2,64.9,3.5,0.0,9.0,100.0,112.7,146.1,
https://www.basketball-reference.com/boxscores/201412170DEN.html,"10:30 PM, December 17, 2014",Denver Nuggets,Houston Rockets,111,115,HOU,,,Team Totals,265,35,85,.412,8,28,.286,37,48,.771,10,45,55,17,7,5,16,23,115,,,Team Totals,265,.542,.459,.329,.565,22.2,73.8,51.9,48.6,6.4,7.2,13.1,100.0,105.5,101.9,
https://www.basketball-reference.com/boxscores/201412170DEN.html,"10:30 PM, December 17, 2014",Denver Nuggets,Houston Rockets,111,115,DEN,,,Team Totals,265,40,99,.404,13,30,.433,18,23,.783,16,35,51,30,8,1,18,36,111,,,Team Totals,265,.509,.470,.303,.232,26.2,77.8,48.1,75.0,7.3,1.8,14.2,100.0,101.9,105.5,
https://www.basketball-reference.com/boxscores/201412170DET.html,"7:30 PM, December 17, 2014",Detroit Pistons,Dallas Mavericks,106,117,DAL,,,Team Totals,240,40,79,.506,10,22,.455,27,35,.771,9,36,45,29,9,4,14,15,117,,,Team Totals,240,.620,.570,.278,.443,22.0,78.3,51.7,72.5,9.3,7.1,12.9,100.0,120.6,109.3,
https://www.basketball-reference.com/boxscores/201412170DET.html,"7:30 PM, December 17, 2014",Detroit Pistons,Dallas Mavericks,106,117,DET,,,Team Totals,240,40,89,.449,13,33,.394,13,19,.684,10,32,42,22,9,4,11,27,106,,,Team Totals,240,.544,.522,.371,.213,21.7,78.0,48.3,55.0,9.3,7.0,10.2,100.0,109.3,120.6,
https://www.basketball-reference.com/boxscores/201412170LAC.html,"10:30 PM, December 17, 2014",Los Angeles Clippers,Indiana Pacers,102,100,IND,,,Team Totals,240,40,90,.444,4,19,.211,16,23,.696,14,29,43,27,6,4,12,30,100,,,Team Totals,240,.499,.467,.211,.256,27.5,67.4,45.7,67.5,6.3,6.7,10.7,100.0,105.7,107.8,
https://www.basketball-reference.com/boxscores/201412170LAC.html,"10:30 PM, December 17, 2014",Los Angeles Clippers,Indiana Pacers,102,100,LAC,,,Team Totals,240,34,78,.436,6,18,.333,28,45,.622,14,37,51,20,7,4,12,15,102,,,Team Totals,240,.521,.474,.231,.577,32.6,72.5,54.3,58.8,7.4,5.6,10.9,100.0,107.8,105.7,
https://www.basketball-reference.com/boxscores/201412170MIA.html,"7:30 PM, December 17, 2014",Miami Heat,Utah Jazz,87,105,UTA,,,Team Totals,240,35,66,.530,14,25,.560,21,24,.875,6,32,38,23,4,5,20,26,105,,,Team Totals,240,.686,.636,.379,.364,20.7,80.0,55.1,65.7,4.5,9.4,20.7,100.0,119.0,98.6,
https://www.basketball-reference.com/boxscores/201412170MIA.html,"7:30 PM, December 17, 2014",Miami Heat,Utah Jazz,87,105,MIA,,,Team Totals,240,27,70,.386,4,17,.235,29,40,.725,8,23,31,10,10,0,11,24,87,,,Team Totals,240,.497,.414,.243,.571,20.0,79.3,44.9,37.0,11.3,0.0,11.2,100.0,98.6,119.0,
https://www.basketball-reference.com/boxscores/201412170POR.html,"10:00 PM, December 17, 2014",Portland Trail Blazers,Milwaukee Bucks,104,97,MIL,,,Team Totals,240,37,77,.481,7,19,.368,16,22,.727,5,27,32,16,8,0,13,25,97,,,Team Totals,240,.560,.526,.247,.286,12.2,62.8,38.1,43.2,8.5,0.0,13.0,100.0,103.3,110.7,
https://www.basketball-reference.com/boxscores/201412170POR.html,"10:00 PM, December 17, 2014",Portland Trail Blazers,Milwaukee Bucks,104,97,POR,,,Team Totals,240,41,87,.471,7,23,.304,15,29,.517,16,36,52,25,4,3,14,19,104,,,Team Totals,240,.521,.511,.264,.333,37.2,87.8,61.9,61.0,4.3,5.2,12.3,100.0,110.7,103.3,
https://www.basketball-reference.com/boxscores/201412170SAS.html,"8:30 PM, December 17, 2014",San Antonio Spurs,Memphis Grizzlies,116,117,MEM,,,Team Totals,315,48,107,.449,10,27,.370,11,14,.786,13,45,58,29,12,6,12,27,117,,,Team Totals,315,.517,.495,.252,.131,24.1,70.3,49.2,60.4,10.8,8.6,9.6,100.0,105.6,104.7,
https://www.basketball-reference.com/boxscores/201412170SAS.html,"8:30 PM, December 17, 2014",San Antonio Spurs,Memphis Grizzlies,116,117,SAS,,,Team Totals,315,43,105,.410,17,35,.486,13,27,.481,19,41,60,31,6,11,16,16,116,,,Team Totals,315,.496,.490,.333,.257,29.7,75.9,50.8,72.1,5.4,13.8,12.0,100.0,104.7,105.6,
https://www.basketball-reference.com/boxscores/201412170TOR.html,"8:00 PM, December 17, 2014",Toronto Raptors,Brooklyn Nets,105,89,BRK,,,Team Totals,240,35,81,.432,9,27,.333,10,22,.455,14,29,43,20,3,8,15,16,89,,,Team Totals,240,.491,.488,.333,.272,31.1,72.5,50.6,57.1,3.4,13.3,14.2,100.0,100.2,118.2,
https://www.basketball-reference.com/boxscores/201412170TOR.html,"8:00 PM, December 17, 2014",Toronto Raptors,Brooklyn Nets,105,89,TOR,,,Team Totals,240,41,80,.513,10,20,.500,13,19,.684,11,31,42,24,6,4,12,21,105,,,Team Totals,240,.594,.575,.250,.238,27.5,68.9,49.4,58.5,6.8,7.4,12.0,100.0,118.2,100.2,
https://www.basketball-reference.com/boxscores/201412180CHI.html,"8:00 PM, December 18, 2014",Chicago Bulls,New York Knicks,103,97,NYK,,,Team Totals,240,38,82,.463,6,9,.667,15,19,.789,14,27,41,19,7,6,16,24,97,,,Team Totals,240,.537,.500,.110,.232,40.0,71.1,56.2,50.0,8.0,11.5,15.0,100.0,111.5,118.3,
https://www.basketball-reference.com/boxscores/201412180CHI.html,"8:00 PM, December 18, 2014",Chicago Bulls,New York Knicks,103,97,CHI,,,Team Totals,240,34,75,.453,12,23,.522,23,30,.767,11,21,32,23,9,8,13,17,103,,,Team Totals,240,.584,.533,.307,.400,28.9,60.0,43.8,67.6,10.3,11.0,12.8,100.0,118.3,111.5,
https://www.basketball-reference.com/boxscores/201412180GSW.html,"10:30 PM, December 18, 2014",Golden State Warriors,Oklahoma City Thunder,114,109,OKC,,,Team Totals,240,41,86,.477,11,25,.440,16,24,.667,8,35,43,17,5,4,16,15,109,,,Team Totals,240,.564,.541,.291,.279,21.6,77.8,52.4,41.5,5.0,6.3,14.2,100.0,110.0,115.0,
https://www.basketball-reference.com/boxscores/201412180GSW.html,"10:30 PM, December 18, 2014",Golden State Warriors,Oklahoma City Thunder,114,109,GSW,,,Team Totals,240,48,94,.511,12,31,.387,6,10,.600,10,29,39,32,9,7,10,15,114,,,Team Totals,240,.579,.574,.330,.106,22.2,78.4,47.6,66.7,9.1,11.5,9.2,100.0,115.0,110.0,
https://www.basketball-reference.com/boxscores/201412180HOU.html,"8:30 PM, December 18, 2014",Houston Rockets,New Orleans Pelicans,90,99,NOP,,,Team Totals,240,38,82,.463,5,18,.278,18,22,.818,12,33,45,21,4,8,12,17,99,,,Team Totals,240,.540,.494,.220,.268,27.9,73.3,51.1,55.3,4.4,13.1,11.6,100.0,109.6,99.6,
https://www.basketball-reference.com/boxscores/201412180HOU.html,"8:30 PM, December 18, 2014",Houston Rockets,New Orleans Pelicans,90,99,HOU,,,Team Totals,240,33,86,.384,6,25,.240,18,23,.783,12,31,43,19,8,4,11,18,90,,,Team Totals,240,.468,.419,.291,.267,26.7,72.1,48.9,57.6,8.9,6.3,10.3,100.0,99.6,109.6,
https://www.basketball-reference.com/boxscores/201412180SAC.html,"10:00 PM, December 18, 2014",Sacramento Kings,Milwaukee Bucks,107,108,MIL,,,Team Totals,240,37,75,.493,13,23,.565,21,27,.778,5,22,27,24,7,2,16,26,108,,,Team Totals,240,.622,.580,.307,.360,13.9,84.6,43.5,64.9,7.3,3.8,15.6,100.0,112.2,111.1,
https://www.basketball-reference.com/boxscores/201412180SAC.html,"10:00 PM, December 18, 2014",Sacramento Kings,Milwaukee Bucks,107,108,SAC,,,Team Totals,240,38,67,.567,6,14,.429,25,33,.758,4,31,35,24,5,0,21,23,107,,,Team Totals,240,.656,.612,.209,.493,15.4,86.1,56.5,63.2,5.2,0.0,20.5,100.0,111.1,112.2,
https://www.basketball-reference.com/boxscores/201412190BOS.html,"7:30 PM, December 19, 2014",Boston Celtics,Minnesota Timberwolves,114,98,MIN,,,Team Totals,240,42,93,.452,6,12,.500,8,16,.500,15,22,37,23,8,5,13,13,98,,,Team Totals,240,.490,.484,.129,.172,32.6,64.7,46.3,54.8,8.7,8.1,11.5,100.0,106.4,123.8,
https://www.basketball-reference.com/boxscores/201412190BOS.html,"7:30 PM, December 19, 2014",Boston Celtics,Minnesota Timberwolves,114,98,BOS,,,Team Totals,240,48,85,.565,8,23,.348,10,14,.714,12,31,43,29,9,6,13,20,114,,,Team Totals,240,.625,.612,.271,.165,35.3,67.4,53.8,60.4,9.8,7.4,12.5,100.0,123.8,106.4,
https://www.basketball-reference.com/boxscores/201412190CLE.html,"7:30 PM, December 19, 2014",Cleveland Cavaliers,Brooklyn Nets,95,91,BRK,,,Team Totals,240,37,78,.474,9,24,.375,8,12,.667,4,33,37,23,8,8,16,26,91,,,Team Totals,240,.546,.532,.308,.154,10.8,75.0,45.7,62.2,8.6,15.1,16.1,100.0,97.7,102.0,
https://www.basketball-reference.com/boxscores/201412190CLE.html,"7:30 PM, December 19, 2014",Cleveland Cavaliers,Brooklyn Nets,95,91,CLE,,,Team Totals,240,31,77,.403,9,24,.375,24,29,.828,11,33,44,22,7,4,16,16,95,,,Team Totals,240,.529,.461,.312,.377,25.0,89.2,54.3,71.0,7.5,7.4,15.1,100.0,102.0,97.7,
https://www.basketball-reference.com/boxscores/201412190DEN.html,"9:00 PM, December 19, 2014",Denver Nuggets,Los Angeles Clippers,109,106,LAC,,,Team Totals,240,39,85,.459,3,18,.167,25,33,.758,13,26,39,21,14,4,11,22,106,,,Team Totals,240,.533,.476,.212,.388,29.5,74.3,49.4,53.8,14.3,7.8,10.0,100.0,108.1,111.2,
https://www.basketball-reference.com/boxscores/201412190DEN.html,"9:00 PM, December 19, 2014",Denver Nuggets,Los Angeles Clippers,109,106,DEN,,,Team Totals,240,38,80,.475,11,29,.379,22,30,.733,9,31,40,30,6,1,21,24,109,,,Team Totals,240,.585,.544,.363,.375,25.7,70.5,50.6,78.9,6.1,1.5,18.4,100.0,111.2,108.1,
https://www.basketball-reference.com/boxscores/201412190DET.html,"7:30 PM, December 19, 2014",Detroit Pistons,Toronto Raptors,100,110,TOR,,,Team Totals,240,42,88,.477,8,27,.296,18,24,.750,9,38,47,24,4,5,9,16,110,,,Team Totals,240,.558,.523,.307,.273,20.5,73.1,49.0,57.1,4.2,7.2,8.4,100.0,114.4,104.0,
https://www.basketball-reference.com/boxscores/201412190DET.html,"7:30 PM, December 19, 2014",Detroit Pistons,Toronto Raptors,100,110,DET,,,Team Totals,240,41,94,.436,8,25,.320,10,15,.667,14,35,49,28,5,7,11,20,100,,,Team Totals,240,.497,.479,.266,.160,26.9,79.5,51.0,68.3,5.2,11.5,9.9,100.0,104.0,114.4,
https://www.basketball-reference.com/boxscores/201412190LAL.html,"10:30 PM, December 19, 2014",Los Angeles Lakers,Oklahoma City Thunder,103,104,OKC,,,Team Totals,240,37,86,.430,8,21,.381,22,29,.759,11,31,42,21,5,8,7,16,104,,,Team Totals,240,.527,.477,.244,.337,22.4,86.1,49.4,56.8,5.3,13.3,6.6,100.0,110.5,109.4,
https://www.basketball-reference.com/boxscores/201412190LAL.html,"10:30 PM, December 19, 2014",Los Angeles Lakers,Oklahoma City Thunder,103,104,LAL,,,Team Totals,240,41,85,.482,10,25,.400,11,15,.733,5,38,43,28,3,5,11,21,103,,,Team Totals,240,.562,.541,.294,.176,13.9,77.6,50.6,68.3,3.2,7.7,10.7,100.0,109.4,110.5,
https://www.basketball-reference.com/boxscores/201412190MEM.html,"8:00 PM, December 19, 2014",Memphis Grizzlies,Chicago Bulls,97,103,CHI,,,Team Totals,240,32,73,.438,10,26,.385,29,33,.879,8,43,51,17,2,3,11,18,103,,,Team Totals,240,.588,.507,.356,.452,20.5,75.4,53.1,53.1,2.2,3.7,11.2,100.0,113.9,107.3,
https://www.basketball-reference.com/boxscores/201412190MEM.html,"8:00 PM, December 19, 2014",Memphis Grizzlies,Chicago Bulls,97,103,MEM,,,Team Totals,240,37,94,.394,2,13,.154,21,24,.875,14,31,45,12,4,6,4,25,97,,,Team Totals,240,.464,.404,.138,.255,24.6,79.5,46.9,32.4,4.4,12.8,3.7,100.0,107.3,113.9,
https://www.basketball-reference.com/boxscores/201412190MIA.html,"7:30 PM, December 19, 2014",Miami Heat,Washington Wizards,103,105,WAS,,,Team Totals,240,39,79,.494,3,14,.214,24,33,.727,13,23,36,24,6,3,9,17,105,,,Team Totals,240,.561,.513,.177,.418,31.0,82.1,51.4,61.5,6.7,5.4,8.8,100.0,116.8,114.5,
https://www.basketball-reference.com/boxscores/201412190MIA.html,"7:30 PM, December 19, 2014",Miami Heat,Washington Wizards,103,105,MIA,,,Team Totals,240,40,75,.533,9,19,.474,14,19,.737,5,29,34,22,7,3,16,27,103,,,Team Totals,240,.618,.593,.253,.253,17.9,69.0,48.6,55.0,7.8,4.6,16.1,100.0,114.5,116.8,
https://www.basketball-reference.com/boxscores/201412190ORL.html,"7:00 PM, December 19, 2014",Orlando Magic,Utah Jazz,94,101,UTA,,,Team Totals,240,39,73,.534,4,11,.364,19,24,.792,7,35,42,24,4,5,16,14,101,,,Team Totals,240,.604,.562,.151,.329,21.9,79.5,55.3,61.5,4.4,8.2,16.1,100.0,112.0,104.2,
https://www.basketball-reference.com/boxscores/201412190ORL.html,"7:00 PM, December 19, 2014",Orlando Magic,Utah Jazz,94,101,ORL,,,Team Totals,240,37,83,.446,12,22,.545,8,12,.667,9,25,34,28,6,2,12,22,94,,,Team Totals,240,.532,.518,.265,.145,20.5,78.1,44.7,75.7,6.7,3.2,12.0,100.0,104.2,112.0,
https://www.basketball-reference.com/boxscores/201412190PHI.html,"7:00 PM, December 19, 2014",Philadelphia 76ers,Charlotte Hornets,91,109,CHO,,,Team Totals,240,43,98,.439,10,24,.417,13,17,.765,17,28,45,25,10,3,15,17,109,,,Team Totals,240,.517,.490,.245,.173,34.0,93.3,56.3,58.1,10.0,6.7,12.5,100.0,109.1,91.1,
https://www.basketball-reference.com/boxscores/201412190PHI.html,"7:00 PM, December 19, 2014",Philadelphia 76ers,Charlotte Hornets,91,109,PHI,,,Team Totals,240,32,71,.451,12,26,.462,15,17,.882,2,33,35,23,6,12,25,17,91,,,Team Totals,240,.580,.535,.366,.239,6.7,66.0,43.8,71.9,6.0,16.2,24.2,100.0,91.1,109.1,
https://www.basketball-reference.com/boxscores/201412190SAS.html,"8:00 PM, December 19, 2014",San Antonio Spurs,Portland Trail Blazers,119,129,POR,,,Team Totals,315,47,110,.427,13,35,.371,22,23,.957,15,43,58,18,12,5,14,24,129,,,Team Totals,315,.537,.486,.318,.209,25.9,71.7,49.2,38.3,10.2,5.6,10.4,100.0,109.4,100.9,
https://www.basketball-reference.com/boxscores/201412190SAS.html,"8:00 PM, December 19, 2014",San Antonio Spurs,Portland Trail Blazers,119,129,SAS,,,Team Totals,315,45,109,.413,8,20,.400,21,26,.808,17,43,60,24,8,4,20,22,119,,,Team Totals,315,.494,.450,.183,.239,28.3,74.1,50.8,53.3,6.8,5.3,14.2,100.0,100.9,109.4,
https://www.basketball-reference.com/boxscores/201412200CHO.html,"7:00 PM, December 20, 2014",Charlotte Hornets,Utah Jazz,104,86,UTA,,,Team Totals,240,33,85,.388,8,31,.258,12,15,.800,13,26,39,18,3,5,9,15,86,,,Team Totals,240,.469,.435,.365,.176,27.7,63.4,44.3,54.5,3.6,7.7,8.9,100.0,104.0,125.8,
https://www.basketball-reference.com/boxscores/201412200CHO.html,"7:00 PM, December 20, 2014",Charlotte Hornets,Utah Jazz,104,86,CHO,,,Team Totals,240,42,87,.483,9,22,.409,11,16,.688,15,34,49,21,8,3,5,14,104,,,Team Totals,240,.553,.534,.253,.184,36.6,72.3,55.7,50.0,9.7,5.6,5.0,100.0,125.8,104.0,
https://www.basketball-reference.com/boxscores/201412200DAL.html,"8:30 PM, December 20, 2014",Dallas Mavericks,San Antonio Spurs,99,93,SAS,,,Team Totals,240,32,77,.416,3,13,.231,26,26,1.000,12,36,48,10,6,2,19,20,93,,,Team Totals,240,.526,.435,.169,.338,30.8,73.5,54.5,31.3,6.5,3.3,17.7,100.0,101.3,107.8,
https://www.basketball-reference.com/boxscores/201412200DAL.html,"8:30 PM, December 20, 2014",Dallas Mavericks,San Antonio Spurs,99,93,DAL,,,Team Totals,240,37,86,.430,9,26,.346,16,20,.800,13,27,40,18,10,3,12,24,99,,,Team Totals,240,.522,.483,.302,.233,26.5,69.2,45.5,48.6,10.9,4.7,11.2,100.0,107.8,101.3,
https://www.basketball-reference.com/boxscores/201412200DEN.html,"9:00 PM, December 20, 2014",Denver Nuggets,Indiana Pacers,76,73,IND,,,Team Totals,240,27,88,.307,7,23,.304,12,17,.706,11,39,50,17,5,2,15,24,73,,,Team Totals,240,.382,.347,.261,.193,21.6,81.3,50.5,63.0,5.2,3.0,13.6,100.0,76.5,79.6,
https://www.basketball-reference.com/boxscores/201412200DEN.html,"9:00 PM, December 20, 2014",Denver Nuggets,Indiana Pacers,76,73,DEN,,,Team Totals,240,30,82,.366,2,16,.125,14,19,.737,9,40,49,14,7,7,16,20,76,,,Team Totals,240,.421,.378,.195,.232,18.8,78.4,49.5,46.7,7.3,10.8,15.0,100.0,79.6,76.5,
https://www.basketball-reference.com/boxscores/201412200HOU.html,"8:00 PM, December 20, 2014",Houston Rockets,Atlanta Hawks,97,104,ATL,,,Team Totals,240,38,74,.514,10,26,.385,18,24,.750,4,33,37,26,7,9,15,15,104,,,Team Totals,240,.615,.581,.351,.324,12.5,68.8,46.3,68.4,7.5,20.9,15.1,100.0,112.1,104.5,
https://www.basketball-reference.com/boxscores/201412200HOU.html,"8:00 PM, December 20, 2014",Houston Rockets,Atlanta Hawks,97,104,HOU,,,Team Totals,240,34,86,.395,15,43,.349,14,18,.778,15,28,43,27,8,4,16,25,97,,,Team Totals,240,.516,.483,.500,.209,31.3,87.5,53.8,79.4,8.6,8.3,14.6,100.0,104.5,112.1,
https://www.basketball-reference.com/boxscores/201412200LAC.html,"10:30 PM, December 20, 2014",Los Angeles Clippers,Milwaukee Bucks,106,102,MIL,,,Team Totals,240,43,81,.531,8,24,.333,8,15,.533,10,36,46,29,6,1,20,26,102,,,Team Totals,240,.582,.580,.296,.185,25.0,76.6,52.9,67.4,6.3,1.8,18.6,100.0,107.6,111.8,
https://www.basketball-reference.com/boxscores/201412200LAC.html,"10:30 PM, December 20, 2014",Los Angeles Clippers,Milwaukee Bucks,106,102,LAC,,,Team Totals,240,37,81,.457,12,26,.462,20,27,.741,11,30,41,29,10,4,12,18,106,,,Team Totals,240,.571,.531,.321,.333,23.4,75.0,47.1,78.4,10.5,7.0,11.4,100.0,111.8,107.6,
https://www.basketball-reference.com/boxscores/201412200NOP.html,"7:00 PM, December 20, 2014",New Orleans Pelicans,Portland Trail Blazers,88,114,POR,,,Team Totals,240,48,90,.533,9,25,.360,9,15,.600,10,35,45,25,11,3,13,25,114,,,Team Totals,240,.590,.583,.278,.167,26.3,63.6,48.4,52.1,11.6,4.3,11.9,100.0,120.7,93.1,
https://www.basketball-reference.com/boxscores/201412200NOP.html,"7:00 PM, December 20, 2014",New Orleans Pelicans,Portland Trail Blazers,88,114,NOP,,,Team Totals,240,30,85,.353,3,15,.200,25,28,.893,20,28,48,15,7,6,17,11,88,,,Team Totals,240,.452,.371,.176,.329,36.4,73.7,51.6,50.0,7.4,9.2,14.9,100.0,93.1,120.7,
https://www.basketball-reference.com/boxscores/201412200NYK.html,"1:00 PM, December 20, 2014",New York Knicks,Phoenix Suns,90,99,PHO,,,Team Totals,240,35,78,.449,10,25,.400,19,23,.826,12,31,43,15,10,3,16,12,99,,,Team Totals,240,.562,.513,.321,.295,30.0,64.6,48.9,42.9,11.2,4.5,15.4,100.0,110.8,100.7,
https://www.basketball-reference.com/boxscores/201412200NYK.html,"1:00 PM, December 20, 2014",New York Knicks,Phoenix Suns,90,99,NYK,,,Team Totals,240,35,88,.398,7,22,.318,13,16,.813,17,28,45,17,11,4,15,21,90,,,Team Totals,240,.473,.438,.250,.182,35.4,70.0,51.1,48.6,12.3,7.5,13.6,100.0,100.7,110.8,
https://www.basketball-reference.com/boxscores/201412210BRK.html,"6:00 PM, December 21, 2014",Brooklyn Nets,Detroit Pistons,110,105,DET,,,Team Totals,240,40,91,.440,9,27,.333,16,26,.615,18,32,50,26,10,6,14,22,105,,,Team Totals,240,.512,.489,.297,.286,34.6,91.4,57.5,65.0,10.2,10.7,12.0,100.0,107.2,112.4,
https://www.basketball-reference.com/boxscores/201412210BRK.html,"6:00 PM, December 21, 2014",Brooklyn Nets,Detroit Pistons,110,105,BRK,,,Team Totals,240,40,76,.526,8,20,.400,22,29,.759,3,34,37,29,9,4,15,18,110,,,Team Totals,240,.620,.579,.263,.382,8.6,65.4,42.5,72.5,9.2,6.3,14.5,100.0,112.4,107.2,
https://www.basketball-reference.com/boxscores/201412210CLE.html,"4:30 PM, December 21, 2014",Cleveland Cavaliers,Memphis Grizzlies,105,91,MEM,,,Team Totals,240,39,86,.453,1,16,.063,12,15,.800,12,26,38,25,8,3,11,16,91,,,Team Totals,240,.491,.459,.186,.174,29.3,86.7,53.5,64.1,9.0,4.8,10.6,100.0,102.2,118.0,
https://www.basketball-reference.com/boxscores/201412210CLE.html,"4:30 PM, December 21, 2014",Cleveland Cavaliers,Memphis Grizzlies,105,91,CLE,,,Team Totals,240,46,76,.605,7,14,.500,6,10,.600,4,29,33,34,2,4,14,19,105,,,Team Totals,240,.653,.651,.184,.132,13.3,70.7,46.5,73.9,2.2,5.7,14.8,100.0,118.0,102.2,
https://www.basketball-reference.com/boxscores/201412210MIA.html,"6:00 PM, December 21, 2014",Miami Heat,Boston Celtics,100,84,BOS,,,Team Totals,240,33,83,.398,6,23,.261,12,15,.800,14,28,42,22,6,4,15,18,84,,,Team Totals,240,.469,.434,.277,.181,30.4,82.4,52.5,66.7,6.7,7.0,14.3,100.0,93.7,111.5,
https://www.basketball-reference.com/boxscores/201412210MIA.html,"6:00 PM, December 21, 2014",Miami Heat,Boston Celtics,100,84,MIA,,,Team Totals,240,37,78,.474,6,21,.286,20,26,.769,6,32,38,18,9,3,11,14,100,,,Team Totals,240,.559,.513,.269,.333,17.6,69.6,47.5,48.6,10.0,5.0,11.0,100.0,111.5,93.7,
https://www.basketball-reference.com/boxscores/201412210MIN.html,"7:00 PM, December 21, 2014",Minnesota Timberwolves,Indiana Pacers,96,100,IND,,,Team Totals,240,42,84,.500,6,19,.316,10,14,.714,8,28,36,25,9,6,13,17,100,,,Team Totals,240,.555,.536,.226,.167,19.0,75.7,45.6,59.5,9.7,9.1,12.6,100.0,107.5,103.2,
https://www.basketball-reference.com/boxscores/201412210MIN.html,"7:00 PM, December 21, 2014",Minnesota Timberwolves,Indiana Pacers,96,100,MIN,,,Team Totals,240,36,77,.468,5,11,.455,19,24,.792,9,34,43,23,8,1,16,19,96,,,Team Totals,240,.548,.500,.143,.312,24.3,81.0,54.4,63.9,8.6,1.5,15.4,100.0,103.2,107.5,
https://www.basketball-reference.com/boxscores/201412210OKC.html,"7:00 PM, December 21, 2014",Oklahoma City Thunder,New Orleans Pelicans,99,101,NOP,,,Team Totals,240,43,90,.478,7,20,.350,8,10,.800,10,29,39,33,11,7,12,17,101,,,Team Totals,240,.535,.517,.222,.111,24.4,64.4,45.3,76.7,11.9,11.1,11.3,100.0,109.1,106.9,
https://www.basketball-reference.com/boxscores/201412210OKC.html,"7:00 PM, December 21, 2014",Oklahoma City Thunder,New Orleans Pelicans,99,101,OKC,,,Team Totals,240,38,83,.458,5,20,.250,18,24,.750,16,31,47,17,7,5,16,13,99,,,Team Totals,240,.529,.488,.241,.289,35.6,75.6,54.7,44.7,7.6,7.1,14.6,100.0,106.9,109.1,
https://www.basketball-reference.com/boxscores/201412210ORL.html,"6:00 PM, December 21, 2014",Orlando Magic,Philadelphia 76ers,88,96,PHI,,,Team Totals,240,35,82,.427,6,23,.261,20,25,.800,15,37,52,20,8,6,19,19,96,,,Team Totals,240,.516,.463,.280,.305,33.3,74.0,54.7,57.1,8.6,9.8,17.0,100.0,102.9,94.3,
https://www.basketball-reference.com/boxscores/201412210ORL.html,"6:00 PM, December 21, 2014",Orlando Magic,Philadelphia 76ers,88,96,ORL,,,Team Totals,240,35,84,.417,7,23,.304,11,20,.550,13,30,43,21,11,6,14,22,88,,,Team Totals,240,.474,.458,.274,.238,26.0,66.7,45.3,60.0,11.8,10.2,13.1,100.0,94.3,102.9,
https://www.basketball-reference.com/boxscores/201412210SAC.html,"6:00 PM, December 21, 2014",Sacramento Kings,Los Angeles Lakers,108,101,LAL,,,Team Totals,240,33,87,.379,10,26,.385,25,30,.833,18,29,47,14,8,2,17,29,101,,,Team Totals,240,.504,.437,.299,.345,34.6,74.4,51.6,42.4,8.3,3.6,14.5,100.0,105.1,112.4,
https://www.basketball-reference.com/boxscores/201412210SAC.html,"6:00 PM, December 21, 2014",Sacramento Kings,Los Angeles Lakers,108,101,SAC,,,Team Totals,240,38,79,.481,7,23,.304,25,36,.694,10,34,44,15,8,7,14,25,108,,,Team Totals,240,.569,.525,.291,.456,25.6,65.4,48.4,39.5,8.3,11.5,12.9,100.0,112.4,105.1,
https://www.basketball-reference.com/boxscores/201412210TOR.html,"3:30 PM, December 21, 2014",Toronto Raptors,New York Knicks,118,108,NYK,,,Team Totals,240,40,82,.488,5,14,.357,23,26,.885,8,24,32,27,6,5,12,22,108,,,Team Totals,240,.578,.518,.171,.317,22.9,60.0,42.7,67.5,6.6,9.4,11.4,100.0,118.6,129.6,
https://www.basketball-reference.com/boxscores/201412210TOR.html,"3:30 PM, December 21, 2014",Toronto Raptors,New York Knicks,118,108,TOR,,,Team Totals,240,42,86,.488,14,33,.424,20,27,.741,16,27,43,24,7,4,10,24,118,,,Team Totals,240,.603,.570,.384,.314,40.0,77.1,57.3,57.1,7.7,5.9,9.3,100.0,129.6,118.6,
https://www.basketball-reference.com/boxscores/201412210WAS.html,"6:00 PM, December 21, 2014",Washington Wizards,Phoenix Suns,92,104,PHO,,,Team Totals,240,40,78,.513,6,17,.353,18,25,.720,12,33,45,13,3,8,17,24,104,,,Team Totals,240,.584,.551,.218,.321,30.8,68.8,51.7,32.5,3.3,11.6,16.0,100.0,113.2,100.2,
https://www.basketball-reference.com/boxscores/201412210WAS.html,"6:00 PM, December 21, 2014",Washington Wizards,Phoenix Suns,92,104,WAS,,,Team Totals,240,34,83,.410,3,14,.214,21,29,.724,15,27,42,11,11,4,13,23,92,,,Team Totals,240,.480,.428,.169,.349,31.3,69.2,48.3,32.4,12.0,6.6,12.0,100.0,100.2,113.2,
https://www.basketball-reference.com/boxscores/201412220CHI.html,"8:00 PM, December 22, 2014",Chicago Bulls,Toronto Raptors,129,120,TOR,,,Team Totals,240,44,100,.440,9,30,.300,23,32,.719,18,19,37,15,10,3,8,30,120,,,Team Totals,240,.526,.485,.300,.320,38.3,61.3,47.4,34.1,10.4,4.8,6.6,100.0,124.6,134.0,
https://www.basketball-reference.com/boxscores/201412220CHI.html,"8:00 PM, December 22, 2014",Chicago Bulls,Toronto Raptors,129,120,CHI,,,Team Totals,240,40,74,.541,6,12,.500,43,47,.915,12,29,41,20,4,13,16,20,129,,,Team Totals,240,.681,.581,.162,.635,38.7,61.7,52.6,50.0,4.2,18.6,14.5,100.0,134.0,124.6,
https://www.basketball-reference.com/boxscores/201412220CHO.html,"7:00 PM, December 22, 2014",Charlotte Hornets,Denver Nuggets,110,82,DEN,,,Team Totals,240,31,82,.378,2,18,.111,18,24,.750,9,28,37,11,6,4,13,20,82,,,Team Totals,240,.443,.390,.220,.293,19.1,82.4,45.7,35.5,6.4,6.6,12.3,100.0,86.9,116.5,
https://www.basketball-reference.com/boxscores/201412220CHO.html,"7:00 PM, December 22, 2014",Charlotte Hornets,Denver Nuggets,110,82,CHO,,,Team Totals,240,43,80,.538,8,19,.421,16,24,.667,6,38,44,23,6,6,12,21,110,,,Team Totals,240,.607,.588,.238,.300,17.6,80.9,54.3,53.5,6.4,9.4,11.7,100.0,116.5,86.9,
https://www.basketball-reference.com/boxscores/201412220DAL.html,"8:30 PM, December 22, 2014",Dallas Mavericks,Atlanta Hawks,102,105,ATL,,,Team Totals,240,40,81,.494,7,19,.368,18,27,.667,6,37,43,26,6,6,17,21,105,,,Team Totals,240,.565,.537,.235,.333,15.0,74.0,47.8,65.0,6.0,9.7,15.5,100.0,104.5,101.5,
https://www.basketball-reference.com/boxscores/201412220DAL.html,"8:30 PM, December 22, 2014",Dallas Mavericks,Atlanta Hawks,102,105,DAL,,,Team Totals,240,39,90,.433,11,28,.393,13,20,.650,13,34,47,23,12,5,15,23,102,,,Team Totals,240,.516,.494,.311,.222,26.0,85.0,52.2,59.0,11.9,8.1,13.2,100.0,101.5,104.5,
https://www.basketball-reference.com/boxscores/201412220GSW.html,"10:30 PM, December 22, 2014",Golden State Warriors,Sacramento Kings,128,108,SAC,,,Team Totals,240,43,90,.478,8,17,.471,14,21,.667,9,30,39,31,5,5,13,17,108,,,Team Totals,240,.544,.522,.189,.233,20.5,75.0,46.4,72.1,4.9,7.6,11.6,100.0,106.7,126.4,
https://www.basketball-reference.com/boxscores/201412220GSW.html,"10:30 PM, December 22, 2014",Golden State Warriors,Sacramento Kings,128,108,GSW,,,Team Totals,240,49,91,.538,9,25,.360,21,24,.875,10,35,45,36,9,6,12,19,128,,,Team Totals,240,.630,.588,.275,.264,25.0,79.5,53.6,73.5,8.9,8.2,10.6,100.0,126.4,106.7,
https://www.basketball-reference.com/boxscores/201412220HOU.html,"8:00 PM, December 22, 2014",Houston Rockets,Portland Trail Blazers,110,95,POR,,,Team Totals,240,34,76,.447,10,27,.370,17,18,.944,5,30,35,19,9,5,23,23,95,,,Team Totals,240,.566,.513,.355,.237,12.5,81.1,45.5,55.9,8.8,9.8,21.5,100.0,93.0,107.7,
https://www.basketball-reference.com/boxscores/201412220HOU.html,"8:00 PM, December 22, 2014",Houston Rockets,Portland Trail Blazers,110,95,HOU,,,Team Totals,240,41,87,.471,13,36,.361,15,20,.750,7,35,42,22,14,3,18,22,110,,,Team Totals,240,.574,.546,.414,.230,18.9,87.5,54.5,53.7,13.7,6.1,15.8,100.0,107.7,93.0,
https://www.basketball-reference.com/boxscores/201412220MEM.html,"8:00 PM, December 22, 2014",Memphis Grizzlies,Utah Jazz,91,97,UTA,,,Team Totals,240,34,75,.453,9,19,.474,20,27,.741,10,39,49,20,0,5,12,15,97,,,Team Totals,240,.558,.513,.253,.360,25.6,88.6,59.0,58.8,0.0,7.9,12.1,100.0,111.3,104.4,
https://www.basketball-reference.com/boxscores/201412220MEM.html,"8:00 PM, December 22, 2014",Memphis Grizzlies,Utah Jazz,91,97,MEM,,,Team Totals,240,38,86,.442,7,23,.304,8,9,.889,5,29,34,22,4,3,4,18,91,,,Team Totals,240,.506,.483,.267,.105,11.4,74.4,41.0,57.9,4.6,5.4,4.3,100.0,104.4,111.3,
https://www.basketball-reference.com/boxscores/201412220SAS.html,"8:30 PM, December 22, 2014",San Antonio Spurs,Los Angeles Clippers,125,118,LAC,,,Team Totals,240,43,86,.500,10,24,.417,22,29,.759,11,25,36,23,10,5,10,22,118,,,Team Totals,240,.597,.558,.279,.337,26.2,92.6,52.2,53.5,10.5,9.3,9.2,100.0,124.1,131.5,
https://www.basketball-reference.com/boxscores/201412220SAS.html,"8:30 PM, December 22, 2014",San Antonio Spurs,Los Angeles Clippers,125,118,SAS,,,Team Totals,240,49,77,.636,13,23,.565,14,22,.636,2,31,33,37,6,2,11,19,125,,,Team Totals,240,.721,.721,.299,.286,7.4,73.8,47.8,75.5,6.3,3.2,11.3,100.0,131.5,124.1,
https://www.basketball-reference.com/boxscores/201412230ATL.html,"7:30 PM, December 23, 2014",Atlanta Hawks,Los Angeles Clippers,107,104,LAC,,,Team Totals,240,37,92,.402,11,29,.379,19,28,.679,16,35,51,26,10,5,10,23,104,,,Team Totals,240,.498,.462,.315,.304,32.0,79.5,54.3,70.3,10.6,9.4,8.7,100.0,110.0,113.1,
https://www.basketball-reference.com/boxscores/201412230ATL.html,"7:30 PM, December 23, 2014",Atlanta Hawks,Los Angeles Clippers,107,104,ATL,,,Team Totals,240,34,76,.447,12,23,.522,27,35,.771,9,34,43,28,6,3,14,21,107,,,Team Totals,240,.585,.526,.303,.461,20.5,68.0,45.7,82.4,6.3,4.8,13.3,100.0,113.1,110.0,
https://www.basketball-reference.com/boxscores/201412230BRK.html,"7:30 PM, December 23, 2014",Brooklyn Nets,Denver Nuggets,102,96,DEN,,,Team Totals,240,36,82,.439,7,25,.280,17,22,.773,14,37,51,15,4,4,18,15,96,,,Team Totals,240,.524,.482,.305,.268,34.1,75.5,56.7,41.7,4.3,5.9,16.4,100.0,103.8,110.3,
https://www.basketball-reference.com/boxscores/201412230BRK.html,"7:30 PM, December 23, 2014",Brooklyn Nets,Denver Nuggets,102,96,BRK,,,Team Totals,240,43,91,.473,6,23,.261,10,14,.714,12,27,39,21,10,3,9,19,102,,,Team Totals,240,.525,.505,.253,.154,24.5,65.9,43.3,48.8,10.8,5.3,8.5,100.0,110.3,103.8,
https://www.basketball-reference.com/boxscores/201412230CLE.html,"7:00 PM, December 23, 2014",Cleveland Cavaliers,Minnesota Timberwolves,125,104,MIN,,,Team Totals,240,39,88,.443,4,13,.308,22,29,.759,16,24,40,25,13,9,18,23,104,,,Team Totals,240,.516,.466,.148,.330,38.1,66.7,51.3,64.1,13.2,15.0,15.2,100.0,105.7,127.1,
https://www.basketball-reference.com/boxscores/201412230CLE.html,"7:00 PM, December 23, 2014",Cleveland Cavaliers,Minnesota Timberwolves,125,104,CLE,,,Team Totals,240,44,84,.524,12,24,.500,25,31,.806,12,26,38,24,11,6,17,23,125,,,Team Totals,240,.640,.595,.286,.369,33.3,61.9,48.7,54.5,11.2,8.0,14.8,100.0,127.1,105.7,
https://www.basketball-reference.com/boxscores/201412230IND.html,"7:00 PM, December 23, 2014",Indiana Pacers,New Orleans Pelicans,96,84,NOP,,,Team Totals,240,33,83,.398,4,20,.200,14,19,.737,9,37,46,15,4,2,16,18,84,,,Team Totals,240,.460,.422,.241,.229,20.5,92.5,54.8,45.5,4.3,3.2,14.9,100.0,90.0,102.8,
https://www.basketball-reference.com/boxscores/201412230IND.html,"7:00 PM, December 23, 2014",Indiana Pacers,New Orleans Pelicans,96,84,IND,,,Team Totals,240,39,78,.500,5,15,.333,13,18,.722,3,35,38,24,9,12,9,19,96,,,Team Totals,240,.559,.532,.192,.231,7.5,79.5,45.2,61.5,9.6,19.0,9.5,100.0,102.8,90.0,
https://www.basketball-reference.com/boxscores/201412230LAL.html,"10:30 PM, December 23, 2014",Los Angeles Lakers,Golden State Warriors,115,105,GSW,,,Team Totals,240,39,84,.464,12,26,.462,15,17,.882,11,28,39,20,8,2,20,18,105,,,Team Totals,240,.574,.536,.310,.202,27.5,68.3,48.1,51.3,8.2,3.2,17.9,100.0,107.8,118.1,
https://www.basketball-reference.com/boxscores/201412230LAL.html,"10:30 PM, December 23, 2014",Los Angeles Lakers,Golden State Warriors,115,105,LAL,,,Team Totals,240,46,89,.517,12,26,.462,11,17,.647,13,29,42,28,11,10,16,15,115,,,Team Totals,240,.596,.584,.292,.191,31.7,72.5,51.9,60.9,11.3,17.2,14.2,100.0,118.1,107.8,
https://www.basketball-reference.com/boxscores/201412230MIA.html,"7:30 PM, December 23, 2014",Miami Heat,Philadelphia 76ers,87,91,PHI,,,Team Totals,240,33,77,.429,5,19,.263,20,27,.741,14,28,42,11,13,11,17,20,91,,,Team Totals,240,.512,.461,.247,.351,35.9,66.7,51.9,33.3,14.4,20.4,16.1,100.0,100.9,96.5,
https://www.basketball-reference.com/boxscores/201412230MIA.html,"7:30 PM, December 23, 2014",Miami Heat,Philadelphia 76ers,87,91,MIA,,,Team Totals,240,33,80,.413,8,26,.308,13,18,.722,14,25,39,13,10,6,22,19,87,,,Team Totals,240,.495,.463,.325,.225,33.3,64.1,48.1,39.4,11.1,10.3,20.0,100.0,96.5,100.9,
https://www.basketball-reference.com/boxscores/201412230MIL.html,"8:00 PM, December 23, 2014",Milwaukee Bucks,Charlotte Hornets,101,108,CHO,,,Team Totals,240,36,82,.439,8,21,.381,28,36,.778,11,32,43,21,6,5,13,21,108,,,Team Totals,240,.552,.488,.256,.439,26.2,78.0,51.8,58.3,6.1,8.2,11.7,100.0,110.0,102.8,
https://www.basketball-reference.com/boxscores/201412230MIL.html,"8:00 PM, December 23, 2014",Milwaukee Bucks,Charlotte Hornets,101,108,MIL,,,Team Totals,240,39,82,.476,8,21,.381,15,20,.750,9,31,40,25,7,6,20,25,101,,,Team Totals,240,.556,.524,.256,.244,22.0,73.8,48.2,64.1,7.1,9.8,18.1,100.0,102.8,110.0,
https://www.basketball-reference.com/boxscores/201412230OKC.html,"8:00 PM, December 23, 2014",Oklahoma City Thunder,Portland Trail Blazers,111,115,POR,,,Team Totals,265,38,91,.418,17,31,.548,22,24,.917,9,37,46,22,6,2,14,20,115,,,Team Totals,265,.566,.511,.341,.264,18.4,74.0,46.5,57.9,5.8,2.4,12.1,100.0,111.2,107.3,
https://www.basketball-reference.com/boxscores/201412230OKC.html,"8:00 PM, December 23, 2014",Oklahoma City Thunder,Portland Trail Blazers,111,115,OKC,,,Team Totals,265,46,101,.455,6,19,.316,13,15,.867,13,40,53,20,8,5,11,28,111,,,Team Totals,265,.516,.485,.188,.149,26.0,81.6,53.5,43.5,7.7,8.3,9.3,100.0,107.3,111.2,
https://www.basketball-reference.com/boxscores/201412230ORL.html,"7:00 PM, December 23, 2014",Orlando Magic,Boston Celtics,100,95,BOS,,,Team Totals,240,33,85,.388,7,23,.304,22,29,.759,9,36,45,22,10,4,12,21,95,,,Team Totals,240,.486,.429,.271,.341,19.1,83.7,50.0,66.7,10.2,6.2,10.9,100.0,96.7,101.8,
https://www.basketball-reference.com/boxscores/201412230ORL.html,"7:00 PM, December 23, 2014",Orlando Magic,Boston Celtics,100,95,ORL,,,Team Totals,240,39,83,.470,7,18,.389,15,23,.652,7,38,45,23,7,4,14,21,100,,,Team Totals,240,.537,.512,.217,.277,16.3,80.9,50.0,59.0,7.1,6.5,13.1,100.0,101.8,96.7,
https://www.basketball-reference.com/boxscores/201412230PHO.html,"9:00 PM, December 23, 2014",Phoenix Suns,Dallas Mavericks,124,115,DAL,,,Team Totals,240,41,88,.466,9,25,.360,24,29,.828,14,35,49,22,4,1,20,27,115,,,Team Totals,240,.571,.517,.284,.330,31.8,71.4,52.7,53.7,3.8,1.6,16.6,100.0,109.9,118.5,
https://www.basketball-reference.com/boxscores/201412230PHO.html,"9:00 PM, December 23, 2014",Phoenix Suns,Dallas Mavericks,124,115,PHO,,,Team Totals,240,44,97,.454,13,33,.394,23,32,.719,14,30,44,30,12,3,12,26,124,,,Team Totals,240,.558,.521,.340,.330,28.6,68.2,47.3,68.2,11.5,4.8,9.7,100.0,118.5,109.9,
https://www.basketball-reference.com/boxscores/201412230WAS.html,"7:00 PM, December 23, 2014",Washington Wizards,Chicago Bulls,91,99,CHI,,,Team Totals,240,39,85,.459,5,17,.294,16,24,.667,8,44,52,20,5,7,12,14,99,,,Team Totals,240,.518,.488,.200,.282,19.0,86.3,55.9,51.3,5.2,8.8,11.2,100.0,102.5,94.2,
https://www.basketball-reference.com/boxscores/201412230WAS.html,"7:00 PM, December 23, 2014",Washington Wizards,Chicago Bulls,91,99,WAS,,,Team Totals,240,38,89,.427,5,9,.556,10,16,.625,7,34,41,21,7,5,8,17,91,,,Team Totals,240,.474,.455,.101,.180,13.7,81.0,44.1,55.3,7.2,7.4,7.7,100.0,94.2,102.5,
https://www.basketball-reference.com/boxscores/201412250CHI.html,"8:00 PM, December 25, 2014",Chicago Bulls,Los Angeles Lakers,113,93,LAL,,,Team Totals,240,36,92,.391,5,16,.313,16,21,.762,16,23,39,18,9,8,4,21,93,,,Team Totals,240,.459,.418,.174,.228,30.2,53.5,40.6,50.0,10.3,12.9,3.8,100.0,106.6,129.6,
https://www.basketball-reference.com/boxscores/201412250CHI.html,"8:00 PM, December 25, 2014",Chicago Bulls,Los Angeles Lakers,113,93,CHI,,,Team Totals,240,42,86,.488,10,24,.417,19,25,.760,20,37,57,27,1,7,14,12,113,,,Team Totals,240,.582,.547,.279,.291,46.5,69.8,59.4,64.3,1.1,9.2,12.6,100.0,129.6,106.6,
https://www.basketball-reference.com/boxscores/201412250LAC.html,"10:30 PM, December 25, 2014",Los Angeles Clippers,Golden State Warriors,100,86,GSW,,,Team Totals,240,34,80,.425,6,28,.214,12,22,.545,8,36,44,24,11,4,16,21,86,,,Team Totals,240,.479,.463,.350,.275,17.0,76.6,46.8,70.6,11.3,7.3,15.1,100.0,88.0,102.3,
https://www.basketball-reference.com/boxscores/201412250LAC.html,"10:30 PM, December 25, 2014",Los Angeles Clippers,Golden State Warriors,100,86,LAC,,,Team Totals,240,34,87,.391,9,32,.281,23,31,.742,11,39,50,18,10,4,13,20,100,,,Team Totals,240,.497,.443,.368,.356,23.4,83.0,53.2,52.9,10.2,7.7,11.4,100.0,102.3,88.0,
https://www.basketball-reference.com/boxscores/201412250MIA.html,"5:00 PM, December 25, 2014",Miami Heat,Cleveland Cavaliers,101,91,CLE,,,Team Totals,240,32,72,.444,6,26,.231,21,33,.636,11,26,37,16,8,4,15,15,91,,,Team Totals,240,.526,.486,.361,.458,26.2,68.4,46.3,50.0,9.0,6.3,14.8,100.0,102.3,113.5,
https://www.basketball-reference.com/boxscores/201412250MIA.html,"5:00 PM, December 25, 2014",Miami Heat,Cleveland Cavaliers,101,91,MIA,,,Team Totals,240,40,84,.476,7,21,.333,14,17,.824,12,31,43,27,8,3,13,26,101,,,Team Totals,240,.552,.518,.250,.202,31.6,73.8,53.8,67.5,9.0,6.5,12.4,100.0,113.5,102.3,
https://www.basketball-reference.com/boxscores/201412250NYK.html,"12:00 PM, December 25, 2014",New York Knicks,Washington Wizards,91,102,WAS,,,Team Totals,240,44,86,.512,7,16,.438,7,10,.700,13,32,45,25,4,3,10,20,102,,,Team Totals,240,.564,.552,.186,.116,30.2,84.2,55.6,56.8,4.5,5.2,10.0,100.0,115.5,103.1,
https://www.basketball-reference.com/boxscores/201412250NYK.html,"12:00 PM, December 25, 2014",New York Knicks,Washington Wizards,91,102,NYK,,,Team Totals,240,36,80,.450,4,22,.182,15,19,.789,6,30,36,17,5,4,10,15,91,,,Team Totals,240,.515,.475,.275,.238,15.8,69.8,44.4,47.2,5.7,5.7,10.2,100.0,103.1,115.5,
https://www.basketball-reference.com/boxscores/201412250SAS.html,"2:30 PM, December 25, 2014",San Antonio Spurs,Oklahoma City Thunder,106,114,OKC,,,Team Totals,240,42,81,.519,9,15,.600,21,38,.553,16,31,47,25,9,6,14,20,114,,,Team Totals,240,.583,.574,.185,.469,36.4,75.6,55.3,59.5,9.4,10.3,12.5,100.0,119.2,110.9,
https://www.basketball-reference.com/boxscores/201412250SAS.html,"2:30 PM, December 25, 2014",San Antonio Spurs,Oklahoma City Thunder,106,114,SAS,,,Team Totals,240,42,81,.519,7,23,.304,15,21,.714,10,28,38,33,8,5,17,26,106,,,Team Totals,240,.587,.562,.284,.259,24.4,63.6,44.7,78.6,8.4,7.6,15.9,100.0,110.9,119.2,
https://www.basketball-reference.com/boxscores/201412260ATL.html,"7:30 PM, December 26, 2014",Atlanta Hawks,Milwaukee Bucks,77,107,MIL,,,Team Totals,240,40,79,.506,8,19,.421,19,23,.826,6,34,40,28,15,6,15,19,107,,,Team Totals,240,.600,.557,.241,.291,16.7,81.0,51.3,70.0,15.7,11.3,14.4,100.0,111.6,80.3,
https://www.basketball-reference.com/boxscores/201412260ATL.html,"7:30 PM, December 26, 2014",Atlanta Hawks,Milwaukee Bucks,77,107,ATL,,,Team Totals,240,31,76,.408,4,23,.174,11,14,.786,8,30,38,20,8,4,23,19,77,,,Team Totals,240,.469,.434,.303,.184,19.0,83.3,48.7,64.5,8.3,6.7,21.9,100.0,80.3,111.6,
https://www.basketball-reference.com/boxscores/201412260BOS.html,"1:00 PM, December 26, 2014",Boston Celtics,Brooklyn Nets,107,109,BRK,,,Team Totals,240,41,83,.494,7,21,.333,20,28,.714,13,30,43,19,9,3,15,10,109,,,Team Totals,240,.572,.536,.253,.337,28.9,85.7,53.8,46.3,9.2,4.8,13.6,100.0,111.7,109.6,
https://www.basketball-reference.com/boxscores/201412260BOS.html,"1:00 PM, December 26, 2014",Boston Celtics,Brooklyn Nets,107,109,BOS,,,Team Totals,240,45,87,.517,9,24,.375,8,11,.727,5,32,37,32,8,3,14,23,107,,,Team Totals,240,.583,.569,.276,.126,14.3,71.1,46.3,71.1,8.2,4.8,13.2,100.0,109.6,111.7,
https://www.basketball-reference.com/boxscores/201412260DAL.html,"8:30 PM, December 26, 2014",Dallas Mavericks,Los Angeles Lakers,102,98,LAL,,,Team Totals,240,36,99,.364,11,29,.379,15,20,.750,24,39,63,20,8,6,16,23,98,,,Team Totals,240,.455,.419,.293,.202,41.4,86.7,61.2,55.6,8.2,9.2,12.9,100.0,100.6,104.7,
https://www.basketball-reference.com/boxscores/201412260DAL.html,"8:30 PM, December 26, 2014",Dallas Mavericks,Los Angeles Lakers,102,98,DAL,,,Team Totals,240,42,83,.506,5,18,.278,13,24,.542,6,34,40,20,9,6,13,21,102,,,Team Totals,240,.545,.536,.217,.289,13.3,58.6,38.8,47.6,9.2,8.6,12.2,100.0,104.7,100.6,
https://www.basketball-reference.com/boxscores/201412260DEN.html,"9:00 PM, December 26, 2014",Denver Nuggets,Minnesota Timberwolves,106,102,MIN,,,Team Totals,240,41,103,.398,3,15,.200,17,24,.708,14,30,44,29,5,9,8,24,102,,,Team Totals,240,.449,.413,.146,.233,25.9,57.7,41.5,70.7,4.9,11.8,6.6,100.0,100.1,104.0,
https://www.basketball-reference.com/boxscores/201412260DEN.html,"9:00 PM, December 26, 2014",Denver Nuggets,Minnesota Timberwolves,106,102,DEN,,,Team Totals,240,39,95,.411,3,19,.158,25,32,.781,22,40,62,18,1,6,18,23,106,,,Team Totals,240,.486,.426,.200,.337,42.3,74.1,58.5,46.2,1.0,6.8,14.2,100.0,104.0,100.1,
https://www.basketball-reference.com/boxscores/201412260DET.html,"7:30 PM, December 26, 2014",Detroit Pistons,Indiana Pacers,119,109,IND,,,Team Totals,240,42,83,.506,9,20,.450,16,22,.727,11,33,44,25,3,4,18,22,109,,,Team Totals,240,.588,.560,.241,.265,26.8,73.3,51.2,59.5,3.1,6.7,16.3,100.0,111.5,121.7,
https://www.basketball-reference.com/boxscores/201412260DET.html,"7:30 PM, December 26, 2014",Detroit Pistons,Indiana Pacers,119,109,DET,,,Team Totals,240,47,86,.547,10,26,.385,15,29,.517,12,30,42,25,11,6,11,22,119,,,Team Totals,240,.602,.605,.302,.337,26.7,73.2,48.8,53.2,11.3,9.5,10.0,100.0,121.7,111.5,
https://www.basketball-reference.com/boxscores/201412260MEM.html,"8:00 PM, December 26, 2014",Memphis Grizzlies,Houston Rockets,111,117,HOU,,,Team Totals,265,41,91,.451,14,34,.412,21,28,.750,13,41,54,25,2,7,14,23,117,,,Team Totals,265,.566,.527,.374,.308,31.0,73.2,55.1,61.0,2.0,8.8,11.9,100.0,116.2,110.3,
https://www.basketball-reference.com/boxscores/201412260MEM.html,"8:00 PM, December 26, 2014",Memphis Grizzlies,Houston Rockets,111,117,MEM,,,Team Totals,265,43,104,.413,7,24,.292,18,23,.783,15,29,44,31,8,4,6,23,111,,,Team Totals,265,.486,.447,.231,.221,26.8,69.0,44.9,72.1,7.9,7.0,5.0,100.0,110.3,116.2,
https://www.basketball-reference.com/boxscores/201412260NOP.html,"8:00 PM, December 26, 2014",New Orleans Pelicans,San Antonio Spurs,97,90,SAS,,,Team Totals,240,37,75,.493,6,14,.429,10,14,.714,1,38,39,25,2,4,17,17,90,,,Team Totals,240,.554,.533,.187,.187,2.6,84.4,47.0,67.6,2.1,6.0,17.3,100.0,94.7,102.1,
https://www.basketball-reference.com/boxscores/201412260NOP.html,"8:00 PM, December 26, 2014",New Orleans Pelicans,San Antonio Spurs,97,90,NOP,,,Team Totals,240,35,84,.417,6,17,.353,21,24,.875,7,37,44,25,8,7,8,15,97,,,Team Totals,240,.513,.452,.202,.286,15.6,97.4,53.0,71.4,8.4,11.5,7.8,100.0,102.1,94.7,
https://www.basketball-reference.com/boxscores/201412260OKC.html,"8:00 PM, December 26, 2014",Oklahoma City Thunder,Charlotte Hornets,98,75,CHO,,,Team Totals,240,25,87,.287,5,24,.208,20,26,.769,15,37,52,12,8,2,16,20,75,,,Team Totals,240,.381,.316,.276,.299,25.4,74.0,47.7,48.0,8.4,3.3,14.0,100.0,79.2,103.4,
https://www.basketball-reference.com/boxscores/201412260OKC.html,"8:00 PM, December 26, 2014",Oklahoma City Thunder,Charlotte Hornets,98,75,OKC,,,Team Totals,240,36,88,.409,8,27,.296,18,21,.857,13,44,57,18,6,10,11,25,98,,,Team Totals,240,.504,.455,.307,.239,26.0,74.6,52.3,50.0,6.3,15.9,10.2,100.0,103.4,79.2,
https://www.basketball-reference.com/boxscores/201412260ORL.html,"7:00 PM, December 26, 2014",Orlando Magic,Cleveland Cavaliers,89,98,CLE,,,Team Totals,240,33,80,.413,8,30,.267,24,26,.923,8,29,37,19,10,5,9,14,98,,,Team Totals,240,.536,.463,.375,.325,20.5,85.3,50.7,57.6,11.2,9.6,9.0,100.0,110.1,100.0,
https://www.basketball-reference.com/boxscores/201412260ORL.html,"7:00 PM, December 26, 2014",Orlando Magic,Cleveland Cavaliers,89,98,ORL,,,Team Totals,240,36,73,.493,9,21,.429,8,12,.667,5,31,36,25,8,4,17,25,89,,,Team Totals,240,.568,.555,.288,.164,14.7,79.5,49.3,69.4,9.0,8.0,17.8,100.0,100.0,110.1,
https://www.basketball-reference.com/boxscores/201412260POR.html,"10:00 PM, December 26, 2014",Portland Trail Blazers,Philadelphia 76ers,114,93,PHI,,,Team Totals,240,36,81,.444,3,14,.214,18,33,.545,9,33,42,16,13,7,18,14,93,,,Team Totals,240,.487,.463,.173,.407,18.8,78.6,46.7,44.4,12.5,15.6,15.9,100.0,89.8,110.0,
https://www.basketball-reference.com/boxscores/201412260POR.html,"10:00 PM, December 26, 2014",Portland Trail Blazers,Philadelphia 76ers,114,93,POR,,,Team Totals,240,42,88,.477,18,43,.419,12,14,.857,9,39,48,25,10,8,21,22,114,,,Team Totals,240,.605,.580,.489,.159,21.4,81.3,53.3,59.5,9.7,11.9,18.2,100.0,110.0,89.8,
https://www.basketball-reference.com/boxscores/201412260SAC.html,"10:00 PM, December 26, 2014",Sacramento Kings,Phoenix Suns,106,115,PHO,,,Team Totals,240,46,94,.489,14,33,.424,9,12,.750,16,30,46,25,6,11,14,17,115,,,Team Totals,240,.579,.564,.351,.128,34.8,62.5,48.9,54.3,6.3,15.1,12.4,100.0,121.3,111.8,
https://www.basketball-reference.com/boxscores/201412260SAC.html,"10:00 PM, December 26, 2014",Sacramento Kings,Phoenix Suns,106,115,SAC,,,Team Totals,240,41,93,.441,7,20,.350,17,24,.708,18,30,48,18,8,2,13,15,106,,,Team Totals,240,.512,.478,.215,.258,37.5,65.2,51.1,43.9,8.4,3.3,11.2,100.0,111.8,121.3,
https://www.basketball-reference.com/boxscores/201412270BRK.html,"8:00 PM, December 27, 2014",Brooklyn Nets,Indiana Pacers,85,110,IND,,,Team Totals,240,44,86,.512,9,18,.500,13,18,.722,7,38,45,33,11,5,11,25,110,,,Team Totals,240,.586,.564,.209,.209,18.9,88.4,56.3,75.0,11.4,9.6,10.5,100.0,113.8,87.9,
https://www.basketball-reference.com/boxscores/201412270BRK.html,"8:00 PM, December 27, 2014",Brooklyn Nets,Indiana Pacers,85,110,BRK,,,Team Totals,240,28,77,.364,7,25,.280,22,27,.815,5,30,35,15,2,4,16,20,85,,,Team Totals,240,.478,.409,.325,.351,11.6,81.1,43.8,53.6,2.1,5.9,15.3,100.0,87.9,113.8,
https://www.basketball-reference.com/boxscores/201412270CHI.html,"8:00 PM, December 27, 2014",Chicago Bulls,New Orleans Pelicans,107,100,NOP,,,Team Totals,240,41,88,.466,4,14,.286,14,16,.875,10,27,37,18,9,8,15,19,100,,,Team Totals,240,.526,.489,.159,.182,25.0,64.3,45.1,43.9,9.5,11.6,13.6,100.0,105.1,112.5,
https://www.basketball-reference.com/boxscores/201412270CHI.html,"8:00 PM, December 27, 2014",Chicago Bulls,New Orleans Pelicans,107,100,CHI,,,Team Totals,240,41,89,.461,6,20,.300,19,22,.864,15,30,45,19,8,6,14,17,107,,,Team Totals,240,.542,.494,.225,.247,35.7,75.0,54.9,46.3,8.4,8.1,12.4,100.0,112.5,105.1,
https://www.basketball-reference.com/boxscores/201412270CHO.html,"7:00 PM, December 27, 2014",Charlotte Hornets,Orlando Magic,94,102,ORL,,,Team Totals,240,38,83,.458,8,20,.400,18,24,.750,5,35,40,22,6,4,6,18,102,,,Team Totals,240,.545,.506,.241,.289,13.5,79.5,49.4,57.9,6.5,6.5,6.0,100.0,110.7,102.0,
https://www.basketball-reference.com/boxscores/201412270CHO.html,"7:00 PM, December 27, 2014",Charlotte Hornets,Orlando Magic,94,102,CHO,,,Team Totals,240,36,86,.419,8,24,.333,14,18,.778,9,32,41,18,2,8,10,19,94,,,Team Totals,240,.500,.465,.279,.209,20.5,86.5,50.6,50.0,2.2,12.7,9.6,100.0,102.0,110.7,
https://www.basketball-reference.com/boxscores/201412270GSW.html,"10:30 PM, December 27, 2014",Golden State Warriors,Minnesota Timberwolves,110,97,MIN,,,Team Totals,240,34,77,.442,8,19,.421,21,36,.583,13,34,47,29,10,5,25,18,97,,,Team Totals,240,.522,.494,.247,.468,27.7,79.1,52.2,85.3,9.7,8.3,21.2,100.0,94.4,107.0,
https://www.basketball-reference.com/boxscores/201412270GSW.html,"10:30 PM, December 27, 2014",Golden State Warriors,Minnesota Timberwolves,110,97,GSW,,,Team Totals,240,41,88,.466,11,28,.393,17,21,.810,9,34,43,32,17,6,16,21,110,,,Team Totals,240,.566,.528,.318,.239,20.9,72.3,47.8,78.0,16.5,10.3,14.1,100.0,107.0,94.4,
https://www.basketball-reference.com/boxscores/201412270LAC.html,"3:30 PM, December 27, 2014",Los Angeles Clippers,Toronto Raptors,98,110,TOR,,,Team Totals,240,41,86,.477,13,34,.382,15,19,.789,12,31,43,25,7,1,10,17,110,,,Team Totals,240,.583,.552,.395,.221,26.1,77.5,50.0,61.0,7.7,1.8,9.6,100.0,120.6,107.4,
https://www.basketball-reference.com/boxscores/201412270LAC.html,"3:30 PM, December 27, 2014",Los Angeles Clippers,Toronto Raptors,98,110,LAC,,,Team Totals,240,37,81,.457,12,25,.480,12,15,.800,9,34,43,26,4,7,15,19,98,,,Team Totals,240,.559,.531,.309,.185,22.5,73.9,50.0,70.3,4.4,13.5,14.6,100.0,107.4,120.6,
https://www.basketball-reference.com/boxscores/201412270MIA.html,"7:30 PM, December 27, 2014",Miami Heat,Memphis Grizzlies,95,103,MEM,,,Team Totals,240,34,73,.466,7,16,.438,28,37,.757,9,23,32,22,10,5,14,22,103,,,Team Totals,240,.577,.514,.219,.507,25.7,76.7,49.2,64.7,11.2,9.6,13.6,100.0,115.3,106.3,
https://www.basketball-reference.com/boxscores/201412270MIA.html,"7:30 PM, December 27, 2014",Miami Heat,Memphis Grizzlies,95,103,MIA,,,Team Totals,240,37,72,.514,6,20,.300,15,21,.714,7,26,33,18,10,4,16,26,95,,,Team Totals,240,.585,.556,.278,.292,23.3,74.3,50.8,48.6,11.2,7.0,16.5,100.0,106.3,115.3,
https://www.basketball-reference.com/boxscores/201412270MIL.html,"8:30 PM, December 27, 2014",Milwaukee Bucks,Atlanta Hawks,85,90,ATL,,,Team Totals,240,33,90,.367,9,29,.310,15,19,.789,17,34,51,25,9,4,15,17,90,,,Team Totals,240,.458,.417,.322,.211,33.3,72.3,52.0,75.8,9.9,8.0,13.2,100.0,98.7,93.2,
https://www.basketball-reference.com/boxscores/201412270MIL.html,"8:30 PM, December 27, 2014",Milwaukee Bucks,Atlanta Hawks,85,90,MIL,,,Team Totals,240,31,80,.388,12,30,.400,11,14,.786,13,34,47,21,5,10,19,18,85,,,Team Totals,240,.493,.463,.375,.175,27.7,66.7,48.0,67.7,5.5,16.4,18.1,100.0,93.2,98.7,
https://www.basketball-reference.com/boxscores/201412270SAC.html,"10:00 PM, December 27, 2014",Sacramento Kings,New York Knicks,135,129,NYK,,,Team Totals,265,48,97,.495,6,20,.300,27,32,.844,16,27,43,30,10,10,15,29,129,,,Team Totals,265,.581,.526,.206,.330,35.6,73.0,52.4,62.5,9.4,13.7,11.9,100.0,120.7,126.3,
https://www.basketball-reference.com/boxscores/201412270SAC.html,"10:00 PM, December 27, 2014",Sacramento Kings,New York Knicks,135,129,SAC,,,Team Totals,265,49,89,.551,8,16,.500,29,33,.879,10,29,39,23,9,7,17,27,135,,,Team Totals,265,.652,.596,.180,.371,27.0,64.4,47.6,46.9,8.4,9.1,14.1,100.0,126.3,120.7,
https://www.basketball-reference.com/boxscores/201412270UTA.html,"9:00 PM, December 27, 2014",Utah Jazz,Philadelphia 76ers,88,71,PHI,,,Team Totals,240,24,74,.324,5,26,.192,18,28,.643,10,34,44,11,8,5,18,20,71,,,Team Totals,240,.411,.358,.351,.378,19.6,70.8,44.4,45.8,8.6,8.2,17.3,100.0,76.7,95.1,
https://www.basketball-reference.com/boxscores/201412270UTA.html,"9:00 PM, December 27, 2014",Utah Jazz,Philadelphia 76ers,88,71,UTA,,,Team Totals,240,30,84,.357,4,23,.174,24,28,.857,14,41,55,17,11,10,14,23,88,,,Team Totals,240,.457,.381,.274,.333,29.2,80.4,55.6,56.7,11.9,20.8,12.7,100.0,95.1,76.7,
https://www.basketball-reference.com/boxscores/201412270WAS.html,"7:00 PM, December 27, 2014",Washington Wizards,Boston Celtics,101,88,BOS,,,Team Totals,240,32,79,.405,6,24,.250,18,24,.750,8,28,36,17,10,2,18,15,88,,,Team Totals,240,.491,.443,.304,.304,17.0,75.7,42.9,53.1,10.1,2.6,16.7,100.0,88.7,101.9,
https://www.basketball-reference.com/boxscores/201412270WAS.html,"7:00 PM, December 27, 2014",Washington Wizards,Boston Celtics,101,88,WAS,,,Team Totals,240,45,90,.500,5,13,.385,6,10,.600,9,39,48,28,11,4,18,24,101,,,Team Totals,240,.535,.528,.144,.111,24.3,83.0,57.1,62.2,11.1,7.3,16.0,100.0,101.9,88.7,
https://www.basketball-reference.com/boxscores/201412280CLE.html,"4:30 PM, December 28, 2014",Cleveland Cavaliers,Detroit Pistons,80,103,DET,,,Team Totals,240,41,91,.451,17,31,.548,4,9,.444,14,33,47,21,12,6,11,21,103,,,Team Totals,240,.542,.544,.341,.099,28.0,76.7,50.5,51.2,13.0,11.3,10.4,100.0,111.5,86.6,
https://www.basketball-reference.com/boxscores/201412280CLE.html,"4:30 PM, December 28, 2014",Cleveland Cavaliers,Detroit Pistons,80,103,CLE,,,Team Totals,240,31,82,.378,5,29,.172,13,17,.765,10,36,46,25,4,5,18,15,80,,,Team Totals,240,.447,.409,.354,.207,23.3,72.0,49.5,80.6,4.3,8.3,16.7,100.0,86.6,111.5,
https://www.basketball-reference.com/boxscores/201412280DAL.html,"7:30 PM, December 28, 2014",Dallas Mavericks,Oklahoma City Thunder,112,107,OKC,,,Team Totals,240,45,90,.500,5,14,.357,12,21,.571,14,39,53,21,8,2,18,25,107,,,Team Totals,240,.539,.528,.156,.233,31.8,84.8,58.9,46.7,7.8,3.5,15.4,100.0,104.7,109.6,
https://www.basketball-reference.com/boxscores/201412280DAL.html,"7:30 PM, December 28, 2014",Dallas Mavericks,Oklahoma City Thunder,112,107,DAL,,,Team Totals,240,39,88,.443,10,31,.323,24,28,.857,7,30,37,26,8,6,12,16,112,,,Team Totals,240,.558,.500,.352,.318,15.2,68.2,41.1,66.7,7.8,7.9,10.7,100.0,109.6,104.7,
https://www.basketball-reference.com/boxscores/201412280DEN.html,"9:00 PM, December 28, 2014",Denver Nuggets,Toronto Raptors,102,116,TOR,,,Team Totals,240,43,88,.489,10,23,.435,20,32,.625,13,31,44,23,4,5,6,23,116,,,Team Totals,240,.568,.545,.261,.364,27.7,67.4,47.3,53.5,4.3,7.1,5.6,100.0,124.3,109.3,
https://www.basketball-reference.com/boxscores/201412280DEN.html,"9:00 PM, December 28, 2014",Denver Nuggets,Toronto Raptors,102,116,DEN,,,Team Totals,240,37,87,.425,4,17,.235,24,34,.706,15,34,49,18,3,2,10,24,102,,,Team Totals,240,.500,.448,.195,.391,32.6,72.3,52.7,48.6,3.2,3.1,8.9,100.0,109.3,124.3,
https://www.basketball-reference.com/boxscores/201412280LAL.html,"9:30 PM, December 28, 2014",Los Angeles Lakers,Phoenix Suns,107,116,PHO,,,Team Totals,240,44,87,.506,9,22,.409,19,24,.792,8,37,45,24,12,5,13,15,116,,,Team Totals,240,.595,.557,.253,.276,20.5,90.2,56.3,54.5,11.9,8.2,11.8,100.0,114.8,105.9,
https://www.basketball-reference.com/boxscores/201412280LAL.html,"9:30 PM, December 28, 2014",Los Angeles Lakers,Phoenix Suns,107,116,LAL,,,Team Totals,240,42,81,.519,12,20,.600,11,20,.550,4,31,35,22,8,6,17,19,107,,,Team Totals,240,.596,.593,.247,.247,9.8,79.5,43.8,52.4,7.9,9.2,15.9,100.0,105.9,114.8,
https://www.basketball-reference.com/boxscores/201412280POR.html,"9:00 PM, December 28, 2014",Portland Trail Blazers,New York Knicks,101,79,NYK,,,Team Totals,240,31,93,.333,7,27,.259,10,15,.667,15,34,49,19,6,1,11,13,79,,,Team Totals,240,.397,.371,.290,.161,26.8,82.9,50.5,61.3,6.6,2.2,9.9,100.0,87.2,111.5,
https://www.basketball-reference.com/boxscores/201412280POR.html,"9:00 PM, December 28, 2014",Portland Trail Blazers,New York Knicks,101,79,POR,,,Team Totals,240,38,81,.469,16,36,.444,9,12,.750,7,41,48,25,8,7,11,15,101,,,Team Totals,240,.585,.568,.444,.148,17.1,73.2,49.5,65.8,8.8,10.6,11.3,100.0,111.5,87.2,
https://www.basketball-reference.com/boxscores/201412280SAS.html,"7:00 PM, December 28, 2014",San Antonio Spurs,Houston Rockets,110,106,HOU,,,Team Totals,240,38,77,.494,12,33,.364,18,31,.581,12,30,42,20,15,1,25,24,106,,,Team Totals,240,.585,.571,.429,.403,30.8,73.2,52.5,52.6,15.0,1.9,21.6,100.0,105.7,109.7,
https://www.basketball-reference.com/boxscores/201412280SAS.html,"7:00 PM, December 28, 2014",San Antonio Spurs,Houston Rockets,110,106,SAS,,,Team Totals,240,39,83,.470,11,30,.367,21,24,.875,11,27,38,22,12,6,19,28,110,,,Team Totals,240,.588,.536,.361,.289,26.8,69.2,47.5,56.4,12.0,13.6,16.9,100.0,109.7,105.7,
https://www.basketball-reference.com/boxscores/201412290BRK.html,"7:30 PM, December 29, 2014",Brooklyn Nets,Sacramento Kings,107,99,SAC,,,Team Totals,240,37,76,.487,9,20,.450,16,20,.800,11,33,44,22,5,3,21,26,99,,,Team Totals,240,.584,.546,.263,.263,29.7,70.2,52.4,59.5,5.5,5.1,19.8,100.0,108.1,116.8,
https://www.basketball-reference.com/boxscores/201412290BRK.html,"7:30 PM, December 29, 2014",Brooklyn Nets,Sacramento Kings,107,99,BRK,,,Team Totals,240,36,80,.450,8,21,.381,27,39,.692,14,26,40,20,12,3,9,18,107,,,Team Totals,240,.551,.500,.263,.488,29.8,70.3,47.6,55.6,13.1,5.4,8.5,100.0,116.8,108.1,
https://www.basketball-reference.com/boxscores/201412290CHO.html,"7:00 PM, December 29, 2014",Charlotte Hornets,Milwaukee Bucks,94,104,MIL,,,Team Totals,265,40,85,.471,6,21,.286,18,21,.857,2,40,42,21,8,10,20,25,104,,,Team Totals,265,.552,.506,.247,.247,4.9,81.6,46.7,52.5,7.3,15.4,17.5,100.0,94.9,85.7,
https://www.basketball-reference.com/boxscores/201412290CHO.html,"7:00 PM, December 29, 2014",Charlotte Hornets,Milwaukee Bucks,94,104,CHO,,,Team Totals,265,33,90,.367,7,25,.280,21,26,.808,9,39,48,20,13,9,19,20,94,,,Team Totals,265,.463,.406,.278,.289,18.4,95.1,53.3,60.6,11.9,14.1,15.8,100.0,85.7,94.9,
https://www.basketball-reference.com/boxscores/201412290HOU.html,"8:00 PM, December 29, 2014",Houston Rockets,Washington Wizards,103,104,WAS,,,Team Totals,240,35,73,.479,8,18,.444,26,28,.929,6,29,35,21,11,4,21,21,104,,,Team Totals,240,.609,.534,.247,.384,18.8,70.7,47.9,60.0,11.1,7.0,19.8,100.0,104.9,103.8,
https://www.basketball-reference.com/boxscores/201412290HOU.html,"8:00 PM, December 29, 2014",Houston Rockets,Washington Wizards,103,104,HOU,,,Team Totals,240,40,86,.465,9,29,.310,14,23,.609,12,26,38,19,11,1,20,20,103,,,Team Totals,240,.536,.517,.337,.267,29.3,81.3,52.1,47.5,11.1,1.8,17.2,100.0,103.8,104.9,
https://www.basketball-reference.com/boxscores/201412290IND.html,"7:00 PM, December 29, 2014",Indiana Pacers,Chicago Bulls,90,92,CHI,,,Team Totals,240,29,84,.345,5,13,.385,29,33,.879,14,32,46,17,8,7,11,16,92,,,Team Totals,240,.467,.375,.155,.393,27.5,82.1,51.1,58.6,8.5,10.0,10.0,100.0,97.7,95.5,
https://www.basketball-reference.com/boxscores/201412290IND.html,"7:00 PM, December 29, 2014",Indiana Pacers,Chicago Bulls,90,92,IND,,,Team Totals,240,36,83,.434,5,13,.385,13,21,.619,7,37,44,18,5,8,14,25,90,,,Team Totals,240,.488,.464,.157,.253,17.9,72.5,48.9,50.0,5.3,11.3,13.2,100.0,95.5,97.7,
https://www.basketball-reference.com/boxscores/201412290LAC.html,"10:30 PM, December 29, 2014",Los Angeles Clippers,Utah Jazz,101,97,UTA,,,Team Totals,240,38,92,.413,8,19,.421,13,22,.591,18,34,52,26,7,3,13,22,97,,,Team Totals,240,.477,.457,.207,.239,34.6,82.9,55.9,68.4,7.4,5.2,11.3,100.0,102.3,106.6,
https://www.basketball-reference.com/boxscores/201412290LAC.html,"10:30 PM, December 29, 2014",Los Angeles Clippers,Utah Jazz,101,97,LAC,,,Team Totals,240,37,81,.457,10,23,.435,17,22,.773,7,34,41,24,7,12,14,16,101,,,Team Totals,240,.557,.519,.284,.272,17.1,65.4,44.1,64.9,7.4,16.4,13.4,100.0,106.6,102.3,
https://www.basketball-reference.com/boxscores/201412290MIA.html,"7:30 PM, December 29, 2014",Miami Heat,Orlando Magic,101,102,ORL,,,Team Totals,240,41,77,.532,11,25,.440,9,13,.692,8,26,34,21,9,2,14,25,102,,,Team Totals,240,.617,.604,.325,.169,21.1,81.3,48.6,51.2,10.3,4.1,14.5,100.0,116.5,115.4,
https://www.basketball-reference.com/boxscores/201412290MIA.html,"7:30 PM, December 29, 2014",Miami Heat,Orlando Magic,101,102,MIA,,,Team Totals,240,33,63,.524,7,14,.500,28,40,.700,6,30,36,18,9,3,14,15,101,,,Team Totals,240,.627,.579,.222,.635,18.8,78.9,51.4,54.5,10.3,5.8,14.8,100.0,115.4,116.5,
https://www.basketball-reference.com/boxscores/201412300ATL.html,"7:30 PM, December 30, 2014",Atlanta Hawks,Cleveland Cavaliers,109,101,CLE,,,Team Totals,240,37,84,.440,13,31,.419,14,21,.667,11,31,42,23,10,2,20,24,101,,,Team Totals,240,.542,.518,.369,.250,22.9,81.6,48.8,62.2,10.1,4.0,17.7,100.0,102.2,110.3,
https://www.basketball-reference.com/boxscores/201412300ATL.html,"7:30 PM, December 30, 2014",Atlanta Hawks,Cleveland Cavaliers,109,101,ATL,,,Team Totals,240,40,79,.506,10,29,.345,19,26,.731,7,37,44,23,13,5,15,19,109,,,Team Totals,240,.603,.570,.367,.329,18.4,77.1,51.2,57.5,13.2,9.4,14.2,100.0,110.3,102.2,
https://www.basketball-reference.com/boxscores/201412300CHI.html,"8:00 PM, December 30, 2014",Chicago Bulls,Brooklyn Nets,82,96,BRK,,,Team Totals,240,36,83,.434,6,14,.429,18,21,.857,10,36,46,21,9,5,11,17,96,,,Team Totals,240,.520,.470,.169,.253,22.2,73.5,48.9,58.3,9.9,8.2,10.7,100.0,106.0,90.5,
https://www.basketball-reference.com/boxscores/201412300CHI.html,"8:00 PM, December 30, 2014",Chicago Bulls,Brooklyn Nets,82,96,CHI,,,Team Totals,240,33,86,.384,8,25,.320,8,15,.533,13,35,48,22,5,11,13,18,82,,,Team Totals,240,.443,.430,.291,.174,26.5,77.8,51.1,66.7,5.5,15.9,12.3,100.0,90.5,106.0,
https://www.basketball-reference.com/boxscores/201412300DAL.html,"8:30 PM, December 30, 2014",Dallas Mavericks,Washington Wizards,114,87,WAS,,,Team Totals,240,33,74,.446,4,12,.333,17,27,.630,10,38,48,22,5,3,23,26,87,,,Team Totals,240,.507,.473,.162,.365,24.4,92.7,58.5,66.7,5.1,4.5,21.1,100.0,89.4,117.1,
https://www.basketball-reference.com/boxscores/201412300DAL.html,"8:30 PM, December 30, 2014",Dallas Mavericks,Washington Wizards,114,87,DAL,,,Team Totals,240,43,82,.524,8,15,.533,20,29,.690,3,31,34,21,11,5,7,22,114,,,Team Totals,240,.602,.573,.183,.354,7.3,75.6,41.5,48.8,11.3,8.1,6.9,100.0,117.1,89.4,
https://www.basketball-reference.com/boxscores/201412300DEN.html,"9:00 PM, December 30, 2014",Denver Nuggets,Los Angeles Lakers,103,111,LAL,,,Team Totals,240,40,76,.526,14,25,.560,17,26,.654,4,38,42,31,6,4,20,20,111,,,Team Totals,240,.635,.618,.329,.342,12.5,77.6,51.9,77.5,6.0,6.6,18.6,100.0,111.6,103.6,
https://www.basketball-reference.com/boxscores/201412300DEN.html,"9:00 PM, December 30, 2014",Denver Nuggets,Los Angeles Lakers,103,111,DEN,,,Team Totals,240,39,87,.448,8,26,.308,17,27,.630,11,28,39,25,13,7,11,24,103,,,Team Totals,240,.521,.494,.299,.310,22.4,87.5,48.1,64.1,13.1,13.7,10.0,100.0,103.6,111.6,
https://www.basketball-reference.com/boxscores/201412300GSW.html,"10:30 PM, December 30, 2014",Golden State Warriors,Philadelphia 76ers,126,86,PHI,,,Team Totals,240,33,86,.384,6,20,.300,14,23,.609,18,30,48,16,11,2,28,16,86,,,Team Totals,240,.447,.419,.233,.267,34.6,78.9,53.3,48.5,10.9,3.7,22.6,100.0,85.0,124.6,
https://www.basketball-reference.com/boxscores/201412300GSW.html,"10:30 PM, December 30, 2014",Golden State Warriors,Philadelphia 76ers,126,86,GSW,,,Team Totals,240,46,82,.561,12,28,.429,22,27,.815,8,34,42,38,19,11,14,20,126,,,Team Totals,240,.671,.634,.341,.329,21.1,65.4,46.7,82.6,18.8,16.7,13.0,100.0,124.6,85.0,
https://www.basketball-reference.com/boxscores/201412300MEM.html,"8:00 PM, December 30, 2014",Memphis Grizzlies,San Antonio Spurs,95,87,SAS,,,Team Totals,240,35,78,.449,5,22,.227,12,17,.706,10,27,37,17,9,4,16,18,87,,,Team Totals,240,.509,.481,.282,.218,23.8,79.4,48.7,48.6,9.9,7.0,15.8,100.0,95.3,104.1,
https://www.basketball-reference.com/boxscores/201412300MEM.html,"8:00 PM, December 30, 2014",Memphis Grizzlies,San Antonio Spurs,95,87,MEM,,,Team Totals,240,35,72,.486,7,15,.467,18,22,.818,7,32,39,25,10,5,20,18,95,,,Team Totals,240,.582,.535,.208,.306,20.6,76.2,51.3,71.4,11.0,8.9,19.7,100.0,104.1,95.3,
https://www.basketball-reference.com/boxscores/201412300NOP.html,"8:00 PM, December 30, 2014",New Orleans Pelicans,Phoenix Suns,110,106,PHO,,,Team Totals,240,41,86,.477,9,21,.429,15,19,.789,11,27,38,17,7,6,6,21,106,,,Team Totals,240,.562,.529,.244,.221,23.4,67.5,43.7,41.5,7.8,9.5,6.0,100.0,118.2,122.7,
https://www.basketball-reference.com/boxscores/201412300NOP.html,"8:00 PM, December 30, 2014",New Orleans Pelicans,Phoenix Suns,110,106,NOP,,,Team Totals,240,42,81,.519,8,18,.444,18,29,.621,13,36,49,19,4,2,12,18,110,,,Team Totals,240,.587,.568,.222,.358,32.5,76.6,56.3,45.2,4.5,3.1,11.3,100.0,122.7,118.2,
https://www.basketball-reference.com/boxscores/201412300ORL.html,"7:00 PM, December 30, 2014",Orlando Magic,Detroit Pistons,86,109,DET,,,Team Totals,240,40,86,.465,14,33,.424,15,29,.517,16,38,54,22,9,9,11,14,109,,,Team Totals,240,.552,.547,.384,.337,31.4,84.4,56.3,55.0,9.5,13.8,10.0,100.0,114.5,90.4,
https://www.basketball-reference.com/boxscores/201412300ORL.html,"7:00 PM, December 30, 2014",Orlando Magic,Detroit Pistons,86,109,ORL,,,Team Totals,240,38,85,.447,4,20,.200,6,10,.600,7,35,42,19,7,3,16,21,86,,,Team Totals,240,.481,.471,.235,.118,15.6,68.6,43.8,50.0,7.4,5.7,15.2,100.0,90.4,114.5,
https://www.basketball-reference.com/boxscores/201412300POR.html,"10:00 PM, December 30, 2014",Portland Trail Blazers,Toronto Raptors,102,97,TOR,,,Team Totals,265,40,99,.404,4,22,.182,13,15,.867,13,36,49,14,10,2,10,21,97,,,Team Totals,265,.459,.424,.222,.152,26.5,70.6,49.0,35.0,10.1,3.4,8.7,100.0,98.2,103.3,
https://www.basketball-reference.com/boxscores/201412300POR.html,"10:00 PM, December 30, 2014",Portland Trail Blazers,Toronto Raptors,102,97,POR,,,Team Totals,265,38,95,.400,12,36,.333,14,18,.778,15,36,51,21,5,8,15,17,102,,,Team Totals,265,.496,.463,.379,.189,29.4,73.5,51.0,55.3,5.1,10.4,12.7,100.0,103.3,98.2,
https://www.basketball-reference.com/boxscores/201412300UTA.html,"9:00 PM, December 30, 2014",Utah Jazz,Minnesota Timberwolves,100,94,MIN,,,Team Totals,240,38,82,.463,8,17,.471,10,14,.714,8,26,34,26,7,4,11,23,94,,,Team Totals,240,.533,.512,.207,.171,20.0,70.3,44.2,68.4,7.9,6.7,11.1,100.0,105.7,112.4,
https://www.basketball-reference.com/boxscores/201412300UTA.html,"9:00 PM, December 30, 2014",Utah Jazz,Minnesota Timberwolves,100,94,UTA,,,Team Totals,240,38,79,.481,7,19,.368,17,22,.773,11,32,43,16,5,3,14,19,100,,,Team Totals,240,.564,.525,.241,.278,29.7,80.0,55.8,42.1,5.6,4.6,13.6,100.0,112.4,105.7,
https://www.basketball-reference.com/boxscores/201412310BOS.html,"1:00 PM, December 31, 2014",Boston Celtics,Sacramento Kings,106,84,SAC,,,Team Totals,240,32,87,.368,2,15,.133,18,28,.643,11,35,46,12,9,5,16,17,84,,,Team Totals,240,.423,.379,.172,.322,21.6,79.5,48.4,37.5,8.9,6.8,13.9,100.0,83.3,105.2,
https://www.basketball-reference.com/boxscores/201412310BOS.html,"1:00 PM, December 31, 2014",Boston Celtics,Sacramento Kings,106,84,BOS,,,Team Totals,240,44,94,.468,5,21,.238,13,15,.867,9,40,49,32,9,7,11,23,106,,,Team Totals,240,.527,.495,.223,.160,20.5,78.4,51.6,72.7,8.9,9.7,9.9,100.0,105.2,83.3,
https://www.basketball-reference.com/boxscores/201412310CLE.html,"7:00 PM, December 31, 2014",Cleveland Cavaliers,Milwaukee Bucks,80,96,MIL,,,Team Totals,240,40,90,.444,11,25,.440,5,10,.500,13,41,54,25,10,6,10,18,96,,,Team Totals,240,.508,.506,.278,.111,26.5,75.9,52.4,62.5,11.1,11.1,9.6,100.0,106.8,89.0,
https://www.basketball-reference.com/boxscores/201412310CLE.html,"7:00 PM, December 31, 2014",Cleveland Cavaliers,Milwaukee Bucks,80,96,CLE,,,Team Totals,240,29,85,.341,8,31,.258,14,16,.875,13,36,49,19,5,5,13,16,80,,,Team Totals,240,.435,.388,.365,.188,24.1,73.5,47.6,65.5,5.6,7.7,12.4,100.0,89.0,106.8,
https://www.basketball-reference.com/boxscores/201412310HOU.html,"7:00 PM, December 31, 2014",Houston Rockets,Charlotte Hornets,102,83,CHO,,,Team Totals,240,29,76,.382,3,18,.167,22,26,.846,7,34,41,15,6,9,18,17,83,,,Team Totals,240,.475,.401,.237,.342,18.4,77.3,50.0,51.7,6.3,20.0,17.1,100.0,86.6,106.5,
https://www.basketball-reference.com/boxscores/201412310HOU.html,"7:00 PM, December 31, 2014",Houston Rockets,Charlotte Hornets,102,83,HOU,,,Team Totals,240,38,88,.432,17,43,.395,9,14,.643,10,31,41,22,10,7,15,25,102,,,Team Totals,240,.542,.528,.489,.159,22.7,81.6,50.0,57.9,10.4,12.1,13.7,100.0,106.5,86.6,
https://www.basketball-reference.com/boxscores/201412310IND.html,"3:00 PM, December 31, 2014",Indiana Pacers,Miami Heat,106,95,MIA,,,Team Totals,240,38,77,.494,5,16,.313,14,18,.778,8,28,36,20,5,8,12,24,95,,,Team Totals,240,.559,.526,.208,.234,22.2,71.8,48.0,52.6,5.7,13.1,12.4,100.0,107.6,120.0,
https://www.basketball-reference.com/boxscores/201412310IND.html,"3:00 PM, December 31, 2014",Indiana Pacers,Miami Heat,106,95,IND,,,Team Totals,240,35,79,.443,10,18,.556,26,30,.867,11,28,39,23,4,4,12,18,106,,,Team Totals,240,.575,.506,.228,.380,28.2,77.8,52.0,65.7,4.5,6.6,11.5,100.0,120.0,107.6,
https://www.basketball-reference.com/boxscores/201412310LAC.html,"6:00 PM, December 31, 2014",Los Angeles Clippers,New York Knicks,99,78,NYK,,,Team Totals,240,32,84,.381,4,17,.235,10,15,.667,7,33,40,24,6,2,8,19,78,,,Team Totals,240,.430,.405,.202,.179,13.5,86.8,44.4,75.0,6.5,4.2,8.1,100.0,84.8,107.6,
https://www.basketball-reference.com/boxscores/201412310LAC.html,"6:00 PM, December 31, 2014",Los Angeles Clippers,New York Knicks,99,78,LAC,,,Team Totals,240,36,82,.439,15,34,.441,12,20,.600,5,45,50,28,6,3,10,13,99,,,Team Totals,240,.545,.530,.415,.244,13.2,86.5,55.6,77.8,6.5,4.5,9.9,100.0,107.6,84.8,
https://www.basketball-reference.com/boxscores/201412310OKC.html,"8:00 PM, December 31, 2014",Oklahoma City Thunder,Phoenix Suns,137,134,PHO,,,Team Totals,265,46,90,.511,13,27,.481,29,35,.829,7,32,39,17,7,3,14,35,134,,,Team Totals,265,.636,.583,.300,.389,18.4,62.7,43.8,37.0,6.4,4.7,11.7,100.0,122.5,125.2,
https://www.basketball-reference.com/boxscores/201412310OKC.html,"8:00 PM, December 31, 2014",Oklahoma City Thunder,Phoenix Suns,137,134,OKC,,,Team Totals,265,41,99,.414,11,35,.314,44,49,.898,19,31,50,22,6,4,14,27,137,,,Team Totals,265,.568,.470,.354,.495,37.3,81.6,56.2,53.7,5.5,6.3,10.4,100.0,125.2,122.5,
https://www.basketball-reference.com/boxscores/201412310SAS.html,"7:00 PM, December 31, 2014",San Antonio Spurs,New Orleans Pelicans,95,93,NOP,,,Team Totals,265,34,89,.382,8,28,.286,17,20,.850,11,41,52,15,8,1,17,20,93,,,Team Totals,265,.475,.427,.315,.225,21.6,83.7,52.0,44.1,7.9,1.5,14.8,100.0,91.7,93.7,
https://www.basketball-reference.com/boxscores/201412310SAS.html,"7:00 PM, December 31, 2014",San Antonio Spurs,New Orleans Pelicans,95,93,SAS,,,Team Totals,265,39,89,.438,6,24,.250,11,18,.611,8,40,48,24,5,7,14,19,95,,,Team Totals,265,.490,.472,.270,.202,16.3,78.4,48.0,61.5,4.9,11.5,12.6,100.0,93.7,91.7,
https://www.basketball-reference.com/boxscores/201501010CHI.html,"8:00 PM, January 1, 2015",Chicago Bulls,Denver Nuggets,106,101,DEN,,,Team Totals,240,37,92,.402,5,14,.357,22,27,.815,17,40,57,19,4,7,13,27,101,,,Team Totals,240,.486,.429,.152,.293,34.0,75.5,55.3,51.4,4.2,9.2,11.1,100.0,106.4,111.6,
https://www.basketball-reference.com/boxscores/201501010CHI.html,"8:00 PM, January 1, 2015",Chicago Bulls,Denver Nuggets,106,101,CHI,,,Team Totals,240,38,91,.418,8,15,.533,22,25,.880,13,33,46,22,7,18,7,19,106,,,Team Totals,240,.520,.462,.165,.275,24.5,66.0,44.7,57.9,7.4,23.1,6.4,100.0,111.6,106.4,
https://www.basketball-reference.com/boxscores/201501010MIN.html,"8:00 PM, January 1, 2015",Minnesota Timberwolves,Sacramento Kings,107,110,SAC,,,Team Totals,240,40,74,.541,5,12,.417,25,29,.862,10,32,42,23,7,7,20,26,110,,,Team Totals,240,.634,.574,.162,.392,30.3,68.1,52.5,57.5,7.3,10.4,18.7,100.0,114.8,111.7,
https://www.basketball-reference.com/boxscores/201501010MIN.html,"8:00 PM, January 1, 2015",Minnesota Timberwolves,Sacramento Kings,107,110,MIN,,,Team Totals,240,42,91,.462,7,24,.292,16,22,.727,15,23,38,22,12,6,14,24,107,,,Team Totals,240,.531,.500,.264,.242,31.9,69.7,47.5,52.4,12.5,9.7,12.2,100.0,111.7,114.8,
https://www.basketball-reference.com/boxscores/201501020BOS.html,"7:30 PM, January 2, 2015",Boston Celtics,Dallas Mavericks,101,119,DAL,,,Team Totals,240,45,96,.469,13,27,.481,16,17,.941,16,36,52,24,8,1,12,21,119,,,Team Totals,240,.575,.536,.281,.177,35.6,80.0,57.8,53.3,8.2,1.8,10.4,100.0,122.0,103.5,
https://www.basketball-reference.com/boxscores/201501020BOS.html,"7:30 PM, January 2, 2015",Boston Celtics,Dallas Mavericks,101,119,BOS,,,Team Totals,240,38,89,.427,12,34,.353,13,19,.684,9,29,38,22,6,2,14,21,101,,,Team Totals,240,.519,.494,.382,.213,20.0,64.4,42.2,57.9,6.2,2.9,12.6,100.0,103.5,122.0,
https://www.basketball-reference.com/boxscores/201501020CHO.html,"7:00 PM, January 2, 2015",Charlotte Hornets,Cleveland Cavaliers,87,91,CLE,,,Team Totals,240,33,87,.379,4,15,.267,21,30,.700,13,33,46,16,8,5,7,23,91,,,Team Totals,240,.454,.402,.172,.345,27.1,68.8,47.9,48.5,8.7,8.5,6.5,100.0,98.7,94.4,
https://www.basketball-reference.com/boxscores/201501020CHO.html,"7:00 PM, January 2, 2015",Charlotte Hornets,Cleveland Cavaliers,87,91,CHO,,,Team Totals,240,32,87,.368,6,28,.214,17,26,.654,15,35,50,20,5,6,15,24,87,,,Team Totals,240,.442,.402,.322,.299,31.3,72.9,52.1,62.5,5.4,8.3,13.2,100.0,94.4,98.7,
https://www.basketball-reference.com/boxscores/201501020GSW.html,"10:30 PM, January 2, 2015",Golden State Warriors,Toronto Raptors,126,105,TOR,,,Team Totals,240,40,86,.465,10,25,.400,15,20,.750,11,26,37,23,7,1,17,16,105,,,Team Totals,240,.554,.523,.291,.233,26.2,65.0,45.1,57.5,7.3,1.6,15.2,100.0,109.9,131.9,
https://www.basketball-reference.com/boxscores/201501020GSW.html,"10:30 PM, January 2, 2015",Golden State Warriors,Toronto Raptors,126,105,GSW,,,Team Totals,240,49,92,.533,12,28,.429,16,20,.800,14,31,45,35,8,8,9,18,126,,,Team Totals,240,.625,.598,.304,.217,35.0,73.8,54.9,71.4,8.4,13.1,8.2,100.0,131.9,109.9,
https://www.basketball-reference.com/boxscores/201501020LAL.html,"10:30 PM, January 2, 2015",Los Angeles Lakers,Memphis Grizzlies,106,109,MEM,,,Team Totals,240,41,84,.488,6,14,.429,21,31,.677,13,33,46,27,7,4,12,15,109,,,Team Totals,240,.558,.524,.167,.369,28.3,86.8,54.8,65.9,7.3,6.5,10.9,100.0,113.2,110.0,
https://www.basketball-reference.com/boxscores/201501020LAL.html,"10:30 PM, January 2, 2015",Los Angeles Lakers,Memphis Grizzlies,106,109,LAL,,,Team Totals,240,43,81,.531,6,19,.316,14,19,.737,5,33,38,24,10,8,14,28,106,,,Team Totals,240,.593,.568,.235,.235,13.2,71.7,45.2,55.8,10.4,11.4,13.5,100.0,110.0,113.2,
https://www.basketball-reference.com/boxscores/201501020MIL.html,"8:30 PM, January 2, 2015",Milwaukee Bucks,Indiana Pacers,91,94,IND,,,Team Totals,240,35,81,.432,8,20,.400,16,20,.800,10,35,45,24,7,3,15,12,94,,,Team Totals,240,.523,.481,.247,.247,23.3,77.8,51.1,68.6,7.5,4.6,14.3,100.0,100.8,97.6,
https://www.basketball-reference.com/boxscores/201501020MIL.html,"8:30 PM, January 2, 2015",Milwaukee Bucks,Indiana Pacers,91,94,MIL,,,Team Totals,240,38,89,.427,7,24,.292,8,10,.800,10,33,43,28,10,7,13,18,91,,,Team Totals,240,.487,.466,.270,.112,22.2,76.7,48.9,73.7,10.7,11.5,12.2,100.0,97.6,100.8,
https://www.basketball-reference.com/boxscores/201501020NOP.html,"8:00 PM, January 2, 2015",New Orleans Pelicans,Houston Rockets,111,83,HOU,,,Team Totals,240,35,88,.398,6,29,.207,7,11,.636,13,25,38,22,13,3,19,22,83,,,Team Totals,240,.447,.432,.330,.125,26.0,67.6,43.7,62.9,13.5,4.4,17.0,100.0,86.0,115.0,
https://www.basketball-reference.com/boxscores/201501020NOP.html,"8:00 PM, January 2, 2015",New Orleans Pelicans,Houston Rockets,111,83,NOP,,,Team Totals,240,44,83,.530,7,15,.467,16,20,.800,12,37,49,24,12,8,19,13,111,,,Team Totals,240,.605,.572,.181,.241,32.4,74.0,56.3,54.5,12.4,13.6,17.1,100.0,115.0,86.0,
https://www.basketball-reference.com/boxscores/201501020NYK.html,"7:30 PM, January 2, 2015",New York Knicks,Detroit Pistons,81,97,DET,,,Team Totals,240,38,76,.500,13,33,.394,8,14,.571,9,40,49,24,10,3,17,16,97,,,Team Totals,240,.590,.586,.434,.184,23.1,70.2,51.0,63.2,11.1,4.5,17.1,100.0,107.2,89.5,
https://www.basketball-reference.com/boxscores/201501020NYK.html,"7:30 PM, January 2, 2015",New York Knicks,Detroit Pistons,81,97,NYK,,,Team Totals,240,32,91,.352,10,24,.417,7,14,.500,17,30,47,18,13,4,14,15,81,,,Team Totals,240,.417,.407,.264,.154,29.8,76.9,49.0,56.3,14.4,9.3,12.6,100.0,89.5,107.2,
https://www.basketball-reference.com/boxscores/201501020OKC.html,"8:00 PM, January 2, 2015",Oklahoma City Thunder,Washington Wizards,109,102,WAS,,,Team Totals,240,39,84,.464,11,21,.524,13,15,.867,8,31,39,27,3,1,15,19,102,,,Team Totals,240,.563,.530,.250,.179,20.0,83.8,50.6,69.2,3.2,1.6,14.2,100.0,107.8,115.2,
https://www.basketball-reference.com/boxscores/201501020OKC.html,"8:00 PM, January 2, 2015",Oklahoma City Thunder,Washington Wizards,109,102,OKC,,,Team Totals,240,44,83,.530,8,19,.421,13,19,.684,6,32,38,21,8,4,10,20,109,,,Team Totals,240,.597,.578,.229,.229,16.2,80.0,49.4,47.7,8.5,6.3,9.9,100.0,115.2,107.8,
https://www.basketball-reference.com/boxscores/201501020ORL.html,"7:00 PM, January 2, 2015",Orlando Magic,Brooklyn Nets,98,100,BRK,,,Team Totals,240,41,72,.569,7,20,.350,11,18,.611,4,41,45,26,7,5,22,16,100,,,Team Totals,240,.626,.618,.278,.250,12.1,83.7,54.9,63.4,7.2,7.6,21.6,100.0,102.4,100.4,
https://www.basketball-reference.com/boxscores/201501020ORL.html,"7:00 PM, January 2, 2015",Orlando Magic,Brooklyn Nets,98,100,ORL,,,Team Totals,240,37,88,.420,11,22,.500,13,20,.650,8,29,37,22,13,3,11,18,98,,,Team Totals,240,.506,.483,.250,.227,16.3,87.9,45.1,59.5,13.3,5.8,10.2,100.0,100.4,102.4,
https://www.basketball-reference.com/boxscores/201501020PHO.html,"9:00 PM, January 2, 2015",Phoenix Suns,Philadelphia 76ers,112,96,PHI,,,Team Totals,240,37,87,.425,7,26,.269,15,25,.600,16,25,41,20,12,7,16,15,96,,,Team Totals,240,.490,.466,.299,.287,31.4,65.8,46.1,54.1,12.6,13.5,14.0,100.0,100.9,117.7,
https://www.basketball-reference.com/boxscores/201501020PHO.html,"9:00 PM, January 2, 2015",Phoenix Suns,Philadelphia 76ers,112,96,PHO,,,Team Totals,240,42,84,.500,14,32,.438,14,16,.875,13,35,48,24,9,12,19,24,112,,,Team Totals,240,.615,.583,.381,.190,34.2,68.6,53.9,57.1,9.5,19.7,17.3,100.0,117.7,100.9,
https://www.basketball-reference.com/boxscores/201501020UTA.html,"9:00 PM, January 2, 2015",Utah Jazz,Atlanta Hawks,92,98,ATL,,,Team Totals,240,33,81,.407,6,23,.261,26,30,.867,11,36,47,24,9,3,11,17,98,,,Team Totals,240,.520,.444,.284,.370,26.8,67.9,50.0,72.7,9.9,5.5,10.5,100.0,108.1,101.5,
https://www.basketball-reference.com/boxscores/201501020UTA.html,"9:00 PM, January 2, 2015",Utah Jazz,Atlanta Hawks,92,98,UTA,,,Team Totals,240,32,86,.372,10,31,.323,18,24,.750,17,30,47,18,6,9,14,18,92,,,Team Totals,240,.476,.430,.360,.279,32.1,73.2,50.0,56.3,6.6,15.5,12.7,100.0,101.5,108.1,
https://www.basketball-reference.com/boxscores/201501030CHI.html,"8:00 PM, January 3, 2015",Chicago Bulls,Boston Celtics,109,104,BOS,,,Team Totals,265,45,100,.450,5,17,.294,9,11,.818,10,35,45,26,9,6,22,28,104,,,Team Totals,265,.496,.475,.170,.110,22.2,59.3,43.3,57.8,8.2,8.3,17.3,100.0,94.6,99.1,
https://www.basketball-reference.com/boxscores/201501030CHI.html,"8:00 PM, January 3, 2015",Chicago Bulls,Boston Celtics,109,104,CHI,,,Team Totals,265,37,100,.370,6,28,.214,29,40,.725,24,35,59,19,10,9,18,14,109,,,Team Totals,265,.463,.400,.280,.400,40.7,77.8,56.7,51.4,9.1,10.8,13.3,100.0,99.1,94.6,
https://www.basketball-reference.com/boxscores/201501030DEN.html,"9:00 PM, January 3, 2015",Denver Nuggets,Memphis Grizzlies,114,85,MEM,,,Team Totals,240,37,86,.430,2,14,.143,9,13,.692,8,29,37,20,6,8,13,20,85,,,Team Totals,240,.463,.442,.163,.151,16.7,78.4,43.5,54.1,6.3,12.5,12.4,100.0,89.0,119.3,
https://www.basketball-reference.com/boxscores/201501030DEN.html,"9:00 PM, January 3, 2015",Denver Nuggets,Memphis Grizzlies,114,85,DEN,,,Team Totals,240,41,79,.519,7,15,.467,25,31,.806,8,40,48,21,6,8,13,14,114,,,Team Totals,240,.615,.563,.190,.392,21.6,83.3,56.5,51.2,6.3,11.1,12.3,100.0,119.3,89.0,
https://www.basketball-reference.com/boxscores/201501030HOU.html,"8:00 PM, January 3, 2015",Houston Rockets,Miami Heat,115,79,MIA,,,Team Totals,240,30,68,.441,4,17,.235,15,25,.600,8,25,33,20,6,3,21,18,79,,,Team Totals,240,.500,.471,.250,.368,20.5,59.5,40.7,66.7,6.6,5.8,21.0,100.0,86.5,125.9,
https://www.basketball-reference.com/boxscores/201501030HOU.html,"8:00 PM, January 3, 2015",Houston Rockets,Miami Heat,115,79,HOU,,,Team Totals,240,41,83,.494,13,31,.419,20,28,.714,17,31,48,21,13,1,16,18,115,,,Team Totals,240,.603,.572,.373,.337,40.5,79.5,59.3,51.2,14.2,2.0,14.4,100.0,125.9,86.5,
https://www.basketball-reference.com/boxscores/201501030LAC.html,"10:30 PM, January 3, 2015",Los Angeles Clippers,Philadelphia 76ers,127,91,PHI,,,Team Totals,240,32,79,.405,9,25,.360,18,26,.692,15,30,45,17,7,1,21,19,91,,,Team Totals,240,.503,.462,.316,.329,30.6,76.9,51.1,53.1,7.4,2.1,18.8,100.0,95.9,133.8,
https://www.basketball-reference.com/boxscores/201501030LAC.html,"10:30 PM, January 3, 2015",Los Angeles Clippers,Philadelphia 76ers,127,91,LAC,,,Team Totals,240,46,85,.541,15,37,.405,20,26,.769,9,34,43,33,13,3,9,19,127,,,Team Totals,240,.658,.629,.435,.306,23.1,69.4,48.9,71.7,13.7,5.6,8.5,100.0,133.8,95.9,
https://www.basketball-reference.com/boxscores/201501030MIN.html,"8:00 PM, January 3, 2015",Minnesota Timberwolves,Utah Jazz,89,101,UTA,,,Team Totals,240,38,75,.507,11,20,.550,14,21,.667,11,36,47,23,6,10,14,16,101,,,Team Totals,240,.599,.580,.267,.280,32.4,72.0,56.0,60.5,7.1,14.9,14.3,100.0,118.7,104.6,
https://www.basketball-reference.com/boxscores/201501030MIN.html,"8:00 PM, January 3, 2015",Minnesota Timberwolves,Utah Jazz,89,101,MIN,,,Team Totals,240,34,86,.395,6,19,.316,15,18,.833,14,23,37,17,8,5,8,15,89,,,Team Totals,240,.474,.430,.221,.209,28.0,67.6,44.0,50.0,9.4,9.1,7.8,100.0,104.6,118.7,
https://www.basketball-reference.com/boxscores/201501030ORL.html,"7:00 PM, January 3, 2015",Orlando Magic,Charlotte Hornets,90,98,CHO,,,Team Totals,240,35,78,.449,4,16,.250,24,32,.750,16,37,53,16,4,4,14,15,98,,,Team Totals,240,.532,.474,.205,.410,33.3,75.5,54.6,45.7,4.5,5.9,13.2,100.0,110.3,101.3,
https://www.basketball-reference.com/boxscores/201501030ORL.html,"7:00 PM, January 3, 2015",Orlando Magic,Charlotte Hornets,90,98,ORL,,,Team Totals,240,33,87,.379,4,19,.211,20,21,.952,12,32,44,18,9,3,7,24,90,,,Team Totals,240,.468,.402,.218,.241,24.5,66.7,45.4,54.5,10.1,4.8,6.8,100.0,101.3,110.3,
https://www.basketball-reference.com/boxscores/201501030POR.html,"10:00 PM, January 3, 2015",Portland Trail Blazers,Atlanta Hawks,107,115,ATL,,,Team Totals,240,43,84,.512,6,17,.353,23,31,.742,10,36,46,17,9,5,14,15,115,,,Team Totals,240,.589,.548,.202,.369,23.3,76.6,51.1,39.5,8.9,8.3,12.5,100.0,113.2,105.3,
https://www.basketball-reference.com/boxscores/201501030POR.html,"10:00 PM, January 3, 2015",Portland Trail Blazers,Atlanta Hawks,107,115,POR,,,Team Totals,240,42,93,.452,13,33,.394,10,12,.833,11,33,44,24,6,7,18,23,107,,,Team Totals,240,.544,.522,.355,.129,23.4,76.7,48.9,57.1,5.9,10.4,15.5,100.0,105.3,113.2,
https://www.basketball-reference.com/boxscores/201501030SAS.html,"8:30 PM, January 3, 2015",San Antonio Spurs,Washington Wizards,101,92,WAS,,,Team Totals,240,40,82,.488,4,14,.286,8,13,.615,9,22,31,23,6,6,9,18,92,,,Team Totals,240,.524,.512,.171,.159,23.7,71.0,44.9,57.5,7.0,9.7,9.3,100.0,107.7,118.2,
https://www.basketball-reference.com/boxscores/201501030SAS.html,"8:30 PM, January 3, 2015",San Antonio Spurs,Washington Wizards,101,92,SAS,,,Team Totals,240,43,78,.551,4,16,.250,11,18,.611,9,29,38,27,4,5,11,16,101,,,Team Totals,240,.588,.577,.205,.231,29.0,76.3,55.1,62.8,4.7,7.4,11.3,100.0,118.2,107.7,
https://www.basketball-reference.com/boxscores/201501040CLE.html,"1:00 PM, January 4, 2015",Cleveland Cavaliers,Dallas Mavericks,90,109,DAL,,,Team Totals,240,44,78,.564,12,26,.462,9,11,.818,4,32,36,30,7,8,10,20,109,,,Team Totals,240,.658,.641,.333,.141,13.3,72.7,48.6,68.2,7.8,13.1,10.8,100.0,121.5,100.3,
https://www.basketball-reference.com/boxscores/201501040CLE.html,"1:00 PM, January 4, 2015",Cleveland Cavaliers,Dallas Mavericks,90,109,CLE,,,Team Totals,240,35,86,.407,8,25,.320,12,17,.706,12,26,38,26,6,3,14,14,90,,,Team Totals,240,.481,.453,.291,.198,27.3,86.7,51.4,74.3,6.7,5.8,13.0,100.0,100.3,121.5,
https://www.basketball-reference.com/boxscores/201501040DET.html,"6:00 PM, January 4, 2015",Detroit Pistons,Sacramento Kings,114,95,SAC,,,Team Totals,240,32,75,.427,3,15,.200,28,36,.778,5,36,41,18,9,4,16,15,95,,,Team Totals,240,.523,.447,.200,.480,10.9,81.8,45.6,56.3,8.9,6.7,15.0,100.0,94.1,113.0,
https://www.basketball-reference.com/boxscores/201501040DET.html,"6:00 PM, January 4, 2015",Detroit Pistons,Sacramento Kings,114,95,DET,,,Team Totals,240,45,91,.495,12,31,.387,12,16,.750,8,41,49,21,8,3,13,27,114,,,Team Totals,240,.581,.560,.341,.176,18.2,89.1,54.4,46.7,7.9,5.0,11.7,100.0,113.0,94.1,
https://www.basketball-reference.com/boxscores/201501040LAL.html,"9:30 PM, January 4, 2015",Los Angeles Lakers,Indiana Pacers,88,87,IND,,,Team Totals,240,33,90,.367,8,28,.286,13,18,.722,16,34,50,21,5,2,16,21,87,,,Team Totals,240,.444,.411,.311,.200,33.3,87.2,57.5,63.6,5.5,3.8,14.0,100.0,96.2,97.3,
https://www.basketball-reference.com/boxscores/201501040LAL.html,"9:30 PM, January 4, 2015",Los Angeles Lakers,Indiana Pacers,88,87,LAL,,,Team Totals,240,27,71,.380,6,18,.333,28,30,.933,5,32,37,14,8,3,11,20,88,,,Team Totals,240,.523,.423,.254,.423,12.8,66.7,42.5,51.9,8.8,4.8,11.6,100.0,97.3,96.2,
https://www.basketball-reference.com/boxscores/201501040MIA.html,"6:00 PM, January 4, 2015",Miami Heat,Brooklyn Nets,88,84,BRK,,,Team Totals,240,34,86,.395,7,24,.292,9,13,.692,10,28,38,18,9,6,11,23,84,,,Team Totals,240,.458,.436,.279,.151,22.7,77.8,47.5,52.9,10.3,11.3,10.7,100.0,95.9,100.5,
https://www.basketball-reference.com/boxscores/201501040MIA.html,"6:00 PM, January 4, 2015",Miami Heat,Brooklyn Nets,88,84,MIA,,,Team Totals,240,31,67,.463,5,14,.357,21,28,.750,8,34,42,21,8,9,16,20,88,,,Team Totals,240,.555,.500,.209,.418,22.2,77.3,52.5,67.7,9.1,14.5,16.8,100.0,100.5,95.9,
https://www.basketball-reference.com/boxscores/201501040NYK.html,"7:30 PM, January 4, 2015",New York Knicks,Milwaukee Bucks,82,95,MIL,,,Team Totals,240,35,77,.455,4,16,.250,21,27,.778,14,34,48,23,10,4,19,20,95,,,Team Totals,240,.534,.481,.208,.351,32.6,82.9,57.1,65.7,10.9,7.8,17.6,100.0,103.5,89.4,
https://www.basketball-reference.com/boxscores/201501040NYK.html,"7:30 PM, January 4, 2015",New York Knicks,Milwaukee Bucks,82,95,NYK,,,Team Totals,240,31,76,.408,9,25,.360,11,14,.786,7,29,36,23,8,2,18,20,82,,,Team Totals,240,.499,.467,.329,.184,17.1,67.4,42.9,74.2,8.7,3.3,18.0,100.0,89.4,103.5,
https://www.basketball-reference.com/boxscores/201501040PHO.html,"8:00 PM, January 4, 2015",Phoenix Suns,Toronto Raptors,125,109,TOR,,,Team Totals,240,38,83,.458,9,26,.346,24,29,.828,9,34,43,22,9,4,21,24,109,,,Team Totals,240,.569,.512,.313,.349,21.4,81.0,51.2,57.9,8.4,6.1,18.0,100.0,101.8,116.8,
https://www.basketball-reference.com/boxscores/201501040PHO.html,"8:00 PM, January 4, 2015",Phoenix Suns,Toronto Raptors,125,109,PHO,,,Team Totals,240,48,89,.539,8,23,.348,21,28,.750,8,33,41,26,15,2,17,29,125,,,Team Totals,240,.617,.584,.258,.315,19.0,78.6,48.8,54.2,14.0,3.5,14.4,100.0,116.8,101.8,
https://www.basketball-reference.com/boxscores/201501050BOS.html,"7:30 PM, January 5, 2015",Boston Celtics,Charlotte Hornets,95,104,CHO,,,Team Totals,240,38,78,.487,6,19,.316,22,23,.957,12,36,48,22,2,10,16,22,104,,,Team Totals,240,.590,.526,.244,.295,34.3,78.3,59.3,57.9,2.2,13.7,15.4,100.0,114.3,104.4,
https://www.basketball-reference.com/boxscores/201501050BOS.html,"7:30 PM, January 5, 2015",Boston Celtics,Charlotte Hornets,95,104,BOS,,,Team Totals,240,36,91,.396,7,18,.389,16,23,.696,10,23,33,22,8,7,6,23,95,,,Team Totals,240,.470,.434,.198,.253,21.7,65.7,40.7,61.1,8.8,11.9,5.6,100.0,104.4,114.3,
https://www.basketball-reference.com/boxscores/201501050BRK.html,"7:30 PM, January 5, 2015",Brooklyn Nets,Dallas Mavericks,88,96,DAL,,,Team Totals,265,37,94,.394,10,27,.370,12,19,.632,14,37,51,24,8,6,11,17,96,,,Team Totals,265,.469,.447,.287,.202,23.7,84.1,49.5,64.9,8.1,10.2,9.7,100.0,97.1,89.0,
https://www.basketball-reference.com/boxscores/201501050BRK.html,"7:30 PM, January 5, 2015",Brooklyn Nets,Dallas Mavericks,88,96,BRK,,,Team Totals,265,33,84,.393,3,25,.120,19,23,.826,7,45,52,20,5,7,15,21,88,,,Team Totals,265,.467,.411,.298,.274,15.9,76.3,50.5,60.6,5.1,10.4,13.7,100.0,89.0,97.1,
https://www.basketball-reference.com/boxscores/201501050CHI.html,"8:00 PM, January 5, 2015",Chicago Bulls,Houston Rockets,114,105,HOU,,,Team Totals,240,47,102,.461,8,25,.320,3,5,.600,16,25,41,25,9,8,16,27,105,,,Team Totals,240,.504,.500,.245,.049,34.8,59.5,46.6,53.2,9.3,11.8,13.3,100.0,108.0,117.2,
https://www.basketball-reference.com/boxscores/201501050CHI.html,"8:00 PM, January 5, 2015",Chicago Bulls,Houston Rockets,114,105,CHI,,,Team Totals,240,41,85,.482,5,17,.294,27,30,.900,17,30,47,27,10,12,17,13,114,,,Team Totals,240,.580,.512,.200,.353,40.5,65.2,53.4,65.9,10.3,15.6,14.8,100.0,117.2,108.0,
https://www.basketball-reference.com/boxscores/201501050GSW.html,"10:30 PM, January 5, 2015",Golden State Warriors,Oklahoma City Thunder,117,91,OKC,,,Team Totals,240,30,98,.306,5,28,.179,26,34,.765,20,39,59,19,10,5,12,25,91,,,Team Totals,240,.403,.332,.286,.347,31.3,79.6,52.2,63.3,9.8,8.3,9.6,100.0,89.5,115.0,
https://www.basketball-reference.com/boxscores/201501050GSW.html,"10:30 PM, January 5, 2015",Golden State Warriors,Oklahoma City Thunder,117,91,GSW,,,Team Totals,240,41,88,.466,15,28,.536,20,32,.625,10,44,54,27,8,4,12,22,117,,,Team Totals,240,.573,.551,.318,.364,20.4,68.8,47.8,65.9,7.9,5.7,10.5,100.0,115.0,89.5,
https://www.basketball-reference.com/boxscores/201501050LAC.html,"10:30 PM, January 5, 2015",Los Angeles Clippers,Atlanta Hawks,98,107,ATL,,,Team Totals,240,36,81,.444,13,27,.481,22,33,.667,7,34,41,25,13,2,12,23,107,,,Team Totals,240,.560,.525,.333,.407,15.9,81.0,47.7,69.4,13.1,4.1,11.2,100.0,107.9,98.8,
https://www.basketball-reference.com/boxscores/201501050LAC.html,"10:30 PM, January 5, 2015",Los Angeles Clippers,Atlanta Hawks,98,107,LAC,,,Team Totals,240,33,74,.446,7,25,.280,25,33,.758,8,37,45,23,5,5,21,25,98,,,Team Totals,240,.554,.493,.338,.446,19.0,84.1,52.3,69.7,5.0,9.3,19.2,100.0,98.8,107.9,
https://www.basketball-reference.com/boxscores/201501050MEM.html,"8:00 PM, January 5, 2015",Memphis Grizzlies,New York Knicks,105,83,NYK,,,Team Totals,240,33,76,.434,8,26,.308,9,13,.692,7,30,37,25,9,5,21,17,83,,,Team Totals,240,.508,.487,.342,.171,17.1,73.2,45.1,75.8,9.5,7.5,20.4,100.0,87.5,110.7,
https://www.basketball-reference.com/boxscores/201501050MEM.html,"8:00 PM, January 5, 2015",Memphis Grizzlies,New York Knicks,105,83,MEM,,,Team Totals,240,43,82,.524,7,15,.467,12,19,.632,11,34,45,25,14,5,17,15,105,,,Team Totals,240,.581,.567,.183,.232,26.8,82.9,54.9,58.1,14.8,10.0,15.8,100.0,110.7,87.5,
https://www.basketball-reference.com/boxscores/201501050MIN.html,"8:00 PM, January 5, 2015",Minnesota Timberwolves,Denver Nuggets,101,110,DEN,,,Team Totals,240,46,84,.548,7,19,.368,11,16,.688,9,32,41,26,8,6,12,22,110,,,Team Totals,240,.604,.589,.226,.190,25.0,68.1,49.4,56.5,8.7,9.2,11.6,100.0,119.6,109.8,
https://www.basketball-reference.com/boxscores/201501050MIN.html,"8:00 PM, January 5, 2015",Minnesota Timberwolves,Denver Nuggets,101,110,MIN,,,Team Totals,240,38,89,.427,10,24,.417,15,18,.833,15,27,42,21,7,4,13,17,101,,,Team Totals,240,.521,.483,.270,.202,31.9,75.0,50.6,55.3,7.6,6.2,11.8,100.0,109.8,119.6,
https://www.basketball-reference.com/boxscores/201501050NOP.html,"8:00 PM, January 5, 2015",New Orleans Pelicans,Washington Wizards,85,92,WAS,,,Team Totals,240,38,79,.481,2,10,.200,14,17,.824,11,29,40,23,10,7,12,15,92,,,Team Totals,240,.532,.494,.127,.215,27.5,74.4,50.6,60.5,11.5,12.7,12.2,100.0,106.2,98.1,
https://www.basketball-reference.com/boxscores/201501050NOP.html,"8:00 PM, January 5, 2015",New Orleans Pelicans,Washington Wizards,85,92,NOP,,,Team Totals,240,33,74,.446,6,19,.316,13,17,.765,10,29,39,19,8,5,18,18,85,,,Team Totals,240,.522,.486,.257,.230,25.6,72.5,49.4,57.6,9.2,7.2,18.1,100.0,98.1,106.2,
https://www.basketball-reference.com/boxscores/201501050PHI.html,"7:00 PM, January 5, 2015",Philadelphia 76ers,Cleveland Cavaliers,95,92,CLE,,,Team Totals,240,33,85,.388,11,30,.367,15,22,.682,13,30,43,23,8,1,13,13,92,,,Team Totals,240,.486,.453,.353,.259,27.1,78.9,50.0,69.7,8.7,1.8,12.1,100.0,99.7,103.0,
https://www.basketball-reference.com/boxscores/201501050PHI.html,"7:00 PM, January 5, 2015",Philadelphia 76ers,Cleveland Cavaliers,95,92,PHI,,,Team Totals,240,38,79,.481,7,23,.304,12,15,.800,8,35,43,31,5,8,17,24,95,,,Team Totals,240,.555,.525,.291,.190,21.1,72.9,50.0,81.6,5.4,14.5,16.6,100.0,103.0,99.7,
https://www.basketball-reference.com/boxscores/201501050POR.html,"10:00 PM, January 5, 2015",Portland Trail Blazers,Los Angeles Lakers,98,94,LAL,,,Team Totals,240,37,88,.420,4,14,.286,16,20,.800,11,38,49,20,5,0,10,20,94,,,Team Totals,240,.486,.443,.159,.227,23.9,79.2,52.1,54.1,5.5,0.0,9.4,100.0,102.5,106.9,
https://www.basketball-reference.com/boxscores/201501050POR.html,"10:00 PM, January 5, 2015",Portland Trail Blazers,Los Angeles Lakers,98,94,POR,,,Team Totals,240,33,83,.398,11,26,.423,21,24,.875,10,35,45,18,7,4,9,12,98,,,Team Totals,240,.524,.464,.313,.289,20.8,76.1,47.9,54.5,7.6,5.4,8.8,100.0,106.9,102.5,
https://www.basketball-reference.com/boxscores/201501050UTA.html,"9:00 PM, January 5, 2015",Utah Jazz,Indiana Pacers,101,105,IND,,,Team Totals,240,35,74,.473,7,13,.538,28,30,.933,8,27,35,20,8,3,10,24,105,,,Team Totals,240,.602,.520,.176,.405,22.9,65.9,46.1,57.1,9.2,5.2,10.3,100.0,120.5,115.9,
https://www.basketball-reference.com/boxscores/201501050UTA.html,"9:00 PM, January 5, 2015",Utah Jazz,Indiana Pacers,101,105,UTA,,,Team Totals,240,35,81,.432,4,23,.174,27,34,.794,14,27,41,16,6,6,10,24,101,,,Team Totals,240,.526,.457,.284,.420,34.1,77.1,53.9,45.7,6.9,9.8,9.4,100.0,115.9,120.5,
https://www.basketball-reference.com/boxscores/201501060MIL.html,"8:00 PM, January 6, 2015",Milwaukee Bucks,Phoenix Suns,96,102,PHO,,,Team Totals,240,37,81,.457,7,25,.280,21,27,.778,12,34,46,19,7,6,20,16,102,,,Team Totals,240,.549,.500,.309,.333,27.9,72.3,51.1,51.4,7.1,8.8,17.7,100.0,103.4,97.3,
https://www.basketball-reference.com/boxscores/201501060MIL.html,"8:00 PM, January 6, 2015",Milwaukee Bucks,Phoenix Suns,96,102,MIL,,,Team Totals,240,37,88,.420,3,20,.150,19,22,.864,13,31,44,22,9,5,17,21,96,,,Team Totals,240,.491,.438,.227,.250,27.7,72.1,48.9,59.5,9.1,8.9,14.8,100.0,97.3,103.4,
https://www.basketball-reference.com/boxscores/201501060SAS.html,"8:30 PM, January 6, 2015",San Antonio Spurs,Detroit Pistons,104,105,DET,,,Team Totals,240,41,87,.471,3,19,.158,20,28,.714,15,30,45,19,10,3,15,28,105,,,Team Totals,240,.529,.489,.218,.322,34.9,69.8,52.3,46.3,10.4,5.2,13.1,100.0,109.5,108.5,
https://www.basketball-reference.com/boxscores/201501060SAS.html,"8:30 PM, January 6, 2015",San Antonio Spurs,Detroit Pistons,104,105,SAS,,,Team Totals,240,36,79,.456,9,21,.429,23,34,.676,13,28,41,24,6,6,17,21,104,,,Team Totals,240,.553,.513,.266,.430,30.2,65.1,47.7,66.7,6.3,8.8,15.3,100.0,108.5,109.5,
https://www.basketball-reference.com/boxscores/201501070ATL.html,"7:30 PM, January 7, 2015",Atlanta Hawks,Memphis Grizzlies,96,86,MEM,,,Team Totals,240,35,79,.443,5,17,.294,11,11,1.000,8,31,39,20,10,4,21,21,86,,,Team Totals,240,.513,.475,.215,.139,21.6,79.5,51.3,57.1,10.8,8.5,20.0,100.0,93.2,104.0,
https://www.basketball-reference.com/boxscores/201501070ATL.html,"7:30 PM, January 7, 2015",Atlanta Hawks,Memphis Grizzlies,96,86,ATL,,,Team Totals,240,32,72,.444,13,25,.520,19,23,.826,8,29,37,21,17,4,18,15,96,,,Team Totals,240,.585,.535,.347,.319,20.5,78.4,48.7,65.6,18.4,6.5,18.0,100.0,104.0,93.2,
https://www.basketball-reference.com/boxscores/201501070BRK.html,"7:30 PM, January 7, 2015",Brooklyn Nets,Boston Celtics,81,89,BOS,,,Team Totals,240,35,88,.398,5,18,.278,14,17,.824,11,30,41,22,8,2,7,26,89,,,Team Totals,240,.466,.426,.205,.193,22.0,73.2,45.1,62.9,8.9,3.3,6.8,100.0,99.4,90.5,
https://www.basketball-reference.com/boxscores/201501070BRK.html,"7:30 PM, January 7, 2015",Brooklyn Nets,Boston Celtics,81,89,BRK,,,Team Totals,240,30,74,.405,3,14,.214,18,26,.692,11,39,50,18,3,6,18,18,81,,,Team Totals,240,.474,.426,.189,.351,26.8,78.0,54.9,60.0,3.4,8.6,17.4,100.0,90.5,99.4,
https://www.basketball-reference.com/boxscores/201501070CHI.html,"8:00 PM, January 7, 2015",Chicago Bulls,Utah Jazz,77,97,UTA,,,Team Totals,240,37,78,.474,5,16,.313,18,24,.750,14,34,48,21,8,8,16,20,97,,,Team Totals,240,.548,.506,.205,.308,34.1,68.0,52.7,56.8,9.0,12.5,15.3,100.0,109.3,86.8,
https://www.basketball-reference.com/boxscores/201501070CHI.html,"8:00 PM, January 7, 2015",Chicago Bulls,Utah Jazz,77,97,CHI,,,Team Totals,240,28,84,.333,6,20,.300,15,20,.750,16,27,43,17,5,5,16,20,77,,,Team Totals,240,.415,.369,.238,.238,32.0,65.9,47.3,60.7,5.6,8.1,14.7,100.0,86.8,109.3,
https://www.basketball-reference.com/boxscores/201501070CHO.html,"7:00 PM, January 7, 2015",Charlotte Hornets,New Orleans Pelicans,98,94,NOP,,,Team Totals,240,36,80,.450,6,18,.333,16,24,.667,9,34,43,19,6,8,14,20,94,,,Team Totals,240,.519,.488,.225,.300,20.9,79.1,50.0,52.8,6.3,11.1,13.4,100.0,98.3,102.5,
https://www.basketball-reference.com/boxscores/201501070CHO.html,"7:00 PM, January 7, 2015",Charlotte Hornets,New Orleans Pelicans,98,94,CHO,,,Team Totals,240,37,86,.430,4,14,.286,20,26,.769,9,34,43,18,9,4,12,18,98,,,Team Totals,240,.503,.453,.163,.302,20.9,79.1,50.0,48.6,9.4,6.5,11.0,100.0,102.5,98.3,
https://www.basketball-reference.com/boxscores/201501070CLE.html,"7:00 PM, January 7, 2015",Cleveland Cavaliers,Houston Rockets,93,105,HOU,,,Team Totals,240,39,86,.453,12,34,.353,15,24,.625,19,31,50,26,9,3,17,22,105,,,Team Totals,240,.544,.523,.395,.279,44.2,70.5,57.5,66.7,10.0,5.7,15.0,100.0,116.8,103.4,
https://www.basketball-reference.com/boxscores/201501070CLE.html,"7:00 PM, January 7, 2015",Cleveland Cavaliers,Houston Rockets,93,105,CLE,,,Team Totals,240,34,82,.415,10,29,.345,15,19,.789,13,24,37,16,9,4,15,18,93,,,Team Totals,240,.515,.476,.354,.232,29.5,55.8,42.5,47.1,10.0,7.7,14.2,100.0,103.4,116.8,
https://www.basketball-reference.com/boxscores/201501070DAL.html,"8:30 PM, January 7, 2015",Dallas Mavericks,Detroit Pistons,95,108,DET,,,Team Totals,240,43,97,.443,10,21,.476,12,14,.857,18,42,60,22,9,2,16,17,108,,,Team Totals,240,.523,.495,.216,.144,34.6,82.4,58.3,51.2,9.1,3.1,13.4,100.0,109.3,96.2,
https://www.basketball-reference.com/boxscores/201501070DAL.html,"8:30 PM, January 7, 2015",Dallas Mavericks,Detroit Pistons,95,108,DAL,,,Team Totals,240,38,87,.437,6,22,.273,13,18,.722,9,34,43,24,9,4,14,15,95,,,Team Totals,240,.500,.471,.253,.207,17.6,65.4,41.7,63.2,9.1,5.3,12.9,100.0,96.2,109.3,
https://www.basketball-reference.com/boxscores/201501070DEN.html,"9:00 PM, January 7, 2015",Denver Nuggets,Orlando Magic,93,90,ORL,,,Team Totals,240,35,88,.398,8,22,.364,12,16,.750,10,32,42,21,11,2,16,24,90,,,Team Totals,240,.473,.443,.250,.182,19.6,84.2,47.2,60.0,11.1,3.5,14.4,100.0,91.0,94.1,
https://www.basketball-reference.com/boxscores/201501070DEN.html,"9:00 PM, January 7, 2015",Denver Nuggets,Orlando Magic,93,90,DEN,,,Team Totals,240,33,74,.446,7,17,.412,20,26,.769,6,41,47,22,5,4,21,17,93,,,Team Totals,240,.544,.493,.230,.351,15.8,80.4,52.8,66.7,5.1,6.1,19.7,100.0,94.1,91.0,
https://www.basketball-reference.com/boxscores/201501070GSW.html,"10:30 PM, January 7, 2015",Golden State Warriors,Indiana Pacers,117,102,IND,,,Team Totals,240,37,81,.457,6,26,.231,22,23,.957,5,36,41,24,4,2,17,19,102,,,Team Totals,240,.560,.494,.321,.284,14.7,78.3,51.3,64.9,4.0,3.2,15.7,100.0,102.2,117.2,
https://www.basketball-reference.com/boxscores/201501070GSW.html,"10:30 PM, January 7, 2015",Golden State Warriors,Indiana Pacers,117,102,GSW,,,Team Totals,240,45,91,.495,12,28,.429,15,20,.750,10,29,39,30,11,3,11,23,117,,,Team Totals,240,.586,.560,.308,.220,21.7,85.3,48.8,66.7,11.0,5.5,9.9,100.0,117.2,102.2,
https://www.basketball-reference.com/boxscores/201501070LAC.html,"10:30 PM, January 7, 2015",Los Angeles Clippers,Los Angeles Lakers,114,89,LAL,,,Team Totals,240,37,85,.435,5,20,.250,10,17,.588,9,37,46,21,3,1,13,20,89,,,Team Totals,240,.481,.465,.235,.200,20.9,82.2,52.3,56.8,3.2,1.9,12.3,100.0,94.4,121.0,
https://www.basketball-reference.com/boxscores/201501070LAC.html,"10:30 PM, January 7, 2015",Los Angeles Clippers,Los Angeles Lakers,114,89,LAC,,,Team Totals,240,40,85,.471,12,33,.364,22,30,.733,8,34,42,29,9,5,6,16,114,,,Team Totals,240,.580,.541,.388,.353,17.8,79.1,47.7,72.5,9.5,7.7,5.8,100.0,121.0,94.4,
https://www.basketball-reference.com/boxscores/201501070MIN.html,"9:30 PM, January 7, 2015",Minnesota Timberwolves,Phoenix Suns,111,113,PHO,,,Team Totals,240,46,96,.479,5,26,.192,16,19,.842,14,27,41,12,14,8,13,20,113,,,Team Totals,240,.541,.505,.271,.198,31.8,62.8,47.1,26.1,13.9,10.7,11.1,100.0,111.8,109.9,
https://www.basketball-reference.com/boxscores/201501070MIN.html,"9:30 PM, January 7, 2015",Minnesota Timberwolves,Phoenix Suns,111,113,MIN,,,Team Totals,240,44,92,.478,7,17,.412,16,19,.842,16,30,46,30,8,3,22,17,111,,,Team Totals,240,.553,.516,.185,.207,37.2,68.2,52.9,68.2,7.9,4.3,18.0,100.0,109.9,111.8,
https://www.basketball-reference.com/boxscores/201501070PHI.html,"7:00 PM, January 7, 2015",Philadelphia 76ers,Milwaukee Bucks,77,97,MIL,,,Team Totals,240,41,76,.539,8,17,.471,7,11,.636,7,36,43,32,14,4,26,26,97,,,Team Totals,240,.600,.592,.224,.145,19.4,70.6,49.4,78.0,14.0,6.9,24.3,100.0,97.3,77.2,
https://www.basketball-reference.com/boxscores/201501070PHI.html,"7:00 PM, January 7, 2015",Philadelphia 76ers,Milwaukee Bucks,77,97,PHI,,,Team Totals,240,25,83,.301,2,25,.080,25,29,.862,15,29,44,14,11,6,24,19,77,,,Team Totals,240,.402,.313,.301,.349,29.4,80.6,50.6,56.0,11.0,10.2,20.0,100.0,77.2,97.3,
https://www.basketball-reference.com/boxscores/201501070SAC.html,"10:00 PM, January 7, 2015",Sacramento Kings,Oklahoma City Thunder,104,83,OKC,,,Team Totals,240,29,89,.326,9,30,.300,16,23,.696,15,39,54,16,7,13,24,25,83,,,Team Totals,240,.419,.376,.337,.258,27.8,75.0,50.9,55.2,6.7,17.8,19.5,100.0,79.6,99.7,
https://www.basketball-reference.com/boxscores/201501070SAC.html,"10:00 PM, January 7, 2015",Sacramento Kings,Oklahoma City Thunder,104,83,SAC,,,Team Totals,240,36,92,.391,10,19,.526,22,28,.786,13,39,52,18,12,4,16,17,104,,,Team Totals,240,.498,.446,.207,.304,25.0,72.2,49.1,50.0,11.5,6.8,13.3,100.0,99.7,79.6,
https://www.basketball-reference.com/boxscores/201501070WAS.html,"7:00 PM, January 7, 2015",Washington Wizards,New York Knicks,101,91,NYK,,,Team Totals,240,34,82,.415,11,26,.423,12,16,.750,10,31,41,18,11,0,15,22,91,,,Team Totals,240,.511,.482,.317,.195,22.2,77.5,48.2,52.9,12.0,0.0,14.4,100.0,99.2,110.1,
https://www.basketball-reference.com/boxscores/201501070WAS.html,"7:00 PM, January 7, 2015",Washington Wizards,New York Knicks,101,91,WAS,,,Team Totals,240,39,76,.513,8,16,.500,15,21,.714,9,35,44,28,9,4,16,13,101,,,Team Totals,240,.592,.566,.211,.276,22.5,77.8,51.8,71.8,9.8,7.1,15.8,100.0,110.1,99.2,
https://www.basketball-reference.com/boxscores/201501080NYK.html,"8:00 PM, January 8, 2015",New York Knicks,Houston Rockets,96,120,HOU,,,Team Totals,240,41,77,.532,16,36,.444,22,32,.688,7,29,36,25,14,5,19,23,120,,,Team Totals,240,.659,.636,.468,.416,20.0,74.4,48.6,61.0,14.1,9.3,17.3,100.0,120.8,96.6,
https://www.basketball-reference.com/boxscores/201501080NYK.html,"8:00 PM, January 8, 2015",New York Knicks,Houston Rockets,96,120,NYK,,,Team Totals,240,37,80,.463,11,26,.423,11,21,.524,10,28,38,22,12,1,21,22,96,,,Team Totals,240,.538,.531,.325,.263,25.6,80.0,51.4,59.5,12.1,2.4,19.0,100.0,96.6,120.8,
https://www.basketball-reference.com/boxscores/201501080POR.html,"10:30 PM, January 8, 2015",Portland Trail Blazers,Miami Heat,99,83,MIA,,,Team Totals,240,29,77,.377,3,14,.214,22,30,.733,10,32,42,15,6,7,9,13,83,,,Team Totals,240,.460,.396,.182,.390,22.2,68.1,45.7,51.7,6.8,10.3,9.1,100.0,94.4,112.6,
https://www.basketball-reference.com/boxscores/201501080POR.html,"10:30 PM, January 8, 2015",Portland Trail Blazers,Miami Heat,99,83,POR,,,Team Totals,240,40,95,.421,8,27,.296,11,15,.733,15,35,50,19,5,6,7,21,99,,,Team Totals,240,.487,.463,.284,.158,31.9,77.8,54.3,47.5,5.7,9.5,6.4,100.0,112.6,94.4,
https://www.basketball-reference.com/boxscores/201501080TOR.html,"7:30 PM, January 8, 2015",Toronto Raptors,Charlotte Hornets,95,103,CHO,,,Team Totals,240,42,88,.477,4,16,.250,15,22,.682,9,37,46,21,5,3,8,18,103,,,Team Totals,240,.527,.500,.182,.250,20.9,82.2,52.3,50.0,5.2,5.8,7.6,100.0,107.3,99.0,
https://www.basketball-reference.com/boxscores/201501080TOR.html,"7:30 PM, January 8, 2015",Toronto Raptors,Charlotte Hornets,95,103,TOR,,,Team Totals,240,33,83,.398,10,31,.323,19,25,.760,8,34,42,20,2,7,14,21,95,,,Team Totals,240,.505,.458,.373,.301,17.8,79.1,47.7,60.6,2.1,9.7,13.0,100.0,99.0,107.3,
https://www.basketball-reference.com/boxscores/201501090BRK.html,"7:30 PM, January 9, 2015",Brooklyn Nets,Philadelphia 76ers,88,90,PHI,,,Team Totals,240,36,79,.456,8,17,.471,10,17,.588,11,27,38,22,15,4,14,22,90,,,Team Totals,240,.520,.506,.215,.215,25.0,75.0,47.5,61.1,16.7,7.0,13.9,100.0,100.3,98.1,
https://www.basketball-reference.com/boxscores/201501090BRK.html,"7:30 PM, January 9, 2015",Brooklyn Nets,Philadelphia 76ers,88,90,BRK,,,Team Totals,240,33,73,.452,3,16,.188,19,27,.704,9,33,42,21,8,3,18,19,88,,,Team Totals,240,.518,.473,.219,.370,25.0,75.0,52.5,63.6,8.9,4.8,17.5,100.0,98.1,100.3,
https://www.basketball-reference.com/boxscores/201501090DET.html,"7:30 PM, January 9, 2015",Detroit Pistons,Atlanta Hawks,103,106,ATL,,,Team Totals,240,40,82,.488,10,23,.435,16,24,.667,6,43,49,27,3,3,14,13,106,,,Team Totals,240,.573,.549,.280,.293,14.6,79.6,51.6,67.5,3.0,5.7,13.1,100.0,107.3,104.3,
https://www.basketball-reference.com/boxscores/201501090DET.html,"7:30 PM, January 9, 2015",Detroit Pistons,Atlanta Hawks,103,106,DET,,,Team Totals,240,38,96,.396,13,43,.302,14,18,.778,11,35,46,24,9,3,8,19,103,,,Team Totals,240,.496,.464,.448,.188,20.4,85.4,48.4,63.2,9.1,5.1,7.1,100.0,104.3,107.3,
https://www.basketball-reference.com/boxscores/201501090GSW.html,"10:30 PM, January 9, 2015",Golden State Warriors,Cleveland Cavaliers,112,94,CLE,,,Team Totals,240,35,86,.407,7,23,.304,17,23,.739,14,31,45,13,8,1,16,14,94,,,Team Totals,240,.489,.448,.267,.267,28.6,77.5,50.6,37.1,8.4,1.8,14.3,100.0,98.4,117.2,
https://www.basketball-reference.com/boxscores/201501090GSW.html,"10:30 PM, January 9, 2015",Golden State Warriors,Cleveland Cavaliers,112,94,GSW,,,Team Totals,240,43,86,.500,10,30,.333,16,17,.941,9,35,44,35,9,8,13,20,112,,,Team Totals,240,.599,.558,.349,.198,22.5,71.4,49.4,81.4,9.4,12.7,12.2,100.0,117.2,98.4,
https://www.basketball-reference.com/boxscores/201501090IND.html,"7:00 PM, January 9, 2015",Indiana Pacers,Boston Celtics,107,103,BOS,,,Team Totals,265,41,103,.398,10,34,.294,11,16,.688,13,37,50,25,10,7,11,27,103,,,Team Totals,265,.468,.447,.330,.155,24.5,69.8,47.2,61.0,9.6,10.1,9.1,100.0,99.0,102.9,
https://www.basketball-reference.com/boxscores/201501090IND.html,"7:00 PM, January 9, 2015",Indiana Pacers,Boston Celtics,107,103,IND,,,Team Totals,265,34,92,.370,9,23,.391,30,34,.882,16,40,56,21,5,9,17,18,107,,,Team Totals,265,.500,.418,.250,.370,30.2,75.5,52.8,61.8,4.8,13.0,13.7,100.0,102.9,99.0,
https://www.basketball-reference.com/boxscores/201501090LAL.html,"10:30 PM, January 9, 2015",Los Angeles Lakers,Orlando Magic,101,84,ORL,,,Team Totals,240,30,76,.395,6,14,.429,18,23,.783,4,32,36,19,8,7,16,27,84,,,Team Totals,240,.488,.434,.184,.303,8.7,64.0,37.5,63.3,8.3,10.1,15.7,100.0,87.3,104.9,
https://www.basketball-reference.com/boxscores/201501090LAL.html,"10:30 PM, January 9, 2015",Los Angeles Lakers,Orlando Magic,101,84,LAL,,,Team Totals,240,36,90,.400,7,21,.333,22,31,.710,18,42,60,16,8,7,14,21,101,,,Team Totals,240,.487,.439,.233,.344,36.0,91.3,62.5,44.4,8.3,11.3,11.9,100.0,104.9,87.3,
https://www.basketball-reference.com/boxscores/201501090MIL.html,"8:30 PM, January 9, 2015",Milwaukee Bucks,Minnesota Timberwolves,98,84,MIN,,,Team Totals,240,32,79,.405,6,22,.273,14,17,.824,13,27,40,22,13,3,20,14,84,,,Team Totals,240,.486,.443,.278,.215,30.2,75.0,50.6,68.8,14.2,5.4,18.8,100.0,91.8,107.1,
https://www.basketball-reference.com/boxscores/201501090MIL.html,"8:30 PM, January 9, 2015",Milwaukee Bucks,Minnesota Timberwolves,98,84,MIL,,,Team Totals,240,39,75,.520,12,19,.632,8,10,.800,9,30,39,30,13,4,23,21,98,,,Team Totals,240,.617,.600,.253,.133,25.0,69.8,49.4,76.9,14.2,7.0,22.5,100.0,107.1,91.8,
https://www.basketball-reference.com/boxscores/201501090NOP.html,"8:00 PM, January 9, 2015",New Orleans Pelicans,Memphis Grizzlies,106,95,MEM,,,Team Totals,240,36,82,.439,6,17,.353,17,22,.773,13,31,44,17,7,4,11,18,95,,,Team Totals,240,.518,.476,.207,.268,27.7,70.5,48.4,47.2,8.0,6.6,10.7,100.0,108.2,120.7,
https://www.basketball-reference.com/boxscores/201501090NOP.html,"8:00 PM, January 9, 2015",New Orleans Pelicans,Memphis Grizzlies,106,95,NOP,,,Team Totals,240,37,81,.457,10,20,.500,22,26,.846,13,34,47,21,3,10,10,20,106,,,Team Totals,240,.573,.519,.247,.321,29.5,72.3,51.6,56.8,3.4,15.4,9.8,100.0,120.7,108.2,
https://www.basketball-reference.com/boxscores/201501090OKC.html,"8:00 PM, January 9, 2015",Oklahoma City Thunder,Utah Jazz,99,94,UTA,,,Team Totals,240,36,74,.486,7,21,.333,15,22,.682,9,35,44,22,12,11,20,14,94,,,Team Totals,240,.562,.534,.284,.297,23.7,79.5,53.7,61.1,12.6,15.7,19.3,100.0,98.4,103.6,
https://www.basketball-reference.com/boxscores/201501090OKC.html,"8:00 PM, January 9, 2015",Oklahoma City Thunder,Utah Jazz,99,94,OKC,,,Team Totals,240,42,91,.462,7,21,.333,8,9,.889,9,29,38,25,12,5,14,18,99,,,Team Totals,240,.521,.500,.231,.099,20.5,76.3,46.3,59.5,12.6,9.4,12.8,100.0,103.6,98.4,
https://www.basketball-reference.com/boxscores/201501090SAC.html,"10:00 PM, January 9, 2015",Sacramento Kings,Denver Nuggets,108,118,DEN,,,Team Totals,240,47,85,.553,5,17,.294,19,28,.679,10,29,39,27,10,6,11,25,118,,,Team Totals,240,.606,.582,.200,.329,27.8,70.7,50.6,57.4,10.4,9.0,10.2,100.0,122.5,112.1,
https://www.basketball-reference.com/boxscores/201501090SAC.html,"10:00 PM, January 9, 2015",Sacramento Kings,Denver Nuggets,108,118,SAC,,,Team Totals,240,42,86,.488,6,19,.316,18,24,.750,12,26,38,19,5,6,15,17,108,,,Team Totals,240,.559,.523,.221,.279,29.3,72.2,49.4,45.2,5.2,8.8,13.4,100.0,112.1,122.5,
https://www.basketball-reference.com/boxscores/201501090SAS.html,"8:30 PM, January 9, 2015",San Antonio Spurs,Phoenix Suns,100,95,PHO,,,Team Totals,240,37,83,.446,7,26,.269,14,21,.667,9,39,48,23,10,6,20,20,95,,,Team Totals,240,.515,.488,.313,.253,21.4,84.8,54.5,62.2,9.8,9.1,17.8,100.0,93.3,98.2,
https://www.basketball-reference.com/boxscores/201501090SAS.html,"8:30 PM, January 9, 2015",San Antonio Spurs,Phoenix Suns,100,95,SAS,,,Team Totals,240,38,89,.427,11,23,.478,13,18,.722,7,33,40,28,12,2,15,20,100,,,Team Totals,240,.516,.489,.258,.202,15.2,78.6,45.5,73.7,11.8,3.5,13.4,100.0,98.2,93.3,
https://www.basketball-reference.com/boxscores/201501090WAS.html,"8:00 PM, January 9, 2015",Washington Wizards,Chicago Bulls,102,86,CHI,,,Team Totals,240,32,83,.386,10,26,.385,12,19,.632,11,35,46,16,9,8,16,15,86,,,Team Totals,240,.471,.446,.313,.229,23.4,74.5,48.9,50.0,9.6,11.3,14.9,100.0,91.4,108.4,
https://www.basketball-reference.com/boxscores/201501090WAS.html,"8:00 PM, January 9, 2015",Washington Wizards,Chicago Bulls,102,86,WAS,,,Team Totals,240,41,86,.477,8,15,.533,12,19,.632,12,36,48,27,9,7,13,18,102,,,Team Totals,240,.540,.523,.174,.221,25.5,76.6,51.1,65.9,9.6,12.3,12.1,100.0,108.4,91.4,
https://www.basketball-reference.com/boxscores/201501100CHI.html,"8:00 PM, January 10, 2015",Chicago Bulls,Milwaukee Bucks,95,87,MIL,,,Team Totals,240,36,81,.444,3,11,.273,12,16,.750,12,25,37,19,9,10,11,24,87,,,Team Totals,240,.494,.463,.136,.198,29.3,53.2,42.0,52.8,10.6,14.1,11.1,100.0,102.7,112.2,
https://www.basketball-reference.com/boxscores/201501100CHI.html,"8:00 PM, January 10, 2015",Chicago Bulls,Milwaukee Bucks,95,87,CHI,,,Team Totals,240,35,88,.398,4,17,.235,21,24,.875,22,29,51,24,5,5,14,18,95,,,Team Totals,240,.482,.420,.193,.273,46.8,70.7,58.0,68.6,5.9,7.1,12.4,100.0,112.2,102.7,
https://www.basketball-reference.com/boxscores/201501100DET.html,"7:30 PM, January 10, 2015",Detroit Pistons,Brooklyn Nets,98,93,BRK,,,Team Totals,240,37,88,.420,9,31,.290,10,10,1.000,9,37,46,25,6,2,14,23,93,,,Team Totals,240,.503,.472,.352,.114,20.5,80.4,51.1,67.6,6.4,4.3,13.2,100.0,99.7,105.0,
https://www.basketball-reference.com/boxscores/201501100DET.html,"7:30 PM, January 10, 2015",Detroit Pistons,Brooklyn Nets,98,93,DET,,,Team Totals,240,34,80,.425,11,33,.333,19,26,.731,9,35,44,27,8,3,11,10,98,,,Team Totals,240,.536,.494,.413,.325,19.6,79.5,48.9,79.4,8.6,5.3,10.7,100.0,105.0,99.7,
https://www.basketball-reference.com/boxscores/201501100HOU.html,"8:00 PM, January 10, 2015",Houston Rockets,Utah Jazz,97,82,UTA,,,Team Totals,240,29,70,.414,5,17,.294,19,21,.905,9,32,41,20,15,6,31,17,82,,,Team Totals,240,.517,.450,.243,.300,26.5,80.0,55.4,69.0,15.5,14.0,28.1,100.0,84.6,100.1,
https://www.basketball-reference.com/boxscores/201501100HOU.html,"8:00 PM, January 10, 2015",Houston Rockets,Utah Jazz,97,82,HOU,,,Team Totals,240,33,77,.429,13,34,.382,18,21,.857,8,25,33,24,16,3,20,20,97,,,Team Totals,240,.562,.513,.442,.273,20.0,73.5,44.6,72.7,16.5,5.7,18.8,100.0,100.1,84.6,
https://www.basketball-reference.com/boxscores/201501100LAC.html,"3:30 PM, January 10, 2015",Los Angeles Clippers,Dallas Mavericks,120,100,DAL,,,Team Totals,240,38,86,.442,12,30,.400,12,17,.706,8,32,40,29,4,2,11,18,100,,,Team Totals,240,.535,.512,.349,.198,17.4,78.0,46.0,76.3,4.2,3.5,10.5,100.0,103.9,124.7,
https://www.basketball-reference.com/boxscores/201501100LAC.html,"3:30 PM, January 10, 2015",Los Angeles Clippers,Dallas Mavericks,120,100,LAC,,,Team Totals,240,46,88,.523,13,31,.419,15,21,.714,9,38,47,31,8,5,11,17,120,,,Team Totals,240,.617,.597,.352,.239,22.0,82.6,54.0,67.4,8.3,8.9,10.2,100.0,124.7,103.9,
https://www.basketball-reference.com/boxscores/201501100MIN.html,"8:00 PM, January 10, 2015",Minnesota Timberwolves,San Antonio Spurs,93,108,SAS,,,Team Totals,240,41,84,.488,9,24,.375,17,20,.850,9,36,45,21,9,2,12,19,108,,,Team Totals,240,.582,.542,.286,.238,20.5,83.7,51.7,51.2,9.5,3.0,11.5,100.0,113.4,97.7,
https://www.basketball-reference.com/boxscores/201501100MIN.html,"8:00 PM, January 10, 2015",Minnesota Timberwolves,San Antonio Spurs,93,108,MIN,,,Team Totals,240,32,81,.395,3,15,.200,26,26,1.000,7,35,42,17,7,4,13,18,93,,,Team Totals,240,.503,.414,.185,.321,16.3,79.5,48.3,53.1,7.4,6.7,12.3,100.0,97.7,113.4,
https://www.basketball-reference.com/boxscores/201501100NYK.html,"1:00 PM, January 10, 2015",New York Knicks,Charlotte Hornets,82,110,CHO,,,Team Totals,240,39,78,.500,7,16,.438,25,33,.758,11,40,51,18,8,5,16,14,110,,,Team Totals,240,.594,.545,.205,.423,30.6,90.9,63.8,46.2,8.4,8.9,14.7,100.0,115.2,85.9,
https://www.basketball-reference.com/boxscores/201501100NYK.html,"1:00 PM, January 10, 2015",New York Knicks,Charlotte Hornets,82,110,NYK,,,Team Totals,240,33,85,.388,8,29,.276,8,9,.889,4,25,29,17,9,4,13,24,82,,,Team Totals,240,.461,.435,.341,.106,9.1,69.4,36.3,51.5,9.4,6.5,12.8,100.0,85.9,115.2,
https://www.basketball-reference.com/boxscores/201501100PHI.html,"7:30 PM, January 10, 2015",Philadelphia 76ers,Indiana Pacers,93,92,IND,,,Team Totals,240,29,87,.333,4,18,.222,30,42,.714,19,35,54,16,9,5,13,27,92,,,Team Totals,240,.436,.356,.207,.483,37.3,74.5,55.1,55.2,9.6,8.9,11.0,100.0,98.1,99.2,
https://www.basketball-reference.com/boxscores/201501100PHI.html,"7:30 PM, January 10, 2015",Philadelphia 76ers,Indiana Pacers,93,92,PHI,,,Team Totals,240,32,80,.400,11,24,.458,18,25,.720,12,32,44,21,4,12,17,31,93,,,Team Totals,240,.511,.469,.300,.313,25.5,62.7,44.9,65.6,4.3,17.4,15.7,100.0,99.2,98.1,
https://www.basketball-reference.com/boxscores/201501100POR.html,"10:00 PM, January 10, 2015",Portland Trail Blazers,Orlando Magic,103,92,ORL,,,Team Totals,240,37,92,.402,3,21,.143,15,20,.750,17,32,49,22,10,0,16,22,92,,,Team Totals,240,.456,.418,.228,.217,31.5,84.2,53.3,59.5,10.1,0.0,13.7,100.0,93.3,104.5,
https://www.basketball-reference.com/boxscores/201501100POR.html,"10:00 PM, January 10, 2015",Portland Trail Blazers,Orlando Magic,103,92,POR,,,Team Totals,240,36,76,.474,10,26,.385,21,26,.808,6,37,43,22,6,8,20,17,103,,,Team Totals,240,.589,.539,.342,.342,15.8,68.5,46.7,61.1,6.1,11.3,18.6,100.0,104.5,93.3,
https://www.basketball-reference.com/boxscores/201501100TOR.html,"7:30 PM, January 10, 2015",Toronto Raptors,Boston Celtics,109,96,BOS,,,Team Totals,240,39,83,.470,6,18,.333,12,20,.600,9,34,43,23,7,3,18,21,96,,,Team Totals,240,.523,.506,.217,.241,21.4,69.4,47.3,59.0,7.2,4.9,16.4,100.0,98.9,112.3,
https://www.basketball-reference.com/boxscores/201501100TOR.html,"7:30 PM, January 10, 2015",Toronto Raptors,Boston Celtics,109,96,TOR,,,Team Totals,240,41,91,.451,13,30,.433,14,19,.737,15,33,48,23,8,10,13,20,109,,,Team Totals,240,.549,.522,.330,.209,30.6,78.6,52.7,56.1,8.2,15.4,11.6,100.0,112.3,98.9,
https://www.basketball-reference.com/boxscores/201501110ATL.html,"3:00 PM, January 11, 2015",Atlanta Hawks,Washington Wizards,120,89,WAS,,,Team Totals,240,36,76,.474,5,20,.250,12,15,.800,8,31,39,25,5,7,20,16,89,,,Team Totals,240,.539,.507,.263,.197,21.6,70.5,48.1,69.4,5.4,12.1,19.5,100.0,96.0,129.4,
https://www.basketball-reference.com/boxscores/201501110ATL.html,"3:00 PM, January 11, 2015",Atlanta Hawks,Washington Wizards,120,89,ATL,,,Team Totals,240,42,89,.472,16,31,.516,20,24,.833,13,29,42,34,14,3,9,15,120,,,Team Totals,240,.603,.562,.348,.270,29.5,78.4,51.9,81.0,15.1,5.4,8.3,100.0,129.4,96.0,
https://www.basketball-reference.com/boxscores/201501110LAC.html,"3:30 PM, January 11, 2015",Los Angeles Clippers,Miami Heat,90,104,MIA,,,Team Totals,240,39,81,.481,6,21,.286,20,24,.833,15,31,46,28,8,5,13,20,104,,,Team Totals,240,.568,.519,.259,.296,41.7,83.8,63.0,71.8,9.3,10.2,12.4,100.0,120.3,104.1,
https://www.basketball-reference.com/boxscores/201501110LAC.html,"3:30 PM, January 11, 2015",Los Angeles Clippers,Miami Heat,90,104,LAC,,,Team Totals,240,34,75,.453,9,26,.346,13,18,.722,6,21,27,17,4,2,13,24,90,,,Team Totals,240,.543,.513,.347,.240,16.2,58.3,37.0,50.0,4.6,3.3,13.6,100.0,104.1,120.3,
https://www.basketball-reference.com/boxscores/201501110LAL.html,"9:30 PM, January 11, 2015",Los Angeles Lakers,Portland Trail Blazers,94,106,POR,,,Team Totals,240,41,86,.477,13,31,.419,11,17,.647,6,37,43,28,5,0,11,18,106,,,Team Totals,240,.567,.552,.360,.198,13.6,84.1,48.9,68.3,5.2,0.0,10.5,100.0,110.9,98.3,
https://www.basketball-reference.com/boxscores/201501110LAL.html,"9:30 PM, January 11, 2015",Los Angeles Lakers,Portland Trail Blazers,94,106,LAL,,,Team Totals,240,36,81,.444,7,22,.318,15,19,.789,7,38,45,29,2,4,13,22,94,,,Team Totals,240,.526,.488,.272,.235,15.9,86.4,51.1,80.6,2.1,7.3,12.7,100.0,98.3,110.9,
https://www.basketball-reference.com/boxscores/201501110MEM.html,"6:00 PM, January 11, 2015",Memphis Grizzlies,Phoenix Suns,122,110,PHO,,,Team Totals,290,42,100,.420,8,35,.229,18,23,.783,9,37,46,20,14,7,21,27,110,,,Team Totals,290,.499,.460,.350,.230,17.3,77.1,46.0,47.6,11.7,8.9,16.0,100.0,91.5,101.5,
https://www.basketball-reference.com/boxscores/201501110MEM.html,"6:00 PM, January 11, 2015",Memphis Grizzlies,Phoenix Suns,122,110,MEM,,,Team Totals,290,48,100,.480,9,21,.429,17,24,.708,11,43,54,24,7,8,24,25,122,,,Team Totals,290,.552,.525,.210,.240,22.9,82.7,54.0,50.0,5.8,12.3,17.8,100.0,101.5,91.5,
https://www.basketball-reference.com/boxscores/201501110SAC.html,"9:00 PM, January 11, 2015",Sacramento Kings,Cleveland Cavaliers,103,84,CLE,,,Team Totals,240,33,78,.423,11,32,.344,7,12,.583,6,35,41,18,2,6,14,18,84,,,Team Totals,240,.504,.494,.410,.154,13.6,83.3,47.7,54.5,2.2,8.7,14.4,100.0,93.2,114.3,
https://www.basketball-reference.com/boxscores/201501110SAC.html,"9:00 PM, January 11, 2015",Sacramento Kings,Cleveland Cavaliers,103,84,SAC,,,Team Totals,240,42,86,.488,6,17,.353,13,17,.765,7,38,45,20,8,4,5,11,103,,,Team Totals,240,.551,.523,.198,.198,16.7,86.4,52.3,47.6,8.9,8.7,5.1,100.0,114.3,93.2,
https://www.basketball-reference.com/boxscores/201501120BOS.html,"7:30 PM, January 12, 2015",Boston Celtics,New Orleans Pelicans,108,100,NOP,,,Team Totals,240,31,75,.413,6,15,.400,32,37,.865,16,29,45,20,7,6,18,23,100,,,Team Totals,240,.548,.453,.200,.493,37.2,63.0,50.6,64.5,7.7,9.4,16.5,100.0,110.2,119.0,
https://www.basketball-reference.com/boxscores/201501120BOS.html,"7:30 PM, January 12, 2015",Boston Celtics,New Orleans Pelicans,108,100,BOS,,,Team Totals,240,37,88,.420,8,24,.333,26,31,.839,17,27,44,24,8,5,11,23,108,,,Team Totals,240,.531,.466,.273,.352,37.0,62.8,49.4,64.9,8.8,8.3,9.8,100.0,119.0,110.2,
https://www.basketball-reference.com/boxscores/201501120BRK.html,"7:30 PM, January 12, 2015",Brooklyn Nets,Houston Rockets,99,113,HOU,,,Team Totals,240,41,86,.477,16,40,.400,15,20,.750,12,30,42,22,9,2,14,18,113,,,Team Totals,240,.596,.570,.465,.233,28.6,73.2,50.6,53.7,9.5,3.2,12.9,100.0,119.9,105.0,
https://www.basketball-reference.com/boxscores/201501120BRK.html,"7:30 PM, January 12, 2015",Brooklyn Nets,Houston Rockets,99,113,BRK,,,Team Totals,240,39,84,.464,5,21,.238,16,18,.889,11,30,41,18,7,4,16,18,99,,,Team Totals,240,.539,.494,.250,.214,26.8,71.4,49.4,46.2,7.4,8.7,14.8,100.0,105.0,119.9,
https://www.basketball-reference.com/boxscores/201501120CHI.html,"8:00 PM, January 12, 2015",Chicago Bulls,Orlando Magic,114,121,ORL,,,Team Totals,240,48,81,.593,7,18,.389,18,29,.621,2,32,34,28,10,3,11,25,121,,,Team Totals,240,.645,.636,.222,.358,5.9,74.4,44.2,58.3,10.0,5.3,10.5,100.0,120.4,113.5,
https://www.basketball-reference.com/boxscores/201501120CHI.html,"8:00 PM, January 12, 2015",Chicago Bulls,Orlando Magic,114,121,CHI,,,Team Totals,240,41,84,.488,8,27,.296,24,33,.727,11,32,43,25,6,5,14,20,114,,,Team Totals,240,.579,.536,.321,.393,25.6,94.1,55.8,61.0,6.0,7.9,12.4,100.0,113.5,120.4,
https://www.basketball-reference.com/boxscores/201501120TOR.html,"7:30 PM, January 12, 2015",Toronto Raptors,Detroit Pistons,111,114,DET,,,Team Totals,240,41,96,.427,7,21,.333,25,31,.806,17,29,46,24,10,4,8,15,114,,,Team Totals,240,.520,.464,.219,.323,34.7,74.4,52.3,58.5,10.2,6.7,6.8,100.0,116.0,112.9,
https://www.basketball-reference.com/boxscores/201501120TOR.html,"7:30 PM, January 12, 2015",Toronto Raptors,Detroit Pistons,111,114,TOR,,,Team Totals,240,47,87,.540,7,27,.259,10,14,.714,10,32,42,29,4,7,19,20,111,,,Team Totals,240,.596,.580,.310,.161,25.6,65.3,47.7,61.7,4.1,9.3,16.9,100.0,112.9,116.0,
https://www.basketball-reference.com/boxscores/201501130IND.html,"7:00 PM, January 13, 2015",Indiana Pacers,Minnesota Timberwolves,101,110,MIN,,,Team Totals,240,41,87,.471,10,20,.500,18,19,.947,7,27,34,22,11,3,17,23,110,,,Team Totals,240,.577,.529,.230,.218,18.4,73.0,45.3,53.7,11.0,4.8,15.1,100.0,109.6,100.7,
https://www.basketball-reference.com/boxscores/201501130IND.html,"7:00 PM, January 13, 2015",Indiana Pacers,Minnesota Timberwolves,101,110,IND,,,Team Totals,240,39,80,.488,5,18,.278,18,30,.600,10,31,41,22,9,5,18,19,101,,,Team Totals,240,.542,.519,.225,.375,27.0,81.6,54.7,56.4,9.0,7.5,16.2,100.0,100.7,109.6,
https://www.basketball-reference.com/boxscores/201501130LAL.html,"10:30 PM, January 13, 2015",Los Angeles Lakers,Miami Heat,75,78,MIA,,,Team Totals,240,33,78,.423,2,16,.125,10,15,.667,9,43,52,23,7,11,19,16,78,,,Team Totals,240,.461,.436,.205,.192,21.4,76.8,53.1,69.7,7.4,15.9,18.3,100.0,82.9,79.7,
https://www.basketball-reference.com/boxscores/201501130LAL.html,"10:30 PM, January 13, 2015",Los Angeles Lakers,Miami Heat,75,78,LAL,,,Team Totals,240,29,92,.315,4,23,.174,13,18,.722,13,33,46,20,10,3,12,14,75,,,Team Totals,240,.375,.337,.250,.196,23.2,78.6,46.9,69.0,10.6,4.8,10.7,100.0,79.7,82.9,
https://www.basketball-reference.com/boxscores/201501130PHI.html,"7:00 PM, January 13, 2015",Philadelphia 76ers,Atlanta Hawks,87,105,ATL,,,Team Totals,240,42,87,.483,12,23,.522,9,16,.563,15,32,47,34,6,3,19,17,105,,,Team Totals,240,.558,.552,.264,.184,39.5,72.7,57.3,81.0,6.5,5.9,16.8,100.0,113.4,93.9,
https://www.basketball-reference.com/boxscores/201501130PHI.html,"7:00 PM, January 13, 2015",Philadelphia 76ers,Atlanta Hawks,87,105,PHI,,,Team Totals,240,31,76,.408,9,25,.360,16,25,.640,12,23,35,20,8,6,19,22,87,,,Team Totals,240,.500,.467,.329,.329,27.3,60.5,42.7,64.5,8.6,9.4,17.9,100.0,93.9,113.4,
https://www.basketball-reference.com/boxscores/201501130PHO.html,"9:00 PM, January 13, 2015",Phoenix Suns,Cleveland Cavaliers,107,100,CLE,,,Team Totals,240,36,82,.439,13,35,.371,15,20,.750,16,26,42,16,7,1,19,21,100,,,Team Totals,240,.551,.518,.427,.244,39.0,74.3,55.3,44.4,7.9,1.8,17.3,100.0,112.6,120.4,
https://www.basketball-reference.com/boxscores/201501130PHO.html,"9:00 PM, January 13, 2015",Phoenix Suns,Cleveland Cavaliers,107,100,PHO,,,Team Totals,240,40,76,.526,7,20,.350,20,27,.741,9,25,34,23,10,2,11,20,107,,,Team Totals,240,.609,.572,.263,.355,25.7,61.0,44.7,57.5,11.3,4.3,11.1,100.0,120.4,112.6,
https://www.basketball-reference.com/boxscores/201501130SAC.html,"10:00 PM, January 13, 2015",Sacramento Kings,Dallas Mavericks,104,108,DAL,,,Team Totals,265,43,100,.430,6,24,.250,16,23,.696,12,32,44,23,12,4,10,25,108,,,Team Totals,265,.490,.460,.240,.230,20.3,72.7,42.7,53.5,11.3,5.9,8.3,100.0,101.7,97.9,
https://www.basketball-reference.com/boxscores/201501130SAC.html,"10:00 PM, January 13, 2015",Sacramento Kings,Dallas Mavericks,104,108,SAC,,,Team Totals,265,38,86,.442,1,18,.056,27,34,.794,12,47,59,22,7,2,20,26,104,,,Team Totals,265,.515,.448,.209,.395,27.3,79.7,57.3,57.9,6.6,2.6,16.5,100.0,97.9,101.7,
https://www.basketball-reference.com/boxscores/201501130UTA.html,"9:00 PM, January 13, 2015",Utah Jazz,Golden State Warriors,105,116,GSW,,,Team Totals,240,46,91,.505,13,25,.520,11,13,.846,6,25,31,32,10,5,10,16,116,,,Team Totals,240,.600,.577,.275,.143,15.4,69.4,41.3,69.6,10.4,8.3,9.4,100.0,120.4,109.0,
https://www.basketball-reference.com/boxscores/201501130UTA.html,"9:00 PM, January 13, 2015",Utah Jazz,Golden State Warriors,105,116,UTA,,,Team Totals,240,39,81,.481,7,21,.333,20,24,.833,11,33,44,14,7,7,17,18,105,,,Team Totals,240,.573,.525,.259,.296,30.6,84.6,58.7,35.9,7.3,10.6,15.7,100.0,109.0,120.4,
https://www.basketball-reference.com/boxscores/201501130WAS.html,"7:00 PM, January 13, 2015",Washington Wizards,San Antonio Spurs,101,93,SAS,,,Team Totals,240,38,96,.396,9,29,.310,8,12,.667,8,26,34,26,3,4,9,17,93,,,Team Totals,240,.459,.443,.302,.125,16.7,76.5,41.5,68.4,3.2,6.3,8.2,100.0,98.2,106.6,
https://www.basketball-reference.com/boxscores/201501130WAS.html,"7:00 PM, January 13, 2015",Washington Wizards,San Antonio Spurs,101,93,WAS,,,Team Totals,240,37,75,.493,6,12,.500,21,24,.875,8,40,48,20,4,7,15,14,101,,,Team Totals,240,.590,.533,.160,.320,23.5,83.3,58.5,54.1,4.2,10.4,14.9,100.0,106.6,98.2,
https://www.basketball-reference.com/boxscores/201501140BOS.html,"8:00 PM, January 14, 2015",Boston Celtics,Atlanta Hawks,91,105,ATL,,,Team Totals,240,36,73,.493,10,29,.345,23,27,.852,6,29,35,23,13,7,12,12,105,,,Team Totals,240,.619,.562,.397,.370,18.2,69.0,46.7,63.9,14.6,14.0,12.4,100.0,118.0,102.3,
https://www.basketball-reference.com/boxscores/201501140BOS.html,"8:00 PM, January 14, 2015",Boston Celtics,Atlanta Hawks,91,105,BOS,,,Team Totals,240,34,83,.410,11,33,.333,12,14,.857,13,27,40,22,5,2,17,23,91,,,Team Totals,240,.510,.476,.398,.169,31.0,81.8,53.3,64.7,5.6,4.5,16.0,100.0,102.3,118.0,
https://www.basketball-reference.com/boxscores/201501140BRK.html,"7:30 PM, January 14, 2015",Brooklyn Nets,Memphis Grizzlies,92,103,MEM,,,Team Totals,240,39,83,.470,3,17,.176,22,29,.759,14,27,41,18,13,3,9,19,103,,,Team Totals,240,.538,.488,.205,.349,31.8,81.8,53.2,46.2,14.5,6.1,8.6,100.0,114.6,102.3,
https://www.basketball-reference.com/boxscores/201501140BRK.html,"7:30 PM, January 14, 2015",Brooklyn Nets,Memphis Grizzlies,92,103,BRK,,,Team Totals,240,36,75,.480,10,26,.385,10,12,.833,6,30,36,19,5,1,19,25,92,,,Team Totals,240,.573,.547,.347,.160,18.2,68.2,46.8,52.8,5.6,1.5,19.1,100.0,102.3,114.6,
https://www.basketball-reference.com/boxscores/201501140CHI.html,"8:00 PM, January 14, 2015",Chicago Bulls,Washington Wizards,99,105,WAS,,,Team Totals,240,40,78,.513,5,15,.333,20,25,.800,10,33,43,29,4,4,15,24,105,,,Team Totals,240,.590,.545,.192,.321,28.6,80.5,56.6,72.5,4.4,7.7,14.4,100.0,114.4,107.9,
https://www.basketball-reference.com/boxscores/201501140CHI.html,"8:00 PM, January 14, 2015",Chicago Bulls,Washington Wizards,99,105,CHI,,,Team Totals,240,34,79,.430,13,27,.481,18,24,.750,8,25,33,18,10,5,13,21,99,,,Team Totals,240,.553,.513,.342,.304,19.5,71.4,43.4,52.9,10.9,7.9,12.7,100.0,107.9,114.4,
https://www.basketball-reference.com/boxscores/201501140CHO.html,"7:00 PM, January 14, 2015",Charlotte Hornets,San Antonio Spurs,93,98,SAS,,,Team Totals,240,37,85,.435,8,21,.381,16,20,.800,6,36,42,27,7,11,14,27,98,,,Team Totals,240,.522,.482,.247,.235,15.4,70.6,46.7,73.0,7.2,15.1,13.0,100.0,101.3,96.2,
https://www.basketball-reference.com/boxscores/201501140CHO.html,"7:00 PM, January 14, 2015",Charlotte Hornets,San Antonio Spurs,93,98,CHO,,,Team Totals,240,33,86,.384,4,13,.308,23,35,.657,15,33,48,15,4,10,11,18,93,,,Team Totals,240,.459,.407,.151,.407,29.4,84.6,53.3,45.5,4.1,15.6,9.8,100.0,96.2,101.3,
https://www.basketball-reference.com/boxscores/201501140DEN.html,"9:00 PM, January 14, 2015",Denver Nuggets,Dallas Mavericks,114,107,DAL,,,Team Totals,240,41,100,.410,9,37,.243,16,20,.800,10,29,39,24,8,5,9,25,107,,,Team Totals,240,.492,.455,.370,.200,20.0,72.5,43.3,58.5,7.8,7.9,7.6,100.0,104.7,111.6,
https://www.basketball-reference.com/boxscores/201501140DEN.html,"9:00 PM, January 14, 2015",Denver Nuggets,Dallas Mavericks,114,107,DEN,,,Team Totals,240,41,82,.500,4,19,.211,28,35,.800,11,40,51,25,6,7,16,25,114,,,Team Totals,240,.585,.524,.232,.427,27.5,80.0,56.7,61.0,5.9,11.1,14.1,100.0,111.6,104.7,
https://www.basketball-reference.com/boxscores/201501140DET.html,"7:30 PM, January 14, 2015",Detroit Pistons,New Orleans Pelicans,94,105,NOP,,,Team Totals,240,39,80,.488,8,21,.381,19,23,.826,11,36,47,23,4,7,13,18,105,,,Team Totals,240,.583,.538,.263,.288,28.9,92.3,61.0,59.0,4.5,13.7,12.6,100.0,119.0,106.5,
https://www.basketball-reference.com/boxscores/201501140DET.html,"7:30 PM, January 14, 2015",Detroit Pistons,New Orleans Pelicans,94,105,DET,,,Team Totals,240,34,73,.466,8,22,.364,18,23,.783,3,27,30,23,8,10,8,16,94,,,Team Totals,240,.565,.521,.301,.315,7.7,71.1,39.0,67.6,9.1,16.9,8.8,100.0,106.5,119.0,
https://www.basketball-reference.com/boxscores/201501140GSW.html,"10:30 PM, January 14, 2015",Golden State Warriors,Miami Heat,104,89,MIA,,,Team Totals,240,30,71,.423,6,18,.333,23,27,.852,11,30,41,19,5,4,19,19,89,,,Team Totals,240,.537,.465,.254,.380,29.7,75.0,53.2,63.3,5.6,7.7,18.6,100.0,100.1,116.9,
https://www.basketball-reference.com/boxscores/201501140GSW.html,"10:30 PM, January 14, 2015",Golden State Warriors,Miami Heat,104,89,GSW,,,Team Totals,240,38,81,.469,13,29,.448,15,19,.789,10,26,36,29,5,5,13,21,104,,,Team Totals,240,.582,.549,.358,.235,25.0,70.3,46.8,76.3,5.6,9.4,12.7,100.0,116.9,100.1,
https://www.basketball-reference.com/boxscores/201501140ORL.html,"7:00 PM, January 14, 2015",Orlando Magic,Houston Rockets,120,113,HOU,,,Team Totals,240,42,83,.506,9,26,.346,20,23,.870,10,28,38,26,11,6,21,19,113,,,Team Totals,240,.607,.560,.313,.277,25.6,73.7,49.4,61.9,10.7,9.4,18.4,100.0,109.5,116.3,
https://www.basketball-reference.com/boxscores/201501140ORL.html,"7:00 PM, January 14, 2015",Orlando Magic,Houston Rockets,120,113,ORL,,,Team Totals,240,44,90,.489,9,26,.346,23,26,.885,10,29,39,22,14,1,17,19,120,,,Team Totals,240,.591,.539,.289,.289,26.3,74.4,50.6,50.0,13.6,1.8,14.4,100.0,116.3,109.5,
https://www.basketball-reference.com/boxscores/201501140POR.html,"10:30 PM, January 14, 2015",Portland Trail Blazers,Los Angeles Clippers,94,100,LAC,,,Team Totals,240,37,88,.420,8,23,.348,18,19,.947,7,37,44,20,9,2,7,22,100,,,Team Totals,240,.519,.466,.261,.216,15.9,77.1,47.8,54.1,9.5,3.3,6.8,100.0,105.7,99.4,
https://www.basketball-reference.com/boxscores/201501140POR.html,"10:30 PM, January 14, 2015",Portland Trail Blazers,Los Angeles Clippers,94,100,POR,,,Team Totals,240,35,87,.402,6,26,.231,18,20,.900,11,37,48,22,5,1,13,18,94,,,Team Totals,240,.491,.437,.299,.230,22.9,84.1,52.2,62.9,5.3,1.5,11.9,100.0,99.4,105.7,
https://www.basketball-reference.com/boxscores/201501140TOR.html,"7:30 PM, January 14, 2015",Toronto Raptors,Philadelphia 76ers,100,84,PHI,,,Team Totals,240,31,80,.388,3,19,.158,19,31,.613,11,34,45,13,10,8,12,22,84,,,Team Totals,240,.449,.406,.238,.388,22.0,77.3,47.9,41.9,10.5,15.1,11.4,100.0,88.4,105.3,
https://www.basketball-reference.com/boxscores/201501140TOR.html,"7:30 PM, January 14, 2015",Toronto Raptors,Philadelphia 76ers,100,84,TOR,,,Team Totals,240,38,82,.463,10,29,.345,14,22,.636,10,39,49,26,7,2,17,24,100,,,Team Totals,240,.545,.524,.354,.268,22.7,78.0,52.1,68.4,7.4,3.3,15.6,100.0,105.3,88.4,
https://www.basketball-reference.com/boxscores/201501150HOU.html,"8:00 PM, January 15, 2015",Houston Rockets,Oklahoma City Thunder,112,101,OKC,,,Team Totals,240,35,81,.432,11,29,.379,20,28,.714,10,33,43,25,8,9,17,19,101,,,Team Totals,240,.541,.500,.358,.346,25.0,75.0,51.2,71.4,8.3,18.0,15.4,100.0,105.0,116.4,
https://www.basketball-reference.com/boxscores/201501150HOU.html,"8:00 PM, January 15, 2015",Houston Rockets,Oklahoma City Thunder,112,101,HOU,,,Team Totals,240,41,86,.477,16,36,.444,14,19,.737,11,30,41,25,12,3,14,19,112,,,Team Totals,240,.593,.570,.419,.221,25.0,75.0,48.8,61.0,12.5,5.8,12.9,100.0,116.4,105.0,
https://www.basketball-reference.com/boxscores/201501150LAL.html,"10:30 PM, January 15, 2015",Los Angeles Lakers,Cleveland Cavaliers,102,109,CLE,,,Team Totals,240,37,78,.474,9,30,.300,26,36,.722,12,26,38,14,8,3,9,15,109,,,Team Totals,240,.581,.532,.385,.462,30.8,76.5,52.1,37.8,9.1,5.8,8.8,100.0,124.0,116.1,
https://www.basketball-reference.com/boxscores/201501150LAL.html,"10:30 PM, January 15, 2015",Los Angeles Lakers,Cleveland Cavaliers,102,109,LAL,,,Team Totals,240,39,76,.513,8,24,.333,16,23,.696,8,27,35,26,4,1,12,26,102,,,Team Totals,240,.592,.566,.316,.303,23.5,69.2,47.9,66.7,4.6,2.1,12.2,100.0,116.1,124.0,
https://www.basketball-reference.com/boxscores/201501150MIL.html,"3:00 PM, January 15, 2015",Milwaukee Bucks,New York Knicks,95,79,NYK,,,Team Totals,240,28,68,.412,8,22,.364,15,20,.750,5,31,36,22,5,6,21,32,79,,,Team Totals,240,.514,.471,.324,.294,14.3,68.9,45.0,78.6,5.6,11.1,21.5,100.0,87.8,105.5,
https://www.basketball-reference.com/boxscores/201501150MIL.html,"3:00 PM, January 15, 2015",Milwaukee Bucks,New York Knicks,95,79,MIL,,,Team Totals,240,28,72,.389,8,18,.444,31,42,.738,14,30,44,21,13,2,15,17,95,,,Team Totals,240,.525,.444,.250,.583,31.1,85.7,55.0,75.0,14.4,4.3,14.2,100.0,105.5,87.8,
https://www.basketball-reference.com/boxscores/201501160BOS.html,"7:30 PM, January 16, 2015",Boston Celtics,Chicago Bulls,103,119,CHI,,,Team Totals,240,48,89,.539,13,25,.520,10,12,.833,8,28,36,28,12,6,7,14,119,,,Team Totals,240,.631,.612,.281,.135,19.0,71.8,44.4,58.3,13.0,8.7,6.9,100.0,128.7,111.4,
https://www.basketball-reference.com/boxscores/201501160BOS.html,"7:30 PM, January 16, 2015",Boston Celtics,Chicago Bulls,103,119,BOS,,,Team Totals,240,42,85,.494,5,16,.313,14,16,.875,11,34,45,29,5,4,14,16,103,,,Team Totals,240,.560,.524,.188,.188,28.2,81.0,55.6,69.0,5.4,6.3,13.2,100.0,111.4,128.7,
https://www.basketball-reference.com/boxscores/201501160DAL.html,"8:30 PM, January 16, 2015",Dallas Mavericks,Denver Nuggets,97,89,DEN,,,Team Totals,240,34,83,.410,9,25,.360,12,25,.480,13,39,52,23,6,3,15,27,89,,,Team Totals,240,.473,.464,.301,.301,23.6,79.6,50.0,67.6,6.3,5.6,13.8,100.0,93.1,101.5,
https://www.basketball-reference.com/boxscores/201501160DAL.html,"8:30 PM, January 16, 2015",Dallas Mavericks,Denver Nuggets,97,89,DAL,,,Team Totals,240,33,79,.418,8,25,.320,23,29,.793,10,42,52,22,7,2,15,23,97,,,Team Totals,240,.529,.468,.316,.367,20.4,76.4,50.0,66.7,7.3,3.4,14.1,100.0,101.5,93.1,
https://www.basketball-reference.com/boxscores/201501160IND.html,"7:00 PM, January 16, 2015",Indiana Pacers,Detroit Pistons,96,98,DET,,,Team Totals,240,32,85,.376,13,31,.419,21,24,.875,15,34,49,17,6,5,18,17,98,,,Team Totals,240,.513,.453,.365,.282,31.9,73.9,52.7,53.1,6.4,7.0,15.9,100.0,105.0,102.9,
https://www.basketball-reference.com/boxscores/201501160IND.html,"7:00 PM, January 16, 2015",Indiana Pacers,Detroit Pistons,96,98,IND,,,Team Totals,240,40,89,.449,6,18,.333,10,12,.833,12,32,44,22,8,4,12,20,96,,,Team Totals,240,.509,.483,.202,.135,26.1,68.1,47.3,55.0,8.6,7.4,11.3,100.0,102.9,105.0,
https://www.basketball-reference.com/boxscores/201501160LAC.html,"10:30 PM, January 16, 2015",Los Angeles Clippers,Cleveland Cavaliers,121,126,CLE,,,Team Totals,240,46,83,.554,10,23,.435,24,31,.774,12,32,44,23,9,3,20,30,126,,,Team Totals,240,.652,.614,.277,.373,31.6,65.3,50.6,50.0,8.8,4.8,17.1,100.0,123.8,118.9,
https://www.basketball-reference.com/boxscores/201501160LAC.html,"10:30 PM, January 16, 2015",Los Angeles Clippers,Cleveland Cavaliers,121,126,LAC,,,Team Totals,240,43,91,.473,10,29,.345,25,36,.694,17,26,43,26,9,1,13,21,121,,,Team Totals,240,.566,.527,.319,.396,34.7,68.4,49.4,60.5,8.8,1.7,10.8,100.0,118.9,123.8,
https://www.basketball-reference.com/boxscores/201501160OKC.html,"8:00 PM, January 16, 2015",Oklahoma City Thunder,Golden State Warriors,127,115,GSW,,,Team Totals,240,42,92,.457,9,24,.375,22,28,.786,13,30,43,24,10,2,14,14,115,,,Team Totals,240,.551,.505,.261,.304,25.5,65.2,44.3,57.1,9.8,2.7,11.8,100.0,112.2,123.9,
https://www.basketball-reference.com/boxscores/201501160OKC.html,"8:00 PM, January 16, 2015",Oklahoma City Thunder,Golden State Warriors,127,115,OKC,,,Team Totals,240,51,97,.526,10,22,.455,15,19,.789,16,38,54,27,8,2,14,21,127,,,Team Totals,240,.603,.577,.227,.196,34.8,74.5,55.7,52.9,7.8,2.9,11.7,100.0,123.9,112.2,
https://www.basketball-reference.com/boxscores/201501160ORL.html,"7:00 PM, January 16, 2015",Orlando Magic,Memphis Grizzlies,96,106,MEM,,,Team Totals,240,40,87,.460,3,14,.214,23,29,.793,9,38,47,27,8,5,11,19,106,,,Team Totals,240,.531,.477,.161,.333,20.9,88.4,54.7,67.5,8.2,9.1,9.9,100.0,108.3,98.1,
https://www.basketball-reference.com/boxscores/201501160ORL.html,"7:00 PM, January 16, 2015",Orlando Magic,Memphis Grizzlies,96,106,ORL,,,Team Totals,240,36,79,.456,9,24,.375,15,20,.750,5,34,39,22,5,4,15,22,96,,,Team Totals,240,.547,.513,.304,.253,11.6,79.1,45.3,61.1,5.1,5.5,14.6,100.0,98.1,108.3,
https://www.basketball-reference.com/boxscores/201501160PHI.html,"7:00 PM, January 16, 2015",Philadelphia 76ers,New Orleans Pelicans,96,81,NOP,,,Team Totals,240,29,75,.387,4,17,.235,19,29,.655,15,40,55,17,5,6,20,19,81,,,Team Totals,240,.461,.413,.227,.387,33.3,81.6,58.5,58.6,5.5,10.3,18.6,100.0,88.8,105.3,
https://www.basketball-reference.com/boxscores/201501160PHI.html,"7:00 PM, January 16, 2015",Philadelphia 76ers,New Orleans Pelicans,96,81,PHI,,,Team Totals,240,36,80,.450,7,22,.318,17,27,.630,9,30,39,22,12,10,10,20,96,,,Team Totals,240,.522,.494,.275,.338,18.4,66.7,41.5,61.1,13.2,17.2,9.8,100.0,105.3,88.8,
https://www.basketball-reference.com/boxscores/201501160PHO.html,"9:00 PM, January 16, 2015",Phoenix Suns,Minnesota Timberwolves,110,99,MIN,,,Team Totals,240,42,91,.462,8,22,.364,7,12,.583,13,23,36,26,6,3,12,14,99,,,Team Totals,240,.514,.505,.242,.132,29.5,60.5,43.9,61.9,6.5,4.2,11.1,100.0,108.1,120.1,
https://www.basketball-reference.com/boxscores/201501160PHO.html,"9:00 PM, January 16, 2015",Phoenix Suns,Minnesota Timberwolves,110,99,PHO,,,Team Totals,240,48,87,.552,5,15,.333,9,11,.818,15,31,46,18,5,5,16,16,110,,,Team Totals,240,.599,.580,.172,.126,39.5,70.5,56.1,37.5,5.5,7.2,14.8,100.0,120.1,108.1,
https://www.basketball-reference.com/boxscores/201501160SAC.html,"10:00 PM, January 16, 2015",Sacramento Kings,Miami Heat,83,95,MIA,,,Team Totals,240,35,74,.473,8,17,.471,17,21,.810,6,32,38,26,9,6,10,15,95,,,Team Totals,240,.571,.527,.230,.284,17.1,84.2,52.1,74.3,10.4,10.2,10.7,100.0,109.5,95.6,
https://www.basketball-reference.com/boxscores/201501160SAC.html,"10:00 PM, January 16, 2015",Sacramento Kings,Miami Heat,83,95,SAC,,,Team Totals,240,32,75,.427,7,16,.438,12,14,.857,6,29,35,20,3,1,15,20,83,,,Team Totals,240,.511,.473,.213,.187,15.8,82.9,47.9,62.5,3.5,1.8,15.6,100.0,95.6,109.5,
https://www.basketball-reference.com/boxscores/201501160SAS.html,"8:30 PM, January 16, 2015",San Antonio Spurs,Portland Trail Blazers,110,96,POR,,,Team Totals,240,37,74,.500,6,19,.316,16,20,.800,2,30,32,20,6,6,16,15,96,,,Team Totals,240,.580,.541,.257,.270,5.6,66.7,39.5,54.1,6.3,9.2,16.2,100.0,100.5,115.2,
https://www.basketball-reference.com/boxscores/201501160SAS.html,"8:30 PM, January 16, 2015",San Antonio Spurs,Portland Trail Blazers,110,96,SAS,,,Team Totals,240,42,94,.447,11,29,.379,15,17,.882,15,34,49,34,12,4,13,18,110,,,Team Totals,240,.542,.505,.309,.181,33.3,94.4,60.5,81.0,12.6,7.3,11.4,100.0,115.2,100.5,
https://www.basketball-reference.com/boxscores/201501160TOR.html,"7:30 PM, January 16, 2015",Toronto Raptors,Atlanta Hawks,89,110,ATL,,,Team Totals,240,42,69,.609,12,23,.522,14,16,.875,4,28,32,30,7,6,17,17,110,,,Team Totals,240,.723,.696,.333,.232,14.8,70.0,47.8,71.4,7.7,10.5,18.3,100.0,121.7,98.4,
https://www.basketball-reference.com/boxscores/201501160TOR.html,"7:30 PM, January 16, 2015",Toronto Raptors,Atlanta Hawks,89,110,TOR,,,Team Totals,240,35,82,.427,6,25,.240,13,17,.765,12,23,35,20,7,3,19,16,89,,,Team Totals,240,.497,.463,.305,.207,30.0,85.2,52.2,57.1,7.7,6.5,17.5,100.0,98.4,121.7,
https://www.basketball-reference.com/boxscores/201501160UTA.html,"9:00 PM, January 16, 2015",Utah Jazz,Los Angeles Lakers,94,85,LAL,,,Team Totals,240,31,65,.477,3,7,.429,20,27,.741,8,34,42,7,6,5,21,9,85,,,Team Totals,240,.553,.500,.108,.415,23.5,73.9,52.5,22.6,6.8,9.3,21.5,100.0,96.3,106.5,
https://www.basketball-reference.com/boxscores/201501160UTA.html,"9:00 PM, January 16, 2015",Utah Jazz,Los Angeles Lakers,94,85,UTA,,,Team Totals,240,36,85,.424,12,31,.387,10,10,1.000,12,26,38,24,11,7,13,21,94,,,Team Totals,240,.526,.494,.365,.118,26.1,76.5,47.5,66.7,12.5,12.1,12.7,100.0,106.5,96.3,
https://www.basketball-reference.com/boxscores/201501160WAS.html,"7:00 PM, January 16, 2015",Washington Wizards,Brooklyn Nets,80,102,BRK,,,Team Totals,240,37,81,.457,4,12,.333,24,31,.774,8,31,39,18,12,4,10,19,102,,,Team Totals,240,.539,.481,.148,.383,21.6,79.5,51.3,48.6,13.2,7.1,9.6,100.0,111.8,87.7,
https://www.basketball-reference.com/boxscores/201501160WAS.html,"7:00 PM, January 16, 2015",Washington Wizards,Brooklyn Nets,80,102,WAS,,,Team Totals,240,31,73,.425,4,17,.235,14,16,.875,8,29,37,23,6,5,19,26,80,,,Team Totals,240,.500,.452,.233,.219,20.5,78.4,48.7,74.2,6.6,7.2,19.2,100.0,87.7,111.8,
https://www.basketball-reference.com/boxscores/201501170BRK.html,"8:00 PM, January 17, 2015",Brooklyn Nets,Washington Wizards,90,99,WAS,,,Team Totals,240,40,77,.519,5,16,.313,14,27,.519,13,36,49,23,7,5,13,15,99,,,Team Totals,240,.557,.552,.208,.351,31.0,76.6,55.1,57.5,7.9,7.7,12.8,100.0,112.4,102.1,
https://www.basketball-reference.com/boxscores/201501170BRK.html,"8:00 PM, January 17, 2015",Brooklyn Nets,Washington Wizards,90,99,BRK,,,Team Totals,240,36,82,.439,4,17,.235,14,18,.778,11,29,40,17,6,0,10,20,90,,,Team Totals,240,.500,.463,.207,.220,23.4,69.0,44.9,47.2,6.8,0.0,10.0,100.0,102.1,112.4,
https://www.basketball-reference.com/boxscores/201501170CHI.html,"8:00 PM, January 17, 2015",Chicago Bulls,Atlanta Hawks,99,107,ATL,,,Team Totals,240,40,84,.476,11,26,.423,16,21,.762,9,31,40,31,10,7,10,19,107,,,Team Totals,240,.574,.542,.310,.250,20.0,81.6,48.2,77.5,10.8,13.0,9.7,100.0,115.4,106.7,
https://www.basketball-reference.com/boxscores/201501170CHI.html,"8:00 PM, January 17, 2015",Chicago Bulls,Atlanta Hawks,99,107,CHI,,,Team Totals,240,37,80,.463,9,26,.346,16,20,.800,7,36,43,25,5,5,13,21,99,,,Team Totals,240,.557,.519,.325,.250,18.4,80.0,51.8,67.6,5.4,8.6,12.8,100.0,106.7,115.4,
https://www.basketball-reference.com/boxscores/201501170CHO.html,"7:00 PM, January 17, 2015",Charlotte Hornets,Indiana Pacers,80,71,IND,,,Team Totals,265,30,84,.357,2,21,.095,9,13,.692,7,49,56,18,5,10,20,23,71,,,Team Totals,265,.396,.369,.250,.155,13.7,77.8,49.1,60.0,4.9,11.6,18.2,100.0,70.1,79.0,
https://www.basketball-reference.com/boxscores/201501170CHO.html,"7:00 PM, January 17, 2015",Charlotte Hornets,Indiana Pacers,80,71,CHO,,,Team Totals,265,31,101,.307,2,15,.133,16,25,.640,14,44,58,16,7,5,7,16,80,,,Team Totals,265,.357,.317,.149,.248,22.2,86.3,50.9,51.6,6.9,7.9,5.9,100.0,79.0,70.1,
https://www.basketball-reference.com/boxscores/201501170DEN.html,"9:00 PM, January 17, 2015",Denver Nuggets,Minnesota Timberwolves,105,113,MIN,,,Team Totals,240,43,80,.538,8,19,.421,19,21,.905,8,35,43,24,6,5,15,18,113,,,Team Totals,240,.633,.588,.238,.263,23.5,72.9,52.4,55.8,6.3,8.2,14.4,100.0,119.4,111.0,
https://www.basketball-reference.com/boxscores/201501170DEN.html,"9:00 PM, January 17, 2015",Denver Nuggets,Minnesota Timberwolves,105,113,DEN,,,Team Totals,240,38,92,.413,10,31,.323,19,22,.864,13,26,39,21,10,4,10,20,105,,,Team Totals,240,.516,.467,.337,.239,27.1,76.5,47.6,55.3,10.6,6.6,9.0,100.0,111.0,119.4,
https://www.basketball-reference.com/boxscores/201501170DET.html,"7:30 PM, January 17, 2015",Detroit Pistons,Philadelphia 76ers,107,89,PHI,,,Team Totals,240,38,82,.463,7,28,.250,6,7,.857,10,32,42,24,10,5,22,16,89,,,Team Totals,240,.523,.506,.341,.085,25.6,64.0,47.2,63.2,10.7,9.4,20.5,100.0,95.2,114.4,
https://www.basketball-reference.com/boxscores/201501170DET.html,"7:30 PM, January 17, 2015",Detroit Pistons,Philadelphia 76ers,107,89,DET,,,Team Totals,240,38,88,.432,15,35,.429,16,19,.842,18,29,47,27,16,5,16,16,107,,,Team Totals,240,.555,.517,.398,.216,36.0,74.4,52.8,71.1,17.1,9.3,14.2,100.0,114.4,95.2,
https://www.basketball-reference.com/boxscores/201501170HOU.html,"8:00 PM, January 17, 2015",Houston Rockets,Golden State Warriors,106,131,GSW,,,Team Totals,240,50,91,.549,9,22,.409,22,33,.667,12,37,49,32,11,11,14,21,131,,,Team Totals,240,.621,.599,.242,.363,29.3,78.7,55.7,64.0,10.3,16.9,11.7,100.0,122.8,99.4,
https://www.basketball-reference.com/boxscores/201501170HOU.html,"8:00 PM, January 17, 2015",Houston Rockets,Golden State Warriors,106,131,HOU,,,Team Totals,240,37,88,.420,7,23,.304,25,34,.735,10,29,39,22,10,2,18,24,106,,,Team Totals,240,.515,.460,.261,.386,21.3,70.7,44.3,59.5,9.4,2.9,14.9,100.0,99.4,122.8,
https://www.basketball-reference.com/boxscores/201501170MEM.html,"9:00 PM, January 17, 2015",Memphis Grizzlies,Portland Trail Blazers,102,98,POR,,,Team Totals,240,36,93,.387,13,36,.361,13,15,.867,15,25,40,20,7,5,7,22,98,,,Team Totals,240,.492,.457,.387,.161,27.8,69.4,44.4,55.6,7.9,8.1,6.6,100.0,110.6,115.1,
https://www.basketball-reference.com/boxscores/201501170MEM.html,"9:00 PM, January 17, 2015",Memphis Grizzlies,Portland Trail Blazers,102,98,MEM,,,Team Totals,240,39,77,.506,8,15,.533,16,24,.667,11,39,50,21,4,4,14,18,102,,,Team Totals,240,.582,.558,.195,.312,30.6,72.2,55.6,53.8,4.5,7.0,13.8,100.0,115.1,110.6,
https://www.basketball-reference.com/boxscores/201501170SAC.html,"10:00 PM, January 17, 2015",Sacramento Kings,Los Angeles Clippers,108,117,LAC,,,Team Totals,240,44,92,.478,9,28,.321,20,31,.645,11,23,34,24,7,6,5,22,117,,,Team Totals,240,.554,.527,.304,.337,25.6,51.1,38.6,54.5,7.4,8.5,4.5,100.0,124.1,114.6,
https://www.basketball-reference.com/boxscores/201501170SAC.html,"10:00 PM, January 17, 2015",Sacramento Kings,Los Angeles Clippers,108,117,SAC,,,Team Totals,240,41,89,.461,5,18,.278,21,26,.808,22,32,54,18,3,2,18,25,108,,,Team Totals,240,.538,.489,.202,.292,48.9,74.4,61.4,43.9,3.2,3.1,15.2,100.0,114.6,124.1,
https://www.basketball-reference.com/boxscores/201501180ORL.html,"6:00 PM, January 18, 2015",Orlando Magic,Oklahoma City Thunder,99,127,OKC,,,Team Totals,240,48,83,.578,9,25,.360,22,32,.688,10,44,54,28,12,5,20,24,127,,,Team Totals,240,.654,.633,.301,.386,30.3,81.5,62.1,58.3,11.4,7.7,17.1,100.0,120.5,94.0,
https://www.basketball-reference.com/boxscores/201501180ORL.html,"6:00 PM, January 18, 2015",Orlando Magic,Oklahoma City Thunder,99,127,ORL,,,Team Totals,240,35,88,.398,8,23,.348,21,27,.778,10,23,33,18,9,2,18,29,99,,,Team Totals,240,.496,.443,.261,.307,18.5,69.7,37.9,51.4,8.5,3.4,15.3,100.0,94.0,120.5,
https://www.basketball-reference.com/boxscores/201501180SAS.html,"7:00 PM, January 18, 2015",San Antonio Spurs,Utah Jazz,89,69,UTA,,,Team Totals,240,28,84,.333,3,10,.300,10,16,.625,12,36,48,23,7,13,15,17,69,,,Team Totals,240,.379,.351,.119,.190,24.0,76.6,49.5,82.1,7.9,20.6,14.1,100.0,77.6,100.0,
https://www.basketball-reference.com/boxscores/201501180SAS.html,"7:00 PM, January 18, 2015",San Antonio Spurs,Utah Jazz,89,69,SAS,,,Team Totals,240,31,80,.388,8,17,.471,19,23,.826,11,38,49,23,8,6,10,14,89,,,Team Totals,240,.494,.438,.213,.288,23.4,76.0,50.5,74.2,9.0,8.1,10.0,100.0,100.0,77.6,
https://www.basketball-reference.com/boxscores/201501180TOR.html,"3:30 PM, January 18, 2015",Toronto Raptors,New Orleans Pelicans,93,95,NOP,,,Team Totals,240,39,82,.476,5,17,.294,12,20,.600,11,30,41,19,8,2,18,20,95,,,Team Totals,240,.523,.506,.207,.244,26.8,81.1,52.6,48.7,8.6,4.3,16.5,100.0,102.2,100.0,
https://www.basketball-reference.com/boxscores/201501180TOR.html,"3:30 PM, January 18, 2015",Toronto Raptors,New Orleans Pelicans,93,95,TOR,,,Team Totals,240,31,72,.431,7,25,.280,24,29,.828,7,30,37,18,9,5,15,18,93,,,Team Totals,240,.549,.479,.347,.403,18.9,73.2,47.4,58.1,9.7,7.7,15.0,100.0,100.0,102.2,
https://www.basketball-reference.com/boxscores/201501190ATL.html,"2:30 PM, January 19, 2015",Atlanta Hawks,Detroit Pistons,93,82,DET,,,Team Totals,240,29,82,.354,9,35,.257,15,26,.577,20,41,61,17,6,2,19,17,82,,,Team Totals,240,.439,.409,.427,.317,35.1,89.1,59.2,58.6,6.4,3.7,16.9,100.0,87.9,99.7,
https://www.basketball-reference.com/boxscores/201501190ATL.html,"2:30 PM, January 19, 2015",Atlanta Hawks,Detroit Pistons,93,82,ATL,,,Team Totals,240,37,84,.440,9,30,.300,10,14,.714,5,37,42,31,8,1,11,19,93,,,Team Totals,240,.516,.494,.357,.167,10.9,64.9,40.8,83.8,8.6,2.1,10.9,100.0,99.7,87.9,
https://www.basketball-reference.com/boxscores/201501190CHO.html,"2:00 PM, January 19, 2015",Charlotte Hornets,Minnesota Timberwolves,105,80,MIN,,,Team Totals,240,29,80,.363,6,19,.316,16,20,.800,10,32,42,16,7,6,17,20,80,,,Team Totals,240,.450,.400,.238,.250,21.3,76.2,47.2,55.2,7.4,9.0,16.1,100.0,84.9,111.4,
https://www.basketball-reference.com/boxscores/201501190CHO.html,"2:00 PM, January 19, 2015",Charlotte Hornets,Minnesota Timberwolves,105,80,CHO,,,Team Totals,240,40,89,.449,12,22,.545,13,19,.684,10,37,47,27,8,3,11,20,105,,,Team Totals,240,.539,.517,.247,.213,23.8,78.7,52.8,67.5,8.5,4.9,10.2,100.0,111.4,84.9,
https://www.basketball-reference.com/boxscores/201501190CLE.html,"7:30 PM, January 19, 2015",Cleveland Cavaliers,Chicago Bulls,108,94,CHI,,,Team Totals,240,30,80,.375,8,16,.500,26,32,.813,11,29,40,12,5,9,8,16,94,,,Team Totals,240,.500,.425,.200,.400,24.4,59.2,42.6,40.0,5.6,12.5,7.8,100.0,105.4,121.1,
https://www.basketball-reference.com/boxscores/201501190CLE.html,"7:30 PM, January 19, 2015",Cleveland Cavaliers,Chicago Bulls,108,94,CLE,,,Team Totals,240,41,90,.456,8,18,.444,18,25,.720,20,34,54,20,5,4,12,19,108,,,Team Totals,240,.535,.500,.200,.278,40.8,75.6,57.4,48.8,5.6,6.3,10.6,100.0,121.1,105.4,
https://www.basketball-reference.com/boxscores/201501190GSW.html,"4:00 PM, January 19, 2015",Golden State Warriors,Denver Nuggets,122,79,DEN,,,Team Totals,240,30,87,.345,7,24,.292,12,19,.632,8,31,39,17,9,3,16,19,79,,,Team Totals,240,.414,.385,.276,.218,14.8,81.6,42.4,56.7,9.0,5.6,14.4,100.0,79.4,122.6,
https://www.basketball-reference.com/boxscores/201501190GSW.html,"4:00 PM, January 19, 2015",Golden State Warriors,Denver Nuggets,122,79,GSW,,,Team Totals,240,44,81,.543,13,27,.481,21,27,.778,7,46,53,30,10,6,13,14,122,,,Team Totals,240,.657,.623,.333,.333,18.4,85.2,57.6,68.2,10.0,9.5,12.3,100.0,122.6,79.4,
https://www.basketball-reference.com/boxscores/201501190HOU.html,"5:30 PM, January 19, 2015",Houston Rockets,Indiana Pacers,110,98,IND,,,Team Totals,240,39,85,.459,6,27,.222,14,18,.778,11,32,43,21,12,0,19,21,98,,,Team Totals,240,.527,.494,.318,.212,25.6,82.1,52.4,53.8,12.2,0.0,17.0,100.0,99.4,111.6,
https://www.basketball-reference.com/boxscores/201501190HOU.html,"5:30 PM, January 19, 2015",Houston Rockets,Indiana Pacers,110,98,HOU,,,Team Totals,240,37,72,.514,12,31,.387,24,33,.727,7,32,39,26,13,2,20,19,110,,,Team Totals,240,.636,.597,.431,.458,17.9,74.4,47.6,70.3,13.2,3.4,18.8,100.0,111.6,99.4,
https://www.basketball-reference.com/boxscores/201501190LAC.html,"3:30 PM, January 19, 2015",Los Angeles Clippers,Boston Celtics,102,93,BOS,,,Team Totals,240,33,84,.393,12,29,.414,15,21,.714,12,31,43,24,6,2,14,14,93,,,Team Totals,240,.499,.464,.345,.250,26.1,75.6,49.4,72.7,6.6,3.3,13.1,100.0,102.5,112.4,
https://www.basketball-reference.com/boxscores/201501190LAC.html,"3:30 PM, January 19, 2015",Los Angeles Clippers,Boston Celtics,102,93,LAC,,,Team Totals,240,39,82,.476,9,21,.429,15,19,.789,10,34,44,27,6,10,11,14,102,,,Team Totals,240,.564,.530,.256,.232,24.4,73.9,50.6,69.2,6.6,18.2,10.9,100.0,112.4,102.5,
https://www.basketball-reference.com/boxscores/201501190MEM.html,"5:00 PM, January 19, 2015",Memphis Grizzlies,Dallas Mavericks,95,103,DAL,,,Team Totals,240,34,76,.447,10,25,.400,25,33,.758,12,30,42,17,6,3,13,22,103,,,Team Totals,240,.569,.513,.329,.434,26.7,76.9,50.0,50.0,6.5,4.8,12.6,100.0,111.4,102.7,
https://www.basketball-reference.com/boxscores/201501190MEM.html,"5:00 PM, January 19, 2015",Memphis Grizzlies,Dallas Mavericks,95,103,MEM,,,Team Totals,240,36,85,.424,3,22,.136,20,22,.909,9,33,42,17,8,4,13,23,95,,,Team Totals,240,.502,.441,.259,.259,23.1,73.3,50.0,47.2,8.7,7.8,12.1,100.0,102.7,111.4,
https://www.basketball-reference.com/boxscores/201501190MIL.html,"8:00 PM, January 19, 2015",Milwaukee Bucks,Toronto Raptors,89,92,TOR,,,Team Totals,240,36,90,.400,6,24,.250,14,24,.583,20,34,54,17,9,5,16,20,92,,,Team Totals,240,.457,.433,.267,.267,38.5,75.6,55.7,47.2,9.7,8.6,13.7,100.0,99.2,96.0,
https://www.basketball-reference.com/boxscores/201501190MIL.html,"8:00 PM, January 19, 2015",Milwaukee Bucks,Toronto Raptors,89,92,MIL,,,Team Totals,240,34,76,.447,5,18,.278,16,25,.640,11,32,43,22,12,5,17,22,89,,,Team Totals,240,.511,.480,.237,.329,24.4,61.5,44.3,64.7,12.9,7.6,16.3,100.0,96.0,99.2,
https://www.basketball-reference.com/boxscores/201501190NYK.html,"5:30 PM, January 19, 2015",New York Knicks,New Orleans Pelicans,99,92,NOP,,,Team Totals,240,35,84,.417,8,27,.296,14,20,.700,20,30,50,13,1,1,11,17,92,,,Team Totals,240,.496,.464,.321,.238,44.4,76.9,59.5,37.1,1.3,1.8,10.6,100.0,116.0,124.8,
https://www.basketball-reference.com/boxscores/201501190NYK.html,"5:30 PM, January 19, 2015",New York Knicks,New Orleans Pelicans,99,92,NYK,,,Team Totals,240,38,78,.487,10,23,.435,13,17,.765,9,25,34,22,2,8,4,14,99,,,Team Totals,240,.579,.551,.295,.218,23.1,55.6,40.5,57.9,2.5,14.0,4.5,100.0,124.8,116.0,
https://www.basketball-reference.com/boxscores/201501190PHO.html,"10:00 PM, January 19, 2015",Phoenix Suns,Los Angeles Lakers,115,100,LAL,,,Team Totals,240,34,75,.453,8,17,.471,24,35,.686,13,33,46,24,9,3,23,20,100,,,Team Totals,240,.553,.507,.227,.467,29.5,76.7,52.9,70.6,9.1,5.6,20.3,100.0,100.9,116.1,
https://www.basketball-reference.com/boxscores/201501190PHO.html,"10:00 PM, January 19, 2015",Phoenix Suns,Los Angeles Lakers,115,100,PHO,,,Team Totals,240,43,86,.500,13,32,.406,16,22,.727,10,31,41,23,16,7,15,22,115,,,Team Totals,240,.601,.576,.372,.256,23.3,70.5,47.1,53.5,16.2,12.1,13.6,100.0,116.1,100.9,
https://www.basketball-reference.com/boxscores/201501190POR.html,"10:00 PM, January 19, 2015",Portland Trail Blazers,Sacramento Kings,98,94,SAC,,,Team Totals,240,34,76,.447,4,12,.333,22,30,.733,11,42,53,13,8,5,23,22,94,,,Team Totals,240,.527,.474,.158,.395,29.7,82.4,60.2,38.2,8.0,9.6,20.5,100.0,94.5,98.5,
https://www.basketball-reference.com/boxscores/201501190POR.html,"10:00 PM, January 19, 2015",Portland Trail Blazers,Sacramento Kings,98,94,POR,,,Team Totals,240,35,88,.398,11,36,.306,17,26,.654,9,26,35,21,16,3,13,21,98,,,Team Totals,240,.493,.460,.409,.295,17.6,70.3,39.8,60.0,16.1,4.7,11.6,100.0,98.5,94.5,
https://www.basketball-reference.com/boxscores/201501190WAS.html,"2:00 PM, January 19, 2015",Washington Wizards,Philadelphia 76ers,111,76,PHI,,,Team Totals,240,28,85,.329,6,24,.250,14,23,.609,10,20,30,19,11,4,16,17,76,,,Team Totals,240,.399,.365,.282,.271,20.0,60.6,36.1,67.9,11.3,5.9,14.4,100.0,78.3,114.4,
https://www.basketball-reference.com/boxscores/201501190WAS.html,"2:00 PM, January 19, 2015",Washington Wizards,Philadelphia 76ers,111,76,WAS,,,Team Totals,240,45,81,.556,7,13,.538,14,18,.778,13,40,53,26,8,5,23,22,111,,,Team Totals,240,.624,.599,.160,.222,39.4,80.0,63.9,57.8,8.2,8.2,20.6,100.0,114.4,78.3,
https://www.basketball-reference.com/boxscores/201501200DEN.html,"9:00 PM, January 20, 2015",Denver Nuggets,San Antonio Spurs,99,109,SAS,,,Team Totals,240,38,84,.452,11,27,.407,22,27,.815,14,30,44,27,10,6,16,27,109,,,Team Totals,240,.568,.518,.321,.321,31.8,71.4,51.2,71.1,10.6,9.2,14.3,100.0,115.4,104.8,
https://www.basketball-reference.com/boxscores/201501200DEN.html,"9:00 PM, January 20, 2015",Denver Nuggets,San Antonio Spurs,99,109,DEN,,,Team Totals,240,37,79,.468,5,14,.357,20,29,.690,12,30,42,26,7,0,16,23,99,,,Team Totals,240,.539,.500,.177,.367,28.6,68.2,48.8,70.3,7.4,0.0,14.8,100.0,104.8,115.4,
https://www.basketball-reference.com/boxscores/201501200MIA.html,"7:30 PM, January 20, 2015",Miami Heat,Oklahoma City Thunder,86,94,OKC,,,Team Totals,240,41,92,.446,6,26,.231,6,10,.600,12,30,42,15,11,3,11,23,94,,,Team Totals,240,.488,.478,.283,.109,27.3,88.2,53.8,36.6,11.9,6.5,10.2,100.0,102.1,93.4,
https://www.basketball-reference.com/boxscores/201501200MIA.html,"7:30 PM, January 20, 2015",Miami Heat,Oklahoma City Thunder,86,94,MIA,,,Team Totals,240,32,68,.471,8,22,.364,14,19,.737,4,32,36,20,4,2,21,16,86,,,Team Totals,240,.563,.529,.324,.279,11.8,72.7,46.2,62.5,4.3,3.0,21.6,100.0,93.4,102.1,
https://www.basketball-reference.com/boxscores/201501210ATL.html,"7:30 PM, January 21, 2015",Atlanta Hawks,Indiana Pacers,110,91,IND,,,Team Totals,240,31,78,.397,5,25,.200,24,26,.923,10,32,42,22,7,2,18,21,91,,,Team Totals,240,.509,.429,.321,.333,22.7,78.0,49.4,71.0,7.4,4.1,16.8,100.0,95.7,115.7,
https://www.basketball-reference.com/boxscores/201501210ATL.html,"7:30 PM, January 21, 2015",Atlanta Hawks,Indiana Pacers,110,91,ATL,,,Team Totals,240,39,78,.500,13,29,.448,19,26,.731,9,34,43,30,12,3,16,23,110,,,Team Totals,240,.615,.583,.372,.333,22.0,77.3,50.6,76.9,12.6,5.7,15.2,100.0,115.7,95.7,
https://www.basketball-reference.com/boxscores/201501210CHO.html,"7:00 PM, January 21, 2015",Charlotte Hornets,Miami Heat,78,76,MIA,,,Team Totals,240,29,84,.345,5,18,.278,13,15,.867,10,31,41,14,7,8,7,22,76,,,Team Totals,240,.419,.375,.214,.179,21.7,60.8,42.3,48.3,8.3,13.1,7.2,100.0,90.5,92.9,
https://www.basketball-reference.com/boxscores/201501210CHO.html,"7:00 PM, January 21, 2015",Charlotte Hornets,Miami Heat,78,76,CHO,,,Team Totals,240,27,80,.338,4,19,.211,20,30,.667,20,36,56,19,3,8,14,16,78,,,Team Totals,240,.418,.363,.238,.375,39.2,78.3,57.7,70.4,3.6,12.1,13.1,100.0,92.9,90.5,
https://www.basketball-reference.com/boxscores/201501210CLE.html,"7:00 PM, January 21, 2015",Cleveland Cavaliers,Utah Jazz,106,92,UTA,,,Team Totals,240,35,84,.417,8,22,.364,14,18,.778,16,26,42,24,9,1,20,22,92,,,Team Totals,240,.500,.464,.262,.214,34.8,63.4,48.3,68.6,9.9,1.8,17.9,100.0,100.7,116.0,
https://www.basketball-reference.com/boxscores/201501210CLE.html,"7:00 PM, January 21, 2015",Cleveland Cavaliers,Utah Jazz,106,92,CLE,,,Team Totals,240,42,81,.519,5,24,.208,17,25,.680,15,30,45,24,15,4,14,12,106,,,Team Totals,240,.576,.549,.296,.309,36.6,65.2,51.7,57.1,16.4,6.5,13.2,100.0,116.0,100.7,
https://www.basketball-reference.com/boxscores/201501210DET.html,"7:30 PM, January 21, 2015",Detroit Pistons,Orlando Magic,128,118,ORL,,,Team Totals,240,48,97,.495,6,15,.400,16,16,1.000,13,29,42,29,9,5,14,21,118,,,Team Totals,240,.567,.526,.155,.165,27.7,72.5,48.3,60.4,8.6,7.1,11.9,100.0,113.3,122.9,
https://www.basketball-reference.com/boxscores/201501210DET.html,"7:30 PM, January 21, 2015",Detroit Pistons,Orlando Magic,128,118,DET,,,Team Totals,240,49,94,.521,10,24,.417,20,24,.833,11,34,45,35,10,5,15,17,128,,,Team Totals,240,.612,.574,.255,.255,27.5,72.3,51.7,71.4,9.6,6.1,12.5,100.0,122.9,113.3,
https://www.basketball-reference.com/boxscores/201501210GSW.html,"10:30 PM, January 21, 2015",Golden State Warriors,Houston Rockets,126,113,HOU,,,Team Totals,240,37,87,.425,13,32,.406,26,31,.839,17,29,46,23,9,3,20,22,113,,,Team Totals,240,.561,.500,.368,.356,36.2,64.4,50.0,62.2,8.8,4.3,16.6,100.0,110.5,123.2,
https://www.basketball-reference.com/boxscores/201501210GSW.html,"10:30 PM, January 21, 2015",Golden State Warriors,Houston Rockets,126,113,GSW,,,Team Totals,240,49,98,.500,13,29,.448,15,18,.833,16,30,46,26,13,9,18,23,126,,,Team Totals,240,.595,.566,.296,.184,35.6,63.8,50.0,53.1,12.7,16.4,14.5,100.0,123.2,110.5,
https://www.basketball-reference.com/boxscores/201501210MEM.html,"8:00 PM, January 21, 2015",Memphis Grizzlies,Toronto Raptors,92,86,TOR,,,Team Totals,240,27,85,.318,5,28,.179,27,32,.844,21,29,50,14,6,6,14,25,86,,,Team Totals,240,.434,.347,.329,.376,36.8,76.3,52.6,51.9,6.8,9.0,12.4,100.0,97.0,103.7,
https://www.basketball-reference.com/boxscores/201501210MEM.html,"8:00 PM, January 21, 2015",Memphis Grizzlies,Toronto Raptors,92,86,MEM,,,Team Totals,240,34,74,.459,1,7,.143,23,29,.793,9,36,45,15,6,8,13,24,92,,,Team Totals,240,.530,.466,.095,.392,23.7,63.2,47.4,44.1,6.8,14.0,13.0,100.0,103.7,97.0,
https://www.basketball-reference.com/boxscores/201501210MIN.html,"8:00 PM, January 21, 2015",Minnesota Timberwolves,Dallas Mavericks,75,98,DAL,,,Team Totals,240,39,76,.513,11,27,.407,9,14,.643,6,36,42,26,6,3,11,13,98,,,Team Totals,240,.596,.586,.355,.184,18.2,69.2,49.4,66.7,6.9,4.1,11.8,100.0,113.1,86.6,
https://www.basketball-reference.com/boxscores/201501210MIN.html,"8:00 PM, January 21, 2015",Minnesota Timberwolves,Dallas Mavericks,75,98,MIN,,,Team Totals,240,31,89,.348,2,15,.133,11,15,.733,16,27,43,22,6,1,12,11,75,,,Team Totals,240,.392,.360,.169,.169,30.8,81.8,50.6,71.0,6.9,2.0,11.2,100.0,86.6,113.1,
https://www.basketball-reference.com/boxscores/201501210NOP.html,"8:00 PM, January 21, 2015",New Orleans Pelicans,Los Angeles Lakers,96,80,LAL,,,Team Totals,240,28,77,.364,6,20,.300,18,21,.857,10,31,41,16,12,4,18,21,80,,,Team Totals,240,.464,.403,.260,.273,22.2,75.6,47.7,57.1,12.9,6.0,17.3,100.0,85.8,103.0,
https://www.basketball-reference.com/boxscores/201501210NOP.html,"8:00 PM, January 21, 2015",New Orleans Pelicans,Los Angeles Lakers,96,80,NOP,,,Team Totals,240,38,83,.458,3,16,.188,17,21,.810,10,35,45,21,8,5,15,12,96,,,Team Totals,240,.520,.476,.193,.253,24.4,77.8,52.3,55.3,8.6,8.8,14.0,100.0,103.0,85.8,
https://www.basketball-reference.com/boxscores/201501210PHI.html,"7:00 PM, January 21, 2015",Philadelphia 76ers,New York Knicks,91,98,NYK,,,Team Totals,240,37,91,.407,7,20,.350,17,20,.850,18,34,52,26,6,6,12,22,98,,,Team Totals,240,.491,.445,.220,.220,39.1,69.4,54.7,70.3,6.7,10.7,10.7,100.0,110.2,102.4,
https://www.basketball-reference.com/boxscores/201501210PHI.html,"7:00 PM, January 21, 2015",Philadelphia 76ers,New York Knicks,91,98,PHI,,,Team Totals,240,29,79,.367,8,23,.348,25,32,.781,15,28,43,20,7,13,14,19,91,,,Team Totals,240,.489,.418,.291,.405,30.6,60.9,45.3,69.0,7.9,18.3,13.1,100.0,102.4,110.2,
https://www.basketball-reference.com/boxscores/201501210PHO.html,"9:00 PM, January 21, 2015",Phoenix Suns,Portland Trail Blazers,118,113,POR,,,Team Totals,240,39,87,.448,13,32,.406,22,28,.786,10,34,44,21,8,4,15,18,113,,,Team Totals,240,.569,.523,.368,.322,20.4,75.6,46.8,53.8,7.8,6.2,13.1,100.0,109.9,114.8,
https://www.basketball-reference.com/boxscores/201501210PHO.html,"9:00 PM, January 21, 2015",Phoenix Suns,Portland Trail Blazers,118,113,PHO,,,Team Totals,240,47,92,.511,9,27,.333,15,24,.625,11,39,50,24,11,1,13,21,118,,,Team Totals,240,.575,.560,.293,.261,24.4,79.6,53.2,51.1,10.7,1.8,11.2,100.0,114.8,109.9,
https://www.basketball-reference.com/boxscores/201501210SAC.html,"10:00 PM, January 21, 2015",Sacramento Kings,Brooklyn Nets,100,103,BRK,,,Team Totals,240,37,79,.468,5,20,.250,24,30,.800,10,33,43,22,7,6,15,24,103,,,Team Totals,240,.559,.500,.253,.380,23.8,76.7,50.6,59.5,7.3,9.1,14.0,100.0,107.5,104.3,
https://www.basketball-reference.com/boxscores/201501210SAC.html,"10:00 PM, January 21, 2015",Sacramento Kings,Brooklyn Nets,100,103,SAC,,,Team Totals,240,39,84,.464,5,18,.278,17,24,.708,10,32,42,22,5,2,14,19,100,,,Team Totals,240,.529,.494,.214,.286,23.3,76.2,49.4,56.4,5.2,3.4,12.9,100.0,104.3,107.5,
https://www.basketball-reference.com/boxscores/201501210WAS.html,"8:00 PM, January 21, 2015",Washington Wizards,Oklahoma City Thunder,103,105,OKC,,,Team Totals,265,40,102,.392,6,29,.207,19,23,.826,11,46,57,21,5,5,10,21,105,,,Team Totals,265,.468,.422,.284,.225,19.6,78.0,49.6,52.5,4.6,7.1,8.2,100.0,97.2,95.4,
https://www.basketball-reference.com/boxscores/201501210WAS.html,"8:00 PM, January 21, 2015",Washington Wizards,Oklahoma City Thunder,103,105,WAS,,,Team Totals,265,38,100,.380,7,30,.233,20,26,.769,13,45,58,23,8,3,12,20,103,,,Team Totals,265,.462,.415,.300,.260,22.0,80.4,50.4,60.5,7.4,4.1,9.7,100.0,95.4,97.2,
https://www.basketball-reference.com/boxscores/201501220CHI.html,"8:00 PM, January 22, 2015",Chicago Bulls,San Antonio Spurs,104,81,SAS,,,Team Totals,240,30,81,.370,6,21,.286,15,18,.833,9,30,39,17,4,5,13,24,81,,,Team Totals,240,.455,.407,.259,.222,19.1,78.9,45.9,56.7,4.4,8.8,12.8,100.0,89.7,115.2,
https://www.basketball-reference.com/boxscores/201501220CHI.html,"8:00 PM, January 22, 2015",Chicago Bulls,San Antonio Spurs,104,81,CHI,,,Team Totals,240,36,76,.474,6,19,.316,26,32,.813,8,38,46,19,7,8,10,16,104,,,Team Totals,240,.577,.513,.250,.421,21.1,80.9,54.1,52.8,7.8,13.3,10.0,100.0,115.2,89.7,
https://www.basketball-reference.com/boxscores/201501220LAC.html,"10:30 PM, January 22, 2015",Los Angeles Clippers,Brooklyn Nets,123,84,BRK,,,Team Totals,240,33,88,.375,4,21,.190,14,25,.560,15,25,40,17,11,3,13,14,84,,,Team Totals,240,.424,.398,.239,.284,27.8,73.5,45.5,51.5,11.6,5.2,11.6,100.0,88.2,129.2,
https://www.basketball-reference.com/boxscores/201501220LAC.html,"10:30 PM, January 22, 2015",Los Angeles Clippers,Brooklyn Nets,123,84,LAC,,,Team Totals,240,49,83,.590,11,25,.440,14,21,.667,9,39,48,41,8,9,14,17,123,,,Team Totals,240,.667,.657,.301,.253,26.5,72.2,54.5,83.7,8.4,13.4,13.2,100.0,129.2,88.2,
https://www.basketball-reference.com/boxscores/201501220MIL.html,"8:00 PM, January 22, 2015",Milwaukee Bucks,Utah Jazz,99,101,UTA,,,Team Totals,240,32,71,.451,14,31,.452,23,28,.821,12,31,43,25,9,3,22,15,101,,,Team Totals,240,.606,.549,.437,.394,32.4,67.4,51.8,78.1,9.9,3.8,20.9,100.0,111.0,108.8,
https://www.basketball-reference.com/boxscores/201501220MIL.html,"8:00 PM, January 22, 2015",Milwaukee Bucks,Utah Jazz,99,101,MIL,,,Team Totals,240,42,92,.457,5,13,.385,10,12,.833,15,25,40,26,11,5,12,25,99,,,Team Totals,240,.509,.484,.141,.130,32.6,67.6,48.2,61.9,12.1,12.5,11.0,100.0,108.8,111.0,
https://www.basketball-reference.com/boxscores/201501220POR.html,"10:00 PM, January 22, 2015",Portland Trail Blazers,Boston Celtics,89,90,BOS,,,Team Totals,240,39,87,.448,7,19,.368,5,7,.714,10,37,47,23,8,5,16,19,90,,,Team Totals,240,.500,.489,.218,.080,23.8,74.0,51.1,59.0,8.6,8.2,15.1,100.0,97.0,95.9,
https://www.basketball-reference.com/boxscores/201501220POR.html,"10:00 PM, January 22, 2015",Portland Trail Blazers,Boston Celtics,89,90,POR,,,Team Totals,240,33,89,.371,9,28,.321,14,19,.737,13,32,45,16,8,6,11,13,89,,,Team Totals,240,.457,.421,.315,.213,26.0,76.2,48.9,48.5,8.6,8.8,10.2,100.0,95.9,97.0,
https://www.basketball-reference.com/boxscores/201501230ATL.html,"7:30 PM, January 23, 2015",Atlanta Hawks,Oklahoma City Thunder,103,93,OKC,,,Team Totals,240,36,87,.414,10,26,.385,11,18,.611,9,27,36,23,11,7,13,16,93,,,Team Totals,240,.490,.471,.299,.207,19.6,73.0,43.4,63.9,11.5,12.1,12.0,100.0,97.2,107.7,
https://www.basketball-reference.com/boxscores/201501230ATL.html,"7:30 PM, January 23, 2015",Atlanta Hawks,Oklahoma City Thunder,103,93,ATL,,,Team Totals,240,40,83,.482,10,25,.400,13,13,1.000,10,37,47,27,6,5,19,13,103,,,Team Totals,240,.580,.542,.301,.157,27.0,80.4,56.6,67.5,6.3,8.2,17.6,100.0,107.7,97.2,
https://www.basketball-reference.com/boxscores/201501230CLE.html,"7:30 PM, January 23, 2015",Cleveland Cavaliers,Charlotte Hornets,129,90,CHO,,,Team Totals,240,36,89,.404,2,16,.125,16,24,.667,12,30,42,27,6,5,12,22,90,,,Team Totals,240,.452,.416,.180,.270,21.1,73.2,42.9,75.0,6.1,8.2,10.8,100.0,91.1,130.6,
https://www.basketball-reference.com/boxscores/201501230CLE.html,"7:30 PM, January 23, 2015",Cleveland Cavaliers,Charlotte Hornets,129,90,CLE,,,Team Totals,240,46,89,.517,15,28,.536,22,28,.786,11,45,56,29,7,5,11,19,129,,,Team Totals,240,.637,.601,.315,.315,26.8,78.9,57.1,63.0,7.1,6.8,9.8,100.0,130.6,91.1,
https://www.basketball-reference.com/boxscores/201501230DAL.html,"8:00 PM, January 23, 2015",Dallas Mavericks,Chicago Bulls,98,102,CHI,,,Team Totals,240,38,78,.487,9,16,.563,17,20,.850,15,32,47,22,8,5,24,18,102,,,Team Totals,240,.588,.545,.205,.256,41.7,78.0,61.0,57.9,8.8,7.8,21.7,100.0,111.6,107.2,
https://www.basketball-reference.com/boxscores/201501230DAL.html,"8:00 PM, January 23, 2015",Dallas Mavericks,Chicago Bulls,98,102,DAL,,,Team Totals,240,37,82,.451,6,18,.333,18,18,1.000,9,21,30,16,12,8,12,16,98,,,Team Totals,240,.545,.488,.220,.220,22.0,58.3,39.0,43.2,13.1,12.9,11.8,100.0,107.2,111.6,
https://www.basketball-reference.com/boxscores/201501230DEN.html,"9:00 PM, January 23, 2015",Denver Nuggets,Boston Celtics,99,100,BOS,,,Team Totals,240,37,75,.493,9,21,.429,17,27,.630,8,33,41,20,8,6,15,24,100,,,Team Totals,240,.576,.553,.280,.360,20.5,66.0,46.1,54.1,8.6,8.8,14.7,100.0,107.6,106.5,
https://www.basketball-reference.com/boxscores/201501230DEN.html,"9:00 PM, January 23, 2015",Denver Nuggets,Boston Celtics,99,100,DEN,,,Team Totals,240,37,89,.416,6,21,.286,19,26,.731,17,31,48,20,8,2,13,19,99,,,Team Totals,240,.493,.449,.236,.292,34.0,79.5,53.9,54.1,8.6,3.7,11.5,100.0,106.5,107.6,
https://www.basketball-reference.com/boxscores/201501230GSW.html,"10:30 PM, January 23, 2015",Golden State Warriors,Sacramento Kings,126,101,SAC,,,Team Totals,240,34,82,.415,4,17,.235,29,34,.853,11,32,43,19,12,3,22,17,101,,,Team Totals,240,.521,.439,.207,.415,24.4,72.7,48.3,55.9,11.3,5.6,18.5,100.0,95.5,119.1,
https://www.basketball-reference.com/boxscores/201501230GSW.html,"10:30 PM, January 23, 2015",Golden State Warriors,Sacramento Kings,126,101,GSW,,,Team Totals,240,45,94,.479,17,40,.425,19,22,.864,12,34,46,32,13,8,18,22,126,,,Team Totals,240,.608,.569,.426,.234,27.3,75.6,51.7,71.1,12.3,12.3,14.8,100.0,119.1,95.5,
https://www.basketball-reference.com/boxscores/201501230MIA.html,"7:30 PM, January 23, 2015",Miami Heat,Indiana Pacers,89,87,IND,,,Team Totals,240,32,78,.410,3,15,.200,20,23,.870,8,29,37,14,9,3,18,22,87,,,Team Totals,240,.494,.429,.192,.295,20.0,87.9,50.7,43.8,9.5,5.2,17.0,100.0,91.9,94.0,
https://www.basketball-reference.com/boxscores/201501230MIA.html,"7:30 PM, January 23, 2015",Miami Heat,Indiana Pacers,89,87,MIA,,,Team Totals,240,36,75,.480,4,17,.235,13,15,.867,4,32,36,20,8,0,18,25,89,,,Team Totals,240,.545,.507,.227,.200,12.1,80.0,49.3,55.6,8.5,0.0,18.1,100.0,94.0,91.9,
https://www.basketball-reference.com/boxscores/201501230MIN.html,"8:00 PM, January 23, 2015",Minnesota Timberwolves,New Orleans Pelicans,84,92,NOP,,,Team Totals,240,40,80,.500,3,4,.750,9,14,.643,6,31,37,17,7,9,13,16,92,,,Team Totals,240,.534,.519,.050,.175,17.1,77.5,49.3,42.5,7.6,12.0,13.1,100.0,99.3,90.7,
https://www.basketball-reference.com/boxscores/201501230MIN.html,"8:00 PM, January 23, 2015",Minnesota Timberwolves,New Orleans Pelicans,84,92,MIN,,,Team Totals,240,35,84,.417,2,9,.222,12,17,.706,9,29,38,27,3,4,15,18,84,,,Team Totals,240,.459,.429,.107,.202,22.5,82.9,50.7,77.1,3.2,5.3,14.1,100.0,90.7,99.3,
https://www.basketball-reference.com/boxscores/201501230NYK.html,"7:30 PM, January 23, 2015",New York Knicks,Orlando Magic,113,106,ORL,,,Team Totals,240,44,87,.506,7,27,.259,11,19,.579,8,31,39,27,10,4,14,19,106,,,Team Totals,240,.556,.546,.310,.218,17.8,72.1,44.3,61.4,10.0,6.1,12.8,100.0,106.3,113.3,
https://www.basketball-reference.com/boxscores/201501230NYK.html,"7:30 PM, January 23, 2015",New York Knicks,Orlando Magic,113,106,NYK,,,Team Totals,240,43,91,.473,10,25,.400,17,21,.810,12,37,49,29,6,4,14,18,113,,,Team Totals,240,.564,.527,.275,.231,27.9,82.2,55.7,67.4,6.0,6.7,12.3,100.0,113.3,106.3,
https://www.basketball-reference.com/boxscores/201501230PHI.html,"7:00 PM, January 23, 2015",Philadelphia 76ers,Toronto Raptors,86,91,TOR,,,Team Totals,240,33,80,.413,6,24,.250,19,24,.792,13,29,42,19,11,5,16,17,91,,,Team Totals,240,.502,.450,.300,.300,28.3,65.9,46.7,57.6,12.3,9.6,15.0,100.0,101.5,95.9,
https://www.basketball-reference.com/boxscores/201501230PHI.html,"7:00 PM, January 23, 2015",Philadelphia 76ers,Toronto Raptors,86,91,PHI,,,Team Totals,240,31,81,.383,9,29,.310,15,18,.833,15,33,48,21,9,6,18,19,86,,,Team Totals,240,.484,.438,.358,.222,34.1,71.7,53.3,67.7,10.0,10.7,16.8,100.0,95.9,101.5,
https://www.basketball-reference.com/boxscores/201501230PHO.html,"9:00 PM, January 23, 2015",Phoenix Suns,Houston Rockets,111,113,HOU,,,Team Totals,240,44,84,.524,10,27,.370,15,20,.750,6,35,41,24,7,6,16,21,113,,,Team Totals,240,.609,.583,.321,.238,16.2,72.9,48.2,54.5,7.0,9.8,14.7,100.0,113.3,111.3,
https://www.basketball-reference.com/boxscores/201501230PHO.html,"9:00 PM, January 23, 2015",Phoenix Suns,Houston Rockets,111,113,PHO,,,Team Totals,240,42,91,.462,10,30,.333,17,24,.708,13,31,44,21,4,6,12,23,111,,,Team Totals,240,.546,.516,.330,.264,27.1,83.8,51.8,50.0,4.0,10.5,10.6,100.0,111.3,113.3,
https://www.basketball-reference.com/boxscores/201501230SAS.html,"8:30 PM, January 23, 2015",San Antonio Spurs,Los Angeles Lakers,99,85,LAL,,,Team Totals,240,33,83,.398,5,13,.385,14,20,.700,8,32,40,18,4,4,9,21,85,,,Team Totals,240,.463,.428,.157,.241,16.7,72.7,43.5,54.5,4.4,6.7,8.9,100.0,93.0,108.3,
https://www.basketball-reference.com/boxscores/201501230SAS.html,"8:30 PM, January 23, 2015",San Antonio Spurs,Los Angeles Lakers,99,85,SAS,,,Team Totals,240,36,84,.429,7,24,.292,20,27,.741,12,40,52,19,5,4,11,16,99,,,Team Totals,240,.516,.470,.286,.321,27.3,83.3,56.5,52.8,5.5,5.7,10.3,100.0,108.3,93.0,
https://www.basketball-reference.com/boxscores/201501240CHO.html,"7:00 PM, January 24, 2015",Charlotte Hornets,New York Knicks,76,71,NYK,,,Team Totals,240,28,79,.354,6,15,.400,9,18,.500,14,40,54,20,4,6,18,28,71,,,Team Totals,240,.408,.392,.190,.228,31.1,80.0,56.8,71.4,4.5,8.7,17.2,100.0,80.6,86.3,
https://www.basketball-reference.com/boxscores/201501240CHO.html,"7:00 PM, January 24, 2015",Charlotte Hornets,New York Knicks,76,71,CHO,,,Team Totals,240,25,76,.329,2,7,.286,24,37,.649,10,31,41,9,7,13,9,19,76,,,Team Totals,240,.412,.342,.092,.487,20.0,68.9,43.2,36.0,7.9,20.3,8.9,100.0,86.3,80.6,
https://www.basketball-reference.com/boxscores/201501240MEM.html,"8:00 PM, January 24, 2015",Memphis Grizzlies,Philadelphia 76ers,101,83,PHI,,,Team Totals,240,31,81,.383,9,24,.375,12,22,.545,15,33,48,18,7,2,24,19,83,,,Team Totals,240,.458,.438,.296,.272,28.3,78.6,50.5,58.1,7.1,3.1,20.9,100.0,84.7,103.0,
https://www.basketball-reference.com/boxscores/201501240MEM.html,"8:00 PM, January 24, 2015",Memphis Grizzlies,Philadelphia 76ers,101,83,MEM,,,Team Totals,240,37,79,.468,6,14,.429,21,25,.840,9,38,47,24,10,7,18,20,101,,,Team Totals,240,.561,.506,.177,.316,21.4,71.7,49.5,64.9,10.2,12.3,16.7,100.0,103.0,84.7,
https://www.basketball-reference.com/boxscores/201501240MIL.html,"7:30 PM, January 24, 2015",Milwaukee Bucks,Detroit Pistons,101,86,DET,,,Team Totals,240,31,86,.360,6,25,.240,18,25,.720,16,30,46,14,11,2,20,14,86,,,Team Totals,240,.443,.395,.291,.291,30.8,76.9,50.5,45.2,11.3,3.1,17.1,100.0,88.7,104.1,
https://www.basketball-reference.com/boxscores/201501240MIL.html,"7:30 PM, January 24, 2015",Milwaukee Bucks,Detroit Pistons,101,86,MIL,,,Team Totals,240,41,81,.506,11,17,.647,8,10,.800,9,36,45,33,6,6,21,21,101,,,Team Totals,240,.591,.574,.210,.123,23.1,69.2,49.5,80.5,6.2,9.8,19.7,100.0,104.1,88.7,
https://www.basketball-reference.com/boxscores/201501240POR.html,"10:00 PM, January 24, 2015",Portland Trail Blazers,Washington Wizards,103,96,WAS,,,Team Totals,240,40,82,.488,5,15,.333,11,14,.786,2,39,41,24,8,3,13,19,96,,,Team Totals,240,.544,.518,.183,.171,5.3,83.0,48.2,60.0,8.2,5.4,12.9,100.0,98.1,105.2,
https://www.basketball-reference.com/boxscores/201501240POR.html,"10:00 PM, January 24, 2015",Portland Trail Blazers,Washington Wizards,103,96,POR,,,Team Totals,240,35,87,.402,13,31,.419,20,20,1.000,8,36,44,22,8,1,12,14,103,,,Team Totals,240,.538,.477,.356,.230,17.0,94.7,51.8,62.9,8.2,1.5,11.1,100.0,105.2,98.1,
https://www.basketball-reference.com/boxscores/201501240UTA.html,"9:00 PM, January 24, 2015",Utah Jazz,Brooklyn Nets,108,73,BRK,,,Team Totals,240,29,75,.387,5,15,.333,10,16,.625,8,21,29,17,10,9,18,17,73,,,Team Totals,240,.445,.420,.200,.213,17.8,77.8,40.3,58.6,10.9,18.0,18.0,100.0,79.6,117.7,
https://www.basketball-reference.com/boxscores/201501240UTA.html,"9:00 PM, January 24, 2015",Utah Jazz,Brooklyn Nets,108,73,UTA,,,Team Totals,240,42,79,.532,13,29,.448,11,14,.786,6,37,43,23,9,5,17,13,108,,,Team Totals,240,.634,.614,.367,.177,22.2,82.2,59.7,54.8,9.8,8.3,16.6,100.0,117.7,79.6,
https://www.basketball-reference.com/boxscores/201501250ATL.html,"6:00 PM, January 25, 2015",Atlanta Hawks,Minnesota Timberwolves,112,100,MIN,,,Team Totals,240,37,71,.521,6,16,.375,20,25,.800,11,26,37,24,4,2,17,18,100,,,Team Totals,240,.610,.563,.225,.352,34.4,76.5,56.1,64.9,4.6,3.8,17.2,100.0,115.0,128.8,
https://www.basketball-reference.com/boxscores/201501250ATL.html,"6:00 PM, January 25, 2015",Atlanta Hawks,Minnesota Timberwolves,112,100,ATL,,,Team Totals,240,45,80,.563,10,28,.357,12,18,.667,8,21,29,30,8,5,10,20,112,,,Team Totals,240,.637,.625,.350,.225,23.5,65.6,43.9,66.7,9.2,9.1,10.2,100.0,128.8,115.0,
https://www.basketball-reference.com/boxscores/201501250CHI.html,"1:00 PM, January 25, 2015",Chicago Bulls,Miami Heat,84,96,MIA,,,Team Totals,240,38,84,.452,1,13,.077,19,23,.826,13,41,54,19,6,13,11,15,96,,,Team Totals,240,.510,.458,.155,.274,31.0,74.5,55.7,50.0,6.7,20.6,10.5,100.0,107.1,93.7,
https://www.basketball-reference.com/boxscores/201501250CHI.html,"1:00 PM, January 25, 2015",Chicago Bulls,Miami Heat,84,96,CHI,,,Team Totals,240,31,87,.356,7,24,.292,15,19,.789,14,29,43,15,5,10,11,16,84,,,Team Totals,240,.440,.397,.276,.218,25.5,69.0,44.3,48.4,5.6,14.1,10.3,100.0,93.7,107.1,
https://www.basketball-reference.com/boxscores/201501250CLE.html,"3:30 PM, January 25, 2015",Cleveland Cavaliers,Oklahoma City Thunder,108,98,OKC,,,Team Totals,240,37,94,.394,10,30,.333,14,18,.778,10,32,42,26,6,6,8,23,98,,,Team Totals,240,.481,.447,.319,.191,21.3,74.4,46.7,70.3,6.3,13.0,7.3,100.0,103.6,114.1,
https://www.basketball-reference.com/boxscores/201501250CLE.html,"3:30 PM, January 25, 2015",Cleveland Cavaliers,Oklahoma City Thunder,108,98,CLE,,,Team Totals,240,36,82,.439,16,36,.444,20,29,.690,11,37,48,17,5,8,12,14,108,,,Team Totals,240,.570,.537,.439,.354,25.6,78.7,53.3,47.2,5.3,12.5,11.2,100.0,114.1,103.6,
https://www.basketball-reference.com/boxscores/201501250DEN.html,"8:00 PM, January 25, 2015",Denver Nuggets,Washington Wizards,115,117,WAS,,,Team Totals,265,48,90,.533,4,14,.286,17,23,.739,10,40,50,29,5,2,18,27,117,,,Team Totals,265,.584,.556,.156,.256,24.4,74.1,52.6,60.4,4.7,2.8,15.2,100.0,111.0,109.1,
https://www.basketball-reference.com/boxscores/201501250DEN.html,"8:00 PM, January 25, 2015",Denver Nuggets,Washington Wizards,115,117,DEN,,,Team Totals,265,41,101,.406,12,29,.414,21,28,.750,14,31,45,26,7,3,9,24,115,,,Team Totals,265,.507,.465,.287,.277,25.9,75.6,47.4,63.4,6.6,3.9,7.4,100.0,109.1,111.0,
https://www.basketball-reference.com/boxscores/201501250GSW.html,"8:00 PM, January 25, 2015",Golden State Warriors,Boston Celtics,114,111,BOS,,,Team Totals,240,41,95,.432,10,28,.357,19,27,.704,13,35,48,23,5,3,14,21,111,,,Team Totals,240,.519,.484,.295,.284,25.5,79.5,50.5,56.1,4.8,4.5,11.6,100.0,107.4,110.3,
https://www.basketball-reference.com/boxscores/201501250GSW.html,"8:00 PM, January 25, 2015",Golden State Warriors,Boston Celtics,114,111,GSW,,,Team Totals,240,42,89,.472,8,23,.348,22,25,.880,9,38,47,29,9,3,13,20,114,,,Team Totals,240,.570,.517,.258,.281,20.5,74.5,49.5,69.0,8.7,4.5,11.5,100.0,110.3,107.4,
https://www.basketball-reference.com/boxscores/201501250LAL.html,"9:30 PM, January 25, 2015",Los Angeles Lakers,Houston Rockets,87,99,HOU,,,Team Totals,240,35,87,.402,13,44,.295,16,21,.762,11,35,46,22,13,4,14,23,99,,,Team Totals,240,.514,.477,.506,.241,21.6,72.9,46.5,62.9,13.4,6.1,12.7,100.0,101.9,89.5,
https://www.basketball-reference.com/boxscores/201501250LAL.html,"9:30 PM, January 25, 2015",Los Angeles Lakers,Houston Rockets,87,99,LAL,,,Team Totals,240,34,79,.430,1,13,.077,18,25,.720,13,40,53,20,4,2,21,18,87,,,Team Totals,240,.483,.437,.165,.316,27.1,78.4,53.5,58.8,4.1,4.7,18.9,100.0,89.5,101.9,
https://www.basketball-reference.com/boxscores/201501250NOP.html,"6:00 PM, January 25, 2015",New Orleans Pelicans,Dallas Mavericks,109,106,DAL,,,Team Totals,240,39,81,.481,9,24,.375,19,25,.760,13,25,38,20,5,6,9,19,106,,,Team Totals,240,.576,.537,.296,.309,31.0,69.4,48.7,51.3,5.8,9.7,8.9,100.0,123.0,126.5,
https://www.basketball-reference.com/boxscores/201501250NOP.html,"6:00 PM, January 25, 2015",New Orleans Pelicans,Dallas Mavericks,109,106,NOP,,,Team Totals,240,40,79,.506,8,17,.471,21,25,.840,11,29,40,27,9,3,10,25,109,,,Team Totals,240,.606,.557,.215,.316,30.6,69.0,51.3,67.5,10.4,5.3,10.0,100.0,126.5,123.0,
https://www.basketball-reference.com/boxscores/201501250ORL.html,"6:00 PM, January 25, 2015",Orlando Magic,Indiana Pacers,99,106,IND,,,Team Totals,240,43,83,.518,8,20,.400,12,18,.667,9,38,47,27,8,5,14,23,106,,,Team Totals,240,.583,.566,.241,.217,23.1,92.7,58.8,62.8,8.4,8.2,13.3,100.0,111.3,104.0,
https://www.basketball-reference.com/boxscores/201501250ORL.html,"6:00 PM, January 25, 2015",Orlando Magic,Indiana Pacers,99,106,ORL,,,Team Totals,240,38,78,.487,6,17,.353,17,23,.739,3,30,33,22,7,5,12,21,99,,,Team Totals,240,.562,.526,.218,.295,7.3,76.9,41.3,57.9,7.4,7.9,12.0,100.0,104.0,111.3,
https://www.basketball-reference.com/boxscores/201501250PHO.html,"6:00 PM, January 25, 2015",Phoenix Suns,Los Angeles Clippers,100,120,LAC,,,Team Totals,240,43,87,.494,10,23,.435,24,36,.667,14,36,50,28,7,5,12,20,120,,,Team Totals,240,.583,.552,.264,.414,35.0,87.8,61.7,65.1,7.3,9.8,10.4,100.0,124.5,103.8,
https://www.basketball-reference.com/boxscores/201501250PHO.html,"6:00 PM, January 25, 2015",Phoenix Suns,Los Angeles Clippers,100,120,PHO,,,Team Totals,240,34,80,.425,10,29,.345,22,27,.815,5,26,31,23,5,8,11,25,100,,,Team Totals,240,.544,.488,.363,.338,12.2,65.0,38.3,67.6,5.2,12.5,10.7,100.0,103.8,124.5,
https://www.basketball-reference.com/boxscores/201501250SAS.html,"7:00 PM, January 25, 2015",San Antonio Spurs,Milwaukee Bucks,101,95,MIL,,,Team Totals,240,39,82,.476,8,17,.471,9,13,.692,13,29,42,29,12,5,21,26,95,,,Team Totals,240,.541,.524,.207,.159,32.5,67.4,50.6,74.4,12.9,8.2,19.3,100.0,101.9,108.3,
https://www.basketball-reference.com/boxscores/201501250SAS.html,"7:00 PM, January 25, 2015",San Antonio Spurs,Milwaukee Bucks,101,95,SAS,,,Team Totals,240,35,83,.422,5,22,.227,26,30,.867,14,27,41,22,9,6,15,17,101,,,Team Totals,240,.525,.452,.265,.361,32.6,67.5,49.4,62.9,9.7,9.2,13.5,100.0,108.3,101.9,
https://www.basketball-reference.com/boxscores/201501250TOR.html,"7:00 PM, January 25, 2015",Toronto Raptors,Detroit Pistons,114,110,DET,,,Team Totals,240,41,90,.456,12,34,.353,16,23,.696,14,30,44,24,5,2,14,21,110,,,Team Totals,240,.549,.522,.378,.256,31.1,83.3,54.3,58.5,5.2,3.0,12.3,100.0,115.4,119.6,
https://www.basketball-reference.com/boxscores/201501250TOR.html,"7:00 PM, January 25, 2015",Toronto Raptors,Detroit Pistons,114,110,TOR,,,Team Totals,240,43,81,.531,5,15,.333,23,29,.793,6,31,37,23,9,5,8,21,114,,,Team Totals,240,.608,.562,.185,.358,16.7,68.9,45.7,53.5,9.4,8.9,7.9,100.0,119.6,115.4,
https://www.basketball-reference.com/boxscores/201501260LAC.html,"10:30 PM, January 26, 2015",Los Angeles Clippers,Denver Nuggets,102,98,DEN,,,Team Totals,240,40,83,.482,8,21,.381,10,15,.667,8,30,38,26,7,4,10,15,98,,,Team Totals,240,.547,.530,.253,.181,18.6,75.0,45.8,65.0,7.7,6.6,10.0,100.0,108.3,112.7,
https://www.basketball-reference.com/boxscores/201501260LAC.html,"10:30 PM, January 26, 2015",Los Angeles Clippers,Denver Nuggets,102,98,LAC,,,Team Totals,240,38,80,.475,7,19,.368,19,22,.864,10,35,45,25,10,8,13,17,102,,,Team Totals,240,.569,.519,.238,.275,25.0,81.4,54.2,65.8,11.0,12.9,12.7,100.0,112.7,108.3,
https://www.basketball-reference.com/boxscores/201501260MEM.html,"8:00 PM, January 26, 2015",Memphis Grizzlies,Orlando Magic,103,94,ORL,,,Team Totals,240,37,78,.474,4,12,.333,16,25,.640,13,31,44,14,8,3,18,22,94,,,Team Totals,240,.528,.500,.154,.321,28.9,81.6,53.0,37.8,8.6,5.2,16.8,100.0,100.6,110.3,
https://www.basketball-reference.com/boxscores/201501260MEM.html,"8:00 PM, January 26, 2015",Memphis Grizzlies,Orlando Magic,103,94,MEM,,,Team Totals,240,36,76,.474,7,18,.389,24,26,.923,7,32,39,25,11,6,15,17,103,,,Team Totals,240,.589,.520,.237,.342,18.4,71.1,47.0,69.4,11.8,9.1,14.6,100.0,110.3,100.6,
https://www.basketball-reference.com/boxscores/201501260NOP.html,"8:00 PM, January 26, 2015",New Orleans Pelicans,Philadelphia 76ers,99,74,PHI,,,Team Totals,240,28,81,.346,2,15,.133,16,21,.762,13,25,38,15,7,9,13,19,74,,,Team Totals,240,.410,.358,.185,.259,27.1,59.5,42.2,53.6,8.0,12.9,12.6,100.0,84.9,113.6,
https://www.basketball-reference.com/boxscores/201501260NOP.html,"8:00 PM, January 26, 2015",New Orleans Pelicans,Philadelphia 76ers,99,74,NOP,,,Team Totals,240,39,86,.453,7,16,.438,14,19,.737,17,35,52,28,10,11,14,17,99,,,Team Totals,240,.525,.494,.186,.221,40.5,72.9,57.8,71.8,11.5,16.7,12.9,100.0,113.6,84.9,
https://www.basketball-reference.com/boxscores/201501260OKC.html,"8:00 PM, January 26, 2015",Oklahoma City Thunder,Minnesota Timberwolves,92,84,MIN,,,Team Totals,240,29,85,.341,2,13,.154,24,32,.750,15,35,50,13,9,5,13,17,84,,,Team Totals,240,.424,.353,.153,.376,28.3,71.4,49.0,44.8,9.5,7.6,11.6,100.0,88.3,96.8,
https://www.basketball-reference.com/boxscores/201501260OKC.html,"8:00 PM, January 26, 2015",Oklahoma City Thunder,Minnesota Timberwolves,92,84,OKC,,,Team Totals,240,36,86,.419,4,20,.200,16,24,.667,14,38,52,17,9,11,16,23,92,,,Team Totals,240,.476,.442,.233,.279,28.6,71.7,51.0,47.2,9.5,15.3,14.2,100.0,96.8,88.3,
https://www.basketball-reference.com/boxscores/201501260UTA.html,"9:00 PM, January 26, 2015",Utah Jazz,Boston Celtics,90,99,BOS,,,Team Totals,240,35,74,.473,8,19,.421,21,23,.913,5,32,37,18,8,3,14,15,99,,,Team Totals,240,.588,.527,.257,.311,14.7,76.2,48.7,51.4,8.7,5.2,14.3,100.0,107.2,97.5,
https://www.basketball-reference.com/boxscores/201501260UTA.html,"9:00 PM, January 26, 2015",Utah Jazz,Boston Celtics,90,99,UTA,,,Team Totals,240,35,82,.427,9,24,.375,11,19,.579,10,29,39,18,9,10,16,23,90,,,Team Totals,240,.498,.482,.293,.232,23.8,85.3,51.3,51.4,9.7,18.2,15.0,100.0,97.5,107.2,
https://www.basketball-reference.com/boxscores/201501270DAL.html,"8:30 PM, January 27, 2015",Dallas Mavericks,Memphis Grizzlies,90,109,MEM,,,Team Totals,240,42,79,.532,10,21,.476,15,20,.750,9,31,40,23,6,0,13,17,109,,,Team Totals,240,.621,.595,.266,.253,25.0,79.5,53.3,54.8,6.7,0.0,12.9,100.0,121.6,100.4,
https://www.basketball-reference.com/boxscores/201501270DAL.html,"8:30 PM, January 27, 2015",Dallas Mavericks,Memphis Grizzlies,90,109,DAL,,,Team Totals,240,38,78,.487,7,26,.269,7,10,.700,8,27,35,20,8,3,16,20,90,,,Team Totals,240,.546,.532,.333,.128,20.5,75.0,46.7,52.6,8.9,5.2,16.3,100.0,100.4,121.6,
https://www.basketball-reference.com/boxscores/201501270DET.html,"7:30 PM, January 27, 2015",Detroit Pistons,Cleveland Cavaliers,95,103,CLE,,,Team Totals,240,39,93,.419,9,34,.265,16,17,.941,13,34,47,19,9,4,9,20,103,,,Team Totals,240,.513,.468,.366,.183,27.1,68.0,48.0,48.7,9.6,6.8,8.2,100.0,110.2,101.6,
https://www.basketball-reference.com/boxscores/201501270DET.html,"7:30 PM, January 27, 2015",Detroit Pistons,Cleveland Cavaliers,95,103,DET,,,Team Totals,240,35,83,.422,8,24,.333,17,23,.739,16,35,51,21,4,8,18,17,95,,,Team Totals,240,.510,.470,.289,.277,32.0,72.9,52.0,60.0,4.3,13.6,16.2,100.0,101.6,110.2,
https://www.basketball-reference.com/boxscores/201501270GSW.html,"10:30 PM, January 27, 2015",Golden State Warriors,Chicago Bulls,111,113,CHI,,,Team Totals,265,42,98,.429,8,29,.276,21,23,.913,19,42,61,19,6,6,21,18,113,,,Team Totals,265,.523,.469,.296,.235,36.5,73.7,56.0,45.2,5.5,7.5,16.3,100.0,103.3,101.5,
https://www.basketball-reference.com/boxscores/201501270GSW.html,"10:30 PM, January 27, 2015",Golden State Warriors,Chicago Bulls,111,113,GSW,,,Team Totals,265,48,113,.425,9,33,.273,6,12,.500,15,33,48,31,9,2,13,15,111,,,Team Totals,265,.469,.465,.292,.106,26.3,63.5,44.0,64.6,8.2,2.9,9.9,100.0,101.5,103.3,
https://www.basketball-reference.com/boxscores/201501270IND.html,"7:00 PM, January 27, 2015",Indiana Pacers,Toronto Raptors,91,104,TOR,,,Team Totals,240,34,73,.466,9,26,.346,27,34,.794,8,34,42,21,9,6,12,27,104,,,Team Totals,240,.591,.527,.356,.466,20.0,75.6,49.4,61.8,9.8,9.4,12.0,100.0,113.1,99.0,
https://www.basketball-reference.com/boxscores/201501270IND.html,"7:00 PM, January 27, 2015",Indiana Pacers,Toronto Raptors,91,104,IND,,,Team Totals,240,34,82,.415,7,18,.389,16,23,.696,11,32,43,22,4,3,15,22,91,,,Team Totals,240,.494,.457,.220,.280,24.4,80.0,50.6,64.7,4.4,6.4,14.0,100.0,99.0,113.1,
https://www.basketball-reference.com/boxscores/201501270LAL.html,"10:30 PM, January 27, 2015",Los Angeles Lakers,Washington Wizards,92,98,WAS,,,Team Totals,240,38,78,.487,4,16,.250,18,27,.667,9,42,51,19,8,2,16,18,98,,,Team Totals,240,.545,.513,.205,.346,23.1,84.0,57.3,50.0,8.4,3.0,15.1,100.0,102.7,96.5,
https://www.basketball-reference.com/boxscores/201501270LAL.html,"10:30 PM, January 27, 2015",Los Angeles Lakers,Washington Wizards,92,98,LAL,,,Team Totals,240,37,87,.425,5,20,.250,13,16,.813,8,30,38,17,9,4,11,19,92,,,Team Totals,240,.489,.454,.230,.184,16.0,76.9,42.7,45.9,9.4,6.5,10.5,100.0,96.5,102.7,
https://www.basketball-reference.com/boxscores/201501270MIA.html,"7:30 PM, January 27, 2015",Miami Heat,Milwaukee Bucks,102,109,MIL,,,Team Totals,240,39,71,.549,9,16,.563,22,30,.733,4,30,34,25,7,3,13,22,109,,,Team Totals,240,.647,.613,.225,.423,12.5,85.7,50.7,64.1,7.6,5.5,13.4,100.0,118.2,110.6,
https://www.basketball-reference.com/boxscores/201501270MIA.html,"7:30 PM, January 27, 2015",Miami Heat,Milwaukee Bucks,102,109,MIA,,,Team Totals,240,38,75,.507,7,20,.350,19,26,.731,5,28,33,20,5,1,13,23,102,,,Team Totals,240,.590,.553,.267,.347,14.3,87.5,49.3,52.6,5.4,1.8,13.1,100.0,110.6,118.2,
https://www.basketball-reference.com/boxscores/201501280ATL.html,"8:00 PM, January 28, 2015",Atlanta Hawks,Brooklyn Nets,113,102,BRK,,,Team Totals,240,39,87,.448,9,24,.375,15,18,.833,9,26,35,26,6,5,10,20,102,,,Team Totals,240,.537,.500,.276,.207,21.4,68.4,43.8,66.7,6.5,10.2,9.5,100.0,111.0,123.0,
https://www.basketball-reference.com/boxscores/201501280ATL.html,"8:00 PM, January 28, 2015",Atlanta Hawks,Brooklyn Nets,113,102,ATL,,,Team Totals,240,38,82,.463,12,33,.364,25,26,.962,12,33,45,29,4,4,13,18,113,,,Team Totals,240,.605,.537,.402,.317,31.6,78.6,56.3,76.3,4.4,6.3,12.2,100.0,123.0,111.0,
https://www.basketball-reference.com/boxscores/201501280CLE.html,"7:00 PM, January 28, 2015",Cleveland Cavaliers,Portland Trail Blazers,99,94,POR,,,Team Totals,240,35,80,.438,10,31,.323,14,17,.824,11,28,39,18,5,5,8,20,94,,,Team Totals,240,.537,.500,.388,.213,25.6,66.7,45.9,51.4,6.0,10.4,8.4,100.0,113.6,119.6,
https://www.basketball-reference.com/boxscores/201501280CLE.html,"7:00 PM, January 28, 2015",Cleveland Cavaliers,Portland Trail Blazers,99,94,CLE,,,Team Totals,240,34,85,.400,15,37,.405,16,18,.889,14,32,46,16,3,1,9,15,99,,,Team Totals,240,.533,.488,.435,.212,33.3,74.4,54.1,47.1,3.6,2.0,8.8,100.0,119.6,113.6,
https://www.basketball-reference.com/boxscores/201501280HOU.html,"8:00 PM, January 28, 2015",Houston Rockets,Dallas Mavericks,99,94,DAL,,,Team Totals,240,35,82,.427,10,25,.400,14,16,.875,10,36,46,16,10,7,24,16,94,,,Team Totals,240,.528,.488,.305,.195,26.3,76.6,54.1,45.7,10.2,13.2,21.2,100.0,95.8,100.9,
https://www.basketball-reference.com/boxscores/201501280HOU.html,"8:00 PM, January 28, 2015",Houston Rockets,Dallas Mavericks,99,94,HOU,,,Team Totals,240,36,88,.409,14,35,.400,13,15,.867,11,28,39,21,14,7,16,19,99,,,Team Totals,240,.523,.489,.398,.170,23.4,73.7,45.9,58.3,14.3,12.3,14.5,100.0,100.9,95.8,
https://www.basketball-reference.com/boxscores/201501280MIN.html,"8:00 PM, January 28, 2015",Minnesota Timberwolves,Boston Celtics,110,98,BOS,,,Team Totals,240,42,91,.462,7,23,.304,7,9,.778,9,30,39,22,9,4,13,22,98,,,Team Totals,240,.516,.500,.253,.099,18.8,83.3,46.4,52.4,9.3,6.6,12.0,100.0,101.8,114.2,
https://www.basketball-reference.com/boxscores/201501280MIN.html,"8:00 PM, January 28, 2015",Minnesota Timberwolves,Boston Celtics,110,98,MIN,,,Team Totals,240,38,77,.494,6,16,.375,28,32,.875,6,39,45,18,6,4,12,11,110,,,Team Totals,240,.604,.532,.208,.416,16.7,81.3,53.6,47.4,6.2,5.9,11.6,100.0,114.2,101.8,
https://www.basketball-reference.com/boxscores/201501280NOP.html,"8:00 PM, January 28, 2015",New Orleans Pelicans,Denver Nuggets,85,93,DEN,,,Team Totals,240,39,85,.459,10,17,.588,5,7,.714,8,31,39,30,4,7,8,22,93,,,Team Totals,240,.528,.518,.200,.082,20.5,64.6,44.8,76.9,4.8,10.4,8.3,100.0,110.5,101.0,
https://www.basketball-reference.com/boxscores/201501280NOP.html,"8:00 PM, January 28, 2015",New Orleans Pelicans,Denver Nuggets,85,93,NOP,,,Team Totals,240,32,82,.390,3,15,.200,18,24,.750,17,31,48,15,2,6,10,15,85,,,Team Totals,240,.459,.409,.183,.293,35.4,79.5,55.2,46.9,2.4,8.8,9.8,100.0,101.0,110.5,
https://www.basketball-reference.com/boxscores/201501280NYK.html,"8:00 PM, January 28, 2015",New York Knicks,Oklahoma City Thunder,100,92,OKC,,,Team Totals,240,34,85,.400,5,22,.227,19,22,.864,10,37,47,10,7,7,14,22,92,,,Team Totals,240,.486,.429,.259,.259,20.0,77.1,48.0,29.4,7.3,9.5,12.9,100.0,95.7,104.1,
https://www.basketball-reference.com/boxscores/201501280NYK.html,"8:00 PM, January 28, 2015",New York Knicks,Oklahoma City Thunder,100,92,NYK,,,Team Totals,240,40,91,.440,8,17,.471,12,17,.706,11,40,51,29,8,6,10,17,100,,,Team Totals,240,.508,.484,.187,.187,22.9,80.0,52.0,72.5,8.3,9.5,9.2,100.0,104.1,95.7,
https://www.basketball-reference.com/boxscores/201501280PHI.html,"7:00 PM, January 28, 2015",Philadelphia 76ers,Detroit Pistons,89,69,DET,,,Team Totals,240,23,75,.307,2,20,.100,21,23,.913,14,24,38,15,12,5,20,16,69,,,Team Totals,240,.405,.320,.267,.307,28.6,64.9,44.2,65.2,13.5,8.8,19.0,100.0,77.7,100.2,
https://www.basketball-reference.com/boxscores/201501280PHI.html,"7:00 PM, January 28, 2015",Philadelphia 76ers,Detroit Pistons,89,69,PHI,,,Team Totals,240,37,78,.474,7,21,.333,8,12,.667,13,35,48,27,11,10,22,19,89,,,Team Totals,240,.534,.519,.269,.154,35.1,71.4,55.8,73.0,12.4,18.2,20.9,100.0,100.2,77.7,
https://www.basketball-reference.com/boxscores/201501280PHO.html,"10:30 PM, January 28, 2015",Phoenix Suns,Washington Wizards,106,98,WAS,,,Team Totals,240,37,88,.420,8,18,.444,16,23,.696,15,35,50,13,2,3,13,16,98,,,Team Totals,240,.499,.466,.205,.261,30.6,83.3,54.9,35.1,2.1,5.1,11.7,100.0,102.5,110.9,
https://www.basketball-reference.com/boxscores/201501280PHO.html,"10:30 PM, January 28, 2015",Phoenix Suns,Washington Wizards,106,98,PHO,,,Team Totals,240,40,88,.455,11,29,.379,15,18,.833,7,34,41,23,10,2,11,16,106,,,Team Totals,240,.553,.517,.330,.205,16.7,69.4,45.1,57.5,10.5,2.9,10.3,100.0,110.9,102.5,
https://www.basketball-reference.com/boxscores/201501280SAS.html,"8:30 PM, January 28, 2015",San Antonio Spurs,Charlotte Hornets,95,86,CHO,,,Team Totals,240,34,83,.410,6,18,.333,12,14,.857,8,35,43,23,7,4,12,17,86,,,Team Totals,240,.482,.446,.217,.169,17.0,77.8,46.7,67.6,7.6,7.4,11.9,100.0,93.2,103.0,
https://www.basketball-reference.com/boxscores/201501280SAS.html,"8:30 PM, January 28, 2015",San Antonio Spurs,Charlotte Hornets,95,86,SAS,,,Team Totals,240,35,83,.422,10,29,.345,15,18,.833,10,39,49,23,7,8,14,14,95,,,Team Totals,240,.522,.482,.349,.217,22.2,83.0,53.3,65.7,7.6,12.3,13.3,100.0,103.0,93.2,
https://www.basketball-reference.com/boxscores/201501280TOR.html,"7:30 PM, January 28, 2015",Toronto Raptors,Sacramento Kings,119,102,SAC,,,Team Totals,240,35,73,.479,7,17,.412,25,29,.862,6,25,31,17,6,4,18,18,102,,,Team Totals,240,.595,.527,.233,.397,17.6,69.4,44.3,48.6,6.3,8.0,17.3,100.0,107.0,124.9,
https://www.basketball-reference.com/boxscores/201501280TOR.html,"7:30 PM, January 28, 2015",Toronto Raptors,Sacramento Kings,119,102,TOR,,,Team Totals,240,43,84,.512,17,34,.500,16,19,.842,11,28,39,29,12,4,17,24,119,,,Team Totals,240,.644,.613,.405,.226,30.6,82.4,55.7,67.4,12.6,7.1,15.5,100.0,124.9,107.0,
https://www.basketball-reference.com/boxscores/201501280UTA.html,"9:00 PM, January 28, 2015",Utah Jazz,Los Angeles Clippers,89,94,LAC,,,Team Totals,240,34,76,.447,9,26,.346,17,25,.680,10,27,37,13,7,6,8,20,94,,,Team Totals,240,.540,.507,.342,.329,24.4,62.8,44.0,38.2,8.5,10.5,8.4,100.0,114.1,108.1,
https://www.basketball-reference.com/boxscores/201501280UTA.html,"9:00 PM, January 28, 2015",Utah Jazz,Los Angeles Clippers,89,94,UTA,,,Team Totals,240,35,81,.432,5,24,.208,14,20,.700,16,31,47,17,2,6,11,18,89,,,Team Totals,240,.496,.463,.296,.247,37.2,75.6,56.0,48.6,2.4,12.0,10.9,100.0,108.1,114.1,
https://www.basketball-reference.com/boxscores/201501290IND.html,"7:00 PM, January 29, 2015",Indiana Pacers,New York Knicks,103,82,NYK,,,Team Totals,240,34,81,.420,5,16,.313,9,13,.692,6,27,33,22,3,6,11,18,82,,,Team Totals,240,.473,.451,.198,.160,12.8,77.1,40.2,64.7,3.3,9.8,11.3,100.0,91.1,114.5,
https://www.basketball-reference.com/boxscores/201501290IND.html,"7:00 PM, January 29, 2015",Indiana Pacers,New York Knicks,103,82,IND,,,Team Totals,240,42,79,.532,6,18,.333,13,18,.722,8,41,49,25,4,4,12,16,103,,,Team Totals,240,.592,.570,.228,.228,22.9,87.2,59.8,59.5,4.4,6.2,12.1,100.0,114.5,91.1,
https://www.basketball-reference.com/boxscores/201501290LAL.html,"10:30 PM, January 29, 2015",Los Angeles Lakers,Chicago Bulls,123,118,CHI,,,Team Totals,290,43,104,.413,6,25,.240,26,32,.813,17,32,49,26,9,6,14,21,118,,,Team Totals,290,.500,.442,.240,.308,32.1,64.0,47.6,60.5,8.3,6.2,10.6,100.0,108.6,113.2,
https://www.basketball-reference.com/boxscores/201501290LAL.html,"10:30 PM, January 29, 2015",Los Angeles Lakers,Chicago Bulls,123,118,LAL,,,Team Totals,290,50,106,.472,3,9,.333,20,25,.800,18,36,54,26,5,8,13,27,123,,,Team Totals,290,.526,.486,.085,.236,36.0,67.9,52.4,52.0,4.6,10.1,10.0,100.0,113.2,108.6,
https://www.basketball-reference.com/boxscores/201501290MEM.html,"8:00 PM, January 29, 2015",Memphis Grizzlies,Denver Nuggets,99,69,DEN,,,Team Totals,240,29,87,.333,2,26,.077,9,10,.900,10,37,47,19,6,5,17,19,69,,,Team Totals,240,.377,.345,.299,.115,18.5,74.0,45.2,65.5,6.3,6.9,15.7,100.0,72.4,103.8,
https://www.basketball-reference.com/boxscores/201501290MEM.html,"8:00 PM, January 29, 2015",Memphis Grizzlies,Denver Nuggets,99,69,MEM,,,Team Totals,240,39,88,.443,3,16,.188,18,27,.667,13,44,57,17,8,4,9,11,99,,,Team Totals,240,.496,.460,.182,.307,26.0,81.5,54.8,43.6,8.4,6.6,8.3,100.0,103.8,72.4,
https://www.basketball-reference.com/boxscores/201501290ORL.html,"7:00 PM, January 29, 2015",Orlando Magic,Milwaukee Bucks,100,115,MIL,,,Team Totals,240,45,87,.517,12,25,.480,13,18,.722,7,31,38,29,16,8,15,24,115,,,Team Totals,240,.606,.586,.287,.207,16.7,68.9,43.7,64.4,15.6,12.5,13.6,100.0,112.3,97.7,
https://www.basketball-reference.com/boxscores/201501290ORL.html,"7:00 PM, January 29, 2015",Orlando Magic,Milwaukee Bucks,100,115,ORL,,,Team Totals,240,37,82,.451,5,18,.278,21,30,.700,14,35,49,14,8,4,24,18,100,,,Team Totals,240,.525,.482,.220,.366,31.1,83.3,56.3,37.8,7.8,6.5,20.1,100.0,97.7,112.3,
https://www.basketball-reference.com/boxscores/201501300ATL.html,"7:30 PM, January 30, 2015",Atlanta Hawks,Portland Trail Blazers,105,99,POR,,,Team Totals,240,39,87,.448,11,30,.367,10,11,.909,9,37,46,25,7,3,17,20,99,,,Team Totals,240,.539,.511,.345,.126,20.5,84.1,52.3,64.1,7.1,4.9,15.6,100.0,100.9,107.0,
https://www.basketball-reference.com/boxscores/201501300ATL.html,"7:30 PM, January 30, 2015",Atlanta Hawks,Portland Trail Blazers,105,99,ATL,,,Team Totals,240,40,84,.476,11,23,.478,14,22,.636,7,35,42,26,12,4,13,17,105,,,Team Totals,240,.560,.542,.274,.262,15.9,79.5,47.7,65.0,12.2,7.0,12.2,100.0,107.0,100.9,
https://www.basketball-reference.com/boxscores/201501300BOS.html,"7:30 PM, January 30, 2015",Boston Celtics,Houston Rockets,87,93,HOU,,,Team Totals,240,35,84,.417,8,30,.267,15,20,.750,12,38,50,22,6,4,17,18,93,,,Team Totals,240,.501,.464,.357,.238,26.1,73.1,51.0,62.9,6.3,6.1,15.5,100.0,98.0,91.7,
https://www.basketball-reference.com/boxscores/201501300BOS.html,"7:30 PM, January 30, 2015",Boston Celtics,Houston Rockets,87,93,BOS,,,Team Totals,240,32,90,.356,7,24,.292,16,23,.696,14,34,48,14,8,5,12,23,87,,,Team Totals,240,.434,.394,.267,.256,26.9,73.9,49.0,43.8,8.4,9.3,10.7,100.0,91.7,98.0,
https://www.basketball-reference.com/boxscores/201501300BRK.html,"7:30 PM, January 30, 2015",Brooklyn Nets,Toronto Raptors,122,127,TOR,,,Team Totals,265,47,92,.511,7,26,.269,26,30,.867,9,36,45,22,5,3,10,21,127,,,Team Totals,265,.604,.549,.283,.326,20.0,72.0,47.4,46.8,4.8,3.7,8.7,100.0,122.6,117.8,
https://www.basketball-reference.com/boxscores/201501300BRK.html,"7:30 PM, January 30, 2015",Brooklyn Nets,Toronto Raptors,122,127,BRK,,,Team Totals,265,49,101,.485,4,19,.211,20,26,.769,14,36,50,19,7,4,7,20,122,,,Team Totals,265,.543,.505,.188,.257,28.0,80.0,52.6,38.8,6.8,6.1,5.9,100.0,117.8,122.6,
https://www.basketball-reference.com/boxscores/201501300CLE.html,"7:30 PM, January 30, 2015",Cleveland Cavaliers,Sacramento Kings,101,90,SAC,,,Team Totals,240,30,84,.357,3,18,.167,27,32,.844,14,36,50,15,10,3,16,19,90,,,Team Totals,240,.459,.375,.214,.381,27.5,83.7,53.2,50.0,10.2,6.1,14.0,100.0,92.1,103.4,
https://www.basketball-reference.com/boxscores/201501300CLE.html,"7:30 PM, January 30, 2015",Cleveland Cavaliers,Sacramento Kings,101,90,CLE,,,Team Totals,240,38,80,.475,11,31,.355,14,22,.636,7,37,44,22,11,5,17,24,101,,,Team Totals,240,.563,.544,.388,.275,16.3,72.5,46.8,57.9,11.3,7.6,15.9,100.0,103.4,92.1,
https://www.basketball-reference.com/boxscores/201501300MIA.html,"8:00 PM, January 30, 2015",Miami Heat,Dallas Mavericks,72,93,DAL,,,Team Totals,240,34,82,.415,13,29,.448,12,20,.600,13,36,49,24,10,4,11,13,93,,,Team Totals,240,.512,.494,.354,.244,27.1,67.9,48.5,70.6,11.4,6.8,10.8,100.0,105.8,81.9,
https://www.basketball-reference.com/boxscores/201501300MIA.html,"8:00 PM, January 30, 2015",Miami Heat,Dallas Mavericks,72,93,MIA,,,Team Totals,240,29,88,.330,9,29,.310,5,10,.500,17,35,52,18,6,3,17,17,72,,,Team Totals,240,.390,.381,.330,.114,32.1,72.9,51.5,62.1,6.8,5.7,15.5,100.0,81.9,105.8,
https://www.basketball-reference.com/boxscores/201501300NOP.html,"8:00 PM, January 30, 2015",New Orleans Pelicans,Los Angeles Clippers,108,103,LAC,,,Team Totals,240,42,92,.457,7,28,.250,12,17,.706,9,29,38,20,5,4,5,21,103,,,Team Totals,240,.518,.495,.304,.185,19.6,67.4,42.7,47.6,5.5,6.6,4.8,100.0,113.0,118.5,
https://www.basketball-reference.com/boxscores/201501300NOP.html,"8:00 PM, January 30, 2015",New Orleans Pelicans,Los Angeles Clippers,108,103,NOP,,,Team Totals,240,36,86,.419,13,25,.520,23,26,.885,14,37,51,26,5,3,10,15,108,,,Team Totals,240,.554,.494,.291,.302,32.6,80.4,57.3,72.2,5.5,4.7,9.3,100.0,118.5,113.0,
https://www.basketball-reference.com/boxscores/201501300PHI.html,"7:00 PM, January 30, 2015",Philadelphia 76ers,Minnesota Timberwolves,103,94,MIN,,,Team Totals,240,34,76,.447,5,14,.357,21,25,.840,11,27,38,24,8,4,21,18,94,,,Team Totals,240,.540,.480,.184,.329,28.9,79.4,52.8,70.6,8.7,7.8,19.4,100.0,101.7,111.4,
https://www.basketball-reference.com/boxscores/201501300PHI.html,"7:00 PM, January 30, 2015",Philadelphia 76ers,Minnesota Timberwolves,103,94,PHI,,,Team Totals,240,37,74,.500,8,23,.348,21,25,.840,7,27,34,27,13,9,15,16,103,,,Team Totals,240,.606,.554,.311,.338,20.6,71.1,47.2,73.0,14.1,14.5,15.0,100.0,111.4,101.7,
https://www.basketball-reference.com/boxscores/201501300PHO.html,"10:30 PM, January 30, 2015",Phoenix Suns,Chicago Bulls,99,93,CHI,,,Team Totals,240,36,87,.414,4,18,.222,17,27,.630,12,37,49,20,6,3,12,18,93,,,Team Totals,240,.470,.437,.207,.310,23.5,77.1,49.5,55.6,6.2,4.4,10.8,100.0,95.8,101.9,
https://www.basketball-reference.com/boxscores/201501300PHO.html,"10:30 PM, January 30, 2015",Phoenix Suns,Chicago Bulls,99,93,PHO,,,Team Totals,240,39,90,.433,6,22,.273,15,17,.882,11,39,50,16,7,5,13,21,99,,,Team Totals,240,.508,.467,.244,.189,22.9,76.5,50.5,41.0,7.2,7.2,11.8,100.0,101.9,95.8,
https://www.basketball-reference.com/boxscores/201501300UTA.html,"9:00 PM, January 30, 2015",Utah Jazz,Golden State Warriors,110,100,GSW,,,Team Totals,240,37,86,.430,8,27,.296,18,25,.720,11,30,41,21,8,2,13,19,100,,,Team Totals,240,.515,.477,.314,.291,22.4,63.8,42.7,56.8,8.2,2.9,11.8,100.0,101.9,112.1,
https://www.basketball-reference.com/boxscores/201501300UTA.html,"9:00 PM, January 30, 2015",Utah Jazz,Golden State Warriors,110,100,UTA,,,Team Totals,240,42,94,.447,9,25,.360,17,28,.607,17,38,55,21,10,6,14,20,110,,,Team Totals,240,.517,.495,.266,.298,36.2,77.6,57.3,50.0,10.2,10.2,11.6,100.0,112.1,101.9,
https://www.basketball-reference.com/boxscores/201501310ATL.html,"7:30 PM, January 31, 2015",Atlanta Hawks,Philadelphia 76ers,91,85,PHI,,,Team Totals,240,31,81,.383,14,35,.400,9,15,.600,10,34,44,21,7,4,15,26,85,,,Team Totals,240,.485,.469,.432,.185,21.7,81.0,50.0,67.7,7.8,8.0,14.6,100.0,95.2,101.9,
https://www.basketball-reference.com/boxscores/201501310ATL.html,"7:30 PM, January 31, 2015",Atlanta Hawks,Philadelphia 76ers,91,85,ATL,,,Team Totals,240,34,78,.436,10,28,.357,13,18,.722,8,36,44,20,6,5,12,16,91,,,Team Totals,240,.530,.500,.359,.231,19.0,78.3,50.0,58.8,6.7,10.9,12.3,100.0,101.9,95.2,
https://www.basketball-reference.com/boxscores/201501310DEN.html,"9:00 PM, January 31, 2015",Denver Nuggets,Charlotte Hornets,86,104,CHO,,,Team Totals,240,44,93,.473,0,11,.000,16,25,.640,10,47,57,32,10,11,10,18,104,,,Team Totals,240,.500,.473,.118,.269,21.7,85.5,56.4,72.7,9.8,16.2,8.8,100.0,101.8,84.1,
https://www.basketball-reference.com/boxscores/201501310DEN.html,"9:00 PM, January 31, 2015",Denver Nuggets,Charlotte Hornets,86,104,DEN,,,Team Totals,240,33,92,.359,5,24,.208,15,20,.750,8,36,44,21,2,8,12,19,86,,,Team Totals,240,.427,.386,.261,.217,14.5,78.3,43.6,63.6,2.0,9.8,10.6,100.0,84.1,101.8,
https://www.basketball-reference.com/boxscores/201501310DET.html,"7:30 PM, January 31, 2015",Detroit Pistons,Houston Rockets,114,101,HOU,,,Team Totals,240,39,87,.448,11,32,.344,12,19,.632,11,28,39,23,10,3,14,29,101,,,Team Totals,240,.530,.511,.368,.218,25.6,70.0,47.0,59.0,10.5,5.3,12.8,100.0,105.6,119.2,
https://www.basketball-reference.com/boxscores/201501310DET.html,"7:30 PM, January 31, 2015",Detroit Pistons,Houston Rockets,114,101,DET,,,Team Totals,240,41,82,.500,10,25,.400,22,35,.629,12,32,44,28,8,8,13,11,114,,,Team Totals,240,.585,.561,.305,.427,30.0,74.4,53.0,68.3,8.4,14.5,11.8,100.0,119.2,105.6,
https://www.basketball-reference.com/boxscores/201501310GSW.html,"10:30 PM, January 31, 2015",Golden State Warriors,Phoenix Suns,106,87,PHO,,,Team Totals,240,33,91,.363,9,26,.346,12,17,.706,15,37,52,22,10,5,22,17,87,,,Team Totals,240,.442,.412,.286,.187,30.0,80.4,54.2,66.7,10.0,9.1,18.3,100.0,86.8,105.7,
https://www.basketball-reference.com/boxscores/201501310GSW.html,"10:30 PM, January 31, 2015",Golden State Warriors,Phoenix Suns,106,87,GSW,,,Team Totals,240,40,87,.460,12,32,.375,14,18,.778,9,35,44,27,11,8,15,20,106,,,Team Totals,240,.558,.529,.368,.207,19.6,70.0,45.8,67.5,11.0,12.3,13.6,100.0,105.7,86.8,
https://www.basketball-reference.com/boxscores/201501310IND.html,"7:00 PM, January 31, 2015",Indiana Pacers,Sacramento Kings,94,99,SAC,,,Team Totals,240,34,80,.425,5,15,.333,26,29,.897,9,37,46,16,8,1,14,27,99,,,Team Totals,240,.534,.456,.188,.363,22.5,80.4,53.5,47.1,8.4,1.8,13.1,100.0,104.4,99.1,
https://www.basketball-reference.com/boxscores/201501310IND.html,"7:00 PM, January 31, 2015",Indiana Pacers,Sacramento Kings,94,99,IND,,,Team Totals,240,33,80,.413,5,25,.200,23,25,.920,9,31,40,22,8,5,15,22,94,,,Team Totals,240,.516,.444,.313,.313,19.6,77.5,46.5,66.7,8.4,7.7,14.2,100.0,99.1,104.4,
https://www.basketball-reference.com/boxscores/201501310MEM.html,"8:00 PM, January 31, 2015",Memphis Grizzlies,Oklahoma City Thunder,85,74,OKC,,,Team Totals,240,27,78,.346,6,20,.300,14,18,.778,12,35,47,15,5,4,18,19,74,,,Team Totals,240,.431,.385,.256,.231,26.1,63.6,46.5,55.6,5.7,5.0,17.3,100.0,83.8,96.3,
https://www.basketball-reference.com/boxscores/201501310MEM.html,"8:00 PM, January 31, 2015",Memphis Grizzlies,Oklahoma City Thunder,85,74,MEM,,,Team Totals,240,34,91,.374,3,11,.273,14,17,.824,20,34,54,22,11,5,12,18,85,,,Team Totals,240,.432,.390,.121,.187,36.4,73.9,53.5,64.7,12.5,8.6,10.9,100.0,96.3,83.8,
https://www.basketball-reference.com/boxscores/201501310MIL.html,"8:30 PM, January 31, 2015",Milwaukee Bucks,Portland Trail Blazers,95,88,POR,,,Team Totals,240,33,89,.371,9,31,.290,13,18,.722,11,33,44,19,11,3,16,15,88,,,Team Totals,240,.454,.421,.348,.202,21.2,78.6,46.8,57.6,11.2,4.9,14.2,100.0,89.4,96.5,
https://www.basketball-reference.com/boxscores/201501310MIL.html,"8:30 PM, January 31, 2015",Milwaukee Bucks,Portland Trail Blazers,95,88,MIL,,,Team Totals,240,37,82,.451,8,21,.381,13,14,.929,9,41,50,22,12,8,20,19,95,,,Team Totals,240,.539,.500,.256,.171,21.4,78.8,53.2,59.5,12.2,13.8,18.5,100.0,96.5,89.4,
https://www.basketball-reference.com/boxscores/201501310MIN.html,"8:00 PM, January 31, 2015",Minnesota Timberwolves,Cleveland Cavaliers,90,106,CLE,,,Team Totals,240,42,87,.483,10,32,.313,12,19,.632,18,34,52,16,8,6,13,19,106,,,Team Totals,240,.556,.540,.368,.218,43.9,73.9,59.8,38.1,9.1,8.7,12.0,100.0,120.8,102.6,
https://www.basketball-reference.com/boxscores/201501310MIN.html,"8:00 PM, January 31, 2015",Minnesota Timberwolves,Cleveland Cavaliers,90,106,MIN,,,Team Totals,240,34,82,.415,6,13,.462,16,21,.762,12,23,35,19,6,1,12,14,90,,,Team Totals,240,.493,.451,.159,.256,26.1,56.1,40.2,55.9,6.8,1.8,11.6,100.0,102.6,120.8,
https://www.basketball-reference.com/boxscores/201501310ORL.html,"7:00 PM, January 31, 2015",Orlando Magic,Dallas Mavericks,93,108,DAL,,,Team Totals,240,42,74,.568,11,21,.524,13,22,.591,3,33,36,26,9,4,12,20,108,,,Team Totals,240,.645,.642,.284,.297,8.8,75.0,46.2,61.9,9.9,7.4,12.5,100.0,118.5,102.0,
https://www.basketball-reference.com/boxscores/201501310ORL.html,"7:00 PM, January 31, 2015",Orlando Magic,Dallas Mavericks,93,108,ORL,,,Team Totals,240,33,78,.423,8,24,.333,19,24,.792,11,31,42,21,9,3,15,24,93,,,Team Totals,240,.525,.474,.308,.308,25.0,91.2,53.8,63.6,9.9,5.7,14.5,100.0,102.0,118.5,
https://www.basketball-reference.com/boxscores/201501310SAS.html,"9:00 PM, January 31, 2015",San Antonio Spurs,Los Angeles Clippers,85,105,LAC,,,Team Totals,240,40,91,.440,8,22,.364,17,18,.944,16,40,56,20,12,7,15,23,105,,,Team Totals,240,.531,.484,.242,.198,33.3,90.9,60.9,50.0,12.4,15.6,13.2,100.0,108.4,87.8,
https://www.basketball-reference.com/boxscores/201501310SAS.html,"9:00 PM, January 31, 2015",San Antonio Spurs,Los Angeles Clippers,85,105,SAS,,,Team Totals,240,28,75,.373,10,30,.333,19,28,.679,4,32,36,18,11,3,17,17,85,,,Team Totals,240,.487,.440,.400,.373,9.1,66.7,39.1,64.3,11.4,4.3,16.3,100.0,87.8,108.4,
https://www.basketball-reference.com/boxscores/201501310WAS.html,"7:00 PM, January 31, 2015",Washington Wizards,Toronto Raptors,116,120,TOR,,,Team Totals,265,44,88,.500,11,26,.423,21,30,.700,6,28,34,26,7,8,14,29,120,,,Team Totals,265,.593,.563,.295,.341,17.6,70.0,45.9,59.1,6.7,14.5,12.2,100.0,114.5,110.7,
https://www.basketball-reference.com/boxscores/201501310WAS.html,"7:00 PM, January 31, 2015",Washington Wizards,Toronto Raptors,116,120,WAS,,,Team Totals,265,37,79,.468,10,24,.417,32,41,.780,12,28,40,26,8,6,22,24,116,,,Team Totals,265,.598,.532,.304,.519,30.0,82.4,54.1,70.3,7.6,9.7,18.5,100.0,110.7,114.5,
https://www.basketball-reference.com/boxscores/201502010BOS.html,"1:00 PM, February 1, 2015",Boston Celtics,Miami Heat,75,83,MIA,,,Team Totals,240,32,77,.416,4,21,.190,15,21,.714,10,36,46,18,7,9,20,18,83,,,Team Totals,240,.481,.442,.273,.273,23.8,81.8,53.5,56.3,7.5,14.5,18.8,100.0,89.1,80.6,
https://www.basketball-reference.com/boxscores/201502010BOS.html,"1:00 PM, February 1, 2015",Boston Celtics,Miami Heat,75,83,BOS,,,Team Totals,240,30,81,.370,4,19,.211,11,18,.611,8,32,40,24,7,3,14,19,75,,,Team Totals,240,.422,.395,.235,.222,18.2,76.2,46.5,80.0,7.5,5.4,13.6,100.0,80.6,89.1,
https://www.basketball-reference.com/boxscores/201502010NYK.html,"2:00 PM, February 1, 2015",New York Knicks,Los Angeles Lakers,92,80,LAL,,,Team Totals,240,27,76,.355,7,16,.438,19,23,.826,10,36,46,15,7,3,15,15,80,,,Team Totals,240,.464,.401,.211,.303,25.0,76.6,52.9,55.6,8.0,4.8,14.8,100.0,91.7,105.4,
https://www.basketball-reference.com/boxscores/201502010NYK.html,"2:00 PM, February 1, 2015",New York Knicks,Los Angeles Lakers,92,80,NYK,,,Team Totals,240,37,84,.440,10,22,.455,8,13,.615,11,30,41,18,7,3,10,21,92,,,Team Totals,240,.513,.500,.262,.155,23.4,75.0,47.1,48.6,8.0,5.0,10.0,100.0,105.4,91.7,
https://www.basketball-reference.com/boxscores/201502020BRK.html,"7:30 PM, February 2, 2015",Brooklyn Nets,Los Angeles Clippers,102,100,LAC,,,Team Totals,240,42,89,.472,8,23,.348,8,25,.320,15,37,52,23,6,1,13,22,100,,,Team Totals,240,.500,.517,.258,.281,30.0,78.7,53.6,54.8,6.2,1.8,11.5,100.0,103.3,105.4,
https://www.basketball-reference.com/boxscores/201502020BRK.html,"7:30 PM, February 2, 2015",Brooklyn Nets,Los Angeles Clippers,102,100,BRK,,,Team Totals,240,41,83,.494,12,27,.444,8,18,.444,10,35,45,21,4,0,16,27,102,,,Team Totals,240,.561,.566,.325,.217,21.3,70.0,46.4,51.2,4.1,0.0,15.0,100.0,105.4,103.3,
https://www.basketball-reference.com/boxscores/201502020CLE.html,"7:00 PM, February 2, 2015",Cleveland Cavaliers,Philadelphia 76ers,97,84,PHI,,,Team Totals,240,31,78,.397,12,33,.364,10,14,.714,11,26,37,23,16,7,22,22,84,,,Team Totals,240,.499,.474,.423,.179,25.6,70.3,46.3,74.2,17.2,13.7,20.7,100.0,90.4,104.4,
https://www.basketball-reference.com/boxscores/201502020CLE.html,"7:00 PM, February 2, 2015",Cleveland Cavaliers,Philadelphia 76ers,97,84,CLE,,,Team Totals,240,35,78,.449,12,27,.444,15,22,.682,11,32,43,22,8,6,20,17,97,,,Team Totals,240,.553,.526,.346,.282,29.7,74.4,53.8,62.9,8.6,13.3,18.6,100.0,104.4,90.4,
https://www.basketball-reference.com/boxscores/201502020DAL.html,"8:30 PM, February 2, 2015",Dallas Mavericks,Minnesota Timberwolves,100,94,MIN,,,Team Totals,240,34,82,.415,3,13,.231,23,26,.885,16,31,47,18,10,2,17,22,94,,,Team Totals,240,.503,.433,.159,.317,34.0,72.1,52.2,52.9,10.8,3.8,15.4,100.0,101.8,108.3,
https://www.basketball-reference.com/boxscores/201502020DAL.html,"8:30 PM, February 2, 2015",Dallas Mavericks,Minnesota Timberwolves,100,94,DAL,,,Team Totals,240,39,84,.464,10,31,.323,12,18,.667,12,31,43,27,11,10,15,18,100,,,Team Totals,240,.544,.524,.369,.214,27.9,66.0,47.8,69.2,11.9,14.5,14.0,100.0,108.3,101.8,
https://www.basketball-reference.com/boxscores/201502020NOP.html,"8:00 PM, February 2, 2015",New Orleans Pelicans,Atlanta Hawks,115,100,ATL,,,Team Totals,240,40,89,.449,7,22,.318,13,17,.765,9,23,32,19,6,3,6,15,100,,,Team Totals,240,.518,.489,.247,.191,20.5,57.5,38.1,47.5,6.7,4.8,5.9,100.0,111.3,128.0,
https://www.basketball-reference.com/boxscores/201502020NOP.html,"8:00 PM, February 2, 2015",New Orleans Pelicans,Atlanta Hawks,115,100,NOP,,,Team Totals,240,43,86,.500,9,23,.391,20,23,.870,17,35,52,30,5,10,13,15,115,,,Team Totals,240,.598,.552,.267,.267,42.5,79.5,61.9,69.8,5.6,14.9,11.9,100.0,128.0,111.3,
https://www.basketball-reference.com/boxscores/201502020OKC.html,"8:00 PM, February 2, 2015",Oklahoma City Thunder,Orlando Magic,104,97,ORL,,,Team Totals,240,38,90,.422,6,23,.261,15,18,.833,14,30,44,23,5,1,14,21,97,,,Team Totals,240,.495,.456,.256,.200,30.4,78.9,52.4,60.5,5.4,1.8,12.5,100.0,105.4,113.0,
https://www.basketball-reference.com/boxscores/201502020OKC.html,"8:00 PM, February 2, 2015",Oklahoma City Thunder,Orlando Magic,104,97,OKC,,,Team Totals,240,37,75,.493,8,20,.400,22,26,.846,8,32,40,25,10,5,13,20,104,,,Team Totals,240,.602,.547,.267,.347,21.1,69.6,47.6,67.6,10.9,7.5,13.1,100.0,113.0,105.4,
https://www.basketball-reference.com/boxscores/201502020PHO.html,"9:00 PM, February 2, 2015",Phoenix Suns,Memphis Grizzlies,101,102,MEM,,,Team Totals,240,36,83,.434,3,11,.273,27,34,.794,16,30,46,19,12,4,14,17,102,,,Team Totals,240,.521,.452,.133,.410,37.2,73.2,54.8,52.8,12.8,5.9,12.5,100.0,109.1,108.0,
https://www.basketball-reference.com/boxscores/201502020PHO.html,"9:00 PM, February 2, 2015",Phoenix Suns,Memphis Grizzlies,101,102,PHO,,,Team Totals,240,42,84,.500,6,16,.375,11,18,.611,11,27,38,18,12,6,16,25,101,,,Team Totals,240,.549,.536,.190,.214,26.8,62.8,45.2,42.9,12.8,8.3,14.8,100.0,108.0,109.1,
https://www.basketball-reference.com/boxscores/201502020TOR.html,"7:30 PM, February 2, 2015",Toronto Raptors,Milwaukee Bucks,75,82,MIL,,,Team Totals,240,33,80,.413,7,16,.438,9,17,.529,7,37,44,24,8,6,13,18,82,,,Team Totals,240,.469,.456,.200,.213,17.5,74.0,48.9,72.7,8.9,11.8,12.9,100.0,91.6,83.8,
https://www.basketball-reference.com/boxscores/201502020TOR.html,"7:30 PM, February 2, 2015",Toronto Raptors,Milwaukee Bucks,75,82,TOR,,,Team Totals,240,25,78,.321,7,27,.259,18,22,.818,13,33,46,14,7,3,16,19,75,,,Team Totals,240,.428,.365,.346,.282,26.0,82.5,51.1,56.0,7.8,4.7,15.4,100.0,83.8,91.6,
https://www.basketball-reference.com/boxscores/201502020WAS.html,"7:00 PM, February 2, 2015",Washington Wizards,Charlotte Hornets,88,92,CHO,,,Team Totals,240,37,79,.468,4,15,.267,14,19,.737,6,36,42,21,6,3,13,18,92,,,Team Totals,240,.527,.494,.190,.241,15.4,78.3,49.4,56.8,6.6,4.5,13.0,100.0,101.0,96.6,
https://www.basketball-reference.com/boxscores/201502020WAS.html,"7:00 PM, February 2, 2015",Washington Wizards,Charlotte Hornets,88,92,WAS,,,Team Totals,240,33,81,.407,6,15,.400,16,19,.842,10,33,43,19,7,3,12,23,88,,,Team Totals,240,.492,.444,.185,.235,21.7,84.6,50.6,57.6,7.7,4.7,11.8,100.0,96.6,101.0,
https://www.basketball-reference.com/boxscores/201502030DET.html,"7:30 PM, February 3, 2015",Detroit Pistons,Miami Heat,108,91,MIA,,,Team Totals,240,35,74,.473,6,14,.429,15,23,.652,8,27,35,23,1,6,10,14,91,,,Team Totals,240,.541,.514,.189,.311,20.5,65.9,43.8,65.7,1.2,8.8,10.6,100.0,106.4,126.3,
https://www.basketball-reference.com/boxscores/201502030DET.html,"7:30 PM, February 3, 2015",Detroit Pistons,Miami Heat,108,91,DET,,,Team Totals,240,42,88,.477,9,20,.450,15,18,.833,14,31,45,27,7,5,8,17,108,,,Team Totals,240,.563,.528,.227,.205,34.1,79.5,56.3,64.3,8.2,8.3,7.7,100.0,126.3,106.4,
https://www.basketball-reference.com/boxscores/201502030NYK.html,"7:30 PM, February 3, 2015",New York Knicks,Boston Celtics,97,108,BOS,,,Team Totals,240,42,77,.545,6,24,.250,18,23,.783,11,28,39,23,6,0,17,11,108,,,Team Totals,240,.620,.584,.312,.299,32.4,70.0,52.7,54.8,6.7,0.0,16.3,100.0,121.3,109.0,
https://www.basketball-reference.com/boxscores/201502030NYK.html,"7:30 PM, February 3, 2015",New York Knicks,Boston Celtics,97,108,NYK,,,Team Totals,240,41,83,.494,7,20,.350,8,11,.727,12,23,35,22,7,2,13,18,97,,,Team Totals,240,.552,.536,.241,.133,30.0,67.6,47.3,53.7,7.9,3.8,12.9,100.0,109.0,121.3,
https://www.basketball-reference.com/boxscores/201502030PHI.html,"7:00 PM, February 3, 2015",Philadelphia 76ers,Denver Nuggets,105,98,DEN,,,Team Totals,240,33,85,.388,12,31,.387,20,28,.714,8,29,37,26,13,3,14,29,98,,,Team Totals,240,.503,.459,.365,.329,16.0,80.6,43.0,78.8,12.9,7.0,12.6,100.0,97.5,104.5,
https://www.basketball-reference.com/boxscores/201502030PHI.html,"7:00 PM, February 3, 2015",Philadelphia 76ers,Denver Nuggets,105,98,PHI,,,Team Totals,240,31,70,.443,11,27,.407,32,42,.762,7,42,49,26,10,9,21,22,105,,,Team Totals,240,.593,.521,.386,.600,19.4,84.0,57.0,83.9,10.0,16.7,19.2,100.0,104.5,97.5,
https://www.basketball-reference.com/boxscores/201502030POR.html,"10:00 PM, February 3, 2015",Portland Trail Blazers,Utah Jazz,103,102,UTA,,,Team Totals,240,39,85,.459,6,13,.462,18,26,.692,14,27,41,18,8,4,10,23,102,,,Team Totals,240,.529,.494,.153,.306,29.8,69.2,47.7,46.2,8.8,7.5,9.4,100.0,112.6,113.7,
https://www.basketball-reference.com/boxscores/201502030POR.html,"10:00 PM, February 3, 2015",Portland Trail Blazers,Utah Jazz,103,102,POR,,,Team Totals,240,36,76,.474,7,23,.304,24,34,.706,12,33,45,18,8,6,14,20,103,,,Team Totals,240,.566,.520,.303,.447,30.8,70.2,52.3,50.0,8.8,8.3,13.3,100.0,113.7,112.6,
https://www.basketball-reference.com/boxscores/201502030SAC.html,"10:00 PM, February 3, 2015",Sacramento Kings,Golden State Warriors,96,121,GSW,,,Team Totals,240,46,91,.505,10,23,.435,19,26,.731,14,35,49,33,13,5,11,23,121,,,Team Totals,240,.591,.560,.253,.286,33.3,85.4,59.0,71.7,13.3,7.9,9.7,100.0,123.4,97.9,
https://www.basketball-reference.com/boxscores/201502030SAC.html,"10:00 PM, February 3, 2015",Sacramento Kings,Golden State Warriors,96,121,SAC,,,Team Totals,240,35,79,.443,7,16,.438,19,24,.792,6,28,34,17,7,4,18,21,96,,,Team Totals,240,.536,.487,.203,.304,14.6,66.7,41.0,48.6,7.1,5.9,16.7,100.0,97.9,123.4,
https://www.basketball-reference.com/boxscores/201502040ATL.html,"7:30 PM, February 4, 2015",Atlanta Hawks,Washington Wizards,105,96,WAS,,,Team Totals,240,34,77,.442,4,16,.250,24,30,.800,5,36,41,19,7,2,12,24,96,,,Team Totals,240,.532,.468,.208,.390,11.9,80.0,47.1,55.9,7.3,3.6,11.7,100.0,100.3,109.8,
https://www.basketball-reference.com/boxscores/201502040ATL.html,"7:30 PM, February 4, 2015",Atlanta Hawks,Washington Wizards,105,96,ATL,,,Team Totals,240,38,80,.475,11,25,.440,18,27,.667,9,37,46,24,7,2,14,22,105,,,Team Totals,240,.571,.544,.313,.338,20.0,88.1,52.9,63.2,7.3,3.3,13.2,100.0,109.8,100.3,
https://www.basketball-reference.com/boxscores/201502040BOS.html,"7:30 PM, February 4, 2015",Boston Celtics,Denver Nuggets,104,100,DEN,,,Team Totals,240,33,80,.413,4,24,.167,30,33,.909,14,34,48,18,9,6,15,19,100,,,Team Totals,240,.529,.438,.300,.413,30.4,64.2,48.5,54.5,9.5,8.5,13.7,100.0,105.8,110.0,
https://www.basketball-reference.com/boxscores/201502040BOS.html,"7:30 PM, February 4, 2015",Boston Celtics,Denver Nuggets,104,100,BOS,,,Team Totals,240,40,99,.404,12,28,.429,12,17,.706,19,32,51,27,10,3,13,21,104,,,Team Totals,240,.488,.465,.283,.172,35.8,69.6,51.5,67.5,10.6,5.4,10.9,100.0,110.0,105.8,
https://www.basketball-reference.com/boxscores/201502040GSW.html,"10:30 PM, February 4, 2015",Golden State Warriors,Dallas Mavericks,128,114,DAL,,,Team Totals,240,41,98,.418,10,30,.333,22,28,.786,14,28,42,24,8,1,8,19,114,,,Team Totals,240,.517,.469,.306,.286,28.0,73.7,47.7,58.5,8.1,2.1,6.8,100.0,115.4,129.6,
https://www.basketball-reference.com/boxscores/201502040GSW.html,"10:30 PM, February 4, 2015",Golden State Warriors,Dallas Mavericks,128,114,GSW,,,Team Totals,240,45,86,.523,19,38,.500,19,25,.760,10,36,46,29,5,5,13,22,128,,,Team Totals,240,.660,.634,.442,.291,26.3,72.0,52.3,64.4,5.1,7.4,11.8,100.0,129.6,115.4,
https://www.basketball-reference.com/boxscores/201502040HOU.html,"8:00 PM, February 4, 2015",Houston Rockets,Chicago Bulls,101,90,CHI,,,Team Totals,240,31,89,.348,8,25,.320,20,26,.769,18,42,60,16,3,5,13,17,90,,,Team Totals,240,.448,.393,.281,.292,33.3,79.2,56.1,51.6,3.2,7.7,11.5,100.0,96.3,108.1,
https://www.basketball-reference.com/boxscores/201502040HOU.html,"8:00 PM, February 4, 2015",Houston Rockets,Chicago Bulls,101,90,HOU,,,Team Totals,240,38,92,.413,8,27,.296,17,23,.739,11,36,47,18,6,8,6,19,101,,,Team Totals,240,.495,.457,.293,.250,20.8,66.7,43.9,47.4,6.4,12.5,5.5,100.0,108.1,96.3,
https://www.basketball-reference.com/boxscores/201502040IND.html,"7:00 PM, February 4, 2015",Indiana Pacers,Detroit Pistons,114,109,DET,,,Team Totals,240,43,87,.494,12,24,.500,11,15,.733,12,23,35,23,7,2,10,18,109,,,Team Totals,240,.582,.563,.276,.172,29.3,74.2,48.6,53.5,7.9,3.6,9.7,100.0,122.6,128.2,
https://www.basketball-reference.com/boxscores/201502040IND.html,"7:00 PM, February 4, 2015",Indiana Pacers,Detroit Pistons,114,109,IND,,,Team Totals,240,46,77,.597,12,21,.571,10,18,.556,8,29,37,28,5,4,13,15,114,,,Team Totals,240,.671,.675,.273,.234,25.8,70.7,51.4,60.9,5.6,6.3,13.3,100.0,128.2,122.6,
https://www.basketball-reference.com/boxscores/201502040MIL.html,"8:00 PM, February 4, 2015",Milwaukee Bucks,Los Angeles Lakers,113,105,LAL,,,Team Totals,265,39,93,.419,9,28,.321,18,25,.720,18,35,53,22,3,2,18,25,105,,,Team Totals,265,.505,.468,.301,.269,37.5,87.5,60.2,56.4,3.1,3.6,14.8,100.0,106.8,114.9,
https://www.basketball-reference.com/boxscores/201502040MIL.html,"8:00 PM, February 4, 2015",Milwaukee Bucks,Los Angeles Lakers,113,105,MIL,,,Team Totals,265,41,82,.500,11,26,.423,20,22,.909,5,30,35,25,10,7,12,22,113,,,Team Totals,265,.616,.567,.317,.268,12.5,62.5,39.8,61.0,10.2,10.8,11.6,100.0,114.9,106.8,
https://www.basketball-reference.com/boxscores/201502040MIN.html,"8:00 PM, February 4, 2015",Minnesota Timberwolves,Miami Heat,102,101,MIA,,,Team Totals,240,39,80,.488,7,16,.438,16,24,.667,15,32,47,18,11,3,18,23,101,,,Team Totals,240,.558,.531,.200,.300,34.1,91.4,59.5,46.2,11.8,4.9,16.6,100.0,108.5,109.5,
https://www.basketball-reference.com/boxscores/201502040MIN.html,"8:00 PM, February 4, 2015",Minnesota Timberwolves,Miami Heat,102,101,MIN,,,Team Totals,240,37,72,.514,6,11,.545,22,27,.815,3,29,32,27,10,3,14,24,102,,,Team Totals,240,.608,.556,.153,.375,8.6,65.9,40.5,73.0,10.7,4.7,14.3,100.0,109.5,108.5,
https://www.basketball-reference.com/boxscores/201502040NOP.html,"8:00 PM, February 4, 2015",New Orleans Pelicans,Oklahoma City Thunder,91,102,OKC,,,Team Totals,240,45,85,.529,5,15,.333,7,11,.636,12,36,48,21,3,11,15,20,102,,,Team Totals,240,.568,.559,.176,.129,29.3,65.5,50.0,46.7,3.3,15.3,14.3,100.0,111.5,99.5,
https://www.basketball-reference.com/boxscores/201502040NOP.html,"8:00 PM, February 4, 2015",New Orleans Pelicans,Oklahoma City Thunder,91,102,NOP,,,Team Totals,240,37,97,.381,7,25,.280,10,13,.769,19,29,48,23,7,3,11,14,91,,,Team Totals,240,.443,.418,.258,.134,34.5,70.7,50.0,62.2,7.7,4.3,9.7,100.0,99.5,111.5,
https://www.basketball-reference.com/boxscores/201502040SAS.html,"8:30 PM, February 4, 2015",San Antonio Spurs,Orlando Magic,110,103,ORL,,,Team Totals,240,42,84,.500,10,21,.476,9,14,.643,5,34,39,27,6,1,13,16,103,,,Team Totals,240,.571,.560,.250,.167,12.5,85.0,48.8,64.3,6.3,1.9,12.6,100.0,107.8,115.1,
https://www.basketball-reference.com/boxscores/201502040SAS.html,"8:30 PM, February 4, 2015",San Antonio Spurs,Orlando Magic,110,103,SAS,,,Team Totals,240,44,84,.524,14,32,.438,8,14,.571,6,35,41,32,7,4,11,12,110,,,Team Totals,240,.610,.607,.381,.167,15.0,87.5,51.3,72.7,7.3,6.3,10.9,100.0,115.1,107.8,
https://www.basketball-reference.com/boxscores/201502040TOR.html,"7:30 PM, February 4, 2015",Toronto Raptors,Brooklyn Nets,93,109,BRK,,,Team Totals,240,40,81,.494,9,19,.474,20,23,.870,10,29,39,24,7,1,9,17,109,,,Team Totals,240,.598,.549,.235,.284,25.6,76.3,50.6,60.0,8.1,2.2,9.0,100.0,126.7,108.1,
https://www.basketball-reference.com/boxscores/201502040TOR.html,"7:30 PM, February 4, 2015",Toronto Raptors,Brooklyn Nets,93,109,TOR,,,Team Totals,240,35,79,.443,10,33,.303,13,18,.722,9,29,38,22,3,4,9,16,93,,,Team Totals,240,.535,.506,.418,.228,23.7,74.4,49.4,62.9,3.5,6.5,9.4,100.0,108.1,126.7,
https://www.basketball-reference.com/boxscores/201502040UTA.html,"9:00 PM, February 4, 2015",Utah Jazz,Memphis Grizzlies,90,100,MEM,,,Team Totals,240,38,80,.475,6,13,.462,18,22,.818,11,27,38,26,7,4,9,21,100,,,Team Totals,240,.558,.513,.163,.275,26.2,75.0,48.7,68.4,8.1,8.0,9.1,100.0,115.8,104.2,
https://www.basketball-reference.com/boxscores/201502040UTA.html,"9:00 PM, February 4, 2015",Utah Jazz,Memphis Grizzlies,90,100,UTA,,,Team Totals,240,33,73,.452,7,23,.304,17,26,.654,9,31,40,15,6,3,14,19,90,,,Team Totals,240,.533,.500,.315,.356,25.0,73.8,51.3,45.5,6.9,4.5,14.2,100.0,104.2,115.8,
https://www.basketball-reference.com/boxscores/201502050CHO.html,"7:00 PM, February 5, 2015",Charlotte Hornets,Washington Wizards,94,87,WAS,,,Team Totals,240,35,84,.417,5,10,.500,12,17,.706,9,28,37,20,2,5,13,26,87,,,Team Totals,240,.476,.446,.119,.202,19.1,70.0,42.5,57.1,2.2,9.8,12.4,100.0,94.7,102.3,
https://www.basketball-reference.com/boxscores/201502050CHO.html,"7:00 PM, February 5, 2015",Charlotte Hornets,Washington Wizards,94,87,CHO,,,Team Totals,240,33,76,.434,6,25,.240,22,27,.815,12,38,50,15,5,15,17,19,94,,,Team Totals,240,.535,.474,.329,.355,30.0,80.9,57.5,45.5,5.4,20.3,16.2,100.0,102.3,94.7,
https://www.basketball-reference.com/boxscores/201502050CLE.html,"8:00 PM, February 5, 2015",Cleveland Cavaliers,Los Angeles Clippers,105,94,LAC,,,Team Totals,240,38,91,.418,5,22,.227,13,20,.650,14,29,43,24,9,1,12,29,94,,,Team Totals,240,.471,.445,.242,.220,26.9,67.4,45.3,63.2,9.5,2.4,10.7,100.0,99.4,111.1,
https://www.basketball-reference.com/boxscores/201502050CLE.html,"8:00 PM, February 5, 2015",Cleveland Cavaliers,Los Angeles Clippers,105,94,CLE,,,Team Totals,240,31,72,.431,8,30,.267,35,44,.795,14,38,52,23,10,4,18,21,105,,,Team Totals,240,.575,.486,.417,.611,32.6,73.1,54.7,74.2,10.6,5.8,16.5,100.0,111.1,99.4,
https://www.basketball-reference.com/boxscores/201502050POR.html,"10:30 PM, February 5, 2015",Portland Trail Blazers,Phoenix Suns,108,87,PHO,,,Team Totals,240,34,88,.386,6,23,.261,13,17,.765,11,31,42,20,11,2,16,21,87,,,Team Totals,240,.456,.420,.261,.193,20.0,70.5,42.4,58.8,11.2,3.4,14.4,100.0,88.5,109.8,
https://www.basketball-reference.com/boxscores/201502050POR.html,"10:30 PM, February 5, 2015",Portland Trail Blazers,Phoenix Suns,108,87,POR,,,Team Totals,240,40,90,.444,8,31,.258,20,23,.870,13,44,57,21,7,7,14,14,108,,,Team Totals,240,.539,.489,.344,.256,29.5,80.0,57.6,52.5,7.1,10.8,12.3,100.0,109.8,88.5,
https://www.basketball-reference.com/boxscores/201502050SAC.html,"10:00 PM, February 5, 2015",Sacramento Kings,Dallas Mavericks,78,101,DAL,,,Team Totals,240,41,96,.427,12,34,.353,7,10,.700,8,40,48,25,9,7,9,19,101,,,Team Totals,240,.503,.490,.354,.104,16.0,85.1,49.5,61.0,9.2,12.1,8.2,100.0,102.8,79.4,
https://www.basketball-reference.com/boxscores/201502050SAC.html,"10:00 PM, February 5, 2015",Sacramento Kings,Dallas Mavericks,78,101,SAC,,,Team Totals,240,29,79,.367,3,21,.143,17,22,.773,7,42,49,13,5,8,17,18,78,,,Team Totals,240,.440,.386,.266,.278,14.9,84.0,50.5,44.8,5.1,12.9,16.1,100.0,79.4,102.8,
https://www.basketball-reference.com/boxscores/201502060ATL.html,"7:30 PM, February 6, 2015",Atlanta Hawks,Golden State Warriors,124,116,GSW,,,Team Totals,240,47,103,.456,12,33,.364,10,15,.667,19,32,51,31,7,7,14,24,116,,,Team Totals,240,.529,.515,.320,.146,35.8,88.9,57.3,66.0,6.9,14.0,11.3,100.0,115.0,123.0,
https://www.basketball-reference.com/boxscores/201502060ATL.html,"7:30 PM, February 6, 2015",Atlanta Hawks,Golden State Warriors,124,116,ATL,,,Team Totals,240,38,77,.494,15,27,.556,33,37,.892,4,34,38,28,13,4,13,19,124,,,Team Totals,240,.665,.591,.351,.481,11.1,64.2,42.7,73.7,12.9,5.7,12.2,100.0,123.0,115.0,
https://www.basketball-reference.com/boxscores/201502060BOS.html,"7:30 PM, February 6, 2015",Boston Celtics,Philadelphia 76ers,107,96,PHI,,,Team Totals,240,35,79,.443,11,25,.440,15,31,.484,11,33,44,22,6,3,17,19,96,,,Team Totals,240,.518,.513,.316,.392,20.8,75.0,45.4,62.9,6.2,5.1,15.5,100.0,100.0,111.4,
https://www.basketball-reference.com/boxscores/201502060BOS.html,"7:30 PM, February 6, 2015",Boston Celtics,Philadelphia 76ers,107,96,BOS,,,Team Totals,240,39,86,.453,10,27,.370,19,25,.760,11,42,53,27,8,4,10,24,107,,,Team Totals,240,.552,.512,.314,.291,25.0,79.2,54.6,69.2,8.3,7.4,9.3,100.0,111.4,100.0,
https://www.basketball-reference.com/boxscores/201502060BRK.html,"7:00 PM, February 6, 2015",Brooklyn Nets,New York Knicks,92,88,NYK,,,Team Totals,240,34,89,.382,6,24,.250,14,17,.824,13,27,40,23,8,3,6,22,88,,,Team Totals,240,.456,.416,.270,.191,26.0,73.0,46.0,67.6,9.3,4.8,5.9,100.0,102.0,106.6,
https://www.basketball-reference.com/boxscores/201502060BRK.html,"7:00 PM, February 6, 2015",Brooklyn Nets,New York Knicks,92,88,BRK,,,Team Totals,240,37,74,.500,3,11,.273,15,22,.682,10,37,47,23,1,10,14,19,92,,,Team Totals,240,.550,.520,.149,.297,27.0,74.0,54.0,62.2,1.2,15.4,14.3,100.0,106.6,102.0,
https://www.basketball-reference.com/boxscores/201502060DET.html,"7:30 PM, February 6, 2015",Detroit Pistons,Denver Nuggets,98,88,DEN,,,Team Totals,240,33,85,.388,5,22,.227,17,22,.773,11,32,43,22,7,5,13,24,88,,,Team Totals,240,.465,.418,.259,.259,21.6,74.4,45.7,66.7,7.3,8.6,12.1,100.0,91.7,102.1,
https://www.basketball-reference.com/boxscores/201502060DET.html,"7:30 PM, February 6, 2015",Detroit Pistons,Denver Nuggets,98,88,DET,,,Team Totals,240,37,82,.451,4,24,.167,20,26,.769,11,40,51,23,4,4,17,16,98,,,Team Totals,240,.524,.476,.293,.317,25.6,78.4,54.3,62.2,4.2,6.3,15.4,100.0,102.1,91.7,
https://www.basketball-reference.com/boxscores/201502060HOU.html,"8:00 PM, February 6, 2015",Houston Rockets,Milwaukee Bucks,117,111,MIL,,,Team Totals,240,48,95,.505,4,17,.235,11,15,.733,11,30,41,29,10,3,14,23,111,,,Team Totals,240,.546,.526,.179,.158,25.6,75.0,49.4,60.4,9.9,6.1,12.1,100.0,109.9,115.8,
https://www.basketball-reference.com/boxscores/201502060HOU.html,"8:00 PM, February 6, 2015",Houston Rockets,Milwaukee Bucks,117,111,HOU,,,Team Totals,240,41,81,.506,15,32,.469,20,29,.690,10,32,42,32,11,5,18,17,117,,,Team Totals,240,.624,.599,.395,.358,25.0,74.4,50.6,78.0,10.9,6.4,16.1,100.0,115.8,109.9,
https://www.basketball-reference.com/boxscores/201502060IND.html,"7:00 PM, February 6, 2015",Indiana Pacers,Cleveland Cavaliers,103,99,CLE,,,Team Totals,240,40,89,.449,11,35,.314,8,12,.667,15,28,43,18,6,3,15,20,99,,,Team Totals,240,.525,.511,.393,.135,31.9,75.7,51.2,45.0,6.7,5.2,13.7,100.0,110.9,115.4,
https://www.basketball-reference.com/boxscores/201502060IND.html,"7:00 PM, February 6, 2015",Indiana Pacers,Cleveland Cavaliers,103,99,IND,,,Team Totals,240,37,79,.468,8,21,.381,21,26,.808,9,32,41,26,9,2,8,14,103,,,Team Totals,240,.569,.519,.266,.329,24.3,68.1,48.8,70.3,10.1,3.7,8.1,100.0,115.4,110.9,
https://www.basketball-reference.com/boxscores/201502060MIN.html,"8:00 PM, February 6, 2015",Minnesota Timberwolves,Memphis Grizzlies,90,89,MEM,,,Team Totals,240,36,69,.522,2,12,.167,15,20,.750,2,28,30,19,11,5,18,19,89,,,Team Totals,240,.572,.536,.174,.290,6.1,70.0,41.1,52.8,12.0,7.8,18.8,100.0,97.3,98.4,
https://www.basketball-reference.com/boxscores/201502060MIN.html,"8:00 PM, February 6, 2015",Minnesota Timberwolves,Memphis Grizzlies,90,89,MIN,,,Team Totals,240,35,81,.432,5,17,.294,15,17,.882,12,31,43,17,8,1,17,21,90,,,Team Totals,240,.509,.463,.210,.210,30.0,93.9,58.9,48.6,8.7,1.8,16.1,100.0,98.4,97.3,
https://www.basketball-reference.com/boxscores/201502060OKC.html,"8:00 PM, February 6, 2015",Oklahoma City Thunder,New Orleans Pelicans,113,116,NOP,,,Team Totals,240,40,83,.482,11,20,.550,25,30,.833,11,35,46,26,5,5,18,22,116,,,Team Totals,240,.603,.548,.241,.361,26.8,77.8,53.5,65.0,4.9,7.7,15.8,100.0,114.7,111.8,
https://www.basketball-reference.com/boxscores/201502060OKC.html,"8:00 PM, February 6, 2015",Oklahoma City Thunder,New Orleans Pelicans,113,116,OKC,,,Team Totals,240,40,89,.449,8,24,.333,25,28,.893,10,30,40,19,11,8,13,23,113,,,Team Totals,240,.558,.494,.270,.315,22.2,73.2,46.5,47.5,10.9,12.7,11.4,100.0,111.8,114.7,
https://www.basketball-reference.com/boxscores/201502060ORL.html,"7:00 PM, February 6, 2015",Orlando Magic,Los Angeles Lakers,103,97,LAL,,,Team Totals,265,39,97,.402,11,26,.423,8,13,.615,15,28,43,27,12,8,15,13,97,,,Team Totals,265,.472,.459,.268,.134,28.3,73.7,47.3,69.2,12.2,11.8,12.7,100.0,99.0,105.1,
https://www.basketball-reference.com/boxscores/201502060ORL.html,"7:00 PM, February 6, 2015",Orlando Magic,Los Angeles Lakers,103,97,ORL,,,Team Totals,265,43,83,.518,5,15,.333,12,14,.857,10,38,48,26,9,6,19,13,103,,,Team Totals,265,.578,.548,.181,.169,26.3,71.7,52.7,60.5,9.2,8.5,17.6,100.0,105.1,99.0,
https://www.basketball-reference.com/boxscores/201502060PHO.html,"9:00 PM, February 6, 2015",Phoenix Suns,Utah Jazz,100,93,UTA,,,Team Totals,240,37,80,.463,7,20,.350,12,18,.667,6,37,43,23,8,4,14,16,93,,,Team Totals,240,.529,.506,.250,.225,15.0,78.7,49.4,62.2,8.6,7.0,13.7,100.0,100.3,107.9,
https://www.basketball-reference.com/boxscores/201502060PHO.html,"9:00 PM, February 6, 2015",Phoenix Suns,Utah Jazz,100,93,PHO,,,Team Totals,240,38,84,.452,14,27,.519,10,14,.714,10,34,44,20,10,5,12,16,100,,,Team Totals,240,.555,.536,.321,.167,21.3,85.0,50.6,52.6,10.8,8.3,11.7,100.0,107.9,100.3,
https://www.basketball-reference.com/boxscores/201502060SAS.html,"9:30 PM, February 6, 2015",San Antonio Spurs,Miami Heat,98,85,MIA,,,Team Totals,240,36,80,.450,5,16,.313,8,9,.889,10,27,37,23,7,3,17,10,85,,,Team Totals,240,.506,.481,.200,.113,25.6,65.9,46.3,63.9,8.0,5.6,16.8,100.0,96.9,111.7,
https://www.basketball-reference.com/boxscores/201502060SAS.html,"9:30 PM, February 6, 2015",San Antonio Spurs,Miami Heat,98,85,SAS,,,Team Totals,240,40,83,.482,11,29,.379,7,9,.778,14,29,43,31,12,4,16,18,98,,,Team Totals,240,.563,.548,.349,.108,34.1,74.4,53.8,77.5,13.7,6.3,15.5,100.0,111.7,96.9,
https://www.basketball-reference.com/boxscores/201502060TOR.html,"7:00 PM, February 6, 2015",Toronto Raptors,Los Angeles Clippers,123,107,LAC,,,Team Totals,240,38,78,.487,6,23,.261,25,31,.806,7,23,30,21,8,4,8,21,107,,,Team Totals,240,.584,.526,.295,.397,17.9,69.7,41.7,55.3,8.7,8.9,8.0,100.0,116.8,134.3,
https://www.basketball-reference.com/boxscores/201502060TOR.html,"7:00 PM, February 6, 2015",Toronto Raptors,Los Angeles Clippers,123,107,TOR,,,Team Totals,240,40,75,.533,13,30,.433,30,37,.811,10,32,42,25,7,1,14,19,123,,,Team Totals,240,.674,.620,.400,.493,30.3,82.1,58.3,62.5,7.6,1.8,13.3,100.0,134.3,116.8,
https://www.basketball-reference.com/boxscores/201502070DAL.html,"8:30 PM, February 7, 2015",Dallas Mavericks,Portland Trail Blazers,111,101,POR,,,Team Totals,265,37,89,.416,10,32,.313,17,24,.708,17,41,58,24,11,4,23,21,101,,,Team Totals,265,.507,.472,.360,.270,32.7,67.2,51.3,64.9,10.5,5.8,18.8,100.0,96.2,105.7,
https://www.basketball-reference.com/boxscores/201502070DAL.html,"8:30 PM, February 7, 2015",Dallas Mavericks,Portland Trail Blazers,111,101,DAL,,,Team Totals,265,43,105,.410,14,36,.389,11,16,.688,20,35,55,21,11,7,17,20,111,,,Team Totals,265,.495,.476,.343,.152,32.8,67.3,48.7,48.8,10.5,12.3,13.2,100.0,105.7,96.2,
https://www.basketball-reference.com/boxscores/201502070MIL.html,"8:30 PM, February 7, 2015",Milwaukee Bucks,Boston Celtics,96,93,BOS,,,Team Totals,240,36,86,.419,7,29,.241,14,20,.700,11,33,44,20,7,1,11,19,93,,,Team Totals,240,.491,.459,.337,.233,24.4,84.6,52.4,55.6,7.8,1.8,10.4,100.0,103.2,106.5,
https://www.basketball-reference.com/boxscores/201502070MIL.html,"8:30 PM, February 7, 2015",Milwaukee Bucks,Boston Celtics,96,93,MIL,,,Team Totals,240,37,75,.493,8,20,.400,14,19,.737,6,34,40,21,6,6,12,20,96,,,Team Totals,240,.576,.547,.267,.253,15.4,75.6,47.6,56.8,6.7,10.5,12.6,100.0,106.5,103.2,
https://www.basketball-reference.com/boxscores/201502070NOP.html,"7:00 PM, February 7, 2015",New Orleans Pelicans,Chicago Bulls,72,107,CHI,,,Team Totals,240,43,84,.512,10,22,.455,11,13,.846,8,37,45,18,6,4,11,7,107,,,Team Totals,240,.596,.571,.262,.155,23.5,75.5,54.2,41.9,6.8,5.8,10.9,100.0,121.2,81.6,
https://www.basketball-reference.com/boxscores/201502070NOP.html,"7:00 PM, February 7, 2015",New Orleans Pelicans,Chicago Bulls,72,107,NOP,,,Team Totals,240,32,86,.372,4,17,.235,4,7,.571,12,26,38,16,8,6,12,13,72,,,Team Totals,240,.404,.395,.198,.081,24.5,76.5,45.8,50.0,9.1,9.7,11.9,100.0,81.6,121.2,
https://www.basketball-reference.com/boxscores/201502070NYK.html,"7:30 PM, February 7, 2015",New York Knicks,Golden State Warriors,92,106,GSW,,,Team Totals,240,37,81,.457,12,25,.480,20,24,.833,12,36,48,21,8,5,14,19,106,,,Team Totals,240,.579,.531,.309,.296,29.3,70.6,52.2,56.8,8.7,7.2,13.3,100.0,115.7,100.4,
https://www.basketball-reference.com/boxscores/201502070NYK.html,"7:30 PM, February 7, 2015",New York Knicks,Golden State Warriors,92,106,NYK,,,Team Totals,240,35,87,.402,8,18,.444,14,17,.824,15,29,44,23,7,1,15,20,92,,,Team Totals,240,.487,.448,.207,.195,29.4,70.7,47.8,65.7,7.6,1.8,13.7,100.0,100.4,115.7,
https://www.basketball-reference.com/boxscores/201502070PHI.html,"7:30 PM, February 7, 2015",Philadelphia 76ers,Charlotte Hornets,89,81,CHO,,,Team Totals,240,29,84,.345,6,23,.261,17,20,.850,5,38,43,24,9,5,12,20,81,,,Team Totals,240,.436,.381,.274,.238,10.6,88.4,47.8,82.8,9.3,9.8,11.5,100.0,83.9,92.2,
https://www.basketball-reference.com/boxscores/201502070PHI.html,"7:30 PM, February 7, 2015",Philadelphia 76ers,Charlotte Hornets,89,81,PHI,,,Team Totals,240,29,74,.392,9,23,.391,22,30,.733,5,42,47,19,6,5,15,22,89,,,Team Totals,240,.510,.453,.311,.405,11.6,89.4,52.2,65.5,6.2,8.2,14.7,100.0,92.2,83.9,
https://www.basketball-reference.com/boxscores/201502070UTA.html,"9:00 PM, February 7, 2015",Utah Jazz,Sacramento Kings,102,90,SAC,,,Team Totals,240,32,82,.390,3,13,.231,23,33,.697,14,26,40,15,3,5,12,19,90,,,Team Totals,240,.466,.409,.159,.402,32.6,65.0,48.2,46.9,3.4,7.5,11.1,100.0,102.0,115.6,
https://www.basketball-reference.com/boxscores/201502070UTA.html,"9:00 PM, February 7, 2015",Utah Jazz,Sacramento Kings,102,90,UTA,,,Team Totals,240,43,86,.500,5,19,.263,11,17,.647,14,29,43,21,6,6,10,28,102,,,Team Totals,240,.546,.529,.221,.198,35.0,67.4,51.8,48.8,6.8,8.7,9.7,100.0,115.6,102.0,
https://www.basketball-reference.com/boxscores/201502070WAS.html,"7:00 PM, February 7, 2015",Washington Wizards,Brooklyn Nets,114,77,BRK,,,Team Totals,240,26,77,.338,4,18,.222,21,31,.677,13,25,38,17,8,4,15,20,77,,,Team Totals,240,.425,.364,.234,.403,27.1,61.0,42.7,65.4,8.8,6.0,14.2,100.0,84.7,125.4,
https://www.basketball-reference.com/boxscores/201502070WAS.html,"7:00 PM, February 7, 2015",Washington Wizards,Brooklyn Nets,114,77,WAS,,,Team Totals,240,44,87,.506,9,20,.450,17,23,.739,16,35,51,31,9,3,14,24,114,,,Team Totals,240,.587,.557,.230,.264,39.0,72.9,57.3,70.5,9.9,5.1,12.6,100.0,125.4,84.7,
https://www.basketball-reference.com/boxscores/201502080CHO.html,"6:00 PM, February 8, 2015",Charlotte Hornets,Indiana Pacers,102,103,IND,,,Team Totals,240,37,84,.440,7,19,.368,22,25,.880,8,32,40,19,4,2,12,25,103,,,Team Totals,240,.542,.482,.226,.298,20.5,88.9,53.3,51.4,4.2,3.2,11.2,100.0,109.0,107.9,
https://www.basketball-reference.com/boxscores/201502080CHO.html,"6:00 PM, February 8, 2015",Charlotte Hornets,Indiana Pacers,102,103,CHO,,,Team Totals,240,36,77,.468,8,14,.571,22,28,.786,4,31,35,24,5,4,10,23,102,,,Team Totals,240,.571,.519,.182,.364,11.1,79.5,46.7,66.7,5.3,6.2,10.1,100.0,107.9,109.0,
https://www.basketball-reference.com/boxscores/201502080CLE.html,"3:30 PM, February 8, 2015",Cleveland Cavaliers,Los Angeles Lakers,120,105,LAL,,,Team Totals,240,41,100,.410,7,23,.304,16,19,.842,19,27,46,22,11,5,7,18,105,,,Team Totals,240,.484,.445,.230,.190,32.2,81.8,50.0,53.7,11.5,10.2,6.1,100.0,109.9,125.6,
https://www.basketball-reference.com/boxscores/201502080CLE.html,"3:30 PM, February 8, 2015",Cleveland Cavaliers,Los Angeles Lakers,120,105,CLE,,,Team Totals,240,45,82,.549,18,33,.545,12,20,.600,6,40,46,31,6,7,14,15,120,,,Team Totals,240,.661,.659,.402,.244,18.2,67.8,50.0,68.9,6.3,9.1,13.4,100.0,125.6,109.9,
https://www.basketball-reference.com/boxscores/201502080DET.html,"6:00 PM, February 8, 2015",Detroit Pistons,Minnesota Timberwolves,101,112,MIN,,,Team Totals,240,39,76,.513,5,12,.417,29,34,.853,9,31,40,26,6,1,15,20,112,,,Team Totals,240,.616,.546,.158,.447,28.1,72.1,53.3,66.7,6.5,2.1,14.2,100.0,121.9,109.9,
https://www.basketball-reference.com/boxscores/201502080DET.html,"6:00 PM, February 8, 2015",Detroit Pistons,Minnesota Timberwolves,101,112,DET,,,Team Totals,240,37,79,.468,10,31,.323,17,22,.773,12,23,35,18,8,4,15,25,101,,,Team Totals,240,.569,.532,.392,.278,27.9,71.9,46.7,48.6,8.7,6.3,14.5,100.0,109.9,121.9,
https://www.basketball-reference.com/boxscores/201502080HOU.html,"7:00 PM, February 8, 2015",Houston Rockets,Portland Trail Blazers,98,109,POR,,,Team Totals,240,40,76,.526,9,29,.310,20,23,.870,4,35,39,20,8,5,11,19,109,,,Team Totals,240,.633,.586,.382,.303,13.8,70.0,49.4,50.0,8.8,10.6,11.3,100.0,120.4,108.2,
https://www.basketball-reference.com/boxscores/201502080HOU.html,"7:00 PM, February 8, 2015",Houston Rockets,Portland Trail Blazers,98,109,HOU,,,Team Totals,240,31,82,.378,13,35,.371,23,34,.676,15,25,40,24,7,1,11,24,98,,,Team Totals,240,.505,.457,.427,.415,30.0,86.2,50.6,77.4,7.7,2.1,10.2,100.0,108.2,120.4,
https://www.basketball-reference.com/boxscores/201502080MEM.html,"6:00 PM, February 8, 2015",Memphis Grizzlies,Atlanta Hawks,94,88,ATL,,,Team Totals,240,33,80,.413,12,30,.400,10,11,.909,3,34,37,17,6,5,14,16,88,,,Team Totals,240,.519,.488,.375,.138,7.3,66.7,40.2,51.5,6.4,6.3,14.2,100.0,94.5,101.0,
https://www.basketball-reference.com/boxscores/201502080MEM.html,"6:00 PM, February 8, 2015",Memphis Grizzlies,Atlanta Hawks,94,88,MEM,,,Team Totals,240,36,92,.391,3,13,.231,19,21,.905,17,38,55,18,8,4,11,12,94,,,Team Totals,240,.464,.408,.141,.228,33.3,92.7,59.8,50.0,8.6,8.0,9.8,100.0,101.0,94.5,
https://www.basketball-reference.com/boxscores/201502080OKC.html,"1:00 PM, February 8, 2015",Oklahoma City Thunder,Los Angeles Clippers,131,108,LAC,,,Team Totals,240,42,90,.467,12,32,.375,12,17,.706,8,21,29,28,9,2,13,26,108,,,Team Totals,240,.554,.533,.356,.189,17.4,56.8,34.9,66.7,9.2,2.9,11.8,100.0,110.4,133.9,
https://www.basketball-reference.com/boxscores/201502080OKC.html,"1:00 PM, February 8, 2015",Oklahoma City Thunder,Los Angeles Clippers,131,108,OKC,,,Team Totals,240,46,88,.523,8,20,.400,31,38,.816,16,38,54,26,8,6,11,21,131,,,Team Totals,240,.625,.568,.227,.432,43.2,82.6,65.1,56.5,8.2,10.3,9.5,100.0,133.9,110.4,
https://www.basketball-reference.com/boxscores/201502080ORL.html,"6:00 PM, February 8, 2015",Orlando Magic,Chicago Bulls,97,98,CHI,,,Team Totals,240,37,77,.481,8,22,.364,16,18,.889,7,28,35,27,11,1,15,11,98,,,Team Totals,240,.577,.532,.286,.234,17.9,68.3,43.8,73.0,12.0,1.7,15.0,100.0,107.2,106.1,
https://www.basketball-reference.com/boxscores/201502080ORL.html,"6:00 PM, February 8, 2015",Orlando Magic,Chicago Bulls,97,98,ORL,,,Team Totals,240,39,83,.470,9,25,.360,10,13,.769,13,32,45,21,9,4,18,21,97,,,Team Totals,240,.547,.524,.301,.157,31.7,82.1,56.3,53.8,9.8,7.3,16.9,100.0,106.1,107.2,
https://www.basketball-reference.com/boxscores/201502080SAC.html,"9:00 PM, February 8, 2015",Sacramento Kings,Phoenix Suns,85,83,PHO,,,Team Totals,240,33,91,.363,5,28,.179,12,17,.706,11,32,43,17,9,4,10,25,83,,,Team Totals,240,.421,.390,.308,.187,22.0,88.9,50.0,51.5,9.5,6.3,9.2,100.0,87.5,89.6,
https://www.basketball-reference.com/boxscores/201502080SAC.html,"9:00 PM, February 8, 2015",Sacramento Kings,Phoenix Suns,85,83,SAC,,,Team Totals,240,34,75,.453,4,12,.333,13,21,.619,4,39,43,20,1,5,17,17,85,,,Team Totals,240,.505,.480,.160,.280,11.1,78.0,50.0,58.8,1.1,7.9,16.8,100.0,89.6,87.5,
https://www.basketball-reference.com/boxscores/201502080TOR.html,"7:00 PM, February 8, 2015",Toronto Raptors,San Antonio Spurs,87,82,SAS,,,Team Totals,240,31,93,.333,7,28,.250,13,16,.813,20,32,52,23,10,6,15,18,82,,,Team Totals,240,.410,.371,.301,.172,32.3,84.2,52.0,74.2,10.7,9.8,13.0,100.0,87.5,92.8,
https://www.basketball-reference.com/boxscores/201502080TOR.html,"7:00 PM, February 8, 2015",Toronto Raptors,San Antonio Spurs,87,82,TOR,,,Team Totals,240,32,74,.432,4,13,.308,19,24,.792,6,42,48,18,11,7,18,15,87,,,Team Totals,240,.514,.459,.176,.324,15.8,67.7,48.0,56.3,11.7,10.8,17.6,100.0,92.8,87.5,
https://www.basketball-reference.com/boxscores/201502090DAL.html,"8:30 PM, February 9, 2015",Dallas Mavericks,Los Angeles Clippers,98,115,LAC,,,Team Totals,240,41,92,.446,9,27,.333,24,29,.828,17,36,53,21,8,3,6,25,115,,,Team Totals,240,.549,.495,.293,.315,34.0,72.0,53.0,51.2,8.8,6.4,5.4,100.0,126.6,107.9,
https://www.basketball-reference.com/boxscores/201502090DAL.html,"8:30 PM, February 9, 2015",Dallas Mavericks,Los Angeles Clippers,98,115,DAL,,,Team Totals,240,33,81,.407,10,34,.294,22,30,.733,14,33,47,19,2,3,12,26,98,,,Team Totals,240,.520,.469,.420,.370,28.0,66.0,47.0,57.6,2.2,4.6,11.3,100.0,107.9,126.6,
https://www.basketball-reference.com/boxscores/201502090DEN.html,"9:00 PM, February 9, 2015",Denver Nuggets,Oklahoma City Thunder,114,124,OKC,,,Team Totals,240,43,80,.538,12,24,.500,26,35,.743,9,31,40,24,4,5,13,23,124,,,Team Totals,240,.650,.613,.300,.438,25.7,72.1,51.3,55.8,4.1,8.5,12.0,100.0,128.5,118.1,
https://www.basketball-reference.com/boxscores/201502090DEN.html,"9:00 PM, February 9, 2015",Denver Nuggets,Oklahoma City Thunder,114,124,DEN,,,Team Totals,240,42,87,.483,9,28,.321,21,29,.724,12,26,38,20,7,4,11,25,114,,,Team Totals,240,.571,.534,.322,.333,27.9,74.3,48.7,47.6,7.3,7.1,9.9,100.0,118.1,128.5,
https://www.basketball-reference.com/boxscores/201502090IND.html,"7:00 PM, February 9, 2015",Indiana Pacers,San Antonio Spurs,93,95,SAS,,,Team Totals,240,37,89,.416,6,25,.240,15,17,.882,8,34,42,18,8,7,7,13,95,,,Team Totals,240,.492,.449,.281,.191,17.0,75.6,45.7,48.6,8.7,10.4,6.8,100.0,102.7,100.6,
https://www.basketball-reference.com/boxscores/201502090IND.html,"7:00 PM, February 9, 2015",Indiana Pacers,San Antonio Spurs,93,95,IND,,,Team Totals,240,36,88,.409,8,21,.381,13,13,1.000,11,39,50,24,4,6,12,15,93,,,Team Totals,240,.496,.455,.239,.148,24.4,83.0,54.3,66.7,4.3,9.4,11.4,100.0,100.6,102.7,
https://www.basketball-reference.com/boxscores/201502090MIA.html,"7:30 PM, February 9, 2015",Miami Heat,New York Knicks,109,95,NYK,,,Team Totals,240,36,84,.429,7,20,.350,16,19,.842,11,24,35,22,8,8,15,22,95,,,Team Totals,240,.514,.470,.238,.226,28.2,77.4,50.0,61.1,8.9,15.4,14.0,100.0,105.2,120.8,
https://www.basketball-reference.com/boxscores/201502090MIA.html,"7:30 PM, February 9, 2015",Miami Heat,New York Knicks,109,95,MIA,,,Team Totals,240,36,74,.486,12,22,.545,25,29,.862,7,28,35,28,9,5,12,19,109,,,Team Totals,240,.628,.568,.297,.392,22.6,71.8,50.0,77.8,10.0,7.8,12.2,100.0,120.8,105.2,
https://www.basketball-reference.com/boxscores/201502090MIL.html,"8:00 PM, February 9, 2015",Milwaukee Bucks,Brooklyn Nets,103,97,BRK,,,Team Totals,240,38,76,.500,9,25,.360,12,19,.632,8,30,38,25,3,8,16,17,97,,,Team Totals,240,.575,.559,.329,.250,21.1,68.2,46.3,65.8,3.3,11.3,15.9,100.0,106.4,113.0,
https://www.basketball-reference.com/boxscores/201502090MIL.html,"8:00 PM, February 9, 2015",Milwaukee Bucks,Brooklyn Nets,103,97,MIL,,,Team Totals,240,37,89,.416,7,18,.389,22,25,.880,14,30,44,25,14,4,10,14,103,,,Team Totals,240,.515,.455,.202,.281,31.8,78.9,53.7,67.6,15.4,7.8,9.1,100.0,113.0,106.4,
https://www.basketball-reference.com/boxscores/201502090MIN.html,"8:00 PM, February 9, 2015",Minnesota Timberwolves,Atlanta Hawks,105,117,ATL,,,Team Totals,240,44,86,.512,10,21,.476,19,20,.950,10,26,36,26,14,6,12,21,117,,,Team Totals,240,.617,.570,.244,.233,27.0,53.1,41.9,59.1,15.1,7.8,11.2,100.0,125.8,112.9,
https://www.basketball-reference.com/boxscores/201502090MIN.html,"8:00 PM, February 9, 2015",Minnesota Timberwolves,Atlanta Hawks,105,117,MIN,,,Team Totals,240,42,93,.452,5,16,.313,16,22,.727,23,27,50,24,6,8,16,19,105,,,Team Totals,240,.511,.478,.172,.237,46.9,73.0,58.1,57.1,6.5,12.3,13.5,100.0,112.9,125.8,
https://www.basketball-reference.com/boxscores/201502090NOP.html,"8:00 PM, February 9, 2015",New Orleans Pelicans,Utah Jazz,96,100,UTA,,,Team Totals,240,39,93,.419,9,21,.429,13,19,.684,21,26,47,23,11,9,11,17,100,,,Team Totals,240,.493,.468,.226,.204,45.7,63.4,54.0,59.0,13.0,15.8,9.8,100.0,118.2,113.5,
https://www.basketball-reference.com/boxscores/201502090NOP.html,"8:00 PM, February 9, 2015",New Orleans Pelicans,Utah Jazz,96,100,NOP,,,Team Totals,240,33,79,.418,13,22,.591,17,20,.850,15,25,40,20,5,17,15,19,96,,,Team Totals,240,.547,.500,.278,.253,36.6,54.3,46.0,60.6,5.9,23.6,14.6,100.0,113.5,118.2,
https://www.basketball-reference.com/boxscores/201502090PHI.html,"7:00 PM, February 9, 2015",Philadelphia 76ers,Golden State Warriors,84,89,GSW,,,Team Totals,240,34,85,.400,7,29,.241,14,19,.737,6,34,40,26,15,5,14,14,89,,,Team Totals,240,.477,.441,.341,.224,12.5,77.3,43.5,76.5,15.0,9.1,13.0,100.0,88.9,83.9,
https://www.basketball-reference.com/boxscores/201502090PHI.html,"7:00 PM, February 9, 2015",Philadelphia 76ers,Golden State Warriors,84,89,PHI,,,Team Totals,240,33,79,.418,7,24,.292,11,14,.786,10,42,52,21,9,4,27,19,84,,,Team Totals,240,.493,.462,.304,.177,22.7,87.5,56.5,63.6,9.0,7.1,24.1,100.0,83.9,88.9,
https://www.basketball-reference.com/boxscores/201502090WAS.html,"7:00 PM, February 9, 2015",Washington Wizards,Orlando Magic,96,80,ORL,,,Team Totals,240,33,83,.398,4,22,.182,10,15,.667,8,25,33,18,13,6,11,24,80,,,Team Totals,240,.446,.422,.265,.181,16.7,65.8,38.4,54.5,14.1,11.5,10.9,100.0,86.6,103.9,
https://www.basketball-reference.com/boxscores/201502090WAS.html,"7:00 PM, February 9, 2015",Washington Wizards,Orlando Magic,96,80,WAS,,,Team Totals,240,33,77,.429,7,25,.280,23,27,.852,13,40,53,25,7,3,22,14,96,,,Team Totals,240,.540,.474,.325,.351,34.2,83.3,61.6,75.8,7.6,4.9,19.8,100.0,103.9,86.6,
https://www.basketball-reference.com/boxscores/201502100CHI.html,"8:00 PM, February 10, 2015",Chicago Bulls,Sacramento Kings,104,86,SAC,,,Team Totals,240,35,75,.467,2,12,.167,14,27,.519,13,32,45,23,3,3,13,15,86,,,Team Totals,240,.495,.480,.160,.360,31.7,86.5,57.7,65.7,3.5,5.0,13.0,100.0,99.6,120.4,
https://www.basketball-reference.com/boxscores/201502100CHI.html,"8:00 PM, February 10, 2015",Chicago Bulls,Sacramento Kings,104,86,CHI,,,Team Totals,240,42,80,.525,7,20,.350,13,15,.867,5,28,33,26,8,3,7,21,104,,,Team Totals,240,.600,.569,.250,.188,13.5,68.3,42.3,61.9,9.3,4.8,7.5,100.0,120.4,99.6,
https://www.basketball-reference.com/boxscores/201502100CHO.html,"7:00 PM, February 10, 2015",Charlotte Hornets,Detroit Pistons,78,106,DET,,,Team Totals,240,37,83,.446,5,19,.263,27,30,.900,10,38,48,21,8,5,9,18,106,,,Team Totals,240,.551,.476,.229,.361,26.3,79.2,55.8,56.8,9.0,8.8,8.6,100.0,119.1,87.6,
https://www.basketball-reference.com/boxscores/201502100CHO.html,"7:00 PM, February 10, 2015",Charlotte Hornets,Detroit Pistons,78,106,CHO,,,Team Totals,240,29,81,.358,9,24,.375,11,14,.786,10,28,38,21,1,9,12,21,78,,,Team Totals,240,.447,.414,.296,.173,20.8,73.7,44.2,72.4,1.1,14.1,12.1,100.0,87.6,119.1,
https://www.basketball-reference.com/boxscores/201502100LAL.html,"10:30 PM, February 10, 2015",Los Angeles Lakers,Denver Nuggets,96,106,DEN,,,Team Totals,240,43,79,.544,4,16,.250,16,23,.696,4,31,35,25,9,8,7,22,106,,,Team Totals,240,.595,.570,.203,.291,12.1,68.9,44.9,58.1,9.9,11.9,7.3,100.0,116.3,105.3,
https://www.basketball-reference.com/boxscores/201502100LAL.html,"10:30 PM, February 10, 2015",Los Angeles Lakers,Denver Nuggets,96,106,LAL,,,Team Totals,240,37,85,.435,6,18,.333,16,27,.593,14,29,43,23,3,2,12,24,96,,,Team Totals,240,.495,.471,.212,.318,31.1,87.9,55.1,62.2,3.3,3.2,11.0,100.0,105.3,116.3,
https://www.basketball-reference.com/boxscores/201502100MEM.html,"8:00 PM, February 10, 2015",Memphis Grizzlies,Brooklyn Nets,95,86,BRK,,,Team Totals,240,35,81,.432,3,12,.250,13,17,.765,14,32,46,14,7,5,20,24,86,,,Team Totals,240,.486,.451,.148,.210,29.8,72.7,50.5,40.0,7.6,8.1,18.4,100.0,94.0,103.8,
https://www.basketball-reference.com/boxscores/201502100MEM.html,"8:00 PM, February 10, 2015",Memphis Grizzlies,Brooklyn Nets,95,86,MEM,,,Team Totals,240,36,81,.444,6,19,.316,17,25,.680,12,33,45,24,14,9,12,19,95,,,Team Totals,240,.516,.481,.235,.309,27.3,70.2,49.5,66.7,15.3,13.0,11.5,100.0,103.8,94.0,
https://www.basketball-reference.com/boxscores/201502100PHO.html,"8:00 PM, February 10, 2015",Phoenix Suns,Houston Rockets,118,127,HOU,,,Team Totals,240,48,95,.505,15,37,.405,16,23,.696,15,32,47,28,9,3,14,24,127,,,Team Totals,240,.604,.584,.389,.242,36.6,71.1,54.7,58.3,9.1,4.9,11.8,100.0,127.9,118.8,
https://www.basketball-reference.com/boxscores/201502100PHO.html,"8:00 PM, February 10, 2015",Phoenix Suns,Houston Rockets,118,127,PHO,,,Team Totals,240,41,87,.471,12,26,.462,24,30,.800,13,26,39,18,9,5,14,18,118,,,Team Totals,240,.589,.540,.299,.345,28.9,63.4,45.3,43.9,9.1,8.6,12.3,100.0,118.8,127.9,
https://www.basketball-reference.com/boxscores/201502110BOS.html,"7:30 PM, February 11, 2015",Boston Celtics,Atlanta Hawks,89,88,ATL,,,Team Totals,240,33,78,.423,7,29,.241,15,23,.652,5,39,44,23,6,5,12,17,88,,,Team Totals,240,.499,.468,.372,.295,11.1,70.9,44.0,69.7,6.5,8.1,12.0,100.0,95.0,96.1,
https://www.basketball-reference.com/boxscores/201502110BOS.html,"7:30 PM, February 11, 2015",Boston Celtics,Atlanta Hawks,89,88,BOS,,,Team Totals,240,30,93,.323,10,31,.323,19,20,.950,16,40,56,21,7,4,10,23,89,,,Team Totals,240,.437,.376,.333,.215,29.1,88.9,56.0,70.0,7.6,8.2,8.9,100.0,96.1,95.0,
https://www.basketball-reference.com/boxscores/201502110CLE.html,"8:00 PM, February 11, 2015",Cleveland Cavaliers,Miami Heat,113,93,MIA,,,Team Totals,240,34,84,.405,9,24,.375,16,20,.800,12,24,36,21,10,4,15,19,93,,,Team Totals,240,.501,.458,.286,.238,26.7,70.6,45.6,61.8,10.9,7.5,13.9,100.0,101.3,123.1,
https://www.basketball-reference.com/boxscores/201502110CLE.html,"8:00 PM, February 11, 2015",Cleveland Cavaliers,Miami Heat,113,93,CLE,,,Team Totals,240,44,78,.564,10,25,.400,15,19,.789,10,33,43,32,9,3,16,19,113,,,Team Totals,240,.654,.628,.321,.244,29.4,73.3,54.4,72.7,9.8,5.0,15.6,100.0,123.1,101.3,
https://www.basketball-reference.com/boxscores/201502110DAL.html,"8:30 PM, February 11, 2015",Dallas Mavericks,Utah Jazz,87,82,UTA,,,Team Totals,240,30,80,.375,11,29,.379,11,21,.524,14,38,52,19,9,7,19,21,82,,,Team Totals,240,.459,.444,.363,.263,31.1,84.4,57.8,63.3,10.0,14.9,17.6,100.0,91.5,97.0,
https://www.basketball-reference.com/boxscores/201502110DAL.html,"8:30 PM, February 11, 2015",Dallas Mavericks,Utah Jazz,87,82,DAL,,,Team Totals,240,28,75,.373,10,28,.357,21,26,.808,7,31,38,18,11,3,11,21,87,,,Team Totals,240,.503,.440,.373,.347,15.6,68.9,42.2,64.3,12.3,5.9,11.3,100.0,97.0,91.5,
https://www.basketball-reference.com/boxscores/201502110DET.html,"7:30 PM, February 11, 2015",Detroit Pistons,San Antonio Spurs,87,104,SAS,,,Team Totals,240,42,88,.477,10,27,.370,10,11,.909,14,31,45,26,8,6,10,16,104,,,Team Totals,240,.560,.534,.307,.125,35.0,75.6,55.6,61.9,9.4,10.0,9.7,100.0,122.0,102.1,
https://www.basketball-reference.com/boxscores/201502110DET.html,"7:30 PM, February 11, 2015",Detroit Pistons,San Antonio Spurs,87,104,DET,,,Team Totals,240,33,81,.407,9,21,.429,12,17,.706,10,26,36,17,4,4,10,14,87,,,Team Totals,240,.492,.463,.259,.210,24.4,65.0,44.4,51.5,4.7,6.6,10.2,100.0,102.1,122.0,
https://www.basketball-reference.com/boxscores/201502110LAC.html,"10:30 PM, February 11, 2015",Los Angeles Clippers,Houston Rockets,110,95,HOU,,,Team Totals,240,34,87,.391,9,45,.200,18,22,.818,14,27,41,26,6,6,17,33,95,,,Team Totals,240,.491,.443,.517,.253,27.5,69.2,45.6,76.5,6.1,10.2,15.0,100.0,96.2,111.4,
https://www.basketball-reference.com/boxscores/201502110LAC.html,"10:30 PM, February 11, 2015",Los Angeles Clippers,Houston Rockets,110,95,LAC,,,Team Totals,240,39,81,.481,4,22,.182,28,45,.622,12,37,49,25,13,3,15,24,110,,,Team Totals,240,.546,.506,.272,.556,30.8,72.5,54.4,64.1,13.2,7.1,13.0,100.0,111.4,96.2,
https://www.basketball-reference.com/boxscores/201502110MIL.html,"8:00 PM, February 11, 2015",Milwaukee Bucks,Sacramento Kings,111,103,SAC,,,Team Totals,240,36,84,.429,8,22,.364,23,30,.767,16,32,48,24,7,5,18,23,103,,,Team Totals,240,.530,.476,.262,.357,31.4,76.2,51.6,66.7,7.2,7.7,15.6,100.0,105.5,113.7,
https://www.basketball-reference.com/boxscores/201502110MIL.html,"8:00 PM, February 11, 2015",Milwaukee Bucks,Sacramento Kings,111,103,MIL,,,Team Totals,240,39,80,.488,7,15,.467,26,32,.813,10,35,45,23,11,5,15,24,111,,,Team Totals,240,.590,.531,.188,.400,23.8,68.6,48.4,59.0,11.3,8.1,13.8,100.0,113.7,105.5,
https://www.basketball-reference.com/boxscores/201502110MIN.html,"8:00 PM, February 11, 2015",Minnesota Timberwolves,Golden State Warriors,91,94,GSW,,,Team Totals,240,40,90,.444,7,27,.259,7,9,.778,10,39,49,26,7,6,15,18,94,,,Team Totals,240,.500,.483,.300,.100,20.4,78.0,49.5,65.0,7.1,8.3,13.8,100.0,95.9,92.9,
https://www.basketball-reference.com/boxscores/201502110MIN.html,"8:00 PM, February 11, 2015",Minnesota Timberwolves,Golden State Warriors,91,94,MIN,,,Team Totals,240,33,86,.384,5,14,.357,20,27,.741,11,39,50,18,7,2,14,14,91,,,Team Totals,240,.465,.413,.163,.314,22.0,79.6,50.5,54.5,7.1,3.2,12.5,100.0,92.9,95.9,
https://www.basketball-reference.com/boxscores/201502110NOP.html,"8:00 PM, February 11, 2015",New Orleans Pelicans,Indiana Pacers,93,106,IND,,,Team Totals,240,40,75,.533,9,20,.450,17,18,.944,7,30,37,28,7,2,15,24,106,,,Team Totals,240,.639,.593,.267,.240,21.9,81.1,53.6,70.0,7.8,3.4,15.3,100.0,117.8,103.4,
https://www.basketball-reference.com/boxscores/201502110NOP.html,"8:00 PM, February 11, 2015",New Orleans Pelicans,Indiana Pacers,93,106,NOP,,,Team Totals,240,34,74,.459,7,15,.467,18,25,.720,7,25,32,22,5,3,15,17,93,,,Team Totals,240,.547,.507,.203,.338,18.9,78.1,46.4,64.7,5.6,5.5,15.0,100.0,103.4,117.8,
https://www.basketball-reference.com/boxscores/201502110OKC.html,"8:00 PM, February 11, 2015",Oklahoma City Thunder,Memphis Grizzlies,105,89,MEM,,,Team Totals,240,32,86,.372,2,12,.167,23,30,.767,11,31,42,13,7,2,13,21,89,,,Team Totals,240,.449,.384,.140,.349,22.4,73.8,46.2,40.6,7.3,3.2,11.6,100.0,92.6,109.3,
https://www.basketball-reference.com/boxscores/201502110OKC.html,"8:00 PM, February 11, 2015",Oklahoma City Thunder,Memphis Grizzlies,105,89,OKC,,,Team Totals,240,37,83,.446,7,20,.350,24,25,.960,11,38,49,24,7,9,14,23,105,,,Team Totals,240,.559,.488,.241,.301,26.2,77.6,53.8,64.9,7.3,12.2,13.0,100.0,109.3,92.6,
https://www.basketball-reference.com/boxscores/201502110ORL.html,"7:00 PM, February 11, 2015",Orlando Magic,New York Knicks,89,83,NYK,,,Team Totals,240,25,73,.342,5,15,.333,28,36,.778,8,31,39,19,7,4,12,21,83,,,Team Totals,240,.467,.377,.205,.493,17.8,81.6,47.0,76.0,7.8,7.1,11.9,100.0,92.5,99.2,
https://www.basketball-reference.com/boxscores/201502110ORL.html,"7:00 PM, February 11, 2015",Orlando Magic,New York Knicks,89,83,ORL,,,Team Totals,240,31,67,.463,4,11,.364,23,28,.821,7,37,44,13,6,9,18,26,89,,,Team Totals,240,.561,.493,.164,.418,18.4,82.2,53.0,41.9,6.7,15.5,18.5,100.0,99.2,92.5,
https://www.basketball-reference.com/boxscores/201502110POR.html,"10:00 PM, February 11, 2015",Portland Trail Blazers,Los Angeles Lakers,102,86,LAL,,,Team Totals,240,34,93,.366,7,16,.438,11,11,1.000,14,34,48,17,4,5,10,23,86,,,Team Totals,240,.439,.403,.172,.118,27.5,69.4,48.0,50.0,4.5,8.9,9.3,100.0,96.3,114.2,
https://www.basketball-reference.com/boxscores/201502110POR.html,"10:00 PM, February 11, 2015",Portland Trail Blazers,Los Angeles Lakers,102,86,POR,,,Team Totals,240,35,86,.407,10,30,.333,22,23,.957,15,37,52,27,5,5,10,11,102,,,Team Totals,240,.531,.465,.349,.267,30.6,72.5,52.0,77.1,5.6,6.5,9.4,100.0,114.2,96.3,
https://www.basketball-reference.com/boxscores/201502110TOR.html,"7:30 PM, February 11, 2015",Toronto Raptors,Washington Wizards,95,93,WAS,,,Team Totals,240,39,85,.459,5,21,.238,10,16,.625,15,35,50,25,7,6,16,15,93,,,Team Totals,240,.505,.488,.247,.188,34.9,79.5,57.5,64.1,7.8,12.0,14.8,100.0,103.5,105.7,
https://www.basketball-reference.com/boxscores/201502110TOR.html,"7:30 PM, February 11, 2015",Toronto Raptors,Washington Wizards,95,93,TOR,,,Team Totals,240,31,76,.408,11,26,.423,22,26,.846,9,28,37,17,9,5,13,13,95,,,Team Totals,240,.543,.480,.342,.342,20.5,65.1,42.5,54.8,10.0,7.8,12.9,100.0,105.7,103.5,
https://www.basketball-reference.com/boxscores/201502120CHI.html,"8:00 PM, February 12, 2015",Chicago Bulls,Cleveland Cavaliers,113,98,CLE,,,Team Totals,240,37,85,.435,8,31,.258,16,22,.727,10,33,43,20,5,3,16,23,98,,,Team Totals,240,.518,.482,.365,.259,22.7,71.7,47.8,54.1,5.2,4.3,14.5,100.0,101.3,116.9,
https://www.basketball-reference.com/boxscores/201502120CHI.html,"8:00 PM, February 12, 2015",Chicago Bulls,Cleveland Cavaliers,113,98,CHI,,,Team Totals,240,42,92,.457,9,23,.391,20,26,.769,13,34,47,29,10,3,8,23,113,,,Team Totals,240,.546,.505,.250,.283,28.3,77.3,52.2,69.0,10.3,5.6,7.2,100.0,116.9,101.3,
https://www.basketball-reference.com/boxscores/201502190LAC.html,"10:30 PM, February 19, 2015",Los Angeles Clippers,San Antonio Spurs,119,115,SAS,,,Team Totals,240,43,84,.512,10,28,.357,19,23,.826,5,33,38,34,6,2,17,32,115,,,Team Totals,240,.611,.571,.333,.274,13.2,76.7,46.9,79.1,5.8,3.4,15.3,100.0,111.4,115.2,
https://www.basketball-reference.com/boxscores/201502190LAC.html,"10:30 PM, February 19, 2015",Los Angeles Clippers,San Antonio Spurs,119,115,LAC,,,Team Totals,240,42,77,.545,8,19,.421,27,52,.519,10,33,43,26,10,4,13,22,119,,,Team Totals,240,.596,.597,.247,.675,23.3,86.8,53.1,61.9,9.7,7.1,11.5,100.0,115.2,111.4,
https://www.basketball-reference.com/boxscores/201502190OKC.html,"8:00 PM, February 19, 2015",Oklahoma City Thunder,Dallas Mavericks,104,89,DAL,,,Team Totals,240,33,91,.363,9,27,.333,14,17,.824,14,25,39,16,14,3,18,20,89,,,Team Totals,240,.452,.412,.297,.187,25.5,54.3,38.6,48.5,14.0,4.3,15.5,100.0,88.8,103.7,
https://www.basketball-reference.com/boxscores/201502190OKC.html,"8:00 PM, February 19, 2015",Oklahoma City Thunder,Dallas Mavericks,104,89,OKC,,,Team Totals,240,38,91,.418,7,22,.318,21,26,.808,21,41,62,20,8,0,25,20,104,,,Team Totals,240,.508,.456,.242,.286,45.7,74.5,61.4,52.6,8.0,0.0,19.6,100.0,103.7,88.8,
https://www.basketball-reference.com/boxscores/201502200ATL.html,"7:30 PM, February 20, 2015",Atlanta Hawks,Toronto Raptors,80,105,TOR,,,Team Totals,240,43,96,.448,13,30,.433,6,8,.750,15,37,52,27,15,9,14,20,105,,,Team Totals,240,.528,.516,.313,.083,30.0,68.5,50.0,62.8,15.3,18.0,12.3,100.0,107.3,81.8,
https://www.basketball-reference.com/boxscores/201502200ATL.html,"7:30 PM, February 20, 2015",Atlanta Hawks,Toronto Raptors,80,105,ATL,,,Team Totals,240,29,88,.330,8,38,.211,14,21,.667,17,35,52,19,6,8,23,10,80,,,Team Totals,240,.411,.375,.432,.239,31.5,70.0,50.0,65.5,6.1,12.1,19.1,100.0,81.8,107.3,
https://www.basketball-reference.com/boxscores/201502200DAL.html,"8:30 PM, February 20, 2015",Dallas Mavericks,Houston Rockets,111,100,HOU,,,Team Totals,240,36,87,.414,12,37,.324,16,26,.615,14,33,47,20,8,9,21,22,100,,,Team Totals,240,.508,.483,.425,.299,26.9,73.3,48.5,55.6,7.7,13.0,17.6,100.0,96.7,107.3,
https://www.basketball-reference.com/boxscores/201502200DAL.html,"8:30 PM, February 20, 2015",Dallas Mavericks,Houston Rockets,111,100,DAL,,,Team Totals,240,44,93,.473,9,24,.375,14,18,.778,12,38,50,26,10,2,17,19,111,,,Team Totals,240,.550,.522,.258,.194,26.7,73.1,51.5,59.1,9.7,4.0,14.4,100.0,107.3,96.7,
https://www.basketball-reference.com/boxscores/201502200DET.html,"7:30 PM, February 20, 2015",Detroit Pistons,Chicago Bulls,100,91,CHI,,,Team Totals,240,33,78,.423,5,16,.313,20,22,.909,13,30,43,16,2,7,20,23,91,,,Team Totals,240,.519,.455,.205,.282,29.5,73.2,50.6,48.5,2.1,11.3,18.6,100.0,96.5,106.1,
https://www.basketball-reference.com/boxscores/201502200DET.html,"7:30 PM, February 20, 2015",Detroit Pistons,Chicago Bulls,100,91,DET,,,Team Totals,240,38,84,.452,6,22,.273,18,33,.545,11,31,42,19,12,1,12,23,100,,,Team Totals,240,.508,.488,.262,.393,26.8,70.5,49.4,50.0,12.7,1.6,10.9,100.0,106.1,96.5,
https://www.basketball-reference.com/boxscores/201502200GSW.html,"10:30 PM, February 20, 2015",Golden State Warriors,San Antonio Spurs,110,99,SAS,,,Team Totals,240,39,81,.481,6,19,.316,15,20,.750,10,34,44,25,6,4,16,20,99,,,Team Totals,240,.551,.519,.235,.247,23.3,82.9,52.4,64.1,6.3,7.8,15.1,100.0,104.3,115.9,
https://www.basketball-reference.com/boxscores/201502200GSW.html,"10:30 PM, February 20, 2015",Golden State Warriors,San Antonio Spurs,110,99,GSW,,,Team Totals,240,41,84,.488,17,33,.515,11,18,.611,7,33,40,29,10,5,12,18,110,,,Team Totals,240,.598,.589,.393,.214,17.1,76.7,47.6,70.7,10.5,8.1,11.5,100.0,115.9,104.3,
https://www.basketball-reference.com/boxscores/201502200LAL.html,"10:30 PM, February 20, 2015",Los Angeles Lakers,Brooklyn Nets,105,114,BRK,,,Team Totals,240,42,89,.472,10,21,.476,20,24,.833,13,33,46,29,7,2,11,20,114,,,Team Totals,240,.573,.528,.236,.270,28.9,70.2,50.0,69.0,7.4,3.0,9.9,100.0,119.8,110.3,
https://www.basketball-reference.com/boxscores/201502200LAL.html,"10:30 PM, February 20, 2015",Los Angeles Lakers,Brooklyn Nets,105,114,LAL,,,Team Totals,240,41,89,.461,4,23,.174,19,29,.655,14,32,46,22,10,4,10,18,105,,,Team Totals,240,.516,.483,.258,.326,29.8,71.1,50.0,53.7,10.5,5.9,8.9,100.0,110.3,119.8,
https://www.basketball-reference.com/boxscores/201502200MIL.html,"8:30 PM, February 20, 2015",Milwaukee Bucks,Denver Nuggets,89,81,DEN,,,Team Totals,240,30,84,.357,7,26,.269,14,21,.667,14,31,45,18,11,7,15,19,81,,,Team Totals,240,.434,.399,.310,.250,26.4,81.6,49.5,60.0,11.8,11.1,13.9,100.0,86.6,95.2,
https://www.basketball-reference.com/boxscores/201502200MIL.html,"8:30 PM, February 20, 2015",Milwaukee Bucks,Denver Nuggets,89,81,MIL,,,Team Totals,240,33,78,.423,5,15,.333,18,22,.818,7,39,46,22,6,5,17,21,89,,,Team Totals,240,.508,.455,.192,.282,18.4,73.6,50.5,66.7,6.4,8.6,16.2,100.0,95.2,86.6,
https://www.basketball-reference.com/boxscores/201502200MIN.html,"8:00 PM, February 20, 2015",Minnesota Timberwolves,Phoenix Suns,111,109,PHO,,,Team Totals,240,40,89,.449,7,17,.412,22,31,.710,17,31,48,23,8,9,13,28,109,,,Team Totals,240,.531,.489,.191,.348,33.3,64.6,48.5,57.5,8.2,12.7,11.2,100.0,112.0,114.0,
https://www.basketball-reference.com/boxscores/201502200MIN.html,"8:00 PM, February 20, 2015",Minnesota Timberwolves,Phoenix Suns,111,109,MIN,,,Team Totals,240,40,86,.465,4,15,.267,27,38,.711,17,34,51,24,7,7,14,28,111,,,Team Totals,240,.540,.488,.174,.442,35.4,66.7,51.5,60.0,7.2,9.7,12.0,100.0,114.0,112.0,
https://www.basketball-reference.com/boxscores/201502200NYK.html,"7:30 PM, February 20, 2015",New York Knicks,Miami Heat,87,111,MIA,,,Team Totals,240,38,79,.481,9,20,.450,26,35,.743,11,39,50,28,12,4,22,18,111,,,Team Totals,240,.588,.538,.253,.443,30.6,84.8,61.0,73.7,11.9,6.3,18.9,100.0,109.7,86.0,
https://www.basketball-reference.com/boxscores/201502200NYK.html,"7:30 PM, February 20, 2015",New York Knicks,Miami Heat,87,111,NYK,,,Team Totals,240,35,82,.427,6,18,.333,11,16,.688,7,25,32,28,10,6,20,26,87,,,Team Totals,240,.489,.463,.220,.195,15.2,69.4,39.0,80.0,9.9,10.2,18.3,100.0,86.0,109.7,
https://www.basketball-reference.com/boxscores/201502200ORL.html,"7:00 PM, February 20, 2015",Orlando Magic,New Orleans Pelicans,95,84,NOP,,,Team Totals,240,29,69,.420,5,19,.263,21,28,.750,7,33,40,21,6,6,12,11,84,,,Team Totals,240,.516,.457,.275,.406,17.5,78.6,48.8,72.4,6.9,8.6,12.9,100.0,96.5,109.2,
https://www.basketball-reference.com/boxscores/201502200ORL.html,"7:00 PM, February 20, 2015",Orlando Magic,New Orleans Pelicans,95,84,ORL,,,Team Totals,240,44,88,.500,4,18,.222,3,6,.500,9,33,42,22,4,3,9,21,95,,,Team Totals,240,.524,.523,.205,.068,21.4,82.5,51.2,50.0,4.6,6.0,9.0,100.0,109.2,96.5,
https://www.basketball-reference.com/boxscores/201502200PHI.html,"7:00 PM, February 20, 2015",Philadelphia 76ers,Indiana Pacers,95,106,IND,,,Team Totals,240,40,83,.482,8,22,.364,18,22,.818,9,35,44,24,13,1,15,23,106,,,Team Totals,240,.572,.530,.265,.265,22.0,70.0,48.4,60.0,13.4,1.7,13.9,100.0,109.1,97.8,
https://www.basketball-reference.com/boxscores/201502200PHI.html,"7:00 PM, February 20, 2015",Philadelphia 76ers,Indiana Pacers,95,106,PHI,,,Team Totals,240,34,84,.405,8,25,.320,19,29,.655,15,32,47,18,11,11,18,20,95,,,Team Totals,240,.491,.452,.298,.345,30.0,78.0,51.6,52.9,11.3,18.0,15.7,100.0,97.8,109.1,
https://www.basketball-reference.com/boxscores/201502200SAC.html,"10:00 PM, February 20, 2015",Sacramento Kings,Boston Celtics,109,101,BOS,,,Team Totals,240,40,100,.400,6,22,.273,15,26,.577,19,21,40,24,14,3,11,23,101,,,Team Totals,240,.453,.430,.220,.260,32.2,55.3,41.2,60.0,14.2,4.9,9.0,100.0,102.3,110.4,
https://www.basketball-reference.com/boxscores/201502200SAC.html,"10:00 PM, February 20, 2015",Sacramento Kings,Boston Celtics,109,101,SAC,,,Team Totals,240,40,83,.482,8,22,.364,21,26,.808,17,40,57,26,6,5,24,19,109,,,Team Totals,240,.577,.530,.265,.313,44.7,67.8,58.8,65.0,6.1,6.4,20.3,100.0,110.4,102.3,
https://www.basketball-reference.com/boxscores/201502200UTA.html,"9:00 PM, February 20, 2015",Utah Jazz,Portland Trail Blazers,92,76,POR,,,Team Totals,240,26,72,.361,4,22,.182,20,22,.909,3,34,37,12,5,5,13,13,76,,,Team Totals,240,.465,.389,.306,.306,7.9,72.3,43.5,46.2,5.6,8.6,13.7,100.0,85.8,103.9,
https://www.basketball-reference.com/boxscores/201502200UTA.html,"9:00 PM, February 20, 2015",Utah Jazz,Portland Trail Blazers,92,76,UTA,,,Team Totals,240,37,83,.446,10,25,.400,8,17,.471,13,35,48,18,11,7,11,21,92,,,Team Totals,240,.508,.506,.301,.205,27.7,92.1,56.5,48.6,12.4,14.0,10.8,100.0,103.9,85.8,
https://www.basketball-reference.com/boxscores/201502200WAS.html,"8:00 PM, February 20, 2015",Washington Wizards,Cleveland Cavaliers,89,127,CLE,,,Team Totals,240,46,90,.511,14,33,.424,21,28,.750,10,32,42,28,12,4,11,17,127,,,Team Totals,240,.621,.589,.367,.311,24.4,72.7,49.4,60.9,12.2,5.7,9.7,100.0,128.9,90.3,
https://www.basketball-reference.com/boxscores/201502200WAS.html,"8:00 PM, February 20, 2015",Washington Wizards,Cleveland Cavaliers,89,127,WAS,,,Team Totals,240,38,86,.442,1,16,.063,12,16,.750,12,31,43,22,7,7,18,23,89,,,Team Totals,240,.478,.448,.186,.186,27.3,75.6,50.6,57.9,7.1,12.3,16.2,100.0,90.3,128.9,
https://www.basketball-reference.com/boxscores/201502210CHI.html,"8:00 PM, February 21, 2015",Chicago Bulls,Phoenix Suns,112,107,PHO,,,Team Totals,240,47,88,.534,10,25,.400,3,8,.375,8,28,36,25,10,2,13,15,107,,,Team Totals,240,.585,.591,.284,.091,19.5,66.7,43.4,53.2,10.4,3.1,12.4,100.0,111.7,116.9,
https://www.basketball-reference.com/boxscores/201502210CHI.html,"8:00 PM, February 21, 2015",Chicago Bulls,Phoenix Suns,112,107,CHI,,,Team Totals,240,43,89,.483,12,24,.500,14,16,.875,14,33,47,27,5,3,17,14,112,,,Team Totals,240,.583,.551,.270,.180,33.3,80.5,56.6,62.8,5.2,4.8,15.0,100.0,116.9,111.7,
https://www.basketball-reference.com/boxscores/201502210CHO.html,"7:00 PM, February 21, 2015",Charlotte Hornets,Oklahoma City Thunder,103,110,OKC,,,Team Totals,240,42,95,.442,5,18,.278,21,26,.808,19,40,59,21,7,7,14,20,110,,,Team Totals,240,.517,.468,.189,.274,38.8,78.4,59.0,50.0,7.2,10.1,11.6,100.0,112.7,105.5,
https://www.basketball-reference.com/boxscores/201502210CHO.html,"7:00 PM, February 21, 2015",Charlotte Hornets,Oklahoma City Thunder,103,110,CHO,,,Team Totals,240,40,93,.430,7,24,.292,16,20,.800,11,30,41,28,9,10,9,18,103,,,Team Totals,240,.506,.468,.258,.215,21.6,61.2,41.0,70.0,9.2,13.0,8.1,100.0,105.5,112.7,
https://www.basketball-reference.com/boxscores/201502210HOU.html,"8:00 PM, February 21, 2015",Houston Rockets,Toronto Raptors,98,76,TOR,,,Team Totals,240,25,77,.325,4,18,.222,22,28,.786,7,32,39,12,17,5,25,24,76,,,Team Totals,240,.425,.351,.234,.364,14.6,74.4,42.9,48.0,16.0,9.1,21.9,100.0,71.3,92.0,
https://www.basketball-reference.com/boxscores/201502210HOU.html,"8:00 PM, February 21, 2015",Houston Rockets,Toronto Raptors,98,76,HOU,,,Team Totals,240,35,84,.417,6,29,.207,22,31,.710,11,41,52,22,17,9,25,23,98,,,Team Totals,240,.502,.452,.345,.369,25.6,85.4,57.1,62.9,16.0,15.3,20.4,100.0,92.0,71.3,
https://www.basketball-reference.com/boxscores/201502210LAC.html,"10:00 PM, February 21, 2015",Los Angeles Clippers,Sacramento Kings,126,99,SAC,,,Team Totals,240,30,88,.341,4,16,.250,35,46,.761,14,41,55,18,4,7,17,17,99,,,Team Totals,240,.457,.364,.182,.523,24.6,78.8,50.5,60.0,3.7,11.7,13.6,100.0,92.4,117.6,
https://www.basketball-reference.com/boxscores/201502210LAC.html,"10:00 PM, February 21, 2015",Los Angeles Clippers,Sacramento Kings,126,99,LAC,,,Team Totals,240,46,95,.484,14,35,.400,20,28,.714,11,43,54,31,9,11,11,29,126,,,Team Totals,240,.587,.558,.368,.295,21.2,75.4,49.5,67.4,8.4,15.3,9.3,100.0,117.6,92.4,
https://www.basketball-reference.com/boxscores/201502210MIA.html,"7:30 PM, February 21, 2015",Miami Heat,New Orleans Pelicans,91,105,NOP,,,Team Totals,240,35,83,.422,8,21,.381,27,31,.871,11,30,41,22,8,3,13,25,105,,,Team Totals,240,.543,.470,.253,.373,25.6,69.8,47.7,62.9,8.5,4.8,11.9,100.0,112.2,97.2,
https://www.basketball-reference.com/boxscores/201502210MIA.html,"7:30 PM, February 21, 2015",Miami Heat,New Orleans Pelicans,91,105,MIA,,,Team Totals,240,33,79,.418,5,17,.294,20,27,.741,13,32,45,15,5,7,17,23,91,,,Team Totals,240,.501,.449,.215,.342,30.2,74.4,52.3,45.5,5.3,11.3,15.8,100.0,97.2,112.2,
https://www.basketball-reference.com/boxscores/201502220DAL.html,"7:30 PM, February 22, 2015",Dallas Mavericks,Charlotte Hornets,92,81,CHO,,,Team Totals,240,33,90,.367,6,19,.316,9,13,.692,13,34,47,20,10,2,15,20,81,,,Team Totals,240,.423,.400,.211,.144,23.2,85.0,49.0,60.6,10.5,3.3,13.5,100.0,85.3,96.9,
https://www.basketball-reference.com/boxscores/201502220DAL.html,"7:30 PM, February 22, 2015",Dallas Mavericks,Charlotte Hornets,92,81,DAL,,,Team Totals,240,36,78,.462,5,18,.278,15,19,.789,6,43,49,20,7,6,15,16,92,,,Team Totals,240,.533,.494,.231,.244,15.0,76.8,51.0,55.6,7.4,8.5,14.8,100.0,96.9,85.3,
https://www.basketball-reference.com/boxscores/201502220DET.html,"3:30 PM, February 22, 2015",Detroit Pistons,Washington Wizards,106,89,WAS,,,Team Totals,240,37,85,.435,6,17,.353,9,14,.643,11,32,43,28,4,2,12,22,89,,,Team Totals,240,.488,.471,.200,.165,24.4,65.3,45.7,75.7,4.4,3.5,11.6,100.0,97.4,116.0,
https://www.basketball-reference.com/boxscores/201502220DET.html,"3:30 PM, February 22, 2015",Detroit Pistons,Washington Wizards,106,89,DET,,,Team Totals,240,37,89,.416,13,32,.406,19,25,.760,17,34,51,22,8,1,13,19,106,,,Team Totals,240,.530,.489,.360,.281,34.7,75.6,54.3,59.5,8.8,1.5,11.5,100.0,116.0,97.4,
https://www.basketball-reference.com/boxscores/201502220IND.html,"6:00 PM, February 22, 2015",Indiana Pacers,Golden State Warriors,104,98,GSW,,,Team Totals,240,34,89,.382,9,26,.346,21,22,.955,13,32,45,19,9,5,10,25,98,,,Team Totals,240,.497,.433,.292,.247,25.0,82.1,49.5,55.9,9.5,8.1,9.2,100.0,103.0,109.3,
https://www.basketball-reference.com/boxscores/201502220IND.html,"6:00 PM, February 22, 2015",Indiana Pacers,Golden State Warriors,104,98,IND,,,Team Totals,240,39,81,.481,8,19,.421,18,23,.783,7,39,46,20,3,4,15,23,104,,,Team Totals,240,.571,.531,.235,.284,17.9,75.0,50.5,51.3,3.2,6.3,14.1,100.0,109.3,103.0,
https://www.basketball-reference.com/boxscores/201502220LAL.html,"9:30 PM, February 22, 2015",Los Angeles Lakers,Boston Celtics,118,111,BOS,,,Team Totals,265,42,98,.429,8,33,.242,19,27,.704,13,35,48,27,9,5,18,31,111,,,Team Totals,265,.505,.469,.337,.276,24.5,85.4,51.1,64.3,8.1,7.6,14.1,100.0,99.6,105.9,
https://www.basketball-reference.com/boxscores/201502220LAL.html,"9:30 PM, February 22, 2015",Los Angeles Lakers,Boston Celtics,118,111,LAL,,,Team Totals,265,43,84,.512,7,18,.389,25,38,.658,6,40,46,22,8,4,18,27,118,,,Team Totals,265,.586,.554,.214,.452,14.6,75.5,48.9,51.2,7.2,6.2,15.2,100.0,105.9,99.6,
https://www.basketball-reference.com/boxscores/201502220MIL.html,"3:30 PM, February 22, 2015",Milwaukee Bucks,Atlanta Hawks,86,97,ATL,,,Team Totals,240,35,87,.402,9,30,.300,18,21,.857,16,27,43,23,10,7,20,17,97,,,Team Totals,240,.504,.454,.345,.241,34.8,77.1,53.1,65.7,10.5,12.5,17.2,100.0,101.9,90.3,
https://www.basketball-reference.com/boxscores/201502220MIL.html,"3:30 PM, February 22, 2015",Milwaukee Bucks,Atlanta Hawks,86,97,MIL,,,Team Totals,240,32,72,.444,4,16,.250,18,18,1.000,8,30,38,19,10,7,25,24,86,,,Team Totals,240,.538,.472,.222,.250,22.9,65.2,46.9,59.4,10.5,12.3,23.8,100.0,90.3,101.9,
https://www.basketball-reference.com/boxscores/201502220NYK.html,"1:00 PM, February 22, 2015",New York Knicks,Cleveland Cavaliers,83,101,CLE,,,Team Totals,240,40,79,.506,12,33,.364,9,15,.600,7,40,47,22,5,3,15,14,101,,,Team Totals,240,.590,.582,.418,.190,18.4,67.8,48.5,55.0,5.4,3.8,14.9,100.0,109.9,90.3,
https://www.basketball-reference.com/boxscores/201502220NYK.html,"1:00 PM, February 22, 2015",New York Knicks,Cleveland Cavaliers,83,101,NYK,,,Team Totals,240,37,99,.374,3,19,.158,6,7,.857,19,31,50,16,8,2,11,16,83,,,Team Totals,240,.407,.389,.192,.071,32.2,81.6,51.5,43.2,8.7,4.3,9.7,100.0,90.3,109.9,
https://www.basketball-reference.com/boxscores/201502220OKC.html,"7:00 PM, February 22, 2015",Oklahoma City Thunder,Denver Nuggets,119,94,DEN,,,Team Totals,240,35,97,.361,7,27,.259,17,20,.850,16,26,42,19,13,5,13,19,94,,,Team Totals,240,.444,.397,.278,.206,26.2,63.4,41.2,54.3,12.8,6.9,10.9,100.0,92.8,117.5,
https://www.basketball-reference.com/boxscores/201502220OKC.html,"7:00 PM, February 22, 2015",Oklahoma City Thunder,Denver Nuggets,119,94,OKC,,,Team Totals,240,48,92,.522,8,20,.400,15,23,.652,15,45,60,31,8,10,18,19,119,,,Team Totals,240,.583,.565,.217,.250,36.6,73.8,58.8,64.6,7.9,14.3,15.0,100.0,117.5,92.8,
https://www.basketball-reference.com/boxscores/201502220ORL.html,"6:00 PM, February 22, 2015",Orlando Magic,Philadelphia 76ers,103,98,PHI,,,Team Totals,240,36,78,.462,13,34,.382,13,17,.765,11,30,41,21,8,5,21,26,98,,,Team Totals,240,.573,.545,.436,.218,29.7,71.4,51.9,58.3,8.6,8.5,19.7,100.0,105.0,110.3,
https://www.basketball-reference.com/boxscores/201502220ORL.html,"6:00 PM, February 22, 2015",Orlando Magic,Philadelphia 76ers,103,98,ORL,,,Team Totals,240,39,82,.476,6,23,.261,19,26,.731,12,26,38,19,9,2,15,21,103,,,Team Totals,240,.551,.512,.280,.317,28.6,70.3,48.1,48.7,9.6,4.5,13.8,100.0,110.3,105.0,
https://www.basketball-reference.com/boxscores/201502220POR.html,"9:00 PM, February 22, 2015",Portland Trail Blazers,Memphis Grizzlies,92,98,MEM,,,Team Totals,240,42,89,.472,3,9,.333,11,13,.846,8,36,44,20,13,4,7,15,98,,,Team Totals,240,.517,.489,.101,.146,17.4,81.8,48.9,47.6,14.0,8.2,6.9,100.0,105.2,98.8,
https://www.basketball-reference.com/boxscores/201502220POR.html,"9:00 PM, February 22, 2015",Portland Trail Blazers,Memphis Grizzlies,92,98,POR,,,Team Totals,240,33,82,.402,13,33,.394,13,16,.813,8,38,46,24,4,4,15,15,92,,,Team Totals,240,.517,.482,.402,.195,18.2,82.6,51.1,72.7,4.3,5.0,14.4,100.0,98.8,105.2,
https://www.basketball-reference.com/boxscores/201502230CHI.html,"8:00 PM, February 23, 2015",Chicago Bulls,Milwaukee Bucks,87,71,MIL,,,Team Totals,240,30,89,.337,4,18,.222,7,13,.538,12,29,41,16,9,4,10,21,71,,,Team Totals,240,.375,.360,.202,.146,21.4,61.7,39.8,53.3,10.1,8.0,9.5,100.0,79.6,97.5,
https://www.basketball-reference.com/boxscores/201502230CHI.html,"8:00 PM, February 23, 2015",Chicago Bulls,Milwaukee Bucks,87,71,CHI,,,Team Totals,240,27,76,.355,8,26,.308,25,32,.781,18,44,62,20,4,7,19,16,87,,,Team Totals,240,.483,.408,.342,.421,38.3,78.6,60.2,74.1,4.5,9.9,17.4,100.0,97.5,79.6,
https://www.basketball-reference.com/boxscores/201502230DEN.html,"9:00 PM, February 23, 2015",Denver Nuggets,Brooklyn Nets,82,110,BRK,,,Team Totals,240,43,92,.467,4,21,.190,20,23,.870,14,43,57,21,7,9,10,17,110,,,Team Totals,240,.539,.489,.228,.250,31.8,69.4,53.8,48.8,7.3,13.4,8.9,100.0,114.8,85.6,
https://www.basketball-reference.com/boxscores/201502230DEN.html,"9:00 PM, February 23, 2015",Denver Nuggets,Brooklyn Nets,82,110,DEN,,,Team Totals,240,31,94,.330,7,27,.259,13,22,.591,19,30,49,18,6,3,15,24,82,,,Team Totals,240,.395,.367,.287,.234,30.6,68.2,46.2,58.1,6.3,4.2,12.6,100.0,85.6,114.8,
https://www.basketball-reference.com/boxscores/201502230HOU.html,"8:00 PM, February 23, 2015",Houston Rockets,Minnesota Timberwolves,113,102,MIN,,,Team Totals,240,31,93,.333,5,18,.278,35,39,.897,20,38,58,17,9,3,20,22,102,,,Team Totals,240,.463,.360,.194,.419,37.0,63.3,50.9,54.8,8.7,5.4,15.4,100.0,99.0,109.7,
https://www.basketball-reference.com/boxscores/201502230HOU.html,"8:00 PM, February 23, 2015",Houston Rockets,Minnesota Timberwolves,113,102,HOU,,,Team Totals,240,39,94,.415,12,38,.316,23,34,.676,22,34,56,23,11,8,16,28,113,,,Team Totals,240,.519,.479,.404,.362,36.7,63.0,49.1,59.0,10.7,10.7,12.8,100.0,109.7,99.0,
https://www.basketball-reference.com/boxscores/201502230LAC.html,"10:30 PM, February 23, 2015",Los Angeles Clippers,Memphis Grizzlies,87,90,MEM,,,Team Totals,240,33,81,.407,5,15,.333,19,26,.731,8,34,42,22,10,4,10,13,90,,,Team Totals,240,.487,.438,.185,.321,18.6,87.2,51.2,66.7,10.9,7.7,9.8,100.0,98.0,94.8,
https://www.basketball-reference.com/boxscores/201502230LAC.html,"10:30 PM, February 23, 2015",Los Angeles Clippers,Memphis Grizzlies,87,90,LAC,,,Team Totals,240,35,79,.443,9,27,.333,8,12,.667,5,35,40,21,6,10,14,16,87,,,Team Totals,240,.516,.500,.342,.152,12.8,81.4,48.8,60.0,6.5,15.2,14.2,100.0,94.8,98.0,
https://www.basketball-reference.com/boxscores/201502230MIA.html,"7:30 PM, February 23, 2015",Miami Heat,Philadelphia 76ers,119,108,PHI,,,Team Totals,240,40,84,.476,13,31,.419,15,28,.536,9,24,33,27,10,8,12,18,108,,,Team Totals,240,.561,.554,.369,.333,20.9,68.6,42.3,67.5,10.3,12.9,11.1,100.0,111.5,122.9,
https://www.basketball-reference.com/boxscores/201502230MIA.html,"7:30 PM, February 23, 2015",Miami Heat,Philadelphia 76ers,119,108,MIA,,,Team Totals,240,46,83,.554,11,21,.524,16,22,.727,11,34,45,27,6,3,17,20,119,,,Team Totals,240,.642,.620,.253,.265,31.4,79.1,57.7,58.7,6.2,5.7,15.5,100.0,122.9,111.5,
https://www.basketball-reference.com/boxscores/201502230NOP.html,"8:00 PM, February 23, 2015",New Orleans Pelicans,Toronto Raptors,100,97,TOR,,,Team Totals,240,35,84,.417,5,23,.217,22,31,.710,16,24,40,13,12,2,8,15,97,,,Team Totals,240,.497,.446,.274,.369,30.8,66.7,45.5,37.1,13.6,3.6,7.6,100.0,110.2,113.6,
https://www.basketball-reference.com/boxscores/201502230NOP.html,"8:00 PM, February 23, 2015",New Orleans Pelicans,Toronto Raptors,100,97,NOP,,,Team Totals,240,40,78,.513,10,22,.455,10,16,.625,12,36,48,27,6,7,17,20,100,,,Team Totals,240,.588,.577,.282,.205,33.3,69.2,54.5,67.5,6.8,11.5,16.7,100.0,113.6,110.2,
https://www.basketball-reference.com/boxscores/201502230PHO.html,"9:00 PM, February 23, 2015",Phoenix Suns,Boston Celtics,110,115,BOS,,,Team Totals,240,39,89,.438,14,29,.483,23,30,.767,9,33,42,26,13,1,15,14,115,,,Team Totals,240,.563,.517,.326,.337,20.5,68.8,45.7,66.7,12.5,1.5,12.8,100.0,110.7,105.9,
https://www.basketball-reference.com/boxscores/201502230PHO.html,"9:00 PM, February 23, 2015",Phoenix Suns,Boston Celtics,110,115,PHO,,,Team Totals,240,44,97,.454,9,32,.281,13,16,.813,15,35,50,25,9,7,17,24,110,,,Team Totals,240,.529,.500,.330,.165,31.3,79.5,54.3,56.8,8.7,11.7,14.0,100.0,105.9,110.7,
https://www.basketball-reference.com/boxscores/201502230UTA.html,"9:00 PM, February 23, 2015",Utah Jazz,San Antonio Spurs,90,81,SAS,,,Team Totals,240,32,79,.405,5,19,.263,12,21,.571,12,32,44,17,7,7,22,21,81,,,Team Totals,240,.459,.437,.241,.266,24.0,74.4,47.3,53.1,7.4,10.3,20.0,100.0,85.7,95.2,
https://www.basketball-reference.com/boxscores/201502230UTA.html,"9:00 PM, February 23, 2015",Utah Jazz,San Antonio Spurs,90,81,UTA,,,Team Totals,240,34,83,.410,4,15,.267,18,23,.783,11,38,49,14,14,5,13,24,90,,,Team Totals,240,.483,.434,.181,.277,25.6,76.0,52.7,41.2,14.8,8.3,12.3,100.0,95.2,85.7,
https://www.basketball-reference.com/boxscores/201502240DAL.html,"8:30 PM, February 24, 2015",Dallas Mavericks,Toronto Raptors,99,92,TOR,,,Team Totals,240,38,84,.452,9,26,.346,7,11,.636,7,30,37,17,10,4,19,20,92,,,Team Totals,240,.518,.506,.310,.131,17.9,78.9,48.1,44.7,10.2,6.7,17.6,100.0,94.1,101.3,
https://www.basketball-reference.com/boxscores/201502240DAL.html,"8:30 PM, February 24, 2015",Dallas Mavericks,Toronto Raptors,99,92,DAL,,,Team Totals,240,38,79,.481,8,19,.421,15,18,.833,8,32,40,17,13,4,20,13,99,,,Team Totals,240,.569,.532,.241,.228,21.1,82.1,51.9,44.7,13.3,6.9,18.7,100.0,101.3,94.1,
https://www.basketball-reference.com/boxscores/201502240DET.html,"7:30 PM, February 24, 2015",Detroit Pistons,Cleveland Cavaliers,93,102,CLE,,,Team Totals,240,34,77,.442,14,37,.378,20,24,.833,4,36,40,22,9,5,15,25,102,,,Team Totals,240,.582,.532,.481,.312,10.3,76.6,46.5,64.7,9.3,8.6,14.6,100.0,105.4,96.1,
https://www.basketball-reference.com/boxscores/201502240DET.html,"7:30 PM, February 24, 2015",Detroit Pistons,Cleveland Cavaliers,93,102,DET,,,Team Totals,240,33,82,.402,9,24,.375,18,30,.600,11,35,46,16,5,3,15,21,93,,,Team Totals,240,.488,.457,.293,.366,23.4,89.7,53.5,48.5,5.2,7.5,13.6,100.0,96.1,105.4,
https://www.basketball-reference.com/boxscores/201502240OKC.html,"8:00 PM, February 24, 2015",Oklahoma City Thunder,Indiana Pacers,105,92,IND,,,Team Totals,240,38,88,.432,9,26,.346,7,11,.636,9,39,48,26,5,3,14,17,92,,,Team Totals,240,.495,.483,.295,.125,17.6,72.2,45.7,68.4,5.2,4.2,13.1,100.0,95.1,108.5,
https://www.basketball-reference.com/boxscores/201502240OKC.html,"8:00 PM, February 24, 2015",Oklahoma City Thunder,Indiana Pacers,105,92,OKC,,,Team Totals,240,40,96,.417,9,24,.375,16,18,.889,15,42,57,23,10,8,10,16,105,,,Team Totals,240,.505,.464,.250,.188,27.8,82.4,54.3,57.5,10.3,12.9,8.8,100.0,108.5,95.1,
https://www.basketball-reference.com/boxscores/201502240WAS.html,"7:00 PM, February 24, 2015",Washington Wizards,Golden State Warriors,107,114,GSW,,,Team Totals,240,45,90,.500,12,23,.522,12,17,.706,4,25,29,27,12,1,9,17,114,,,Team Totals,240,.585,.567,.256,.189,10.0,73.5,39.2,60.0,11.8,1.6,8.5,100.0,111.8,105.0,
https://www.basketball-reference.com/boxscores/201502240WAS.html,"7:00 PM, February 24, 2015",Washington Wizards,Golden State Warriors,107,114,WAS,,,Team Totals,240,42,79,.532,5,18,.278,18,21,.857,9,36,45,23,4,4,26,20,107,,,Team Totals,240,.606,.563,.228,.266,26.5,90.0,60.8,54.8,3.9,6.0,22.8,100.0,105.0,111.8,
https://www.basketball-reference.com/boxscores/201502250ATL.html,"7:30 PM, February 25, 2015",Atlanta Hawks,Dallas Mavericks,104,87,DAL,,,Team Totals,240,34,80,.425,5,31,.161,14,18,.778,13,31,44,20,0,3,16,18,87,,,Team Totals,240,.495,.456,.388,.225,29.5,75.6,51.8,58.8,0.0,6.0,15.4,100.0,97.2,116.2,
https://www.basketball-reference.com/boxscores/201502250ATL.html,"7:30 PM, February 25, 2015",Atlanta Hawks,Dallas Mavericks,104,87,ATL,,,Team Totals,240,39,85,.459,13,35,.371,13,16,.813,10,31,41,28,7,2,11,18,104,,,Team Totals,240,.565,.535,.412,.188,24.4,70.5,48.2,71.8,7.8,4.1,10.7,100.0,116.2,97.2,
https://www.basketball-reference.com/boxscores/201502250BOS.html,"7:30 PM, February 25, 2015",Boston Celtics,New York Knicks,115,94,NYK,,,Team Totals,240,34,82,.415,2,21,.095,24,31,.774,9,32,41,19,6,4,13,20,94,,,Team Totals,240,.491,.427,.256,.378,19.1,80.0,47.1,55.9,6.2,7.7,12.0,100.0,97.0,118.7,
https://www.basketball-reference.com/boxscores/201502250BOS.html,"7:30 PM, February 25, 2015",Boston Celtics,New York Knicks,115,94,BOS,,,Team Totals,240,42,83,.506,14,31,.452,17,20,.850,8,38,46,29,6,1,14,26,115,,,Team Totals,240,.626,.590,.373,.241,20.0,80.9,52.9,69.0,6.2,1.6,13.2,100.0,118.7,97.0,
https://www.basketball-reference.com/boxscores/201502250CHI.html,"8:00 PM, February 25, 2015",Chicago Bulls,Charlotte Hornets,86,98,CHO,,,Team Totals,240,39,84,.464,4,14,.286,16,21,.762,12,33,45,16,8,3,9,18,98,,,Team Totals,240,.526,.488,.167,.250,26.1,78.6,51.1,41.0,9.0,5.0,8.8,100.0,110.6,97.1,
https://www.basketball-reference.com/boxscores/201502250CHI.html,"8:00 PM, February 25, 2015",Chicago Bulls,Charlotte Hornets,86,98,CHI,,,Team Totals,240,34,77,.442,3,17,.176,15,23,.652,9,34,43,24,6,11,12,17,86,,,Team Totals,240,.494,.461,.221,.299,21.4,73.9,48.9,70.6,6.8,15.7,12.1,100.0,97.1,110.6,
https://www.basketball-reference.com/boxscores/201502250DEN.html,"9:00 PM, February 25, 2015",Denver Nuggets,Phoenix Suns,96,110,PHO,,,Team Totals,240,39,91,.429,8,24,.333,24,32,.750,23,42,65,19,9,7,21,25,110,,,Team Totals,240,.523,.473,.264,.352,43.4,80.8,61.9,48.7,9.0,14.9,16.7,100.0,109.7,95.7,
https://www.basketball-reference.com/boxscores/201502250DEN.html,"9:00 PM, February 25, 2015",Denver Nuggets,Phoenix Suns,96,110,DEN,,,Team Totals,240,31,81,.383,12,34,.353,22,33,.667,10,30,40,22,11,5,16,19,96,,,Team Totals,240,.503,.457,.420,.407,19.2,56.6,38.1,71.0,11.0,7.5,14.3,100.0,95.7,109.7,
https://www.basketball-reference.com/boxscores/201502250HOU.html,"8:00 PM, February 25, 2015",Houston Rockets,Los Angeles Clippers,110,105,LAC,,,Team Totals,240,40,91,.440,11,32,.344,14,19,.737,12,37,49,18,1,4,16,22,105,,,Team Totals,240,.528,.500,.352,.209,26.1,75.5,51.6,45.0,1.0,9.1,13.9,100.0,106.7,111.8,
https://www.basketball-reference.com/boxscores/201502250HOU.html,"8:00 PM, February 25, 2015",Houston Rockets,Los Angeles Clippers,110,105,HOU,,,Team Totals,240,36,88,.409,17,44,.386,21,30,.700,12,34,46,27,7,9,10,20,110,,,Team Totals,240,.543,.506,.500,.341,24.5,73.9,48.4,75.0,7.1,15.3,9.0,100.0,111.8,106.7,
https://www.basketball-reference.com/boxscores/201502250MIL.html,"8:00 PM, February 25, 2015",Milwaukee Bucks,Philadelphia 76ers,104,88,PHI,,,Team Totals,240,31,75,.413,11,25,.440,15,19,.789,12,26,38,21,13,3,28,22,88,,,Team Totals,240,.528,.487,.333,.253,27.9,68.4,46.9,67.7,13.2,4.5,25.1,100.0,89.3,105.6,
https://www.basketball-reference.com/boxscores/201502250MIL.html,"8:00 PM, February 25, 2015",Milwaukee Bucks,Philadelphia 76ers,104,88,MIL,,,Team Totals,240,44,82,.537,5,15,.333,11,16,.688,12,31,43,32,16,5,24,19,104,,,Team Totals,240,.584,.567,.183,.195,31.6,72.1,53.1,72.7,16.2,10.0,21.2,100.0,105.6,89.3,
https://www.basketball-reference.com/boxscores/201502250MIN.html,"8:00 PM, February 25, 2015",Minnesota Timberwolves,Washington Wizards,97,77,WAS,,,Team Totals,240,33,87,.379,4,18,.222,7,8,.875,10,33,43,21,5,3,19,27,77,,,Team Totals,240,.425,.402,.207,.092,18.9,76.7,44.8,63.6,5.1,4.4,17.3,100.0,78.2,98.5,
https://www.basketball-reference.com/boxscores/201502250MIN.html,"8:00 PM, February 25, 2015",Minnesota Timberwolves,Washington Wizards,97,77,MIN,,,Team Totals,240,35,81,.432,4,13,.308,23,28,.821,10,43,53,17,10,4,18,15,97,,,Team Totals,240,.520,.457,.160,.346,23.3,81.1,55.2,48.6,10.1,5.8,16.2,100.0,98.5,78.2,
https://www.basketball-reference.com/boxscores/201502250NOP.html,"8:00 PM, February 25, 2015",New Orleans Pelicans,Brooklyn Nets,102,96,BRK,,,Team Totals,240,39,92,.424,7,21,.333,11,15,.733,8,29,37,13,6,6,12,16,96,,,Team Totals,240,.487,.462,.228,.163,17.8,82.9,46.3,33.3,6.2,12.2,10.8,100.0,98.5,104.7,
https://www.basketball-reference.com/boxscores/201502250NOP.html,"8:00 PM, February 25, 2015",New Orleans Pelicans,Brooklyn Nets,102,96,NOP,,,Team Totals,240,38,74,.514,11,25,.440,15,19,.789,6,37,43,26,6,6,20,21,102,,,Team Totals,240,.619,.588,.338,.257,17.1,82.2,53.8,68.4,6.2,8.5,19.5,100.0,104.7,98.5,
https://www.basketball-reference.com/boxscores/201502250ORL.html,"7:00 PM, February 25, 2015",Orlando Magic,Miami Heat,90,93,MIA,,,Team Totals,265,32,84,.381,6,31,.194,23,32,.719,8,34,42,17,8,5,14,24,93,,,Team Totals,265,.474,.417,.369,.381,17.4,73.9,45.7,53.1,8.1,8.9,12.5,100.0,94.0,90.9,
https://www.basketball-reference.com/boxscores/201502250ORL.html,"7:00 PM, February 25, 2015",Orlando Magic,Miami Heat,90,93,ORL,,,Team Totals,265,33,78,.423,6,22,.273,18,31,.581,12,38,50,17,4,1,19,28,90,,,Team Totals,265,.491,.462,.282,.397,26.1,82.6,54.3,51.5,4.0,1.9,17.2,100.0,90.9,94.0,
https://www.basketball-reference.com/boxscores/201502250POR.html,"10:30 PM, February 25, 2015",Portland Trail Blazers,San Antonio Spurs,111,95,SAS,,,Team Totals,240,37,85,.435,8,21,.381,13,14,.929,10,27,37,20,8,5,13,16,95,,,Team Totals,240,.521,.482,.247,.165,23.3,69.2,45.1,54.1,8.8,8.5,12.5,100.0,103.9,121.4,
https://www.basketball-reference.com/boxscores/201502250POR.html,"10:30 PM, February 25, 2015",Portland Trail Blazers,San Antonio Spurs,111,95,POR,,,Team Totals,240,43,85,.506,13,26,.500,12,15,.800,12,33,45,25,9,4,14,16,111,,,Team Totals,240,.606,.582,.306,.176,30.8,76.7,54.9,58.1,9.8,6.3,13.3,100.0,121.4,103.9,
https://www.basketball-reference.com/boxscores/201502250SAC.html,"10:00 PM, February 25, 2015",Sacramento Kings,Memphis Grizzlies,102,90,MEM,,,Team Totals,240,34,84,.405,4,16,.250,18,23,.783,14,24,38,22,12,5,17,21,90,,,Team Totals,240,.478,.429,.190,.274,29.2,64.9,44.7,64.7,12.6,7.8,15.3,100.0,94.6,107.3,
https://www.basketball-reference.com/boxscores/201502250SAC.html,"10:00 PM, February 25, 2015",Sacramento Kings,Memphis Grizzlies,102,90,SAC,,,Team Totals,240,39,80,.488,6,16,.375,18,25,.720,13,34,47,24,10,6,21,18,102,,,Team Totals,240,.560,.525,.200,.313,35.1,70.8,55.3,61.5,10.5,8.8,18.8,100.0,107.3,94.6,
https://www.basketball-reference.com/boxscores/201502250UTA.html,"9:00 PM, February 25, 2015",Utah Jazz,Los Angeles Lakers,97,100,LAL,,,Team Totals,240,40,89,.449,2,11,.182,18,21,.857,14,28,42,17,12,8,10,25,100,,,Team Totals,240,.509,.461,.124,.236,29.2,68.3,47.2,42.5,12.9,13.1,9.2,100.0,107.3,104.0,
https://www.basketball-reference.com/boxscores/201502250UTA.html,"9:00 PM, February 25, 2015",Utah Jazz,Los Angeles Lakers,97,100,UTA,,,Team Totals,240,34,73,.466,7,12,.583,22,34,.647,13,34,47,18,3,5,21,19,97,,,Team Totals,240,.551,.514,.164,.466,31.7,70.8,52.8,52.9,3.2,6.4,19.3,100.0,104.0,107.3,
https://www.basketball-reference.com/boxscores/201502260CLE.html,"8:00 PM, February 26, 2015",Cleveland Cavaliers,Golden State Warriors,110,99,GSW,,,Team Totals,240,39,92,.424,11,29,.379,10,19,.526,14,30,44,32,10,6,14,24,99,,,Team Totals,240,.493,.484,.315,.207,24.6,78.9,46.3,82.1,10.1,12.2,12.2,100.0,100.3,111.4,
https://www.basketball-reference.com/boxscores/201502260CLE.html,"8:00 PM, February 26, 2015",Cleveland Cavaliers,Golden State Warriors,110,99,CLE,,,Team Totals,240,36,77,.468,9,28,.321,29,35,.829,8,43,51,15,10,2,16,19,110,,,Team Totals,240,.595,.526,.364,.455,21.1,75.4,53.7,41.7,10.1,3.2,14.8,100.0,111.4,100.3,
https://www.basketball-reference.com/boxscores/201502260PHO.html,"10:30 PM, February 26, 2015",Phoenix Suns,Oklahoma City Thunder,117,113,OKC,,,Team Totals,265,39,101,.386,8,24,.333,27,30,.900,13,37,50,17,6,4,10,24,113,,,Team Totals,265,.495,.426,.238,.297,23.6,78.7,49.0,43.6,5.5,5.6,8.1,100.0,103.9,107.6,
https://www.basketball-reference.com/boxscores/201502260PHO.html,"10:30 PM, February 26, 2015",Phoenix Suns,Oklahoma City Thunder,117,113,PHO,,,Team Totals,265,48,97,.495,9,26,.346,12,21,.571,10,42,52,21,4,9,16,24,117,,,Team Totals,265,.551,.541,.268,.216,21.3,76.4,51.0,43.8,3.7,11.7,13.1,100.0,107.6,103.9,
https://www.basketball-reference.com/boxscores/201502270ATL.html,"7:30 PM, February 27, 2015",Atlanta Hawks,Orlando Magic,95,88,ORL,,,Team Totals,240,36,80,.450,9,26,.346,7,13,.538,10,30,40,22,10,7,19,17,88,,,Team Totals,240,.513,.506,.325,.163,24.4,73.2,48.8,61.1,10.9,14.0,18.1,100.0,95.9,103.5,
https://www.basketball-reference.com/boxscores/201502270ATL.html,"7:30 PM, February 27, 2015",Atlanta Hawks,Orlando Magic,95,88,ATL,,,Team Totals,240,36,81,.444,14,31,.452,9,12,.750,11,31,42,27,11,5,18,12,95,,,Team Totals,240,.551,.531,.383,.148,26.8,75.6,51.2,75.0,12.0,9.3,17.3,100.0,103.5,95.9,
https://www.basketball-reference.com/boxscores/201502270BOS.html,"7:30 PM, February 27, 2015",Boston Celtics,Charlotte Hornets,106,98,CHO,,,Team Totals,240,37,82,.451,10,21,.476,14,17,.824,8,40,48,19,8,7,16,18,98,,,Team Totals,240,.548,.512,.256,.207,19.5,74.1,50.5,51.4,8.4,11.5,15.2,100.0,103.2,111.7,
https://www.basketball-reference.com/boxscores/201502270BOS.html,"7:30 PM, February 27, 2015",Boston Celtics,Charlotte Hornets,106,98,BOS,,,Team Totals,240,40,96,.417,14,35,.400,12,15,.800,14,33,47,24,8,5,8,15,106,,,Team Totals,240,.517,.490,.365,.156,25.9,80.5,49.5,60.0,8.4,8.2,7.2,100.0,111.7,103.2,
https://www.basketball-reference.com/boxscores/201502270CHI.html,"8:00 PM, February 27, 2015",Chicago Bulls,Minnesota Timberwolves,96,89,MIN,,,Team Totals,240,33,77,.429,2,14,.143,21,31,.677,10,35,45,17,7,2,13,18,89,,,Team Totals,240,.491,.442,.182,.403,24.4,61.4,45.9,51.5,7.8,3.1,12.5,100.0,99.5,107.3,
https://www.basketball-reference.com/boxscores/201502270CHI.html,"8:00 PM, February 27, 2015",Chicago Bulls,Minnesota Timberwolves,96,89,CHI,,,Team Totals,240,37,96,.385,9,31,.290,13,16,.813,22,31,53,24,5,5,10,24,96,,,Team Totals,240,.466,.432,.323,.167,38.6,75.6,54.1,64.9,5.6,7.9,8.8,100.0,107.3,99.5,
https://www.basketball-reference.com/boxscores/201502270DEN.html,"9:00 PM, February 27, 2015",Denver Nuggets,Utah Jazz,82,104,UTA,,,Team Totals,240,39,68,.574,9,21,.429,17,21,.810,8,35,43,24,13,15,23,23,104,,,Team Totals,240,.673,.640,.309,.309,28.6,68.6,54.4,61.5,14.3,28.8,22.9,100.0,114.1,89.9,
https://www.basketball-reference.com/boxscores/201502270DEN.html,"9:00 PM, February 27, 2015",Denver Nuggets,Utah Jazz,82,104,DEN,,,Team Totals,240,28,84,.333,8,32,.250,18,29,.621,16,20,36,22,9,3,15,13,82,,,Team Totals,240,.424,.381,.381,.345,31.4,71.4,45.6,78.6,9.9,6.4,13.4,100.0,89.9,114.1,
https://www.basketball-reference.com/boxscores/201502270DET.html,"7:30 PM, February 27, 2015",Detroit Pistons,New York Knicks,115,121,NYK,,,Team Totals,290,45,109,.413,6,18,.333,25,26,.962,18,40,58,28,6,9,11,35,121,,,Team Totals,290,.502,.440,.165,.239,32.1,71.4,51.8,62.2,5.5,13.6,8.4,100.0,110.7,105.2,
https://www.basketball-reference.com/boxscores/201502270DET.html,"7:30 PM, February 27, 2015",Detroit Pistons,New York Knicks,115,121,DET,,,Team Totals,290,39,97,.402,8,31,.258,29,40,.725,16,38,54,22,3,10,15,26,115,,,Team Totals,290,.502,.443,.320,.412,28.6,67.9,48.2,56.4,2.7,11.0,11.6,100.0,105.2,110.7,
https://www.basketball-reference.com/boxscores/201502270HOU.html,"8:00 PM, February 27, 2015",Houston Rockets,Brooklyn Nets,102,98,BRK,,,Team Totals,240,38,85,.447,4,17,.235,18,20,.900,12,32,44,17,8,4,17,21,98,,,Team Totals,240,.522,.471,.200,.235,26.7,80.0,51.8,44.7,8.3,7.7,15.3,100.0,102.2,106.4,
https://www.basketball-reference.com/boxscores/201502270HOU.html,"8:00 PM, February 27, 2015",Houston Rockets,Brooklyn Nets,102,98,HOU,,,Team Totals,240,39,84,.464,9,32,.281,15,17,.882,8,33,41,26,9,5,14,25,102,,,Team Totals,240,.557,.518,.381,.202,20.0,73.3,48.2,66.7,9.4,7.4,13.3,100.0,106.4,102.2,
https://www.basketball-reference.com/boxscores/201502270IND.html,"7:00 PM, February 27, 2015",Indiana Pacers,Cleveland Cavaliers,93,86,CLE,,,Team Totals,240,33,92,.359,9,29,.310,11,14,.786,14,35,49,20,3,7,15,23,86,,,Team Totals,240,.438,.408,.315,.152,25.9,81.4,50.5,60.6,3.2,11.1,13.3,100.0,92.1,99.6,
https://www.basketball-reference.com/boxscores/201502270IND.html,"7:00 PM, February 27, 2015",Indiana Pacers,Cleveland Cavaliers,93,86,IND,,,Team Totals,240,34,80,.425,6,17,.353,19,29,.655,8,40,48,23,8,7,8,17,93,,,Team Totals,240,.501,.463,.213,.363,18.6,74.1,49.5,67.6,8.6,11.1,7.9,100.0,99.6,92.1,
https://www.basketball-reference.com/boxscores/201502270LAL.html,"10:30 PM, February 27, 2015",Los Angeles Lakers,Milwaukee Bucks,101,93,MIL,,,Team Totals,240,34,87,.391,4,17,.235,21,29,.724,13,36,49,18,7,6,11,17,93,,,Team Totals,240,.466,.414,.195,.333,24.1,80.0,49.5,52.9,7.3,9.0,9.9,100.0,96.8,105.1,
https://www.basketball-reference.com/boxscores/201502270LAL.html,"10:30 PM, February 27, 2015",Los Angeles Lakers,Milwaukee Bucks,101,93,LAL,,,Team Totals,240,40,85,.471,6,18,.333,15,22,.682,9,41,50,23,7,5,12,21,101,,,Team Totals,240,.533,.506,.212,.259,20.0,75.9,50.5,57.5,7.3,7.1,11.2,100.0,105.1,96.8,
https://www.basketball-reference.com/boxscores/201502270MEM.html,"8:00 PM, February 27, 2015",Memphis Grizzlies,Los Angeles Clippers,79,97,LAC,,,Team Totals,240,36,78,.462,9,26,.346,16,28,.571,9,38,47,20,9,10,12,19,97,,,Team Totals,240,.537,.519,.333,.359,23.1,77.6,53.4,55.6,9.6,13.3,11.7,100.0,103.8,84.6,
https://www.basketball-reference.com/boxscores/201502270MEM.html,"8:00 PM, February 27, 2015",Memphis Grizzlies,Los Angeles Clippers,79,97,MEM,,,Team Totals,240,33,87,.379,3,12,.250,10,15,.667,11,30,41,19,6,4,16,27,79,,,Team Totals,240,.422,.397,.138,.172,22.4,76.9,46.6,57.6,6.4,7.7,14.6,100.0,84.6,103.8,
https://www.basketball-reference.com/boxscores/201502270NOP.html,"8:00 PM, February 27, 2015",New Orleans Pelicans,Miami Heat,104,102,MIA,,,Team Totals,240,41,84,.488,8,21,.381,12,16,.750,6,25,31,21,3,7,7,23,102,,,Team Totals,240,.560,.536,.250,.190,16.7,78.1,45.6,51.2,3.4,11.7,7.1,100.0,114.0,116.3,
https://www.basketball-reference.com/boxscores/201502270NOP.html,"8:00 PM, February 27, 2015",New Orleans Pelicans,Miami Heat,104,102,NOP,,,Team Totals,240,39,76,.513,6,16,.375,20,27,.741,7,30,37,26,3,6,11,19,104,,,Team Totals,240,.592,.553,.211,.355,21.9,83.3,54.4,66.7,3.4,9.5,11.1,100.0,116.3,114.0,
https://www.basketball-reference.com/boxscores/201502270PHI.html,"7:00 PM, February 27, 2015",Philadelphia 76ers,Washington Wizards,89,81,WAS,,,Team Totals,240,30,93,.323,4,17,.235,17,22,.773,13,38,51,20,4,5,13,25,81,,,Team Totals,240,.394,.344,.183,.237,24.1,76.0,49.0,66.7,4.1,10.6,11.2,100.0,83.6,91.8,
https://www.basketball-reference.com/boxscores/201502270PHI.html,"7:00 PM, February 27, 2015",Philadelphia 76ers,Washington Wizards,89,81,PHI,,,Team Totals,240,28,80,.350,12,33,.364,21,34,.618,12,41,53,21,7,4,15,20,89,,,Team Totals,240,.469,.425,.413,.425,24.0,75.9,51.0,75.0,7.2,5.3,13.6,100.0,91.8,83.6,
https://www.basketball-reference.com/boxscores/201502270POR.html,"10:30 PM, February 27, 2015",Portland Trail Blazers,Oklahoma City Thunder,115,112,OKC,,,Team Totals,240,45,94,.479,4,14,.286,18,22,.818,13,34,47,24,5,4,13,23,112,,,Team Totals,240,.540,.500,.149,.234,29.5,73.9,52.2,53.3,5.1,6.3,11.1,100.0,113.8,116.9,
https://www.basketball-reference.com/boxscores/201502270POR.html,"10:30 PM, February 27, 2015",Portland Trail Blazers,Oklahoma City Thunder,115,112,POR,,,Team Totals,240,39,89,.438,10,26,.385,27,31,.871,12,31,43,20,7,4,9,14,115,,,Team Totals,240,.560,.494,.292,.348,26.1,70.5,47.8,51.3,7.1,5.0,8.1,100.0,116.9,113.8,
https://www.basketball-reference.com/boxscores/201502270SAC.html,"10:00 PM, February 27, 2015",Sacramento Kings,San Antonio Spurs,96,107,SAS,,,Team Totals,240,35,88,.398,8,23,.348,29,32,.906,10,32,42,18,8,7,6,16,107,,,Team Totals,240,.524,.443,.261,.364,20.0,82.1,47.2,51.4,8.3,9.3,5.6,100.0,111.0,99.6,
https://www.basketball-reference.com/boxscores/201502270SAC.html,"10:00 PM, February 27, 2015",Sacramento Kings,San Antonio Spurs,96,107,SAC,,,Team Totals,240,38,79,.481,1,4,.250,19,23,.826,7,40,47,15,3,2,17,28,96,,,Team Totals,240,.539,.487,.051,.291,17.9,80.0,52.8,39.5,3.1,3.1,16.0,100.0,99.6,111.0,
https://www.basketball-reference.com/boxscores/201502270TOR.html,"7:30 PM, February 27, 2015",Toronto Raptors,Golden State Warriors,89,113,GSW,,,Team Totals,240,42,87,.483,13,28,.464,16,19,.842,9,38,47,31,11,5,13,22,113,,,Team Totals,240,.592,.557,.322,.218,20.9,82.6,52.8,73.8,11.2,9.1,12.0,100.0,115.2,90.7,
https://www.basketball-reference.com/boxscores/201502270TOR.html,"7:30 PM, February 27, 2015",Toronto Raptors,Golden State Warriors,89,113,TOR,,,Team Totals,240,31,77,.403,4,22,.182,23,28,.821,8,34,42,15,6,3,19,17,89,,,Team Totals,240,.498,.429,.286,.364,17.4,79.1,47.2,48.4,6.1,5.1,17.5,100.0,90.7,115.2,
https://www.basketball-reference.com/boxscores/201502280DAL.html,"8:30 PM, February 28, 2015",Dallas Mavericks,Brooklyn Nets,94,104,BRK,,,Team Totals,240,40,77,.519,10,23,.435,14,23,.609,12,36,48,20,5,4,15,21,104,,,Team Totals,240,.597,.584,.299,.299,29.3,81.8,56.5,50.0,5.5,7.4,14.7,100.0,113.9,102.9,
https://www.basketball-reference.com/boxscores/201502280DAL.html,"8:30 PM, February 28, 2015",Dallas Mavericks,Brooklyn Nets,94,104,DAL,,,Team Totals,240,35,82,.427,9,28,.321,15,18,.833,8,29,37,23,10,3,13,19,94,,,Team Totals,240,.523,.482,.341,.220,18.2,70.7,43.5,65.7,10.9,5.6,12.6,100.0,102.9,113.9,
https://www.basketball-reference.com/boxscores/201502280MIA.html,"7:30 PM, February 28, 2015",Miami Heat,Atlanta Hawks,91,93,ATL,,,Team Totals,240,34,79,.430,10,25,.400,15,20,.750,8,29,37,23,12,5,20,19,93,,,Team Totals,240,.530,.494,.316,.253,19.5,67.4,44.0,67.6,12.4,9.1,18.6,100.0,96.4,94.3,
https://www.basketball-reference.com/boxscores/201502280MIA.html,"7:30 PM, February 28, 2015",Miami Heat,Atlanta Hawks,91,93,MIA,,,Team Totals,240,32,81,.395,7,26,.269,20,21,.952,14,33,47,17,12,3,23,16,91,,,Team Totals,240,.504,.438,.321,.259,32.6,80.5,56.0,53.1,12.4,5.6,20.3,100.0,94.3,96.4,
https://www.basketball-reference.com/boxscores/201502280MIN.html,"8:00 PM, February 28, 2015",Minnesota Timberwolves,Memphis Grizzlies,97,101,MEM,,,Team Totals,240,38,64,.594,4,11,.364,21,29,.724,6,37,43,21,7,7,24,24,101,,,Team Totals,240,.658,.625,.172,.453,24.0,69.8,55.1,55.3,7.5,10.1,23.8,100.0,108.4,104.1,
https://www.basketball-reference.com/boxscores/201502280MIN.html,"8:00 PM, February 28, 2015",Minnesota Timberwolves,Memphis Grizzlies,97,101,MIN,,,Team Totals,240,34,88,.386,7,19,.368,22,27,.815,16,19,35,22,12,1,12,22,97,,,Team Totals,240,.486,.426,.216,.307,30.2,76.0,44.9,64.7,12.9,1.9,10.7,100.0,104.1,108.4,
https://www.basketball-reference.com/boxscores/201502280NYK.html,"7:30 PM, February 28, 2015",New York Knicks,Toronto Raptors,103,98,TOR,,,Team Totals,240,34,81,.420,8,29,.276,22,28,.786,10,30,40,16,7,4,12,27,98,,,Team Totals,240,.525,.469,.358,.346,21.7,78.9,47.6,47.1,7.5,7.1,11.4,100.0,104.8,110.2,
https://www.basketball-reference.com/boxscores/201502280NYK.html,"7:30 PM, February 28, 2015",New York Knicks,Toronto Raptors,103,98,NYK,,,Team Totals,240,33,75,.440,7,19,.368,30,38,.789,8,36,44,21,8,5,13,21,103,,,Team Totals,240,.561,.487,.253,.507,21.1,78.3,52.4,63.6,8.6,9.6,12.4,100.0,110.2,104.8,
https://www.basketball-reference.com/boxscores/201502280PHO.html,"9:00 PM, February 28, 2015",Phoenix Suns,San Antonio Spurs,74,101,SAS,,,Team Totals,240,41,92,.446,4,19,.211,15,17,.882,10,46,56,18,7,6,14,24,101,,,Team Totals,240,.508,.467,.207,.185,22.7,85.2,57.1,43.9,6.9,8.8,12.3,100.0,99.2,72.7,
https://www.basketball-reference.com/boxscores/201502280PHO.html,"9:00 PM, February 28, 2015",Phoenix Suns,San Antonio Spurs,74,101,PHO,,,Team Totals,240,25,84,.298,5,16,.313,19,24,.792,8,34,42,13,7,4,19,22,74,,,Team Totals,240,.391,.327,.190,.286,14.8,77.3,42.9,52.0,6.9,5.5,16.7,100.0,72.7,99.2,
https://www.basketball-reference.com/boxscores/201502280UTA.html,"9:00 PM, February 28, 2015",Utah Jazz,Milwaukee Bucks,82,75,MIL,,,Team Totals,240,29,74,.392,5,15,.333,12,14,.857,8,31,39,18,15,4,23,23,75,,,Team Totals,240,.468,.426,.203,.189,19.5,70.5,45.9,62.1,16.1,7.4,22.3,100.0,80.4,87.9,
https://www.basketball-reference.com/boxscores/201502280UTA.html,"9:00 PM, February 28, 2015",Utah Jazz,Milwaukee Bucks,82,75,UTA,,,Team Totals,240,29,76,.382,6,22,.273,18,23,.783,13,33,46,18,16,7,23,18,82,,,Team Totals,240,.476,.421,.289,.303,29.5,80.5,54.1,62.1,17.2,11.9,21.1,100.0,87.9,80.4,
https://www.basketball-reference.com/boxscores/201502280WAS.html,"7:00 PM, February 28, 2015",Washington Wizards,Detroit Pistons,99,95,DET,,,Team Totals,240,38,79,.481,8,26,.308,11,21,.524,9,31,40,18,8,2,18,22,95,,,Team Totals,240,.538,.532,.329,.266,22.5,72.1,48.2,47.4,8.7,3.4,16.9,100.0,103.1,107.4,
https://www.basketball-reference.com/boxscores/201502280WAS.html,"7:00 PM, February 28, 2015",Washington Wizards,Detroit Pistons,99,95,WAS,,,Team Totals,240,37,78,.474,7,20,.350,18,25,.720,12,31,43,21,14,2,13,16,99,,,Team Totals,240,.556,.519,.256,.321,27.9,77.5,51.8,56.8,15.2,3.8,12.7,100.0,107.4,103.1,
https://www.basketball-reference.com/boxscores/201503010BOS.html,"6:00 PM, March 1, 2015",Boston Celtics,Golden State Warriors,101,106,GSW,,,Team Totals,240,40,95,.421,12,34,.353,14,17,.824,15,40,55,19,4,8,10,18,106,,,Team Totals,240,.517,.484,.358,.179,27.8,65.6,47.8,47.5,4.1,10.3,8.9,100.0,109.4,104.2,
https://www.basketball-reference.com/boxscores/201503010BOS.html,"6:00 PM, March 1, 2015",Boston Celtics,Golden State Warriors,101,106,BOS,,,Team Totals,240,40,109,.367,8,31,.258,13,17,.765,21,39,60,21,4,3,8,17,101,,,Team Totals,240,.434,.404,.284,.156,34.4,72.2,52.2,52.5,4.1,4.9,6.4,100.0,104.2,109.4,
https://www.basketball-reference.com/boxscores/201503010CHI.html,"1:00 PM, March 1, 2015",Chicago Bulls,Los Angeles Clippers,86,96,LAC,,,Team Totals,240,38,87,.437,7,27,.259,13,24,.542,13,42,55,15,6,12,9,23,96,,,Team Totals,240,.492,.477,.310,.276,27.7,71.2,51.9,39.5,6.5,19.7,8.4,100.0,104.6,93.7,
https://www.basketball-reference.com/boxscores/201503010CHI.html,"1:00 PM, March 1, 2015",Chicago Bulls,Los Angeles Clippers,86,96,CHI,,,Team Totals,240,27,87,.310,10,26,.385,22,30,.733,17,34,51,18,2,1,12,17,86,,,Team Totals,240,.429,.368,.299,.345,28.8,72.3,48.1,66.7,2.2,1.7,10.7,100.0,93.7,104.6,
https://www.basketball-reference.com/boxscores/201503010DEN.html,"8:00 PM, March 1, 2015",Denver Nuggets,New Orleans Pelicans,92,99,NOP,,,Team Totals,240,36,74,.486,5,22,.227,22,30,.733,9,35,44,22,7,4,16,19,99,,,Team Totals,240,.568,.520,.297,.405,24.3,68.6,50.0,61.1,7.5,6.8,15.5,100.0,106.8,99.2,
https://www.basketball-reference.com/boxscores/201503010DEN.html,"8:00 PM, March 1, 2015",Denver Nuggets,New Orleans Pelicans,92,99,DEN,,,Team Totals,240,37,92,.402,9,33,.273,9,17,.529,16,28,44,17,10,3,13,25,92,,,Team Totals,240,.462,.451,.359,.185,31.4,75.7,50.0,45.9,10.8,5.8,11.6,100.0,99.2,106.8,
https://www.basketball-reference.com/boxscores/201503010HOU.html,"3:30 PM, March 1, 2015",Houston Rockets,Cleveland Cavaliers,105,103,CLE,,,Team Totals,265,40,98,.408,12,40,.300,11,21,.524,22,31,53,19,11,5,16,29,103,,,Team Totals,265,.480,.469,.408,.214,44.0,79.5,59.6,47.5,11.2,11.4,13.0,100.0,104.8,106.9,
https://www.basketball-reference.com/boxscores/201503010HOU.html,"3:30 PM, March 1, 2015",Houston Rockets,Cleveland Cavaliers,105,103,HOU,,,Team Totals,265,34,74,.459,11,30,.367,26,33,.788,8,28,36,21,11,5,23,20,105,,,Team Totals,265,.593,.534,.405,.446,20.5,56.0,40.4,61.8,11.2,8.6,20.6,100.0,106.9,104.8,
https://www.basketball-reference.com/boxscores/201503010IND.html,"6:00 PM, March 1, 2015",Indiana Pacers,Philadelphia 76ers,94,74,PHI,,,Team Totals,240,29,84,.345,5,24,.208,11,17,.647,10,37,47,10,8,6,18,25,74,,,Team Totals,240,.404,.375,.286,.202,20.0,74.0,47.0,34.5,8.2,8.6,16.4,100.0,76.1,96.6,
https://www.basketball-reference.com/boxscores/201503010IND.html,"6:00 PM, March 1, 2015",Indiana Pacers,Philadelphia 76ers,94,74,IND,,,Team Totals,240,36,88,.409,3,18,.167,19,25,.760,13,40,53,17,11,9,14,15,94,,,Team Totals,240,.475,.426,.205,.284,26.0,80.0,53.0,47.2,11.3,15.0,12.4,100.0,96.6,76.1,
https://www.basketball-reference.com/boxscores/201503010LAL.html,"6:30 PM, March 1, 2015",Los Angeles Lakers,Oklahoma City Thunder,101,108,OKC,,,Team Totals,240,40,97,.412,11,32,.344,17,23,.739,16,39,55,21,5,6,9,16,108,,,Team Totals,240,.504,.469,.330,.237,28.6,81.3,52.9,52.5,5.2,9.2,7.8,100.0,111.4,104.2,
https://www.basketball-reference.com/boxscores/201503010LAL.html,"6:30 PM, March 1, 2015",Los Angeles Lakers,Oklahoma City Thunder,101,108,LAL,,,Team Totals,240,40,90,.444,9,25,.360,12,18,.667,9,40,49,25,6,6,9,20,101,,,Team Totals,240,.516,.494,.278,.200,18.8,71.4,47.1,62.5,6.2,9.2,8.4,100.0,104.2,111.4,
https://www.basketball-reference.com/boxscores/201503010ORL.html,"6:00 PM, March 1, 2015",Orlando Magic,Charlotte Hornets,83,98,CHO,,,Team Totals,240,40,80,.500,8,18,.444,10,14,.714,7,40,47,22,5,4,16,17,98,,,Team Totals,240,.569,.550,.225,.175,17.1,80.0,51.6,55.0,5.4,5.7,15.7,100.0,105.0,88.9,
https://www.basketball-reference.com/boxscores/201503010ORL.html,"6:00 PM, March 1, 2015",Orlando Magic,Charlotte Hornets,83,98,ORL,,,Team Totals,240,31,85,.365,6,15,.400,15,20,.750,10,34,44,16,8,3,11,19,83,,,Team Totals,240,.442,.400,.176,.235,20.0,82.9,48.4,51.6,8.6,4.8,10.5,100.0,88.9,105.0,
https://www.basketball-reference.com/boxscores/201503010SAC.html,"6:00 PM, March 1, 2015",Sacramento Kings,Portland Trail Blazers,99,110,POR,,,Team Totals,240,41,83,.494,10,24,.417,18,20,.900,11,32,43,19,5,3,17,20,110,,,Team Totals,240,.599,.554,.289,.241,29.7,82.1,56.6,46.3,5.2,4.1,15.6,100.0,113.5,102.2,
https://www.basketball-reference.com/boxscores/201503010SAC.html,"6:00 PM, March 1, 2015",Sacramento Kings,Portland Trail Blazers,99,110,SAC,,,Team Totals,240,39,86,.453,3,12,.250,18,23,.783,7,26,33,24,8,2,13,18,99,,,Team Totals,240,.515,.471,.140,.267,17.9,70.3,43.4,61.5,8.3,3.4,11.9,100.0,102.2,113.5,
https://www.basketball-reference.com/boxscores/201503020BRK.html,"7:30 PM, March 2, 2015",Brooklyn Nets,Golden State Warriors,110,108,GSW,,,Team Totals,240,42,90,.467,11,30,.367,13,18,.722,17,33,50,26,11,7,15,20,108,,,Team Totals,240,.551,.528,.333,.200,38.6,75.0,56.8,61.9,11.7,10.3,13.3,100.0,114.5,116.6,
https://www.basketball-reference.com/boxscores/201503020BRK.html,"7:30 PM, March 2, 2015",Brooklyn Nets,Golden State Warriors,110,108,BRK,,,Team Totals,240,44,89,.494,10,21,.476,12,16,.750,11,27,38,20,7,1,13,12,110,,,Team Totals,240,.573,.551,.236,.180,25.0,61.4,43.2,45.5,7.4,1.7,11.9,100.0,116.6,114.5,
https://www.basketball-reference.com/boxscores/201503020DAL.html,"8:30 PM, March 2, 2015",Dallas Mavericks,New Orleans Pelicans,102,93,NOP,,,Team Totals,240,35,74,.473,10,21,.476,13,16,.813,10,27,37,19,4,4,13,18,93,,,Team Totals,240,.574,.541,.284,.216,25.6,75.0,49.3,54.3,4.8,6.3,13.8,100.0,111.7,122.5,
https://www.basketball-reference.com/boxscores/201503020DAL.html,"8:30 PM, March 2, 2015",Dallas Mavericks,New Orleans Pelicans,102,93,DAL,,,Team Totals,240,38,79,.481,6,16,.375,20,22,.909,9,29,38,11,7,6,7,14,102,,,Team Totals,240,.575,.519,.203,.278,25.0,74.4,50.7,28.9,8.4,11.3,7.3,100.0,122.5,111.7,
https://www.basketball-reference.com/boxscores/201503020MIA.html,"7:30 PM, March 2, 2015",Miami Heat,Phoenix Suns,115,98,PHO,,,Team Totals,240,33,78,.423,7,31,.226,25,38,.658,14,29,43,17,7,2,19,27,98,,,Team Totals,240,.517,.468,.397,.487,29.8,70.7,48.9,51.5,7.2,2.9,16.7,100.0,100.2,117.6,
https://www.basketball-reference.com/boxscores/201503020MIA.html,"7:30 PM, March 2, 2015",Miami Heat,Phoenix Suns,115,98,MIA,,,Team Totals,240,43,82,.524,7,14,.500,22,30,.733,12,33,45,19,14,4,16,31,115,,,Team Totals,240,.604,.567,.171,.366,29.3,70.2,51.1,44.2,14.3,8.5,14.4,100.0,117.6,100.2,
https://www.basketball-reference.com/boxscores/201503020MIN.html,"8:00 PM, March 2, 2015",Minnesota Timberwolves,Los Angeles Clippers,105,110,LAC,,,Team Totals,240,44,92,.478,12,33,.364,10,19,.526,9,34,43,24,7,3,12,26,110,,,Team Totals,240,.548,.543,.359,.207,18.8,81.0,47.8,54.5,7.0,4.5,10.7,100.0,109.7,104.7,
https://www.basketball-reference.com/boxscores/201503020MIN.html,"8:00 PM, March 2, 2015",Minnesota Timberwolves,Los Angeles Clippers,105,110,MIN,,,Team Totals,240,36,82,.439,4,15,.267,29,35,.829,8,39,47,25,6,4,12,22,105,,,Team Totals,240,.539,.463,.183,.427,19.0,81.3,52.2,69.4,6.0,6.8,11.0,100.0,104.7,109.7,
https://www.basketball-reference.com/boxscores/201503020PHI.html,"7:00 PM, March 2, 2015",Philadelphia 76ers,Toronto Raptors,103,114,TOR,,,Team Totals,240,41,80,.513,11,27,.407,21,24,.875,10,26,36,24,6,6,11,16,114,,,Team Totals,240,.629,.581,.338,.300,27.8,72.2,50.0,58.5,6.7,10.3,10.8,100.0,126.9,114.7,
https://www.basketball-reference.com/boxscores/201503020PHI.html,"7:00 PM, March 2, 2015",Philadelphia 76ers,Toronto Raptors,103,114,PHI,,,Team Totals,240,41,78,.526,8,20,.400,13,19,.684,10,26,36,32,6,6,16,18,103,,,Team Totals,240,.596,.577,.256,.244,27.8,72.2,50.0,78.0,6.7,11.3,15.6,100.0,114.7,126.9,
https://www.basketball-reference.com/boxscores/201503030ATL.html,"7:30 PM, March 3, 2015",Atlanta Hawks,Houston Rockets,104,96,HOU,,,Team Totals,240,39,90,.433,14,41,.341,4,9,.444,8,33,41,30,6,6,13,21,96,,,Team Totals,240,.511,.511,.456,.100,16.7,78.6,45.6,76.9,6.1,10.5,12.2,100.0,97.9,106.1,
https://www.basketball-reference.com/boxscores/201503030ATL.html,"7:30 PM, March 3, 2015",Atlanta Hawks,Houston Rockets,104,96,ATL,,,Team Totals,240,39,86,.453,8,29,.276,18,21,.857,9,40,49,23,3,6,15,13,104,,,Team Totals,240,.546,.500,.337,.244,21.4,83.3,54.4,59.0,3.1,12.2,13.6,100.0,106.1,97.9,
https://www.basketball-reference.com/boxscores/201503030CHI.html,"8:00 PM, March 3, 2015",Chicago Bulls,Washington Wizards,97,92,WAS,,,Team Totals,240,35,84,.417,8,22,.364,14,19,.737,10,29,39,23,10,11,11,23,92,,,Team Totals,240,.498,.464,.262,.226,21.3,74.4,45.3,65.7,10.8,22.4,10.6,100.0,99.4,104.8,
https://www.basketball-reference.com/boxscores/201503030CHI.html,"8:00 PM, March 3, 2015",Chicago Bulls,Washington Wizards,97,92,CHI,,,Team Totals,240,33,78,.423,9,29,.310,22,30,.733,10,37,47,20,5,7,16,16,97,,,Team Totals,240,.532,.481,.372,.385,25.6,78.7,54.7,60.6,5.4,11.3,14.9,100.0,104.8,99.4,
https://www.basketball-reference.com/boxscores/201503030CHO.html,"7:00 PM, March 3, 2015",Charlotte Hornets,Los Angeles Lakers,104,103,LAL,,,Team Totals,240,39,86,.453,6,17,.353,19,21,.905,6,35,41,24,6,4,11,21,103,,,Team Totals,240,.541,.488,.198,.244,14.0,87.5,49.4,61.5,6.1,6.1,10.4,100.0,104.9,105.9,
https://www.basketball-reference.com/boxscores/201503030CHO.html,"7:00 PM, March 3, 2015",Charlotte Hornets,Los Angeles Lakers,104,103,CHO,,,Team Totals,240,39,79,.494,5,13,.385,21,31,.677,5,37,42,30,10,5,12,17,104,,,Team Totals,240,.561,.525,.165,.392,12.5,86.0,50.6,76.9,10.2,7.2,11.5,100.0,105.9,104.9,
https://www.basketball-reference.com/boxscores/201503030CLE.html,"7:00 PM, March 3, 2015",Cleveland Cavaliers,Boston Celtics,110,79,BOS,,,Team Totals,240,31,88,.352,7,28,.250,10,13,.769,11,31,42,23,4,3,15,21,79,,,Team Totals,240,.421,.392,.318,.148,21.6,72.1,44.7,74.2,4.3,4.9,13.8,100.0,84.5,117.7,
https://www.basketball-reference.com/boxscores/201503030CLE.html,"7:00 PM, March 3, 2015",Cleveland Cavaliers,Boston Celtics,110,79,CLE,,,Team Totals,240,43,89,.483,10,28,.357,14,14,1.000,12,40,52,28,10,6,11,18,110,,,Team Totals,240,.578,.539,.315,.157,27.9,78.4,55.3,65.1,10.7,10.0,10.4,100.0,117.7,84.5,
https://www.basketball-reference.com/boxscores/201503030DEN.html,"9:00 PM, March 3, 2015",Denver Nuggets,Milwaukee Bucks,106,95,MIL,,,Team Totals,240,35,86,.407,10,24,.417,15,22,.682,8,33,41,21,6,7,14,25,95,,,Team Totals,240,.496,.465,.279,.256,18.6,80.5,48.8,60.0,6.1,13.5,12.8,100.0,97.0,108.3,
https://www.basketball-reference.com/boxscores/201503030DEN.html,"9:00 PM, March 3, 2015",Denver Nuggets,Milwaukee Bucks,106,95,DEN,,,Team Totals,240,39,86,.453,12,34,.353,16,20,.800,8,35,43,26,8,5,13,24,106,,,Team Totals,240,.559,.523,.395,.233,19.5,81.4,51.2,66.7,8.2,8.1,12.1,100.0,108.3,97.0,
https://www.basketball-reference.com/boxscores/201503030MEM.html,"8:00 PM, March 3, 2015",Memphis Grizzlies,Utah Jazz,82,93,UTA,,,Team Totals,240,36,80,.450,5,25,.200,16,19,.842,14,41,55,22,7,7,16,17,93,,,Team Totals,240,.526,.481,.313,.238,35.0,78.8,59.8,61.1,7.9,9.9,15.3,100.0,105.3,92.8,
https://www.basketball-reference.com/boxscores/201503030MEM.html,"8:00 PM, March 3, 2015",Memphis Grizzlies,Utah Jazz,82,93,MEM,,,Team Totals,240,33,82,.402,3,11,.273,13,19,.684,11,26,37,15,7,4,11,12,82,,,Team Totals,240,.454,.421,.134,.232,21.2,65.0,40.2,45.5,7.9,7.3,10.9,100.0,92.8,105.3,
https://www.basketball-reference.com/boxscores/201503030NYK.html,"7:00 PM, March 3, 2015",New York Knicks,Sacramento Kings,86,124,SAC,,,Team Totals,240,41,83,.494,10,18,.556,32,37,.865,8,38,46,26,9,2,14,20,124,,,Team Totals,240,.624,.554,.217,.446,21.6,80.9,54.8,63.4,9.0,3.3,12.4,100.0,123.7,85.8,
https://www.basketball-reference.com/boxscores/201503030NYK.html,"7:00 PM, March 3, 2015",New York Knicks,Sacramento Kings,86,124,NYK,,,Team Totals,240,30,82,.366,4,22,.182,22,30,.733,9,29,38,16,8,9,15,27,86,,,Team Totals,240,.452,.390,.268,.366,19.1,78.4,45.2,53.3,8.0,13.8,13.6,100.0,85.8,123.7,
https://www.basketball-reference.com/boxscores/201503040BOS.html,"7:30 PM, March 4, 2015",Boston Celtics,Utah Jazz,85,84,UTA,,,Team Totals,240,34,75,.453,3,19,.158,13,21,.619,11,40,51,21,1,4,14,19,84,,,Team Totals,240,.499,.473,.253,.280,28.9,76.9,56.7,61.8,1.2,6.6,14.3,100.0,98.8,99.9,
https://www.basketball-reference.com/boxscores/201503040BOS.html,"7:30 PM, March 4, 2015",Boston Celtics,Utah Jazz,85,84,BOS,,,Team Totals,240,33,88,.375,8,27,.296,11,20,.550,12,27,39,21,5,3,3,20,85,,,Team Totals,240,.439,.420,.307,.227,23.1,71.1,43.3,63.6,5.9,5.4,3.0,100.0,99.9,98.8,
https://www.basketball-reference.com/boxscores/201503040BRK.html,"7:30 PM, March 4, 2015",Brooklyn Nets,Charlotte Hornets,91,115,CHO,,,Team Totals,240,42,85,.494,8,19,.421,23,28,.821,12,37,49,24,5,2,13,20,115,,,Team Totals,240,.591,.541,.224,.329,31.6,75.5,56.3,57.1,5.3,2.8,11.8,100.0,122.7,97.1,
https://www.basketball-reference.com/boxscores/201503040BRK.html,"7:30 PM, March 4, 2015",Brooklyn Nets,Charlotte Hornets,91,115,BRK,,,Team Totals,240,35,88,.398,3,16,.188,18,24,.750,12,26,38,15,6,1,9,24,91,,,Team Totals,240,.462,.415,.182,.273,24.5,68.4,43.7,42.9,6.4,1.5,8.4,100.0,97.1,122.7,
https://www.basketball-reference.com/boxscores/201503040GSW.html,"10:30 PM, March 4, 2015",Golden State Warriors,Milwaukee Bucks,102,93,MIL,,,Team Totals,240,34,80,.425,5,14,.357,20,25,.800,16,31,47,17,11,1,24,19,93,,,Team Totals,240,.511,.456,.175,.313,34.8,88.6,58.0,50.0,11.4,2.6,20.9,100.0,96.1,105.4,
https://www.basketball-reference.com/boxscores/201503040GSW.html,"10:30 PM, March 4, 2015",Golden State Warriors,Milwaukee Bucks,102,93,GSW,,,Team Totals,240,37,73,.507,14,34,.412,14,25,.560,4,30,34,30,16,8,18,24,102,,,Team Totals,240,.607,.603,.466,.342,11.4,65.2,42.0,81.1,16.5,12.1,17.6,100.0,105.4,96.1,
https://www.basketball-reference.com/boxscores/201503040HOU.html,"8:00 PM, March 4, 2015",Houston Rockets,Memphis Grizzlies,100,102,MEM,,,Team Totals,240,42,83,.506,4,16,.250,14,17,.824,7,31,38,27,11,3,10,15,102,,,Team Totals,240,.564,.530,.193,.205,20.0,72.1,48.7,64.3,12.3,5.2,10.0,100.0,114.0,111.8,
https://www.basketball-reference.com/boxscores/201503040HOU.html,"8:00 PM, March 4, 2015",Houston Rockets,Memphis Grizzlies,100,102,HOU,,,Team Totals,240,42,86,.488,11,28,.393,5,5,1.000,12,28,40,24,7,5,13,12,100,,,Team Totals,240,.567,.552,.326,.058,27.9,80.0,51.3,57.1,7.8,7.5,12.8,100.0,111.8,114.0,
https://www.basketball-reference.com/boxscores/201503040IND.html,"7:00 PM, March 4, 2015",Indiana Pacers,New York Knicks,105,82,NYK,,,Team Totals,240,30,76,.395,6,16,.375,16,23,.696,11,34,45,16,6,4,20,20,82,,,Team Totals,240,.476,.434,.211,.303,25.6,81.0,52.9,53.3,6.5,6.9,18.8,100.0,88.8,113.7,
https://www.basketball-reference.com/boxscores/201503040IND.html,"7:00 PM, March 4, 2015",Indiana Pacers,New York Knicks,105,82,IND,,,Team Totals,240,38,80,.475,10,22,.455,19,24,.792,8,32,40,21,8,8,11,21,105,,,Team Totals,240,.580,.538,.275,.300,19.0,74.4,47.1,55.3,8.7,13.3,10.8,100.0,113.7,88.8,
https://www.basketball-reference.com/boxscores/201503040LAC.html,"10:30 PM, March 4, 2015",Los Angeles Clippers,Portland Trail Blazers,93,98,POR,,,Team Totals,265,34,87,.391,8,32,.250,22,29,.759,10,51,61,19,3,4,16,21,98,,,Team Totals,265,.491,.437,.368,.333,19.2,85.0,54.5,55.9,2.9,6.2,13.8,100.0,94.9,90.1,
https://www.basketball-reference.com/boxscores/201503040LAC.html,"10:30 PM, March 4, 2015",Los Angeles Clippers,Portland Trail Blazers,93,98,LAC,,,Team Totals,265,37,96,.385,11,31,.355,8,18,.444,9,42,51,25,6,4,9,26,93,,,Team Totals,265,.447,.443,.323,.188,15.0,80.8,45.5,67.6,5.8,7.3,8.0,100.0,90.1,94.9,
https://www.basketball-reference.com/boxscores/201503040MIA.html,"8:00 PM, March 4, 2015",Miami Heat,Los Angeles Lakers,100,94,LAL,,,Team Totals,240,38,88,.432,7,18,.389,11,17,.647,7,35,42,23,11,1,14,26,94,,,Team Totals,240,.492,.472,.205,.193,14.3,72.9,43.3,60.5,11.1,1.6,12.8,100.0,94.6,100.6,
https://www.basketball-reference.com/boxscores/201503040MIA.html,"8:00 PM, March 4, 2015",Miami Heat,Los Angeles Lakers,100,94,MIA,,,Team Totals,240,32,79,.405,3,16,.188,33,43,.767,13,42,55,16,8,7,15,15,100,,,Team Totals,240,.511,.424,.203,.544,27.1,85.7,56.7,50.0,8.1,10.0,13.3,100.0,100.6,94.6,
https://www.basketball-reference.com/boxscores/201503040MIN.html,"8:00 PM, March 4, 2015",Minnesota Timberwolves,Denver Nuggets,85,100,DEN,,,Team Totals,240,42,92,.457,8,20,.400,8,10,.800,14,37,51,27,8,3,14,21,100,,,Team Totals,240,.519,.500,.217,.109,31.1,75.5,54.3,64.3,8.6,4.7,12.7,100.0,108.0,91.8,
https://www.basketball-reference.com/boxscores/201503040MIN.html,"8:00 PM, March 4, 2015",Minnesota Timberwolves,Denver Nuggets,85,100,MIN,,,Team Totals,240,32,82,.390,3,18,.167,18,25,.720,12,31,43,18,7,5,13,16,85,,,Team Totals,240,.457,.409,.220,.305,24.5,68.9,45.7,56.3,7.6,6.9,12.3,100.0,91.8,108.0,
https://www.basketball-reference.com/boxscores/201503040NOP.html,"8:00 PM, March 4, 2015",New Orleans Pelicans,Detroit Pistons,88,85,DET,,,Team Totals,240,38,93,.409,2,14,.143,7,9,.778,16,36,52,25,8,7,19,19,85,,,Team Totals,240,.438,.419,.151,.097,34.0,70.6,53.1,65.8,8.4,9.0,16.4,100.0,89.3,92.5,
https://www.basketball-reference.com/boxscores/201503040NOP.html,"8:00 PM, March 4, 2015",New Orleans Pelicans,Detroit Pistons,88,85,NOP,,,Team Totals,240,37,90,.411,2,12,.167,12,16,.750,15,31,46,18,7,12,15,15,88,,,Team Totals,240,.453,.422,.133,.178,29.4,66.0,46.9,48.6,7.4,15.2,13.4,100.0,92.5,89.3,
https://www.basketball-reference.com/boxscores/201503040OKC.html,"8:00 PM, March 4, 2015",Oklahoma City Thunder,Philadelphia 76ers,123,118,PHI,,,Team Totals,265,34,96,.354,15,35,.429,35,44,.795,16,42,58,20,8,8,17,26,118,,,Team Totals,265,.511,.432,.365,.458,26.2,82.4,51.8,58.8,7.0,10.7,12.8,100.0,104.0,108.4,
https://www.basketball-reference.com/boxscores/201503040OKC.html,"8:00 PM, March 4, 2015",Oklahoma City Thunder,Philadelphia 76ers,123,118,OKC,,,Team Totals,265,44,96,.458,7,21,.333,28,34,.824,9,45,54,19,9,9,14,31,123,,,Team Totals,265,.554,.495,.219,.354,17.6,73.8,48.2,43.2,7.9,14.8,11.2,100.0,108.4,104.0,
https://www.basketball-reference.com/boxscores/201503040ORL.html,"7:00 PM, March 4, 2015",Orlando Magic,Phoenix Suns,100,105,PHO,,,Team Totals,240,37,79,.468,8,21,.381,23,27,.852,9,25,34,22,10,3,19,15,105,,,Team Totals,240,.578,.519,.266,.342,21.4,73.5,44.7,59.5,10.0,4.5,17.3,100.0,104.9,99.9,
https://www.basketball-reference.com/boxscores/201503040ORL.html,"7:00 PM, March 4, 2015",Orlando Magic,Phoenix Suns,100,105,ORL,,,Team Totals,240,41,87,.471,5,20,.250,13,15,.867,9,33,42,21,13,5,21,26,100,,,Team Totals,240,.534,.500,.230,.172,26.5,78.6,55.3,51.2,13.0,8.6,18.3,100.0,99.9,104.9,
https://www.basketball-reference.com/boxscores/201503040SAS.html,"8:30 PM, March 4, 2015",San Antonio Spurs,Sacramento Kings,112,85,SAC,,,Team Totals,240,29,78,.372,3,9,.333,24,34,.706,8,27,35,15,14,4,18,13,85,,,Team Totals,240,.457,.391,.115,.436,18.2,77.1,44.3,51.7,14.1,6.5,16.2,100.0,85.6,112.7,
https://www.basketball-reference.com/boxscores/201503040SAS.html,"8:30 PM, March 4, 2015",San Antonio Spurs,Sacramento Kings,112,85,SAS,,,Team Totals,240,45,85,.529,10,23,.435,12,16,.750,8,36,44,23,13,10,17,23,112,,,Team Totals,240,.608,.588,.271,.188,22.9,81.8,55.7,51.1,13.1,14.5,15.6,100.0,112.7,85.6,
https://www.basketball-reference.com/boxscores/201503040TOR.html,"7:30 PM, March 4, 2015",Toronto Raptors,Cleveland Cavaliers,112,120,CLE,,,Team Totals,240,40,78,.513,15,36,.417,25,34,.735,9,26,35,27,7,3,9,16,120,,,Team Totals,240,.645,.609,.462,.436,25.0,78.8,50.7,67.5,7.9,5.2,8.8,100.0,135.5,126.5,
https://www.basketball-reference.com/boxscores/201503040TOR.html,"7:30 PM, March 4, 2015",Toronto Raptors,Cleveland Cavaliers,112,120,TOR,,,Team Totals,240,43,79,.544,10,21,.476,16,17,.941,7,27,34,24,5,3,9,24,112,,,Team Totals,240,.648,.608,.266,.215,21.2,75.0,49.3,55.8,5.6,7.1,9.4,100.0,126.5,135.5,
https://www.basketball-reference.com/boxscores/201503050CHI.html,"8:00 PM, March 5, 2015",Chicago Bulls,Oklahoma City Thunder,108,105,OKC,,,Team Totals,240,41,88,.466,8,20,.400,15,19,.789,8,33,41,20,8,4,10,18,105,,,Team Totals,240,.545,.511,.227,.216,18.2,73.3,46.1,48.8,8.4,6.5,9.4,100.0,110.3,113.4,
https://www.basketball-reference.com/boxscores/201503050CHI.html,"8:00 PM, March 5, 2015",Chicago Bulls,Oklahoma City Thunder,108,105,CHI,,,Team Totals,240,40,87,.460,7,25,.280,21,26,.808,12,36,48,26,4,3,10,15,108,,,Team Totals,240,.549,.500,.287,.299,26.7,81.8,53.9,65.0,4.2,4.4,9.2,100.0,113.4,110.3,
https://www.basketball-reference.com/boxscores/201503050POR.html,"10:30 PM, March 5, 2015",Portland Trail Blazers,Dallas Mavericks,94,75,DAL,,,Team Totals,240,33,88,.375,2,16,.125,7,8,.875,6,35,41,17,10,3,13,16,75,,,Team Totals,240,.410,.386,.182,.091,11.1,81.4,42.3,51.5,10.3,5.0,12.4,100.0,77.1,96.7,
https://www.basketball-reference.com/boxscores/201503050POR.html,"10:30 PM, March 5, 2015",Portland Trail Blazers,Dallas Mavericks,94,75,POR,,,Team Totals,240,34,82,.415,7,22,.318,19,21,.905,8,48,56,20,7,5,16,15,94,,,Team Totals,240,.515,.457,.268,.256,18.6,88.9,57.7,58.8,7.2,6.9,14.9,100.0,96.7,77.1,
https://www.basketball-reference.com/boxscores/201503060ATL.html,"7:30 PM, March 6, 2015",Atlanta Hawks,Cleveland Cavaliers,106,97,CLE,,,Team Totals,240,29,69,.420,13,38,.342,26,33,.788,10,27,37,18,7,6,18,14,97,,,Team Totals,240,.581,.514,.551,.478,27.0,71.1,49.3,62.1,7.8,9.5,17.7,100.0,107.9,118.0,
https://www.basketball-reference.com/boxscores/201503060ATL.html,"7:30 PM, March 6, 2015",Atlanta Hawks,Cleveland Cavaliers,106,97,ATL,,,Team Totals,240,43,84,.512,6,21,.286,14,17,.824,11,27,38,27,10,4,13,22,106,,,Team Totals,240,.579,.548,.250,.202,28.9,73.0,50.7,62.8,11.1,12.9,12.4,100.0,118.0,107.9,
https://www.basketball-reference.com/boxscores/201503060BRK.html,"8:00 PM, March 6, 2015",Brooklyn Nets,Phoenix Suns,100,108,PHO,,,Team Totals,265,39,91,.429,3,26,.115,27,35,.771,12,39,51,19,13,2,15,24,108,,,Team Totals,265,.508,.445,.286,.385,23.5,68.4,47.2,48.7,12.1,2.7,12.4,100.0,100.8,93.4,
https://www.basketball-reference.com/boxscores/201503060BRK.html,"8:00 PM, March 6, 2015",Brooklyn Nets,Phoenix Suns,100,108,BRK,,,Team Totals,265,34,97,.351,8,22,.364,24,29,.828,18,39,57,21,5,1,20,29,100,,,Team Totals,265,.456,.392,.227,.299,31.6,76.5,52.8,61.8,4.7,1.5,15.4,100.0,93.4,100.8,
https://www.basketball-reference.com/boxscores/201503060CHO.html,"7:00 PM, March 6, 2015",Charlotte Hornets,Toronto Raptors,103,94,TOR,,,Team Totals,240,37,91,.407,7,22,.318,13,15,.867,5,27,32,21,5,5,5,18,94,,,Team Totals,240,.482,.445,.242,.165,10.0,71.1,36.4,56.8,5.2,7.7,4.9,100.0,98.3,107.7,
https://www.basketball-reference.com/boxscores/201503060CHO.html,"7:00 PM, March 6, 2015",Charlotte Hornets,Toronto Raptors,103,94,CHO,,,Team Totals,240,40,85,.471,5,20,.250,18,20,.900,11,45,56,26,3,5,16,15,103,,,Team Totals,240,.549,.500,.235,.235,28.9,90.0,63.6,65.0,3.1,7.2,14.6,100.0,107.7,98.3,
https://www.basketball-reference.com/boxscores/201503060GSW.html,"10:30 PM, March 6, 2015",Golden State Warriors,Dallas Mavericks,104,89,DAL,,,Team Totals,240,32,87,.368,6,20,.300,19,26,.731,3,31,34,17,15,1,13,20,89,,,Team Totals,240,.452,.402,.230,.299,6.7,77.5,40.0,53.1,14.5,1.7,11.7,100.0,86.1,100.6,
https://www.basketball-reference.com/boxscores/201503060GSW.html,"10:30 PM, March 6, 2015",Golden State Warriors,Dallas Mavericks,104,89,GSW,,,Team Totals,240,38,81,.469,11,23,.478,17,19,.895,9,42,51,28,5,11,22,21,104,,,Team Totals,240,.582,.537,.284,.235,22.5,93.3,60.0,73.7,4.8,16.4,19.8,100.0,100.6,86.1,
https://www.basketball-reference.com/boxscores/201503060HOU.html,"8:00 PM, March 6, 2015",Houston Rockets,Detroit Pistons,103,93,DET,,,Team Totals,240,37,102,.363,6,29,.207,13,17,.765,19,31,50,20,12,5,13,22,93,,,Team Totals,240,.425,.392,.284,.167,31.1,70.5,47.6,54.1,11.8,7.9,10.6,100.0,91.5,101.3,
https://www.basketball-reference.com/boxscores/201503060HOU.html,"8:00 PM, March 6, 2015",Houston Rockets,Detroit Pistons,103,93,HOU,,,Team Totals,240,38,91,.418,6,28,.214,21,25,.840,13,42,55,23,6,6,19,16,103,,,Team Totals,240,.505,.451,.308,.275,29.5,68.9,52.4,60.5,5.9,8.2,15.7,100.0,101.3,91.5,
https://www.basketball-reference.com/boxscores/201503060IND.html,"7:00 PM, March 6, 2015",Indiana Pacers,Chicago Bulls,98,84,CHI,,,Team Totals,240,31,86,.360,5,23,.217,17,19,.895,14,30,44,20,5,3,13,25,84,,,Team Totals,240,.445,.390,.267,.221,28.0,66.7,46.3,64.5,5.6,5.0,12.1,100.0,94.4,110.2,
https://www.basketball-reference.com/boxscores/201503060IND.html,"7:00 PM, March 6, 2015",Indiana Pacers,Chicago Bulls,98,84,IND,,,Team Totals,240,34,80,.425,6,20,.300,24,33,.727,15,36,51,23,7,4,11,22,98,,,Team Totals,240,.518,.463,.250,.413,33.3,72.0,53.7,67.6,7.9,6.3,10.4,100.0,110.2,94.4,
https://www.basketball-reference.com/boxscores/201503060MEM.html,"8:00 PM, March 6, 2015",Memphis Grizzlies,Los Angeles Lakers,97,90,LAL,,,Team Totals,240,39,84,.464,5,12,.417,7,9,.778,5,39,44,22,6,9,10,26,90,,,Team Totals,240,.512,.494,.143,.107,12.5,84.8,51.2,56.4,6.6,13.6,10.2,100.0,98.5,106.1,
https://www.basketball-reference.com/boxscores/201503060MEM.html,"8:00 PM, March 6, 2015",Memphis Grizzlies,Los Angeles Lakers,97,90,MEM,,,Team Totals,240,34,77,.442,1,11,.091,28,33,.848,7,35,42,18,7,1,8,12,97,,,Team Totals,240,.530,.448,.143,.429,15.2,87.5,48.8,52.9,7.7,1.4,8.0,100.0,106.1,98.5,
https://www.basketball-reference.com/boxscores/201503060NOP.html,"8:00 PM, March 6, 2015",New Orleans Pelicans,Boston Celtics,98,104,BOS,,,Team Totals,240,36,79,.456,10,23,.435,22,25,.880,7,30,37,19,8,1,11,17,104,,,Team Totals,240,.578,.519,.291,.316,16.3,76.9,45.1,52.8,8.6,1.7,10.9,100.0,111.7,105.3,
https://www.basketball-reference.com/boxscores/201503060NOP.html,"8:00 PM, March 6, 2015",New Orleans Pelicans,Boston Celtics,98,104,NOP,,,Team Totals,240,38,80,.475,8,21,.381,14,15,.933,9,36,45,22,5,6,18,15,98,,,Team Totals,240,.566,.525,.263,.188,23.1,83.7,54.9,57.9,5.4,10.7,17.2,100.0,105.3,111.7,
https://www.basketball-reference.com/boxscores/201503060ORL.html,"7:00 PM, March 6, 2015",Orlando Magic,Sacramento Kings,119,114,SAC,,,Team Totals,240,38,85,.447,10,27,.370,28,38,.737,19,24,43,18,6,6,14,16,114,,,Team Totals,240,.560,.506,.318,.447,39.6,75.0,53.8,47.4,6.4,9.8,12.1,100.0,122.5,127.8,
https://www.basketball-reference.com/boxscores/201503060ORL.html,"7:00 PM, March 6, 2015",Orlando Magic,Sacramento Kings,119,114,ORL,,,Team Totals,240,48,85,.565,13,24,.542,10,12,.833,8,29,37,29,10,5,12,24,119,,,Team Totals,240,.659,.641,.282,.141,25.0,60.4,46.3,60.4,10.7,8.6,11.7,100.0,127.8,122.5,
https://www.basketball-reference.com/boxscores/201503060PHI.html,"7:00 PM, March 6, 2015",Philadelphia 76ers,Utah Jazz,83,89,UTA,,,Team Totals,240,27,71,.380,6,12,.500,29,41,.707,12,37,49,17,9,5,19,20,89,,,Team Totals,240,.500,.423,.169,.577,28.6,74.0,53.3,63.0,9.6,8.9,17.6,100.0,95.4,89.0,
https://www.basketball-reference.com/boxscores/201503060PHI.html,"7:00 PM, March 6, 2015",Philadelphia 76ers,Utah Jazz,83,89,PHI,,,Team Totals,240,32,88,.364,10,32,.313,9,18,.500,13,30,43,22,13,4,14,29,83,,,Team Totals,240,.433,.420,.364,.205,26.0,71.4,46.7,68.8,13.9,6.8,12.7,100.0,89.0,95.4,
https://www.basketball-reference.com/boxscores/201503060SAS.html,"8:30 PM, March 6, 2015",San Antonio Spurs,Denver Nuggets,120,111,DEN,,,Team Totals,240,45,86,.523,6,17,.353,15,23,.652,8,30,38,21,7,3,13,26,111,,,Team Totals,240,.577,.558,.198,.267,19.5,90.9,51.4,46.7,7.1,5.5,11.9,100.0,112.5,121.6,
https://www.basketball-reference.com/boxscores/201503060SAS.html,"8:30 PM, March 6, 2015",San Antonio Spurs,Denver Nuggets,120,111,SAS,,,Team Totals,240,43,79,.544,9,24,.375,25,33,.758,3,33,36,24,8,8,9,20,120,,,Team Totals,240,.642,.601,.304,.418,9.1,80.5,48.6,55.8,8.1,11.6,8.8,100.0,121.6,112.5,
https://www.basketball-reference.com/boxscores/201503060WAS.html,"7:00 PM, March 6, 2015",Washington Wizards,Miami Heat,99,97,MIA,,,Team Totals,240,37,79,.468,10,27,.370,13,19,.684,8,29,37,18,5,2,15,19,97,,,Team Totals,240,.555,.532,.342,.241,19.5,74.4,46.3,48.6,5.3,3.4,14.7,100.0,103.8,105.9,
https://www.basketball-reference.com/boxscores/201503060WAS.html,"7:00 PM, March 6, 2015",Washington Wizards,Miami Heat,99,97,WAS,,,Team Totals,240,38,82,.463,7,23,.304,16,18,.889,10,33,43,24,6,4,17,21,99,,,Team Totals,240,.550,.506,.280,.220,25.6,80.5,53.8,63.2,6.4,7.7,15.9,100.0,105.9,103.8,
https://www.basketball-reference.com/boxscores/201503070CLE.html,"7:30 PM, March 7, 2015",Cleveland Cavaliers,Phoenix Suns,89,79,PHO,,,Team Totals,240,30,84,.357,9,25,.360,10,14,.714,13,30,43,20,6,4,11,20,79,,,Team Totals,240,.438,.411,.298,.167,27.7,71.4,48.3,66.7,7.0,7.3,10.9,100.0,92.7,104.5,
https://www.basketball-reference.com/boxscores/201503070CLE.html,"7:30 PM, March 7, 2015",Cleveland Cavaliers,Phoenix Suns,89,79,CLE,,,Team Totals,240,31,75,.413,8,20,.400,19,23,.826,12,34,46,22,5,1,15,14,89,,,Team Totals,240,.523,.467,.267,.307,28.6,72.3,51.7,71.0,5.9,1.7,15.0,100.0,104.5,92.7,
https://www.basketball-reference.com/boxscores/201503070DEN.html,"9:00 PM, March 7, 2015",Denver Nuggets,Houston Rockets,100,114,HOU,,,Team Totals,240,40,86,.465,10,28,.357,24,32,.750,11,37,48,25,11,2,22,22,114,,,Team Totals,240,.570,.523,.326,.372,25.6,75.5,52.2,62.5,10.4,3.2,18.0,100.0,107.7,94.5,
https://www.basketball-reference.com/boxscores/201503070DEN.html,"9:00 PM, March 7, 2015",Denver Nuggets,Houston Rockets,100,114,DEN,,,Team Totals,240,38,92,.413,9,30,.300,15,19,.789,12,32,44,23,16,8,18,28,100,,,Team Totals,240,.498,.462,.326,.207,24.5,74.4,47.8,60.5,15.1,13.8,15.2,100.0,94.5,107.7,
https://www.basketball-reference.com/boxscores/201503070MIA.html,"7:30 PM, March 7, 2015",Miami Heat,Sacramento Kings,114,109,SAC,,,Team Totals,265,40,88,.455,10,25,.400,19,24,.792,12,34,46,26,7,4,22,29,109,,,Team Totals,265,.553,.511,.284,.273,28.6,89.5,57.5,65.0,6.7,7.1,18.2,100.0,104.9,109.8,
https://www.basketball-reference.com/boxscores/201503070MIA.html,"7:30 PM, March 7, 2015",Miami Heat,Sacramento Kings,114,109,MIA,,,Team Totals,265,41,80,.513,7,24,.292,25,33,.758,4,30,34,23,13,8,14,21,114,,,Team Totals,265,.603,.556,.300,.413,10.5,71.4,42.5,56.1,12.5,12.7,12.9,100.0,109.8,104.9,
https://www.basketball-reference.com/boxscores/201503070MIL.html,"8:30 PM, March 7, 2015",Milwaukee Bucks,Washington Wizards,91,85,WAS,,,Team Totals,240,31,81,.383,9,28,.321,14,22,.636,14,35,49,19,9,3,17,19,85,,,Team Totals,240,.469,.438,.346,.272,29.2,77.8,52.7,61.3,9.9,5.2,15.8,100.0,93.3,99.9,
https://www.basketball-reference.com/boxscores/201503070MIL.html,"8:30 PM, March 7, 2015",Milwaukee Bucks,Washington Wizards,91,85,MIL,,,Team Totals,240,36,78,.462,10,20,.500,9,15,.600,10,34,44,25,7,6,17,18,91,,,Team Totals,240,.538,.526,.256,.192,22.2,70.8,47.3,69.4,7.7,11.3,16.7,100.0,99.9,93.3,
https://www.basketball-reference.com/boxscores/201503070MIN.html,"8:00 PM, March 7, 2015",Minnesota Timberwolves,Portland Trail Blazers,121,113,POR,,,Team Totals,240,43,88,.489,14,27,.519,13,17,.765,9,27,36,18,3,3,10,23,113,,,Team Totals,240,.592,.568,.307,.193,20.5,73.0,44.4,41.9,3.2,3.8,9.5,100.0,119.5,128.0,
https://www.basketball-reference.com/boxscores/201503070MIN.html,"8:00 PM, March 7, 2015",Minnesota Timberwolves,Portland Trail Blazers,121,113,MIN,,,Team Totals,240,46,85,.541,4,7,.571,25,31,.806,10,35,45,26,7,3,8,15,121,,,Team Totals,240,.613,.565,.082,.365,27.0,79.5,55.6,56.5,7.4,4.9,7.5,100.0,128.0,119.5,
https://www.basketball-reference.com/boxscores/201503070NOP.html,"7:00 PM, March 7, 2015",New Orleans Pelicans,Memphis Grizzlies,95,89,MEM,,,Team Totals,240,32,74,.432,6,16,.375,19,29,.655,8,31,39,26,15,7,14,19,89,,,Team Totals,240,.513,.473,.216,.392,19.0,81.6,48.8,81.3,16.1,12.3,13.9,100.0,95.7,102.2,
https://www.basketball-reference.com/boxscores/201503070NOP.html,"7:00 PM, March 7, 2015",New Orleans Pelicans,Memphis Grizzlies,95,89,NOP,,,Team Totals,240,38,80,.475,8,23,.348,11,13,.846,7,34,41,24,8,13,18,18,95,,,Team Totals,240,.554,.525,.288,.163,18.4,81.0,51.3,63.2,8.6,22.4,17.4,100.0,102.2,95.7,
https://www.basketball-reference.com/boxscores/201503070NYK.html,"7:30 PM, March 7, 2015",New York Knicks,Indiana Pacers,86,92,IND,,,Team Totals,240,30,79,.380,7,18,.389,25,30,.833,12,33,45,16,5,3,12,25,92,,,Team Totals,240,.499,.424,.228,.380,30.0,71.7,52.3,53.3,5.7,4.8,11.5,100.0,104.7,97.9,
https://www.basketball-reference.com/boxscores/201503070NYK.html,"7:30 PM, March 7, 2015",New York Knicks,Indiana Pacers,86,92,NYK,,,Team Totals,240,30,78,.385,3,15,.200,23,30,.767,13,28,41,13,4,4,13,27,86,,,Team Totals,240,.471,.404,.192,.385,28.3,70.0,47.7,43.3,4.6,6.6,12.5,100.0,97.9,104.7,
https://www.basketball-reference.com/boxscores/201503070PHI.html,"7:30 PM, March 7, 2015",Philadelphia 76ers,Atlanta Hawks,92,84,ATL,,,Team Totals,240,30,77,.390,11,25,.440,13,16,.813,5,37,42,20,8,9,19,14,84,,,Team Totals,240,.500,.461,.325,.208,11.6,68.5,43.3,66.7,8.2,15.5,18.4,100.0,86.5,94.8,
https://www.basketball-reference.com/boxscores/201503070PHI.html,"7:30 PM, March 7, 2015",Philadelphia 76ers,Atlanta Hawks,92,84,PHI,,,Team Totals,240,35,95,.368,13,37,.351,9,17,.529,17,38,55,24,14,3,16,12,92,,,Team Totals,240,.449,.437,.389,.179,31.5,88.4,56.7,68.6,14.4,5.8,13.5,100.0,94.8,86.5,
https://www.basketball-reference.com/boxscores/201503080BRK.html,"6:00 PM, March 8, 2015",Brooklyn Nets,Utah Jazz,88,95,UTA,,,Team Totals,240,34,72,.472,10,22,.455,17,21,.810,12,31,43,24,6,4,18,12,95,,,Team Totals,240,.585,.542,.306,.292,34.3,81.6,58.9,70.6,7.0,6.6,18.1,100.0,110.9,102.7,
https://www.basketball-reference.com/boxscores/201503080BRK.html,"6:00 PM, March 8, 2015",Brooklyn Nets,Utah Jazz,88,95,BRK,,,Team Totals,240,38,76,.500,8,15,.533,4,11,.364,7,23,30,21,9,2,14,16,88,,,Team Totals,240,.544,.553,.197,.145,18.4,65.7,41.1,55.3,10.5,4.0,14.8,100.0,102.7,110.9,
https://www.basketball-reference.com/boxscores/201503080DET.html,"6:00 PM, March 8, 2015",Detroit Pistons,Charlotte Hornets,101,108,CHO,,,Team Totals,240,41,79,.519,6,17,.353,20,23,.870,4,35,39,32,6,5,10,20,108,,,Team Totals,240,.606,.557,.215,.291,12.1,72.9,48.1,78.0,6.4,6.7,10.1,100.0,114.4,107.0,
https://www.basketball-reference.com/boxscores/201503080DET.html,"6:00 PM, March 8, 2015",Detroit Pistons,Charlotte Hornets,101,108,DET,,,Team Totals,240,39,89,.438,3,14,.214,20,25,.800,13,29,42,21,8,3,11,16,101,,,Team Totals,240,.505,.455,.157,.281,27.1,87.9,51.9,53.8,8.5,4.8,9.9,100.0,107.0,114.4,
https://www.basketball-reference.com/boxscores/201503080GSW.html,"3:30 PM, March 8, 2015",Golden State Warriors,Los Angeles Clippers,106,98,LAC,,,Team Totals,240,40,83,.482,8,25,.320,10,14,.714,9,30,39,25,8,3,18,22,98,,,Team Totals,240,.550,.530,.301,.169,23.1,81.1,51.3,62.5,8.3,5.2,16.8,100.0,102.0,110.4,
https://www.basketball-reference.com/boxscores/201503080GSW.html,"3:30 PM, March 8, 2015",Golden State Warriors,Los Angeles Clippers,106,98,GSW,,,Team Totals,240,40,80,.500,10,22,.455,16,23,.696,7,30,37,23,13,3,15,15,106,,,Team Totals,240,.588,.563,.275,.288,18.9,76.9,48.7,57.5,13.5,5.2,14.3,100.0,110.4,102.0,
https://www.basketball-reference.com/boxscores/201503080LAL.html,"9:30 PM, March 8, 2015",Los Angeles Lakers,Dallas Mavericks,93,100,DAL,,,Team Totals,240,38,78,.487,9,26,.346,15,22,.682,6,27,33,21,10,7,8,20,100,,,Team Totals,240,.570,.545,.333,.282,15.8,64.3,41.3,55.3,11.3,10.3,8.4,100.0,112.6,104.7,
https://www.basketball-reference.com/boxscores/201503080LAL.html,"9:30 PM, March 8, 2015",Los Angeles Lakers,Dallas Mavericks,93,100,LAL,,,Team Totals,240,38,82,.463,2,14,.143,15,21,.714,15,32,47,23,5,5,16,24,93,,,Team Totals,240,.510,.476,.171,.256,35.7,84.2,58.8,60.5,5.6,9.6,14.9,100.0,104.7,112.6,
https://www.basketball-reference.com/boxscores/201503080OKC.html,"7:00 PM, March 8, 2015",Oklahoma City Thunder,Toronto Raptors,108,104,TOR,,,Team Totals,240,42,98,.429,11,27,.407,9,9,1.000,12,21,33,24,12,3,8,21,104,,,Team Totals,240,.510,.485,.276,.092,25.0,61.8,40.2,57.1,12.7,4.9,7.3,100.0,110.5,114.7,
https://www.basketball-reference.com/boxscores/201503080OKC.html,"7:00 PM, March 8, 2015",Oklahoma City Thunder,Toronto Raptors,108,104,OKC,,,Team Totals,240,42,82,.512,6,21,.286,18,25,.720,13,36,49,30,6,10,18,13,108,,,Team Totals,240,.581,.549,.256,.305,38.2,75.0,59.8,71.4,6.4,14.1,16.2,100.0,114.7,110.5,
https://www.basketball-reference.com/boxscores/201503080ORL.html,"6:00 PM, March 8, 2015",Orlando Magic,Boston Celtics,103,98,BOS,,,Team Totals,240,35,89,.393,15,34,.441,13,16,.813,18,30,48,24,9,3,16,23,98,,,Team Totals,240,.510,.478,.382,.180,32.1,62.5,46.2,68.6,9.6,4.6,14.3,100.0,104.7,110.1,
https://www.basketball-reference.com/boxscores/201503080ORL.html,"6:00 PM, March 8, 2015",Orlando Magic,Boston Celtics,103,98,ORL,,,Team Totals,240,38,87,.437,7,22,.318,20,30,.667,18,38,56,20,8,8,15,15,103,,,Team Totals,240,.514,.477,.253,.345,37.5,67.9,53.8,52.6,8.5,14.5,13.0,100.0,110.1,104.7,
https://www.basketball-reference.com/boxscores/201503080SAS.html,"1:00 PM, March 8, 2015",San Antonio Spurs,Chicago Bulls,116,105,CHI,,,Team Totals,240,37,73,.507,5,15,.333,26,29,.897,7,37,44,20,6,6,22,24,105,,,Team Totals,240,.612,.541,.205,.397,20.6,82.2,55.7,54.1,6.1,8.8,20.4,100.0,106.9,118.1,
https://www.basketball-reference.com/boxscores/201503080SAS.html,"1:00 PM, March 8, 2015",San Antonio Spurs,Chicago Bulls,116,105,SAS,,,Team Totals,240,44,90,.489,9,22,.409,19,24,.792,8,27,35,14,15,4,7,22,116,,,Team Totals,240,.577,.539,.244,.267,17.8,79.4,44.3,31.8,15.3,6.9,6.5,100.0,118.1,106.9,
https://www.basketball-reference.com/boxscores/201503090ATL.html,"7:30 PM, March 9, 2015",Atlanta Hawks,Sacramento Kings,130,105,SAC,,,Team Totals,240,39,81,.481,8,20,.400,19,20,.950,16,24,40,21,10,2,16,12,105,,,Team Totals,240,.585,.531,.247,.247,41.0,70.6,54.8,53.8,11.2,3.8,15.1,100.0,117.1,145.0,
https://www.basketball-reference.com/boxscores/201503090ATL.html,"7:30 PM, March 9, 2015",Atlanta Hawks,Sacramento Kings,130,105,ATL,,,Team Totals,240,53,88,.602,20,36,.556,4,7,.571,10,23,33,42,8,6,13,18,130,,,Team Totals,240,.714,.716,.409,.080,29.4,59.0,45.2,79.2,8.9,9.8,12.5,100.0,145.0,117.1,
https://www.basketball-reference.com/boxscores/201503090CHI.html,"8:00 PM, March 9, 2015",Chicago Bulls,Memphis Grizzlies,91,101,MEM,,,Team Totals,240,42,84,.500,5,14,.357,12,17,.706,7,33,40,25,13,5,11,12,101,,,Team Totals,240,.552,.530,.167,.202,16.7,78.6,47.6,59.5,13.9,8.6,10.7,100.0,108.3,97.5,
https://www.basketball-reference.com/boxscores/201503090CHI.html,"8:00 PM, March 9, 2015",Chicago Bulls,Memphis Grizzlies,91,101,CHI,,,Team Totals,240,35,80,.438,10,22,.455,11,14,.786,9,35,44,18,7,2,17,13,91,,,Team Totals,240,.528,.500,.275,.175,21.4,83.3,52.4,51.4,7.5,2.9,16.5,100.0,97.5,108.3,
https://www.basketball-reference.com/boxscores/201503090CHO.html,"7:00 PM, March 9, 2015",Charlotte Hornets,Washington Wizards,69,95,WAS,,,Team Totals,240,44,85,.518,2,14,.143,5,5,1.000,8,41,49,21,10,4,13,19,95,,,Team Totals,240,.545,.529,.165,.059,21.6,83.7,57.0,47.7,11.0,7.3,13.0,100.0,104.1,75.6,
https://www.basketball-reference.com/boxscores/201503090CHO.html,"7:00 PM, March 9, 2015",Charlotte Hornets,Washington Wizards,69,95,CHO,,,Team Totals,240,25,77,.325,4,22,.182,15,20,.750,8,29,37,13,4,8,16,11,69,,,Team Totals,240,.402,.351,.286,.260,16.3,78.4,43.0,52.0,4.4,11.3,15.7,100.0,75.6,104.1,
https://www.basketball-reference.com/boxscores/201503090DEN.html,"9:00 PM, March 9, 2015",Denver Nuggets,New York Knicks,106,78,NYK,,,Team Totals,240,29,75,.387,5,13,.385,15,25,.600,8,37,45,21,3,10,14,22,78,,,Team Totals,240,.453,.420,.173,.333,17.8,77.1,48.4,72.4,3.2,15.9,14.0,100.0,84.4,114.7,
https://www.basketball-reference.com/boxscores/201503090DEN.html,"9:00 PM, March 9, 2015",Denver Nuggets,New York Knicks,106,78,DEN,,,Team Totals,240,38,87,.437,8,24,.333,22,29,.759,11,37,48,21,6,4,8,20,106,,,Team Totals,240,.531,.483,.276,.333,22.9,82.2,51.6,55.3,6.5,6.5,7.4,100.0,114.7,84.4,
https://www.basketball-reference.com/boxscores/201503090LAC.html,"10:30 PM, March 9, 2015",Los Angeles Clippers,Minnesota Timberwolves,89,76,MIN,,,Team Totals,240,31,83,.373,2,8,.250,12,21,.571,12,38,50,25,12,2,15,19,76,,,Team Totals,240,.412,.386,.096,.253,26.7,80.9,54.3,80.6,13.1,4.2,14.0,100.0,82.8,97.0,
https://www.basketball-reference.com/boxscores/201503090LAC.html,"10:30 PM, March 9, 2015",Los Angeles Clippers,Minnesota Timberwolves,89,76,LAC,,,Team Totals,240,35,79,.443,11,31,.355,8,15,.533,9,33,42,30,11,2,16,23,89,,,Team Totals,240,.520,.513,.392,.190,19.1,73.3,45.7,85.7,12.0,2.7,15.7,100.0,97.0,82.8,
https://www.basketball-reference.com/boxscores/201503090MIA.html,"7:30 PM, March 9, 2015",Miami Heat,Boston Celtics,90,100,BOS,,,Team Totals,240,39,87,.448,6,25,.240,16,17,.941,16,27,43,17,7,2,11,25,100,,,Team Totals,240,.529,.483,.287,.195,37.2,84.4,57.3,43.6,8.0,3.8,10.4,100.0,114.5,103.1,
https://www.basketball-reference.com/boxscores/201503090MIA.html,"7:30 PM, March 9, 2015",Miami Heat,Boston Celtics,90,100,MIA,,,Team Totals,240,29,69,.420,4,17,.235,28,34,.824,5,27,32,15,5,2,13,17,90,,,Team Totals,240,.536,.449,.246,.493,15.6,62.8,42.7,51.7,5.7,3.2,13.4,100.0,103.1,114.5,
https://www.basketball-reference.com/boxscores/201503090MIL.html,"8:00 PM, March 9, 2015",Milwaukee Bucks,New Orleans Pelicans,103,114,NOP,,,Team Totals,240,44,75,.587,9,15,.600,17,21,.810,10,24,34,26,7,4,18,20,114,,,Team Totals,240,.677,.647,.200,.280,37.0,75.0,57.6,59.1,7.9,7.1,17.6,100.0,128.5,116.1,
https://www.basketball-reference.com/boxscores/201503090MIL.html,"8:00 PM, March 9, 2015",Milwaukee Bucks,New Orleans Pelicans,103,114,MIL,,,Team Totals,240,37,71,.521,4,15,.267,25,31,.806,8,17,25,20,11,5,14,18,103,,,Team Totals,240,.608,.549,.211,.437,25.0,63.0,42.4,54.1,12.4,8.3,14.2,100.0,116.1,128.5,
https://www.basketball-reference.com/boxscores/201503090PHO.html,"10:00 PM, March 9, 2015",Phoenix Suns,Golden State Warriors,80,98,GSW,,,Team Totals,240,35,83,.422,13,31,.419,15,19,.789,9,39,48,17,11,8,18,21,98,,,Team Totals,240,.536,.500,.373,.229,22.5,86.7,56.5,48.6,11.3,12.1,16.5,100.0,100.3,81.9,
https://www.basketball-reference.com/boxscores/201503090PHO.html,"10:00 PM, March 9, 2015",Phoenix Suns,Golden State Warriors,80,98,PHO,,,Team Totals,240,29,77,.377,4,11,.364,18,23,.783,6,31,37,13,11,1,19,19,80,,,Team Totals,240,.459,.403,.143,.299,13.3,77.5,43.5,44.8,11.3,1.9,17.9,100.0,81.9,100.3,
https://www.basketball-reference.com/boxscores/201503100BRK.html,"7:30 PM, March 10, 2015",Brooklyn Nets,New Orleans Pelicans,91,111,NOP,,,Team Totals,240,45,87,.517,12,21,.571,9,11,.818,8,33,41,31,10,4,11,19,111,,,Team Totals,240,.604,.586,.241,.126,21.6,73.3,50.0,68.9,10.9,5.9,10.7,100.0,120.7,99.0,
https://www.basketball-reference.com/boxscores/201503100BRK.html,"7:30 PM, March 10, 2015",Brooklyn Nets,New Orleans Pelicans,91,111,BRK,,,Team Totals,240,35,84,.417,6,16,.375,15,23,.652,12,29,41,19,5,5,12,12,91,,,Team Totals,240,.483,.452,.190,.274,26.7,78.4,50.0,54.3,5.4,7.6,11.3,100.0,99.0,120.7,
https://www.basketball-reference.com/boxscores/201503100DAL.html,"8:30 PM, March 10, 2015",Dallas Mavericks,Cleveland Cavaliers,94,127,CLE,,,Team Totals,240,44,87,.506,15,32,.469,24,29,.828,12,38,50,25,11,5,14,28,127,,,Team Totals,240,.637,.592,.368,.333,30.8,71.7,54.3,56.8,11.3,8.2,12.3,100.0,130.9,96.9,
https://www.basketball-reference.com/boxscores/201503100DAL.html,"8:30 PM, March 10, 2015",Dallas Mavericks,Cleveland Cavaliers,94,127,DAL,,,Team Totals,240,33,81,.407,5,20,.250,23,33,.697,15,27,42,18,6,6,16,22,94,,,Team Totals,240,.492,.438,.247,.407,28.3,69.2,45.7,54.5,6.2,10.9,14.3,100.0,96.9,130.9,
https://www.basketball-reference.com/boxscores/201503100IND.html,"7:00 PM, March 10, 2015",Indiana Pacers,Orlando Magic,118,86,ORL,,,Team Totals,240,34,92,.370,4,17,.235,14,20,.700,19,26,45,15,9,7,10,17,86,,,Team Totals,240,.427,.391,.185,.217,33.3,70.3,47.9,44.1,10.0,13.7,9.0,100.0,95.3,130.8,
https://www.basketball-reference.com/boxscores/201503100IND.html,"7:00 PM, March 10, 2015",Indiana Pacers,Orlando Magic,118,86,IND,,,Team Totals,240,45,85,.529,17,34,.500,11,12,.917,11,38,49,37,6,5,14,15,118,,,Team Totals,240,.654,.629,.400,.141,29.7,66.7,52.1,82.2,6.7,6.7,13.4,100.0,130.8,95.3,
https://www.basketball-reference.com/boxscores/201503100LAL.html,"10:30 PM, March 10, 2015",Los Angeles Lakers,Detroit Pistons,93,85,DET,,,Team Totals,240,32,84,.381,8,35,.229,13,19,.684,12,30,42,20,10,8,14,23,85,,,Team Totals,240,.460,.429,.417,.226,25.0,75.0,47.7,62.5,11.2,12.9,13.2,100.0,94.9,103.8,
https://www.basketball-reference.com/boxscores/201503100LAL.html,"10:30 PM, March 10, 2015",Los Angeles Lakers,Detroit Pistons,93,85,LAL,,,Team Totals,240,32,75,.427,3,13,.231,26,30,.867,10,36,46,23,8,1,12,17,93,,,Team Totals,240,.527,.447,.173,.400,25.0,75.0,52.3,71.9,8.9,2.0,12.0,100.0,103.8,94.9,
https://www.basketball-reference.com/boxscores/201503100SAS.html,"8:30 PM, March 10, 2015",San Antonio Spurs,Toronto Raptors,117,107,TOR,,,Team Totals,240,43,97,.443,8,26,.308,13,18,.722,18,28,46,19,6,5,9,26,107,,,Team Totals,240,.510,.485,.268,.186,36.0,68.3,50.5,44.2,6.5,7.5,7.9,100.0,115.4,126.2,
https://www.basketball-reference.com/boxscores/201503100SAS.html,"8:30 PM, March 10, 2015",San Antonio Spurs,Toronto Raptors,117,107,SAS,,,Team Totals,240,41,85,.482,11,18,.611,24,30,.800,13,32,45,24,7,3,11,17,117,,,Team Totals,240,.596,.547,.212,.353,31.7,64.0,49.5,58.5,7.5,4.2,10.1,100.0,126.2,115.4,
https://www.basketball-reference.com/boxscores/201503100UTA.html,"9:00 PM, March 10, 2015",Utah Jazz,New York Knicks,87,82,NYK,,,Team Totals,240,31,79,.392,5,13,.385,15,17,.882,8,30,38,17,5,5,14,22,82,,,Team Totals,240,.474,.424,.165,.215,19.0,83.3,48.7,54.8,5.6,9.6,13.9,100.0,92.4,98.0,
https://www.basketball-reference.com/boxscores/201503100UTA.html,"9:00 PM, March 10, 2015",Utah Jazz,New York Knicks,87,82,UTA,,,Team Totals,240,30,70,.429,6,18,.333,21,29,.724,6,34,40,16,8,5,13,21,87,,,Team Totals,240,.526,.471,.257,.414,16.7,81.0,51.3,53.3,9.0,7.6,13.6,100.0,98.0,92.4,
https://www.basketball-reference.com/boxscores/201503110BOS.html,"7:30 PM, March 11, 2015",Boston Celtics,Memphis Grizzlies,95,92,MEM,,,Team Totals,240,37,78,.474,5,12,.417,13,13,1.000,10,31,41,21,11,4,21,19,92,,,Team Totals,240,.549,.506,.154,.167,29.4,72.1,53.2,56.8,11.8,6.9,20.1,100.0,99.1,102.3,
https://www.basketball-reference.com/boxscores/201503110BOS.html,"7:30 PM, March 11, 2015",Boston Celtics,Memphis Grizzlies,95,92,BOS,,,Team Totals,240,37,85,.435,8,27,.296,13,17,.765,12,24,36,28,11,5,17,16,95,,,Team Totals,240,.514,.482,.318,.200,27.9,70.6,46.8,75.7,11.8,7.6,15.5,100.0,102.3,99.1,
https://www.basketball-reference.com/boxscores/201503110CHO.html,"7:00 PM, March 11, 2015",Charlotte Hornets,Sacramento Kings,106,113,SAC,,,Team Totals,240,40,85,.471,8,20,.400,25,30,.833,7,36,43,25,4,3,13,21,113,,,Team Totals,240,.575,.518,.235,.353,17.1,78.3,49.4,62.5,3.9,4.0,11.7,100.0,110.6,103.8,
https://www.basketball-reference.com/boxscores/201503110CHO.html,"7:00 PM, March 11, 2015",Charlotte Hornets,Sacramento Kings,106,113,CHO,,,Team Totals,240,42,93,.452,6,18,.333,16,26,.615,10,34,44,28,5,12,11,24,106,,,Team Totals,240,.507,.484,.194,.280,21.7,82.9,50.6,66.7,4.9,18.5,9.5,100.0,103.8,110.6,
https://www.basketball-reference.com/boxscores/201503110DEN.html,"9:00 PM, March 11, 2015",Denver Nuggets,Atlanta Hawks,115,102,ATL,,,Team Totals,240,34,81,.420,9,27,.333,25,27,.926,8,24,32,18,11,3,18,18,102,,,Team Totals,240,.549,.475,.333,.333,19.5,68.6,42.1,52.9,11.2,5.7,16.2,100.0,103.6,116.8,
https://www.basketball-reference.com/boxscores/201503110DEN.html,"9:00 PM, March 11, 2015",Denver Nuggets,Atlanta Hawks,115,102,DEN,,,Team Totals,240,42,84,.500,13,31,.419,18,20,.900,11,33,44,28,8,9,19,20,115,,,Team Totals,240,.620,.577,.369,.238,31.4,80.5,57.9,66.7,8.1,16.7,17.0,100.0,116.8,103.6,
https://www.basketball-reference.com/boxscores/201503110GSW.html,"10:30 PM, March 11, 2015",Golden State Warriors,Detroit Pistons,105,98,DET,,,Team Totals,240,42,98,.429,4,12,.333,10,12,.833,19,30,49,18,6,5,15,16,98,,,Team Totals,240,.474,.449,.122,.122,37.3,75.0,53.8,42.9,6.3,7.8,12.7,100.0,102.6,110.0,
https://www.basketball-reference.com/boxscores/201503110GSW.html,"10:30 PM, March 11, 2015",Golden State Warriors,Detroit Pistons,105,98,GSW,,,Team Totals,240,44,84,.524,7,20,.350,10,13,.769,10,32,42,29,5,6,17,11,105,,,Team Totals,240,.585,.565,.238,.155,25.0,62.7,46.2,65.9,5.2,7.0,15.9,100.0,110.0,102.6,
https://www.basketball-reference.com/boxscores/201503110MIA.html,"7:30 PM, March 11, 2015",Miami Heat,Brooklyn Nets,104,98,BRK,,,Team Totals,240,32,73,.438,6,17,.353,28,39,.718,14,30,44,15,8,2,21,24,98,,,Team Totals,240,.543,.479,.233,.534,33.3,73.2,53.0,46.9,8.4,3.3,18.9,100.0,103.4,109.7,
https://www.basketball-reference.com/boxscores/201503110MIA.html,"7:30 PM, March 11, 2015",Miami Heat,Brooklyn Nets,104,98,MIA,,,Team Totals,240,37,81,.457,6,21,.286,24,38,.632,11,28,39,23,14,3,11,29,104,,,Team Totals,240,.532,.494,.259,.469,26.8,66.7,47.0,62.2,14.8,5.4,10.1,100.0,109.7,103.4,
https://www.basketball-reference.com/boxscores/201503110MIL.html,"8:00 PM, March 11, 2015",Milwaukee Bucks,Orlando Magic,97,91,ORL,,,Team Totals,240,34,85,.400,10,18,.556,13,13,1.000,9,24,33,21,14,4,14,18,91,,,Team Totals,240,.502,.459,.212,.153,18.4,68.6,39.3,61.8,14.8,6.6,13.4,100.0,96.2,102.6,
https://www.basketball-reference.com/boxscores/201503110MIL.html,"8:00 PM, March 11, 2015",Milwaukee Bucks,Orlando Magic,97,91,MIL,,,Team Totals,240,39,79,.494,8,18,.444,11,16,.688,11,40,51,30,7,7,23,17,97,,,Team Totals,240,.564,.544,.228,.203,31.4,81.6,60.7,76.9,7.4,10.4,21.1,100.0,102.6,96.2,
https://www.basketball-reference.com/boxscores/201503110OKC.html,"8:00 PM, March 11, 2015",Oklahoma City Thunder,Los Angeles Clippers,108,120,LAC,,,Team Totals,240,35,76,.461,15,30,.500,35,47,.745,11,27,38,22,11,2,14,27,120,,,Team Totals,240,.621,.559,.395,.618,28.2,71.1,49.4,62.9,11.4,3.9,12.6,100.0,124.0,111.6,
https://www.basketball-reference.com/boxscores/201503110OKC.html,"8:00 PM, March 11, 2015",Oklahoma City Thunder,Los Angeles Clippers,108,120,OKC,,,Team Totals,240,33,76,.434,12,25,.480,30,36,.833,11,28,39,19,5,3,20,32,108,,,Team Totals,240,.588,.513,.329,.474,28.9,71.8,50.6,57.6,5.2,6.5,17.9,100.0,111.6,124.0,
https://www.basketball-reference.com/boxscores/201503110PHI.html,"7:00 PM, March 11, 2015",Philadelphia 76ers,Chicago Bulls,95,104,CHI,,,Team Totals,265,40,87,.460,10,24,.417,14,20,.700,8,50,58,24,6,2,18,16,104,,,Team Totals,265,.543,.517,.276,.230,17.4,74.6,51.3,60.0,5.7,3.2,15.8,100.0,99.1,90.6,
https://www.basketball-reference.com/boxscores/201503110PHI.html,"7:00 PM, March 11, 2015",Philadelphia 76ers,Chicago Bulls,95,104,PHI,,,Team Totals,265,36,104,.346,11,41,.268,12,25,.480,17,38,55,16,12,5,10,15,95,,,Team Totals,265,.413,.399,.394,.240,25.4,82.6,48.7,44.4,11.4,7.9,8.0,100.0,90.6,99.1,
https://www.basketball-reference.com/boxscores/201503110PHO.html,"10:00 PM, March 11, 2015",Phoenix Suns,Minnesota Timberwolves,106,97,MIN,,,Team Totals,240,36,81,.444,1,13,.077,24,26,.923,12,22,34,19,5,2,10,16,97,,,Team Totals,240,.525,.451,.160,.321,29.3,57.9,43.0,52.8,5.6,3.0,9.8,100.0,108.2,118.3,
https://www.basketball-reference.com/boxscores/201503110PHO.html,"10:00 PM, March 11, 2015",Phoenix Suns,Minnesota Timberwolves,106,97,PHO,,,Team Totals,240,45,90,.500,6,24,.250,10,13,.769,16,29,45,25,7,2,17,19,106,,,Team Totals,240,.554,.533,.267,.144,42.1,70.7,57.0,55.6,7.8,2.9,15.1,100.0,118.3,108.2,
https://www.basketball-reference.com/boxscores/201503110POR.html,"10:30 PM, March 11, 2015",Portland Trail Blazers,Houston Rockets,105,100,HOU,,,Team Totals,240,38,91,.418,11,31,.355,13,23,.565,12,28,40,21,12,5,11,16,100,,,Team Totals,240,.494,.478,.341,.253,21.4,63.6,40.0,55.3,12.2,8.5,9.8,100.0,101.4,106.5,
https://www.basketball-reference.com/boxscores/201503110POR.html,"10:30 PM, March 11, 2015",Portland Trail Blazers,Houston Rockets,105,100,POR,,,Team Totals,240,42,92,.457,10,33,.303,11,14,.786,16,44,60,25,5,2,20,18,105,,,Team Totals,240,.535,.511,.359,.152,36.4,78.6,60.0,59.5,5.1,3.3,16.9,100.0,106.5,101.4,
https://www.basketball-reference.com/boxscores/201503120IND.html,"7:00 PM, March 12, 2015",Indiana Pacers,Milwaukee Bucks,109,103,MIL,,,Team Totals,265,35,91,.385,4,14,.286,29,36,.806,12,36,48,17,11,3,15,27,103,,,Team Totals,265,.482,.407,.154,.396,22.2,85.7,50.0,48.6,10.4,5.3,12.3,100.0,97.6,103.2,
https://www.basketball-reference.com/boxscores/201503120IND.html,"7:00 PM, March 12, 2015",Indiana Pacers,Milwaukee Bucks,109,103,IND,,,Team Totals,265,39,79,.494,9,22,.409,22,28,.786,6,42,48,24,7,7,20,33,109,,,Team Totals,265,.597,.551,.278,.354,14.3,77.8,50.0,61.5,6.6,9.1,18.0,100.0,103.2,97.6,
https://www.basketball-reference.com/boxscores/201503120LAL.html,"10:30 PM, March 12, 2015",Los Angeles Lakers,New York Knicks,94,101,NYK,,,Team Totals,240,36,77,.468,9,18,.500,20,26,.769,4,29,33,27,5,9,8,19,101,,,Team Totals,240,.571,.526,.234,.338,10.0,65.9,39.3,75.0,5.4,12.5,8.3,100.0,109.5,101.9,
https://www.basketball-reference.com/boxscores/201503120LAL.html,"10:30 PM, March 12, 2015",Los Angeles Lakers,New York Knicks,94,101,LAL,,,Team Totals,240,38,90,.422,5,18,.278,13,21,.619,15,36,51,18,6,4,14,26,94,,,Team Totals,240,.474,.450,.200,.233,34.1,90.0,60.7,47.4,6.5,6.8,12.4,100.0,101.9,109.5,
https://www.basketball-reference.com/boxscores/201503120SAS.html,"9:30 PM, March 12, 2015",San Antonio Spurs,Cleveland Cavaliers,125,128,CLE,,,Team Totals,265,44,91,.484,14,26,.538,26,30,.867,11,26,37,19,8,2,12,22,128,,,Team Totals,265,.614,.560,.286,.330,25.6,74.3,47.4,43.2,7.9,3.3,10.3,100.0,126.4,123.5,
https://www.basketball-reference.com/boxscores/201503120SAS.html,"9:30 PM, March 12, 2015",San Antonio Spurs,Cleveland Cavaliers,125,128,SAS,,,Team Totals,265,49,87,.563,8,26,.308,19,27,.704,9,32,41,28,6,9,13,26,125,,,Team Totals,265,.632,.609,.299,.310,25.7,74.4,52.6,57.1,5.9,13.8,11.6,100.0,123.5,126.4,
https://www.basketball-reference.com/boxscores/201503120UTA.html,"9:00 PM, March 12, 2015",Utah Jazz,Houston Rockets,109,91,HOU,,,Team Totals,240,34,79,.430,7,32,.219,16,24,.667,8,29,37,19,8,2,9,22,91,,,Team Totals,240,.508,.475,.405,.304,18.6,56.9,39.4,55.9,8.9,3.4,9.1,100.0,101.5,121.6,
https://www.basketball-reference.com/boxscores/201503120UTA.html,"9:00 PM, March 12, 2015",Utah Jazz,Houston Rockets,109,91,UTA,,,Team Totals,240,44,92,.478,11,33,.333,10,17,.588,22,35,57,23,5,10,14,18,109,,,Team Totals,240,.548,.538,.359,.185,43.1,81.4,60.6,52.3,5.6,21.3,12.3,100.0,121.6,101.5,
https://www.basketball-reference.com/boxscores/201503120WAS.html,"7:00 PM, March 12, 2015",Washington Wizards,Memphis Grizzlies,107,87,MEM,,,Team Totals,240,31,80,.388,3,19,.158,22,30,.733,14,27,41,18,9,3,23,29,87,,,Team Totals,240,.467,.406,.238,.375,30.4,73.0,49.4,58.1,9.3,4.8,19.8,100.0,89.7,110.4,
https://www.basketball-reference.com/boxscores/201503120WAS.html,"7:00 PM, March 12, 2015",Washington Wizards,Memphis Grizzlies,107,87,WAS,,,Team Totals,240,40,80,.500,5,17,.294,22,31,.710,10,32,42,25,11,5,14,24,107,,,Team Totals,240,.571,.531,.213,.388,27.0,69.6,50.6,62.5,11.3,8.2,13.0,100.0,110.4,89.7,
https://www.basketball-reference.com/boxscores/201503130BOS.html,"7:30 PM, March 13, 2015",Boston Celtics,Orlando Magic,95,88,ORL,,,Team Totals,240,34,80,.425,6,20,.300,14,28,.500,10,40,50,20,9,4,20,21,88,,,Team Totals,240,.477,.463,.250,.350,21.3,80.0,51.5,58.8,8.9,6.7,17.8,100.0,87.5,94.4,
https://www.basketball-reference.com/boxscores/201503130BOS.html,"7:30 PM, March 13, 2015",Boston Celtics,Orlando Magic,95,88,BOS,,,Team Totals,240,37,86,.430,10,26,.385,11,20,.550,10,37,47,19,7,4,17,23,95,,,Team Totals,240,.501,.488,.302,.233,20.0,78.7,48.5,51.4,7.0,6.7,15.2,100.0,94.4,87.5,
https://www.basketball-reference.com/boxscores/201503130CHO.html,"7:00 PM, March 13, 2015",Charlotte Hornets,Chicago Bulls,101,91,CHI,,,Team Totals,240,31,82,.378,15,32,.469,14,19,.737,4,32,36,18,4,6,11,25,91,,,Team Totals,240,.504,.470,.390,.232,9.5,65.3,39.6,58.1,4.2,8.6,10.9,100.0,96.4,107.0,
https://www.basketball-reference.com/boxscores/201503130CHO.html,"7:00 PM, March 13, 2015",Charlotte Hornets,Chicago Bulls,101,91,CHO,,,Team Totals,240,33,89,.371,7,19,.368,28,33,.848,17,38,55,15,4,7,12,17,101,,,Team Totals,240,.488,.410,.213,.371,34.7,90.5,60.4,45.5,4.2,14.0,10.4,100.0,107.0,96.4,
https://www.basketball-reference.com/boxscores/201503130DAL.html,"8:30 PM, March 13, 2015",Dallas Mavericks,Los Angeles Clippers,129,99,LAC,,,Team Totals,240,41,82,.500,12,32,.375,5,12,.417,11,21,32,27,9,2,15,17,99,,,Team Totals,240,.567,.573,.390,.146,26.2,63.6,42.7,65.9,9.8,3.6,14.7,100.0,108.3,141.1,
https://www.basketball-reference.com/boxscores/201503130DAL.html,"8:30 PM, March 13, 2015",Dallas Mavericks,Los Angeles Clippers,129,99,DAL,,,Team Totals,240,51,84,.607,16,28,.571,11,16,.688,12,31,43,31,11,2,15,16,129,,,Team Totals,240,.708,.702,.333,.190,36.4,73.8,57.3,60.8,12.0,4.0,14.1,100.0,141.1,108.3,
https://www.basketball-reference.com/boxscores/201503130DEN.html,"9:00 PM, March 13, 2015",Denver Nuggets,Golden State Warriors,114,103,GSW,,,Team Totals,240,39,92,.424,8,19,.421,17,22,.773,9,26,35,29,5,10,8,25,103,,,Team Totals,240,.506,.467,.207,.239,18.8,66.7,40.2,74.4,5.1,15.4,7.3,100.0,106.0,117.3,
https://www.basketball-reference.com/boxscores/201503130DEN.html,"9:00 PM, March 13, 2015",Denver Nuggets,Golden State Warriors,114,103,DEN,,,Team Totals,240,41,82,.500,8,17,.471,24,37,.649,13,39,52,23,4,3,14,22,114,,,Team Totals,240,.580,.549,.207,.451,33.3,81.3,59.8,56.1,4.1,4.1,12.5,100.0,117.3,106.0,
https://www.basketball-reference.com/boxscores/201503130OKC.html,"8:00 PM, March 13, 2015",Oklahoma City Thunder,Minnesota Timberwolves,113,99,MIN,,,Team Totals,240,34,78,.436,3,12,.250,28,31,.903,13,29,42,20,8,6,20,18,99,,,Team Totals,240,.540,.455,.154,.397,31.0,60.4,46.7,58.8,8.2,7.8,17.9,100.0,101.9,116.3,
https://www.basketball-reference.com/boxscores/201503130OKC.html,"8:00 PM, March 13, 2015",Oklahoma City Thunder,Minnesota Timberwolves,113,99,OKC,,,Team Totals,240,44,101,.436,11,24,.458,14,14,1.000,19,29,48,28,10,4,16,22,113,,,Team Totals,240,.527,.490,.238,.139,39.6,69.0,53.3,63.6,10.3,6.1,13.0,100.0,116.3,101.9,
https://www.basketball-reference.com/boxscores/201503130PHI.html,"7:00 PM, March 13, 2015",Philadelphia 76ers,Sacramento Kings,114,107,SAC,,,Team Totals,240,35,87,.402,4,14,.286,33,40,.825,16,34,50,22,9,4,18,20,107,,,Team Totals,240,.511,.425,.161,.460,33.3,70.8,52.1,62.9,8.7,6.3,14.7,100.0,103.4,110.1,
https://www.basketball-reference.com/boxscores/201503130PHI.html,"7:00 PM, March 13, 2015",Philadelphia 76ers,Sacramento Kings,114,107,PHI,,,Team Totals,240,45,95,.474,9,32,.281,15,23,.652,14,32,46,30,11,9,16,29,114,,,Team Totals,240,.542,.521,.337,.242,29.2,66.7,47.9,66.7,10.6,12.3,13.2,100.0,110.1,103.4,
https://www.basketball-reference.com/boxscores/201503130PHO.html,"10:00 PM, March 13, 2015",Phoenix Suns,Atlanta Hawks,87,96,ATL,,,Team Totals,240,39,83,.470,8,18,.444,10,12,.833,7,31,38,22,11,6,12,20,96,,,Team Totals,240,.544,.518,.217,.145,17.1,73.8,45.8,56.4,12.0,11.5,12.0,100.0,104.8,94.9,
https://www.basketball-reference.com/boxscores/201503130PHO.html,"10:00 PM, March 13, 2015",Phoenix Suns,Atlanta Hawks,87,96,PHO,,,Team Totals,240,32,78,.410,10,26,.385,13,21,.619,11,34,45,19,7,6,18,14,87,,,Team Totals,240,.499,.474,.333,.269,26.2,82.9,54.2,59.4,7.6,9.2,17.1,100.0,94.9,104.8,
https://www.basketball-reference.com/boxscores/201503130POR.html,"10:00 PM, March 13, 2015",Portland Trail Blazers,Detroit Pistons,118,99,DET,,,Team Totals,240,41,91,.451,7,25,.280,10,12,.833,11,25,36,23,5,2,6,14,99,,,Team Totals,240,.514,.489,.275,.132,23.4,78.1,45.6,56.1,5.6,3.4,5.9,100.0,111.2,132.5,
https://www.basketball-reference.com/boxscores/201503130POR.html,"10:00 PM, March 13, 2015",Portland Trail Blazers,Detroit Pistons,118,99,POR,,,Team Totals,240,46,80,.575,11,21,.524,15,17,.882,7,36,43,28,2,2,10,12,118,,,Team Totals,240,.674,.644,.263,.213,21.9,76.6,54.4,60.9,2.2,3.0,10.3,100.0,132.5,111.2,
https://www.basketball-reference.com/boxscores/201503130TOR.html,"7:30 PM, March 13, 2015",Toronto Raptors,Miami Heat,102,92,MIA,,,Team Totals,240,35,79,.443,5,23,.217,17,24,.708,7,37,44,21,11,5,20,22,92,,,Team Totals,240,.514,.475,.291,.304,17.1,80.4,50.6,60.0,11.0,10.9,18.3,100.0,92.2,102.2,
https://www.basketball-reference.com/boxscores/201503130TOR.html,"7:30 PM, March 13, 2015",Toronto Raptors,Miami Heat,102,92,TOR,,,Team Totals,240,34,79,.430,12,33,.364,22,31,.710,9,34,43,26,12,5,17,22,102,,,Team Totals,240,.551,.506,.418,.392,19.6,82.9,49.4,76.5,12.0,8.9,15.5,100.0,102.2,92.2,
https://www.basketball-reference.com/boxscores/201503140GSW.html,"10:30 PM, March 14, 2015",Golden State Warriors,New York Knicks,125,94,NYK,,,Team Totals,240,38,96,.396,9,25,.360,9,16,.563,20,31,51,25,6,10,16,16,94,,,Team Totals,240,.456,.443,.260,.167,37.0,79.5,54.8,65.8,6.2,17.9,13.4,100.0,97.2,129.3,
https://www.basketball-reference.com/boxscores/201503140GSW.html,"10:30 PM, March 14, 2015",Golden State Warriors,New York Knicks,125,94,GSW,,,Team Totals,240,45,90,.500,19,34,.559,16,17,.941,8,34,42,34,13,6,11,16,125,,,Team Totals,240,.641,.606,.378,.189,20.5,63.0,45.2,75.6,13.4,8.5,10.1,100.0,129.3,97.2,
https://www.basketball-reference.com/boxscores/201503140IND.html,"7:00 PM, March 14, 2015",Indiana Pacers,Boston Celtics,89,93,BOS,,,Team Totals,240,35,83,.422,8,28,.286,15,21,.714,9,38,47,28,7,4,12,18,93,,,Team Totals,240,.504,.470,.337,.253,21.4,80.9,52.8,80.0,7.4,6.6,11.5,100.0,97.9,93.7,
https://www.basketball-reference.com/boxscores/201503140IND.html,"7:00 PM, March 14, 2015",Indiana Pacers,Boston Celtics,89,93,IND,,,Team Totals,240,34,85,.400,9,24,.375,12,15,.800,9,33,42,16,4,3,17,23,89,,,Team Totals,240,.486,.453,.282,.176,19.1,78.6,47.2,47.1,4.2,5.5,15.7,100.0,93.7,97.9,
https://www.basketball-reference.com/boxscores/201503140MEM.html,"8:00 PM, March 14, 2015",Memphis Grizzlies,Milwaukee Bucks,96,83,MIL,,,Team Totals,240,30,72,.417,5,19,.263,18,27,.667,8,29,37,17,6,3,16,18,83,,,Team Totals,240,.495,.451,.264,.375,22.2,78.4,50.7,56.7,6.7,4.7,16.0,100.0,92.9,107.4,
https://www.basketball-reference.com/boxscores/201503140MEM.html,"8:00 PM, March 14, 2015",Memphis Grizzlies,Milwaukee Bucks,96,83,MEM,,,Team Totals,240,37,78,.474,8,14,.571,14,16,.875,8,28,36,23,10,3,15,21,96,,,Team Totals,240,.564,.526,.179,.205,21.6,77.8,49.3,62.2,11.2,5.7,15.0,100.0,107.4,92.9,
https://www.basketball-reference.com/boxscores/201503140PHI.html,"7:30 PM, March 14, 2015",Philadelphia 76ers,Brooklyn Nets,87,94,BRK,,,Team Totals,240,37,84,.440,2,17,.118,18,26,.692,7,38,45,20,9,5,16,16,94,,,Team Totals,240,.492,.452,.202,.310,16.3,76.0,48.4,54.1,8.8,8.8,14.4,100.0,92.3,85.4,
https://www.basketball-reference.com/boxscores/201503140PHI.html,"7:30 PM, March 14, 2015",Philadelphia 76ers,Brooklyn Nets,87,94,PHI,,,Team Totals,240,35,94,.372,8,37,.216,9,14,.643,12,36,48,21,7,8,17,25,87,,,Team Totals,240,.434,.415,.394,.149,24.0,83.7,51.6,60.0,6.9,11.9,14.5,100.0,85.4,92.3,
https://www.basketball-reference.com/boxscores/201503140UTA.html,"9:00 PM, March 14, 2015",Utah Jazz,Detroit Pistons,88,85,DET,,,Team Totals,240,32,84,.381,8,23,.348,13,22,.591,16,28,44,18,8,3,14,20,85,,,Team Totals,240,.454,.429,.274,.262,31.4,73.7,49.4,56.3,9.2,5.5,13.0,100.0,97.2,100.7,
https://www.basketball-reference.com/boxscores/201503140UTA.html,"9:00 PM, March 14, 2015",Utah Jazz,Detroit Pistons,88,85,UTA,,,Team Totals,240,33,69,.478,6,14,.429,16,24,.667,10,35,45,17,8,8,17,17,88,,,Team Totals,240,.553,.522,.203,.348,26.3,68.6,50.6,51.5,9.2,13.1,17.6,100.0,100.7,97.2,
https://www.basketball-reference.com/boxscores/201503140WAS.html,"7:00 PM, March 14, 2015",Washington Wizards,Sacramento Kings,113,97,SAC,,,Team Totals,240,35,77,.455,6,19,.316,21,28,.750,11,25,36,24,4,3,17,17,97,,,Team Totals,240,.543,.494,.247,.364,25.6,73.5,46.8,68.6,4.4,5.5,16.0,100.0,105.6,123.0,
https://www.basketball-reference.com/boxscores/201503140WAS.html,"7:00 PM, March 14, 2015",Washington Wizards,Sacramento Kings,113,97,WAS,,,Team Totals,240,43,81,.531,13,26,.500,14,17,.824,9,32,41,28,8,6,13,25,113,,,Team Totals,240,.639,.611,.321,.210,26.5,74.4,53.2,65.1,8.7,10.3,12.8,100.0,123.0,105.6,
https://www.basketball-reference.com/boxscores/201503150LAC.html,"3:30 PM, March 15, 2015",Los Angeles Clippers,Houston Rockets,98,100,HOU,,,Team Totals,240,32,86,.372,7,30,.233,29,36,.806,11,32,43,17,7,3,13,22,100,,,Team Totals,240,.491,.413,.349,.419,20.8,80.0,46.2,53.1,6.9,5.4,11.3,100.0,98.4,96.5,
https://www.basketball-reference.com/boxscores/201503150LAC.html,"3:30 PM, March 15, 2015",Los Angeles Clippers,Houston Rockets,98,100,LAC,,,Team Totals,240,36,82,.439,12,26,.462,14,24,.583,8,42,50,24,8,8,20,30,98,,,Team Totals,240,.529,.512,.317,.293,20.0,79.2,53.8,66.7,7.9,14.3,17.8,100.0,96.5,98.4,
https://www.basketball-reference.com/boxscores/201503150LAL.html,"9:30 PM, March 15, 2015",Los Angeles Lakers,Atlanta Hawks,86,91,ATL,,,Team Totals,240,34,76,.447,5,23,.217,18,27,.667,7,27,34,25,9,6,13,14,91,,,Team Totals,240,.518,.480,.303,.355,16.7,58.7,38.6,73.5,9.8,9.0,12.9,100.0,99.6,94.1,
https://www.basketball-reference.com/boxscores/201503150LAL.html,"9:30 PM, March 15, 2015",Los Angeles Lakers,Atlanta Hawks,86,91,LAL,,,Team Totals,240,34,85,.400,7,18,.389,11,15,.733,19,35,54,21,6,4,22,22,86,,,Team Totals,240,.469,.441,.212,.176,41.3,83.3,61.4,61.8,6.6,7.5,19.4,100.0,94.1,99.6,
https://www.basketball-reference.com/boxscores/201503150NOP.html,"6:00 PM, March 15, 2015",New Orleans Pelicans,Denver Nuggets,111,118,DEN,,,Team Totals,290,46,104,.442,10,31,.323,16,20,.800,12,40,52,25,9,4,11,21,118,,,Team Totals,290,.523,.490,.298,.192,21.8,72.7,47.3,54.3,8.2,5.2,8.9,100.0,107.1,100.7,
https://www.basketball-reference.com/boxscores/201503150NOP.html,"6:00 PM, March 15, 2015",New Orleans Pelicans,Denver Nuggets,111,118,NOP,,,Team Totals,290,46,99,.465,6,22,.273,13,21,.619,15,43,58,32,3,14,19,20,111,,,Team Totals,290,.513,.495,.222,.212,27.3,78.2,52.7,69.6,2.7,19.2,14.9,100.0,100.7,107.1,
https://www.basketball-reference.com/boxscores/201503150OKC.html,"1:00 PM, March 15, 2015",Oklahoma City Thunder,Chicago Bulls,109,100,CHI,,,Team Totals,240,37,83,.446,9,29,.310,17,24,.708,9,24,33,20,5,3,11,24,100,,,Team Totals,240,.534,.500,.349,.289,20.5,58.5,38.8,54.1,5.3,4.5,10.5,100.0,106.0,115.5,
https://www.basketball-reference.com/boxscores/201503150OKC.html,"1:00 PM, March 15, 2015",Oklahoma City Thunder,Chicago Bulls,109,100,OKC,,,Team Totals,240,40,87,.460,8,21,.381,21,30,.700,17,35,52,16,4,4,17,23,109,,,Team Totals,240,.544,.506,.241,.345,41.5,79.5,61.2,40.0,4.2,7.4,14.5,100.0,115.5,106.0,
https://www.basketball-reference.com/boxscores/201503150ORL.html,"6:00 PM, March 15, 2015",Orlando Magic,Cleveland Cavaliers,108,123,CLE,,,Team Totals,240,45,76,.592,18,35,.514,15,19,.789,3,31,34,26,9,6,17,21,123,,,Team Totals,240,.729,.711,.461,.250,10.0,64.6,43.6,57.8,9.4,8.7,16.8,100.0,128.4,112.7,
https://www.basketball-reference.com/boxscores/201503150ORL.html,"6:00 PM, March 15, 2015",Orlando Magic,Cleveland Cavaliers,108,123,ORL,,,Team Totals,240,42,88,.477,9,19,.474,15,27,.556,17,27,44,24,10,1,13,15,108,,,Team Totals,240,.541,.528,.216,.307,35.4,90.0,56.4,57.1,10.4,2.4,11.5,100.0,112.7,128.4,
https://www.basketball-reference.com/boxscores/201503150PHO.html,"9:00 PM, March 15, 2015",Phoenix Suns,New York Knicks,102,89,NYK,,,Team Totals,240,32,73,.438,5,14,.357,20,30,.667,6,29,35,22,10,2,13,22,89,,,Team Totals,240,.516,.473,.192,.411,13.6,69.0,40.7,68.8,10.9,3.1,13.1,100.0,97.1,111.3,
https://www.basketball-reference.com/boxscores/201503150PHO.html,"9:00 PM, March 15, 2015",Phoenix Suns,New York Knicks,102,89,PHO,,,Team Totals,240,41,83,.494,6,18,.333,14,23,.609,13,38,51,24,9,1,13,22,102,,,Team Totals,240,.548,.530,.217,.277,31.0,86.4,59.3,58.5,9.8,1.7,12.3,100.0,111.3,97.1,
https://www.basketball-reference.com/boxscores/201503150SAS.html,"7:00 PM, March 15, 2015",San Antonio Spurs,Minnesota Timberwolves,123,97,MIN,,,Team Totals,240,38,86,.442,7,15,.467,14,18,.778,11,29,40,25,8,2,16,20,97,,,Team Totals,240,.516,.483,.174,.209,23.4,82.9,48.8,65.8,8.2,3.2,14.6,100.0,99.6,126.3,
https://www.basketball-reference.com/boxscores/201503150SAS.html,"7:00 PM, March 15, 2015",San Antonio Spurs,Minnesota Timberwolves,123,97,SAS,,,Team Totals,240,49,84,.583,12,22,.545,13,15,.867,6,36,42,38,13,6,14,17,123,,,Team Totals,240,.679,.655,.262,.179,17.1,76.6,51.2,77.6,13.3,8.5,13.4,100.0,126.3,99.6,
https://www.basketball-reference.com/boxscores/201503150TOR.html,"7:00 PM, March 15, 2015",Toronto Raptors,Portland Trail Blazers,97,113,POR,,,Team Totals,240,45,86,.523,13,29,.448,10,16,.625,7,30,37,27,6,5,10,15,113,,,Team Totals,240,.607,.599,.337,.186,17.5,76.9,46.8,60.0,6.4,8.3,9.7,100.0,120.3,103.3,
https://www.basketball-reference.com/boxscores/201503150TOR.html,"7:00 PM, March 15, 2015",Toronto Raptors,Portland Trail Blazers,97,113,TOR,,,Team Totals,240,37,78,.474,5,18,.278,18,23,.783,9,33,42,20,5,3,16,22,97,,,Team Totals,240,.550,.506,.231,.295,23.1,82.5,53.2,54.1,5.3,5.3,15.4,100.0,103.3,120.3,
https://www.basketball-reference.com/boxscores/201503160BOS.html,"7:30 PM, March 16, 2015",Boston Celtics,Philadelphia 76ers,108,89,PHI,,,Team Totals,240,34,84,.405,8,24,.333,13,24,.542,9,31,40,20,7,4,16,20,89,,,Team Totals,240,.471,.452,.286,.286,19.6,86.1,48.8,58.8,7.1,5.9,14.5,100.0,90.1,109.3,
https://www.basketball-reference.com/boxscores/201503160BOS.html,"7:30 PM, March 16, 2015",Boston Celtics,Philadelphia 76ers,108,89,BOS,,,Team Totals,240,44,88,.500,8,20,.400,12,15,.800,5,37,42,27,7,3,11,21,108,,,Team Totals,240,.571,.545,.227,.170,13.9,80.4,51.2,61.4,7.1,5.0,10.4,100.0,109.3,90.1,
https://www.basketball-reference.com/boxscores/201503160DAL.html,"8:30 PM, March 16, 2015",Dallas Mavericks,Oklahoma City Thunder,119,115,OKC,,,Team Totals,240,40,90,.444,7,26,.269,28,35,.800,17,42,59,19,8,4,21,34,115,,,Team Totals,240,.546,.483,.289,.389,37.0,84.0,61.5,47.5,7.5,6.3,16.6,100.0,107.9,111.6,
https://www.basketball-reference.com/boxscores/201503160DAL.html,"8:30 PM, March 16, 2015",Dallas Mavericks,Oklahoma City Thunder,119,115,DAL,,,Team Totals,240,42,89,.472,10,25,.400,25,35,.714,8,29,37,27,9,2,13,27,119,,,Team Totals,240,.570,.528,.281,.393,16.0,63.0,38.5,64.3,8.4,3.1,11.1,100.0,111.6,107.9,
https://www.basketball-reference.com/boxscores/201503160GSW.html,"10:30 PM, March 16, 2015",Golden State Warriors,Los Angeles Lakers,108,105,LAL,,,Team Totals,240,39,85,.459,8,15,.533,19,21,.905,10,35,45,24,11,5,19,19,105,,,Team Totals,240,.557,.506,.176,.247,25.0,83.3,54.9,61.5,11.0,8.8,16.8,100.0,104.8,107.8,
https://www.basketball-reference.com/boxscores/201503160GSW.html,"10:30 PM, March 16, 2015",Golden State Warriors,Los Angeles Lakers,108,105,GSW,,,Team Totals,240,40,84,.476,7,27,.259,21,23,.913,7,30,37,28,16,7,15,21,108,,,Team Totals,240,.574,.518,.321,.274,16.7,75.0,45.1,70.0,16.0,10.0,13.7,100.0,107.8,104.8,
https://www.basketball-reference.com/boxscores/201503160IND.html,"7:00 PM, March 16, 2015",Indiana Pacers,Toronto Raptors,98,117,TOR,,,Team Totals,240,39,82,.476,12,23,.522,27,33,.818,7,44,51,19,3,4,12,24,117,,,Team Totals,240,.606,.549,.280,.402,17.9,91.7,58.6,48.7,3.1,5.8,11.1,100.0,119.1,99.8,
https://www.basketball-reference.com/boxscores/201503160IND.html,"7:00 PM, March 16, 2015",Indiana Pacers,Toronto Raptors,98,117,IND,,,Team Totals,240,38,88,.432,2,19,.105,20,25,.800,4,32,36,21,7,4,4,22,98,,,Team Totals,240,.495,.443,.216,.284,8.3,82.1,41.4,55.3,7.1,6.8,3.9,100.0,99.8,119.1,
https://www.basketball-reference.com/boxscores/201503160MEM.html,"8:00 PM, March 16, 2015",Memphis Grizzlies,Denver Nuggets,92,81,DEN,,,Team Totals,240,30,81,.370,8,18,.444,13,21,.619,10,27,37,14,13,5,16,24,81,,,Team Totals,240,.449,.420,.222,.259,21.3,57.4,39.4,46.7,14.2,7.0,15.1,100.0,88.2,100.2,
https://www.basketball-reference.com/boxscores/201503160MEM.html,"8:00 PM, March 16, 2015",Memphis Grizzlies,Denver Nuggets,92,81,MEM,,,Team Totals,240,33,80,.413,2,9,.222,24,28,.857,20,37,57,14,9,5,20,16,92,,,Team Totals,240,.498,.425,.113,.350,42.6,78.7,60.6,42.4,9.8,7.9,17.8,100.0,100.2,88.2,
https://www.basketball-reference.com/boxscores/201503160MIA.html,"8:00 PM, March 16, 2015",Miami Heat,Cleveland Cavaliers,106,92,CLE,,,Team Totals,240,30,79,.380,11,33,.333,21,27,.778,7,25,32,17,8,4,14,21,92,,,Team Totals,240,.506,.449,.418,.342,15.2,80.6,41.6,56.7,8.4,6.6,13.3,100.0,96.5,111.2,
https://www.basketball-reference.com/boxscores/201503160MIA.html,"8:00 PM, March 16, 2015",Miami Heat,Cleveland Cavaliers,106,92,MIA,,,Team Totals,240,42,76,.553,4,15,.267,18,22,.818,6,39,45,21,8,5,17,21,106,,,Team Totals,240,.619,.579,.197,.289,19.4,84.8,58.4,50.0,8.4,10.9,16.6,100.0,111.2,96.5,
https://www.basketball-reference.com/boxscores/201503160MIN.html,"8:00 PM, March 16, 2015",Minnesota Timberwolves,Brooklyn Nets,106,122,BRK,,,Team Totals,240,52,90,.578,5,13,.385,13,17,.765,13,30,43,21,8,2,14,15,122,,,Team Totals,240,.626,.606,.144,.189,36.1,69.8,54.4,40.4,8.3,2.7,12.6,100.0,127.3,110.6,
https://www.basketball-reference.com/boxscores/201503160MIN.html,"8:00 PM, March 16, 2015",Minnesota Timberwolves,Brooklyn Nets,106,122,MIN,,,Team Totals,240,41,88,.466,9,15,.600,15,17,.882,13,23,36,27,6,7,16,15,106,,,Team Totals,240,.555,.517,.170,.193,30.2,63.9,45.6,65.9,6.3,9.1,14.4,100.0,110.6,127.3,
https://www.basketball-reference.com/boxscores/201503160SAC.html,"10:00 PM, March 16, 2015",Sacramento Kings,Atlanta Hawks,103,110,ATL,,,Team Totals,240,38,84,.452,12,31,.387,22,30,.733,9,30,39,25,11,5,12,24,110,,,Team Totals,240,.566,.524,.369,.357,20.0,76.9,46.4,65.8,11.1,8.2,11.0,100.0,110.8,103.8,
https://www.basketball-reference.com/boxscores/201503160SAC.html,"10:00 PM, March 16, 2015",Sacramento Kings,Atlanta Hawks,103,110,SAC,,,Team Totals,240,38,81,.469,7,20,.350,20,25,.800,9,36,45,23,7,5,20,29,103,,,Team Totals,240,.560,.512,.247,.309,23.1,80.0,53.6,60.5,7.1,9.4,17.9,100.0,103.8,110.8,
https://www.basketball-reference.com/boxscores/201503160UTA.html,"9:00 PM, March 16, 2015",Utah Jazz,Charlotte Hornets,94,66,CHO,,,Team Totals,240,23,78,.295,5,19,.263,15,18,.833,6,30,36,9,5,4,7,11,66,,,Team Totals,240,.384,.327,.244,.231,11.3,68.2,37.1,39.1,5.9,7.4,7.5,100.0,77.7,110.7,
https://www.basketball-reference.com/boxscores/201503160UTA.html,"9:00 PM, March 16, 2015",Utah Jazz,Charlotte Hornets,94,66,UTA,,,Team Totals,240,33,78,.423,15,24,.625,13,19,.684,14,47,61,19,3,5,14,19,94,,,Team Totals,240,.544,.519,.308,.244,31.8,88.7,62.9,57.6,3.5,8.5,13.9,100.0,110.7,77.7,
https://www.basketball-reference.com/boxscores/201503160WAS.html,"7:00 PM, March 16, 2015",Washington Wizards,Portland Trail Blazers,105,97,POR,,,Team Totals,240,36,89,.404,8,28,.286,17,20,.850,14,34,48,19,2,3,10,19,97,,,Team Totals,240,.496,.449,.315,.225,27.5,85.0,52.7,52.8,2.2,4.3,9.3,100.0,105.3,114.0,
https://www.basketball-reference.com/boxscores/201503160WAS.html,"7:00 PM, March 16, 2015",Washington Wizards,Portland Trail Blazers,105,97,WAS,,,Team Totals,240,41,82,.500,7,12,.583,16,26,.615,6,37,43,25,5,4,7,17,105,,,Team Totals,240,.562,.543,.146,.317,15.0,72.5,47.3,61.0,5.4,6.6,7.0,100.0,114.0,105.3,
https://www.basketball-reference.com/boxscores/201503170DET.html,"7:30 PM, March 17, 2015",Detroit Pistons,Memphis Grizzlies,105,95,MEM,,,Team Totals,240,35,80,.438,10,18,.556,15,17,.882,11,31,42,28,9,2,18,22,95,,,Team Totals,240,.543,.500,.225,.213,27.5,77.5,52.5,80.0,9.9,4.0,17.1,100.0,104.5,115.5,
https://www.basketball-reference.com/boxscores/201503170DET.html,"7:30 PM, March 17, 2015",Detroit Pistons,Memphis Grizzlies,105,95,DET,,,Team Totals,240,39,83,.470,12,33,.364,15,22,.682,9,29,38,26,5,5,9,16,105,,,Team Totals,240,.566,.542,.398,.265,22.5,72.5,47.5,66.7,5.5,8.1,8.9,100.0,115.5,104.5,
https://www.basketball-reference.com/boxscores/201503170HOU.html,"8:00 PM, March 17, 2015",Houston Rockets,Orlando Magic,107,94,ORL,,,Team Totals,240,38,89,.427,6,22,.273,12,17,.706,12,28,40,19,8,6,10,21,94,,,Team Totals,240,.487,.461,.247,.191,25.5,70.0,46.0,50.0,8.7,11.8,9.4,100.0,102.1,116.2,
https://www.basketball-reference.com/boxscores/201503170HOU.html,"8:00 PM, March 17, 2015",Houston Rockets,Orlando Magic,107,94,HOU,,,Team Totals,240,39,78,.500,11,27,.407,18,27,.667,12,35,47,27,7,6,16,14,107,,,Team Totals,240,.595,.571,.346,.346,30.0,74.5,54.0,69.2,7.6,9.0,15.1,100.0,116.2,102.1,
https://www.basketball-reference.com/boxscores/201503170LAC.html,"10:30 PM, March 17, 2015",Los Angeles Clippers,Charlotte Hornets,99,92,CHO,,,Team Totals,240,32,79,.405,5,14,.357,23,29,.793,9,34,43,20,6,4,13,23,92,,,Team Totals,240,.501,.437,.177,.367,19.6,82.9,49.4,62.5,6.4,7.5,12.4,100.0,98.2,105.7,
https://www.basketball-reference.com/boxscores/201503170LAC.html,"10:30 PM, March 17, 2015",Los Angeles Clippers,Charlotte Hornets,99,92,LAC,,,Team Totals,240,35,77,.455,9,24,.375,20,28,.714,7,37,44,24,7,4,13,26,99,,,Team Totals,240,.554,.513,.312,.364,17.1,80.4,50.6,68.6,7.5,6.2,12.7,100.0,105.7,98.2,
https://www.basketball-reference.com/boxscores/201503170NOP.html,"8:00 PM, March 17, 2015",New Orleans Pelicans,Milwaukee Bucks,85,84,MIL,,,Team Totals,240,32,86,.372,4,20,.200,16,21,.762,9,40,49,20,4,12,10,22,84,,,Team Totals,240,.441,.395,.233,.244,18.4,80.0,49.5,62.5,4.2,20.7,9.5,100.0,89.1,90.1,
https://www.basketball-reference.com/boxscores/201503170NOP.html,"8:00 PM, March 17, 2015",New Orleans Pelicans,Milwaukee Bucks,85,84,NOP,,,Team Totals,240,29,83,.349,8,25,.320,19,26,.731,10,40,50,26,6,6,13,20,85,,,Team Totals,240,.450,.398,.301,.313,20.0,81.6,50.5,89.7,6.4,9.1,12.1,100.0,90.1,89.1,
https://www.basketball-reference.com/boxscores/201503170NYK.html,"7:30 PM, March 17, 2015",New York Knicks,San Antonio Spurs,104,100,SAS,,,Team Totals,265,36,94,.383,3,14,.214,25,30,.833,15,34,49,17,7,5,12,20,100,,,Team Totals,265,.466,.399,.149,.319,30.0,69.4,49.5,47.2,7.1,6.5,10.1,100.0,101.1,105.2,
https://www.basketball-reference.com/boxscores/201503170NYK.html,"7:30 PM, March 17, 2015",New York Knicks,San Antonio Spurs,104,100,NYK,,,Team Totals,265,41,91,.451,3,14,.214,19,27,.704,15,35,50,22,7,10,13,20,104,,,Team Totals,265,.505,.467,.154,.297,30.6,70.0,50.5,53.7,7.1,12.5,11.2,100.0,105.2,101.1,
https://www.basketball-reference.com/boxscores/201503180CHI.html,"8:00 PM, March 18, 2015",Chicago Bulls,Indiana Pacers,103,86,IND,,,Team Totals,240,32,81,.395,6,19,.316,16,21,.762,5,33,38,16,3,8,10,23,86,,,Team Totals,240,.477,.432,.235,.259,10.4,78.6,42.2,50.0,3.2,13.8,10.0,100.0,91.4,109.5,
https://www.basketball-reference.com/boxscores/201503180CHI.html,"8:00 PM, March 18, 2015",Chicago Bulls,Indiana Pacers,103,86,CHI,,,Team Totals,240,34,82,.415,10,24,.417,25,28,.893,9,43,52,22,6,4,12,23,103,,,Team Totals,240,.546,.476,.293,.341,21.4,89.6,57.8,64.7,6.4,6.5,11.3,100.0,109.5,91.4,
https://www.basketball-reference.com/boxscores/201503180CLE.html,"7:00 PM, March 18, 2015",Cleveland Cavaliers,Brooklyn Nets,117,92,BRK,,,Team Totals,240,36,80,.450,5,20,.250,15,21,.714,8,24,32,23,7,5,11,19,92,,,Team Totals,240,.515,.481,.250,.263,20.0,68.6,42.7,63.9,7.8,9.4,11.0,100.0,101.9,129.6,
https://www.basketball-reference.com/boxscores/201503180CLE.html,"7:00 PM, March 18, 2015",Cleveland Cavaliers,Brooklyn Nets,117,92,CLE,,,Team Totals,240,45,82,.549,15,29,.517,12,20,.600,11,32,43,32,2,3,13,17,117,,,Team Totals,240,.644,.640,.354,.244,31.4,80.0,57.3,71.1,2.2,5.0,12.5,100.0,129.6,101.9,
https://www.basketball-reference.com/boxscores/201503180DAL.html,"8:00 PM, March 18, 2015",Dallas Mavericks,Orlando Magic,107,102,ORL,,,Team Totals,240,40,87,.460,9,28,.321,13,14,.929,11,30,41,28,12,5,18,24,102,,,Team Totals,240,.547,.511,.322,.161,25.6,78.9,50.6,70.0,12.1,10.2,16.2,100.0,103.0,108.0,
https://www.basketball-reference.com/boxscores/201503180DAL.html,"8:00 PM, March 18, 2015",Dallas Mavericks,Orlando Magic,107,102,DAL,,,Team Totals,240,39,80,.488,13,31,.419,16,24,.667,8,32,40,28,7,6,20,16,107,,,Team Totals,240,.591,.569,.388,.300,21.1,74.4,49.4,71.8,7.1,10.2,18.1,100.0,108.0,103.0,
https://www.basketball-reference.com/boxscores/201503180GSW.html,"10:30 PM, March 18, 2015",Golden State Warriors,Atlanta Hawks,114,95,ATL,,,Team Totals,240,31,87,.356,8,22,.364,25,30,.833,15,29,44,24,14,4,15,20,95,,,Team Totals,240,.474,.402,.253,.345,30.6,74.4,50.0,77.4,14.4,7.4,13.0,100.0,97.6,117.1,
https://www.basketball-reference.com/boxscores/201503180GSW.html,"10:30 PM, March 18, 2015",Golden State Warriors,Atlanta Hawks,114,95,GSW,,,Team Totals,240,44,84,.524,14,30,.467,12,20,.600,10,34,44,39,8,7,18,23,114,,,Team Totals,240,.614,.607,.357,.238,25.6,69.4,50.0,88.6,8.2,10.8,16.2,100.0,117.1,97.6,
https://www.basketball-reference.com/boxscores/201503180MIA.html,"7:30 PM, March 18, 2015",Miami Heat,Portland Trail Blazers,108,104,POR,,,Team Totals,240,41,81,.506,10,26,.385,12,21,.571,13,32,45,22,3,2,17,15,104,,,Team Totals,240,.576,.568,.321,.259,32.5,80.0,56.3,53.7,3.2,2.6,15.9,100.0,112.2,116.6,
https://www.basketball-reference.com/boxscores/201503180MIA.html,"7:30 PM, March 18, 2015",Miami Heat,Portland Trail Blazers,108,104,MIA,,,Team Totals,240,46,87,.529,7,10,.700,9,14,.643,8,27,35,21,7,7,9,18,108,,,Team Totals,240,.580,.569,.115,.161,20.0,67.5,43.8,45.7,7.6,12.7,8.8,100.0,116.6,112.2,
https://www.basketball-reference.com/boxscores/201503180MIL.html,"8:00 PM, March 18, 2015",Milwaukee Bucks,San Antonio Spurs,103,114,SAS,,,Team Totals,240,38,76,.500,8,20,.400,30,38,.789,3,31,34,27,9,6,9,19,114,,,Team Totals,240,.615,.553,.263,.500,8.6,73.8,44.2,71.1,9.6,9.1,8.8,100.0,122.0,110.3,
https://www.basketball-reference.com/boxscores/201503180MIL.html,"8:00 PM, March 18, 2015",Milwaukee Bucks,San Antonio Spurs,103,114,MIL,,,Team Totals,240,39,80,.488,7,14,.500,18,24,.750,11,32,43,28,5,4,12,26,103,,,Team Totals,240,.569,.531,.175,.300,26.2,91.4,55.8,71.8,5.4,7.1,11.7,100.0,110.3,122.0,
https://www.basketball-reference.com/boxscores/201503180OKC.html,"8:00 PM, March 18, 2015",Oklahoma City Thunder,Boston Celtics,122,118,BOS,,,Team Totals,240,44,84,.524,13,34,.382,17,28,.607,11,28,39,32,10,5,20,28,118,,,Team Totals,240,.613,.601,.405,.333,28.2,60.9,45.9,72.7,9.8,7.2,17.2,100.0,115.4,119.3,
https://www.basketball-reference.com/boxscores/201503180OKC.html,"8:00 PM, March 18, 2015",Oklahoma City Thunder,Boston Celtics,122,118,OKC,,,Team Totals,240,42,88,.477,5,19,.263,33,39,.846,18,28,46,19,12,2,17,26,122,,,Team Totals,240,.580,.506,.216,.443,39.1,71.8,54.1,45.2,11.7,4.0,13.9,100.0,119.3,115.4,
https://www.basketball-reference.com/boxscores/201503180PHI.html,"7:00 PM, March 18, 2015",Philadelphia 76ers,Detroit Pistons,94,83,DET,,,Team Totals,240,29,88,.330,8,26,.308,17,19,.895,18,33,51,18,8,7,18,18,83,,,Team Totals,240,.431,.375,.295,.216,37.5,73.3,54.8,62.1,8.8,12.3,15.7,100.0,91.0,103.1,
https://www.basketball-reference.com/boxscores/201503180PHI.html,"7:00 PM, March 18, 2015",Philadelphia 76ers,Detroit Pistons,94,83,PHI,,,Team Totals,240,36,84,.429,11,27,.407,11,18,.611,12,30,42,25,12,10,15,21,94,,,Team Totals,240,.511,.494,.321,.214,26.7,62.5,45.2,69.4,13.2,16.1,14.0,100.0,103.1,91.0,
https://www.basketball-reference.com/boxscores/201503180SAC.html,"10:00 PM, March 18, 2015",Sacramento Kings,Los Angeles Clippers,105,116,LAC,,,Team Totals,240,45,88,.511,17,37,.459,9,13,.692,8,28,36,27,5,6,11,23,116,,,Team Totals,240,.619,.608,.420,.148,18.6,75.7,45.0,60.0,5.3,9.7,10.5,100.0,123.6,111.8,
https://www.basketball-reference.com/boxscores/201503180SAC.html,"10:00 PM, March 18, 2015",Sacramento Kings,Los Angeles Clippers,105,116,SAC,,,Team Totals,240,38,79,.481,3,17,.176,26,32,.813,9,35,44,18,7,0,11,18,105,,,Team Totals,240,.564,.500,.215,.405,24.3,81.4,55.0,47.4,7.5,0.0,10.6,100.0,111.8,123.6,
https://www.basketball-reference.com/boxscores/201503180TOR.html,"7:30 PM, March 18, 2015",Toronto Raptors,Minnesota Timberwolves,105,100,MIN,,,Team Totals,240,42,87,.483,6,17,.353,10,15,.667,12,33,45,21,7,4,18,20,100,,,Team Totals,240,.534,.517,.195,.172,27.9,80.5,53.6,50.0,7.3,8.0,16.1,100.0,104.6,109.8,
https://www.basketball-reference.com/boxscores/201503180TOR.html,"7:30 PM, March 18, 2015",Toronto Raptors,Minnesota Timberwolves,105,100,TOR,,,Team Totals,240,35,79,.443,12,29,.414,23,27,.852,8,31,39,25,6,3,13,15,105,,,Team Totals,240,.578,.519,.367,.342,19.5,72.1,46.4,71.4,6.3,4.3,12.5,100.0,109.8,104.6,
https://www.basketball-reference.com/boxscores/201503180UTA.html,"10:30 PM, March 18, 2015",Utah Jazz,Washington Wizards,84,88,WAS,,,Team Totals,240,33,63,.524,6,11,.545,16,23,.696,6,35,41,16,4,3,22,21,88,,,Team Totals,240,.602,.571,.175,.365,21.4,71.4,53.2,48.5,4.6,5.0,23.1,100.0,101.6,97.0,
https://www.basketball-reference.com/boxscores/201503180UTA.html,"10:30 PM, March 18, 2015",Utah Jazz,Washington Wizards,84,88,UTA,,,Team Totals,240,34,82,.415,4,22,.182,12,24,.500,14,22,36,21,9,5,9,19,84,,,Team Totals,240,.454,.439,.268,.293,28.6,78.6,46.8,61.8,10.4,9.6,8.9,100.0,97.0,101.6,
https://www.basketball-reference.com/boxscores/201503190HOU.html,"8:00 PM, March 19, 2015",Houston Rockets,Denver Nuggets,118,108,DEN,,,Team Totals,240,42,93,.452,13,36,.361,11,19,.579,6,36,42,23,8,3,16,28,108,,,Team Totals,240,.533,.522,.387,.204,13.3,78.3,46.2,54.8,7.5,5.7,13.6,100.0,101.1,110.5,
https://www.basketball-reference.com/boxscores/201503190HOU.html,"8:00 PM, March 19, 2015",Houston Rockets,Denver Nuggets,118,108,HOU,,,Team Totals,240,37,83,.446,12,30,.400,32,40,.800,10,39,49,27,8,4,16,19,118,,,Team Totals,240,.586,.518,.361,.482,21.7,86.7,53.8,73.0,7.5,7.0,13.7,100.0,110.5,101.1,
https://www.basketball-reference.com/boxscores/201503190LAL.html,"10:30 PM, March 19, 2015",Los Angeles Lakers,Utah Jazz,73,80,UTA,,,Team Totals,240,25,62,.403,9,25,.360,21,31,.677,2,34,36,19,11,8,15,17,80,,,Team Totals,240,.529,.476,.403,.500,5.6,79.1,45.6,76.0,12.5,12.1,16.5,100.0,90.5,82.6,
https://www.basketball-reference.com/boxscores/201503190LAL.html,"10:30 PM, March 19, 2015",Los Angeles Lakers,Utah Jazz,73,80,LAL,,,Team Totals,240,31,77,.403,3,11,.273,8,17,.471,9,34,43,20,9,3,16,22,73,,,Team Totals,240,.432,.422,.143,.221,20.9,94.4,54.4,64.5,10.2,8.1,15.9,100.0,82.6,90.5,
https://www.basketball-reference.com/boxscores/201503190NYK.html,"7:30 PM, March 19, 2015",New York Knicks,Minnesota Timberwolves,92,95,MIN,,,Team Totals,265,34,83,.410,2,12,.167,25,30,.833,11,32,43,12,10,8,16,12,95,,,Team Totals,265,.494,.422,.145,.361,22.9,72.7,46.7,35.3,10.0,10.4,14.3,100.0,95.3,92.3,
https://www.basketball-reference.com/boxscores/201503190NYK.html,"7:30 PM, March 19, 2015",New York Knicks,Minnesota Timberwolves,92,95,NYK,,,Team Totals,265,40,97,.412,4,20,.200,8,10,.800,12,37,49,22,9,5,16,18,92,,,Team Totals,265,.454,.433,.206,.103,27.3,77.1,53.3,55.0,9.0,7.0,13.6,100.0,92.3,95.3,
https://www.basketball-reference.com/boxscores/201503190PHO.html,"10:00 PM, March 19, 2015",Phoenix Suns,New Orleans Pelicans,74,72,NOP,,,Team Totals,240,31,83,.373,5,18,.278,5,10,.500,9,36,45,19,4,4,11,18,72,,,Team Totals,240,.412,.404,.217,.120,17.3,72.0,44.1,61.3,4.6,6.6,11.2,100.0,82.0,84.3,
https://www.basketball-reference.com/boxscores/201503190PHO.html,"10:00 PM, March 19, 2015",Phoenix Suns,New Orleans Pelicans,74,72,PHO,,,Team Totals,240,29,83,.349,2,22,.091,14,21,.667,14,43,57,11,5,8,12,15,74,,,Team Totals,240,.401,.361,.265,.253,28.0,82.7,55.9,37.9,5.7,12.3,11.5,100.0,84.3,82.0,
https://www.basketball-reference.com/boxscores/201503200BRK.html,"7:30 PM, March 20, 2015",Brooklyn Nets,Milwaukee Bucks,129,127,MIL,,,Team Totals,315,49,129,.380,8,16,.500,21,29,.724,38,43,81,23,11,9,18,31,127,,,Team Totals,315,.448,.411,.124,.225,50.7,72.9,60.4,46.9,9.4,11.0,11.3,100.0,109.0,110.7,
https://www.basketball-reference.com/boxscores/201503200BRK.html,"7:30 PM, March 20, 2015",Brooklyn Nets,Milwaukee Bucks,129,127,BRK,,,Team Totals,315,46,107,.430,11,25,.440,26,34,.765,16,37,53,31,9,7,15,25,129,,,Team Totals,315,.529,.481,.234,.318,27.1,49.3,39.6,67.4,7.7,6.2,11.0,100.0,110.7,109.0,
https://www.basketball-reference.com/boxscores/201503200CHI.html,"8:00 PM, March 20, 2015",Chicago Bulls,Toronto Raptors,108,92,TOR,,,Team Totals,240,30,79,.380,10,25,.400,22,26,.846,12,24,36,20,6,4,7,19,92,,,Team Totals,240,.509,.443,.316,.329,26.1,64.9,43.4,66.7,7.2,7.8,7.2,100.0,110.4,129.6,
https://www.basketball-reference.com/boxscores/201503200CHI.html,"8:00 PM, March 20, 2015",Chicago Bulls,Toronto Raptors,108,92,CHI,,,Team Totals,240,42,79,.532,9,28,.321,15,17,.882,13,34,47,32,4,7,12,21,108,,,Team Totals,240,.624,.589,.354,.215,35.1,73.9,56.6,76.2,4.8,13.0,12.2,100.0,129.6,110.4,
https://www.basketball-reference.com/boxscores/201503200CLE.html,"7:30 PM, March 20, 2015",Cleveland Cavaliers,Indiana Pacers,95,92,IND,,,Team Totals,240,36,84,.429,8,20,.400,12,13,.923,9,33,42,23,5,6,9,20,92,,,Team Totals,240,.513,.476,.238,.155,20.9,75.0,48.3,63.9,5.7,10.7,9.1,100.0,105.6,109.0,
https://www.basketball-reference.com/boxscores/201503200CLE.html,"7:30 PM, March 20, 2015",Cleveland Cavaliers,Indiana Pacers,95,92,CLE,,,Team Totals,240,35,82,.427,9,26,.346,16,21,.762,11,34,45,18,4,6,9,16,95,,,Team Totals,240,.521,.482,.317,.256,25.0,79.1,51.7,51.4,4.6,9.4,9.0,100.0,109.0,105.6,
https://www.basketball-reference.com/boxscores/201503200DAL.html,"8:30 PM, March 20, 2015",Dallas Mavericks,Memphis Grizzlies,101,112,MEM,,,Team Totals,240,41,77,.532,8,18,.444,22,32,.688,6,32,38,19,7,3,17,30,112,,,Team Totals,240,.615,.584,.234,.416,15.8,78.0,48.1,46.3,7.1,5.6,15.7,100.0,113.0,101.9,
https://www.basketball-reference.com/boxscores/201503200DAL.html,"8:30 PM, March 20, 2015",Dallas Mavericks,Memphis Grizzlies,101,112,DAL,,,Team Totals,240,34,76,.447,8,22,.364,25,36,.694,9,32,41,14,6,3,17,29,101,,,Team Totals,240,.550,.500,.289,.474,22.0,84.2,51.9,41.2,6.1,5.1,15.6,100.0,101.9,113.0,
https://www.basketball-reference.com/boxscores/201503200GSW.html,"10:30 PM, March 20, 2015",Golden State Warriors,New Orleans Pelicans,112,96,NOP,,,Team Totals,240,33,77,.429,11,22,.500,19,22,.864,9,33,42,22,4,3,21,17,96,,,Team Totals,240,.554,.500,.286,.286,23.1,73.3,50.0,66.7,4.2,4.3,19.5,100.0,100.7,117.5,
https://www.basketball-reference.com/boxscores/201503200GSW.html,"10:30 PM, March 20, 2015",Golden State Warriors,New Orleans Pelicans,112,96,GSW,,,Team Totals,240,44,88,.500,5,19,.263,19,23,.826,12,30,42,29,9,6,10,19,112,,,Team Totals,240,.571,.528,.216,.261,26.7,76.9,50.0,65.9,9.4,10.9,9.2,100.0,117.5,100.7,
https://www.basketball-reference.com/boxscores/201503200LAC.html,"10:30 PM, March 20, 2015",Los Angeles Clippers,Washington Wizards,113,99,WAS,,,Team Totals,240,37,86,.430,6,19,.316,19,23,.826,8,28,36,27,6,2,9,16,99,,,Team Totals,240,.515,.465,.221,.267,17.4,77.8,43.9,73.0,6.2,3.2,8.6,100.0,102.0,116.4,
https://www.basketball-reference.com/boxscores/201503200LAC.html,"10:30 PM, March 20, 2015",Los Angeles Clippers,Washington Wizards,113,99,LAC,,,Team Totals,240,45,86,.523,12,23,.522,11,17,.647,8,38,46,33,5,6,16,21,113,,,Team Totals,240,.604,.593,.267,.198,22.2,82.6,56.1,73.3,5.2,9.0,14.6,100.0,116.4,102.0,
https://www.basketball-reference.com/boxscores/201503200MIA.html,"7:30 PM, March 20, 2015",Miami Heat,Denver Nuggets,108,91,DEN,,,Team Totals,240,37,79,.468,7,27,.259,10,19,.526,10,25,35,21,11,7,16,20,91,,,Team Totals,240,.521,.513,.342,.241,22.7,71.4,44.3,56.8,11.9,10.8,15.5,100.0,98.2,116.5,
https://www.basketball-reference.com/boxscores/201503200MIA.html,"7:30 PM, March 20, 2015",Miami Heat,Denver Nuggets,108,91,MIA,,,Team Totals,240,43,81,.531,7,16,.438,15,19,.789,10,34,44,23,8,7,16,17,108,,,Team Totals,240,.604,.574,.198,.235,28.6,77.3,55.7,53.5,8.6,13.5,15.2,100.0,116.5,98.2,
https://www.basketball-reference.com/boxscores/201503200OKC.html,"8:00 PM, March 20, 2015",Oklahoma City Thunder,Atlanta Hawks,123,115,ATL,,,Team Totals,240,41,82,.500,13,29,.448,20,25,.800,7,27,34,20,9,4,11,16,115,,,Team Totals,240,.618,.579,.354,.305,17.1,73.0,43.6,48.8,9.5,7.4,10.6,100.0,121.0,129.4,
https://www.basketball-reference.com/boxscores/201503200OKC.html,"8:00 PM, March 20, 2015",Oklahoma City Thunder,Atlanta Hawks,123,115,OKC,,,Team Totals,240,43,84,.512,13,30,.433,24,26,.923,10,34,44,26,6,6,12,19,123,,,Team Totals,240,.644,.589,.357,.310,27.0,82.9,56.4,60.5,6.3,11.3,11.2,100.0,129.4,121.0,
https://www.basketball-reference.com/boxscores/201503200ORL.html,"7:00 PM, March 20, 2015",Orlando Magic,Portland Trail Blazers,111,104,POR,,,Team Totals,240,38,80,.475,7,24,.292,21,24,.875,11,33,44,13,4,2,13,19,104,,,Team Totals,240,.574,.519,.300,.300,25.6,64.7,46.8,34.2,4.4,2.4,12.6,100.0,114.0,121.7,
https://www.basketball-reference.com/boxscores/201503200ORL.html,"7:00 PM, March 20, 2015",Orlando Magic,Portland Trail Blazers,111,104,ORL,,,Team Totals,240,43,94,.457,5,12,.417,20,24,.833,18,32,50,22,9,1,7,22,111,,,Team Totals,240,.531,.484,.128,.255,35.3,74.4,53.2,51.2,9.9,1.8,6.3,100.0,121.7,114.0,
https://www.basketball-reference.com/boxscores/201503200PHI.html,"7:00 PM, March 20, 2015",Philadelphia 76ers,New York Knicks,97,81,NYK,,,Team Totals,240,25,69,.362,8,16,.500,23,26,.885,7,30,37,16,7,8,20,16,81,,,Team Totals,240,.503,.420,.232,.377,17.1,66.7,43.0,64.0,7.6,13.8,19.9,100.0,88.4,105.9,
https://www.basketball-reference.com/boxscores/201503200PHI.html,"7:00 PM, March 20, 2015",Philadelphia 76ers,New York Knicks,97,81,PHI,,,Team Totals,240,37,88,.420,11,30,.367,12,15,.800,15,34,49,23,11,7,16,20,97,,,Team Totals,240,.513,.483,.341,.170,33.3,82.9,57.0,62.2,12.0,13.2,14.5,100.0,105.9,88.4,
https://www.basketball-reference.com/boxscores/201503200SAC.html,"10:00 PM, March 20, 2015",Sacramento Kings,Charlotte Hornets,101,91,CHO,,,Team Totals,240,36,91,.396,6,18,.333,13,16,.813,7,29,36,16,10,3,13,18,91,,,Team Totals,240,.464,.429,.198,.176,15.9,72.5,42.9,44.4,10.1,5.3,11.7,100.0,91.5,101.5,
https://www.basketball-reference.com/boxscores/201503200SAC.html,"10:00 PM, March 20, 2015",Sacramento Kings,Charlotte Hornets,101,91,SAC,,,Team Totals,240,37,78,.474,9,21,.429,18,25,.720,11,37,48,21,4,3,22,17,101,,,Team Totals,240,.567,.532,.269,.321,27.5,84.1,57.1,56.8,4.0,4.1,19.8,100.0,101.5,91.5,
https://www.basketball-reference.com/boxscores/201503200SAS.html,"8:30 PM, March 20, 2015",San Antonio Spurs,Boston Celtics,101,89,BOS,,,Team Totals,240,35,88,.398,5,20,.250,14,20,.700,14,33,47,19,10,2,16,19,89,,,Team Totals,240,.460,.426,.227,.227,26.9,82.5,51.1,54.3,10.4,3.4,14.2,100.0,92.8,105.3,
https://www.basketball-reference.com/boxscores/201503200SAS.html,"8:30 PM, March 20, 2015",San Antonio Spurs,Boston Celtics,101,89,SAS,,,Team Totals,240,38,81,.469,5,23,.217,20,23,.870,7,38,45,31,11,4,13,14,101,,,Team Totals,240,.554,.500,.284,.284,17.5,73.1,48.9,81.6,11.5,5.9,12.5,100.0,105.3,92.8,
https://www.basketball-reference.com/boxscores/201503210DET.html,"7:30 PM, March 21, 2015",Detroit Pistons,Chicago Bulls,107,91,CHI,,,Team Totals,240,33,77,.429,6,21,.286,19,24,.792,8,37,45,22,2,1,12,11,91,,,Team Totals,240,.520,.468,.273,.312,17.4,86.0,50.6,66.7,2.2,1.6,12.1,100.0,100.3,117.9,
https://www.basketball-reference.com/boxscores/201503210DET.html,"7:30 PM, March 21, 2015",Detroit Pistons,Chicago Bulls,107,91,DET,,,Team Totals,240,44,90,.489,11,26,.423,8,10,.800,6,38,44,28,9,6,4,20,107,,,Team Totals,240,.567,.550,.289,.111,14.0,82.6,49.4,63.6,9.9,10.7,4.1,100.0,117.9,100.3,
https://www.basketball-reference.com/boxscores/201503210GSW.html,"10:30 PM, March 21, 2015",Golden State Warriors,Utah Jazz,106,91,UTA,,,Team Totals,240,32,73,.438,10,22,.455,17,21,.810,8,27,35,19,5,2,16,19,91,,,Team Totals,240,.553,.507,.301,.288,21.1,79.4,48.6,59.4,5.6,3.3,16.3,100.0,101.3,117.9,
https://www.basketball-reference.com/boxscores/201503210GSW.html,"10:30 PM, March 21, 2015",Golden State Warriors,Utah Jazz,106,91,GSW,,,Team Totals,240,38,78,.487,8,18,.444,22,26,.846,7,30,37,25,11,3,12,17,106,,,Team Totals,240,.593,.538,.231,.333,20.6,78.9,51.4,65.8,12.2,5.9,11.8,100.0,117.9,101.3,
https://www.basketball-reference.com/boxscores/201503210HOU.html,"8:00 PM, March 21, 2015",Houston Rockets,Phoenix Suns,102,117,PHO,,,Team Totals,240,46,92,.500,8,15,.533,17,24,.708,14,35,49,20,10,5,15,16,117,,,Team Totals,240,.570,.543,.163,.261,30.4,89.7,57.6,43.5,9.7,9.4,12.8,100.0,113.4,98.9,
https://www.basketball-reference.com/boxscores/201503210HOU.html,"8:00 PM, March 21, 2015",Houston Rockets,Phoenix Suns,102,117,HOU,,,Team Totals,240,41,87,.471,10,34,.294,10,12,.833,4,32,36,28,7,5,18,21,102,,,Team Totals,240,.553,.529,.391,.138,10.3,69.6,42.4,68.3,6.8,6.5,16.3,100.0,98.9,113.4,
https://www.basketball-reference.com/boxscores/201503210IND.html,"7:00 PM, March 21, 2015",Indiana Pacers,Brooklyn Nets,111,123,BRK,,,Team Totals,240,46,75,.613,6,12,.500,25,31,.806,3,32,35,21,4,4,9,18,123,,,Team Totals,240,.694,.653,.160,.413,9.7,74.4,47.3,45.7,4.3,6.0,9.2,100.0,131.4,118.5,
https://www.basketball-reference.com/boxscores/201503210IND.html,"7:00 PM, March 21, 2015",Indiana Pacers,Brooklyn Nets,111,123,IND,,,Team Totals,240,45,90,.500,8,23,.348,13,18,.722,11,28,39,22,3,2,9,23,111,,,Team Totals,240,.567,.544,.256,.200,25.6,90.3,52.7,48.9,3.2,3.2,8.4,100.0,118.5,131.4,
https://www.basketball-reference.com/boxscores/201503210MEM.html,"8:00 PM, March 21, 2015",Memphis Grizzlies,Portland Trail Blazers,97,86,POR,,,Team Totals,240,33,76,.434,6,22,.273,14,15,.933,5,39,44,15,6,3,17,17,86,,,Team Totals,240,.521,.474,.289,.197,12.8,78.0,49.4,45.5,6.4,4.2,17.1,100.0,92.3,104.2,
https://www.basketball-reference.com/boxscores/201503210MEM.html,"8:00 PM, March 21, 2015",Memphis Grizzlies,Portland Trail Blazers,97,86,MEM,,,Team Totals,240,37,89,.416,11,18,.611,12,16,.750,11,34,45,21,10,1,10,16,97,,,Team Totals,240,.505,.478,.202,.180,22.0,87.2,50.6,56.8,10.7,1.9,9.4,100.0,104.2,92.3,
https://www.basketball-reference.com/boxscores/201503220ATL.html,"3:00 PM, March 22, 2015",Atlanta Hawks,San Antonio Spurs,95,114,SAS,,,Team Totals,240,46,82,.561,7,17,.412,15,17,.882,10,33,43,30,8,4,16,14,114,,,Team Totals,240,.637,.604,.207,.207,30.3,84.6,59.7,65.2,8.5,7.1,15.2,100.0,121.3,101.1,
https://www.basketball-reference.com/boxscores/201503220ATL.html,"3:00 PM, March 22, 2015",Atlanta Hawks,San Antonio Spurs,95,114,ATL,,,Team Totals,240,38,80,.475,12,24,.500,7,7,1.000,6,23,29,25,13,2,19,15,95,,,Team Totals,240,.572,.550,.300,.088,15.4,69.7,40.3,65.8,13.8,3.1,18.6,100.0,101.1,121.3,
https://www.basketball-reference.com/boxscores/201503220BOS.html,"6:00 PM, March 22, 2015",Boston Celtics,Detroit Pistons,97,105,DET,,,Team Totals,265,39,89,.438,9,26,.346,18,30,.600,11,45,56,24,5,10,14,21,105,,,Team Totals,265,.514,.489,.292,.337,21.2,71.4,48.7,61.5,4.8,12.8,12.0,100.0,101.0,93.3,
https://www.basketball-reference.com/boxscores/201503220BOS.html,"6:00 PM, March 22, 2015",Boston Celtics,Detroit Pistons,97,105,BOS,,,Team Totals,265,38,105,.362,8,27,.296,13,17,.765,18,41,59,24,7,5,13,23,97,,,Team Totals,265,.431,.400,.257,.162,28.6,78.8,51.3,63.2,6.7,7.9,10.4,100.0,93.3,101.0,
https://www.basketball-reference.com/boxscores/201503220LAC.html,"3:30 PM, March 22, 2015",Los Angeles Clippers,New Orleans Pelicans,107,100,NOP,,,Team Totals,240,38,75,.507,12,22,.545,12,16,.750,9,32,41,21,7,4,18,21,100,,,Team Totals,240,.609,.587,.293,.213,25.7,66.7,49.4,55.3,7.7,5.9,18.0,100.0,109.9,117.6,
https://www.basketball-reference.com/boxscores/201503220LAC.html,"3:30 PM, March 22, 2015",Los Angeles Clippers,New Orleans Pelicans,107,100,LAC,,,Team Totals,240,42,91,.462,7,23,.304,16,23,.696,16,26,42,25,10,7,10,17,107,,,Team Totals,240,.529,.500,.253,.253,33.3,74.3,50.6,59.5,11.0,13.2,9.0,100.0,117.6,109.9,
https://www.basketball-reference.com/boxscores/201503220LAL.html,"9:30 PM, March 22, 2015",Los Angeles Lakers,Philadelphia 76ers,101,87,PHI,,,Team Totals,240,32,89,.360,9,27,.333,14,21,.667,13,26,39,22,4,6,10,21,87,,,Team Totals,240,.443,.410,.303,.236,25.0,66.7,42.9,68.8,4.4,9.0,9.2,100.0,96.1,111.6,
https://www.basketball-reference.com/boxscores/201503220LAL.html,"9:30 PM, March 22, 2015",Los Angeles Lakers,Philadelphia 76ers,101,87,LAL,,,Team Totals,240,39,81,.481,5,14,.357,18,22,.818,13,39,52,21,4,9,14,21,101,,,Team Totals,240,.557,.512,.173,.272,33.3,75.0,57.1,53.8,4.4,14.5,13.4,100.0,111.6,96.1,
https://www.basketball-reference.com/boxscores/201503220MIL.html,"3:00 PM, March 22, 2015",Milwaukee Bucks,Cleveland Cavaliers,90,108,CLE,,,Team Totals,240,42,84,.500,13,31,.419,11,16,.688,9,27,36,22,14,1,13,12,108,,,Team Totals,240,.593,.577,.369,.190,21.4,81.8,48.0,52.4,15.0,1.7,12.5,100.0,116.0,96.7,
https://www.basketball-reference.com/boxscores/201503220MIL.html,"3:00 PM, March 22, 2015",Milwaukee Bucks,Cleveland Cavaliers,90,108,MIL,,,Team Totals,240,38,70,.543,3,12,.250,11,14,.786,6,33,39,23,10,5,23,14,90,,,Team Totals,240,.591,.564,.171,.200,18.2,78.6,52.0,60.5,10.7,9.4,23.2,100.0,96.7,116.0,
https://www.basketball-reference.com/boxscores/201503220MIN.html,"7:00 PM, March 22, 2015",Minnesota Timberwolves,Charlotte Hornets,98,109,CHO,,,Team Totals,240,45,89,.506,6,18,.333,13,16,.813,13,29,42,21,8,3,8,16,109,,,Team Totals,240,.567,.539,.202,.180,31.0,90.6,56.8,46.7,8.9,4.8,7.7,100.0,121.8,109.5,
https://www.basketball-reference.com/boxscores/201503220MIN.html,"7:00 PM, March 22, 2015",Minnesota Timberwolves,Charlotte Hornets,98,109,MIN,,,Team Totals,240,41,74,.554,4,11,.364,12,16,.750,3,29,32,24,5,1,13,17,98,,,Team Totals,240,.605,.581,.149,.216,9.4,69.0,43.2,58.5,5.6,1.4,13.8,100.0,109.5,121.8,
https://www.basketball-reference.com/boxscores/201503220OKC.html,"3:00 PM, March 22, 2015",Oklahoma City Thunder,Miami Heat,93,75,MIA,,,Team Totals,240,32,81,.395,3,18,.167,8,15,.533,13,28,41,13,7,6,19,15,75,,,Team Totals,240,.428,.414,.222,.185,30.2,57.1,44.6,40.6,7.7,8.3,17.8,100.0,82.2,102.0,
https://www.basketball-reference.com/boxscores/201503220OKC.html,"3:00 PM, March 22, 2015",Oklahoma City Thunder,Miami Heat,93,75,OKC,,,Team Totals,240,40,90,.444,6,18,.333,7,13,.538,21,30,51,25,11,7,20,17,93,,,Team Totals,240,.486,.478,.200,.144,42.9,69.8,55.4,62.5,12.1,11.1,17.3,100.0,102.0,82.2,
https://www.basketball-reference.com/boxscores/201503220ORL.html,"6:00 PM, March 22, 2015",Orlando Magic,Denver Nuggets,100,119,DEN,,,Team Totals,240,42,90,.467,12,28,.429,23,30,.767,18,31,49,30,11,6,14,19,119,,,Team Totals,240,.577,.533,.311,.333,38.3,73.8,55.1,71.4,11.3,8.8,11.9,100.0,122.2,102.7,
https://www.basketball-reference.com/boxscores/201503220ORL.html,"6:00 PM, March 22, 2015",Orlando Magic,Denver Nuggets,100,119,ORL,,,Team Totals,240,41,85,.482,4,17,.235,14,17,.824,11,29,40,26,7,4,19,26,100,,,Team Totals,240,.541,.506,.200,.200,26.2,61.7,44.9,63.4,7.2,6.5,17.0,100.0,102.7,122.2,
https://www.basketball-reference.com/boxscores/201503220PHO.html,"9:00 PM, March 22, 2015",Phoenix Suns,Dallas Mavericks,98,92,DAL,,,Team Totals,240,37,96,.385,5,19,.263,13,22,.591,15,25,40,21,9,1,12,22,92,,,Team Totals,240,.435,.411,.198,.229,27.3,73.5,44.9,56.8,9.2,1.8,10.2,100.0,94.2,100.4,
https://www.basketball-reference.com/boxscores/201503220PHO.html,"9:00 PM, March 22, 2015",Phoenix Suns,Dallas Mavericks,98,92,PHO,,,Team Totals,240,39,76,.513,6,21,.286,14,23,.609,9,40,49,22,10,7,21,23,98,,,Team Totals,240,.569,.553,.276,.303,26.5,72.7,55.1,56.4,10.2,9.1,19.6,100.0,100.4,94.2,
https://www.basketball-reference.com/boxscores/201503220SAC.html,"6:00 PM, March 22, 2015",Sacramento Kings,Washington Wizards,109,86,WAS,,,Team Totals,240,35,87,.402,3,17,.176,13,18,.722,16,28,44,21,7,3,17,18,86,,,Team Totals,240,.453,.420,.195,.207,34.8,87.5,56.4,60.0,7.3,4.8,15.2,100.0,89.7,113.6,
https://www.basketball-reference.com/boxscores/201503220SAC.html,"6:00 PM, March 22, 2015",Sacramento Kings,Washington Wizards,109,86,SAC,,,Team Totals,240,40,79,.506,8,17,.471,21,23,.913,4,30,34,24,12,2,17,17,109,,,Team Totals,240,.612,.557,.215,.291,12.5,65.2,43.6,60.0,12.5,2.9,16.0,100.0,113.6,89.7,
https://www.basketball-reference.com/boxscores/201503220TOR.html,"4:00 PM, March 22, 2015",Toronto Raptors,New York Knicks,106,89,NYK,,,Team Totals,240,35,84,.417,8,19,.421,11,16,.688,12,26,38,24,9,4,12,23,89,,,Team Totals,240,.489,.464,.226,.190,25.0,76.5,46.3,68.6,9.8,6.3,11.6,100.0,97.4,116.0,
https://www.basketball-reference.com/boxscores/201503220TOR.html,"4:00 PM, March 22, 2015",Toronto Raptors,New York Knicks,106,89,TOR,,,Team Totals,240,39,75,.520,4,11,.364,24,29,.828,8,36,44,22,4,1,16,14,106,,,Team Totals,240,.604,.547,.147,.387,23.5,75.0,53.7,56.4,4.4,1.5,15.4,100.0,116.0,97.4,
https://www.basketball-reference.com/boxscores/201503230BRK.html,"7:30 PM, March 23, 2015",Brooklyn Nets,Boston Celtics,91,110,BOS,,,Team Totals,240,47,92,.511,6,22,.273,10,14,.714,8,39,47,25,7,4,10,21,110,,,Team Totals,240,.560,.543,.239,.152,20.0,70.9,49.5,53.2,7.2,5.6,9.2,100.0,113.9,94.2,
https://www.basketball-reference.com/boxscores/201503230BRK.html,"7:30 PM, March 23, 2015",Brooklyn Nets,Boston Celtics,91,110,BRK,,,Team Totals,240,32,89,.360,1,17,.059,26,30,.867,16,32,48,15,7,5,12,13,91,,,Team Totals,240,.445,.365,.191,.337,29.1,80.0,50.5,46.9,7.2,7.1,10.5,100.0,94.2,113.9,
https://www.basketball-reference.com/boxscores/201503230CHI.html,"8:00 PM, March 23, 2015",Chicago Bulls,Charlotte Hornets,98,86,CHO,,,Team Totals,240,28,81,.346,8,20,.400,22,28,.786,11,40,51,11,2,8,11,25,86,,,Team Totals,240,.461,.395,.247,.346,21.6,87.0,52.6,39.3,2.2,12.1,10.5,100.0,93.3,106.4,
https://www.basketball-reference.com/boxscores/201503230CHI.html,"8:00 PM, March 23, 2015",Chicago Bulls,Charlotte Hornets,98,86,CHI,,,Team Totals,240,37,82,.451,3,16,.188,21,29,.724,6,40,46,21,5,7,6,20,98,,,Team Totals,240,.517,.470,.195,.354,13.0,78.4,47.4,56.8,5.4,11.5,6.0,100.0,106.4,93.3,
https://www.basketball-reference.com/boxscores/201503230GSW.html,"10:30 PM, March 23, 2015",Golden State Warriors,Washington Wizards,107,76,WAS,,,Team Totals,240,27,81,.333,3,11,.273,19,26,.731,5,33,38,15,5,2,12,15,76,,,Team Totals,240,.411,.352,.136,.321,10.4,63.5,38.0,55.6,5.3,3.2,11.5,100.0,80.0,112.7,
https://www.basketball-reference.com/boxscores/201503230GSW.html,"10:30 PM, March 23, 2015",Golden State Warriors,Washington Wizards,107,76,GSW,,,Team Totals,240,39,95,.411,13,33,.394,16,21,.762,19,43,62,23,9,6,11,14,107,,,Team Totals,240,.513,.479,.347,.221,36.5,89.6,62.0,59.0,9.5,8.6,9.5,100.0,112.7,80.0,
https://www.basketball-reference.com/boxscores/201503230IND.html,"7:00 PM, March 23, 2015",Indiana Pacers,Houston Rockets,100,110,HOU,,,Team Totals,240,31,65,.477,13,24,.542,35,37,.946,4,31,35,16,11,5,19,25,110,,,Team Totals,240,.677,.577,.369,.569,14.3,66.0,46.7,51.6,11.5,7.6,18.9,100.0,115.2,104.7,
https://www.basketball-reference.com/boxscores/201503230IND.html,"7:00 PM, March 23, 2015",Indiana Pacers,Houston Rockets,100,110,IND,,,Team Totals,240,40,90,.444,8,24,.333,12,19,.632,16,24,40,21,7,5,18,23,100,,,Team Totals,240,.508,.489,.267,.211,34.0,85.7,53.3,52.5,7.3,12.2,15.5,100.0,104.7,115.2,
https://www.basketball-reference.com/boxscores/201503230NYK.html,"7:30 PM, March 23, 2015",New York Knicks,Memphis Grizzlies,82,103,MEM,,,Team Totals,240,41,79,.519,7,12,.583,14,19,.737,9,30,39,22,4,2,10,19,103,,,Team Totals,240,.590,.563,.152,.241,23.7,78.9,51.3,53.7,4.5,3.4,10.3,100.0,115.2,91.7,
https://www.basketball-reference.com/boxscores/201503230NYK.html,"7:30 PM, March 23, 2015",New York Knicks,Memphis Grizzlies,82,103,NYK,,,Team Totals,240,32,76,.421,4,18,.222,14,17,.824,8,29,37,22,4,6,19,18,82,,,Team Totals,240,.491,.447,.237,.224,21.1,76.3,48.7,68.8,4.5,9.0,18.5,100.0,91.7,115.2,
https://www.basketball-reference.com/boxscores/201503230UTA.html,"9:00 PM, March 23, 2015",Utah Jazz,Minnesota Timberwolves,104,106,MIN,,,Team Totals,265,37,78,.474,12,19,.632,20,25,.800,11,26,37,19,10,4,21,23,106,,,Team Totals,265,.596,.551,.244,.321,30.6,55.3,44.6,51.4,10.6,6.8,19.1,100.0,111.8,109.7,
https://www.basketball-reference.com/boxscores/201503230UTA.html,"9:00 PM, March 23, 2015",Utah Jazz,Minnesota Timberwolves,104,106,UTA,,,Team Totals,265,38,87,.437,9,28,.321,19,31,.613,21,25,46,21,11,11,18,20,104,,,Team Totals,265,.517,.489,.322,.356,44.7,69.4,55.4,55.3,11.6,18.6,15.2,100.0,109.7,111.8,
https://www.basketball-reference.com/boxscores/201503240DAL.html,"8:00 PM, March 24, 2015",Dallas Mavericks,San Antonio Spurs,101,94,SAS,,,Team Totals,240,36,85,.424,8,28,.286,14,18,.778,9,34,43,16,12,5,16,20,94,,,Team Totals,240,.506,.471,.329,.212,18.8,77.3,46.7,44.4,12.2,7.7,14.7,100.0,95.6,102.7,
https://www.basketball-reference.com/boxscores/201503240DAL.html,"8:00 PM, March 24, 2015",Dallas Mavericks,San Antonio Spurs,101,94,DAL,,,Team Totals,240,42,87,.483,7,22,.318,10,13,.769,10,39,49,21,6,2,17,19,101,,,Team Totals,240,.545,.523,.253,.149,22.7,81.3,53.3,50.0,6.1,3.5,15.5,100.0,102.7,95.6,
https://www.basketball-reference.com/boxscores/201503240DET.html,"7:30 PM, March 24, 2015",Detroit Pistons,Toronto Raptors,108,104,TOR,,,Team Totals,240,35,75,.467,7,23,.304,27,29,.931,12,31,43,19,2,4,13,20,104,,,Team Totals,240,.593,.513,.307,.387,35.3,60.8,50.6,54.3,2.3,6.3,12.9,100.0,121.0,125.7,
https://www.basketball-reference.com/boxscores/201503240DET.html,"7:30 PM, March 24, 2015",Detroit Pistons,Toronto Raptors,108,104,DET,,,Team Totals,240,40,93,.430,12,29,.414,16,24,.667,20,22,42,26,5,3,7,21,108,,,Team Totals,240,.521,.495,.312,.258,39.2,64.7,49.4,65.0,5.8,5.8,6.3,100.0,125.7,121.0,
https://www.basketball-reference.com/boxscores/201503240MIL.html,"8:00 PM, March 24, 2015",Milwaukee Bucks,Miami Heat,89,88,MIA,,,Team Totals,240,33,75,.440,8,19,.421,14,18,.778,8,26,34,18,11,4,20,20,88,,,Team Totals,240,.531,.493,.253,.240,19.5,56.5,39.1,54.5,11.9,5.7,19.4,100.0,95.4,96.5,
https://www.basketball-reference.com/boxscores/201503240MIL.html,"8:00 PM, March 24, 2015",Milwaukee Bucks,Miami Heat,89,88,MIL,,,Team Totals,240,36,87,.414,4,17,.235,13,17,.765,20,33,53,25,8,9,21,23,89,,,Team Totals,240,.471,.437,.195,.195,43.5,80.5,60.9,69.4,8.7,16.1,18.2,100.0,96.5,95.4,
https://www.basketball-reference.com/boxscores/201503240OKC.html,"8:00 PM, March 24, 2015",Oklahoma City Thunder,Los Angeles Lakers,127,117,LAL,,,Team Totals,240,44,85,.518,9,19,.474,20,27,.741,8,20,28,22,10,7,10,17,117,,,Team Totals,240,.604,.571,.224,.318,18.2,60.6,36.4,50.0,10.3,10.8,9.4,100.0,120.6,130.9,
https://www.basketball-reference.com/boxscores/201503240OKC.html,"8:00 PM, March 24, 2015",Oklahoma City Thunder,Los Angeles Lakers,127,117,OKC,,,Team Totals,240,48,86,.558,11,21,.524,20,23,.870,13,36,49,29,7,2,17,20,127,,,Team Totals,240,.661,.622,.244,.267,39.4,81.8,63.6,60.4,7.2,3.0,15.0,100.0,130.9,120.6,
https://www.basketball-reference.com/boxscores/201503240POR.html,"10:30 PM, March 24, 2015",Portland Trail Blazers,Golden State Warriors,108,122,GSW,,,Team Totals,240,50,83,.602,12,26,.462,10,11,.909,6,40,46,37,4,5,14,18,122,,,Team Totals,240,.694,.675,.313,.133,20.7,76.9,56.8,74.0,4.2,8.6,13.7,100.0,128.0,113.3,
https://www.basketball-reference.com/boxscores/201503240POR.html,"10:30 PM, March 24, 2015",Portland Trail Blazers,Golden State Warriors,108,122,POR,,,Team Totals,240,39,92,.424,15,34,.441,15,19,.789,12,23,35,23,9,2,10,14,108,,,Team Totals,240,.538,.505,.370,.207,23.1,79.3,43.2,59.0,9.4,3.5,9.1,100.0,113.3,128.0,
https://www.basketball-reference.com/boxscores/201503240SAC.html,"10:00 PM, March 24, 2015",Sacramento Kings,Philadelphia 76ers,107,106,PHI,,,Team Totals,240,40,81,.494,13,28,.464,13,21,.619,7,37,44,18,6,11,21,29,106,,,Team Totals,240,.587,.574,.346,.259,18.9,64.9,46.8,45.0,6.0,14.3,18.9,100.0,105.5,106.5,
https://www.basketball-reference.com/boxscores/201503240SAC.html,"10:00 PM, March 24, 2015",Sacramento Kings,Philadelphia 76ers,107,106,SAC,,,Team Totals,240,35,97,.361,7,20,.350,30,38,.789,20,30,50,21,10,9,10,20,107,,,Team Totals,240,.470,.397,.206,.392,35.1,81.1,53.2,60.0,9.9,17.0,8.1,100.0,106.5,105.5,
https://www.basketball-reference.com/boxscores/201503250BOS.html,"7:30 PM, March 25, 2015",Boston Celtics,Miami Heat,86,93,MIA,,,Team Totals,240,34,77,.442,9,24,.375,16,23,.696,8,30,38,23,7,6,17,28,93,,,Team Totals,240,.534,.500,.312,.299,19.5,75.0,46.9,67.6,7.6,12.0,16.3,100.0,101.1,93.5,
https://www.basketball-reference.com/boxscores/201503250BOS.html,"7:30 PM, March 25, 2015",Boston Celtics,Miami Heat,86,93,BOS,,,Team Totals,240,28,69,.406,5,19,.263,25,37,.676,10,33,43,16,8,4,17,25,86,,,Team Totals,240,.504,.442,.275,.536,25.0,80.5,53.1,57.1,8.7,7.5,16.6,100.0,93.5,101.1,
https://www.basketball-reference.com/boxscores/201503250CHO.html,"7:00 PM, March 25, 2015",Charlotte Hornets,Brooklyn Nets,88,91,BRK,,,Team Totals,240,39,91,.429,3,14,.214,10,11,.909,5,41,46,28,6,8,9,18,91,,,Team Totals,240,.475,.445,.154,.121,10.9,80.4,47.4,71.8,6.1,10.1,8.6,100.0,92.0,89.0,
https://www.basketball-reference.com/boxscores/201503250CHO.html,"7:00 PM, March 25, 2015",Charlotte Hornets,Brooklyn Nets,88,91,CHO,,,Team Totals,240,36,91,.396,3,12,.250,13,20,.650,10,41,51,23,4,7,12,17,88,,,Team Totals,240,.441,.412,.132,.220,19.6,89.1,52.6,63.9,4.0,9.1,10.7,100.0,89.0,92.0,
https://www.basketball-reference.com/boxscores/201503250DEN.html,"9:00 PM, March 25, 2015",Denver Nuggets,Philadelphia 76ers,85,99,PHI,,,Team Totals,240,35,84,.417,14,34,.412,15,22,.682,13,36,49,17,14,12,17,22,99,,,Team Totals,240,.528,.500,.405,.262,26.5,73.5,50.0,48.6,14.7,21.8,15.4,100.0,103.6,89.0,
https://www.basketball-reference.com/boxscores/201503250DEN.html,"9:00 PM, March 25, 2015",Denver Nuggets,Philadelphia 76ers,85,99,DEN,,,Team Totals,240,29,84,.345,8,29,.276,19,27,.704,13,36,49,13,8,4,16,22,85,,,Team Totals,240,.443,.393,.345,.321,26.5,73.5,50.0,44.8,8.4,8.0,14.3,100.0,89.0,103.6,
https://www.basketball-reference.com/boxscores/201503250MEM.html,"8:00 PM, March 25, 2015",Memphis Grizzlies,Cleveland Cavaliers,89,111,CLE,,,Team Totals,240,43,84,.512,14,34,.412,11,13,.846,11,38,49,30,6,5,18,18,111,,,Team Totals,240,.619,.595,.405,.155,32.4,80.9,60.5,69.8,6.6,7.4,16.7,100.0,121.6,97.5,
https://www.basketball-reference.com/boxscores/201503250MEM.html,"8:00 PM, March 25, 2015",Memphis Grizzlies,Cleveland Cavaliers,89,111,MEM,,,Team Totals,240,37,85,.435,4,17,.235,11,16,.688,9,23,32,18,9,6,8,15,89,,,Team Totals,240,.483,.459,.200,.188,19.1,67.6,39.5,48.6,9.9,12.0,8.0,100.0,97.5,121.6,
https://www.basketball-reference.com/boxscores/201503250MIN.html,"8:00 PM, March 25, 2015",Minnesota Timberwolves,Los Angeles Lakers,99,101,LAL,,,Team Totals,265,39,92,.424,6,26,.231,17,18,.944,14,34,48,21,8,4,16,23,101,,,Team Totals,265,.505,.457,.283,.196,31.1,79.1,54.5,53.8,8.1,7.1,13.8,100.0,102.8,100.8,
https://www.basketball-reference.com/boxscores/201503250MIN.html,"8:00 PM, March 25, 2015",Minnesota Timberwolves,Los Angeles Lakers,99,101,MIN,,,Team Totals,265,33,78,.423,6,22,.273,27,30,.900,9,31,40,14,8,5,19,16,99,,,Team Totals,265,.543,.462,.282,.385,20.9,68.9,45.5,42.4,8.1,7.6,17.2,100.0,100.8,102.8,
https://www.basketball-reference.com/boxscores/201503250NOP.html,"8:00 PM, March 25, 2015",New Orleans Pelicans,Houston Rockets,93,95,HOU,,,Team Totals,240,40,81,.494,6,22,.273,9,12,.750,12,31,43,29,7,4,18,22,95,,,Team Totals,240,.551,.531,.272,.148,32.4,72.1,53.8,72.5,7.9,6.7,17.3,100.0,106.7,104.4,
https://www.basketball-reference.com/boxscores/201503250NOP.html,"8:00 PM, March 25, 2015",New Orleans Pelicans,Houston Rockets,93,95,NOP,,,Team Totals,240,34,75,.453,5,15,.333,20,32,.625,12,25,37,20,8,9,13,16,93,,,Team Totals,240,.522,.487,.200,.427,27.9,67.6,46.3,58.8,9.0,15.3,12.7,100.0,104.4,106.7,
https://www.basketball-reference.com/boxscores/201503250NYK.html,"7:00 PM, March 25, 2015",New York Knicks,Los Angeles Clippers,80,111,LAC,,,Team Totals,240,44,78,.564,11,28,.393,12,18,.667,6,33,39,31,12,7,15,17,111,,,Team Totals,240,.646,.635,.359,.231,18.2,82.5,53.4,70.5,12.4,11.9,14.9,100.0,114.9,82.8,
https://www.basketball-reference.com/boxscores/201503250NYK.html,"7:00 PM, March 25, 2015",New York Knicks,Los Angeles Clippers,80,111,NYK,,,Team Totals,240,29,82,.354,5,23,.217,17,19,.895,7,27,34,14,8,3,20,15,80,,,Team Totals,240,.443,.384,.280,.232,17.5,81.8,46.6,48.3,8.3,6.0,18.1,100.0,82.8,114.9,
https://www.basketball-reference.com/boxscores/201503250ORL.html,"7:00 PM, March 25, 2015",Orlando Magic,Atlanta Hawks,83,95,ATL,,,Team Totals,240,39,90,.433,10,31,.323,7,10,.700,12,33,45,21,9,8,14,17,95,,,Team Totals,240,.503,.489,.344,.111,27.3,76.7,51.7,53.8,9.7,12.9,12.9,100.0,102.9,89.9,
https://www.basketball-reference.com/boxscores/201503250ORL.html,"7:00 PM, March 25, 2015",Orlando Magic,Atlanta Hawks,83,95,ORL,,,Team Totals,240,32,78,.410,3,16,.188,16,20,.800,10,32,42,19,7,3,17,14,83,,,Team Totals,240,.478,.429,.205,.256,23.3,72.7,48.3,59.4,7.6,5.1,16.4,100.0,89.9,102.9,
https://www.basketball-reference.com/boxscores/201503250PHO.html,"10:00 PM, March 25, 2015",Phoenix Suns,Sacramento Kings,99,108,SAC,,,Team Totals,240,40,81,.494,8,21,.381,20,23,.870,8,35,43,27,8,3,19,24,108,,,Team Totals,240,.593,.543,.259,.284,20.0,71.4,48.3,67.5,8.0,4.8,17.3,100.0,107.5,98.6,
https://www.basketball-reference.com/boxscores/201503250PHO.html,"10:00 PM, March 25, 2015",Phoenix Suns,Sacramento Kings,99,108,PHO,,,Team Totals,240,38,87,.437,6,25,.240,17,26,.654,14,32,46,16,10,6,18,19,99,,,Team Totals,240,.503,.471,.287,.299,28.6,80.0,51.7,42.1,10.0,10.0,15.5,100.0,98.6,107.5,
https://www.basketball-reference.com/boxscores/201503250SAS.html,"9:30 PM, March 25, 2015",San Antonio Spurs,Oklahoma City Thunder,130,91,OKC,,,Team Totals,240,36,90,.400,6,18,.333,13,14,.929,10,27,37,16,7,1,10,15,91,,,Team Totals,240,.473,.433,.200,.156,20.8,71.1,43.0,44.4,7.5,1.5,9.4,100.0,97.0,138.5,
https://www.basketball-reference.com/boxscores/201503250SAS.html,"9:30 PM, March 25, 2015",San Antonio Spurs,Oklahoma City Thunder,130,91,SAS,,,Team Totals,240,51,88,.580,13,21,.619,15,19,.789,11,38,49,28,7,4,10,12,130,,,Team Totals,240,.675,.653,.239,.216,28.9,79.2,57.0,54.9,7.5,5.6,9.4,100.0,138.5,97.0,
https://www.basketball-reference.com/boxscores/201503250TOR.html,"7:00 PM, March 25, 2015",Toronto Raptors,Chicago Bulls,103,116,CHI,,,Team Totals,240,45,74,.608,12,23,.522,14,17,.824,2,29,31,26,4,6,8,16,116,,,Team Totals,240,.712,.689,.311,.230,7.4,74.4,47.0,57.8,4.7,9.7,8.9,100.0,134.9,119.7,
https://www.basketball-reference.com/boxscores/201503250TOR.html,"7:00 PM, March 25, 2015",Toronto Raptors,Chicago Bulls,103,116,TOR,,,Team Totals,240,39,83,.470,9,21,.429,16,19,.842,10,25,35,16,6,1,7,16,103,,,Team Totals,240,.564,.524,.253,.229,25.6,92.6,53.0,41.0,7.0,2.0,7.1,100.0,119.7,134.9,
https://www.basketball-reference.com/boxscores/201503250UTA.html,"9:00 PM, March 25, 2015",Utah Jazz,Portland Trail Blazers,89,92,POR,,,Team Totals,240,34,81,.420,7,27,.259,17,20,.850,11,34,45,19,4,5,14,18,92,,,Team Totals,240,.512,.463,.333,.247,25.6,75.6,51.1,55.9,4.5,7.8,13.5,100.0,103.6,100.2,
https://www.basketball-reference.com/boxscores/201503250UTA.html,"9:00 PM, March 25, 2015",Utah Jazz,Portland Trail Blazers,89,92,UTA,,,Team Totals,240,35,80,.438,4,16,.250,15,23,.652,11,32,43,12,11,2,10,20,89,,,Team Totals,240,.494,.463,.200,.288,24.4,74.4,48.9,34.3,12.4,3.7,10.0,100.0,100.2,103.6,
https://www.basketball-reference.com/boxscores/201503250WAS.html,"7:00 PM, March 25, 2015",Washington Wizards,Indiana Pacers,101,103,IND,,,Team Totals,240,38,85,.447,9,26,.346,18,28,.643,9,34,43,21,7,2,10,23,103,,,Team Totals,240,.529,.500,.306,.329,18.4,85.0,48.3,55.3,7.4,3.3,9.3,100.0,108.2,106.1,
https://www.basketball-reference.com/boxscores/201503250WAS.html,"7:00 PM, March 25, 2015",Washington Wizards,Indiana Pacers,101,103,WAS,,,Team Totals,240,33,75,.440,5,14,.357,30,38,.789,6,40,46,13,6,4,10,23,101,,,Team Totals,240,.551,.473,.187,.507,15.0,81.6,51.7,39.4,6.3,6.8,9.8,100.0,106.1,108.2,
https://www.basketball-reference.com/boxscores/201503260MIL.html,"8:00 PM, March 26, 2015",Milwaukee Bucks,Indiana Pacers,111,107,IND,,,Team Totals,240,30,71,.423,14,30,.467,33,43,.767,12,29,41,18,7,4,23,28,107,,,Team Totals,240,.595,.521,.423,.606,33.3,82.9,57.7,60.0,7.3,7.4,20.4,100.0,110.9,115.1,
https://www.basketball-reference.com/boxscores/201503260MIL.html,"8:00 PM, March 26, 2015",Milwaukee Bucks,Indiana Pacers,111,107,MIL,,,Team Totals,240,39,73,.534,9,19,.474,24,34,.706,6,24,30,26,10,3,16,34,111,,,Team Totals,240,.631,.596,.260,.466,17.1,66.7,42.3,66.7,10.4,7.3,15.4,100.0,115.1,110.9,
https://www.basketball-reference.com/boxscores/201503270ATL.html,"7:30 PM, March 27, 2015",Atlanta Hawks,Miami Heat,99,86,MIA,,,Team Totals,240,32,82,.390,11,35,.314,11,15,.733,11,30,41,20,9,6,19,20,86,,,Team Totals,240,.485,.457,.427,.183,25.0,85.7,51.9,62.5,9.6,11.1,17.7,100.0,92.0,106.0,
https://www.basketball-reference.com/boxscores/201503270ATL.html,"7:30 PM, March 27, 2015",Atlanta Hawks,Miami Heat,99,86,ATL,,,Team Totals,240,37,72,.514,6,18,.333,19,24,.792,5,33,38,31,12,4,17,13,99,,,Team Totals,240,.600,.556,.250,.333,14.3,75.0,48.1,83.8,12.8,8.5,17.1,100.0,106.0,92.0,
https://www.basketball-reference.com/boxscores/201503270BRK.html,"7:30 PM, March 27, 2015",Brooklyn Nets,Cleveland Cavaliers,106,98,CLE,,,Team Totals,240,37,81,.457,8,30,.267,16,20,.800,6,34,40,17,10,4,17,19,98,,,Team Totals,240,.546,.506,.370,.247,14.3,77.3,46.5,45.9,10.2,6.3,15.9,100.0,99.7,107.8,
https://www.basketball-reference.com/boxscores/201503270BRK.html,"7:30 PM, March 27, 2015",Brooklyn Nets,Cleveland Cavaliers,106,98,BRK,,,Team Totals,240,40,86,.465,9,23,.391,17,19,.895,10,36,46,21,6,1,15,18,106,,,Team Totals,240,.562,.517,.267,.221,22.7,85.7,53.5,52.5,6.1,2.0,13.7,100.0,107.8,99.7,
https://www.basketball-reference.com/boxscores/201503270DEN.html,"9:00 PM, March 27, 2015",Denver Nuggets,Utah Jazz,107,91,UTA,,,Team Totals,240,32,81,.395,5,27,.185,22,31,.710,14,28,42,20,12,7,14,19,91,,,Team Totals,240,.481,.426,.333,.383,29.8,77.8,50.6,62.5,12.9,13.5,12.9,100.0,97.8,114.9,
https://www.basketball-reference.com/boxscores/201503270DEN.html,"9:00 PM, March 27, 2015",Denver Nuggets,Utah Jazz,107,91,DEN,,,Team Totals,240,39,76,.513,13,24,.542,16,23,.696,8,33,41,23,8,4,18,23,107,,,Team Totals,240,.621,.599,.316,.303,22.2,70.2,49.4,59.0,8.6,7.4,17.3,100.0,114.9,97.8,
https://www.basketball-reference.com/boxscores/201503270HOU.html,"8:00 PM, March 27, 2015",Houston Rockets,Minnesota Timberwolves,120,110,MIN,,,Team Totals,240,37,76,.487,6,14,.429,30,34,.882,6,25,31,26,6,1,14,13,110,,,Team Totals,240,.605,.526,.184,.447,17.6,65.8,43.1,70.3,6.3,2.6,13.3,100.0,115.9,126.5,
https://www.basketball-reference.com/boxscores/201503270HOU.html,"8:00 PM, March 27, 2015",Houston Rockets,Minnesota Timberwolves,120,110,HOU,,,Team Totals,240,44,83,.530,20,44,.455,12,17,.706,13,28,41,34,10,6,18,26,120,,,Team Totals,240,.663,.651,.530,.205,34.2,82.4,56.9,77.3,10.5,9.7,16.6,100.0,126.5,115.9,
https://www.basketball-reference.com/boxscores/201503270MEM.html,"8:00 PM, March 27, 2015",Memphis Grizzlies,Golden State Warriors,84,107,GSW,,,Team Totals,240,39,90,.433,16,31,.516,13,17,.765,14,29,43,28,15,5,14,17,107,,,Team Totals,240,.549,.522,.344,.189,30.4,78.4,51.8,71.8,16.2,7.9,12.6,100.0,115.4,90.6,
https://www.basketball-reference.com/boxscores/201503270MEM.html,"8:00 PM, March 27, 2015",Memphis Grizzlies,Golden State Warriors,84,107,MEM,,,Team Totals,240,34,76,.447,5,13,.385,11,15,.733,8,32,40,19,9,2,19,18,84,,,Team Totals,240,.508,.480,.171,.197,21.6,69.6,48.2,55.9,9.7,3.4,18.7,100.0,90.6,115.4,
https://www.basketball-reference.com/boxscores/201503270NOP.html,"8:00 PM, March 27, 2015",New Orleans Pelicans,Sacramento Kings,102,88,SAC,,,Team Totals,240,35,79,.443,7,15,.467,11,18,.611,10,27,37,14,5,4,11,14,88,,,Team Totals,240,.506,.487,.190,.228,22.2,69.2,44.0,40.0,5.7,6.3,11.2,100.0,101.1,117.2,
https://www.basketball-reference.com/boxscores/201503270NOP.html,"8:00 PM, March 27, 2015",New Orleans Pelicans,Sacramento Kings,102,88,NOP,,,Team Totals,240,43,84,.512,9,20,.450,7,12,.583,12,35,47,25,5,9,12,16,102,,,Team Totals,240,.571,.565,.238,.143,30.8,77.8,56.0,58.1,5.7,14.1,11.8,100.0,117.2,101.1,
https://www.basketball-reference.com/boxscores/201503270NYK.html,"7:30 PM, March 27, 2015",New York Knicks,Boston Celtics,92,96,BOS,,,Team Totals,240,29,69,.420,4,20,.200,34,43,.791,9,35,44,18,6,1,16,17,96,,,Team Totals,240,.546,.449,.290,.623,25.0,79.5,55.0,62.1,6.4,1.6,15.4,100.0,102.5,98.2,
https://www.basketball-reference.com/boxscores/201503270NYK.html,"7:30 PM, March 27, 2015",New York Knicks,Boston Celtics,92,96,NYK,,,Team Totals,240,38,87,.437,7,24,.292,9,14,.643,9,27,36,23,9,2,14,31,92,,,Team Totals,240,.494,.477,.276,.161,20.5,75.0,45.0,60.5,9.6,4.1,13.1,100.0,98.2,102.5,
https://www.basketball-reference.com/boxscores/201503270ORL.html,"7:00 PM, March 27, 2015",Orlando Magic,Detroit Pistons,97,111,DET,,,Team Totals,240,42,90,.467,7,18,.389,20,27,.741,12,29,41,22,10,6,7,12,111,,,Team Totals,240,.545,.506,.200,.300,27.3,78.4,50.6,52.4,10.7,9.0,6.4,100.0,118.7,103.8,
https://www.basketball-reference.com/boxscores/201503270ORL.html,"7:00 PM, March 27, 2015",Orlando Magic,Detroit Pistons,97,111,ORL,,,Team Totals,240,43,82,.524,3,15,.200,8,8,1.000,8,32,40,31,3,2,17,24,97,,,Team Totals,240,.567,.543,.183,.098,21.6,72.7,49.4,72.1,3.2,2.8,16.6,100.0,103.8,118.7,
https://www.basketball-reference.com/boxscores/201503270PHI.html,"7:00 PM, March 27, 2015",Philadelphia 76ers,Los Angeles Clippers,98,119,LAC,,,Team Totals,240,44,82,.537,12,29,.414,19,31,.613,8,48,56,28,8,2,17,24,119,,,Team Totals,240,.622,.610,.354,.378,20.0,85.7,58.3,63.6,7.7,3.6,15.1,100.0,114.7,94.5,
https://www.basketball-reference.com/boxscores/201503270PHI.html,"7:00 PM, March 27, 2015",Philadelphia 76ers,Los Angeles Clippers,98,119,PHI,,,Team Totals,240,36,86,.419,11,31,.355,15,27,.556,8,32,40,17,11,1,15,25,98,,,Team Totals,240,.501,.483,.360,.314,14.3,80.0,41.7,47.2,10.6,1.9,13.3,100.0,94.5,114.7,
https://www.basketball-reference.com/boxscores/201503270PHO.html,"10:00 PM, March 27, 2015",Phoenix Suns,Portland Trail Blazers,81,87,POR,,,Team Totals,240,36,89,.404,7,26,.269,8,18,.444,15,39,54,15,4,4,13,18,87,,,Team Totals,240,.449,.444,.292,.202,28.8,78.0,52.9,41.7,4.3,6.0,11.8,100.0,94.2,87.7,
https://www.basketball-reference.com/boxscores/201503270PHO.html,"10:00 PM, March 27, 2015",Phoenix Suns,Portland Trail Blazers,81,87,PHO,,,Team Totals,240,32,87,.368,6,20,.300,11,12,.917,11,37,48,14,5,1,13,19,81,,,Team Totals,240,.439,.402,.230,.138,22.0,71.2,47.1,43.8,5.4,1.6,12.3,100.0,87.7,94.2,
https://www.basketball-reference.com/boxscores/201503270SAS.html,"8:30 PM, March 27, 2015",San Antonio Spurs,Dallas Mavericks,94,76,DAL,,,Team Totals,240,31,82,.378,4,18,.222,10,15,.667,15,32,47,15,9,4,18,21,76,,,Team Totals,240,.429,.402,.220,.183,28.8,71.1,48.5,48.4,10.0,6.9,16.9,100.0,84.8,104.8,
https://www.basketball-reference.com/boxscores/201503270SAS.html,"8:30 PM, March 27, 2015",San Antonio Spurs,Dallas Mavericks,94,76,SAS,,,Team Totals,240,37,84,.440,9,26,.346,11,14,.786,13,37,50,28,8,4,14,19,94,,,Team Totals,240,.521,.494,.310,.167,28.9,71.2,51.5,75.7,8.9,6.3,13.4,100.0,104.8,84.8,
https://www.basketball-reference.com/boxscores/201503270TOR.html,"7:30 PM, March 27, 2015",Toronto Raptors,Los Angeles Lakers,94,83,LAL,,,Team Totals,240,29,84,.345,4,17,.235,21,29,.724,16,30,46,14,6,2,13,19,83,,,Team Totals,240,.429,.369,.202,.345,33.3,78.9,53.5,48.3,6.9,3.5,11.8,100.0,95.1,107.7,
https://www.basketball-reference.com/boxscores/201503270TOR.html,"7:30 PM, March 27, 2015",Toronto Raptors,Los Angeles Lakers,94,83,TOR,,,Team Totals,240,36,75,.480,7,18,.389,15,21,.714,8,32,40,25,8,4,11,19,94,,,Team Totals,240,.558,.527,.240,.280,21.1,66.7,46.5,69.4,9.2,6.0,11.5,100.0,107.7,95.1,
https://www.basketball-reference.com/boxscores/201503270WAS.html,"7:00 PM, March 27, 2015",Washington Wizards,Charlotte Hornets,110,107,CHO,,,Team Totals,290,36,104,.346,8,25,.320,27,35,.771,10,51,61,25,11,11,13,17,107,,,Team Totals,290,.448,.385,.240,.337,15.4,75.0,45.9,69.4,9.2,12.5,9.8,100.0,89.1,91.6,
https://www.basketball-reference.com/boxscores/201503270WAS.html,"7:00 PM, March 27, 2015",Washington Wizards,Charlotte Hornets,110,107,WAS,,,Team Totals,290,44,113,.389,9,25,.360,13,22,.591,17,55,72,25,9,9,17,26,110,,,Team Totals,290,.448,.429,.221,.195,25.0,84.6,54.1,56.8,7.5,11.4,12.2,100.0,91.6,89.1,
https://www.basketball-reference.com/boxscores/201503280CHI.html,"8:00 PM, March 28, 2015",Chicago Bulls,New York Knicks,111,80,NYK,,,Team Totals,240,30,79,.380,4,17,.235,16,19,.842,9,26,35,22,7,7,14,18,80,,,Team Totals,240,.458,.405,.215,.241,18.8,68.4,40.7,73.3,7.6,10.4,13.8,100.0,87.1,120.8,
https://www.basketball-reference.com/boxscores/201503280CHI.html,"8:00 PM, March 28, 2015",Chicago Bulls,New York Knicks,111,80,CHI,,,Team Totals,240,43,84,.512,6,17,.353,19,22,.864,12,39,51,28,8,5,14,16,111,,,Team Totals,240,.592,.548,.202,.262,31.6,81.3,59.3,65.1,8.7,8.1,13.0,100.0,120.8,87.1,
https://www.basketball-reference.com/boxscores/201503280CHO.html,"7:00 PM, March 28, 2015",Charlotte Hornets,Atlanta Hawks,115,100,ATL,,,Team Totals,240,37,86,.430,15,30,.500,11,14,.786,7,29,36,32,6,4,11,17,100,,,Team Totals,240,.543,.517,.349,.163,16.7,80.6,46.2,86.5,6.5,7.4,10.7,100.0,108.8,125.2,
https://www.basketball-reference.com/boxscores/201503280CHO.html,"7:00 PM, March 28, 2015",Charlotte Hornets,Atlanta Hawks,115,100,CHO,,,Team Totals,240,42,80,.525,12,26,.462,19,22,.864,7,35,42,28,4,6,9,16,115,,,Team Totals,240,.641,.600,.325,.275,19.4,83.3,53.8,66.7,4.4,10.7,9.1,100.0,125.2,108.8,
https://www.basketball-reference.com/boxscores/201503280MIL.html,"8:30 PM, March 28, 2015",Milwaukee Bucks,Golden State Warriors,95,108,GSW,,,Team Totals,240,42,82,.512,12,25,.480,12,14,.857,7,38,45,27,7,8,22,23,108,,,Team Totals,240,.613,.585,.305,.171,20.6,71.7,51.7,64.3,7.0,11.1,20.0,100.0,108.4,95.4,
https://www.basketball-reference.com/boxscores/201503280MIL.html,"8:30 PM, March 28, 2015",Milwaukee Bucks,Golden State Warriors,95,108,MIL,,,Team Totals,240,33,87,.379,2,15,.133,27,32,.844,15,27,42,24,14,5,15,20,95,,,Team Totals,240,.470,.391,.172,.368,28.3,79.4,48.3,72.7,14.1,8.8,12.9,100.0,95.4,108.4,
https://www.basketball-reference.com/boxscores/201503280POR.html,"10:00 PM, March 28, 2015",Portland Trail Blazers,Denver Nuggets,120,114,DEN,,,Team Totals,240,43,92,.467,9,24,.375,19,22,.864,11,28,39,24,12,1,11,20,114,,,Team Totals,240,.561,.516,.261,.239,22.9,77.8,46.4,55.8,12.0,1.5,9.8,100.0,114.5,120.5,
https://www.basketball-reference.com/boxscores/201503280POR.html,"10:00 PM, March 28, 2015",Portland Trail Blazers,Denver Nuggets,120,114,POR,,,Team Totals,240,48,85,.565,8,18,.444,16,18,.889,8,37,45,29,8,5,16,18,120,,,Team Totals,240,.646,.612,.212,.212,22.2,77.1,53.6,60.4,8.0,7.4,14.7,100.0,120.5,114.5,
https://www.basketball-reference.com/boxscores/201503280UTA.html,"9:00 PM, March 28, 2015",Utah Jazz,Oklahoma City Thunder,94,89,OKC,,,Team Totals,240,31,73,.425,6,16,.375,21,32,.656,10,38,48,14,5,4,23,29,89,,,Team Totals,240,.511,.466,.219,.438,27.8,70.4,53.3,45.2,5.3,7.3,20.9,100.0,93.8,99.0,
https://www.basketball-reference.com/boxscores/201503280UTA.html,"9:00 PM, March 28, 2015",Utah Jazz,Oklahoma City Thunder,94,89,UTA,,,Team Totals,240,32,84,.381,6,29,.207,24,35,.686,16,26,42,12,14,8,12,29,94,,,Team Totals,240,.473,.417,.345,.417,29.6,72.2,46.7,37.5,14.7,14.0,10.8,100.0,99.0,93.8,
https://www.basketball-reference.com/boxscores/201503290BOS.html,"6:00 PM, March 29, 2015",Boston Celtics,Los Angeles Clippers,106,119,LAC,,,Team Totals,240,41,84,.488,13,32,.406,24,40,.600,13,40,53,28,5,5,12,21,119,,,Team Totals,240,.586,.565,.381,.476,29.5,81.6,57.0,68.3,5.0,8.1,10.6,100.0,119.0,106.0,
https://www.basketball-reference.com/boxscores/201503290BOS.html,"6:00 PM, March 29, 2015",Boston Celtics,Los Angeles Clippers,106,119,BOS,,,Team Totals,240,39,93,.419,8,31,.258,20,23,.870,9,31,40,29,8,1,10,32,106,,,Team Totals,240,.514,.462,.333,.247,18.4,70.5,43.0,74.4,8.0,1.9,8.8,100.0,106.0,119.0,
https://www.basketball-reference.com/boxscores/201503290BRK.html,"3:30 PM, March 29, 2015",Brooklyn Nets,Los Angeles Lakers,107,99,LAL,,,Team Totals,240,42,91,.462,6,18,.333,9,11,.818,9,34,43,25,7,4,11,14,99,,,Team Totals,240,.516,.495,.198,.121,19.6,85.0,50.0,59.5,7.3,6.8,10.3,100.0,103.0,111.3,
https://www.basketball-reference.com/boxscores/201503290BRK.html,"3:30 PM, March 29, 2015",Brooklyn Nets,Los Angeles Lakers,107,99,BRK,,,Team Totals,240,42,87,.483,8,28,.286,15,21,.714,6,37,43,29,11,6,8,9,107,,,Team Totals,240,.556,.529,.322,.241,15.0,80.4,50.0,69.0,11.4,8.2,7.7,100.0,111.3,103.0,
https://www.basketball-reference.com/boxscores/201503290CLE.html,"4:30 PM, March 29, 2015",Cleveland Cavaliers,Philadelphia 76ers,87,86,PHI,,,Team Totals,240,34,84,.405,10,30,.333,8,15,.533,11,34,45,18,11,0,13,21,86,,,Team Totals,240,.475,.464,.357,.179,23.9,65.4,45.9,52.9,12.2,0.0,12.5,100.0,95.5,96.6,
https://www.basketball-reference.com/boxscores/201503290CLE.html,"4:30 PM, March 29, 2015",Cleveland Cavaliers,Philadelphia 76ers,87,86,CLE,,,Team Totals,240,33,85,.388,9,23,.391,12,18,.667,18,35,53,17,7,2,17,12,87,,,Team Totals,240,.468,.441,.271,.212,34.6,76.1,54.1,51.5,7.8,3.7,15.5,100.0,96.6,95.5,
https://www.basketball-reference.com/boxscores/201503290IND.html,"7:00 PM, March 29, 2015",Indiana Pacers,Dallas Mavericks,104,99,DAL,,,Team Totals,240,40,90,.444,6,15,.400,13,19,.684,9,32,41,20,5,3,12,25,99,,,Team Totals,240,.503,.478,.167,.211,18.8,88.9,48.8,50.0,5.1,5.1,10.9,100.0,100.8,105.9,
https://www.basketball-reference.com/boxscores/201503290IND.html,"7:00 PM, March 29, 2015",Indiana Pacers,Dallas Mavericks,104,99,IND,,,Team Totals,240,38,76,.500,10,17,.588,18,26,.692,4,39,43,23,6,6,15,25,104,,,Team Totals,240,.595,.566,.224,.342,11.1,81.3,51.2,60.5,6.1,8.0,14.6,100.0,105.9,100.8,
https://www.basketball-reference.com/boxscores/201503290MIA.html,"6:00 PM, March 29, 2015",Miami Heat,Detroit Pistons,109,102,DET,,,Team Totals,240,40,83,.482,8,25,.320,14,22,.636,13,24,37,24,5,5,11,20,102,,,Team Totals,240,.550,.530,.301,.265,28.9,63.2,44.6,60.0,5.6,7.8,10.6,100.0,115.2,123.1,
https://www.basketball-reference.com/boxscores/201503290MIA.html,"6:00 PM, March 29, 2015",Miami Heat,Detroit Pistons,109,102,MIA,,,Team Totals,240,39,82,.476,7,18,.389,24,29,.828,14,32,46,20,4,1,11,16,109,,,Team Totals,240,.575,.518,.220,.354,36.8,71.1,55.4,51.3,4.5,1.7,10.4,100.0,123.1,115.2,
https://www.basketball-reference.com/boxscores/201503290NOP.html,"4:00 PM, March 29, 2015",New Orleans Pelicans,Minnesota Timberwolves,110,88,MIN,,,Team Totals,240,32,75,.427,2,12,.167,22,24,.917,12,27,39,17,5,4,21,17,88,,,Team Totals,240,.514,.440,.160,.320,30.0,79.4,52.7,53.1,5.5,6.5,19.7,100.0,96.0,120.0,
https://www.basketball-reference.com/boxscores/201503290NOP.html,"4:00 PM, March 29, 2015",New Orleans Pelicans,Minnesota Timberwolves,110,88,NOP,,,Team Totals,240,43,75,.573,6,13,.462,18,24,.750,7,28,35,29,12,9,14,21,110,,,Team Totals,240,.643,.613,.173,.320,20.6,70.0,47.3,67.4,13.1,14.3,14.1,100.0,120.0,96.0,
https://www.basketball-reference.com/boxscores/201503290PHO.html,"9:00 PM, March 29, 2015",Phoenix Suns,Oklahoma City Thunder,97,109,OKC,,,Team Totals,240,40,86,.465,10,26,.385,19,26,.731,11,37,48,16,9,4,16,20,109,,,Team Totals,240,.559,.523,.302,.302,25.6,82.2,54.5,40.0,9.0,6.7,14.1,100.0,108.5,96.6,
https://www.basketball-reference.com/boxscores/201503290PHO.html,"9:00 PM, March 29, 2015",Phoenix Suns,Oklahoma City Thunder,97,109,PHO,,,Team Totals,240,37,82,.451,5,22,.227,18,24,.750,8,32,40,23,9,4,18,20,97,,,Team Totals,240,.524,.482,.268,.293,17.8,74.4,45.5,62.2,9.0,6.7,16.3,100.0,96.6,108.5,
https://www.basketball-reference.com/boxscores/201503290SAS.html,"7:00 PM, March 29, 2015",San Antonio Spurs,Memphis Grizzlies,103,89,MEM,,,Team Totals,240,36,82,.439,6,14,.429,11,12,.917,3,31,34,22,5,1,10,17,89,,,Team Totals,240,.510,.476,.171,.146,7.3,75.6,41.5,61.1,5.5,1.5,10.3,100.0,97.4,112.8,
https://www.basketball-reference.com/boxscores/201503290SAS.html,"7:00 PM, March 29, 2015",San Antonio Spurs,Memphis Grizzlies,103,89,SAS,,,Team Totals,240,42,83,.506,4,17,.235,15,18,.833,10,38,48,25,9,6,10,15,103,,,Team Totals,240,.566,.530,.205,.217,24.4,92.7,58.5,59.5,9.9,8.8,9.9,100.0,112.8,97.4,
https://www.basketball-reference.com/boxscores/201503290WAS.html,"12:30 PM, March 29, 2015",Washington Wizards,Houston Rockets,91,99,HOU,,,Team Totals,240,34,80,.425,9,29,.310,22,33,.667,16,37,53,18,12,6,20,25,99,,,Team Totals,240,.524,.481,.363,.413,33.3,77.1,55.2,52.9,12.5,10.0,17.5,100.0,103.0,94.6,
https://www.basketball-reference.com/boxscores/201503290WAS.html,"12:30 PM, March 29, 2015",Washington Wizards,Houston Rockets,91,99,WAS,,,Team Totals,240,29,75,.387,4,15,.267,29,37,.784,11,32,43,17,14,5,17,22,91,,,Team Totals,240,.498,.413,.200,.493,22.9,66.7,44.8,58.6,14.6,9.8,15.7,100.0,94.6,103.0,
https://www.basketball-reference.com/boxscores/201503300ATL.html,"7:30 PM, March 30, 2015",Atlanta Hawks,Milwaukee Bucks,101,88,MIL,,,Team Totals,240,34,75,.453,4,17,.235,16,23,.696,13,26,39,26,4,2,15,22,88,,,Team Totals,240,.517,.480,.227,.307,30.2,68.4,48.1,76.5,4.7,4.0,15.0,100.0,102.9,118.1,
https://www.basketball-reference.com/boxscores/201503300ATL.html,"7:30 PM, March 30, 2015",Atlanta Hawks,Milwaukee Bucks,101,88,ATL,,,Team Totals,240,36,79,.456,9,29,.310,20,24,.833,12,30,42,29,5,4,11,20,101,,,Team Totals,240,.564,.513,.367,.304,31.6,69.8,51.9,80.6,5.8,6.9,10.9,100.0,118.1,102.9,
https://www.basketball-reference.com/boxscores/201503300CHO.html,"7:00 PM, March 30, 2015",Charlotte Hornets,Boston Celtics,104,116,BOS,,,Team Totals,240,45,89,.506,9,26,.346,17,23,.739,13,29,42,28,7,1,7,21,116,,,Team Totals,240,.585,.556,.292,.258,30.2,74.4,51.2,62.2,7.7,1.7,6.6,100.0,127.3,114.1,
https://www.basketball-reference.com/boxscores/201503300CHO.html,"7:00 PM, March 30, 2015",Charlotte Hornets,Boston Celtics,104,116,CHO,,,Team Totals,240,40,85,.471,7,26,.269,17,19,.895,10,30,40,20,3,6,11,17,104,,,Team Totals,240,.557,.512,.306,.224,25.6,69.8,48.8,50.0,3.3,9.5,10.5,100.0,114.1,127.3,
https://www.basketball-reference.com/boxscores/201503300MEM.html,"8:00 PM, March 30, 2015",Memphis Grizzlies,Sacramento Kings,97,83,SAC,,,Team Totals,240,33,81,.407,5,16,.313,12,20,.600,12,29,41,16,4,3,15,19,83,,,Team Totals,240,.462,.438,.198,.247,27.9,67.4,47.7,48.5,4.5,5.0,14.3,100.0,93.4,109.1,
https://www.basketball-reference.com/boxscores/201503300MEM.html,"8:00 PM, March 30, 2015",Memphis Grizzlies,Sacramento Kings,97,83,MEM,,,Team Totals,240,38,83,.458,8,23,.348,13,17,.765,14,31,45,23,7,11,14,21,97,,,Team Totals,240,.536,.506,.277,.205,32.6,72.1,52.3,60.5,7.9,16.9,13.4,100.0,109.1,93.4,
https://www.basketball-reference.com/boxscores/201503300MIN.html,"8:00 PM, March 30, 2015",Minnesota Timberwolves,Utah Jazz,84,104,UTA,,,Team Totals,240,39,82,.476,10,33,.303,16,18,.889,14,33,47,18,8,6,14,22,104,,,Team Totals,240,.578,.537,.402,.220,36.8,76.7,58.0,46.2,9.2,10.0,13.5,100.0,119.5,96.5,
https://www.basketball-reference.com/boxscores/201503300MIN.html,"8:00 PM, March 30, 2015",Minnesota Timberwolves,Utah Jazz,84,104,MIN,,,Team Totals,240,28,76,.368,6,16,.375,22,27,.815,10,24,34,21,5,4,13,17,84,,,Team Totals,240,.478,.408,.211,.355,23.3,63.2,42.0,75.0,5.7,8.2,12.9,100.0,96.5,119.5,
https://www.basketball-reference.com/boxscores/201503300PHI.html,"7:00 PM, March 30, 2015",Philadelphia 76ers,Los Angeles Lakers,111,113,LAL,,,Team Totals,265,40,82,.488,10,21,.476,23,30,.767,12,33,45,27,7,10,17,26,113,,,Team Totals,265,.593,.549,.256,.366,27.9,62.3,46.9,67.5,6.9,15.2,15.2,100.0,111.0,109.0,
https://www.basketball-reference.com/boxscores/201503300PHI.html,"7:00 PM, March 30, 2015",Philadelphia 76ers,Los Angeles Lakers,111,113,PHI,,,Team Totals,265,39,96,.406,10,30,.333,23,38,.605,20,31,51,27,11,1,17,24,111,,,Team Totals,265,.492,.458,.313,.396,37.7,72.1,53.1,69.2,10.8,1.6,13.1,100.0,109.0,111.0,
https://www.basketball-reference.com/boxscores/201503300POR.html,"10:00 PM, March 30, 2015",Portland Trail Blazers,Phoenix Suns,109,86,PHO,,,Team Totals,240,38,87,.437,3,16,.188,7,10,.700,8,30,38,18,6,2,12,11,86,,,Team Totals,240,.470,.454,.184,.115,17.4,76.9,44.7,47.4,6.4,3.4,11.6,100.0,91.7,116.3,
https://www.basketball-reference.com/boxscores/201503300POR.html,"10:00 PM, March 30, 2015",Portland Trail Blazers,Phoenix Suns,109,86,POR,,,Team Totals,240,44,86,.512,12,27,.444,9,10,.900,9,38,47,26,6,5,14,10,109,,,Team Totals,240,.603,.581,.314,.116,23.1,82.6,55.3,59.1,6.4,7.0,13.4,100.0,116.3,91.7,
https://www.basketball-reference.com/boxscores/201503300TOR.html,"7:30 PM, March 30, 2015",Toronto Raptors,Houston Rockets,99,96,HOU,,,Team Totals,240,35,84,.417,8,27,.296,18,31,.581,12,29,41,21,7,3,14,22,96,,,Team Totals,240,.492,.464,.321,.369,25.0,70.7,46.1,60.0,7.4,5.4,12.5,100.0,101.8,105.0,
https://www.basketball-reference.com/boxscores/201503300TOR.html,"7:30 PM, March 30, 2015",Toronto Raptors,Houston Rockets,99,96,TOR,,,Team Totals,240,35,78,.449,8,22,.364,21,27,.778,12,36,48,20,9,7,16,26,99,,,Team Totals,240,.551,.500,.282,.346,29.3,75.0,53.9,57.1,9.5,12.3,15.1,100.0,105.0,101.8,
https://www.basketball-reference.com/boxscores/201503310BRK.html,"7:30 PM, March 31, 2015",Brooklyn Nets,Indiana Pacers,111,106,IND,,,Team Totals,240,37,82,.451,12,23,.522,20,24,.833,6,31,37,23,3,6,10,22,106,,,Team Totals,240,.573,.524,.280,.293,14.6,83.8,47.4,62.2,3.2,9.7,9.8,100.0,113.5,118.8,
https://www.basketball-reference.com/boxscores/201503310BRK.html,"7:30 PM, March 31, 2015",Brooklyn Nets,Indiana Pacers,111,106,BRK,,,Team Totals,240,40,80,.500,9,18,.500,22,28,.786,6,35,41,25,5,3,8,23,111,,,Team Totals,240,.601,.556,.225,.350,16.2,85.4,52.6,62.5,5.4,5.1,8.0,100.0,118.8,113.5,
https://www.basketball-reference.com/boxscores/201503310DET.html,"7:30 PM, March 31, 2015",Detroit Pistons,Atlanta Hawks,105,95,ATL,,,Team Totals,240,40,84,.476,8,25,.320,7,10,.700,12,31,43,25,8,0,18,14,95,,,Team Totals,240,.537,.524,.298,.119,29.3,77.5,53.1,62.5,8.7,0.0,16.9,100.0,103.9,114.8,
https://www.basketball-reference.com/boxscores/201503310DET.html,"7:30 PM, March 31, 2015",Detroit Pistons,Atlanta Hawks,105,95,DET,,,Team Totals,240,41,83,.494,11,29,.379,12,17,.706,9,29,38,26,11,6,11,14,105,,,Team Totals,240,.580,.560,.349,.205,22.5,70.7,46.9,63.4,12.0,10.2,10.8,100.0,114.8,103.9,
https://www.basketball-reference.com/boxscores/201503310LAC.html,"10:30 PM, March 31, 2015",Los Angeles Clippers,Golden State Warriors,106,110,GSW,,,Team Totals,240,38,85,.447,8,21,.381,26,34,.765,10,33,43,28,6,1,9,20,110,,,Team Totals,240,.550,.494,.247,.400,24.4,76.7,51.2,73.7,6.2,1.7,8.3,100.0,114.5,110.4,
https://www.basketball-reference.com/boxscores/201503310LAC.html,"10:30 PM, March 31, 2015",Los Angeles Clippers,Golden State Warriors,106,110,LAC,,,Team Totals,240,36,82,.439,6,22,.273,28,33,.848,10,31,41,19,4,8,13,24,106,,,Team Totals,240,.549,.476,.268,.402,23.3,75.6,48.8,52.8,4.2,12.5,11.9,100.0,110.4,114.5,
https://www.basketball-reference.com/boxscores/201503310MIA.html,"8:00 PM, March 31, 2015",Miami Heat,San Antonio Spurs,81,95,SAS,,,Team Totals,240,37,74,.500,8,18,.444,13,17,.765,8,30,38,21,11,6,19,19,95,,,Team Totals,240,.583,.554,.243,.230,25.8,75.0,53.5,56.8,12.3,9.4,18.9,100.0,106.3,90.6,
https://www.basketball-reference.com/boxscores/201503310MIA.html,"8:00 PM, March 31, 2015",Miami Heat,San Antonio Spurs,81,95,MIA,,,Team Totals,240,32,79,.405,5,15,.333,12,12,1.000,10,23,33,11,9,4,18,21,81,,,Team Totals,240,.481,.437,.190,.152,25.0,74.2,46.5,34.4,10.1,7.1,17.6,100.0,90.6,106.3,
https://www.basketball-reference.com/boxscores/201504010BOS.html,"7:30 PM, April 1, 2015",Boston Celtics,Indiana Pacers,100,87,IND,,,Team Totals,240,34,81,.420,6,15,.400,13,23,.565,8,31,39,17,5,3,12,20,87,,,Team Totals,240,.477,.457,.185,.284,17.0,81.6,45.9,50.0,5.3,5.1,11.6,100.0,92.8,106.6,
https://www.basketball-reference.com/boxscores/201504010BOS.html,"7:30 PM, April 1, 2015",Boston Celtics,Indiana Pacers,100,87,BOS,,,Team Totals,240,39,86,.453,6,27,.222,16,18,.889,7,39,46,29,9,2,10,23,100,,,Team Totals,240,.532,.488,.314,.209,18.4,83.0,54.1,74.4,9.6,3.0,9.6,100.0,106.6,92.8,
https://www.basketball-reference.com/boxscores/201504010CHO.html,"7:00 PM, April 1, 2015",Charlotte Hornets,Detroit Pistons,102,78,DET,,,Team Totals,240,31,88,.352,5,22,.227,11,18,.611,14,37,51,24,6,4,14,20,78,,,Team Totals,240,.407,.381,.250,.205,25.0,74.0,48.1,77.4,6.3,5.9,12.7,100.0,82.5,107.9,
https://www.basketball-reference.com/boxscores/201504010CHO.html,"7:00 PM, April 1, 2015",Charlotte Hornets,Detroit Pistons,102,78,CHO,,,Team Totals,240,38,90,.422,9,22,.409,17,24,.708,13,42,55,21,10,7,10,17,102,,,Team Totals,240,.507,.472,.244,.267,26.0,75.0,51.9,55.3,10.6,10.6,9.0,100.0,107.9,82.5,
https://www.basketball-reference.com/boxscores/201504010HOU.html,"8:00 PM, April 1, 2015",Houston Rockets,Sacramento Kings,115,111,SAC,,,Team Totals,240,48,96,.500,7,14,.500,8,16,.500,20,37,57,30,9,9,21,22,111,,,Team Totals,240,.539,.536,.146,.167,41.7,72.5,57.6,62.5,8.8,18.4,16.9,100.0,108.9,112.8,
https://www.basketball-reference.com/boxscores/201504010HOU.html,"8:00 PM, April 1, 2015",Houston Rockets,Sacramento Kings,115,111,HOU,,,Team Totals,240,41,89,.461,18,40,.450,15,25,.600,14,28,42,24,14,13,17,17,115,,,Team Totals,240,.575,.562,.449,.281,27.5,58.3,42.4,58.5,13.7,15.9,14.5,100.0,112.8,108.9,
https://www.basketball-reference.com/boxscores/201504010LAL.html,"10:30 PM, April 1, 2015",Los Angeles Lakers,New Orleans Pelicans,92,113,NOP,,,Team Totals,240,44,78,.564,9,16,.563,16,21,.762,9,31,40,31,3,7,7,18,113,,,Team Totals,240,.648,.622,.205,.269,28.1,72.1,53.3,70.5,3.6,10.4,7.4,100.0,134.7,109.6,
https://www.basketball-reference.com/boxscores/201504010LAL.html,"10:30 PM, April 1, 2015",Los Angeles Lakers,New Orleans Pelicans,92,113,LAL,,,Team Totals,240,37,83,.446,5,16,.313,13,21,.619,12,23,35,22,4,2,7,17,92,,,Team Totals,240,.499,.476,.193,.253,27.9,71.9,46.7,59.5,4.8,3.2,7.1,100.0,109.6,134.7,
https://www.basketball-reference.com/boxscores/201504010MIL.html,"8:00 PM, April 1, 2015",Milwaukee Bucks,Chicago Bulls,95,91,CHI,,,Team Totals,240,31,74,.419,5,26,.192,24,37,.649,12,28,40,18,11,3,22,21,91,,,Team Totals,240,.504,.453,.351,.500,30.0,58.3,45.5,58.1,11.7,4.4,19.6,100.0,96.8,101.1,
https://www.basketball-reference.com/boxscores/201504010MIL.html,"8:00 PM, April 1, 2015",Milwaukee Bucks,Chicago Bulls,95,91,MIL,,,Team Totals,240,37,89,.416,8,21,.381,13,18,.722,20,28,48,15,11,5,18,28,95,,,Team Totals,240,.490,.461,.236,.202,41.7,70.0,54.5,40.5,11.7,10.4,15.7,100.0,101.1,96.8,
https://www.basketball-reference.com/boxscores/201504010MIN.html,"8:00 PM, April 1, 2015",Minnesota Timberwolves,Toronto Raptors,99,113,TOR,,,Team Totals,240,42,76,.553,13,30,.433,16,23,.696,8,26,34,25,8,3,13,18,113,,,Team Totals,240,.656,.638,.395,.303,24.2,78.8,51.5,59.5,8.9,4.8,13.1,100.0,126.4,110.7,
https://www.basketball-reference.com/boxscores/201504010MIN.html,"8:00 PM, April 1, 2015",Minnesota Timberwolves,Toronto Raptors,99,113,MIN,,,Team Totals,240,41,77,.532,5,14,.357,12,19,.632,7,25,32,21,7,5,13,14,99,,,Team Totals,240,.580,.565,.182,.247,21.2,75.8,48.5,51.2,7.8,10.9,13.2,100.0,110.7,126.4,
https://www.basketball-reference.com/boxscores/201504010NYK.html,"7:30 PM, April 1, 2015",New York Knicks,Brooklyn Nets,98,100,BRK,,,Team Totals,240,41,81,.506,9,16,.563,9,12,.750,7,30,37,24,8,7,10,17,100,,,Team Totals,240,.580,.562,.198,.148,18.9,75.0,48.1,58.5,8.9,12.1,10.4,100.0,111.8,109.5,
https://www.basketball-reference.com/boxscores/201504010NYK.html,"7:30 PM, April 1, 2015",New York Knicks,Brooklyn Nets,98,100,NYK,,,Team Totals,240,37,81,.457,11,23,.478,13,15,.867,10,30,40,20,6,4,16,15,98,,,Team Totals,240,.559,.525,.284,.185,25.0,81.1,51.9,54.1,6.7,6.2,15.4,100.0,109.5,111.8,
https://www.basketball-reference.com/boxscores/201504010OKC.html,"8:00 PM, April 1, 2015",Oklahoma City Thunder,Dallas Mavericks,131,135,DAL,,,Team Totals,240,56,91,.615,4,15,.267,19,24,.792,4,30,34,35,8,1,6,23,135,,,Team Totals,240,.665,.637,.165,.264,11.4,66.7,42.5,62.5,7.9,1.6,5.6,100.0,133.4,129.4,
https://www.basketball-reference.com/boxscores/201504010OKC.html,"8:00 PM, April 1, 2015",Oklahoma City Thunder,Dallas Mavericks,131,135,OKC,,,Team Totals,240,45,93,.484,14,31,.452,27,33,.818,15,31,46,23,4,1,11,21,131,,,Team Totals,240,.609,.559,.333,.355,33.3,88.6,57.5,51.1,4.0,1.3,9.3,100.0,129.4,133.4,
https://www.basketball-reference.com/boxscores/201504010ORL.html,"7:00 PM, April 1, 2015",Orlando Magic,San Antonio Spurs,91,103,SAS,,,Team Totals,240,35,86,.407,13,29,.448,20,23,.870,11,38,49,20,8,3,11,9,103,,,Team Totals,240,.536,.483,.337,.267,23.4,73.1,49.5,57.1,8.6,3.9,10.3,100.0,110.5,97.6,
https://www.basketball-reference.com/boxscores/201504010ORL.html,"7:00 PM, April 1, 2015",Orlando Magic,San Antonio Spurs,91,103,ORL,,,Team Totals,240,39,93,.419,5,17,.294,8,9,.889,14,36,50,24,7,7,12,15,91,,,Team Totals,240,.469,.446,.183,.097,26.9,76.6,50.5,61.5,7.5,12.3,11.0,100.0,97.6,110.5,
https://www.basketball-reference.com/boxscores/201504010POR.html,"10:00 PM, April 1, 2015",Portland Trail Blazers,Los Angeles Clippers,122,126,LAC,,,Team Totals,240,46,86,.535,15,28,.536,19,24,.792,7,33,40,30,6,3,6,21,126,,,Team Totals,240,.652,.622,.326,.279,18.9,71.7,48.2,65.2,6.4,4.7,5.9,100.0,133.9,129.7,
https://www.basketball-reference.com/boxscores/201504010POR.html,"10:00 PM, April 1, 2015",Portland Trail Blazers,Los Angeles Clippers,122,126,POR,,,Team Totals,240,45,89,.506,13,25,.520,19,25,.760,13,30,43,25,4,3,9,19,122,,,Team Totals,240,.610,.579,.281,.281,28.3,81.1,51.8,55.6,4.3,5.2,8.3,100.0,129.7,133.9,
https://www.basketball-reference.com/boxscores/201504010UTA.html,"9:00 PM, April 1, 2015",Utah Jazz,Denver Nuggets,98,84,DEN,,,Team Totals,240,33,95,.347,7,33,.212,11,12,.917,11,28,39,13,7,5,6,22,84,,,Team Totals,240,.419,.384,.347,.126,22.9,70.0,44.3,39.4,7.8,9.3,5.6,100.0,93.7,109.3,
https://www.basketball-reference.com/boxscores/201504010UTA.html,"9:00 PM, April 1, 2015",Utah Jazz,Denver Nuggets,98,84,UTA,,,Team Totals,240,37,77,.481,9,23,.391,15,24,.625,12,37,49,24,5,8,15,16,98,,,Team Totals,240,.560,.539,.299,.312,30.0,77.1,55.7,64.9,5.6,12.9,14.6,100.0,109.3,93.7,
https://www.basketball-reference.com/boxscores/201504010WAS.html,"7:00 PM, April 1, 2015",Washington Wizards,Philadelphia 76ers,106,93,PHI,,,Team Totals,240,36,91,.396,10,34,.294,11,17,.647,11,23,34,18,10,3,11,20,93,,,Team Totals,240,.472,.451,.374,.187,22.4,71.9,42.0,50.0,10.6,4.7,10.0,100.0,98.5,112.3,
https://www.basketball-reference.com/boxscores/201504010WAS.html,"7:00 PM, April 1, 2015",Washington Wizards,Philadelphia 76ers,106,93,WAS,,,Team Totals,240,44,76,.579,4,12,.333,14,22,.636,9,38,47,33,7,4,18,20,106,,,Team Totals,240,.619,.605,.158,.289,28.1,77.6,58.0,75.0,7.4,7.0,17.4,100.0,112.3,98.5,
https://www.basketball-reference.com/boxscores/201504020CLE.html,"8:00 PM, April 2, 2015",Cleveland Cavaliers,Miami Heat,114,88,MIA,,,Team Totals,240,32,75,.427,7,21,.333,17,21,.810,8,28,36,25,8,2,16,23,88,,,Team Totals,240,.522,.473,.280,.280,19.5,73.7,45.6,78.1,8.7,4.4,16.0,100.0,95.6,123.8,
https://www.basketball-reference.com/boxscores/201504020CLE.html,"8:00 PM, April 2, 2015",Cleveland Cavaliers,Miami Heat,114,88,CLE,,,Team Totals,240,40,80,.500,15,35,.429,19,25,.760,10,33,43,23,12,7,15,21,114,,,Team Totals,240,.626,.594,.438,.313,26.3,80.5,54.4,57.5,13.0,13.0,14.2,100.0,123.8,95.6,
https://www.basketball-reference.com/boxscores/201504020DAL.html,"8:30 PM, April 2, 2015",Dallas Mavericks,Houston Rockets,101,108,HOU,,,Team Totals,240,34,77,.442,11,31,.355,29,40,.725,17,38,55,24,9,2,20,24,108,,,Team Totals,240,.571,.513,.403,.519,34.7,80.9,57.3,70.6,9.2,3.4,17.5,100.0,110.7,103.5,
https://www.basketball-reference.com/boxscores/201504020DAL.html,"8:30 PM, April 2, 2015",Dallas Mavericks,Houston Rockets,101,108,DAL,,,Team Totals,240,37,84,.440,8,26,.308,19,27,.704,9,32,41,23,6,5,13,29,101,,,Team Totals,240,.527,.488,.310,.321,19.1,65.3,42.7,62.2,6.1,10.9,11.9,100.0,103.5,110.7,
https://www.basketball-reference.com/boxscores/201504020GSW.html,"10:30 PM, April 2, 2015",Golden State Warriors,Phoenix Suns,107,106,PHO,,,Team Totals,240,42,90,.467,5,19,.263,17,26,.654,9,38,47,25,6,3,11,16,106,,,Team Totals,240,.522,.494,.211,.289,20.5,71.7,48.5,59.5,6.0,4.5,9.8,100.0,106.8,107.8,
https://www.basketball-reference.com/boxscores/201504020GSW.html,"10:30 PM, April 2, 2015",Golden State Warriors,Phoenix Suns,107,106,GSW,,,Team Totals,240,43,93,.462,10,26,.385,11,17,.647,15,35,50,29,6,5,13,20,107,,,Team Totals,240,.532,.516,.280,.183,28.3,79.5,51.5,67.4,6.0,7.0,11.5,100.0,107.8,106.8,
https://www.basketball-reference.com/boxscores/201504030BOS.html,"7:30 PM, April 3, 2015",Boston Celtics,Milwaukee Bucks,101,110,MIL,,,Team Totals,240,45,85,.529,9,24,.375,11,18,.611,9,36,45,31,10,6,18,20,110,,,Team Totals,240,.592,.582,.282,.212,22.0,80.0,52.3,68.9,9.9,9.4,16.2,100.0,109.1,100.1,
https://www.basketball-reference.com/boxscores/201504030BOS.html,"7:30 PM, April 3, 2015",Boston Celtics,Milwaukee Bucks,101,110,BOS,,,Team Totals,240,39,88,.443,8,24,.333,15,16,.938,9,32,41,19,7,2,17,20,101,,,Team Totals,240,.531,.489,.273,.182,20.0,78.0,47.7,48.7,6.9,3.3,15.2,100.0,100.1,109.1,
https://www.basketball-reference.com/boxscores/201504030BRK.html,"7:30 PM, April 3, 2015",Brooklyn Nets,Toronto Raptors,114,109,TOR,,,Team Totals,240,42,82,.512,8,26,.308,17,23,.739,13,27,40,24,5,1,16,21,109,,,Team Totals,240,.592,.561,.317,.280,35.1,61.4,49.4,57.1,5.5,1.4,14.8,100.0,120.4,126.0,
https://www.basketball-reference.com/boxscores/201504030BRK.html,"7:30 PM, April 3, 2015",Brooklyn Nets,Toronto Raptors,114,109,BRK,,,Team Totals,240,46,88,.523,5,16,.313,17,23,.739,17,24,41,21,10,1,9,18,114,,,Team Totals,240,.581,.551,.182,.261,38.6,64.9,50.6,45.7,11.0,1.8,8.4,100.0,126.0,120.4,
https://www.basketball-reference.com/boxscores/201504030CHI.html,"8:00 PM, April 3, 2015",Chicago Bulls,Detroit Pistons,88,82,DET,,,Team Totals,240,32,74,.432,6,19,.316,12,15,.800,11,31,42,14,9,12,18,20,82,,,Team Totals,240,.509,.473,.257,.203,30.6,62.0,48.8,43.8,10.7,17.6,18.3,100.0,97.3,104.4,
https://www.basketball-reference.com/boxscores/201504030CHI.html,"8:00 PM, April 3, 2015",Chicago Bulls,Detroit Pistons,88,82,CHI,,,Team Totals,240,33,85,.388,4,17,.235,18,21,.857,19,25,44,18,9,5,12,15,88,,,Team Totals,240,.467,.412,.200,.247,38.0,69.4,51.2,54.5,10.7,9.1,11.3,100.0,104.4,97.3,
https://www.basketball-reference.com/boxscores/201504030IND.html,"7:00 PM, April 3, 2015",Indiana Pacers,Charlotte Hornets,93,74,CHO,,,Team Totals,240,28,80,.350,4,18,.222,14,20,.700,10,32,42,15,10,5,18,13,74,,,Team Totals,240,.417,.375,.225,.250,20.0,68.1,43.3,53.6,10.6,7.5,16.9,100.0,78.3,98.4,
https://www.basketball-reference.com/boxscores/201504030IND.html,"7:00 PM, April 3, 2015",Indiana Pacers,Charlotte Hornets,93,74,IND,,,Team Totals,240,36,83,.434,8,16,.500,13,18,.722,15,40,55,20,13,4,20,20,93,,,Team Totals,240,.511,.482,.193,.217,31.9,80.0,56.7,55.6,13.8,6.5,18.0,100.0,98.4,78.3,
https://www.basketball-reference.com/boxscores/201504030LAL.html,"10:30 PM, April 3, 2015",Los Angeles Lakers,Portland Trail Blazers,77,107,POR,,,Team Totals,240,43,88,.489,10,26,.385,11,11,1.000,6,47,53,21,7,6,8,14,107,,,Team Totals,240,.576,.545,.295,.125,14.0,88.7,55.2,48.8,7.4,8.8,7.9,100.0,113.0,81.4,
https://www.basketball-reference.com/boxscores/201504030LAL.html,"10:30 PM, April 3, 2015",Los Angeles Lakers,Portland Trail Blazers,77,107,LAL,,,Team Totals,240,31,82,.378,5,14,.357,10,17,.588,6,37,43,13,4,6,13,10,77,,,Team Totals,240,.430,.409,.171,.207,11.3,86.0,44.8,41.9,4.2,9.7,12.7,100.0,81.4,113.0,
https://www.basketball-reference.com/boxscores/201504030MEM.html,"8:00 PM, April 3, 2015",Memphis Grizzlies,Oklahoma City Thunder,100,92,OKC,,,Team Totals,240,36,88,.409,4,17,.235,16,26,.615,11,36,47,18,7,3,12,23,92,,,Team Totals,240,.463,.432,.193,.295,22.9,81.8,51.1,50.0,7.2,5.1,10.8,100.0,95.0,103.3,
https://www.basketball-reference.com/boxscores/201504030MEM.html,"8:00 PM, April 3, 2015",Memphis Grizzlies,Oklahoma City Thunder,100,92,MEM,,,Team Totals,240,38,80,.475,4,21,.190,20,28,.714,8,37,45,16,7,7,13,22,100,,,Team Totals,240,.542,.500,.263,.350,18.2,77.1,48.9,42.1,7.2,9.9,12.3,100.0,103.3,95.0,
https://www.basketball-reference.com/boxscores/201504030MIN.html,"8:00 PM, April 3, 2015",Minnesota Timberwolves,Orlando Magic,84,97,ORL,,,Team Totals,240,40,92,.435,6,21,.286,11,17,.647,20,33,53,23,12,1,19,24,97,,,Team Totals,240,.488,.467,.228,.185,42.6,91.7,63.9,57.5,12.8,1.9,16.0,100.0,103.3,89.5,
https://www.basketball-reference.com/boxscores/201504030MIN.html,"8:00 PM, April 3, 2015",Minnesota Timberwolves,Orlando Magic,84,97,MIN,,,Team Totals,240,29,64,.453,1,11,.091,25,32,.781,3,27,30,15,8,6,20,17,84,,,Team Totals,240,.538,.461,.172,.500,8.3,57.4,36.1,51.7,8.5,8.5,20.4,100.0,89.5,103.3,
https://www.basketball-reference.com/boxscores/201504030SAC.html,"10:00 PM, April 3, 2015",Sacramento Kings,New Orleans Pelicans,95,101,NOP,,,Team Totals,240,34,87,.391,14,29,.483,19,28,.679,16,34,50,20,4,5,12,20,101,,,Team Totals,240,.508,.471,.333,.322,33.3,85.0,56.8,58.8,4.4,8.2,10.8,100.0,110.6,104.0,
https://www.basketball-reference.com/boxscores/201504030SAC.html,"10:00 PM, April 3, 2015",Sacramento Kings,New Orleans Pelicans,95,101,SAC,,,Team Totals,240,37,78,.474,6,17,.353,15,25,.600,6,32,38,21,4,6,10,26,95,,,Team Totals,240,.534,.513,.218,.321,15.0,66.7,43.2,56.8,4.4,10.3,10.1,100.0,104.0,110.6,
https://www.basketball-reference.com/boxscores/201504030SAS.html,"8:30 PM, April 3, 2015",San Antonio Spurs,Denver Nuggets,123,93,DEN,,,Team Totals,240,40,87,.460,6,17,.353,7,11,.636,11,23,34,17,8,3,18,18,93,,,Team Totals,240,.506,.494,.195,.126,26.2,62.2,43.0,42.5,8.4,5.9,16.4,100.0,97.6,129.0,
https://www.basketball-reference.com/boxscores/201504030SAS.html,"8:30 PM, April 3, 2015",San Antonio Spurs,Denver Nuggets,123,93,SAS,,,Team Totals,240,47,85,.553,14,34,.412,15,17,.882,14,31,45,33,11,8,18,15,123,,,Team Totals,240,.665,.635,.400,.200,37.8,73.8,57.0,70.2,11.5,11.4,16.3,100.0,129.0,97.6,
https://www.basketball-reference.com/boxscores/201504030WAS.html,"7:00 PM, April 3, 2015",Washington Wizards,New York Knicks,101,87,NYK,,,Team Totals,240,31,84,.369,7,21,.333,18,20,.900,9,33,42,17,6,5,11,15,87,,,Team Totals,240,.469,.411,.250,.238,20.0,73.3,46.7,54.8,6.4,6.5,10.6,100.0,93.5,108.5,
https://www.basketball-reference.com/boxscores/201504030WAS.html,"7:00 PM, April 3, 2015",Washington Wizards,New York Knicks,101,87,WAS,,,Team Totals,240,43,93,.462,7,16,.438,8,12,.667,12,36,48,32,8,8,11,17,101,,,Team Totals,240,.514,.500,.172,.129,26.7,80.0,53.3,74.4,8.6,12.7,10.1,100.0,108.5,93.5,
https://www.basketball-reference.com/boxscores/201504040ATL.html,"7:30 PM, April 4, 2015",Atlanta Hawks,Brooklyn Nets,131,99,BRK,,,Team Totals,240,39,80,.488,10,23,.435,11,17,.647,12,27,39,22,7,2,21,15,99,,,Team Totals,240,.566,.550,.288,.213,30.8,79.4,53.4,56.4,7.4,4.1,19.4,100.0,104.4,138.2,
https://www.basketball-reference.com/boxscores/201504040ATL.html,"7:30 PM, April 4, 2015",Atlanta Hawks,Brooklyn Nets,131,99,ATL,,,Team Totals,240,49,82,.598,17,33,.515,16,19,.842,7,27,34,40,15,4,13,16,131,,,Team Totals,240,.725,.701,.402,.232,20.6,69.2,46.6,81.6,15.8,7.0,12.6,100.0,138.2,104.4,
https://www.basketball-reference.com/boxscores/201504040CHO.html,"7:00 PM, April 4, 2015",Charlotte Hornets,Philadelphia 76ers,92,91,PHI,,,Team Totals,240,28,76,.368,11,26,.423,24,33,.727,11,29,40,13,4,14,15,24,91,,,Team Totals,240,.503,.441,.342,.434,26.2,69.0,47.6,46.4,4.4,19.2,14.2,100.0,100.5,101.6,
https://www.basketball-reference.com/boxscores/201504040CHO.html,"7:00 PM, April 4, 2015",Charlotte Hornets,Philadelphia 76ers,92,91,CHO,,,Team Totals,240,35,86,.407,1,13,.077,21,23,.913,13,31,44,13,5,5,12,20,92,,,Team Totals,240,.479,.413,.151,.267,31.0,73.8,52.4,37.1,5.5,10.0,11.1,100.0,101.6,100.5,
https://www.basketball-reference.com/boxscores/201504040DAL.html,"8:30 PM, April 4, 2015",Dallas Mavericks,Golden State Warriors,110,123,GSW,,,Team Totals,240,43,95,.453,14,36,.389,23,32,.719,17,38,55,28,12,4,14,37,123,,,Team Totals,240,.564,.526,.379,.337,33.3,79.2,55.6,65.1,11.4,6.3,11.4,100.0,116.8,104.5,
https://www.basketball-reference.com/boxscores/201504040DAL.html,"8:30 PM, April 4, 2015",Dallas Mavericks,Golden State Warriors,110,123,DAL,,,Team Totals,240,34,80,.425,3,16,.188,39,54,.722,10,34,44,14,6,2,16,23,110,,,Team Totals,240,.530,.444,.200,.675,20.8,66.7,44.4,41.2,5.7,3.4,13.4,100.0,104.5,116.8,
https://www.basketball-reference.com/boxscores/201504040DEN.html,"9:00 PM, April 4, 2015",Denver Nuggets,Los Angeles Clippers,92,107,LAC,,,Team Totals,240,34,79,.430,13,34,.382,26,42,.619,13,34,47,24,9,7,15,27,107,,,Team Totals,240,.549,.513,.430,.532,31.0,69.4,51.6,70.6,9.4,11.1,13.3,100.0,111.5,95.9,
https://www.basketball-reference.com/boxscores/201504040DEN.html,"9:00 PM, April 4, 2015",Denver Nuggets,Los Angeles Clippers,92,107,DEN,,,Team Totals,240,32,85,.376,6,22,.273,22,31,.710,15,29,44,21,7,1,16,31,92,,,Team Totals,240,.466,.412,.259,.365,30.6,69.0,48.4,65.6,7.3,2.2,14.0,100.0,95.9,111.5,
https://www.basketball-reference.com/boxscores/201504040DET.html,"7:30 PM, April 4, 2015",Detroit Pistons,Miami Heat,99,98,MIA,,,Team Totals,240,37,77,.481,5,20,.250,19,26,.731,11,26,37,19,6,7,14,20,98,,,Team Totals,240,.554,.513,.260,.338,30.6,76.5,52.9,51.4,6.8,14.9,13.7,100.0,110.6,111.7,
https://www.basketball-reference.com/boxscores/201504040DET.html,"7:30 PM, April 4, 2015",Detroit Pistons,Miami Heat,99,98,DET,,,Team Totals,240,36,73,.493,12,26,.462,15,23,.652,8,25,33,20,6,3,16,21,99,,,Team Totals,240,.596,.575,.356,.315,23.5,69.4,47.1,55.6,6.8,5.3,16.1,100.0,111.7,110.6,
https://www.basketball-reference.com/boxscores/201504040MEM.html,"8:00 PM, April 4, 2015",Memphis Grizzlies,Washington Wizards,83,92,WAS,,,Team Totals,240,38,79,.481,8,22,.364,8,10,.800,6,34,40,24,9,0,17,18,92,,,Team Totals,240,.552,.532,.278,.127,15.8,79.1,49.4,63.2,9.7,0.0,16.9,100.0,99.1,89.4,
https://www.basketball-reference.com/boxscores/201504040MEM.html,"8:00 PM, April 4, 2015",Memphis Grizzlies,Washington Wizards,83,92,MEM,,,Team Totals,240,34,81,.420,1,15,.067,14,18,.778,9,32,41,23,2,3,15,15,83,,,Team Totals,240,.467,.426,.185,.222,20.9,84.2,50.6,67.6,2.2,5.3,14.4,100.0,89.4,99.1,
https://www.basketball-reference.com/boxscores/201504040MIL.html,"8:30 PM, April 4, 2015",Milwaukee Bucks,Orlando Magic,90,97,ORL,,,Team Totals,240,40,86,.465,8,21,.381,9,13,.692,12,33,45,23,7,10,12,13,97,,,Team Totals,240,.529,.512,.244,.151,27.9,70.2,50.0,57.5,7.7,13.7,11.6,100.0,107.3,99.6,
https://www.basketball-reference.com/boxscores/201504040MIL.html,"8:30 PM, April 4, 2015",Milwaukee Bucks,Orlando Magic,90,97,MIL,,,Team Totals,240,39,89,.438,5,16,.313,7,13,.538,14,31,45,26,8,6,13,19,90,,,Team Totals,240,.475,.466,.180,.146,29.8,72.1,50.0,66.7,8.9,9.2,12.1,100.0,99.6,107.3,
https://www.basketball-reference.com/boxscores/201504040PHO.html,"10:00 PM, April 4, 2015",Phoenix Suns,Utah Jazz,87,85,UTA,,,Team Totals,240,29,74,.392,7,21,.333,20,24,.833,13,34,47,17,10,2,18,23,85,,,Team Totals,240,.503,.439,.284,.324,33.3,85.0,59.5,58.6,11.4,3.6,17.6,100.0,96.7,98.9,
https://www.basketball-reference.com/boxscores/201504040PHO.html,"10:00 PM, April 4, 2015",Phoenix Suns,Utah Jazz,87,85,PHO,,,Team Totals,240,30,69,.435,5,14,.357,22,29,.759,6,26,32,12,11,7,16,21,87,,,Team Totals,240,.532,.471,.203,.420,15.0,66.7,40.5,40.0,12.5,13.2,16.4,100.0,98.9,96.7,
https://www.basketball-reference.com/boxscores/201504040POR.html,"10:00 PM, April 4, 2015",Portland Trail Blazers,New Orleans Pelicans,99,90,NOP,,,Team Totals,240,39,85,.459,7,16,.438,5,10,.500,9,26,35,18,8,5,9,18,90,,,Team Totals,240,.503,.500,.188,.118,21.4,59.1,40.7,46.2,9.4,7.4,9.1,100.0,105.5,116.0,
https://www.basketball-reference.com/boxscores/201504040POR.html,"10:00 PM, April 4, 2015",Portland Trail Blazers,New Orleans Pelicans,99,90,POR,,,Team Totals,240,36,84,.429,6,16,.375,21,23,.913,18,33,51,17,4,3,11,9,99,,,Team Totals,240,.526,.464,.190,.274,40.9,78.6,59.3,47.2,4.7,4.3,10.5,100.0,116.0,105.5,
https://www.basketball-reference.com/boxscores/201504040TOR.html,"7:30 PM, April 4, 2015",Toronto Raptors,Boston Celtics,116,117,BOS,,,Team Totals,265,47,97,.485,8,26,.308,15,22,.682,12,32,44,26,10,4,15,28,117,,,Team Totals,265,.548,.526,.268,.227,24.5,78.0,48.9,55.3,9.4,6.7,12.3,100.0,110.5,109.5,
https://www.basketball-reference.com/boxscores/201504040TOR.html,"7:30 PM, April 4, 2015",Toronto Raptors,Boston Celtics,116,117,TOR,,,Team Totals,265,40,83,.482,6,23,.261,30,38,.789,9,37,46,15,7,4,16,22,116,,,Team Totals,265,.582,.518,.277,.458,22.0,75.5,51.1,37.5,6.6,5.6,13.8,100.0,109.5,110.5,
https://www.basketball-reference.com/boxscores/201504050CLE.html,"3:30 PM, April 5, 2015",Cleveland Cavaliers,Chicago Bulls,99,94,CHI,,,Team Totals,240,34,76,.447,11,27,.407,15,21,.714,9,36,45,28,7,2,16,22,94,,,Team Totals,240,.551,.520,.355,.276,23.1,78.3,52.9,82.4,7.7,4.3,15.8,100.0,103.5,109.0,
https://www.basketball-reference.com/boxscores/201504050CLE.html,"3:30 PM, April 5, 2015",Cleveland Cavaliers,Chicago Bulls,99,94,CLE,,,Team Totals,240,35,83,.422,16,37,.432,13,22,.591,10,30,40,24,9,4,11,17,99,,,Team Totals,240,.534,.518,.446,.265,21.7,76.9,47.1,68.6,9.9,8.2,10.6,100.0,109.0,103.5,
https://www.basketball-reference.com/boxscores/201504050IND.html,"6:00 PM, April 5, 2015",Indiana Pacers,Miami Heat,112,89,MIA,,,Team Totals,240,37,82,.451,2,20,.100,13,19,.684,7,30,37,15,7,7,14,25,89,,,Team Totals,240,.492,.463,.244,.232,16.7,60.0,40.2,40.5,7.5,12.7,13.4,100.0,96.0,120.8,
https://www.basketball-reference.com/boxscores/201504050IND.html,"6:00 PM, April 5, 2015",Indiana Pacers,Miami Heat,112,89,IND,,,Team Totals,240,37,85,.435,14,30,.467,24,36,.667,20,35,55,23,6,7,11,22,112,,,Team Totals,240,.555,.518,.353,.424,40.0,83.3,59.8,62.2,6.5,11.3,9.8,100.0,120.8,96.0,
https://www.basketball-reference.com/boxscores/201504050LAL.html,"9:30 PM, April 5, 2015",Los Angeles Lakers,Los Angeles Clippers,78,106,LAC,,,Team Totals,240,40,75,.533,15,27,.556,11,18,.611,7,33,40,27,10,1,10,20,106,,,Team Totals,240,.639,.633,.360,.240,20.6,70.2,49.4,67.5,11.6,1.7,10.8,100.0,122.8,90.4,
https://www.basketball-reference.com/boxscores/201504050LAL.html,"9:30 PM, April 5, 2015",Los Angeles Lakers,Los Angeles Clippers,78,106,LAL,,,Team Totals,240,29,75,.387,7,17,.412,13,22,.591,14,27,41,17,3,3,19,18,78,,,Team Totals,240,.461,.433,.227,.293,29.8,79.4,50.6,58.6,3.5,6.3,18.3,100.0,90.4,122.8,
https://www.basketball-reference.com/boxscores/201504050NYK.html,"7:30 PM, April 5, 2015",New York Knicks,Philadelphia 76ers,101,91,PHI,,,Team Totals,240,38,99,.384,10,32,.313,5,8,.625,19,17,36,22,8,5,10,23,91,,,Team Totals,240,.444,.434,.323,.081,35.8,53.1,42.4,57.9,9.2,8.5,8.9,100.0,104.7,116.2,
https://www.basketball-reference.com/boxscores/201504050NYK.html,"7:30 PM, April 5, 2015",New York Knicks,Philadelphia 76ers,101,91,NYK,,,Team Totals,240,37,72,.514,3,13,.231,24,29,.828,15,34,49,24,6,14,19,18,101,,,Team Totals,240,.596,.535,.181,.403,46.9,64.2,57.6,64.9,6.9,20.9,18.3,100.0,116.2,104.7,
https://www.basketball-reference.com/boxscores/201504050OKC.html,"1:00 PM, April 5, 2015",Oklahoma City Thunder,Houston Rockets,112,115,HOU,,,Team Totals,240,38,81,.469,8,28,.286,31,50,.620,12,30,42,18,14,4,10,25,115,,,Team Totals,240,.558,.519,.346,.617,26.1,63.8,45.2,47.4,14.1,6.5,8.8,100.0,115.4,112.4,
https://www.basketball-reference.com/boxscores/201504050OKC.html,"1:00 PM, April 5, 2015",Oklahoma City Thunder,Houston Rockets,112,115,OKC,,,Team Totals,240,40,92,.435,14,30,.467,18,26,.692,17,34,51,21,4,2,18,32,112,,,Team Totals,240,.541,.511,.326,.283,36.2,73.9,54.8,52.5,4.0,3.8,14.8,100.0,112.4,115.4,
https://www.basketball-reference.com/boxscores/201504050SAC.html,"9:00 PM, April 5, 2015",Sacramento Kings,Utah Jazz,95,101,UTA,,,Team Totals,240,40,87,.460,8,24,.333,13,18,.722,14,33,47,18,11,6,20,24,101,,,Team Totals,240,.532,.506,.276,.207,30.4,75.0,52.2,45.0,11.2,9.4,17.4,100.0,102.8,96.7,
https://www.basketball-reference.com/boxscores/201504050SAC.html,"9:00 PM, April 5, 2015",Sacramento Kings,Utah Jazz,95,101,SAC,,,Team Totals,240,38,79,.481,5,15,.333,14,24,.583,11,32,43,20,13,3,20,20,95,,,Team Totals,240,.530,.513,.190,.304,25.0,69.6,47.8,52.6,13.2,4.8,18.3,100.0,96.7,102.8,
https://www.basketball-reference.com/boxscores/201504050SAS.html,"7:00 PM, April 5, 2015",San Antonio Spurs,Golden State Warriors,107,92,GSW,,,Team Totals,240,39,91,.429,9,28,.321,5,10,.500,10,29,39,25,4,2,11,13,92,,,Team Totals,240,.482,.478,.308,.110,19.6,82.9,45.3,64.1,4.2,3.2,10.3,100.0,96.4,112.1,
https://www.basketball-reference.com/boxscores/201504050SAS.html,"7:00 PM, April 5, 2015",San Antonio Spurs,Golden State Warriors,107,92,SAS,,,Team Totals,240,44,83,.530,7,21,.333,12,15,.800,6,41,47,27,8,4,14,13,107,,,Team Totals,240,.597,.572,.253,.181,17.1,80.4,54.7,61.4,8.4,6.3,13.5,100.0,112.1,96.4,
https://www.basketball-reference.com/boxscores/201504060BRK.html,"7:00 PM, April 6, 2015",Brooklyn Nets,Portland Trail Blazers,106,96,POR,,,Team Totals,240,39,87,.448,11,26,.423,7,9,.778,11,39,50,17,4,3,14,21,96,,,Team Totals,240,.528,.511,.299,.103,24.4,76.5,52.1,43.6,4.3,3.9,13.3,100.0,102.9,113.6,
https://www.basketball-reference.com/boxscores/201504060BRK.html,"7:00 PM, April 6, 2015",Brooklyn Nets,Portland Trail Blazers,106,96,BRK,,,Team Totals,240,41,91,.451,6,14,.429,18,23,.783,12,34,46,25,6,5,7,11,106,,,Team Totals,240,.524,.484,.154,.253,23.5,75.6,47.9,61.0,6.4,8.2,6.5,100.0,113.6,102.9,
https://www.basketball-reference.com/boxscores/201504070ATL.html,"7:30 PM, April 7, 2015",Atlanta Hawks,Phoenix Suns,96,69,PHO,,,Team Totals,240,26,83,.313,4,20,.200,13,18,.722,9,28,37,16,5,6,16,9,69,,,Team Totals,240,.379,.337,.241,.217,16.4,77.8,40.7,61.5,5.3,10.3,15.0,100.0,72.7,101.1,
https://www.basketball-reference.com/boxscores/201504070ATL.html,"7:30 PM, April 7, 2015",Atlanta Hawks,Phoenix Suns,96,69,ATL,,,Team Totals,240,41,83,.494,4,25,.160,10,14,.714,8,46,54,21,9,4,15,17,96,,,Team Totals,240,.538,.518,.301,.169,22.2,83.6,59.3,51.2,9.5,6.3,14.4,100.0,101.1,72.7,
https://www.basketball-reference.com/boxscores/201504070LAC.html,"10:30 PM, April 7, 2015",Los Angeles Clippers,Los Angeles Lakers,105,100,LAL,,,Team Totals,240,35,84,.417,9,25,.360,21,27,.778,8,35,43,24,2,1,11,25,100,,,Team Totals,240,.521,.470,.298,.321,16.7,85.4,48.3,68.6,2.1,1.8,10.3,100.0,103.9,109.1,
https://www.basketball-reference.com/boxscores/201504070LAC.html,"10:30 PM, April 7, 2015",Los Angeles Clippers,Los Angeles Lakers,105,100,LAC,,,Team Totals,240,39,81,.481,7,24,.292,20,30,.667,6,40,46,25,6,6,9,22,105,,,Team Totals,240,.557,.525,.296,.370,14.6,83.3,51.7,64.1,6.2,10.2,8.7,100.0,109.1,103.9,
https://www.basketball-reference.com/boxscores/201504070MIA.html,"7:30 PM, April 7, 2015",Miami Heat,Charlotte Hornets,105,100,CHO,,,Team Totals,240,39,91,.429,5,18,.278,17,21,.810,15,30,45,12,8,5,9,26,100,,,Team Totals,240,.499,.456,.198,.231,30.6,78.9,51.7,30.8,8.6,7.6,8.2,100.0,107.9,113.3,
https://www.basketball-reference.com/boxscores/201504070MIA.html,"7:30 PM, April 7, 2015",Miami Heat,Charlotte Hornets,105,100,MIA,,,Team Totals,240,40,81,.494,3,15,.200,22,28,.786,8,34,42,20,4,6,11,17,105,,,Team Totals,240,.563,.512,.185,.346,21.1,69.4,48.3,50.0,4.3,8.2,10.5,100.0,113.3,107.9,
https://www.basketball-reference.com/boxscores/201504070NOP.html,"8:00 PM, April 7, 2015",New Orleans Pelicans,Golden State Warriors,103,100,GSW,,,Team Totals,240,42,95,.442,9,22,.409,7,10,.700,11,39,50,25,6,12,12,21,100,,,Team Totals,240,.503,.489,.232,.105,22.9,83.0,52.6,59.5,6.1,18.8,10.8,100.0,101.8,104.9,
https://www.basketball-reference.com/boxscores/201504070NOP.html,"8:00 PM, April 7, 2015",New Orleans Pelicans,Golden State Warriors,103,100,NOP,,,Team Totals,240,36,83,.434,9,19,.474,22,30,.733,8,37,45,25,8,8,12,13,103,,,Team Totals,240,.535,.488,.229,.361,17.0,77.1,47.4,69.4,8.1,11.0,11.1,100.0,104.9,101.8,
https://www.basketball-reference.com/boxscores/201504070OKC.html,"8:00 PM, April 7, 2015",Oklahoma City Thunder,San Antonio Spurs,88,113,SAS,,,Team Totals,240,47,89,.528,10,24,.417,9,13,.692,12,34,46,27,7,7,15,20,113,,,Team Totals,240,.596,.584,.270,.146,30.0,75.6,54.1,57.4,7.3,10.8,13.7,100.0,117.2,91.3,
https://www.basketball-reference.com/boxscores/201504070OKC.html,"8:00 PM, April 7, 2015",Oklahoma City Thunder,San Antonio Spurs,88,113,OKC,,,Team Totals,240,34,84,.405,5,19,.263,15,28,.536,11,28,39,14,13,3,15,14,88,,,Team Totals,240,.457,.435,.226,.333,24.4,70.0,45.9,41.2,13.5,4.6,13.5,100.0,91.3,117.2,
https://www.basketball-reference.com/boxscores/201504070SAC.html,"10:00 PM, April 7, 2015",Sacramento Kings,Minnesota Timberwolves,116,111,MIN,,,Team Totals,240,45,93,.484,6,19,.316,15,21,.714,9,27,36,29,6,4,10,24,111,,,Team Totals,240,.543,.516,.204,.226,20.0,67.5,42.4,64.4,6.1,7.1,8.9,100.0,113.5,118.7,
https://www.basketball-reference.com/boxscores/201504070SAC.html,"10:00 PM, April 7, 2015",Sacramento Kings,Minnesota Timberwolves,116,111,SAC,,,Team Totals,240,42,80,.525,9,24,.375,23,34,.676,13,36,49,25,5,7,14,17,116,,,Team Totals,240,.611,.581,.300,.425,32.5,80.0,57.6,59.5,5.1,9.5,12.8,100.0,118.7,113.5,
https://www.basketball-reference.com/boxscores/201504080BRK.html,"7:30 PM, April 8, 2015",Brooklyn Nets,Atlanta Hawks,111,114,ATL,,,Team Totals,240,43,86,.500,11,28,.393,17,25,.680,10,30,40,35,11,4,11,18,114,,,Team Totals,240,.588,.564,.326,.291,23.3,68.2,46.0,81.4,11.5,6.6,10.2,100.0,119.6,116.5,
https://www.basketball-reference.com/boxscores/201504080BRK.html,"7:30 PM, April 8, 2015",Brooklyn Nets,Atlanta Hawks,111,114,BRK,,,Team Totals,240,41,87,.471,7,26,.269,22,25,.880,14,33,47,27,7,4,13,20,111,,,Team Totals,240,.566,.511,.299,.287,31.8,76.7,54.0,65.9,7.3,6.9,11.7,100.0,116.5,119.6,
https://www.basketball-reference.com/boxscores/201504080CHO.html,"7:00 PM, April 8, 2015",Charlotte Hornets,Toronto Raptors,74,92,TOR,,,Team Totals,240,33,77,.429,12,27,.444,14,19,.737,9,38,47,20,5,9,10,19,92,,,Team Totals,240,.539,.506,.351,.247,25.7,80.9,57.3,60.6,6.1,15.3,10.5,100.0,111.5,89.7,
https://www.basketball-reference.com/boxscores/201504080CHO.html,"7:00 PM, April 8, 2015",Charlotte Hornets,Toronto Raptors,74,92,CHO,,,Team Totals,240,28,81,.346,10,22,.455,8,11,.727,9,26,35,15,4,5,8,15,74,,,Team Totals,240,.431,.407,.272,.136,19.1,74.3,42.7,53.6,4.8,10.0,8.5,100.0,89.7,111.5,
https://www.basketball-reference.com/boxscores/201504080DAL.html,"9:30 PM, April 8, 2015",Dallas Mavericks,Phoenix Suns,107,104,PHO,,,Team Totals,240,40,82,.488,8,25,.320,16,19,.842,8,29,37,22,6,5,12,25,104,,,Team Totals,240,.575,.537,.305,.232,20.0,65.9,44.0,55.0,6.6,6.6,11.7,100.0,113.6,116.9,
https://www.basketball-reference.com/boxscores/201504080DAL.html,"9:30 PM, April 8, 2015",Dallas Mavericks,Phoenix Suns,107,104,DAL,,,Team Totals,240,45,94,.479,4,18,.222,13,16,.813,15,32,47,18,3,3,8,17,107,,,Team Totals,240,.529,.500,.191,.170,34.1,80.0,56.0,40.0,3.3,5.3,7.3,100.0,116.9,113.6,
https://www.basketball-reference.com/boxscores/201504080DEN.html,"9:00 PM, April 8, 2015",Denver Nuggets,Los Angeles Lakers,119,101,LAL,,,Team Totals,240,36,75,.480,5,16,.313,24,35,.686,9,30,39,15,7,2,15,20,101,,,Team Totals,240,.559,.513,.213,.467,20.9,73.2,46.4,41.7,7.4,3.4,14.2,100.0,106.7,125.8,
https://www.basketball-reference.com/boxscores/201504080DEN.html,"9:00 PM, April 8, 2015",Denver Nuggets,Los Angeles Lakers,119,101,DEN,,,Team Totals,240,44,88,.500,13,30,.433,18,24,.750,11,34,45,26,7,6,9,22,119,,,Team Totals,240,.604,.574,.341,.273,26.8,79.1,53.6,59.1,7.4,10.2,8.4,100.0,125.8,106.7,
https://www.basketball-reference.com/boxscores/201504080DET.html,"7:00 PM, April 8, 2015",Detroit Pistons,Boston Celtics,103,113,BOS,,,Team Totals,240,36,80,.450,8,28,.286,33,34,.971,10,27,37,20,12,2,11,15,113,,,Team Totals,240,.595,.500,.350,.425,25.0,71.1,47.4,55.6,12.8,3.0,10.4,100.0,120.4,109.7,
https://www.basketball-reference.com/boxscores/201504080DET.html,"7:00 PM, April 8, 2015",Detroit Pistons,Boston Celtics,103,113,DET,,,Team Totals,240,45,84,.536,7,18,.389,6,10,.600,11,30,41,29,7,5,19,25,103,,,Team Totals,240,.583,.577,.214,.119,28.9,75.0,52.6,64.4,7.5,9.6,17.7,100.0,109.7,120.4,
https://www.basketball-reference.com/boxscores/201504080MEM.html,"8:00 PM, April 8, 2015",Memphis Grizzlies,New Orleans Pelicans,110,74,NOP,,,Team Totals,240,28,80,.350,6,21,.286,12,18,.667,12,27,39,13,8,3,12,15,74,,,Team Totals,240,.421,.388,.263,.225,24.0,65.9,42.9,46.4,9.3,4.2,12.0,100.0,86.2,128.1,
https://www.basketball-reference.com/boxscores/201504080MEM.html,"8:00 PM, April 8, 2015",Memphis Grizzlies,New Orleans Pelicans,110,74,MEM,,,Team Totals,240,45,88,.511,8,17,.471,12,14,.857,14,38,52,27,7,3,8,16,110,,,Team Totals,240,.584,.557,.193,.159,34.1,76.0,57.1,60.0,8.2,5.1,7.8,100.0,128.1,86.2,
https://www.basketball-reference.com/boxscores/201504080MIL.html,"8:00 PM, April 8, 2015",Milwaukee Bucks,Cleveland Cavaliers,99,104,CLE,,,Team Totals,240,36,74,.486,11,34,.324,21,26,.808,11,33,44,23,8,5,18,17,104,,,Team Totals,240,.609,.561,.459,.351,30.6,82.5,57.9,63.9,8.7,7.6,17.4,100.0,113.5,108.0,
https://www.basketball-reference.com/boxscores/201504080MIL.html,"8:00 PM, April 8, 2015",Milwaukee Bucks,Cleveland Cavaliers,99,104,MIL,,,Team Totals,240,42,84,.500,6,18,.333,9,13,.692,7,25,32,30,13,3,12,22,99,,,Team Totals,240,.552,.536,.214,.155,17.5,69.4,42.1,71.4,14.2,7.5,11.8,100.0,108.0,113.5,
https://www.basketball-reference.com/boxscores/201504080NYK.html,"7:30 PM, April 8, 2015",New York Knicks,Indiana Pacers,86,102,IND,,,Team Totals,240,38,77,.494,4,22,.182,22,27,.815,11,43,54,23,7,4,17,24,102,,,Team Totals,240,.574,.519,.286,.351,30.6,82.7,61.4,60.5,7.5,6.0,16.1,100.0,108.9,91.8,
https://www.basketball-reference.com/boxscores/201504080NYK.html,"7:30 PM, April 8, 2015",New York Knicks,Indiana Pacers,86,102,NYK,,,Team Totals,240,29,84,.345,7,17,.412,21,26,.808,9,25,34,13,8,2,11,25,86,,,Team Totals,240,.451,.387,.202,.310,17.3,69.4,38.6,44.8,8.5,3.6,10.3,100.0,91.8,108.9,
https://www.basketball-reference.com/boxscores/201504080ORL.html,"7:00 PM, April 8, 2015",Orlando Magic,Chicago Bulls,105,103,CHI,,,Team Totals,240,34,79,.430,12,26,.462,23,31,.742,12,29,41,25,9,4,17,16,103,,,Team Totals,240,.556,.506,.329,.392,27.9,69.0,48.2,73.5,9.6,6.8,15.5,100.0,110.2,112.3,
https://www.basketball-reference.com/boxscores/201504080ORL.html,"7:00 PM, April 8, 2015",Orlando Magic,Chicago Bulls,105,103,ORL,,,Team Totals,240,38,82,.463,8,23,.348,21,24,.875,13,31,44,21,8,3,15,19,105,,,Team Totals,240,.567,.512,.280,.293,31.0,72.1,51.8,55.3,8.6,5.7,13.9,100.0,112.3,110.2,
https://www.basketball-reference.com/boxscores/201504080PHI.html,"7:00 PM, April 8, 2015",Philadelphia 76ers,Washington Wizards,90,119,WAS,,,Team Totals,240,47,72,.653,8,15,.533,17,23,.739,6,39,45,35,4,8,15,21,119,,,Team Totals,240,.725,.708,.208,.319,24.0,69.6,55.6,74.5,4.4,12.9,15.4,100.0,131.7,99.6,
https://www.basketball-reference.com/boxscores/201504080PHI.html,"7:00 PM, April 8, 2015",Philadelphia 76ers,Washington Wizards,90,119,PHI,,,Team Totals,240,31,89,.348,9,27,.333,19,27,.704,17,19,36,17,11,1,10,22,90,,,Team Totals,240,.446,.399,.303,.303,30.4,76.0,44.4,54.8,12.2,1.8,9.0,100.0,99.6,131.7,
https://www.basketball-reference.com/boxscores/201504080POR.html,"10:00 PM, April 8, 2015",Portland Trail Blazers,Minnesota Timberwolves,116,91,MIN,,,Team Totals,240,32,85,.376,3,11,.273,24,29,.828,10,25,35,16,12,2,11,17,91,,,Team Totals,240,.465,.394,.129,.341,19.6,67.6,39.8,50.0,12.6,3.8,10.1,100.0,95.4,121.6,
https://www.basketball-reference.com/boxscores/201504080POR.html,"10:00 PM, April 8, 2015",Portland Trail Blazers,Minnesota Timberwolves,116,91,POR,,,Team Totals,240,42,85,.494,12,33,.364,20,23,.870,12,41,53,25,8,2,15,23,116,,,Team Totals,240,.610,.565,.388,.271,32.4,80.4,60.2,59.5,8.4,2.7,13.6,100.0,121.6,95.4,
https://www.basketball-reference.com/boxscores/201504080SAS.html,"8:30 PM, April 8, 2015",San Antonio Spurs,Houston Rockets,110,98,HOU,,,Team Totals,240,39,84,.464,10,25,.400,10,16,.625,8,31,39,25,7,3,15,12,98,,,Team Totals,240,.538,.524,.298,.190,19.0,70.5,45.3,64.1,7.4,4.1,14.1,100.0,103.7,116.4,
https://www.basketball-reference.com/boxscores/201504080SAS.html,"8:30 PM, April 8, 2015",San Antonio Spurs,Houston Rockets,110,98,SAS,,,Team Totals,240,48,95,.505,7,21,.333,7,9,.778,13,34,47,21,11,7,9,13,110,,,Team Totals,240,.556,.542,.221,.095,29.5,81.0,54.7,43.8,11.6,11.9,8.3,100.0,116.4,103.7,
https://www.basketball-reference.com/boxscores/201504080UTA.html,"9:00 PM, April 8, 2015",Utah Jazz,Sacramento Kings,103,91,SAC,,,Team Totals,240,33,75,.440,7,16,.438,18,28,.643,7,24,31,19,9,1,10,17,91,,,Team Totals,240,.521,.487,.213,.373,17.1,64.9,39.7,57.6,10.3,2.3,10.3,100.0,104.5,118.2,
https://www.basketball-reference.com/boxscores/201504080UTA.html,"9:00 PM, April 8, 2015",Utah Jazz,Sacramento Kings,103,91,UTA,,,Team Totals,240,36,74,.486,13,31,.419,18,25,.720,13,34,47,23,5,8,16,22,103,,,Team Totals,240,.606,.574,.419,.338,35.1,82.9,60.3,63.9,5.7,13.6,15.8,100.0,118.2,104.5,
https://www.basketball-reference.com/boxscores/201504090GSW.html,"10:30 PM, April 9, 2015",Golden State Warriors,Portland Trail Blazers,116,105,POR,,,Team Totals,240,46,98,.469,7,24,.292,6,8,.750,11,30,41,28,6,5,9,12,105,,,Team Totals,240,.517,.505,.245,.082,23.9,76.9,48.2,60.9,6.2,7.8,8.1,100.0,108.2,119.5,
https://www.basketball-reference.com/boxscores/201504090GSW.html,"10:30 PM, April 9, 2015",Golden State Warriors,Portland Trail Blazers,116,105,GSW,,,Team Totals,240,48,90,.533,12,26,.462,8,9,.889,9,35,44,27,6,5,14,12,116,,,Team Totals,240,.617,.600,.289,.100,23.1,76.1,51.8,56.3,6.2,6.8,13.0,100.0,119.5,108.2,
https://www.basketball-reference.com/boxscores/201504090MIA.html,"8:00 PM, April 9, 2015",Miami Heat,Chicago Bulls,78,89,CHI,,,Team Totals,240,35,91,.385,6,23,.261,13,17,.765,15,36,51,17,10,2,11,11,89,,,Team Totals,240,.452,.418,.253,.187,31.3,73.5,52.6,48.6,11.1,2.9,10.0,100.0,99.1,86.9,
https://www.basketball-reference.com/boxscores/201504090MIA.html,"8:00 PM, April 9, 2015",Miami Heat,Chicago Bulls,78,89,MIA,,,Team Totals,240,34,88,.386,5,18,.278,5,7,.714,13,33,46,14,2,7,14,17,78,,,Team Totals,240,.428,.415,.205,.080,26.5,68.8,47.4,41.2,2.2,10.3,13.3,100.0,86.9,99.1,
https://www.basketball-reference.com/boxscores/201504100ATL.html,"7:30 PM, April 10, 2015",Atlanta Hawks,Charlotte Hornets,104,80,CHO,,,Team Totals,240,30,83,.361,8,30,.267,12,18,.667,12,34,46,21,8,3,15,15,80,,,Team Totals,240,.440,.410,.361,.217,25.5,79.1,51.1,70.0,8.7,5.6,14.2,100.0,87.0,113.1,
https://www.basketball-reference.com/boxscores/201504100ATL.html,"7:30 PM, April 10, 2015",Atlanta Hawks,Charlotte Hornets,104,80,ATL,,,Team Totals,240,41,82,.500,10,28,.357,12,16,.750,9,35,44,31,10,4,14,18,104,,,Team Totals,240,.584,.561,.341,.195,20.9,74.5,48.9,75.6,10.9,7.5,13.6,100.0,113.1,87.0,
https://www.basketball-reference.com/boxscores/201504100BRK.html,"7:30 PM, April 10, 2015",Brooklyn Nets,Washington Wizards,117,80,WAS,,,Team Totals,240,32,82,.390,5,15,.333,11,17,.647,17,33,50,23,3,4,21,21,80,,,Team Totals,240,.447,.421,.183,.207,34.7,73.3,53.2,71.9,3.3,5.8,19.0,100.0,87.5,127.9,
https://www.basketball-reference.com/boxscores/201504100BRK.html,"7:30 PM, April 10, 2015",Brooklyn Nets,Washington Wizards,117,80,BRK,,,Team Totals,240,45,89,.506,12,20,.600,15,23,.652,12,32,44,29,10,1,6,20,117,,,Team Totals,240,.590,.573,.225,.258,26.7,65.3,46.8,64.4,10.9,1.5,5.7,100.0,127.9,87.5,
https://www.basketball-reference.com/boxscores/201504100CLE.html,"7:30 PM, April 10, 2015",Cleveland Cavaliers,Boston Celtics,90,99,BOS,,,Team Totals,240,38,84,.452,8,22,.364,15,21,.714,11,32,43,30,11,2,15,24,99,,,Team Totals,240,.531,.500,.262,.250,26.8,72.7,50.6,78.9,11.6,4.7,13.9,100.0,104.2,94.7,
https://www.basketball-reference.com/boxscores/201504100CLE.html,"7:30 PM, April 10, 2015",Cleveland Cavaliers,Boston Celtics,90,99,CLE,,,Team Totals,240,32,77,.416,9,34,.265,17,25,.680,12,30,42,25,4,2,22,21,90,,,Team Totals,240,.511,.474,.442,.325,27.3,73.2,49.4,78.1,4.2,3.2,20.0,100.0,94.7,104.2,
https://www.basketball-reference.com/boxscores/201504100DEN.html,"9:00 PM, April 10, 2015",Denver Nuggets,Dallas Mavericks,143,144,DAL,,,Team Totals,290,57,109,.523,11,29,.379,19,24,.792,11,38,49,39,8,6,17,23,144,,,Team Totals,290,.602,.573,.266,.220,24.4,58.5,44.5,68.4,6.7,7.3,12.4,100.0,120.0,119.2,
https://www.basketball-reference.com/boxscores/201504100DEN.html,"9:00 PM, April 10, 2015",Denver Nuggets,Dallas Mavericks,143,144,DEN,,,Team Totals,290,53,125,.424,15,43,.349,22,25,.880,27,34,61,29,10,1,15,26,143,,,Team Totals,290,.526,.484,.344,.200,41.5,75.6,55.5,54.7,8.3,1.3,9.9,100.0,119.2,120.0,
https://www.basketball-reference.com/boxscores/201504100DET.html,"7:30 PM, April 10, 2015",Detroit Pistons,Indiana Pacers,103,107,IND,,,Team Totals,240,38,79,.481,11,19,.579,20,22,.909,9,33,42,29,6,1,10,21,107,,,Team Totals,240,.603,.551,.241,.278,23.1,68.8,48.3,76.3,6.6,1.5,10.1,100.0,118.6,114.1,
https://www.basketball-reference.com/boxscores/201504100DET.html,"7:30 PM, April 10, 2015",Detroit Pistons,Indiana Pacers,103,107,DET,,,Team Totals,240,40,89,.449,11,23,.478,12,23,.522,15,30,45,25,5,5,11,20,103,,,Team Totals,240,.520,.511,.258,.258,31.3,76.9,51.7,62.5,5.5,8.3,10.0,100.0,114.1,118.6,
https://www.basketball-reference.com/boxscores/201504100HOU.html,"8:00 PM, April 10, 2015",Houston Rockets,San Antonio Spurs,103,104,SAS,,,Team Totals,240,41,85,.482,4,17,.235,18,24,.750,13,27,40,23,12,3,16,35,104,,,Team Totals,240,.544,.506,.200,.282,30.2,75.0,50.6,56.1,12.4,6.7,14.3,100.0,107.1,106.1,
https://www.basketball-reference.com/boxscores/201504100HOU.html,"8:00 PM, April 10, 2015",Houston Rockets,San Antonio Spurs,103,104,HOU,,,Team Totals,240,31,66,.470,9,21,.429,32,53,.604,9,30,39,19,9,5,20,26,103,,,Team Totals,240,.577,.538,.318,.803,25.0,69.8,49.4,61.3,9.3,7.4,18.3,100.0,106.1,107.1,
https://www.basketball-reference.com/boxscores/201504100LAL.html,"10:30 PM, April 10, 2015",Los Angeles Lakers,Minnesota Timberwolves,106,98,MIN,,,Team Totals,240,32,74,.432,3,15,.200,31,34,.912,9,30,39,17,7,3,12,20,98,,,Team Totals,240,.551,.453,.203,.459,22.0,68.2,45.9,53.1,7.7,5.0,11.9,100.0,107.7,116.5,
https://www.basketball-reference.com/boxscores/201504100LAL.html,"10:30 PM, April 10, 2015",Los Angeles Lakers,Minnesota Timberwolves,106,98,LAL,,,Team Totals,240,41,83,.494,9,23,.391,15,24,.625,14,32,46,35,6,2,14,22,106,,,Team Totals,240,.566,.548,.277,.289,31.8,78.0,54.1,85.4,6.6,3.4,13.0,100.0,116.5,107.7,
https://www.basketball-reference.com/boxscores/201504100NOP.html,"8:00 PM, April 10, 2015",New Orleans Pelicans,Phoenix Suns,90,75,PHO,,,Team Totals,240,30,85,.353,7,25,.280,8,10,.800,10,33,43,18,9,4,10,18,75,,,Team Totals,240,.419,.394,.294,.118,19.6,68.8,43.4,60.0,10.3,6.2,10.1,100.0,86.0,103.2,
https://www.basketball-reference.com/boxscores/201504100NOP.html,"8:00 PM, April 10, 2015",New Orleans Pelicans,Phoenix Suns,90,75,NOP,,,Team Totals,240,37,84,.440,5,19,.263,11,19,.579,15,41,56,29,4,13,11,12,90,,,Team Totals,240,.487,.470,.226,.226,31.3,80.4,56.6,78.4,4.6,21.7,10.6,100.0,103.2,86.0,
https://www.basketball-reference.com/boxscores/201504100NYK.html,"7:30 PM, April 10, 2015",New York Knicks,Milwaukee Bucks,91,99,MIL,,,Team Totals,240,37,76,.487,6,17,.353,19,29,.655,5,28,33,18,17,3,18,22,99,,,Team Totals,240,.558,.526,.224,.382,11.9,84.8,44.0,48.6,16.8,5.1,16.9,100.0,98.0,90.1,
https://www.basketball-reference.com/boxscores/201504100NYK.html,"7:30 PM, April 10, 2015",New York Knicks,Milwaukee Bucks,91,99,NYK,,,Team Totals,240,34,72,.472,5,13,.385,18,24,.750,5,37,42,22,7,5,26,26,91,,,Team Totals,240,.551,.507,.181,.333,15.2,88.1,56.0,64.7,6.9,8.5,23.9,100.0,90.1,98.0,
https://www.basketball-reference.com/boxscores/201504100OKC.html,"8:00 PM, April 10, 2015",Oklahoma City Thunder,Sacramento Kings,116,103,SAC,,,Team Totals,240,37,81,.457,9,24,.375,20,28,.714,14,36,50,19,4,6,16,23,103,,,Team Totals,240,.552,.512,.296,.346,31.1,69.2,51.5,51.4,4.2,9.1,14.6,100.0,108.6,122.3,
https://www.basketball-reference.com/boxscores/201504100OKC.html,"8:00 PM, April 10, 2015",Oklahoma City Thunder,Sacramento Kings,116,103,OKC,,,Team Totals,240,44,97,.454,10,31,.323,18,24,.750,16,31,47,21,8,4,7,22,116,,,Team Totals,240,.539,.505,.320,.247,30.8,68.9,48.5,47.7,8.4,7.0,6.1,100.0,122.3,108.6,
https://www.basketball-reference.com/boxscores/201504100ORL.html,"7:00 PM, April 10, 2015",Orlando Magic,Toronto Raptors,99,101,TOR,,,Team Totals,240,39,94,.415,9,30,.300,14,15,.933,17,29,46,22,8,1,16,15,101,,,Team Totals,240,.502,.463,.319,.160,34.7,67.4,50.0,56.4,8.5,1.4,13.7,100.0,107.0,104.8,
https://www.basketball-reference.com/boxscores/201504100ORL.html,"7:00 PM, April 10, 2015",Orlando Magic,Toronto Raptors,99,101,ORL,,,Team Totals,240,41,89,.461,7,20,.350,10,10,1.000,14,32,46,21,11,4,17,19,99,,,Team Totals,240,.530,.500,.225,.112,32.6,65.3,50.0,51.2,11.6,6.3,15.4,100.0,104.8,107.0,
https://www.basketball-reference.com/boxscores/201504100UTA.html,"9:00 PM, April 10, 2015",Utah Jazz,Memphis Grizzlies,88,89,MEM,,,Team Totals,240,36,76,.474,5,15,.333,12,19,.632,7,29,36,22,8,1,11,22,89,,,Team Totals,240,.528,.507,.197,.250,18.9,76.3,48.0,61.1,9.2,2.1,11.5,100.0,102.8,101.6,
https://www.basketball-reference.com/boxscores/201504100UTA.html,"9:00 PM, April 10, 2015",Utah Jazz,Memphis Grizzlies,88,89,UTA,,,Team Totals,240,31,71,.437,11,23,.478,15,22,.682,9,30,39,16,4,3,17,22,88,,,Team Totals,240,.545,.514,.324,.310,23.7,81.1,52.0,51.6,4.6,4.9,17.4,100.0,101.6,102.8,
https://www.basketball-reference.com/boxscores/201504110CHI.html,"8:00 PM, April 11, 2015",Chicago Bulls,Philadelphia 76ers,114,107,PHI,,,Team Totals,240,37,89,.416,13,41,.317,20,25,.800,14,33,47,19,5,3,15,29,107,,,Team Totals,240,.535,.489,.461,.281,28.6,71.7,49.5,51.4,5.1,4.7,13.0,100.0,108.4,115.5,
https://www.basketball-reference.com/boxscores/201504110CHI.html,"8:00 PM, April 11, 2015",Chicago Bulls,Philadelphia 76ers,114,107,CHI,,,Team Totals,240,40,90,.444,9,26,.346,25,36,.694,13,35,48,20,8,5,10,20,114,,,Team Totals,240,.539,.494,.289,.400,28.3,71.4,50.5,50.0,8.1,10.4,8.6,100.0,115.5,108.4,
https://www.basketball-reference.com/boxscores/201504110GSW.html,"10:30 PM, April 11, 2015",Golden State Warriors,Minnesota Timberwolves,110,101,MIN,,,Team Totals,240,35,79,.443,11,24,.458,20,26,.769,8,32,40,27,9,4,15,22,101,,,Team Totals,240,.558,.513,.304,.329,17.8,71.1,44.4,77.1,9.3,6.5,14.2,100.0,104.3,113.6,
https://www.basketball-reference.com/boxscores/201504110GSW.html,"10:30 PM, April 11, 2015",Golden State Warriors,Minnesota Timberwolves,110,101,GSW,,,Team Totals,240,42,93,.452,11,31,.355,15,21,.714,13,37,50,28,10,5,12,19,110,,,Team Totals,240,.538,.511,.333,.226,28.9,82.2,55.6,66.7,10.3,9.1,10.5,100.0,113.6,104.3,
https://www.basketball-reference.com/boxscores/201504110LAC.html,"10:00 PM, April 11, 2015",Los Angeles Clippers,Memphis Grizzlies,94,86,MEM,,,Team Totals,240,34,77,.442,2,9,.222,16,24,.667,11,32,43,24,8,4,18,20,86,,,Team Totals,240,.491,.455,.117,.312,26.2,72.7,50.0,70.6,8.6,6.6,17.1,100.0,92.0,100.6,
https://www.basketball-reference.com/boxscores/201504110LAC.html,"10:00 PM, April 11, 2015",Los Angeles Clippers,Memphis Grizzlies,94,86,LAC,,,Team Totals,240,35,88,.398,6,27,.222,18,22,.818,12,31,43,25,10,6,13,21,94,,,Team Totals,240,.481,.432,.307,.250,27.3,73.8,50.0,71.4,10.7,8.8,11.7,100.0,100.6,92.0,
https://www.basketball-reference.com/boxscores/201504110MIA.html,"7:30 PM, April 11, 2015",Miami Heat,Toronto Raptors,104,107,TOR,,,Team Totals,240,35,83,.422,9,26,.346,28,37,.757,15,32,47,12,7,3,7,31,107,,,Team Totals,240,.539,.476,.313,.446,31.3,69.6,50.0,34.3,7.8,4.9,6.6,100.0,118.9,115.5,
https://www.basketball-reference.com/boxscores/201504110MIA.html,"7:30 PM, April 11, 2015",Miami Heat,Toronto Raptors,104,107,MIA,,,Team Totals,240,37,81,.457,6,20,.300,24,44,.545,14,33,47,14,3,8,7,25,104,,,Team Totals,240,.518,.494,.247,.543,30.4,68.8,50.0,37.8,3.3,14.0,6.5,100.0,115.5,118.9,
https://www.basketball-reference.com/boxscores/201504110ORL.html,"7:00 PM, April 11, 2015",Orlando Magic,New York Knicks,79,80,NYK,,,Team Totals,240,31,82,.378,6,20,.300,12,13,.923,11,35,46,22,3,6,15,18,80,,,Team Totals,240,.456,.415,.244,.159,22.4,76.1,48.4,71.0,3.3,9.7,14.6,100.0,87.8,86.7,
https://www.basketball-reference.com/boxscores/201504110ORL.html,"7:00 PM, April 11, 2015",Orlando Magic,New York Knicks,79,80,ORL,,,Team Totals,240,30,84,.357,6,22,.273,13,18,.722,11,38,49,15,10,4,15,18,79,,,Team Totals,240,.430,.393,.262,.214,23.9,77.6,51.6,50.0,11.0,6.5,14.0,100.0,86.7,87.8,
https://www.basketball-reference.com/boxscores/201504110POR.html,"10:00 PM, April 11, 2015",Portland Trail Blazers,Utah Jazz,105,111,UTA,,,Team Totals,240,36,79,.456,6,17,.353,33,42,.786,15,33,48,20,9,4,17,17,111,,,Team Totals,240,.569,.494,.215,.532,33.3,78.6,55.2,55.6,9.2,7.0,14.8,100.0,113.4,107.3,
https://www.basketball-reference.com/boxscores/201504110POR.html,"10:00 PM, April 11, 2015",Portland Trail Blazers,Utah Jazz,105,111,POR,,,Team Totals,240,41,87,.471,6,30,.200,17,22,.773,9,30,39,22,11,4,13,25,105,,,Team Totals,240,.543,.506,.345,.253,21.4,66.7,44.8,53.7,11.2,6.5,11.9,100.0,107.3,113.4,
https://www.basketball-reference.com/boxscores/201504120BOS.html,"3:00 PM, April 12, 2015",Boston Celtics,Cleveland Cavaliers,117,78,CLE,,,Team Totals,240,31,79,.392,3,22,.136,13,19,.684,11,33,44,18,1,5,25,18,78,,,Team Totals,240,.446,.411,.278,.241,25.6,84.6,53.7,58.1,1.0,8.3,22.2,100.0,80.4,120.6,
https://www.basketball-reference.com/boxscores/201504120BOS.html,"3:00 PM, April 12, 2015",Boston Celtics,Cleveland Cavaliers,117,78,BOS,,,Team Totals,240,46,84,.548,10,24,.417,15,22,.682,6,32,38,29,20,1,9,22,117,,,Team Totals,240,.624,.607,.286,.262,15.4,74.4,46.3,63.0,20.6,1.8,8.8,100.0,120.6,80.4,
https://www.basketball-reference.com/boxscores/201504120DEN.html,"5:00 PM, April 12, 2015",Denver Nuggets,Sacramento Kings,122,111,SAC,,,Team Totals,240,38,74,.514,5,18,.278,30,42,.714,6,26,32,28,13,0,20,21,111,,,Team Totals,240,.600,.547,.243,.568,15.8,72.2,43.2,73.7,12.6,0.0,17.8,100.0,107.9,118.6,
https://www.basketball-reference.com/boxscores/201504120DEN.html,"5:00 PM, April 12, 2015",Denver Nuggets,Sacramento Kings,122,111,DEN,,,Team Totals,240,45,82,.549,9,26,.346,23,30,.767,10,32,42,32,15,1,18,29,122,,,Team Totals,240,.641,.604,.317,.366,27.8,84.2,56.8,71.1,14.6,1.8,15.9,100.0,118.6,107.9,
https://www.basketball-reference.com/boxscores/201504120DET.html,"3:30 PM, April 12, 2015",Detroit Pistons,Charlotte Hornets,116,77,CHO,,,Team Totals,240,27,79,.342,4,15,.267,19,29,.655,6,27,33,16,8,2,9,13,77,,,Team Totals,240,.420,.367,.190,.367,12.0,69.2,37.1,59.3,8.6,3.8,8.9,100.0,82.8,124.8,
https://www.basketball-reference.com/boxscores/201504120DET.html,"3:30 PM, April 12, 2015",Detroit Pistons,Charlotte Hornets,116,77,DET,,,Team Totals,240,41,81,.506,16,28,.571,18,23,.783,12,44,56,33,6,4,16,23,116,,,Team Totals,240,.637,.605,.346,.284,30.8,88.0,62.9,80.5,6.5,6.3,14.9,100.0,124.8,82.8,
https://www.basketball-reference.com/boxscores/201504120HOU.html,"7:00 PM, April 12, 2015",Houston Rockets,New Orleans Pelicans,121,114,NOP,,,Team Totals,240,44,91,.484,11,27,.407,15,22,.682,13,26,39,22,6,2,11,30,114,,,Team Totals,240,.566,.544,.297,.242,29.5,74.3,49.4,50.0,6.3,4.1,9.8,100.0,120.1,127.5,
https://www.basketball-reference.com/boxscores/201504120HOU.html,"7:00 PM, April 12, 2015",Houston Rockets,New Orleans Pelicans,121,114,HOU,,,Team Totals,240,39,73,.534,9,24,.375,34,48,.708,9,31,40,16,6,6,11,18,121,,,Team Totals,240,.643,.596,.329,.658,25.7,70.5,50.6,41.0,6.3,9.4,10.5,100.0,127.5,120.1,
https://www.basketball-reference.com/boxscores/201504120IND.html,"6:00 PM, April 12, 2015",Indiana Pacers,Oklahoma City Thunder,116,104,OKC,,,Team Totals,240,41,95,.432,11,28,.393,11,28,.393,15,28,43,18,5,4,8,28,104,,,Team Totals,240,.485,.489,.295,.295,25.9,75.7,45.3,43.9,5.1,6.8,6.9,100.0,106.3,118.6,
https://www.basketball-reference.com/boxscores/201504120IND.html,"6:00 PM, April 12, 2015",Indiana Pacers,Oklahoma City Thunder,116,104,IND,,,Team Totals,240,42,79,.532,10,20,.500,22,35,.629,9,43,52,25,4,3,13,26,116,,,Team Totals,240,.614,.595,.253,.443,24.3,74.1,54.7,59.5,4.1,4.5,12.1,100.0,118.6,106.3,
https://www.basketball-reference.com/boxscores/201504120LAL.html,"9:30 PM, April 12, 2015",Los Angeles Lakers,Dallas Mavericks,106,120,DAL,,,Team Totals,240,45,83,.542,10,21,.476,20,26,.769,7,35,42,31,7,9,12,20,120,,,Team Totals,240,.635,.602,.253,.313,18.4,85.4,53.2,68.9,7.1,16.7,11.3,100.0,121.0,106.8,
https://www.basketball-reference.com/boxscores/201504120LAL.html,"9:30 PM, April 12, 2015",Los Angeles Lakers,Dallas Mavericks,106,120,LAL,,,Team Totals,240,34,78,.436,9,24,.375,29,36,.806,6,31,37,20,4,4,15,20,106,,,Team Totals,240,.565,.494,.308,.462,14.6,81.6,46.8,58.8,4.0,6.5,13.8,100.0,106.8,121.0,
https://www.basketball-reference.com/boxscores/201504120MIL.html,"3:00 PM, April 12, 2015",Milwaukee Bucks,Brooklyn Nets,96,73,BRK,,,Team Totals,240,27,83,.325,3,18,.167,16,22,.727,16,33,49,17,9,5,21,20,73,,,Team Totals,240,.394,.343,.217,.265,28.6,82.5,51.0,63.0,9.3,7.9,18.5,100.0,75.8,99.7,
https://www.basketball-reference.com/boxscores/201504120MIL.html,"3:00 PM, April 12, 2015",Milwaukee Bucks,Brooklyn Nets,96,73,MIL,,,Team Totals,240,41,83,.494,6,20,.300,8,12,.667,7,40,47,30,13,7,17,20,96,,,Team Totals,240,.544,.530,.241,.145,17.5,71.4,49.0,73.2,13.5,10.8,16.1,100.0,99.7,75.8,
https://www.basketball-reference.com/boxscores/201504120SAS.html,"7:00 PM, April 12, 2015",San Antonio Spurs,Phoenix Suns,107,91,PHO,,,Team Totals,240,35,85,.412,4,16,.250,17,23,.739,13,28,41,17,6,3,13,23,91,,,Team Totals,240,.478,.435,.188,.271,26.0,82.4,48.8,48.6,6.5,6.0,12.0,100.0,98.7,116.0,
https://www.basketball-reference.com/boxscores/201504120SAS.html,"7:00 PM, April 12, 2015",San Antonio Spurs,Phoenix Suns,107,91,SAS,,,Team Totals,240,35,69,.507,8,19,.421,29,34,.853,6,37,43,22,7,6,15,22,107,,,Team Totals,240,.637,.565,.275,.493,17.6,74.0,51.2,62.9,7.6,8.7,15.2,100.0,116.0,98.7,
https://www.basketball-reference.com/boxscores/201504120WAS.html,"6:00 PM, April 12, 2015",Washington Wizards,Atlanta Hawks,108,99,ATL,,,Team Totals,240,36,87,.414,9,29,.310,18,24,.750,7,31,38,24,10,2,12,22,99,,,Team Totals,240,.507,.466,.333,.276,15.9,68.9,42.7,66.7,10.0,3.1,11.0,100.0,99.3,108.3,
https://www.basketball-reference.com/boxscores/201504120WAS.html,"6:00 PM, April 12, 2015",Washington Wizards,Atlanta Hawks,108,99,WAS,,,Team Totals,240,39,85,.459,9,21,.429,21,27,.778,14,37,51,22,8,6,19,19,108,,,Team Totals,240,.557,.512,.247,.318,31.1,84.1,57.3,56.4,8.0,10.3,16.4,100.0,108.3,99.3,
https://www.basketball-reference.com/boxscores/201504130ATL.html,"7:30 PM, April 13, 2015",Atlanta Hawks,New York Knicks,108,112,NYK,,,Team Totals,240,43,77,.558,13,25,.520,13,19,.684,9,30,39,33,7,7,18,19,112,,,Team Totals,240,.656,.643,.325,.247,26.5,71.4,51.3,76.7,7.6,12.5,17.4,100.0,122.3,117.9,
https://www.basketball-reference.com/boxscores/201504130ATL.html,"7:30 PM, April 13, 2015",Atlanta Hawks,New York Knicks,108,112,ATL,,,Team Totals,240,39,88,.443,11,32,.344,19,23,.826,12,25,37,27,10,3,8,17,108,,,Team Totals,240,.550,.506,.364,.261,28.6,73.5,48.7,69.2,10.9,5.8,7.5,100.0,117.9,122.3,
https://www.basketball-reference.com/boxscores/201504130BRK.html,"7:30 PM, April 13, 2015",Brooklyn Nets,Chicago Bulls,86,113,CHI,,,Team Totals,240,44,88,.500,12,30,.400,13,17,.765,9,37,46,26,7,8,9,18,113,,,Team Totals,240,.592,.568,.341,.193,23.1,75.5,52.3,59.1,7.6,10.7,8.6,100.0,122.6,93.3,
https://www.basketball-reference.com/boxscores/201504130BRK.html,"7:30 PM, April 13, 2015",Brooklyn Nets,Chicago Bulls,86,113,BRK,,,Team Totals,240,32,87,.368,3,12,.250,19,22,.864,12,30,42,12,2,3,10,14,86,,,Team Totals,240,.445,.385,.138,.253,24.5,76.9,47.7,37.5,2.2,5.2,9.4,100.0,93.3,122.6,
https://www.basketball-reference.com/boxscores/201504130CHO.html,"7:00 PM, April 13, 2015",Charlotte Hornets,Houston Rockets,90,100,HOU,,,Team Totals,240,35,85,.412,9,35,.257,21,26,.808,10,39,49,19,9,10,12,18,100,,,Team Totals,240,.518,.465,.412,.306,21.7,84.8,53.3,54.3,9.3,19.6,11.1,100.0,103.8,93.5,
https://www.basketball-reference.com/boxscores/201504130CHO.html,"7:00 PM, April 13, 2015",Charlotte Hornets,Houston Rockets,90,100,CHO,,,Team Totals,240,34,83,.410,13,32,.406,9,17,.529,7,36,43,23,8,5,15,17,90,,,Team Totals,240,.497,.488,.386,.205,15.2,78.3,46.7,67.6,8.3,10.0,14.2,100.0,93.5,103.8,
https://www.basketball-reference.com/boxscores/201504130CLE.html,"7:00 PM, April 13, 2015",Cleveland Cavaliers,Detroit Pistons,109,97,DET,,,Team Totals,240,38,83,.458,9,25,.360,12,20,.600,8,23,31,21,4,4,8,8,97,,,Team Totals,240,.528,.512,.301,.241,20.0,63.9,40.8,55.3,4.6,7.5,8.0,100.0,110.9,124.6,
https://www.basketball-reference.com/boxscores/201504130CLE.html,"7:00 PM, April 13, 2015",Cleveland Cavaliers,Detroit Pistons,109,97,CLE,,,Team Totals,240,43,85,.506,17,32,.531,6,12,.500,13,32,45,30,5,7,12,19,109,,,Team Totals,240,.604,.606,.376,.141,36.1,80.0,59.2,69.8,5.7,12.1,11.7,100.0,124.6,110.9,
https://www.basketball-reference.com/boxscores/201504130GSW.html,"10:30 PM, April 13, 2015",Golden State Warriors,Memphis Grizzlies,111,107,MEM,,,Team Totals,240,41,98,.418,5,15,.333,20,25,.800,18,26,44,24,11,4,15,22,107,,,Team Totals,240,.491,.444,.153,.255,35.3,81.3,53.0,58.5,11.0,8.0,12.1,100.0,106.9,110.9,
https://www.basketball-reference.com/boxscores/201504130GSW.html,"10:30 PM, April 13, 2015",Golden State Warriors,Memphis Grizzlies,111,107,GSW,,,Team Totals,240,39,74,.527,13,24,.542,20,27,.741,6,33,39,30,9,7,21,22,111,,,Team Totals,240,.646,.615,.324,.365,18.8,64.7,47.0,76.9,9.0,8.4,19.6,100.0,110.9,106.9,
https://www.basketball-reference.com/boxscores/201504130LAC.html,"10:30 PM, April 13, 2015",Los Angeles Clippers,Denver Nuggets,110,103,DEN,,,Team Totals,240,38,101,.376,12,33,.364,15,22,.682,25,33,58,18,7,0,14,27,103,,,Team Totals,240,.465,.436,.327,.218,42.4,71.7,55.2,47.4,7.2,0.0,11.2,100.0,106.5,113.7,
https://www.basketball-reference.com/boxscores/201504130LAC.html,"10:30 PM, April 13, 2015",Los Angeles Clippers,Denver Nuggets,110,103,LAC,,,Team Totals,240,37,82,.451,7,21,.333,29,37,.784,13,34,47,25,7,8,15,16,110,,,Team Totals,240,.560,.494,.256,.451,28.3,57.6,44.8,67.6,7.2,11.8,13.2,100.0,113.7,106.5,
https://www.basketball-reference.com/boxscores/201504130MIA.html,"7:30 PM, April 13, 2015",Miami Heat,Orlando Magic,100,93,ORL,,,Team Totals,240,35,85,.412,6,21,.286,17,28,.607,11,30,41,14,10,4,8,23,93,,,Team Totals,240,.478,.447,.247,.329,22.0,73.2,45.1,40.0,10.8,5.5,7.6,100.0,100.0,107.5,
https://www.basketball-reference.com/boxscores/201504130MIA.html,"7:30 PM, April 13, 2015",Miami Heat,Orlando Magic,100,93,MIA,,,Team Totals,240,39,83,.470,3,10,.300,19,23,.826,11,39,50,21,2,9,14,19,100,,,Team Totals,240,.537,.488,.120,.277,26.8,78.0,54.9,53.8,2.2,14.1,13.1,100.0,107.5,100.0,
https://www.basketball-reference.com/boxscores/201504130MIN.html,"8:00 PM, April 13, 2015",Minnesota Timberwolves,New Orleans Pelicans,88,100,NOP,,,Team Totals,240,37,84,.440,6,21,.286,20,24,.833,10,29,39,15,6,9,9,23,100,,,Team Totals,240,.529,.476,.250,.286,22.2,78.4,47.6,40.5,6.6,14.1,8.7,100.0,110.6,97.4,
https://www.basketball-reference.com/boxscores/201504130MIN.html,"8:00 PM, April 13, 2015",Minnesota Timberwolves,New Orleans Pelicans,88,100,MIN,,,Team Totals,240,31,78,.397,4,14,.286,22,28,.786,8,35,43,19,1,10,11,22,88,,,Team Totals,240,.487,.423,.179,.359,21.6,77.8,52.4,61.3,1.1,15.9,10.9,100.0,97.4,110.6,
https://www.basketball-reference.com/boxscores/201504130OKC.html,"8:00 PM, April 13, 2015",Oklahoma City Thunder,Portland Trail Blazers,101,90,POR,,,Team Totals,240,38,83,.458,8,23,.348,6,9,.667,3,32,35,22,1,4,13,21,90,,,Team Totals,240,.517,.506,.277,.108,7.0,64.0,37.6,57.9,1.1,5.3,13.0,100.0,95.2,106.8,
https://www.basketball-reference.com/boxscores/201504130OKC.html,"8:00 PM, April 13, 2015",Oklahoma City Thunder,Portland Trail Blazers,101,90,OKC,,,Team Totals,240,39,96,.406,4,21,.190,19,27,.704,18,40,58,14,8,6,8,19,101,,,Team Totals,240,.468,.427,.219,.281,36.0,93.0,62.4,35.9,8.5,10.0,6.9,100.0,106.8,95.2,
https://www.basketball-reference.com/boxscores/201504130PHI.html,"7:00 PM, April 13, 2015",Philadelphia 76ers,Milwaukee Bucks,97,107,MIL,,,Team Totals,240,40,81,.494,4,9,.444,23,36,.639,12,27,39,23,13,7,20,25,107,,,Team Totals,240,.552,.519,.111,.444,31.6,65.9,49.4,57.5,12.5,13.2,17.1,100.0,102.8,93.2,
https://www.basketball-reference.com/boxscores/201504130PHI.html,"7:00 PM, April 13, 2015",Philadelphia 76ers,Milwaukee Bucks,97,107,PHI,,,Team Totals,240,32,81,.395,6,28,.214,27,34,.794,14,26,40,22,11,6,30,28,97,,,Team Totals,240,.505,.432,.346,.420,34.1,68.4,50.6,68.8,10.6,8.3,23.8,100.0,93.2,102.8,
https://www.basketball-reference.com/boxscores/201504130SAC.html,"10:00 PM, April 13, 2015",Sacramento Kings,Los Angeles Lakers,102,92,LAL,,,Team Totals,240,40,96,.417,4,15,.267,8,13,.615,17,32,49,19,8,3,11,26,92,,,Team Totals,240,.452,.438,.156,.135,32.1,86.5,54.4,47.5,8.7,5.4,9.8,100.0,100.0,110.9,
https://www.basketball-reference.com/boxscores/201504130SAC.html,"10:00 PM, April 13, 2015",Sacramento Kings,Los Angeles Lakers,102,92,SAC,,,Team Totals,240,35,72,.486,4,16,.250,28,36,.778,5,36,41,22,4,6,10,14,102,,,Team Totals,240,.581,.514,.222,.500,13.5,67.9,45.6,62.9,4.3,7.4,10.2,100.0,110.9,100.0,
https://www.basketball-reference.com/boxscores/201504130UTA.html,"9:00 PM, April 13, 2015",Utah Jazz,Dallas Mavericks,109,92,DAL,,,Team Totals,240,34,82,.415,9,20,.450,15,23,.652,12,29,41,18,4,4,17,21,92,,,Team Totals,240,.499,.470,.244,.280,25.0,70.7,46.1,52.9,4.2,7.4,15.6,100.0,96.9,114.8,
https://www.basketball-reference.com/boxscores/201504130UTA.html,"9:00 PM, April 13, 2015",Utah Jazz,Dallas Mavericks,109,92,UTA,,,Team Totals,240,41,82,.500,11,28,.393,16,26,.615,12,36,48,24,10,6,15,19,109,,,Team Totals,240,.583,.567,.341,.317,29.3,75.0,53.9,58.5,10.5,9.7,13.8,100.0,114.8,96.9,
https://www.basketball-reference.com/boxscores/201504140BOS.html,"7:30 PM, April 14, 2015",Boston Celtics,Toronto Raptors,95,93,TOR,,,Team Totals,240,35,80,.438,9,24,.375,14,20,.700,7,36,43,17,9,9,20,18,93,,,Team Totals,240,.524,.494,.300,.250,17.5,67.9,46.2,48.6,9.1,12.5,18.4,100.0,94.1,96.1,
https://www.basketball-reference.com/boxscores/201504140BOS.html,"7:30 PM, April 14, 2015",Boston Celtics,Toronto Raptors,95,93,BOS,,,Team Totals,240,38,99,.384,6,27,.222,13,15,.867,17,33,50,24,7,6,14,19,95,,,Team Totals,240,.450,.414,.273,.152,32.1,82.5,53.8,63.2,7.1,10.7,11.7,100.0,96.1,94.1,
https://www.basketball-reference.com/boxscores/201504140IND.html,"8:00 PM, April 14, 2015",Indiana Pacers,Washington Wizards,99,95,WAS,,,Team Totals,290,37,104,.356,7,24,.292,14,17,.824,13,46,59,22,8,2,13,22,95,,,Team Totals,290,.426,.389,.231,.163,23.6,76.7,51.3,59.5,7.4,2.7,10.4,100.0,87.4,91.1,
https://www.basketball-reference.com/boxscores/201504140IND.html,"8:00 PM, April 14, 2015",Indiana Pacers,Washington Wizards,99,95,IND,,,Team Totals,290,40,105,.381,9,30,.300,10,17,.588,14,42,56,22,5,9,15,17,99,,,Team Totals,290,.440,.424,.286,.162,23.3,76.4,48.7,55.0,4.6,11.3,11.8,100.0,91.1,87.4,
https://www.basketball-reference.com/boxscores/201504140PHO.html,"10:30 PM, April 14, 2015",Phoenix Suns,Los Angeles Clippers,101,112,LAC,,,Team Totals,240,42,87,.483,15,38,.395,13,18,.722,11,33,44,26,10,5,13,19,112,,,Team Totals,240,.590,.569,.437,.207,28.2,75.0,53.0,61.9,10.8,9.3,12.0,100.0,120.7,108.8,
https://www.basketball-reference.com/boxscores/201504140PHO.html,"10:30 PM, April 14, 2015",Phoenix Suns,Los Angeles Clippers,101,112,PHO,,,Team Totals,240,39,80,.488,11,26,.423,12,20,.600,11,28,39,25,8,3,15,16,101,,,Team Totals,240,.569,.556,.325,.250,25.0,71.8,47.0,64.1,8.6,6.1,14.5,100.0,108.8,120.7,
https://www.basketball-reference.com/boxscores/201504150BRK.html,"8:00 PM, April 15, 2015",Brooklyn Nets,Orlando Magic,101,88,ORL,,,Team Totals,240,38,79,.481,7,20,.350,5,13,.385,10,32,42,18,6,4,17,21,88,,,Team Totals,240,.519,.525,.253,.165,23.3,82.1,51.2,47.4,6.5,7.1,16.7,100.0,95.0,109.0,
https://www.basketball-reference.com/boxscores/201504150BRK.html,"8:00 PM, April 15, 2015",Brooklyn Nets,Orlando Magic,101,88,BRK,,,Team Totals,240,39,80,.488,9,24,.375,14,23,.609,7,33,40,25,8,5,13,12,101,,,Team Totals,240,.560,.544,.300,.288,17.9,76.7,48.8,64.1,8.6,8.5,12.6,100.0,109.0,95.0,
https://www.basketball-reference.com/boxscores/201504150CHI.html,"8:00 PM, April 15, 2015",Chicago Bulls,Atlanta Hawks,91,85,ATL,,,Team Totals,240,36,92,.391,8,29,.276,5,7,.714,10,32,42,15,10,10,15,19,85,,,Team Totals,240,.447,.435,.315,.076,18.9,82.1,45.7,41.7,10.0,18.9,13.6,100.0,85.4,91.4,
https://www.basketball-reference.com/boxscores/201504150CHI.html,"8:00 PM, April 15, 2015",Chicago Bulls,Atlanta Hawks,91,85,CHI,,,Team Totals,240,31,77,.403,7,24,.292,22,26,.846,7,43,50,14,11,9,22,12,91,,,Team Totals,240,.514,.448,.312,.338,17.9,81.1,54.3,45.2,11.1,14.3,19.9,100.0,91.4,85.4,
https://www.basketball-reference.com/boxscores/201504150CLE.html,"8:00 PM, April 15, 2015",Cleveland Cavaliers,Washington Wizards,113,108,WAS,,,Team Totals,265,42,97,.433,8,22,.364,16,21,.762,15,35,50,26,8,5,14,13,108,,,Team Totals,265,.508,.474,.227,.216,31.3,76.1,53.2,61.9,7.9,8.2,11.6,100.0,106.7,111.6,
https://www.basketball-reference.com/boxscores/201504150CLE.html,"8:00 PM, April 15, 2015",Cleveland Cavaliers,Washington Wizards,113,108,CLE,,,Team Totals,265,43,91,.473,16,30,.533,11,17,.647,11,33,44,29,7,4,16,17,113,,,Team Totals,265,.574,.560,.330,.187,23.9,68.8,46.8,67.4,6.9,5.3,14.0,100.0,111.6,106.7,
https://www.basketball-reference.com/boxscores/201504150DAL.html,"8:00 PM, April 15, 2015",Dallas Mavericks,Portland Trail Blazers,114,98,POR,,,Team Totals,240,38,91,.418,7,25,.280,15,18,.833,12,33,45,20,7,4,19,22,98,,,Team Totals,240,.495,.456,.275,.198,22.2,73.3,45.5,52.6,6.8,6.6,16.1,100.0,94.8,110.3,
https://www.basketball-reference.com/boxscores/201504150DAL.html,"8:00 PM, April 15, 2015",Dallas Mavericks,Portland Trail Blazers,114,98,DAL,,,Team Totals,240,39,86,.453,9,25,.360,27,34,.794,12,42,54,18,9,5,16,17,114,,,Team Totals,240,.565,.506,.291,.395,26.7,77.8,54.5,46.2,8.7,7.6,13.7,100.0,110.3,94.8,
https://www.basketball-reference.com/boxscores/201504150GSW.html,"10:30 PM, April 15, 2015",Golden State Warriors,Denver Nuggets,133,126,DEN,,,Team Totals,240,45,83,.542,6,18,.333,30,36,.833,9,31,40,28,10,4,21,25,126,,,Team Totals,240,.637,.578,.217,.434,25.0,68.9,49.4,62.2,9.5,6.5,17.5,100.0,119.7,126.4,
https://www.basketball-reference.com/boxscores/201504150GSW.html,"10:30 PM, April 15, 2015",Golden State Warriors,Denver Nuggets,133,126,GSW,,,Team Totals,240,47,90,.522,13,28,.464,26,34,.765,14,27,41,30,11,6,13,25,133,,,Team Totals,240,.634,.594,.311,.378,31.1,75.0,50.6,63.8,10.5,9.2,11.0,100.0,126.4,119.7,
https://www.basketball-reference.com/boxscores/201504150HOU.html,"8:00 PM, April 15, 2015",Houston Rockets,Utah Jazz,117,91,UTA,,,Team Totals,240,38,101,.376,5,27,.185,10,18,.556,14,30,44,23,12,6,15,21,91,,,Team Totals,240,.418,.401,.267,.178,23.7,88.2,47.3,60.5,11.4,12.5,12.1,100.0,86.1,110.7,
https://www.basketball-reference.com/boxscores/201504150HOU.html,"8:00 PM, April 15, 2015",Houston Rockets,Utah Jazz,117,91,HOU,,,Team Totals,240,41,76,.539,12,28,.429,23,34,.676,4,45,49,28,9,13,19,19,117,,,Team Totals,240,.643,.618,.368,.447,11.8,76.3,52.7,68.3,8.5,17.6,17.3,100.0,110.7,86.1,
https://www.basketball-reference.com/boxscores/201504150LAL.html,"10:30 PM, April 15, 2015",Los Angeles Lakers,Sacramento Kings,99,122,SAC,,,Team Totals,240,46,84,.548,8,17,.471,22,41,.537,6,36,42,30,10,4,10,16,122,,,Team Totals,240,.598,.595,.202,.488,16.7,69.2,47.7,65.2,9.8,5.7,8.9,100.0,119.9,97.3,
https://www.basketball-reference.com/boxscores/201504150LAL.html,"10:30 PM, April 15, 2015",Los Angeles Lakers,Sacramento Kings,99,122,LAL,,,Team Totals,240,36,94,.383,7,24,.292,20,25,.800,16,30,46,22,6,8,15,28,99,,,Team Totals,240,.471,.420,.255,.266,30.8,83.3,52.3,61.1,5.9,11.9,12.5,100.0,97.3,119.9,
https://www.basketball-reference.com/boxscores/201504150MEM.html,"9:30 PM, April 15, 2015",Memphis Grizzlies,Indiana Pacers,95,83,IND,,,Team Totals,240,32,78,.410,8,24,.333,11,15,.733,13,23,36,15,7,8,13,26,83,,,Team Totals,240,.491,.462,.308,.192,28.9,59.0,42.9,46.9,8.5,11.9,13.3,100.0,100.8,115.4,
https://www.basketball-reference.com/boxscores/201504150MEM.html,"9:30 PM, April 15, 2015",Memphis Grizzlies,Indiana Pacers,95,83,MEM,,,Team Totals,240,36,76,.474,2,9,.222,21,26,.808,16,32,48,12,10,3,13,17,95,,,Team Totals,240,.543,.487,.118,.342,41.0,71.1,57.1,33.3,12.1,5.6,12.9,100.0,115.4,100.8,
https://www.basketball-reference.com/boxscores/201504150MIL.html,"8:00 PM, April 15, 2015",Milwaukee Bucks,Boston Celtics,100,105,BOS,,,Team Totals,240,42,85,.494,13,30,.433,8,14,.571,8,30,38,37,9,5,17,16,105,,,Team Totals,240,.576,.571,.353,.165,20.0,65.2,44.2,88.1,9.3,7.4,15.7,100.0,108.8,103.7,
https://www.basketball-reference.com/boxscores/201504150MIL.html,"8:00 PM, April 15, 2015",Milwaukee Bucks,Boston Celtics,100,105,MIL,,,Team Totals,240,41,89,.461,7,21,.333,11,16,.688,16,32,48,35,7,2,17,17,100,,,Team Totals,240,.521,.500,.236,.180,34.8,80.0,55.8,85.4,7.3,3.6,15.0,100.0,103.7,108.8,
https://www.basketball-reference.com/boxscores/201504150MIN.html,"8:00 PM, April 15, 2015",Minnesota Timberwolves,Oklahoma City Thunder,113,138,OKC,,,Team Totals,240,52,95,.547,12,28,.429,22,31,.710,18,28,46,22,10,6,13,25,138,,,Team Totals,240,.635,.611,.295,.326,41.9,66.7,54.1,42.3,10.0,9.2,10.7,100.0,138.6,113.5,
https://www.basketball-reference.com/boxscores/201504150MIN.html,"8:00 PM, April 15, 2015",Minnesota Timberwolves,Oklahoma City Thunder,113,138,MIN,,,Team Totals,240,39,84,.464,6,19,.316,29,35,.829,14,25,39,22,12,4,16,23,113,,,Team Totals,240,.568,.500,.226,.417,33.3,58.1,45.9,56.4,12.1,6.0,13.9,100.0,113.5,138.6,
https://www.basketball-reference.com/boxscores/201504150NOP.html,"8:00 PM, April 15, 2015",New Orleans Pelicans,San Antonio Spurs,108,103,SAS,,,Team Totals,240,45,79,.570,3,10,.300,10,13,.769,4,32,36,33,2,3,15,20,103,,,Team Totals,240,.608,.589,.127,.165,12.5,82.1,50.7,73.3,2.1,4.1,15.0,100.0,109.0,114.3,
https://www.basketball-reference.com/boxscores/201504150NOP.html,"8:00 PM, April 15, 2015",New Orleans Pelicans,San Antonio Spurs,108,103,NOP,,,Team Totals,240,43,83,.518,5,10,.500,17,25,.680,7,28,35,23,11,7,9,18,108,,,Team Totals,240,.574,.548,.120,.301,17.9,87.5,49.3,53.5,11.6,10.1,8.7,100.0,114.3,109.0,
https://www.basketball-reference.com/boxscores/201504150NYK.html,"8:00 PM, April 15, 2015",New York Knicks,Detroit Pistons,90,112,DET,,,Team Totals,240,41,81,.506,10,26,.385,20,27,.741,11,33,44,20,14,3,13,22,112,,,Team Totals,240,.603,.568,.321,.333,28.2,73.3,52.4,48.8,14.8,5.2,12.3,100.0,118.5,95.3,
https://www.basketball-reference.com/boxscores/201504150NYK.html,"8:00 PM, April 15, 2015",New York Knicks,Detroit Pistons,90,112,NYK,,,Team Totals,240,33,77,.429,7,19,.368,17,27,.630,12,28,40,19,6,3,21,18,90,,,Team Totals,240,.506,.474,.247,.351,26.7,71.8,47.6,57.6,6.4,5.5,19.1,100.0,95.3,118.5,
https://www.basketball-reference.com/boxscores/201504150PHI.html,"8:00 PM, April 15, 2015",Philadelphia 76ers,Miami Heat,101,105,MIA,,,Team Totals,240,39,89,.438,12,31,.387,15,20,.750,12,30,42,22,10,2,16,17,105,,,Team Totals,240,.537,.506,.348,.225,27.3,69.8,48.3,56.4,10.3,3.7,14.1,100.0,107.8,103.7,
https://www.basketball-reference.com/boxscores/201504150PHI.html,"8:00 PM, April 15, 2015",Philadelphia 76ers,Miami Heat,101,105,PHI,,,Team Totals,240,38,83,.458,5,29,.172,20,25,.800,13,32,45,26,7,5,18,21,101,,,Team Totals,240,.537,.488,.349,.301,30.2,72.7,51.7,68.4,7.2,8.6,16.1,100.0,103.7,107.8,
https://www.basketball-reference.com/boxscores/201504150TOR.html,"7:00 PM, April 15, 2015",Toronto Raptors,Charlotte Hornets,92,87,CHO,,,Team Totals,240,30,71,.423,12,33,.364,15,16,.938,8,28,36,15,8,3,14,10,87,,,Team Totals,240,.557,.507,.465,.225,22.9,84.8,52.9,50.0,9.7,6.8,15.2,100.0,105.7,111.8,
https://www.basketball-reference.com/boxscores/201504150TOR.html,"7:00 PM, April 15, 2015",Toronto Raptors,Charlotte Hornets,92,87,TOR,,,Team Totals,240,38,77,.494,12,33,.364,4,4,1.000,5,27,32,27,8,3,11,16,92,,,Team Totals,240,.584,.571,.429,.052,15.2,77.1,47.1,71.1,9.7,7.9,12.3,100.0,111.8,105.7,
https://www.basketball-reference.com/boxscores/201504180CHI.html,"7:00 PM, April 18, 2015",Chicago Bulls,Milwaukee Bucks,103,91,MIL,,,Team Totals,240,35,89,.393,4,16,.250,17,26,.654,13,28,41,22,11,3,13,23,91,,,Team Totals,240,.453,.416,.180,.292,23.6,73.7,44.1,62.9,11.2,5.9,11.5,100.0,92.4,104.6,
https://www.basketball-reference.com/boxscores/201504180CHI.html,"7:00 PM, April 18, 2015",Chicago Bulls,Milwaukee Bucks,103,91,CHI,,,Team Totals,240,38,83,.458,12,32,.375,15,22,.682,10,42,52,30,8,7,19,21,103,,,Team Totals,240,.556,.530,.386,.265,26.3,76.4,55.9,78.9,8.1,9.6,17.0,100.0,104.6,92.4,
https://www.basketball-reference.com/boxscores/201504180GSW.html,"3:30 PM, April 18, 2015",Golden State Warriors,New Orleans Pelicans,106,99,NOP,,,Team Totals,240,35,83,.422,9,22,.409,20,25,.800,10,34,44,24,8,5,14,28,99,,,Team Totals,240,.527,.476,.265,.301,21.3,77.3,48.4,68.6,8.2,9.6,13.0,100.0,101.6,108.7,
https://www.basketball-reference.com/boxscores/201504180GSW.html,"3:30 PM, April 18, 2015",Golden State Warriors,New Orleans Pelicans,106,99,GSW,,,Team Totals,240,37,81,.457,11,29,.379,21,34,.618,10,37,47,24,11,6,15,21,106,,,Team Totals,240,.552,.525,.358,.420,22.7,78.7,51.6,64.9,11.3,9.8,13.5,100.0,108.7,101.6,
https://www.basketball-reference.com/boxscores/201504180HOU.html,"9:30 PM, April 18, 2015",Houston Rockets,Dallas Mavericks,118,108,DAL,,,Team Totals,240,44,99,.444,6,17,.353,14,17,.824,14,35,49,19,5,4,17,28,108,,,Team Totals,240,.507,.475,.172,.172,28.0,81.4,52.7,43.2,4.7,6.7,13.8,100.0,101.4,110.8,
https://www.basketball-reference.com/boxscores/201504180HOU.html,"9:30 PM, April 18, 2015",Houston Rockets,Dallas Mavericks,118,108,HOU,,,Team Totals,240,38,85,.447,10,25,.400,32,45,.711,8,36,44,26,11,9,13,22,118,,,Team Totals,240,.563,.506,.294,.529,18.6,72.0,47.3,68.4,10.3,11.0,11.0,100.0,110.8,101.4,
https://www.basketball-reference.com/boxscores/201504180TOR.html,"12:30 PM, April 18, 2015",Toronto Raptors,Washington Wizards,86,93,WAS,,,Team Totals,265,39,99,.394,6,21,.286,9,15,.600,19,42,61,22,6,3,11,18,93,,,Team Totals,265,.440,.424,.212,.152,33.3,80.8,56.0,56.4,6.2,4.8,9.4,100.0,96.6,89.4,
https://www.basketball-reference.com/boxscores/201504180TOR.html,"12:30 PM, April 18, 2015",Toronto Raptors,Washington Wizards,86,93,TOR,,,Team Totals,265,35,92,.380,6,29,.207,10,14,.714,10,38,48,21,5,4,12,21,86,,,Team Totals,265,.438,.413,.315,.152,19.2,66.7,44.0,60.0,5.2,5.1,10.9,100.0,89.4,96.6,
https://www.basketball-reference.com/boxscores/201504190ATL.html,"5:30 PM, April 19, 2015",Atlanta Hawks,Brooklyn Nets,99,92,BRK,,,Team Totals,240,36,79,.456,5,20,.250,15,22,.682,12,35,47,18,8,0,17,19,92,,,Team Totals,240,.519,.487,.253,.278,26.7,85.4,54.7,50.0,8.5,0.0,16.1,100.0,98.2,105.7,
https://www.basketball-reference.com/boxscores/201504190ATL.html,"5:30 PM, April 19, 2015",Atlanta Hawks,Brooklyn Nets,99,92,ATL,,,Team Totals,240,34,79,.430,10,30,.333,21,22,.955,6,33,39,19,11,3,14,21,99,,,Team Totals,240,.558,.494,.380,.278,14.6,73.3,45.3,55.9,11.7,5.1,13.6,100.0,105.7,98.2,
https://www.basketball-reference.com/boxscores/201504190CLE.html,"3:00 PM, April 19, 2015",Cleveland Cavaliers,Boston Celtics,113,100,BOS,,,Team Totals,240,37,79,.468,8,22,.364,18,22,.818,7,27,34,24,7,4,14,29,100,,,Team Totals,240,.564,.519,.278,.278,18.4,64.3,42.5,64.9,7.6,7.8,13.6,100.0,108.4,122.5,
https://www.basketball-reference.com/boxscores/201504190CLE.html,"3:00 PM, April 19, 2015",Cleveland Cavaliers,Boston Celtics,113,100,CLE,,,Team Totals,240,37,82,.451,13,31,.419,26,33,.788,15,31,46,19,6,5,13,23,113,,,Team Totals,240,.585,.530,.378,.402,35.7,81.6,57.5,51.4,6.5,8.8,11.9,100.0,122.5,108.4,
https://www.basketball-reference.com/boxscores/201504190LAC.html,"10:30 PM, April 19, 2015",Los Angeles Clippers,San Antonio Spurs,107,92,SAS,,,Team Totals,240,34,93,.366,10,33,.303,14,26,.538,17,32,49,25,9,3,15,23,92,,,Team Totals,240,.440,.419,.355,.280,29.8,84.2,51.6,73.5,9.1,5.0,12.6,100.0,93.2,108.4,
https://www.basketball-reference.com/boxscores/201504190LAC.html,"10:30 PM, April 19, 2015",Los Angeles Clippers,San Antonio Spurs,107,92,LAC,,,Team Totals,240,40,78,.513,10,18,.556,17,28,.607,6,40,46,16,9,8,15,21,107,,,Team Totals,240,.592,.577,.231,.359,15.8,70.2,48.4,40.0,9.1,13.3,14.2,100.0,108.4,93.2,
https://www.basketball-reference.com/boxscores/201504190MEM.html,"8:00 PM, April 19, 2015",Memphis Grizzlies,Portland Trail Blazers,100,86,POR,,,Team Totals,240,32,95,.337,8,26,.308,14,19,.737,16,40,56,18,5,7,13,23,86,,,Team Totals,240,.416,.379,.274,.200,28.6,83.3,53.8,56.3,5.2,8.9,11.2,100.0,88.7,103.1,
https://www.basketball-reference.com/boxscores/201504190MEM.html,"8:00 PM, April 19, 2015",Memphis Grizzlies,Portland Trail Blazers,100,86,MEM,,,Team Totals,240,39,88,.443,3,9,.333,19,26,.731,8,40,48,21,8,9,8,18,100,,,Team Totals,240,.503,.460,.102,.295,16.7,71.4,46.2,53.8,8.2,13.0,7.4,100.0,103.1,88.7,
https://www.basketball-reference.com/boxscores/201504200CHI.html,"8:00 PM, April 20, 2015",Chicago Bulls,Milwaukee Bucks,91,82,MIL,,,Team Totals,240,32,90,.356,4,17,.235,14,17,.824,9,39,48,13,10,9,4,22,82,,,Team Totals,240,.421,.378,.189,.189,15.3,73.6,42.9,40.6,10.9,18.8,3.9,100.0,89.1,98.9,
https://www.basketball-reference.com/boxscores/201504200CHI.html,"8:00 PM, April 20, 2015",Chicago Bulls,Milwaukee Bucks,91,82,CHI,,,Team Totals,240,31,81,.383,12,33,.364,17,27,.630,14,50,64,26,2,10,15,19,91,,,Team Totals,240,.490,.457,.407,.333,26.4,84.7,57.1,83.9,2.2,13.7,13.9,100.0,98.9,89.1,
https://www.basketball-reference.com/boxscores/201504200GSW.html,"10:30 PM, April 20, 2015",Golden State Warriors,New Orleans Pelicans,97,87,NOP,,,Team Totals,240,31,81,.383,7,20,.350,18,24,.750,10,31,41,21,10,4,13,20,87,,,Team Totals,240,.475,.426,.247,.296,22.2,68.9,45.6,67.7,10.9,7.1,12.4,100.0,94.9,105.8,
https://www.basketball-reference.com/boxscores/201504200GSW.html,"10:30 PM, April 20, 2015",Golden State Warriors,New Orleans Pelicans,97,87,GSW,,,Team Totals,240,38,86,.442,9,30,.300,12,19,.632,14,35,49,27,8,6,14,18,97,,,Team Totals,240,.514,.494,.349,.221,31.1,77.8,54.4,71.1,8.7,9.8,12.9,100.0,105.8,94.9,
https://www.basketball-reference.com/boxscores/201504210CLE.html,"7:00 PM, April 21, 2015",Cleveland Cavaliers,Boston Celtics,99,91,BOS,,,Team Totals,240,33,85,.388,6,22,.273,19,22,.864,13,26,39,19,6,3,11,22,91,,,Team Totals,240,.481,.424,.259,.259,27.1,68.4,45.3,57.6,6.7,6.4,10.4,100.0,101.1,110.0,
https://www.basketball-reference.com/boxscores/201504210CLE.html,"7:00 PM, April 21, 2015",Cleveland Cavaliers,Boston Celtics,99,91,CLE,,,Team Totals,240,34,76,.447,7,29,.241,24,26,.923,12,35,47,18,7,10,18,22,99,,,Team Totals,240,.566,.493,.382,.342,31.6,72.9,54.7,52.9,7.8,15.9,17.1,100.0,110.0,101.1,
https://www.basketball-reference.com/boxscores/201504210HOU.html,"9:30 PM, April 21, 2015",Houston Rockets,Dallas Mavericks,111,99,DAL,,,Team Totals,240,33,89,.371,6,22,.273,27,28,.964,14,32,46,14,4,6,10,23,99,,,Team Totals,240,.489,.404,.247,.315,28.0,71.1,48.4,42.4,4.2,8.8,9.0,100.0,103.0,115.5,
https://www.basketball-reference.com/boxscores/201504210HOU.html,"9:30 PM, April 21, 2015",Houston Rockets,Dallas Mavericks,111,99,HOU,,,Team Totals,240,39,88,.443,6,20,.300,27,35,.771,13,36,49,25,5,5,12,23,111,,,Team Totals,240,.537,.477,.227,.398,28.9,72.0,51.6,64.1,5.2,7.5,10.4,100.0,115.5,103.0,
https://www.basketball-reference.com/boxscores/201504210TOR.html,"8:00 PM, April 21, 2015",Toronto Raptors,Washington Wizards,106,117,WAS,,,Team Totals,240,42,79,.532,10,21,.476,23,34,.676,10,35,45,26,6,6,16,24,117,,,Team Totals,240,.623,.595,.266,.430,30.3,87.5,61.6,61.9,6.2,9.7,14.6,100.0,120.0,108.8,
https://www.basketball-reference.com/boxscores/201504210TOR.html,"8:00 PM, April 21, 2015",Toronto Raptors,Washington Wizards,106,117,TOR,,,Team Totals,240,39,80,.488,7,18,.389,21,32,.656,5,23,28,19,8,1,11,27,106,,,Team Totals,240,.563,.531,.225,.400,12.5,69.7,38.4,48.7,8.2,1.7,10.5,100.0,108.8,120.0,
https://www.basketball-reference.com/boxscores/201504220ATL.html,"7:00 PM, April 22, 2015",Atlanta Hawks,Brooklyn Nets,96,91,BRK,,,Team Totals,240,35,78,.449,8,26,.308,13,18,.722,8,41,49,23,6,5,16,21,91,,,Team Totals,240,.530,.500,.333,.231,19.5,83.7,54.4,65.7,6.3,8.5,15.7,100.0,96.2,101.5,
https://www.basketball-reference.com/boxscores/201504220ATL.html,"7:00 PM, April 22, 2015",Atlanta Hawks,Brooklyn Nets,96,91,ATL,,,Team Totals,240,35,90,.389,12,31,.387,14,19,.737,8,33,41,27,11,7,9,18,96,,,Team Totals,240,.488,.456,.344,.211,16.3,80.5,45.6,77.1,11.6,13.5,8.4,100.0,101.5,96.2,
https://www.basketball-reference.com/boxscores/201504220LAC.html,"10:30 PM, April 22, 2015",Los Angeles Clippers,San Antonio Spurs,107,111,SAS,,,Team Totals,265,42,91,.462,8,25,.320,19,26,.731,10,38,48,26,8,6,9,31,111,,,Team Totals,265,.542,.505,.275,.286,20.4,70.4,46.6,61.9,7.9,9.5,8.1,100.0,110.1,106.1,
https://www.basketball-reference.com/boxscores/201504220LAC.html,"10:30 PM, April 22, 2015",Los Angeles Clippers,San Antonio Spurs,107,111,LAC,,,Team Totals,265,39,92,.424,9,29,.310,20,37,.541,16,39,55,23,5,6,12,20,107,,,Team Totals,265,.494,.473,.315,.402,29.6,79.6,53.4,59.0,5.0,9.1,10.0,100.0,106.1,110.1,
https://www.basketball-reference.com/boxscores/201504220MEM.html,"8:00 PM, April 22, 2015",Memphis Grizzlies,Portland Trail Blazers,97,82,POR,,,Team Totals,240,30,77,.390,6,20,.300,16,18,.889,11,31,42,11,4,8,14,13,82,,,Team Totals,240,.483,.429,.260,.234,27.5,72.1,50.6,36.7,4.7,11.0,14.2,100.0,96.6,114.3,
https://www.basketball-reference.com/boxscores/201504220MEM.html,"8:00 PM, April 22, 2015",Memphis Grizzlies,Portland Trail Blazers,97,82,MEM,,,Team Totals,240,38,89,.427,8,16,.500,13,14,.929,12,29,41,19,9,7,6,19,97,,,Team Totals,240,.510,.472,.180,.157,27.9,72.5,49.4,50.0,10.6,12.3,5.9,100.0,114.3,96.6,
https://www.basketball-reference.com/boxscores/201504230BOS.html,"7:00 PM, April 23, 2015",Boston Celtics,Cleveland Cavaliers,95,103,CLE,,,Team Totals,240,38,84,.452,12,29,.414,15,24,.625,11,34,45,17,9,7,11,18,103,,,Team Totals,240,.545,.524,.345,.286,23.4,79.1,50.0,44.7,9.6,11.1,10.4,100.0,109.5,101.0,
https://www.basketball-reference.com/boxscores/201504230BOS.html,"7:00 PM, April 23, 2015",Boston Celtics,Cleveland Cavaliers,95,103,BOS,,,Team Totals,240,36,82,.439,5,19,.263,18,21,.857,9,36,45,20,6,5,15,23,95,,,Team Totals,240,.521,.470,.232,.256,20.9,76.6,50.0,55.6,6.4,9.1,14.1,100.0,101.0,109.5,
https://www.basketball-reference.com/boxscores/201504230MIL.html,"8:00 PM, April 23, 2015",Milwaukee Bucks,Chicago Bulls,106,113,CHI,,,Team Totals,290,40,89,.449,14,33,.424,19,24,.792,12,38,50,25,11,6,18,20,113,,,Team Totals,290,.567,.528,.371,.270,26.7,69.1,50.0,62.5,10.6,7.2,15.3,100.0,109.1,102.4,
https://www.basketball-reference.com/boxscores/201504230MIL.html,"8:00 PM, April 23, 2015",Milwaukee Bucks,Chicago Bulls,106,113,MIL,,,Team Totals,290,43,102,.422,6,19,.316,14,25,.560,17,33,50,24,11,7,12,20,106,,,Team Totals,290,.469,.451,.186,.245,30.9,73.3,50.0,55.8,10.6,12.5,9.6,100.0,102.4,109.1,
https://www.basketball-reference.com/boxscores/201504230NOP.html,"9:30 PM, April 23, 2015",New Orleans Pelicans,Golden State Warriors,119,123,GSW,,,Team Totals,265,42,104,.404,14,41,.341,25,30,.833,22,29,51,24,4,6,10,22,123,,,Team Totals,265,.525,.471,.394,.288,39.3,69.0,52.0,57.1,4.0,8.7,7.9,100.0,122.5,118.5,
https://www.basketball-reference.com/boxscores/201504230NOP.html,"9:30 PM, April 23, 2015",New Orleans Pelicans,Golden State Warriors,119,123,NOP,,,Team Totals,265,46,90,.511,6,21,.286,21,26,.808,13,34,47,25,7,8,15,28,119,,,Team Totals,265,.587,.544,.233,.289,31.0,60.7,48.0,54.3,7.0,12.7,12.9,100.0,118.5,122.5,
https://www.basketball-reference.com/boxscores/201504240DAL.html,"7:00 PM, April 24, 2015",Dallas Mavericks,Houston Rockets,128,130,HOU,,,Team Totals,240,48,93,.516,13,24,.542,21,28,.750,17,29,46,23,4,2,14,28,130,,,Team Totals,240,.617,.586,.258,.301,37.0,67.4,51.7,47.9,4.1,3.5,11.7,100.0,132.6,130.5,
https://www.basketball-reference.com/boxscores/201504240DAL.html,"7:00 PM, April 24, 2015",Dallas Mavericks,Houston Rockets,128,130,DAL,,,Team Totals,240,45,86,.523,11,29,.379,27,35,.771,14,29,43,27,9,6,10,28,128,,,Team Totals,240,.631,.587,.337,.407,32.6,63.0,48.3,60.0,9.2,8.7,9.0,100.0,130.5,132.6,
https://www.basketball-reference.com/boxscores/201504240SAS.html,"9:30 PM, April 24, 2015",San Antonio Spurs,Los Angeles Clippers,100,73,LAC,,,Team Totals,240,29,85,.341,6,23,.261,9,12,.750,10,28,38,14,7,4,14,15,73,,,Team Totals,240,.404,.376,.271,.141,20.0,80.0,44.7,48.3,7.9,7.7,13.4,100.0,81.9,112.2,
https://www.basketball-reference.com/boxscores/201504240SAS.html,"9:30 PM, April 24, 2015",San Antonio Spurs,Los Angeles Clippers,100,73,SAS,,,Team Totals,240,40,76,.526,10,24,.417,10,13,.769,7,40,47,25,9,8,13,14,100,,,Team Totals,240,.612,.592,.316,.171,20.0,80.0,55.3,62.5,10.1,12.9,13.7,100.0,112.2,81.9,
https://www.basketball-reference.com/boxscores/201504240WAS.html,"8:00 PM, April 24, 2015",Washington Wizards,Toronto Raptors,106,99,TOR,,,Team Totals,240,37,99,.374,10,28,.357,15,19,.789,10,31,41,21,12,2,9,28,99,,,Team Totals,240,.461,.424,.283,.192,20.8,81.6,47.7,56.8,12.0,4.3,7.7,100.0,99.4,106.4,
https://www.basketball-reference.com/boxscores/201504240WAS.html,"8:00 PM, April 24, 2015",Washington Wizards,Toronto Raptors,106,99,WAS,,,Team Totals,240,36,76,.474,12,29,.414,22,31,.710,7,38,45,27,4,13,17,22,106,,,Team Totals,240,.591,.553,.382,.408,18.4,79.2,52.3,75.0,4.0,18.3,15.9,100.0,106.4,99.4,
https://www.basketball-reference.com/boxscores/201504250BRK.html,"3:00 PM, April 25, 2015",Brooklyn Nets,Atlanta Hawks,91,83,ATL,,,Team Totals,240,32,90,.356,6,30,.200,13,17,.765,14,37,51,22,11,5,16,21,83,,,Team Totals,240,.426,.389,.333,.189,25.9,75.5,49.5,68.8,11.5,8.2,14.1,100.0,86.8,95.1,
https://www.basketball-reference.com/boxscores/201504250BRK.html,"3:00 PM, April 25, 2015",Brooklyn Nets,Atlanta Hawks,91,83,BRK,,,Team Totals,240,32,83,.386,7,22,.318,20,25,.800,12,40,52,24,8,2,15,17,91,,,Team Totals,240,.484,.428,.265,.301,24.5,74.1,50.5,75.0,8.4,3.3,13.8,100.0,95.1,86.8,
https://www.basketball-reference.com/boxscores/201504250MIL.html,"5:30 PM, April 25, 2015",Milwaukee Bucks,Chicago Bulls,92,90,CHI,,,Team Totals,240,33,68,.485,10,18,.556,14,20,.700,5,34,39,23,10,7,28,20,90,,,Team Totals,240,.586,.559,.265,.294,18.5,73.9,53.4,69.7,10.4,10.8,26.7,100.0,93.2,95.3,
https://www.basketball-reference.com/boxscores/201504250MIL.html,"5:30 PM, April 25, 2015",Milwaukee Bucks,Chicago Bulls,92,90,MIL,,,Team Totals,240,34,87,.391,9,22,.409,15,22,.682,12,22,34,25,20,6,15,21,92,,,Team Totals,240,.476,.443,.253,.253,26.1,81.5,46.6,73.5,20.7,12.0,13.4,100.0,95.3,93.2,
https://www.basketball-reference.com/boxscores/201504250NOP.html,"8:00 PM, April 25, 2015",New Orleans Pelicans,Golden State Warriors,98,109,GSW,,,Team Totals,240,40,79,.506,13,24,.542,16,23,.696,10,29,39,28,6,7,10,18,109,,,Team Totals,240,.612,.589,.304,.291,27.8,74.4,52.0,70.0,6.8,11.5,10.1,100.0,124.3,111.7,
https://www.basketball-reference.com/boxscores/201504250NOP.html,"8:00 PM, April 25, 2015",New Orleans Pelicans,Golden State Warriors,98,109,NOP,,,Team Totals,240,40,83,.482,5,22,.227,13,14,.929,10,26,36,23,5,6,12,19,98,,,Team Totals,240,.550,.512,.265,.169,25.6,72.2,48.0,57.5,5.7,10.9,11.9,100.0,111.7,124.3,
https://www.basketball-reference.com/boxscores/201504250POR.html,"10:30 PM, April 25, 2015",Portland Trail Blazers,Memphis Grizzlies,109,115,MEM,,,Team Totals,240,36,77,.468,4,9,.444,39,43,.907,6,32,38,18,3,6,7,22,115,,,Team Totals,240,.599,.494,.117,.558,16.7,86.5,52.1,50.0,3.2,12.0,6.8,100.0,123.4,117.0,
https://www.basketball-reference.com/boxscores/201504250POR.html,"10:30 PM, April 25, 2015",Portland Trail Blazers,Memphis Grizzlies,109,115,POR,,,Team Totals,240,36,77,.468,11,27,.407,26,31,.839,5,30,35,23,2,4,9,31,109,,,Team Totals,240,.601,.539,.351,.403,13.5,83.3,47.9,63.9,2.1,5.9,9.0,100.0,117.0,123.4,
https://www.basketball-reference.com/boxscores/201504260BOS.html,"1:00 PM, April 26, 2015",Boston Celtics,Cleveland Cavaliers,93,101,CLE,,,Team Totals,240,31,78,.397,7,33,.212,32,43,.744,10,40,50,13,9,9,8,30,101,,,Team Totals,240,.521,.442,.423,.551,22.7,78.4,52.6,41.9,9.3,14.5,7.6,100.0,104.4,96.1,
https://www.basketball-reference.com/boxscores/201504260BOS.html,"1:00 PM, April 26, 2015",Boston Celtics,Cleveland Cavaliers,93,101,BOS,,,Team Totals,240,33,85,.388,3,23,.130,24,37,.649,11,34,45,17,2,3,14,33,93,,,Team Totals,240,.459,.406,.271,.435,21.6,77.3,47.4,51.5,2.1,6.7,12.1,100.0,96.1,104.4,
https://www.basketball-reference.com/boxscores/201504260DAL.html,"9:00 PM, April 26, 2015",Dallas Mavericks,Houston Rockets,121,109,HOU,,,Team Totals,240,38,81,.469,7,31,.226,26,40,.650,7,31,38,21,10,4,12,24,109,,,Team Totals,240,.553,.512,.383,.494,16.3,66.0,42.2,55.3,9.8,6.1,10.8,100.0,107.3,119.1,
https://www.basketball-reference.com/boxscores/201504260DAL.html,"9:00 PM, April 26, 2015",Dallas Mavericks,Houston Rockets,121,109,DAL,,,Team Totals,240,51,94,.543,10,28,.357,9,21,.429,16,36,52,25,3,5,15,28,121,,,Team Totals,240,.586,.596,.298,.223,34.0,83.7,57.8,49.0,3.0,10.0,12.7,100.0,119.1,107.3,
https://www.basketball-reference.com/boxscores/201504260SAS.html,"3:30 PM, April 26, 2015",San Antonio Spurs,Los Angeles Clippers,105,114,LAC,,,Team Totals,240,45,84,.536,5,18,.278,19,26,.731,6,37,43,24,7,6,10,24,114,,,Team Totals,240,.597,.565,.214,.310,15.4,77.1,49.4,53.3,7.3,10.2,9.5,100.0,118.5,109.1,
https://www.basketball-reference.com/boxscores/201504260SAS.html,"3:30 PM, April 26, 2015",San Antonio Spurs,Los Angeles Clippers,105,114,SAS,,,Team Totals,240,37,84,.440,6,25,.240,25,35,.714,11,33,44,20,3,6,8,24,105,,,Team Totals,240,.528,.476,.298,.417,22.9,84.6,50.6,54.1,3.1,9.1,7.4,100.0,109.1,118.5,
https://www.basketball-reference.com/boxscores/201504260WAS.html,"6:30 PM, April 26, 2015",Washington Wizards,Toronto Raptors,125,94,TOR,,,Team Totals,240,36,82,.439,7,25,.280,15,20,.750,10,27,37,17,5,2,16,24,94,,,Team Totals,240,.518,.482,.305,.244,22.7,77.1,46.8,47.2,5.3,4.2,15.0,100.0,99.8,132.7,
https://www.basketball-reference.com/boxscores/201504260WAS.html,"6:30 PM, April 26, 2015",Washington Wizards,Toronto Raptors,125,94,WAS,,,Team Totals,240,41,74,.554,15,26,.577,28,34,.824,8,34,42,30,10,4,14,18,125,,,Team Totals,240,.703,.655,.351,.459,22.9,77.3,53.2,73.2,10.6,7.0,13.6,100.0,132.7,99.8,
https://www.basketball-reference.com/boxscores/201504270BRK.html,"7:00 PM, April 27, 2015",Brooklyn Nets,Atlanta Hawks,120,115,ATL,,,Team Totals,265,46,95,.484,13,33,.394,10,15,.667,18,37,55,27,7,6,18,19,115,,,Team Totals,265,.566,.553,.347,.158,38.3,77.1,57.9,58.7,7.0,9.2,15.1,100.0,114.4,119.4,
https://www.basketball-reference.com/boxscores/201504270BRK.html,"7:00 PM, April 27, 2015",Brooklyn Nets,Atlanta Hawks,120,115,BRK,,,Team Totals,265,46,96,.479,14,31,.452,14,21,.667,11,29,40,25,13,5,10,19,120,,,Team Totals,265,.570,.552,.323,.219,22.9,61.7,42.1,54.3,12.9,8.1,8.7,100.0,119.4,114.4,
https://www.basketball-reference.com/boxscores/201504270CHI.html,"8:00 PM, April 27, 2015",Chicago Bulls,Milwaukee Bucks,88,94,MIL,,,Team Totals,240,36,85,.424,6,16,.375,16,16,1.000,13,35,48,21,10,11,17,24,94,,,Team Totals,240,.511,.459,.188,.188,31.7,67.3,51.6,58.3,10.8,16.2,15.6,100.0,101.2,94.8,
https://www.basketball-reference.com/boxscores/201504270CHI.html,"8:00 PM, April 27, 2015",Chicago Bulls,Milwaukee Bucks,88,94,CHI,,,Team Totals,240,31,90,.344,4,22,.182,22,29,.759,17,28,45,22,8,10,13,19,88,,,Team Totals,240,.428,.367,.244,.322,32.7,68.3,48.4,71.0,8.6,14.5,11.2,100.0,94.8,101.2,
https://www.basketball-reference.com/boxscores/201504270POR.html,"10:30 PM, April 27, 2015",Portland Trail Blazers,Memphis Grizzlies,99,92,MEM,,,Team Totals,240,36,82,.439,7,14,.500,13,14,.929,7,33,40,19,6,3,9,20,92,,,Team Totals,240,.522,.482,.171,.171,15.9,71.7,44.4,52.8,6.8,4.8,9.3,100.0,103.5,111.4,
https://www.basketball-reference.com/boxscores/201504270POR.html,"10:30 PM, April 27, 2015",Portland Trail Blazers,Memphis Grizzlies,99,92,POR,,,Team Totals,240,36,87,.414,8,25,.320,19,21,.905,13,37,50,18,5,0,9,13,99,,,Team Totals,240,.514,.460,.287,.241,28.3,84.1,55.6,50.0,5.6,0.0,8.6,100.0,111.4,103.5,
https://www.basketball-reference.com/boxscores/201504280HOU.html,"8:00 PM, April 28, 2015",Houston Rockets,Dallas Mavericks,103,94,DAL,,,Team Totals,240,35,92,.380,5,26,.192,19,25,.760,10,37,47,21,14,2,19,29,94,,,Team Totals,240,.456,.408,.283,.272,19.2,77.1,47.0,60.0,13.0,3.9,15.6,100.0,87.2,95.5,
https://www.basketball-reference.com/boxscores/201504280HOU.html,"8:00 PM, April 28, 2015",Houston Rockets,Dallas Mavericks,103,94,HOU,,,Team Totals,240,37,82,.451,10,31,.323,19,36,.528,11,42,53,22,9,6,21,26,103,,,Team Totals,240,.526,.512,.378,.439,22.9,80.8,53.0,59.5,8.3,9.1,17.7,100.0,95.5,87.2,
https://www.basketball-reference.com/boxscores/201504280LAC.html,"10:30 PM, April 28, 2015",Los Angeles Clippers,San Antonio Spurs,107,111,SAS,,,Team Totals,240,36,81,.444,11,23,.478,28,37,.757,12,35,47,21,4,2,16,32,111,,,Team Totals,240,.571,.512,.284,.457,25.5,76.1,50.5,58.3,3.9,2.8,14.1,100.0,108.5,104.6,
https://www.basketball-reference.com/boxscores/201504280LAC.html,"10:30 PM, April 28, 2015",Los Angeles Clippers,San Antonio Spurs,107,111,LAC,,,Team Totals,240,40,86,.465,1,14,.071,26,42,.619,11,35,46,22,11,5,14,27,107,,,Team Totals,240,.512,.471,.163,.488,23.9,74.5,49.5,55.0,10.8,8.6,11.8,100.0,104.6,108.5,
https://www.basketball-reference.com/boxscores/201504290ATL.html,"7:00 PM, April 29, 2015",Atlanta Hawks,Brooklyn Nets,107,97,BRK,,,Team Totals,240,37,78,.474,10,22,.455,13,15,.867,5,30,35,20,5,5,13,21,97,,,Team Totals,240,.573,.538,.282,.192,12.5,78.9,44.9,54.1,5.4,10.0,13.3,100.0,105.5,116.4,
https://www.basketball-reference.com/boxscores/201504290ATL.html,"7:00 PM, April 29, 2015",Atlanta Hawks,Brooklyn Nets,107,97,ATL,,,Team Totals,240,40,83,.482,13,33,.394,14,20,.700,8,35,43,25,9,4,11,11,107,,,Team Totals,240,.583,.560,.398,.241,21.1,87.5,55.1,62.5,9.8,7.1,10.7,100.0,116.4,105.5,
https://www.basketball-reference.com/boxscores/201504290MEM.html,"9:30 PM, April 29, 2015",Memphis Grizzlies,Portland Trail Blazers,99,93,POR,,,Team Totals,240,33,82,.402,13,33,.394,14,19,.737,5,33,38,13,1,7,13,23,93,,,Team Totals,240,.515,.482,.402,.232,10.9,68.8,40.4,39.4,1.0,9.3,12.6,100.0,97.1,103.4,
https://www.basketball-reference.com/boxscores/201504290MEM.html,"9:30 PM, April 29, 2015",Memphis Grizzlies,Portland Trail Blazers,99,93,MEM,,,Team Totals,240,37,89,.416,1,14,.071,24,30,.800,15,41,56,17,10,6,11,21,99,,,Team Totals,240,.484,.421,.157,.337,31.3,89.1,59.6,45.9,10.4,12.2,9.7,100.0,103.4,97.1,
https://www.basketball-reference.com/boxscores/201504300MIL.html,"7:00 PM, April 30, 2015",Milwaukee Bucks,Chicago Bulls,66,120,CHI,,,Team Totals,240,46,90,.511,15,30,.500,13,16,.813,10,40,50,31,7,2,12,14,120,,,Team Totals,240,.618,.594,.333,.178,23.8,81.6,54.9,67.4,7.4,3.5,11.0,100.0,127.1,69.9,
https://www.basketball-reference.com/boxscores/201504300MIL.html,"7:00 PM, April 30, 2015",Milwaukee Bucks,Chicago Bulls,66,120,MIL,,,Team Totals,240,25,76,.329,4,19,.211,12,19,.632,9,32,41,17,3,4,18,17,66,,,Team Totals,240,.391,.355,.250,.250,18.4,76.2,45.1,68.0,3.2,6.7,17.6,100.0,69.9,127.1,
https://www.basketball-reference.com/boxscores/201504300SAS.html,"9:30 PM, April 30, 2015",San Antonio Spurs,Los Angeles Clippers,96,102,LAC,,,Team Totals,240,38,80,.475,4,18,.222,22,31,.710,10,33,43,22,7,7,10,18,102,,,Team Totals,240,.545,.500,.225,.388,23.8,73.3,49.4,57.9,7.6,12.7,9.6,100.0,111.1,104.5,
https://www.basketball-reference.com/boxscores/201504300SAS.html,"9:30 PM, April 30, 2015",San Antonio Spurs,Los Angeles Clippers,96,102,SAS,,,Team Totals,240,36,83,.434,12,28,.429,12,21,.571,12,32,44,26,3,2,14,27,96,,,Team Totals,240,.520,.506,.337,.253,26.7,76.2,50.6,72.2,3.3,3.2,13.2,100.0,104.5,111.1,
https://www.basketball-reference.com/boxscores/201505010BRK.html,"8:00 PM, May 1, 2015",Brooklyn Nets,Atlanta Hawks,87,111,ATL,,,Team Totals,240,43,85,.506,13,32,.406,12,15,.800,6,39,45,34,11,3,12,21,111,,,Team Totals,240,.606,.582,.376,.176,14.6,81.3,50.6,79.1,11.3,4.8,11.6,100.0,113.7,89.1,
https://www.basketball-reference.com/boxscores/201505010BRK.html,"8:00 PM, May 1, 2015",Brooklyn Nets,Atlanta Hawks,87,111,BRK,,,Team Totals,240,31,85,.365,7,23,.304,18,24,.750,9,35,44,20,5,3,15,17,87,,,Team Totals,240,.455,.406,.271,.282,18.8,85.4,49.4,64.5,5.1,5.7,13.6,100.0,89.1,113.7,
https://www.basketball-reference.com/boxscores/201505020LAC.html,"8:00 PM, May 2, 2015",Los Angeles Clippers,San Antonio Spurs,111,109,SAS,,,Team Totals,240,43,89,.483,10,25,.400,13,20,.650,13,33,46,26,7,6,10,23,109,,,Team Totals,240,.557,.539,.281,.225,26.5,82.5,51.7,60.5,7.6,12.2,9.3,100.0,117.7,119.9,
https://www.basketball-reference.com/boxscores/201505020LAC.html,"8:00 PM, May 2, 2015",Los Angeles Clippers,San Antonio Spurs,111,109,LAC,,,Team Totals,240,40,76,.526,14,27,.519,17,25,.680,7,36,43,26,6,7,12,21,111,,,Team Totals,240,.638,.618,.355,.329,17.5,73.5,48.3,65.0,6.5,10.9,12.1,100.0,119.9,117.7,
https://www.basketball-reference.com/boxscores/201505030ATL.html,"1:00 PM, May 3, 2015",Atlanta Hawks,Washington Wizards,98,104,WAS,,,Team Totals,240,38,91,.418,9,25,.360,19,22,.864,15,39,54,18,4,4,8,19,104,,,Team Totals,240,.516,.467,.275,.242,29.4,70.9,50.9,47.4,4.3,6.7,7.4,100.0,111.4,105.0,
https://www.basketball-reference.com/boxscores/201505030ATL.html,"1:00 PM, May 3, 2015",Atlanta Hawks,Washington Wizards,98,104,ATL,,,Team Totals,240,37,98,.378,13,38,.342,11,14,.786,16,36,52,27,3,6,11,18,98,,,Team Totals,240,.470,.444,.388,.143,29.1,70.6,49.1,73.0,3.2,9.1,9.6,100.0,105.0,111.4,
https://www.basketball-reference.com/boxscores/201505030GSW.html,"3:30 PM, May 3, 2015",Golden State Warriors,Memphis Grizzlies,101,86,MEM,,,Team Totals,240,33,73,.452,3,12,.250,17,22,.773,7,30,37,24,13,0,16,16,86,,,Team Totals,240,.520,.473,.164,.301,17.9,81.1,48.7,72.7,14.3,0.0,16.2,100.0,94.8,111.3,
https://www.basketball-reference.com/boxscores/201505030GSW.html,"3:30 PM, May 3, 2015",Golden State Warriors,Memphis Grizzlies,101,86,GSW,,,Team Totals,240,39,77,.506,13,28,.464,10,15,.667,7,32,39,26,13,2,16,20,101,,,Team Totals,240,.604,.591,.364,.195,18.9,82.1,51.3,66.7,14.3,3.3,16.1,100.0,111.3,94.8,
https://www.basketball-reference.com/boxscores/201505040CLE.html,"7:00 PM, May 4, 2015",Cleveland Cavaliers,Chicago Bulls,92,99,CHI,,,Team Totals,240,40,80,.500,10,18,.556,9,16,.563,11,31,42,23,7,6,10,15,99,,,Team Totals,240,.569,.563,.225,.200,28.2,73.8,51.9,57.5,8.3,10.9,10.3,100.0,117.3,109.0,
https://www.basketball-reference.com/boxscores/201505040CLE.html,"7:00 PM, May 4, 2015",Cleveland Cavaliers,Chicago Bulls,92,99,CLE,,,Team Totals,240,34,81,.420,7,26,.269,17,19,.895,11,28,39,17,6,6,9,16,92,,,Team Totals,240,.515,.463,.321,.235,26.2,71.8,48.1,50.0,7.1,9.7,9.2,100.0,109.0,117.3,
https://www.basketball-reference.com/boxscores/201505040HOU.html,"9:30 PM, May 4, 2015",Houston Rockets,Los Angeles Clippers,101,117,LAC,,,Team Totals,240,41,84,.488,13,31,.419,22,30,.733,9,33,42,31,14,6,23,22,117,,,Team Totals,240,.602,.565,.369,.357,23.7,84.6,54.5,75.6,12.8,11.8,19.1,100.0,107.3,92.6,
https://www.basketball-reference.com/boxscores/201505040HOU.html,"9:30 PM, May 4, 2015",Houston Rockets,Los Angeles Clippers,101,117,HOU,,,Team Totals,240,38,84,.452,11,33,.333,14,24,.583,6,29,35,24,14,8,24,25,101,,,Team Totals,240,.534,.518,.393,.286,15.4,76.3,45.5,63.2,12.8,15.1,20.2,100.0,92.6,107.3,
https://www.basketball-reference.com/boxscores/201505050ATL.html,"8:00 PM, May 5, 2015",Atlanta Hawks,Washington Wizards,106,90,WAS,,,Team Totals,240,35,82,.427,12,22,.545,8,14,.571,7,33,40,21,9,1,16,21,90,,,Team Totals,240,.510,.500,.268,.171,17.5,75.0,47.6,60.0,9.6,1.8,15.4,100.0,96.3,113.4,
https://www.basketball-reference.com/boxscores/201505050ATL.html,"8:00 PM, May 5, 2015",Atlanta Hawks,Washington Wizards,106,90,ATL,,,Team Totals,240,37,85,.435,10,29,.345,22,25,.880,11,33,44,30,10,6,10,16,106,,,Team Totals,240,.552,.494,.341,.294,25.0,82.5,52.4,81.1,10.7,10.0,9.4,100.0,113.4,96.3,
https://www.basketball-reference.com/boxscores/201505050GSW.html,"10:30 PM, May 5, 2015",Golden State Warriors,Memphis Grizzlies,90,97,MEM,,,Team Totals,240,37,83,.446,5,15,.333,18,20,.900,8,31,39,19,13,2,14,21,97,,,Team Totals,240,.528,.476,.181,.241,18.2,77.5,46.4,51.4,13.6,4.2,13.2,100.0,101.6,94.3,
https://www.basketball-reference.com/boxscores/201505050GSW.html,"10:30 PM, May 5, 2015",Golden State Warriors,Memphis Grizzlies,90,97,GSW,,,Team Totals,240,31,74,.419,6,26,.231,22,28,.786,9,36,45,16,6,3,20,18,90,,,Team Totals,240,.521,.459,.351,.378,22.5,81.8,53.6,51.6,6.3,4.4,18.8,100.0,94.3,101.6,
https://www.basketball-reference.com/boxscores/201505060CLE.html,"7:00 PM, May 6, 2015",Cleveland Cavaliers,Chicago Bulls,106,91,CHI,,,Team Totals,240,32,79,.405,7,22,.318,20,25,.800,11,26,37,20,7,4,12,20,91,,,Team Totals,240,.506,.449,.278,.316,26.2,65.0,45.1,62.5,8.0,7.0,11.8,100.0,103.9,121.0,
https://www.basketball-reference.com/boxscores/201505060CLE.html,"7:00 PM, May 6, 2015",Cleveland Cavaliers,Chicago Bulls,106,91,CLE,,,Team Totals,240,37,83,.446,12,26,.462,20,29,.690,14,31,45,19,8,4,10,23,106,,,Team Totals,240,.553,.518,.313,.349,35.0,73.8,54.9,51.4,9.1,7.0,9.5,100.0,121.0,103.9,
https://www.basketball-reference.com/boxscores/201505060HOU.html,"9:30 PM, May 6, 2015",Houston Rockets,Los Angeles Clippers,115,109,LAC,,,Team Totals,240,39,86,.453,6,25,.240,25,32,.781,6,34,40,20,9,4,12,40,109,,,Team Totals,240,.545,.488,.291,.372,13.3,69.4,42.6,51.3,8.6,7.4,10.7,100.0,104.5,110.2,
https://www.basketball-reference.com/boxscores/201505060HOU.html,"9:30 PM, May 6, 2015",Houston Rockets,Los Angeles Clippers,115,109,HOU,,,Team Totals,240,34,80,.425,5,26,.192,42,64,.656,15,39,54,20,6,10,14,27,115,,,Team Totals,240,.532,.456,.325,.800,30.6,86.7,57.4,58.8,5.8,16.4,11.5,100.0,110.2,104.5,
https://www.basketball-reference.com/boxscores/201505080CHI.html,"8:00 PM, May 8, 2015",Chicago Bulls,Cleveland Cavaliers,99,96,CLE,,,Team Totals,240,32,82,.390,14,34,.412,18,19,.947,9,30,39,23,6,9,12,24,96,,,Team Totals,240,.531,.476,.415,.232,20.0,62.5,41.9,71.9,6.6,13.0,11.7,100.0,106.1,109.4,
https://www.basketball-reference.com/boxscores/201505080CHI.html,"8:00 PM, May 8, 2015",Chicago Bulls,Cleveland Cavaliers,99,96,CHI,,,Team Totals,240,34,90,.378,6,21,.286,25,29,.862,18,36,54,17,9,10,11,18,99,,,Team Totals,240,.482,.411,.233,.322,37.5,80.0,58.1,50.0,9.9,20.8,9.7,100.0,109.4,106.1,
https://www.basketball-reference.com/boxscores/201505080LAC.html,"10:30 PM, May 8, 2015",Los Angeles Clippers,Houston Rockets,124,99,HOU,,,Team Totals,240,35,88,.398,11,33,.333,18,31,.581,16,27,43,21,8,5,15,18,99,,,Team Totals,240,.487,.460,.375,.352,29.6,69.2,46.2,60.0,8.1,9.3,12.9,100.0,100.7,126.1,
https://www.basketball-reference.com/boxscores/201505080LAC.html,"10:30 PM, May 8, 2015",Los Angeles Clippers,Houston Rockets,124,99,LAC,,,Team Totals,240,46,83,.554,13,29,.448,19,23,.826,12,38,50,26,12,6,18,27,124,,,Team Totals,240,.666,.633,.349,.277,30.8,70.4,53.8,56.5,12.2,10.9,16.2,100.0,126.1,100.7,
https://www.basketball-reference.com/boxscores/201505090MEM.html,"8:00 PM, May 9, 2015",Memphis Grizzlies,Golden State Warriors,99,89,GSW,,,Team Totals,240,32,74,.432,6,26,.231,19,28,.679,10,29,39,20,7,7,17,23,89,,,Team Totals,240,.516,.473,.351,.378,23.3,72.5,47.0,62.5,7.6,10.6,16.5,100.0,96.4,107.2,
https://www.basketball-reference.com/boxscores/201505090MEM.html,"8:00 PM, May 9, 2015",Memphis Grizzlies,Golden State Warriors,99,89,MEM,,,Team Totals,240,37,82,.451,5,16,.313,20,23,.870,11,33,44,21,10,2,15,26,99,,,Team Totals,240,.537,.482,.195,.280,27.5,76.7,53.0,56.8,10.8,4.2,14.0,100.0,107.2,96.4,
https://www.basketball-reference.com/boxscores/201505090WAS.html,"5:00 PM, May 9, 2015",Washington Wizards,Atlanta Hawks,103,101,ATL,,,Team Totals,240,36,81,.444,7,23,.304,22,29,.759,8,30,38,23,10,3,11,26,101,,,Team Totals,240,.539,.488,.284,.358,19.0,76.9,46.9,63.9,10.6,6.0,10.5,100.0,106.9,109.0,
https://www.basketball-reference.com/boxscores/201505090WAS.html,"5:00 PM, May 9, 2015",Washington Wizards,Atlanta Hawks,103,101,WAS,,,Team Totals,240,37,78,.474,10,28,.357,19,29,.655,9,34,43,27,5,5,15,24,103,,,Team Totals,240,.567,.538,.359,.372,23.1,81.0,53.1,73.0,5.3,8.6,14.2,100.0,109.0,106.9,
https://www.basketball-reference.com/boxscores/201505100CHI.html,"3:30 PM, May 10, 2015",Chicago Bulls,Cleveland Cavaliers,84,86,CLE,,,Team Totals,240,29,75,.387,5,25,.200,23,24,.958,6,38,44,16,4,6,15,16,86,,,Team Totals,240,.503,.420,.333,.320,17.1,77.6,52.4,55.2,4.4,8.8,14.9,100.0,93.9,91.7,
https://www.basketball-reference.com/boxscores/201505100CHI.html,"3:30 PM, May 10, 2015",Chicago Bulls,Cleveland Cavaliers,84,86,CHI,,,Team Totals,240,32,89,.360,9,21,.429,11,12,.917,11,29,40,12,7,6,12,19,84,,,Team Totals,240,.445,.410,.236,.135,22.4,82.9,47.6,37.5,7.6,12.0,11.3,100.0,91.7,93.9,
https://www.basketball-reference.com/boxscores/201505100LAC.html,"8:30 PM, May 10, 2015",Los Angeles Clippers,Houston Rockets,128,95,HOU,,,Team Totals,240,34,83,.410,12,28,.429,15,30,.500,10,37,47,20,6,1,21,40,95,,,Team Totals,240,.494,.482,.337,.361,19.6,78.7,48.0,58.8,5.7,2.1,17.9,100.0,89.7,120.9,
https://www.basketball-reference.com/boxscores/201505100LAC.html,"8:30 PM, May 10, 2015",Los Angeles Clippers,Houston Rockets,128,95,LAC,,,Team Totals,240,39,79,.494,13,31,.419,37,63,.587,10,41,51,27,9,5,11,22,128,,,Team Totals,240,.600,.576,.392,.797,21.3,80.4,52.0,69.2,8.5,9.1,9.3,100.0,120.9,89.7,
https://www.basketball-reference.com/boxscores/201505110MEM.html,"9:30 PM, May 11, 2015",Memphis Grizzlies,Golden State Warriors,84,101,GSW,,,Team Totals,240,38,80,.475,14,33,.424,11,16,.688,10,35,45,22,11,10,21,23,101,,,Team Totals,240,.580,.563,.413,.200,23.8,67.3,47.9,57.9,11.7,14.3,19.4,100.0,107.1,89.0,
https://www.basketball-reference.com/boxscores/201505110MEM.html,"9:30 PM, May 11, 2015",Memphis Grizzlies,Golden State Warriors,84,101,MEM,,,Team Totals,240,33,88,.375,4,18,.222,14,18,.778,17,32,49,24,8,4,16,17,84,,,Team Totals,240,.438,.398,.205,.205,32.7,76.2,52.1,72.7,8.5,8.5,14.3,100.0,89.0,107.1,
https://www.basketball-reference.com/boxscores/201505110WAS.html,"7:00 PM, May 11, 2015",Washington Wizards,Atlanta Hawks,101,106,ATL,,,Team Totals,240,41,87,.471,9,19,.474,15,19,.789,10,27,37,30,8,5,13,20,106,,,Team Totals,240,.556,.523,.218,.218,24.4,73.0,47.4,73.2,8.4,8.5,12.0,100.0,111.1,105.9,
https://www.basketball-reference.com/boxscores/201505110WAS.html,"7:00 PM, May 11, 2015",Washington Wizards,Atlanta Hawks,101,106,WAS,,,Team Totals,240,38,85,.447,12,26,.462,13,17,.765,10,31,41,21,5,8,17,19,101,,,Team Totals,240,.546,.518,.306,.200,27.0,75.6,52.6,55.3,5.2,11.8,15.5,100.0,105.9,111.1,
https://www.basketball-reference.com/boxscores/201505120CLE.html,"7:00 PM, May 12, 2015",Cleveland Cavaliers,Chicago Bulls,106,101,CHI,,,Team Totals,240,34,86,.395,7,25,.280,26,28,.929,12,28,40,20,5,5,11,23,101,,,Team Totals,240,.514,.436,.291,.326,28.6,71.8,49.4,58.8,5.5,9.1,10.1,100.0,111.9,117.4,
https://www.basketball-reference.com/boxscores/201505120CLE.html,"7:00 PM, May 12, 2015",Cleveland Cavaliers,Chicago Bulls,106,101,CLE,,,Team Totals,240,40,79,.506,8,24,.333,18,25,.720,11,30,41,19,5,12,11,22,106,,,Team Totals,240,.589,.557,.304,.316,28.2,71.4,50.6,47.5,5.5,19.7,10.9,100.0,117.4,111.9,
https://www.basketball-reference.com/boxscores/201505120HOU.html,"9:30 PM, May 12, 2015",Houston Rockets,Los Angeles Clippers,124,103,LAC,,,Team Totals,240,38,91,.418,9,35,.257,18,31,.581,13,26,39,22,6,2,7,27,103,,,Team Totals,240,.492,.467,.385,.341,23.2,63.4,40.2,57.9,6.2,3.6,6.3,100.0,106.6,128.4,
https://www.basketball-reference.com/boxscores/201505120HOU.html,"9:30 PM, May 12, 2015",Houston Rockets,Los Angeles Clippers,124,103,HOU,,,Team Totals,240,46,85,.541,9,29,.310,23,38,.605,15,43,58,29,5,3,11,24,124,,,Team Totals,240,.610,.594,.341,.447,36.6,76.8,59.8,63.0,5.2,5.4,9.8,100.0,128.4,106.6,
https://www.basketball-reference.com/boxscores/201505130ATL.html,"8:00 PM, May 13, 2015",Atlanta Hawks,Washington Wizards,82,81,WAS,,,Team Totals,240,33,88,.375,4,17,.235,11,16,.688,13,33,46,20,15,5,19,17,81,,,Team Totals,240,.426,.398,.193,.182,26.0,71.7,47.9,60.6,15.3,8.2,16.7,100.0,82.8,83.8,
https://www.basketball-reference.com/boxscores/201505130ATL.html,"8:00 PM, May 13, 2015",Atlanta Hawks,Washington Wizards,82,81,ATL,,,Team Totals,240,34,83,.410,5,22,.227,9,11,.818,13,37,50,21,11,13,25,17,82,,,Team Totals,240,.467,.440,.265,.133,28.3,74.0,52.1,61.8,11.2,18.3,22.2,100.0,83.8,82.8,
https://www.basketball-reference.com/boxscores/201505130GSW.html,"10:30 PM, May 13, 2015",Golden State Warriors,Memphis Grizzlies,98,78,MEM,,,Team Totals,240,33,83,.398,4,15,.267,8,10,.800,13,30,43,21,8,1,16,17,78,,,Team Totals,240,.446,.422,.181,.120,30.2,68.2,49.4,63.6,9.2,2.0,15.5,100.0,89.6,112.5,
https://www.basketball-reference.com/boxscores/201505130GSW.html,"10:30 PM, May 13, 2015",Golden State Warriors,Memphis Grizzlies,98,78,GSW,,,Team Totals,240,38,81,.469,14,30,.467,8,10,.800,14,30,44,28,9,6,17,13,98,,,Team Totals,240,.574,.556,.370,.123,31.8,69.8,50.6,73.7,10.3,8.8,16.6,100.0,112.5,89.6,
https://www.basketball-reference.com/boxscores/201505140CHI.html,"8:00 PM, May 14, 2015",Chicago Bulls,Cleveland Cavaliers,73,94,CLE,,,Team Totals,240,33,79,.418,12,27,.444,16,20,.800,16,37,53,20,3,8,14,16,94,,,Team Totals,240,.535,.494,.342,.253,41.0,80.4,62.4,60.6,3.7,13.3,13.8,100.0,116.5,90.5,
https://www.basketball-reference.com/boxscores/201505140CHI.html,"8:00 PM, May 14, 2015",Chicago Bulls,Cleveland Cavaliers,73,94,CHI,,,Team Totals,240,30,80,.375,4,20,.200,9,10,.900,9,23,32,17,5,6,7,18,73,,,Team Totals,240,.432,.400,.250,.125,19.6,59.0,37.6,56.7,6.2,11.5,7.7,100.0,90.5,116.5,
https://www.basketball-reference.com/boxscores/201505140LAC.html,"10:30 PM, May 14, 2015",Los Angeles Clippers,Houston Rockets,107,119,HOU,,,Team Totals,240,37,87,.425,13,32,.406,32,47,.681,15,45,60,19,8,5,10,22,119,,,Team Totals,240,.553,.500,.368,.540,28.8,91.8,59.4,51.4,7.7,8.2,8.5,100.0,114.7,103.1,
https://www.basketball-reference.com/boxscores/201505140LAC.html,"10:30 PM, May 14, 2015",Los Angeles Clippers,Houston Rockets,107,119,LAC,,,Team Totals,240,38,91,.418,7,30,.233,24,32,.750,4,37,41,19,8,7,8,31,107,,,Team Totals,240,.509,.456,.330,.352,8.2,71.2,40.6,50.0,7.7,12.7,7.1,100.0,103.1,114.7,
https://www.basketball-reference.com/boxscores/201505150MEM.html,"9:30 PM, May 15, 2015",Memphis Grizzlies,Golden State Warriors,95,108,GSW,,,Team Totals,240,41,81,.506,15,32,.469,11,14,.786,7,40,47,27,1,8,12,24,108,,,Team Totals,240,.620,.599,.395,.173,18.4,76.9,52.2,65.9,1.1,10.7,12.1,100.0,118.3,104.0,
https://www.basketball-reference.com/boxscores/201505150MEM.html,"9:30 PM, May 15, 2015",Memphis Grizzlies,Golden State Warriors,95,108,MEM,,,Team Totals,240,34,91,.374,4,16,.250,23,30,.767,12,31,43,21,7,5,3,16,95,,,Team Totals,240,.456,.396,.176,.330,23.1,81.6,47.8,61.8,7.7,10.2,2.8,100.0,104.0,118.3,
https://www.basketball-reference.com/boxscores/201505150WAS.html,"7:00 PM, May 15, 2015",Washington Wizards,Atlanta Hawks,91,94,ATL,,,Team Totals,240,36,84,.429,8,27,.296,14,19,.737,12,35,47,20,8,6,15,22,94,,,Team Totals,240,.509,.476,.321,.226,24.5,66.0,46.1,55.6,8.5,8.0,14.0,100.0,100.2,97.0,
https://www.basketball-reference.com/boxscores/201505150WAS.html,"7:00 PM, May 15, 2015",Washington Wizards,Atlanta Hawks,91,94,WAS,,,Team Totals,240,34,93,.366,4,18,.222,19,25,.760,18,37,55,19,7,4,12,18,91,,,Team Totals,240,.438,.387,.194,.269,34.0,75.5,53.9,55.9,7.5,7.0,10.3,100.0,97.0,100.2,
https://www.basketball-reference.com/boxscores/201505170HOU.html,"3:30 PM, May 17, 2015",Houston Rockets,Los Angeles Clippers,113,100,LAC,,,Team Totals,240,41,92,.446,7,28,.250,11,17,.647,15,33,48,23,10,9,18,32,100,,,Team Totals,240,.503,.484,.304,.185,29.4,89.2,54.5,56.1,9.7,18.8,15.3,100.0,96.5,109.1,
https://www.basketball-reference.com/boxscores/201505170HOU.html,"3:30 PM, May 17, 2015",Houston Rockets,Los Angeles Clippers,113,100,HOU,,,Team Totals,240,35,78,.449,12,30,.400,31,41,.756,4,36,40,22,11,4,17,21,113,,,Team Totals,240,.588,.526,.385,.526,10.8,70.6,45.5,62.9,10.6,6.3,15.0,100.0,109.1,96.5,
https://www.basketball-reference.com/boxscores/201505190GSW.html,"9:00 PM, May 19, 2015",Golden State Warriors,Houston Rockets,110,106,HOU,,,Team Totals,240,40,86,.465,8,22,.364,18,28,.643,14,33,47,27,8,6,16,19,106,,,Team Totals,240,.539,.512,.256,.326,32.6,70.2,52.2,67.5,8.2,9.5,14.0,100.0,108.5,112.6,
https://www.basketball-reference.com/boxscores/201505190GSW.html,"9:00 PM, May 19, 2015",Golden State Warriors,Houston Rockets,110,106,GSW,,,Team Totals,240,43,92,.467,10,29,.345,14,22,.636,14,29,43,27,9,3,13,23,110,,,Team Totals,240,.541,.522,.315,.239,29.8,67.4,47.8,62.8,9.2,4.7,11.3,100.0,112.6,108.5,
https://www.basketball-reference.com/boxscores/201505200ATL.html,"8:30 PM, May 20, 2015",Atlanta Hawks,Cleveland Cavaliers,89,97,CLE,,,Team Totals,240,37,84,.440,10,26,.385,13,20,.650,12,37,49,20,4,4,15,19,97,,,Team Totals,240,.523,.500,.310,.238,28.6,84.1,57.0,54.1,4.4,7.4,13.9,100.0,105.7,97.0,
https://www.basketball-reference.com/boxscores/201505200ATL.html,"8:30 PM, May 20, 2015",Atlanta Hawks,Cleveland Cavaliers,89,97,ATL,,,Team Totals,240,34,77,.442,4,23,.174,17,23,.739,7,30,37,19,6,3,12,21,89,,,Team Totals,240,.511,.468,.299,.299,15.9,71.4,43.0,55.9,6.5,5.2,12.1,100.0,97.0,105.7,
https://www.basketball-reference.com/boxscores/201505210GSW.html,"9:00 PM, May 21, 2015",Golden State Warriors,Houston Rockets,99,98,HOU,,,Team Totals,240,39,84,.464,7,23,.304,13,19,.684,11,28,39,20,10,5,11,18,98,,,Team Totals,240,.531,.506,.274,.226,25.6,80.0,50.0,51.3,11.0,9.4,10.6,100.0,107.8,108.9,
https://www.basketball-reference.com/boxscores/201505210GSW.html,"9:00 PM, May 21, 2015",Golden State Warriors,Houston Rockets,99,98,GSW,,,Team Totals,240,41,77,.532,8,24,.333,9,13,.692,7,32,39,31,7,8,17,17,99,,,Team Totals,240,.598,.584,.312,.169,20.0,74.4,50.0,75.6,7.7,13.1,17.0,100.0,108.9,107.8,
https://www.basketball-reference.com/boxscores/201505220ATL.html,"8:30 PM, May 22, 2015",Atlanta Hawks,Cleveland Cavaliers,82,94,CLE,,,Team Totals,240,33,76,.434,12,30,.400,16,26,.615,11,36,47,17,6,4,13,14,94,,,Team Totals,240,.538,.513,.395,.342,25.6,83.7,54.7,51.5,6.9,7.5,12.9,100.0,107.5,93.8,
https://www.basketball-reference.com/boxscores/201505220ATL.html,"8:30 PM, May 22, 2015",Atlanta Hawks,Cleveland Cavaliers,82,94,ATL,,,Team Totals,240,33,79,.418,6,26,.231,10,13,.769,7,32,39,15,7,3,11,19,82,,,Team Totals,240,.484,.456,.329,.165,16.3,74.4,45.3,45.5,8.0,6.5,11.5,100.0,93.8,107.5,
https://www.basketball-reference.com/boxscores/201505230HOU.html,"9:00 PM, May 23, 2015",Houston Rockets,Golden State Warriors,80,115,GSW,,,Team Totals,240,44,97,.454,11,28,.393,16,20,.800,17,43,60,26,9,6,14,27,115,,,Team Totals,240,.543,.510,.289,.206,36.2,82.7,60.6,59.1,9.1,10.3,11.7,100.0,115.8,80.5,
https://www.basketball-reference.com/boxscores/201505230HOU.html,"9:00 PM, May 23, 2015",Houston Rockets,Golden State Warriors,80,115,HOU,,,Team Totals,240,28,83,.337,5,25,.200,19,31,.613,9,30,39,15,7,4,15,19,80,,,Team Totals,240,.414,.367,.301,.373,17.3,63.8,39.4,53.6,7.0,5.8,13.4,100.0,80.5,115.8,
https://www.basketball-reference.com/boxscores/201505240CLE.html,"8:30 PM, May 24, 2015",Cleveland Cavaliers,Atlanta Hawks,114,111,ATL,,,Team Totals,265,36,88,.409,11,30,.367,28,32,.875,6,36,42,20,9,3,7,25,111,,,Team Totals,265,.544,.472,.341,.364,14.0,65.5,42.9,55.6,9.0,4.9,6.4,100.0,110.7,113.7,
https://www.basketball-reference.com/boxscores/201505240CLE.html,"8:30 PM, May 24, 2015",Cleveland Cavaliers,Atlanta Hawks,114,111,CLE,,,Team Totals,265,40,97,.412,14,36,.389,20,29,.690,19,37,56,24,3,6,13,24,114,,,Team Totals,265,.519,.485,.371,.299,34.5,86.0,57.1,60.0,3.0,10.3,10.6,100.0,113.7,110.7,
https://www.basketball-reference.com/boxscores/201505250HOU.html,"9:00 PM, May 25, 2015",Houston Rockets,Golden State Warriors,128,115,GSW,,,Team Totals,240,44,97,.454,20,46,.435,7,13,.538,10,37,47,26,9,9,15,29,115,,,Team Totals,240,.560,.557,.474,.134,19.2,90.2,50.5,59.1,8.4,20.5,12.7,100.0,108.0,120.2,
https://www.basketball-reference.com/boxscores/201505250HOU.html,"9:00 PM, May 25, 2015",Houston Rockets,Golden State Warriors,128,115,HOU,,,Team Totals,240,43,76,.566,17,32,.531,25,43,.581,4,42,46,22,8,10,17,16,128,,,Team Totals,240,.674,.678,.421,.566,9.8,80.8,49.5,51.2,7.5,19.6,15.2,100.0,120.2,108.0,
https://www.basketball-reference.com/boxscores/201505260CLE.html,"8:30 PM, May 26, 2015",Cleveland Cavaliers,Atlanta Hawks,118,88,ATL,,,Team Totals,240,36,85,.424,5,32,.156,11,18,.611,7,32,39,22,4,3,8,20,88,,,Team Totals,240,.474,.453,.376,.212,14.0,71.1,41.1,61.1,4.2,5.4,7.9,100.0,93.5,125.4,
https://www.basketball-reference.com/boxscores/201505260CLE.html,"8:30 PM, May 26, 2015",Cleveland Cavaliers,Atlanta Hawks,118,88,CLE,,,Team Totals,240,43,87,.494,13,31,.419,19,30,.633,13,43,56,23,5,7,10,18,118,,,Team Totals,240,.589,.569,.356,.345,28.9,86.0,58.9,53.5,5.3,13.2,9.1,100.0,125.4,93.5,
https://www.basketball-reference.com/boxscores/201505270GSW.html,"9:00 PM, May 27, 2015",Golden State Warriors,Houston Rockets,104,90,HOU,,,Team Totals,240,26,74,.351,5,24,.208,33,44,.750,10,29,39,16,12,6,20,26,90,,,Team Totals,240,.482,.385,.324,.595,20.0,60.4,39.8,61.5,12.0,9.7,17.6,100.0,90.1,104.1,
https://www.basketball-reference.com/boxscores/201505270GSW.html,"9:00 PM, May 27, 2015",Golden State Warriors,Houston Rockets,104,90,GSW,,,Team Totals,240,37,91,.407,9,29,.310,21,31,.677,19,40,59,25,10,4,18,30,104,,,Team Totals,240,.497,.456,.319,.341,39.6,80.0,60.2,67.6,10.0,8.0,14.7,100.0,104.1,90.1,
https://www.basketball-reference.com/boxscores/201506040GSW.html,"9:00 PM, June 4, 2015",Golden State Warriors,Cleveland Cavaliers,108,100,CLE,,,Team Totals,265,39,94,.415,9,31,.290,13,19,.684,13,32,45,19,10,5,12,20,100,,,Team Totals,265,.488,.463,.330,.202,26.0,74.4,48.4,48.7,10.3,8.2,10.5,100.0,103.3,111.5,
https://www.basketball-reference.com/boxscores/201506040GSW.html,"9:00 PM, June 4, 2015",Golden State Warriors,Cleveland Cavaliers,108,100,GSW,,,Team Totals,265,39,88,.443,10,27,.370,20,22,.909,11,37,48,24,8,5,12,16,108,,,Team Totals,265,.553,.500,.307,.250,25.6,74.0,51.6,61.5,8.3,7.9,10.9,100.0,111.5,103.3,
https://www.basketball-reference.com/boxscores/201506070GSW.html,"8:00 PM, June 7, 2015",Golden State Warriors,Cleveland Cavaliers,93,95,CLE,,,Team Totals,265,29,90,.322,9,27,.333,28,40,.700,14,41,55,14,11,3,17,24,95,,,Team Totals,265,.441,.372,.300,.444,28.6,80.4,55.0,48.3,10.7,6.3,13.6,100.0,92.3,90.4,
https://www.basketball-reference.com/boxscores/201506070GSW.html,"8:00 PM, June 7, 2015",Golden State Warriors,Cleveland Cavaliers,93,95,GSW,,,Team Totals,265,33,83,.398,8,35,.229,19,25,.760,10,35,45,16,11,7,19,31,93,,,Team Totals,265,.495,.446,.422,.301,19.6,71.4,45.0,48.5,10.7,11.1,16.8,100.0,90.4,92.3,
https://www.basketball-reference.com/boxscores/201506090CLE.html,"9:00 PM, June 9, 2015",Cleveland Cavaliers,Golden State Warriors,96,91,GSW,,,Team Totals,240,36,90,.400,12,34,.353,7,12,.583,18,28,46,21,6,7,14,25,91,,,Team Totals,240,.478,.467,.378,.133,32.7,82.4,51.7,58.3,6.5,12.7,12.8,100.0,99.0,104.5,
https://www.basketball-reference.com/boxscores/201506090CLE.html,"9:00 PM, June 9, 2015",Cleveland Cavaliers,Golden State Warriors,96,91,CLE,,,Team Totals,240,35,76,.461,9,21,.429,17,24,.708,6,37,43,15,9,8,16,16,96,,,Team Totals,240,.555,.520,.276,.316,17.6,67.3,48.3,42.9,9.8,14.3,15.6,100.0,104.5,99.0,
https://www.basketball-reference.com/boxscores/201506110CLE.html,"9:00 PM, June 11, 2015",Cleveland Cavaliers,Golden State Warriors,82,103,GSW,,,Team Totals,240,36,77,.468,12,30,.400,19,27,.704,6,38,44,24,5,5,7,21,103,,,Team Totals,240,.579,.545,.390,.351,15.4,70.4,47.3,66.7,5.6,8.2,7.3,100.0,116.0,92.4,
https://www.basketball-reference.com/boxscores/201506110CLE.html,"9:00 PM, June 11, 2015",Cleveland Cavaliers,Golden State Warriors,82,103,CLE,,,Team Totals,240,29,88,.330,4,27,.148,20,28,.714,16,33,49,16,2,3,9,19,82,,,Team Totals,240,.409,.352,.307,.318,29.6,84.6,52.7,55.2,2.3,6.4,8.2,100.0,92.4,116.0,
https://www.basketball-reference.com/boxscores/201506140GSW.html,"8:00 PM, June 14, 2015",Golden State Warriors,Cleveland Cavaliers,104,91,CLE,,,Team Totals,240,32,81,.395,12,35,.343,15,21,.714,10,27,37,17,10,4,14,28,91,,,Team Totals,240,.504,.469,.432,.259,23.8,71.1,46.3,53.1,10.8,8.2,13.4,100.0,98.7,112.8,
https://www.basketball-reference.com/boxscores/201506140GSW.html,"8:00 PM, June 14, 2015",Golden State Warriors,Cleveland Cavaliers,104,91,GSW,,,Team Totals,240,36,75,.480,12,26,.462,20,34,.588,11,32,43,25,7,2,17,25,104,,,Team Totals,240,.578,.560,.347,.453,28.9,76.2,53.8,69.4,7.6,4.3,15.9,100.0,112.8,98.7,
https://www.basketball-reference.com/boxscores/201506160CLE.html,"9:00 PM, June 16, 2015",Cleveland Cavaliers,Golden State Warriors,97,105,GSW,,,Team Totals,240,37,85,.435,13,34,.382,18,29,.621,7,32,39,28,11,4,9,27,105,,,Team Totals,240,.537,.512,.400,.341,14.9,66.7,41.1,75.7,11.2,7.1,8.4,100.0,106.8,98.6,
https://www.basketball-reference.com/boxscores/201506160CLE.html,"9:00 PM, June 16, 2015",Cleveland Cavaliers,Golden State Warriors,97,105,CLE,,,Team Totals,240,32,82,.390,6,26,.231,27,39,.692,16,40,56,14,3,7,19,26,97,,,Team Totals,240,.489,.427,.317,.476,33.3,85.1,58.9,43.8,3.1,13.7,16.1,100.0,98.6,106.8,
