boxscore_url,game_date_raw,home_team_name,away_team_name,home_pts,away_pts,team_abbr,home_away,winner,"basic_('unnamed: 0_level_0', 'starters')","basic_('basic box score stats', 'mp')","basic_('basic box score stats', 'fg')","basic_('basic box score stats', 'fga')","basic_('basic box score stats', 'fg%')","basic_('basic box score stats', '3p')","basic_('basic box score stats', '3pa')","basic_('basic box score stats', '3p%')","basic_('basic box score stats', 'ft')","basic_('basic box score stats', 'fta')","basic_('basic box score stats', 'ft%')","basic_('basic box score stats', 'orb')","basic_('basic box score stats', 'drb')","basic_('basic box score stats', 'trb')","basic_('basic box score stats', 'ast')","basic_('basic box score stats', 'stl')","basic_('basic box score stats', 'blk')","basic_('basic box score stats', 'tov')","basic_('basic box score stats', 'pf')","basic_('basic box score stats', 'pts')","basic_('basic box score stats', 'gmsc')","basic_('basic box score stats', '+/-')","adv_('unnamed: 0_level_0', 'starters')","adv_('advanced box score stats', 'mp')","adv_('advanced box score stats', 'ts%')","adv_('advanced box score stats', 'efg%')","adv_('advanced box score stats', '3par')","adv_('advanced box score stats', 'ftr')","adv_('advanced box score stats', 'orb%')","adv_('advanced box score stats', 'drb%')","adv_('advanced box score stats', 'trb%')","adv_('advanced box score stats', 'ast%')","adv_('advanced box score stats', 'stl%')","adv_('advanced box score stats', 'blk%')","adv_('advanced box score stats', 'tov%')","adv_('advanced box score stats', 'usg%')","adv_('advanced box score stats', 'ortg')","adv_('advanced box score stats', 'drtg')","adv_('advanced box score stats', 'bpm')"
https://www.basketball-reference.com/boxscores/201810160BOS.html,"8:00 PM, October 16, 2018",Boston Celtics,Philadelphia 76ers,105,87,PHI,,,Team Totals,240,34,87,.391,5,26,.192,14,23,.609,6,41,47,18,8,5,16,20,87,,,Team Totals,240,.448,.420,.299,.264,12.2,77.4,46.1,52.9,7.6,8.3,14.1,100.0,83.0,100.2,
https://www.basketball-reference.com/boxscores/201810160BOS.html,"8:00 PM, October 16, 2018",Boston Celtics,Philadelphia 76ers,105,87,BOS,,,Team Totals,240,42,97,.433,11,37,.297,10,14,.714,12,43,55,21,7,5,15,20,105,,,Team Totals,240,.509,.490,.381,.144,22.6,87.8,53.9,50.0,6.7,8.2,12.7,100.0,100.2,83.0,
https://www.basketball-reference.com/boxscores/201810160GSW.html,"10:30 PM, October 16, 2018",Golden State Warriors,Oklahoma City Thunder,108,100,OKC,,,Team Totals,240,33,91,.363,10,37,.270,24,37,.649,16,29,45,21,12,6,15,21,100,,,Team Totals,240,.466,.418,.407,.407,28.1,63.0,43.7,63.6,11.7,8.7,12.3,100.0,97.3,105.0,
https://www.basketball-reference.com/boxscores/201810160GSW.html,"10:30 PM, October 16, 2018",Golden State Warriors,Oklahoma City Thunder,108,100,GSW,,,Team Totals,240,42,95,.442,7,26,.269,17,18,.944,17,41,58,28,7,7,21,29,108,,,Team Totals,240,.525,.479,.274,.189,37.0,71.9,56.3,66.7,6.8,13.0,16.9,100.0,105.0,97.3,
https://www.basketball-reference.com/boxscores/201810170CHO.html,"7:00 PM, October 17, 2018",Charlotte Hornets,Milwaukee Bucks,112,113,MIL,,,Team Totals,240,42,85,.494,14,34,.412,15,20,.750,11,46,57,26,5,4,21,25,113,,,Team Totals,240,.602,.576,.400,.235,25.6,83.6,58.2,61.9,4.9,7.4,18.3,100.0,110.2,109.2,
https://www.basketball-reference.com/boxscores/201810170CHO.html,"7:00 PM, October 17, 2018",Charlotte Hornets,Milwaukee Bucks,112,113,CHO,,,Team Totals,240,41,92,.446,16,38,.421,14,22,.636,9,32,41,21,8,9,11,19,112,,,Team Totals,240,.551,.533,.413,.239,16.4,74.4,41.8,51.2,7.8,17.6,9.8,100.0,109.2,110.2,
https://www.basketball-reference.com/boxscores/201810170DET.html,"7:00 PM, October 17, 2018",Detroit Pistons,Brooklyn Nets,103,100,BRK,,,Team Totals,240,40,82,.488,5,27,.185,15,22,.682,5,34,39,28,9,5,19,23,100,,,Team Totals,240,.545,.518,.329,.268,13.5,70.8,45.9,70.0,8.8,7.4,17.2,100.0,97.6,100.5,
https://www.basketball-reference.com/boxscores/201810170DET.html,"7:00 PM, October 17, 2018",Detroit Pistons,Brooklyn Nets,103,100,DET,,,Team Totals,240,39,92,.424,6,24,.250,19,22,.864,14,32,46,21,5,5,17,20,103,,,Team Totals,240,.506,.457,.261,.239,29.2,86.5,54.1,53.8,4.9,9.1,14.3,100.0,100.5,97.6,
https://www.basketball-reference.com/boxscores/201810170HOU.html,"8:00 PM, October 17, 2018",Houston Rockets,New Orleans Pelicans,112,131,NOP,,,Team Totals,240,52,98,.531,10,25,.400,17,22,.773,14,40,54,36,8,3,12,25,131,,,Team Totals,240,.608,.582,.255,.224,32.6,83.3,59.3,69.2,7.7,6.8,10.0,100.0,126.6,108.3,
https://www.basketball-reference.com/boxscores/201810170HOU.html,"8:00 PM, October 17, 2018",Houston Rockets,New Orleans Pelicans,112,131,HOU,,,Team Totals,240,39,92,.424,16,48,.333,18,24,.750,8,29,37,21,8,7,12,22,112,,,Team Totals,240,.546,.511,.522,.261,16.7,67.4,40.7,53.8,7.7,9.6,10.5,100.0,108.3,126.6,
https://www.basketball-reference.com/boxscores/201810170IND.html,"7:00 PM, October 17, 2018",Indiana Pacers,Memphis Grizzlies,111,83,MEM,,,Team Totals,240,25,84,.298,10,29,.345,23,28,.821,7,21,28,16,11,3,10,18,83,,,Team Totals,240,.431,.357,.345,.333,13.7,61.8,32.9,64.0,11.6,5.3,9.4,100.0,87.4,116.8,
https://www.basketball-reference.com/boxscores/201810170IND.html,"7:00 PM, October 17, 2018",Indiana Pacers,Memphis Grizzlies,111,83,IND,,,Team Totals,240,47,83,.566,10,26,.385,7,13,.538,13,44,57,29,2,7,20,24,111,,,Team Totals,240,.626,.627,.313,.157,38.2,86.3,67.1,61.7,2.1,12.7,18.4,100.0,116.8,87.4,
https://www.basketball-reference.com/boxscores/201810170LAC.html,"10:30 PM, October 17, 2018",Los Angeles Clippers,Denver Nuggets,98,107,DEN,,,Team Totals,240,33,87,.379,8,24,.333,33,42,.786,14,42,56,20,6,9,11,22,107,,,Team Totals,240,.507,.425,.276,.483,26.9,82.4,54.4,60.6,6.0,15.0,9.4,100.0,106.6,97.6,
https://www.basketball-reference.com/boxscores/201810170LAC.html,"10:30 PM, October 17, 2018",Los Angeles Clippers,Denver Nuggets,98,107,LAC,,,Team Totals,240,35,88,.398,8,28,.286,20,24,.833,9,38,47,21,3,9,14,32,98,,,Team Totals,240,.497,.443,.318,.273,17.6,73.1,45.6,60.0,3.0,14.3,12.4,100.0,97.6,106.6,
https://www.basketball-reference.com/boxscores/201810170NYK.html,"7:30 PM, October 17, 2018",New York Knicks,Atlanta Hawks,126,107,ATL,,,Team Totals,240,41,90,.456,10,36,.278,15,18,.833,7,38,45,19,7,3,24,30,107,,,Team Totals,240,.546,.511,.400,.200,16.3,79.2,49.5,46.3,6.1,4.5,19.7,100.0,93.8,110.5,
https://www.basketball-reference.com/boxscores/201810170NYK.html,"7:30 PM, October 17, 2018",New York Knicks,Atlanta Hawks,126,107,NYK,,,Team Totals,240,45,99,.455,12,33,.364,24,31,.774,10,36,46,21,12,6,16,23,126,,,Team Totals,240,.559,.515,.333,.313,20.8,83.7,50.5,46.7,10.5,11.1,12.4,100.0,110.5,93.8,
https://www.basketball-reference.com/boxscores/201810170ORL.html,"7:00 PM, October 17, 2018",Orlando Magic,Miami Heat,104,101,MIA,,,Team Totals,240,38,97,.392,9,33,.273,16,22,.727,14,38,52,16,4,5,17,28,101,,,Team Totals,240,.473,.438,.340,.227,27.5,73.1,50.5,42.1,3.8,7.2,13.7,100.0,97.1,100.0,
https://www.basketball-reference.com/boxscores/201810170ORL.html,"7:00 PM, October 17, 2018",Orlando Magic,Miami Heat,104,101,ORL,,,Team Totals,240,39,94,.415,7,25,.280,19,31,.613,14,37,51,20,7,7,12,25,104,,,Team Totals,240,.483,.452,.266,.330,26.9,72.5,49.5,51.3,6.7,10.9,10.0,100.0,100.0,97.1,
https://www.basketball-reference.com/boxscores/201810170PHO.html,"10:30 PM, October 17, 2018",Phoenix Suns,Dallas Mavericks,121,100,DAL,,,Team Totals,240,38,88,.432,10,33,.303,14,20,.700,10,28,38,28,7,5,9,16,100,,,Team Totals,240,.517,.489,.375,.227,20.8,82.4,46.3,73.7,7.5,10.6,8.5,100.0,107.4,129.9,
https://www.basketball-reference.com/boxscores/201810170PHO.html,"10:30 PM, October 17, 2018",Phoenix Suns,Dallas Mavericks,121,100,PHO,,,Team Totals,240,44,81,.543,19,34,.559,14,16,.875,6,38,44,35,5,2,12,22,121,,,Team Totals,240,.687,.660,.420,.198,17.6,79.2,53.7,79.5,5.4,3.6,12.0,100.0,129.9,107.4,
https://www.basketball-reference.com/boxscores/201810170SAC.html,"10:00 PM, October 17, 2018",Sacramento Kings,Utah Jazz,117,123,UTA,,,Team Totals,240,41,79,.519,13,27,.481,28,38,.737,5,39,44,21,8,4,17,19,123,,,Team Totals,240,.642,.601,.342,.481,13.5,88.6,54.3,51.2,7.6,5.3,15.1,100.0,116.4,110.7,
https://www.basketball-reference.com/boxscores/201810170SAC.html,"10:00 PM, October 17, 2018",Sacramento Kings,Utah Jazz,117,123,SAC,,,Team Totals,240,49,95,.516,7,19,.368,12,18,.667,5,32,37,17,8,3,9,27,117,,,Team Totals,240,.568,.553,.200,.189,11.4,86.5,45.7,34.7,7.6,5.8,8.0,100.0,110.7,116.4,
https://www.basketball-reference.com/boxscores/201810170SAS.html,"8:30 PM, October 17, 2018",San Antonio Spurs,Minnesota Timberwolves,112,108,MIN,,,Team Totals,240,39,91,.429,6,19,.316,24,27,.889,14,32,46,20,9,2,11,27,108,,,Team Totals,240,.525,.462,.209,.297,29.8,62.7,46.9,51.3,9.4,2.9,9.7,100.0,112.7,116.8,
https://www.basketball-reference.com/boxscores/201810170SAS.html,"8:30 PM, October 17, 2018",San Antonio Spurs,Minnesota Timberwolves,112,108,SAS,,,Team Totals,240,40,93,.430,11,25,.440,21,29,.724,19,33,52,22,3,4,12,22,112,,,Team Totals,240,.530,.489,.269,.312,37.3,70.2,53.1,55.0,3.1,5.6,10.2,100.0,116.8,112.7,
https://www.basketball-reference.com/boxscores/201810170TOR.html,"7:30 PM, October 17, 2018",Toronto Raptors,Cleveland Cavaliers,116,104,CLE,,,Team Totals,240,34,85,.400,7,19,.368,29,39,.744,14,35,49,17,4,0,16,25,104,,,Team Totals,240,.509,.441,.224,.459,28.6,81.4,53.3,50.0,4.0,0.0,13.5,100.0,103.1,115.0,
https://www.basketball-reference.com/boxscores/201810170TOR.html,"7:30 PM, October 17, 2018",Toronto Raptors,Cleveland Cavaliers,116,104,TOR,,,Team Totals,240,45,92,.489,14,33,.424,12,20,.600,8,35,43,21,6,7,10,29,116,,,Team Totals,240,.575,.565,.359,.217,18.6,71.4,46.7,46.7,6.0,10.6,9.0,100.0,115.0,103.1,
https://www.basketball-reference.com/boxscores/201810180PHI.html,"8:00 PM, October 18, 2018",Philadelphia 76ers,Chicago Bulls,127,108,CHI,,,Team Totals,240,44,101,.436,11,33,.333,9,12,.750,5,34,39,28,4,6,12,23,108,,,Team Totals,240,.508,.490,.327,.119,10.2,75.6,41.5,63.6,3.7,10.5,10.1,100.0,99.6,117.2,
https://www.basketball-reference.com/boxscores/201810180PHI.html,"8:00 PM, October 18, 2018",Philadelphia 76ers,Chicago Bulls,127,108,PHI,,,Team Totals,240,44,93,.473,12,36,.333,27,30,.900,11,44,55,30,10,8,13,17,127,,,Team Totals,240,.598,.538,.387,.323,24.4,89.8,58.5,68.2,9.2,11.8,10.9,100.0,117.2,99.6,
https://www.basketball-reference.com/boxscores/201810180POR.html,"10:30 PM, October 18, 2018",Portland Trail Blazers,Los Angeles Lakers,128,119,LAL,,,Team Totals,240,45,93,.484,7,30,.233,22,29,.759,8,38,46,23,10,6,15,26,119,,,Team Totals,240,.563,.522,.323,.312,16.7,73.1,46.0,51.1,8.9,9.5,12.4,100.0,106.5,114.5,
https://www.basketball-reference.com/boxscores/201810180POR.html,"10:30 PM, October 18, 2018",Portland Trail Blazers,Los Angeles Lakers,128,119,POR,,,Team Totals,240,44,100,.440,13,37,.351,27,29,.931,14,40,54,21,9,10,17,26,128,,,Team Totals,240,.568,.505,.370,.290,26.9,83.3,54.0,47.7,8.1,15.9,13.1,100.0,114.5,106.5,
https://www.basketball-reference.com/boxscores/201810180WAS.html,"8:00 PM, October 18, 2018",Washington Wizards,Miami Heat,112,113,MIA,,,Team Totals,240,38,97,.392,12,35,.343,25,34,.735,22,33,55,25,6,5,19,26,113,,,Team Totals,240,.505,.454,.361,.351,40.0,82.5,57.9,65.8,5.8,9.1,14.5,100.0,109.2,108.3,
https://www.basketball-reference.com/boxscores/201810180WAS.html,"8:00 PM, October 18, 2018",Washington Wizards,Miami Heat,112,113,WAS,,,Team Totals,240,38,81,.469,7,26,.269,29,39,.744,7,33,40,19,7,15,14,31,112,,,Team Totals,240,.570,.512,.321,.481,17.5,60.0,42.1,50.0,6.8,24.2,12.5,100.0,108.3,109.2,
https://www.basketball-reference.com/boxscores/201810190BRK.html,"7:30 PM, October 19, 2018",Brooklyn Nets,New York Knicks,107,105,NYK,,,Team Totals,240,39,97,.402,9,28,.321,18,20,.900,12,24,36,14,10,1,3,19,105,,,Team Totals,240,.496,.448,.289,.206,21.8,66.7,39.6,35.9,10.7,2.2,2.8,100.0,112.0,114.1,
https://www.basketball-reference.com/boxscores/201810190BRK.html,"7:30 PM, October 19, 2018",Brooklyn Nets,New York Knicks,107,105,BRK,,,Team Totals,240,37,75,.493,12,30,.400,21,24,.875,12,43,55,22,2,6,22,23,107,,,Team Totals,240,.625,.573,.400,.320,33.3,78.2,60.4,59.5,2.1,8.7,20.5,100.0,114.1,112.0,
https://www.basketball-reference.com/boxscores/201810190LAC.html,"10:30 PM, October 19, 2018",Los Angeles Clippers,Oklahoma City Thunder,108,92,OKC,,,Team Totals,240,34,95,.358,7,33,.212,17,23,.739,15,37,52,18,5,4,13,29,92,,,Team Totals,240,.438,.395,.347,.242,28.3,78.7,52.0,52.9,5.0,7.3,11.0,100.0,92.6,108.7,
https://www.basketball-reference.com/boxscores/201810190LAC.html,"10:30 PM, October 19, 2018",Los Angeles Clippers,Oklahoma City Thunder,108,92,LAC,,,Team Totals,240,35,81,.432,11,26,.423,27,36,.750,10,38,48,21,3,3,15,24,108,,,Team Totals,240,.558,.500,.321,.444,21.3,71.7,48.0,60.0,3.0,4.8,13.4,100.0,108.7,92.6,
https://www.basketball-reference.com/boxscores/201810190MEM.html,"8:00 PM, October 19, 2018",Memphis Grizzlies,Atlanta Hawks,131,117,ATL,,,Team Totals,240,41,83,.494,14,30,.467,21,36,.583,11,29,40,27,9,5,19,31,117,,,Team Totals,240,.592,.578,.361,.434,24.4,80.6,49.4,65.9,8.5,9.1,16.1,100.0,109.9,123.1,
https://www.basketball-reference.com/boxscores/201810190MEM.html,"8:00 PM, October 19, 2018",Memphis Grizzlies,Atlanta Hawks,131,117,MEM,,,Team Totals,240,44,81,.543,13,26,.500,30,43,.698,7,34,41,32,9,4,17,29,131,,,Team Totals,240,.656,.623,.321,.531,19.4,75.6,50.6,72.7,8.5,7.5,14.5,100.0,123.1,109.9,
https://www.basketball-reference.com/boxscores/201810190MIL.html,"8:30 PM, October 19, 2018",Milwaukee Bucks,Indiana Pacers,118,101,IND,,,Team Totals,240,38,87,.437,6,18,.333,19,27,.704,9,32,41,14,7,3,17,25,101,,,Team Totals,240,.511,.471,.207,.310,18.8,74.4,45.1,36.8,6.7,6.4,14.7,100.0,96.2,112.4,
https://www.basketball-reference.com/boxscores/201810190MIL.html,"8:30 PM, October 19, 2018",Milwaukee Bucks,Indiana Pacers,118,101,MIL,,,Team Totals,240,44,93,.473,17,46,.370,13,21,.619,11,39,50,27,9,8,17,26,118,,,Team Totals,240,.577,.565,.495,.226,25.6,81.3,54.9,61.4,8.6,11.6,14.3,100.0,112.4,96.2,
https://www.basketball-reference.com/boxscores/201810190MIN.html,"8:00 PM, October 19, 2018",Minnesota Timberwolves,Cleveland Cavaliers,131,123,CLE,,,Team Totals,240,45,93,.484,8,23,.348,25,29,.862,13,30,43,26,5,2,14,24,123,,,Team Totals,240,.582,.527,.247,.312,29.5,76.9,51.8,57.8,4.8,3.2,11.7,100.0,118.4,126.1,
https://www.basketball-reference.com/boxscores/201810190MIN.html,"8:00 PM, October 19, 2018",Minnesota Timberwolves,Cleveland Cavaliers,131,123,MIN,,,Team Totals,240,44,87,.506,10,25,.400,33,35,.943,9,31,40,28,9,7,14,21,131,,,Team Totals,240,.640,.563,.287,.402,23.1,70.5,48.2,63.6,8.7,10.0,12.0,100.0,126.1,118.4,
https://www.basketball-reference.com/boxscores/201810190NOP.html,"8:00 PM, October 19, 2018",New Orleans Pelicans,Sacramento Kings,149,129,SAC,,,Team Totals,240,50,96,.521,10,25,.400,19,26,.731,9,30,39,24,6,2,13,26,129,,,Team Totals,240,.600,.573,.260,.271,18.4,71.4,42.9,48.0,5.4,3.1,10.8,100.0,115.9,133.9,
https://www.basketball-reference.com/boxscores/201810190NOP.html,"8:00 PM, October 19, 2018",New Orleans Pelicans,Sacramento Kings,149,129,NOP,,,Team Totals,240,56,95,.589,16,31,.516,21,33,.636,12,40,52,35,6,4,16,25,149,,,Team Totals,240,.680,.674,.326,.347,28.6,81.6,57.1,62.5,5.4,5.6,12.7,100.0,133.9,115.9,
https://www.basketball-reference.com/boxscores/201810190ORL.html,"7:00 PM, October 19, 2018",Orlando Magic,Charlotte Hornets,88,120,CHO,,,Team Totals,240,43,92,.467,17,38,.447,17,20,.850,12,43,55,32,6,4,16,17,120,,,Team Totals,240,.595,.560,.413,.217,27.3,78.2,55.6,74.4,5.8,6.3,13.7,100.0,116.6,85.5,
https://www.basketball-reference.com/boxscores/201810190ORL.html,"7:00 PM, October 19, 2018",Orlando Magic,Charlotte Hornets,88,120,ORL,,,Team Totals,240,36,94,.383,6,31,.194,10,14,.714,12,32,44,18,8,7,18,16,88,,,Team Totals,240,.439,.415,.330,.149,21.8,72.7,44.4,50.0,7.8,13.0,15.2,100.0,85.5,116.6,
https://www.basketball-reference.com/boxscores/201810190TOR.html,"8:00 PM, October 19, 2018",Toronto Raptors,Boston Celtics,113,101,BOS,,,Team Totals,240,40,99,.404,14,36,.389,7,10,.700,16,33,49,29,4,6,16,27,101,,,Team Totals,240,.488,.475,.364,.101,30.2,73.3,50.0,72.5,4.0,10.5,13.4,100.0,101.7,113.8,
https://www.basketball-reference.com/boxscores/201810190TOR.html,"8:00 PM, October 19, 2018",Toronto Raptors,Boston Celtics,113,101,TOR,,,Team Totals,240,43,92,.467,13,35,.371,14,19,.737,12,37,49,24,3,3,13,19,113,,,Team Totals,240,.563,.538,.380,.207,26.7,69.8,50.0,55.8,3.0,4.8,11.5,100.0,113.8,101.7,
https://www.basketball-reference.com/boxscores/201810190UTA.html,"10:30 PM, October 19, 2018",Utah Jazz,Golden State Warriors,123,124,GSW,,,Team Totals,240,49,87,.563,10,19,.526,16,18,.889,8,35,43,27,10,6,16,23,124,,,Team Totals,240,.653,.621,.218,.207,22.2,77.8,53.1,55.1,9.7,14.0,14.4,100.0,119.7,118.8,
https://www.basketball-reference.com/boxscores/201810190UTA.html,"10:30 PM, October 19, 2018",Utah Jazz,Golden State Warriors,123,124,UTA,,,Team Totals,240,40,89,.449,19,46,.413,24,29,.828,10,28,38,24,11,4,17,19,123,,,Team Totals,240,.604,.556,.517,.326,22.2,77.8,46.9,60.0,10.6,5.9,14.3,100.0,118.8,119.7,
https://www.basketball-reference.com/boxscores/201810200CHI.html,"8:00 PM, October 20, 2018",Chicago Bulls,Detroit Pistons,116,118,DET,,,Team Totals,240,41,101,.406,18,40,.450,18,23,.783,18,31,49,21,4,4,10,23,118,,,Team Totals,240,.531,.495,.396,.228,33.3,86.1,54.4,51.2,4.0,6.1,8.3,100.0,117.5,115.5,
https://www.basketball-reference.com/boxscores/201810200CHI.html,"8:00 PM, October 20, 2018",Chicago Bulls,Detroit Pistons,116,118,CHI,,,Team Totals,240,44,87,.506,7,21,.333,21,26,.808,5,36,41,26,4,3,11,20,116,,,Team Totals,240,.589,.546,.241,.299,13.9,66.7,45.6,59.1,4.0,4.9,10.1,100.0,115.5,117.5,
https://www.basketball-reference.com/boxscores/201810200DAL.html,"8:30 PM, October 20, 2018",Dallas Mavericks,Minnesota Timberwolves,140,136,MIN,,,Team Totals,240,44,84,.524,14,27,.519,34,40,.850,6,27,33,23,10,3,17,30,136,,,Team Totals,240,.669,.607,.321,.476,18.2,64.3,44.0,52.3,9.2,6.3,14.3,100.0,124.7,128.4,
https://www.basketball-reference.com/boxscores/201810200DAL.html,"8:30 PM, October 20, 2018",Dallas Mavericks,Minnesota Timberwolves,140,136,DAL,,,Team Totals,240,49,98,.500,17,50,.340,25,34,.735,15,27,42,29,8,8,16,28,140,,,Team Totals,240,.620,.587,.510,.347,35.7,81.8,56.0,59.2,7.3,14.0,12.4,100.0,128.4,124.7,
https://www.basketball-reference.com/boxscores/201810200DEN.html,"9:00 PM, October 20, 2018",Denver Nuggets,Phoenix Suns,119,91,PHO,,,Team Totals,240,29,77,.377,11,39,.282,22,35,.629,10,30,40,20,6,4,19,26,91,,,Team Totals,240,.492,.448,.506,.455,18.2,76.9,42.6,69.0,5.9,7.0,17.1,100.0,88.8,116.2,
https://www.basketball-reference.com/boxscores/201810200DEN.html,"9:00 PM, October 20, 2018",Denver Nuggets,Phoenix Suns,119,91,DEN,,,Team Totals,240,43,85,.506,9,28,.321,24,29,.828,9,45,54,28,12,6,18,31,119,,,Team Totals,240,.609,.559,.329,.341,23.1,81.8,57.4,65.1,11.7,15.8,15.5,100.0,116.2,88.8,
https://www.basketball-reference.com/boxscores/201810200IND.html,"7:00 PM, October 20, 2018",Indiana Pacers,Brooklyn Nets,132,112,BRK,,,Team Totals,240,41,86,.477,16,37,.432,14,22,.636,9,31,40,25,6,6,20,18,112,,,Team Totals,240,.585,.570,.430,.256,23.1,75.6,50.0,61.0,5.9,8.8,17.3,100.0,109.4,128.9,
https://www.basketball-reference.com/boxscores/201810200IND.html,"7:00 PM, October 20, 2018",Indiana Pacers,Brooklyn Nets,132,112,IND,,,Team Totals,240,51,92,.554,16,24,.667,14,22,.636,10,30,40,21,12,5,11,18,132,,,Team Totals,240,.649,.641,.261,.239,24.4,76.9,50.0,41.2,11.7,10.2,9.8,100.0,128.9,109.4,
https://www.basketball-reference.com/boxscores/201810200LAL.html,"10:30 PM, October 20, 2018",Los Angeles Lakers,Houston Rockets,115,124,HOU,,,Team Totals,240,44,96,.458,16,42,.381,20,30,.667,13,41,54,22,7,4,18,21,124,,,Team Totals,240,.568,.542,.438,.313,27.1,82.0,55.1,50.0,6.4,5.9,14.2,100.0,113.2,105.0,
https://www.basketball-reference.com/boxscores/201810200LAL.html,"10:30 PM, October 20, 2018",Los Angeles Lakers,Houston Rockets,115,124,LAL,,,Team Totals,240,48,100,.480,8,32,.250,11,18,.611,9,35,44,28,8,10,11,21,115,,,Team Totals,240,.533,.520,.320,.180,18.0,72.9,44.9,58.3,7.3,18.5,9.2,100.0,105.0,113.2,
https://www.basketball-reference.com/boxscores/201810200MIA.html,"8:00 PM, October 20, 2018",Miami Heat,Charlotte Hornets,112,113,CHO,,,Team Totals,240,41,93,.441,16,42,.381,15,23,.652,12,28,40,23,6,12,12,27,113,,,Team Totals,240,.548,.527,.452,.247,24.5,70.0,44.9,56.1,6.0,21.8,10.4,100.0,112.5,111.5,
https://www.basketball-reference.com/boxscores/201810200MIA.html,"8:00 PM, October 20, 2018",Miami Heat,Charlotte Hornets,112,113,MIA,,,Team Totals,240,41,89,.461,11,34,.324,19,27,.704,12,37,49,21,4,11,16,27,112,,,Team Totals,240,.555,.522,.382,.303,30.0,75.5,55.1,51.2,4.0,21.6,13.7,100.0,111.5,112.5,
https://www.basketball-reference.com/boxscores/201810200NYK.html,"7:30 PM, October 20, 2018",New York Knicks,Boston Celtics,101,103,BOS,,,Team Totals,240,33,82,.402,9,25,.360,28,33,.848,11,36,47,21,8,2,15,26,103,,,Team Totals,240,.534,.457,.305,.402,23.9,76.6,50.5,63.6,8.1,3.8,13.5,100.0,103.7,101.7,
https://www.basketball-reference.com/boxscores/201810200NYK.html,"7:30 PM, October 20, 2018",New York Knicks,Boston Celtics,101,103,NYK,,,Team Totals,240,36,87,.414,12,35,.343,17,27,.630,11,35,46,23,8,1,16,25,101,,,Team Totals,240,.511,.483,.402,.310,23.4,76.1,49.5,63.9,8.1,1.8,13.9,100.0,101.7,103.7,
https://www.basketball-reference.com/boxscores/201810200PHI.html,"7:30 PM, October 20, 2018",Philadelphia 76ers,Orlando Magic,116,115,ORL,,,Team Totals,240,41,90,.456,16,29,.552,17,22,.773,14,35,49,31,7,7,16,15,115,,,Team Totals,240,.577,.544,.322,.244,29.8,72.9,51.6,75.6,7.3,11.5,13.8,100.0,119.2,120.2,
https://www.basketball-reference.com/boxscores/201810200PHI.html,"7:30 PM, October 20, 2018",Philadelphia 76ers,Orlando Magic,116,115,PHI,,,Team Totals,240,45,94,.479,17,33,.515,9,10,.900,13,33,46,33,8,3,10,21,116,,,Team Totals,240,.589,.569,.351,.106,27.1,70.2,48.4,73.3,8.3,4.9,9.2,100.0,120.2,119.2,
https://www.basketball-reference.com/boxscores/201810200POR.html,"10:00 PM, October 20, 2018",Portland Trail Blazers,San Antonio Spurs,121,108,SAS,,,Team Totals,240,42,100,.420,13,30,.433,11,14,.786,15,25,40,29,5,4,6,17,108,,,Team Totals,240,.509,.485,.300,.140,28.3,75.8,46.5,69.0,5.3,7.7,5.3,100.0,115.2,129.1,
https://www.basketball-reference.com/boxscores/201810200POR.html,"10:00 PM, October 20, 2018",Portland Trail Blazers,San Antonio Spurs,121,108,POR,,,Team Totals,240,45,84,.536,15,32,.469,16,19,.842,8,38,46,24,5,3,12,14,121,,,Team Totals,240,.655,.625,.381,.226,24.2,71.7,53.5,53.3,5.3,4.3,11.5,100.0,129.1,115.2,
https://www.basketball-reference.com/boxscores/201810200WAS.html,"7:00 PM, October 20, 2018",Washington Wizards,Toronto Raptors,113,117,TOR,,,Team Totals,240,39,88,.443,10,29,.345,29,36,.806,14,38,52,21,5,5,17,29,117,,,Team Totals,240,.563,.500,.330,.409,33.3,80.9,58.4,53.8,4.9,10.0,14.1,100.0,114.7,110.7,
https://www.basketball-reference.com/boxscores/201810200WAS.html,"7:00 PM, October 20, 2018",Washington Wizards,Toronto Raptors,113,117,WAS,,,Team Totals,240,37,89,.416,13,39,.333,26,32,.813,9,28,37,20,11,9,11,27,113,,,Team Totals,240,.548,.489,.438,.360,19.1,66.7,41.6,54.1,10.8,15.3,9.6,100.0,110.7,114.7,
https://www.basketball-reference.com/boxscores/201810210CLE.html,"6:00 PM, October 21, 2018",Cleveland Cavaliers,Atlanta Hawks,111,133,ATL,,,Team Totals,240,48,98,.490,22,47,.468,15,19,.789,9,35,44,32,9,7,12,21,133,,,Team Totals,240,.625,.602,.480,.194,20.9,70.0,47.3,66.7,8.5,9.7,10.1,100.0,125.5,104.7,
https://www.basketball-reference.com/boxscores/201810210CLE.html,"6:00 PM, October 21, 2018",Cleveland Cavaliers,Atlanta Hawks,111,133,CLE,,,Team Totals,240,46,99,.465,10,27,.370,9,14,.643,15,34,49,23,5,2,18,25,111,,,Team Totals,240,.528,.515,.273,.141,30.0,79.1,52.7,50.0,4.7,3.9,14.6,100.0,104.7,125.5,
https://www.basketball-reference.com/boxscores/201810210DEN.html,"8:00 PM, October 21, 2018",Denver Nuggets,Golden State Warriors,100,98,GSW,,,Team Totals,240,36,79,.456,7,29,.241,19,24,.792,6,34,40,22,4,6,19,29,98,,,Team Totals,240,.547,.500,.367,.304,15.0,72.3,46.0,61.1,4.0,11.1,17.5,100.0,98.8,100.8,
https://www.basketball-reference.com/boxscores/201810210DEN.html,"8:00 PM, October 21, 2018",Denver Nuggets,Golden State Warriors,100,98,DEN,,,Team Totals,240,35,86,.407,6,32,.188,24,42,.571,13,34,47,21,11,4,10,22,100,,,Team Totals,240,.479,.442,.372,.488,27.7,85.0,54.0,60.0,11.1,8.0,8.7,100.0,100.8,98.8,
https://www.basketball-reference.com/boxscores/201810210LAC.html,"9:00 PM, October 21, 2018",Los Angeles Clippers,Houston Rockets,115,112,HOU,,,Team Totals,240,43,89,.483,15,35,.429,11,15,.733,6,29,35,28,6,6,12,23,112,,,Team Totals,240,.586,.567,.393,.169,14.0,70.7,41.7,65.1,6.1,9.4,11.2,100.0,113.2,116.3,
https://www.basketball-reference.com/boxscores/201810210LAC.html,"9:00 PM, October 21, 2018",Los Angeles Clippers,Houston Rockets,115,112,LAC,,,Team Totals,240,42,89,.472,5,25,.200,26,26,1.000,12,37,49,22,8,7,13,16,115,,,Team Totals,240,.572,.500,.281,.292,29.3,86.0,58.3,52.4,8.1,13.0,11.5,100.0,116.3,113.2,
https://www.basketball-reference.com/boxscores/201810210OKC.html,"7:00 PM, October 21, 2018",Oklahoma City Thunder,Sacramento Kings,120,131,SAC,,,Team Totals,240,50,91,.549,10,22,.455,21,28,.750,12,34,46,28,11,7,20,26,131,,,Team Totals,240,.634,.604,.242,.308,26.7,65.4,47.4,56.0,9.9,10.8,16.2,100.0,117.5,107.6,
https://www.basketball-reference.com/boxscores/201810210OKC.html,"7:00 PM, October 21, 2018",Oklahoma City Thunder,Sacramento Kings,120,131,OKC,,,Team Totals,240,46,104,.442,9,39,.231,19,30,.633,18,33,51,23,11,9,18,29,120,,,Team Totals,240,.512,.486,.375,.288,34.6,73.3,52.6,50.0,9.9,13.0,13.3,100.0,107.6,117.5,
https://www.basketball-reference.com/boxscores/201810220BOS.html,"7:30 PM, October 22, 2018",Boston Celtics,Orlando Magic,90,93,ORL,,,Team Totals,240,38,93,.409,10,35,.286,7,10,.700,8,41,49,28,6,2,9,15,93,,,Team Totals,240,.477,.462,.376,.108,16.0,82.0,49.0,73.7,6.2,3.9,8.5,100.0,96.5,93.4,
https://www.basketball-reference.com/boxscores/201810220BOS.html,"7:30 PM, October 22, 2018",Boston Celtics,Orlando Magic,90,93,BOS,,,Team Totals,240,37,91,.407,9,40,.225,7,9,.778,9,42,51,21,6,3,12,15,90,,,Team Totals,240,.474,.456,.440,.099,18.0,84.0,51.0,56.8,6.2,5.2,11.2,100.0,93.4,96.5,
https://www.basketball-reference.com/boxscores/201810220DAL.html,"8:30 PM, October 22, 2018",Dallas Mavericks,Chicago Bulls,115,109,CHI,,,Team Totals,240,41,80,.513,13,23,.565,14,21,.667,7,27,34,18,6,4,19,29,109,,,Team Totals,240,.611,.594,.288,.263,20.0,67.5,45.3,43.9,6.1,8.7,17.6,100.0,110.1,116.1,
https://www.basketball-reference.com/boxscores/201810220DAL.html,"8:30 PM, October 22, 2018",Dallas Mavericks,Chicago Bulls,115,109,DAL,,,Team Totals,240,40,93,.430,15,47,.319,20,21,.952,13,28,41,25,8,2,16,16,115,,,Team Totals,240,.562,.511,.505,.226,32.5,80.0,54.7,62.5,8.1,3.5,13.5,100.0,116.1,110.1,
https://www.basketball-reference.com/boxscores/201810220GSW.html,"10:30 PM, October 22, 2018",Golden State Warriors,Phoenix Suns,123,103,PHO,,,Team Totals,240,39,86,.453,9,34,.265,16,18,.889,12,33,45,24,8,1,21,21,103,,,Team Totals,240,.548,.506,.395,.209,26.7,82.5,52.9,61.5,7.8,2.0,18.3,100.0,100.4,119.9,
https://www.basketball-reference.com/boxscores/201810220GSW.html,"10:30 PM, October 22, 2018",Golden State Warriors,Phoenix Suns,123,103,GSW,,,Team Totals,240,45,88,.511,14,37,.378,19,26,.731,7,33,40,35,12,4,14,24,123,,,Team Totals,240,.618,.591,.420,.295,17.5,73.3,47.1,77.8,11.7,7.7,12.3,100.0,119.9,100.4,
https://www.basketball-reference.com/boxscores/201810220LAL.html,"10:30 PM, October 22, 2018",Los Angeles Lakers,San Antonio Spurs,142,143,SAS,,,Team Totals,265,50,97,.515,15,28,.536,28,38,.737,10,37,47,32,9,3,9,26,143,,,Team Totals,265,.629,.593,.289,.392,20.4,74.0,47.5,64.0,7.9,4.4,7.3,100.0,125.0,124.1,
https://www.basketball-reference.com/boxscores/201810220LAL.html,"10:30 PM, October 22, 2018",Los Angeles Lakers,San Antonio Spurs,142,143,LAL,,,Team Totals,265,55,107,.514,14,39,.359,18,26,.692,13,39,52,33,5,6,15,29,142,,,Team Totals,265,.599,.579,.364,.243,26.0,79.6,52.5,60.0,4.4,8.7,11.2,100.0,124.1,125.0,
https://www.basketball-reference.com/boxscores/201810220MIL.html,"8:00 PM, October 22, 2018",Milwaukee Bucks,New York Knicks,124,113,NYK,,,Team Totals,240,45,99,.455,10,29,.345,13,15,.867,11,32,43,22,6,2,12,21,113,,,Team Totals,240,.535,.505,.293,.152,23.4,62.7,43.9,48.9,5.9,3.6,10.2,100.0,110.9,121.7,
https://www.basketball-reference.com/boxscores/201810220MIL.html,"8:00 PM, October 22, 2018",Milwaukee Bucks,New York Knicks,124,113,MIL,,,Team Totals,240,45,96,.469,17,40,.425,17,24,.708,19,36,55,27,5,9,15,18,124,,,Team Totals,240,.582,.557,.417,.250,37.3,76.6,56.1,60.0,4.9,12.9,12.3,100.0,121.7,110.9,
https://www.basketball-reference.com/boxscores/201810220MIN.html,"8:00 PM, October 22, 2018",Minnesota Timberwolves,Indiana Pacers,101,91,IND,,,Team Totals,240,36,92,.391,8,26,.308,11,16,.688,12,33,45,18,6,6,15,24,91,,,Team Totals,240,.459,.435,.283,.174,23.5,80.5,48.9,50.0,6.0,11.5,13.2,100.0,91.6,101.7,
https://www.basketball-reference.com/boxscores/201810220MIN.html,"8:00 PM, October 22, 2018",Minnesota Timberwolves,Indiana Pacers,101,91,MIN,,,Team Totals,240,36,85,.424,7,33,.212,22,24,.917,8,39,47,24,9,12,15,17,101,,,Team Totals,240,.528,.465,.388,.282,19.5,76.5,51.1,66.7,9.1,18.2,13.6,100.0,101.7,91.6,
https://www.basketball-reference.com/boxscores/201810220POR.html,"10:00 PM, October 22, 2018",Portland Trail Blazers,Washington Wizards,124,125,WAS,,,Team Totals,265,46,110,.418,15,37,.405,18,26,.692,12,42,54,23,6,7,10,27,125,,,Team Totals,265,.515,.486,.336,.236,18.5,71.2,43.5,50.0,5.0,10.1,7.6,100.0,105.0,104.2,
https://www.basketball-reference.com/boxscores/201810220POR.html,"10:00 PM, October 22, 2018",Portland Trail Blazers,Washington Wizards,124,125,POR,,,Team Totals,265,43,108,.398,11,39,.282,27,31,.871,17,53,70,22,6,4,20,22,124,,,Team Totals,265,.510,.449,.361,.287,28.8,81.5,56.5,51.2,5.0,5.5,14.1,100.0,104.2,105.0,
https://www.basketball-reference.com/boxscores/201810220TOR.html,"7:30 PM, October 22, 2018",Toronto Raptors,Charlotte Hornets,127,106,CHO,,,Team Totals,240,41,97,.423,9,28,.321,15,18,.833,14,27,41,21,5,5,12,14,106,,,Team Totals,240,.505,.469,.289,.186,25.5,84.4,47.1,51.2,4.9,10.4,10.3,100.0,104.8,125.5,
https://www.basketball-reference.com/boxscores/201810220TOR.html,"7:30 PM, October 22, 2018",Toronto Raptors,Charlotte Hornets,127,106,TOR,,,Team Totals,240,50,87,.575,15,39,.385,12,14,.857,5,41,46,36,10,8,15,21,127,,,Team Totals,240,.682,.661,.448,.161,15.6,74.5,52.9,72.0,9.9,11.6,13.9,100.0,125.5,104.8,
https://www.basketball-reference.com/boxscores/201810220UTA.html,"9:00 PM, October 22, 2018",Utah Jazz,Memphis Grizzlies,84,92,MEM,,,Team Totals,240,31,84,.369,9,28,.321,21,26,.808,7,36,43,18,10,2,11,22,92,,,Team Totals,240,.482,.423,.333,.310,14.9,78.3,46.2,58.1,10.5,4.0,10.3,100.0,96.4,88.0,
https://www.basketball-reference.com/boxscores/201810220UTA.html,"9:00 PM, October 22, 2018",Utah Jazz,Memphis Grizzlies,84,92,UTA,,,Team Totals,240,29,82,.354,8,32,.250,18,23,.783,10,40,50,18,6,6,15,22,84,,,Team Totals,240,.456,.402,.390,.280,21.7,85.1,53.8,62.1,6.3,10.7,14.0,100.0,88.0,96.4,
https://www.basketball-reference.com/boxscores/201810230DEN.html,"9:00 PM, October 23, 2018",Denver Nuggets,Sacramento Kings,126,112,SAC,,,Team Totals,240,45,86,.523,13,31,.419,9,20,.450,9,30,39,29,7,6,16,17,112,,,Team Totals,240,.591,.599,.360,.233,20.9,66.7,44.3,64.4,7.0,8.7,14.4,100.0,111.6,125.6,
https://www.basketball-reference.com/boxscores/201810230DEN.html,"9:00 PM, October 23, 2018",Denver Nuggets,Sacramento Kings,126,112,DEN,,,Team Totals,240,51,99,.515,11,30,.367,13,15,.867,15,34,49,31,11,3,12,22,126,,,Team Totals,240,.597,.571,.303,.152,33.3,79.1,55.7,60.8,11.0,5.5,10.2,100.0,125.6,111.6,
https://www.basketball-reference.com/boxscores/201810230DET.html,"7:00 PM, October 23, 2018",Detroit Pistons,Philadelphia 76ers,133,132,PHI,,,Team Totals,265,49,98,.500,14,43,.326,20,28,.714,8,40,48,32,3,8,11,24,132,,,Team Totals,265,.598,.571,.439,.286,19.0,76.9,51.1,65.3,2.7,10.7,9.1,100.0,118.4,119.3,
https://www.basketball-reference.com/boxscores/201810230DET.html,"7:00 PM, October 23, 2018",Detroit Pistons,Philadelphia 76ers,133,132,DET,,,Team Totals,265,51,108,.472,12,33,.364,19,27,.704,12,34,46,22,4,4,8,24,133,,,Team Totals,265,.555,.528,.306,.250,23.1,81.0,48.9,43.1,3.6,7.3,6.3,100.0,119.3,118.4,
https://www.basketball-reference.com/boxscores/201810230NOP.html,"8:00 PM, October 23, 2018",New Orleans Pelicans,Los Angeles Clippers,116,109,LAC,,,Team Totals,240,41,87,.471,5,20,.250,22,27,.815,9,38,47,18,5,4,17,26,109,,,Team Totals,240,.551,.500,.230,.310,20.0,76.0,49.5,43.9,4.8,5.8,14.7,100.0,104.6,111.4,
https://www.basketball-reference.com/boxscores/201810230NOP.html,"8:00 PM, October 23, 2018",New Orleans Pelicans,Los Angeles Clippers,116,109,NOP,,,Team Totals,240,40,93,.430,6,24,.250,30,40,.750,12,36,48,22,12,8,8,24,116,,,Team Totals,240,.524,.462,.258,.430,24.0,80.0,50.5,55.0,11.5,11.9,6.7,100.0,111.4,104.6,
https://www.basketball-reference.com/boxscores/201810240ATL.html,"7:00 PM, October 24, 2018",Atlanta Hawks,Dallas Mavericks,111,104,DAL,,,Team Totals,240,38,91,.418,12,40,.300,16,26,.615,9,43,52,25,7,9,17,27,104,,,Team Totals,240,.508,.484,.440,.286,17.0,81.1,49.1,65.8,6.5,17.0,14.2,100.0,96.2,102.7,
https://www.basketball-reference.com/boxscores/201810240ATL.html,"7:00 PM, October 24, 2018",Atlanta Hawks,Dallas Mavericks,111,104,ATL,,,Team Totals,240,37,91,.407,15,38,.395,22,31,.710,10,44,54,28,6,6,15,26,111,,,Team Totals,240,.530,.489,.418,.341,18.9,83.0,50.9,75.7,5.5,11.8,12.5,100.0,102.7,96.2,
https://www.basketball-reference.com/boxscores/201810240CHI.html,"8:00 PM, October 24, 2018",Chicago Bulls,Charlotte Hornets,112,110,CHO,,,Team Totals,240,37,85,.435,10,35,.286,26,29,.897,8,28,36,23,5,5,8,20,110,,,Team Totals,240,.563,.494,.412,.341,18.2,75.7,44.4,62.2,5.3,10.4,7.6,100.0,115.9,118.0,
https://www.basketball-reference.com/boxscores/201810240CHI.html,"8:00 PM, October 24, 2018",Chicago Bulls,Charlotte Hornets,112,110,CHI,,,Team Totals,240,37,77,.481,10,29,.345,28,35,.800,9,36,45,21,4,5,14,24,112,,,Team Totals,240,.606,.545,.377,.455,24.3,81.8,55.6,56.8,4.2,10.0,13.2,100.0,118.0,115.9,
https://www.basketball-reference.com/boxscores/201810240CLE.html,"7:00 PM, October 24, 2018",Cleveland Cavaliers,Brooklyn Nets,86,102,BRK,,,Team Totals,240,38,87,.437,14,34,.412,12,15,.800,8,36,44,23,8,1,14,16,102,,,Team Totals,240,.545,.517,.391,.172,17.8,69.2,45.4,60.5,8.4,1.4,13.0,100.0,107.4,90.5,
https://www.basketball-reference.com/boxscores/201810240CLE.html,"7:00 PM, October 24, 2018",Cleveland Cavaliers,Brooklyn Nets,86,102,CLE,,,Team Totals,240,34,89,.382,3,18,.167,15,16,.938,16,37,53,18,5,2,15,19,86,,,Team Totals,240,.448,.399,.202,.180,30.8,82.2,54.6,52.9,5.3,3.8,13.5,100.0,90.5,107.4,
https://www.basketball-reference.com/boxscores/201810240GSW.html,"10:30 PM, October 24, 2018",Golden State Warriors,Washington Wizards,144,122,WAS,,,Team Totals,240,42,93,.452,12,42,.286,26,28,.929,7,27,34,22,7,1,12,24,122,,,Team Totals,240,.579,.516,.452,.301,15.6,73.0,41.5,52.4,6.5,1.7,10.2,100.0,112.7,133.1,
https://www.basketball-reference.com/boxscores/201810240GSW.html,"10:30 PM, October 24, 2018",Golden State Warriors,Washington Wizards,144,122,GSW,,,Team Totals,240,53,92,.576,15,33,.455,23,25,.920,10,38,48,37,6,5,18,22,144,,,Team Totals,240,.699,.658,.359,.272,27.0,84.4,58.5,69.8,5.5,9.8,14.9,100.0,133.1,112.7,
https://www.basketball-reference.com/boxscores/201810240HOU.html,"8:00 PM, October 24, 2018",Houston Rockets,Utah Jazz,89,100,UTA,,,Team Totals,240,34,78,.436,10,29,.345,22,28,.786,9,38,47,21,7,5,19,21,100,,,Team Totals,240,.554,.500,.372,.359,26.5,79.2,57.3,61.8,7.2,10.6,17.4,100.0,103.2,91.9,
https://www.basketball-reference.com/boxscores/201810240HOU.html,"8:00 PM, October 24, 2018",Houston Rockets,Utah Jazz,89,100,HOU,,,Team Totals,240,35,87,.402,11,40,.275,8,14,.571,10,25,35,16,12,5,17,23,89,,,Team Totals,240,.478,.466,.460,.161,20.8,73.5,42.7,45.7,12.4,10.2,15.4,100.0,91.9,103.2,
https://www.basketball-reference.com/boxscores/201810240MIA.html,"7:30 PM, October 24, 2018",Miami Heat,New York Knicks,110,87,NYK,,,Team Totals,240,33,91,.363,12,33,.364,9,14,.643,10,35,45,20,5,3,12,23,87,,,Team Totals,240,.448,.429,.363,.154,17.5,89.7,46.9,60.6,5.0,5.7,11.0,100.0,87.4,110.4,
https://www.basketball-reference.com/boxscores/201810240MIA.html,"7:30 PM, October 24, 2018",Miami Heat,New York Knicks,110,87,MIA,,,Team Totals,240,39,82,.476,13,29,.448,19,28,.679,4,47,51,24,7,5,13,15,110,,,Team Totals,240,.583,.555,.354,.341,10.3,82.5,53.1,61.5,7.0,8.6,12.1,100.0,110.4,87.4,
https://www.basketball-reference.com/boxscores/201810240MIL.html,"9:30 PM, October 24, 2018",Milwaukee Bucks,Philadelphia 76ers,123,108,PHI,,,Team Totals,240,38,92,.413,11,34,.324,21,30,.700,8,42,50,29,4,5,16,27,108,,,Team Totals,240,.513,.473,.370,.326,16.0,82.4,49.5,76.3,3.6,8.8,13.2,100.0,97.0,110.5,
https://www.basketball-reference.com/boxscores/201810240MIL.html,"9:30 PM, October 24, 2018",Milwaukee Bucks,Philadelphia 76ers,123,108,MIL,,,Team Totals,240,41,100,.410,13,43,.302,28,30,.933,9,42,51,24,7,10,11,27,123,,,Team Totals,240,.543,.475,.430,.300,17.6,84.0,50.5,58.5,6.3,17.2,8.9,100.0,110.5,97.0,
https://www.basketball-reference.com/boxscores/201810240PHO.html,"10:00 PM, October 24, 2018",Phoenix Suns,Los Angeles Lakers,113,131,LAL,,,Team Totals,240,52,100,.520,10,28,.357,17,23,.739,11,32,43,34,13,5,8,19,131,,,Team Totals,240,.595,.570,.280,.230,23.9,78.0,49.4,65.4,12.5,9.4,6.8,100.0,126.0,108.7,
https://www.basketball-reference.com/boxscores/201810240PHO.html,"10:00 PM, October 24, 2018",Phoenix Suns,Los Angeles Lakers,113,131,PHO,,,Team Totals,240,44,84,.524,10,31,.323,15,21,.714,9,35,44,27,4,4,20,23,113,,,Team Totals,240,.606,.583,.369,.250,22.0,76.1,50.6,61.4,3.8,5.6,17.7,100.0,108.7,126.0,
https://www.basketball-reference.com/boxscores/201810240SAC.html,"10:00 PM, October 24, 2018",Sacramento Kings,Memphis Grizzlies,97,92,MEM,,,Team Totals,240,36,94,.383,10,37,.270,10,13,.769,13,36,49,18,7,6,15,25,92,,,Team Totals,240,.461,.436,.394,.138,23.6,70.6,46.2,50.0,7.1,9.2,13.1,100.0,93.1,98.2,
https://www.basketball-reference.com/boxscores/201810240SAC.html,"10:00 PM, October 24, 2018",Sacramento Kings,Memphis Grizzlies,97,92,SAC,,,Team Totals,240,35,83,.422,6,18,.333,21,33,.636,15,42,57,19,7,5,17,15,97,,,Team Totals,240,.497,.458,.217,.398,29.4,76.4,53.8,54.3,7.1,8.8,14.8,100.0,98.2,93.1,
https://www.basketball-reference.com/boxscores/201810240SAS.html,"8:30 PM, October 24, 2018",San Antonio Spurs,Indiana Pacers,96,116,IND,,,Team Totals,240,46,87,.529,17,32,.531,7,8,.875,5,35,40,34,9,5,10,22,116,,,Team Totals,240,.641,.626,.368,.092,13.9,70.0,46.5,73.9,9.7,7.4,9.9,100.0,124.9,103.3,
https://www.basketball-reference.com/boxscores/201810240SAS.html,"8:30 PM, October 24, 2018",San Antonio Spurs,Indiana Pacers,96,116,SAS,,,Team Totals,240,35,87,.402,6,19,.316,20,21,.952,15,31,46,16,3,3,13,16,96,,,Team Totals,240,.499,.437,.218,.241,30.0,86.1,53.5,45.7,3.2,5.5,11.9,100.0,103.3,124.9,
https://www.basketball-reference.com/boxscores/201810240TOR.html,"7:30 PM, October 24, 2018",Toronto Raptors,Minnesota Timberwolves,112,105,MIN,,,Team Totals,240,40,96,.417,15,30,.500,10,16,.625,16,28,44,25,10,5,16,17,105,,,Team Totals,240,.510,.495,.313,.167,32.7,71.8,50.0,62.5,10.2,8.8,13.4,100.0,106.8,113.9,
https://www.basketball-reference.com/boxscores/201810240TOR.html,"7:30 PM, October 24, 2018",Toronto Raptors,Minnesota Timberwolves,112,105,TOR,,,Team Totals,240,46,89,.517,11,32,.344,9,12,.750,11,33,44,26,9,8,17,18,112,,,Team Totals,240,.594,.579,.360,.135,28.2,67.3,50.0,56.5,9.2,12.1,15.3,100.0,113.9,106.8,
https://www.basketball-reference.com/boxscores/201810250DET.html,"7:00 PM, October 25, 2018",Detroit Pistons,Cleveland Cavaliers,110,103,CLE,,,Team Totals,240,41,89,.461,8,24,.333,13,15,.867,7,23,30,18,11,1,9,25,103,,,Team Totals,240,.539,.506,.270,.169,16.7,63.9,38.5,43.9,11.5,2.0,8.6,100.0,108.0,115.3,
https://www.basketball-reference.com/boxscores/201810250DET.html,"7:00 PM, October 25, 2018",Detroit Pistons,Cleveland Cavaliers,110,103,DET,,,Team Totals,240,41,78,.526,11,28,.393,17,29,.586,13,35,48,21,4,5,20,21,110,,,Team Totals,240,.606,.596,.359,.372,36.1,83.3,61.5,51.2,4.2,7.7,18.1,100.0,115.3,108.0,
https://www.basketball-reference.com/boxscores/201810250LAL.html,"10:30 PM, October 25, 2018",Los Angeles Lakers,Denver Nuggets,121,114,DEN,,,Team Totals,240,46,92,.500,6,23,.261,16,20,.800,10,34,44,22,8,5,19,22,114,,,Team Totals,240,.565,.533,.250,.217,23.3,79.1,51.2,47.8,7.5,7.9,15.9,100.0,107.3,113.9,
https://www.basketball-reference.com/boxscores/201810250LAL.html,"10:30 PM, October 25, 2018",Los Angeles Lakers,Denver Nuggets,121,114,LAL,,,Team Totals,240,46,92,.500,10,29,.345,19,23,.826,9,33,42,27,13,3,14,19,121,,,Team Totals,240,.592,.554,.315,.250,20.9,76.7,48.8,58.7,12.2,4.3,12.1,100.0,113.9,107.3,
https://www.basketball-reference.com/boxscores/201810250OKC.html,"8:00 PM, October 25, 2018",Oklahoma City Thunder,Boston Celtics,95,101,BOS,,,Team Totals,240,33,86,.384,11,32,.344,24,33,.727,10,35,45,19,7,1,12,27,101,,,Team Totals,240,.502,.448,.372,.384,19.6,68.6,44.1,57.6,7.0,1.5,10.7,100.0,100.5,94.6,
https://www.basketball-reference.com/boxscores/201810250OKC.html,"8:00 PM, October 25, 2018",Oklahoma City Thunder,Boston Celtics,95,101,OKC,,,Team Totals,240,37,94,.394,7,28,.250,14,25,.560,16,41,57,19,5,6,16,27,95,,,Team Totals,240,.452,.431,.298,.266,31.4,80.4,55.9,51.4,5.0,11.1,13.2,100.0,94.6,100.5,
https://www.basketball-reference.com/boxscores/201810250ORL.html,"7:00 PM, October 25, 2018",Orlando Magic,Portland Trail Blazers,114,128,POR,,,Team Totals,240,48,87,.552,11,27,.407,21,26,.808,12,32,44,24,6,6,11,22,128,,,Team Totals,240,.650,.615,.310,.299,29.3,74.4,52.4,50.0,6.2,10.7,10.1,100.0,133.0,118.5,
https://www.basketball-reference.com/boxscores/201810250ORL.html,"7:00 PM, October 25, 2018",Orlando Magic,Portland Trail Blazers,114,128,ORL,,,Team Totals,240,43,86,.500,12,30,.400,16,20,.800,11,29,40,29,5,7,14,21,114,,,Team Totals,240,.601,.570,.349,.233,25.6,70.7,47.6,67.4,5.2,11.7,12.9,100.0,118.5,133.0,
https://www.basketball-reference.com/boxscores/201810260CHO.html,"7:00 PM, October 26, 2018",Charlotte Hornets,Chicago Bulls,135,106,CHI,,,Team Totals,240,37,85,.435,16,36,.444,16,22,.727,8,26,34,21,5,7,14,16,106,,,Team Totals,240,.560,.529,.424,.259,17.0,70.3,40.5,56.8,5.1,11.5,12.9,100.0,107.2,136.5,
https://www.basketball-reference.com/boxscores/201810260CHO.html,"7:00 PM, October 26, 2018",Charlotte Hornets,Chicago Bulls,135,106,CHO,,,Team Totals,240,53,93,.570,14,32,.438,15,16,.938,11,39,50,30,10,10,12,18,135,,,Team Totals,240,.675,.645,.344,.172,29.7,83.0,59.5,56.6,10.1,20.4,10.7,100.0,136.5,107.2,
https://www.basketball-reference.com/boxscores/201810260HOU.html,"8:00 PM, October 26, 2018",Houston Rockets,Los Angeles Clippers,113,133,LAC,,,Team Totals,240,43,79,.544,12,23,.522,35,38,.921,5,39,44,17,8,4,16,21,133,,,Team Totals,240,.695,.620,.291,.481,16.1,70.9,51.2,39.5,7.8,7.0,14.3,100.0,128.9,109.5,
https://www.basketball-reference.com/boxscores/201810260HOU.html,"8:00 PM, October 26, 2018",Houston Rockets,Los Angeles Clippers,113,133,HOU,,,Team Totals,240,38,98,.388,15,41,.366,22,25,.880,16,26,42,21,11,7,13,27,113,,,Team Totals,240,.518,.464,.418,.255,29.1,83.9,48.8,55.3,10.7,12.5,10.7,100.0,109.5,128.9,
https://www.basketball-reference.com/boxscores/201810260MIN.html,"8:00 PM, October 26, 2018",Minnesota Timberwolves,Milwaukee Bucks,95,125,MIL,,,Team Totals,240,49,92,.533,19,46,.413,8,11,.727,7,55,62,32,4,8,18,23,125,,,Team Totals,240,.645,.636,.500,.120,17.9,76.4,55.9,65.3,3.7,11.6,15.7,100.0,116.7,88.7,
https://www.basketball-reference.com/boxscores/201810260MIN.html,"8:00 PM, October 26, 2018",Minnesota Timberwolves,Milwaukee Bucks,95,125,MIN,,,Team Totals,240,36,112,.321,10,43,.233,13,18,.722,17,32,49,19,10,6,8,15,95,,,Team Totals,240,.396,.366,.384,.161,23.6,82.1,44.1,52.8,9.3,13.0,6.3,100.0,88.7,116.7,
https://www.basketball-reference.com/boxscores/201810260NOP.html,"8:00 PM, October 26, 2018",New Orleans Pelicans,Brooklyn Nets,117,115,BRK,,,Team Totals,240,43,98,.439,19,40,.475,10,15,.667,16,38,54,26,6,8,21,22,115,,,Team Totals,240,.550,.536,.408,.153,34.0,71.7,54.0,60.5,5.8,10.7,16.7,100.0,110.6,112.5,
https://www.basketball-reference.com/boxscores/201810260NOP.html,"8:00 PM, October 26, 2018",New Orleans Pelicans,Brooklyn Nets,117,115,NOP,,,Team Totals,240,44,98,.449,9,23,.391,20,26,.769,15,31,46,23,11,11,11,20,117,,,Team Totals,240,.535,.495,.235,.265,28.3,66.0,46.0,52.3,10.6,19.0,9.1,100.0,112.5,110.6,
https://www.basketball-reference.com/boxscores/201810260NYK.html,"7:30 PM, October 26, 2018",New York Knicks,Golden State Warriors,100,128,GSW,,,Team Totals,240,51,87,.586,16,33,.485,10,12,.833,6,33,39,26,10,6,14,16,128,,,Team Totals,240,.694,.678,.379,.138,17.1,75.0,49.4,51.0,10.0,11.8,13.2,100.0,127.8,99.8,
https://www.basketball-reference.com/boxscores/201810260NYK.html,"7:30 PM, October 26, 2018",New York Knicks,Golden State Warriors,100,128,NYK,,,Team Totals,240,39,90,.433,13,39,.333,9,12,.750,11,29,40,17,6,1,20,18,100,,,Team Totals,240,.525,.506,.433,.133,25.0,82.9,50.6,43.6,6.0,1.9,17.3,100.0,99.8,127.8,
https://www.basketball-reference.com/boxscores/201810260SAC.html,"10:00 PM, October 26, 2018",Sacramento Kings,Washington Wizards,116,112,WAS,,,Team Totals,240,40,86,.465,14,42,.333,18,23,.783,5,37,42,22,8,7,21,27,112,,,Team Totals,240,.583,.547,.488,.267,11.4,72.5,44.2,55.0,7.3,12.1,17.9,100.0,102.4,106.0,
https://www.basketball-reference.com/boxscores/201810260SAC.html,"10:00 PM, October 26, 2018",Sacramento Kings,Washington Wizards,116,112,SAC,,,Team Totals,240,44,95,.463,14,37,.378,14,23,.609,14,39,53,25,8,4,19,18,116,,,Team Totals,240,.552,.537,.389,.242,27.5,88.6,55.8,56.8,7.3,9.1,15.3,100.0,106.0,102.4,
https://www.basketball-reference.com/boxscores/201810260TOR.html,"7:30 PM, October 26, 2018",Toronto Raptors,Dallas Mavericks,116,107,DAL,,,Team Totals,240,38,92,.413,12,30,.400,19,24,.792,10,34,44,22,6,6,15,17,107,,,Team Totals,240,.522,.478,.326,.261,20.8,73.9,46.8,57.9,5.9,9.4,12.8,100.0,105.2,114.0,
https://www.basketball-reference.com/boxscores/201810260TOR.html,"7:30 PM, October 26, 2018",Toronto Raptors,Dallas Mavericks,116,107,TOR,,,Team Totals,240,44,91,.484,11,27,.407,17,20,.850,12,38,50,23,10,5,13,22,116,,,Team Totals,240,.581,.544,.297,.220,26.1,79.2,53.2,52.3,9.8,8.1,11.5,100.0,114.0,105.2,
https://www.basketball-reference.com/boxscores/201810270ATL.html,"7:30 PM, October 27, 2018",Atlanta Hawks,Chicago Bulls,85,97,CHI,,,Team Totals,240,36,83,.434,12,33,.364,13,16,.813,8,44,52,25,14,6,23,21,97,,,Team Totals,240,.539,.506,.398,.193,17.8,80.0,52.0,69.4,13.6,13.6,20.3,100.0,94.0,82.3,
https://www.basketball-reference.com/boxscores/201810270ATL.html,"7:30 PM, October 27, 2018",Atlanta Hawks,Chicago Bulls,85,97,ATL,,,Team Totals,240,27,84,.321,12,40,.300,19,23,.826,11,37,48,20,9,8,22,13,85,,,Team Totals,240,.452,.393,.476,.274,20.0,82.2,48.0,74.1,8.7,16.0,18.9,100.0,82.3,94.0,
https://www.basketball-reference.com/boxscores/201810270CLE.html,"7:30 PM, October 27, 2018",Cleveland Cavaliers,Indiana Pacers,107,119,IND,,,Team Totals,240,48,74,.649,5,13,.385,18,26,.692,4,20,24,28,13,3,15,15,119,,,Team Totals,240,.696,.682,.176,.351,14.8,55.6,38.1,58.3,14.0,4.9,14.9,100.0,127.8,114.9,
https://www.basketball-reference.com/boxscores/201810270CLE.html,"7:30 PM, October 27, 2018",Cleveland Cavaliers,Indiana Pacers,107,119,CLE,,,Team Totals,240,40,86,.465,7,25,.280,20,22,.909,16,23,39,21,9,2,18,20,107,,,Team Totals,240,.559,.506,.291,.256,44.4,85.2,61.9,52.5,9.7,3.3,15.8,100.0,114.9,127.8,
https://www.basketball-reference.com/boxscores/201810270DET.html,"7:00 PM, October 27, 2018",Detroit Pistons,Boston Celtics,89,109,BOS,,,Team Totals,240,39,86,.453,14,34,.412,17,25,.680,8,46,54,25,4,8,13,26,109,,,Team Totals,240,.562,.535,.395,.291,16.3,88.5,53.5,64.1,4.0,15.4,11.8,100.0,108.0,88.2,
https://www.basketball-reference.com/boxscores/201810270DET.html,"7:00 PM, October 27, 2018",Detroit Pistons,Boston Celtics,89,109,DET,,,Team Totals,240,33,89,.371,7,37,.189,16,20,.800,6,41,47,16,4,3,11,24,89,,,Team Totals,240,.455,.410,.416,.225,11.5,83.7,46.5,48.5,4.0,5.8,10.1,100.0,88.2,108.0,
https://www.basketball-reference.com/boxscores/201810270MEM.html,"8:00 PM, October 27, 2018",Memphis Grizzlies,Phoenix Suns,117,96,PHO,,,Team Totals,240,36,78,.462,9,33,.273,15,19,.789,5,30,35,28,5,1,19,25,96,,,Team Totals,240,.556,.519,.423,.244,12.2,90.9,47.3,77.8,5.1,1.9,18.0,100.0,98.2,119.7,
https://www.basketball-reference.com/boxscores/201810270MEM.html,"8:00 PM, October 27, 2018",Memphis Grizzlies,Phoenix Suns,117,96,MEM,,,Team Totals,240,44,79,.557,9,26,.346,20,22,.909,3,36,39,30,12,1,12,21,117,,,Team Totals,240,.660,.614,.329,.278,9.1,87.8,52.7,68.2,12.3,2.2,11.9,100.0,119.7,98.2,
https://www.basketball-reference.com/boxscores/201810270MIA.html,"8:00 PM, October 27, 2018",Miami Heat,Portland Trail Blazers,120,111,POR,,,Team Totals,240,37,88,.420,12,33,.364,25,28,.893,8,34,42,14,7,8,9,25,111,,,Team Totals,240,.553,.489,.375,.318,16.7,68.0,42.9,37.8,7.0,14.0,8.2,100.0,110.6,119.6,
https://www.basketball-reference.com/boxscores/201810270MIA.html,"8:00 PM, October 27, 2018",Miami Heat,Portland Trail Blazers,120,111,MIA,,,Team Totals,240,44,96,.458,15,39,.385,17,26,.654,16,40,56,21,7,8,13,21,120,,,Team Totals,240,.558,.536,.406,.271,32.0,83.3,57.1,47.7,7.0,14.5,10.8,100.0,119.6,110.6,
https://www.basketball-reference.com/boxscores/201810270MIL.html,"8:30 PM, October 27, 2018",Milwaukee Bucks,Orlando Magic,113,91,ORL,,,Team Totals,240,33,101,.327,10,43,.233,15,17,.882,11,30,41,21,9,6,11,22,91,,,Team Totals,240,.419,.376,.426,.168,17.7,83.3,41.8,63.6,8.5,11.5,9.2,100.0,86.3,107.2,
https://www.basketball-reference.com/boxscores/201810270MIL.html,"8:30 PM, October 27, 2018",Milwaukee Bucks,Orlando Magic,113,91,MIL,,,Team Totals,240,41,82,.500,10,30,.333,21,23,.913,6,51,57,24,6,7,21,19,113,,,Team Totals,240,.613,.561,.366,.280,16.7,82.3,58.2,58.5,5.7,12.1,18.6,100.0,107.2,86.3,
https://www.basketball-reference.com/boxscores/201810270NOP.html,"7:00 PM, October 27, 2018",New Orleans Pelicans,Utah Jazz,111,132,UTA,,,Team Totals,240,46,88,.523,10,32,.313,30,37,.811,6,37,43,32,7,7,13,26,132,,,Team Totals,240,.633,.580,.364,.420,17.1,77.1,51.8,69.6,6.4,11.5,11.1,100.0,121.5,102.2,
https://www.basketball-reference.com/boxscores/201810270NOP.html,"7:00 PM, October 27, 2018",New Orleans Pelicans,Utah Jazz,111,132,NOP,,,Team Totals,240,40,95,.421,9,34,.265,22,29,.759,11,29,40,22,4,5,16,32,111,,,Team Totals,240,.515,.468,.358,.305,22.9,82.9,48.2,55.0,3.7,8.9,12.9,100.0,102.2,121.5,
https://www.basketball-reference.com/boxscores/201810270PHI.html,"7:30 PM, October 27, 2018",Philadelphia 76ers,Charlotte Hornets,105,103,CHO,,,Team Totals,240,37,95,.389,9,35,.257,20,24,.833,9,39,48,19,3,8,9,25,103,,,Team Totals,240,.488,.437,.368,.253,17.6,73.6,46.2,51.4,3.0,12.7,7.9,100.0,102.6,104.6,
https://www.basketball-reference.com/boxscores/201810270PHI.html,"7:30 PM, October 27, 2018",Philadelphia 76ers,Charlotte Hornets,105,103,PHI,,,Team Totals,240,35,91,.385,10,28,.357,25,30,.833,14,42,56,18,4,8,11,23,105,,,Team Totals,240,.504,.440,.308,.330,26.4,82.4,53.8,51.4,4.0,13.3,9.5,100.0,104.6,102.6,
https://www.basketball-reference.com/boxscores/201810270SAS.html,"8:30 PM, October 27, 2018",San Antonio Spurs,Los Angeles Lakers,110,106,LAL,,,Team Totals,240,41,86,.477,13,33,.394,11,18,.611,7,35,42,19,5,5,17,25,106,,,Team Totals,240,.564,.552,.384,.209,15.9,74.5,46.2,46.3,4.9,6.7,15.3,100.0,104.3,108.2,
https://www.basketball-reference.com/boxscores/201810270SAS.html,"8:30 PM, October 27, 2018",San Antonio Spurs,Los Angeles Lakers,110,106,SAS,,,Team Totals,240,44,91,.484,3,16,.188,19,24,.792,12,37,49,20,7,5,13,17,110,,,Team Totals,240,.542,.500,.176,.264,25.5,84.1,53.8,45.5,6.9,9.4,11.3,100.0,108.2,104.3,
https://www.basketball-reference.com/boxscores/201810280BRK.html,"5:00 PM, October 28, 2018",Brooklyn Nets,Golden State Warriors,114,120,GSW,,,Team Totals,240,44,89,.494,11,33,.333,21,24,.875,12,35,47,28,11,7,12,16,120,,,Team Totals,240,.603,.556,.371,.270,27.3,87.5,56.0,63.6,11.0,15.6,10.8,100.0,120.3,114.3,
https://www.basketball-reference.com/boxscores/201810280BRK.html,"5:00 PM, October 28, 2018",Brooklyn Nets,Golden State Warriors,114,120,BRK,,,Team Totals,240,42,87,.483,20,42,.476,10,15,.667,5,32,37,28,5,3,15,20,114,,,Team Totals,240,.609,.598,.483,.172,12.5,72.7,44.0,66.7,5.0,5.4,13.8,100.0,114.3,120.3,
https://www.basketball-reference.com/boxscores/201810280DAL.html,"7:00 PM, October 28, 2018",Dallas Mavericks,Utah Jazz,104,113,UTA,,,Team Totals,240,42,80,.525,10,25,.400,19,22,.864,8,35,43,25,8,6,18,27,113,,,Team Totals,240,.630,.588,.313,.275,20.5,74.5,50.0,59.5,8.1,9.5,16.7,100.0,114.2,105.1,
https://www.basketball-reference.com/boxscores/201810280DAL.html,"7:00 PM, October 28, 2018",Dallas Mavericks,Utah Jazz,104,113,DAL,,,Team Totals,240,38,91,.418,9,28,.321,19,25,.760,12,31,43,24,6,3,13,19,104,,,Team Totals,240,.510,.467,.308,.275,25.5,79.5,50.0,63.2,6.1,5.5,11.3,100.0,105.1,114.2,
https://www.basketball-reference.com/boxscores/201810280LAC.html,"9:30 PM, October 28, 2018",Los Angeles Clippers,Washington Wizards,136,104,WAS,,,Team Totals,240,38,97,.392,5,27,.185,23,28,.821,14,31,45,18,7,3,14,16,104,,,Team Totals,240,.476,.418,.278,.289,24.6,68.9,44.1,47.4,6.5,4.1,11.4,100.0,97.1,127.0,
https://www.basketball-reference.com/boxscores/201810280LAC.html,"9:30 PM, October 28, 2018",Los Angeles Clippers,Washington Wizards,136,104,LAC,,,Team Totals,240,56,103,.544,16,29,.552,8,13,.615,14,43,57,35,7,9,15,25,136,,,Team Totals,240,.625,.621,.282,.126,31.1,75.4,55.9,62.5,6.5,12.9,12.1,100.0,127.0,97.1,
https://www.basketball-reference.com/boxscores/201810280OKC.html,"7:00 PM, October 28, 2018",Oklahoma City Thunder,Phoenix Suns,117,110,PHO,,,Team Totals,240,38,86,.442,8,27,.296,26,27,.963,10,34,44,21,10,3,22,32,110,,,Team Totals,240,.562,.488,.314,.314,22.7,79.1,50.6,55.3,9.4,4.9,18.4,100.0,103.9,110.5,
https://www.basketball-reference.com/boxscores/201810280OKC.html,"7:00 PM, October 28, 2018",Oklahoma City Thunder,Phoenix Suns,117,110,OKC,,,Team Totals,240,43,85,.506,7,24,.292,24,35,.686,9,34,43,22,16,3,15,24,117,,,Team Totals,240,.583,.547,.282,.412,20.9,77.3,49.4,51.2,15.1,5.1,13.0,100.0,110.5,103.9,
https://www.basketball-reference.com/boxscores/201810290CHI.html,"8:00 PM, October 29, 2018",Chicago Bulls,Golden State Warriors,124,149,GSW,,,Team Totals,240,53,96,.552,24,45,.533,19,26,.731,8,41,49,34,9,7,7,29,149,,,Team Totals,240,.693,.677,.469,.271,20.0,77.4,52.7,64.2,8.6,11.9,6.1,100.0,142.5,118.6,
https://www.basketball-reference.com/boxscores/201810290CHI.html,"8:00 PM, October 29, 2018",Chicago Bulls,Golden State Warriors,124,149,CHI,,,Team Totals,240,46,94,.489,11,35,.314,21,34,.618,12,32,44,25,6,3,9,19,124,,,Team Totals,240,.569,.548,.372,.362,22.6,80.0,47.3,54.3,5.7,5.9,7.6,100.0,118.6,142.5,
https://www.basketball-reference.com/boxscores/201810290DEN.html,"9:00 PM, October 29, 2018",Denver Nuggets,New Orleans Pelicans,116,111,NOP,,,Team Totals,240,43,82,.524,11,24,.458,14,20,.700,7,37,44,28,8,5,22,25,111,,,Team Totals,240,.611,.591,.293,.244,17.9,80.4,51.8,65.1,7.7,8.6,19.5,100.0,106.2,111.0,
https://www.basketball-reference.com/boxscores/201810290DEN.html,"9:00 PM, October 29, 2018",Denver Nuggets,New Orleans Pelicans,116,111,DEN,,,Team Totals,240,42,93,.452,11,35,.314,21,23,.913,9,32,41,28,14,5,13,17,116,,,Team Totals,240,.562,.511,.376,.247,19.6,82.1,48.2,66.7,13.4,8.6,11.2,100.0,111.0,106.2,
https://www.basketball-reference.com/boxscores/201810290IND.html,"7:00 PM, October 29, 2018",Indiana Pacers,Portland Trail Blazers,93,103,POR,,,Team Totals,240,38,78,.487,10,26,.385,17,18,.944,9,41,50,19,3,3,18,23,103,,,Team Totals,240,.599,.551,.333,.231,24.3,85.4,58.8,50.0,3.1,4.2,17.3,100.0,107.6,97.1,
https://www.basketball-reference.com/boxscores/201810290IND.html,"7:00 PM, October 29, 2018",Indiana Pacers,Portland Trail Blazers,93,103,IND,,,Team Totals,240,37,90,.411,6,19,.316,13,20,.650,7,28,35,19,8,5,9,20,93,,,Team Totals,240,.471,.444,.211,.222,14.6,75.7,41.2,51.4,8.4,9.6,8.3,100.0,97.1,107.6,
https://www.basketball-reference.com/boxscores/201810290MIA.html,"7:30 PM, October 29, 2018",Miami Heat,Sacramento Kings,113,123,SAC,,,Team Totals,240,48,97,.495,12,26,.462,15,25,.600,9,37,46,28,8,8,14,23,123,,,Team Totals,240,.569,.557,.268,.258,18.8,74.0,46.9,58.3,7.3,15.1,11.5,100.0,111.9,102.8,
https://www.basketball-reference.com/boxscores/201810290MIA.html,"7:30 PM, October 29, 2018",Miami Heat,Sacramento Kings,113,123,MIA,,,Team Totals,240,38,92,.413,13,39,.333,24,34,.706,13,39,52,20,10,9,18,21,113,,,Team Totals,240,.528,.484,.424,.370,26.0,81.3,53.1,52.6,9.1,12.7,14.4,100.0,102.8,111.9,
https://www.basketball-reference.com/boxscores/201810290MIL.html,"8:00 PM, October 29, 2018",Milwaukee Bucks,Toronto Raptors,124,109,TOR,,,Team Totals,240,39,103,.379,9,45,.200,22,28,.786,15,36,51,25,9,7,10,19,109,,,Team Totals,240,.473,.422,.437,.272,23.4,81.8,47.2,64.1,8.3,14.9,8.0,100.0,101.1,115.0,
https://www.basketball-reference.com/boxscores/201810290MIL.html,"8:00 PM, October 29, 2018",Milwaukee Bucks,Toronto Raptors,124,109,MIL,,,Team Totals,240,45,92,.489,19,45,.422,15,19,.789,8,49,57,28,5,4,17,21,124,,,Team Totals,240,.618,.592,.489,.207,18.2,76.6,52.8,62.2,4.6,6.9,14.5,100.0,115.0,101.1,
https://www.basketball-reference.com/boxscores/201810290MIN.html,"8:00 PM, October 29, 2018",Minnesota Timberwolves,Los Angeles Lakers,124,120,LAL,,,Team Totals,240,49,104,.471,12,33,.364,10,15,.667,17,31,48,24,8,8,18,24,120,,,Team Totals,240,.542,.529,.317,.144,35.4,60.8,48.5,49.0,7.7,11.6,14.0,100.0,115.0,118.9,
https://www.basketball-reference.com/boxscores/201810290MIN.html,"8:00 PM, October 29, 2018",Minnesota Timberwolves,Los Angeles Lakers,124,120,MIN,,,Team Totals,240,42,98,.429,14,29,.483,26,30,.867,20,31,51,26,11,12,15,14,124,,,Team Totals,240,.558,.500,.296,.306,39.2,64.6,51.5,61.9,10.5,16.9,11.9,100.0,118.9,115.0,
https://www.basketball-reference.com/boxscores/201810290NYK.html,"7:30 PM, October 29, 2018",New York Knicks,Brooklyn Nets,115,96,BRK,,,Team Totals,240,34,84,.405,11,38,.289,17,22,.773,11,21,32,22,6,7,10,20,96,,,Team Totals,240,.512,.470,.452,.262,22.9,56.8,37.6,64.7,6.5,10.3,9.6,100.0,104.4,125.0,
https://www.basketball-reference.com/boxscores/201810290NYK.html,"7:30 PM, October 29, 2018",New York Knicks,Brooklyn Nets,115,96,NYK,,,Team Totals,240,45,92,.489,9,24,.375,16,18,.889,16,37,53,21,5,3,16,21,115,,,Team Totals,240,.575,.538,.261,.196,43.2,77.1,62.4,46.7,5.4,6.5,13.8,100.0,125.0,104.4,
https://www.basketball-reference.com/boxscores/201810290PHI.html,"7:00 PM, October 29, 2018",Philadelphia 76ers,Atlanta Hawks,113,92,ATL,,,Team Totals,240,35,94,.372,8,37,.216,14,21,.667,10,37,47,20,10,3,15,18,92,,,Team Totals,240,.446,.415,.394,.223,17.2,69.8,42.3,57.1,9.4,5.8,12.7,100.0,86.4,106.1,
https://www.basketball-reference.com/boxscores/201810290PHI.html,"7:00 PM, October 29, 2018",Philadelphia 76ers,Atlanta Hawks,113,92,PHI,,,Team Totals,240,41,99,.414,14,47,.298,17,18,.944,16,48,64,33,7,9,19,22,113,,,Team Totals,240,.528,.485,.475,.182,30.2,82.8,57.7,80.5,6.6,15.8,15.1,100.0,106.1,86.4,
https://www.basketball-reference.com/boxscores/201810290SAS.html,"8:30 PM, October 29, 2018",San Antonio Spurs,Dallas Mavericks,113,108,DAL,,,Team Totals,265,43,91,.473,10,34,.294,12,17,.706,8,41,49,15,9,3,23,21,108,,,Team Totals,265,.548,.527,.374,.187,18.2,89.1,54.4,34.9,8.1,4.2,18.9,100.0,97.2,101.7,
https://www.basketball-reference.com/boxscores/201810290SAS.html,"8:30 PM, October 29, 2018",San Antonio Spurs,Dallas Mavericks,113,108,SAS,,,Team Totals,265,42,91,.462,9,20,.450,20,21,.952,5,36,41,27,17,2,17,19,113,,,Team Totals,265,.564,.511,.220,.231,10.9,81.8,45.6,64.3,15.3,3.5,14.5,100.0,101.7,97.2,
https://www.basketball-reference.com/boxscores/201810300BOS.html,"7:30 PM, October 30, 2018",Boston Celtics,Detroit Pistons,108,105,DET,,,Team Totals,240,37,88,.420,8,30,.267,23,27,.852,11,39,50,17,6,3,17,28,105,,,Team Totals,240,.526,.466,.341,.307,22.4,83.0,52.1,45.9,5.8,5.7,14.5,100.0,102.0,105.0,
https://www.basketball-reference.com/boxscores/201810300BOS.html,"7:30 PM, October 30, 2018",Boston Celtics,Detroit Pistons,108,105,BOS,,,Team Totals,240,37,84,.440,9,31,.290,25,32,.781,8,38,46,25,8,4,14,20,108,,,Team Totals,240,.551,.494,.369,.381,17.0,77.6,47.9,67.6,7.8,6.9,12.5,100.0,105.0,102.0,
https://www.basketball-reference.com/boxscores/201810300CHO.html,"7:00 PM, October 30, 2018",Charlotte Hornets,Miami Heat,125,113,MIA,,,Team Totals,240,41,87,.471,11,28,.393,20,24,.833,10,24,34,25,9,5,15,26,113,,,Team Totals,240,.579,.534,.322,.276,24.4,75.0,46.6,61.0,9.2,9.4,13.3,100.0,115.1,127.4,
https://www.basketball-reference.com/boxscores/201810300CHO.html,"7:00 PM, October 30, 2018",Charlotte Hornets,Miami Heat,125,113,CHO,,,Team Totals,240,44,81,.543,13,28,.464,24,29,.828,8,31,39,27,7,5,14,26,125,,,Team Totals,240,.667,.623,.346,.358,25.0,75.6,53.4,61.4,7.1,8.5,13.0,100.0,127.4,115.1,
https://www.basketball-reference.com/boxscores/201810300CLE.html,"7:00 PM, October 30, 2018",Cleveland Cavaliers,Atlanta Hawks,136,114,ATL,,,Team Totals,240,44,82,.537,15,35,.429,11,17,.647,6,33,39,25,6,8,23,29,114,,,Team Totals,240,.637,.628,.427,.207,14.6,71.7,44.8,56.8,5.6,12.3,20.4,100.0,107.3,128.0,
https://www.basketball-reference.com/boxscores/201810300CLE.html,"7:00 PM, October 30, 2018",Cleveland Cavaliers,Atlanta Hawks,136,114,CLE,,,Team Totals,240,45,90,.500,13,25,.520,33,43,.767,13,35,48,23,13,1,13,20,136,,,Team Totals,240,.624,.572,.278,.478,28.3,85.4,55.2,51.1,12.2,2.1,10.7,100.0,128.0,107.3,
https://www.basketball-reference.com/boxscores/201810300HOU.html,"8:00 PM, October 30, 2018",Houston Rockets,Portland Trail Blazers,85,104,POR,,,Team Totals,240,38,80,.475,8,20,.400,20,23,.870,7,44,51,17,4,4,20,19,104,,,Team Totals,240,.577,.525,.250,.288,19.4,68.8,51.0,44.7,4.1,7.5,18.2,100.0,106.2,86.8,
https://www.basketball-reference.com/boxscores/201810300HOU.html,"8:00 PM, October 30, 2018",Houston Rockets,Portland Trail Blazers,85,104,HOU,,,Team Totals,240,31,96,.323,10,43,.233,13,23,.565,20,29,49,18,7,9,12,25,85,,,Team Totals,240,.400,.375,.448,.240,31.3,80.6,49.0,58.1,7.1,15.0,10.2,100.0,86.8,106.2,
https://www.basketball-reference.com/boxscores/201810300MEM.html,"8:00 PM, October 30, 2018",Memphis Grizzlies,Washington Wizards,107,95,WAS,,,Team Totals,240,32,74,.432,14,35,.400,17,20,.850,5,32,37,24,9,7,20,22,95,,,Team Totals,240,.574,.527,.473,.270,13.5,84.2,49.3,75.0,9.3,15.2,19.5,100.0,98.5,110.9,
https://www.basketball-reference.com/boxscores/201810300MEM.html,"8:00 PM, October 30, 2018",Memphis Grizzlies,Washington Wizards,107,95,MEM,,,Team Totals,240,36,74,.486,13,28,.464,22,31,.710,6,32,38,28,16,3,17,20,107,,,Team Totals,240,.610,.574,.378,.419,15.8,86.5,50.7,77.8,16.6,7.7,16.2,100.0,110.9,98.5,
https://www.basketball-reference.com/boxscores/201810300OKC.html,"8:00 PM, October 30, 2018",Oklahoma City Thunder,Los Angeles Clippers,128,110,LAC,,,Team Totals,240,35,74,.473,7,20,.350,33,43,.767,6,32,38,18,6,7,25,26,110,,,Team Totals,240,.592,.520,.270,.581,15.8,78.0,48.1,51.4,5.4,9.1,21.2,100.0,98.8,115.0,
https://www.basketball-reference.com/boxscores/201810300OKC.html,"8:00 PM, October 30, 2018",Oklahoma City Thunder,Los Angeles Clippers,128,110,OKC,,,Team Totals,240,48,94,.511,9,17,.529,23,32,.719,9,32,41,19,16,6,17,35,128,,,Team Totals,240,.592,.559,.181,.340,22.0,84.2,51.9,39.6,14.4,11.1,13.6,100.0,115.0,98.8,
https://www.basketball-reference.com/boxscores/201810300ORL.html,"7:00 PM, October 30, 2018",Orlando Magic,Sacramento Kings,99,107,SAC,,,Team Totals,240,41,84,.488,8,22,.364,17,26,.654,8,43,51,22,8,6,15,20,107,,,Team Totals,240,.561,.536,.262,.310,17.8,79.6,51.5,53.7,7.8,12.5,13.6,100.0,103.9,96.1,
https://www.basketball-reference.com/boxscores/201810300ORL.html,"7:00 PM, October 30, 2018",Orlando Magic,Sacramento Kings,99,107,ORL,,,Team Totals,240,36,91,.396,11,43,.256,16,22,.727,11,37,48,28,10,8,17,22,99,,,Team Totals,240,.492,.456,.473,.242,20.4,82.2,48.5,77.8,9.7,12.9,14.4,100.0,96.1,103.9,
https://www.basketball-reference.com/boxscores/201810300TOR.html,"7:30 PM, October 30, 2018",Toronto Raptors,Philadelphia 76ers,129,112,PHI,,,Team Totals,240,38,91,.418,14,40,.350,22,30,.733,17,30,47,25,7,5,23,24,112,,,Team Totals,240,.537,.495,.440,.330,33.3,76.9,52.2,65.8,6.5,7.7,18.1,100.0,104.1,119.9,
https://www.basketball-reference.com/boxscores/201810300TOR.html,"7:30 PM, October 30, 2018",Toronto Raptors,Philadelphia 76ers,129,112,TOR,,,Team Totals,240,47,92,.511,11,27,.407,24,28,.857,9,34,43,29,13,6,16,26,129,,,Team Totals,240,.618,.571,.293,.304,23.1,66.7,47.8,61.7,12.1,11.8,13.3,100.0,119.9,104.1,
https://www.basketball-reference.com/boxscores/201810310BRK.html,"7:30 PM, October 31, 2018",Brooklyn Nets,Detroit Pistons,120,119,DET,,,Team Totals,265,39,93,.419,11,34,.324,30,39,.769,14,41,55,16,8,6,17,30,119,,,Team Totals,265,.540,.478,.366,.419,27.5,69.5,50.0,41.0,7.3,9.5,13.4,100.0,108.3,109.2,
https://www.basketball-reference.com/boxscores/201810310BRK.html,"7:30 PM, October 31, 2018",Brooklyn Nets,Detroit Pistons,120,119,BRK,,,Team Totals,265,43,101,.426,12,38,.316,22,30,.733,18,37,55,26,5,3,16,33,120,,,Team Totals,265,.525,.485,.376,.297,30.5,72.5,50.0,60.5,4.5,5.1,12.3,100.0,109.2,108.3,
https://www.basketball-reference.com/boxscores/201810310CHI.html,"8:00 PM, October 31, 2018",Chicago Bulls,Denver Nuggets,107,108,DEN,,,Team Totals,265,45,99,.455,7,26,.269,11,18,.611,17,39,56,24,7,9,16,16,108,,,Team Totals,265,.505,.490,.263,.182,34.0,79.6,56.6,53.3,6.9,15.5,13.0,100.0,105.8,104.8,
https://www.basketball-reference.com/boxscores/201810310CHI.html,"8:00 PM, October 31, 2018",Chicago Bulls,Denver Nuggets,107,108,CHI,,,Team Totals,265,39,92,.424,16,34,.471,13,18,.722,10,33,43,27,7,6,14,23,107,,,Team Totals,265,.535,.511,.370,.196,20.4,66.0,43.4,69.2,6.9,8.2,12.3,100.0,104.8,105.8,
https://www.basketball-reference.com/boxscores/201810310GSW.html,"10:30 PM, October 31, 2018",Golden State Warriors,New Orleans Pelicans,131,121,NOP,,,Team Totals,240,44,92,.478,12,35,.343,21,27,.778,12,30,42,24,8,2,16,26,121,,,Team Totals,240,.582,.543,.380,.293,26.1,71.4,47.7,54.5,7.6,3.5,13.3,100.0,114.9,124.4,
https://www.basketball-reference.com/boxscores/201810310GSW.html,"10:30 PM, October 31, 2018",Golden State Warriors,New Orleans Pelicans,131,121,GSW,,,Team Totals,240,47,89,.528,16,32,.500,21,30,.700,12,34,46,39,10,4,17,24,131,,,Team Totals,240,.641,.618,.360,.337,28.6,73.9,52.3,83.0,9.5,7.0,14.3,100.0,124.4,114.9,
https://www.basketball-reference.com/boxscores/201810310LAL.html,"10:30 PM, October 31, 2018",Los Angeles Lakers,Dallas Mavericks,114,113,DAL,,,Team Totals,240,43,86,.500,13,29,.448,14,19,.737,10,30,40,24,5,5,23,24,113,,,Team Totals,240,.599,.576,.337,.221,24.4,78.9,50.6,55.8,4.8,7.5,19.6,100.0,107.8,108.7,
https://www.basketball-reference.com/boxscores/201810310LAL.html,"10:30 PM, October 31, 2018",Los Angeles Lakers,Dallas Mavericks,114,113,LAL,,,Team Totals,240,43,84,.512,10,17,.588,18,24,.750,8,31,39,23,12,6,20,27,114,,,Team Totals,240,.603,.571,.202,.286,21.1,75.6,49.4,53.5,11.4,10.5,17.5,100.0,108.7,107.8,
https://www.basketball-reference.com/boxscores/201810310MIN.html,"8:00 PM, October 31, 2018",Minnesota Timberwolves,Utah Jazz,128,125,UTA,,,Team Totals,240,47,97,.485,13,30,.433,18,30,.600,20,28,48,25,9,5,14,22,125,,,Team Totals,240,.567,.552,.309,.309,37.0,80.0,53.9,53.2,8.7,8.2,11.3,100.0,120.7,123.6,
https://www.basketball-reference.com/boxscores/201810310MIN.html,"8:00 PM, October 31, 2018",Minnesota Timberwolves,Utah Jazz,128,125,MIN,,,Team Totals,240,50,86,.581,12,25,.480,16,24,.667,7,34,41,19,10,8,16,28,128,,,Team Totals,240,.663,.651,.291,.279,20.0,63.0,46.1,38.0,9.7,11.9,14.2,100.0,123.6,120.7,
https://www.basketball-reference.com/boxscores/201810310NYK.html,"8:00 PM, October 31, 2018",New York Knicks,Indiana Pacers,101,107,IND,,,Team Totals,240,45,83,.542,6,20,.300,11,17,.647,10,31,41,24,10,10,15,19,107,,,Team Totals,240,.591,.578,.241,.205,27.8,77.5,53.9,53.3,10.6,18.5,14.2,100.0,113.7,107.3,
https://www.basketball-reference.com/boxscores/201810310NYK.html,"8:00 PM, October 31, 2018",New York Knicks,Indiana Pacers,101,107,NYK,,,Team Totals,240,34,79,.430,12,25,.480,21,24,.875,9,26,35,18,6,6,17,19,101,,,Team Totals,240,.564,.506,.316,.304,22.5,72.2,46.1,52.9,6.4,9.5,16.0,100.0,107.3,113.7,
https://www.basketball-reference.com/boxscores/201810310PHO.html,"10:30 PM, October 31, 2018",Phoenix Suns,San Antonio Spurs,90,120,SAS,,,Team Totals,240,46,83,.554,4,18,.222,24,26,.923,6,41,47,24,7,6,14,15,120,,,Team Totals,240,.635,.578,.217,.313,17.6,85.4,57.3,52.2,6.9,9.1,12.9,100.0,117.6,88.2,
https://www.basketball-reference.com/boxscores/201810310PHO.html,"10:30 PM, October 31, 2018",Phoenix Suns,San Antonio Spurs,90,120,PHO,,,Team Totals,240,35,90,.389,6,24,.250,14,18,.778,7,28,35,21,10,3,15,26,90,,,Team Totals,240,.460,.422,.267,.200,14.6,82.4,42.7,60.0,9.8,4.6,13.3,100.0,88.2,117.6,
https://www.basketball-reference.com/boxscores/201811010ATL.html,"7:30 PM, November 1, 2018",Atlanta Hawks,Sacramento Kings,115,146,SAC,,,Team Totals,240,53,98,.541,14,35,.400,26,32,.813,10,36,46,38,14,3,14,29,146,,,Team Totals,240,.651,.612,.357,.327,23.3,78.3,51.7,71.7,12.4,5.4,11.1,100.0,129.4,101.9,
https://www.basketball-reference.com/boxscores/201811010ATL.html,"7:30 PM, November 1, 2018",Atlanta Hawks,Sacramento Kings,115,146,ATL,,,Team Totals,240,42,87,.483,8,31,.258,23,34,.676,10,33,43,26,6,6,22,28,115,,,Team Totals,240,.564,.529,.356,.391,21.7,76.7,48.3,61.9,5.3,9.5,17.7,100.0,101.9,129.4,
https://www.basketball-reference.com/boxscores/201811010BOS.html,"8:00 PM, November 1, 2018",Boston Celtics,Milwaukee Bucks,117,113,MIL,,,Team Totals,240,41,85,.482,9,29,.310,22,30,.733,8,37,45,20,8,3,14,20,113,,,Team Totals,240,.575,.535,.341,.353,19.0,82.2,51.7,48.8,7.9,8.1,12.5,100.0,111.6,115.5,
https://www.basketball-reference.com/boxscores/201811010BOS.html,"8:00 PM, November 1, 2018",Boston Celtics,Milwaukee Bucks,117,113,BOS,,,Team Totals,240,41,92,.446,24,55,.436,11,13,.846,8,34,42,30,5,8,13,23,117,,,Team Totals,240,.599,.576,.598,.141,17.8,81.0,48.3,73.2,4.9,14.3,11.7,100.0,115.5,111.6,
https://www.basketball-reference.com/boxscores/201811010CHO.html,"7:00 PM, November 1, 2018",Charlotte Hornets,Oklahoma City Thunder,107,111,OKC,,,Team Totals,240,41,96,.427,8,37,.216,21,29,.724,14,35,49,20,12,9,10,21,111,,,Team Totals,240,.510,.469,.385,.302,25.9,76.1,49.0,48.8,11.5,17.3,8.4,100.0,106.7,102.9,
https://www.basketball-reference.com/boxscores/201811010CHO.html,"7:00 PM, November 1, 2018",Charlotte Hornets,Oklahoma City Thunder,107,111,CHO,,,Team Totals,240,38,93,.409,11,41,.268,20,22,.909,11,40,51,26,7,3,18,26,107,,,Team Totals,240,.521,.468,.441,.237,23.9,74.1,51.0,68.4,6.7,5.1,14.9,100.0,102.9,106.7,
https://www.basketball-reference.com/boxscores/201811010CLE.html,"7:00 PM, November 1, 2018",Cleveland Cavaliers,Denver Nuggets,91,110,DEN,,,Team Totals,240,41,85,.482,10,26,.385,18,21,.857,14,30,44,22,8,7,12,18,110,,,Team Totals,240,.584,.541,.306,.247,38.9,69.8,55.7,53.7,9.1,10.8,11.3,100.0,125.1,103.5,
https://www.basketball-reference.com/boxscores/201811010CLE.html,"7:00 PM, November 1, 2018",Cleveland Cavaliers,Denver Nuggets,91,110,CLE,,,Team Totals,240,34,83,.410,5,18,.278,18,19,.947,13,22,35,18,11,4,14,22,91,,,Team Totals,240,.498,.440,.217,.229,30.2,61.1,44.3,52.9,12.5,6.8,13.3,100.0,103.5,125.1,
https://www.basketball-reference.com/boxscores/201811010PHI.html,"7:00 PM, November 1, 2018",Philadelphia 76ers,Los Angeles Clippers,122,113,LAC,,,Team Totals,240,38,86,.442,9,23,.391,28,33,.848,8,34,42,19,6,7,18,28,113,,,Team Totals,240,.562,.494,.267,.384,19.5,77.3,49.4,50.0,5.6,10.6,15.2,100.0,104.9,113.2,
https://www.basketball-reference.com/boxscores/201811010PHI.html,"7:00 PM, November 1, 2018",Philadelphia 76ers,Los Angeles Clippers,122,113,PHI,,,Team Totals,240,44,93,.473,13,27,.481,21,28,.750,10,33,43,29,7,7,16,30,122,,,Team Totals,240,.579,.543,.290,.301,22.7,80.5,50.6,65.9,6.5,11.1,13.2,100.0,113.2,104.9,
https://www.basketball-reference.com/boxscores/201811010POR.html,"10:30 PM, November 1, 2018",Portland Trail Blazers,New Orleans Pelicans,132,119,NOP,,,Team Totals,240,40,94,.426,8,29,.276,31,37,.838,14,30,44,23,7,3,13,24,119,,,Team Totals,240,.540,.468,.309,.394,26.9,78.9,48.9,57.5,6.7,5.8,10.5,100.0,113.4,125.7,
https://www.basketball-reference.com/boxscores/201811010POR.html,"10:30 PM, November 1, 2018",Portland Trail Blazers,New Orleans Pelicans,132,119,POR,,,Team Totals,240,44,87,.506,18,35,.514,26,31,.839,8,38,46,26,4,4,14,30,132,,,Team Totals,240,.656,.609,.402,.356,21.1,73.1,51.1,59.1,3.8,6.2,12.2,100.0,125.7,113.4,
https://www.basketball-reference.com/boxscores/201811020BRK.html,"7:30 PM, November 2, 2018",Brooklyn Nets,Houston Rockets,111,119,HOU,,,Team Totals,240,41,83,.494,15,39,.385,22,32,.688,11,30,41,22,4,10,9,21,119,,,Team Totals,240,.613,.584,.470,.386,27.5,76.9,51.9,53.7,4.3,19.6,8.5,100.0,127.4,118.8,
https://www.basketball-reference.com/boxscores/201811020BRK.html,"7:30 PM, November 2, 2018",Brooklyn Nets,Houston Rockets,111,119,BRK,,,Team Totals,240,42,85,.494,15,34,.441,12,20,.600,9,29,38,22,5,4,12,28,111,,,Team Totals,240,.592,.582,.400,.235,23.1,72.5,48.1,52.4,5.4,9.1,11.3,100.0,118.8,127.4,
https://www.basketball-reference.com/boxscores/201811020CHI.html,"8:00 PM, November 2, 2018",Chicago Bulls,Indiana Pacers,105,107,IND,,,Team Totals,240,40,85,.471,7,26,.269,20,22,.909,9,33,42,21,8,9,11,13,107,,,Team Totals,240,.565,.512,.306,.259,22.0,75.0,49.4,52.5,8.5,15.5,10.4,100.0,113.7,111.5,
https://www.basketball-reference.com/boxscores/201811020CHI.html,"8:00 PM, November 2, 2018",Chicago Bulls,Indiana Pacers,105,107,CHI,,,Team Totals,240,42,89,.472,13,31,.419,8,9,.889,11,32,43,33,2,7,14,20,105,,,Team Totals,240,.565,.545,.348,.101,25.0,78.0,50.6,78.6,2.1,11.9,13.1,100.0,111.5,113.7,
https://www.basketball-reference.com/boxscores/201811020DAL.html,"8:30 PM, November 2, 2018",Dallas Mavericks,New York Knicks,106,118,NYK,,,Team Totals,240,46,84,.548,7,29,.241,19,26,.731,10,30,40,26,13,4,12,24,118,,,Team Totals,240,.618,.589,.345,.310,25.6,73.2,50.0,56.5,13.4,7.7,11.2,100.0,121.8,109.4,
https://www.basketball-reference.com/boxscores/201811020DAL.html,"8:30 PM, November 2, 2018",Dallas Mavericks,New York Knicks,106,118,DAL,,,Team Totals,240,40,81,.494,11,29,.379,15,24,.625,11,29,40,22,6,1,19,28,106,,,Team Totals,240,.579,.562,.358,.296,26.8,74.4,50.0,55.0,6.2,1.8,17.2,100.0,109.4,121.8,
https://www.basketball-reference.com/boxscores/201811020GSW.html,"10:30 PM, November 2, 2018",Golden State Warriors,Minnesota Timberwolves,116,99,MIN,,,Team Totals,240,38,101,.376,13,45,.289,10,14,.714,8,31,39,25,8,4,5,16,99,,,Team Totals,240,.462,.441,.446,.139,14.0,72.1,39.0,65.8,7.9,7.4,4.5,100.0,98.3,115.1,
https://www.basketball-reference.com/boxscores/201811020GSW.html,"10:30 PM, November 2, 2018",Golden State Warriors,Minnesota Timberwolves,116,99,GSW,,,Team Totals,240,43,88,.489,13,34,.382,17,22,.773,12,49,61,31,3,9,16,16,116,,,Team Totals,240,.594,.563,.386,.250,27.9,86.0,61.0,72.1,3.0,16.1,14.1,100.0,115.1,98.3,
https://www.basketball-reference.com/boxscores/201811020ORL.html,"7:00 PM, November 2, 2018",Orlando Magic,Los Angeles Clippers,95,120,LAC,,,Team Totals,240,41,86,.477,13,26,.500,25,33,.758,10,40,50,22,5,3,14,23,120,,,Team Totals,240,.597,.552,.302,.384,23.8,83.3,55.6,53.7,5.0,4.1,12.2,100.0,119.7,94.8,
https://www.basketball-reference.com/boxscores/201811020ORL.html,"7:00 PM, November 2, 2018",Orlando Magic,Los Angeles Clippers,95,120,ORL,,,Team Totals,240,40,90,.444,4,17,.235,11,19,.579,8,32,40,20,7,4,10,24,95,,,Team Totals,240,.483,.467,.189,.211,16.7,76.2,44.4,50.0,7.0,6.7,9.2,100.0,94.8,119.7,
https://www.basketball-reference.com/boxscores/201811020PHO.html,"10:00 PM, November 2, 2018",Phoenix Suns,Toronto Raptors,98,107,TOR,,,Team Totals,240,41,81,.506,12,33,.364,13,21,.619,6,33,39,29,11,10,14,23,107,,,Team Totals,240,.593,.580,.407,.259,14.0,73.3,44.3,70.7,11.2,15.4,13.4,100.0,108.6,99.5,
https://www.basketball-reference.com/boxscores/201811020PHO.html,"10:00 PM, November 2, 2018",Phoenix Suns,Toronto Raptors,98,107,PHO,,,Team Totals,240,40,91,.440,8,26,.308,10,18,.556,12,37,49,20,3,4,16,18,98,,,Team Totals,240,.495,.484,.286,.198,26.7,86.0,55.7,50.0,3.0,8.3,13.9,100.0,99.5,108.6,
https://www.basketball-reference.com/boxscores/201811020UTA.html,"9:00 PM, November 2, 2018",Utah Jazz,Memphis Grizzlies,100,110,MEM,,,Team Totals,240,38,75,.507,13,26,.500,21,34,.618,9,30,39,23,9,3,11,29,110,,,Team Totals,240,.611,.593,.347,.453,23.7,75.0,50.0,60.5,10.0,7.3,10.9,100.0,122.0,111.0,
https://www.basketball-reference.com/boxscores/201811020UTA.html,"9:00 PM, November 2, 2018",Utah Jazz,Memphis Grizzlies,100,110,UTA,,,Team Totals,240,36,77,.468,14,36,.389,14,25,.560,10,29,39,21,3,5,14,25,100,,,Team Totals,240,.568,.558,.468,.325,25.0,76.3,50.0,58.3,3.3,10.2,13.7,100.0,111.0,122.0,
https://www.basketball-reference.com/boxscores/201811020WAS.html,"8:00 PM, November 2, 2018",Washington Wizards,Oklahoma City Thunder,111,134,OKC,,,Team Totals,240,49,86,.570,15,32,.469,21,26,.808,7,31,38,34,13,5,13,20,134,,,Team Totals,240,.688,.657,.372,.302,22.6,83.8,55.9,69.4,12.7,8.9,11.8,100.0,130.5,108.1,
https://www.basketball-reference.com/boxscores/201811020WAS.html,"8:00 PM, November 2, 2018",Washington Wizards,Oklahoma City Thunder,111,134,WAS,,,Team Totals,240,44,86,.512,9,30,.300,14,18,.778,6,24,30,27,6,4,19,21,111,,,Team Totals,240,.591,.564,.349,.209,16.2,77.4,44.1,61.4,5.8,7.4,16.8,100.0,108.1,130.5,
https://www.basketball-reference.com/boxscores/201811030ATL.html,"7:30 PM, November 3, 2018",Atlanta Hawks,Miami Heat,123,118,MIA,,,Team Totals,240,41,85,.482,16,40,.400,20,26,.769,13,28,41,27,6,6,18,20,118,,,Team Totals,240,.612,.576,.471,.306,31.0,77.8,52.6,65.9,5.9,10.7,15.7,100.0,115.7,120.6,
https://www.basketball-reference.com/boxscores/201811030ATL.html,"7:30 PM, November 3, 2018",Atlanta Hawks,Miami Heat,123,118,ATL,,,Team Totals,240,46,88,.523,13,32,.406,18,23,.783,8,29,37,33,11,7,18,21,123,,,Team Totals,240,.627,.597,.364,.261,22.2,69.0,47.4,71.7,10.8,15.6,15.5,100.0,120.6,115.7,
https://www.basketball-reference.com/boxscores/201811030CHI.html,"8:00 PM, November 3, 2018",Chicago Bulls,Houston Rockets,88,96,HOU,,,Team Totals,240,35,83,.422,13,42,.310,13,20,.650,10,35,45,21,13,5,19,22,96,,,Team Totals,240,.523,.500,.506,.241,23.3,89.7,54.9,60.0,13.4,10.4,17.1,100.0,98.9,90.7,
https://www.basketball-reference.com/boxscores/201811030CHI.html,"8:00 PM, November 3, 2018",Chicago Bulls,Houston Rockets,88,96,CHI,,,Team Totals,240,28,71,.394,6,23,.261,26,27,.963,4,33,37,15,13,4,19,18,88,,,Team Totals,240,.531,.437,.324,.380,10.3,76.7,45.1,53.6,13.4,9.8,18.6,100.0,90.7,98.9,
https://www.basketball-reference.com/boxscores/201811030CHO.html,"7:00 PM, November 3, 2018",Charlotte Hornets,Cleveland Cavaliers,126,94,CLE,,,Team Totals,240,35,81,.432,10,26,.385,14,15,.933,3,23,26,22,10,2,15,20,94,,,Team Totals,240,.537,.494,.321,.185,7.3,65.7,34.2,62.9,10.2,3.3,14.6,100.0,96.3,129.0,
https://www.basketball-reference.com/boxscores/201811030CHO.html,"7:00 PM, November 3, 2018",Charlotte Hornets,Cleveland Cavaliers,126,94,CHO,,,Team Totals,240,52,91,.571,10,30,.333,12,13,.923,12,38,50,29,3,7,15,17,126,,,Team Totals,240,.651,.626,.330,.143,34.3,92.7,65.8,55.8,3.1,12.7,13.4,100.0,129.0,96.3,
https://www.basketball-reference.com/boxscores/201811030DEN.html,"9:00 PM, November 3, 2018",Denver Nuggets,Utah Jazz,103,88,UTA,,,Team Totals,240,33,81,.407,6,31,.194,16,24,.667,10,30,40,22,12,7,13,21,88,,,Team Totals,240,.481,.444,.383,.296,20.0,78.9,45.5,66.7,12.5,12.7,12.4,100.0,91.9,107.6,
https://www.basketball-reference.com/boxscores/201811030DEN.html,"9:00 PM, November 3, 2018",Denver Nuggets,Utah Jazz,103,88,DEN,,,Team Totals,240,41,83,.494,9,28,.321,12,19,.632,8,40,48,32,8,0,17,26,103,,,Team Totals,240,.564,.548,.337,.229,21.1,80.0,54.5,78.0,8.4,0.0,15.7,100.0,107.6,91.9,
https://www.basketball-reference.com/boxscores/201811030IND.html,"7:00 PM, November 3, 2018",Indiana Pacers,Boston Celtics,102,101,BOS,,,Team Totals,240,38,88,.432,19,46,.413,6,9,.667,10,35,45,23,6,8,14,20,101,,,Team Totals,240,.549,.540,.523,.102,21.3,81.4,50.0,60.5,6.2,14.8,13.2,100.0,104.5,105.6,
https://www.basketball-reference.com/boxscores/201811030IND.html,"7:00 PM, November 3, 2018",Indiana Pacers,Boston Celtics,102,101,IND,,,Team Totals,240,36,86,.419,11,32,.344,19,25,.760,8,37,45,23,10,2,13,16,102,,,Team Totals,240,.526,.483,.372,.291,18.6,78.7,50.0,63.9,10.3,4.8,11.8,100.0,105.6,104.5,
https://www.basketball-reference.com/boxscores/201811030PHI.html,"1:00 PM, November 3, 2018",Philadelphia 76ers,Detroit Pistons,109,99,DET,,,Team Totals,240,33,83,.398,5,30,.167,28,41,.683,7,37,44,16,8,3,17,32,99,,,Team Totals,240,.490,.428,.361,.494,14.3,92.5,49.4,48.5,7.5,7.5,14.4,100.0,93.0,102.4,
https://www.basketball-reference.com/boxscores/201811030PHI.html,"1:00 PM, November 3, 2018",Philadelphia 76ers,Detroit Pistons,109,99,PHI,,,Team Totals,240,28,69,.406,9,29,.310,44,51,.863,3,42,45,21,11,3,18,31,109,,,Team Totals,240,.596,.471,.420,.739,7.5,85.7,50.6,75.0,10.3,5.7,16.4,100.0,102.4,93.0,
https://www.basketball-reference.com/boxscores/201811030POR.html,"10:00 PM, November 3, 2018",Portland Trail Blazers,Los Angeles Lakers,110,114,LAL,,,Team Totals,240,45,86,.523,8,21,.381,16,25,.640,9,41,50,20,9,11,20,22,114,,,Team Totals,240,.588,.570,.244,.291,20.9,71.9,50.0,44.4,8.3,15.9,17.1,100.0,105.8,102.0,
https://www.basketball-reference.com/boxscores/201811030POR.html,"10:00 PM, November 3, 2018",Portland Trail Blazers,Los Angeles Lakers,110,114,POR,,,Team Totals,240,44,104,.423,6,35,.171,16,22,.727,16,34,50,20,10,5,14,21,110,,,Team Totals,240,.484,.452,.337,.212,28.1,79.1,50.0,45.5,9.3,7.7,11.0,100.0,102.0,105.8,
https://www.basketball-reference.com/boxscores/201811030SAS.html,"8:30 PM, November 3, 2018",San Antonio Spurs,New Orleans Pelicans,109,95,NOP,,,Team Totals,240,36,77,.468,6,21,.286,17,30,.567,6,42,48,22,3,8,16,21,95,,,Team Totals,240,.527,.506,.273,.390,14.6,84.0,52.7,61.1,3.0,11.0,15.1,100.0,94.8,108.8,
https://www.basketball-reference.com/boxscores/201811030SAS.html,"8:30 PM, November 3, 2018",San Antonio Spurs,New Orleans Pelicans,109,95,SAS,,,Team Totals,240,45,96,.469,8,23,.348,11,14,.786,8,35,43,29,8,4,9,21,109,,,Team Totals,240,.533,.510,.240,.146,16.0,85.4,47.3,64.4,8.0,7.1,8.1,100.0,108.8,94.8,
https://www.basketball-reference.com/boxscores/201811040BRK.html,"6:00 PM, November 4, 2018",Brooklyn Nets,Philadelphia 76ers,122,97,PHI,,,Team Totals,240,31,65,.477,4,20,.200,31,41,.756,9,37,46,16,6,1,28,21,97,,,Team Totals,240,.584,.508,.308,.631,28.1,71.2,54.8,51.6,5.9,1.3,25.2,100.0,95.4,120.0,
https://www.basketball-reference.com/boxscores/201811040BRK.html,"6:00 PM, November 4, 2018",Brooklyn Nets,Philadelphia 76ers,122,97,BRK,,,Team Totals,240,50,105,.476,9,28,.321,13,18,.722,15,23,38,27,11,3,9,28,122,,,Team Totals,240,.540,.519,.267,.171,28.8,71.9,45.2,54.0,10.8,6.7,7.4,100.0,120.0,95.4,
https://www.basketball-reference.com/boxscores/201811040LAL.html,"9:30 PM, November 4, 2018",Los Angeles Lakers,Toronto Raptors,107,121,TOR,,,Team Totals,240,49,98,.500,10,35,.286,13,14,.929,13,36,49,32,9,4,13,24,121,,,Team Totals,240,.581,.551,.357,.143,28.9,85.7,56.3,65.3,8.7,6.6,11.1,100.0,116.9,103.4,
https://www.basketball-reference.com/boxscores/201811040LAL.html,"9:30 PM, November 4, 2018",Los Angeles Lakers,Toronto Raptors,107,121,LAL,,,Team Totals,240,39,85,.459,6,24,.250,23,29,.793,6,32,38,25,6,4,16,18,107,,,Team Totals,240,.547,.494,.282,.341,14.3,71.1,43.7,64.1,5.8,6.3,14.1,100.0,103.4,116.9,
https://www.basketball-reference.com/boxscores/201811040MIL.html,"3:30 PM, November 4, 2018",Milwaukee Bucks,Sacramento Kings,144,109,SAC,,,Team Totals,240,42,95,.442,14,36,.389,11,22,.500,8,36,44,24,6,4,15,26,109,,,Team Totals,240,.521,.516,.379,.232,14.8,78.3,44.0,57.1,5.4,10.3,12.5,100.0,99.0,130.8,
https://www.basketball-reference.com/boxscores/201811040MIL.html,"3:30 PM, November 4, 2018",Milwaukee Bucks,Sacramento Kings,144,109,MIL,,,Team Totals,240,46,95,.484,22,56,.393,30,33,.909,10,46,56,30,6,7,13,20,144,,,Team Totals,240,.657,.600,.589,.347,21.7,85.2,56.0,65.2,5.4,11.9,10.6,100.0,130.8,99.0,
https://www.basketball-reference.com/boxscores/201811040PHO.html,"8:00 PM, November 4, 2018",Phoenix Suns,Memphis Grizzlies,102,100,MEM,,,Team Totals,240,36,76,.474,7,23,.304,21,29,.724,9,21,30,19,13,3,13,21,100,,,Team Totals,240,.563,.520,.303,.382,22.0,80.8,44.8,52.8,14.1,9.4,12.8,100.0,108.6,110.7,
https://www.basketball-reference.com/boxscores/201811040PHO.html,"8:00 PM, November 4, 2018",Phoenix Suns,Memphis Grizzlies,102,100,PHO,,,Team Totals,240,33,64,.516,14,32,.438,22,26,.846,5,32,37,25,7,3,25,27,102,,,Team Totals,240,.676,.625,.500,.406,19.2,78.0,55.2,75.8,7.6,5.7,24.9,100.0,110.7,108.6,
https://www.basketball-reference.com/boxscores/201811040POR.html,"9:00 PM, November 4, 2018",Portland Trail Blazers,Minnesota Timberwolves,111,81,MIN,,,Team Totals,240,29,93,.312,7,30,.233,16,21,.762,13,25,38,18,9,4,11,21,81,,,Team Totals,240,.396,.349,.323,.226,21.0,59.5,36.5,62.1,9.3,6.9,9.7,100.0,83.9,115.0,
https://www.basketball-reference.com/boxscores/201811040POR.html,"9:00 PM, November 4, 2018",Portland Trail Blazers,Minnesota Timberwolves,111,81,POR,,,Team Totals,240,38,86,.442,7,28,.250,28,32,.875,17,49,66,15,7,1,17,20,111,,,Team Totals,240,.555,.483,.326,.372,40.5,79.0,63.5,39.5,7.3,1.6,14.5,100.0,115.0,83.9,
https://www.basketball-reference.com/boxscores/201811040SAS.html,"7:00 PM, November 4, 2018",San Antonio Spurs,Orlando Magic,110,117,ORL,,,Team Totals,240,46,91,.505,12,32,.375,13,18,.722,11,32,43,29,7,4,9,22,117,,,Team Totals,240,.591,.571,.352,.198,25.0,76.2,50.0,63.0,7.3,7.5,8.3,100.0,122.2,114.9,
https://www.basketball-reference.com/boxscores/201811040SAS.html,"7:00 PM, November 4, 2018",San Antonio Spurs,Orlando Magic,110,117,SAS,,,Team Totals,240,38,88,.432,12,35,.343,22,25,.880,10,33,43,25,3,5,11,21,110,,,Team Totals,240,.556,.500,.398,.284,23.8,75.0,50.0,65.8,3.1,8.5,10.0,100.0,114.9,122.2,
https://www.basketball-reference.com/boxscores/201811040WAS.html,"6:00 PM, November 4, 2018",Washington Wizards,New York Knicks,108,95,NYK,,,Team Totals,240,39,93,.419,5,27,.185,12,16,.750,15,36,51,19,5,5,20,28,95,,,Team Totals,240,.475,.446,.290,.172,31.9,70.6,52.0,48.7,5.1,8.8,16.7,100.0,96.1,109.2,
https://www.basketball-reference.com/boxscores/201811040WAS.html,"6:00 PM, November 4, 2018",Washington Wizards,New York Knicks,108,95,WAS,,,Team Totals,240,36,83,.434,6,26,.231,30,39,.769,15,32,47,21,12,11,13,18,108,,,Team Totals,240,.539,.470,.313,.470,29.4,68.1,48.0,58.3,12.1,16.7,11.5,100.0,109.2,96.1,
https://www.basketball-reference.com/boxscores/201811050DEN.html,"9:00 PM, November 5, 2018",Denver Nuggets,Boston Celtics,115,107,BOS,,,Team Totals,240,44,87,.506,9,31,.290,10,12,.833,7,33,40,22,9,9,12,21,107,,,Team Totals,240,.580,.557,.356,.138,17.9,68.8,46.0,50.0,9.3,16.1,11.5,100.0,110.7,119.0,
https://www.basketball-reference.com/boxscores/201811050DEN.html,"9:00 PM, November 5, 2018",Denver Nuggets,Boston Celtics,115,107,DEN,,,Team Totals,240,41,90,.456,13,34,.382,20,28,.714,15,32,47,25,5,4,13,14,115,,,Team Totals,240,.562,.528,.378,.311,31.3,82.1,54.0,61.0,5.2,7.1,11.3,100.0,119.0,110.7,
https://www.basketball-reference.com/boxscores/201811050DET.html,"7:00 PM, November 5, 2018",Detroit Pistons,Miami Heat,115,120,MIA,,,Team Totals,265,44,98,.449,12,31,.387,20,31,.645,9,41,50,24,10,8,17,26,120,,,Team Totals,265,.537,.510,.316,.316,18.8,66.1,45.5,54.5,8.7,11.4,13.2,100.0,104.7,100.3,
https://www.basketball-reference.com/boxscores/201811050DET.html,"7:00 PM, November 5, 2018",Detroit Pistons,Miami Heat,115,120,DET,,,Team Totals,265,43,105,.410,11,35,.314,18,28,.643,21,39,60,27,8,3,19,30,115,,,Team Totals,265,.490,.462,.333,.267,33.9,81.3,54.5,62.8,7.0,4.5,13.9,100.0,100.3,104.7,
https://www.basketball-reference.com/boxscores/201811050GSW.html,"10:30 PM, November 5, 2018",Golden State Warriors,Memphis Grizzlies,117,101,MEM,,,Team Totals,240,38,83,.458,9,27,.333,16,21,.762,4,26,30,31,8,8,10,19,101,,,Team Totals,240,.547,.512,.325,.253,9.5,76.5,39.5,81.6,8.4,14.0,9.8,100.0,106.3,123.2,
https://www.basketball-reference.com/boxscores/201811050GSW.html,"10:30 PM, November 5, 2018",Golden State Warriors,Memphis Grizzlies,117,101,GSW,,,Team Totals,240,41,81,.506,13,24,.542,22,23,.957,8,38,46,29,4,4,13,25,117,,,Team Totals,240,.642,.586,.296,.284,23.5,90.5,60.5,70.7,4.2,7.1,12.5,100.0,123.2,106.3,
https://www.basketball-reference.com/boxscores/201811050IND.html,"7:00 PM, November 5, 2018",Indiana Pacers,Houston Rockets,94,98,HOU,,,Team Totals,240,34,76,.447,15,47,.319,15,16,.938,5,34,39,23,9,6,17,24,98,,,Team Totals,240,.590,.546,.618,.211,13.5,82.9,50.0,67.6,9.5,12.8,17.0,100.0,103.9,99.7,
https://www.basketball-reference.com/boxscores/201811050IND.html,"7:00 PM, November 5, 2018",Indiana Pacers,Houston Rockets,94,98,IND,,,Team Totals,240,33,75,.440,8,28,.286,20,30,.667,7,32,39,17,8,3,16,15,94,,,Team Totals,240,.533,.493,.373,.400,17.1,86.5,50.0,51.5,8.5,10.3,15.4,100.0,99.7,103.9,
https://www.basketball-reference.com/boxscores/201811050LAC.html,"10:30 PM, November 5, 2018",Los Angeles Clippers,Minnesota Timberwolves,120,109,MIN,,,Team Totals,240,40,85,.471,5,21,.238,24,30,.800,8,30,38,20,9,8,11,23,109,,,Team Totals,240,.555,.500,.247,.353,21.1,69.8,46.9,50.0,9.4,14.0,10.1,100.0,113.5,124.9,
https://www.basketball-reference.com/boxscores/201811050LAC.html,"10:30 PM, November 5, 2018",Los Angeles Clippers,Minnesota Timberwolves,120,109,LAC,,,Team Totals,240,43,88,.489,14,31,.452,20,22,.909,13,30,43,30,5,4,12,27,120,,,Team Totals,240,.614,.568,.352,.250,30.2,78.9,53.1,69.8,5.2,6.3,10.9,100.0,124.9,113.5,
https://www.basketball-reference.com/boxscores/201811050NYK.html,"7:30 PM, November 5, 2018",New York Knicks,Chicago Bulls,115,116,CHI,,,Team Totals,290,43,95,.453,8,30,.267,22,30,.733,11,37,48,15,9,9,19,22,116,,,Team Totals,290,.536,.495,.316,.316,21.2,63.8,43.6,34.9,8.0,11.3,14.9,100.0,103.3,102.4,
https://www.basketball-reference.com/boxscores/201811050NYK.html,"7:30 PM, November 5, 2018",New York Knicks,Chicago Bulls,115,116,NYK,,,Team Totals,290,41,106,.387,7,26,.269,26,29,.897,21,41,62,20,7,6,18,27,115,,,Team Totals,290,.484,.420,.245,.274,36.2,78.8,56.4,48.8,6.2,9.2,13.2,100.0,102.4,103.3,
https://www.basketball-reference.com/boxscores/201811050OKC.html,"8:00 PM, November 5, 2018",Oklahoma City Thunder,New Orleans Pelicans,122,116,NOP,,,Team Totals,240,41,84,.488,9,29,.310,25,30,.833,11,34,45,27,8,5,21,26,116,,,Team Totals,240,.597,.542,.345,.357,25.6,79.1,52.3,65.9,7.6,7.6,17.8,100.0,109.5,115.2,
https://www.basketball-reference.com/boxscores/201811050OKC.html,"8:00 PM, November 5, 2018",Oklahoma City Thunder,New Orleans Pelicans,122,116,OKC,,,Team Totals,240,45,93,.484,10,27,.370,22,31,.710,9,32,41,26,15,3,12,23,122,,,Team Totals,240,.572,.538,.290,.333,20.9,74.4,47.7,57.8,14.2,5.5,10.1,100.0,115.2,109.5,
https://www.basketball-reference.com/boxscores/201811050ORL.html,"7:00 PM, November 5, 2018",Orlando Magic,Cleveland Cavaliers,102,100,CLE,,,Team Totals,240,41,80,.513,10,23,.435,8,12,.667,8,34,42,20,8,2,18,17,100,,,Team Totals,240,.586,.575,.288,.150,21.1,77.3,51.2,48.8,8.4,3.8,17.4,100.0,105.1,107.2,
https://www.basketball-reference.com/boxscores/201811050ORL.html,"7:00 PM, November 5, 2018",Orlando Magic,Cleveland Cavaliers,102,100,ORL,,,Team Totals,240,39,87,.448,11,34,.324,13,15,.867,10,30,40,22,11,5,15,16,102,,,Team Totals,240,.545,.511,.391,.172,22.7,78.9,48.8,56.4,11.6,8.8,13.8,100.0,107.2,105.1,
https://www.basketball-reference.com/boxscores/201811050UTA.html,"9:00 PM, November 5, 2018",Utah Jazz,Toronto Raptors,111,124,TOR,,,Team Totals,240,49,86,.570,13,33,.394,13,14,.929,7,36,43,21,9,3,15,28,124,,,Team Totals,240,.673,.645,.384,.163,20.0,75.0,51.8,42.9,9.0,5.5,14.0,100.0,123.9,110.9,
https://www.basketball-reference.com/boxscores/201811050UTA.html,"9:00 PM, November 5, 2018",Utah Jazz,Toronto Raptors,111,124,UTA,,,Team Totals,240,38,86,.442,8,31,.258,27,41,.659,12,28,40,29,10,4,12,19,111,,,Team Totals,240,.533,.488,.360,.477,25.0,80.0,48.2,76.3,10.0,7.5,10.3,100.0,110.9,123.9,
https://www.basketball-reference.com/boxscores/201811060CHO.html,"7:00 PM, November 6, 2018",Charlotte Hornets,Atlanta Hawks,113,102,ATL,,,Team Totals,240,41,85,.482,6,30,.200,14,18,.778,7,30,37,22,13,9,22,18,102,,,Team Totals,240,.549,.518,.353,.212,16.7,78.9,46.3,53.7,12.0,14.8,19.1,100.0,94.5,104.6,
https://www.basketball-reference.com/boxscores/201811060CHO.html,"7:00 PM, November 6, 2018",Charlotte Hornets,Atlanta Hawks,113,102,CHO,,,Team Totals,240,45,92,.489,13,31,.419,10,18,.556,8,35,43,27,9,4,21,16,113,,,Team Totals,240,.565,.560,.337,.196,21.1,83.3,53.8,60.0,8.3,7.3,17.4,100.0,104.6,94.5,
https://www.basketball-reference.com/boxscores/201811060DAL.html,"8:30 PM, November 6, 2018",Dallas Mavericks,Washington Wizards,119,100,WAS,,,Team Totals,240,37,87,.425,11,35,.314,15,20,.750,5,27,32,27,8,6,10,24,100,,,Team Totals,240,.522,.489,.402,.230,11.1,73.0,39.0,73.0,8.1,12.5,9.5,100.0,101.3,120.6,
https://www.basketball-reference.com/boxscores/201811060DAL.html,"8:30 PM, November 6, 2018",Dallas Mavericks,Washington Wizards,119,100,DAL,,,Team Totals,240,39,82,.476,15,34,.441,26,27,.963,10,40,50,25,4,6,18,22,119,,,Team Totals,240,.634,.567,.415,.329,27.0,88.9,61.0,64.1,4.1,11.5,16.1,100.0,120.6,101.3,
https://www.basketball-reference.com/boxscores/201811060PHO.html,"9:00 PM, November 6, 2018",Phoenix Suns,Brooklyn Nets,82,104,BRK,,,Team Totals,240,41,92,.446,9,36,.250,13,19,.684,13,39,52,22,9,5,10,22,104,,,Team Totals,240,.518,.495,.391,.207,24.5,81.3,51.5,53.7,9.3,8.9,9.1,100.0,106.9,84.3,
https://www.basketball-reference.com/boxscores/201811060PHO.html,"9:00 PM, November 6, 2018",Phoenix Suns,Brooklyn Nets,82,104,PHO,,,Team Totals,240,28,81,.346,9,25,.360,17,20,.850,9,40,49,16,4,3,20,20,82,,,Team Totals,240,.457,.401,.309,.247,18.8,75.5,48.5,57.1,4.1,5.4,18.2,100.0,84.3,106.9,
https://www.basketball-reference.com/boxscores/201811060POR.html,"10:00 PM, November 6, 2018",Portland Trail Blazers,Milwaukee Bucks,118,103,MIL,,,Team Totals,240,40,92,.435,16,42,.381,7,8,.875,12,30,42,26,2,1,12,16,103,,,Team Totals,240,.539,.522,.457,.087,23.1,73.2,45.2,65.0,2.1,2.1,11.2,100.0,109.4,125.4,
https://www.basketball-reference.com/boxscores/201811060POR.html,"10:00 PM, November 6, 2018",Portland Trail Blazers,Milwaukee Bucks,118,103,POR,,,Team Totals,240,48,91,.527,17,43,.395,5,8,.625,11,40,51,23,7,3,12,17,118,,,Team Totals,240,.624,.621,.473,.088,26.8,76.9,54.8,47.9,7.4,6.0,11.3,100.0,125.4,109.4,
https://www.basketball-reference.com/boxscores/201811070ATL.html,"7:30 PM, November 7, 2018",Atlanta Hawks,New York Knicks,107,112,NYK,,,Team Totals,240,34,77,.442,11,30,.367,33,47,.702,11,37,48,15,8,7,18,30,112,,,Team Totals,240,.573,.513,.390,.610,26.8,71.2,51.6,44.1,7.8,13.0,15.6,100.0,109.2,104.3,
https://www.basketball-reference.com/boxscores/201811070ATL.html,"7:30 PM, November 7, 2018",Atlanta Hawks,New York Knicks,107,112,ATL,,,Team Totals,240,37,92,.402,11,38,.289,22,29,.759,15,30,45,26,5,9,17,30,107,,,Team Totals,240,.511,.462,.413,.315,28.8,73.2,48.4,70.3,4.9,19.1,14.0,100.0,104.3,109.2,
https://www.basketball-reference.com/boxscores/201811070CLE.html,"7:00 PM, November 7, 2018",Cleveland Cavaliers,Oklahoma City Thunder,86,95,OKC,,,Team Totals,240,35,84,.417,7,27,.259,18,26,.692,7,37,44,10,13,9,12,23,95,,,Team Totals,240,.498,.458,.321,.310,15.2,75.5,46.3,28.6,13.1,15.5,11.2,100.0,96.0,86.9,
https://www.basketball-reference.com/boxscores/201811070CLE.html,"7:00 PM, November 7, 2018",Cleveland Cavaliers,Oklahoma City Thunder,86,95,CLE,,,Team Totals,240,33,89,.371,9,31,.290,11,13,.846,12,39,51,17,3,4,20,26,86,,,Team Totals,240,.454,.421,.348,.146,24.5,84.8,53.7,51.5,3.0,7.0,17.4,100.0,86.9,96.0,
https://www.basketball-reference.com/boxscores/201811070IND.html,"8:00 PM, November 7, 2018",Indiana Pacers,Philadelphia 76ers,94,100,PHI,,,Team Totals,240,36,79,.456,10,32,.313,18,22,.818,5,38,43,24,7,8,17,18,100,,,Team Totals,240,.564,.519,.405,.278,13.2,82.6,51.2,66.7,7.0,12.7,16.1,100.0,99.5,93.6,
https://www.basketball-reference.com/boxscores/201811070IND.html,"8:00 PM, November 7, 2018",Indiana Pacers,Philadelphia 76ers,94,100,IND,,,Team Totals,240,37,94,.394,8,31,.258,12,17,.706,8,33,41,19,9,6,12,21,94,,,Team Totals,240,.463,.436,.330,.181,17.4,86.8,48.8,51.4,9.0,12.8,10.6,100.0,93.6,99.5,
https://www.basketball-reference.com/boxscores/201811070LAL.html,"10:30 PM, November 7, 2018",Los Angeles Lakers,Minnesota Timberwolves,114,110,MIN,,,Team Totals,240,41,91,.451,20,40,.500,8,9,.889,11,29,40,22,10,5,16,17,110,,,Team Totals,240,.579,.560,.440,.099,23.9,70.7,46.0,53.7,10.2,8.8,14.4,100.0,112.4,116.5,
https://www.basketball-reference.com/boxscores/201811070LAL.html,"10:30 PM, November 7, 2018",Los Angeles Lakers,Minnesota Timberwolves,114,110,LAL,,,Team Totals,240,44,91,.484,15,34,.441,11,14,.786,12,35,47,32,6,4,16,14,114,,,Team Totals,240,.587,.566,.374,.154,29.3,76.1,54.0,72.7,6.1,7.8,14.1,100.0,116.5,112.4,
https://www.basketball-reference.com/boxscores/201811070MEM.html,"8:00 PM, November 7, 2018",Memphis Grizzlies,Denver Nuggets,89,87,DEN,,,Team Totals,240,32,82,.390,8,32,.250,15,19,.789,13,28,41,19,9,3,19,22,87,,,Team Totals,240,.481,.439,.390,.232,31.7,77.8,53.2,59.4,10.0,6.1,17.4,100.0,96.6,98.8,
https://www.basketball-reference.com/boxscores/201811070MEM.html,"8:00 PM, November 7, 2018",Memphis Grizzlies,Denver Nuggets,89,87,MEM,,,Team Totals,240,30,70,.429,8,21,.381,21,25,.840,8,28,36,19,7,7,18,22,89,,,Team Totals,240,.549,.486,.300,.357,22.2,68.3,46.8,63.3,7.8,14.0,18.2,100.0,98.8,96.6,
https://www.basketball-reference.com/boxscores/201811070MIA.html,"7:30 PM, November 7, 2018",Miami Heat,San Antonio Spurs,95,88,SAS,,,Team Totals,240,31,94,.330,13,32,.406,13,14,.929,12,37,49,19,8,5,12,19,88,,,Team Totals,240,.439,.399,.340,.149,20.7,72.5,45.0,61.3,8.2,8.2,10.7,100.0,90.7,97.9,
https://www.basketball-reference.com/boxscores/201811070MIA.html,"7:30 PM, November 7, 2018",Miami Heat,San Antonio Spurs,95,88,MIA,,,Team Totals,240,36,93,.387,10,32,.313,13,18,.722,14,46,60,21,8,11,13,17,95,,,Team Totals,240,.471,.441,.344,.194,27.5,79.3,55.0,58.3,8.2,17.7,11.4,100.0,97.9,90.7,
https://www.basketball-reference.com/boxscores/201811070NOP.html,"8:00 PM, November 7, 2018",New Orleans Pelicans,Chicago Bulls,107,98,CHI,,,Team Totals,240,38,96,.396,9,31,.290,13,17,.765,7,39,46,18,9,7,12,16,98,,,Team Totals,240,.474,.443,.323,.177,13.7,78.0,45.5,47.4,8.6,10.9,10.4,100.0,93.4,102.0,
https://www.basketball-reference.com/boxscores/201811070NOP.html,"8:00 PM, November 7, 2018",New Orleans Pelicans,Chicago Bulls,107,98,NOP,,,Team Totals,240,42,94,.447,11,30,.367,12,17,.706,11,44,55,32,5,10,15,18,107,,,Team Totals,240,.527,.505,.319,.181,22.0,86.3,54.5,76.2,4.8,15.4,12.9,100.0,102.0,93.4,
https://www.basketball-reference.com/boxscores/201811070ORL.html,"7:00 PM, November 7, 2018",Orlando Magic,Detroit Pistons,96,103,DET,,,Team Totals,240,37,90,.411,11,37,.297,18,20,.900,13,37,50,21,13,1,20,15,103,,,Team Totals,240,.521,.472,.411,.222,27.7,86.0,55.6,56.8,12.6,1.7,16.8,100.0,99.6,92.8,
https://www.basketball-reference.com/boxscores/201811070ORL.html,"7:00 PM, November 7, 2018",Orlando Magic,Detroit Pistons,96,103,ORL,,,Team Totals,240,40,87,.460,9,27,.333,7,9,.778,6,34,40,28,10,8,21,19,96,,,Team Totals,240,.528,.511,.310,.103,14.0,72.3,44.4,70.0,9.7,15.1,18.8,100.0,92.8,99.6,
https://www.basketball-reference.com/boxscores/201811070SAC.html,"10:00 PM, November 7, 2018",Sacramento Kings,Toronto Raptors,105,114,TOR,,,Team Totals,240,41,89,.461,11,36,.306,21,23,.913,13,40,53,17,10,4,22,20,114,,,Team Totals,240,.575,.522,.404,.258,34.2,87.0,63.1,41.5,9.7,6.2,18.2,100.0,110.5,101.7,
https://www.basketball-reference.com/boxscores/201811070SAC.html,"10:00 PM, November 7, 2018",Sacramento Kings,Toronto Raptors,105,114,SAC,,,Team Totals,240,42,88,.477,8,23,.348,13,18,.722,6,25,31,27,10,5,15,26,105,,,Team Totals,240,.547,.523,.261,.205,13.0,65.8,36.9,64.3,9.7,9.4,13.5,100.0,101.7,110.5,
https://www.basketball-reference.com/boxscores/201811070UTA.html,"9:00 PM, November 7, 2018",Utah Jazz,Dallas Mavericks,117,102,DAL,,,Team Totals,240,29,73,.397,8,24,.333,36,40,.900,12,37,49,14,3,4,25,27,102,,,Team Totals,240,.563,.452,.329,.548,30.8,82.2,58.3,48.3,3.0,7.7,21.6,100.0,100.9,115.7,
https://www.basketball-reference.com/boxscores/201811070UTA.html,"9:00 PM, November 7, 2018",Utah Jazz,Dallas Mavericks,117,102,UTA,,,Team Totals,240,43,89,.483,13,37,.351,18,26,.692,8,27,35,31,12,10,12,32,117,,,Team Totals,240,.582,.556,.416,.292,17.8,69.2,41.7,72.1,11.9,20.4,10.7,100.0,115.7,100.9,
https://www.basketball-reference.com/boxscores/201811080GSW.html,"10:30 PM, November 8, 2018",Golden State Warriors,Milwaukee Bucks,111,134,MIL,,,Team Totals,240,52,101,.515,9,35,.257,21,27,.778,13,33,46,33,11,7,12,23,134,,,Team Totals,240,.594,.559,.347,.267,30.2,80.5,54.8,63.5,10.4,11.9,9.6,100.0,126.2,104.5,
https://www.basketball-reference.com/boxscores/201811080GSW.html,"10:30 PM, November 8, 2018",Golden State Warriors,Milwaukee Bucks,111,134,GSW,,,Team Totals,240,42,87,.483,10,28,.357,17,22,.773,8,30,38,31,5,6,18,22,111,,,Team Totals,240,.574,.540,.322,.253,19.5,69.8,45.2,73.8,4.7,9.1,15.7,100.0,104.5,126.2,
https://www.basketball-reference.com/boxscores/201811080OKC.html,"8:00 PM, November 8, 2018",Oklahoma City Thunder,Houston Rockets,98,80,HOU,,,Team Totals,240,31,82,.378,11,42,.262,7,10,.700,12,27,39,16,9,3,17,26,80,,,Team Totals,240,.463,.445,.512,.122,23.5,67.5,42.9,51.6,10.0,6.8,16.4,100.0,88.8,108.8,
https://www.basketball-reference.com/boxscores/201811080OKC.html,"8:00 PM, November 8, 2018",Oklahoma City Thunder,Houston Rockets,98,80,OKC,,,Team Totals,240,36,81,.444,9,37,.243,17,24,.708,13,39,52,18,10,4,15,16,98,,,Team Totals,240,.535,.500,.457,.296,32.5,76.5,57.1,50.0,11.1,10.0,14.1,100.0,108.8,88.8,
https://www.basketball-reference.com/boxscores/201811080PHO.html,"9:00 PM, November 8, 2018",Phoenix Suns,Boston Celtics,109,116,BOS,,,Team Totals,265,39,97,.402,14,37,.378,24,31,.774,17,39,56,21,6,6,16,18,116,,,Team Totals,265,.524,.474,.381,.320,30.9,90.7,57.1,53.8,5.5,10.3,12.6,100.0,107.1,100.6,
https://www.basketball-reference.com/boxscores/201811080PHO.html,"9:00 PM, November 8, 2018",Phoenix Suns,Boston Celtics,109,116,PHO,,,Team Totals,265,41,93,.441,11,35,.314,16,19,.842,4,38,42,25,10,6,15,23,109,,,Team Totals,265,.538,.500,.376,.204,9.3,69.1,42.9,61.0,9.2,10.0,12.9,100.0,100.6,107.1,
https://www.basketball-reference.com/boxscores/201811080POR.html,"10:00 PM, November 8, 2018",Portland Trail Blazers,Los Angeles Clippers,116,105,LAC,,,Team Totals,240,41,89,.461,8,23,.348,15,20,.750,7,34,41,19,2,10,7,22,105,,,Team Totals,240,.537,.506,.258,.225,15.2,70.8,43.6,46.3,2.1,14.1,6.7,100.0,108.5,119.8,
https://www.basketball-reference.com/boxscores/201811080POR.html,"10:00 PM, November 8, 2018",Portland Trail Blazers,Los Angeles Clippers,116,105,POR,,,Team Totals,240,40,97,.412,10,26,.385,26,28,.929,14,39,53,18,4,8,7,20,116,,,Team Totals,240,.531,.464,.268,.289,29.2,84.8,56.4,45.0,4.1,12.1,6.0,100.0,119.8,108.5,
https://www.basketball-reference.com/boxscores/201811090ATL.html,"7:30 PM, November 9, 2018",Atlanta Hawks,Detroit Pistons,109,124,DET,,,Team Totals,240,46,97,.474,20,47,.426,12,19,.632,10,34,44,30,10,6,11,31,124,,,Team Totals,240,.588,.577,.485,.196,18.5,79.1,45.4,65.2,9.7,11.8,9.5,100.0,119.9,105.4,
https://www.basketball-reference.com/boxscores/201811090ATL.html,"7:30 PM, November 9, 2018",Atlanta Hawks,Detroit Pistons,109,124,ATL,,,Team Totals,240,36,79,.456,7,28,.250,30,40,.750,9,44,53,17,6,2,16,21,109,,,Team Totals,240,.564,.500,.354,.506,20.9,81.5,54.6,47.2,5.8,4.0,14.2,100.0,105.4,119.9,
https://www.basketball-reference.com/boxscores/201811090DEN.html,"9:00 PM, November 9, 2018",Denver Nuggets,Brooklyn Nets,110,112,BRK,,,Team Totals,240,36,88,.409,12,33,.364,28,42,.667,12,30,42,21,7,9,8,24,112,,,Team Totals,240,.526,.477,.375,.477,23.5,66.7,43.8,58.3,7.1,13.0,7.0,100.0,114.0,111.9,
https://www.basketball-reference.com/boxscores/201811090DEN.html,"9:00 PM, November 9, 2018",Denver Nuggets,Brooklyn Nets,110,112,DEN,,,Team Totals,240,40,87,.460,5,18,.278,25,34,.735,15,39,54,20,3,5,13,28,110,,,Team Totals,240,.539,.489,.207,.391,33.3,76.5,56.3,50.0,3.1,9.1,11.3,100.0,111.9,114.0,
https://www.basketball-reference.com/boxscores/201811090MIA.html,"8:00 PM, November 9, 2018",Miami Heat,Indiana Pacers,102,110,IND,,,Team Totals,240,43,79,.544,7,20,.350,17,29,.586,6,33,39,20,10,5,18,26,110,,,Team Totals,240,.599,.589,.253,.367,17.1,78.6,50.6,46.5,9.7,9.4,16.4,100.0,106.4,98.7,
https://www.basketball-reference.com/boxscores/201811090MIA.html,"8:00 PM, November 9, 2018",Miami Heat,Indiana Pacers,102,110,MIA,,,Team Totals,240,36,80,.450,14,27,.519,16,27,.593,9,29,38,27,6,6,24,27,102,,,Team Totals,240,.555,.538,.338,.338,21.4,82.9,49.4,75.0,5.8,10.2,20.7,100.0,98.7,106.4,
https://www.basketball-reference.com/boxscores/201811090ORL.html,"7:00 PM, November 9, 2018",Orlando Magic,Washington Wizards,117,108,WAS,,,Team Totals,240,42,82,.512,11,27,.407,13,19,.684,6,29,35,24,8,3,19,18,108,,,Team Totals,240,.598,.579,.329,.232,16.2,74.4,46.1,57.1,8.0,5.5,17.4,100.0,108.1,117.2,
https://www.basketball-reference.com/boxscores/201811090ORL.html,"7:00 PM, November 9, 2018",Orlando Magic,Washington Wizards,117,108,ORL,,,Team Totals,240,44,86,.512,13,31,.419,16,19,.842,10,31,41,26,8,6,16,18,117,,,Team Totals,240,.620,.587,.360,.221,25.6,83.8,53.9,59.1,8.0,10.9,14.5,100.0,117.2,108.1,
https://www.basketball-reference.com/boxscores/201811090PHI.html,"7:00 PM, November 9, 2018",Philadelphia 76ers,Charlotte Hornets,133,132,CHO,,,Team Totals,265,43,110,.391,16,40,.400,30,40,.750,14,35,49,25,10,5,7,33,132,,,Team Totals,265,.517,.464,.364,.364,23.3,72.9,45.4,58.1,8.7,8.8,5.2,100.0,115.0,115.9,
https://www.basketball-reference.com/boxscores/201811090PHI.html,"7:00 PM, November 9, 2018",Philadelphia 76ers,Charlotte Hornets,133,132,PHI,,,Team Totals,265,45,94,.479,12,37,.324,31,41,.756,13,46,59,33,3,15,17,33,133,,,Team Totals,265,.594,.543,.394,.436,27.1,76.7,54.6,73.3,2.6,21.4,13.2,100.0,115.9,115.0,
https://www.basketball-reference.com/boxscores/201811090SAC.html,"10:00 PM, November 9, 2018",Sacramento Kings,Minnesota Timberwolves,121,110,MIN,,,Team Totals,240,39,94,.415,7,25,.280,25,31,.806,15,37,52,20,6,1,17,23,110,,,Team Totals,240,.511,.452,.266,.330,28.8,75.5,51.5,51.3,5.6,1.6,13.6,100.0,103.6,113.9,
https://www.basketball-reference.com/boxscores/201811090SAC.html,"10:00 PM, November 9, 2018",Sacramento Kings,Minnesota Timberwolves,121,110,SAC,,,Team Totals,240,43,95,.453,12,32,.375,23,29,.793,12,37,49,25,7,6,13,29,121,,,Team Totals,240,.561,.516,.337,.305,24.5,71.2,48.5,58.1,6.6,8.7,10.8,100.0,113.9,103.6,
https://www.basketball-reference.com/boxscores/201811090UTA.html,"9:30 PM, November 9, 2018",Utah Jazz,Boston Celtics,123,115,BOS,,,Team Totals,240,39,88,.443,17,43,.395,20,22,.909,5,23,28,31,11,3,8,20,115,,,Team Totals,240,.589,.540,.489,.250,11.9,74.2,38.4,79.5,11.3,7.0,7.6,100.0,117.8,126.0,
https://www.basketball-reference.com/boxscores/201811090UTA.html,"9:30 PM, November 9, 2018",Utah Jazz,Boston Celtics,123,115,UTA,,,Team Totals,240,43,77,.558,13,34,.382,24,30,.800,8,37,45,29,4,4,17,21,123,,,Team Totals,240,.682,.643,.442,.390,25.8,88.1,61.6,67.4,4.1,8.9,15.9,100.0,126.0,117.8,
https://www.basketball-reference.com/boxscores/201811100CHI.html,"8:00 PM, November 10, 2018",Chicago Bulls,Cleveland Cavaliers,99,98,CLE,,,Team Totals,240,39,91,.429,8,21,.381,12,18,.667,15,38,53,15,5,6,12,17,98,,,Team Totals,240,.495,.473,.231,.198,31.3,88.4,58.2,38.5,5.3,9.4,10.8,100.0,103.8,104.8,
https://www.basketball-reference.com/boxscores/201811100CHI.html,"8:00 PM, November 10, 2018",Chicago Bulls,Cleveland Cavaliers,99,98,CHI,,,Team Totals,240,39,82,.476,7,18,.389,14,21,.667,5,33,38,20,7,5,11,19,99,,,Team Totals,240,.543,.518,.220,.256,11.6,68.8,41.8,51.3,7.4,7.1,10.8,100.0,104.8,103.8,
https://www.basketball-reference.com/boxscores/201811100DAL.html,"9:00 PM, November 10, 2018",Dallas Mavericks,Oklahoma City Thunder,111,96,OKC,,,Team Totals,240,38,97,.392,9,34,.265,11,18,.611,26,27,53,17,9,2,16,19,96,,,Team Totals,240,.457,.438,.351,.186,43.3,87.1,58.2,44.7,9.6,4.2,13.2,100.0,102.2,118.1,
https://www.basketball-reference.com/boxscores/201811100DAL.html,"9:00 PM, November 10, 2018",Dallas Mavericks,Oklahoma City Thunder,111,96,DAL,,,Team Totals,240,43,77,.558,14,29,.483,11,17,.647,4,34,38,31,9,5,16,23,111,,,Team Totals,240,.657,.649,.377,.221,12.9,56.7,41.8,72.1,9.6,7.9,15.9,100.0,118.1,102.2,
https://www.basketball-reference.com/boxscores/201811100GSW.html,"8:30 PM, November 10, 2018",Golden State Warriors,Brooklyn Nets,116,100,BRK,,,Team Totals,240,36,77,.468,7,24,.292,21,29,.724,12,29,41,20,7,2,15,22,100,,,Team Totals,240,.557,.513,.312,.377,28.6,82.9,53.2,55.6,7.5,3.0,14.3,100.0,107.7,124.9,
https://www.basketball-reference.com/boxscores/201811100GSW.html,"8:30 PM, November 10, 2018",Golden State Warriors,Brooklyn Nets,116,100,GSW,,,Team Totals,240,46,83,.554,7,16,.438,17,21,.810,6,30,36,27,9,7,10,24,116,,,Team Totals,240,.629,.596,.193,.253,17.1,71.4,46.8,58.7,9.7,13.2,9.8,100.0,124.9,107.7,
https://www.basketball-reference.com/boxscores/201811100LAC.html,"3:30 PM, November 10, 2018",Los Angeles Clippers,Milwaukee Bucks,128,126,MIL,,,Team Totals,265,47,105,.448,16,46,.348,16,23,.696,15,37,52,31,11,8,17,26,126,,,Team Totals,265,.547,.524,.438,.219,25.4,78.7,49.1,66.0,9.5,12.3,12.9,100.0,109.0,110.7,
https://www.basketball-reference.com/boxscores/201811100LAC.html,"3:30 PM, November 10, 2018",Los Angeles Clippers,Milwaukee Bucks,128,126,LAC,,,Team Totals,265,46,99,.465,14,34,.412,22,27,.815,10,44,54,26,6,6,18,19,128,,,Team Totals,265,.577,.535,.343,.273,21.3,74.6,50.9,56.5,5.2,10.2,14.0,100.0,110.7,109.0,
https://www.basketball-reference.com/boxscores/201811100MEM.html,"8:00 PM, November 10, 2018",Memphis Grizzlies,Philadelphia 76ers,112,106,PHI,,,Team Totals,265,44,85,.518,8,31,.258,10,16,.625,8,40,48,27,10,6,23,20,106,,,Team Totals,265,.576,.565,.365,.188,21.1,72.7,51.6,61.4,9.6,8.2,20.0,100.0,101.8,107.6,
https://www.basketball-reference.com/boxscores/201811100MEM.html,"8:00 PM, November 10, 2018",Memphis Grizzlies,Philadelphia 76ers,112,106,MEM,,,Team Totals,265,45,103,.437,11,30,.367,11,15,.733,15,30,45,16,9,3,11,18,112,,,Team Totals,265,.511,.490,.291,.146,27.3,78.9,48.4,35.6,8.6,5.6,9.1,100.0,107.6,101.8,
https://www.basketball-reference.com/boxscores/201811100MIA.html,"8:00 PM, November 10, 2018",Miami Heat,Washington Wizards,110,116,WAS,,,Team Totals,240,40,83,.482,8,22,.364,28,38,.737,16,32,48,14,8,5,16,25,116,,,Team Totals,240,.582,.530,.265,.458,40.0,69.6,55.8,35.0,8.1,9.1,13.8,100.0,117.6,111.5,
https://www.basketball-reference.com/boxscores/201811100MIA.html,"8:00 PM, November 10, 2018",Miami Heat,Washington Wizards,110,116,MIA,,,Team Totals,240,39,88,.443,12,33,.364,20,26,.769,14,24,38,25,5,5,19,31,110,,,Team Totals,240,.553,.511,.375,.295,30.4,60.0,44.2,64.1,5.1,8.2,16.0,100.0,111.5,117.6,
https://www.basketball-reference.com/boxscores/201811100NOP.html,"7:00 PM, November 10, 2018",New Orleans Pelicans,Phoenix Suns,119,99,PHO,,,Team Totals,240,35,86,.407,10,36,.278,19,20,.950,10,27,37,16,10,7,17,27,99,,,Team Totals,240,.522,.465,.419,.233,20.8,62.8,40.7,45.7,10.1,11.5,15.2,100.0,100.1,120.4,
https://www.basketball-reference.com/boxscores/201811100NOP.html,"7:00 PM, November 10, 2018",New Orleans Pelicans,Phoenix Suns,119,99,NOP,,,Team Totals,240,42,86,.488,11,25,.440,24,29,.828,16,38,54,28,7,7,18,18,119,,,Team Totals,240,.602,.552,.291,.337,37.2,79.2,59.3,66.7,7.1,14.0,15.4,100.0,120.4,100.1,
https://www.basketball-reference.com/boxscores/201811100SAC.html,"10:00 PM, November 10, 2018",Sacramento Kings,Los Angeles Lakers,86,101,LAL,,,Team Totals,240,41,99,.414,12,38,.316,7,17,.412,17,42,59,23,11,3,16,20,101,,,Team Totals,240,.474,.475,.384,.172,31.5,76.4,54.1,56.1,10.7,4.5,13.1,100.0,98.0,83.5,
https://www.basketball-reference.com/boxscores/201811100SAC.html,"10:00 PM, November 10, 2018",Sacramento Kings,Los Angeles Lakers,86,101,SAC,,,Team Totals,240,32,92,.348,6,25,.240,16,20,.800,13,37,50,11,7,5,19,20,86,,,Team Totals,240,.427,.380,.272,.217,23.6,68.5,45.9,34.4,6.8,8.2,15.9,100.0,83.5,98.0,
https://www.basketball-reference.com/boxscores/201811100SAS.html,"8:30 PM, November 10, 2018",San Antonio Spurs,Houston Rockets,96,89,HOU,,,Team Totals,240,30,90,.333,9,41,.220,20,29,.690,15,34,49,11,10,5,8,24,89,,,Team Totals,240,.433,.383,.456,.322,28.3,81.0,51.6,36.7,10.9,9.3,7.2,100.0,96.8,104.4,
https://www.basketball-reference.com/boxscores/201811100SAS.html,"8:30 PM, November 10, 2018",San Antonio Spurs,Houston Rockets,96,89,SAS,,,Team Totals,240,33,74,.446,10,20,.500,20,27,.741,8,38,46,17,3,5,16,20,96,,,Team Totals,240,.559,.514,.270,.365,19.0,71.7,48.4,51.5,3.3,10.2,15.7,100.0,104.4,96.8,
https://www.basketball-reference.com/boxscores/201811100TOR.html,"3:00 PM, November 10, 2018",Toronto Raptors,New York Knicks,128,112,NYK,,,Team Totals,240,44,96,.458,6,22,.273,18,22,.818,16,31,47,18,12,6,14,26,112,,,Team Totals,240,.530,.490,.229,.229,32.0,72.1,50.5,40.9,12.0,13.6,11.7,100.0,112.0,128.0,
https://www.basketball-reference.com/boxscores/201811100TOR.html,"3:00 PM, November 10, 2018",Toronto Raptors,New York Knicks,128,112,TOR,,,Team Totals,240,42,79,.532,14,35,.400,30,40,.750,12,34,46,24,8,4,15,20,128,,,Team Totals,240,.663,.620,.443,.506,27.9,68.0,49.5,57.1,8.0,5.4,13.4,100.0,128.0,112.0,
https://www.basketball-reference.com/boxscores/201811110DEN.html,"8:00 PM, November 11, 2018",Denver Nuggets,Milwaukee Bucks,114,121,MIL,,,Team Totals,240,48,84,.571,17,34,.500,8,13,.615,5,36,41,27,10,7,13,17,121,,,Team Totals,240,.674,.673,.405,.155,14.7,78.3,51.3,56.3,10.4,13.7,12.7,100.0,125.8,118.5,
https://www.basketball-reference.com/boxscores/201811110DEN.html,"8:00 PM, November 11, 2018",Denver Nuggets,Milwaukee Bucks,114,121,DEN,,,Team Totals,240,41,89,.461,18,38,.474,14,20,.700,10,29,39,27,8,5,10,16,114,,,Team Totals,240,.583,.562,.427,.225,21.7,85.3,48.8,65.9,8.3,10.0,9.3,100.0,118.5,125.8,
https://www.basketball-reference.com/boxscores/201811110DET.html,"3:30 PM, November 11, 2018",Detroit Pistons,Charlotte Hornets,103,113,CHO,,,Team Totals,240,43,85,.506,11,28,.393,16,18,.889,6,40,46,24,6,8,12,26,113,,,Team Totals,240,.608,.571,.329,.212,17.1,64.5,47.4,55.8,6.2,13.3,11.4,100.0,117.1,106.7,
https://www.basketball-reference.com/boxscores/201811110DET.html,"3:30 PM, November 11, 2018",Detroit Pistons,Charlotte Hornets,103,113,DET,,,Team Totals,240,38,104,.365,12,44,.273,15,19,.789,22,29,51,21,5,4,10,18,103,,,Team Totals,240,.458,.423,.423,.183,35.5,82.9,52.6,55.3,5.2,7.0,8.2,100.0,106.7,117.1,
https://www.basketball-reference.com/boxscores/201811110HOU.html,"7:00 PM, November 11, 2018",Houston Rockets,Indiana Pacers,115,103,IND,,,Team Totals,240,36,78,.462,11,29,.379,20,26,.769,5,30,35,24,10,6,13,22,103,,,Team Totals,240,.576,.532,.372,.333,14.3,78.9,47.9,66.7,10.5,22.2,12.7,100.0,108.3,120.9,
https://www.basketball-reference.com/boxscores/201811110HOU.html,"7:00 PM, November 11, 2018",Houston Rockets,Indiana Pacers,115,103,HOU,,,Team Totals,240,36,74,.486,20,47,.426,23,32,.719,8,30,38,18,6,5,17,22,115,,,Team Totals,240,.653,.622,.635,.432,21.1,85.7,52.1,50.0,6.3,10.2,16.2,100.0,120.9,108.3,
https://www.basketball-reference.com/boxscores/201811110LAL.html,"9:30 PM, November 11, 2018",Los Angeles Lakers,Atlanta Hawks,107,106,ATL,,,Team Totals,240,41,95,.432,13,37,.351,11,13,.846,10,34,44,25,11,4,19,23,106,,,Team Totals,240,.526,.500,.389,.137,24.4,66.7,47.8,61.0,10.4,7.4,15.9,100.0,100.6,101.5,
https://www.basketball-reference.com/boxscores/201811110LAL.html,"9:30 PM, November 11, 2018",Los Angeles Lakers,Atlanta Hawks,107,106,LAL,,,Team Totals,240,39,92,.424,14,38,.368,15,24,.625,17,31,48,28,12,9,23,23,107,,,Team Totals,240,.522,.500,.413,.261,33.3,75.6,52.2,71.8,11.4,15.5,18.3,100.0,101.5,100.6,
https://www.basketball-reference.com/boxscores/201811110NYK.html,"7:30 PM, November 11, 2018",New York Knicks,Orlando Magic,89,115,ORL,,,Team Totals,240,44,98,.449,17,42,.405,10,11,.909,10,42,52,31,10,9,11,21,115,,,Team Totals,240,.559,.536,.429,.112,19.6,76.4,49.1,70.5,9.7,15.0,9.7,100.0,111.3,86.1,
https://www.basketball-reference.com/boxscores/201811110NYK.html,"7:30 PM, November 11, 2018",New York Knicks,Orlando Magic,89,115,NYK,,,Team Totals,240,31,88,.352,5,28,.179,22,30,.733,13,41,54,13,4,15,19,21,89,,,Team Totals,240,.440,.381,.318,.341,23.6,80.4,50.9,41.9,3.9,26.8,15.8,100.0,86.1,111.3,
https://www.basketball-reference.com/boxscores/201811110POR.html,"9:00 PM, November 11, 2018",Portland Trail Blazers,Boston Celtics,100,94,BOS,,,Team Totals,240,36,93,.387,14,42,.333,8,10,.800,11,31,42,19,11,5,13,16,94,,,Team Totals,240,.483,.462,.452,.108,21.6,67.4,43.3,52.8,11.5,10.0,11.8,100.0,98.2,104.5,
https://www.basketball-reference.com/boxscores/201811110POR.html,"9:00 PM, November 11, 2018",Portland Trail Blazers,Boston Celtics,100,94,POR,,,Team Totals,240,39,86,.453,14,36,.389,8,10,.800,15,40,55,22,4,2,21,14,100,,,Team Totals,240,.553,.535,.419,.116,32.6,78.4,56.7,56.4,4.2,3.9,18.9,100.0,104.5,98.2,
https://www.basketball-reference.com/boxscores/201811120CHI.html,"8:00 PM, November 12, 2018",Chicago Bulls,Dallas Mavericks,98,103,DAL,,,Team Totals,240,37,79,.468,10,33,.303,19,29,.655,7,42,49,18,11,7,20,22,103,,,Team Totals,240,.561,.532,.418,.367,15.9,84.0,52.1,48.6,10.5,12.5,17.9,100.0,98.6,93.8,
https://www.basketball-reference.com/boxscores/201811120CHI.html,"8:00 PM, November 12, 2018",Chicago Bulls,Dallas Mavericks,98,103,CHI,,,Team Totals,240,35,89,.393,8,33,.242,20,22,.909,8,37,45,16,11,3,17,26,98,,,Team Totals,240,.497,.438,.371,.247,16.0,84.1,47.9,45.7,10.5,6.5,14.7,100.0,93.8,98.6,
https://www.basketball-reference.com/boxscores/201811120LAC.html,"10:30 PM, November 12, 2018",Los Angeles Clippers,Golden State Warriors,121,116,GSW,,,Team Totals,265,44,94,.468,12,31,.387,16,23,.696,11,35,46,27,7,8,17,25,116,,,Team Totals,265,.557,.532,.330,.245,20.4,85.4,48.4,61.4,6.3,11.3,14.0,100.0,103.9,108.3,
https://www.basketball-reference.com/boxscores/201811120LAC.html,"10:30 PM, November 12, 2018",Los Angeles Clippers,Golden State Warriors,121,116,LAC,,,Team Totals,265,43,91,.473,5,20,.250,30,34,.882,6,43,49,23,11,5,17,23,121,,,Team Totals,265,.571,.500,.220,.374,14.6,79.6,51.6,53.5,9.8,7.9,13.8,100.0,108.3,103.9,
https://www.basketball-reference.com/boxscores/201811120MEM.html,"8:00 PM, November 12, 2018",Memphis Grizzlies,Utah Jazz,88,96,UTA,,,Team Totals,240,32,82,.390,9,32,.281,23,30,.767,13,36,49,19,7,6,15,25,96,,,Team Totals,240,.504,.445,.390,.366,27.7,81.8,53.8,59.4,7.4,10.9,13.6,100.0,101.3,92.9,
https://www.basketball-reference.com/boxscores/201811120MEM.html,"8:00 PM, November 12, 2018",Memphis Grizzlies,Utah Jazz,88,96,MEM,,,Team Totals,240,33,79,.418,4,24,.167,18,23,.783,8,34,42,19,7,9,16,28,88,,,Team Totals,240,.494,.443,.304,.291,18.2,72.3,46.2,57.6,7.4,18.0,15.2,100.0,92.9,101.3,
https://www.basketball-reference.com/boxscores/201811120MIA.html,"7:30 PM, November 12, 2018",Miami Heat,Philadelphia 76ers,114,124,PHI,,,Team Totals,240,39,83,.470,15,36,.417,31,39,.795,10,32,42,24,5,0,10,24,124,,,Team Totals,240,.619,.560,.434,.470,23.8,80.0,51.2,61.5,5.2,0.0,9.1,100.0,127.8,117.5,
https://www.basketball-reference.com/boxscores/201811120MIA.html,"7:30 PM, November 12, 2018",Miami Heat,Philadelphia 76ers,114,124,MIA,,,Team Totals,240,37,77,.481,13,31,.419,27,33,.818,8,32,40,19,5,6,15,30,114,,,Team Totals,240,.623,.565,.403,.429,20.0,76.2,48.8,51.4,5.2,12.8,14.1,100.0,117.5,127.8,
https://www.basketball-reference.com/boxscores/201811120MIN.html,"8:00 PM, November 12, 2018",Minnesota Timberwolves,Brooklyn Nets,120,113,BRK,,,Team Totals,240,40,101,.396,18,50,.360,15,22,.682,19,23,42,28,10,2,13,29,113,,,Team Totals,240,.510,.485,.495,.218,30.6,71.9,44.7,70.0,9.7,3.5,10.5,100.0,109.3,116.1,
https://www.basketball-reference.com/boxscores/201811120MIN.html,"8:00 PM, November 12, 2018",Minnesota Timberwolves,Brooklyn Nets,120,113,MIN,,,Team Totals,240,42,80,.525,10,23,.435,26,31,.839,9,43,52,26,8,6,23,17,120,,,Team Totals,240,.641,.588,.288,.388,28.1,69.4,55.3,61.9,7.7,11.8,19.7,100.0,116.1,109.3,
https://www.basketball-reference.com/boxscores/201811120OKC.html,"8:00 PM, November 12, 2018",Oklahoma City Thunder,Phoenix Suns,118,101,PHO,,,Team Totals,240,39,81,.481,7,26,.269,16,19,.842,10,27,37,25,5,5,18,21,101,,,Team Totals,240,.565,.525,.321,.235,25.0,69.2,46.8,64.1,5.2,7.7,16.8,100.0,104.5,122.1,
https://www.basketball-reference.com/boxscores/201811120OKC.html,"8:00 PM, November 12, 2018",Oklahoma City Thunder,Phoenix Suns,118,101,OKC,,,Team Totals,240,43,92,.467,13,27,.481,19,20,.950,12,30,42,23,12,6,14,15,118,,,Team Totals,240,.585,.538,.293,.217,30.8,75.0,53.2,53.5,12.4,10.9,12.2,100.0,122.1,104.5,
https://www.basketball-reference.com/boxscores/201811120SAC.html,"10:00 PM, November 12, 2018",Sacramento Kings,San Antonio Spurs,104,99,SAS,,,Team Totals,240,38,87,.437,10,31,.323,13,16,.813,9,34,43,25,5,4,15,12,99,,,Team Totals,240,.526,.494,.356,.184,19.1,82.9,48.9,65.8,5.1,6.5,13.8,100.0,101.9,107.0,
https://www.basketball-reference.com/boxscores/201811120SAC.html,"10:00 PM, November 12, 2018",Sacramento Kings,San Antonio Spurs,104,99,SAC,,,Team Totals,240,43,86,.500,11,24,.458,7,12,.583,7,38,45,27,12,3,13,20,104,,,Team Totals,240,.570,.564,.279,.140,17.1,80.9,51.1,62.8,12.4,5.4,12.5,100.0,107.0,101.9,
https://www.basketball-reference.com/boxscores/201811120TOR.html,"7:30 PM, November 12, 2018",Toronto Raptors,New Orleans Pelicans,110,126,NOP,,,Team Totals,240,54,99,.545,10,27,.370,8,13,.615,14,40,54,30,2,4,13,20,126,,,Team Totals,240,.602,.596,.273,.131,31.8,75.5,55.7,55.6,2.0,7.7,11.0,100.0,123.9,108.1,
https://www.basketball-reference.com/boxscores/201811120TOR.html,"7:30 PM, November 12, 2018",Toronto Raptors,New Orleans Pelicans,110,126,TOR,,,Team Totals,240,39,97,.402,13,45,.289,19,22,.864,13,30,43,22,9,5,11,20,110,,,Team Totals,240,.516,.469,.464,.227,24.5,68.2,44.3,56.4,8.8,6.9,9.3,100.0,108.1,123.9,
https://www.basketball-reference.com/boxscores/201811120WAS.html,"7:00 PM, November 12, 2018",Washington Wizards,Orlando Magic,117,109,ORL,,,Team Totals,240,43,89,.483,15,30,.500,8,11,.727,8,26,34,28,5,6,13,28,109,,,Team Totals,240,.581,.567,.337,.124,19.0,78.8,45.3,65.1,5.2,13.0,12.2,100.0,113.3,121.6,
https://www.basketball-reference.com/boxscores/201811120WAS.html,"7:00 PM, November 12, 2018",Washington Wizards,Orlando Magic,117,109,WAS,,,Team Totals,240,40,79,.506,13,33,.394,24,33,.727,7,34,41,24,8,7,12,17,117,,,Team Totals,240,.626,.589,.418,.418,21.2,81.0,54.7,60.0,8.3,11.9,11.4,100.0,121.6,113.3,
https://www.basketball-reference.com/boxscores/201811130CLE.html,"7:00 PM, November 13, 2018",Cleveland Cavaliers,Charlotte Hornets,113,89,CHO,,,Team Totals,240,33,95,.347,8,41,.195,15,19,.789,12,25,37,22,12,4,9,11,89,,,Team Totals,240,.431,.389,.432,.200,20.7,64.1,38.1,66.7,12.5,6.6,8.0,100.0,92.6,117.5,
https://www.basketball-reference.com/boxscores/201811130CLE.html,"7:00 PM, November 13, 2018",Cleveland Cavaliers,Charlotte Hornets,113,89,CLE,,,Team Totals,240,45,85,.529,13,24,.542,10,12,.833,14,46,60,23,5,3,20,20,113,,,Team Totals,240,.626,.606,.282,.141,35.9,79.3,61.9,51.1,5.2,5.6,18.1,100.0,117.5,92.6,
https://www.basketball-reference.com/boxscores/201811130DEN.html,"9:00 PM, November 13, 2018",Denver Nuggets,Houston Rockets,99,109,HOU,,,Team Totals,240,39,71,.549,13,37,.351,18,26,.692,6,26,32,23,7,6,15,20,109,,,Team Totals,240,.661,.641,.521,.366,20.0,78.8,50.8,59.0,7.8,11.8,15.4,100.0,121.6,110.4,
https://www.basketball-reference.com/boxscores/201811130DEN.html,"9:00 PM, November 13, 2018",Denver Nuggets,Houston Rockets,99,109,DEN,,,Team Totals,240,38,76,.500,11,25,.440,12,16,.750,7,24,31,27,11,2,16,20,99,,,Team Totals,240,.596,.572,.329,.211,21.2,80.0,49.2,71.1,12.3,5.9,16.2,100.0,110.4,121.6,
https://www.basketball-reference.com/boxscores/201811130GSW.html,"10:30 PM, November 13, 2018",Golden State Warriors,Atlanta Hawks,110,103,ATL,,,Team Totals,240,40,89,.449,12,32,.375,11,15,.733,10,32,42,25,9,2,17,18,103,,,Team Totals,240,.539,.517,.360,.169,22.2,71.1,46.7,62.5,9.2,3.1,15.1,100.0,104.7,111.9,
https://www.basketball-reference.com/boxscores/201811130GSW.html,"10:30 PM, November 13, 2018",Golden State Warriors,Atlanta Hawks,110,103,GSW,,,Team Totals,240,39,91,.429,12,27,.444,20,21,.952,13,35,48,28,8,6,13,20,110,,,Team Totals,240,.549,.495,.297,.231,28.9,77.8,53.3,71.8,8.1,10.5,11.5,100.0,111.9,104.7,
https://www.basketball-reference.com/boxscores/201811140BOS.html,"7:30 PM, November 14, 2018",Boston Celtics,Chicago Bulls,111,82,CHI,,,Team Totals,240,33,84,.393,7,23,.304,9,9,1.000,7,40,47,16,8,3,22,16,82,,,Team Totals,240,.466,.435,.274,.107,14.0,83.3,48.0,48.5,7.9,5.4,20.0,100.0,80.8,109.4,
https://www.basketball-reference.com/boxscores/201811140BOS.html,"7:30 PM, November 14, 2018",Boston Celtics,Chicago Bulls,111,82,BOS,,,Team Totals,240,42,90,.467,15,34,.441,12,14,.857,8,43,51,27,12,5,14,12,111,,,Team Totals,240,.577,.550,.378,.156,16.7,86.0,52.0,64.3,11.8,8.2,12.7,100.0,109.4,80.8,
https://www.basketball-reference.com/boxscores/201811140BRK.html,"7:30 PM, November 14, 2018",Brooklyn Nets,Miami Heat,107,120,MIA,,,Team Totals,240,46,85,.541,8,29,.276,20,28,.714,6,41,47,23,6,6,18,27,120,,,Team Totals,240,.617,.588,.341,.329,16.7,71.9,50.5,50.0,5.6,8.2,15.6,100.0,111.7,99.6,
https://www.basketball-reference.com/boxscores/201811140BRK.html,"7:30 PM, November 14, 2018",Brooklyn Nets,Miami Heat,107,120,BRK,,,Team Totals,240,41,101,.406,8,28,.286,17,24,.708,16,30,46,17,10,2,15,29,107,,,Team Totals,240,.480,.446,.277,.238,28.1,83.3,49.5,41.5,9.3,3.6,11.9,100.0,99.6,111.7,
https://www.basketball-reference.com/boxscores/201811140DAL.html,"8:30 PM, November 14, 2018",Dallas Mavericks,Utah Jazz,118,68,UTA,,,Team Totals,240,25,81,.309,6,35,.171,12,19,.632,8,25,33,16,11,3,22,21,68,,,Team Totals,240,.380,.346,.432,.235,15.4,78.1,39.3,64.0,11.0,6.1,19.8,100.0,67.8,117.7,
https://www.basketball-reference.com/boxscores/201811140DAL.html,"8:30 PM, November 14, 2018",Dallas Mavericks,Utah Jazz,118,68,DAL,,,Team Totals,240,45,77,.584,12,28,.429,16,24,.667,7,44,51,24,12,6,20,19,118,,,Team Totals,240,.674,.662,.364,.312,21.9,84.6,60.7,53.3,12.0,13.0,18.6,100.0,117.7,67.8,
https://www.basketball-reference.com/boxscores/201811140LAL.html,"10:30 PM, November 14, 2018",Los Angeles Lakers,Portland Trail Blazers,126,117,POR,,,Team Totals,240,41,93,.441,14,33,.424,21,23,.913,11,36,47,24,8,10,15,21,117,,,Team Totals,240,.567,.516,.355,.247,22.9,76.6,49.5,58.5,7.7,16.4,12.7,100.0,112.2,120.8,
https://www.basketball-reference.com/boxscores/201811140LAL.html,"10:30 PM, November 14, 2018",Los Angeles Lakers,Portland Trail Blazers,126,117,LAL,,,Team Totals,240,44,93,.473,15,32,.469,23,26,.885,11,37,48,25,11,6,13,18,126,,,Team Totals,240,.603,.554,.344,.280,23.4,77.1,50.5,56.8,10.5,10.0,11.1,100.0,120.8,112.2,
https://www.basketball-reference.com/boxscores/201811140MIL.html,"8:00 PM, November 14, 2018",Milwaukee Bucks,Memphis Grizzlies,113,116,MEM,,,Team Totals,240,42,83,.506,14,36,.389,18,24,.750,4,30,34,24,8,4,14,20,116,,,Team Totals,240,.620,.590,.434,.289,10.3,76.9,43.6,57.1,8.0,8.7,13.0,100.0,116.0,113.0,
https://www.basketball-reference.com/boxscores/201811140MIL.html,"8:00 PM, November 14, 2018",Milwaukee Bucks,Memphis Grizzlies,113,116,MIL,,,Team Totals,240,41,81,.506,9,35,.257,22,27,.815,9,35,44,22,5,8,16,22,113,,,Team Totals,240,.608,.562,.432,.333,23.1,89.7,56.4,53.7,5.0,17.0,14.7,100.0,113.0,116.0,
https://www.basketball-reference.com/boxscores/201811140MIN.html,"8:00 PM, November 14, 2018",Minnesota Timberwolves,New Orleans Pelicans,107,100,NOP,,,Team Totals,240,40,94,.426,9,28,.321,11,18,.611,10,36,46,25,7,6,18,21,100,,,Team Totals,240,.491,.473,.298,.191,21.7,76.6,49.5,62.5,6.7,10.3,15.0,100.0,95.7,102.4,
https://www.basketball-reference.com/boxscores/201811140MIN.html,"8:00 PM, November 14, 2018",Minnesota Timberwolves,New Orleans Pelicans,107,100,MIN,,,Team Totals,240,37,90,.411,14,32,.438,19,24,.792,11,36,47,29,14,6,16,22,107,,,Team Totals,240,.532,.489,.356,.267,23.4,78.3,50.5,78.4,13.4,9.1,13.7,100.0,102.4,95.7,
https://www.basketball-reference.com/boxscores/201811140OKC.html,"8:00 PM, November 14, 2018",Oklahoma City Thunder,New York Knicks,128,103,NYK,,,Team Totals,240,39,88,.443,7,26,.269,18,23,.783,9,27,36,18,8,8,18,17,103,,,Team Totals,240,.525,.483,.295,.261,20.9,67.5,43.4,46.2,7.8,12.9,15.5,100.0,100.6,125.0,
https://www.basketball-reference.com/boxscores/201811140OKC.html,"8:00 PM, November 14, 2018",Oklahoma City Thunder,New York Knicks,128,103,OKC,,,Team Totals,240,51,95,.537,16,33,.485,10,12,.833,13,34,47,32,11,7,16,21,128,,,Team Totals,240,.638,.621,.347,.126,32.5,79.1,56.6,62.7,10.7,11.3,13.8,100.0,125.0,100.6,
https://www.basketball-reference.com/boxscores/201811140ORL.html,"7:00 PM, November 14, 2018",Orlando Magic,Philadelphia 76ers,111,106,PHI,,,Team Totals,240,41,86,.477,14,29,.483,10,15,.667,10,31,41,32,2,3,15,21,106,,,Team Totals,240,.572,.558,.337,.174,23.8,86.1,52.6,78.0,2.1,5.8,13.9,100.0,111.9,117.2,
https://www.basketball-reference.com/boxscores/201811140ORL.html,"7:00 PM, November 14, 2018",Orlando Magic,Philadelphia 76ers,111,106,ORL,,,Team Totals,240,40,80,.500,12,28,.429,19,22,.864,5,32,37,23,7,4,11,21,111,,,Team Totals,240,.619,.575,.350,.275,13.9,76.2,47.4,57.5,7.4,7.0,10.9,100.0,117.2,111.9,
https://www.basketball-reference.com/boxscores/201811140PHO.html,"9:00 PM, November 14, 2018",Phoenix Suns,San Antonio Spurs,116,96,SAS,,,Team Totals,240,35,83,.422,7,23,.304,19,24,.792,13,30,43,16,7,4,18,12,96,,,Team Totals,240,.513,.464,.277,.289,28.3,85.7,53.1,45.7,7.2,7.5,16.1,100.0,99.2,119.8,
https://www.basketball-reference.com/boxscores/201811140PHO.html,"9:00 PM, November 14, 2018",Phoenix Suns,San Antonio Spurs,116,96,PHO,,,Team Totals,240,47,84,.560,15,31,.484,7,8,.875,5,33,38,27,9,4,16,23,116,,,Team Totals,240,.663,.649,.369,.095,14.3,71.7,46.9,57.4,9.3,6.7,15.5,100.0,119.8,99.2,
https://www.basketball-reference.com/boxscores/201811140TOR.html,"7:30 PM, November 14, 2018",Toronto Raptors,Detroit Pistons,104,106,DET,,,Team Totals,240,44,91,.484,10,33,.303,8,13,.615,7,32,39,24,8,5,18,24,106,,,Team Totals,240,.548,.538,.363,.143,15.9,72.7,44.3,54.5,7.6,6.9,15.7,100.0,100.3,98.4,
https://www.basketball-reference.com/boxscores/201811140TOR.html,"7:30 PM, November 14, 2018",Toronto Raptors,Detroit Pistons,104,106,TOR,,,Team Totals,240,45,92,.489,4,20,.200,10,17,.588,12,37,49,23,9,3,20,19,104,,,Team Totals,240,.523,.511,.217,.185,27.3,84.1,55.7,51.1,8.5,5.2,16.7,100.0,98.4,100.3,
https://www.basketball-reference.com/boxscores/201811140WAS.html,"7:00 PM, November 14, 2018",Washington Wizards,Cleveland Cavaliers,119,95,CLE,,,Team Totals,240,35,77,.455,4,21,.190,21,31,.677,9,33,42,22,12,6,24,24,95,,,Team Totals,240,.524,.481,.273,.403,22.0,73.3,48.8,62.9,11.4,11.5,20.9,100.0,90.4,113.2,
https://www.basketball-reference.com/boxscores/201811140WAS.html,"7:00 PM, November 14, 2018",Washington Wizards,Cleveland Cavaliers,119,95,WAS,,,Team Totals,240,44,92,.478,13,40,.325,18,26,.692,12,32,44,30,17,3,18,25,119,,,Team Totals,240,.575,.549,.435,.283,26.7,78.0,51.2,68.2,16.2,5.4,14.8,100.0,113.2,90.4,
https://www.basketball-reference.com/boxscores/201811150DEN.html,"9:00 PM, November 15, 2018",Denver Nuggets,Atlanta Hawks,138,93,ATL,,,Team Totals,240,32,92,.348,9,42,.214,20,27,.741,15,28,43,20,7,5,19,22,93,,,Team Totals,240,.448,.397,.457,.293,25.0,71.8,43.4,62.5,6.6,7.9,15.5,100.0,87.6,130.0,
https://www.basketball-reference.com/boxscores/201811150DEN.html,"9:00 PM, November 15, 2018",Denver Nuggets,Atlanta Hawks,138,93,DEN,,,Team Totals,240,53,94,.564,13,31,.419,19,25,.760,11,45,56,34,12,6,15,24,138,,,Team Totals,240,.657,.633,.330,.266,28.2,75.0,56.6,64.2,11.3,12.0,12.5,100.0,130.0,87.6,
https://www.basketball-reference.com/boxscores/201811150HOU.html,"8:00 PM, November 15, 2018",Houston Rockets,Golden State Warriors,107,86,GSW,,,Team Totals,240,32,76,.421,4,18,.222,18,22,.818,12,32,44,18,2,5,17,24,86,,,Team Totals,240,.502,.447,.237,.289,30.8,69.6,51.8,56.3,2.3,12.5,16.6,100.0,97.8,121.7,
https://www.basketball-reference.com/boxscores/201811150HOU.html,"8:00 PM, November 15, 2018",Houston Rockets,Golden State Warriors,107,86,HOU,,,Team Totals,240,35,87,.402,16,47,.340,21,26,.808,14,27,41,20,8,4,8,21,107,,,Team Totals,240,.543,.494,.540,.299,30.4,69.2,48.2,57.1,9.1,6.9,7.5,100.0,121.7,97.8,
https://www.basketball-reference.com/boxscores/201811150LAC.html,"10:30 PM, November 15, 2018",Los Angeles Clippers,San Antonio Spurs,116,111,SAS,,,Team Totals,240,41,102,.402,9,29,.310,20,25,.800,15,30,45,19,7,6,5,24,111,,,Team Totals,240,.491,.446,.284,.245,26.8,76.9,47.4,46.3,7.0,9.7,4.2,100.0,111.3,116.3,
https://www.basketball-reference.com/boxscores/201811150LAC.html,"10:30 PM, November 15, 2018",Los Angeles Clippers,San Antonio Spurs,116,111,LAC,,,Team Totals,240,40,85,.471,8,23,.348,28,35,.800,9,41,50,23,2,3,12,25,116,,,Team Totals,240,.578,.518,.271,.412,23.1,73.2,52.6,57.5,2.0,4.1,10.7,100.0,116.3,111.3,
https://www.basketball-reference.com/boxscores/201811160BOS.html,"7:00 PM, November 16, 2018",Boston Celtics,Toronto Raptors,123,116,TOR,,,Team Totals,265,42,97,.433,8,29,.276,24,29,.828,11,32,43,20,12,4,14,23,116,,,Team Totals,265,.528,.474,.299,.299,22.9,78.0,48.3,47.6,11.1,6.3,11.3,100.0,107.5,114.0,
https://www.basketball-reference.com/boxscores/201811160BOS.html,"7:00 PM, November 16, 2018",Boston Celtics,Toronto Raptors,123,116,BOS,,,Team Totals,265,47,89,.528,9,26,.346,20,24,.833,9,37,46,25,9,6,18,23,123,,,Team Totals,265,.618,.579,.292,.270,22.0,77.1,51.7,53.2,8.3,8.8,15.3,100.0,114.0,107.5,
https://www.basketball-reference.com/boxscores/201811160IND.html,"7:00 PM, November 16, 2018",Indiana Pacers,Miami Heat,99,91,MIA,,,Team Totals,240,35,93,.376,14,36,.389,7,10,.700,13,38,51,21,10,5,18,16,91,,,Team Totals,240,.467,.452,.387,.108,23.2,90.5,52.0,60.0,9.9,9.3,15.6,100.0,90.1,98.0,
https://www.basketball-reference.com/boxscores/201811160IND.html,"7:00 PM, November 16, 2018",Indiana Pacers,Miami Heat,99,91,IND,,,Team Totals,240,36,81,.444,14,27,.519,13,15,.867,4,43,47,22,10,6,19,14,99,,,Team Totals,240,.565,.531,.333,.185,9.5,76.8,48.0,61.1,9.9,10.5,17.8,100.0,98.0,90.1,
https://www.basketball-reference.com/boxscores/201811160MEM.html,"8:00 PM, November 16, 2018",Memphis Grizzlies,Sacramento Kings,112,104,SAC,,,Team Totals,240,37,80,.463,12,33,.364,18,24,.750,9,33,42,23,9,2,21,24,104,,,Team Totals,240,.574,.538,.413,.300,22.5,78.6,51.2,62.2,8.9,3.3,18.8,100.0,103.4,111.3,
https://www.basketball-reference.com/boxscores/201811160MEM.html,"8:00 PM, November 16, 2018",Memphis Grizzlies,Sacramento Kings,112,104,MEM,,,Team Totals,240,43,85,.506,11,25,.440,15,24,.625,9,31,40,24,11,5,16,23,112,,,Team Totals,240,.586,.571,.294,.282,21.4,77.5,48.8,55.8,10.9,10.6,14.3,100.0,111.3,103.4,
https://www.basketball-reference.com/boxscores/201811160MIL.html,"9:30 PM, November 16, 2018",Milwaukee Bucks,Chicago Bulls,123,104,CHI,,,Team Totals,240,41,94,.436,13,33,.394,9,13,.692,4,32,36,22,8,3,12,15,104,,,Team Totals,240,.521,.505,.351,.138,8.3,74.4,39.6,53.7,7.6,6.0,10.7,100.0,98.7,116.8,
https://www.basketball-reference.com/boxscores/201811160MIL.html,"9:30 PM, November 16, 2018",Milwaukee Bucks,Chicago Bulls,123,104,MIL,,,Team Totals,240,47,93,.505,18,43,.419,11,17,.647,11,44,55,28,8,8,17,14,123,,,Team Totals,240,.612,.602,.462,.183,25.6,91.7,60.4,59.6,7.6,13.1,14.5,100.0,116.8,98.7,
https://www.basketball-reference.com/boxscores/201811160MIN.html,"8:00 PM, November 16, 2018",Minnesota Timberwolves,Portland Trail Blazers,112,96,POR,,,Team Totals,240,37,88,.420,8,29,.276,14,20,.700,11,37,48,16,6,1,18,14,96,,,Team Totals,240,.496,.466,.330,.227,24.4,80.4,52.7,43.2,6.0,1.6,15.7,100.0,96.3,112.3,
https://www.basketball-reference.com/boxscores/201811160MIN.html,"8:00 PM, November 16, 2018",Minnesota Timberwolves,Portland Trail Blazers,112,96,MIN,,,Team Totals,240,46,92,.500,12,28,.429,8,11,.727,9,34,43,28,11,4,12,16,112,,,Team Totals,240,.578,.565,.304,.120,19.6,75.6,47.3,60.9,11.0,6.8,11.0,100.0,112.3,96.3,
https://www.basketball-reference.com/boxscores/201811160NOP.html,"8:00 PM, November 16, 2018",New Orleans Pelicans,New York Knicks,129,124,NYK,,,Team Totals,240,48,98,.490,11,34,.324,17,24,.708,12,32,44,15,10,6,13,31,124,,,Team Totals,240,.571,.546,.347,.245,21.8,74.4,44.9,31.3,9.0,9.2,10.7,100.0,111.8,116.3,
https://www.basketball-reference.com/boxscores/201811160NOP.html,"8:00 PM, November 16, 2018",New Orleans Pelicans,New York Knicks,129,124,NOP,,,Team Totals,240,48,99,.485,10,34,.294,23,32,.719,11,43,54,27,5,5,15,25,129,,,Team Totals,240,.570,.535,.343,.323,25.6,78.2,55.1,56.3,4.5,7.8,11.7,100.0,116.3,111.8,
https://www.basketball-reference.com/boxscores/201811160PHI.html,"7:00 PM, November 16, 2018",Philadelphia 76ers,Utah Jazz,113,107,UTA,,,Team Totals,240,41,88,.466,4,22,.182,21,37,.568,10,29,39,15,10,4,13,25,107,,,Team Totals,240,.513,.489,.250,.420,24.4,74.4,48.8,36.6,9.8,6.9,11.1,100.0,104.7,110.6,
https://www.basketball-reference.com/boxscores/201811160PHI.html,"7:00 PM, November 16, 2018",Philadelphia 76ers,Utah Jazz,113,107,PHI,,,Team Totals,240,41,81,.506,11,23,.478,20,32,.625,10,31,41,25,7,5,18,27,113,,,Team Totals,240,.594,.574,.284,.395,25.6,75.6,51.3,61.0,6.9,7.6,15.9,100.0,110.6,104.7,
https://www.basketball-reference.com/boxscores/201811160WAS.html,"7:00 PM, November 16, 2018",Washington Wizards,Brooklyn Nets,104,115,BRK,,,Team Totals,240,38,90,.422,9,33,.273,30,38,.789,13,34,47,19,8,3,12,24,115,,,Team Totals,240,.539,.472,.367,.422,27.1,73.9,50.0,50.0,7.9,4.3,10.1,100.0,114.0,103.1,
https://www.basketball-reference.com/boxscores/201811160WAS.html,"7:00 PM, November 16, 2018",Washington Wizards,Brooklyn Nets,104,115,WAS,,,Team Totals,240,37,87,.425,3,18,.167,27,34,.794,12,35,47,18,5,4,13,23,104,,,Team Totals,240,.510,.443,.207,.391,26.1,72.9,50.0,48.6,5.0,7.0,11.3,100.0,103.1,114.0,
https://www.basketball-reference.com/boxscores/201811170BOS.html,"7:30 PM, November 17, 2018",Boston Celtics,Utah Jazz,86,98,UTA,,,Team Totals,240,35,78,.449,11,38,.289,17,27,.630,7,39,46,23,11,4,15,23,98,,,Team Totals,240,.545,.519,.487,.346,17.1,69.6,47.4,65.7,11.5,6.9,14.3,100.0,102.7,90.2,
https://www.basketball-reference.com/boxscores/201811170BOS.html,"7:30 PM, November 17, 2018",Boston Celtics,Utah Jazz,86,98,BOS,,,Team Totals,240,35,91,.385,5,33,.152,11,20,.550,17,34,51,16,11,4,14,22,86,,,Team Totals,240,.431,.412,.363,.220,30.4,82.9,52.6,45.7,11.5,10.0,12.3,100.0,90.2,102.7,
https://www.basketball-reference.com/boxscores/201811170BRK.html,"6:00 PM, November 17, 2018",Brooklyn Nets,Los Angeles Clippers,119,127,LAC,,,Team Totals,240,48,95,.505,11,23,.478,20,24,.833,9,29,38,23,4,1,8,25,127,,,Team Totals,240,.602,.563,.242,.253,22.0,65.9,44.7,47.9,4.1,1.7,7.0,100.0,129.2,121.0,
https://www.basketball-reference.com/boxscores/201811170BRK.html,"6:00 PM, November 17, 2018",Brooklyn Nets,Los Angeles Clippers,119,127,BRK,,,Team Totals,240,40,88,.455,13,28,.464,26,34,.765,15,32,47,25,4,5,11,22,119,,,Team Totals,240,.578,.528,.318,.386,34.1,78.0,55.3,62.5,4.1,6.9,9.7,100.0,121.0,129.2,
https://www.basketball-reference.com/boxscores/201811170CHI.html,"8:00 PM, November 17, 2018",Chicago Bulls,Toronto Raptors,83,122,TOR,,,Team Totals,240,48,89,.539,14,35,.400,12,13,.923,8,46,54,31,14,10,23,24,122,,,Team Totals,240,.644,.618,.393,.146,22.9,86.8,61.4,64.6,13.0,16.9,19.5,100.0,113.1,77.0,
https://www.basketball-reference.com/boxscores/201811170CHI.html,"8:00 PM, November 17, 2018",Chicago Bulls,Toronto Raptors,83,122,CHI,,,Team Totals,240,30,86,.349,8,27,.296,15,21,.714,7,27,34,21,13,3,22,19,83,,,Team Totals,240,.436,.395,.314,.244,13.2,77.1,38.6,70.0,12.1,5.6,18.8,100.0,77.0,113.1,
https://www.basketball-reference.com/boxscores/201811170CHO.html,"7:00 PM, November 17, 2018",Charlotte Hornets,Philadelphia 76ers,119,122,PHI,,,Team Totals,265,39,93,.419,11,35,.314,33,38,.868,9,44,53,23,9,6,19,24,122,,,Team Totals,265,.556,.478,.376,.409,18.4,83.0,52.0,59.0,7.7,8.8,14.8,100.0,104.7,102.1,
https://www.basketball-reference.com/boxscores/201811170CHO.html,"7:00 PM, November 17, 2018",Charlotte Hornets,Philadelphia 76ers,119,122,CHO,,,Team Totals,265,42,99,.424,10,31,.323,25,27,.926,9,40,49,23,10,3,17,29,119,,,Team Totals,265,.537,.475,.313,.273,17.0,81.6,48.0,54.8,8.6,5.2,13.3,100.0,102.1,104.7,
https://www.basketball-reference.com/boxscores/201811170DAL.html,"8:30 PM, November 17, 2018",Dallas Mavericks,Golden State Warriors,112,109,GSW,,,Team Totals,240,42,94,.447,9,33,.273,16,17,.941,12,35,47,24,6,6,12,27,109,,,Team Totals,240,.537,.495,.351,.181,24.0,81.4,50.5,57.1,6.0,11.5,10.6,100.0,109.1,112.1,
https://www.basketball-reference.com/boxscores/201811170DAL.html,"8:30 PM, November 17, 2018",Dallas Mavericks,Golden State Warriors,112,109,DAL,,,Team Totals,240,40,86,.465,10,34,.294,22,34,.647,8,38,46,18,6,5,10,18,112,,,Team Totals,240,.555,.523,.395,.395,18.6,76.0,49.5,45.0,6.0,8.2,9.0,100.0,112.1,109.1,
https://www.basketball-reference.com/boxscores/201811170HOU.html,"8:00 PM, November 17, 2018",Houston Rockets,Sacramento Kings,132,112,SAC,,,Team Totals,240,46,102,.451,11,35,.314,9,12,.750,13,26,39,23,10,3,14,21,112,,,Team Totals,240,.522,.505,.343,.118,27.1,81.3,48.8,50.0,9.5,8.8,11.5,100.0,106.6,125.6,
https://www.basketball-reference.com/boxscores/201811170HOU.html,"8:00 PM, November 17, 2018",Houston Rockets,Sacramento Kings,132,112,HOU,,,Team Totals,240,46,81,.568,20,47,.426,20,24,.833,6,35,41,27,9,10,22,20,132,,,Team Totals,240,.721,.691,.580,.296,18.8,72.9,51.3,58.7,8.6,14.9,19.4,100.0,125.6,106.6,
https://www.basketball-reference.com/boxscores/201811170IND.html,"7:00 PM, November 17, 2018",Indiana Pacers,Atlanta Hawks,97,89,ATL,,,Team Totals,240,31,87,.356,8,29,.276,19,27,.704,5,36,41,20,15,6,18,24,89,,,Team Totals,240,.450,.402,.333,.310,10.4,78.3,43.6,64.5,13.8,10.5,15.4,100.0,82.1,89.5,
https://www.basketball-reference.com/boxscores/201811170IND.html,"7:00 PM, November 17, 2018",Indiana Pacers,Atlanta Hawks,97,89,IND,,,Team Totals,240,35,87,.402,12,30,.400,15,21,.714,10,43,53,25,11,6,24,26,97,,,Team Totals,240,.504,.471,.345,.241,21.7,89.6,56.4,71.4,10.1,10.3,20.0,100.0,89.5,82.1,
https://www.basketball-reference.com/boxscores/201811170NOP.html,"7:00 PM, November 17, 2018",New Orleans Pelicans,Denver Nuggets,125,115,DEN,,,Team Totals,240,46,95,.484,15,39,.385,8,13,.615,10,33,43,30,5,6,13,23,115,,,Team Totals,240,.571,.563,.411,.137,21.7,76.7,48.3,65.2,4.9,9.7,11.4,100.0,113.7,123.6,
https://www.basketball-reference.com/boxscores/201811170NOP.html,"7:00 PM, November 17, 2018",New Orleans Pelicans,Denver Nuggets,125,115,NOP,,,Team Totals,240,42,87,.483,10,25,.400,31,34,.912,10,36,46,29,6,8,11,18,125,,,Team Totals,240,.613,.540,.287,.391,23.3,78.3,51.7,69.0,5.9,14.3,9.7,100.0,123.6,113.7,
https://www.basketball-reference.com/boxscores/201811170ORL.html,"7:00 PM, November 17, 2018",Orlando Magic,Los Angeles Lakers,130,117,LAL,,,Team Totals,240,43,90,.478,10,30,.333,21,25,.840,8,33,41,22,5,6,14,20,117,,,Team Totals,240,.579,.533,.333,.278,21.1,75.0,50.0,51.2,4.8,9.8,12.2,100.0,113.0,125.5,
https://www.basketball-reference.com/boxscores/201811170ORL.html,"7:00 PM, November 17, 2018",Orlando Magic,Los Angeles Lakers,130,117,ORL,,,Team Totals,240,50,93,.538,11,32,.344,19,23,.826,11,30,41,28,5,8,13,23,130,,,Team Totals,240,.630,.597,.344,.247,25.0,78.9,50.0,56.0,4.8,13.3,11.2,100.0,125.5,113.0,
https://www.basketball-reference.com/boxscores/201811170PHO.html,"9:00 PM, November 17, 2018",Phoenix Suns,Oklahoma City Thunder,100,110,OKC,,,Team Totals,240,38,85,.447,7,24,.292,27,32,.844,14,38,52,17,9,7,18,20,110,,,Team Totals,240,.555,.488,.282,.376,34.1,90.5,62.7,44.7,9.0,13.2,15.4,100.0,110.3,100.3,
https://www.basketball-reference.com/boxscores/201811170PHO.html,"9:00 PM, November 17, 2018",Phoenix Suns,Oklahoma City Thunder,100,110,PHO,,,Team Totals,240,37,82,.451,12,29,.414,14,21,.667,4,27,31,25,14,6,15,28,100,,,Team Totals,240,.548,.524,.354,.256,9.5,65.9,37.3,67.6,14.0,9.8,14.1,100.0,100.3,110.3,
https://www.basketball-reference.com/boxscores/201811180MIA.html,"6:00 PM, November 18, 2018",Miami Heat,Los Angeles Lakers,97,113,LAL,,,Team Totals,240,42,95,.442,11,27,.407,18,21,.857,14,36,50,16,7,5,10,19,113,,,Team Totals,240,.542,.500,.284,.221,28.0,75.0,51.0,38.1,7.3,9.1,8.8,100.0,117.6,100.9,
https://www.basketball-reference.com/boxscores/201811180MIA.html,"6:00 PM, November 18, 2018",Miami Heat,Los Angeles Lakers,97,113,MIA,,,Team Totals,240,35,87,.402,13,32,.406,14,19,.737,12,36,48,20,3,5,14,21,97,,,Team Totals,240,.509,.477,.368,.218,25.0,72.0,49.0,57.1,3.1,7.4,12.8,100.0,100.9,117.6,
https://www.basketball-reference.com/boxscores/201811180MIN.html,"3:30 PM, November 18, 2018",Minnesota Timberwolves,Memphis Grizzlies,87,100,MEM,,,Team Totals,240,35,82,.427,12,28,.429,18,25,.720,10,33,43,26,11,9,12,20,100,,,Team Totals,240,.538,.500,.341,.305,20.4,76.7,46.7,74.3,11.7,17.6,11.4,100.0,106.4,92.6,
https://www.basketball-reference.com/boxscores/201811180MIN.html,"3:30 PM, November 18, 2018",Minnesota Timberwolves,Memphis Grizzlies,87,100,MIN,,,Team Totals,240,31,80,.388,12,29,.414,13,16,.813,10,39,49,20,8,3,20,20,87,,,Team Totals,240,.500,.463,.363,.200,23.3,79.6,53.3,64.5,8.5,5.6,18.7,100.0,92.6,106.4,
https://www.basketball-reference.com/boxscores/201811180ORL.html,"6:00 PM, November 18, 2018",Orlando Magic,New York Knicks,131,117,NYK,,,Team Totals,240,40,87,.460,8,24,.333,29,35,.829,17,25,42,12,7,2,14,26,117,,,Team Totals,240,.571,.506,.276,.402,37.8,78.1,54.5,30.0,7.0,3.8,12.0,100.0,117.6,131.7,
https://www.basketball-reference.com/boxscores/201811180ORL.html,"6:00 PM, November 18, 2018",Orlando Magic,New York Knicks,131,117,ORL,,,Team Totals,240,48,84,.571,13,32,.406,22,26,.846,7,28,35,35,5,6,17,26,131,,,Team Totals,240,.686,.649,.381,.310,21.9,62.2,45.5,72.9,5.0,9.5,15.1,100.0,131.7,117.6,
https://www.basketball-reference.com/boxscores/201811180SAS.html,"7:00 PM, November 18, 2018",San Antonio Spurs,Golden State Warriors,104,92,GSW,,,Team Totals,240,35,86,.407,5,26,.192,17,21,.810,10,36,46,20,6,4,12,17,92,,,Team Totals,240,.483,.436,.302,.244,21.3,76.6,48.9,57.1,6.3,5.9,11.2,100.0,95.9,108.4,
https://www.basketball-reference.com/boxscores/201811180SAS.html,"7:00 PM, November 18, 2018",San Antonio Spurs,Golden State Warriors,104,92,SAS,,,Team Totals,240,41,92,.446,10,24,.417,12,17,.706,11,37,48,24,3,5,11,18,104,,,Team Totals,240,.523,.500,.261,.185,23.4,78.7,51.1,58.5,3.1,8.3,10.0,100.0,108.4,95.9,
https://www.basketball-reference.com/boxscores/201811180WAS.html,"6:00 PM, November 18, 2018",Washington Wizards,Portland Trail Blazers,109,119,POR,,,Team Totals,240,39,86,.453,11,30,.367,30,35,.857,9,43,52,26,4,3,15,25,119,,,Team Totals,240,.587,.517,.349,.407,20.9,82.7,54.7,66.7,3.8,4.7,12.9,100.0,112.8,103.3,
https://www.basketball-reference.com/boxscores/201811180WAS.html,"6:00 PM, November 18, 2018",Washington Wizards,Portland Trail Blazers,109,119,WAS,,,Team Totals,240,43,96,.448,13,32,.406,10,21,.476,9,34,43,28,4,9,12,30,109,,,Team Totals,240,.518,.516,.333,.219,17.3,79.1,45.3,65.1,3.8,16.1,10.2,100.0,103.3,112.8,
https://www.basketball-reference.com/boxscores/201811190ATL.html,"7:30 PM, November 19, 2018",Atlanta Hawks,Los Angeles Clippers,119,127,LAC,,,Team Totals,240,40,93,.430,10,33,.303,37,47,.787,15,37,52,24,9,8,15,22,127,,,Team Totals,240,.559,.484,.355,.505,30.0,69.8,50.5,60.0,8.3,12.7,11.7,100.0,117.4,110.0,
https://www.basketball-reference.com/boxscores/201811190ATL.html,"7:30 PM, November 19, 2018",Atlanta Hawks,Los Angeles Clippers,119,127,ATL,,,Team Totals,240,45,101,.446,12,38,.316,17,19,.895,16,35,51,29,6,6,16,38,119,,,Team Totals,240,.544,.505,.376,.188,30.2,70.0,49.5,64.4,5.5,10.0,12.8,100.0,110.0,117.4,
https://www.basketball-reference.com/boxscores/201811190CHO.html,"7:00 PM, November 19, 2018",Charlotte Hornets,Boston Celtics,117,112,BOS,,,Team Totals,240,45,89,.506,9,32,.281,13,18,.722,8,33,41,31,9,6,12,22,112,,,Team Totals,240,.578,.556,.360,.202,18.2,80.5,48.2,68.9,8.9,12.5,11.0,100.0,111.0,115.9,
https://www.basketball-reference.com/boxscores/201811190CHO.html,"7:00 PM, November 19, 2018",Charlotte Hornets,Boston Celtics,117,112,CHO,,,Team Totals,240,43,89,.483,15,41,.366,16,22,.727,8,36,44,18,5,3,14,16,117,,,Team Totals,240,.593,.567,.461,.247,19.5,81.8,51.8,41.9,5.0,5.3,12.4,100.0,115.9,111.0,
https://www.basketball-reference.com/boxscores/201811190DET.html,"7:00 PM, November 19, 2018",Detroit Pistons,Cleveland Cavaliers,113,102,CLE,,,Team Totals,240,35,79,.443,8,21,.381,24,34,.706,11,25,36,16,8,3,10,22,102,,,Team Totals,240,.543,.494,.266,.430,22.9,65.8,41.9,45.7,8.8,5.9,9.6,100.0,111.6,123.6,
https://www.basketball-reference.com/boxscores/201811190DET.html,"7:00 PM, November 19, 2018",Detroit Pistons,Cleveland Cavaliers,113,102,DET,,,Team Totals,240,41,89,.461,13,38,.342,18,19,.947,13,37,50,26,5,4,12,27,113,,,Team Totals,240,.580,.534,.427,.213,34.2,77.1,58.1,63.4,5.5,6.9,11.0,100.0,123.6,111.6,
https://www.basketball-reference.com/boxscores/201811190IND.html,"7:00 PM, November 19, 2018",Indiana Pacers,Utah Jazz,121,94,UTA,,,Team Totals,240,36,74,.486,11,25,.440,11,16,.688,3,33,36,26,6,10,19,18,94,,,Team Totals,240,.580,.561,.338,.216,8.3,75.0,45.0,72.2,6.2,14.7,19.0,100.0,97.4,125.4,
https://www.basketball-reference.com/boxscores/201811190IND.html,"7:00 PM, November 19, 2018",Indiana Pacers,Utah Jazz,121,94,IND,,,Team Totals,240,49,93,.527,12,25,.480,11,17,.647,11,33,44,35,13,3,9,17,121,,,Team Totals,240,.602,.591,.269,.183,25.0,91.7,55.0,71.4,13.5,6.1,8.2,100.0,125.4,97.4,
https://www.basketball-reference.com/boxscores/201811190MEM.html,"8:00 PM, November 19, 2018",Memphis Grizzlies,Dallas Mavericks,98,88,DAL,,,Team Totals,240,30,88,.341,10,32,.313,18,21,.857,7,36,43,17,8,4,11,19,88,,,Team Totals,240,.452,.398,.364,.239,14.9,87.8,48.9,56.7,8.3,8.2,10.2,100.0,91.1,101.4,
https://www.basketball-reference.com/boxscores/201811190MEM.html,"8:00 PM, November 19, 2018",Memphis Grizzlies,Dallas Mavericks,98,88,MEM,,,Team Totals,240,37,79,.468,12,30,.400,12,14,.857,5,40,45,29,8,11,16,21,98,,,Team Totals,240,.575,.544,.380,.177,12.2,85.1,51.1,78.4,8.3,19.6,15.8,100.0,101.4,91.1,
https://www.basketball-reference.com/boxscores/201811190MIL.html,"8:00 PM, November 19, 2018",Milwaukee Bucks,Denver Nuggets,104,98,DEN,,,Team Totals,240,40,94,.426,12,41,.293,6,9,.667,13,30,43,30,6,4,18,20,98,,,Team Totals,240,.500,.489,.436,.096,25.5,69.8,45.7,75.0,6.0,7.7,15.5,100.0,97.9,103.9,
https://www.basketball-reference.com/boxscores/201811190MIL.html,"8:00 PM, November 19, 2018",Milwaukee Bucks,Denver Nuggets,104,98,MIL,,,Team Totals,240,40,88,.455,11,36,.306,13,22,.591,13,38,51,21,8,3,18,16,104,,,Team Totals,240,.532,.517,.409,.250,30.2,74.5,54.3,52.5,8.0,5.7,15.6,100.0,103.9,97.9,
https://www.basketball-reference.com/boxscores/201811190NOP.html,"8:00 PM, November 19, 2018",New Orleans Pelicans,San Antonio Spurs,140,126,SAS,,,Team Totals,240,45,94,.479,12,24,.500,24,30,.800,18,26,44,22,7,0,15,20,126,,,Team Totals,240,.588,.543,.255,.319,39.1,65.0,51.2,48.9,6.9,0.0,12.3,100.0,124.1,137.9,
https://www.basketball-reference.com/boxscores/201811190NOP.html,"8:00 PM, November 19, 2018",New Orleans Pelicans,San Antonio Spurs,140,126,NOP,,,Team Totals,240,59,102,.578,10,26,.385,12,14,.857,14,28,42,34,10,5,11,23,140,,,Team Totals,240,.647,.627,.255,.137,35.0,60.9,48.8,57.6,9.9,7.1,9.2,100.0,137.9,124.1,
https://www.basketball-reference.com/boxscores/201811190PHI.html,"7:00 PM, November 19, 2018",Philadelphia 76ers,Phoenix Suns,119,114,PHO,,,Team Totals,240,44,87,.506,13,33,.394,13,24,.542,5,26,31,25,9,4,13,34,114,,,Team Totals,240,.584,.580,.379,.276,11.1,66.7,36.9,56.8,8.6,6.5,11.8,100.0,109.1,113.9,
https://www.basketball-reference.com/boxscores/201811190PHI.html,"7:00 PM, November 19, 2018",Philadelphia 76ers,Phoenix Suns,119,114,PHI,,,Team Totals,240,41,84,.488,6,22,.273,31,42,.738,13,40,53,24,8,1,19,27,119,,,Team Totals,240,.581,.524,.262,.500,33.3,88.9,63.1,58.5,7.7,1.9,15.6,100.0,113.9,109.1,
https://www.basketball-reference.com/boxscores/201811190SAC.html,"10:00 PM, November 19, 2018",Sacramento Kings,Oklahoma City Thunder,117,113,OKC,,,Team Totals,240,45,108,.417,12,41,.293,11,16,.688,13,40,53,22,8,3,13,22,113,,,Team Totals,240,.491,.472,.380,.148,22.4,74.1,47.3,48.9,7.3,4.7,10.2,100.0,102.6,106.2,
https://www.basketball-reference.com/boxscores/201811190SAC.html,"10:00 PM, November 19, 2018",Sacramento Kings,Oklahoma City Thunder,117,113,SAC,,,Team Totals,240,45,102,.441,16,38,.421,11,17,.647,14,45,59,29,7,4,15,18,117,,,Team Totals,240,.534,.520,.373,.167,25.9,77.6,52.7,64.4,6.4,6.0,12.1,100.0,106.2,102.6,
https://www.basketball-reference.com/boxscores/201811200MIA.html,"7:30 PM, November 20, 2018",Miami Heat,Brooklyn Nets,92,104,BRK,,,Team Totals,240,38,88,.432,8,31,.258,20,26,.769,13,40,53,17,6,4,12,21,104,,,Team Totals,240,.523,.477,.352,.295,27.7,69.0,50.5,44.7,6.1,5.9,10.8,100.0,105.9,93.7,
https://www.basketball-reference.com/boxscores/201811200MIA.html,"7:30 PM, November 20, 2018",Miami Heat,Brooklyn Nets,92,104,MIA,,,Team Totals,240,36,100,.360,7,32,.219,13,20,.650,18,34,52,18,5,6,14,24,92,,,Team Totals,240,.423,.395,.320,.200,31.0,72.3,49.5,50.0,5.1,10.5,11.4,100.0,93.7,105.9,
https://www.basketball-reference.com/boxscores/201811200NYK.html,"7:30 PM, November 20, 2018",New York Knicks,Portland Trail Blazers,114,118,POR,,,Team Totals,240,45,95,.474,16,35,.457,12,17,.706,14,29,43,25,8,4,12,19,118,,,Team Totals,240,.576,.558,.368,.179,30.4,74.4,50.6,55.6,8.3,7.4,10.5,100.0,122.2,118.1,
https://www.basketball-reference.com/boxscores/201811200NYK.html,"7:30 PM, November 20, 2018",New York Knicks,Portland Trail Blazers,114,118,NYK,,,Team Totals,240,42,83,.506,13,29,.448,17,22,.773,10,32,42,22,8,5,15,15,114,,,Team Totals,240,.615,.584,.349,.265,25.6,69.6,49.4,52.4,8.3,8.3,13.9,100.0,118.1,122.2,
https://www.basketball-reference.com/boxscores/201811200ORL.html,"7:00 PM, November 20, 2018",Orlando Magic,Toronto Raptors,91,93,TOR,,,Team Totals,240,39,87,.448,9,34,.265,6,8,.750,6,37,43,23,7,5,16,19,93,,,Team Totals,240,.514,.500,.391,.092,13.6,77.1,46.7,59.0,7.3,9.3,15.0,100.0,96.6,94.5,
https://www.basketball-reference.com/boxscores/201811200ORL.html,"7:00 PM, November 20, 2018",Orlando Magic,Toronto Raptors,91,93,ORL,,,Team Totals,240,34,84,.405,8,30,.267,15,19,.789,11,38,49,24,5,4,14,11,91,,,Team Totals,240,.493,.452,.357,.226,22.9,86.4,53.3,70.6,5.2,7.5,13.2,100.0,94.5,96.6,
https://www.basketball-reference.com/boxscores/201811200WAS.html,"7:00 PM, November 20, 2018",Washington Wizards,Los Angeles Clippers,125,118,LAC,,,Team Totals,240,46,89,.517,11,27,.407,15,18,.833,7,37,44,20,6,4,19,28,118,,,Team Totals,240,.609,.579,.303,.202,17.5,77.1,50.0,43.5,5.7,7.4,16.4,100.0,112.5,119.2,
https://www.basketball-reference.com/boxscores/201811200WAS.html,"7:00 PM, November 20, 2018",Washington Wizards,Los Angeles Clippers,125,118,WAS,,,Team Totals,240,40,93,.430,13,39,.333,32,39,.821,11,33,44,27,11,8,7,20,125,,,Team Totals,240,.567,.500,.419,.419,22.9,82.5,50.0,67.5,10.5,12.9,6.0,100.0,119.2,112.5,
https://www.basketball-reference.com/boxscores/201811210ATL.html,"7:30 PM, November 21, 2018",Atlanta Hawks,Toronto Raptors,108,124,TOR,,,Team Totals,240,48,90,.533,11,29,.379,17,23,.739,14,41,55,33,6,1,19,21,124,,,Team Totals,240,.619,.594,.322,.256,35.9,82.0,61.8,68.8,6.0,1.8,16.0,100.0,123.1,107.2,
https://www.basketball-reference.com/boxscores/201811210ATL.html,"7:30 PM, November 21, 2018",Atlanta Hawks,Toronto Raptors,108,124,ATL,,,Team Totals,240,42,93,.452,10,36,.278,14,18,.778,9,25,34,24,10,7,9,21,108,,,Team Totals,240,.535,.505,.387,.194,18.0,64.1,38.2,57.1,9.9,11.5,8.2,100.0,107.2,123.1,
https://www.basketball-reference.com/boxscores/201811210BOS.html,"7:30 PM, November 21, 2018",Boston Celtics,New York Knicks,109,117,NYK,,,Team Totals,240,44,89,.494,15,30,.500,14,17,.824,9,40,49,25,3,11,17,24,117,,,Team Totals,240,.606,.579,.337,.191,20.5,72.7,49.5,56.8,2.9,17.2,15.0,100.0,115.0,107.1,
https://www.basketball-reference.com/boxscores/201811210BOS.html,"7:30 PM, November 21, 2018",Boston Celtics,New York Knicks,109,117,BOS,,,Team Totals,240,38,97,.392,10,33,.303,23,32,.719,15,35,50,30,10,9,8,16,109,,,Team Totals,240,.491,.443,.340,.330,27.3,79.5,50.5,78.9,9.8,15.3,6.7,100.0,107.1,115.0,
https://www.basketball-reference.com/boxscores/201811210CHI.html,"8:00 PM, November 21, 2018",Chicago Bulls,Phoenix Suns,124,116,PHO,,,Team Totals,240,48,98,.490,10,34,.294,10,10,1.000,6,30,36,28,9,5,13,20,116,,,Team Totals,240,.566,.541,.347,.102,14.6,88.2,48.0,58.3,8.6,8.9,11.3,100.0,110.3,117.9,
https://www.basketball-reference.com/boxscores/201811210CHI.html,"8:00 PM, November 21, 2018",Chicago Bulls,Phoenix Suns,124,116,CHI,,,Team Totals,240,46,81,.568,11,25,.440,21,24,.875,4,35,39,28,8,2,17,19,124,,,Team Totals,240,.677,.636,.309,.296,11.8,85.4,52.0,60.9,7.6,3.1,15.7,100.0,117.9,110.3,
https://www.basketball-reference.com/boxscores/201811210CHO.html,"7:00 PM, November 21, 2018",Charlotte Hornets,Indiana Pacers,127,109,IND,,,Team Totals,240,41,84,.488,11,33,.333,16,17,.941,10,27,37,26,5,7,14,19,109,,,Team Totals,240,.596,.554,.393,.202,25.0,81.8,50.7,63.4,5.3,13.7,13.3,100.0,116.4,135.6,
https://www.basketball-reference.com/boxscores/201811210CHO.html,"7:00 PM, November 21, 2018",Charlotte Hornets,Indiana Pacers,127,109,CHO,,,Team Totals,240,45,80,.563,18,29,.621,19,22,.864,6,30,36,30,7,3,12,15,127,,,Team Totals,240,.708,.675,.363,.275,18.2,75.0,49.3,66.7,7.5,5.9,11.8,100.0,135.6,116.4,
https://www.basketball-reference.com/boxscores/201811210CLE.html,"8:00 PM, November 21, 2018",Cleveland Cavaliers,Los Angeles Lakers,105,109,LAL,,,Team Totals,240,40,78,.513,9,25,.360,20,28,.714,7,44,51,23,2,9,15,20,109,,,Team Totals,240,.603,.571,.321,.359,18.4,74.6,52.6,57.5,2.1,13.2,14.2,100.0,114.4,110.2,
https://www.basketball-reference.com/boxscores/201811210CLE.html,"8:00 PM, November 21, 2018",Cleveland Cavaliers,Los Angeles Lakers,105,109,CLE,,,Team Totals,240,39,102,.382,13,34,.382,14,15,.933,15,31,46,18,3,2,3,22,105,,,Team Totals,240,.483,.446,.333,.147,25.4,81.6,47.4,46.2,3.1,3.8,2.7,100.0,110.2,114.4,
https://www.basketball-reference.com/boxscores/201811210DAL.html,"8:30 PM, November 21, 2018",Dallas Mavericks,Brooklyn Nets,119,113,BRK,,,Team Totals,240,42,94,.447,14,42,.333,15,21,.714,16,26,42,23,8,2,14,31,113,,,Team Totals,240,.547,.521,.447,.223,30.2,76.5,48.3,54.8,8.1,3.9,11.9,100.0,114.8,120.9,
https://www.basketball-reference.com/boxscores/201811210DAL.html,"8:30 PM, November 21, 2018",Dallas Mavericks,Brooklyn Nets,119,113,DAL,,,Team Totals,240,38,78,.487,11,27,.407,32,41,.780,8,37,45,21,10,3,13,20,119,,,Team Totals,240,.620,.558,.346,.526,23.5,69.8,51.7,55.3,10.2,5.8,11.9,100.0,120.9,114.8,
https://www.basketball-reference.com/boxscores/201811210GSW.html,"10:30 PM, November 21, 2018",Golden State Warriors,Oklahoma City Thunder,95,123,OKC,,,Team Totals,240,51,106,.481,13,35,.371,8,15,.533,18,43,61,29,10,5,10,23,123,,,Team Totals,240,.546,.542,.330,.142,34.0,86.0,59.2,56.9,9.8,9.3,8.2,100.0,120.3,92.9,
https://www.basketball-reference.com/boxscores/201811210GSW.html,"10:30 PM, November 21, 2018",Golden State Warriors,Oklahoma City Thunder,95,123,GSW,,,Team Totals,240,36,83,.434,7,29,.241,16,24,.667,7,35,42,24,7,10,17,18,95,,,Team Totals,240,.508,.476,.349,.289,14.0,66.0,40.8,66.7,6.8,14.1,15.4,100.0,92.9,120.3,
https://www.basketball-reference.com/boxscores/201811210HOU.html,"8:00 PM, November 21, 2018",Houston Rockets,Detroit Pistons,126,124,DET,,,Team Totals,240,40,85,.471,16,34,.471,28,37,.757,15,22,37,20,8,1,16,26,124,,,Team Totals,240,.612,.565,.400,.435,32.6,81.5,50.7,50.0,8.2,2.6,13.6,100.0,127.1,129.1,
https://www.basketball-reference.com/boxscores/201811210HOU.html,"8:00 PM, November 21, 2018",Houston Rockets,Detroit Pistons,126,124,HOU,,,Team Totals,240,40,72,.556,13,33,.394,33,36,.917,5,31,36,18,8,7,15,25,126,,,Team Totals,240,.717,.646,.458,.500,18.5,67.4,49.3,45.0,8.2,13.7,14.6,100.0,129.1,127.1,
https://www.basketball-reference.com/boxscores/201811210MIL.html,"8:00 PM, November 21, 2018",Milwaukee Bucks,Portland Trail Blazers,143,100,POR,,,Team Totals,240,34,93,.366,9,41,.220,23,28,.821,10,30,40,13,8,6,17,20,100,,,Team Totals,240,.475,.414,.441,.301,17.9,69.8,40.4,38.2,7.2,9.5,13.9,100.0,90.0,128.7,
https://www.basketball-reference.com/boxscores/201811210MIL.html,"8:00 PM, November 21, 2018",Milwaukee Bucks,Portland Trail Blazers,143,100,MIL,,,Team Totals,240,57,108,.528,15,45,.333,14,17,.824,13,46,59,34,8,2,14,23,143,,,Team Totals,240,.619,.597,.417,.157,30.2,82.1,59.6,59.6,7.2,3.8,10.8,100.0,128.7,90.0,
https://www.basketball-reference.com/boxscores/201811210MIN.html,"8:00 PM, November 21, 2018",Minnesota Timberwolves,Denver Nuggets,101,103,DEN,,,Team Totals,240,42,89,.472,14,35,.400,5,6,.833,9,31,40,29,12,4,14,22,103,,,Team Totals,240,.562,.551,.393,.067,22.0,79.5,50.0,69.0,12.5,8.5,13.3,100.0,107.2,105.2,
https://www.basketball-reference.com/boxscores/201811210MIN.html,"8:00 PM, November 21, 2018",Minnesota Timberwolves,Denver Nuggets,101,103,MIN,,,Team Totals,240,35,79,.443,9,32,.281,22,26,.846,8,32,40,24,8,3,18,15,101,,,Team Totals,240,.558,.500,.405,.329,20.5,78.0,50.0,68.6,8.3,5.6,16.6,100.0,105.2,107.2,
https://www.basketball-reference.com/boxscores/201811210PHI.html,"7:00 PM, November 21, 2018",Philadelphia 76ers,New Orleans Pelicans,121,120,NOP,,,Team Totals,240,42,98,.429,11,30,.367,25,33,.758,20,34,54,24,8,8,15,21,120,,,Team Totals,240,.533,.485,.306,.337,35.7,75.6,53.5,57.1,7.4,11.6,11.8,100.0,111.6,112.5,
https://www.basketball-reference.com/boxscores/201811210PHI.html,"7:00 PM, November 21, 2018",Philadelphia 76ers,New Orleans Pelicans,121,120,PHI,,,Team Totals,240,44,98,.449,10,29,.345,23,26,.885,11,36,47,27,7,7,16,26,121,,,Team Totals,240,.553,.500,.296,.265,24.4,64.3,46.5,61.4,6.5,10.3,12.8,100.0,112.5,111.6,
https://www.basketball-reference.com/boxscores/201811210SAS.html,"8:30 PM, November 21, 2018",San Antonio Spurs,Memphis Grizzlies,103,104,MEM,,,Team Totals,240,39,81,.481,8,25,.320,18,21,.857,4,36,40,21,4,7,9,25,104,,,Team Totals,240,.576,.531,.309,.259,10.8,78.3,48.2,53.8,4.3,11.7,9.1,100.0,112.1,111.0,
https://www.basketball-reference.com/boxscores/201811210SAS.html,"8:30 PM, November 21, 2018",San Antonio Spurs,Memphis Grizzlies,103,104,SAS,,,Team Totals,240,35,82,.427,7,22,.318,26,30,.867,10,33,43,21,4,5,9,20,103,,,Team Totals,240,.541,.470,.268,.366,21.7,89.2,51.8,60.0,4.3,8.9,8.6,100.0,111.0,112.1,
https://www.basketball-reference.com/boxscores/201811210UTA.html,"9:00 PM, November 21, 2018",Utah Jazz,Sacramento Kings,110,119,SAC,,,Team Totals,240,47,89,.528,11,25,.440,14,19,.737,8,40,48,27,5,4,11,30,119,,,Team Totals,240,.611,.590,.281,.213,19.0,76.9,51.1,57.4,5.1,8.2,10.2,100.0,120.8,111.6,
https://www.basketball-reference.com/boxscores/201811210UTA.html,"9:00 PM, November 21, 2018",Utah Jazz,Sacramento Kings,110,119,UTA,,,Team Totals,240,38,88,.432,12,39,.308,22,31,.710,12,34,46,21,7,7,10,21,110,,,Team Totals,240,.541,.500,.443,.352,23.1,81.0,48.9,55.3,7.1,10.9,9.0,100.0,111.6,120.8,
https://www.basketball-reference.com/boxscores/201811230ATL.html,"7:30 PM, November 23, 2018",Atlanta Hawks,Boston Celtics,96,114,BOS,,,Team Totals,240,42,91,.462,13,40,.325,17,21,.810,7,36,43,31,11,7,16,29,114,,,Team Totals,240,.569,.533,.440,.231,16.7,87.8,51.8,73.8,10.3,15.2,13.8,100.0,106.4,89.6,
https://www.basketball-reference.com/boxscores/201811230ATL.html,"7:30 PM, November 23, 2018",Atlanta Hawks,Boston Celtics,96,114,ATL,,,Team Totals,240,35,81,.432,6,35,.171,20,29,.690,5,35,40,22,9,7,21,26,96,,,Team Totals,240,.512,.469,.432,.358,12.2,83.3,48.2,62.9,8.4,13.7,18.3,100.0,89.6,106.4,
https://www.basketball-reference.com/boxscores/201811230BRK.html,"12:00 PM, November 23, 2018",Brooklyn Nets,Minnesota Timberwolves,102,112,MIN,,,Team Totals,240,44,92,.478,9,25,.360,15,17,.882,9,29,38,25,15,4,7,20,112,,,Team Totals,240,.563,.527,.272,.185,19.6,76.3,45.2,56.8,15.6,11.8,6.6,100.0,116.4,106.0,
https://www.basketball-reference.com/boxscores/201811230BRK.html,"12:00 PM, November 23, 2018",Brooklyn Nets,Minnesota Timberwolves,102,112,BRK,,,Team Totals,240,33,79,.418,14,45,.311,22,26,.846,9,37,46,26,2,4,19,22,102,,,Team Totals,240,.564,.506,.570,.329,23.7,80.4,54.8,78.8,2.1,6.0,17.4,100.0,106.0,116.4,
https://www.basketball-reference.com/boxscores/201811230CHI.html,"8:00 PM, November 23, 2018",Chicago Bulls,Miami Heat,96,103,MIA,,,Team Totals,240,37,87,.425,10,34,.294,19,31,.613,10,38,48,20,10,11,14,21,103,,,Team Totals,240,.512,.483,.391,.356,20.0,77.6,48.5,54.1,9.6,16.7,12.2,100.0,99.3,92.5,
https://www.basketball-reference.com/boxscores/201811230CHI.html,"8:00 PM, November 23, 2018",Chicago Bulls,Miami Heat,96,103,CHI,,,Team Totals,240,35,94,.372,7,28,.250,19,20,.950,11,40,51,23,8,6,17,23,96,,,Team Totals,240,.467,.410,.298,.213,22.4,80.0,51.5,65.7,7.7,11.3,14.2,100.0,92.5,99.3,
https://www.basketball-reference.com/boxscores/201811230DEN.html,"9:00 PM, November 23, 2018",Denver Nuggets,Orlando Magic,112,87,ORL,,,Team Totals,240,32,79,.405,8,32,.250,15,19,.789,4,33,37,24,7,2,15,19,87,,,Team Totals,240,.498,.456,.405,.241,9.3,73.3,42.0,75.0,7.2,3.1,14.7,100.0,89.8,115.6,
https://www.basketball-reference.com/boxscores/201811230DEN.html,"9:00 PM, November 23, 2018",Denver Nuggets,Orlando Magic,112,87,DEN,,,Team Totals,240,44,93,.473,9,28,.321,15,17,.882,12,39,51,33,10,5,11,20,112,,,Team Totals,240,.557,.522,.301,.183,26.7,90.7,58.0,75.0,10.3,10.6,9.9,100.0,115.6,89.8,
https://www.basketball-reference.com/boxscores/201811230DET.html,"7:00 PM, November 23, 2018",Detroit Pistons,Houston Rockets,116,111,HOU,,,Team Totals,265,41,98,.418,10,36,.278,19,21,.905,17,27,44,22,6,7,14,26,111,,,Team Totals,265,.518,.469,.367,.214,32.7,65.9,47.3,53.7,6.0,11.5,11.5,100.0,110.5,115.5,
https://www.basketball-reference.com/boxscores/201811230DET.html,"7:00 PM, November 23, 2018",Detroit Pistons,Houston Rockets,116,111,DET,,,Team Totals,265,40,88,.455,7,27,.259,29,40,.725,14,35,49,18,11,5,14,18,116,,,Team Totals,265,.549,.494,.307,.455,34.1,67.3,52.7,45.0,10.9,8.1,11.7,100.0,115.5,110.5,
https://www.basketball-reference.com/boxscores/201811230GSW.html,"10:30 PM, November 23, 2018",Golden State Warriors,Portland Trail Blazers,125,97,POR,,,Team Totals,240,38,93,.409,9,24,.375,12,22,.545,12,27,39,22,9,2,13,16,97,,,Team Totals,240,.472,.457,.258,.237,24.5,81.8,47.6,57.9,9.0,3.8,11.2,100.0,97.2,125.3,
https://www.basketball-reference.com/boxscores/201811230GSW.html,"10:30 PM, November 23, 2018",Golden State Warriors,Portland Trail Blazers,125,97,GSW,,,Team Totals,240,48,85,.565,17,32,.531,12,16,.750,6,37,43,29,11,10,15,22,125,,,Team Totals,240,.679,.665,.376,.188,18.2,75.5,52.4,60.4,11.0,14.5,14.0,100.0,125.3,97.2,
https://www.basketball-reference.com/boxscores/201811230IND.html,"8:00 PM, November 23, 2018",Indiana Pacers,San Antonio Spurs,100,111,SAS,,,Team Totals,240,42,83,.506,10,21,.476,17,24,.708,9,37,46,28,3,4,15,19,111,,,Team Totals,240,.593,.566,.253,.289,20.9,77.1,50.5,66.7,3.0,5.3,13.8,100.0,111.0,100.0,
https://www.basketball-reference.com/boxscores/201811230IND.html,"8:00 PM, November 23, 2018",Indiana Pacers,San Antonio Spurs,100,111,IND,,,Team Totals,240,46,99,.465,3,24,.125,5,9,.556,11,34,45,31,9,2,12,22,100,,,Team Totals,240,.486,.480,.242,.091,22.9,79.1,49.5,67.4,9.0,3.2,10.4,100.0,100.0,111.0,
https://www.basketball-reference.com/boxscores/201811230LAC.html,"3:30 PM, November 23, 2018",Los Angeles Clippers,Memphis Grizzlies,112,107,MEM,,,Team Totals,265,42,92,.457,9,27,.333,14,18,.778,6,41,47,29,6,7,17,29,107,,,Team Totals,265,.535,.505,.293,.196,13.0,83.7,49.5,69.0,5.6,9.9,14.5,100.0,99.3,103.9,
https://www.basketball-reference.com/boxscores/201811230LAC.html,"3:30 PM, November 23, 2018",Los Angeles Clippers,Memphis Grizzlies,112,107,LAC,,,Team Totals,265,40,94,.426,8,23,.348,24,27,.889,8,40,48,26,6,5,11,23,112,,,Team Totals,265,.529,.468,.245,.287,16.3,87.0,50.5,65.0,5.6,7.7,9.4,100.0,103.9,99.3,
https://www.basketball-reference.com/boxscores/201811230LAL.html,"10:30 PM, November 23, 2018",Los Angeles Lakers,Utah Jazz,90,83,UTA,,,Team Totals,240,33,85,.388,4,23,.174,13,17,.765,7,34,41,22,12,3,19,21,83,,,Team Totals,240,.449,.412,.271,.200,14.3,87.2,46.6,66.7,11.6,5.4,17.0,100.0,80.1,86.9,
https://www.basketball-reference.com/boxscores/201811230LAL.html,"10:30 PM, November 23, 2018",Los Angeles Lakers,Utah Jazz,90,83,LAL,,,Team Totals,240,36,79,.456,7,23,.304,11,18,.611,5,42,47,10,11,5,24,20,90,,,Team Totals,240,.518,.500,.291,.228,12.8,85.7,53.4,27.8,10.6,8.1,21.6,100.0,86.9,80.1,
https://www.basketball-reference.com/boxscores/201811230MIL.html,"8:30 PM, November 23, 2018",Milwaukee Bucks,Phoenix Suns,114,116,PHO,,,Team Totals,240,45,90,.500,9,26,.346,17,22,.773,6,34,40,21,8,4,11,25,116,,,Team Totals,240,.582,.550,.289,.244,14.3,82.9,48.2,46.7,7.7,9.3,9.9,100.0,111.7,109.8,
https://www.basketball-reference.com/boxscores/201811230MIL.html,"8:30 PM, November 23, 2018",Milwaukee Bucks,Phoenix Suns,114,116,MIL,,,Team Totals,240,42,87,.483,10,44,.227,20,30,.667,7,36,43,30,6,7,14,17,114,,,Team Totals,240,.569,.540,.506,.345,17.1,85.7,51.8,71.4,5.8,10.9,12.3,100.0,109.8,111.7,
https://www.basketball-reference.com/boxscores/201811230NYK.html,"7:30 PM, November 23, 2018",New York Knicks,New Orleans Pelicans,114,109,NOP,,,Team Totals,240,40,101,.396,7,28,.250,22,29,.759,20,35,55,26,5,5,14,22,109,,,Team Totals,240,.479,.431,.277,.287,37.0,74.5,54.5,65.0,5.0,8.6,11.0,100.0,109.2,114.2,
https://www.basketball-reference.com/boxscores/201811230NYK.html,"7:30 PM, November 23, 2018",New York Knicks,New Orleans Pelicans,114,109,NYK,,,Team Totals,240,41,91,.451,12,33,.364,20,27,.741,12,34,46,22,9,10,9,26,114,,,Team Totals,240,.554,.516,.363,.297,25.5,63.0,45.5,53.7,9.0,13.7,8.0,100.0,114.2,109.2,
https://www.basketball-reference.com/boxscores/201811230OKC.html,"8:00 PM, November 23, 2018",Oklahoma City Thunder,Charlotte Hornets,109,104,CHO,,,Team Totals,240,43,94,.457,6,31,.194,12,14,.857,11,35,46,24,8,5,14,21,104,,,Team Totals,240,.519,.489,.330,.149,23.9,76.1,50.0,55.8,7.8,8.3,12.3,100.0,102.0,106.9,
https://www.basketball-reference.com/boxscores/201811230OKC.html,"8:00 PM, November 23, 2018",Oklahoma City Thunder,Charlotte Hornets,109,104,OKC,,,Team Totals,240,41,93,.441,11,33,.333,16,24,.667,11,35,46,24,6,2,14,18,109,,,Team Totals,240,.526,.500,.355,.258,23.9,76.1,50.0,58.5,5.9,3.2,11.9,100.0,106.9,102.0,
https://www.basketball-reference.com/boxscores/201811230PHI.html,"7:30 PM, November 23, 2018",Philadelphia 76ers,Cleveland Cavaliers,112,121,CLE,,,Team Totals,240,49,93,.527,11,22,.500,12,16,.750,14,28,42,16,7,1,9,25,121,,,Team Totals,240,.605,.586,.237,.172,34.1,87.5,57.5,32.7,7.6,2.4,8.3,100.0,132.2,122.4,
https://www.basketball-reference.com/boxscores/201811230PHI.html,"7:30 PM, November 23, 2018",Philadelphia 76ers,Cleveland Cavaliers,112,121,PHI,,,Team Totals,240,40,75,.533,12,33,.364,20,26,.769,4,27,31,27,5,2,10,20,112,,,Team Totals,240,.648,.613,.440,.347,12.5,65.9,42.5,67.5,5.5,2.8,10.4,100.0,122.4,132.2,
https://www.basketball-reference.com/boxscores/201811230TOR.html,"7:30 PM, November 23, 2018",Toronto Raptors,Washington Wizards,125,107,WAS,,,Team Totals,240,40,100,.400,9,46,.196,18,19,.947,14,30,44,28,8,7,13,16,107,,,Team Totals,240,.494,.445,.460,.190,27.5,69.8,46.8,70.0,7.9,13.0,10.7,100.0,105.2,122.9,
https://www.basketball-reference.com/boxscores/201811230TOR.html,"7:30 PM, November 23, 2018",Toronto Raptors,Washington Wizards,125,107,TOR,,,Team Totals,240,46,93,.495,17,39,.436,16,19,.842,13,37,50,32,5,6,15,23,125,,,Team Totals,240,.617,.586,.419,.204,30.2,72.5,53.2,69.6,4.9,11.1,12.9,100.0,122.9,105.2,
https://www.basketball-reference.com/boxscores/201811240CLE.html,"7:30 PM, November 24, 2018",Cleveland Cavaliers,Houston Rockets,117,108,HOU,,,Team Totals,240,37,74,.500,15,39,.385,19,28,.679,8,23,31,18,5,4,16,19,108,,,Team Totals,240,.626,.601,.527,.378,21.6,53.5,38.8,48.6,5.4,5.9,15.6,100.0,116.5,126.2,
https://www.basketball-reference.com/boxscores/201811240CLE.html,"7:30 PM, November 24, 2018",Cleveland Cavaliers,Houston Rockets,117,108,CLE,,,Team Totals,240,44,90,.489,7,22,.318,22,29,.759,20,29,49,15,11,2,14,24,117,,,Team Totals,240,.569,.528,.244,.322,46.5,78.4,61.3,34.1,11.9,5.7,12.0,100.0,126.2,116.5,
https://www.basketball-reference.com/boxscores/201811240DAL.html,"8:30 PM, November 24, 2018",Dallas Mavericks,Boston Celtics,113,104,BOS,,,Team Totals,240,41,86,.477,10,28,.357,12,13,.923,9,33,42,19,8,3,18,21,104,,,Team Totals,240,.567,.535,.326,.151,23.1,71.7,49.4,46.3,8.2,6.5,16.4,100.0,106.2,115.4,
https://www.basketball-reference.com/boxscores/201811240DAL.html,"8:30 PM, November 24, 2018",Dallas Mavericks,Boston Celtics,113,104,DAL,,,Team Totals,240,42,87,.483,16,41,.390,13,21,.619,13,30,43,27,12,3,16,16,113,,,Team Totals,240,.587,.575,.471,.241,28.3,76.9,50.6,64.3,12.3,5.2,14.3,100.0,115.4,106.2,
https://www.basketball-reference.com/boxscores/201811240GSW.html,"8:30 PM, November 24, 2018",Golden State Warriors,Sacramento Kings,117,116,SAC,,,Team Totals,240,42,97,.433,11,28,.393,21,29,.724,13,34,47,28,6,4,8,22,116,,,Team Totals,240,.528,.490,.289,.299,23.6,73.9,46.5,66.7,5.9,7.4,6.8,100.0,113.6,114.6,
https://www.basketball-reference.com/boxscores/201811240GSW.html,"8:30 PM, November 24, 2018",Golden State Warriors,Sacramento Kings,117,116,GSW,,,Team Totals,240,41,88,.466,10,34,.294,25,29,.862,12,42,54,28,5,6,15,24,117,,,Team Totals,240,.581,.523,.386,.330,26.1,76.4,53.5,68.3,4.9,8.7,13.0,100.0,114.6,113.6,
https://www.basketball-reference.com/boxscores/201811240MIL.html,"8:30 PM, November 24, 2018",Milwaukee Bucks,San Antonio Spurs,135,129,SAS,,,Team Totals,240,49,92,.533,10,21,.476,21,28,.750,9,30,39,27,8,3,10,21,129,,,Team Totals,240,.618,.587,.228,.304,20.5,83.3,48.8,55.1,7.7,6.5,8.7,100.0,124.2,129.9,
https://www.basketball-reference.com/boxscores/201811240MIL.html,"8:30 PM, November 24, 2018",Milwaukee Bucks,San Antonio Spurs,135,129,MIL,,,Team Totals,240,49,86,.570,15,40,.375,22,29,.759,6,35,41,30,7,3,13,22,135,,,Team Totals,240,.683,.657,.465,.337,16.7,79.5,51.3,61.2,6.7,4.2,11.6,100.0,129.9,124.2,
https://www.basketball-reference.com/boxscores/201811240MIN.html,"8:00 PM, November 24, 2018",Minnesota Timberwolves,Chicago Bulls,111,96,CHI,,,Team Totals,240,32,81,.395,10,33,.303,22,31,.710,6,34,40,22,7,4,15,19,96,,,Team Totals,240,.507,.457,.407,.383,13.6,61.8,40.4,68.8,6.9,5.8,13.7,100.0,94.8,109.6,
https://www.basketball-reference.com/boxscores/201811240MIN.html,"8:00 PM, November 24, 2018",Minnesota Timberwolves,Chicago Bulls,111,96,MIN,,,Team Totals,240,42,103,.408,7,34,.206,20,23,.870,21,38,59,22,7,5,14,23,111,,,Team Totals,240,.491,.442,.330,.223,38.2,86.4,59.6,52.4,6.9,10.4,11.0,100.0,109.6,94.8,
https://www.basketball-reference.com/boxscores/201811240OKC.html,"8:00 PM, November 24, 2018",Oklahoma City Thunder,Denver Nuggets,98,105,DEN,,,Team Totals,240,39,95,.411,10,30,.333,17,24,.708,15,39,54,26,6,9,18,20,105,,,Team Totals,240,.497,.463,.316,.253,30.0,67.2,50.0,66.7,5.9,14.1,14.6,100.0,103.1,96.2,
https://www.basketball-reference.com/boxscores/201811240OKC.html,"8:00 PM, November 24, 2018",Oklahoma City Thunder,Denver Nuggets,98,105,OKC,,,Team Totals,240,37,103,.359,9,39,.231,15,23,.652,19,35,54,22,9,5,10,24,98,,,Team Totals,240,.433,.403,.379,.223,32.8,70.0,50.0,59.5,8.8,7.7,8.1,100.0,96.2,103.1,
https://www.basketball-reference.com/boxscores/201811240WAS.html,"8:00 PM, November 24, 2018",Washington Wizards,New Orleans Pelicans,124,114,NOP,,,Team Totals,240,43,90,.478,11,31,.355,17,21,.810,7,36,43,23,10,3,16,21,114,,,Team Totals,240,.574,.539,.344,.233,14.9,87.8,48.9,53.5,9.3,4.9,13.9,100.0,105.5,114.8,
https://www.basketball-reference.com/boxscores/201811240WAS.html,"8:00 PM, November 24, 2018",Washington Wizards,New Orleans Pelicans,124,114,WAS,,,Team Totals,240,51,90,.567,10,29,.345,12,23,.522,5,40,45,30,12,9,15,16,124,,,Team Totals,240,.619,.622,.322,.256,12.2,85.1,51.1,58.8,11.1,15.3,13.0,100.0,114.8,105.5,
https://www.basketball-reference.com/boxscores/201811250ATL.html,"6:00 PM, November 25, 2018",Atlanta Hawks,Charlotte Hornets,124,123,CHO,,,Team Totals,240,41,92,.446,18,45,.400,23,28,.821,10,32,42,30,8,4,12,15,123,,,Team Totals,240,.590,.543,.489,.304,23.8,78.0,50.6,73.2,7.8,7.3,10.3,100.0,119.8,120.8,
https://www.basketball-reference.com/boxscores/201811250ATL.html,"6:00 PM, November 25, 2018",Atlanta Hawks,Charlotte Hornets,124,123,ATL,,,Team Totals,240,50,94,.532,16,39,.410,8,11,.727,9,32,41,34,5,9,15,23,124,,,Team Totals,240,.627,.617,.415,.117,22.0,76.2,49.4,68.0,4.9,19.1,13.2,100.0,120.8,119.8,
https://www.basketball-reference.com/boxscores/201811250BRK.html,"6:00 PM, November 25, 2018",Brooklyn Nets,Philadelphia 76ers,125,127,PHI,,,Team Totals,240,44,91,.484,12,29,.414,27,33,.818,13,29,42,28,9,6,9,22,127,,,Team Totals,240,.602,.549,.319,.363,28.3,74.4,49.4,63.6,9.0,9.5,7.9,100.0,126.6,124.6,
https://www.basketball-reference.com/boxscores/201811250BRK.html,"6:00 PM, November 25, 2018",Brooklyn Nets,Philadelphia 76ers,125,127,BRK,,,Team Totals,240,50,88,.568,10,25,.400,15,20,.750,10,33,43,19,2,4,16,25,125,,,Team Totals,240,.646,.625,.284,.227,25.6,71.7,50.6,38.0,2.0,6.5,14.2,100.0,124.6,126.6,
https://www.basketball-reference.com/boxscores/201811250DET.html,"4:00 PM, November 25, 2018",Detroit Pistons,Phoenix Suns,118,107,PHO,,,Team Totals,240,42,82,.512,8,25,.320,15,21,.714,10,32,42,22,6,6,17,22,107,,,Team Totals,240,.586,.561,.305,.256,26.3,71.1,50.6,52.4,6.1,11.5,15.7,100.0,108.8,120.0,
https://www.basketball-reference.com/boxscores/201811250DET.html,"4:00 PM, November 25, 2018",Detroit Pistons,Phoenix Suns,118,107,DET,,,Team Totals,240,43,93,.462,16,41,.390,16,25,.640,13,28,41,30,9,0,13,19,118,,,Team Totals,240,.567,.548,.441,.269,28.9,73.7,49.4,69.8,9.2,0.0,11.1,100.0,120.0,108.8,
https://www.basketball-reference.com/boxscores/201811250LAL.html,"3:30 PM, November 25, 2018",Los Angeles Lakers,Orlando Magic,104,108,ORL,,,Team Totals,240,42,93,.452,11,31,.355,13,14,.929,9,36,45,31,8,5,14,22,108,,,Team Totals,240,.545,.511,.333,.151,19.6,87.8,51.7,73.8,7.8,9.4,12.4,100.0,104.9,101.0,
https://www.basketball-reference.com/boxscores/201811250LAL.html,"3:30 PM, November 25, 2018",Los Angeles Lakers,Orlando Magic,104,108,LAL,,,Team Totals,240,37,79,.468,10,26,.385,20,31,.645,5,37,42,22,9,10,18,17,104,,,Team Totals,240,.561,.532,.329,.392,12.2,80.4,48.3,59.5,8.7,16.1,16.3,100.0,101.0,104.9,
https://www.basketball-reference.com/boxscores/201811250MEM.html,"6:00 PM, November 25, 2018",Memphis Grizzlies,New York Knicks,98,103,NYK,,,Team Totals,240,34,91,.374,8,22,.364,27,32,.844,14,42,56,17,4,5,10,21,103,,,Team Totals,240,.490,.418,.242,.352,28.6,87.5,57.7,50.0,4.2,8.9,8.7,100.0,107.5,102.3,
https://www.basketball-reference.com/boxscores/201811250MEM.html,"6:00 PM, November 25, 2018",Memphis Grizzlies,New York Knicks,98,103,MEM,,,Team Totals,240,38,86,.442,11,30,.367,11,19,.579,6,35,41,27,5,19,8,23,98,,,Team Totals,240,.519,.506,.349,.221,12.5,71.4,42.3,71.1,5.2,27.5,7.8,100.0,102.3,107.5,
https://www.basketball-reference.com/boxscores/201811250POR.html,"9:00 PM, November 25, 2018",Portland Trail Blazers,Los Angeles Clippers,100,104,LAC,,,Team Totals,240,38,90,.422,5,25,.200,23,34,.676,11,37,48,15,9,5,4,13,104,,,Team Totals,240,.495,.450,.278,.378,20.8,69.8,45.3,39.5,9.4,8.5,3.7,100.0,108.7,104.6,
https://www.basketball-reference.com/boxscores/201811250POR.html,"9:00 PM, November 25, 2018",Portland Trail Blazers,Los Angeles Clippers,100,104,POR,,,Team Totals,240,42,97,.433,8,38,.211,8,10,.800,16,42,58,18,2,5,12,24,100,,,Team Totals,240,.493,.474,.392,.103,30.2,79.2,54.7,42.9,2.1,7.7,10.6,100.0,104.6,108.7,
https://www.basketball-reference.com/boxscores/201811250SAC.html,"8:00 PM, November 25, 2018",Sacramento Kings,Utah Jazz,112,133,UTA,,,Team Totals,240,49,92,.533,10,30,.333,25,33,.758,13,36,49,30,11,5,19,26,133,,,Team Totals,240,.624,.587,.326,.359,31.0,83.7,57.6,61.2,10.2,8.1,15.1,100.0,122.9,103.5,
https://www.basketball-reference.com/boxscores/201811250SAC.html,"8:00 PM, November 25, 2018",Sacramento Kings,Utah Jazz,112,133,SAC,,,Team Totals,240,40,85,.471,9,23,.391,23,31,.742,7,29,36,20,10,7,17,25,112,,,Team Totals,240,.568,.524,.271,.365,16.3,69.0,42.4,50.0,9.2,11.3,14.7,100.0,103.5,122.9,
https://www.basketball-reference.com/boxscores/201811250TOR.html,"6:00 PM, November 25, 2018",Toronto Raptors,Miami Heat,125,115,MIA,,,Team Totals,240,39,95,.411,15,36,.417,22,32,.688,17,29,46,21,6,5,7,22,115,,,Team Totals,240,.527,.489,.379,.337,32.1,72.5,49.5,53.8,6.2,9.1,6.0,100.0,118.6,128.9,
https://www.basketball-reference.com/boxscores/201811250TOR.html,"6:00 PM, November 25, 2018",Toronto Raptors,Miami Heat,125,115,TOR,,,Team Totals,240,47,90,.522,11,35,.314,20,25,.800,11,36,47,25,4,7,11,21,125,,,Team Totals,240,.619,.583,.389,.278,27.5,67.9,50.5,53.2,4.1,11.9,9.8,100.0,128.9,118.6,
https://www.basketball-reference.com/boxscores/201811260CHI.html,"8:00 PM, November 26, 2018",Chicago Bulls,San Antonio Spurs,107,108,SAS,,,Team Totals,240,45,93,.484,10,30,.333,8,9,.889,7,39,46,29,7,2,10,16,108,,,Team Totals,240,.557,.538,.323,.097,15.6,88.6,51.7,64.4,7.0,3.5,9.3,100.0,108.4,107.4,
https://www.basketball-reference.com/boxscores/201811260CHI.html,"8:00 PM, November 26, 2018",Chicago Bulls,San Antonio Spurs,107,108,CHI,,,Team Totals,240,42,90,.467,14,33,.424,9,11,.818,5,38,43,23,6,5,12,12,107,,,Team Totals,240,.564,.544,.367,.122,11.4,84.4,48.3,54.8,6.0,7.9,11.2,100.0,107.4,108.4,
https://www.basketball-reference.com/boxscores/201811260CHO.html,"7:00 PM, November 26, 2018",Charlotte Hornets,Milwaukee Bucks,110,107,MIL,,,Team Totals,240,37,90,.411,16,46,.348,17,21,.810,10,38,48,25,7,5,16,22,107,,,Team Totals,240,.539,.500,.511,.233,20.4,88.4,52.2,67.6,6.9,9.6,13.9,100.0,106.2,109.2,
https://www.basketball-reference.com/boxscores/201811260CHO.html,"7:00 PM, November 26, 2018",Charlotte Hornets,Milwaukee Bucks,110,107,CHO,,,Team Totals,240,38,81,.469,13,29,.448,21,30,.700,5,39,44,21,9,5,11,22,110,,,Team Totals,240,.584,.549,.358,.370,11.6,79.6,47.8,55.3,8.9,11.4,10.5,100.0,109.2,106.2,
https://www.basketball-reference.com/boxscores/201811260CLE.html,"7:00 PM, November 26, 2018",Cleveland Cavaliers,Minnesota Timberwolves,95,102,MIN,,,Team Totals,240,40,86,.465,8,26,.308,14,19,.737,8,31,39,18,8,8,9,18,102,,,Team Totals,240,.540,.512,.302,.221,20.5,77.5,49.4,45.0,8.5,14.5,8.7,100.0,107.9,100.5,
https://www.basketball-reference.com/boxscores/201811260CLE.html,"7:00 PM, November 26, 2018",Cleveland Cavaliers,Minnesota Timberwolves,95,102,CLE,,,Team Totals,240,36,86,.419,10,31,.323,13,14,.929,9,31,40,24,4,3,17,18,95,,,Team Totals,240,.515,.477,.360,.163,22.5,79.5,50.6,66.7,4.2,5.0,15.6,100.0,100.5,107.9,
https://www.basketball-reference.com/boxscores/201811260GSW.html,"10:30 PM, November 26, 2018",Golden State Warriors,Orlando Magic,116,110,ORL,,,Team Totals,240,40,90,.444,14,30,.467,16,21,.762,6,28,34,28,11,2,11,21,110,,,Team Totals,240,.554,.522,.333,.233,14.3,73.7,42.5,70.0,11.1,4.1,10.0,100.0,111.2,117.3,
https://www.basketball-reference.com/boxscores/201811260GSW.html,"10:30 PM, November 26, 2018",Golden State Warriors,Orlando Magic,116,110,GSW,,,Team Totals,240,41,84,.488,13,35,.371,21,23,.913,10,36,46,21,8,7,15,19,116,,,Team Totals,240,.616,.565,.417,.274,26.3,85.7,57.5,51.2,8.1,11.7,13.7,100.0,117.3,111.2,
https://www.basketball-reference.com/boxscores/201811260NOP.html,"8:00 PM, November 26, 2018",New Orleans Pelicans,Boston Celtics,107,124,BOS,,,Team Totals,240,48,97,.495,19,39,.487,9,10,.900,14,28,42,27,14,4,15,25,124,,,Team Totals,240,.611,.593,.402,.103,31.1,75.7,51.2,56.3,14.1,8.9,12.9,100.0,124.6,107.5,
https://www.basketball-reference.com/boxscores/201811260NOP.html,"8:00 PM, November 26, 2018",New Orleans Pelicans,Boston Celtics,107,124,NOP,,,Team Totals,240,34,77,.442,12,32,.375,27,29,.931,9,31,40,21,8,5,22,20,107,,,Team Totals,240,.596,.519,.416,.377,24.3,68.9,48.8,61.8,8.0,8.6,19.7,100.0,107.5,124.6,
https://www.basketball-reference.com/boxscores/201811260UTA.html,"9:00 PM, November 26, 2018",Utah Jazz,Indiana Pacers,88,121,IND,,,Team Totals,240,49,84,.583,9,18,.500,14,17,.824,4,35,39,33,13,4,16,17,121,,,Team Totals,240,.661,.637,.214,.202,12.5,77.8,50.6,67.3,13.1,8.0,14.9,100.0,122.4,89.0,
https://www.basketball-reference.com/boxscores/201811260UTA.html,"9:00 PM, November 26, 2018",Utah Jazz,Indiana Pacers,88,121,UTA,,,Team Totals,240,34,81,.420,8,31,.258,12,17,.706,10,28,38,25,10,4,19,17,88,,,Team Totals,240,.497,.469,.383,.210,22.2,87.5,49.4,73.5,10.1,6.1,17.7,100.0,89.0,122.4,
https://www.basketball-reference.com/boxscores/201811260WAS.html,"7:00 PM, November 26, 2018",Washington Wizards,Houston Rockets,135,131,HOU,,,Team Totals,265,46,97,.474,18,48,.375,21,27,.778,18,30,48,22,8,5,21,31,131,,,Team Totals,265,.602,.567,.495,.278,38.3,76.9,55.8,47.8,7.5,8.3,16.2,100.0,123.0,126.7,
https://www.basketball-reference.com/boxscores/201811260WAS.html,"7:00 PM, November 26, 2018",Washington Wizards,Houston Rockets,135,131,WAS,,,Team Totals,265,50,89,.562,11,29,.379,24,32,.750,9,29,38,29,7,7,13,29,135,,,Team Totals,265,.655,.624,.326,.360,23.1,61.7,44.2,58.0,6.6,14.3,11.2,100.0,126.7,123.0,
https://www.basketball-reference.com/boxscores/201811270DEN.html,"9:00 PM, November 27, 2018",Denver Nuggets,Los Angeles Lakers,117,85,LAL,,,Team Totals,240,34,87,.391,5,35,.143,12,18,.667,8,31,39,19,5,8,12,19,85,,,Team Totals,240,.448,.420,.402,.207,15.4,66.0,39.4,55.9,5.1,11.1,11.2,100.0,87.5,120.5,
https://www.basketball-reference.com/boxscores/201811270DEN.html,"9:00 PM, November 27, 2018",Denver Nuggets,Los Angeles Lakers,117,85,DEN,,,Team Totals,240,47,97,.485,9,25,.360,14,15,.933,16,44,60,28,7,4,12,17,117,,,Team Totals,240,.565,.531,.258,.155,34.0,84.6,60.6,59.6,7.2,7.7,10.4,100.0,120.5,87.5,
https://www.basketball-reference.com/boxscores/201811270DET.html,"7:00 PM, November 27, 2018",Detroit Pistons,New York Knicks,115,108,NYK,,,Team Totals,240,36,91,.396,9,27,.333,27,32,.844,13,37,50,16,5,5,13,31,108,,,Team Totals,240,.514,.445,.297,.352,24.1,84.1,51.0,44.4,4.8,8.9,11.0,100.0,104.6,111.4,
https://www.basketball-reference.com/boxscores/201811270DET.html,"7:00 PM, November 27, 2018",Detroit Pistons,New York Knicks,115,108,DET,,,Team Totals,240,38,80,.475,7,24,.292,32,45,.711,7,41,48,20,5,7,13,26,115,,,Team Totals,240,.576,.519,.300,.563,15.9,75.9,49.0,52.6,4.8,10.9,11.5,100.0,111.4,104.6,
https://www.basketball-reference.com/boxscores/201811270MEM.html,"8:00 PM, November 27, 2018",Memphis Grizzlies,Toronto Raptors,114,122,TOR,,,Team Totals,240,42,69,.609,18,33,.545,20,28,.714,4,27,31,25,5,5,15,18,122,,,Team Totals,240,.750,.739,.478,.406,14.3,71.1,47.0,59.5,5.4,8.9,15.6,100.0,130.9,122.3,
https://www.basketball-reference.com/boxscores/201811270MEM.html,"8:00 PM, November 27, 2018",Memphis Grizzlies,Toronto Raptors,114,122,MEM,,,Team Totals,240,43,85,.506,10,29,.345,18,21,.857,11,24,35,27,9,5,15,23,114,,,Team Totals,240,.605,.565,.341,.247,28.9,85.7,53.0,62.8,9.7,13.9,13.7,100.0,122.3,130.9,
https://www.basketball-reference.com/boxscores/201811270MIA.html,"7:30 PM, November 27, 2018",Miami Heat,Atlanta Hawks,113,115,ATL,,,Team Totals,240,38,80,.475,12,31,.387,27,32,.844,10,36,46,22,13,7,24,24,115,,,Team Totals,240,.611,.550,.388,.400,23.8,76.6,51.7,57.9,12.2,14.3,20.3,100.0,107.8,105.9,
https://www.basketball-reference.com/boxscores/201811270MIA.html,"7:30 PM, November 27, 2018",Miami Heat,Atlanta Hawks,113,115,MIA,,,Team Totals,240,40,87,.460,13,38,.342,20,30,.667,11,32,43,22,20,3,20,25,113,,,Team Totals,240,.564,.534,.437,.345,23.4,76.2,48.3,55.0,18.8,6.1,16.6,100.0,105.9,107.8,
https://www.basketball-reference.com/boxscores/201811270PHO.html,"9:00 PM, November 27, 2018",Phoenix Suns,Indiana Pacers,104,109,IND,,,Team Totals,240,38,90,.422,11,26,.423,22,29,.759,17,38,55,25,8,6,12,13,109,,,Team Totals,240,.530,.483,.289,.322,34.0,76.0,55.0,65.8,8.4,9.7,10.5,100.0,114.9,109.6,
https://www.basketball-reference.com/boxscores/201811270PHO.html,"9:00 PM, November 27, 2018",Phoenix Suns,Indiana Pacers,104,109,PHO,,,Team Totals,240,41,92,.446,10,30,.333,12,18,.667,12,33,45,20,8,6,9,17,104,,,Team Totals,240,.520,.500,.326,.196,24.0,66.0,45.0,48.8,8.4,9.4,8.3,100.0,109.6,114.9,
https://www.basketball-reference.com/boxscores/201811280BRK.html,"7:30 PM, November 28, 2018",Brooklyn Nets,Utah Jazz,91,101,UTA,,,Team Totals,240,39,82,.476,9,28,.321,14,21,.667,8,40,48,17,10,6,19,25,101,,,Team Totals,240,.553,.530,.341,.256,19.0,74.1,50.0,43.6,9.9,10.7,17.2,100.0,99.9,90.0,
https://www.basketball-reference.com/boxscores/201811280BRK.html,"7:30 PM, November 28, 2018",Brooklyn Nets,Utah Jazz,91,101,BRK,,,Team Totals,240,30,86,.349,11,30,.367,20,28,.714,14,34,48,11,12,5,20,20,91,,,Team Totals,240,.463,.413,.349,.326,25.9,81.0,50.0,36.7,11.9,9.3,16.9,100.0,90.0,99.9,
https://www.basketball-reference.com/boxscores/201811280CHO.html,"7:00 PM, November 28, 2018",Charlotte Hornets,Atlanta Hawks,108,94,ATL,,,Team Totals,240,32,93,.344,11,44,.250,19,22,.864,16,38,54,20,11,8,19,25,94,,,Team Totals,240,.458,.403,.473,.237,29.1,88.4,55.1,62.5,10.6,12.7,15.6,100.0,90.4,103.8,
https://www.basketball-reference.com/boxscores/201811280CHO.html,"7:00 PM, November 28, 2018",Charlotte Hornets,Atlanta Hawks,108,94,CHO,,,Team Totals,240,38,83,.458,4,20,.200,28,37,.757,5,39,44,20,15,5,14,21,108,,,Team Totals,240,.544,.482,.241,.446,11.6,70.9,44.9,52.6,14.4,10.2,12.4,100.0,103.8,90.4,
https://www.basketball-reference.com/boxscores/201811280HOU.html,"8:00 PM, November 28, 2018",Houston Rockets,Dallas Mavericks,108,128,DAL,,,Team Totals,240,46,85,.541,17,34,.500,19,24,.792,10,27,37,27,10,7,15,17,128,,,Team Totals,240,.670,.641,.400,.282,30.3,64.3,49.3,58.7,10.4,16.7,13.6,100.0,132.5,111.8,
https://www.basketball-reference.com/boxscores/201811280HOU.html,"8:00 PM, November 28, 2018",Houston Rockets,Dallas Mavericks,108,128,HOU,,,Team Totals,240,40,87,.460,13,45,.289,15,23,.652,15,23,38,28,10,5,18,26,108,,,Team Totals,240,.556,.534,.517,.264,35.7,69.7,50.7,70.0,10.4,9.8,15.6,100.0,111.8,132.5,
https://www.basketball-reference.com/boxscores/201811280LAC.html,"10:30 PM, November 28, 2018",Los Angeles Clippers,Phoenix Suns,115,99,PHO,,,Team Totals,240,39,89,.438,8,26,.308,13,18,.722,7,27,34,20,17,6,17,24,99,,,Team Totals,240,.511,.483,.292,.202,15.6,60.0,37.8,51.3,16.6,9.2,14.9,100.0,96.6,112.2,
https://www.basketball-reference.com/boxscores/201811280LAC.html,"10:30 PM, November 28, 2018",Los Angeles Clippers,Phoenix Suns,115,99,LAC,,,Team Totals,240,40,86,.465,11,21,.524,24,32,.750,18,38,56,21,6,7,21,17,115,,,Team Totals,240,.575,.529,.244,.372,40.0,84.4,62.2,52.5,5.9,11.1,17.3,100.0,112.2,96.6,
https://www.basketball-reference.com/boxscores/201811280MIL.html,"8:00 PM, November 28, 2018",Milwaukee Bucks,Chicago Bulls,116,113,CHI,,,Team Totals,240,40,89,.449,11,37,.297,22,29,.759,9,36,45,28,9,3,11,23,113,,,Team Totals,240,.555,.511,.416,.326,18.4,81.8,48.4,70.0,8.9,5.8,9.8,100.0,111.9,114.8,
https://www.basketball-reference.com/boxscores/201811280MIL.html,"8:00 PM, November 28, 2018",Milwaukee Bucks,Chicago Bulls,116,113,MIL,,,Team Totals,240,43,87,.494,12,35,.343,18,24,.750,8,40,48,29,6,8,12,23,116,,,Team Totals,240,.595,.563,.402,.276,18.2,81.6,51.6,67.4,5.9,15.4,11.0,100.0,114.8,111.9,
https://www.basketball-reference.com/boxscores/201811280MIN.html,"8:00 PM, November 28, 2018",Minnesota Timberwolves,San Antonio Spurs,128,89,SAS,,,Team Totals,240,34,87,.391,8,27,.296,13,13,1.000,12,34,46,23,1,8,19,17,89,,,Team Totals,240,.480,.437,.310,.149,25.5,72.3,48.9,67.6,1.0,13.8,17.0,100.0,90.7,130.5,
https://www.basketball-reference.com/boxscores/201811280MIN.html,"8:00 PM, November 28, 2018",Minnesota Timberwolves,San Antonio Spurs,128,89,MIN,,,Team Totals,240,50,99,.505,18,41,.439,10,15,.667,13,35,48,33,12,6,9,18,128,,,Team Totals,240,.606,.596,.414,.152,27.7,74.5,51.1,66.0,12.2,10.0,7.9,100.0,130.5,90.7,
https://www.basketball-reference.com/boxscores/201811280NOP.html,"8:00 PM, November 28, 2018",New Orleans Pelicans,Washington Wizards,125,104,WAS,,,Team Totals,240,41,95,.432,13,39,.333,9,16,.563,12,26,38,26,12,2,16,22,104,,,Team Totals,240,.510,.500,.411,.168,20.3,60.5,37.3,63.4,11.4,3.4,13.6,100.0,98.5,118.4,
https://www.basketball-reference.com/boxscores/201811280NOP.html,"8:00 PM, November 28, 2018",New Orleans Pelicans,Washington Wizards,125,104,NOP,,,Team Totals,240,46,95,.484,11,36,.306,22,28,.786,17,47,64,24,10,5,20,20,125,,,Team Totals,240,.582,.542,.379,.295,39.5,79.7,62.7,52.2,9.5,8.9,15.7,100.0,118.4,98.5,
https://www.basketball-reference.com/boxscores/201811280OKC.html,"8:00 PM, November 28, 2018",Oklahoma City Thunder,Cleveland Cavaliers,100,83,CLE,,,Team Totals,240,35,89,.393,9,23,.391,4,9,.444,7,36,43,20,4,1,14,19,83,,,Team Totals,240,.446,.444,.258,.101,14.3,81.8,46.2,57.1,4.1,1.7,13.1,100.0,85.3,102.8,
https://www.basketball-reference.com/boxscores/201811280OKC.html,"8:00 PM, November 28, 2018",Oklahoma City Thunder,Cleveland Cavaliers,100,83,OKC,,,Team Totals,240,41,86,.477,6,27,.222,12,15,.800,8,42,50,25,5,11,13,18,100,,,Team Totals,240,.540,.512,.314,.174,18.2,85.7,53.8,61.0,5.1,16.7,12.3,100.0,102.8,85.3,
https://www.basketball-reference.com/boxscores/201811280PHI.html,"7:00 PM, November 28, 2018",Philadelphia 76ers,New York Knicks,117,91,NYK,,,Team Totals,240,32,92,.348,6,29,.207,21,22,.955,11,30,41,14,11,5,15,21,91,,,Team Totals,240,.447,.380,.315,.239,20.8,78.9,45.1,43.8,10.8,8.1,12.9,100.0,89.7,115.3,
https://www.basketball-reference.com/boxscores/201811280PHI.html,"7:00 PM, November 28, 2018",Philadelphia 76ers,New York Knicks,117,91,PHI,,,Team Totals,240,47,87,.540,12,25,.480,11,16,.688,8,42,50,34,7,5,16,19,117,,,Team Totals,240,.622,.609,.287,.184,21.1,79.2,54.9,72.3,6.9,7.9,14.5,100.0,115.3,89.7,
https://www.basketball-reference.com/boxscores/201811280POR.html,"10:00 PM, November 28, 2018",Portland Trail Blazers,Orlando Magic,115,112,ORL,,,Team Totals,240,42,81,.519,14,30,.467,14,15,.933,3,34,37,28,3,8,15,20,112,,,Team Totals,240,.639,.605,.370,.185,8.1,72.3,44.0,66.7,3.1,17.4,14.6,100.0,115.3,118.4,
https://www.basketball-reference.com/boxscores/201811280POR.html,"10:00 PM, November 28, 2018",Portland Trail Blazers,Orlando Magic,115,112,POR,,,Team Totals,240,37,85,.435,19,39,.487,22,32,.688,13,34,47,24,8,1,12,17,115,,,Team Totals,240,.580,.547,.459,.376,27.7,91.9,56.0,64.9,8.2,2.0,10.8,100.0,118.4,115.3,
https://www.basketball-reference.com/boxscores/201811290LAL.html,"10:30 PM, November 29, 2018",Los Angeles Lakers,Indiana Pacers,104,96,IND,,,Team Totals,240,32,86,.372,10,23,.435,22,27,.815,10,34,44,23,14,4,17,22,96,,,Team Totals,240,.490,.430,.267,.314,20.4,75.6,46.8,71.9,13.7,6.5,14.8,100.0,94.3,102.1,
https://www.basketball-reference.com/boxscores/201811290LAL.html,"10:30 PM, November 29, 2018",Los Angeles Lakers,Indiana Pacers,104,96,LAL,,,Team Totals,240,42,86,.488,7,24,.292,13,23,.565,11,39,50,25,8,11,18,23,104,,,Team Totals,240,.541,.529,.279,.267,24.4,79.6,53.2,59.5,7.9,17.5,15.8,100.0,102.1,94.3,
https://www.basketball-reference.com/boxscores/201811290SAC.html,"10:30 PM, November 29, 2018",Sacramento Kings,Los Angeles Clippers,121,133,LAC,,,Team Totals,240,50,90,.556,12,28,.429,21,28,.750,8,30,38,25,7,5,10,21,133,,,Team Totals,240,.650,.622,.311,.311,20.0,65.2,44.2,50.0,7.0,6.9,8.9,100.0,132.1,120.1,
https://www.basketball-reference.com/boxscores/201811290SAC.html,"10:30 PM, November 29, 2018",Sacramento Kings,Los Angeles Clippers,121,133,SAC,,,Team Totals,240,46,96,.479,7,24,.292,22,26,.846,16,32,48,26,4,2,11,25,121,,,Team Totals,240,.563,.516,.250,.271,34.8,80.0,55.8,56.5,4.0,3.2,9.3,100.0,120.1,132.1,
https://www.basketball-reference.com/boxscores/201811290TOR.html,"8:00 PM, November 29, 2018",Toronto Raptors,Golden State Warriors,131,128,GSW,,,Team Totals,265,50,103,.485,11,30,.367,17,20,.850,17,29,46,27,6,5,15,22,128,,,Team Totals,265,.572,.539,.291,.194,36.2,80.6,55.4,54.0,5.7,9.6,11.8,100.0,121.2,124.1,
https://www.basketball-reference.com/boxscores/201811290TOR.html,"8:00 PM, November 29, 2018",Toronto Raptors,Golden State Warriors,131,128,TOR,,,Team Totals,265,47,90,.522,15,38,.395,22,24,.917,7,30,37,25,5,6,15,23,131,,,Team Totals,265,.651,.606,.422,.267,19.4,63.8,44.6,53.2,4.7,8.2,13.0,100.0,124.1,121.2,
https://www.basketball-reference.com/boxscores/201811300BOS.html,"7:00 PM, November 30, 2018",Boston Celtics,Cleveland Cavaliers,128,95,CLE,,,Team Totals,240,30,77,.390,7,22,.318,28,35,.800,9,27,36,18,5,1,13,21,95,,,Team Totals,240,.514,.435,.286,.455,20.5,69.2,43.4,60.0,5.3,1.6,12.3,100.0,101.1,136.2,
https://www.basketball-reference.com/boxscores/201811300BOS.html,"7:00 PM, November 30, 2018",Boston Celtics,Cleveland Cavaliers,128,95,BOS,,,Team Totals,240,49,92,.533,17,31,.548,13,16,.813,12,35,47,30,4,4,10,27,128,,,Team Totals,240,.646,.625,.337,.174,30.8,79.5,56.6,61.2,4.3,7.3,9.2,100.0,136.2,101.1,
https://www.basketball-reference.com/boxscores/201811300BRK.html,"7:30 PM, November 30, 2018",Brooklyn Nets,Memphis Grizzlies,125,131,MEM,,,Team Totals,290,50,101,.495,12,30,.400,19,22,.864,11,34,45,27,8,6,17,23,131,,,Team Totals,290,.592,.554,.297,.218,21.6,75.6,46.9,54.0,7.1,12.0,13.3,100.0,115.7,110.4,
https://www.basketball-reference.com/boxscores/201811300BRK.html,"7:30 PM, November 30, 2018",Brooklyn Nets,Memphis Grizzlies,125,131,BRK,,,Team Totals,290,42,94,.447,16,44,.364,25,30,.833,11,40,51,26,7,4,19,28,125,,,Team Totals,290,.583,.532,.468,.319,24.4,78.4,53.1,61.9,6.2,5.6,15.1,100.0,110.4,115.7,
https://www.basketball-reference.com/boxscores/201811300CHO.html,"7:00 PM, November 30, 2018",Charlotte Hornets,Utah Jazz,111,119,UTA,,,Team Totals,240,44,81,.543,18,40,.450,13,18,.722,6,35,41,32,5,5,14,13,119,,,Team Totals,240,.669,.654,.494,.222,16.2,83.3,51.9,72.7,5.1,7.5,13.6,100.0,121.8,113.6,
https://www.basketball-reference.com/boxscores/201811300CHO.html,"7:00 PM, November 30, 2018",Charlotte Hornets,Utah Jazz,111,119,CHO,,,Team Totals,240,47,95,.495,9,28,.321,8,13,.615,7,31,38,19,8,3,8,17,111,,,Team Totals,240,.551,.542,.295,.137,16.7,83.8,48.1,40.4,8.2,7.3,7.4,100.0,113.6,121.8,
https://www.basketball-reference.com/boxscores/201811300DET.html,"7:00 PM, November 30, 2018",Detroit Pistons,Chicago Bulls,107,88,CHI,,,Team Totals,240,37,86,.430,3,21,.143,11,14,.786,7,33,40,25,5,7,15,20,88,,,Team Totals,240,.477,.448,.244,.163,15.2,71.7,43.5,67.6,5.1,12.1,14.0,100.0,90.4,110.0,
https://www.basketball-reference.com/boxscores/201811300DET.html,"7:00 PM, November 30, 2018",Detroit Pistons,Chicago Bulls,107,88,DET,,,Team Totals,240,41,92,.446,13,34,.382,12,16,.750,13,39,52,24,5,5,13,17,107,,,Team Totals,240,.540,.516,.370,.174,28.3,84.8,56.5,58.5,5.1,7.7,11.6,100.0,110.0,90.4,
https://www.basketball-reference.com/boxscores/201811300LAL.html,"10:30 PM, November 30, 2018",Los Angeles Lakers,Dallas Mavericks,114,103,DAL,,,Team Totals,240,34,86,.395,10,39,.256,25,34,.735,9,37,46,20,9,4,16,25,103,,,Team Totals,240,.510,.453,.453,.395,19.1,80.4,49.5,58.8,8.5,7.1,13.7,100.0,96.9,107.3,
https://www.basketball-reference.com/boxscores/201811300LAL.html,"10:30 PM, November 30, 2018",Los Angeles Lakers,Dallas Mavericks,114,103,LAL,,,Team Totals,240,42,86,.488,9,30,.300,21,32,.656,9,38,47,23,8,3,18,29,114,,,Team Totals,240,.570,.541,.349,.372,19.6,80.9,50.5,54.8,7.5,6.4,15.2,100.0,107.3,96.9,
https://www.basketball-reference.com/boxscores/201811300MIA.html,"8:00 PM, November 30, 2018",Miami Heat,New Orleans Pelicans,106,101,NOP,,,Team Totals,240,35,82,.427,6,28,.214,25,29,.862,11,35,46,25,4,8,16,22,101,,,Team Totals,240,.533,.463,.341,.354,25.0,72.9,50.0,71.4,4.1,13.3,14.4,100.0,102.4,107.5,
https://www.basketball-reference.com/boxscores/201811300MIA.html,"8:00 PM, November 30, 2018",Miami Heat,New Orleans Pelicans,106,101,MIA,,,Team Totals,240,40,93,.430,11,33,.333,15,24,.625,13,33,46,22,10,4,13,24,106,,,Team Totals,240,.512,.489,.355,.258,27.1,75.0,50.0,55.0,10.1,7.4,11.2,100.0,107.5,102.4,
https://www.basketball-reference.com/boxscores/201811300OKC.html,"8:00 PM, November 30, 2018",Oklahoma City Thunder,Atlanta Hawks,124,109,ATL,,,Team Totals,240,43,96,.448,11,36,.306,12,20,.600,14,28,42,26,15,3,21,12,109,,,Team Totals,240,.520,.505,.375,.208,26.4,80.0,47.7,60.5,13.8,6.4,16.7,100.0,100.4,114.3,
https://www.basketball-reference.com/boxscores/201811300OKC.html,"8:00 PM, November 30, 2018",Oklahoma City Thunder,Atlanta Hawks,124,109,OKC,,,Team Totals,240,46,88,.523,18,41,.439,14,15,.933,7,39,46,30,12,7,22,24,124,,,Team Totals,240,.655,.625,.466,.170,20.0,73.6,52.3,65.2,11.1,11.7,18.9,100.0,114.3,100.4,
https://www.basketball-reference.com/boxscores/201811300PHI.html,"7:00 PM, November 30, 2018",Philadelphia 76ers,Washington Wizards,123,98,WAS,,,Team Totals,240,37,92,.402,8,28,.286,16,19,.842,8,34,42,22,10,4,16,20,98,,,Team Totals,240,.488,.446,.304,.207,16.3,66.7,42.0,59.5,9.5,6.7,13.8,100.0,93.5,117.4,
https://www.basketball-reference.com/boxscores/201811300PHI.html,"7:00 PM, November 30, 2018",Philadelphia 76ers,Washington Wizards,123,98,PHI,,,Team Totals,240,43,98,.439,12,38,.316,25,33,.758,17,41,58,28,11,7,12,17,123,,,Team Totals,240,.547,.500,.388,.337,33.3,83.7,58.0,65.1,10.5,10.9,9.6,100.0,117.4,93.5,
https://www.basketball-reference.com/boxscores/201811300PHO.html,"9:00 PM, November 30, 2018",Phoenix Suns,Orlando Magic,85,99,ORL,,,Team Totals,240,39,82,.476,8,27,.296,13,18,.722,8,36,44,23,7,5,12,16,99,,,Team Totals,240,.550,.524,.329,.220,20.5,80.0,52.4,59.0,7.6,8.9,11.8,100.0,107.8,92.6,
https://www.basketball-reference.com/boxscores/201811300PHO.html,"9:00 PM, November 30, 2018",Phoenix Suns,Orlando Magic,85,99,PHO,,,Team Totals,240,34,84,.405,7,28,.250,10,14,.714,9,31,40,22,5,0,13,15,85,,,Team Totals,240,.471,.446,.333,.167,20.0,79.5,47.6,64.7,5.4,0.0,12.6,100.0,92.6,107.8,
https://www.basketball-reference.com/boxscores/201811300POR.html,"10:30 PM, November 30, 2018",Portland Trail Blazers,Denver Nuggets,112,113,DEN,,,Team Totals,240,40,87,.460,14,30,.467,19,26,.731,13,28,41,28,11,3,12,21,113,,,Team Totals,240,.574,.540,.345,.299,28.9,70.0,48.2,70.0,11.6,4.8,10.9,100.0,119.3,118.2,
https://www.basketball-reference.com/boxscores/201811300POR.html,"10:30 PM, November 30, 2018",Portland Trail Blazers,Denver Nuggets,112,113,POR,,,Team Totals,240,45,85,.529,6,22,.273,16,21,.762,12,32,44,19,7,6,14,23,112,,,Team Totals,240,.594,.565,.259,.247,30.0,71.1,51.8,42.2,7.4,10.5,12.9,100.0,118.2,119.3,
https://www.basketball-reference.com/boxscores/201811300SAS.html,"8:00 PM, November 30, 2018",San Antonio Spurs,Houston Rockets,105,136,HOU,,,Team Totals,240,49,98,.500,22,54,.407,16,20,.800,13,36,49,32,9,6,6,22,136,,,Team Totals,240,.637,.612,.551,.204,28.9,80.0,54.4,65.3,9.3,10.3,5.3,100.0,140.4,108.4,
https://www.basketball-reference.com/boxscores/201811300SAS.html,"8:00 PM, November 30, 2018",San Antonio Spurs,Houston Rockets,105,136,SAS,,,Team Totals,240,39,86,.453,10,28,.357,17,20,.850,9,32,41,24,4,4,13,18,105,,,Team Totals,240,.554,.512,.326,.233,20.0,71.1,45.6,61.5,4.1,9.1,12.1,100.0,108.4,140.4,
https://www.basketball-reference.com/boxscores/201812010CLE.html,"8:00 PM, December 1, 2018",Cleveland Cavaliers,Toronto Raptors,95,106,TOR,,,Team Totals,240,39,80,.488,7,26,.269,21,25,.840,6,36,42,15,5,5,12,19,106,,,Team Totals,240,.582,.531,.325,.313,15.4,76.6,48.8,38.5,5.2,7.6,11.7,100.0,110.6,99.1,
https://www.basketball-reference.com/boxscores/201812010CLE.html,"8:00 PM, December 1, 2018",Cleveland Cavaliers,Toronto Raptors,95,106,CLE,,,Team Totals,240,34,88,.386,5,22,.227,22,25,.880,11,33,44,14,6,0,12,23,95,,,Team Totals,240,.480,.415,.250,.284,23.4,84.6,51.2,41.2,6.3,0.0,10.8,100.0,99.1,110.6,
https://www.basketball-reference.com/boxscores/201812010DET.html,"7:00 PM, December 1, 2018",Detroit Pistons,Golden State Warriors,111,102,GSW,,,Team Totals,240,39,85,.459,6,26,.231,18,21,.857,8,36,44,23,6,5,15,22,102,,,Team Totals,240,.541,.494,.306,.247,19.5,72.0,48.4,59.0,6.0,7.9,13.7,100.0,101.8,110.8,
https://www.basketball-reference.com/boxscores/201812010DET.html,"7:00 PM, December 1, 2018",Detroit Pistons,Golden State Warriors,111,102,DET,,,Team Totals,240,43,98,.439,12,35,.343,13,20,.650,14,33,47,22,8,2,12,21,111,,,Team Totals,240,.520,.500,.357,.204,28.0,80.5,51.6,51.2,8.0,3.4,10.1,100.0,110.8,101.8,
https://www.basketball-reference.com/boxscores/201812010HOU.html,"8:00 PM, December 1, 2018",Houston Rockets,Chicago Bulls,121,105,CHI,,,Team Totals,240,39,88,.443,8,32,.250,19,24,.792,7,34,41,15,11,6,14,22,105,,,Team Totals,240,.533,.489,.364,.273,14.6,85.0,46.6,38.5,10.6,14.0,12.4,100.0,101.3,116.8,
https://www.basketball-reference.com/boxscores/201812010HOU.html,"8:00 PM, December 1, 2018",Houston Rockets,Chicago Bulls,121,105,HOU,,,Team Totals,240,42,84,.500,16,41,.390,21,30,.700,6,41,47,23,8,7,14,21,121,,,Team Totals,240,.622,.595,.488,.357,15.0,85.4,53.4,54.8,7.7,12.5,12.6,100.0,116.8,101.3,
https://www.basketball-reference.com/boxscores/201812010MIN.html,"8:00 PM, December 1, 2018",Minnesota Timberwolves,Boston Celtics,109,118,BOS,,,Team Totals,240,40,85,.471,17,44,.386,21,21,1.000,7,33,40,30,9,3,14,25,118,,,Team Totals,240,.626,.571,.518,.247,18.9,78.6,50.6,75.0,9.1,5.6,12.9,100.0,118.7,109.7,
https://www.basketball-reference.com/boxscores/201812010MIN.html,"8:00 PM, December 1, 2018",Minnesota Timberwolves,Boston Celtics,109,118,MIN,,,Team Totals,240,37,82,.451,9,28,.321,26,32,.813,9,30,39,19,6,2,16,18,109,,,Team Totals,240,.567,.506,.341,.390,21.4,81.1,49.4,51.4,6.0,4.9,14.3,100.0,109.7,118.7,
https://www.basketball-reference.com/boxscores/201812010NYK.html,"5:00 PM, December 1, 2018",New York Knicks,Milwaukee Bucks,136,134,MIL,,,Team Totals,265,46,94,.489,18,42,.429,24,31,.774,10,41,51,28,11,4,17,25,134,,,Team Totals,265,.622,.585,.447,.330,22.2,87.2,55.4,60.9,9.7,6.5,13.6,100.0,117.9,119.7,
https://www.basketball-reference.com/boxscores/201812010NYK.html,"5:00 PM, December 1, 2018",New York Knicks,Milwaukee Bucks,136,134,NYK,,,Team Totals,265,51,96,.531,20,34,.588,14,21,.667,6,35,41,30,5,2,17,23,136,,,Team Totals,265,.646,.635,.354,.219,12.8,77.8,44.6,58.8,4.4,3.8,13.9,100.0,119.7,117.9,
https://www.basketball-reference.com/boxscores/201812010SAC.html,"10:00 PM, December 1, 2018",Sacramento Kings,Indiana Pacers,111,110,IND,,,Team Totals,240,43,82,.524,10,24,.417,14,18,.778,6,36,42,32,11,5,25,26,110,,,Team Totals,240,.612,.585,.293,.220,15.8,72.0,47.7,74.4,10.3,8.1,21.8,100.0,103.2,104.1,
https://www.basketball-reference.com/boxscores/201812010SAC.html,"10:00 PM, December 1, 2018",Sacramento Kings,Indiana Pacers,111,110,SAC,,,Team Totals,240,41,91,.451,13,29,.448,16,24,.667,14,32,46,25,10,3,20,16,111,,,Team Totals,240,.546,.522,.319,.264,28.0,84.2,52.3,61.0,9.4,5.2,16.5,100.0,104.1,103.2,
https://www.basketball-reference.com/boxscores/201812010WAS.html,"7:00 PM, December 1, 2018",Washington Wizards,Brooklyn Nets,102,88,BRK,,,Team Totals,240,30,81,.370,8,33,.242,20,25,.800,11,31,42,19,8,2,19,17,88,,,Team Totals,240,.478,.420,.407,.309,23.4,93.9,52.5,63.3,8.2,3.8,17.1,100.0,90.7,105.2,
https://www.basketball-reference.com/boxscores/201812010WAS.html,"7:00 PM, December 1, 2018",Washington Wizards,Brooklyn Nets,102,88,WAS,,,Team Totals,240,41,79,.519,8,26,.308,12,18,.667,2,36,38,19,8,3,13,21,102,,,Team Totals,240,.587,.570,.329,.228,6.1,76.6,47.5,46.3,8.2,6.3,13.0,100.0,105.2,90.7,
https://www.basketball-reference.com/boxscores/201812020CHO.html,"5:00 PM, December 2, 2018",Charlotte Hornets,New Orleans Pelicans,109,119,NOP,,,Team Totals,240,44,86,.512,11,32,.344,20,24,.833,9,41,50,30,6,5,18,25,119,,,Team Totals,240,.616,.576,.372,.279,23.1,78.8,54.9,68.2,5.9,9.1,15.7,100.0,116.3,106.5,
https://www.basketball-reference.com/boxscores/201812020CHO.html,"5:00 PM, December 2, 2018",Charlotte Hornets,New Orleans Pelicans,109,119,CHO,,,Team Totals,240,39,91,.429,10,36,.278,21,28,.750,11,30,41,25,9,6,11,19,109,,,Team Totals,240,.527,.484,.396,.308,21.2,76.9,45.1,64.1,8.8,11.1,9.6,100.0,106.5,116.3,
https://www.basketball-reference.com/boxscores/201812020DAL.html,"7:00 PM, December 2, 2018",Dallas Mavericks,Los Angeles Clippers,114,110,LAC,,,Team Totals,240,42,95,.442,9,24,.375,17,22,.773,8,36,44,23,9,5,11,22,110,,,Team Totals,240,.525,.489,.253,.232,14.5,67.9,40.7,54.8,8.6,6.9,9.5,100.0,104.9,108.7,
https://www.basketball-reference.com/boxscores/201812020DAL.html,"7:00 PM, December 2, 2018",Dallas Mavericks,Los Angeles Clippers,114,110,DAL,,,Team Totals,240,42,95,.442,8,23,.348,22,26,.846,17,47,64,20,6,5,16,21,114,,,Team Totals,240,.536,.484,.242,.274,32.1,85.5,59.3,47.6,5.7,7.0,13.1,100.0,108.7,104.9,
https://www.basketball-reference.com/boxscores/201812020LAL.html,"3:30 PM, December 2, 2018",Los Angeles Lakers,Phoenix Suns,120,96,PHO,,,Team Totals,240,37,93,.398,13,33,.394,9,11,.818,7,33,40,24,12,8,16,22,96,,,Team Totals,240,.491,.468,.355,.118,13.5,75.0,41.7,64.9,11.3,12.3,14.1,100.0,90.0,112.6,
https://www.basketball-reference.com/boxscores/201812020LAL.html,"3:30 PM, December 2, 2018",Los Angeles Lakers,Phoenix Suns,120,96,LAL,,,Team Totals,240,46,92,.500,11,27,.407,17,23,.739,11,45,56,26,9,4,19,15,120,,,Team Totals,240,.588,.560,.293,.250,25.0,86.5,58.3,56.5,8.4,6.7,15.7,100.0,112.6,90.0,
https://www.basketball-reference.com/boxscores/201812020MIA.html,"6:00 PM, December 2, 2018",Miami Heat,Utah Jazz,102,100,UTA,,,Team Totals,240,39,89,.438,11,33,.333,11,15,.733,10,40,50,21,8,6,14,18,100,,,Team Totals,240,.523,.500,.371,.169,21.7,74.1,50.0,53.8,8.2,10.0,12.8,100.0,102.2,104.2,
https://www.basketball-reference.com/boxscores/201812020MIA.html,"6:00 PM, December 2, 2018",Miami Heat,Utah Jazz,102,100,MIA,,,Team Totals,240,36,91,.396,13,31,.419,17,24,.708,14,36,50,20,8,8,13,16,102,,,Team Totals,240,.502,.467,.341,.264,25.9,78.3,50.0,55.6,8.2,14.3,11.3,100.0,104.2,102.2,
https://www.basketball-reference.com/boxscores/201812020PHI.html,"6:00 PM, December 2, 2018",Philadelphia 76ers,Memphis Grizzlies,103,95,MEM,,,Team Totals,240,33,79,.418,11,28,.393,18,23,.783,3,32,35,19,7,7,15,24,95,,,Team Totals,240,.533,.487,.354,.291,6.8,91.4,44.3,57.6,7.1,13.5,14.4,100.0,95.8,103.9,
https://www.basketball-reference.com/boxscores/201812020PHI.html,"6:00 PM, December 2, 2018",Philadelphia 76ers,Memphis Grizzlies,103,95,PHI,,,Team Totals,240,36,74,.486,8,22,.364,23,30,.767,3,41,44,22,5,2,16,20,103,,,Team Totals,240,.591,.541,.297,.405,8.6,93.2,55.7,61.1,5.0,3.9,15.5,100.0,103.9,95.8,
https://www.basketball-reference.com/boxscores/201812020SAS.html,"7:00 PM, December 2, 2018",San Antonio Spurs,Portland Trail Blazers,131,118,POR,,,Team Totals,240,45,86,.523,12,29,.414,16,16,1.000,9,26,35,25,6,5,17,21,118,,,Team Totals,240,.634,.593,.337,.186,23.7,83.9,50.7,55.6,6.1,7.4,15.4,100.0,119.7,132.9,
https://www.basketball-reference.com/boxscores/201812020SAS.html,"7:00 PM, December 2, 2018",San Antonio Spurs,Portland Trail Blazers,131,118,SAS,,,Team Totals,240,50,83,.602,11,15,.733,20,22,.909,5,29,34,29,5,4,12,15,131,,,Team Totals,240,.707,.669,.181,.265,16.1,76.3,49.3,58.0,5.1,7.0,11.5,100.0,132.9,119.7,
https://www.basketball-reference.com/boxscores/201812030ATL.html,"7:30 PM, December 3, 2018",Atlanta Hawks,Golden State Warriors,111,128,GSW,,,Team Totals,240,48,82,.585,13,24,.542,19,22,.864,6,33,39,33,10,8,20,24,128,,,Team Totals,240,.698,.665,.293,.268,18.8,78.6,52.7,68.8,9.4,12.5,17.9,100.0,120.7,104.7,
https://www.basketball-reference.com/boxscores/201812030ATL.html,"7:30 PM, December 3, 2018",Atlanta Hawks,Golden State Warriors,111,128,ATL,,,Team Totals,240,44,90,.489,5,26,.192,18,24,.750,9,26,35,23,10,4,19,21,111,,,Team Totals,240,.552,.517,.289,.267,21.4,81.3,47.3,52.3,9.4,6.9,15.9,100.0,104.7,120.7,
https://www.basketball-reference.com/boxscores/201812030BRK.html,"7:30 PM, December 3, 2018",Brooklyn Nets,Cleveland Cavaliers,97,99,CLE,,,Team Totals,240,38,88,.432,4,15,.267,19,20,.950,14,41,55,15,5,4,10,17,99,,,Team Totals,240,.511,.455,.170,.227,29.8,70.7,52.4,39.5,5.4,6.8,9.4,100.0,107.2,105.1,
https://www.basketball-reference.com/boxscores/201812030BRK.html,"7:30 PM, December 3, 2018",Brooklyn Nets,Cleveland Cavaliers,97,99,BRK,,,Team Totals,240,39,99,.394,10,40,.250,9,16,.563,17,33,50,17,5,2,8,20,97,,,Team Totals,240,.457,.444,.404,.162,29.3,70.2,47.6,43.6,5.4,2.7,7.0,100.0,105.1,107.2,
https://www.basketball-reference.com/boxscores/201812030DET.html,"7:00 PM, December 3, 2018",Detroit Pistons,Oklahoma City Thunder,83,110,OKC,,,Team Totals,240,43,85,.506,7,25,.280,17,20,.850,6,46,52,23,10,8,17,24,110,,,Team Totals,240,.586,.547,.294,.235,15.8,83.6,55.9,53.5,9.5,12.9,15.3,100.0,104.5,78.9,
https://www.basketball-reference.com/boxscores/201812030DET.html,"7:00 PM, December 3, 2018",Detroit Pistons,Oklahoma City Thunder,83,110,DET,,,Team Totals,240,31,94,.330,6,32,.188,15,19,.789,9,32,41,16,10,3,17,18,83,,,Team Totals,240,.405,.362,.340,.202,16.4,84.2,44.1,51.6,9.5,5.0,14.2,100.0,78.9,104.5,
https://www.basketball-reference.com/boxscores/201812030MIN.html,"8:00 PM, December 3, 2018",Minnesota Timberwolves,Houston Rockets,103,91,HOU,,,Team Totals,240,32,74,.432,11,39,.282,16,19,.842,7,27,34,24,9,6,20,27,91,,,Team Totals,240,.552,.507,.527,.257,19.4,67.5,44.7,75.0,9.8,10.0,19.5,100.0,98.9,111.9,
https://www.basketball-reference.com/boxscores/201812030MIN.html,"8:00 PM, December 3, 2018",Minnesota Timberwolves,Houston Rockets,103,91,MIN,,,Team Totals,240,36,82,.439,11,22,.500,20,28,.714,13,29,42,22,11,7,14,16,103,,,Team Totals,240,.546,.506,.268,.341,32.5,80.6,55.3,61.1,12.0,20.0,12.9,100.0,111.9,98.9,
https://www.basketball-reference.com/boxscores/201812030NOP.html,"8:00 PM, December 3, 2018",New Orleans Pelicans,Los Angeles Clippers,126,129,LAC,,,Team Totals,240,49,83,.590,8,20,.400,23,30,.767,7,32,39,29,4,1,12,21,129,,,Team Totals,240,.670,.639,.241,.361,21.9,76.2,52.7,59.2,4.1,1.7,11.1,100.0,131.7,128.6,
https://www.basketball-reference.com/boxscores/201812030NOP.html,"8:00 PM, December 3, 2018",New Orleans Pelicans,Los Angeles Clippers,126,129,NOP,,,Team Totals,240,49,92,.533,13,34,.382,15,22,.682,10,25,35,32,10,5,7,24,126,,,Team Totals,240,.620,.603,.370,.239,23.8,78.1,47.3,65.3,10.2,7.9,6.4,100.0,128.6,131.7,
https://www.basketball-reference.com/boxscores/201812030NYK.html,"7:30 PM, December 3, 2018",New York Knicks,Washington Wizards,107,110,WAS,,,Team Totals,240,44,92,.478,13,32,.406,9,12,.750,8,30,38,30,7,8,10,24,110,,,Team Totals,240,.565,.549,.348,.130,18.2,61.2,40.9,68.2,7.3,14.3,9.3,100.0,114.2,111.1,
https://www.basketball-reference.com/boxscores/201812030NYK.html,"7:30 PM, December 3, 2018",New York Knicks,Washington Wizards,107,110,NYK,,,Team Totals,240,37,90,.411,12,34,.353,21,28,.750,19,36,55,20,4,5,16,14,107,,,Team Totals,240,.523,.478,.378,.311,38.8,81.8,59.1,54.1,4.2,8.3,13.5,100.0,111.1,114.2,
https://www.basketball-reference.com/boxscores/201812030TOR.html,"7:30 PM, December 3, 2018",Toronto Raptors,Denver Nuggets,103,106,DEN,,,Team Totals,240,40,89,.449,11,28,.393,15,24,.625,15,34,49,32,9,2,20,14,106,,,Team Totals,240,.532,.511,.315,.270,30.6,82.9,54.4,80.0,8.9,4.3,16.7,100.0,104.6,101.6,
https://www.basketball-reference.com/boxscores/201812030TOR.html,"7:30 PM, December 3, 2018",Toronto Raptors,Denver Nuggets,103,106,TOR,,,Team Totals,240,40,87,.460,11,41,.268,12,12,1.000,7,34,41,28,11,5,17,21,103,,,Team Totals,240,.558,.523,.471,.138,17.1,69.4,45.6,70.0,10.9,8.2,15.6,100.0,101.6,104.6,
https://www.basketball-reference.com/boxscores/201812040DAL.html,"8:30 PM, December 4, 2018",Dallas Mavericks,Portland Trail Blazers,111,102,POR,,,Team Totals,240,38,84,.452,7,24,.292,19,23,.826,11,37,48,20,7,6,19,29,102,,,Team Totals,240,.542,.494,.286,.274,23.9,71.2,49.0,52.6,7.0,10.3,16.8,100.0,102.0,111.0,
https://www.basketball-reference.com/boxscores/201812040DAL.html,"8:30 PM, December 4, 2018",Dallas Mavericks,Portland Trail Blazers,111,102,DAL,,,Team Totals,240,38,88,.432,11,30,.367,24,35,.686,15,35,50,25,11,4,13,19,111,,,Team Totals,240,.537,.494,.341,.398,28.8,76.1,51.0,65.8,11.0,6.7,11.2,100.0,111.0,102.0,
https://www.basketball-reference.com/boxscores/201812040IND.html,"7:00 PM, December 4, 2018",Indiana Pacers,Chicago Bulls,96,90,CHI,,,Team Totals,240,37,94,.394,11,31,.355,5,5,1.000,12,32,44,26,8,2,19,23,90,,,Team Totals,240,.468,.452,.330,.053,23.5,84.2,49.4,70.3,8.1,3.7,16.5,100.0,91.2,97.3,
https://www.basketball-reference.com/boxscores/201812040IND.html,"7:00 PM, December 4, 2018",Indiana Pacers,Chicago Bulls,96,90,IND,,,Team Totals,240,35,76,.461,6,22,.273,20,24,.833,6,39,45,22,10,6,18,13,96,,,Team Totals,240,.555,.500,.289,.316,15.8,76.5,50.6,62.9,10.1,9.5,17.2,100.0,97.3,91.2,
https://www.basketball-reference.com/boxscores/201812040MIA.html,"7:30 PM, December 4, 2018",Miami Heat,Orlando Magic,90,105,ORL,,,Team Totals,240,38,86,.442,14,28,.500,15,20,.750,11,32,43,22,5,4,15,13,105,,,Team Totals,240,.554,.523,.326,.233,26.2,66.7,47.8,57.9,5.4,7.1,13.7,100.0,113.1,97.0,
https://www.basketball-reference.com/boxscores/201812040MIA.html,"7:30 PM, December 4, 2018",Miami Heat,Orlando Magic,90,105,MIA,,,Team Totals,240,38,91,.418,12,35,.343,2,5,.400,16,31,47,19,7,11,16,19,90,,,Team Totals,240,.483,.484,.385,.055,33.3,73.8,52.2,50.0,7.5,19.0,14.7,100.0,97.0,113.1,
https://www.basketball-reference.com/boxscores/201812040PHO.html,"9:00 PM, December 4, 2018",Phoenix Suns,Sacramento Kings,105,122,SAC,,,Team Totals,240,45,84,.536,11,24,.458,21,32,.656,9,33,42,27,13,3,13,22,122,,,Team Totals,240,.622,.601,.286,.381,23.1,71.7,49.4,60.0,12.9,6.8,11.7,100.0,120.9,104.1,
https://www.basketball-reference.com/boxscores/201812040PHO.html,"9:00 PM, December 4, 2018",Phoenix Suns,Sacramento Kings,105,122,PHO,,,Team Totals,240,38,87,.437,12,43,.279,17,21,.810,13,30,43,27,9,4,21,27,105,,,Team Totals,240,.546,.506,.494,.241,28.3,76.9,50.6,71.1,8.9,6.7,17.9,100.0,104.1,120.9,
https://www.basketball-reference.com/boxscores/201812040UTA.html,"9:00 PM, December 4, 2018",Utah Jazz,San Antonio Spurs,139,105,SAS,,,Team Totals,240,44,90,.489,7,22,.318,10,11,.909,7,25,32,25,7,5,16,19,105,,,Team Totals,240,.554,.528,.244,.122,15.9,83.3,43.2,56.8,6.8,9.8,14.4,100.0,101.6,134.5,
https://www.basketball-reference.com/boxscores/201812040UTA.html,"9:00 PM, December 4, 2018",Utah Jazz,San Antonio Spurs,139,105,UTA,,,Team Totals,240,51,84,.607,20,33,.606,17,20,.850,5,37,42,38,12,5,18,20,139,,,Team Totals,240,.749,.726,.393,.238,16.7,84.1,56.8,74.5,11.6,7.4,16.2,100.0,134.5,101.6,
https://www.basketball-reference.com/boxscores/201812050ATL.html,"7:30 PM, December 5, 2018",Atlanta Hawks,Washington Wizards,117,131,WAS,,,Team Totals,240,46,95,.484,12,38,.316,27,32,.844,12,37,49,35,9,4,16,24,131,,,Team Totals,240,.600,.547,.400,.337,25.5,82.2,53.3,76.1,8.1,7.4,12.8,100.0,118.0,105.4,
https://www.basketball-reference.com/boxscores/201812050ATL.html,"7:30 PM, December 5, 2018",Atlanta Hawks,Washington Wizards,117,131,ATL,,,Team Totals,240,41,92,.446,12,38,.316,23,31,.742,8,35,43,28,13,4,17,27,117,,,Team Totals,240,.554,.511,.413,.337,17.8,74.5,46.7,68.3,11.7,7.0,13.9,100.0,105.4,118.0,
https://www.basketball-reference.com/boxscores/201812050BRK.html,"7:30 PM, December 5, 2018",Brooklyn Nets,Oklahoma City Thunder,112,114,OKC,,,Team Totals,240,43,99,.434,13,38,.342,15,26,.577,17,43,60,28,8,6,13,23,114,,,Team Totals,240,.516,.500,.384,.263,32.7,81.1,57.1,65.1,7.8,12.0,10.5,100.0,110.7,108.8,
https://www.basketball-reference.com/boxscores/201812050BRK.html,"7:30 PM, December 5, 2018",Brooklyn Nets,Oklahoma City Thunder,112,114,BRK,,,Team Totals,240,37,86,.430,15,36,.417,23,30,.767,10,35,45,21,7,4,15,24,112,,,Team Totals,240,.565,.517,.419,.349,18.9,67.3,42.9,56.8,6.8,6.6,13.1,100.0,108.8,110.7,
https://www.basketball-reference.com/boxscores/201812050CLE.html,"7:00 PM, December 5, 2018",Cleveland Cavaliers,Golden State Warriors,105,129,GSW,,,Team Totals,240,45,85,.529,18,34,.529,21,24,.875,9,37,46,29,6,5,9,17,129,,,Team Totals,240,.675,.635,.400,.282,23.7,75.5,52.9,64.4,6.4,8.8,8.6,100.0,136.8,111.4,
https://www.basketball-reference.com/boxscores/201812050CLE.html,"7:00 PM, December 5, 2018",Cleveland Cavaliers,Golden State Warriors,105,129,CLE,,,Team Totals,240,39,89,.438,11,32,.344,16,23,.696,12,29,41,17,7,2,10,19,105,,,Team Totals,240,.530,.500,.360,.258,24.5,76.3,47.1,43.6,7.4,3.9,9.2,100.0,111.4,136.8,
https://www.basketball-reference.com/boxscores/201812050LAL.html,"10:30 PM, December 5, 2018",Los Angeles Lakers,San Antonio Spurs,121,113,SAS,,,Team Totals,240,43,96,.448,7,27,.259,20,20,1.000,11,38,49,18,8,2,11,24,113,,,Team Totals,240,.539,.484,.281,.208,23.4,86.4,53.8,41.9,7.7,4.1,9.5,100.0,108.5,116.2,
https://www.basketball-reference.com/boxscores/201812050LAL.html,"10:30 PM, December 5, 2018",Los Angeles Lakers,San Antonio Spurs,121,113,LAL,,,Team Totals,240,42,88,.477,14,39,.359,23,33,.697,6,36,42,21,6,3,12,18,121,,,Team Totals,240,.590,.557,.443,.375,13.6,76.6,46.2,50.0,5.8,4.3,10.5,100.0,116.2,108.5,
https://www.basketball-reference.com/boxscores/201812050MEM.html,"8:00 PM, December 5, 2018",Memphis Grizzlies,Los Angeles Clippers,96,86,LAC,,,Team Totals,240,25,74,.338,8,23,.348,28,35,.800,11,36,47,16,9,4,19,21,86,,,Team Totals,240,.481,.392,.311,.473,22.4,76.6,49.0,64.0,9.3,7.0,17.5,100.0,88.7,99.1,
https://www.basketball-reference.com/boxscores/201812050MEM.html,"8:00 PM, December 5, 2018",Memphis Grizzlies,Los Angeles Clippers,96,86,MEM,,,Team Totals,240,37,85,.435,7,28,.250,15,24,.625,11,38,49,18,9,6,16,27,96,,,Team Totals,240,.502,.476,.329,.282,23.4,77.6,51.0,48.6,9.3,11.8,14.3,100.0,99.1,88.7,
https://www.basketball-reference.com/boxscores/201812050MIL.html,"8:00 PM, December 5, 2018",Milwaukee Bucks,Detroit Pistons,115,92,DET,,,Team Totals,240,35,95,.368,9,38,.237,13,19,.684,12,39,51,19,6,1,20,26,92,,,Team Totals,240,.445,.416,.400,.200,22.2,90.7,52.6,54.3,5.6,2.4,16.2,100.0,86.0,107.5,
https://www.basketball-reference.com/boxscores/201812050MIL.html,"8:00 PM, December 5, 2018",Milwaukee Bucks,Detroit Pistons,115,92,MIL,,,Team Totals,240,38,82,.463,14,41,.341,25,30,.833,4,42,46,25,13,4,16,21,115,,,Team Totals,240,.604,.549,.500,.366,9.3,77.8,47.4,65.8,12.2,7.0,14.4,100.0,107.5,86.0,
https://www.basketball-reference.com/boxscores/201812050MIN.html,"8:00 PM, December 5, 2018",Minnesota Timberwolves,Charlotte Hornets,121,104,CHO,,,Team Totals,240,40,98,.408,12,33,.364,12,15,.800,13,27,40,27,7,1,10,15,104,,,Team Totals,240,.497,.469,.337,.153,24.5,73.0,44.4,67.5,7.0,1.5,8.7,100.0,104.6,121.7,
https://www.basketball-reference.com/boxscores/201812050MIN.html,"8:00 PM, December 5, 2018",Minnesota Timberwolves,Charlotte Hornets,121,104,MIN,,,Team Totals,240,48,89,.539,12,24,.500,13,20,.650,10,40,50,34,6,11,15,15,121,,,Team Totals,240,.619,.607,.270,.225,27.0,75.5,55.6,70.8,6.0,16.9,13.3,100.0,121.7,104.6,
https://www.basketball-reference.com/boxscores/201812050NOP.html,"8:00 PM, December 5, 2018",New Orleans Pelicans,Dallas Mavericks,132,106,DAL,,,Team Totals,240,39,91,.429,14,46,.304,14,21,.667,11,34,45,26,7,4,18,17,106,,,Team Totals,240,.529,.505,.505,.231,21.2,87.2,49.5,66.7,6.6,6.3,15.2,100.0,100.0,124.5,
https://www.basketball-reference.com/boxscores/201812050NOP.html,"8:00 PM, December 5, 2018",New Orleans Pelicans,Dallas Mavericks,132,106,NOP,,,Team Totals,240,51,92,.554,17,29,.586,13,20,.650,5,41,46,36,12,6,12,15,132,,,Team Totals,240,.655,.647,.315,.217,12.8,78.8,50.5,70.6,11.3,13.3,10.6,100.0,124.5,100.0,
https://www.basketball-reference.com/boxscores/201812050ORL.html,"7:00 PM, December 5, 2018",Orlando Magic,Denver Nuggets,118,124,DEN,,,Team Totals,265,45,82,.549,11,19,.579,23,37,.622,4,39,43,34,5,2,10,19,124,,,Team Totals,265,.631,.616,.232,.451,10.5,86.7,51.8,75.6,4.9,4.3,9.2,100.0,121.7,115.9,
https://www.basketball-reference.com/boxscores/201812050ORL.html,"7:00 PM, December 5, 2018",Orlando Magic,Denver Nuggets,118,124,ORL,,,Team Totals,265,45,95,.474,20,49,.408,8,8,1.000,6,34,40,30,4,4,10,23,118,,,Team Totals,265,.599,.579,.516,.084,13.3,89.5,48.2,66.7,3.9,6.3,9.2,100.0,115.9,121.7,
https://www.basketball-reference.com/boxscores/201812050TOR.html,"8:00 PM, December 5, 2018",Toronto Raptors,Philadelphia 76ers,113,102,PHI,,,Team Totals,240,40,88,.455,11,35,.314,11,14,.786,11,38,49,26,7,5,21,23,102,,,Team Totals,240,.542,.517,.398,.159,23.4,69.1,48.0,65.0,6.9,7.0,18.2,100.0,100.2,111.0,
https://www.basketball-reference.com/boxscores/201812050TOR.html,"8:00 PM, December 5, 2018",Toronto Raptors,Philadelphia 76ers,113,102,TOR,,,Team Totals,240,43,100,.430,8,29,.276,19,22,.864,17,36,53,25,12,3,11,13,113,,,Team Totals,240,.515,.470,.290,.220,30.9,76.6,52.0,58.1,11.8,5.7,9.1,100.0,111.0,100.2,
https://www.basketball-reference.com/boxscores/201812060BOS.html,"8:00 PM, December 6, 2018",Boston Celtics,New York Knicks,128,100,NYK,,,Team Totals,240,36,91,.396,12,35,.343,16,20,.800,14,33,47,21,4,5,17,23,100,,,Team Totals,240,.501,.462,.385,.220,26.4,82.5,50.5,58.3,4.0,9.3,14.6,100.0,99.3,127.1,
https://www.basketball-reference.com/boxscores/201812060BOS.html,"8:00 PM, December 6, 2018",Boston Celtics,New York Knicks,128,100,BOS,,,Team Totals,240,49,92,.533,13,38,.342,17,20,.850,7,39,46,32,8,6,9,24,128,,,Team Totals,240,.635,.603,.413,.217,17.5,73.6,49.5,65.3,7.9,10.7,8.2,100.0,127.1,99.3,
https://www.basketball-reference.com/boxscores/201812060POR.html,"10:00 PM, December 6, 2018",Portland Trail Blazers,Phoenix Suns,108,86,PHO,,,Team Totals,240,35,91,.385,5,27,.185,11,14,.786,11,30,41,20,11,2,17,21,86,,,Team Totals,240,.443,.412,.297,.154,20.4,69.8,42.3,57.1,11.0,3.4,14.9,100.0,86.0,108.0,
https://www.basketball-reference.com/boxscores/201812060POR.html,"10:00 PM, December 6, 2018",Portland Trail Blazers,Phoenix Suns,108,86,POR,,,Team Totals,240,41,85,.482,9,27,.333,17,27,.630,13,43,56,24,10,6,17,19,108,,,Team Totals,240,.557,.535,.318,.318,30.2,79.6,57.7,58.5,10.0,9.4,14.9,100.0,108.0,86.0,
https://www.basketball-reference.com/boxscores/201812060UTA.html,"10:30 PM, December 6, 2018",Utah Jazz,Houston Rockets,118,91,HOU,,,Team Totals,240,34,88,.386,8,36,.222,15,17,.882,14,29,43,13,5,5,23,26,91,,,Team Totals,240,.477,.432,.409,.193,28.6,70.7,47.8,38.2,5.0,8.8,19.4,100.0,91.3,118.4,
https://www.basketball-reference.com/boxscores/201812060UTA.html,"10:30 PM, December 6, 2018",Utah Jazz,Houston Rockets,118,91,UTA,,,Team Totals,240,45,89,.506,8,32,.250,20,27,.741,12,35,47,26,16,4,12,24,118,,,Team Totals,240,.585,.551,.360,.303,29.3,71.4,52.2,57.8,16.1,7.7,10.6,100.0,118.4,91.3,
https://www.basketball-reference.com/boxscores/201812070BRK.html,"7:30 PM, December 7, 2018",Brooklyn Nets,Toronto Raptors,106,105,TOR,,,Team Totals,265,35,89,.393,11,35,.314,24,29,.828,6,35,41,25,9,7,15,19,105,,,Team Totals,265,.516,.455,.393,.326,12.0,68.6,40.6,71.4,8.4,11.1,12.8,100.0,98.4,99.3,
https://www.basketball-reference.com/boxscores/201812070BRK.html,"7:30 PM, December 7, 2018",Brooklyn Nets,Toronto Raptors,106,105,BRK,,,Team Totals,265,43,98,.439,11,35,.314,9,13,.692,16,44,60,22,8,2,20,28,106,,,Team Totals,265,.511,.495,.357,.133,31.4,88.0,59.4,51.2,7.5,3.7,16.2,100.0,99.3,98.4,
https://www.basketball-reference.com/boxscores/201812070CHI.html,"8:00 PM, December 7, 2018",Chicago Bulls,Oklahoma City Thunder,114,112,OKC,,,Team Totals,240,43,94,.457,10,28,.357,16,24,.667,14,37,51,25,12,6,22,22,112,,,Team Totals,240,.536,.511,.298,.255,29.2,88.1,56.7,58.1,11.1,10.5,17.4,100.0,103.3,105.1,
https://www.basketball-reference.com/boxscores/201812070CHI.html,"8:00 PM, December 7, 2018",Chicago Bulls,Oklahoma City Thunder,114,112,CHI,,,Team Totals,240,43,82,.524,12,25,.480,16,23,.696,5,34,39,25,15,6,21,26,114,,,Team Totals,240,.619,.598,.305,.280,11.9,70.8,43.3,58.1,13.8,9.1,18.6,100.0,105.1,103.3,
https://www.basketball-reference.com/boxscores/201812070CHO.html,"7:00 PM, December 7, 2018",Charlotte Hornets,Denver Nuggets,113,107,DEN,,,Team Totals,240,39,101,.386,8,35,.229,21,26,.808,20,35,55,24,6,12,9,28,107,,,Team Totals,240,.476,.426,.347,.257,36.4,72.9,53.4,61.5,6.2,23.5,7.4,100.0,111.4,117.6,
https://www.basketball-reference.com/boxscores/201812070CHO.html,"7:00 PM, December 7, 2018",Charlotte Hornets,Denver Nuggets,113,107,CHO,,,Team Totals,240,33,86,.384,13,35,.371,34,38,.895,13,35,48,20,8,9,10,20,113,,,Team Totals,240,.550,.459,.407,.442,27.1,63.6,46.6,60.6,8.3,13.6,8.9,100.0,117.6,111.4,
https://www.basketball-reference.com/boxscores/201812070CLE.html,"7:30 PM, December 7, 2018",Cleveland Cavaliers,Sacramento Kings,110,129,SAC,,,Team Totals,240,56,98,.571,13,29,.448,4,7,.571,10,25,35,31,6,5,9,18,129,,,Team Totals,240,.638,.638,.296,.071,26.3,78.1,50.0,55.4,6.1,9.1,8.2,100.0,131.8,112.4,
https://www.basketball-reference.com/boxscores/201812070CLE.html,"7:30 PM, December 7, 2018",Cleveland Cavaliers,Sacramento Kings,110,129,CLE,,,Team Totals,240,43,81,.531,10,26,.385,14,19,.737,7,28,35,20,4,0,18,17,110,,,Team Totals,240,.615,.593,.321,.235,21.9,73.7,50.0,46.5,4.1,0.0,16.8,100.0,112.4,131.8,
https://www.basketball-reference.com/boxscores/201812070DET.html,"7:00 PM, December 7, 2018",Detroit Pistons,Philadelphia 76ers,111,117,PHI,,,Team Totals,240,44,90,.489,9,32,.281,20,21,.952,12,28,40,26,11,12,16,28,117,,,Team Totals,240,.589,.539,.356,.233,27.3,62.2,44.9,59.1,10.9,19.7,13.9,100.0,116.0,110.0,
https://www.basketball-reference.com/boxscores/201812070DET.html,"7:00 PM, December 7, 2018",Detroit Pistons,Philadelphia 76ers,111,117,DET,,,Team Totals,240,37,89,.416,7,28,.250,30,37,.811,17,32,49,22,10,3,18,24,111,,,Team Totals,240,.527,.455,.315,.416,37.8,72.7,55.1,59.5,9.9,5.2,14.6,100.0,110.0,116.0,
https://www.basketball-reference.com/boxscores/201812070MIL.html,"9:30 PM, December 7, 2018",Milwaukee Bucks,Golden State Warriors,95,105,GSW,,,Team Totals,240,40,89,.449,19,46,.413,6,7,.857,6,37,43,32,7,6,18,20,105,,,Team Totals,240,.570,.556,.517,.079,13.3,71.2,44.3,80.0,6.8,11.3,16.4,100.0,102.1,92.4,
https://www.basketball-reference.com/boxscores/201812070MIL.html,"9:30 PM, December 7, 2018",Milwaukee Bucks,Golden State Warriors,95,105,MIL,,,Team Totals,240,36,92,.391,7,39,.179,16,23,.696,15,39,54,18,10,3,19,21,95,,,Team Totals,240,.465,.429,.424,.250,28.8,86.7,55.7,50.0,9.7,7.0,15.7,100.0,92.4,102.1,
https://www.basketball-reference.com/boxscores/201812070NOP.html,"8:00 PM, December 7, 2018",New Orleans Pelicans,Memphis Grizzlies,103,107,MEM,,,Team Totals,240,39,83,.470,8,19,.421,21,28,.750,10,32,42,30,10,7,11,25,107,,,Team Totals,240,.561,.518,.229,.337,23.8,76.2,50.0,76.9,10.3,12.7,10.3,100.0,110.4,106.3,
https://www.basketball-reference.com/boxscores/201812070NOP.html,"8:00 PM, December 7, 2018",New Orleans Pelicans,Memphis Grizzlies,103,107,NOP,,,Team Totals,240,38,84,.452,7,29,.241,20,24,.833,10,32,42,25,5,5,18,25,103,,,Team Totals,240,.545,.494,.345,.286,23.8,76.2,50.0,65.8,5.2,7.8,16.0,100.0,106.3,110.4,
https://www.basketball-reference.com/boxscores/201812070ORL.html,"7:00 PM, December 7, 2018",Orlando Magic,Indiana Pacers,90,112,IND,,,Team Totals,240,44,93,.473,9,26,.346,15,18,.833,11,42,53,26,8,8,10,17,112,,,Team Totals,240,.555,.522,.280,.194,22.4,82.4,53.0,59.1,8.1,14.3,9.0,100.0,112.8,90.6,
https://www.basketball-reference.com/boxscores/201812070ORL.html,"7:00 PM, December 7, 2018",Orlando Magic,Indiana Pacers,90,112,ORL,,,Team Totals,240,36,89,.404,8,33,.242,10,13,.769,9,38,47,20,3,7,16,18,90,,,Team Totals,240,.475,.449,.371,.146,17.6,77.6,47.0,55.6,3.0,10.4,14.5,100.0,90.6,112.8,
https://www.basketball-reference.com/boxscores/201812070PHO.html,"9:00 PM, December 7, 2018",Phoenix Suns,Miami Heat,98,115,MIA,,,Team Totals,240,42,86,.488,15,37,.405,16,18,.889,6,34,40,32,10,5,12,16,115,,,Team Totals,240,.612,.576,.430,.209,13.6,89.5,48.8,76.2,10.0,11.1,11.3,100.0,114.8,97.8,
https://www.basketball-reference.com/boxscores/201812070PHO.html,"9:00 PM, December 7, 2018",Phoenix Suns,Miami Heat,98,115,PHO,,,Team Totals,240,36,79,.456,14,34,.412,12,16,.750,4,38,42,27,7,4,21,21,98,,,Team Totals,240,.570,.544,.430,.203,10.5,86.4,51.2,75.0,7.0,8.2,19.6,100.0,97.8,114.8,
https://www.basketball-reference.com/boxscores/201812070SAS.html,"8:30 PM, December 7, 2018",San Antonio Spurs,Los Angeles Lakers,133,120,LAL,,,Team Totals,240,46,100,.460,11,36,.306,17,21,.810,10,33,43,24,8,1,9,24,120,,,Team Totals,240,.549,.515,.360,.210,20.4,78.6,47.3,52.2,7.6,1.7,7.6,100.0,114.6,127.0,
https://www.basketball-reference.com/boxscores/201812070SAS.html,"8:30 PM, December 7, 2018",San Antonio Spurs,Los Angeles Lakers,133,120,SAS,,,Team Totals,240,46,91,.505,13,31,.419,28,33,.848,9,39,48,27,4,7,10,18,133,,,Team Totals,240,.630,.577,.341,.363,21.4,79.6,52.7,58.7,3.8,10.9,8.7,100.0,127.0,114.6,
https://www.basketball-reference.com/boxscores/201812080ATL.html,"7:30 PM, December 8, 2018",Atlanta Hawks,Denver Nuggets,106,98,DEN,,,Team Totals,240,36,97,.371,9,36,.250,17,21,.810,11,37,48,28,11,4,15,16,98,,,Team Totals,240,.461,.418,.371,.216,20.8,80.4,48.5,77.8,10.3,7.8,12.4,100.0,92.0,99.5,
https://www.basketball-reference.com/boxscores/201812080ATL.html,"7:30 PM, December 8, 2018",Atlanta Hawks,Denver Nuggets,106,98,ATL,,,Team Totals,240,40,93,.430,15,42,.357,11,16,.688,9,42,51,33,9,11,18,23,106,,,Team Totals,240,.530,.511,.452,.172,19.6,79.2,51.5,82.5,8.4,18.0,15.2,100.0,99.5,92.0,
https://www.basketball-reference.com/boxscores/201812080CHI.html,"8:00 PM, December 8, 2018",Chicago Bulls,Boston Celtics,77,133,BOS,,,Team Totals,240,50,93,.538,22,43,.512,11,15,.733,13,41,54,34,10,4,7,14,133,,,Team Totals,240,.668,.656,.462,.161,31.0,83.7,59.3,68.0,10.7,7.0,6.6,100.0,142.5,82.5,
https://www.basketball-reference.com/boxscores/201812080CHI.html,"8:00 PM, December 8, 2018",Chicago Bulls,Boston Celtics,77,133,CHI,,,Team Totals,240,31,81,.383,6,24,.250,9,14,.643,8,29,37,16,3,2,17,17,77,,,Team Totals,240,.442,.420,.296,.173,16.3,69.0,40.7,51.6,3.2,4.0,16.3,100.0,82.5,142.5,
https://www.basketball-reference.com/boxscores/201812080CLE.html,"7:30 PM, December 8, 2018",Cleveland Cavaliers,Washington Wizards,116,101,WAS,,,Team Totals,240,38,86,.442,14,38,.368,11,16,.688,8,25,33,26,3,3,8,12,101,,,Team Totals,240,.543,.523,.442,.186,17.8,67.6,40.2,68.4,3.4,5.2,7.9,100.0,113.0,129.8,
https://www.basketball-reference.com/boxscores/201812080CLE.html,"7:30 PM, December 8, 2018",Cleveland Cavaliers,Washington Wizards,116,101,CLE,,,Team Totals,240,47,89,.528,15,31,.484,7,10,.700,12,37,49,26,5,5,9,20,116,,,Team Totals,240,.621,.612,.348,.112,32.4,82.2,59.8,55.3,5.6,10.4,8.8,100.0,129.8,113.0,
https://www.basketball-reference.com/boxscores/201812080DAL.html,"6:00 PM, December 8, 2018",Dallas Mavericks,Houston Rockets,107,104,HOU,,,Team Totals,240,39,86,.453,15,47,.319,11,13,.846,10,26,36,20,5,3,12,19,104,,,Team Totals,240,.567,.541,.547,.151,25.0,65.0,45.0,51.3,5.5,5.7,11.6,100.0,114.7,118.0,
https://www.basketball-reference.com/boxscores/201812080DAL.html,"6:00 PM, December 8, 2018",Dallas Mavericks,Houston Rockets,107,104,DAL,,,Team Totals,240,41,83,.494,12,30,.400,13,16,.813,14,30,44,21,9,3,17,14,107,,,Team Totals,240,.594,.566,.361,.193,35.0,75.0,55.0,51.2,9.9,7.7,15.9,100.0,118.0,114.7,
https://www.basketball-reference.com/boxscores/201812080IND.html,"7:00 PM, December 8, 2018",Indiana Pacers,Sacramento Kings,107,97,SAC,,,Team Totals,240,38,90,.422,9,32,.281,12,15,.800,12,31,43,24,9,8,14,21,97,,,Team Totals,240,.502,.472,.356,.167,24.5,67.4,45.3,63.2,9.2,12.9,12.7,100.0,99.0,109.2,
https://www.basketball-reference.com/boxscores/201812080IND.html,"7:00 PM, December 8, 2018",Indiana Pacers,Sacramento Kings,107,97,IND,,,Team Totals,240,40,92,.435,8,30,.267,19,22,.864,15,37,52,26,7,8,17,17,107,,,Team Totals,240,.526,.478,.326,.239,32.6,75.5,54.7,65.0,7.1,13.8,14.3,100.0,109.2,99.0,
https://www.basketball-reference.com/boxscores/201812080LAC.html,"10:30 PM, December 8, 2018",Los Angeles Clippers,Miami Heat,98,121,MIA,,,Team Totals,240,40,92,.435,13,39,.333,28,39,.718,14,43,57,27,9,6,11,24,121,,,Team Totals,240,.554,.505,.424,.424,28.0,76.8,53.8,67.5,8.7,10.0,9.2,100.0,117.2,94.9,
https://www.basketball-reference.com/boxscores/201812080LAC.html,"10:30 PM, December 8, 2018",Los Angeles Clippers,Miami Heat,98,121,LAC,,,Team Totals,240,33,89,.371,7,29,.241,25,31,.806,13,36,49,16,5,8,16,26,98,,,Team Totals,240,.477,.410,.326,.348,23.2,72.0,46.2,48.5,4.8,15.1,13.5,100.0,94.9,117.2,
https://www.basketball-reference.com/boxscores/201812080MEM.html,"8:00 PM, December 8, 2018",Memphis Grizzlies,Los Angeles Lakers,88,111,LAL,,,Team Totals,240,43,97,.443,16,40,.400,9,12,.750,19,38,57,27,11,6,18,22,111,,,Team Totals,240,.543,.526,.412,.124,41.3,80.9,61.3,62.8,11.5,11.1,15.0,100.0,115.7,91.7,
https://www.basketball-reference.com/boxscores/201812080MEM.html,"8:00 PM, December 8, 2018",Memphis Grizzlies,Los Angeles Lakers,88,111,MEM,,,Team Totals,240,34,84,.405,6,30,.200,14,18,.778,9,27,36,17,13,7,15,19,88,,,Team Totals,240,.479,.440,.357,.214,19.1,58.7,38.7,50.0,13.5,12.3,14.0,100.0,91.7,115.7,
https://www.basketball-reference.com/boxscores/201812080NYK.html,"7:30 PM, December 8, 2018",New York Knicks,Brooklyn Nets,104,112,BRK,,,Team Totals,240,43,88,.489,11,22,.500,15,25,.600,12,33,45,27,5,5,16,25,112,,,Team Totals,240,.566,.551,.250,.284,27.9,78.6,52.9,62.8,5.0,8.8,13.9,100.0,112.9,104.8,
https://www.basketball-reference.com/boxscores/201812080NYK.html,"7:30 PM, December 8, 2018",New York Knicks,Brooklyn Nets,104,112,NYK,,,Team Totals,240,39,83,.470,8,26,.308,18,30,.600,9,31,40,22,8,2,13,18,104,,,Team Totals,240,.541,.518,.313,.361,21.4,72.1,47.1,56.4,8.1,3.0,11.9,100.0,104.8,112.9,
https://www.basketball-reference.com/boxscores/201812080POR.html,"10:00 PM, December 8, 2018",Portland Trail Blazers,Minnesota Timberwolves,113,105,MIN,,,Team Totals,240,40,91,.440,7,16,.438,18,22,.818,10,30,40,25,12,7,12,23,105,,,Team Totals,240,.521,.478,.176,.242,20.4,68.2,43.0,62.5,12.0,14.0,10.6,100.0,104.6,112.6,
https://www.basketball-reference.com/boxscores/201812080POR.html,"10:00 PM, December 8, 2018",Portland Trail Blazers,Minnesota Timberwolves,113,105,POR,,,Team Totals,240,39,83,.470,10,33,.303,25,30,.833,14,39,53,23,10,9,20,20,113,,,Team Totals,240,.587,.530,.398,.361,31.8,79.6,57.0,59.0,10.0,12.0,17.2,100.0,112.6,104.6,
https://www.basketball-reference.com/boxscores/201812090DET.html,"3:30 PM, December 9, 2018",Detroit Pistons,New Orleans Pelicans,108,116,NOP,,,Team Totals,240,42,79,.532,12,30,.400,20,23,.870,8,39,47,27,5,8,18,19,116,,,Team Totals,240,.651,.608,.380,.291,21.1,69.6,50.0,64.3,5.1,11.6,16.8,100.0,117.4,109.3,
https://www.basketball-reference.com/boxscores/201812090DET.html,"3:30 PM, December 9, 2018",Detroit Pistons,New Orleans Pelicans,108,116,DET,,,Team Totals,240,43,98,.439,9,29,.310,13,24,.542,17,30,47,28,8,5,10,22,108,,,Team Totals,240,.497,.485,.296,.245,30.4,78.9,50.0,65.1,8.1,10.2,8.4,100.0,109.3,117.4,
https://www.basketball-reference.com/boxscores/201812090NYK.html,"7:30 PM, December 9, 2018",New York Knicks,Charlotte Hornets,107,119,CHO,,,Team Totals,240,42,87,.483,12,34,.353,23,27,.852,6,36,42,19,11,4,12,17,119,,,Team Totals,240,.602,.552,.391,.310,15.4,81.8,50.6,45.2,10.7,6.0,10.8,100.0,115.7,104.1,
https://www.basketball-reference.com/boxscores/201812090NYK.html,"7:30 PM, December 9, 2018",New York Knicks,Charlotte Hornets,107,119,NYK,,,Team Totals,240,44,93,.473,13,26,.500,6,7,.857,8,33,41,28,5,2,17,25,107,,,Team Totals,240,.557,.543,.280,.075,18.2,84.6,49.4,63.6,4.9,3.8,15.0,100.0,104.1,115.7,
https://www.basketball-reference.com/boxscores/201812090SAS.html,"7:00 PM, December 9, 2018",San Antonio Spurs,Utah Jazz,110,97,UTA,,,Team Totals,240,37,85,.435,9,29,.310,14,19,.737,9,29,38,23,8,4,16,15,97,,,Team Totals,240,.519,.488,.341,.224,20.0,74.4,45.2,62.2,8.4,5.3,14.6,100.0,101.3,114.8,
https://www.basketball-reference.com/boxscores/201812090SAS.html,"7:00 PM, December 9, 2018",San Antonio Spurs,Utah Jazz,110,97,SAS,,,Team Totals,240,47,89,.528,5,14,.357,11,12,.917,10,36,46,26,7,7,11,15,110,,,Team Totals,240,.583,.556,.157,.135,25.6,80.0,54.8,55.3,7.3,12.5,10.4,100.0,114.8,101.3,
https://www.basketball-reference.com/boxscores/201812090TOR.html,"6:00 PM, December 9, 2018",Toronto Raptors,Milwaukee Bucks,99,104,MIL,,,Team Totals,240,36,87,.414,15,39,.385,17,20,.850,9,36,45,22,6,7,13,13,104,,,Team Totals,240,.543,.500,.448,.230,20.9,76.6,50.0,61.1,6.3,14.0,11.9,100.0,109.1,103.9,
https://www.basketball-reference.com/boxscores/201812090TOR.html,"6:00 PM, December 9, 2018",Toronto Raptors,Milwaukee Bucks,99,104,TOR,,,Team Totals,240,39,94,.415,15,44,.341,6,7,.857,11,34,45,24,6,11,11,21,99,,,Team Totals,240,.510,.495,.468,.074,23.4,79.1,50.0,61.5,6.3,22.9,10.2,100.0,103.9,109.1,
https://www.basketball-reference.com/boxscores/201812100BOS.html,"7:30 PM, December 10, 2018",Boston Celtics,New Orleans Pelicans,113,100,NOP,,,Team Totals,240,39,87,.448,8,26,.308,14,19,.737,6,33,39,28,11,1,13,19,100,,,Team Totals,240,.524,.494,.299,.218,14.0,70.2,43.3,71.8,11.1,2.0,12.0,100.0,100.8,113.9,
https://www.basketball-reference.com/boxscores/201812100BOS.html,"7:30 PM, December 10, 2018",Boston Celtics,New Orleans Pelicans,113,100,BOS,,,Team Totals,240,44,90,.489,12,39,.308,13,19,.684,14,37,51,23,8,5,15,21,113,,,Team Totals,240,.574,.556,.433,.211,29.8,86.0,56.7,52.3,8.1,8.2,13.2,100.0,113.9,100.8,
https://www.basketball-reference.com/boxscores/201812100CHI.html,"8:00 PM, December 10, 2018",Chicago Bulls,Sacramento Kings,89,108,SAC,,,Team Totals,240,40,88,.455,16,37,.432,12,15,.800,10,32,42,28,16,4,18,15,108,,,Team Totals,240,.571,.545,.420,.170,23.3,82.1,51.2,70.0,16.0,8.3,16.0,100.0,107.9,88.9,
https://www.basketball-reference.com/boxscores/201812100CHI.html,"8:00 PM, December 10, 2018",Chicago Bulls,Sacramento Kings,89,108,CHI,,,Team Totals,240,34,76,.447,8,28,.286,13,13,1.000,7,33,40,16,10,3,27,17,89,,,Team Totals,240,.545,.500,.368,.171,17.9,76.7,48.8,47.1,10.0,5.9,24.8,100.0,88.9,107.9,
https://www.basketball-reference.com/boxscores/201812100DAL.html,"8:30 PM, December 10, 2018",Dallas Mavericks,Orlando Magic,101,76,ORL,,,Team Totals,240,32,89,.360,8,28,.286,4,5,.800,7,35,42,18,8,2,16,18,76,,,Team Totals,240,.417,.404,.315,.056,14.0,79.5,44.7,56.3,8.2,4.3,14.9,100.0,78.3,104.0,
https://www.basketball-reference.com/boxscores/201812100DAL.html,"8:30 PM, December 10, 2018",Dallas Mavericks,Orlando Magic,101,76,DAL,,,Team Totals,240,35,82,.427,10,35,.286,21,25,.840,9,43,52,28,7,4,14,11,101,,,Team Totals,240,.543,.488,.427,.305,20.5,86.0,55.3,80.0,7.2,6.6,13.1,100.0,104.0,78.3,
https://www.basketball-reference.com/boxscores/201812100DEN.html,"9:00 PM, December 10, 2018",Denver Nuggets,Memphis Grizzlies,105,99,MEM,,,Team Totals,240,37,74,.500,9,27,.333,16,17,.941,6,28,34,22,7,4,14,19,99,,,Team Totals,240,.608,.561,.365,.230,17.1,71.8,45.9,59.5,7.9,8.2,14.7,100.0,112.0,118.8,
https://www.basketball-reference.com/boxscores/201812100DEN.html,"9:00 PM, December 10, 2018",Denver Nuggets,Memphis Grizzlies,105,99,DEN,,,Team Totals,240,39,77,.506,9,28,.321,18,23,.783,11,29,40,22,11,6,14,17,105,,,Team Totals,240,.603,.565,.364,.299,28.2,82.9,54.1,56.4,12.4,12.8,13.8,100.0,118.8,112.0,
https://www.basketball-reference.com/boxscores/201812100GSW.html,"10:30 PM, December 10, 2018",Golden State Warriors,Minnesota Timberwolves,116,108,MIN,,,Team Totals,240,38,83,.458,7,25,.280,25,31,.806,9,33,42,28,5,6,16,18,108,,,Team Totals,240,.559,.500,.301,.373,20.5,70.2,46.2,73.7,4.9,12.0,14.2,100.0,106.5,114.4,
https://www.basketball-reference.com/boxscores/201812100GSW.html,"10:30 PM, December 10, 2018",Golden State Warriors,Minnesota Timberwolves,116,108,GSW,,,Team Totals,240,39,93,.419,19,43,.442,19,21,.905,14,35,49,25,6,5,17,26,116,,,Team Totals,240,.567,.522,.462,.226,29.8,79.5,53.8,64.1,5.9,8.6,14.3,100.0,114.4,106.5,
https://www.basketball-reference.com/boxscores/201812100IND.html,"7:00 PM, December 10, 2018",Indiana Pacers,Washington Wizards,109,101,WAS,,,Team Totals,240,37,88,.420,10,30,.333,17,24,.708,6,28,34,22,13,3,12,22,101,,,Team Totals,240,.512,.477,.341,.273,12.2,80.0,40.5,59.5,12.7,5.4,10.9,100.0,98.9,106.7,
https://www.basketball-reference.com/boxscores/201812100IND.html,"7:00 PM, December 10, 2018",Indiana Pacers,Washington Wizards,109,101,IND,,,Team Totals,240,41,76,.539,10,20,.500,17,22,.773,7,43,50,29,7,7,24,25,109,,,Team Totals,240,.636,.605,.263,.289,20.0,87.8,59.5,70.7,6.9,12.1,21.9,100.0,106.7,98.9,
https://www.basketball-reference.com/boxscores/201812100LAL.html,"10:30 PM, December 10, 2018",Los Angeles Lakers,Miami Heat,108,105,MIA,,,Team Totals,240,42,94,.447,11,34,.324,10,13,.769,14,36,50,29,9,7,17,19,105,,,Team Totals,240,.526,.505,.362,.138,29.2,75.0,52.1,69.0,9.1,12.1,14.6,100.0,106.7,109.7,
https://www.basketball-reference.com/boxscores/201812100LAL.html,"10:30 PM, December 10, 2018",Los Angeles Lakers,Miami Heat,108,105,LAL,,,Team Totals,240,41,90,.456,14,32,.438,12,20,.600,12,34,46,24,9,7,12,10,108,,,Team Totals,240,.547,.533,.356,.222,25.0,70.8,47.9,58.5,9.1,11.7,10.8,100.0,109.7,106.7,
https://www.basketball-reference.com/boxscores/201812100MIL.html,"8:00 PM, December 10, 2018",Milwaukee Bucks,Cleveland Cavaliers,108,92,CLE,,,Team Totals,240,36,96,.375,10,30,.333,10,15,.667,8,38,46,24,5,2,9,15,92,,,Team Totals,240,.448,.427,.313,.156,14.8,76.0,44.2,66.7,4.9,3.3,8.1,100.0,91.1,106.9,
https://www.basketball-reference.com/boxscores/201812100MIL.html,"8:00 PM, December 10, 2018",Milwaukee Bucks,Cleveland Cavaliers,108,92,MIL,,,Team Totals,240,42,96,.438,15,36,.417,9,11,.818,12,46,58,22,4,4,14,24,108,,,Team Totals,240,.536,.516,.375,.115,24.0,85.2,55.8,52.4,4.0,6.1,12.2,100.0,106.9,91.1,
https://www.basketball-reference.com/boxscores/201812100OKC.html,"8:00 PM, December 10, 2018",Oklahoma City Thunder,Utah Jazz,122,113,UTA,,,Team Totals,240,43,84,.512,8,29,.276,19,30,.633,11,34,45,30,11,4,20,28,113,,,Team Totals,240,.581,.560,.345,.357,26.2,73.9,51.1,69.8,10.4,6.3,17.1,100.0,106.9,115.4,
https://www.basketball-reference.com/boxscores/201812100OKC.html,"8:00 PM, December 10, 2018",Oklahoma City Thunder,Utah Jazz,122,113,OKC,,,Team Totals,240,43,85,.506,8,21,.381,28,39,.718,12,31,43,25,12,2,18,26,122,,,Team Totals,240,.597,.553,.247,.459,26.1,73.8,48.9,58.1,11.4,3.6,15.0,100.0,115.4,106.9,
https://www.basketball-reference.com/boxscores/201812100PHI.html,"7:00 PM, December 10, 2018",Philadelphia 76ers,Detroit Pistons,116,102,DET,,,Team Totals,240,41,84,.488,9,21,.429,11,21,.524,10,36,46,23,5,5,15,24,102,,,Team Totals,240,.547,.542,.250,.250,23.8,69.2,48.9,56.1,5.1,9.8,13.9,100.0,103.9,118.2,
https://www.basketball-reference.com/boxscores/201812100PHI.html,"7:00 PM, December 10, 2018",Philadelphia 76ers,Detroit Pistons,116,102,PHI,,,Team Totals,240,39,88,.443,15,37,.405,23,35,.657,16,32,48,27,9,5,14,19,116,,,Team Totals,240,.561,.528,.420,.398,30.8,76.2,51.1,69.2,9.2,7.9,11.9,100.0,118.2,103.9,
https://www.basketball-reference.com/boxscores/201812100PHO.html,"9:00 PM, December 10, 2018",Phoenix Suns,Los Angeles Clippers,119,123,LAC,,,Team Totals,265,45,85,.529,7,21,.333,26,33,.788,10,32,42,27,8,4,18,21,123,,,Team Totals,265,.618,.571,.247,.388,25.0,76.2,51.2,60.0,7.6,5.8,15.3,100.0,116.9,113.1,
https://www.basketball-reference.com/boxscores/201812100PHO.html,"9:00 PM, December 10, 2018",Phoenix Suns,Los Angeles Clippers,119,123,PHO,,,Team Totals,265,47,94,.500,9,25,.360,16,20,.800,10,30,40,31,14,8,15,29,119,,,Team Totals,265,.579,.548,.266,.213,23.8,75.0,48.8,66.0,13.3,12.5,12.7,100.0,113.1,116.9,
https://www.basketball-reference.com/boxscores/201812110HOU.html,"8:00 PM, December 11, 2018",Houston Rockets,Portland Trail Blazers,111,104,POR,,,Team Totals,240,38,87,.437,10,25,.400,18,21,.857,13,31,44,20,1,4,14,17,104,,,Team Totals,240,.540,.494,.287,.241,30.2,72.1,51.2,52.6,1.1,7.1,12.7,100.0,113.3,121.0,
https://www.basketball-reference.com/boxscores/201812110HOU.html,"8:00 PM, December 11, 2018",Houston Rockets,Portland Trail Blazers,111,104,HOU,,,Team Totals,240,42,85,.494,9,29,.310,18,27,.667,12,30,42,22,9,5,7,21,111,,,Team Totals,240,.573,.547,.341,.318,27.9,69.8,48.8,52.4,9.8,8.1,6.7,100.0,121.0,113.3,
https://www.basketball-reference.com/boxscores/201812110LAC.html,"10:30 PM, December 11, 2018",Los Angeles Clippers,Toronto Raptors,99,123,TOR,,,Team Totals,240,50,96,.521,14,29,.483,9,12,.750,10,33,43,34,8,6,9,22,123,,,Team Totals,240,.607,.594,.302,.125,23.8,73.3,49.4,68.0,8.2,9.8,8.2,100.0,126.8,102.1,
https://www.basketball-reference.com/boxscores/201812110LAC.html,"10:30 PM, December 11, 2018",Los Angeles Clippers,Toronto Raptors,99,123,LAC,,,Team Totals,240,38,86,.442,7,25,.280,16,19,.842,12,32,44,25,2,5,16,16,99,,,Team Totals,240,.525,.483,.291,.221,26.7,76.2,50.6,65.8,2.1,7.5,14.5,100.0,102.1,126.8,
https://www.basketball-reference.com/boxscores/201812110SAS.html,"8:30 PM, December 11, 2018",San Antonio Spurs,Phoenix Suns,111,86,PHO,,,Team Totals,240,33,82,.402,8,28,.286,12,14,.857,8,32,40,19,7,5,17,22,86,,,Team Totals,240,.488,.451,.341,.171,17.4,80.0,46.5,57.6,7.3,8.1,16.2,100.0,89.5,115.6,
https://www.basketball-reference.com/boxscores/201812110SAS.html,"8:30 PM, December 11, 2018",San Antonio Spurs,Phoenix Suns,111,86,SAS,,,Team Totals,240,41,83,.494,13,21,.619,16,19,.842,8,38,46,28,7,2,15,15,111,,,Team Totals,240,.607,.572,.253,.229,20.0,82.6,53.5,68.3,7.3,3.7,14.1,100.0,115.6,89.5,
https://www.basketball-reference.com/boxscores/201812120CHO.html,"7:00 PM, December 12, 2018",Charlotte Hornets,Detroit Pistons,108,107,DET,,,Team Totals,240,40,86,.465,13,34,.382,14,21,.667,10,39,49,23,4,10,14,26,107,,,Team Totals,240,.562,.541,.395,.244,21.7,86.7,53.8,57.5,4.1,17.5,12.8,100.0,108.4,109.4,
https://www.basketball-reference.com/boxscores/201812120CHO.html,"7:00 PM, December 12, 2018",Charlotte Hornets,Detroit Pistons,108,107,CHO,,,Team Totals,240,35,85,.412,9,28,.321,29,37,.784,6,36,42,21,7,5,7,17,108,,,Team Totals,240,.533,.465,.329,.435,13.3,78.3,46.2,60.0,7.1,9.6,6.5,100.0,109.4,108.4,
https://www.basketball-reference.com/boxscores/201812120CLE.html,"7:00 PM, December 12, 2018",Cleveland Cavaliers,New York Knicks,113,106,NYK,,,Team Totals,240,41,94,.436,11,27,.407,13,14,.929,9,34,43,21,7,7,12,18,106,,,Team Totals,240,.529,.495,.287,.149,18.8,73.9,45.7,51.2,7.0,12.3,10.7,100.0,106.0,113.0,
https://www.basketball-reference.com/boxscores/201812120CLE.html,"7:00 PM, December 12, 2018",Cleveland Cavaliers,New York Knicks,113,106,CLE,,,Team Totals,240,43,91,.473,10,34,.294,17,21,.810,12,39,51,19,7,4,13,18,113,,,Team Totals,240,.564,.527,.374,.231,26.1,81.3,54.3,44.2,7.0,6.0,11.5,100.0,113.0,106.0,
https://www.basketball-reference.com/boxscores/201812120DAL.html,"8:30 PM, December 12, 2018",Dallas Mavericks,Atlanta Hawks,114,107,ATL,,,Team Totals,240,43,93,.462,11,33,.333,10,14,.714,16,28,44,21,7,2,21,30,107,,,Team Totals,240,.540,.522,.355,.151,33.3,87.5,55.0,48.8,6.9,4.9,17.5,100.0,105.6,112.5,
https://www.basketball-reference.com/boxscores/201812120DAL.html,"8:30 PM, December 12, 2018",Dallas Mavericks,Atlanta Hawks,114,107,DAL,,,Team Totals,240,35,75,.467,12,34,.353,32,43,.744,4,32,36,22,13,5,14,16,114,,,Team Totals,240,.607,.547,.453,.573,12.5,66.7,45.0,62.9,12.8,8.3,13.0,100.0,112.5,105.6,
https://www.basketball-reference.com/boxscores/201812120GSW.html,"10:30 PM, December 12, 2018",Golden State Warriors,Toronto Raptors,93,113,TOR,,,Team Totals,240,44,91,.484,9,28,.321,16,19,.842,10,38,48,27,12,3,11,17,113,,,Team Totals,240,.569,.533,.308,.209,22.2,88.4,54.5,61.4,12.0,5.4,10.0,100.0,113.4,93.3,
https://www.basketball-reference.com/boxscores/201812120GSW.html,"10:30 PM, December 12, 2018",Golden State Warriors,Toronto Raptors,93,113,GSW,,,Team Totals,240,39,82,.476,6,26,.231,9,13,.692,5,35,40,28,5,11,19,18,93,,,Team Totals,240,.530,.512,.317,.159,11.6,77.8,45.5,71.8,5.0,17.5,17.8,100.0,93.3,113.4,
https://www.basketball-reference.com/boxscores/201812120IND.html,"7:00 PM, December 12, 2018",Indiana Pacers,Milwaukee Bucks,113,97,MIL,,,Team Totals,240,38,91,.418,11,43,.256,10,15,.667,9,34,43,22,6,6,13,18,97,,,Team Totals,240,.497,.478,.473,.165,18.4,70.8,44.3,57.9,6.0,9.8,11.8,100.0,97.2,113.2,
https://www.basketball-reference.com/boxscores/201812120IND.html,"7:00 PM, December 12, 2018",Indiana Pacers,Milwaukee Bucks,113,97,IND,,,Team Totals,240,43,91,.473,12,30,.400,15,20,.750,14,40,54,31,7,4,16,13,113,,,Team Totals,240,.566,.538,.330,.220,29.2,81.6,55.7,72.1,7.0,8.3,13.8,100.0,113.2,97.2,
https://www.basketball-reference.com/boxscores/201812120MEM.html,"8:00 PM, December 12, 2018",Memphis Grizzlies,Portland Trail Blazers,92,83,POR,,,Team Totals,240,32,87,.368,6,22,.273,13,16,.813,4,40,44,15,11,9,14,19,83,,,Team Totals,240,.441,.402,.253,.184,8.7,81.6,46.3,46.9,11.1,15.5,13.0,100.0,84.1,93.2,
https://www.basketball-reference.com/boxscores/201812120MEM.html,"8:00 PM, December 12, 2018",Memphis Grizzlies,Portland Trail Blazers,92,83,MEM,,,Team Totals,240,34,82,.415,8,24,.333,16,24,.667,9,42,51,19,9,10,13,22,92,,,Team Totals,240,.497,.463,.293,.293,18.4,91.3,53.7,55.9,9.1,15.4,12.3,100.0,93.2,84.1,
https://www.basketball-reference.com/boxscores/201812120NOP.html,"8:00 PM, December 12, 2018",New Orleans Pelicans,Oklahoma City Thunder,118,114,OKC,,,Team Totals,240,42,87,.483,13,43,.302,17,27,.630,9,30,39,23,10,6,18,27,114,,,Team Totals,240,.576,.557,.494,.310,18.8,63.8,41.1,54.8,9.4,7.6,15.4,100.0,106.7,110.5,
https://www.basketball-reference.com/boxscores/201812120NOP.html,"8:00 PM, December 12, 2018",New Orleans Pelicans,Oklahoma City Thunder,118,114,NOP,,,Team Totals,240,45,97,.464,4,18,.222,24,30,.800,17,39,56,29,14,3,18,27,118,,,Team Totals,240,.535,.485,.186,.309,36.2,81.3,58.9,64.4,13.1,6.8,14.0,100.0,110.5,106.7,
https://www.basketball-reference.com/boxscores/201812120PHI.html,"7:00 PM, December 12, 2018",Philadelphia 76ers,Brooklyn Nets,124,127,BRK,,,Team Totals,240,38,74,.514,14,28,.500,37,43,.860,7,30,37,20,10,1,17,23,127,,,Team Totals,240,.683,.608,.378,.581,20.6,75.0,50.0,52.6,9.8,1.6,15.5,100.0,124.7,121.7,
https://www.basketball-reference.com/boxscores/201812120PHI.html,"7:00 PM, December 12, 2018",Philadelphia 76ers,Brooklyn Nets,124,127,PHI,,,Team Totals,240,50,91,.549,12,28,.429,12,16,.750,10,27,37,31,11,3,17,30,124,,,Team Totals,240,.632,.615,.308,.176,25.0,79.4,50.0,62.0,10.8,6.5,14.8,100.0,121.7,124.7,
https://www.basketball-reference.com/boxscores/201812120SAC.html,"10:00 PM, December 12, 2018",Sacramento Kings,Minnesota Timberwolves,141,130,MIN,,,Team Totals,240,50,93,.538,9,22,.409,21,27,.778,12,27,39,30,4,4,11,24,130,,,Team Totals,240,.620,.586,.237,.290,29.3,75.0,50.6,60.0,4.0,8.3,9.5,100.0,129.0,139.9,
https://www.basketball-reference.com/boxscores/201812120SAC.html,"10:00 PM, December 12, 2018",Sacramento Kings,Minnesota Timberwolves,141,130,SAC,,,Team Totals,240,50,86,.581,19,38,.500,22,32,.688,9,29,38,34,3,6,11,21,141,,,Team Totals,240,.704,.692,.442,.372,25.0,70.7,49.4,68.0,3.0,8.5,9.9,100.0,139.9,129.0,
https://www.basketball-reference.com/boxscores/201812120UTA.html,"9:00 PM, December 12, 2018",Utah Jazz,Miami Heat,111,84,MIA,,,Team Totals,240,29,77,.377,12,33,.364,14,24,.583,2,28,30,16,10,2,13,22,84,,,Team Totals,240,.480,.455,.429,.312,4.3,80.0,36.6,55.2,10.5,4.5,12.9,100.0,87.9,116.2,
https://www.basketball-reference.com/boxscores/201812120UTA.html,"9:00 PM, December 12, 2018",Utah Jazz,Miami Heat,111,84,UTA,,,Team Totals,240,40,76,.526,16,32,.500,15,21,.714,7,45,52,29,6,4,17,19,111,,,Team Totals,240,.651,.632,.421,.276,20.0,95.7,63.4,72.5,6.3,9.1,16.6,100.0,116.2,87.9,
https://www.basketball-reference.com/boxscores/201812120WAS.html,"7:00 PM, December 12, 2018",Washington Wizards,Boston Celtics,125,130,BOS,,,Team Totals,265,47,104,.452,11,38,.289,25,25,1.000,14,36,50,20,6,2,14,19,130,,,Team Totals,265,.565,.505,.365,.240,29.8,81.8,54.9,42.6,5.5,3.4,10.9,100.0,118.9,114.3,
https://www.basketball-reference.com/boxscores/201812120WAS.html,"7:00 PM, December 12, 2018",Washington Wizards,Boston Celtics,125,130,WAS,,,Team Totals,265,46,91,.505,12,33,.364,21,29,.724,8,33,41,25,7,4,15,27,125,,,Team Totals,265,.602,.571,.363,.319,18.2,70.2,45.1,54.3,6.4,6.1,12.6,100.0,114.3,118.9,
https://www.basketball-reference.com/boxscores/201812130HOU.html,"8:00 PM, December 13, 2018",Houston Rockets,Los Angeles Lakers,126,111,LAL,,,Team Totals,240,43,80,.538,10,32,.313,15,27,.556,7,24,31,23,9,5,13,21,111,,,Team Totals,240,.604,.600,.400,.338,20.0,61.5,41.9,53.5,9.5,9.8,12.4,100.0,116.9,132.6,
https://www.basketball-reference.com/boxscores/201812130HOU.html,"8:00 PM, December 13, 2018",Houston Rockets,Los Angeles Lakers,126,111,HOU,,,Team Totals,240,42,85,.494,15,34,.441,27,32,.844,15,28,43,24,8,2,14,24,126,,,Team Totals,240,.636,.582,.400,.376,38.5,80.0,58.1,57.1,8.4,4.2,12.4,100.0,132.6,116.9,
https://www.basketball-reference.com/boxscores/201812130ORL.html,"9:30 PM, December 13, 2018",Orlando Magic,Chicago Bulls,97,91,CHI,,,Team Totals,240,34,71,.479,10,18,.556,13,20,.650,1,32,33,18,10,4,18,23,91,,,Team Totals,240,.570,.549,.254,.282,2.9,78.0,43.4,52.9,10.4,8.2,18.4,100.0,94.9,101.1,
https://www.basketball-reference.com/boxscores/201812130ORL.html,"9:30 PM, December 13, 2018",Orlando Magic,Chicago Bulls,97,91,ORL,,,Team Totals,240,34,82,.415,11,33,.333,18,23,.783,9,34,43,23,8,6,16,16,97,,,Team Totals,240,.526,.482,.402,.280,22.0,97.1,56.6,67.6,8.3,11.3,14.8,100.0,101.1,94.9,
https://www.basketball-reference.com/boxscores/201812130PHO.html,"10:30 PM, December 13, 2018",Phoenix Suns,Dallas Mavericks,99,89,DAL,,,Team Totals,240,31,78,.397,5,33,.152,22,33,.667,14,39,53,14,7,4,23,19,89,,,Team Totals,240,.481,.429,.423,.423,33.3,76.5,57.0,45.2,7.2,6.2,19.9,100.0,90.9,101.1,
https://www.basketball-reference.com/boxscores/201812130PHO.html,"10:30 PM, December 13, 2018",Phoenix Suns,Dallas Mavericks,99,89,PHO,,,Team Totals,240,37,92,.402,10,27,.370,15,18,.833,12,28,40,20,15,5,13,27,99,,,Team Totals,240,.495,.457,.293,.196,23.5,66.7,43.0,54.1,15.3,11.1,11.5,100.0,101.1,90.9,
https://www.basketball-reference.com/boxscores/201812130SAS.html,"8:30 PM, December 13, 2018",San Antonio Spurs,Los Angeles Clippers,125,87,LAC,,,Team Totals,240,30,84,.357,10,31,.323,17,24,.708,13,29,42,21,4,1,17,18,87,,,Team Totals,240,.460,.417,.369,.286,25.0,78.4,47.2,70.0,4.2,1.6,15.2,100.0,90.8,130.4,
https://www.basketball-reference.com/boxscores/201812130SAS.html,"8:30 PM, December 13, 2018",San Antonio Spurs,Los Angeles Clippers,125,87,SAS,,,Team Totals,240,48,83,.578,10,22,.455,19,24,.792,8,39,47,25,10,7,11,20,125,,,Team Totals,240,.668,.639,.265,.289,21.6,75.0,52.8,52.1,10.4,13.2,10.5,100.0,130.4,90.8,
https://www.basketball-reference.com/boxscores/201812140BOS.html,"7:00 PM, December 14, 2018",Boston Celtics,Atlanta Hawks,129,108,ATL,,,Team Totals,240,36,86,.419,16,38,.421,20,32,.625,16,28,44,27,10,5,24,19,108,,,Team Totals,240,.540,.512,.442,.372,32.0,68.3,48.4,75.0,9.3,8.9,19.3,100.0,100.9,120.5,
https://www.basketball-reference.com/boxscores/201812140BOS.html,"7:00 PM, December 14, 2018",Boston Celtics,Atlanta Hawks,129,108,BOS,,,Team Totals,240,46,95,.484,19,39,.487,18,20,.900,13,34,47,28,15,9,22,21,129,,,Team Totals,240,.621,.584,.411,.211,31.7,68.0,51.6,60.9,14.0,18.8,17.5,100.0,120.5,100.9,
https://www.basketball-reference.com/boxscores/201812140BRK.html,"7:30 PM, December 14, 2018",Brooklyn Nets,Washington Wizards,125,118,WAS,,,Team Totals,240,49,90,.544,11,29,.379,9,16,.563,4,22,26,30,3,3,9,24,118,,,Team Totals,240,.608,.606,.322,.178,10.0,71.0,36.6,61.2,3.1,5.7,8.5,100.0,121.0,128.2,
https://www.basketball-reference.com/boxscores/201812140BRK.html,"7:30 PM, December 14, 2018",Brooklyn Nets,Washington Wizards,125,118,BRK,,,Team Totals,240,44,84,.524,11,31,.355,26,31,.839,9,36,45,34,5,3,10,17,125,,,Team Totals,240,.640,.589,.369,.369,29.0,90.0,63.4,77.3,5.1,4.9,9.3,100.0,128.2,121.0,
https://www.basketball-reference.com/boxscores/201812140CHO.html,"7:00 PM, December 14, 2018",Charlotte Hornets,New York Knicks,124,126,NYK,,,Team Totals,265,47,98,.480,12,34,.353,20,31,.645,9,37,46,27,11,8,10,16,126,,,Team Totals,265,.564,.541,.347,.316,17.6,80.4,47.4,57.4,9.9,14.8,8.2,100.0,113.8,112.0,
https://www.basketball-reference.com/boxscores/201812140CHO.html,"7:00 PM, December 14, 2018",Charlotte Hornets,New York Knicks,124,126,CHO,,,Team Totals,265,48,102,.471,20,48,.417,8,10,.800,9,42,51,38,7,5,16,23,124,,,Team Totals,265,.583,.569,.471,.098,19.6,82.4,52.6,79.2,6.3,7.8,13.1,100.0,112.0,113.8,
https://www.basketball-reference.com/boxscores/201812140CLE.html,"7:30 PM, December 14, 2018",Cleveland Cavaliers,Milwaukee Bucks,102,114,MIL,,,Team Totals,240,40,94,.426,12,41,.293,22,28,.786,14,39,53,26,9,6,11,17,114,,,Team Totals,240,.536,.489,.436,.298,27.5,75.0,51.5,65.0,9.1,11.8,9.4,100.0,115.3,103.1,
https://www.basketball-reference.com/boxscores/201812140CLE.html,"7:30 PM, December 14, 2018",Cleveland Cavaliers,Milwaukee Bucks,102,114,CLE,,,Team Totals,240,35,87,.402,13,36,.361,19,21,.905,13,37,50,24,7,2,16,24,102,,,Team Totals,240,.530,.477,.414,.241,25.0,72.5,48.5,68.6,7.1,3.8,14.3,100.0,103.1,115.3,
https://www.basketball-reference.com/boxscores/201812140DEN.html,"10:00 PM, December 14, 2018",Denver Nuggets,Oklahoma City Thunder,109,98,OKC,,,Team Totals,240,37,90,.411,7,19,.368,17,29,.586,19,24,43,14,9,4,13,17,98,,,Team Totals,240,.477,.450,.211,.322,34.5,66.7,47.3,37.8,9.5,8.2,11.2,100.0,103.5,115.1,
https://www.basketball-reference.com/boxscores/201812140DEN.html,"10:00 PM, December 14, 2018",Denver Nuggets,Oklahoma City Thunder,109,98,DEN,,,Team Totals,240,42,83,.506,11,34,.324,14,15,.933,12,36,48,29,8,6,20,24,109,,,Team Totals,240,.608,.572,.410,.181,33.3,65.5,52.7,69.0,8.4,8.5,18.2,100.0,115.1,103.5,
https://www.basketball-reference.com/boxscores/201812140MEM.html,"8:00 PM, December 14, 2018",Memphis Grizzlies,Miami Heat,97,100,MIA,,,Team Totals,240,36,82,.439,15,39,.385,13,18,.722,14,36,50,30,3,8,17,20,100,,,Team Totals,240,.556,.530,.476,.220,36.8,78.3,59.5,83.3,3.4,14.8,15.9,100.0,112.4,109.0,
https://www.basketball-reference.com/boxscores/201812140MEM.html,"8:00 PM, December 14, 2018",Memphis Grizzlies,Miami Heat,97,100,MEM,,,Team Totals,240,35,83,.422,8,29,.276,19,25,.760,10,24,34,21,9,5,8,18,97,,,Team Totals,240,.516,.470,.349,.301,21.7,63.2,40.5,60.0,10.1,11.6,7.8,100.0,109.0,112.4,
https://www.basketball-reference.com/boxscores/201812140PHI.html,"7:30 PM, December 14, 2018",Philadelphia 76ers,Indiana Pacers,101,113,IND,,,Team Totals,240,42,95,.442,8,20,.400,21,24,.875,11,36,47,33,7,2,7,22,113,,,Team Totals,240,.535,.484,.211,.253,25.6,67.9,49.0,78.6,7.2,3.8,6.2,100.0,116.5,104.1,
https://www.basketball-reference.com/boxscores/201812140PHI.html,"7:30 PM, December 14, 2018",Philadelphia 76ers,Indiana Pacers,101,113,PHI,,,Team Totals,240,36,88,.409,9,36,.250,20,27,.741,17,32,49,17,5,5,16,21,101,,,Team Totals,240,.506,.460,.409,.307,32.1,74.4,51.0,47.2,5.2,6.7,13.8,100.0,104.1,116.5,
https://www.basketball-reference.com/boxscores/201812140POR.html,"10:00 PM, December 14, 2018",Portland Trail Blazers,Toronto Raptors,128,122,TOR,,,Team Totals,240,43,78,.551,18,31,.581,18,21,.857,6,31,37,20,4,4,17,21,122,,,Team Totals,240,.699,.667,.397,.269,18.8,72.1,49.3,46.5,4.1,6.0,16.3,100.0,126.4,132.6,
https://www.basketball-reference.com/boxscores/201812140POR.html,"10:00 PM, December 14, 2018",Portland Trail Blazers,Toronto Raptors,128,122,POR,,,Team Totals,240,48,94,.511,13,27,.481,19,21,.905,12,26,38,29,10,4,8,15,128,,,Team Totals,240,.620,.580,.287,.223,27.9,81.3,50.7,60.4,10.4,8.5,7.2,100.0,132.6,126.4,
https://www.basketball-reference.com/boxscores/201812140SAC.html,"10:00 PM, December 14, 2018",Sacramento Kings,Golden State Warriors,125,130,GSW,,,Team Totals,240,44,96,.458,15,40,.375,27,36,.750,15,45,60,32,5,0,18,23,130,,,Team Totals,240,.581,.536,.417,.375,30.0,86.5,58.8,72.7,4.5,0.0,13.9,100.0,116.4,111.9,
https://www.basketball-reference.com/boxscores/201812140SAC.html,"10:00 PM, December 14, 2018",Sacramento Kings,Golden State Warriors,125,130,SAC,,,Team Totals,240,45,96,.469,15,44,.341,20,25,.800,7,35,42,33,6,3,13,28,125,,,Team Totals,240,.584,.547,.458,.260,13.5,70.0,41.2,73.3,5.4,5.4,10.8,100.0,111.9,116.4,
https://www.basketball-reference.com/boxscores/201812150CHO.html,"7:00 PM, December 15, 2018",Charlotte Hornets,Los Angeles Lakers,100,128,LAL,,,Team Totals,240,49,92,.533,14,34,.412,16,24,.667,10,42,52,34,12,6,16,20,128,,,Team Totals,240,.624,.609,.370,.261,25.6,82.4,57.8,69.4,11.3,9.5,13.5,100.0,120.2,93.9,
https://www.basketball-reference.com/boxscores/201812150CHO.html,"7:00 PM, December 15, 2018",Charlotte Hornets,Los Angeles Lakers,100,128,CHO,,,Team Totals,240,39,92,.424,7,29,.241,15,18,.833,9,29,38,22,3,6,18,19,100,,,Team Totals,240,.500,.462,.315,.196,17.6,74.4,42.2,56.4,2.8,10.3,15.3,100.0,93.9,120.2,
https://www.basketball-reference.com/boxscores/201812150DET.html,"7:00 PM, December 15, 2018",Detroit Pistons,Boston Celtics,113,104,BOS,,,Team Totals,240,39,94,.415,9,33,.273,17,23,.739,12,32,44,19,11,4,14,25,104,,,Team Totals,240,.499,.463,.351,.245,24.0,76.2,47.8,48.7,10.6,8.0,11.9,100.0,100.7,109.4,
https://www.basketball-reference.com/boxscores/201812150DET.html,"7:00 PM, December 15, 2018",Detroit Pistons,Boston Celtics,113,104,DET,,,Team Totals,240,39,80,.488,10,30,.333,25,35,.714,10,38,48,25,10,7,20,21,113,,,Team Totals,240,.592,.550,.375,.438,23.8,76.0,52.2,64.1,9.7,11.5,17.3,100.0,109.4,100.7,
https://www.basketball-reference.com/boxscores/201812150MEM.html,"8:00 PM, December 15, 2018",Memphis Grizzlies,Houston Rockets,97,105,HOU,,,Team Totals,240,35,73,.479,13,37,.351,22,25,.880,6,30,36,23,5,2,14,22,105,,,Team Totals,240,.625,.568,.507,.342,17.1,83.3,50.7,65.7,5.5,3.8,14.3,100.0,116.3,107.4,
https://www.basketball-reference.com/boxscores/201812150MEM.html,"8:00 PM, December 15, 2018",Memphis Grizzlies,Houston Rockets,97,105,MEM,,,Team Totals,240,40,75,.533,5,23,.217,12,17,.706,6,29,35,20,8,6,15,22,97,,,Team Totals,240,.588,.567,.307,.227,16.7,82.9,49.3,50.0,8.9,16.7,15.4,100.0,107.4,116.3,
https://www.basketball-reference.com/boxscores/201812150OKC.html,"9:00 PM, December 15, 2018",Oklahoma City Thunder,Los Angeles Clippers,110,104,LAC,,,Team Totals,240,38,75,.507,13,25,.520,15,22,.682,6,38,44,18,7,4,26,22,104,,,Team Totals,240,.614,.593,.333,.293,16.2,80.9,52.4,47.4,6.8,5.9,23.5,100.0,101.4,107.2,
https://www.basketball-reference.com/boxscores/201812150OKC.html,"9:00 PM, December 15, 2018",Oklahoma City Thunder,Los Angeles Clippers,110,104,OKC,,,Team Totals,240,42,90,.467,9,22,.409,17,24,.708,9,31,40,26,13,7,12,20,110,,,Team Totals,240,.547,.517,.244,.267,19.1,83.8,47.6,61.9,12.7,14.0,10.7,100.0,107.2,101.4,
https://www.basketball-reference.com/boxscores/201812150ORL.html,"5:00 PM, December 15, 2018",Orlando Magic,Utah Jazz,96,89,UTA,,,Team Totals,240,28,89,.315,7,29,.241,26,28,.929,11,31,42,17,13,4,10,19,89,,,Team Totals,240,.439,.354,.326,.315,20.0,88.6,46.7,60.7,13.4,8.3,9.0,100.0,91.5,98.7,
https://www.basketball-reference.com/boxscores/201812150ORL.html,"5:00 PM, December 15, 2018",Orlando Magic,Utah Jazz,96,89,ORL,,,Team Totals,240,34,72,.472,11,24,.458,17,20,.850,4,44,48,18,7,10,22,27,96,,,Team Totals,240,.594,.549,.333,.278,11.4,80.0,53.3,52.9,7.2,16.7,21.4,100.0,98.7,91.5,
https://www.basketball-reference.com/boxscores/201812150PHO.html,"9:00 PM, December 15, 2018",Phoenix Suns,Minnesota Timberwolves,107,99,MIN,,,Team Totals,240,39,96,.406,7,35,.200,14,19,.737,11,30,41,26,10,4,11,19,99,,,Team Totals,240,.474,.443,.365,.198,21.6,73.2,44.6,66.7,9.9,6.5,9.5,100.0,98.3,106.3,
https://www.basketball-reference.com/boxscores/201812150PHO.html,"9:00 PM, December 15, 2018",Phoenix Suns,Minnesota Timberwolves,107,99,PHO,,,Team Totals,240,41,90,.456,9,28,.321,16,20,.800,11,40,51,30,6,7,16,22,107,,,Team Totals,240,.541,.506,.311,.222,26.8,78.4,55.4,73.2,6.0,11.5,13.9,100.0,106.3,98.3,
https://www.basketball-reference.com/boxscores/201812150SAS.html,"8:30 PM, December 15, 2018",San Antonio Spurs,Chicago Bulls,93,98,CHI,,,Team Totals,240,37,86,.430,6,29,.207,18,21,.857,8,32,40,16,12,8,9,20,98,,,Team Totals,240,.514,.465,.337,.244,19.0,82.1,49.4,43.2,13.0,15.4,8.6,100.0,106.6,101.1,
https://www.basketball-reference.com/boxscores/201812150SAS.html,"8:30 PM, December 15, 2018",San Antonio Spurs,Chicago Bulls,93,98,SAS,,,Team Totals,240,32,73,.438,7,21,.333,22,26,.846,7,34,41,18,3,5,15,18,93,,,Team Totals,240,.551,.486,.288,.356,17.9,81.0,50.6,56.3,3.3,8.8,15.1,100.0,101.1,106.6,
https://www.basketball-reference.com/boxscores/201812160BRK.html,"3:00 PM, December 16, 2018",Brooklyn Nets,Atlanta Hawks,144,127,ATL,,,Team Totals,240,47,85,.553,14,29,.483,19,25,.760,8,25,33,38,9,5,14,22,127,,,Team Totals,240,.661,.635,.341,.294,21.6,71.4,45.8,80.9,8.9,10.4,12.7,100.0,125.4,142.2,
https://www.basketball-reference.com/boxscores/201812160BRK.html,"3:00 PM, December 16, 2018",Brooklyn Nets,Atlanta Hawks,144,127,BRK,,,Team Totals,240,49,88,.557,16,40,.400,30,33,.909,10,29,39,34,12,3,13,21,144,,,Team Totals,240,.702,.648,.455,.375,28.6,78.4,54.2,69.4,11.9,5.4,11.3,100.0,142.2,125.4,
https://www.basketball-reference.com/boxscores/201812160CLE.html,"3:30 PM, December 16, 2018",Cleveland Cavaliers,Philadelphia 76ers,105,128,PHI,,,Team Totals,240,51,91,.560,11,27,.407,15,20,.750,12,36,48,32,5,9,11,18,128,,,Team Totals,240,.641,.621,.297,.220,30.8,85.7,59.3,62.7,5.1,15.5,9.9,100.0,130.3,106.9,
https://www.basketball-reference.com/boxscores/201812160CLE.html,"3:30 PM, December 16, 2018",Cleveland Cavaliers,Philadelphia 76ers,105,128,CLE,,,Team Totals,240,41,88,.466,12,30,.400,11,17,.647,6,27,33,28,8,0,12,20,105,,,Team Totals,240,.550,.534,.341,.193,14.3,69.2,40.7,68.3,8.1,0.0,11.2,100.0,106.9,130.3,
https://www.basketball-reference.com/boxscores/201812160DAL.html,"7:00 PM, December 16, 2018",Dallas Mavericks,Sacramento Kings,113,120,SAC,,,Team Totals,240,46,98,.469,9,31,.290,19,21,.905,11,36,47,20,6,7,9,26,120,,,Team Totals,240,.559,.515,.316,.214,22.9,69.2,47.0,43.5,5.8,11.5,7.7,100.0,116.2,109.4,
https://www.basketball-reference.com/boxscores/201812160DAL.html,"7:00 PM, December 16, 2018",Dallas Mavericks,Sacramento Kings,113,120,DAL,,,Team Totals,240,40,96,.417,9,35,.257,24,31,.774,16,37,53,22,6,5,14,18,113,,,Team Totals,240,.515,.464,.365,.323,30.8,77.1,53.0,55.0,5.8,7.5,11.3,100.0,109.4,116.2,
https://www.basketball-reference.com/boxscores/201812160DEN.html,"8:00 PM, December 16, 2018",Denver Nuggets,Toronto Raptors,95,86,TOR,,,Team Totals,240,35,88,.398,7,35,.200,9,14,.643,13,38,51,13,5,4,12,16,86,,,Team Totals,240,.457,.438,.398,.159,27.7,79.2,53.7,37.1,5.6,7.3,11.3,100.0,95.9,105.9,
https://www.basketball-reference.com/boxscores/201812160DEN.html,"8:00 PM, December 16, 2018",Denver Nuggets,Toronto Raptors,95,86,DEN,,,Team Totals,240,36,85,.424,10,30,.333,13,16,.813,10,34,44,21,7,4,9,14,95,,,Team Totals,240,.516,.482,.353,.188,20.8,72.3,46.3,58.3,7.8,7.5,8.9,100.0,105.9,95.9,
https://www.basketball-reference.com/boxscores/201812160IND.html,"5:00 PM, December 16, 2018",Indiana Pacers,New York Knicks,110,99,NYK,,,Team Totals,240,37,89,.416,10,32,.313,15,22,.682,13,31,44,21,7,1,17,19,99,,,Team Totals,240,.502,.472,.360,.247,27.7,73.8,49.4,56.8,7.2,1.9,14.7,100.0,101.3,112.6,
https://www.basketball-reference.com/boxscores/201812160IND.html,"5:00 PM, December 16, 2018",Indiana Pacers,New York Knicks,110,99,IND,,,Team Totals,240,40,87,.460,12,34,.353,18,23,.783,11,34,45,28,9,4,13,18,110,,,Team Totals,240,.566,.529,.391,.264,26.2,72.3,50.6,70.0,9.2,7.0,11.8,100.0,112.6,101.3,
https://www.basketball-reference.com/boxscores/201812160NOP.html,"7:00 PM, December 16, 2018",New Orleans Pelicans,Miami Heat,96,102,MIA,,,Team Totals,240,38,91,.418,10,35,.286,16,23,.696,22,35,57,22,6,4,19,21,102,,,Team Totals,240,.504,.473,.385,.253,44.9,76.1,60.0,57.9,6.5,8.0,15.8,100.0,110.6,104.1,
https://www.basketball-reference.com/boxscores/201812160NOP.html,"7:00 PM, December 16, 2018",New Orleans Pelicans,Miami Heat,96,102,NOP,,,Team Totals,240,35,86,.407,13,36,.361,13,17,.765,11,27,38,26,12,5,11,22,96,,,Team Totals,240,.513,.483,.419,.198,23.9,55.1,40.0,74.3,13.0,8.9,10.5,100.0,104.1,110.6,
https://www.basketball-reference.com/boxscores/201812160WAS.html,"6:00 PM, December 16, 2018",Washington Wizards,Los Angeles Lakers,128,110,LAL,,,Team Totals,240,44,91,.484,11,36,.306,11,18,.611,8,35,43,24,10,6,22,13,110,,,Team Totals,240,.556,.544,.396,.198,18.2,70.0,45.7,54.5,9.0,8.0,18.2,100.0,99.4,115.6,
https://www.basketball-reference.com/boxscores/201812160WAS.html,"6:00 PM, December 16, 2018",Washington Wizards,Los Angeles Lakers,128,110,WAS,,,Team Totals,240,54,106,.509,13,31,.419,7,10,.700,15,36,51,30,14,5,17,13,128,,,Team Totals,240,.580,.571,.292,.094,30.0,81.8,54.3,55.6,12.6,9.1,13.3,100.0,115.6,99.4,
https://www.basketball-reference.com/boxscores/201812170DET.html,"7:00 PM, December 17, 2018",Detroit Pistons,Milwaukee Bucks,104,107,MIL,,,Team Totals,240,44,88,.500,9,25,.360,10,15,.667,5,32,37,33,8,10,11,19,107,,,Team Totals,240,.566,.551,.284,.170,12.5,76.2,45.1,75.0,8.1,18.9,10.4,100.0,108.8,105.8,
https://www.basketball-reference.com/boxscores/201812170DET.html,"7:00 PM, December 17, 2018",Detroit Pistons,Milwaukee Bucks,104,107,DET,,,Team Totals,240,39,88,.443,14,35,.400,12,15,.800,10,35,45,25,3,2,16,20,104,,,Team Totals,240,.550,.523,.398,.170,23.8,87.5,54.9,64.1,3.1,3.2,14.5,100.0,105.8,108.8,
https://www.basketball-reference.com/boxscores/201812170GSW.html,"10:30 PM, December 17, 2018",Golden State Warriors,Memphis Grizzlies,110,93,MEM,,,Team Totals,240,36,79,.456,7,25,.280,14,18,.778,2,39,41,24,6,4,16,23,93,,,Team Totals,240,.535,.500,.316,.228,5.3,86.7,49.4,66.7,6.0,7.4,15.5,100.0,93.6,110.7,
https://www.basketball-reference.com/boxscores/201812170GSW.html,"10:30 PM, December 17, 2018",Golden State Warriors,Memphis Grizzlies,110,93,GSW,,,Team Totals,240,37,85,.435,12,31,.387,24,27,.889,6,36,42,23,10,5,10,19,110,,,Team Totals,240,.568,.506,.365,.318,13.3,94.7,50.6,62.2,10.1,9.3,9.4,100.0,110.7,93.6,
https://www.basketball-reference.com/boxscores/201812170HOU.html,"8:00 PM, December 17, 2018",Houston Rockets,Utah Jazz,102,97,UTA,,,Team Totals,240,32,82,.390,10,35,.286,23,31,.742,11,41,52,23,9,4,24,25,97,,,Team Totals,240,.507,.451,.427,.378,26.8,82.0,57.1,71.9,8.6,8.2,20.1,100.0,92.8,97.6,
https://www.basketball-reference.com/boxscores/201812170HOU.html,"8:00 PM, December 17, 2018",Houston Rockets,Utah Jazz,102,97,HOU,,,Team Totals,240,32,86,.372,12,37,.324,26,31,.839,9,30,39,16,13,7,17,24,102,,,Team Totals,240,.512,.442,.430,.360,18.0,73.2,42.9,50.0,12.4,14.9,14.6,100.0,97.6,92.8,
https://www.basketball-reference.com/boxscores/201812170LAC.html,"10:30 PM, December 17, 2018",Los Angeles Clippers,Portland Trail Blazers,127,131,POR,,,Team Totals,240,47,86,.547,10,20,.500,27,31,.871,6,27,33,26,5,4,11,32,131,,,Team Totals,240,.657,.605,.233,.360,17.1,77.1,47.1,55.3,4.9,7.1,9.9,100.0,129.2,125.2,
https://www.basketball-reference.com/boxscores/201812170LAC.html,"10:30 PM, December 17, 2018",Los Angeles Clippers,Portland Trail Blazers,127,131,LAC,,,Team Totals,240,42,83,.506,10,27,.370,33,39,.846,8,29,37,27,5,1,12,23,127,,,Team Totals,240,.634,.566,.325,.470,22.9,82.9,52.9,64.3,4.9,1.5,10.7,100.0,125.2,129.2,
https://www.basketball-reference.com/boxscores/201812170MIN.html,"8:00 PM, December 17, 2018",Minnesota Timberwolves,Sacramento Kings,132,105,SAC,,,Team Totals,240,38,90,.422,14,38,.368,15,23,.652,6,32,38,20,5,4,15,27,105,,,Team Totals,240,.524,.500,.422,.256,11.3,74.4,39.6,52.6,4.7,5.8,13.0,100.0,98.2,123.5,
https://www.basketball-reference.com/boxscores/201812170MIN.html,"8:00 PM, December 17, 2018",Minnesota Timberwolves,Sacramento Kings,132,105,MIN,,,Team Totals,240,48,96,.500,10,27,.370,26,30,.867,11,47,58,37,10,7,11,24,132,,,Team Totals,240,.604,.552,.281,.313,25.6,88.7,60.4,77.1,9.4,13.5,9.2,100.0,123.5,98.2,
https://www.basketball-reference.com/boxscores/201812170NYK.html,"7:30 PM, December 17, 2018",New York Knicks,Phoenix Suns,110,128,PHO,,,Team Totals,240,48,92,.522,9,27,.333,23,27,.852,4,40,44,27,8,5,7,20,128,,,Team Totals,240,.616,.571,.293,.293,10.5,71.4,46.8,56.3,7.7,7.8,6.3,100.0,122.8,105.6,
https://www.basketball-reference.com/boxscores/201812170NYK.html,"7:30 PM, December 17, 2018",New York Knicks,Phoenix Suns,110,128,NYK,,,Team Totals,240,40,99,.404,9,35,.257,21,29,.724,16,34,50,15,5,0,11,21,110,,,Team Totals,240,.492,.449,.354,.293,28.6,89.5,53.2,37.5,4.8,0.0,9.0,100.0,105.6,122.8,
https://www.basketball-reference.com/boxscores/201812170OKC.html,"8:00 PM, December 17, 2018",Oklahoma City Thunder,Chicago Bulls,121,96,CHI,,,Team Totals,240,38,85,.447,8,22,.364,12,16,.750,13,28,41,20,10,7,25,31,96,,,Team Totals,240,.522,.494,.259,.188,28.9,62.2,45.6,52.6,9.7,10.3,21.4,100.0,93.4,117.8,
https://www.basketball-reference.com/boxscores/201812170OKC.html,"8:00 PM, December 17, 2018",Oklahoma City Thunder,Chicago Bulls,121,96,OKC,,,Team Totals,240,43,89,.483,8,21,.381,27,33,.818,17,32,49,24,14,2,20,21,121,,,Team Totals,240,.584,.528,.236,.371,37.8,71.1,54.4,55.8,13.6,3.2,16.2,100.0,117.8,93.4,
https://www.basketball-reference.com/boxscores/201812170SAS.html,"8:30 PM, December 17, 2018",San Antonio Spurs,Philadelphia 76ers,123,96,PHI,,,Team Totals,240,40,98,.408,11,37,.297,5,7,.714,12,29,41,29,3,5,11,15,96,,,Team Totals,240,.475,.464,.378,.071,22.6,87.9,47.7,72.5,3.1,7.8,9.8,100.0,99.2,127.1,
https://www.basketball-reference.com/boxscores/201812170SAS.html,"8:30 PM, December 17, 2018",San Antonio Spurs,Philadelphia 76ers,123,96,SAS,,,Team Totals,240,49,87,.563,9,23,.391,16,17,.941,4,41,45,28,5,9,7,14,123,,,Team Totals,240,.651,.615,.264,.195,12.1,77.4,52.3,57.1,5.2,14.8,6.9,100.0,127.1,99.2,
https://www.basketball-reference.com/boxscores/201812180ATL.html,"7:30 PM, December 18, 2018",Atlanta Hawks,Washington Wizards,118,110,WAS,,,Team Totals,240,36,83,.434,13,40,.325,25,36,.694,9,28,37,26,14,1,15,32,110,,,Team Totals,240,.556,.512,.482,.434,20.0,68.3,43.0,72.2,13.5,2.1,13.2,100.0,106.4,114.2,
https://www.basketball-reference.com/boxscores/201812180ATL.html,"7:30 PM, December 18, 2018",Atlanta Hawks,Washington Wizards,118,110,ATL,,,Team Totals,240,37,79,.468,12,32,.375,32,39,.821,13,36,49,23,4,5,24,29,118,,,Team Totals,240,.614,.544,.405,.494,31.7,80.0,57.0,62.2,3.9,11.6,20.0,100.0,114.2,106.4,
https://www.basketball-reference.com/boxscores/201812180BRK.html,"7:30 PM, December 18, 2018",Brooklyn Nets,Los Angeles Lakers,115,110,LAL,,,Team Totals,240,42,90,.467,13,40,.325,13,23,.565,8,40,48,21,6,4,14,19,110,,,Team Totals,240,.549,.539,.444,.256,18.2,90.9,54.5,50.0,5.7,7.0,12.3,100.0,104.8,109.6,
https://www.basketball-reference.com/boxscores/201812180BRK.html,"7:30 PM, December 18, 2018",Brooklyn Nets,Los Angeles Lakers,115,110,BRK,,,Team Totals,240,44,91,.484,14,34,.412,13,19,.684,4,36,40,27,5,4,12,18,115,,,Team Totals,240,.579,.560,.374,.209,9.1,81.8,45.5,61.4,4.8,8.0,10.8,100.0,109.6,104.8,
https://www.basketball-reference.com/boxscores/201812180DEN.html,"9:00 PM, December 18, 2018",Denver Nuggets,Dallas Mavericks,126,118,DAL,,,Team Totals,240,40,86,.465,15,37,.405,23,30,.767,6,27,33,26,8,1,8,17,118,,,Team Totals,240,.595,.552,.430,.349,14.6,69.2,41.3,65.0,8.0,1.6,7.5,100.0,118.7,126.7,
https://www.basketball-reference.com/boxscores/201812180DEN.html,"9:00 PM, December 18, 2018",Denver Nuggets,Dallas Mavericks,126,118,DEN,,,Team Totals,240,50,90,.556,12,29,.414,14,18,.778,12,35,47,33,7,3,16,28,126,,,Team Totals,240,.643,.622,.322,.200,30.8,85.4,58.8,66.0,7.0,6.1,14.0,100.0,126.7,118.7,
https://www.basketball-reference.com/boxscores/201812180IND.html,"7:00 PM, December 18, 2018",Indiana Pacers,Cleveland Cavaliers,91,92,CLE,,,Team Totals,240,38,91,.418,6,31,.194,10,13,.769,12,39,51,19,7,5,12,16,92,,,Team Totals,240,.476,.451,.341,.143,24.0,73.6,49.5,50.0,7.4,7.0,11.0,100.0,97.3,96.2,
https://www.basketball-reference.com/boxscores/201812180IND.html,"7:00 PM, December 18, 2018",Indiana Pacers,Cleveland Cavaliers,91,92,IND,,,Team Totals,240,37,93,.398,4,22,.182,13,21,.619,14,38,52,21,7,9,9,12,91,,,Team Totals,240,.445,.419,.237,.226,26.4,76.0,50.5,56.8,7.4,15.0,8.1,100.0,96.2,97.3,
https://www.basketball-reference.com/boxscores/201812190BOS.html,"7:30 PM, December 19, 2018",Boston Celtics,Phoenix Suns,103,111,PHO,,,Team Totals,240,41,96,.427,11,27,.407,18,22,.818,21,35,56,23,8,6,17,19,111,,,Team Totals,240,.525,.484,.281,.229,42.9,79.5,60.2,56.1,8.3,13.0,13.9,100.0,115.1,106.8,
https://www.basketball-reference.com/boxscores/201812190BOS.html,"7:30 PM, December 19, 2018",Boston Celtics,Phoenix Suns,103,111,BOS,,,Team Totals,240,38,85,.447,15,39,.385,12,14,.857,9,28,37,26,13,15,16,17,103,,,Team Totals,240,.565,.535,.459,.165,20.5,57.1,39.8,68.4,13.5,21.7,14.9,100.0,106.8,115.1,
https://www.basketball-reference.com/boxscores/201812190CHI.html,"8:00 PM, December 19, 2018",Chicago Bulls,Brooklyn Nets,93,96,BRK,,,Team Totals,240,34,74,.459,8,25,.320,20,25,.800,7,38,45,23,3,2,14,14,96,,,Team Totals,240,.565,.514,.338,.338,18.9,80.9,53.6,67.6,3.3,2.8,14.1,100.0,104.7,101.4,
https://www.basketball-reference.com/boxscores/201812190CHI.html,"8:00 PM, December 19, 2018",Chicago Bulls,Brooklyn Nets,93,96,CHI,,,Team Totals,240,40,91,.440,6,19,.316,7,10,.700,9,30,39,21,7,5,9,22,93,,,Team Totals,240,.487,.473,.209,.110,19.1,81.1,46.4,52.5,7.6,10.2,8.6,100.0,101.4,104.7,
https://www.basketball-reference.com/boxscores/201812190CHO.html,"7:00 PM, December 19, 2018",Charlotte Hornets,Cleveland Cavaliers,110,99,CLE,,,Team Totals,240,41,85,.482,10,23,.435,7,12,.583,4,31,35,24,8,6,9,18,99,,,Team Totals,240,.548,.541,.271,.141,9.5,70.5,40.7,58.5,8.5,9.0,9.1,100.0,104.9,116.6,
https://www.basketball-reference.com/boxscores/201812190CHO.html,"7:00 PM, December 19, 2018",Charlotte Hornets,Cleveland Cavaliers,110,99,CHO,,,Team Totals,240,47,92,.511,10,25,.400,6,9,.667,13,38,51,24,4,5,13,14,110,,,Team Totals,240,.573,.565,.272,.098,29.5,90.5,59.3,51.1,4.2,8.1,11.9,100.0,116.6,104.9,
https://www.basketball-reference.com/boxscores/201812190HOU.html,"8:00 PM, December 19, 2018",Houston Rockets,Washington Wizards,136,118,WAS,,,Team Totals,240,45,84,.536,10,30,.333,18,23,.783,4,27,31,28,8,2,11,15,118,,,Team Totals,240,.627,.595,.357,.274,10.8,77.1,43.1,62.2,8.0,6.7,10.5,100.0,117.5,135.5,
https://www.basketball-reference.com/boxscores/201812190HOU.html,"8:00 PM, December 19, 2018",Houston Rockets,Washington Wizards,136,118,HOU,,,Team Totals,240,47,85,.553,26,55,.473,16,21,.762,8,33,41,30,8,2,17,21,136,,,Team Totals,240,.722,.706,.647,.247,22.9,89.2,56.9,63.8,8.0,3.7,15.3,100.0,135.5,117.5,
https://www.basketball-reference.com/boxscores/201812190MIL.html,"8:00 PM, December 19, 2018",Milwaukee Bucks,New Orleans Pelicans,123,115,NOP,,,Team Totals,240,43,92,.467,19,42,.452,10,15,.667,7,34,41,28,6,7,15,22,115,,,Team Totals,240,.583,.571,.457,.163,15.2,79.1,46.1,65.1,5.8,13.5,13.2,100.0,111.3,119.1,
https://www.basketball-reference.com/boxscores/201812190MIL.html,"8:00 PM, December 19, 2018",Milwaukee Bucks,New Orleans Pelicans,123,115,MIL,,,Team Totals,240,43,85,.506,13,33,.394,24,30,.800,9,39,48,26,11,3,14,18,123,,,Team Totals,240,.626,.582,.388,.353,20.9,84.8,53.9,60.5,10.6,6.0,12.5,100.0,119.1,111.3,
https://www.basketball-reference.com/boxscores/201812190MIN.html,"8:00 PM, December 19, 2018",Minnesota Timberwolves,Detroit Pistons,123,129,DET,,,Team Totals,265,46,94,.489,20,48,.417,17,28,.607,8,36,44,26,3,2,13,25,129,,,Team Totals,265,.607,.596,.511,.298,17.4,76.6,47.3,56.5,2.8,2.9,10.9,100.0,119.3,113.7,
https://www.basketball-reference.com/boxscores/201812190MIN.html,"8:00 PM, December 19, 2018",Minnesota Timberwolves,Detroit Pistons,123,129,MIN,,,Team Totals,265,45,103,.437,9,33,.273,24,29,.828,11,38,49,22,8,4,7,27,123,,,Team Totals,265,.531,.481,.320,.282,23.4,82.6,52.7,48.9,7.4,8.7,5.7,100.0,113.7,119.3,
https://www.basketball-reference.com/boxscores/201812190ORL.html,"7:00 PM, December 19, 2018",Orlando Magic,San Antonio Spurs,90,129,SAS,,,Team Totals,240,50,77,.649,12,19,.632,17,21,.810,4,41,45,29,5,4,11,15,129,,,Team Totals,240,.748,.727,.247,.273,15.4,78.8,57.7,58.0,5.3,6.9,11.3,100.0,137.0,95.6,
https://www.basketball-reference.com/boxscores/201812190ORL.html,"7:00 PM, December 19, 2018",Orlando Magic,San Antonio Spurs,90,129,ORL,,,Team Totals,240,34,89,.382,12,31,.387,10,17,.588,11,22,33,19,5,3,13,18,90,,,Team Totals,240,.466,.449,.348,.191,21.2,84.6,42.3,55.9,5.3,5.2,11.9,100.0,95.6,137.0,
https://www.basketball-reference.com/boxscores/201812190PHI.html,"7:00 PM, December 19, 2018",Philadelphia 76ers,New York Knicks,131,109,NYK,,,Team Totals,240,37,86,.430,10,31,.323,25,31,.806,4,31,35,22,2,2,8,19,109,,,Team Totals,240,.547,.488,.360,.360,8.7,77.5,40.7,59.5,2.0,3.4,7.4,100.0,109.0,131.0,
https://www.basketball-reference.com/boxscores/201812190PHI.html,"7:00 PM, December 19, 2018",Philadelphia 76ers,New York Knicks,131,109,PHI,,,Team Totals,240,47,88,.534,15,30,.500,22,25,.880,9,42,51,31,6,4,10,22,131,,,Team Totals,240,.662,.619,.341,.284,22.5,91.3,59.3,66.0,6.0,7.3,9.2,100.0,131.0,109.0,
https://www.basketball-reference.com/boxscores/201812190POR.html,"10:00 PM, December 19, 2018",Portland Trail Blazers,Memphis Grizzlies,99,92,MEM,,,Team Totals,240,33,78,.423,9,27,.333,17,19,.895,11,25,36,22,12,10,14,21,92,,,Team Totals,240,.533,.481,.346,.244,26.2,67.6,45.6,66.7,13.6,20.4,13.9,100.0,103.9,111.8,
https://www.basketball-reference.com/boxscores/201812190POR.html,"10:00 PM, December 19, 2018",Portland Trail Blazers,Memphis Grizzlies,99,92,POR,,,Team Totals,240,35,75,.467,11,26,.423,18,20,.900,12,31,43,16,9,4,21,23,99,,,Team Totals,240,.591,.540,.347,.267,32.4,73.8,54.4,45.7,10.2,7.8,20.0,100.0,111.8,103.9,
https://www.basketball-reference.com/boxscores/201812190SAC.html,"10:00 PM, December 19, 2018",Sacramento Kings,Oklahoma City Thunder,113,132,OKC,,,Team Totals,240,51,102,.500,13,32,.406,17,27,.630,18,48,66,27,8,6,18,24,132,,,Team Totals,240,.580,.564,.314,.265,35.3,82.8,60.6,52.9,7.2,10.2,13.6,100.0,119.6,102.4,
https://www.basketball-reference.com/boxscores/201812190SAC.html,"10:00 PM, December 19, 2018",Sacramento Kings,Oklahoma City Thunder,113,132,SAC,,,Team Totals,240,39,93,.419,13,34,.382,22,33,.667,10,33,43,28,7,5,13,18,113,,,Team Totals,240,.525,.489,.366,.355,17.2,64.7,39.4,71.8,6.3,7.1,10.8,100.0,102.4,119.6,
https://www.basketball-reference.com/boxscores/201812190TOR.html,"7:30 PM, December 19, 2018",Toronto Raptors,Indiana Pacers,99,96,IND,,,Team Totals,240,38,80,.475,9,20,.450,11,16,.688,9,40,49,19,6,7,23,21,96,,,Team Totals,240,.551,.531,.250,.200,22.0,78.4,53.3,50.0,6.1,11.1,20.9,100.0,97.3,100.4,
https://www.basketball-reference.com/boxscores/201812190TOR.html,"7:30 PM, December 19, 2018",Toronto Raptors,Indiana Pacers,99,96,TOR,,,Team Totals,240,38,93,.409,7,30,.233,16,21,.762,11,32,43,20,15,9,9,19,99,,,Team Totals,240,.484,.446,.323,.226,21.6,78.0,46.7,52.6,15.2,15.0,8.1,100.0,100.4,97.3,
https://www.basketball-reference.com/boxscores/201812190UTA.html,"9:00 PM, December 19, 2018",Utah Jazz,Golden State Warriors,108,103,GSW,,,Team Totals,240,38,95,.400,10,31,.323,17,18,.944,10,38,48,18,10,9,12,21,103,,,Team Totals,240,.500,.453,.326,.189,19.2,79.2,48.0,47.4,9.6,17.6,10.4,100.0,99.1,104.0,
https://www.basketball-reference.com/boxscores/201812190UTA.html,"9:00 PM, December 19, 2018",Utah Jazz,Golden State Warriors,108,103,UTA,,,Team Totals,240,37,93,.398,16,42,.381,18,22,.818,10,42,52,30,7,6,16,16,108,,,Team Totals,240,.526,.484,.452,.237,20.8,80.8,52.0,81.1,6.7,9.4,13.5,100.0,104.0,99.1,
https://www.basketball-reference.com/boxscores/201812200LAC.html,"10:30 PM, December 20, 2018",Los Angeles Clippers,Dallas Mavericks,125,121,DAL,,,Team Totals,240,43,92,.467,10,28,.357,25,33,.758,16,29,45,24,8,0,12,30,121,,,Team Totals,240,.568,.522,.304,.359,35.6,72.5,52.9,55.8,8.2,0.0,10.1,100.0,123.9,128.0,
https://www.basketball-reference.com/boxscores/201812200LAC.html,"10:30 PM, December 20, 2018",Los Angeles Clippers,Dallas Mavericks,125,121,LAC,,,Team Totals,240,47,83,.566,6,20,.300,25,31,.806,11,29,40,26,5,5,12,25,125,,,Team Totals,240,.647,.602,.241,.373,27.5,64.4,47.1,55.3,5.1,7.8,11.0,100.0,128.0,123.9,
https://www.basketball-reference.com/boxscores/201812200MIA.html,"8:00 PM, December 20, 2018",Miami Heat,Houston Rockets,101,99,HOU,,,Team Totals,240,29,82,.354,18,54,.333,23,30,.767,8,33,41,20,6,3,8,23,99,,,Team Totals,240,.520,.463,.659,.366,16.3,62.3,40.2,69.0,6.5,5.6,7.8,100.0,106.8,109.0,
https://www.basketball-reference.com/boxscores/201812200MIA.html,"8:00 PM, December 20, 2018",Miami Heat,Houston Rockets,101,99,MIA,,,Team Totals,240,36,93,.387,9,39,.231,20,34,.588,20,41,61,22,6,4,9,18,101,,,Team Totals,240,.468,.435,.419,.366,37.7,83.7,59.8,61.1,6.5,14.3,7.7,100.0,109.0,106.8,
https://www.basketball-reference.com/boxscores/201812210BOS.html,"8:00 PM, December 21, 2018",Boston Celtics,Milwaukee Bucks,107,120,MIL,,,Team Totals,240,41,80,.513,16,40,.400,22,28,.786,11,44,55,26,3,6,21,30,120,,,Team Totals,240,.650,.613,.500,.350,28.9,83.0,60.4,63.4,3.0,10.5,18.5,100.0,119.8,106.8,
https://www.basketball-reference.com/boxscores/201812210BOS.html,"8:00 PM, December 21, 2018",Boston Celtics,Milwaukee Bucks,107,120,BOS,,,Team Totals,240,35,91,.385,10,34,.294,27,36,.750,9,27,36,22,13,3,5,16,107,,,Team Totals,240,.501,.440,.374,.396,17.0,71.1,39.6,62.9,13.0,7.5,4.5,100.0,106.8,119.8,
https://www.basketball-reference.com/boxscores/201812210BRK.html,"7:30 PM, December 21, 2018",Brooklyn Nets,Indiana Pacers,106,114,IND,,,Team Totals,240,44,82,.537,11,26,.423,15,18,.833,6,23,29,24,10,8,12,26,114,,,Team Totals,240,.634,.604,.317,.220,16.7,67.6,41.4,54.5,10.6,19.5,11.8,100.0,120.9,112.5,
https://www.basketball-reference.com/boxscores/201812210BRK.html,"7:30 PM, December 21, 2018",Brooklyn Nets,Indiana Pacers,106,114,BRK,,,Team Totals,240,33,72,.458,16,31,.516,24,34,.706,11,30,41,28,5,3,22,23,106,,,Team Totals,240,.609,.569,.431,.472,32.4,83.3,58.6,84.8,5.3,5.4,20.2,100.0,112.5,120.9,
https://www.basketball-reference.com/boxscores/201812210CHI.html,"8:00 PM, December 21, 2018",Chicago Bulls,Orlando Magic,90,80,ORL,,,Team Totals,240,28,86,.326,8,33,.242,16,24,.667,13,34,47,20,4,5,9,22,80,,,Team Totals,240,.414,.372,.384,.279,24.1,79.1,48.5,71.4,4.6,8.6,8.5,100.0,91.1,102.5,
https://www.basketball-reference.com/boxscores/201812210CHI.html,"8:00 PM, December 21, 2018",Chicago Bulls,Orlando Magic,90,80,CHI,,,Team Totals,240,33,75,.440,5,17,.294,19,26,.731,9,41,50,23,5,6,10,21,90,,,Team Totals,240,.521,.473,.227,.347,20.9,75.9,51.5,69.7,5.7,11.3,10.4,100.0,102.5,91.1,
https://www.basketball-reference.com/boxscores/201812210CHO.html,"7:00 PM, December 21, 2018",Charlotte Hornets,Detroit Pistons,98,86,DET,,,Team Totals,240,32,82,.390,8,34,.235,14,22,.636,12,29,41,21,8,5,16,22,86,,,Team Totals,240,.469,.439,.415,.268,27.3,72.5,48.8,65.6,8.7,9.8,14.9,100.0,93.5,106.5,
https://www.basketball-reference.com/boxscores/201812210CHO.html,"7:00 PM, December 21, 2018",Charlotte Hornets,Detroit Pistons,98,86,CHO,,,Team Totals,240,33,75,.440,12,24,.500,20,28,.714,11,32,43,19,7,5,18,23,98,,,Team Totals,240,.561,.520,.320,.373,27.5,72.7,51.2,57.6,7.6,10.4,17.1,100.0,106.5,93.5,
https://www.basketball-reference.com/boxscores/201812210LAL.html,"10:30 PM, December 21, 2018",Los Angeles Lakers,New Orleans Pelicans,112,104,NOP,,,Team Totals,240,44,102,.431,8,27,.296,8,16,.500,14,39,53,27,8,6,13,24,104,,,Team Totals,240,.477,.471,.265,.157,25.9,83.0,52.5,61.4,7.6,10.0,10.7,100.0,98.4,106.0,
https://www.basketball-reference.com/boxscores/201812210LAL.html,"10:30 PM, December 21, 2018",Los Angeles Lakers,New Orleans Pelicans,112,104,LAL,,,Team Totals,240,43,92,.467,8,32,.250,18,25,.720,8,40,48,28,7,4,13,17,112,,,Team Totals,240,.544,.511,.348,.272,17.0,74.1,47.5,65.1,6.6,5.3,11.2,100.0,106.0,98.4,
https://www.basketball-reference.com/boxscores/201812210NYK.html,"7:30 PM, December 21, 2018",New York Knicks,Atlanta Hawks,107,114,ATL,,,Team Totals,240,43,91,.473,10,29,.345,18,24,.750,15,39,54,29,4,1,16,18,114,,,Team Totals,240,.561,.527,.319,.264,32.6,90.7,60.7,67.4,4.0,1.8,13.6,100.0,112.8,105.9,
https://www.basketball-reference.com/boxscores/201812210NYK.html,"7:30 PM, December 21, 2018",New York Knicks,Atlanta Hawks,107,114,NYK,,,Team Totals,240,41,84,.488,8,27,.296,17,24,.708,4,31,35,20,8,3,13,22,107,,,Team Totals,240,.566,.536,.321,.286,9.3,67.4,39.3,48.8,7.9,4.8,12.1,100.0,105.9,112.8,
https://www.basketball-reference.com/boxscores/201812210POR.html,"10:00 PM, December 21, 2018",Portland Trail Blazers,Utah Jazz,90,120,UTA,,,Team Totals,240,47,85,.553,16,31,.516,10,17,.588,6,36,42,35,7,6,15,21,120,,,Team Totals,240,.649,.647,.365,.200,17.1,73.5,50.0,74.5,7.2,10.9,14.0,100.0,124.2,93.1,
https://www.basketball-reference.com/boxscores/201812210POR.html,"10:00 PM, December 21, 2018",Portland Trail Blazers,Utah Jazz,90,120,POR,,,Team Totals,240,35,87,.402,10,32,.313,10,18,.556,13,29,42,17,8,6,14,16,90,,,Team Totals,240,.474,.460,.368,.207,26.5,82.9,50.0,48.6,8.3,11.1,12.9,100.0,93.1,124.2,
https://www.basketball-reference.com/boxscores/201812210SAC.html,"10:00 PM, December 21, 2018",Sacramento Kings,Memphis Grizzlies,102,99,MEM,,,Team Totals,240,37,80,.463,16,32,.500,9,10,.900,8,36,44,24,7,8,18,25,99,,,Team Totals,240,.586,.563,.400,.125,21.1,75.0,51.2,64.9,7.5,17.0,17.6,100.0,105.8,109.0,
https://www.basketball-reference.com/boxscores/201812210SAC.html,"10:00 PM, December 21, 2018",Sacramento Kings,Memphis Grizzlies,102,99,SAC,,,Team Totals,240,33,88,.375,15,41,.366,21,29,.724,12,30,42,25,10,5,10,15,102,,,Team Totals,240,.506,.460,.466,.330,25.0,78.9,48.8,75.8,10.7,10.4,9.0,100.0,109.0,105.8,
https://www.basketball-reference.com/boxscores/201812210SAS.html,"8:30 PM, December 21, 2018",San Antonio Spurs,Minnesota Timberwolves,124,98,MIN,,,Team Totals,240,33,83,.398,6,21,.286,26,31,.839,9,30,39,19,11,5,12,19,98,,,Team Totals,240,.507,.434,.253,.373,18.8,73.2,43.8,57.6,11.2,9.3,11.0,100.0,100.1,126.7,
https://www.basketball-reference.com/boxscores/201812210SAS.html,"8:30 PM, December 21, 2018",San Antonio Spurs,Minnesota Timberwolves,124,98,SAS,,,Team Totals,240,46,87,.529,19,33,.576,13,18,.722,11,39,50,36,7,3,16,22,124,,,Team Totals,240,.653,.638,.379,.207,26.8,81.3,56.2,78.3,7.2,4.8,14.4,100.0,126.7,100.1,
https://www.basketball-reference.com/boxscores/201812210TOR.html,"7:00 PM, December 21, 2018",Toronto Raptors,Cleveland Cavaliers,126,110,CLE,,,Team Totals,240,39,82,.476,9,24,.375,23,30,.767,11,29,40,20,5,5,11,23,110,,,Team Totals,240,.578,.530,.293,.366,26.2,69.0,47.6,51.3,5.3,8.3,10.4,100.0,116.3,133.3,
https://www.basketball-reference.com/boxscores/201812210TOR.html,"7:00 PM, December 21, 2018",Toronto Raptors,Cleveland Cavaliers,126,110,TOR,,,Team Totals,240,48,91,.527,9,31,.290,21,26,.808,13,31,44,21,9,5,9,23,126,,,Team Totals,240,.615,.577,.341,.286,31.0,73.8,52.4,43.8,9.5,8.6,8.1,100.0,133.3,116.3,
https://www.basketball-reference.com/boxscores/201812220GSW.html,"8:30 PM, December 22, 2018",Golden State Warriors,Dallas Mavericks,120,116,DAL,,,Team Totals,240,42,92,.457,14,39,.359,18,28,.643,11,35,46,28,9,3,14,14,116,,,Team Totals,240,.556,.533,.424,.304,22.0,70.0,46.0,66.7,8.7,5.5,11.8,100.0,112.7,116.6,
https://www.basketball-reference.com/boxscores/201812220GSW.html,"8:30 PM, December 22, 2018",Golden State Warriors,Dallas Mavericks,120,116,GSW,,,Team Totals,240,45,98,.459,15,43,.349,15,16,.938,15,39,54,34,7,7,13,23,120,,,Team Totals,240,.571,.536,.439,.163,30.0,78.0,54.0,75.6,6.8,13.2,11.0,100.0,116.6,112.7,
https://www.basketball-reference.com/boxscores/201812220HOU.html,"8:00 PM, December 22, 2018",Houston Rockets,San Antonio Spurs,108,101,SAS,,,Team Totals,240,42,88,.477,10,24,.417,7,11,.636,5,38,43,24,3,9,9,17,101,,,Team Totals,240,.544,.534,.273,.125,11.4,66.7,42.6,57.1,3.2,22.0,8.8,100.0,107.7,115.2,
https://www.basketball-reference.com/boxscores/201812220HOU.html,"8:00 PM, December 22, 2018",Houston Rockets,San Antonio Spurs,108,101,HOU,,,Team Totals,240,37,95,.389,19,54,.352,15,21,.714,19,39,58,22,4,3,9,18,108,,,Team Totals,240,.518,.489,.568,.221,33.3,88.6,57.4,59.5,4.3,4.7,7.9,100.0,115.2,107.7,
https://www.basketball-reference.com/boxscores/201812220LAC.html,"5:00 PM, December 22, 2018",Los Angeles Clippers,Denver Nuggets,132,111,DEN,,,Team Totals,240,41,97,.423,9,31,.290,20,25,.800,13,24,37,21,10,5,9,16,111,,,Team Totals,240,.514,.469,.320,.258,23.2,64.9,39.8,51.2,9.8,6.9,7.7,100.0,108.7,129.3,
https://www.basketball-reference.com/boxscores/201812220LAC.html,"5:00 PM, December 22, 2018",Los Angeles Clippers,Denver Nuggets,132,111,LAC,,,Team Totals,240,53,92,.576,10,20,.500,16,17,.941,13,43,56,28,7,5,18,23,132,,,Team Totals,240,.663,.630,.217,.185,35.1,76.8,60.2,52.8,6.9,7.6,15.3,100.0,129.3,108.7,
https://www.basketball-reference.com/boxscores/201812220MIA.html,"8:00 PM, December 22, 2018",Miami Heat,Milwaukee Bucks,94,87,MIL,,,Team Totals,240,31,84,.369,9,43,.209,16,22,.727,6,42,48,20,6,9,16,19,87,,,Team Totals,240,.464,.423,.512,.262,11.5,79.2,45.7,64.5,6.0,15.8,14.6,100.0,86.9,93.9,
https://www.basketball-reference.com/boxscores/201812220MIA.html,"8:00 PM, December 22, 2018",Miami Heat,Milwaukee Bucks,94,87,MIA,,,Team Totals,240,34,89,.382,10,32,.313,16,23,.696,11,46,57,22,9,3,12,18,94,,,Team Totals,240,.474,.438,.360,.258,20.8,88.5,54.3,64.7,9.0,7.3,10.8,100.0,93.9,86.9,
https://www.basketball-reference.com/boxscores/201812220PHI.html,"7:30 PM, December 22, 2018",Philadelphia 76ers,Toronto Raptors,126,101,TOR,,,Team Totals,240,37,95,.389,10,40,.250,17,19,.895,8,33,41,17,5,2,15,24,101,,,Team Totals,240,.489,.442,.421,.200,14.0,89.2,43.6,45.9,4.6,3.3,12.7,100.0,93.4,116.5,
https://www.basketball-reference.com/boxscores/201812220PHI.html,"7:30 PM, December 22, 2018",Philadelphia 76ers,Toronto Raptors,126,101,PHI,,,Team Totals,240,46,85,.541,8,24,.333,26,35,.743,4,49,53,33,10,7,13,21,126,,,Team Totals,240,.627,.588,.282,.412,10.8,86.0,56.4,71.7,9.2,12.7,11.5,100.0,116.5,93.4,
https://www.basketball-reference.com/boxscores/201812220UTA.html,"9:00 PM, December 22, 2018",Utah Jazz,Oklahoma City Thunder,106,107,OKC,,,Team Totals,240,42,89,.472,9,25,.360,14,22,.636,8,43,51,19,11,5,17,21,107,,,Team Totals,240,.542,.522,.281,.247,19.0,81.1,53.7,45.2,10.6,8.5,14.7,100.0,102.8,101.9,
https://www.basketball-reference.com/boxscores/201812220UTA.html,"9:00 PM, December 22, 2018",Utah Jazz,Oklahoma City Thunder,106,107,UTA,,,Team Totals,240,42,93,.452,11,34,.324,11,18,.611,10,34,44,35,12,4,13,19,106,,,Team Totals,240,.525,.511,.366,.194,18.9,81.0,46.3,83.3,11.5,6.3,11.4,100.0,101.9,102.8,
https://www.basketball-reference.com/boxscores/201812220WAS.html,"7:00 PM, December 22, 2018",Washington Wizards,Phoenix Suns,149,146,PHO,,,Team Totals,315,55,115,.478,11,35,.314,25,33,.758,19,31,50,30,14,7,15,28,146,,,Team Totals,315,.564,.526,.304,.287,34.5,64.6,48.5,54.5,11.5,9.3,10.4,100.0,119.7,122.1,
https://www.basketball-reference.com/boxscores/201812220WAS.html,"7:00 PM, December 22, 2018",Washington Wizards,Phoenix Suns,149,146,WAS,,,Team Totals,315,56,111,.505,13,36,.361,24,27,.889,17,36,53,40,6,5,22,26,149,,,Team Totals,315,.606,.563,.324,.243,35.4,65.5,51.5,71.4,4.9,6.3,15.2,100.0,122.1,119.7,
https://www.basketball-reference.com/boxscores/201812230BOS.html,"6:00 PM, December 23, 2018",Boston Celtics,Charlotte Hornets,119,103,CHO,,,Team Totals,240,38,88,.432,8,32,.250,19,26,.731,9,28,37,24,9,5,11,17,103,,,Team Totals,240,.518,.477,.364,.295,20.0,71.8,44.0,63.2,9.2,10.6,10.0,100.0,105.3,121.6,
https://www.basketball-reference.com/boxscores/201812230BOS.html,"6:00 PM, December 23, 2018",Boston Celtics,Charlotte Hornets,119,103,BOS,,,Team Totals,240,43,86,.500,13,39,.333,20,25,.800,11,36,47,30,8,4,14,22,119,,,Team Totals,240,.613,.576,.453,.291,28.2,80.0,56.0,69.8,8.2,7.1,12.6,100.0,121.6,105.3,
https://www.basketball-reference.com/boxscores/201812230BRK.html,"6:00 PM, December 23, 2018",Brooklyn Nets,Phoenix Suns,111,103,PHO,,,Team Totals,240,43,89,.483,3,17,.176,14,16,.875,10,31,41,24,10,5,13,27,103,,,Team Totals,240,.536,.500,.191,.180,22.2,68.9,45.6,55.8,10.1,8.6,11.9,100.0,104.2,112.3,
https://www.basketball-reference.com/boxscores/201812230BRK.html,"6:00 PM, December 23, 2018",Brooklyn Nets,Phoenix Suns,111,103,BRK,,,Team Totals,240,40,85,.471,10,27,.370,21,33,.636,14,35,49,25,7,4,17,15,111,,,Team Totals,240,.558,.529,.318,.388,31.1,77.8,54.4,62.5,7.1,5.6,14.6,100.0,112.3,104.2,
https://www.basketball-reference.com/boxscores/201812230CLE.html,"6:00 PM, December 23, 2018",Cleveland Cavaliers,Chicago Bulls,92,112,CHI,,,Team Totals,240,43,78,.551,11,22,.500,15,17,.882,7,36,43,26,7,3,15,19,112,,,Team Totals,240,.655,.622,.282,.218,22.6,83.7,58.1,60.5,7.6,4.9,14.9,100.0,121.1,99.5,
https://www.basketball-reference.com/boxscores/201812230CLE.html,"6:00 PM, December 23, 2018",Cleveland Cavaliers,Chicago Bulls,92,112,CLE,,,Team Totals,240,38,84,.452,7,23,.304,9,14,.643,7,24,31,11,5,2,12,20,92,,,Team Totals,240,.510,.494,.274,.167,16.3,77.4,41.9,28.9,5.4,3.6,11.7,100.0,99.5,121.1,
https://www.basketball-reference.com/boxscores/201812230DET.html,"4:00 PM, December 23, 2018",Detroit Pistons,Atlanta Hawks,95,98,ATL,,,Team Totals,240,36,91,.396,6,23,.261,20,25,.800,15,39,54,24,9,9,16,25,98,,,Team Totals,240,.480,.429,.253,.275,29.4,88.6,56.8,66.7,8.8,16.7,13.6,100.0,96.3,93.4,
https://www.basketball-reference.com/boxscores/201812230DET.html,"4:00 PM, December 23, 2018",Detroit Pistons,Atlanta Hawks,95,98,DET,,,Team Totals,240,34,83,.410,10,29,.345,17,27,.630,5,36,41,21,6,9,16,25,95,,,Team Totals,240,.501,.470,.349,.325,11.4,70.6,43.2,61.8,5.9,13.2,14.4,100.0,93.4,96.3,
https://www.basketball-reference.com/boxscores/201812230GSW.html,"8:30 PM, December 23, 2018",Golden State Warriors,Los Angeles Clippers,129,127,LAC,,,Team Totals,240,43,80,.538,18,23,.783,23,29,.793,5,37,42,23,1,1,17,25,127,,,Team Totals,240,.685,.650,.288,.363,13.9,71.2,47.7,53.5,1.0,1.9,15.5,100.0,125.9,127.9,
https://www.basketball-reference.com/boxscores/201812230GSW.html,"8:30 PM, December 23, 2018",Golden State Warriors,Los Angeles Clippers,129,127,GSW,,,Team Totals,240,42,93,.452,14,40,.350,31,36,.861,15,31,46,22,9,7,7,27,129,,,Team Totals,240,.593,.527,.430,.387,28.8,86.1,52.3,52.4,8.9,12.3,6.0,100.0,127.9,125.9,
https://www.basketball-reference.com/boxscores/201812230IND.html,"5:00 PM, December 23, 2018",Indiana Pacers,Washington Wizards,105,89,WAS,,,Team Totals,240,28,76,.368,9,35,.257,24,26,.923,6,31,37,21,8,1,22,18,89,,,Team Totals,240,.509,.428,.461,.342,12.8,66.0,39.4,75.0,8.0,1.5,20.1,100.0,88.6,104.5,
https://www.basketball-reference.com/boxscores/201812230IND.html,"5:00 PM, December 23, 2018",Indiana Pacers,Washington Wizards,105,89,IND,,,Team Totals,240,43,97,.443,9,30,.300,10,12,.833,16,41,57,24,12,6,17,25,105,,,Team Totals,240,.513,.490,.309,.124,34.0,87.2,60.6,55.8,11.9,14.6,14.3,100.0,104.5,88.6,
https://www.basketball-reference.com/boxscores/201812230LAL.html,"9:30 PM, December 23, 2018",Los Angeles Lakers,Memphis Grizzlies,99,107,MEM,,,Team Totals,240,42,90,.467,14,26,.538,9,14,.643,9,34,43,24,9,7,12,20,107,,,Team Totals,240,.556,.544,.289,.156,20.5,85.0,51.2,57.1,9.4,15.6,11.1,100.0,112.2,103.8,
https://www.basketball-reference.com/boxscores/201812230LAL.html,"9:30 PM, December 23, 2018",Los Angeles Lakers,Memphis Grizzlies,99,107,LAL,,,Team Totals,240,37,75,.493,10,30,.333,15,22,.682,6,35,41,27,6,8,16,16,99,,,Team Totals,240,.585,.560,.400,.293,15.0,79.5,48.8,73.0,6.3,12.5,15.9,100.0,103.8,112.2,
https://www.basketball-reference.com/boxscores/201812230OKC.html,"8:00 PM, December 23, 2018",Oklahoma City Thunder,Minnesota Timberwolves,112,114,MIN,,,Team Totals,240,41,83,.494,14,27,.519,18,27,.667,6,34,40,25,9,5,17,23,114,,,Team Totals,240,.601,.578,.325,.325,14.3,79.1,47.1,61.0,8.7,7.7,15.2,100.0,110.3,108.4,
https://www.basketball-reference.com/boxscores/201812230OKC.html,"8:00 PM, December 23, 2018",Oklahoma City Thunder,Minnesota Timberwolves,112,114,OKC,,,Team Totals,240,43,90,.478,9,25,.360,17,22,.773,9,36,45,17,4,10,14,27,112,,,Team Totals,240,.562,.528,.278,.244,20.9,85.7,52.9,39.5,3.9,17.9,12.3,100.0,108.4,110.3,
https://www.basketball-reference.com/boxscores/201812230ORL.html,"6:00 PM, December 23, 2018",Orlando Magic,Miami Heat,91,115,MIA,,,Team Totals,240,43,85,.506,16,31,.516,13,19,.684,9,30,39,27,11,3,12,26,115,,,Team Totals,240,.616,.600,.365,.224,24.3,71.4,49.4,62.8,12.0,7.1,11.4,100.0,125.7,99.5,
https://www.basketball-reference.com/boxscores/201812230ORL.html,"6:00 PM, December 23, 2018",Orlando Magic,Miami Heat,91,115,ORL,,,Team Totals,240,29,70,.414,10,28,.357,23,32,.719,12,28,40,15,4,5,19,19,91,,,Team Totals,240,.541,.486,.400,.457,28.6,75.7,50.6,51.7,4.4,9.3,18.4,100.0,99.5,125.7,
https://www.basketball-reference.com/boxscores/201812230POR.html,"9:00 PM, December 23, 2018",Portland Trail Blazers,Dallas Mavericks,121,118,DAL,,,Team Totals,265,43,103,.417,12,34,.353,20,28,.714,8,41,49,22,1,2,10,20,118,,,Team Totals,265,.512,.476,.330,.272,14.8,85.4,48.0,51.2,0.9,3.0,8.0,100.0,104.0,106.7,
https://www.basketball-reference.com/boxscores/201812230POR.html,"9:00 PM, December 23, 2018",Portland Trail Blazers,Dallas Mavericks,121,118,POR,,,Team Totals,265,49,104,.471,11,38,.289,12,17,.706,7,46,53,29,5,6,10,26,121,,,Team Totals,265,.543,.524,.365,.163,14.6,85.2,52.0,59.2,4.4,8.7,8.2,100.0,106.7,104.0,
https://www.basketball-reference.com/boxscores/201812230SAC.html,"6:00 PM, December 23, 2018",Sacramento Kings,New Orleans Pelicans,122,117,NOP,,,Team Totals,240,44,94,.468,6,26,.231,23,28,.821,12,46,58,26,6,9,13,29,117,,,Team Totals,240,.550,.500,.277,.298,24.0,79.3,53.7,59.1,5.6,13.0,10.9,100.0,109.0,113.6,
https://www.basketball-reference.com/boxscores/201812230SAC.html,"6:00 PM, December 23, 2018",Sacramento Kings,New Orleans Pelicans,122,117,SAC,,,Team Totals,240,42,100,.420,14,31,.452,24,33,.727,12,38,50,26,9,4,9,21,122,,,Team Totals,240,.533,.490,.310,.330,20.7,76.0,46.3,61.9,8.4,5.9,7.3,100.0,113.6,109.0,
https://www.basketball-reference.com/boxscores/201812250BOS.html,"5:30 PM, December 25, 2018",Boston Celtics,Philadelphia 76ers,121,114,PHI,,,Team Totals,265,38,92,.413,15,40,.375,23,29,.793,9,47,56,25,6,4,19,21,114,,,Team Totals,265,.544,.495,.435,.315,17.6,78.3,50.5,65.8,5.4,6.0,15.4,100.0,102.3,108.6,
https://www.basketball-reference.com/boxscores/201812250BOS.html,"5:30 PM, December 25, 2018",Boston Celtics,Philadelphia 76ers,121,114,BOS,,,Team Totals,265,45,108,.417,14,41,.341,17,20,.850,13,42,55,21,8,4,9,21,121,,,Team Totals,265,.518,.481,.380,.185,21.7,82.4,49.5,46.7,7.2,7.7,7.2,100.0,108.6,102.3,
https://www.basketball-reference.com/boxscores/201812250GSW.html,"8:00 PM, December 25, 2018",Golden State Warriors,Los Angeles Lakers,101,127,LAL,,,Team Totals,240,47,85,.553,13,33,.394,20,27,.741,6,43,49,27,5,3,12,20,127,,,Team Totals,240,.655,.629,.388,.318,16.7,86.0,57.0,57.4,4.8,5.3,11.0,100.0,122.0,97.0,
https://www.basketball-reference.com/boxscores/201812250GSW.html,"8:00 PM, December 25, 2018",Golden State Warriors,Los Angeles Lakers,101,127,GSW,,,Team Totals,240,38,93,.409,9,36,.250,16,21,.762,7,30,37,28,5,1,14,21,101,,,Team Totals,240,.494,.457,.387,.226,14.0,83.3,43.0,73.7,4.8,1.9,12.0,100.0,97.0,122.0,
https://www.basketball-reference.com/boxscores/201812250HOU.html,"3:00 PM, December 25, 2018",Houston Rockets,Oklahoma City Thunder,113,109,OKC,,,Team Totals,240,43,98,.439,9,30,.300,14,21,.667,18,34,52,23,12,11,15,22,109,,,Team Totals,240,.508,.485,.306,.214,32.7,66.7,49.1,53.5,11.6,20.8,12.3,100.0,105.3,109.2,
https://www.basketball-reference.com/boxscores/201812250HOU.html,"3:00 PM, December 25, 2018",Houston Rockets,Oklahoma City Thunder,113,109,HOU,,,Team Totals,240,44,97,.454,14,44,.318,11,17,.647,17,37,54,18,9,4,20,25,113,,,Team Totals,240,.541,.526,.454,.175,33.3,67.3,50.9,40.9,8.7,5.9,16.1,100.0,109.2,105.3,
https://www.basketball-reference.com/boxscores/201812250NYK.html,"12:00 PM, December 25, 2018",New York Knicks,Milwaukee Bucks,95,109,MIL,,,Team Totals,240,40,89,.449,6,32,.188,23,34,.676,6,45,51,22,9,8,8,19,109,,,Team Totals,240,.524,.483,.360,.382,12.5,75.0,47.2,55.0,8.7,11.8,7.1,100.0,105.4,91.8,
https://www.basketball-reference.com/boxscores/201812250NYK.html,"12:00 PM, December 25, 2018",New York Knicks,Milwaukee Bucks,95,109,NYK,,,Team Totals,240,35,97,.361,8,29,.276,17,21,.810,15,42,57,17,4,3,14,25,95,,,Team Totals,240,.447,.402,.299,.216,25.0,87.5,52.8,48.6,3.9,5.3,11.6,100.0,91.8,105.4,
https://www.basketball-reference.com/boxscores/201812250UTA.html,"10:30 PM, December 25, 2018",Utah Jazz,Portland Trail Blazers,117,96,POR,,,Team Totals,240,35,89,.393,9,23,.391,17,26,.654,11,31,42,20,7,3,12,20,96,,,Team Totals,240,.478,.444,.258,.292,21.6,77.5,46.2,57.1,7.0,5.6,10.7,100.0,96.4,117.5,
https://www.basketball-reference.com/boxscores/201812250UTA.html,"10:30 PM, December 25, 2018",Utah Jazz,Portland Trail Blazers,117,96,UTA,,,Team Totals,240,46,83,.554,13,29,.448,12,23,.522,9,40,49,20,7,10,17,19,117,,,Team Totals,240,.628,.633,.349,.277,22.5,78.4,53.8,43.5,7.0,15.2,15.4,100.0,117.5,96.4,
https://www.basketball-reference.com/boxscores/201812260ATL.html,"7:30 PM, December 26, 2018",Atlanta Hawks,Indiana Pacers,121,129,IND,,,Team Totals,240,46,83,.554,13,27,.481,24,33,.727,10,29,39,35,13,3,17,17,129,,,Team Totals,240,.661,.633,.325,.398,25.0,72.5,48.8,76.1,12.6,5.7,14.8,100.0,124.9,117.2,
https://www.basketball-reference.com/boxscores/201812260ATL.html,"7:30 PM, December 26, 2018",Atlanta Hawks,Indiana Pacers,121,129,ATL,,,Team Totals,240,45,89,.506,17,36,.472,14,18,.778,11,30,41,33,8,6,20,24,121,,,Team Totals,240,.624,.601,.404,.202,27.5,75.0,51.3,73.3,7.7,10.7,17.1,100.0,117.2,124.9,
https://www.basketball-reference.com/boxscores/201812260BRK.html,"7:30 PM, December 26, 2018",Brooklyn Nets,Charlotte Hornets,134,132,CHO,,,Team Totals,290,47,106,.443,15,31,.484,23,30,.767,12,41,53,26,8,3,14,20,132,,,Team Totals,290,.554,.514,.292,.283,20.3,80.4,48.2,55.3,6.8,5.3,10.5,100.0,111.8,113.4,
https://www.basketball-reference.com/boxscores/201812260BRK.html,"7:30 PM, December 26, 2018",Brooklyn Nets,Charlotte Hornets,134,132,BRK,,,Team Totals,290,51,104,.490,19,47,.404,13,18,.722,10,47,57,31,8,7,17,26,134,,,Team Totals,290,.599,.582,.452,.173,19.6,79.7,51.8,60.8,6.8,9.3,13.2,100.0,113.4,111.8,
https://www.basketball-reference.com/boxscores/201812260CHI.html,"8:00 PM, December 26, 2018",Chicago Bulls,Minnesota Timberwolves,94,119,MIN,,,Team Totals,240,46,93,.495,11,32,.344,16,19,.842,12,40,52,26,4,1,12,15,119,,,Team Totals,240,.587,.554,.344,.204,26.7,76.9,53.6,56.5,4.1,1.4,10.6,100.0,121.0,95.5,
https://www.basketball-reference.com/boxscores/201812260CHI.html,"8:00 PM, December 26, 2018",Chicago Bulls,Minnesota Timberwolves,94,119,CHI,,,Team Totals,240,39,95,.411,6,23,.261,10,16,.625,12,33,45,22,6,5,10,21,94,,,Team Totals,240,.461,.442,.242,.168,23.1,73.3,46.4,56.4,6.1,8.2,8.9,100.0,95.5,121.0,
https://www.basketball-reference.com/boxscores/201812260DAL.html,"8:30 PM, December 26, 2018",Dallas Mavericks,New Orleans Pelicans,122,119,NOP,,,Team Totals,240,42,90,.467,12,27,.444,23,30,.767,7,32,39,25,4,2,10,27,119,,,Team Totals,240,.577,.533,.300,.333,15.6,80.0,45.9,59.5,3.9,4.3,8.8,100.0,117.1,120.1,
https://www.basketball-reference.com/boxscores/201812260DAL.html,"8:30 PM, December 26, 2018",Dallas Mavericks,New Orleans Pelicans,122,119,DAL,,,Team Totals,240,39,81,.481,12,35,.343,32,38,.842,8,38,46,23,3,13,12,25,122,,,Team Totals,240,.624,.556,.432,.469,20.0,84.4,54.1,59.0,3.0,20.6,10.9,100.0,120.1,117.1,
https://www.basketball-reference.com/boxscores/201812260DET.html,"7:00 PM, December 26, 2018",Detroit Pistons,Washington Wizards,106,95,WAS,,,Team Totals,240,38,83,.458,9,33,.273,10,13,.769,6,25,31,17,14,4,16,21,95,,,Team Totals,240,.535,.512,.398,.157,14.6,69.4,40.3,44.7,14.4,9.3,15.3,100.0,97.6,108.9,
https://www.basketball-reference.com/boxscores/201812260DET.html,"7:00 PM, December 26, 2018",Detroit Pistons,Washington Wizards,106,95,DET,,,Team Totals,240,37,80,.463,14,37,.378,18,19,.947,11,35,46,25,8,4,24,20,106,,,Team Totals,240,.600,.550,.463,.238,30.6,85.4,59.7,67.6,8.2,8.0,21.4,100.0,108.9,97.6,
https://www.basketball-reference.com/boxscores/201812260LAC.html,"10:30 PM, December 26, 2018",Los Angeles Clippers,Sacramento Kings,127,118,SAC,,,Team Totals,240,49,104,.471,10,30,.333,10,15,.667,12,31,43,26,8,10,13,21,118,,,Team Totals,240,.533,.519,.288,.144,25.0,68.9,46.2,53.1,7.5,14.7,10.5,100.0,111.1,119.5,
https://www.basketball-reference.com/boxscores/201812260LAC.html,"10:30 PM, December 26, 2018",Los Angeles Clippers,Sacramento Kings,127,118,LAC,,,Team Totals,240,48,96,.500,12,28,.429,19,23,.826,14,36,50,23,7,6,15,20,127,,,Team Totals,240,.598,.563,.292,.240,31.1,75.0,53.8,47.9,6.6,8.1,12.4,100.0,119.5,111.1,
https://www.basketball-reference.com/boxscores/201812260MEM.html,"8:00 PM, December 26, 2018",Memphis Grizzlies,Cleveland Cavaliers,95,87,CLE,,,Team Totals,240,33,93,.355,9,29,.310,12,15,.800,19,34,53,19,9,1,17,21,87,,,Team Totals,240,.437,.403,.312,.161,38.0,91.9,60.9,57.6,9.8,2.0,14.6,100.0,95.0,103.8,
https://www.basketball-reference.com/boxscores/201812260MEM.html,"8:00 PM, December 26, 2018",Memphis Grizzlies,Cleveland Cavaliers,95,87,MEM,,,Team Totals,240,36,72,.500,5,22,.227,18,24,.750,3,31,34,22,7,9,13,16,95,,,Team Totals,240,.575,.535,.306,.333,8.1,62.0,39.1,61.1,7.6,14.1,13.6,100.0,103.8,95.0,
https://www.basketball-reference.com/boxscores/201812260MIA.html,"7:30 PM, December 26, 2018",Miami Heat,Toronto Raptors,104,106,TOR,,,Team Totals,240,37,79,.468,13,30,.433,19,23,.826,10,33,43,19,8,2,16,16,106,,,Team Totals,240,.595,.551,.380,.291,25.6,84.6,55.1,51.4,8.6,3.7,15.2,100.0,114.0,111.9,
https://www.basketball-reference.com/boxscores/201812260MIA.html,"7:30 PM, December 26, 2018",Miami Heat,Toronto Raptors,104,106,MIA,,,Team Totals,240,43,83,.518,12,29,.414,6,12,.500,6,29,35,28,10,6,12,17,104,,,Team Totals,240,.589,.590,.349,.145,15.4,74.4,44.9,65.1,10.8,12.2,12.0,100.0,111.9,114.0,
https://www.basketball-reference.com/boxscores/201812260ORL.html,"7:00 PM, December 26, 2018",Orlando Magic,Phoenix Suns,120,122,PHO,,,Team Totals,265,48,95,.505,13,24,.542,13,17,.765,11,34,45,22,9,9,18,19,122,,,Team Totals,265,.595,.574,.253,.179,26.2,75.6,51.7,45.8,8.4,15.0,14.9,100.0,113.6,111.7,
https://www.basketball-reference.com/boxscores/201812260ORL.html,"7:00 PM, December 26, 2018",Orlando Magic,Phoenix Suns,120,122,ORL,,,Team Totals,265,44,96,.458,14,36,.389,18,22,.818,11,31,42,20,11,2,17,18,120,,,Team Totals,265,.568,.531,.375,.229,24.4,73.8,48.3,45.5,10.2,2.8,13.9,100.0,111.7,113.6,
https://www.basketball-reference.com/boxscores/201812260SAS.html,"8:30 PM, December 26, 2018",San Antonio Spurs,Denver Nuggets,111,103,DEN,,,Team Totals,240,35,90,.389,18,40,.450,15,23,.652,11,36,47,29,10,3,13,17,103,,,Team Totals,240,.514,.489,.444,.256,20.4,83.7,48.5,82.9,10.0,5.2,11.5,100.0,102.7,110.6,
https://www.basketball-reference.com/boxscores/201812260SAS.html,"8:30 PM, December 26, 2018",San Antonio Spurs,Denver Nuggets,111,103,SAS,,,Team Totals,240,42,90,.467,10,32,.313,17,22,.773,7,43,50,29,6,4,10,17,111,,,Team Totals,240,.557,.522,.356,.244,16.3,79.6,51.5,69.0,6.0,8.0,9.1,100.0,110.6,102.7,
https://www.basketball-reference.com/boxscores/201812270GSW.html,"10:30 PM, December 27, 2018",Golden State Warriors,Portland Trail Blazers,109,110,POR,,,Team Totals,265,38,105,.362,13,40,.325,21,23,.913,11,43,54,20,7,4,15,18,110,,,Team Totals,265,.478,.424,.381,.219,19.6,75.4,47.8,52.6,6.2,6.5,11.5,100.0,97.3,96.4,
https://www.basketball-reference.com/boxscores/201812270GSW.html,"10:30 PM, December 27, 2018",Golden State Warriors,Portland Trail Blazers,109,110,GSW,,,Team Totals,265,45,106,.425,13,44,.295,6,15,.400,14,45,59,36,10,9,15,19,109,,,Team Totals,265,.484,.486,.415,.142,24.6,80.4,52.2,80.0,8.8,13.8,11.8,100.0,96.4,97.3,
https://www.basketball-reference.com/boxscores/201812270HOU.html,"8:00 PM, December 27, 2018",Houston Rockets,Boston Celtics,127,113,BOS,,,Team Totals,240,38,81,.469,12,31,.387,25,31,.806,6,31,37,28,9,3,11,22,113,,,Team Totals,240,.597,.543,.383,.383,13.3,66.0,40.2,73.7,9.2,7.3,10.4,100.0,116.0,130.3,
https://www.basketball-reference.com/boxscores/201812270HOU.html,"8:00 PM, December 27, 2018",Houston Rockets,Boston Celtics,127,113,HOU,,,Team Totals,240,41,86,.477,18,45,.400,27,35,.771,16,39,55,17,4,4,13,22,127,,,Team Totals,240,.626,.581,.523,.407,34.0,86.7,59.8,41.5,4.1,8.0,11.4,100.0,130.3,116.0,
https://www.basketball-reference.com/boxscores/201812270MIL.html,"8:00 PM, December 27, 2018",Milwaukee Bucks,New York Knicks,112,96,NYK,,,Team Totals,240,36,97,.371,13,31,.419,11,16,.688,10,33,43,21,8,6,10,20,96,,,Team Totals,240,.461,.438,.320,.165,17.9,75.0,43.0,58.3,7.8,9.8,8.8,100.0,93.9,109.5,
https://www.basketball-reference.com/boxscores/201812270MIL.html,"8:00 PM, December 27, 2018",Milwaukee Bucks,New York Knicks,112,96,MIL,,,Team Totals,240,42,93,.452,11,32,.344,17,21,.810,11,46,57,20,4,11,15,14,112,,,Team Totals,240,.548,.511,.344,.226,25.0,82.1,57.0,47.6,3.9,16.7,12.8,100.0,109.5,93.9,
https://www.basketball-reference.com/boxscores/201812270SAC.html,"10:00 PM, December 27, 2018",Sacramento Kings,Los Angeles Lakers,117,116,LAL,,,Team Totals,240,45,88,.511,10,25,.400,16,23,.696,9,37,46,25,7,5,18,19,116,,,Team Totals,240,.591,.568,.284,.261,22.0,69.8,48.9,55.6,6.6,6.9,15.5,100.0,109.7,110.7,
https://www.basketball-reference.com/boxscores/201812270SAC.html,"10:00 PM, December 27, 2018",Sacramento Kings,Los Angeles Lakers,117,116,SAC,,,Team Totals,240,45,101,.446,10,29,.345,17,21,.810,16,32,48,25,10,5,15,20,117,,,Team Totals,240,.531,.495,.287,.208,30.2,78.0,51.1,55.6,9.5,7.9,12.0,100.0,110.7,109.7,
https://www.basketball-reference.com/boxscores/201812270UTA.html,"10:30 PM, December 27, 2018",Utah Jazz,Philadelphia 76ers,97,114,PHI,,,Team Totals,240,43,86,.500,13,35,.371,15,18,.833,9,38,47,31,7,7,13,21,114,,,Team Totals,240,.607,.576,.407,.209,22.0,76.0,51.6,72.1,7.2,13.7,12.2,100.0,116.7,99.3,
https://www.basketball-reference.com/boxscores/201812270UTA.html,"10:30 PM, December 27, 2018",Utah Jazz,Philadelphia 76ers,97,114,UTA,,,Team Totals,240,33,86,.384,11,35,.314,20,27,.741,12,32,44,19,11,1,16,19,97,,,Team Totals,240,.496,.448,.407,.314,24.0,78.0,48.4,57.6,11.3,2.0,14.0,100.0,99.3,116.7,
https://www.basketball-reference.com/boxscores/201812280CHO.html,"7:00 PM, December 28, 2018",Charlotte Hornets,Brooklyn Nets,100,87,BRK,,,Team Totals,240,33,83,.398,4,27,.148,17,20,.850,9,39,48,15,4,10,14,20,87,,,Team Totals,240,.474,.422,.325,.241,19.6,76.5,49.5,45.5,4.2,14.9,13.2,100.0,90.3,103.8,
https://www.basketball-reference.com/boxscores/201812280CHO.html,"7:00 PM, December 28, 2018",Charlotte Hornets,Brooklyn Nets,100,87,CHO,,,Team Totals,240,41,100,.410,11,33,.333,7,10,.700,12,37,49,19,4,8,9,22,100,,,Team Totals,240,.479,.465,.330,.100,23.5,80.4,50.5,46.3,4.2,14.3,7.9,100.0,103.8,90.3,
https://www.basketball-reference.com/boxscores/201812280DEN.html,"9:00 PM, December 28, 2018",Denver Nuggets,San Antonio Spurs,102,99,SAS,,,Team Totals,240,40,89,.449,8,27,.296,11,20,.550,12,26,38,23,14,3,10,19,99,,,Team Totals,240,.506,.494,.303,.225,25.0,61.9,42.2,57.5,15.0,5.4,9.3,100.0,105.9,109.1,
https://www.basketball-reference.com/boxscores/201812280DEN.html,"9:00 PM, December 28, 2018",Denver Nuggets,San Antonio Spurs,102,99,DEN,,,Team Totals,240,39,85,.459,10,29,.345,14,17,.824,16,36,52,29,5,4,20,20,102,,,Team Totals,240,.551,.518,.341,.200,38.1,75.0,57.8,74.4,5.3,6.5,17.8,100.0,109.1,105.9,
https://www.basketball-reference.com/boxscores/201812280IND.html,"7:00 PM, December 28, 2018",Indiana Pacers,Detroit Pistons,125,88,DET,,,Team Totals,240,34,91,.374,9,36,.250,11,12,.917,16,28,44,25,7,6,22,22,88,,,Team Totals,240,.457,.423,.396,.132,30.8,80.0,50.6,73.5,7.0,8.8,18.6,100.0,88.1,125.2,
https://www.basketball-reference.com/boxscores/201812280IND.html,"7:00 PM, December 28, 2018",Indiana Pacers,Detroit Pistons,125,88,IND,,,Team Totals,240,53,87,.609,5,19,.263,14,20,.700,7,36,43,33,11,5,13,17,125,,,Team Totals,240,.652,.638,.218,.230,20.0,69.2,49.4,62.3,11.0,9.1,11.9,100.0,125.2,88.1,
https://www.basketball-reference.com/boxscores/201812280LAL.html,"10:30 PM, December 28, 2018",Los Angeles Lakers,Los Angeles Clippers,107,118,LAC,,,Team Totals,240,40,91,.440,6,19,.316,32,34,.941,7,46,53,21,10,4,14,29,118,,,Team Totals,240,.557,.473,.209,.374,14.3,85.2,51.5,52.5,9.1,7.0,11.7,100.0,106.9,97.0,
https://www.basketball-reference.com/boxscores/201812280LAL.html,"10:30 PM, December 28, 2018",Los Angeles Lakers,Los Angeles Clippers,107,118,LAL,,,Team Totals,240,36,87,.414,11,30,.367,24,35,.686,8,42,50,23,5,2,17,22,107,,,Team Totals,240,.522,.477,.345,.402,14.8,85.7,48.5,63.9,4.5,2.8,14.2,100.0,97.0,106.9,
https://www.basketball-reference.com/boxscores/201812280MIA.html,"8:00 PM, December 28, 2018",Miami Heat,Cleveland Cavaliers,118,94,CLE,,,Team Totals,240,31,81,.383,13,37,.351,19,22,.864,9,33,42,21,6,2,15,15,94,,,Team Totals,240,.518,.463,.457,.272,20.5,76.7,48.3,67.7,6.4,3.3,14.2,100.0,100.2,125.8,
https://www.basketball-reference.com/boxscores/201812280MIA.html,"8:00 PM, December 28, 2018",Miami Heat,Cleveland Cavaliers,118,94,MIA,,,Team Totals,240,48,91,.527,10,31,.323,12,16,.750,10,35,45,29,8,5,7,21,118,,,Team Totals,240,.602,.582,.341,.176,23.3,79.5,51.7,60.4,8.5,11.4,6.7,100.0,125.8,100.2,
https://www.basketball-reference.com/boxscores/201812280MIN.html,"8:00 PM, December 28, 2018",Minnesota Timberwolves,Atlanta Hawks,120,123,ATL,,,Team Totals,265,47,100,.470,16,35,.457,13,20,.650,17,41,58,32,10,6,24,33,123,,,Team Totals,265,.565,.550,.350,.200,35.4,71.9,55.2,68.1,9.0,9.1,18.1,100.0,110.4,107.7,
https://www.basketball-reference.com/boxscores/201812280MIN.html,"8:00 PM, December 28, 2018",Minnesota Timberwolves,Atlanta Hawks,120,123,MIN,,,Team Totals,265,44,98,.449,11,32,.344,21,38,.553,16,31,47,28,14,9,14,26,120,,,Team Totals,265,.523,.505,.327,.388,28.1,64.6,44.8,63.6,12.6,13.8,10.9,100.0,107.7,110.4,
https://www.basketball-reference.com/boxscores/201812280NOP.html,"8:00 PM, December 28, 2018",New Orleans Pelicans,Dallas Mavericks,114,112,DAL,,,Team Totals,240,37,78,.474,15,32,.469,23,33,.697,11,28,39,19,7,6,16,22,112,,,Team Totals,240,.605,.571,.410,.423,27.5,58.3,44.3,51.4,7.4,8.2,14.7,100.0,118.0,120.2,
https://www.basketball-reference.com/boxscores/201812280NOP.html,"8:00 PM, December 28, 2018",New Orleans Pelicans,Dallas Mavericks,114,112,NOP,,,Team Totals,240,44,96,.458,4,23,.174,22,27,.815,20,29,49,22,7,4,11,28,114,,,Team Totals,240,.528,.479,.240,.281,41.7,72.5,55.7,50.0,7.4,8.7,9.3,100.0,120.2,118.0,
https://www.basketball-reference.com/boxscores/201812280ORL.html,"7:00 PM, December 28, 2018",Orlando Magic,Toronto Raptors,116,87,TOR,,,Team Totals,240,28,95,.295,12,34,.353,19,24,.792,14,27,41,18,4,10,11,21,87,,,Team Totals,240,.412,.358,.358,.253,22.2,71.1,40.6,64.3,4.0,14.9,9.4,100.0,86.4,115.3,
https://www.basketball-reference.com/boxscores/201812280ORL.html,"7:00 PM, December 28, 2018",Orlando Magic,Toronto Raptors,116,87,ORL,,,Team Totals,240,44,93,.473,9,26,.346,19,22,.864,11,49,60,29,3,8,15,20,116,,,Team Totals,240,.565,.522,.280,.237,28.9,77.8,59.4,65.9,3.0,13.1,12.7,100.0,115.3,86.4,
https://www.basketball-reference.com/boxscores/201812280PHO.html,"9:00 PM, December 28, 2018",Phoenix Suns,Oklahoma City Thunder,102,118,OKC,,,Team Totals,240,51,95,.537,7,20,.350,9,13,.692,11,38,49,22,12,4,17,13,118,,,Team Totals,240,.586,.574,.211,.137,28.9,84.4,59.0,43.1,11.5,6.6,14.4,100.0,113.2,97.8,
https://www.basketball-reference.com/boxscores/201812280PHO.html,"9:00 PM, December 28, 2018",Phoenix Suns,Oklahoma City Thunder,102,118,PHO,,,Team Totals,240,39,90,.433,9,29,.310,15,16,.938,7,27,34,22,12,7,17,18,102,,,Team Totals,240,.526,.483,.322,.178,15.6,71.1,41.0,56.4,11.5,9.3,14.9,100.0,97.8,113.2,
https://www.basketball-reference.com/boxscores/201812280WAS.html,"7:00 PM, December 28, 2018",Washington Wizards,Chicago Bulls,92,101,CHI,,,Team Totals,240,37,79,.468,8,22,.364,19,25,.760,7,39,46,20,9,6,10,18,101,,,Team Totals,240,.561,.519,.278,.316,17.9,83.0,53.5,54.1,9.6,10.9,10.0,100.0,108.1,98.5,
https://www.basketball-reference.com/boxscores/201812280WAS.html,"7:00 PM, December 28, 2018",Washington Wizards,Chicago Bulls,92,101,WAS,,,Team Totals,240,34,85,.400,9,30,.300,15,18,.833,8,32,40,22,7,6,13,18,92,,,Team Totals,240,.495,.453,.353,.212,17.0,82.1,46.5,64.7,7.5,10.5,12.3,100.0,98.5,108.1,
https://www.basketball-reference.com/boxscores/201812290ATL.html,"7:30 PM, December 29, 2018",Atlanta Hawks,Cleveland Cavaliers,111,108,CLE,,,Team Totals,240,40,85,.471,5,23,.217,23,29,.793,10,34,44,27,9,2,12,23,108,,,Team Totals,240,.552,.500,.271,.341,21.7,66.7,45.4,67.5,9.0,3.3,10.9,100.0,108.3,111.3,
https://www.basketball-reference.com/boxscores/201812290ATL.html,"7:30 PM, December 29, 2018",Atlanta Hawks,Cleveland Cavaliers,111,108,ATL,,,Team Totals,240,43,98,.439,10,37,.270,15,25,.600,17,36,53,27,7,4,13,25,111,,,Team Totals,240,.509,.490,.378,.255,33.3,78.3,54.6,62.8,7.0,6.5,10.7,100.0,111.3,108.3,
https://www.basketball-reference.com/boxscores/201812290LAC.html,"10:30 PM, December 29, 2018",Los Angeles Clippers,San Antonio Spurs,111,122,SAS,,,Team Totals,240,44,87,.506,6,23,.261,28,31,.903,8,41,49,27,10,4,16,25,122,,,Team Totals,240,.606,.540,.264,.356,19.5,85.4,55.1,61.4,9.3,6.5,13.7,100.0,113.8,103.5,
https://www.basketball-reference.com/boxscores/201812290LAC.html,"10:30 PM, December 29, 2018",Los Angeles Clippers,San Antonio Spurs,111,122,LAC,,,Team Totals,240,36,82,.439,9,20,.450,30,38,.789,7,33,40,22,9,2,18,25,111,,,Team Totals,240,.562,.494,.244,.463,14.6,80.5,44.9,61.1,8.4,3.1,15.4,100.0,103.5,113.8,
https://www.basketball-reference.com/boxscores/201812290MEM.html,"8:00 PM, December 29, 2018",Memphis Grizzlies,Boston Celtics,103,112,BOS,,,Team Totals,240,40,80,.500,16,36,.444,16,18,.889,7,29,36,29,10,4,17,24,112,,,Team Totals,240,.637,.600,.450,.225,20.0,78.4,50.0,72.5,10.5,8.0,16.2,100.0,117.3,107.9,
https://www.basketball-reference.com/boxscores/201812290MEM.html,"8:00 PM, December 29, 2018",Memphis Grizzlies,Boston Celtics,103,112,MEM,,,Team Totals,240,36,76,.474,7,26,.269,24,29,.828,8,28,36,24,11,2,17,22,103,,,Team Totals,240,.580,.520,.342,.382,21.6,80.0,50.0,66.7,11.5,4.5,16.1,100.0,107.9,117.3,
https://www.basketball-reference.com/boxscores/201812290MIL.html,"5:00 PM, December 29, 2018",Milwaukee Bucks,Brooklyn Nets,129,115,BRK,,,Team Totals,240,38,79,.481,15,35,.429,24,35,.686,5,35,40,28,6,3,15,17,115,,,Team Totals,240,.609,.576,.443,.443,12.8,87.5,50.6,73.7,5.7,6.7,13.7,100.0,109.9,123.3,
https://www.basketball-reference.com/boxscores/201812290MIL.html,"5:00 PM, December 29, 2018",Milwaukee Bucks,Brooklyn Nets,129,115,MIL,,,Team Totals,240,47,96,.490,21,51,.412,14,16,.875,5,34,39,30,6,5,11,22,129,,,Team Totals,240,.626,.599,.531,.167,12.5,87.2,49.4,63.8,5.7,11.4,9.6,100.0,123.3,109.9,
https://www.basketball-reference.com/boxscores/201812290NOP.html,"7:00 PM, December 29, 2018",New Orleans Pelicans,Houston Rockets,104,108,HOU,,,Team Totals,240,35,81,.432,16,46,.348,22,28,.786,8,31,39,21,9,7,12,20,108,,,Team Totals,240,.579,.531,.568,.346,17.8,79.5,46.4,60.0,9.1,10.9,11.4,100.0,109.1,105.0,
https://www.basketball-reference.com/boxscores/201812290NOP.html,"7:00 PM, December 29, 2018",New Orleans Pelicans,Houston Rockets,104,108,NOP,,,Team Totals,240,41,92,.446,9,28,.321,13,17,.765,8,37,45,25,7,5,15,23,104,,,Team Totals,240,.523,.495,.304,.185,20.5,82.2,53.6,61.0,7.1,14.3,13.1,100.0,105.0,109.1,
https://www.basketball-reference.com/boxscores/201812290PHO.html,"9:00 PM, December 29, 2018",Phoenix Suns,Denver Nuggets,118,122,DEN,,,Team Totals,240,42,76,.553,18,35,.514,20,26,.769,10,30,40,31,10,3,21,20,122,,,Team Totals,240,.698,.671,.461,.342,28.6,71.4,51.9,73.8,10.3,4.8,19.4,100.0,125.9,121.8,
https://www.basketball-reference.com/boxscores/201812290PHO.html,"9:00 PM, December 29, 2018",Phoenix Suns,Denver Nuggets,118,122,PHO,,,Team Totals,240,49,91,.538,11,29,.379,9,14,.643,12,25,37,29,15,5,13,21,118,,,Team Totals,240,.607,.599,.319,.154,28.6,71.4,48.1,59.2,15.5,12.2,11.8,100.0,121.8,125.9,
https://www.basketball-reference.com/boxscores/201812290POR.html,"10:00 PM, December 29, 2018",Portland Trail Blazers,Golden State Warriors,105,115,GSW,,,Team Totals,240,40,80,.500,12,25,.480,23,28,.821,5,37,42,27,9,4,12,18,115,,,Team Totals,240,.623,.575,.313,.350,12.5,77.1,47.7,67.5,9.1,6.7,11.5,100.0,116.2,106.1,
https://www.basketball-reference.com/boxscores/201812290POR.html,"10:00 PM, December 29, 2018",Portland Trail Blazers,Golden State Warriors,105,115,POR,,,Team Totals,240,39,91,.429,9,31,.290,18,22,.818,11,35,46,18,6,4,13,17,105,,,Team Totals,240,.521,.478,.341,.242,22.9,87.5,52.3,46.2,6.1,7.3,11.4,100.0,106.1,116.2,
https://www.basketball-reference.com/boxscores/201812290UTA.html,"8:00 PM, December 29, 2018",Utah Jazz,New York Knicks,129,97,NYK,,,Team Totals,240,32,86,.372,15,32,.469,18,22,.818,8,27,35,17,10,1,15,19,97,,,Team Totals,240,.507,.459,.372,.256,15.1,64.3,36.8,53.1,10.0,1.8,13.6,100.0,96.7,128.6,
https://www.basketball-reference.com/boxscores/201812290UTA.html,"8:00 PM, December 29, 2018",Utah Jazz,New York Knicks,129,97,UTA,,,Team Totals,240,51,93,.548,16,36,.444,11,14,.786,15,45,60,30,8,6,17,27,129,,,Team Totals,240,.650,.634,.387,.151,35.7,84.9,63.2,58.8,8.0,11.1,14.6,100.0,128.6,96.7,
https://www.basketball-reference.com/boxscores/201812290WAS.html,"7:00 PM, December 29, 2018",Washington Wizards,Charlotte Hornets,130,126,CHO,,,Team Totals,240,47,90,.522,13,31,.419,19,24,.792,10,31,41,22,9,4,16,29,126,,,Team Totals,240,.626,.594,.344,.267,23.3,77.5,49.4,46.8,8.6,7.1,13.7,100.0,120.8,124.6,
https://www.basketball-reference.com/boxscores/201812290WAS.html,"7:00 PM, December 29, 2018",Washington Wizards,Charlotte Hornets,130,126,WAS,,,Team Totals,240,48,93,.516,13,37,.351,21,24,.875,9,33,42,35,8,6,12,18,130,,,Team Totals,240,.628,.586,.398,.258,22.5,76.7,50.6,72.9,7.7,10.2,10.4,100.0,124.6,120.8,
https://www.basketball-reference.com/boxscores/201812300DAL.html,"7:00 PM, December 30, 2018",Dallas Mavericks,Oklahoma City Thunder,105,103,OKC,,,Team Totals,240,40,93,.430,9,38,.237,14,21,.667,7,32,39,17,15,2,11,23,103,,,Team Totals,240,.504,.478,.409,.226,14.9,78.0,44.3,42.5,14.5,4.8,9.7,100.0,99.3,101.2,
https://www.basketball-reference.com/boxscores/201812300DAL.html,"7:00 PM, December 30, 2018",Dallas Mavericks,Oklahoma City Thunder,105,103,DAL,,,Team Totals,240,37,81,.457,14,39,.359,17,22,.773,9,40,49,21,8,3,24,19,105,,,Team Totals,240,.579,.543,.481,.272,22.0,85.1,55.7,56.8,7.7,5.5,20.9,100.0,101.2,99.3,
https://www.basketball-reference.com/boxscores/201812300LAL.html,"9:30 PM, December 30, 2018",Los Angeles Lakers,Sacramento Kings,121,114,SAC,,,Team Totals,240,46,95,.484,13,34,.382,9,12,.750,9,36,45,24,8,5,14,23,114,,,Team Totals,240,.568,.553,.358,.126,19.1,75.0,47.4,52.2,7.6,9.3,12.3,100.0,108.5,115.2,
https://www.basketball-reference.com/boxscores/201812300LAL.html,"9:30 PM, December 30, 2018",Los Angeles Lakers,Sacramento Kings,121,114,LAL,,,Team Totals,240,47,98,.480,15,44,.341,12,20,.600,12,38,50,30,7,5,14,17,121,,,Team Totals,240,.566,.556,.449,.204,25.0,80.9,52.6,63.8,6.7,8.2,11.6,100.0,115.2,108.5,
https://www.basketball-reference.com/boxscores/201812300MIA.html,"6:00 PM, December 30, 2018",Miami Heat,Minnesota Timberwolves,104,113,MIN,,,Team Totals,240,38,94,.404,8,24,.333,29,36,.806,17,32,49,24,11,10,11,22,113,,,Team Totals,240,.514,.447,.255,.383,32.7,65.3,48.5,63.2,10.9,15.2,9.1,100.0,112.3,103.3,
https://www.basketball-reference.com/boxscores/201812300MIA.html,"6:00 PM, December 30, 2018",Miami Heat,Minnesota Timberwolves,104,113,MIA,,,Team Totals,240,37,90,.411,8,24,.333,22,28,.786,17,35,52,19,8,6,20,28,104,,,Team Totals,240,.508,.456,.267,.311,34.7,67.3,51.5,51.4,7.9,8.6,16.4,100.0,103.3,112.3,
https://www.basketball-reference.com/boxscores/201812300ORL.html,"3:30 PM, December 30, 2018",Orlando Magic,Detroit Pistons,109,107,DET,,,Team Totals,240,39,92,.424,8,31,.258,21,23,.913,17,34,51,21,6,2,13,21,107,,,Team Totals,240,.524,.467,.337,.250,32.1,79.1,53.1,53.8,6.2,3.3,11.3,100.0,110.6,112.6,
https://www.basketball-reference.com/boxscores/201812300ORL.html,"3:30 PM, December 30, 2018",Orlando Magic,Detroit Pistons,109,107,ORL,,,Team Totals,240,40,85,.471,7,24,.292,22,24,.917,9,36,45,21,7,4,13,20,109,,,Team Totals,240,.570,.512,.282,.282,20.9,67.9,46.9,52.5,7.2,6.6,12.0,100.0,112.6,110.6,
https://www.basketball-reference.com/boxscores/201812300POR.html,"9:00 PM, December 30, 2018",Portland Trail Blazers,Philadelphia 76ers,129,95,PHI,,,Team Totals,240,34,96,.354,8,43,.186,19,27,.704,9,27,36,18,15,2,11,21,95,,,Team Totals,240,.440,.396,.448,.281,14.8,79.4,37.9,52.9,14.0,3.3,9.3,100.0,88.6,120.3,
https://www.basketball-reference.com/boxscores/201812300POR.html,"9:00 PM, December 30, 2018",Portland Trail Blazers,Philadelphia 76ers,129,95,POR,,,Team Totals,240,49,83,.590,12,22,.545,19,25,.760,7,52,59,28,2,2,21,22,129,,,Team Totals,240,.686,.663,.265,.301,20.6,85.2,62.1,57.1,1.9,3.8,18.3,100.0,120.3,88.6,
https://www.basketball-reference.com/boxscores/201812300TOR.html,"6:00 PM, December 30, 2018",Toronto Raptors,Chicago Bulls,95,89,CHI,,,Team Totals,240,33,80,.413,7,20,.350,16,18,.889,7,37,44,16,7,2,18,16,89,,,Team Totals,240,.506,.456,.250,.225,16.7,68.5,45.8,48.5,7.4,3.4,17.0,100.0,94.0,100.4,
https://www.basketball-reference.com/boxscores/201812300TOR.html,"6:00 PM, December 30, 2018",Toronto Raptors,Chicago Bulls,95,89,TOR,,,Team Totals,240,34,92,.370,9,33,.273,18,20,.900,17,35,52,17,5,8,12,15,95,,,Team Totals,240,.471,.418,.359,.217,31.5,83.3,54.2,50.0,5.3,13.3,10.6,100.0,100.4,94.0,
https://www.basketball-reference.com/boxscores/201812310CHO.html,"6:00 PM, December 31, 2018",Charlotte Hornets,Orlando Magic,125,100,ORL,,,Team Totals,240,38,92,.413,10,35,.286,14,19,.737,13,35,48,22,6,5,12,21,100,,,Team Totals,240,.498,.467,.380,.207,24.5,85.4,51.1,57.9,6.1,8.2,10.7,100.0,101.6,127.0,
https://www.basketball-reference.com/boxscores/201812310CHO.html,"6:00 PM, December 31, 2018",Charlotte Hornets,Orlando Magic,125,100,CHO,,,Team Totals,240,42,85,.494,11,24,.458,30,33,.909,6,40,46,29,8,1,8,16,125,,,Team Totals,240,.628,.559,.282,.388,14.6,75.5,48.9,69.0,8.1,1.8,7.4,100.0,127.0,101.6,
https://www.basketball-reference.com/boxscores/201812310HOU.html,"7:00 PM, December 31, 2018",Houston Rockets,Memphis Grizzlies,113,101,MEM,,,Team Totals,240,38,82,.463,6,25,.240,19,30,.633,6,33,39,24,11,4,10,31,101,,,Team Totals,240,.530,.500,.305,.366,13.3,82.5,45.9,63.2,11.4,13.8,9.5,100.0,105.0,117.5,
https://www.basketball-reference.com/boxscores/201812310HOU.html,"7:00 PM, December 31, 2018",Houston Rockets,Memphis Grizzlies,113,101,HOU,,,Team Totals,240,31,70,.443,18,41,.439,33,45,.733,7,39,46,19,5,4,14,25,113,,,Team Totals,240,.629,.571,.586,.643,17.5,86.7,54.1,61.3,5.2,7.0,13.5,100.0,117.5,105.0,
https://www.basketball-reference.com/boxscores/201812310IND.html,"3:00 PM, December 31, 2018",Indiana Pacers,Atlanta Hawks,116,108,ATL,,,Team Totals,240,41,95,.432,13,32,.406,13,19,.684,21,32,53,24,8,5,17,23,108,,,Team Totals,240,.522,.500,.337,.200,40.4,80.0,57.6,58.5,8.3,8.3,14.1,100.0,111.4,119.7,
https://www.basketball-reference.com/boxscores/201812310IND.html,"3:00 PM, December 31, 2018",Indiana Pacers,Atlanta Hawks,116,108,IND,,,Team Totals,240,42,84,.500,11,24,.458,21,29,.724,8,31,39,29,13,6,11,18,116,,,Team Totals,240,.599,.565,.286,.345,20.0,59.6,42.4,69.0,13.4,9.5,10.2,100.0,119.7,111.4,
https://www.basketball-reference.com/boxscores/201812310NOP.html,"8:00 PM, December 31, 2018",New Orleans Pelicans,Minnesota Timberwolves,123,114,MIN,,,Team Totals,240,43,93,.462,9,28,.321,19,23,.826,12,27,39,29,10,9,7,18,114,,,Team Totals,240,.553,.511,.301,.247,26.7,71.1,47.0,67.4,10.4,14.5,6.4,100.0,118.5,127.9,
https://www.basketball-reference.com/boxscores/201812310NOP.html,"8:00 PM, December 31, 2018",New Orleans Pelicans,Minnesota Timberwolves,123,114,NOP,,,Team Totals,240,45,87,.517,14,25,.560,19,21,.905,11,33,44,28,3,2,15,21,123,,,Team Totals,240,.639,.598,.287,.241,28.9,73.3,53.0,62.2,3.1,3.1,13.5,100.0,127.9,118.5,
https://www.basketball-reference.com/boxscores/201812310OKC.html,"8:00 PM, December 31, 2018",Oklahoma City Thunder,Dallas Mavericks,122,102,DAL,,,Team Totals,240,31,74,.419,14,38,.368,26,34,.765,5,44,49,21,7,3,29,29,102,,,Team Totals,240,.573,.514,.514,.459,12.5,80.0,51.6,67.7,6.2,3.8,24.6,100.0,90.4,108.1,
https://www.basketball-reference.com/boxscores/201812310OKC.html,"8:00 PM, December 31, 2018",Oklahoma City Thunder,Dallas Mavericks,122,102,OKC,,,Team Totals,240,46,103,.447,6,24,.250,24,35,.686,11,35,46,22,13,3,10,30,122,,,Team Totals,240,.515,.476,.233,.340,20.0,87.5,48.4,47.8,11.5,8.3,7.8,100.0,108.1,90.4,
https://www.basketball-reference.com/boxscores/201812310PHO.html,"9:00 PM, December 31, 2018",Phoenix Suns,Golden State Warriors,109,132,GSW,,,Team Totals,240,46,84,.548,14,28,.500,26,32,.813,7,37,44,31,7,8,15,24,132,,,Team Totals,240,.673,.631,.333,.381,18.4,84.1,53.7,67.4,6.8,13.6,13.3,100.0,127.5,105.2,
https://www.basketball-reference.com/boxscores/201812310PHO.html,"9:00 PM, December 31, 2018",Phoenix Suns,Golden State Warriors,109,132,PHO,,,Team Totals,240,37,85,.435,9,26,.346,26,30,.867,7,31,38,20,7,3,14,29,109,,,Team Totals,240,.555,.488,.306,.353,15.9,81.6,46.3,54.1,6.8,5.4,12.5,100.0,105.2,127.5,
https://www.basketball-reference.com/boxscores/201812310SAS.html,"7:00 PM, December 31, 2018",San Antonio Spurs,Boston Celtics,120,111,BOS,,,Team Totals,240,43,88,.489,11,34,.324,14,20,.700,9,31,40,30,5,8,12,17,111,,,Team Totals,240,.573,.551,.386,.227,20.5,79.5,48.2,69.8,5.1,12.3,11.0,100.0,112.5,121.7,
https://www.basketball-reference.com/boxscores/201812310SAS.html,"7:00 PM, December 31, 2018",San Antonio Spurs,Boston Celtics,120,111,SAS,,,Team Totals,240,45,91,.495,14,26,.538,16,18,.889,8,35,43,27,6,4,11,17,120,,,Team Totals,240,.607,.571,.286,.198,20.5,79.5,51.8,60.0,6.1,7.4,10.0,100.0,121.7,112.5,
https://www.basketball-reference.com/boxscores/201901010DEN.html,"9:00 PM, January 1, 2019",Denver Nuggets,New York Knicks,115,108,NYK,,,Team Totals,240,42,93,.452,11,27,.407,13,18,.722,15,28,43,28,4,3,9,21,108,,,Team Totals,240,.535,.511,.290,.194,28.8,63.6,44.8,66.7,4.3,4.9,8.2,100.0,115.6,123.1,
https://www.basketball-reference.com/boxscores/201901010DEN.html,"9:00 PM, January 1, 2019",Denver Nuggets,New York Knicks,115,108,DEN,,,Team Totals,240,44,95,.463,12,34,.353,15,23,.652,16,37,53,36,7,6,9,19,115,,,Team Totals,240,.547,.526,.358,.242,36.4,71.2,55.2,81.8,7.5,9.1,7.9,100.0,123.1,115.6,
https://www.basketball-reference.com/boxscores/201901010LAC.html,"10:30 PM, January 1, 2019",Los Angeles Clippers,Philadelphia 76ers,113,119,PHI,,,Team Totals,240,42,87,.483,12,26,.462,23,33,.697,17,38,55,25,7,7,21,28,119,,,Team Totals,240,.586,.552,.299,.379,37.0,76.0,57.3,59.5,6.7,10.6,17.1,100.0,114.2,108.4,
https://www.basketball-reference.com/boxscores/201901010LAC.html,"10:30 PM, January 1, 2019",Los Angeles Clippers,Philadelphia 76ers,113,119,LAC,,,Team Totals,240,42,91,.462,5,25,.200,24,34,.706,12,29,41,18,12,0,13,29,113,,,Team Totals,240,.533,.489,.275,.374,24.0,63.0,42.7,42.9,11.5,0.0,10.9,100.0,108.4,114.2,
https://www.basketball-reference.com/boxscores/201901010MIL.html,"8:00 PM, January 1, 2019",Milwaukee Bucks,Detroit Pistons,121,98,DET,,,Team Totals,240,35,92,.380,12,33,.364,16,21,.762,14,29,43,23,7,2,14,26,98,,,Team Totals,240,.484,.446,.359,.228,26.9,85.3,50.0,65.7,7.2,3.8,12.1,100.0,100.3,123.9,
https://www.basketball-reference.com/boxscores/201901010MIL.html,"8:00 PM, January 1, 2019",Milwaukee Bucks,Detroit Pistons,121,98,MIL,,,Team Totals,240,47,79,.595,10,27,.370,17,26,.654,5,38,43,28,7,6,13,19,121,,,Team Totals,240,.669,.658,.342,.329,14.7,73.1,50.0,59.6,7.2,10.2,12.6,100.0,123.9,100.3,
https://www.basketball-reference.com/boxscores/201901010SAC.html,"9:00 PM, January 1, 2019",Sacramento Kings,Portland Trail Blazers,108,113,POR,,,Team Totals,265,39,90,.433,9,32,.281,26,30,.867,10,46,56,22,11,10,19,19,113,,,Team Totals,265,.547,.483,.356,.333,20.4,76.7,51.4,56.4,9.8,12.2,15.5,100.0,100.5,96.0,
https://www.basketball-reference.com/boxscores/201901010SAC.html,"9:00 PM, January 1, 2019",Sacramento Kings,Portland Trail Blazers,108,113,SAC,,,Team Totals,265,44,115,.383,11,33,.333,9,12,.750,14,39,53,24,13,4,13,23,108,,,Team Totals,265,.449,.430,.287,.104,23.3,79.6,48.6,54.5,11.6,6.9,9.8,100.0,96.0,100.5,
https://www.basketball-reference.com/boxscores/201901010TOR.html,"7:30 PM, January 1, 2019",Toronto Raptors,Utah Jazz,122,116,UTA,,,Team Totals,240,42,97,.433,9,32,.281,23,29,.793,12,31,43,23,6,4,4,27,116,,,Team Totals,240,.528,.479,.330,.299,23.1,86.1,48.9,54.8,6.0,6.5,3.5,100.0,116.3,122.3,
https://www.basketball-reference.com/boxscores/201901010TOR.html,"7:30 PM, January 1, 2019",Toronto Raptors,Utah Jazz,122,116,TOR,,,Team Totals,240,45,82,.549,7,20,.350,25,35,.714,5,40,45,18,4,6,10,21,122,,,Team Totals,240,.626,.591,.244,.427,13.9,76.9,51.1,40.0,4.0,9.2,9.3,100.0,122.3,116.3,
https://www.basketball-reference.com/boxscores/201901020BOS.html,"8:00 PM, January 2, 2019",Boston Celtics,Minnesota Timberwolves,115,102,MIN,,,Team Totals,240,40,84,.476,7,23,.304,15,21,.714,8,26,34,24,7,2,15,16,102,,,Team Totals,240,.547,.518,.274,.250,21.1,89.7,50.7,60.0,7.3,4.3,13.9,100.0,106.2,119.8,
https://www.basketball-reference.com/boxscores/201901020BOS.html,"8:00 PM, January 2, 2019",Boston Celtics,Minnesota Timberwolves,115,102,BOS,,,Team Totals,240,45,76,.592,12,30,.400,13,15,.867,3,30,33,34,10,9,16,21,115,,,Team Totals,240,.696,.671,.395,.197,10.3,78.9,49.3,75.6,10.4,14.8,16.2,100.0,119.8,106.2,
https://www.basketball-reference.com/boxscores/201901020BRK.html,"7:30 PM, January 2, 2019",Brooklyn Nets,New Orleans Pelicans,126,121,NOP,,,Team Totals,240,46,87,.529,10,23,.435,19,27,.704,10,31,41,19,7,5,12,20,121,,,Team Totals,240,.612,.586,.264,.310,24.4,72.1,48.8,41.3,7.1,8.1,10.8,100.0,123.0,128.1,
https://www.basketball-reference.com/boxscores/201901020BRK.html,"7:30 PM, January 2, 2019",Brooklyn Nets,New Orleans Pelicans,126,121,BRK,,,Team Totals,240,47,93,.505,16,31,.516,16,21,.762,12,31,43,27,7,5,10,23,126,,,Team Totals,240,.616,.591,.333,.226,27.9,75.6,51.2,57.4,7.1,7.8,8.9,100.0,128.1,123.0,
https://www.basketball-reference.com/boxscores/201901020CHI.html,"8:00 PM, January 2, 2019",Chicago Bulls,Orlando Magic,84,112,ORL,,,Team Totals,240,44,76,.579,11,26,.423,13,18,.722,4,37,41,31,5,9,13,10,112,,,Team Totals,240,.667,.651,.342,.237,12.9,88.1,56.2,70.5,5.4,13.6,13.4,100.0,120.7,90.5,
https://www.basketball-reference.com/boxscores/201901020CHI.html,"8:00 PM, January 2, 2019",Chicago Bulls,Orlando Magic,84,112,CHI,,,Team Totals,240,36,86,.419,7,20,.350,5,8,.625,5,27,32,18,8,0,11,17,84,,,Team Totals,240,.469,.459,.233,.093,11.9,87.1,43.8,50.0,8.6,0.0,10.9,100.0,90.5,120.7,
https://www.basketball-reference.com/boxscores/201901020CHO.html,"7:00 PM, January 2, 2019",Charlotte Hornets,Dallas Mavericks,84,122,DAL,,,Team Totals,240,44,95,.463,18,45,.400,16,18,.889,12,45,57,31,9,4,12,14,122,,,Team Totals,240,.593,.558,.474,.189,26.1,78.9,55.3,70.5,9.1,6.9,10.4,100.0,122.9,84.6,
https://www.basketball-reference.com/boxscores/201901020CHO.html,"7:00 PM, January 2, 2019",Charlotte Hornets,Dallas Mavericks,84,122,CHO,,,Team Totals,240,32,90,.356,6,32,.188,14,19,.737,12,34,46,23,4,3,14,20,84,,,Team Totals,240,.427,.389,.356,.211,21.1,73.9,44.7,71.9,4.0,6.0,12.5,100.0,84.6,122.9,
https://www.basketball-reference.com/boxscores/201901020CLE.html,"7:00 PM, January 2, 2019",Cleveland Cavaliers,Miami Heat,92,117,MIA,,,Team Totals,240,44,86,.512,16,31,.516,13,17,.765,13,34,47,29,8,3,13,13,117,,,Team Totals,240,.626,.605,.360,.198,39.4,94.4,68.1,65.9,8.9,6.8,12.2,100.0,130.8,102.9,
https://www.basketball-reference.com/boxscores/201901020CLE.html,"7:00 PM, January 2, 2019",Cleveland Cavaliers,Miami Heat,92,117,CLE,,,Team Totals,240,34,75,.453,13,31,.419,11,13,.846,2,20,22,23,8,3,13,16,92,,,Team Totals,240,.570,.540,.413,.173,5.6,60.6,31.9,67.6,8.9,5.5,13.9,100.0,102.9,130.8,
https://www.basketball-reference.com/boxscores/201901020LAL.html,"10:30 PM, January 2, 2019",Los Angeles Lakers,Oklahoma City Thunder,100,107,OKC,,,Team Totals,240,40,105,.381,7,31,.226,20,31,.645,17,47,64,22,8,5,11,24,107,,,Team Totals,240,.451,.414,.295,.295,27.0,85.5,54.2,55.0,7.3,8.1,8.5,100.0,97.1,90.8,
https://www.basketball-reference.com/boxscores/201901020LAL.html,"10:30 PM, January 2, 2019",Los Angeles Lakers,Oklahoma City Thunder,100,107,LAL,,,Team Totals,240,37,89,.416,7,27,.259,19,32,.594,8,46,54,24,8,9,17,26,100,,,Team Totals,240,.485,.455,.303,.360,14.5,73.0,45.8,64.9,7.3,12.2,14.2,100.0,90.8,97.1,
https://www.basketball-reference.com/boxscores/201901020MEM.html,"8:00 PM, January 2, 2019",Memphis Grizzlies,Detroit Pistons,94,101,DET,,,Team Totals,240,36,83,.434,16,40,.400,13,22,.591,7,35,42,23,7,3,10,17,101,,,Team Totals,240,.545,.530,.482,.265,16.3,81.4,48.8,63.9,7.6,5.0,9.7,100.0,110.0,102.4,
https://www.basketball-reference.com/boxscores/201901020MEM.html,"8:00 PM, January 2, 2019",Memphis Grizzlies,Detroit Pistons,94,101,MEM,,,Team Totals,240,36,78,.462,4,18,.222,18,21,.857,8,36,44,21,2,5,12,22,94,,,Team Totals,240,.539,.487,.231,.269,18.6,83.7,51.2,58.3,2.2,11.6,12.1,100.0,102.4,110.0,
https://www.basketball-reference.com/boxscores/201901020PHO.html,"9:00 PM, January 2, 2019",Phoenix Suns,Philadelphia 76ers,127,132,PHI,,,Team Totals,240,40,74,.541,11,24,.458,41,54,.759,8,36,44,27,9,3,18,30,132,,,Team Totals,240,.675,.615,.324,.730,25.0,73.5,54.3,67.5,8.4,4.9,15.5,100.0,123.3,118.6,
https://www.basketball-reference.com/boxscores/201901020PHO.html,"9:00 PM, January 2, 2019",Phoenix Suns,Philadelphia 76ers,127,132,PHO,,,Team Totals,240,43,95,.453,11,34,.324,30,36,.833,13,24,37,22,10,3,15,34,127,,,Team Totals,240,.573,.511,.358,.379,26.5,75.0,45.7,51.2,9.3,6.0,11.9,100.0,118.6,123.3,
https://www.basketball-reference.com/boxscores/201901020WAS.html,"7:00 PM, January 2, 2019",Washington Wizards,Atlanta Hawks,114,98,ATL,,,Team Totals,240,40,95,.421,10,31,.323,8,13,.615,13,37,50,26,5,6,14,19,98,,,Team Totals,240,.486,.474,.326,.137,25.5,78.7,51.0,65.0,5.0,9.5,12.2,100.0,98.4,114.4,
https://www.basketball-reference.com/boxscores/201901020WAS.html,"7:00 PM, January 2, 2019",Washington Wizards,Atlanta Hawks,114,98,WAS,,,Team Totals,240,43,92,.467,11,29,.379,17,23,.739,10,38,48,29,10,2,10,20,114,,,Team Totals,240,.558,.527,.315,.250,21.3,74.5,49.0,67.4,10.0,3.1,8.9,100.0,114.4,98.4,
https://www.basketball-reference.com/boxscores/201901030GSW.html,"10:30 PM, January 3, 2019",Golden State Warriors,Houston Rockets,134,135,HOU,,,Team Totals,265,45,99,.455,21,54,.389,24,28,.857,13,35,48,30,8,5,11,20,135,,,Team Totals,265,.606,.561,.545,.283,25.5,79.5,50.5,66.7,7.3,7.7,9.0,100.0,123.4,122.5,
https://www.basketball-reference.com/boxscores/201901030GSW.html,"10:30 PM, January 3, 2019",Golden State Warriors,Houston Rockets,134,135,GSW,,,Team Totals,265,53,102,.520,14,37,.378,14,15,.933,9,38,47,33,8,6,15,19,134,,,Team Totals,265,.617,.588,.363,.147,20.5,74.5,49.5,62.3,7.3,13.3,12.1,100.0,122.5,123.4,
https://www.basketball-reference.com/boxscores/201901030SAC.html,"10:00 PM, January 3, 2019",Sacramento Kings,Denver Nuggets,113,117,DEN,,,Team Totals,240,41,89,.461,14,39,.359,21,30,.700,16,38,54,24,3,3,14,20,117,,,Team Totals,240,.572,.539,.438,.337,38.1,84.4,62.1,58.5,3.1,5.1,12.0,100.0,121.9,117.7,
https://www.basketball-reference.com/boxscores/201901030SAC.html,"10:00 PM, January 3, 2019",Sacramento Kings,Denver Nuggets,113,117,SAC,,,Team Totals,240,45,90,.500,13,31,.419,10,15,.667,7,26,33,25,5,3,8,23,113,,,Team Totals,240,.585,.572,.344,.167,15.6,61.9,37.9,55.6,5.2,6.0,7.6,100.0,117.7,121.9,
https://www.basketball-reference.com/boxscores/201901030SAS.html,"8:00 PM, January 3, 2019",San Antonio Spurs,Toronto Raptors,125,107,TOR,,,Team Totals,240,39,87,.448,6,30,.200,23,29,.793,9,30,39,21,9,6,10,23,107,,,Team Totals,240,.536,.483,.345,.333,20.0,78.9,47.0,53.8,9.2,10.3,9.1,100.0,109.3,127.7,
https://www.basketball-reference.com/boxscores/201901030SAS.html,"8:00 PM, January 3, 2019",San Antonio Spurs,Toronto Raptors,125,107,SAS,,,Team Totals,240,47,85,.553,13,27,.481,18,20,.900,8,36,44,32,7,0,13,19,125,,,Team Totals,240,.666,.629,.318,.235,21.1,80.0,53.0,68.1,7.2,0.0,12.2,100.0,127.7,109.3,
https://www.basketball-reference.com/boxscores/201901040BOS.html,"8:00 PM, January 4, 2019",Boston Celtics,Dallas Mavericks,114,93,DAL,,,Team Totals,240,34,88,.386,11,44,.250,14,19,.737,11,38,49,16,9,2,14,13,93,,,Team Totals,240,.483,.449,.500,.216,22.0,73.1,48.0,47.1,9.2,3.9,12.7,100.0,95.5,117.1,
https://www.basketball-reference.com/boxscores/201901040BOS.html,"8:00 PM, January 4, 2019",Boston Celtics,Dallas Mavericks,114,93,BOS,,,Team Totals,240,42,96,.438,21,45,.467,9,11,.818,14,39,53,35,12,4,13,16,114,,,Team Totals,240,.565,.547,.469,.115,26.9,78.0,52.0,83.3,12.3,9.1,11.4,100.0,117.1,95.5,
https://www.basketball-reference.com/boxscores/201901040CHI.html,"8:00 PM, January 4, 2019",Chicago Bulls,Indiana Pacers,116,119,IND,,,Team Totals,265,49,93,.527,9,28,.321,12,17,.706,9,31,40,25,7,3,13,17,119,,,Team Totals,265,.592,.575,.301,.183,22.0,79.5,50.0,51.0,6.8,4.8,11.5,100.0,115.0,112.1,
https://www.basketball-reference.com/boxscores/201901040CHI.html,"8:00 PM, January 4, 2019",Chicago Bulls,Indiana Pacers,116,119,CHI,,,Team Totals,265,47,91,.516,12,28,.429,10,13,.769,8,32,40,30,10,2,18,23,116,,,Team Totals,265,.600,.582,.308,.143,20.5,78.0,50.0,63.8,9.7,3.1,15.7,100.0,112.1,115.0,
https://www.basketball-reference.com/boxscores/201901040CLE.html,"7:30 PM, January 4, 2019",Cleveland Cavaliers,Utah Jazz,91,117,UTA,,,Team Totals,240,42,82,.512,14,35,.400,19,22,.864,8,39,47,28,6,9,11,19,117,,,Team Totals,240,.638,.598,.427,.268,20.0,84.8,54.7,66.7,6.4,14.8,10.7,100.0,125.2,97.4,
https://www.basketball-reference.com/boxscores/201901040CLE.html,"7:30 PM, January 4, 2019",Cleveland Cavaliers,Utah Jazz,91,117,CLE,,,Team Totals,240,32,82,.390,11,21,.524,16,17,.941,7,32,39,14,6,1,13,21,91,,,Team Totals,240,.508,.457,.256,.207,15.2,80.0,45.3,43.8,6.4,2.1,12.7,100.0,97.4,125.2,
https://www.basketball-reference.com/boxscores/201901040LAL.html,"10:30 PM, January 4, 2019",Los Angeles Lakers,New York Knicks,112,119,NYK,,,Team Totals,240,37,99,.374,11,37,.297,34,41,.829,13,43,56,20,12,4,6,20,119,,,Team Totals,240,.508,.429,.374,.414,23.2,78.2,50.5,54.1,11.1,6.6,4.9,100.0,110.1,103.6,
https://www.basketball-reference.com/boxscores/201901040LAL.html,"10:30 PM, January 4, 2019",Los Angeles Lakers,New York Knicks,112,119,LAL,,,Team Totals,240,43,98,.439,11,37,.297,15,20,.750,12,43,55,23,4,7,17,27,112,,,Team Totals,240,.524,.495,.378,.204,21.8,76.8,49.5,53.5,3.7,11.3,13.7,100.0,103.6,110.1,
https://www.basketball-reference.com/boxscores/201901040MEM.html,"8:00 PM, January 4, 2019",Memphis Grizzlies,Brooklyn Nets,100,109,BRK,,,Team Totals,240,36,79,.456,13,34,.382,24,26,.923,8,37,45,25,6,2,20,19,109,,,Team Totals,240,.603,.538,.430,.329,20.0,82.2,52.9,69.4,5.9,2.9,18.1,100.0,107.1,98.3,
https://www.basketball-reference.com/boxscores/201901040MEM.html,"8:00 PM, January 4, 2019",Memphis Grizzlies,Brooklyn Nets,100,109,MEM,,,Team Totals,240,42,93,.452,5,24,.208,11,15,.733,8,32,40,23,9,5,14,24,100,,,Team Totals,240,.502,.478,.258,.161,17.8,80.0,47.1,54.8,8.8,11.1,12.3,100.0,98.3,107.1,
https://www.basketball-reference.com/boxscores/201901040MIA.html,"8:00 PM, January 4, 2019",Miami Heat,Washington Wizards,115,109,WAS,,,Team Totals,240,42,98,.429,10,36,.278,15,19,.789,10,31,41,24,8,2,12,18,109,,,Team Totals,240,.512,.480,.367,.194,21.3,73.8,46.1,57.1,7.6,3.2,10.1,100.0,104.0,109.7,
https://www.basketball-reference.com/boxscores/201901040MIA.html,"8:00 PM, January 4, 2019",Miami Heat,Washington Wizards,115,109,MIA,,,Team Totals,240,44,91,.484,9,29,.310,18,25,.720,11,37,48,28,7,6,17,18,115,,,Team Totals,240,.564,.533,.319,.275,26.2,78.7,53.9,63.6,6.7,9.7,14.3,100.0,109.7,104.0,
https://www.basketball-reference.com/boxscores/201901040MIL.html,"8:30 PM, January 4, 2019",Milwaukee Bucks,Atlanta Hawks,144,112,ATL,,,Team Totals,240,37,85,.435,14,41,.341,24,35,.686,5,26,31,26,11,3,21,23,112,,,Team Totals,240,.558,.518,.482,.412,10.6,68.4,36.5,70.3,9.8,5.0,17.3,100.0,99.8,128.3,
https://www.basketball-reference.com/boxscores/201901040MIL.html,"8:30 PM, January 4, 2019",Milwaukee Bucks,Atlanta Hawks,144,112,MIL,,,Team Totals,240,55,100,.550,14,40,.350,20,28,.714,12,42,54,36,11,8,14,26,144,,,Team Totals,240,.641,.620,.400,.280,31.6,89.4,63.5,65.5,9.8,18.2,11.1,100.0,128.3,99.8,
https://www.basketball-reference.com/boxscores/201901040MIN.html,"8:00 PM, January 4, 2019",Minnesota Timberwolves,Orlando Magic,120,103,ORL,,,Team Totals,240,42,88,.477,9,27,.333,10,19,.526,5,30,35,28,7,7,11,20,103,,,Team Totals,240,.534,.528,.307,.216,10.2,75.0,39.3,66.7,7.0,10.8,10.2,100.0,102.5,119.4,
https://www.basketball-reference.com/boxscores/201901040MIN.html,"8:00 PM, January 4, 2019",Minnesota Timberwolves,Orlando Magic,120,103,MIN,,,Team Totals,240,47,91,.516,9,26,.346,17,23,.739,10,44,54,29,6,2,11,20,120,,,Team Totals,240,.593,.566,.286,.253,25.0,89.8,60.7,61.7,6.0,3.3,9.8,100.0,119.4,102.5,
https://www.basketball-reference.com/boxscores/201901040PHO.html,"9:00 PM, January 4, 2019",Phoenix Suns,Los Angeles Clippers,111,121,LAC,,,Team Totals,240,43,84,.512,10,24,.417,25,32,.781,16,27,43,31,12,7,20,27,121,,,Team Totals,240,.617,.571,.286,.381,47.1,79.4,63.2,72.1,12.4,12.1,16.9,100.0,125.4,115.0,
https://www.basketball-reference.com/boxscores/201901040PHO.html,"9:00 PM, January 4, 2019",Phoenix Suns,Los Angeles Clippers,111,121,PHO,,,Team Totals,240,41,77,.532,9,19,.474,20,27,.741,7,18,25,24,13,9,17,26,111,,,Team Totals,240,.624,.591,.247,.351,20.6,52.9,36.8,58.5,13.5,15.0,16.1,100.0,115.0,125.4,
https://www.basketball-reference.com/boxscores/201901040POR.html,"10:30 PM, January 4, 2019",Portland Trail Blazers,Oklahoma City Thunder,109,111,OKC,,,Team Totals,240,40,94,.426,8,25,.320,23,26,.885,11,38,49,18,9,6,11,21,111,,,Team Totals,240,.526,.468,.266,.277,22.0,77.6,49.5,45.0,8.8,9.4,9.4,100.0,108.2,106.3,
https://www.basketball-reference.com/boxscores/201901040POR.html,"10:30 PM, January 4, 2019",Portland Trail Blazers,Oklahoma City Thunder,109,111,POR,,,Team Totals,240,41,95,.432,9,31,.290,18,21,.857,11,39,50,30,6,5,12,17,109,,,Team Totals,240,.523,.479,.326,.221,22.4,78.0,50.5,73.2,5.9,7.2,10.3,100.0,106.3,108.2,
https://www.basketball-reference.com/boxscores/201901050CLE.html,"8:00 PM, January 5, 2019",Cleveland Cavaliers,New Orleans Pelicans,98,133,NOP,,,Team Totals,240,47,81,.580,14,27,.519,25,29,.862,10,34,44,29,13,7,15,18,133,,,Team Totals,240,.709,.667,.333,.358,29.4,77.3,56.4,61.7,13.0,12.7,13.8,100.0,133.4,98.3,
https://www.basketball-reference.com/boxscores/201901050CLE.html,"8:00 PM, January 5, 2019",Cleveland Cavaliers,New Orleans Pelicans,98,133,CLE,,,Team Totals,240,36,88,.409,12,33,.364,14,18,.778,10,24,34,22,12,3,20,23,98,,,Team Totals,240,.511,.477,.375,.205,22.7,70.6,43.6,61.1,12.0,5.6,17.3,100.0,98.3,133.4,
https://www.basketball-reference.com/boxscores/201901050DEN.html,"5:00 PM, January 5, 2019",Denver Nuggets,Charlotte Hornets,123,110,CHO,,,Team Totals,240,39,82,.476,11,29,.379,21,26,.808,12,35,47,22,7,4,17,18,110,,,Team Totals,240,.589,.543,.354,.317,29.3,67.3,50.5,56.4,7.2,6.3,15.4,100.0,113.0,126.4,
https://www.basketball-reference.com/boxscores/201901050DEN.html,"5:00 PM, January 5, 2019",Denver Nuggets,Charlotte Hornets,123,110,DEN,,,Team Totals,240,47,102,.461,14,39,.359,15,20,.750,17,29,46,30,10,6,8,19,123,,,Team Totals,240,.555,.529,.382,.196,32.7,70.7,49.5,63.8,10.3,11.3,6.7,100.0,126.4,113.0,
https://www.basketball-reference.com/boxscores/201901050DET.html,"7:00 PM, January 5, 2019",Detroit Pistons,Utah Jazz,105,110,UTA,,,Team Totals,240,39,82,.476,7,21,.333,25,32,.781,7,35,42,24,12,6,12,23,110,,,Team Totals,240,.572,.518,.256,.390,15.2,87.5,48.8,61.5,11.9,10.5,11.1,100.0,108.9,103.9,
https://www.basketball-reference.com/boxscores/201901050DET.html,"7:00 PM, January 5, 2019",Detroit Pistons,Utah Jazz,105,110,DET,,,Team Totals,240,39,82,.476,11,25,.440,16,20,.800,5,39,44,18,7,2,18,23,105,,,Team Totals,240,.578,.543,.305,.244,12.5,84.8,51.2,46.2,6.9,3.3,16.5,100.0,103.9,108.9,
https://www.basketball-reference.com/boxscores/201901050MIL.html,"8:30 PM, January 5, 2019",Milwaukee Bucks,Toronto Raptors,116,123,TOR,,,Team Totals,240,42,82,.512,14,31,.452,25,31,.806,4,34,38,28,9,6,11,22,123,,,Team Totals,240,.643,.598,.378,.378,10.5,89.5,50.0,66.7,8.8,13.6,10.3,100.0,120.5,113.7,
https://www.basketball-reference.com/boxscores/201901050MIL.html,"8:30 PM, January 5, 2019",Milwaukee Bucks,Toronto Raptors,116,123,MIL,,,Team Totals,240,40,81,.494,14,37,.378,22,27,.815,4,34,38,29,9,2,16,20,116,,,Team Totals,240,.624,.580,.457,.333,10.5,89.5,50.0,72.5,8.8,3.9,14.7,100.0,113.7,120.5,
https://www.basketball-reference.com/boxscores/201901050PHI.html,"7:30 PM, January 5, 2019",Philadelphia 76ers,Dallas Mavericks,106,100,DAL,,,Team Totals,240,38,88,.432,9,31,.290,15,23,.652,9,40,49,27,4,3,15,23,100,,,Team Totals,240,.510,.483,.352,.261,18.0,83.3,50.0,71.1,4.0,5.3,13.3,100.0,99.5,105.5,
https://www.basketball-reference.com/boxscores/201901050PHI.html,"7:30 PM, January 5, 2019",Philadelphia 76ers,Dallas Mavericks,106,100,PHI,,,Team Totals,240,39,83,.470,6,26,.231,22,33,.667,8,41,49,31,7,5,10,20,106,,,Team Totals,240,.543,.506,.313,.398,16.7,82.0,50.0,79.5,7.0,8.8,9.3,100.0,105.5,99.5,
https://www.basketball-reference.com/boxscores/201901050POR.html,"10:00 PM, January 5, 2019",Portland Trail Blazers,Houston Rockets,110,101,HOU,,,Team Totals,240,39,84,.464,13,38,.342,10,12,.833,10,30,40,13,6,5,12,22,101,,,Team Totals,240,.566,.542,.452,.143,25.0,63.8,46.0,33.3,6.7,7.6,11.8,100.0,112.2,122.2,
https://www.basketball-reference.com/boxscores/201901050POR.html,"10:00 PM, January 5, 2019",Portland Trail Blazers,Houston Rockets,110,101,POR,,,Team Totals,240,43,94,.457,9,28,.321,15,20,.750,17,30,47,27,7,2,9,11,110,,,Team Totals,240,.535,.505,.298,.213,36.2,75.0,54.0,62.8,7.8,4.3,8.1,100.0,122.2,112.2,
https://www.basketball-reference.com/boxscores/201901050SAC.html,"10:00 PM, January 5, 2019",Sacramento Kings,Golden State Warriors,123,127,GSW,,,Team Totals,240,47,93,.505,21,47,.447,12,14,.857,12,35,47,29,5,8,14,16,127,,,Team Totals,240,.640,.618,.505,.151,29.3,71.4,52.2,61.7,5.2,13.1,12.4,100.0,131.5,127.3,
https://www.basketball-reference.com/boxscores/201901050SAC.html,"10:00 PM, January 5, 2019",Sacramento Kings,Golden State Warriors,123,127,SAC,,,Team Totals,240,46,97,.474,20,36,.556,11,14,.786,14,29,43,34,12,0,8,18,123,,,Team Totals,240,.596,.577,.371,.144,28.6,70.7,47.8,73.9,12.4,0.0,7.2,100.0,127.3,131.5,
https://www.basketball-reference.com/boxscores/201901050SAS.html,"8:30 PM, January 5, 2019",San Antonio Spurs,Memphis Grizzlies,108,88,MEM,,,Team Totals,240,31,82,.378,11,28,.393,15,19,.789,8,34,42,21,12,3,21,29,88,,,Team Totals,240,.487,.445,.341,.232,16.7,91.9,49.4,67.7,11.9,5.9,18.9,100.0,87.0,106.8,
https://www.basketball-reference.com/boxscores/201901050SAS.html,"8:30 PM, January 5, 2019",San Antonio Spurs,Memphis Grizzlies,108,88,SAS,,,Team Totals,240,36,73,.493,7,22,.318,29,35,.829,3,40,43,26,10,3,17,19,108,,,Team Totals,240,.611,.541,.301,.479,8.1,83.3,50.6,72.2,9.9,5.6,16.1,100.0,106.8,87.0,
https://www.basketball-reference.com/boxscores/201901060ATL.html,"6:00 PM, January 6, 2019",Atlanta Hawks,Miami Heat,106,82,MIA,,,Team Totals,240,31,87,.356,5,34,.147,15,27,.556,12,29,41,23,11,7,14,17,82,,,Team Totals,240,.415,.385,.391,.310,21.1,67.4,41.0,74.2,11.2,10.4,12.4,100.0,83.8,108.3,
https://www.basketball-reference.com/boxscores/201901060ATL.html,"6:00 PM, January 6, 2019",Atlanta Hawks,Miami Heat,106,82,ATL,,,Team Totals,240,43,91,.473,10,24,.417,10,13,.769,14,45,59,25,7,2,17,22,106,,,Team Totals,240,.548,.527,.264,.143,32.6,78.9,59.0,58.1,7.2,3.8,14.9,100.0,108.3,83.8,
https://www.basketball-reference.com/boxscores/201901060CHI.html,"3:30 PM, January 6, 2019",Chicago Bulls,Brooklyn Nets,100,117,BRK,,,Team Totals,240,42,83,.506,16,46,.348,17,22,.773,6,32,38,29,6,3,10,16,117,,,Team Totals,240,.631,.602,.554,.265,15.4,74.4,46.3,69.0,6.3,4.3,9.7,100.0,123.0,105.2,
https://www.basketball-reference.com/boxscores/201901060CHI.html,"3:30 PM, January 6, 2019",Chicago Bulls,Brooklyn Nets,100,117,CHI,,,Team Totals,240,41,88,.466,7,18,.389,11,15,.733,11,33,44,20,6,4,14,15,100,,,Team Totals,240,.529,.506,.205,.170,25.6,84.6,53.7,48.8,6.3,10.8,12.9,100.0,105.2,123.0,
https://www.basketball-reference.com/boxscores/201901060LAC.html,"3:30 PM, January 6, 2019",Los Angeles Clippers,Orlando Magic,106,96,ORL,,,Team Totals,240,33,89,.371,9,31,.290,21,29,.724,13,41,54,24,6,7,12,18,96,,,Team Totals,240,.472,.421,.348,.326,23.6,78.8,50.5,72.7,6.1,9.9,10.5,100.0,97.6,107.8,
https://www.basketball-reference.com/boxscores/201901060LAC.html,"3:30 PM, January 6, 2019",Los Angeles Clippers,Orlando Magic,106,96,LAC,,,Team Totals,240,40,93,.430,8,22,.364,18,23,.783,11,42,53,20,5,5,8,21,106,,,Team Totals,240,.514,.473,.237,.247,21.2,76.4,49.5,50.0,5.1,8.6,7.2,100.0,107.8,97.6,
https://www.basketball-reference.com/boxscores/201901060MIN.html,"3:30 PM, January 6, 2019",Minnesota Timberwolves,Los Angeles Lakers,108,86,LAL,,,Team Totals,240,32,87,.368,5,22,.227,17,28,.607,12,36,48,20,6,4,21,20,86,,,Team Totals,240,.433,.397,.253,.322,22.2,81.8,49.0,62.5,5.8,7.0,17.5,100.0,82.6,103.8,
https://www.basketball-reference.com/boxscores/201901060MIN.html,"3:30 PM, January 6, 2019",Minnesota Timberwolves,Los Angeles Lakers,108,86,MIN,,,Team Totals,240,41,89,.461,11,32,.344,15,21,.714,8,42,50,24,10,9,14,27,108,,,Team Totals,240,.550,.522,.360,.236,18.2,77.8,51.0,58.5,9.6,13.8,12.5,100.0,103.8,82.6,
https://www.basketball-reference.com/boxscores/201901060OKC.html,"7:00 PM, January 6, 2019",Oklahoma City Thunder,Washington Wizards,98,116,WAS,,,Team Totals,240,44,101,.436,10,37,.270,18,22,.818,16,39,55,25,8,8,9,16,116,,,Team Totals,240,.524,.485,.366,.218,32.0,84.8,57.3,56.8,7.9,12.7,7.5,100.0,115.0,97.2,
https://www.basketball-reference.com/boxscores/201901060OKC.html,"7:00 PM, January 6, 2019",Oklahoma City Thunder,Washington Wizards,98,116,OKC,,,Team Totals,240,38,88,.432,10,25,.400,12,19,.632,7,34,41,22,8,3,15,17,98,,,Team Totals,240,.509,.489,.284,.216,15.2,68.0,42.7,57.9,7.9,4.7,13.5,100.0,97.2,115.0,
https://www.basketball-reference.com/boxscores/201901060PHO.html,"8:00 PM, January 6, 2019",Phoenix Suns,Charlotte Hornets,113,119,CHO,,,Team Totals,240,44,91,.484,7,25,.280,24,34,.706,14,32,46,22,9,1,15,21,119,,,Team Totals,240,.562,.522,.275,.374,29.8,91.4,56.1,50.0,8.7,1.7,12.4,100.0,115.2,109.4,
https://www.basketball-reference.com/boxscores/201901060PHO.html,"8:00 PM, January 6, 2019",Phoenix Suns,Charlotte Hornets,113,119,PHO,,,Team Totals,240,43,83,.518,10,25,.400,17,19,.895,3,33,36,23,8,4,15,25,113,,,Team Totals,240,.618,.578,.301,.229,8.6,70.2,43.9,53.5,7.7,6.1,14.1,100.0,109.4,115.2,
https://www.basketball-reference.com/boxscores/201901060TOR.html,"7:30 PM, January 6, 2019",Toronto Raptors,Indiana Pacers,121,105,IND,,,Team Totals,240,43,94,.457,4,17,.235,15,20,.750,12,32,44,24,8,4,14,19,105,,,Team Totals,240,.511,.479,.181,.213,26.7,80.0,51.8,55.8,8.0,7.7,12.0,100.0,105.3,121.3,
https://www.basketball-reference.com/boxscores/201901060TOR.html,"7:30 PM, January 6, 2019",Toronto Raptors,Indiana Pacers,121,105,TOR,,,Team Totals,240,44,85,.518,17,33,.515,16,17,.941,8,33,41,30,9,4,15,21,121,,,Team Totals,240,.654,.618,.388,.200,20.0,73.3,48.2,68.2,9.0,5.2,14.0,100.0,121.3,105.3,
https://www.basketball-reference.com/boxscores/201901070BOS.html,"7:30 PM, January 7, 2019",Boston Celtics,Brooklyn Nets,116,95,BRK,,,Team Totals,240,32,79,.405,11,42,.262,20,22,.909,9,38,47,19,5,4,25,16,95,,,Team Totals,240,.536,.475,.532,.278,19.6,86.4,52.2,59.4,4.8,6.6,22.0,100.0,91.3,111.5,
https://www.basketball-reference.com/boxscores/201901070BOS.html,"7:30 PM, January 7, 2019",Boston Celtics,Brooklyn Nets,116,95,BOS,,,Team Totals,240,47,93,.505,12,32,.375,10,12,.833,6,37,43,37,13,2,14,21,116,,,Team Totals,240,.590,.570,.344,.129,13.6,80.4,47.8,78.7,12.5,5.4,12.5,100.0,111.5,91.3,
https://www.basketball-reference.com/boxscores/201901070DAL.html,"8:30 PM, January 7, 2019",Dallas Mavericks,Los Angeles Lakers,97,107,LAL,,,Team Totals,240,41,94,.436,8,29,.276,17,27,.630,11,33,44,28,12,2,14,20,107,,,Team Totals,240,.505,.479,.309,.287,22.4,70.2,45.8,68.3,11.7,3.6,11.7,100.0,104.5,94.8,
https://www.basketball-reference.com/boxscores/201901070DAL.html,"8:30 PM, January 7, 2019",Dallas Mavericks,Los Angeles Lakers,97,107,DAL,,,Team Totals,240,36,86,.419,8,30,.267,17,24,.708,14,38,52,12,10,7,19,20,97,,,Team Totals,240,.502,.465,.349,.279,29.8,77.6,54.2,33.3,9.8,10.8,16.4,100.0,94.8,104.5,
https://www.basketball-reference.com/boxscores/201901070DET.html,"7:00 PM, January 7, 2019",Detroit Pistons,San Antonio Spurs,107,119,SAS,,,Team Totals,240,43,79,.544,7,20,.350,26,32,.813,9,29,38,24,5,5,9,15,119,,,Team Totals,240,.639,.589,.253,.405,24.3,76.3,50.7,55.8,5.4,9.4,8.8,100.0,128.4,115.5,
https://www.basketball-reference.com/boxscores/201901070DET.html,"7:00 PM, January 7, 2019",Detroit Pistons,San Antonio Spurs,107,119,DET,,,Team Totals,240,42,85,.494,9,32,.281,14,17,.824,9,28,37,22,5,2,13,22,107,,,Team Totals,240,.579,.547,.376,.200,23.7,75.7,49.3,52.4,5.4,3.4,12.3,100.0,115.5,128.4,
https://www.basketball-reference.com/boxscores/201901070HOU.html,"8:00 PM, January 7, 2019",Houston Rockets,Denver Nuggets,125,113,DEN,,,Team Totals,240,44,93,.473,7,29,.241,18,21,.857,14,32,46,26,7,3,14,21,113,,,Team Totals,240,.553,.511,.312,.226,31.8,88.9,57.5,59.1,7.0,10.3,12.0,100.0,113.7,125.8,
https://www.basketball-reference.com/boxscores/201901070HOU.html,"8:00 PM, January 7, 2019",Houston Rockets,Denver Nuggets,125,113,HOU,,,Team Totals,240,38,76,.500,22,47,.468,27,34,.794,4,30,34,28,8,3,15,23,125,,,Team Totals,240,.687,.645,.618,.447,11.1,68.2,42.5,73.7,8.0,4.7,14.2,100.0,125.8,113.7,
https://www.basketball-reference.com/boxscores/201901070MIL.html,"8:00 PM, January 7, 2019",Milwaukee Bucks,Utah Jazz,114,102,UTA,,,Team Totals,240,36,86,.419,14,37,.378,16,23,.696,11,35,46,20,6,6,15,21,102,,,Team Totals,240,.531,.500,.430,.267,23.4,77.8,50.0,55.6,6.0,8.2,13.5,100.0,101.6,113.6,
https://www.basketball-reference.com/boxscores/201901070MIL.html,"8:00 PM, January 7, 2019",Milwaukee Bucks,Utah Jazz,114,102,MIL,,,Team Totals,240,46,98,.469,9,25,.360,13,16,.813,10,36,46,27,10,6,11,19,114,,,Team Totals,240,.543,.515,.255,.163,22.2,76.6,50.0,58.7,10.0,12.2,9.5,100.0,113.6,101.6,
https://www.basketball-reference.com/boxscores/201901070NOP.html,"8:00 PM, January 7, 2019",New Orleans Pelicans,Memphis Grizzlies,114,95,MEM,,,Team Totals,240,35,78,.449,10,30,.333,15,18,.833,6,30,36,28,5,7,18,23,95,,,Team Totals,240,.553,.513,.385,.231,14.6,85.7,47.4,80.0,5.1,11.3,17.3,100.0,97.1,116.5,
https://www.basketball-reference.com/boxscores/201901070NOP.html,"8:00 PM, January 7, 2019",New Orleans Pelicans,Memphis Grizzlies,114,95,NOP,,,Team Totals,240,44,79,.557,6,17,.353,20,29,.690,5,35,40,27,13,4,14,18,114,,,Team Totals,240,.621,.595,.215,.367,14.3,85.4,52.6,61.4,13.3,8.3,13.2,100.0,116.5,97.1,
https://www.basketball-reference.com/boxscores/201901070POR.html,"10:00 PM, January 7, 2019",Portland Trail Blazers,New York Knicks,111,101,NYK,,,Team Totals,240,36,89,.404,7,23,.304,22,27,.815,14,34,48,18,9,2,11,19,101,,,Team Totals,240,.501,.444,.258,.303,26.4,73.9,48.5,50.0,9.2,3.7,9.8,100.0,103.7,113.9,
https://www.basketball-reference.com/boxscores/201901070POR.html,"10:00 PM, January 7, 2019",Portland Trail Blazers,New York Knicks,111,101,POR,,,Team Totals,240,40,85,.471,11,31,.355,20,29,.690,12,39,51,25,7,5,15,21,111,,,Team Totals,240,.568,.535,.365,.341,26.1,73.6,51.5,62.5,7.2,7.6,13.3,100.0,113.9,103.7,
https://www.basketball-reference.com/boxscores/201901070SAC.html,"10:00 PM, January 7, 2019",Sacramento Kings,Orlando Magic,111,95,ORL,,,Team Totals,240,32,87,.368,13,37,.351,18,24,.750,5,41,46,15,8,1,16,15,95,,,Team Totals,240,.487,.443,.425,.276,9.4,82.0,44.7,46.9,7.6,1.6,14.1,100.0,89.7,104.8,
https://www.basketball-reference.com/boxscores/201901070SAC.html,"10:00 PM, January 7, 2019",Sacramento Kings,Orlando Magic,111,95,SAC,,,Team Totals,240,45,98,.459,10,34,.294,11,20,.550,9,48,57,24,11,4,9,18,111,,,Team Totals,240,.520,.510,.347,.204,18.0,90.6,55.3,53.3,10.4,8.0,7.8,100.0,104.8,89.7,
https://www.basketball-reference.com/boxscores/201901080CLE.html,"7:00 PM, January 8, 2019",Cleveland Cavaliers,Indiana Pacers,115,123,IND,,,Team Totals,240,49,91,.538,10,26,.385,15,19,.789,6,26,32,34,11,0,6,18,123,,,Team Totals,240,.619,.593,.286,.209,18.2,76.5,47.8,69.4,11.7,0.0,5.7,100.0,130.3,121.8,
https://www.basketball-reference.com/boxscores/201901080CLE.html,"7:00 PM, January 8, 2019",Cleveland Cavaliers,Indiana Pacers,115,123,CLE,,,Team Totals,240,41,76,.539,13,29,.448,20,23,.870,8,27,35,24,4,3,16,20,115,,,Team Totals,240,.668,.625,.382,.303,23.5,81.8,52.2,58.5,4.2,4.6,15.7,100.0,121.8,130.3,
https://www.basketball-reference.com/boxscores/201901080GSW.html,"10:30 PM, January 8, 2019",Golden State Warriors,New York Knicks,122,95,NYK,,,Team Totals,240,35,88,.398,6,24,.250,19,21,.905,9,30,39,13,11,1,17,12,95,,,Team Totals,240,.488,.432,.273,.239,20.9,66.7,44.3,37.1,10.9,2.0,14.9,100.0,94.3,121.1,
https://www.basketball-reference.com/boxscores/201901080GSW.html,"10:30 PM, January 8, 2019",Golden State Warriors,New York Knicks,122,95,GSW,,,Team Totals,240,49,96,.510,14,45,.311,10,12,.833,15,34,49,36,9,10,16,14,122,,,Team Totals,240,.602,.583,.469,.125,33.3,79.1,55.7,73.5,8.9,15.6,13.6,100.0,121.1,94.3,
https://www.basketball-reference.com/boxscores/201901080LAC.html,"10:30 PM, January 8, 2019",Los Angeles Clippers,Charlotte Hornets,128,109,CHO,,,Team Totals,240,36,90,.400,12,33,.364,25,29,.862,10,33,43,20,5,5,11,20,109,,,Team Totals,240,.530,.467,.367,.322,20.8,82.5,48.9,55.6,4.9,7.9,9.7,100.0,107.1,125.8,
https://www.basketball-reference.com/boxscores/201901080LAC.html,"10:30 PM, January 8, 2019",Los Angeles Clippers,Charlotte Hornets,128,109,LAC,,,Team Totals,240,48,93,.516,14,30,.467,18,21,.857,7,38,45,28,6,11,10,24,128,,,Team Totals,240,.626,.591,.323,.226,17.5,79.2,51.1,58.3,5.9,19.3,8.9,100.0,125.8,107.1,
https://www.basketball-reference.com/boxscores/201901080MIA.html,"7:30 PM, January 8, 2019",Miami Heat,Denver Nuggets,99,103,DEN,,,Team Totals,240,41,87,.471,9,27,.333,12,17,.706,15,35,50,32,2,2,16,20,103,,,Team Totals,240,.545,.523,.310,.195,34.1,79.5,56.8,78.0,2.2,3.8,14.5,100.0,113.1,108.7,
https://www.basketball-reference.com/boxscores/201901080MIA.html,"7:30 PM, January 8, 2019",Miami Heat,Denver Nuggets,99,103,MIA,,,Team Totals,240,38,83,.458,8,31,.258,15,25,.600,9,29,38,24,9,8,6,18,99,,,Team Totals,240,.527,.506,.373,.301,20.5,65.9,43.2,63.2,9.9,13.3,6.0,100.0,108.7,113.1,
https://www.basketball-reference.com/boxscores/201901080OKC.html,"8:00 PM, January 8, 2019",Oklahoma City Thunder,Minnesota Timberwolves,117,119,MIN,,,Team Totals,240,38,90,.422,11,31,.355,32,40,.800,15,27,42,25,9,4,10,23,119,,,Team Totals,240,.553,.483,.344,.444,31.3,73.0,49.4,65.8,9.1,7.3,8.5,100.0,120.3,118.3,
https://www.basketball-reference.com/boxscores/201901080OKC.html,"8:00 PM, January 8, 2019",Oklahoma City Thunder,Minnesota Timberwolves,117,119,OKC,,,Team Totals,240,43,85,.506,12,30,.400,19,26,.731,10,33,43,22,4,5,16,30,117,,,Team Totals,240,.607,.576,.353,.306,27.0,68.8,50.6,51.2,4.0,8.5,14.2,100.0,118.3,120.3,
https://www.basketball-reference.com/boxscores/201901080PHI.html,"7:00 PM, January 8, 2019",Philadelphia 76ers,Washington Wizards,132,115,WAS,,,Team Totals,240,42,84,.500,14,32,.438,17,21,.810,6,28,34,26,14,3,17,18,115,,,Team Totals,240,.617,.583,.381,.250,14.3,68.3,41.0,61.9,13.5,5.5,15.4,100.0,110.7,127.1,
https://www.basketball-reference.com/boxscores/201901080PHI.html,"7:00 PM, January 8, 2019",Philadelphia 76ers,Washington Wizards,132,115,PHI,,,Team Totals,240,49,88,.557,17,33,.515,17,25,.680,13,36,49,39,10,2,20,20,132,,,Team Totals,240,.667,.653,.375,.284,31.7,85.7,59.0,79.6,9.6,3.8,16.8,100.0,127.1,110.7,
https://www.basketball-reference.com/boxscores/201901080PHO.html,"9:00 PM, January 8, 2019",Phoenix Suns,Sacramento Kings,115,111,SAC,,,Team Totals,240,38,80,.475,15,29,.517,20,29,.690,12,31,43,26,11,5,26,19,111,,,Team Totals,240,.598,.569,.363,.363,30.0,77.5,53.8,68.4,10.6,7.9,21.9,100.0,106.5,110.4,
https://www.basketball-reference.com/boxscores/201901080PHO.html,"9:00 PM, January 8, 2019",Phoenix Suns,Sacramento Kings,115,111,PHO,,,Team Totals,240,45,88,.511,10,25,.400,15,19,.789,9,28,37,31,18,7,19,25,115,,,Team Totals,240,.597,.568,.284,.216,22.5,70.0,46.3,68.9,17.3,13.7,16.5,100.0,110.4,106.5,
https://www.basketball-reference.com/boxscores/201901080TOR.html,"7:30 PM, January 8, 2019",Toronto Raptors,Atlanta Hawks,104,101,ATL,,,Team Totals,240,40,87,.460,10,27,.370,11,16,.688,13,37,50,22,12,2,27,22,101,,,Team Totals,240,.537,.517,.310,.184,28.3,86.0,56.2,55.0,11.5,4.2,22.3,100.0,96.4,99.3,
https://www.basketball-reference.com/boxscores/201901080TOR.html,"7:30 PM, January 8, 2019",Toronto Raptors,Atlanta Hawks,104,101,TOR,,,Team Totals,240,37,80,.463,10,32,.313,20,27,.741,6,33,39,26,18,7,19,20,104,,,Team Totals,240,.566,.525,.400,.338,14.0,71.7,43.8,70.3,17.2,11.7,17.1,100.0,99.3,96.4,
https://www.basketball-reference.com/boxscores/201901090BOS.html,"7:00 PM, January 9, 2019",Boston Celtics,Indiana Pacers,135,108,IND,,,Team Totals,240,39,91,.429,9,28,.321,21,33,.636,12,27,39,26,6,0,11,18,108,,,Team Totals,240,.512,.478,.308,.363,23.5,75.0,44.8,66.7,5.9,0.0,9.4,100.0,106.1,132.6,
https://www.basketball-reference.com/boxscores/201901090BOS.html,"7:00 PM, January 9, 2019",Boston Celtics,Indiana Pacers,135,108,BOS,,,Team Totals,240,50,88,.568,14,32,.438,21,24,.875,9,39,48,32,7,7,14,25,135,,,Team Totals,240,.685,.648,.364,.273,25.0,76.5,55.2,64.0,6.9,11.1,12.4,100.0,132.6,106.1,
https://www.basketball-reference.com/boxscores/201901090BRK.html,"7:30 PM, January 9, 2019",Brooklyn Nets,Atlanta Hawks,116,100,ATL,,,Team Totals,240,36,99,.364,6,35,.171,22,25,.880,18,34,52,17,8,6,22,24,100,,,Team Totals,240,.455,.394,.354,.253,33.3,65.4,49.1,47.2,7.5,9.2,16.7,100.0,93.2,108.1,
https://www.basketball-reference.com/boxscores/201901090BRK.html,"7:30 PM, January 9, 2019",Brooklyn Nets,Atlanta Hawks,116,100,BRK,,,Team Totals,240,43,95,.453,10,30,.333,20,26,.769,18,36,54,21,10,9,20,28,116,,,Team Totals,240,.545,.505,.316,.274,34.6,66.7,50.9,48.8,9.3,14.1,15.8,100.0,108.1,93.2,
https://www.basketball-reference.com/boxscores/201901090DAL.html,"8:30 PM, January 9, 2019",Dallas Mavericks,Phoenix Suns,104,94,PHO,,,Team Totals,240,36,84,.429,7,25,.280,15,21,.714,7,30,37,22,10,8,15,34,94,,,Team Totals,240,.504,.470,.298,.250,17.1,78.9,46.8,61.1,10.1,22.2,13.9,100.0,95.1,105.3,
https://www.basketball-reference.com/boxscores/201901090DAL.html,"8:30 PM, January 9, 2019",Dallas Mavericks,Phoenix Suns,104,94,DAL,,,Team Totals,240,30,70,.429,12,34,.353,32,45,.711,8,34,42,21,7,5,20,17,104,,,Team Totals,240,.579,.514,.486,.643,21.1,82.9,53.2,70.0,7.1,8.5,18.2,100.0,105.3,95.1,
https://www.basketball-reference.com/boxscores/201901090HOU.html,"8:00 PM, January 9, 2019",Houston Rockets,Milwaukee Bucks,109,116,MIL,,,Team Totals,240,44,91,.484,8,27,.296,20,24,.833,10,39,49,26,11,5,13,25,116,,,Team Totals,240,.571,.527,.297,.264,23.8,73.6,51.6,59.1,10.8,13.5,11.3,100.0,114.0,107.2,
https://www.basketball-reference.com/boxscores/201901090HOU.html,"8:00 PM, January 9, 2019",Houston Rockets,Milwaukee Bucks,109,116,HOU,,,Team Totals,240,32,85,.376,18,48,.375,27,32,.844,14,32,46,19,4,7,19,18,109,,,Team Totals,240,.550,.482,.565,.376,26.4,76.2,48.4,59.4,3.9,10.9,16.1,100.0,107.2,114.0,
https://www.basketball-reference.com/boxscores/201901090LAL.html,"10:30 PM, January 9, 2019",Los Angeles Lakers,Detroit Pistons,113,100,DET,,,Team Totals,240,39,86,.453,14,44,.318,8,14,.571,7,26,33,23,8,2,11,20,100,,,Team Totals,240,.543,.535,.512,.163,15.6,74.3,41.3,59.0,8.5,3.4,10.7,100.0,105.8,119.5,
https://www.basketball-reference.com/boxscores/201901090LAL.html,"10:30 PM, January 9, 2019",Los Angeles Lakers,Detroit Pistons,113,100,LAL,,,Team Totals,240,46,82,.561,8,23,.348,13,18,.722,9,38,47,30,5,6,15,17,113,,,Team Totals,240,.628,.610,.280,.220,25.7,84.4,58.8,65.2,5.3,14.3,14.3,100.0,119.5,105.8,
https://www.basketball-reference.com/boxscores/201901090MEM.html,"8:00 PM, January 9, 2019",Memphis Grizzlies,San Antonio Spurs,96,86,SAS,,,Team Totals,240,30,83,.361,11,27,.407,15,23,.652,8,45,53,14,4,2,15,19,86,,,Team Totals,240,.462,.428,.325,.277,15.7,83.3,50.5,46.7,4.1,3.5,13.9,100.0,87.8,98.0,
https://www.basketball-reference.com/boxscores/201901090MEM.html,"8:00 PM, January 9, 2019",Memphis Grizzlies,San Antonio Spurs,96,86,MEM,,,Team Totals,240,37,90,.411,8,33,.242,14,20,.700,9,43,52,22,6,8,9,22,96,,,Team Totals,240,.486,.456,.367,.222,16.7,84.3,49.5,59.5,6.1,14.3,8.3,100.0,98.0,87.8,
https://www.basketball-reference.com/boxscores/201901090NOP.html,"8:00 PM, January 9, 2019",New Orleans Pelicans,Cleveland Cavaliers,140,124,CLE,,,Team Totals,240,42,88,.477,14,30,.467,26,30,.867,9,22,31,27,7,3,13,30,124,,,Team Totals,240,.613,.557,.341,.341,21.4,66.7,41.3,64.3,6.8,5.5,11.4,100.0,120.7,136.3,
https://www.basketball-reference.com/boxscores/201901090NOP.html,"8:00 PM, January 9, 2019",New Orleans Pelicans,Cleveland Cavaliers,140,124,NOP,,,Team Totals,240,46,84,.548,12,29,.414,36,39,.923,11,33,44,33,7,7,17,21,140,,,Team Totals,240,.692,.619,.345,.464,33.3,78.6,58.7,71.7,6.8,12.1,14.4,100.0,136.3,120.7,
https://www.basketball-reference.com/boxscores/201901090POR.html,"10:00 PM, January 9, 2019",Portland Trail Blazers,Chicago Bulls,124,112,CHI,,,Team Totals,240,43,93,.462,9,22,.409,17,19,.895,10,27,37,22,5,3,12,18,112,,,Team Totals,240,.552,.511,.237,.204,21.3,81.8,46.3,51.2,5.0,5.3,10.6,100.0,111.1,123.0,
https://www.basketball-reference.com/boxscores/201901090POR.html,"10:00 PM, January 9, 2019",Portland Trail Blazers,Chicago Bulls,124,112,POR,,,Team Totals,240,47,83,.566,11,26,.423,19,21,.905,6,37,43,28,6,7,16,21,124,,,Team Totals,240,.672,.633,.313,.253,18.2,78.7,53.8,59.6,6.0,9.9,14.8,100.0,123.0,111.1,
https://www.basketball-reference.com/boxscores/201901090UTA.html,"9:00 PM, January 9, 2019",Utah Jazz,Orlando Magic,106,93,ORL,,,Team Totals,240,33,83,.398,13,33,.394,14,20,.700,7,34,41,17,6,4,12,20,93,,,Team Totals,240,.507,.476,.398,.241,14.9,89.5,48.2,51.5,6.2,7.8,11.6,100.0,96.5,110.0,
https://www.basketball-reference.com/boxscores/201901090UTA.html,"9:00 PM, January 9, 2019",Utah Jazz,Orlando Magic,106,93,UTA,,,Team Totals,240,41,84,.488,12,33,.364,12,14,.857,4,40,44,24,5,3,13,20,106,,,Team Totals,240,.588,.560,.393,.167,10.5,85.1,51.8,58.5,5.2,6.0,12.6,100.0,110.0,96.5,
https://www.basketball-reference.com/boxscores/201901090WAS.html,"7:00 PM, January 9, 2019",Washington Wizards,Philadelphia 76ers,123,106,PHI,,,Team Totals,240,37,86,.430,8,27,.296,24,31,.774,17,29,46,23,12,3,24,20,106,,,Team Totals,240,.532,.477,.314,.360,37.8,72.5,54.1,62.2,11.7,5.0,19.4,100.0,103.3,119.9,
https://www.basketball-reference.com/boxscores/201901090WAS.html,"7:00 PM, January 9, 2019",Washington Wizards,Philadelphia 76ers,123,106,WAS,,,Team Totals,240,47,87,.540,13,27,.481,16,21,.762,11,28,39,26,16,2,19,21,123,,,Team Totals,240,.639,.615,.310,.241,27.5,62.2,45.9,55.3,15.6,3.4,16.5,100.0,119.9,103.3,
https://www.basketball-reference.com/boxscores/201901100DEN.html,"9:00 PM, January 10, 2019",Denver Nuggets,Los Angeles Clippers,121,100,LAC,,,Team Totals,240,38,87,.437,6,24,.250,18,26,.692,8,30,38,21,4,6,12,16,100,,,Team Totals,240,.508,.471,.276,.299,17.4,66.7,41.8,55.3,4.1,8.5,10.9,100.0,102.0,123.5,
https://www.basketball-reference.com/boxscores/201901100DEN.html,"9:00 PM, January 10, 2019",Denver Nuggets,Los Angeles Clippers,121,100,DEN,,,Team Totals,240,50,99,.505,11,28,.393,10,13,.769,15,38,53,29,7,8,9,23,121,,,Team Totals,240,.578,.561,.283,.131,33.3,82.6,58.2,58.0,7.1,12.7,7.9,100.0,123.5,102.0,
https://www.basketball-reference.com/boxscores/201901100MIA.html,"7:00 PM, January 10, 2019",Miami Heat,Boston Celtics,115,99,BOS,,,Team Totals,240,36,89,.404,12,34,.353,15,17,.882,9,28,37,20,5,8,11,10,99,,,Team Totals,240,.513,.472,.382,.191,18.0,73.7,42.0,55.6,5.2,14.0,10.2,100.0,103.8,120.6,
https://www.basketball-reference.com/boxscores/201901100MIA.html,"7:00 PM, January 10, 2019",Miami Heat,Boston Celtics,115,99,MIA,,,Team Totals,240,46,96,.479,18,39,.462,5,8,.625,10,41,51,33,7,4,9,18,115,,,Team Totals,240,.578,.573,.406,.083,26.3,82.0,58.0,71.7,7.3,7.3,8.3,100.0,120.6,103.8,
https://www.basketball-reference.com/boxscores/201901100SAC.html,"10:00 PM, January 10, 2019",Sacramento Kings,Detroit Pistons,112,102,DET,,,Team Totals,240,35,82,.427,11,38,.289,21,24,.875,9,28,37,22,13,3,20,21,102,,,Team Totals,240,.551,.494,.463,.293,20.0,71.8,44.0,62.9,12.8,4.7,17.8,100.0,100.6,110.4,
https://www.basketball-reference.com/boxscores/201901100SAC.html,"10:00 PM, January 10, 2019",Sacramento Kings,Detroit Pistons,112,102,SAC,,,Team Totals,240,44,86,.512,9,22,.409,15,20,.750,11,36,47,29,7,8,20,22,112,,,Team Totals,240,.591,.564,.256,.233,28.2,80.0,56.0,65.9,6.9,18.2,17.4,100.0,110.4,100.6,
https://www.basketball-reference.com/boxscores/201901100SAS.html,"9:30 PM, January 10, 2019",San Antonio Spurs,Oklahoma City Thunder,154,147,OKC,,,Team Totals,290,58,114,.509,15,35,.429,16,24,.667,14,35,49,33,8,5,13,24,147,,,Team Totals,290,.590,.575,.307,.211,26.9,87.5,53.3,56.9,6.6,6.3,9.5,100.0,121.3,127.1,
https://www.basketball-reference.com/boxscores/201901100SAS.html,"9:30 PM, January 10, 2019",San Antonio Spurs,Oklahoma City Thunder,154,147,SAS,,,Team Totals,290,56,99,.566,16,19,.842,26,29,.897,5,38,43,38,8,10,17,25,154,,,Team Totals,290,.689,.646,.192,.293,12.5,73.1,46.7,67.9,6.6,12.7,13.2,100.0,127.1,121.3,
https://www.basketball-reference.com/boxscores/201901110GSW.html,"10:30 PM, January 11, 2019",Golden State Warriors,Chicago Bulls,146,109,CHI,,,Team Totals,240,35,78,.449,9,20,.450,30,34,.882,5,24,29,16,9,1,13,21,109,,,Team Totals,240,.586,.506,.256,.436,11.6,68.6,37.2,45.7,9.0,1.9,12.3,100.0,108.7,145.6,
https://www.basketball-reference.com/boxscores/201901110GSW.html,"10:30 PM, January 11, 2019",Golden State Warriors,Chicago Bulls,146,109,GSW,,,Team Totals,240,53,92,.576,18,39,.462,22,26,.846,11,38,49,38,6,8,12,27,146,,,Team Totals,240,.706,.674,.424,.283,31.4,88.4,62.8,71.7,6.0,13.8,10.4,100.0,145.6,108.7,
https://www.basketball-reference.com/boxscores/201901110HOU.html,"8:00 PM, January 11, 2019",Houston Rockets,Cleveland Cavaliers,141,113,CLE,,,Team Totals,240,40,89,.449,9,33,.273,24,26,.923,6,33,39,24,12,4,13,24,113,,,Team Totals,240,.563,.500,.371,.292,14.0,80.5,46.4,60.0,11.3,10.8,11.5,100.0,106.1,132.5,
https://www.basketball-reference.com/boxscores/201901110HOU.html,"8:00 PM, January 11, 2019",Houston Rockets,Cleveland Cavaliers,141,113,HOU,,,Team Totals,240,46,89,.517,20,52,.385,29,32,.906,8,37,45,28,8,9,15,18,141,,,Team Totals,240,.684,.629,.584,.360,19.5,86.0,53.6,60.9,7.5,16.1,12.7,100.0,132.5,106.1,
https://www.basketball-reference.com/boxscores/201901110MIN.html,"8:00 PM, January 11, 2019",Minnesota Timberwolves,Dallas Mavericks,115,119,DAL,,,Team Totals,240,44,97,.454,13,38,.342,18,24,.750,11,32,43,25,7,7,7,16,119,,,Team Totals,240,.553,.521,.392,.247,23.4,65.3,44.8,56.8,7.0,9.0,6.1,100.0,118.9,114.9,
https://www.basketball-reference.com/boxscores/201901110MIN.html,"8:00 PM, January 11, 2019",Minnesota Timberwolves,Dallas Mavericks,115,119,MIN,,,Team Totals,240,47,102,.461,10,24,.417,11,13,.846,17,36,53,27,5,10,13,20,115,,,Team Totals,240,.534,.510,.235,.127,34.7,76.6,55.2,57.4,5.0,16.9,10.8,100.0,114.9,118.9,
https://www.basketball-reference.com/boxscores/201901110NYK.html,"7:30 PM, January 11, 2019",New York Knicks,Indiana Pacers,106,121,IND,,,Team Totals,240,49,94,.521,12,26,.462,11,11,1.000,11,36,47,30,8,1,14,15,121,,,Team Totals,240,.612,.585,.277,.117,27.5,81.8,56.0,61.2,8.0,2.0,12.4,100.0,120.4,105.5,
https://www.basketball-reference.com/boxscores/201901110NYK.html,"7:30 PM, January 11, 2019",New York Knicks,Indiana Pacers,106,121,NYK,,,Team Totals,240,39,88,.443,14,39,.359,14,16,.875,8,29,37,22,8,5,17,18,106,,,Team Totals,240,.558,.523,.443,.182,18.2,72.5,44.0,56.4,8.0,7.4,15.2,100.0,105.5,120.4,
https://www.basketball-reference.com/boxscores/201901110PHI.html,"7:00 PM, January 11, 2019",Philadelphia 76ers,Atlanta Hawks,121,123,ATL,,,Team Totals,240,45,81,.556,12,25,.480,21,27,.778,15,29,44,27,7,4,21,24,123,,,Team Totals,240,.662,.630,.309,.333,44.1,72.5,59.5,60.0,7.1,7.4,18.4,100.0,125.4,123.3,
https://www.basketball-reference.com/boxscores/201901110PHI.html,"7:00 PM, January 11, 2019",Philadelphia 76ers,Atlanta Hawks,121,123,PHI,,,Team Totals,240,45,87,.517,11,33,.333,20,27,.741,11,19,30,31,13,4,15,23,121,,,Team Totals,240,.612,.580,.379,.310,27.5,55.9,40.5,68.9,13.2,7.1,13.2,100.0,123.3,125.4,
https://www.basketball-reference.com/boxscores/201901110POR.html,"10:00 PM, January 11, 2019",Portland Trail Blazers,Charlotte Hornets,127,96,CHO,,,Team Totals,240,36,90,.400,13,30,.433,11,16,.688,10,33,43,23,3,2,14,10,96,,,Team Totals,240,.495,.472,.333,.178,20.0,82.5,47.8,63.9,3.0,3.8,12.6,100.0,97.6,129.1,
https://www.basketball-reference.com/boxscores/201901110POR.html,"10:00 PM, January 11, 2019",Portland Trail Blazers,Charlotte Hornets,127,96,POR,,,Team Totals,240,52,93,.559,15,40,.375,8,9,.889,7,40,47,31,10,16,9,20,127,,,Team Totals,240,.655,.640,.430,.097,17.5,80.0,52.2,59.6,10.2,26.7,8.5,100.0,129.1,97.6,
https://www.basketball-reference.com/boxscores/201901110TOR.html,"7:30 PM, January 11, 2019",Toronto Raptors,Brooklyn Nets,122,105,BRK,,,Team Totals,240,37,88,.420,11,30,.367,20,30,.667,9,45,54,20,4,4,17,21,105,,,Team Totals,240,.519,.483,.341,.341,17.6,77.6,49.5,54.1,3.7,5.7,14.4,100.0,96.2,111.8,
https://www.basketball-reference.com/boxscores/201901110TOR.html,"7:30 PM, January 11, 2019",Toronto Raptors,Brooklyn Nets,122,105,TOR,,,Team Totals,240,48,105,.457,11,35,.314,15,24,.625,13,42,55,32,10,4,10,22,122,,,Team Totals,240,.528,.510,.333,.229,22.4,82.4,50.5,66.7,9.2,6.9,8.0,100.0,111.8,96.2,
https://www.basketball-reference.com/boxscores/201901110UTA.html,"10:00 PM, January 11, 2019",Utah Jazz,Los Angeles Lakers,113,95,LAL,,,Team Totals,240,37,103,.359,5,27,.185,16,24,.667,16,39,55,14,9,5,13,23,95,,,Team Totals,240,.418,.383,.262,.233,24.2,72.2,45.8,37.8,8.3,9.3,10.3,100.0,87.9,104.6,
https://www.basketball-reference.com/boxscores/201901110UTA.html,"10:00 PM, January 11, 2019",Utah Jazz,Los Angeles Lakers,113,95,UTA,,,Team Totals,240,38,96,.396,15,42,.357,22,32,.688,15,50,65,24,9,9,16,20,113,,,Team Totals,240,.513,.474,.438,.333,27.8,75.8,54.2,63.2,8.3,11.8,12.7,100.0,104.6,87.9,
https://www.basketball-reference.com/boxscores/201901110WAS.html,"7:00 PM, January 11, 2019",Washington Wizards,Milwaukee Bucks,113,106,MIL,,,Team Totals,240,40,89,.449,13,40,.325,13,17,.765,10,33,43,26,8,6,15,17,106,,,Team Totals,240,.549,.522,.449,.191,21.3,84.6,50.0,65.0,8.0,12.2,13.5,100.0,106.1,113.2,
https://www.basketball-reference.com/boxscores/201901110WAS.html,"7:00 PM, January 11, 2019",Washington Wizards,Milwaukee Bucks,113,106,WAS,,,Team Totals,240,40,82,.488,18,33,.545,15,20,.750,6,37,43,28,10,3,17,17,113,,,Team Totals,240,.622,.598,.402,.244,15.4,78.7,50.0,70.0,10.0,6.1,15.8,100.0,113.2,106.1,
https://www.basketball-reference.com/boxscores/201901120LAC.html,"3:30 PM, January 12, 2019",Los Angeles Clippers,Detroit Pistons,104,109,DET,,,Team Totals,240,37,85,.435,16,37,.432,19,22,.864,14,34,48,20,12,5,18,26,109,,,Team Totals,240,.576,.529,.435,.259,30.4,85.0,55.8,54.1,12.5,8.9,16.0,100.0,113.1,108.0,
https://www.basketball-reference.com/boxscores/201901120LAC.html,"3:30 PM, January 12, 2019",Los Angeles Clippers,Detroit Pistons,104,109,LAC,,,Team Totals,240,36,74,.486,9,18,.500,23,29,.793,6,32,38,25,7,5,17,19,104,,,Team Totals,240,.599,.547,.243,.392,15.0,69.6,44.2,69.4,7.3,10.4,16.4,100.0,108.0,113.1,
https://www.basketball-reference.com/boxscores/201901120MIA.html,"5:00 PM, January 12, 2019",Miami Heat,Memphis Grizzlies,112,108,MEM,,,Team Totals,240,39,81,.481,9,29,.310,21,27,.778,10,28,38,18,9,6,13,21,108,,,Team Totals,240,.581,.537,.358,.333,26.3,73.7,50.0,46.2,9.7,12.2,12.3,100.0,116.6,120.9,
https://www.basketball-reference.com/boxscores/201901120MIA.html,"5:00 PM, January 12, 2019",Miami Heat,Memphis Grizzlies,112,108,MIA,,,Team Totals,240,40,80,.500,15,31,.484,17,24,.708,10,28,38,25,7,4,14,23,112,,,Team Totals,240,.618,.594,.388,.300,26.3,73.7,50.0,62.5,7.6,7.7,13.4,100.0,120.9,116.6,
https://www.basketball-reference.com/boxscores/201901120MIN.html,"8:00 PM, January 12, 2019",Minnesota Timberwolves,New Orleans Pelicans,110,106,NOP,,,Team Totals,240,40,87,.460,5,24,.208,21,24,.875,10,38,48,22,7,8,17,20,106,,,Team Totals,240,.543,.489,.276,.276,22.2,71.7,49.0,55.0,6.9,14.8,14.8,100.0,103.9,107.9,
https://www.basketball-reference.com/boxscores/201901120MIN.html,"8:00 PM, January 12, 2019",Minnesota Timberwolves,New Orleans Pelicans,110,106,MIN,,,Team Totals,240,40,93,.430,11,39,.282,19,24,.792,15,35,50,23,7,5,15,20,110,,,Team Totals,240,.531,.489,.419,.258,28.3,77.8,51.0,57.5,6.9,7.9,12.7,100.0,107.9,103.9,
https://www.basketball-reference.com/boxscores/201901120OKC.html,"8:00 PM, January 12, 2019",Oklahoma City Thunder,San Antonio Spurs,122,112,SAS,,,Team Totals,240,44,96,.458,10,31,.323,14,20,.700,13,39,52,21,5,7,14,18,112,,,Team Totals,240,.534,.510,.323,.208,24.5,84.8,52.5,47.7,4.8,10.0,11.8,100.0,107.8,117.4,
https://www.basketball-reference.com/boxscores/201901120OKC.html,"8:00 PM, January 12, 2019",Oklahoma City Thunder,San Antonio Spurs,122,112,OKC,,,Team Totals,240,43,93,.462,11,23,.478,25,29,.862,7,40,47,27,10,5,7,16,122,,,Team Totals,240,.577,.522,.247,.312,15.2,75.5,47.5,62.8,9.6,7.7,6.2,100.0,117.4,107.8,
https://www.basketball-reference.com/boxscores/201901120ORL.html,"7:00 PM, January 12, 2019",Orlando Magic,Boston Celtics,105,103,BOS,,,Team Totals,240,38,90,.422,8,32,.250,19,28,.679,10,36,46,19,7,3,8,18,103,,,Team Totals,240,.503,.467,.356,.311,19.6,80.0,47.9,50.0,7.1,6.5,7.3,100.0,104.8,106.8,
https://www.basketball-reference.com/boxscores/201901120ORL.html,"7:00 PM, January 12, 2019",Orlando Magic,Boston Celtics,105,103,ORL,,,Team Totals,240,36,84,.429,11,38,.289,22,24,.917,9,41,50,21,2,5,15,20,105,,,Team Totals,240,.555,.494,.452,.286,20.0,80.4,52.1,58.3,2.0,8.6,13.7,100.0,106.8,104.8,
https://www.basketball-reference.com/boxscores/201901120PHO.html,"9:00 PM, January 12, 2019",Phoenix Suns,Denver Nuggets,102,93,DEN,,,Team Totals,240,34,88,.386,10,31,.323,15,22,.682,13,37,50,25,7,6,17,19,93,,,Team Totals,240,.476,.443,.352,.250,27.1,72.5,50.5,73.5,7.2,9.1,14.8,100.0,96.2,105.5,
https://www.basketball-reference.com/boxscores/201901120PHO.html,"9:00 PM, January 12, 2019",Phoenix Suns,Denver Nuggets,102,93,PHO,,,Team Totals,240,38,92,.413,8,26,.308,18,25,.720,14,35,49,29,11,9,9,19,102,,,Team Totals,240,.495,.457,.283,.272,27.5,72.9,49.5,76.3,11.4,15.8,8.0,100.0,105.5,96.2,
https://www.basketball-reference.com/boxscores/201901120SAC.html,"10:00 PM, January 12, 2019",Sacramento Kings,Charlotte Hornets,104,97,CHO,,,Team Totals,240,36,88,.409,12,36,.333,13,22,.591,13,43,56,21,6,11,20,17,97,,,Team Totals,240,.497,.477,.409,.250,26.0,78.2,53.3,58.3,5.9,17.7,17.0,100.0,95.3,102.2,
https://www.basketball-reference.com/boxscores/201901120SAC.html,"10:00 PM, January 12, 2019",Sacramento Kings,Charlotte Hornets,104,97,SAC,,,Team Totals,240,41,99,.414,14,37,.378,8,12,.667,12,37,49,27,8,5,11,21,104,,,Team Totals,240,.499,.485,.374,.121,21.8,74.0,46.7,65.9,7.9,9.6,9.5,100.0,102.2,95.3,
https://www.basketball-reference.com/boxscores/201901120UTA.html,"10:00 PM, January 12, 2019",Utah Jazz,Chicago Bulls,110,102,CHI,,,Team Totals,240,40,97,.412,7,25,.280,15,17,.882,10,37,47,24,8,7,11,19,102,,,Team Totals,240,.488,.448,.258,.175,19.2,78.7,47.5,60.0,7.9,16.3,9.5,100.0,100.6,108.5,
https://www.basketball-reference.com/boxscores/201901120UTA.html,"10:00 PM, January 12, 2019",Utah Jazz,Chicago Bulls,110,102,UTA,,,Team Totals,240,38,88,.432,16,45,.356,18,25,.720,10,42,52,23,6,11,13,18,110,,,Team Totals,240,.556,.523,.511,.284,21.3,80.8,52.5,60.5,5.9,15.3,11.6,100.0,108.5,100.6,
https://www.basketball-reference.com/boxscores/201901130ATL.html,"3:30 PM, January 13, 2019",Atlanta Hawks,Milwaukee Bucks,114,133,MIL,,,Team Totals,240,49,92,.533,11,30,.367,24,33,.727,8,31,39,28,13,4,14,25,133,,,Team Totals,240,.624,.592,.326,.359,18.2,63.3,41.9,57.1,11.8,6.9,11.6,100.0,120.7,103.4,
https://www.basketball-reference.com/boxscores/201901130ATL.html,"3:30 PM, January 13, 2019",Atlanta Hawks,Milwaukee Bucks,114,133,ATL,,,Team Totals,240,39,96,.406,12,38,.316,24,30,.800,18,36,54,19,3,5,24,30,114,,,Team Totals,240,.522,.469,.396,.313,36.7,81.8,58.1,48.7,2.7,8.1,18.0,100.0,103.4,120.7,
https://www.basketball-reference.com/boxscores/201901130DAL.html,"7:00 PM, January 13, 2019",Dallas Mavericks,Golden State Warriors,114,119,GSW,,,Team Totals,240,45,99,.455,19,45,.422,10,12,.833,16,33,49,26,9,8,10,22,119,,,Team Totals,240,.571,.551,.455,.121,32.7,64.7,49.0,57.8,9.5,15.1,8.8,100.0,125.6,120.3,
https://www.basketball-reference.com/boxscores/201901130DAL.html,"7:00 PM, January 13, 2019",Dallas Mavericks,Golden State Warriors,114,119,DAL,,,Team Totals,240,38,91,.418,16,38,.421,22,29,.759,18,33,51,21,5,4,12,14,114,,,Team Totals,240,.549,.505,.418,.319,35.3,67.3,51.0,55.3,5.3,7.4,10.4,100.0,120.3,125.6,
https://www.basketball-reference.com/boxscores/201901130DEN.html,"8:00 PM, January 13, 2019",Denver Nuggets,Portland Trail Blazers,116,113,POR,,,Team Totals,240,40,88,.455,12,34,.353,21,22,.955,8,31,39,25,5,1,9,22,113,,,Team Totals,240,.578,.523,.386,.250,20.5,88.6,52.7,62.5,5.2,1.7,8.4,100.0,117.8,120.9,
https://www.basketball-reference.com/boxscores/201901130DEN.html,"8:00 PM, January 13, 2019",Denver Nuggets,Portland Trail Blazers,116,113,DEN,,,Team Totals,240,45,81,.556,9,22,.409,17,20,.850,4,31,35,21,5,0,12,20,116,,,Team Totals,240,.646,.611,.272,.247,11.4,79.5,47.3,46.7,5.2,0.0,11.8,100.0,120.9,117.8,
https://www.basketball-reference.com/boxscores/201901130LAL.html,"9:30 PM, January 13, 2019",Los Angeles Lakers,Cleveland Cavaliers,95,101,CLE,,,Team Totals,240,38,89,.427,8,21,.381,17,23,.739,10,42,52,18,5,2,13,21,101,,,Team Totals,240,.509,.472,.236,.258,20.8,76.4,50.5,47.4,5.0,3.5,11.6,100.0,101.6,95.6,
https://www.basketball-reference.com/boxscores/201901130LAL.html,"9:30 PM, January 13, 2019",Los Angeles Lakers,Cleveland Cavaliers,95,101,LAL,,,Team Totals,240,36,91,.396,7,34,.206,16,27,.593,13,38,51,21,4,5,11,22,95,,,Team Totals,240,.462,.434,.374,.297,23.6,79.2,49.5,58.3,4.0,7.4,9.7,100.0,95.6,101.6,
https://www.basketball-reference.com/boxscores/201901130NYK.html,"1:00 PM, January 13, 2019",New York Knicks,Philadelphia 76ers,105,108,PHI,,,Team Totals,240,40,87,.460,6,20,.300,22,30,.733,12,44,56,22,4,9,17,21,108,,,Team Totals,240,.539,.494,.230,.345,30.8,86.3,62.2,55.0,4.0,16.4,14.5,100.0,107.3,104.3,
https://www.basketball-reference.com/boxscores/201901130NYK.html,"1:00 PM, January 13, 2019",New York Knicks,Philadelphia 76ers,105,108,NYK,,,Team Totals,240,37,86,.430,10,31,.323,21,30,.700,7,27,34,24,8,5,10,21,105,,,Team Totals,240,.529,.488,.360,.349,13.7,69.2,37.8,64.9,7.9,7.5,9.2,100.0,104.3,107.3,
https://www.basketball-reference.com/boxscores/201901130ORL.html,"6:00 PM, January 13, 2019",Orlando Magic,Houston Rockets,116,109,HOU,,,Team Totals,240,38,86,.442,10,42,.238,23,27,.852,9,29,38,20,7,1,10,21,109,,,Team Totals,240,.557,.500,.488,.314,21.4,70.7,45.8,52.6,7.4,1.6,9.3,100.0,115.2,122.6,
https://www.basketball-reference.com/boxscores/201901130ORL.html,"6:00 PM, January 13, 2019",Orlando Magic,Houston Rockets,116,109,ORL,,,Team Totals,240,41,85,.482,9,24,.375,25,28,.893,12,33,45,25,6,2,11,21,116,,,Team Totals,240,.596,.535,.282,.329,29.3,78.6,54.2,61.0,6.3,4.5,10.2,100.0,122.6,115.2,
https://www.basketball-reference.com/boxscores/201901130WAS.html,"1:00 PM, January 13, 2019",Washington Wizards,Toronto Raptors,138,140,TOR,,,Team Totals,290,49,104,.471,13,36,.361,29,36,.806,17,42,59,24,16,8,23,27,140,,,Team Totals,290,.584,.534,.346,.346,33.3,71.2,53.6,49.0,12.9,10.8,16.1,100.0,113.2,111.6,
https://www.basketball-reference.com/boxscores/201901130WAS.html,"1:00 PM, January 13, 2019",Washington Wizards,Toronto Raptors,138,140,WAS,,,Team Totals,290,54,118,.458,19,44,.432,11,18,.611,17,34,51,36,11,7,20,28,138,,,Team Totals,290,.548,.538,.373,.153,28.8,66.7,46.4,66.7,8.9,10.3,13.7,100.0,111.6,113.2,
https://www.basketball-reference.com/boxscores/201901140BRK.html,"7:30 PM, January 14, 2019",Brooklyn Nets,Boston Celtics,109,102,BOS,,,Team Totals,240,37,91,.407,11,36,.306,17,23,.739,10,31,41,21,10,8,12,21,102,,,Team Totals,240,.504,.467,.396,.253,19.2,70.5,42.7,56.8,10.1,16.7,10.6,100.0,102.7,109.8,
https://www.basketball-reference.com/boxscores/201901140BRK.html,"7:30 PM, January 14, 2019",Brooklyn Nets,Boston Celtics,109,102,BRK,,,Team Totals,240,37,86,.430,13,38,.342,22,25,.880,13,42,55,18,5,7,17,20,109,,,Team Totals,240,.562,.506,.442,.291,29.5,80.8,57.3,48.6,5.0,12.7,14.9,100.0,109.8,102.7,
https://www.basketball-reference.com/boxscores/201901140HOU.html,"8:00 PM, January 14, 2019",Houston Rockets,Memphis Grizzlies,112,94,MEM,,,Team Totals,240,36,71,.507,10,22,.455,12,22,.545,9,34,43,31,5,5,24,20,94,,,Team Totals,240,.583,.577,.310,.310,23.7,82.9,54.4,86.1,5.2,13.9,22.9,100.0,97.3,116.0,
https://www.basketball-reference.com/boxscores/201901140HOU.html,"8:00 PM, January 14, 2019",Houston Rockets,Memphis Grizzlies,112,94,HOU,,,Team Totals,240,37,84,.440,18,48,.375,20,22,.909,7,29,36,17,12,3,14,20,112,,,Team Totals,240,.598,.548,.571,.262,17.1,76.3,45.6,45.9,12.4,6.1,13.0,100.0,116.0,97.3,
https://www.basketball-reference.com/boxscores/201901140LAC.html,"10:30 PM, January 14, 2019",Los Angeles Clippers,New Orleans Pelicans,117,121,NOP,,,Team Totals,240,46,105,.438,8,25,.320,21,28,.750,15,34,49,28,8,7,7,19,121,,,Team Totals,240,.516,.476,.238,.267,26.3,81.0,49.5,60.9,7.6,14.0,5.6,100.0,115.2,111.4,
https://www.basketball-reference.com/boxscores/201901140LAC.html,"10:30 PM, January 14, 2019",Los Angeles Clippers,New Orleans Pelicans,117,121,LAC,,,Team Totals,240,41,86,.477,18,36,.500,17,24,.708,8,42,50,34,4,7,17,21,117,,,Team Totals,240,.606,.581,.419,.279,19.0,73.7,50.5,82.9,3.8,8.8,15.0,100.0,111.4,115.2,
https://www.basketball-reference.com/boxscores/201901140SAC.html,"10:00 PM, January 14, 2019",Sacramento Kings,Portland Trail Blazers,115,107,POR,,,Team Totals,240,37,92,.402,10,31,.323,23,29,.793,17,32,49,22,6,3,14,23,107,,,Team Totals,240,.511,.457,.337,.315,31.5,74.4,50.5,59.5,6.1,4.9,11.8,100.0,108.8,117.0,
https://www.basketball-reference.com/boxscores/201901140SAC.html,"10:00 PM, January 14, 2019",Sacramento Kings,Portland Trail Blazers,115,107,SAC,,,Team Totals,240,43,87,.494,10,26,.385,19,24,.792,11,37,48,24,6,6,13,23,115,,,Team Totals,240,.589,.552,.299,.276,25.6,68.5,49.5,55.8,6.1,9.8,11.8,100.0,117.0,108.8,
https://www.basketball-reference.com/boxscores/201901140SAS.html,"8:30 PM, January 14, 2019",San Antonio Spurs,Charlotte Hornets,93,108,CHO,,,Team Totals,240,43,92,.467,13,36,.361,9,11,.818,8,37,45,24,7,4,8,14,108,,,Team Totals,240,.558,.538,.391,.120,19.5,92.5,55.6,55.8,7.4,6.5,7.6,100.0,114.0,98.2,
https://www.basketball-reference.com/boxscores/201901140SAS.html,"8:30 PM, January 14, 2019",San Antonio Spurs,Charlotte Hornets,93,108,SAS,,,Team Totals,240,38,82,.463,7,20,.350,10,12,.833,3,33,36,21,4,6,12,15,93,,,Team Totals,240,.533,.506,.244,.146,7.5,80.5,44.4,55.3,4.2,10.7,12.1,100.0,98.2,114.0,
https://www.basketball-reference.com/boxscores/201901140UTA.html,"9:00 PM, January 14, 2019",Utah Jazz,Detroit Pistons,100,94,DET,,,Team Totals,240,35,90,.389,11,36,.306,13,16,.813,5,33,38,16,13,4,11,27,94,,,Team Totals,240,.484,.450,.400,.178,10.2,75.0,40.9,45.7,13.0,9.3,10.2,100.0,93.7,99.7,
https://www.basketball-reference.com/boxscores/201901140UTA.html,"9:00 PM, January 14, 2019",Utah Jazz,Detroit Pistons,100,94,UTA,,,Team Totals,240,31,80,.388,12,37,.324,26,36,.722,11,44,55,20,5,3,18,18,100,,,Team Totals,240,.522,.463,.463,.450,25.0,89.8,59.1,64.5,5.0,5.6,15.8,100.0,99.7,93.7,
https://www.basketball-reference.com/boxscores/201901150ATL.html,"7:30 PM, January 15, 2019",Atlanta Hawks,Oklahoma City Thunder,142,126,OKC,,,Team Totals,240,43,94,.457,9,32,.281,31,41,.756,15,25,40,22,16,3,12,18,126,,,Team Totals,240,.562,.505,.340,.436,30.6,71.4,47.6,51.2,15.2,5.7,9.7,100.0,119.6,134.8,
https://www.basketball-reference.com/boxscores/201901150ATL.html,"7:30 PM, January 15, 2019",Atlanta Hawks,Oklahoma City Thunder,142,126,ATL,,,Team Totals,240,56,90,.622,18,37,.486,12,16,.750,10,34,44,36,8,4,19,28,142,,,Team Totals,240,.732,.722,.411,.178,28.6,69.4,52.4,64.3,7.6,6.5,16.4,100.0,134.8,119.6,
https://www.basketball-reference.com/boxscores/201901150DEN.html,"9:00 PM, January 15, 2019",Denver Nuggets,Golden State Warriors,111,142,GSW,,,Team Totals,240,57,95,.600,21,39,.538,7,10,.700,12,38,50,38,6,4,10,20,142,,,Team Totals,240,.714,.711,.411,.105,30.8,80.9,58.1,66.7,6.2,6.9,9.1,100.0,147.4,115.2,
https://www.basketball-reference.com/boxscores/201901150DEN.html,"9:00 PM, January 15, 2019",Denver Nuggets,Golden State Warriors,111,142,DEN,,,Team Totals,240,42,92,.457,14,34,.412,13,16,.813,9,27,36,30,4,3,8,12,111,,,Team Totals,240,.560,.533,.370,.174,19.1,69.2,41.9,71.4,4.2,5.4,7.5,100.0,115.2,147.4,
https://www.basketball-reference.com/boxscores/201901150IND.html,"7:00 PM, January 15, 2019",Indiana Pacers,Phoenix Suns,131,97,PHO,,,Team Totals,240,40,95,.421,8,27,.296,9,18,.500,10,33,43,26,8,6,19,30,97,,,Team Totals,240,.471,.463,.284,.189,18.9,78.6,45.3,65.0,7.4,9.4,15.6,100.0,89.1,120.4,
https://www.basketball-reference.com/boxscores/201901150IND.html,"7:00 PM, January 15, 2019",Indiana Pacers,Phoenix Suns,131,97,IND,,,Team Totals,240,46,89,.517,12,25,.480,27,36,.750,9,43,52,31,11,7,14,17,131,,,Team Totals,240,.625,.584,.281,.404,21.4,81.1,54.7,67.4,10.1,10.3,11.8,100.0,120.4,89.1,
https://www.basketball-reference.com/boxscores/201901150LAL.html,"10:30 PM, January 15, 2019",Los Angeles Lakers,Chicago Bulls,107,100,CHI,,,Team Totals,240,37,92,.402,9,31,.290,17,24,.708,13,33,46,21,11,6,15,26,100,,,Team Totals,240,.488,.451,.337,.261,25.5,71.7,47.4,56.8,11.0,10.7,12.8,100.0,99.6,106.5,
https://www.basketball-reference.com/boxscores/201901150LAL.html,"10:30 PM, January 15, 2019",Los Angeles Lakers,Chicago Bulls,107,100,LAL,,,Team Totals,240,38,82,.463,8,26,.308,23,34,.676,13,38,51,21,7,4,17,18,107,,,Team Totals,240,.552,.512,.317,.415,28.3,74.5,52.6,55.3,7.0,6.6,14.9,100.0,106.5,99.6,
https://www.basketball-reference.com/boxscores/201901150MIL.html,"8:00 PM, January 15, 2019",Milwaukee Bucks,Miami Heat,124,86,MIA,,,Team Totals,240,36,86,.419,8,34,.235,6,8,.750,4,39,43,27,2,6,18,14,86,,,Team Totals,240,.480,.465,.395,.093,8.0,84.8,44.8,75.0,1.9,10.5,16.7,100.0,83.8,120.8,
https://www.basketball-reference.com/boxscores/201901150MIL.html,"8:00 PM, January 15, 2019",Milwaukee Bucks,Miami Heat,124,86,MIL,,,Team Totals,240,48,96,.500,17,39,.436,11,18,.611,7,46,53,35,8,6,7,12,124,,,Team Totals,240,.597,.589,.406,.188,15.2,92.0,55.2,72.9,7.8,11.5,6.3,100.0,120.8,83.8,
https://www.basketball-reference.com/boxscores/201901150PHI.html,"7:00 PM, January 15, 2019",Philadelphia 76ers,Minnesota Timberwolves,149,107,MIN,,,Team Totals,240,35,90,.389,8,23,.348,29,35,.829,9,25,34,18,10,2,11,19,107,,,Team Totals,240,.508,.433,.256,.389,16.4,75.8,38.6,51.4,9.5,4.1,9.5,100.0,101.3,141.1,
https://www.basketball-reference.com/boxscores/201901150PHI.html,"7:00 PM, January 15, 2019",Philadelphia 76ers,Minnesota Timberwolves,149,107,PHI,,,Team Totals,240,55,92,.598,21,43,.488,18,21,.857,8,46,54,40,6,11,15,29,149,,,Team Totals,240,.736,.712,.467,.228,24.2,83.6,61.4,72.7,5.7,16.4,12.9,100.0,141.1,101.3,
https://www.basketball-reference.com/boxscores/201901160BOS.html,"8:00 PM, January 16, 2019",Boston Celtics,Toronto Raptors,117,108,TOR,,,Team Totals,240,41,92,.446,7,29,.241,19,21,.905,14,28,42,20,9,2,13,14,108,,,Team Totals,240,.533,.484,.315,.228,28.6,66.7,46.2,48.8,9.3,3.2,11.4,100.0,111.6,120.9,
https://www.basketball-reference.com/boxscores/201901160BOS.html,"8:00 PM, January 16, 2019",Boston Celtics,Toronto Raptors,117,108,BOS,,,Team Totals,240,46,92,.500,14,30,.467,11,13,.846,14,35,49,32,7,6,15,24,117,,,Team Totals,240,.599,.576,.326,.141,33.3,71.4,53.8,69.6,7.2,9.5,13.3,100.0,120.9,111.6,
https://www.basketball-reference.com/boxscores/201901160DAL.html,"8:30 PM, January 16, 2019",Dallas Mavericks,San Antonio Spurs,101,105,SAS,,,Team Totals,240,41,83,.494,13,30,.433,10,12,.833,11,25,36,26,9,6,9,19,105,,,Team Totals,240,.595,.572,.361,.145,27.5,65.8,46.2,63.4,10.4,13.6,9.3,100.0,121.5,116.8,
https://www.basketball-reference.com/boxscores/201901160DAL.html,"8:30 PM, January 16, 2019",Dallas Mavericks,San Antonio Spurs,101,105,DAL,,,Team Totals,240,37,86,.430,15,42,.357,12,16,.750,13,29,42,22,6,3,14,14,101,,,Team Totals,240,.543,.517,.488,.186,34.2,72.5,53.8,59.5,6.9,5.7,13.1,100.0,116.8,121.5,
https://www.basketball-reference.com/boxscores/201901160DET.html,"7:00 PM, January 16, 2019",Detroit Pistons,Orlando Magic,120,115,ORL,,,Team Totals,265,47,94,.500,14,39,.359,7,13,.538,8,29,37,29,6,3,12,21,115,,,Team Totals,265,.577,.574,.415,.138,19.5,67.4,44.0,61.7,6.0,4.8,10.7,100.0,115.2,120.2,
https://www.basketball-reference.com/boxscores/201901160DET.html,"7:00 PM, January 16, 2019",Detroit Pistons,Orlando Magic,120,115,DET,,,Team Totals,265,44,92,.478,12,30,.400,20,25,.800,14,33,47,26,4,4,13,16,120,,,Team Totals,265,.583,.543,.326,.272,32.6,80.5,56.0,59.1,4.0,7.3,11.2,100.0,120.2,115.2,
https://www.basketball-reference.com/boxscores/201901160GSW.html,"10:30 PM, January 16, 2019",Golden State Warriors,New Orleans Pelicans,147,140,NOP,,,Team Totals,240,47,98,.480,19,37,.514,27,33,.818,7,42,49,36,6,5,10,23,140,,,Team Totals,240,.622,.577,.378,.337,13.0,80.8,46.2,76.6,5.3,9.4,8.2,100.0,123.0,129.2,
https://www.basketball-reference.com/boxscores/201901160GSW.html,"10:30 PM, January 16, 2019",Golden State Warriors,New Orleans Pelicans,147,140,GSW,,,Team Totals,240,49,102,.480,24,49,.490,25,31,.806,10,47,57,33,8,5,10,24,147,,,Team Totals,240,.636,.598,.480,.304,19.2,87.0,53.8,67.3,7.0,8.2,8.0,100.0,129.2,123.0,
https://www.basketball-reference.com/boxscores/201901160HOU.html,"8:00 PM, January 16, 2019",Houston Rockets,Brooklyn Nets,142,145,BRK,,,Team Totals,265,56,108,.519,16,36,.444,17,22,.773,16,41,57,29,4,3,14,25,145,,,Team Totals,265,.616,.593,.333,.204,30.2,80.4,54.8,51.8,3.5,8.6,10.6,100.0,126.1,123.5,
https://www.basketball-reference.com/boxscores/201901160HOU.html,"8:00 PM, January 16, 2019",Houston Rockets,Brooklyn Nets,142,145,HOU,,,Team Totals,265,45,105,.429,23,70,.329,29,34,.853,10,37,47,18,7,8,10,24,142,,,Team Totals,265,.592,.538,.667,.324,19.6,69.8,45.2,40.0,6.1,11.1,7.7,100.0,123.5,126.1,
https://www.basketball-reference.com/boxscores/201901160LAC.html,"10:30 PM, January 16, 2019",Los Angeles Clippers,Utah Jazz,109,129,UTA,,,Team Totals,240,44,86,.512,11,33,.333,30,37,.811,8,40,48,27,9,7,13,15,129,,,Team Totals,240,.631,.576,.384,.430,21.1,78.4,53.9,61.4,8.7,9.2,11.3,100.0,124.2,105.0,
https://www.basketball-reference.com/boxscores/201901160LAC.html,"10:30 PM, January 16, 2019",Los Angeles Clippers,Utah Jazz,109,129,LAC,,,Team Totals,240,45,98,.459,10,22,.455,9,14,.643,11,30,41,24,8,1,12,24,109,,,Team Totals,240,.523,.510,.224,.143,21.6,78.9,46.1,53.3,7.7,1.9,10.3,100.0,105.0,124.2,
https://www.basketball-reference.com/boxscores/201901160MEM.html,"8:00 PM, January 16, 2019",Memphis Grizzlies,Milwaukee Bucks,101,111,MIL,,,Team Totals,240,40,84,.476,12,34,.353,19,22,.864,5,45,50,27,9,8,16,25,111,,,Team Totals,240,.592,.548,.405,.262,12.5,77.6,51.0,67.5,8.6,12.5,14.6,100.0,106.2,96.6,
https://www.basketball-reference.com/boxscores/201901160MEM.html,"8:00 PM, January 16, 2019",Memphis Grizzlies,Milwaukee Bucks,101,111,MEM,,,Team Totals,240,37,95,.389,10,31,.323,17,25,.680,13,35,48,29,11,9,15,15,101,,,Team Totals,240,.476,.442,.326,.263,22.4,87.5,49.0,78.4,10.5,18.0,12.4,100.0,96.6,106.2,
https://www.basketball-reference.com/boxscores/201901160POR.html,"10:00 PM, January 16, 2019",Portland Trail Blazers,Cleveland Cavaliers,129,112,CLE,,,Team Totals,240,45,95,.474,6,19,.316,16,19,.842,12,29,41,17,0,5,3,18,112,,,Team Totals,240,.542,.505,.200,.200,26.1,80.6,50.0,37.8,0.0,8.3,2.8,100.0,121.0,139.4,
https://www.basketball-reference.com/boxscores/201901160POR.html,"10:00 PM, January 16, 2019",Portland Trail Blazers,Cleveland Cavaliers,129,112,POR,,,Team Totals,240,47,89,.528,16,29,.552,19,23,.826,7,34,41,28,1,6,4,17,129,,,Team Totals,240,.651,.618,.326,.258,19.4,73.9,50.0,59.6,1.1,7.9,3.9,100.0,139.4,121.0,
https://www.basketball-reference.com/boxscores/201901170CHO.html,"7:00 PM, January 17, 2019",Charlotte Hornets,Sacramento Kings,114,95,SAC,,,Team Totals,240,39,88,.443,11,33,.333,6,13,.462,11,31,42,28,7,3,18,22,95,,,Team Totals,240,.507,.506,.375,.148,24.4,72.1,47.7,71.8,7.2,6.1,16.1,100.0,97.1,116.5,
https://www.basketball-reference.com/boxscores/201901170CHO.html,"7:00 PM, January 17, 2019",Charlotte Hornets,Sacramento Kings,114,95,CHO,,,Team Totals,240,39,87,.448,11,38,.289,25,29,.862,12,34,46,21,11,4,13,16,114,,,Team Totals,240,.571,.511,.437,.333,27.9,75.6,52.3,53.8,11.2,7.3,11.5,100.0,116.5,97.1,
https://www.basketball-reference.com/boxscores/201901170DEN.html,"9:00 PM, January 17, 2019",Denver Nuggets,Chicago Bulls,135,105,CHI,,,Team Totals,240,44,93,.473,10,28,.357,7,11,.636,16,29,45,27,3,3,12,21,105,,,Team Totals,240,.537,.527,.301,.118,33.3,69.0,50.0,61.4,3.2,5.4,10.9,100.0,111.9,143.9,
https://www.basketball-reference.com/boxscores/201901170DEN.html,"9:00 PM, January 17, 2019",Denver Nuggets,Chicago Bulls,135,105,DEN,,,Team Totals,240,50,96,.521,20,40,.500,15,20,.750,13,32,45,34,6,2,7,16,135,,,Team Totals,240,.644,.625,.417,.208,31.0,66.7,50.0,68.0,6.4,3.1,6.3,100.0,143.9,111.9,
https://www.basketball-reference.com/boxscores/201901170IND.html,"7:00 PM, January 17, 2019",Indiana Pacers,Philadelphia 76ers,96,120,PHI,,,Team Totals,240,46,87,.529,18,34,.529,10,11,.909,9,42,51,38,8,6,18,10,120,,,Team Totals,240,.653,.632,.391,.126,24.3,77.8,56.0,82.6,8.1,8.8,16.4,100.0,120.8,96.6,
https://www.basketball-reference.com/boxscores/201901170IND.html,"7:00 PM, January 17, 2019",Indiana Pacers,Philadelphia 76ers,96,120,IND,,,Team Totals,240,39,97,.402,9,29,.310,9,12,.750,12,28,40,23,9,3,12,14,96,,,Team Totals,240,.469,.448,.299,.124,22.2,75.7,44.0,59.0,9.1,5.7,10.5,100.0,96.6,120.8,
https://www.basketball-reference.com/boxscores/201901170OKC.html,"9:30 PM, January 17, 2019",Oklahoma City Thunder,Los Angeles Lakers,128,138,LAL,,,Team Totals,265,50,99,.505,19,40,.475,19,21,.905,14,49,63,37,11,5,24,24,138,,,Team Totals,265,.637,.601,.404,.212,32.6,76.6,58.9,74.0,9.5,10.0,18.1,100.0,119.0,110.4,
https://www.basketball-reference.com/boxscores/201901170OKC.html,"9:30 PM, January 17, 2019",Oklahoma City Thunder,Los Angeles Lakers,128,138,OKC,,,Team Totals,265,41,104,.394,22,54,.407,24,36,.667,15,29,44,31,10,4,15,22,128,,,Team Totals,265,.534,.500,.519,.346,23.4,67.4,41.1,75.6,8.6,6.8,11.1,100.0,110.4,119.0,
https://www.basketball-reference.com/boxscores/201901170TOR.html,"7:30 PM, January 17, 2019",Toronto Raptors,Phoenix Suns,111,109,PHO,,,Team Totals,240,36,84,.429,9,30,.300,28,36,.778,15,31,46,18,9,8,16,21,109,,,Team Totals,240,.546,.482,.357,.429,33.3,77.5,54.1,50.0,9.1,13.8,13.8,100.0,110.7,112.7,
https://www.basketball-reference.com/boxscores/201901170TOR.html,"7:30 PM, January 17, 2019",Toronto Raptors,Phoenix Suns,111,109,TOR,,,Team Totals,240,43,86,.500,7,28,.250,18,25,.720,9,30,39,27,8,8,14,27,111,,,Team Totals,240,.572,.541,.326,.291,22.5,66.7,45.9,62.8,8.1,14.8,12.6,100.0,112.7,110.7,
https://www.basketball-reference.com/boxscores/201901170WAS.html,"3:00 PM, January 17, 2019",Washington Wizards,New York Knicks,101,100,NYK,,,Team Totals,240,39,87,.448,12,29,.414,10,12,.833,6,36,42,15,6,3,16,16,100,,,Team Totals,240,.542,.517,.333,.138,14.3,70.6,45.2,38.5,6.1,4.6,14.8,100.0,101.0,102.0,
https://www.basketball-reference.com/boxscores/201901170WAS.html,"3:00 PM, January 17, 2019",Washington Wizards,New York Knicks,101,100,WAS,,,Team Totals,240,40,92,.435,7,27,.259,14,20,.700,15,36,51,23,9,2,14,10,101,,,Team Totals,240,.501,.473,.293,.217,29.4,85.7,54.8,57.5,9.1,3.4,12.2,100.0,102.0,101.0,
https://www.basketball-reference.com/boxscores/201901180BOS.html,"7:00 PM, January 18, 2019",Boston Celtics,Memphis Grizzlies,122,116,MEM,,,Team Totals,240,41,92,.446,16,35,.457,18,20,.900,9,30,39,33,11,5,9,22,116,,,Team Totals,240,.575,.533,.380,.217,17.6,75.0,42.9,80.5,11.0,10.4,8.2,100.0,116.0,122.0,
https://www.basketball-reference.com/boxscores/201901180BOS.html,"7:00 PM, January 18, 2019",Boston Celtics,Memphis Grizzlies,122,116,BOS,,,Team Totals,240,44,86,.512,17,38,.447,17,22,.773,10,42,52,29,5,9,17,20,122,,,Team Totals,240,.638,.610,.442,.256,25.0,82.4,57.1,65.9,5.0,15.8,15.1,100.0,122.0,116.0,
https://www.basketball-reference.com/boxscores/201901180DET.html,"7:00 PM, January 18, 2019",Detroit Pistons,Miami Heat,98,93,MIA,,,Team Totals,240,39,77,.506,10,29,.345,5,19,.263,7,38,45,25,3,6,19,20,93,,,Team Totals,240,.545,.571,.377,.247,17.1,82.6,51.7,64.1,3.2,12.2,18.2,100.0,98.4,103.6,
https://www.basketball-reference.com/boxscores/201901180DET.html,"7:00 PM, January 18, 2019",Detroit Pistons,Miami Heat,98,93,DET,,,Team Totals,240,35,82,.427,13,33,.394,15,18,.833,8,34,42,23,7,2,12,20,98,,,Team Totals,240,.545,.506,.402,.220,17.4,82.9,48.3,65.7,7.4,4.2,11.8,100.0,103.6,98.4,
https://www.basketball-reference.com/boxscores/201901180LAC.html,"10:30 PM, January 18, 2019",Los Angeles Clippers,Golden State Warriors,94,112,GSW,,,Team Totals,240,42,86,.488,9,37,.243,19,27,.704,3,40,43,31,11,8,10,24,112,,,Team Totals,240,.572,.541,.430,.314,7.0,76.9,45.3,73.8,10.6,13.3,9.3,100.0,108.1,90.7,
https://www.basketball-reference.com/boxscores/201901180LAC.html,"10:30 PM, January 18, 2019",Los Angeles Clippers,Golden State Warriors,94,112,LAC,,,Team Totals,240,31,85,.365,4,25,.160,28,35,.800,12,40,52,11,6,4,18,30,94,,,Team Totals,240,.468,.388,.294,.412,23.1,93.0,54.7,35.5,5.8,8.2,15.2,100.0,90.7,108.1,
https://www.basketball-reference.com/boxscores/201901180MIN.html,"8:00 PM, January 18, 2019",Minnesota Timberwolves,San Antonio Spurs,113,116,SAS,,,Team Totals,240,41,82,.500,11,24,.458,23,29,.793,9,32,41,24,3,4,16,25,116,,,Team Totals,240,.612,.567,.293,.354,20.9,76.2,48.2,58.5,3.0,6.9,14.4,100.0,116.2,113.2,
https://www.basketball-reference.com/boxscores/201901180MIN.html,"8:00 PM, January 18, 2019",Minnesota Timberwolves,San Antonio Spurs,113,116,MIN,,,Team Totals,240,37,84,.440,7,26,.269,32,38,.842,10,34,44,21,5,3,12,28,113,,,Team Totals,240,.561,.482,.310,.452,23.8,79.1,51.8,56.8,5.0,5.2,10.6,100.0,113.2,116.2,
https://www.basketball-reference.com/boxscores/201901180ORL.html,"7:00 PM, January 18, 2019",Orlando Magic,Brooklyn Nets,115,117,BRK,,,Team Totals,240,44,97,.454,19,46,.413,10,15,.667,9,32,41,24,5,5,11,19,117,,,Team Totals,240,.565,.552,.474,.155,19.6,72.7,45.6,54.5,5.0,7.4,9.6,100.0,116.0,114.0,
https://www.basketball-reference.com/boxscores/201901180ORL.html,"7:00 PM, January 18, 2019",Orlando Magic,Brooklyn Nets,115,117,ORL,,,Team Totals,240,47,94,.500,10,26,.385,11,14,.786,12,37,49,26,5,6,13,18,115,,,Team Totals,240,.574,.553,.277,.149,27.3,80.4,54.4,55.3,5.0,11.8,11.5,100.0,114.0,116.0,
https://www.basketball-reference.com/boxscores/201901180POR.html,"10:30 PM, January 18, 2019",Portland Trail Blazers,New Orleans Pelicans,128,112,NOP,,,Team Totals,240,41,84,.488,8,25,.320,22,27,.815,7,34,41,23,4,6,12,24,112,,,Team Totals,240,.584,.536,.298,.321,16.7,65.4,43.6,56.1,4.0,8.7,11.1,100.0,112.5,128.5,
https://www.basketball-reference.com/boxscores/201901180POR.html,"10:30 PM, January 18, 2019",Portland Trail Blazers,New Orleans Pelicans,128,112,POR,,,Team Totals,240,48,103,.466,11,34,.324,21,26,.808,18,35,53,30,8,3,7,22,128,,,Team Totals,240,.559,.519,.330,.252,34.6,83.3,56.4,62.5,8.0,5.1,5.8,100.0,128.5,112.5,
https://www.basketball-reference.com/boxscores/201901180UTA.html,"9:00 PM, January 18, 2019",Utah Jazz,Cleveland Cavaliers,115,99,CLE,,,Team Totals,240,36,87,.414,7,24,.292,20,26,.769,6,31,37,16,9,3,15,19,99,,,Team Totals,240,.503,.454,.276,.299,13.0,79.5,43.5,44.4,8.7,6.3,13.2,100.0,96.0,111.5,
https://www.basketball-reference.com/boxscores/201901180UTA.html,"9:00 PM, January 18, 2019",Utah Jazz,Cleveland Cavaliers,115,99,UTA,,,Team Totals,240,44,85,.518,13,37,.351,14,15,.933,8,40,48,33,6,5,19,22,115,,,Team Totals,240,.628,.594,.435,.176,20.5,87.0,56.5,75.0,5.8,7.9,17.2,100.0,111.5,96.0,
https://www.basketball-reference.com/boxscores/201901190ATL.html,"7:30 PM, January 19, 2019",Atlanta Hawks,Boston Celtics,105,113,BOS,,,Team Totals,240,39,88,.443,12,32,.375,23,25,.920,11,32,43,19,10,8,15,18,113,,,Team Totals,240,.571,.511,.364,.284,23.4,71.1,46.7,48.7,9.9,15.7,13.2,100.0,111.7,103.8,
https://www.basketball-reference.com/boxscores/201901190ATL.html,"7:30 PM, January 19, 2019",Atlanta Hawks,Boston Celtics,105,113,ATL,,,Team Totals,240,40,92,.435,12,41,.293,13,14,.929,13,36,49,28,8,6,20,20,105,,,Team Totals,240,.535,.500,.446,.152,28.9,76.6,53.3,70.0,7.9,10.7,16.9,100.0,103.8,111.7,
https://www.basketball-reference.com/boxscores/201901190CHI.html,"8:00 PM, January 19, 2019",Chicago Bulls,Miami Heat,103,117,MIA,,,Team Totals,240,45,79,.570,13,32,.406,14,23,.609,7,39,46,27,5,6,17,23,117,,,Team Totals,240,.656,.652,.405,.291,18.4,76.5,51.7,60.0,5.0,9.7,16.0,100.0,118.0,103.9,
https://www.basketball-reference.com/boxscores/201901190CHI.html,"8:00 PM, January 19, 2019",Chicago Bulls,Miami Heat,103,117,CHI,,,Team Totals,240,35,89,.393,12,27,.444,21,26,.808,12,31,43,19,9,1,14,25,103,,,Team Totals,240,.513,.461,.303,.292,23.5,81.6,48.3,54.3,9.1,2.1,12.2,100.0,103.9,118.0,
https://www.basketball-reference.com/boxscores/201901190CHO.html,"5:00 PM, January 19, 2019",Charlotte Hornets,Phoenix Suns,135,115,PHO,,,Team Totals,240,39,87,.448,11,33,.333,26,33,.788,7,19,26,21,7,7,8,26,115,,,Team Totals,240,.566,.511,.379,.379,15.2,57.6,32.9,53.8,7.0,13.0,7.3,100.0,115.6,135.7,
https://www.basketball-reference.com/boxscores/201901190CHO.html,"5:00 PM, January 19, 2019",Charlotte Hornets,Phoenix Suns,135,115,CHO,,,Team Totals,240,48,88,.545,16,34,.471,23,27,.852,14,39,53,31,5,8,18,26,135,,,Team Totals,240,.676,.636,.386,.307,42.4,84.8,67.1,64.6,5.0,14.8,15.3,100.0,135.7,115.6,
https://www.basketball-reference.com/boxscores/201901190DEN.html,"10:00 PM, January 19, 2019",Denver Nuggets,Cleveland Cavaliers,124,102,CLE,,,Team Totals,240,35,72,.486,10,29,.345,22,26,.846,5,23,28,20,5,1,14,15,102,,,Team Totals,240,.611,.556,.403,.361,13.9,65.7,39.4,57.1,5.5,1.9,14.4,100.0,112.1,136.3,
https://www.basketball-reference.com/boxscores/201901190DEN.html,"10:00 PM, January 19, 2019",Denver Nuggets,Cleveland Cavaliers,124,102,DEN,,,Team Totals,240,50,89,.562,15,37,.405,9,11,.818,12,31,43,33,7,2,12,25,124,,,Team Totals,240,.661,.646,.416,.124,34.3,86.1,60.6,66.0,7.7,4.7,11.3,100.0,136.3,112.1,
https://www.basketball-reference.com/boxscores/201901190DET.html,"7:00 PM, January 19, 2019",Detroit Pistons,Sacramento Kings,101,103,SAC,,,Team Totals,240,40,89,.449,10,25,.400,13,18,.722,11,28,39,30,5,5,13,20,103,,,Team Totals,240,.531,.506,.281,.202,25.0,68.3,45.9,75.0,5.3,9.4,11.8,100.0,108.7,106.6,
https://www.basketball-reference.com/boxscores/201901190DET.html,"7:00 PM, January 19, 2019",Detroit Pistons,Sacramento Kings,101,103,DET,,,Team Totals,240,36,82,.439,10,29,.345,19,25,.760,13,33,46,21,6,2,17,23,101,,,Team Totals,240,.543,.500,.354,.305,31.7,75.0,54.1,58.3,6.3,3.1,15.5,100.0,106.6,108.7,
https://www.basketball-reference.com/boxscores/201901190HOU.html,"8:30 PM, January 19, 2019",Houston Rockets,Los Angeles Lakers,138,134,LAL,,,Team Totals,265,50,96,.521,10,37,.270,24,30,.800,13,43,56,27,6,4,16,27,134,,,Team Totals,265,.614,.573,.385,.313,32.5,78.2,58.9,54.0,5.4,12.5,12.8,100.0,121.3,125.0,
https://www.basketball-reference.com/boxscores/201901190HOU.html,"8:30 PM, January 19, 2019",Houston Rockets,Los Angeles Lakers,138,134,HOU,,,Team Totals,265,42,100,.420,25,68,.368,29,36,.806,12,27,39,23,9,4,12,27,138,,,Team Totals,265,.596,.545,.680,.360,21.8,67.5,41.1,54.8,8.1,6.8,9.4,100.0,125.0,121.3,
https://www.basketball-reference.com/boxscores/201901190IND.html,"7:00 PM, January 19, 2019",Indiana Pacers,Dallas Mavericks,111,99,DAL,,,Team Totals,240,37,88,.420,9,37,.243,16,20,.800,14,30,44,21,5,4,13,18,99,,,Team Totals,240,.511,.472,.420,.227,29.2,73.2,49.4,56.8,5.4,6.6,11.8,100.0,106.3,119.1,
https://www.basketball-reference.com/boxscores/201901190IND.html,"7:00 PM, January 19, 2019",Indiana Pacers,Dallas Mavericks,111,99,IND,,,Team Totals,240,42,85,.494,8,24,.333,19,24,.792,11,34,45,23,6,4,11,22,111,,,Team Totals,240,.581,.541,.282,.282,26.8,70.8,50.6,54.8,6.4,7.8,10.3,100.0,119.1,106.3,
https://www.basketball-reference.com/boxscores/201901190ORL.html,"7:00 PM, January 19, 2019",Orlando Magic,Milwaukee Bucks,108,118,MIL,,,Team Totals,240,47,85,.553,12,30,.400,12,15,.800,4,42,46,22,7,7,13,14,118,,,Team Totals,240,.644,.624,.353,.176,12.9,89.4,59.0,46.8,7.0,11.5,12.4,100.0,118.7,108.7,
https://www.basketball-reference.com/boxscores/201901190ORL.html,"7:00 PM, January 19, 2019",Orlando Magic,Milwaukee Bucks,108,118,ORL,,,Team Totals,240,44,93,.473,14,32,.438,6,9,.667,5,27,32,31,5,3,9,15,108,,,Team Totals,240,.557,.548,.344,.097,10.6,87.1,41.0,70.5,5.0,5.5,8.5,100.0,108.7,118.7,
https://www.basketball-reference.com/boxscores/201901190PHI.html,"3:30 PM, January 19, 2019",Philadelphia 76ers,Oklahoma City Thunder,115,117,OKC,,,Team Totals,240,41,93,.441,12,31,.387,23,26,.885,11,34,45,20,10,6,10,24,117,,,Team Totals,240,.560,.505,.333,.280,23.9,73.9,48.9,48.8,9.8,12.2,8.7,100.0,114.9,112.9,
https://www.basketball-reference.com/boxscores/201901190PHI.html,"3:30 PM, January 19, 2019",Philadelphia 76ers,Oklahoma City Thunder,115,117,PHI,,,Team Totals,240,38,81,.469,11,32,.344,28,39,.718,12,35,47,28,6,7,19,20,115,,,Team Totals,240,.586,.537,.395,.481,26.1,76.1,51.1,73.7,5.9,11.3,16.2,100.0,112.9,114.9,
https://www.basketball-reference.com/boxscores/201901190TOR.html,"7:30 PM, January 19, 2019",Toronto Raptors,Memphis Grizzlies,119,90,MEM,,,Team Totals,240,34,80,.425,10,29,.345,12,15,.800,10,32,42,21,7,3,26,13,90,,,Team Totals,240,.520,.488,.363,.188,25.6,80.0,53.2,61.8,7.1,5.6,23.1,100.0,90.9,120.2,
https://www.basketball-reference.com/boxscores/201901190TOR.html,"7:30 PM, January 19, 2019",Toronto Raptors,Memphis Grizzlies,119,90,TOR,,,Team Totals,240,44,90,.489,17,36,.472,14,16,.875,8,29,37,31,19,8,12,17,119,,,Team Totals,240,.613,.583,.400,.178,20.0,74.4,46.8,70.5,19.2,15.7,11.0,100.0,120.2,90.9,
https://www.basketball-reference.com/boxscores/201901200IND.html,"6:00 PM, January 20, 2019",Indiana Pacers,Charlotte Hornets,120,95,CHO,,,Team Totals,240,33,82,.402,12,35,.343,17,25,.680,7,37,44,20,5,6,16,14,95,,,Team Totals,240,.511,.476,.427,.305,15.2,75.5,46.3,60.6,5.0,8.2,14.7,100.0,95.0,120.0,
https://www.basketball-reference.com/boxscores/201901200IND.html,"6:00 PM, January 20, 2019",Indiana Pacers,Charlotte Hornets,120,95,IND,,,Team Totals,240,47,100,.470,14,27,.519,12,12,1.000,12,39,51,34,10,7,9,18,120,,,Team Totals,240,.570,.540,.270,.120,24.5,84.8,53.7,72.3,10.0,14.9,7.9,100.0,120.0,95.0,
https://www.basketball-reference.com/boxscores/201901200MIN.html,"7:00 PM, January 20, 2019",Minnesota Timberwolves,Phoenix Suns,116,114,PHO,,,Team Totals,240,40,86,.465,12,39,.308,22,32,.688,9,29,38,22,9,5,16,27,114,,,Team Totals,240,.570,.535,.453,.372,21.4,70.7,45.8,55.0,8.5,7.5,13.8,100.0,107.6,109.5,
https://www.basketball-reference.com/boxscores/201901200MIN.html,"7:00 PM, January 20, 2019",Minnesota Timberwolves,Phoenix Suns,116,114,MIN,,,Team Totals,240,39,91,.429,6,24,.250,32,40,.800,12,33,45,22,8,4,17,26,116,,,Team Totals,240,.534,.462,.264,.440,29.3,78.6,54.2,56.4,7.5,8.5,13.5,100.0,109.5,107.6,
https://www.basketball-reference.com/boxscores/201901200SAS.html,"7:00 PM, January 20, 2019",San Antonio Spurs,Los Angeles Clippers,95,103,LAC,,,Team Totals,240,39,85,.459,11,21,.524,14,24,.583,4,37,41,23,11,2,12,18,103,,,Team Totals,240,.539,.524,.247,.282,8.9,78.7,44.6,59.0,11.0,3.1,11.2,100.0,102.6,94.6,
https://www.basketball-reference.com/boxscores/201901200SAS.html,"7:00 PM, January 20, 2019",San Antonio Spurs,Los Angeles Clippers,95,103,SAS,,,Team Totals,240,39,84,.464,8,19,.421,9,17,.529,10,41,51,21,6,8,18,25,95,,,Team Totals,240,.519,.512,.226,.202,21.3,91.1,55.4,53.8,6.0,12.5,16.4,100.0,94.6,102.6,
https://www.basketball-reference.com/boxscores/201901210ATL.html,"3:00 PM, January 21, 2019",Atlanta Hawks,Orlando Magic,103,122,ORL,,,Team Totals,240,46,91,.505,11,29,.379,19,21,.905,9,36,45,29,8,8,11,22,122,,,Team Totals,240,.609,.566,.319,.231,20.5,80.0,50.6,63.0,8.0,14.3,9.9,100.0,122.2,103.2,
https://www.basketball-reference.com/boxscores/201901210ATL.html,"3:00 PM, January 21, 2019",Atlanta Hawks,Orlando Magic,103,122,ATL,,,Team Totals,240,39,86,.453,9,30,.300,16,23,.696,9,35,44,23,5,3,14,24,103,,,Team Totals,240,.536,.506,.349,.267,20.0,79.5,49.4,59.0,5.0,4.8,12.7,100.0,103.2,122.2,
https://www.basketball-reference.com/boxscores/201901210BOS.html,"6:00 PM, January 21, 2019",Boston Celtics,Miami Heat,107,99,MIA,,,Team Totals,240,36,86,.419,11,35,.314,16,18,.889,10,28,38,25,11,5,20,16,99,,,Team Totals,240,.527,.483,.407,.209,26.3,77.8,51.4,69.4,11.1,8.8,17.6,100.0,99.7,107.7,
https://www.basketball-reference.com/boxscores/201901210BOS.html,"6:00 PM, January 21, 2019",Boston Celtics,Miami Heat,107,99,BOS,,,Team Totals,240,43,87,.494,12,30,.400,9,10,.900,8,28,36,26,13,7,19,21,107,,,Team Totals,240,.585,.563,.345,.115,22.2,73.7,48.6,60.5,13.1,13.7,17.2,100.0,107.7,99.7,
https://www.basketball-reference.com/boxscores/201901210BRK.html,"3:30 PM, January 21, 2019",Brooklyn Nets,Sacramento Kings,123,94,SAC,,,Team Totals,240,39,93,.419,10,25,.400,6,11,.545,10,27,37,26,8,4,14,20,94,,,Team Totals,240,.480,.473,.269,.118,18.5,69.2,39.8,66.7,7.9,7.3,12.5,100.0,92.8,121.5,
https://www.basketball-reference.com/boxscores/201901210BRK.html,"3:30 PM, January 21, 2019",Brooklyn Nets,Sacramento Kings,123,94,BRK,,,Team Totals,240,45,90,.500,13,35,.371,20,24,.833,12,44,56,25,9,4,17,15,123,,,Team Totals,240,.612,.572,.389,.267,30.8,81.5,60.2,55.6,8.9,5.9,14.5,100.0,121.5,92.8,
https://www.basketball-reference.com/boxscores/201901210CLE.html,"1:00 PM, January 21, 2019",Cleveland Cavaliers,Chicago Bulls,88,104,CHI,,,Team Totals,240,36,76,.474,15,30,.500,17,22,.773,8,42,50,24,8,2,18,26,104,,,Team Totals,240,.607,.572,.395,.289,22.9,79.2,56.8,66.7,8.3,3.3,17.4,100.0,107.7,91.1,
https://www.basketball-reference.com/boxscores/201901210CLE.html,"1:00 PM, January 21, 2019",Cleveland Cavaliers,Chicago Bulls,88,104,CLE,,,Team Totals,240,31,87,.356,6,27,.222,20,29,.690,11,27,38,16,8,4,14,18,88,,,Team Totals,240,.441,.391,.310,.333,20.8,77.1,43.2,51.6,8.3,8.7,12.3,100.0,91.1,107.7,
https://www.basketball-reference.com/boxscores/201901210LAL.html,"10:30 PM, January 21, 2019",Los Angeles Lakers,Golden State Warriors,111,130,GSW,,,Team Totals,240,50,98,.510,16,37,.432,14,19,.737,13,37,50,41,8,6,12,27,130,,,Team Totals,240,.611,.592,.378,.194,27.1,84.1,54.3,82.0,7.6,9.4,10.1,100.0,123.4,105.3,
https://www.basketball-reference.com/boxscores/201901210LAL.html,"10:30 PM, January 21, 2019",Los Angeles Lakers,Golden State Warriors,111,130,LAL,,,Team Totals,240,42,84,.500,5,20,.250,22,38,.579,7,35,42,20,1,4,15,19,111,,,Team Totals,240,.551,.530,.238,.452,15.9,72.9,45.7,47.6,0.9,6.6,13.0,100.0,105.3,123.4,
https://www.basketball-reference.com/boxscores/201901210MEM.html,"5:30 PM, January 21, 2019",Memphis Grizzlies,New Orleans Pelicans,85,105,NOP,,,Team Totals,240,39,74,.527,9,26,.346,18,26,.692,7,43,50,19,8,7,19,17,105,,,Team Totals,240,.614,.588,.351,.351,21.9,81.1,58.8,48.7,8.4,13.2,18.2,100.0,110.0,89.0,
https://www.basketball-reference.com/boxscores/201901210MEM.html,"5:30 PM, January 21, 2019",Memphis Grizzlies,New Orleans Pelicans,85,105,MEM,,,Team Totals,240,33,88,.375,9,35,.257,10,17,.588,10,25,35,21,10,1,12,19,85,,,Team Totals,240,.445,.426,.398,.193,18.9,78.1,41.2,63.6,10.5,2.1,11.2,100.0,89.0,110.0,
https://www.basketball-reference.com/boxscores/201901210MIL.html,"2:00 PM, January 21, 2019",Milwaukee Bucks,Dallas Mavericks,116,106,DAL,,,Team Totals,240,41,99,.414,14,40,.350,10,17,.588,11,37,48,24,7,11,11,19,106,,,Team Totals,240,.498,.485,.404,.172,20.4,82.2,48.5,58.5,6.7,18.6,9.4,100.0,101.1,110.7,
https://www.basketball-reference.com/boxscores/201901210MIL.html,"2:00 PM, January 21, 2019",Milwaukee Bucks,Dallas Mavericks,116,106,MIL,,,Team Totals,240,42,91,.462,12,32,.375,20,22,.909,8,43,51,21,9,7,15,19,116,,,Team Totals,240,.576,.527,.352,.242,17.8,79.6,51.5,50.0,8.6,11.9,13.0,100.0,110.7,101.1,
https://www.basketball-reference.com/boxscores/201901210NYK.html,"12:30 PM, January 21, 2019",New York Knicks,Oklahoma City Thunder,109,127,OKC,,,Team Totals,240,45,83,.542,15,29,.517,22,27,.815,10,39,49,26,7,2,19,31,127,,,Team Totals,240,.669,.633,.349,.325,28.6,78.0,57.6,57.8,6.9,3.1,16.7,100.0,125.9,108.1,
https://www.basketball-reference.com/boxscores/201901210NYK.html,"12:30 PM, January 21, 2019",New York Knicks,Oklahoma City Thunder,109,127,NYK,,,Team Totals,240,39,87,.448,7,23,.304,24,32,.750,11,25,36,25,8,3,12,23,109,,,Team Totals,240,.539,.489,.264,.368,22.0,71.4,42.4,64.1,7.9,5.6,10.6,100.0,108.1,125.9,
https://www.basketball-reference.com/boxscores/201901210PHI.html,"8:00 PM, January 21, 2019",Philadelphia 76ers,Houston Rockets,121,93,HOU,,,Team Totals,240,31,86,.360,11,42,.262,20,26,.769,6,32,38,14,9,6,12,25,93,,,Team Totals,240,.477,.424,.488,.302,11.8,76.2,40.9,45.2,8.8,9.2,11.0,100.0,91.1,118.5,
https://www.basketball-reference.com/boxscores/201901210PHI.html,"8:00 PM, January 21, 2019",Philadelphia 76ers,Houston Rockets,121,93,PHI,,,Team Totals,240,43,88,.489,8,23,.348,27,33,.818,10,45,55,21,9,14,13,22,121,,,Team Totals,240,.590,.534,.261,.375,23.8,88.2,59.1,48.8,8.8,31.8,11.3,100.0,118.5,91.1,
https://www.basketball-reference.com/boxscores/201901210UTA.html,"9:00 PM, January 21, 2019",Utah Jazz,Portland Trail Blazers,104,109,POR,,,Team Totals,240,45,90,.500,8,18,.444,11,15,.733,7,37,44,30,6,9,11,22,109,,,Team Totals,240,.564,.544,.200,.167,16.7,74.0,47.8,66.7,5.9,15.5,10.2,100.0,107.9,102.9,
https://www.basketball-reference.com/boxscores/201901210UTA.html,"9:00 PM, January 21, 2019",Utah Jazz,Portland Trail Blazers,104,109,UTA,,,Team Totals,240,36,91,.396,7,33,.212,25,31,.806,13,35,48,21,5,8,15,19,104,,,Team Totals,240,.497,.434,.363,.341,26.0,83.3,52.2,58.3,4.9,11.1,12.5,100.0,102.9,107.9,
https://www.basketball-reference.com/boxscores/201901210WAS.html,"2:00 PM, January 21, 2019",Washington Wizards,Detroit Pistons,101,87,DET,,,Team Totals,240,31,77,.403,11,34,.324,14,18,.778,2,38,40,22,5,3,18,21,87,,,Team Totals,240,.512,.474,.442,.234,4.8,88.4,47.1,71.0,5.0,5.4,17.5,100.0,86.9,100.8,
https://www.basketball-reference.com/boxscores/201901210WAS.html,"2:00 PM, January 21, 2019",Washington Wizards,Detroit Pistons,101,87,WAS,,,Team Totals,240,36,79,.456,8,23,.348,21,27,.778,5,40,45,24,7,6,16,18,101,,,Team Totals,240,.556,.506,.291,.342,11.6,95.2,52.9,66.7,7.0,14.0,15.0,100.0,100.8,86.9,
https://www.basketball-reference.com/boxscores/201901220DAL.html,"8:30 PM, January 22, 2019",Dallas Mavericks,Los Angeles Clippers,106,98,LAC,,,Team Totals,240,33,91,.363,10,36,.278,22,29,.759,14,27,41,19,4,4,8,26,98,,,Team Totals,240,.472,.418,.396,.319,26.4,75.0,46.1,57.6,4.2,8.5,7.2,100.0,104.1,112.6,
https://www.basketball-reference.com/boxscores/201901220DAL.html,"8:30 PM, January 22, 2019",Dallas Mavericks,Los Angeles Clippers,106,98,DAL,,,Team Totals,240,38,81,.469,10,34,.294,20,29,.690,9,39,48,21,5,6,13,25,106,,,Team Totals,240,.565,.531,.420,.358,25.0,73.6,53.9,55.3,5.3,10.9,12.2,100.0,112.6,104.1,
https://www.basketball-reference.com/boxscores/201901220OKC.html,"8:00 PM, January 22, 2019",Oklahoma City Thunder,Portland Trail Blazers,123,114,POR,,,Team Totals,240,43,95,.453,10,36,.278,18,22,.818,20,32,52,21,7,3,20,20,114,,,Team Totals,240,.545,.505,.379,.232,41.7,78.0,58.4,48.8,7.0,4.8,16.0,100.0,114.0,123.0,
https://www.basketball-reference.com/boxscores/201901220OKC.html,"8:00 PM, January 22, 2019",Oklahoma City Thunder,Portland Trail Blazers,123,114,OKC,,,Team Totals,240,43,85,.506,11,23,.478,26,33,.788,9,28,37,26,16,4,11,20,123,,,Team Totals,240,.618,.571,.271,.388,22.0,58.3,41.6,60.5,16.0,6.8,10.0,100.0,123.0,114.0,
https://www.basketball-reference.com/boxscores/201901220PHO.html,"9:00 PM, January 22, 2019",Phoenix Suns,Minnesota Timberwolves,91,118,MIN,,,Team Totals,240,45,103,.437,15,42,.357,13,19,.684,20,44,64,30,7,1,15,18,118,,,Team Totals,240,.530,.510,.408,.184,40.8,89.8,65.3,66.7,6.9,1.9,11.9,100.0,116.3,89.7,
https://www.basketball-reference.com/boxscores/201901220PHO.html,"9:00 PM, January 22, 2019",Phoenix Suns,Minnesota Timberwolves,91,118,PHO,,,Team Totals,240,37,87,.425,7,34,.206,10,18,.556,5,29,34,23,6,9,14,17,91,,,Team Totals,240,.479,.466,.391,.207,10.2,59.2,34.7,62.2,5.9,14.8,12.9,100.0,89.7,116.3,
https://www.basketball-reference.com/boxscores/201901220TOR.html,"7:00 PM, January 22, 2019",Toronto Raptors,Sacramento Kings,120,105,SAC,,,Team Totals,240,41,91,.451,7,21,.333,16,22,.727,10,33,43,29,8,7,14,27,105,,,Team Totals,240,.521,.489,.231,.242,22.7,73.3,48.3,70.7,7.7,13.7,12.2,100.0,100.9,115.3,
https://www.basketball-reference.com/boxscores/201901220TOR.html,"7:00 PM, January 22, 2019",Toronto Raptors,Sacramento Kings,120,105,TOR,,,Team Totals,240,40,91,.440,16,40,.400,24,35,.686,12,34,46,25,7,5,16,21,120,,,Team Totals,240,.564,.527,.440,.385,26.7,77.3,51.7,62.5,6.7,7.1,13.1,100.0,115.3,100.9,
https://www.basketball-reference.com/boxscores/201901230BOS.html,"7:30 PM, January 23, 2019",Boston Celtics,Cleveland Cavaliers,123,103,CLE,,,Team Totals,240,38,87,.437,13,30,.433,14,20,.700,15,29,44,20,4,4,21,18,103,,,Team Totals,240,.538,.511,.345,.230,30.6,76.3,50.6,52.6,4.0,6.6,18.0,100.0,103.6,123.8,
https://www.basketball-reference.com/boxscores/201901230BOS.html,"7:30 PM, January 23, 2019",Boston Celtics,Cleveland Cavaliers,123,103,BOS,,,Team Totals,240,45,86,.523,12,25,.480,21,23,.913,9,34,43,25,12,5,14,20,123,,,Team Totals,240,.640,.593,.291,.267,23.7,69.4,49.4,55.6,12.1,8.8,12.7,100.0,123.8,103.6,
https://www.basketball-reference.com/boxscores/201901230BRK.html,"7:30 PM, January 23, 2019",Brooklyn Nets,Orlando Magic,114,110,ORL,,,Team Totals,240,38,89,.427,11,34,.324,23,28,.821,11,31,42,22,7,11,13,19,110,,,Team Totals,240,.543,.489,.382,.315,25.0,72.1,48.3,57.9,6.9,19.0,11.4,100.0,109.1,113.0,
https://www.basketball-reference.com/boxscores/201901230BRK.html,"7:30 PM, January 23, 2019",Brooklyn Nets,Orlando Magic,114,110,BRK,,,Team Totals,240,43,90,.478,10,32,.313,18,23,.783,12,33,45,20,7,2,17,22,114,,,Team Totals,240,.569,.533,.356,.256,27.9,75.0,51.7,46.5,6.9,3.6,14.5,100.0,113.0,109.1,
https://www.basketball-reference.com/boxscores/201901230CHI.html,"8:00 PM, January 23, 2019",Chicago Bulls,Atlanta Hawks,101,121,ATL,,,Team Totals,240,45,90,.500,15,40,.375,16,21,.762,16,35,51,31,11,2,17,20,121,,,Team Totals,240,.610,.583,.444,.233,34.8,83.3,58.0,68.9,11.2,3.8,14.6,100.0,123.7,103.3,
https://www.basketball-reference.com/boxscores/201901230CHI.html,"8:00 PM, January 23, 2019",Chicago Bulls,Atlanta Hawks,101,121,CHI,,,Team Totals,240,35,79,.443,8,26,.308,23,27,.852,7,30,37,20,7,6,15,21,101,,,Team Totals,240,.556,.494,.329,.342,16.7,65.2,42.0,57.1,7.2,12.0,14.2,100.0,103.3,123.7,
https://www.basketball-reference.com/boxscores/201901230IND.html,"7:00 PM, January 23, 2019",Indiana Pacers,Toronto Raptors,110,106,TOR,,,Team Totals,240,38,92,.413,12,39,.308,18,23,.783,10,35,45,28,2,5,9,22,106,,,Team Totals,240,.519,.478,.424,.250,21.7,74.5,48.4,73.7,2.1,7.6,8.1,100.0,110.2,114.3,
https://www.basketball-reference.com/boxscores/201901230IND.html,"7:00 PM, January 23, 2019",Indiana Pacers,Toronto Raptors,110,106,IND,,,Team Totals,240,40,92,.435,9,26,.346,21,25,.840,12,36,48,27,6,7,7,23,110,,,Team Totals,240,.534,.484,.283,.272,25.5,78.3,51.6,67.5,6.2,13.2,6.4,100.0,114.3,110.2,
https://www.basketball-reference.com/boxscores/201901230MEM.html,"8:00 PM, January 23, 2019",Memphis Grizzlies,Charlotte Hornets,107,118,CHO,,,Team Totals,240,41,77,.532,12,30,.400,24,31,.774,5,32,37,23,8,2,9,19,118,,,Team Totals,240,.651,.610,.390,.403,13.5,84.2,49.3,56.1,8.5,4.0,9.0,100.0,125.8,114.1,
https://www.basketball-reference.com/boxscores/201901230MEM.html,"8:00 PM, January 23, 2019",Memphis Grizzlies,Charlotte Hornets,107,118,MEM,,,Team Totals,240,38,81,.469,9,31,.290,22,24,.917,6,32,38,25,8,3,11,25,107,,,Team Totals,240,.584,.525,.383,.296,15.8,86.5,50.7,65.8,8.5,6.4,10.7,100.0,114.1,125.8,
https://www.basketball-reference.com/boxscores/201901230MIA.html,"7:30 PM, January 23, 2019",Miami Heat,Los Angeles Clippers,99,111,LAC,,,Team Totals,240,45,85,.529,7,22,.318,14,21,.667,7,34,41,23,5,3,7,20,111,,,Team Totals,240,.589,.571,.259,.247,20.0,73.9,50.6,51.1,5.4,5.5,6.9,100.0,119.8,106.8,
https://www.basketball-reference.com/boxscores/201901230MIA.html,"7:30 PM, January 23, 2019",Miami Heat,Los Angeles Clippers,99,111,MIA,,,Team Totals,240,39,83,.470,8,28,.286,13,22,.591,12,28,40,23,3,3,14,19,99,,,Team Totals,240,.534,.518,.337,.265,26.1,80.0,49.4,59.0,3.2,4.8,13.1,100.0,106.8,119.8,
https://www.basketball-reference.com/boxscores/201901230NOP.html,"8:00 PM, January 23, 2019",New Orleans Pelicans,Detroit Pistons,94,98,DET,,,Team Totals,240,36,89,.404,13,39,.333,13,19,.684,9,40,49,24,5,3,9,15,98,,,Team Totals,240,.503,.478,.438,.213,18.0,83.3,50.0,66.7,5.2,4.3,8.5,100.0,101.4,97.3,
https://www.basketball-reference.com/boxscores/201901230NOP.html,"8:00 PM, January 23, 2019",New Orleans Pelicans,Detroit Pistons,94,98,NOP,,,Team Totals,240,42,91,.462,6,22,.273,4,9,.444,8,41,49,20,3,9,12,18,94,,,Team Totals,240,.495,.495,.242,.099,16.7,82.0,50.0,47.6,3.1,18.0,11.2,100.0,97.3,101.4,
https://www.basketball-reference.com/boxscores/201901230NYK.html,"7:30 PM, January 23, 2019",New York Knicks,Houston Rockets,110,114,HOU,,,Team Totals,240,37,90,.411,11,44,.250,29,38,.763,15,29,44,10,15,10,13,25,114,,,Team Totals,240,.534,.472,.489,.422,28.3,74.4,47.8,27.0,14.8,19.6,10.9,100.0,112.8,108.9,
https://www.basketball-reference.com/boxscores/201901230NYK.html,"7:30 PM, January 23, 2019",New York Knicks,Houston Rockets,110,114,NYK,,,Team Totals,240,37,81,.457,11,30,.367,25,30,.833,10,38,48,15,5,7,19,23,110,,,Team Totals,240,.584,.525,.370,.370,25.6,71.7,52.2,40.5,4.9,15.2,16.8,100.0,108.9,112.8,
https://www.basketball-reference.com/boxscores/201901230PHI.html,"8:00 PM, January 23, 2019",Philadelphia 76ers,San Antonio Spurs,122,120,SAS,,,Team Totals,240,47,82,.573,13,27,.481,13,15,.867,5,31,36,24,8,6,15,15,120,,,Team Totals,240,.677,.652,.329,.183,14.7,70.5,46.2,51.1,8.3,10.5,14.5,100.0,124.0,126.1,
https://www.basketball-reference.com/boxscores/201901230PHI.html,"8:00 PM, January 23, 2019",Philadelphia 76ers,San Antonio Spurs,122,120,PHI,,,Team Totals,240,47,93,.505,17,36,.472,11,14,.786,13,29,42,35,9,5,12,14,122,,,Team Totals,240,.615,.597,.387,.151,29.5,85.3,53.8,74.5,9.3,9.1,10.8,100.0,126.1,124.0,
https://www.basketball-reference.com/boxscores/201901230UTA.html,"10:30 PM, January 23, 2019",Utah Jazz,Denver Nuggets,114,108,DEN,,,Team Totals,240,42,88,.477,8,27,.296,16,20,.800,12,38,50,20,7,9,16,25,108,,,Team Totals,240,.558,.523,.307,.227,30.0,76.0,55.6,47.6,7.1,21.4,14.2,100.0,110.1,116.2,
https://www.basketball-reference.com/boxscores/201901230UTA.html,"10:30 PM, January 23, 2019",Utah Jazz,Denver Nuggets,114,108,UTA,,,Team Totals,240,38,88,.432,19,46,.413,19,27,.704,12,28,40,28,7,7,13,20,114,,,Team Totals,240,.571,.540,.523,.307,24.0,70.0,44.4,73.7,7.1,11.5,11.5,100.0,116.2,110.1,
https://www.basketball-reference.com/boxscores/201901240LAL.html,"10:30 PM, January 24, 2019",Los Angeles Lakers,Minnesota Timberwolves,105,120,MIN,,,Team Totals,240,44,102,.431,10,33,.303,22,25,.880,22,33,55,24,8,3,14,15,120,,,Team Totals,240,.531,.480,.324,.245,42.3,78.6,58.5,54.5,7.9,5.1,11.0,100.0,118.5,103.7,
https://www.basketball-reference.com/boxscores/201901240LAL.html,"10:30 PM, January 24, 2019",Los Angeles Lakers,Minnesota Timberwolves,105,120,LAL,,,Team Totals,240,44,87,.506,8,28,.286,9,14,.643,9,30,39,28,5,5,20,23,105,,,Team Totals,240,.564,.552,.322,.161,21.4,57.7,41.5,63.6,4.9,7.2,17.7,100.0,103.7,118.5,
https://www.basketball-reference.com/boxscores/201901240OKC.html,"8:00 PM, January 24, 2019",Oklahoma City Thunder,New Orleans Pelicans,122,116,NOP,,,Team Totals,240,49,101,.485,10,36,.278,8,12,.667,8,34,42,34,7,6,12,16,116,,,Team Totals,240,.546,.535,.356,.119,15.7,70.8,42.4,69.4,6.5,8.7,10.1,100.0,108.1,113.7,
https://www.basketball-reference.com/boxscores/201901240OKC.html,"8:00 PM, January 24, 2019",Oklahoma City Thunder,New Orleans Pelicans,122,116,OKC,,,Team Totals,240,50,101,.495,14,32,.438,8,16,.500,14,43,57,33,8,2,14,15,122,,,Team Totals,240,.565,.564,.317,.158,29.2,84.3,57.6,66.0,7.5,3.1,11.5,100.0,113.7,108.1,
https://www.basketball-reference.com/boxscores/201901240PHO.html,"9:00 PM, January 24, 2019",Phoenix Suns,Portland Trail Blazers,106,120,POR,,,Team Totals,240,44,94,.468,12,26,.462,20,20,1.000,14,39,53,25,8,8,17,24,120,,,Team Totals,240,.584,.532,.277,.213,31.8,81.3,57.6,56.8,7.8,16.0,14.2,100.0,116.3,102.7,
https://www.basketball-reference.com/boxscores/201901240PHO.html,"9:00 PM, January 24, 2019",Phoenix Suns,Portland Trail Blazers,106,120,PHO,,,Team Totals,240,36,88,.409,13,38,.342,21,27,.778,9,30,39,19,9,4,16,22,106,,,Team Totals,240,.531,.483,.432,.307,18.8,68.2,42.4,52.8,8.7,5.9,13.8,100.0,102.7,116.3,
https://www.basketball-reference.com/boxscores/201901240WAS.html,"8:00 PM, January 24, 2019",Washington Wizards,Golden State Warriors,118,126,GSW,,,Team Totals,240,50,88,.568,7,20,.350,19,21,.905,8,42,50,34,5,6,15,21,126,,,Team Totals,240,.648,.608,.227,.239,22.9,82.4,58.1,68.0,4.9,11.3,13.4,100.0,122.4,114.6,
https://www.basketball-reference.com/boxscores/201901240WAS.html,"8:00 PM, January 24, 2019",Washington Wizards,Golden State Warriors,118,126,WAS,,,Team Totals,240,44,95,.463,15,42,.357,15,21,.714,9,27,36,29,7,2,10,22,118,,,Team Totals,240,.566,.542,.442,.221,17.6,77.1,41.9,65.9,6.8,2.9,8.8,100.0,114.6,122.4,
https://www.basketball-reference.com/boxscores/201901250BRK.html,"7:30 PM, January 25, 2019",Brooklyn Nets,New York Knicks,109,99,NYK,,,Team Totals,240,37,87,.425,8,31,.258,17,26,.654,6,27,33,17,12,11,8,31,99,,,Team Totals,240,.503,.471,.356,.299,12.5,60.0,35.5,45.9,12.0,21.6,7.5,100.0,98.9,108.9,
https://www.basketball-reference.com/boxscores/201901250BRK.html,"7:30 PM, January 25, 2019",Brooklyn Nets,New York Knicks,109,99,BRK,,,Team Totals,240,34,84,.405,9,33,.273,32,47,.681,18,42,60,19,5,2,20,21,109,,,Team Totals,240,.521,.458,.393,.560,40.0,87.5,64.5,55.9,5.0,3.6,16.0,100.0,108.9,98.9,
https://www.basketball-reference.com/boxscores/201901250CHI.html,"8:00 PM, January 25, 2019",Chicago Bulls,Los Angeles Clippers,101,106,LAC,,,Team Totals,240,38,82,.463,8,21,.381,22,29,.759,5,45,50,27,3,4,16,14,106,,,Team Totals,240,.559,.512,.256,.354,11.9,78.9,50.5,71.1,2.9,6.0,14.4,100.0,102.0,97.2,
https://www.basketball-reference.com/boxscores/201901250CHI.html,"8:00 PM, January 25, 2019",Chicago Bulls,Los Angeles Clippers,101,106,CHI,,,Team Totals,240,40,102,.392,10,35,.286,11,12,.917,12,37,49,20,11,5,11,23,101,,,Team Totals,240,.471,.441,.343,.118,21.1,88.1,49.5,50.0,10.6,8.2,9.3,100.0,97.2,102.0,
https://www.basketball-reference.com/boxscores/201901250CLE.html,"7:30 PM, January 25, 2019",Cleveland Cavaliers,Miami Heat,94,100,MIA,,,Team Totals,240,37,79,.468,9,23,.391,17,25,.680,11,36,47,19,6,4,14,18,100,,,Team Totals,240,.556,.525,.291,.316,25.0,80.0,52.8,51.4,6.5,7.3,13.5,100.0,108.3,101.8,
https://www.basketball-reference.com/boxscores/201901250CLE.html,"7:30 PM, January 25, 2019",Cleveland Cavaliers,Miami Heat,94,100,CLE,,,Team Totals,240,37,85,.435,10,30,.333,10,13,.769,9,33,42,23,8,2,13,21,94,,,Team Totals,240,.518,.494,.353,.153,20.0,75.0,47.2,62.2,8.7,3.6,12.5,100.0,101.8,108.3,
https://www.basketball-reference.com/boxscores/201901250DAL.html,"8:30 PM, January 25, 2019",Dallas Mavericks,Detroit Pistons,106,101,DET,,,Team Totals,240,35,85,.412,12,38,.316,19,25,.760,13,33,46,22,6,0,13,26,101,,,Team Totals,240,.526,.482,.447,.294,27.7,78.6,51.7,62.9,6.4,0.0,11.9,100.0,108.5,113.9,
https://www.basketball-reference.com/boxscores/201901250DAL.html,"8:30 PM, January 25, 2019",Dallas Mavericks,Detroit Pistons,106,101,DAL,,,Team Totals,240,37,81,.457,14,36,.389,18,30,.600,9,34,43,24,8,6,10,25,106,,,Team Totals,240,.563,.543,.444,.370,21.4,72.3,48.3,64.9,8.6,12.8,9.6,100.0,113.9,108.5,
https://www.basketball-reference.com/boxscores/201901250DEN.html,"9:00 PM, January 25, 2019",Denver Nuggets,Phoenix Suns,132,95,PHO,,,Team Totals,240,32,76,.421,7,30,.233,24,26,.923,2,33,35,20,4,7,16,25,95,,,Team Totals,240,.543,.467,.395,.342,4.7,67.3,38.0,62.5,4.0,12.1,15.5,100.0,94.3,131.1,
https://www.basketball-reference.com/boxscores/201901250DEN.html,"9:00 PM, January 25, 2019",Denver Nuggets,Phoenix Suns,132,95,DEN,,,Team Totals,240,47,94,.500,15,36,.417,23,29,.793,16,41,57,26,9,1,12,20,132,,,Team Totals,240,.618,.580,.383,.309,32.7,95.3,62.0,55.3,8.9,2.2,10.1,100.0,131.1,94.3,
https://www.basketball-reference.com/boxscores/201901250HOU.html,"8:00 PM, January 25, 2019",Houston Rockets,Toronto Raptors,121,119,TOR,,,Team Totals,240,44,91,.484,14,36,.389,17,18,.944,12,35,47,27,4,1,21,25,119,,,Team Totals,240,.601,.560,.396,.198,30.0,74.5,54.0,61.4,3.9,2.2,17.5,100.0,115.2,117.1,
https://www.basketball-reference.com/boxscores/201901250HOU.html,"8:00 PM, January 25, 2019",Houston Rockets,Toronto Raptors,121,119,HOU,,,Team Totals,240,41,91,.451,10,46,.217,29,33,.879,12,28,40,17,11,5,12,21,121,,,Team Totals,240,.573,.505,.505,.363,25.5,70.0,46.0,41.5,10.6,9.1,10.2,100.0,117.1,115.2,
https://www.basketball-reference.com/boxscores/201901250MEM.html,"8:00 PM, January 25, 2019",Memphis Grizzlies,Sacramento Kings,96,99,SAC,,,Team Totals,240,37,91,.407,12,33,.364,13,17,.765,12,37,49,23,11,5,19,25,99,,,Team Totals,240,.503,.473,.363,.187,25.5,80.4,52.7,62.2,11.0,8.3,16.2,100.0,99.4,96.4,
https://www.basketball-reference.com/boxscores/201901250MEM.html,"8:00 PM, January 25, 2019",Memphis Grizzlies,Sacramento Kings,96,99,MEM,,,Team Totals,240,34,80,.425,6,20,.300,22,27,.815,9,35,44,22,13,5,16,22,96,,,Team Totals,240,.522,.463,.250,.338,19.6,74.5,47.3,64.7,13.1,8.6,14.8,100.0,96.4,99.4,
https://www.basketball-reference.com/boxscores/201901250MIL.html,"8:30 PM, January 25, 2019",Milwaukee Bucks,Charlotte Hornets,108,99,CHO,,,Team Totals,240,36,90,.400,10,39,.256,17,25,.680,12,41,53,20,4,2,17,19,99,,,Team Totals,240,.490,.456,.433,.278,23.1,87.2,53.5,55.6,3.9,3.4,14.4,100.0,95.5,104.2,
https://www.basketball-reference.com/boxscores/201901250MIL.html,"8:30 PM, January 25, 2019",Milwaukee Bucks,Charlotte Hornets,108,99,MIL,,,Team Totals,240,41,89,.461,6,31,.194,20,23,.870,6,40,46,17,9,6,12,18,108,,,Team Totals,240,.545,.494,.348,.258,12.8,76.9,46.5,41.5,8.7,11.8,10.8,100.0,104.2,95.5,
https://www.basketball-reference.com/boxscores/201901250ORL.html,"7:00 PM, January 25, 2019",Orlando Magic,Washington Wizards,91,95,WAS,,,Team Totals,240,35,79,.443,15,27,.556,10,12,.833,5,33,38,26,9,1,12,15,95,,,Team Totals,240,.564,.538,.342,.152,11.4,71.7,42.2,74.3,9.9,2.0,12.5,100.0,104.8,100.4,
https://www.basketball-reference.com/boxscores/201901250ORL.html,"7:00 PM, January 25, 2019",Orlando Magic,Washington Wizards,91,95,ORL,,,Team Totals,240,38,84,.452,7,33,.212,8,12,.667,13,39,52,24,3,4,16,10,91,,,Team Totals,240,.510,.494,.393,.143,28.3,88.6,57.8,63.2,3.3,7.7,15.2,100.0,100.4,104.8,
https://www.basketball-reference.com/boxscores/201901250UTA.html,"9:00 PM, January 25, 2019",Utah Jazz,Minnesota Timberwolves,106,102,MIN,,,Team Totals,240,38,90,.422,8,26,.308,18,21,.857,12,38,50,20,5,5,15,22,102,,,Team Totals,240,.514,.467,.289,.233,27.9,70.4,51.5,52.6,5.1,9.3,13.1,100.0,104.7,108.8,
https://www.basketball-reference.com/boxscores/201901250UTA.html,"9:00 PM, January 25, 2019",Utah Jazz,Minnesota Timberwolves,106,102,UTA,,,Team Totals,240,37,94,.394,13,40,.325,19,25,.760,16,31,47,25,9,8,11,19,106,,,Team Totals,240,.505,.463,.426,.266,29.6,72.1,48.5,67.6,9.2,12.5,9.5,100.0,108.8,104.7,
https://www.basketball-reference.com/boxscores/201901260BOS.html,"8:30 PM, January 26, 2019",Boston Celtics,Golden State Warriors,111,115,GSW,,,Team Totals,240,37,83,.446,12,33,.364,29,34,.853,11,42,53,25,8,7,15,19,115,,,Team Totals,240,.587,.518,.398,.410,24.4,73.7,52.0,67.6,7.9,11.9,13.3,100.0,113.7,109.8,
https://www.basketball-reference.com/boxscores/201901260BOS.html,"8:30 PM, January 26, 2019",Boston Celtics,Golden State Warriors,111,115,BOS,,,Team Totals,240,41,99,.414,15,40,.375,14,15,.933,15,34,49,23,6,4,14,22,111,,,Team Totals,240,.526,.490,.404,.152,26.3,75.6,48.0,56.1,5.9,8.0,11.7,100.0,109.8,113.7,
https://www.basketball-reference.com/boxscores/201901260DEN.html,"9:00 PM, January 26, 2019",Denver Nuggets,Philadelphia 76ers,126,110,PHI,,,Team Totals,240,38,91,.418,14,36,.389,20,27,.741,11,30,41,29,7,2,12,24,110,,,Team Totals,240,.535,.495,.396,.297,21.6,73.2,44.6,76.3,6.8,2.9,10.4,100.0,107.3,122.9,
https://www.basketball-reference.com/boxscores/201901260DEN.html,"9:00 PM, January 26, 2019",Denver Nuggets,Philadelphia 76ers,126,110,DEN,,,Team Totals,240,48,94,.511,8,24,.333,22,29,.759,11,40,51,27,4,4,11,21,126,,,Team Totals,240,.590,.553,.255,.309,26.8,78.4,55.4,56.3,3.9,7.3,9.3,100.0,122.9,107.3,
https://www.basketball-reference.com/boxscores/201901260MEM.html,"8:00 PM, January 26, 2019",Memphis Grizzlies,Indiana Pacers,106,103,IND,,,Team Totals,240,32,74,.432,9,27,.333,30,36,.833,7,33,40,20,7,5,18,26,103,,,Team Totals,240,.573,.493,.365,.486,20.0,80.5,52.6,62.5,7.2,9.6,16.7,100.0,106.2,109.2,
https://www.basketball-reference.com/boxscores/201901260MEM.html,"8:00 PM, January 26, 2019",Memphis Grizzlies,Indiana Pacers,106,103,MEM,,,Team Totals,240,39,80,.488,9,28,.321,19,28,.679,8,28,36,29,8,5,14,24,106,,,Team Totals,240,.574,.544,.350,.350,19.5,80.0,47.4,74.4,8.2,10.6,13.2,100.0,109.2,106.2,
https://www.basketball-reference.com/boxscores/201901260NOP.html,"6:00 PM, January 26, 2019",New Orleans Pelicans,San Antonio Spurs,114,126,SAS,,,Team Totals,240,47,91,.516,11,24,.458,21,25,.840,9,42,51,30,5,3,10,19,126,,,Team Totals,240,.618,.577,.264,.275,22.5,80.8,55.4,63.8,4.9,4.3,8.9,100.0,123.8,112.0,
https://www.basketball-reference.com/boxscores/201901260NOP.html,"6:00 PM, January 26, 2019",New Orleans Pelicans,San Antonio Spurs,114,126,NOP,,,Team Totals,240,45,96,.469,7,27,.259,17,24,.708,10,31,41,26,6,6,8,18,114,,,Team Totals,240,.535,.505,.281,.250,19.2,77.5,44.6,57.8,5.9,9.0,7.0,100.0,112.0,123.8,
https://www.basketball-reference.com/boxscores/201901260POR.html,"10:00 PM, January 26, 2019",Portland Trail Blazers,Atlanta Hawks,120,111,ATL,,,Team Totals,240,42,92,.457,12,33,.364,15,20,.750,9,27,36,24,9,7,11,27,111,,,Team Totals,240,.551,.522,.359,.217,20.0,71.1,43.4,57.1,9.0,13.5,9.8,100.0,110.7,119.6,
https://www.basketball-reference.com/boxscores/201901260POR.html,"10:00 PM, January 26, 2019",Portland Trail Blazers,Atlanta Hawks,120,111,POR,,,Team Totals,240,41,82,.500,11,30,.367,27,30,.900,11,36,47,26,8,7,19,23,120,,,Team Totals,240,.630,.567,.366,.366,28.9,80.0,56.6,63.4,8.0,11.9,16.6,100.0,119.6,110.7,
https://www.basketball-reference.com/boxscores/201901270CHI.html,"3:30 PM, January 27, 2019",Chicago Bulls,Cleveland Cavaliers,101,104,CLE,,,Team Totals,240,39,92,.424,13,34,.382,13,15,.867,12,40,52,26,5,3,8,13,104,,,Team Totals,240,.527,.495,.370,.163,23.5,83.3,52.5,66.7,5.3,4.8,7.5,100.0,110.2,107.0,
https://www.basketball-reference.com/boxscores/201901270CHI.html,"3:30 PM, January 27, 2019",Chicago Bulls,Cleveland Cavaliers,101,104,CHI,,,Team Totals,240,39,88,.443,9,26,.346,14,17,.824,8,39,47,22,5,8,10,17,101,,,Team Totals,240,.529,.494,.295,.193,16.7,76.5,47.5,56.4,5.3,13.8,9.5,100.0,107.0,110.2,
https://www.basketball-reference.com/boxscores/201901270DAL.html,"7:00 PM, January 27, 2019",Dallas Mavericks,Toronto Raptors,120,123,TOR,,,Team Totals,240,37,83,.446,17,34,.500,32,38,.842,8,36,44,24,6,5,8,27,123,,,Team Totals,240,.617,.548,.410,.458,18.2,83.7,50.6,64.9,5.9,9.6,7.4,100.0,121.8,118.8,
https://www.basketball-reference.com/boxscores/201901270DAL.html,"7:00 PM, January 27, 2019",Dallas Mavericks,Toronto Raptors,120,123,DAL,,,Team Totals,240,43,88,.489,11,36,.306,23,34,.676,7,36,43,25,5,2,11,29,120,,,Team Totals,240,.583,.551,.409,.386,16.3,81.8,49.4,58.1,5.0,4.1,9.7,100.0,118.8,121.8,
https://www.basketball-reference.com/boxscores/201901270HOU.html,"7:00 PM, January 27, 2019",Houston Rockets,Orlando Magic,103,98,ORL,,,Team Totals,240,39,97,.402,10,35,.286,10,17,.588,18,38,56,23,10,4,15,18,98,,,Team Totals,240,.469,.454,.361,.175,33.3,92.7,58.9,59.0,10.2,9.1,12.6,100.0,99.9,105.0,
https://www.basketball-reference.com/boxscores/201901270HOU.html,"7:00 PM, January 27, 2019",Houston Rockets,Orlando Magic,103,98,HOU,,,Team Totals,240,38,80,.475,12,36,.333,15,21,.714,3,36,39,20,8,7,13,19,103,,,Team Totals,240,.577,.550,.450,.263,7.3,66.7,41.1,52.6,8.2,11.3,12.7,100.0,105.0,99.9,
https://www.basketball-reference.com/boxscores/201901270LAC.html,"3:30 PM, January 27, 2019",Los Angeles Clippers,Sacramento Kings,122,108,SAC,,,Team Totals,240,37,93,.398,8,36,.222,26,30,.867,15,29,44,18,12,6,12,26,108,,,Team Totals,240,.508,.441,.387,.323,28.3,67.4,45.8,48.6,11.8,10.2,10.2,100.0,106.6,120.4,
https://www.basketball-reference.com/boxscores/201901270LAC.html,"3:30 PM, January 27, 2019",Los Angeles Clippers,Sacramento Kings,122,108,LAC,,,Team Totals,240,42,88,.477,11,29,.379,27,29,.931,14,38,52,35,6,1,19,28,122,,,Team Totals,240,.605,.540,.330,.330,32.6,71.7,54.2,83.3,5.9,1.8,15.9,100.0,120.4,106.6,
https://www.basketball-reference.com/boxscores/201901270LAL.html,"9:30 PM, January 27, 2019",Los Angeles Lakers,Phoenix Suns,116,102,PHO,,,Team Totals,240,34,85,.400,7,26,.269,27,32,.844,15,25,40,19,8,9,16,20,102,,,Team Totals,240,.515,.441,.306,.376,35.7,64.1,49.4,55.9,8.3,13.6,13.9,100.0,106.0,120.6,
https://www.basketball-reference.com/boxscores/201901270LAL.html,"9:30 PM, January 27, 2019",Los Angeles Lakers,Phoenix Suns,116,102,LAL,,,Team Totals,240,47,89,.528,10,23,.435,12,18,.667,14,27,41,28,8,10,18,30,116,,,Team Totals,240,.598,.584,.258,.202,35.9,64.3,50.6,59.6,8.3,16.9,15.7,100.0,120.6,106.0,
https://www.basketball-reference.com/boxscores/201901270MIN.html,"7:00 PM, January 27, 2019",Minnesota Timberwolves,Utah Jazz,111,125,UTA,,,Team Totals,240,46,86,.535,15,39,.385,18,25,.720,6,30,36,30,8,5,9,17,125,,,Team Totals,240,.644,.622,.453,.291,16.7,85.7,50.7,65.2,8.2,12.2,8.5,100.0,128.9,114.5,
https://www.basketball-reference.com/boxscores/201901270MIN.html,"7:00 PM, January 27, 2019",Minnesota Timberwolves,Utah Jazz,111,125,MIN,,,Team Totals,240,37,77,.481,17,36,.472,20,23,.870,5,30,35,22,7,4,16,22,111,,,Team Totals,240,.637,.591,.468,.299,14.3,83.3,49.3,59.5,7.2,8.5,15.5,100.0,114.5,128.9,
https://www.basketball-reference.com/boxscores/201901270NYK.html,"7:30 PM, January 27, 2019",New York Knicks,Miami Heat,97,106,MIA,,,Team Totals,240,39,84,.464,12,33,.364,16,18,.889,8,39,47,26,6,5,16,24,106,,,Team Totals,240,.577,.536,.393,.214,20.5,84.8,55.3,66.7,6.2,8.6,14.8,100.0,109.2,99.9,
https://www.basketball-reference.com/boxscores/201901270NYK.html,"7:30 PM, January 27, 2019",New York Knicks,Miami Heat,97,106,NYK,,,Team Totals,240,36,84,.429,7,26,.269,18,24,.750,7,31,38,22,13,3,11,20,97,,,Team Totals,240,.513,.470,.310,.286,15.2,79.5,44.7,61.1,13.4,5.9,10.4,100.0,99.9,109.2,
https://www.basketball-reference.com/boxscores/201901270OKC.html,"6:00 PM, January 27, 2019",Oklahoma City Thunder,Milwaukee Bucks,118,112,MIL,,,Team Totals,240,39,91,.429,15,37,.405,19,28,.679,9,40,49,22,6,5,14,22,112,,,Team Totals,240,.542,.511,.407,.308,18.0,78.4,48.5,56.4,5.7,8.1,11.9,100.0,106.3,112.0,
https://www.basketball-reference.com/boxscores/201901270OKC.html,"6:00 PM, January 27, 2019",Oklahoma City Thunder,Milwaukee Bucks,118,112,OKC,,,Team Totals,240,44,94,.468,16,32,.500,14,25,.560,11,41,52,29,5,10,12,21,118,,,Team Totals,240,.562,.553,.340,.266,21.6,82.0,51.5,65.9,4.7,18.5,10.3,100.0,112.0,106.3,
https://www.basketball-reference.com/boxscores/201901270SAS.html,"7:00 PM, January 27, 2019",San Antonio Spurs,Washington Wizards,132,119,WAS,,,Team Totals,240,40,89,.449,18,46,.391,21,29,.724,8,24,32,32,11,0,9,18,119,,,Team Totals,240,.585,.551,.517,.326,16.0,77.4,39.5,80.0,10.9,0.0,8.1,100.0,117.4,130.3,
https://www.basketball-reference.com/boxscores/201901270SAS.html,"7:00 PM, January 27, 2019",San Antonio Spurs,Washington Wizards,132,119,SAS,,,Team Totals,240,49,86,.570,16,34,.471,18,21,.857,7,42,49,31,6,4,16,20,132,,,Team Totals,240,.693,.663,.395,.244,22.6,84.0,60.5,63.3,5.9,9.3,14.4,100.0,130.3,117.4,
https://www.basketball-reference.com/boxscores/201901280BOS.html,"7:30 PM, January 28, 2019",Boston Celtics,Brooklyn Nets,112,104,BRK,,,Team Totals,240,39,103,.379,13,34,.382,13,16,.813,16,32,48,20,10,5,17,20,104,,,Team Totals,240,.473,.442,.330,.155,30.8,66.7,48.0,51.3,9.6,8.3,13.4,100.0,100.1,107.8,
https://www.basketball-reference.com/boxscores/201901280BOS.html,"7:30 PM, January 28, 2019",Boston Celtics,Brooklyn Nets,112,104,BOS,,,Team Totals,240,45,100,.450,13,40,.325,9,10,.900,16,36,52,29,11,16,18,16,112,,,Team Totals,240,.536,.515,.400,.100,33.3,69.2,52.0,64.4,10.6,23.2,14.7,100.0,107.8,100.1,
https://www.basketball-reference.com/boxscores/201901280CHO.html,"7:00 PM, January 28, 2019",Charlotte Hornets,New York Knicks,101,92,NYK,,,Team Totals,240,34,85,.400,7,23,.304,17,26,.654,8,38,46,19,6,6,10,15,92,,,Team Totals,240,.477,.441,.271,.306,17.4,74.5,47.4,55.9,6.3,10.0,9.4,100.0,96.2,105.6,
https://www.basketball-reference.com/boxscores/201901280CHO.html,"7:00 PM, January 28, 2019",Charlotte Hornets,New York Knicks,101,92,CHO,,,Team Totals,240,39,94,.415,11,34,.324,12,16,.750,13,38,51,25,4,10,10,20,101,,,Team Totals,240,.500,.473,.362,.170,25.5,82.6,52.6,64.1,4.2,16.1,9.0,100.0,105.6,96.2,
https://www.basketball-reference.com/boxscores/201901280IND.html,"7:00 PM, January 28, 2019",Indiana Pacers,Golden State Warriors,100,132,GSW,,,Team Totals,240,53,98,.541,13,31,.419,13,16,.813,13,35,48,39,9,7,14,19,132,,,Team Totals,240,.628,.607,.316,.163,31.7,77.8,55.8,73.6,8.9,10.9,11.8,100.0,129.9,98.4,
https://www.basketball-reference.com/boxscores/201901280IND.html,"7:00 PM, January 28, 2019",Indiana Pacers,Golden State Warriors,100,132,IND,,,Team Totals,240,40,94,.426,12,30,.400,8,10,.800,10,28,38,29,4,5,15,18,100,,,Team Totals,240,.508,.489,.319,.106,22.2,68.3,44.2,72.5,3.9,7.5,13.2,100.0,98.4,129.9,
https://www.basketball-reference.com/boxscores/201901280LAC.html,"10:30 PM, January 28, 2019",Los Angeles Clippers,Atlanta Hawks,118,123,ATL,,,Team Totals,240,44,87,.506,10,34,.294,25,29,.862,15,29,44,28,7,6,19,25,123,,,Team Totals,240,.616,.563,.391,.333,37.5,69.0,53.7,63.6,7.1,10.3,16.0,100.0,124.3,119.2,
https://www.basketball-reference.com/boxscores/201901280LAC.html,"10:30 PM, January 28, 2019",Los Angeles Clippers,Atlanta Hawks,118,123,LAC,,,Team Totals,240,41,85,.482,10,27,.370,26,28,.929,13,25,38,27,10,4,16,26,118,,,Team Totals,240,.606,.541,.318,.329,31.0,62.5,46.3,65.9,10.1,7.5,14.1,100.0,119.2,124.3,
https://www.basketball-reference.com/boxscores/201901280MEM.html,"8:00 PM, January 28, 2019",Memphis Grizzlies,Denver Nuggets,92,95,DEN,,,Team Totals,240,37,84,.440,8,36,.222,13,14,.929,9,28,37,17,10,2,15,18,95,,,Team Totals,240,.527,.488,.429,.167,21.4,75.7,46.8,45.9,10.6,4.3,14.3,100.0,100.9,97.8,
https://www.basketball-reference.com/boxscores/201901280MEM.html,"8:00 PM, January 28, 2019",Memphis Grizzlies,Denver Nuggets,92,95,MEM,,,Team Totals,240,35,78,.449,9,32,.281,13,19,.684,9,33,42,26,5,7,20,22,92,,,Team Totals,240,.533,.506,.410,.244,24.3,78.6,53.2,74.3,5.3,14.6,18.8,100.0,97.8,100.9,
https://www.basketball-reference.com/boxscores/201901290BRK.html,"7:30 PM, January 29, 2019",Brooklyn Nets,Chicago Bulls,122,117,CHI,,,Team Totals,240,47,94,.500,9,28,.321,14,19,.737,5,45,50,17,6,8,18,29,117,,,Team Totals,240,.572,.548,.298,.202,12.2,86.5,53.8,36.2,5.4,13.6,15.0,100.0,104.5,108.9,
https://www.basketball-reference.com/boxscores/201901290BRK.html,"7:30 PM, January 29, 2019",Brooklyn Nets,Chicago Bulls,122,117,BRK,,,Team Totals,240,42,94,.447,10,35,.286,28,40,.700,7,36,43,25,11,2,8,21,122,,,Team Totals,240,.547,.500,.372,.426,13.5,87.8,46.2,59.5,9.8,3.0,6.7,100.0,108.9,104.5,
https://www.basketball-reference.com/boxscores/201901290CLE.html,"7:00 PM, January 29, 2019",Cleveland Cavaliers,Washington Wizards,116,113,WAS,,,Team Totals,240,42,87,.483,12,36,.333,17,23,.739,3,33,36,31,8,1,6,22,113,,,Team Totals,240,.582,.552,.414,.264,6.8,82.5,42.9,73.8,8.0,2.0,5.8,100.0,112.3,115.3,
https://www.basketball-reference.com/boxscores/201901290CLE.html,"7:00 PM, January 29, 2019",Cleveland Cavaliers,Washington Wizards,116,113,CLE,,,Team Totals,240,45,84,.536,15,34,.441,11,24,.458,7,41,48,30,3,2,16,21,116,,,Team Totals,240,.613,.625,.405,.286,17.5,93.2,57.1,66.7,3.0,3.9,14.5,100.0,115.3,112.3,
https://www.basketball-reference.com/boxscores/201901290DET.html,"7:00 PM, January 29, 2019",Detroit Pistons,Milwaukee Bucks,105,115,MIL,,,Team Totals,240,47,87,.540,13,32,.406,8,10,.800,6,33,39,32,9,6,11,15,115,,,Team Totals,240,.629,.615,.368,.115,17.1,76.7,50.0,68.1,9.5,11.5,10.7,100.0,121.8,111.2,
https://www.basketball-reference.com/boxscores/201901290DET.html,"7:00 PM, January 29, 2019",Detroit Pistons,Milwaukee Bucks,105,115,DET,,,Team Totals,240,42,89,.472,12,37,.324,9,12,.750,10,29,39,29,8,3,12,14,105,,,Team Totals,240,.557,.539,.416,.135,23.3,82.9,50.0,69.0,8.5,5.5,11.3,100.0,111.2,121.8,
https://www.basketball-reference.com/boxscores/201901290HOU.html,"8:00 PM, January 29, 2019",Houston Rockets,New Orleans Pelicans,116,121,NOP,,,Team Totals,240,46,90,.511,9,31,.290,20,25,.800,13,42,55,27,8,9,17,17,121,,,Team Totals,240,.599,.561,.344,.278,30.2,73.7,55.0,58.7,7.7,20.0,14.4,100.0,116.2,111.4,
https://www.basketball-reference.com/boxscores/201901290HOU.html,"8:00 PM, January 29, 2019",Houston Rockets,New Orleans Pelicans,116,121,HOU,,,Team Totals,240,40,101,.396,19,56,.339,17,24,.708,15,30,45,22,11,5,12,20,116,,,Team Totals,240,.520,.490,.554,.238,26.3,69.8,45.0,55.0,10.6,8.5,9.7,100.0,111.4,116.2,
https://www.basketball-reference.com/boxscores/201901290LAL.html,"10:30 PM, January 29, 2019",Los Angeles Lakers,Philadelphia 76ers,105,121,PHI,,,Team Totals,240,42,93,.452,15,36,.417,22,28,.786,12,32,44,33,15,6,12,15,121,,,Team Totals,240,.574,.532,.387,.301,25.5,69.6,47.3,78.6,14.6,8.7,10.2,100.0,117.6,102.1,
https://www.basketball-reference.com/boxscores/201901290LAL.html,"10:30 PM, January 29, 2019",Los Angeles Lakers,Philadelphia 76ers,105,121,LAL,,,Team Totals,240,43,92,.467,7,23,.304,12,16,.750,14,35,49,26,7,4,21,20,105,,,Team Totals,240,.530,.505,.250,.174,30.4,74.5,52.7,60.5,6.8,7.0,17.5,100.0,102.1,117.6,
https://www.basketball-reference.com/boxscores/201901290ORL.html,"7:00 PM, January 29, 2019",Orlando Magic,Oklahoma City Thunder,117,126,OKC,,,Team Totals,240,49,91,.538,9,21,.429,19,26,.731,6,37,43,25,7,8,7,16,126,,,Team Totals,240,.615,.588,.231,.286,14.6,67.3,44.8,51.0,6.9,13.1,6.4,100.0,124.3,115.4,
https://www.basketball-reference.com/boxscores/201901290ORL.html,"7:00 PM, January 29, 2019",Orlando Magic,Oklahoma City Thunder,117,126,ORL,,,Team Totals,240,44,102,.431,14,41,.341,15,18,.833,18,35,53,26,4,5,12,18,117,,,Team Totals,240,.532,.500,.402,.176,32.7,85.4,55.2,59.1,3.9,7.1,9.8,100.0,115.4,124.3,
https://www.basketball-reference.com/boxscores/201901290SAS.html,"8:30 PM, January 29, 2019",San Antonio Spurs,Phoenix Suns,126,124,PHO,,,Team Totals,240,48,80,.600,13,29,.448,15,19,.789,3,35,38,26,8,5,18,22,124,,,Team Totals,240,.702,.681,.363,.238,12.0,71.4,51.4,54.2,7.8,7.6,16.9,100.0,121.4,123.4,
https://www.basketball-reference.com/boxscores/201901290SAS.html,"8:30 PM, January 29, 2019",San Antonio Spurs,Phoenix Suns,126,124,SAS,,,Team Totals,240,47,100,.470,15,34,.441,17,20,.850,14,22,36,29,9,4,11,15,126,,,Team Totals,240,.579,.545,.340,.200,28.6,88.0,48.6,61.7,8.8,7.8,9.2,100.0,123.4,121.4,
https://www.basketball-reference.com/boxscores/201901300BOS.html,"7:30 PM, January 30, 2019",Boston Celtics,Charlotte Hornets,126,94,CHO,,,Team Totals,240,39,89,.438,13,40,.325,3,7,.429,7,24,31,20,7,5,12,17,94,,,Team Totals,240,.510,.511,.449,.079,14.6,66.7,36.9,51.3,7.4,8.2,11.5,100.0,98.9,132.5,
https://www.basketball-reference.com/boxscores/201901300BOS.html,"7:30 PM, January 30, 2019",Boston Celtics,Charlotte Hornets,126,94,BOS,,,Team Totals,240,50,90,.556,12,29,.414,14,16,.875,12,41,53,34,10,7,12,14,126,,,Team Totals,240,.649,.622,.322,.178,33.3,85.4,63.1,68.0,10.5,14.3,11.0,100.0,132.5,98.9,
https://www.basketball-reference.com/boxscores/201901300MIA.html,"7:30 PM, January 30, 2019",Miami Heat,Chicago Bulls,89,105,CHI,,,Team Totals,240,40,78,.513,8,19,.421,17,21,.810,5,35,40,26,6,3,13,20,105,,,Team Totals,240,.602,.564,.244,.269,13.5,70.0,46.0,65.0,6.5,6.4,13.0,100.0,113.2,96.0,
https://www.basketball-reference.com/boxscores/201901300MIA.html,"7:30 PM, January 30, 2019",Miami Heat,Chicago Bulls,89,105,MIA,,,Team Totals,240,34,89,.382,12,42,.286,9,13,.692,15,32,47,22,6,2,15,20,89,,,Team Totals,240,.470,.449,.472,.146,30.0,86.5,54.0,64.7,6.5,3.4,13.7,100.0,96.0,113.2,
https://www.basketball-reference.com/boxscores/201901300MIN.html,"8:00 PM, January 30, 2019",Minnesota Timberwolves,Memphis Grizzlies,99,97,MEM,,,Team Totals,265,36,87,.414,6,23,.261,19,22,.864,14,37,51,21,3,7,18,27,97,,,Team Totals,265,.502,.448,.264,.253,31.8,77.1,55.4,58.3,3.0,11.7,15.7,100.0,97.5,99.5,
https://www.basketball-reference.com/boxscores/201901300MIN.html,"8:00 PM, January 30, 2019",Minnesota Timberwolves,Memphis Grizzlies,99,97,MIN,,,Team Totals,265,37,95,.389,8,35,.229,17,22,.773,11,30,41,25,12,3,13,24,99,,,Team Totals,265,.473,.432,.368,.232,22.9,68.2,44.6,67.6,12.1,4.7,11.0,100.0,99.5,97.5,
https://www.basketball-reference.com/boxscores/201901300NOP.html,"8:00 PM, January 30, 2019",New Orleans Pelicans,Denver Nuggets,99,105,DEN,,,Team Totals,240,42,89,.472,9,30,.300,12,19,.632,6,37,43,31,10,7,10,17,105,,,Team Totals,240,.539,.522,.337,.213,13.0,82.2,47.3,73.8,10.0,13.2,9.3,100.0,105.3,99.3,
https://www.basketball-reference.com/boxscores/201901300NOP.html,"8:00 PM, January 30, 2019",New Orleans Pelicans,Denver Nuggets,99,105,NOP,,,Team Totals,240,37,89,.416,15,36,.417,10,13,.769,8,40,48,27,4,4,15,20,99,,,Team Totals,240,.523,.500,.404,.146,17.8,87.0,52.7,73.0,4.0,6.8,13.7,100.0,99.3,105.3,
https://www.basketball-reference.com/boxscores/201901300NYK.html,"7:30 PM, January 30, 2019",New York Knicks,Dallas Mavericks,90,114,DAL,,,Team Totals,240,45,84,.536,15,38,.395,9,11,.818,7,42,49,31,4,1,19,19,114,,,Team Totals,240,.642,.625,.452,.131,19.4,89.4,59.0,68.9,4.1,1.9,17.6,100.0,116.8,92.2,
https://www.basketball-reference.com/boxscores/201901300NYK.html,"7:30 PM, January 30, 2019",New York Knicks,Dallas Mavericks,90,114,NYK,,,Team Totals,240,32,78,.410,6,26,.231,20,28,.714,5,29,34,16,10,5,12,15,90,,,Team Totals,240,.498,.449,.333,.359,10.6,80.6,41.0,50.0,10.2,10.9,11.7,100.0,92.2,116.8,
https://www.basketball-reference.com/boxscores/201901300POR.html,"10:30 PM, January 30, 2019",Portland Trail Blazers,Utah Jazz,132,105,UTA,,,Team Totals,240,38,85,.447,11,34,.324,18,21,.857,8,28,36,24,9,4,17,22,105,,,Team Totals,240,.557,.512,.400,.247,18.6,71.8,43.9,63.2,8.9,6.9,15.3,100.0,103.7,130.3,
https://www.basketball-reference.com/boxscores/201901300POR.html,"10:30 PM, January 30, 2019",Portland Trail Blazers,Utah Jazz,132,105,POR,,,Team Totals,240,48,90,.533,16,32,.500,20,23,.870,11,35,46,28,7,5,15,17,132,,,Team Totals,240,.659,.622,.356,.256,28.2,81.4,56.1,58.3,6.9,9.8,13.0,100.0,130.3,103.7,
https://www.basketball-reference.com/boxscores/201901300SAC.html,"10:00 PM, January 30, 2019",Sacramento Kings,Atlanta Hawks,135,113,ATL,,,Team Totals,240,38,86,.442,16,46,.348,21,25,.840,9,27,36,24,7,3,21,19,113,,,Team Totals,240,.582,.535,.535,.291,19.1,64.3,40.4,63.2,6.6,4.7,17.8,100.0,106.9,127.7,
https://www.basketball-reference.com/boxscores/201901300SAC.html,"10:00 PM, January 30, 2019",Sacramento Kings,Atlanta Hawks,135,113,SAC,,,Team Totals,240,54,99,.545,11,35,.314,16,21,.762,15,38,53,36,7,2,14,24,135,,,Team Totals,240,.624,.601,.354,.212,35.7,80.9,59.6,66.7,6.6,5.0,11.5,100.0,127.7,106.9,
https://www.basketball-reference.com/boxscores/201901300WAS.html,"8:00 PM, January 30, 2019",Washington Wizards,Indiana Pacers,107,89,IND,,,Team Totals,240,33,84,.393,9,31,.290,14,18,.778,10,29,39,27,6,3,17,21,89,,,Team Totals,240,.484,.446,.369,.214,23.3,78.4,48.8,81.8,6.4,6.0,15.6,100.0,94.5,113.6,
https://www.basketball-reference.com/boxscores/201901300WAS.html,"8:00 PM, January 30, 2019",Washington Wizards,Indiana Pacers,107,89,WAS,,,Team Totals,240,41,78,.526,12,28,.429,13,21,.619,8,33,41,27,8,4,15,24,107,,,Team Totals,240,.613,.603,.359,.269,21.6,76.7,51.3,65.9,8.5,7.5,14.7,100.0,113.6,94.5,
https://www.basketball-reference.com/boxscores/201901310DET.html,"7:00 PM, January 31, 2019",Detroit Pistons,Dallas Mavericks,93,89,DAL,,,Team Totals,240,36,88,.409,7,25,.280,10,14,.714,11,33,44,18,2,5,12,21,89,,,Team Totals,240,.473,.449,.284,.159,22.9,68.8,45.8,50.0,2.2,9.4,11.3,100.0,98.2,102.6,
https://www.basketball-reference.com/boxscores/201901310DET.html,"7:00 PM, January 31, 2019",Detroit Pistons,Dallas Mavericks,93,89,DET,,,Team Totals,240,33,86,.384,9,33,.273,18,23,.783,15,37,52,21,5,5,11,24,93,,,Team Totals,240,.484,.436,.384,.267,31.3,77.1,54.2,63.6,5.5,7.9,10.3,100.0,102.6,98.2,
https://www.basketball-reference.com/boxscores/201901310GSW.html,"10:30 PM, January 31, 2019",Golden State Warriors,Philadelphia 76ers,104,113,PHI,,,Team Totals,240,41,88,.466,12,37,.324,19,24,.792,16,33,49,30,11,5,19,19,113,,,Team Totals,240,.573,.534,.420,.273,36.4,78.6,57.0,73.2,11.2,10.0,16.2,100.0,114.8,105.6,
https://www.basketball-reference.com/boxscores/201901310GSW.html,"10:30 PM, January 31, 2019",Golden State Warriors,Philadelphia 76ers,104,113,GSW,,,Team Totals,240,41,88,.466,11,38,.289,11,16,.688,9,28,37,30,13,7,15,19,104,,,Team Totals,240,.547,.528,.432,.182,21.4,63.6,43.0,73.2,13.2,13.7,13.6,100.0,105.6,114.8,
https://www.basketball-reference.com/boxscores/201901310LAC.html,"10:30 PM, January 31, 2019",Los Angeles Clippers,Los Angeles Lakers,120,123,LAL,,,Team Totals,265,42,92,.457,11,26,.423,28,35,.800,7,49,56,28,7,4,16,24,123,,,Team Totals,265,.573,.516,.283,.380,15.2,80.3,52.3,66.7,6.2,6.6,13.0,100.0,108.8,106.2,
https://www.basketball-reference.com/boxscores/201901310LAC.html,"10:30 PM, January 31, 2019",Los Angeles Clippers,Los Angeles Lakers,120,123,LAC,,,Team Totals,265,46,104,.442,14,43,.326,14,26,.538,12,39,51,26,11,8,10,27,120,,,Team Totals,265,.520,.510,.413,.250,19.7,84.8,47.7,56.5,9.7,12.1,8.0,100.0,106.2,108.8,
https://www.basketball-reference.com/boxscores/201901310ORL.html,"7:00 PM, January 31, 2019",Orlando Magic,Indiana Pacers,107,100,IND,,,Team Totals,240,41,91,.451,4,19,.211,14,16,.875,6,36,42,26,8,2,10,18,100,,,Team Totals,240,.510,.473,.209,.176,13.3,80.0,46.7,63.4,8.1,3.5,9.3,100.0,101.7,108.8,
https://www.basketball-reference.com/boxscores/201901310ORL.html,"7:00 PM, January 31, 2019",Orlando Magic,Indiana Pacers,107,100,ORL,,,Team Totals,240,38,82,.463,11,25,.440,20,22,.909,9,39,48,25,4,5,15,19,107,,,Team Totals,240,.584,.530,.305,.268,20.0,86.7,53.3,65.8,4.1,6.9,14.1,100.0,108.8,101.7,
https://www.basketball-reference.com/boxscores/201901310SAS.html,"8:30 PM, January 31, 2019",San Antonio Spurs,Brooklyn Nets,117,114,BRK,,,Team Totals,240,42,89,.472,11,34,.324,19,29,.655,5,41,46,30,5,7,14,23,114,,,Team Totals,240,.560,.534,.382,.326,11.9,75.9,47.9,71.4,4.7,10.4,12.1,100.0,106.7,109.5,
https://www.basketball-reference.com/boxscores/201901310SAS.html,"8:30 PM, January 31, 2019",San Antonio Spurs,Brooklyn Nets,117,114,SAS,,,Team Totals,240,40,100,.400,12,33,.364,25,29,.862,13,37,50,23,6,3,9,21,117,,,Team Totals,240,.519,.460,.330,.290,24.1,88.1,52.1,57.5,5.6,5.5,7.4,100.0,109.5,106.7,
https://www.basketball-reference.com/boxscores/201901310TOR.html,"8:00 PM, January 31, 2019",Toronto Raptors,Milwaukee Bucks,92,105,MIL,,,Team Totals,240,39,79,.494,14,38,.368,13,17,.765,7,43,50,21,13,6,20,16,105,,,Team Totals,240,.607,.582,.481,.215,18.4,84.3,56.2,53.8,12.8,9.1,18.8,100.0,103.6,90.8,
https://www.basketball-reference.com/boxscores/201901310TOR.html,"8:00 PM, January 31, 2019",Toronto Raptors,Milwaukee Bucks,92,105,TOR,,,Team Totals,240,37,93,.398,7,27,.259,11,13,.846,8,31,39,16,9,4,16,20,92,,,Team Totals,240,.466,.435,.290,.140,15.7,81.6,43.8,43.2,8.9,9.8,13.9,100.0,90.8,103.6,
https://www.basketball-reference.com/boxscores/201902010CHO.html,"7:00 PM, February 1, 2019",Charlotte Hornets,Memphis Grizzlies,100,92,MEM,,,Team Totals,240,35,80,.438,9,29,.310,13,17,.765,9,31,40,23,8,3,14,22,92,,,Team Totals,240,.526,.494,.363,.213,20.9,83.8,50.0,65.7,8.9,6.8,13.8,100.0,102.3,111.2,
https://www.basketball-reference.com/boxscores/201902010CHO.html,"7:00 PM, February 1, 2019",Charlotte Hornets,Memphis Grizzlies,100,92,CHO,,,Team Totals,240,32,73,.438,12,29,.414,24,28,.857,6,34,40,15,6,7,12,17,100,,,Team Totals,240,.586,.521,.397,.384,16.2,79.1,50.0,46.9,6.7,13.7,12.3,100.0,111.2,102.3,
https://www.basketball-reference.com/boxscores/201902010DEN.html,"10:00 PM, February 1, 2019",Denver Nuggets,Houston Rockets,136,122,HOU,,,Team Totals,240,45,85,.529,16,44,.364,16,21,.762,11,19,30,23,6,3,10,24,122,,,Team Totals,240,.647,.624,.518,.247,29.7,65.5,45.5,51.1,6.7,5.9,9.6,100.0,136.7,152.4,
https://www.basketball-reference.com/boxscores/201902010DEN.html,"10:00 PM, February 1, 2019",Denver Nuggets,Houston Rockets,136,122,DEN,,,Team Totals,240,51,82,.622,14,31,.452,20,23,.870,10,26,36,37,7,4,8,14,136,,,Team Totals,240,.738,.707,.378,.280,34.5,70.3,54.5,72.5,7.8,9.8,8.0,100.0,152.4,136.7,
https://www.basketball-reference.com/boxscores/201902010MIA.html,"8:00 PM, February 1, 2019",Miami Heat,Oklahoma City Thunder,102,118,OKC,,,Team Totals,240,44,91,.484,16,30,.533,14,19,.737,13,37,50,23,10,4,15,20,118,,,Team Totals,240,.594,.571,.330,.209,26.5,77.1,51.5,52.3,9.8,7.1,13.1,100.0,116.1,100.3,
https://www.basketball-reference.com/boxscores/201902010MIA.html,"8:00 PM, February 1, 2019",Miami Heat,Oklahoma City Thunder,102,118,MIA,,,Team Totals,240,41,92,.446,11,36,.306,9,14,.643,11,36,47,28,7,2,18,17,102,,,Team Totals,240,.520,.505,.391,.152,22.9,73.5,48.5,68.3,6.9,3.3,15.5,100.0,100.3,116.1,
https://www.basketball-reference.com/boxscores/201902010NYK.html,"7:30 PM, February 1, 2019",New York Knicks,Boston Celtics,99,113,BOS,,,Team Totals,240,46,100,.460,13,37,.351,8,10,.800,11,32,43,25,11,7,7,18,113,,,Team Totals,240,.541,.525,.370,.100,21.6,80.0,47.3,54.3,11.2,12.7,6.3,100.0,114.6,100.4,
https://www.basketball-reference.com/boxscores/201902010NYK.html,"7:30 PM, February 1, 2019",New York Knicks,Boston Celtics,99,113,NYK,,,Team Totals,240,39,86,.453,9,31,.290,12,12,1.000,8,40,48,21,2,2,18,15,99,,,Team Totals,240,.542,.506,.360,.140,20.0,78.4,52.7,53.8,2.0,3.2,16.5,100.0,100.4,114.6,
https://www.basketball-reference.com/boxscores/201902010UTA.html,"9:00 PM, February 1, 2019",Utah Jazz,Atlanta Hawks,128,112,ATL,,,Team Totals,240,39,98,.398,14,46,.304,20,24,.833,8,32,40,23,11,4,11,27,112,,,Team Totals,240,.516,.469,.469,.245,16.7,74.4,44.0,59.0,10.4,7.7,9.2,100.0,106.2,121.4,
https://www.basketball-reference.com/boxscores/201902010UTA.html,"9:00 PM, February 1, 2019",Utah Jazz,Atlanta Hawks,128,112,UTA,,,Team Totals,240,46,87,.529,12,35,.343,24,30,.800,11,40,51,31,4,6,15,22,128,,,Team Totals,240,.639,.598,.402,.345,25.6,83.3,56.0,67.4,3.8,11.5,13.0,100.0,121.4,106.2,
https://www.basketball-reference.com/boxscores/201902020CHO.html,"7:00 PM, February 2, 2019",Charlotte Hornets,Chicago Bulls,125,118,CHI,,,Team Totals,240,42,81,.519,9,24,.375,25,25,1.000,8,31,39,20,4,2,10,20,118,,,Team Totals,240,.641,.574,.296,.309,22.9,77.5,52.0,47.6,4.4,4.0,9.8,100.0,129.2,136.9,
https://www.basketball-reference.com/boxscores/201902020CHO.html,"7:00 PM, February 2, 2019",Charlotte Hornets,Chicago Bulls,125,118,CHO,,,Team Totals,240,43,82,.524,14,32,.438,25,29,.862,9,27,36,25,6,2,7,21,125,,,Team Totals,240,.660,.610,.390,.354,22.5,77.1,48.0,58.1,6.6,3.5,6.9,100.0,136.9,129.2,
https://www.basketball-reference.com/boxscores/201902020CLE.html,"7:30 PM, February 2, 2019",Cleveland Cavaliers,Dallas Mavericks,98,111,DAL,,,Team Totals,240,40,84,.476,16,39,.410,15,19,.789,9,41,50,20,2,4,13,26,111,,,Team Totals,240,.601,.571,.464,.226,21.4,78.8,53.2,50.0,2.1,6.5,12.3,100.0,118.6,104.7,
https://www.basketball-reference.com/boxscores/201902020CLE.html,"7:30 PM, February 2, 2019",Cleveland Cavaliers,Dallas Mavericks,98,111,CLE,,,Team Totals,240,34,85,.400,4,23,.174,26,33,.788,11,33,44,20,7,2,6,22,98,,,Team Totals,240,.492,.424,.271,.388,21.2,78.6,46.8,58.8,7.5,4.4,5.7,100.0,104.7,118.6,
https://www.basketball-reference.com/boxscores/201902020DET.html,"5:00 PM, February 2, 2019",Detroit Pistons,Los Angeles Clippers,101,111,LAC,,,Team Totals,240,40,82,.488,10,20,.500,21,34,.618,11,36,47,22,5,4,13,24,111,,,Team Totals,240,.572,.549,.244,.415,26.2,83.7,55.3,55.0,5.2,9.8,11.8,100.0,114.7,104.4,
https://www.basketball-reference.com/boxscores/201902020DET.html,"5:00 PM, February 2, 2019",Detroit Pistons,Los Angeles Clippers,101,111,DET,,,Team Totals,240,35,83,.422,17,42,.405,14,20,.700,7,31,38,21,6,4,14,27,101,,,Team Totals,240,.550,.524,.506,.241,16.3,73.8,44.7,60.0,6.2,6.5,13.2,100.0,104.4,114.7,
https://www.basketball-reference.com/boxscores/201902020GSW.html,"8:30 PM, February 2, 2019",Golden State Warriors,Los Angeles Lakers,115,101,LAL,,,Team Totals,240,42,96,.438,7,27,.259,10,17,.588,13,36,49,23,5,4,15,18,101,,,Team Totals,240,.488,.474,.281,.177,26.0,83.7,52.7,54.8,4.9,7.0,12.7,100.0,99.5,113.3,
https://www.basketball-reference.com/boxscores/201902020GSW.html,"8:30 PM, February 2, 2019",Golden State Warriors,Los Angeles Lakers,115,101,GSW,,,Team Totals,240,43,91,.473,11,34,.324,18,19,.947,7,37,44,31,4,9,10,17,115,,,Team Totals,240,.579,.533,.374,.209,16.3,74.0,47.3,72.1,3.9,13.0,9.1,100.0,113.3,99.5,
https://www.basketball-reference.com/boxscores/201902020MIA.html,"7:30 PM, February 2, 2019",Miami Heat,Indiana Pacers,88,95,IND,,,Team Totals,240,38,89,.427,7,24,.292,12,17,.706,14,29,43,26,15,4,14,20,95,,,Team Totals,240,.492,.466,.270,.191,29.8,74.4,50.0,68.4,16.0,9.8,12.7,100.0,101.2,93.8,
https://www.basketball-reference.com/boxscores/201902020MIA.html,"7:30 PM, February 2, 2019",Miami Heat,Indiana Pacers,88,95,MIA,,,Team Totals,240,30,71,.423,9,30,.300,19,26,.731,10,33,43,21,8,4,24,19,88,,,Team Totals,240,.534,.486,.423,.366,25.6,70.2,50.0,70.0,8.5,6.2,22.5,100.0,93.8,101.2,
https://www.basketball-reference.com/boxscores/201902020MIN.html,"9:00 PM, February 2, 2019",Minnesota Timberwolves,Denver Nuggets,106,107,DEN,,,Team Totals,240,42,89,.472,13,33,.394,10,14,.714,15,33,48,29,3,7,10,16,107,,,Team Totals,240,.562,.545,.371,.157,31.3,80.5,53.9,69.0,3.3,12.7,9.5,100.0,116.0,114.9,
https://www.basketball-reference.com/boxscores/201902020MIN.html,"9:00 PM, February 2, 2019",Minnesota Timberwolves,Denver Nuggets,106,107,MIN,,,Team Totals,240,42,89,.472,11,34,.324,11,16,.688,8,33,41,27,6,4,10,15,106,,,Team Totals,240,.552,.534,.382,.180,19.5,68.8,46.1,64.3,6.5,7.1,9.4,100.0,114.9,116.0,
https://www.basketball-reference.com/boxscores/201902020ORL.html,"7:00 PM, February 2, 2019",Orlando Magic,Brooklyn Nets,102,89,BRK,,,Team Totals,240,33,91,.363,10,38,.263,13,16,.813,8,42,50,23,6,2,19,11,89,,,Team Totals,240,.454,.418,.418,.176,16.0,85.7,50.5,69.7,5.7,3.0,16.2,100.0,84.3,96.6,
https://www.basketball-reference.com/boxscores/201902020ORL.html,"7:00 PM, February 2, 2019",Orlando Magic,Brooklyn Nets,102,89,ORL,,,Team Totals,240,41,94,.436,10,27,.370,10,12,.833,7,42,49,25,11,8,14,17,102,,,Team Totals,240,.514,.489,.287,.128,14.3,84.0,49.5,61.0,10.4,15.1,12.4,100.0,96.6,84.3,
https://www.basketball-reference.com/boxscores/201902020PHO.html,"9:00 PM, February 2, 2019",Phoenix Suns,Atlanta Hawks,112,118,ATL,,,Team Totals,240,43,84,.512,14,32,.438,18,26,.692,16,37,53,21,6,5,24,18,118,,,Team Totals,240,.618,.595,.381,.310,37.2,78.7,58.9,48.8,5.9,7.8,20.1,100.0,115.9,110.0,
https://www.basketball-reference.com/boxscores/201902020PHO.html,"9:00 PM, February 2, 2019",Phoenix Suns,Atlanta Hawks,112,118,PHO,,,Team Totals,240,45,96,.469,12,32,.375,10,18,.556,10,27,37,31,15,5,10,23,112,,,Team Totals,240,.539,.531,.333,.188,21.3,62.8,41.1,68.9,14.7,9.6,8.8,100.0,110.0,115.9,
https://www.basketball-reference.com/boxscores/201902020SAC.html,"10:00 PM, February 2, 2019",Sacramento Kings,Philadelphia 76ers,115,108,PHI,,,Team Totals,240,41,93,.441,7,33,.212,19,25,.760,14,32,46,19,9,5,14,22,108,,,Team Totals,240,.519,.478,.355,.269,26.9,72.7,47.9,46.3,8.8,8.1,11.9,100.0,105.4,112.2,
https://www.basketball-reference.com/boxscores/201902020SAC.html,"10:00 PM, February 2, 2019",Sacramento Kings,Philadelphia 76ers,115,108,SAC,,,Team Totals,240,42,92,.457,11,30,.367,20,24,.833,12,38,50,22,9,2,16,19,115,,,Team Totals,240,.561,.516,.326,.261,27.3,73.1,52.1,52.4,8.8,3.3,13.5,100.0,112.2,105.4,
https://www.basketball-reference.com/boxscores/201902020SAS.html,"8:30 PM, February 2, 2019",San Antonio Spurs,New Orleans Pelicans,113,108,NOP,,,Team Totals,240,43,96,.448,10,35,.286,12,12,1.000,5,37,42,26,6,4,9,16,108,,,Team Totals,240,.533,.500,.365,.125,11.1,78.7,45.7,60.5,5.9,5.8,8.2,100.0,106.5,111.5,
https://www.basketball-reference.com/boxscores/201902020SAS.html,"8:30 PM, February 2, 2019",San Antonio Spurs,New Orleans Pelicans,113,108,SAS,,,Team Totals,240,44,92,.478,9,23,.391,16,18,.889,10,40,50,29,5,2,11,16,113,,,Team Totals,240,.565,.527,.250,.196,21.3,88.9,54.3,65.9,4.9,3.3,9.9,100.0,111.5,106.5,
https://www.basketball-reference.com/boxscores/201902020UTA.html,"9:00 PM, February 2, 2019",Utah Jazz,Houston Rockets,98,125,HOU,,,Team Totals,240,40,87,.460,15,39,.385,30,37,.811,8,40,48,17,15,8,14,29,125,,,Team Totals,240,.605,.546,.448,.425,17.8,74.1,48.5,42.5,14.0,17.8,11.9,100.0,116.3,91.2,
https://www.basketball-reference.com/boxscores/201902020UTA.html,"9:00 PM, February 2, 2019",Utah Jazz,Houston Rockets,98,125,UTA,,,Team Totals,240,31,86,.360,11,41,.268,25,36,.694,14,37,51,19,8,9,23,21,98,,,Team Totals,240,.481,.424,.477,.419,25.9,82.2,51.5,61.3,7.4,18.8,18.4,100.0,91.2,116.3,
https://www.basketball-reference.com/boxscores/201902020WAS.html,"7:00 PM, February 2, 2019",Washington Wizards,Milwaukee Bucks,115,131,MIL,,,Team Totals,240,45,91,.495,17,39,.436,24,24,1.000,6,40,46,30,10,4,12,19,131,,,Team Totals,240,.645,.588,.429,.264,15.0,76.9,50.0,66.7,9.6,6.7,10.6,100.0,125.8,110.4,
https://www.basketball-reference.com/boxscores/201902020WAS.html,"7:00 PM, February 2, 2019",Washington Wizards,Milwaukee Bucks,115,131,WAS,,,Team Totals,240,43,93,.462,10,33,.303,19,26,.731,12,34,46,28,6,6,12,19,115,,,Team Totals,240,.551,.516,.355,.280,23.1,85.0,50.0,65.1,5.8,11.5,10.3,100.0,110.4,125.8,
https://www.basketball-reference.com/boxscores/201902030BOS.html,"2:00 PM, February 3, 2019",Boston Celtics,Oklahoma City Thunder,134,129,OKC,,,Team Totals,240,45,92,.489,14,35,.400,25,34,.735,11,31,42,25,12,5,11,18,129,,,Team Totals,240,.603,.565,.380,.370,25.0,86.1,52.5,55.6,11.4,8.8,9.3,100.0,122.7,127.4,
https://www.basketball-reference.com/boxscores/201902030BOS.html,"2:00 PM, February 3, 2019",Boston Celtics,Oklahoma City Thunder,134,129,BOS,,,Team Totals,240,54,91,.593,13,34,.382,13,17,.765,5,33,38,36,8,6,14,22,134,,,Team Totals,240,.680,.665,.374,.187,13.9,75.0,47.5,66.7,7.6,10.5,12.4,100.0,127.4,122.7,
https://www.basketball-reference.com/boxscores/201902030NYK.html,"1:00 PM, February 3, 2019",New York Knicks,Memphis Grizzlies,84,96,MEM,,,Team Totals,240,37,91,.407,9,26,.346,13,18,.722,10,39,49,25,8,4,8,20,96,,,Team Totals,240,.485,.456,.286,.198,20.4,86.7,52.1,67.6,8.6,11.8,7.5,100.0,103.4,90.5,
https://www.basketball-reference.com/boxscores/201902030NYK.html,"1:00 PM, February 3, 2019",New York Knicks,Memphis Grizzlies,84,96,NYK,,,Team Totals,240,28,74,.378,12,40,.300,16,22,.727,6,39,45,20,4,6,15,16,84,,,Team Totals,240,.502,.459,.541,.297,13.3,79.6,47.9,71.4,4.3,9.2,15.2,100.0,90.5,103.4,
https://www.basketball-reference.com/boxscores/201902030TOR.html,"3:00 PM, February 3, 2019",Toronto Raptors,Los Angeles Clippers,121,103,LAC,,,Team Totals,240,38,89,.427,2,12,.167,25,29,.862,7,29,36,15,7,7,13,24,103,,,Team Totals,240,.506,.438,.135,.326,14.9,64.4,39.1,39.5,6.7,11.5,11.3,100.0,98.8,116.1,
https://www.basketball-reference.com/boxscores/201902030TOR.html,"3:00 PM, February 3, 2019",Toronto Raptors,Los Angeles Clippers,121,103,TOR,,,Team Totals,240,43,94,.457,9,33,.273,26,31,.839,16,40,56,21,10,5,16,28,121,,,Team Totals,240,.562,.505,.351,.330,35.6,85.1,60.9,48.8,9.6,6.5,12.9,100.0,116.1,98.8,
https://www.basketball-reference.com/boxscores/201902040BRK.html,"7:30 PM, February 4, 2019",Brooklyn Nets,Milwaukee Bucks,94,113,MIL,,,Team Totals,240,43,101,.426,10,39,.256,17,25,.680,15,44,59,29,9,7,11,20,113,,,Team Totals,240,.504,.475,.386,.248,27.3,73.3,51.3,67.4,8.5,11.7,8.9,100.0,106.8,88.9,
https://www.basketball-reference.com/boxscores/201902040BRK.html,"7:30 PM, February 4, 2019",Brooklyn Nets,Milwaukee Bucks,94,113,BRK,,,Team Totals,240,33,102,.324,5,42,.119,23,28,.821,16,40,56,23,5,9,13,21,94,,,Team Totals,240,.411,.348,.412,.275,26.7,72.7,48.7,69.7,4.7,14.5,10.2,100.0,88.9,106.8,
https://www.basketball-reference.com/boxscores/201902040DET.html,"7:00 PM, February 4, 2019",Detroit Pistons,Denver Nuggets,129,103,DEN,,,Team Totals,240,41,92,.446,9,28,.321,12,22,.545,10,22,32,28,10,3,14,19,103,,,Team Totals,240,.506,.495,.304,.239,21.3,57.9,37.6,68.3,9.9,5.9,12.1,100.0,102.4,128.3,
https://www.basketball-reference.com/boxscores/201902040DET.html,"7:00 PM, February 4, 2019",Detroit Pistons,Denver Nuggets,129,103,DET,,,Team Totals,240,48,88,.545,16,37,.432,17,20,.850,16,37,53,32,8,8,20,20,129,,,Team Totals,240,.666,.636,.420,.227,42.1,78.7,62.4,66.7,8.0,12.5,17.1,100.0,128.3,102.4,
https://www.basketball-reference.com/boxscores/201902040NOP.html,"8:00 PM, February 4, 2019",New Orleans Pelicans,Indiana Pacers,107,109,IND,,,Team Totals,240,41,91,.451,10,28,.357,17,24,.708,8,35,43,25,5,3,9,17,109,,,Team Totals,240,.537,.505,.308,.264,16.0,72.9,43.9,61.0,4.9,5.8,8.1,100.0,107.5,105.5,
https://www.basketball-reference.com/boxscores/201902040NOP.html,"8:00 PM, February 4, 2019",New Orleans Pelicans,Indiana Pacers,107,109,NOP,,,Team Totals,240,39,90,.433,9,38,.237,20,24,.833,13,42,55,26,6,4,17,19,107,,,Team Totals,240,.532,.483,.422,.267,27.1,84.0,56.1,66.7,5.9,6.3,14.5,100.0,105.5,107.5,
https://www.basketball-reference.com/boxscores/201902040PHO.html,"9:00 PM, February 4, 2019",Phoenix Suns,Houston Rockets,110,118,HOU,,,Team Totals,240,43,87,.494,13,41,.317,19,25,.760,12,31,43,19,13,2,14,19,118,,,Team Totals,240,.602,.569,.471,.287,29.3,77.5,53.1,44.2,13.3,3.4,12.5,100.0,120.4,112.2,
https://www.basketball-reference.com/boxscores/201902040PHO.html,"9:00 PM, February 4, 2019",Phoenix Suns,Houston Rockets,110,118,PHO,,,Team Totals,240,45,84,.536,7,25,.280,13,18,.722,9,29,38,29,9,1,17,20,110,,,Team Totals,240,.598,.577,.298,.214,22.5,70.7,46.9,64.4,9.2,2.2,15.6,100.0,112.2,120.4,
https://www.basketball-reference.com/boxscores/201902040SAC.html,"10:00 PM, February 4, 2019",Sacramento Kings,San Antonio Spurs,127,112,SAS,,,Team Totals,240,42,98,.429,9,32,.281,19,21,.905,15,31,46,18,6,3,9,20,112,,,Team Totals,240,.522,.474,.327,.214,27.3,79.5,48.9,42.9,6.1,5.2,7.7,100.0,113.4,128.6,
https://www.basketball-reference.com/boxscores/201902040SAC.html,"10:00 PM, February 4, 2019",Sacramento Kings,San Antonio Spurs,127,112,SAC,,,Team Totals,240,50,90,.556,13,32,.406,14,23,.609,8,40,48,26,5,5,8,18,127,,,Team Totals,240,.634,.628,.356,.256,20.5,72.7,51.1,52.0,5.1,7.6,7.4,100.0,128.6,113.4,
https://www.basketball-reference.com/boxscores/201902040WAS.html,"7:00 PM, February 4, 2019",Washington Wizards,Atlanta Hawks,129,137,ATL,,,Team Totals,240,46,91,.505,20,40,.500,25,29,.862,14,36,50,29,7,2,14,22,137,,,Team Totals,240,.660,.615,.440,.319,34.1,73.5,55.6,63.0,6.9,3.4,11.9,100.0,134.4,126.6,
https://www.basketball-reference.com/boxscores/201902040WAS.html,"7:00 PM, February 4, 2019",Washington Wizards,Atlanta Hawks,129,137,WAS,,,Team Totals,240,48,97,.495,12,38,.316,21,29,.724,13,27,40,34,5,8,9,20,129,,,Team Totals,240,.588,.557,.392,.299,26.5,65.9,44.4,70.8,4.9,15.7,7.6,100.0,126.6,134.4,
https://www.basketball-reference.com/boxscores/201902050CHO.html,"7:00 PM, February 5, 2019",Charlotte Hornets,Los Angeles Clippers,115,117,LAC,,,Team Totals,240,42,87,.483,18,24,.750,15,17,.882,8,40,48,25,1,6,11,24,117,,,Team Totals,240,.619,.586,.276,.195,19.5,78.4,52.2,59.5,1.0,11.8,10.4,100.0,122.3,120.2,
https://www.basketball-reference.com/boxscores/201902050CHO.html,"7:00 PM, February 5, 2019",Charlotte Hornets,Los Angeles Clippers,115,117,CHO,,,Team Totals,240,39,93,.419,15,42,.357,22,26,.846,11,33,44,19,8,9,5,19,115,,,Team Totals,240,.551,.500,.452,.280,21.6,80.5,47.8,48.7,8.4,14.3,4.6,100.0,120.2,122.3,
https://www.basketball-reference.com/boxscores/201902050CLE.html,"7:00 PM, February 5, 2019",Cleveland Cavaliers,Boston Celtics,96,103,BOS,,,Team Totals,240,40,82,.488,9,26,.346,14,14,1.000,8,34,42,29,10,10,13,14,103,,,Team Totals,240,.584,.543,.317,.171,20.0,69.4,47.2,72.5,10.7,15.9,12.9,100.0,110.5,103.0,
https://www.basketball-reference.com/boxscores/201902050CLE.html,"7:00 PM, February 5, 2019",Cleveland Cavaliers,Boston Celtics,96,103,CLE,,,Team Totals,240,40,96,.417,9,33,.273,7,8,.875,15,32,47,21,6,0,14,17,96,,,Team Totals,240,.482,.464,.344,.083,30.6,80.0,52.8,52.5,6.4,0.0,12.3,100.0,103.0,110.5,
https://www.basketball-reference.com/boxscores/201902050IND.html,"7:00 PM, February 5, 2019",Indiana Pacers,Los Angeles Lakers,136,94,LAL,,,Team Totals,240,35,75,.467,4,21,.190,20,26,.769,3,31,34,25,5,3,19,14,94,,,Team Totals,240,.544,.493,.280,.347,9.1,75.6,45.9,71.4,5.0,4.7,18.0,100.0,93.6,135.5,
https://www.basketball-reference.com/boxscores/201902050IND.html,"7:00 PM, February 5, 2019",Indiana Pacers,Los Angeles Lakers,136,94,IND,,,Team Totals,240,56,98,.571,19,34,.559,5,8,.625,10,30,40,37,11,7,10,20,136,,,Team Totals,240,.670,.668,.347,.082,24.4,90.9,54.1,66.1,11.0,13.0,9.0,100.0,135.5,93.6,
https://www.basketball-reference.com/boxscores/201902050MEM.html,"8:00 PM, February 5, 2019",Memphis Grizzlies,Minnesota Timberwolves,108,106,MIN,,,Team Totals,240,39,87,.448,9,29,.310,19,20,.950,16,39,55,26,4,4,17,23,106,,,Team Totals,240,.553,.500,.333,.230,37.2,76.5,58.5,66.7,4.3,7.7,15.1,100.0,114.0,116.2,
https://www.basketball-reference.com/boxscores/201902050MEM.html,"8:00 PM, February 5, 2019",Memphis Grizzlies,Minnesota Timberwolves,108,106,MEM,,,Team Totals,240,36,86,.419,15,34,.441,21,29,.724,12,27,39,18,11,6,8,18,108,,,Team Totals,240,.547,.506,.395,.337,23.5,62.8,41.5,50.0,11.8,10.3,7.5,100.0,116.2,114.0,
https://www.basketball-reference.com/boxscores/201902050NYK.html,"7:30 PM, February 5, 2019",New York Knicks,Detroit Pistons,92,105,DET,,,Team Totals,240,37,79,.468,12,34,.353,19,24,.792,6,35,41,22,4,7,11,21,105,,,Team Totals,240,.586,.544,.430,.304,16.2,72.9,48.2,59.5,4.4,12.3,10.9,100.0,114.3,100.2,
https://www.basketball-reference.com/boxscores/201902050NYK.html,"7:30 PM, February 5, 2019",New York Knicks,Detroit Pistons,92,105,NYK,,,Team Totals,240,36,90,.400,9,33,.273,11,15,.733,13,31,44,17,5,4,11,23,92,,,Team Totals,240,.476,.450,.367,.167,27.1,83.8,51.8,47.2,5.4,8.9,10.2,100.0,100.2,114.3,
https://www.basketball-reference.com/boxscores/201902050OKC.html,"8:00 PM, February 5, 2019",Oklahoma City Thunder,Orlando Magic,132,122,ORL,,,Team Totals,240,42,90,.467,11,37,.297,27,34,.794,8,32,40,27,14,4,18,29,122,,,Team Totals,240,.581,.528,.411,.378,16.3,80.0,44.9,64.3,12.3,6.5,14.6,100.0,107.4,116.2,
https://www.basketball-reference.com/boxscores/201902050OKC.html,"8:00 PM, February 5, 2019",Oklahoma City Thunder,Orlando Magic,132,122,OKC,,,Team Totals,240,46,92,.500,13,30,.433,27,37,.730,8,41,49,25,11,2,17,25,132,,,Team Totals,240,.610,.571,.326,.402,20.0,83.7,55.1,54.3,9.7,3.8,13.6,100.0,116.2,107.4,
https://www.basketball-reference.com/boxscores/201902050PHI.html,"8:00 PM, February 5, 2019",Philadelphia 76ers,Toronto Raptors,107,119,TOR,,,Team Totals,240,41,89,.461,11,31,.355,26,32,.813,15,27,42,27,12,0,13,27,119,,,Team Totals,240,.577,.522,.348,.360,34.1,84.4,55.3,65.9,12.3,0.0,11.2,100.0,121.9,109.6,
https://www.basketball-reference.com/boxscores/201902050PHI.html,"8:00 PM, February 5, 2019",Philadelphia 76ers,Toronto Raptors,107,119,PHI,,,Team Totals,240,31,70,.443,7,24,.292,38,41,.927,5,29,34,20,8,3,18,22,107,,,Team Totals,240,.608,.493,.343,.586,15.6,65.9,44.7,64.5,8.2,5.2,17.0,100.0,109.6,121.9,
https://www.basketball-reference.com/boxscores/201902050POR.html,"10:30 PM, February 5, 2019",Portland Trail Blazers,Miami Heat,108,118,MIA,,,Team Totals,240,45,83,.542,7,22,.318,21,25,.840,8,38,46,18,11,7,12,15,118,,,Team Totals,240,.628,.584,.265,.301,23.5,84.4,58.2,40.0,11.1,13.0,11.3,100.0,119.3,109.2,
https://www.basketball-reference.com/boxscores/201902050POR.html,"10:30 PM, February 5, 2019",Portland Trail Blazers,Miami Heat,108,118,POR,,,Team Totals,240,42,93,.452,15,39,.385,9,12,.750,7,26,33,30,6,2,13,21,108,,,Team Totals,240,.549,.532,.419,.129,15.6,76.5,41.8,71.4,6.1,3.3,11.7,100.0,109.2,119.3,
https://www.basketball-reference.com/boxscores/201902060BRK.html,"7:30 PM, February 6, 2019",Brooklyn Nets,Denver Nuggets,135,130,DEN,,,Team Totals,240,50,99,.505,13,35,.371,17,21,.810,12,36,48,32,7,8,13,26,130,,,Team Totals,240,.601,.571,.354,.212,25.5,87.8,54.5,64.0,6.4,14.3,10.7,100.0,119.0,123.6,
https://www.basketball-reference.com/boxscores/201902060BRK.html,"7:30 PM, February 6, 2019",Brooklyn Nets,Denver Nuggets,135,130,BRK,,,Team Totals,240,46,90,.511,19,34,.559,24,33,.727,5,35,40,36,9,5,14,22,135,,,Team Totals,240,.646,.617,.378,.367,12.2,74.5,45.5,78.3,8.2,7.8,11.8,100.0,123.6,119.0,
https://www.basketball-reference.com/boxscores/201902060CHI.html,"8:00 PM, February 6, 2019",Chicago Bulls,New Orleans Pelicans,120,125,NOP,,,Team Totals,240,45,85,.529,15,35,.429,20,30,.667,14,32,46,26,1,6,12,18,125,,,Team Totals,240,.636,.618,.412,.353,34.1,78.0,56.1,57.8,1.1,10.9,10.9,100.0,131.5,126.2,
https://www.basketball-reference.com/boxscores/201902060CHI.html,"8:00 PM, February 6, 2019",Chicago Bulls,New Orleans Pelicans,120,125,CHI,,,Team Totals,240,45,91,.495,16,36,.444,14,19,.737,9,27,36,27,8,6,8,23,120,,,Team Totals,240,.604,.582,.396,.209,22.0,65.9,43.9,60.0,8.4,12.0,7.5,100.0,126.2,131.5,
https://www.basketball-reference.com/boxscores/201902060DAL.html,"8:30 PM, February 6, 2019",Dallas Mavericks,Charlotte Hornets,99,93,CHO,,,Team Totals,240,36,89,.404,9,37,.243,12,17,.706,8,39,47,17,9,9,14,17,93,,,Team Totals,240,.482,.455,.416,.191,16.0,72.2,45.2,47.2,9.1,15.5,12.7,100.0,94.0,100.1,
https://www.basketball-reference.com/boxscores/201902060DAL.html,"8:30 PM, February 6, 2019",Dallas Mavericks,Charlotte Hornets,99,93,DAL,,,Team Totals,240,38,94,.404,11,36,.306,12,17,.706,15,42,57,25,8,5,13,12,99,,,Team Totals,240,.488,.463,.383,.181,27.8,84.0,54.8,65.8,8.1,9.6,11.4,100.0,100.1,94.0,
https://www.basketball-reference.com/boxscores/201902060GSW.html,"10:30 PM, February 6, 2019",Golden State Warriors,San Antonio Spurs,141,102,SAS,,,Team Totals,240,35,81,.432,12,32,.375,20,21,.952,4,26,30,24,6,5,18,19,102,,,Team Totals,240,.565,.506,.395,.259,9.5,65.0,36.6,68.6,5.9,8.2,16.6,100.0,100.4,138.8,
https://www.basketball-reference.com/boxscores/201902060GSW.html,"10:30 PM, February 6, 2019",Golden State Warriors,San Antonio Spurs,141,102,GSW,,,Team Totals,240,55,95,.579,16,34,.471,15,21,.714,14,38,52,42,14,5,12,20,141,,,Team Totals,240,.676,.663,.358,.221,35.0,90.5,63.4,76.4,13.8,10.2,10.3,100.0,138.8,100.4,
https://www.basketball-reference.com/boxscores/201902060MIL.html,"8:00 PM, February 6, 2019",Milwaukee Bucks,Washington Wizards,148,129,WAS,,,Team Totals,240,48,92,.522,17,37,.459,16,19,.842,8,32,40,34,6,5,24,23,129,,,Team Totals,240,.643,.614,.402,.207,23.5,80.0,54.1,70.8,5.4,7.9,19.3,100.0,115.7,132.7,
https://www.basketball-reference.com/boxscores/201902060MIL.html,"8:00 PM, February 6, 2019",Milwaukee Bucks,Washington Wizards,148,129,MIL,,,Team Totals,240,56,93,.602,19,30,.633,17,26,.654,8,26,34,33,15,3,15,20,148,,,Team Totals,240,.709,.704,.323,.280,20.0,76.5,45.9,58.9,13.5,5.5,12.6,100.0,132.7,115.7,
https://www.basketball-reference.com/boxscores/201902060SAC.html,"10:00 PM, February 6, 2019",Sacramento Kings,Houston Rockets,101,127,HOU,,,Team Totals,240,45,100,.450,20,51,.392,17,18,.944,13,29,42,17,13,7,12,19,127,,,Team Totals,240,.588,.550,.510,.180,27.7,59.2,43.8,37.8,12.9,12.1,10.0,100.0,126.2,100.4,
https://www.basketball-reference.com/boxscores/201902060SAC.html,"10:00 PM, February 6, 2019",Sacramento Kings,Houston Rockets,101,127,SAC,,,Team Totals,240,39,91,.429,11,33,.333,12,20,.600,20,34,54,21,5,6,22,22,101,,,Team Totals,240,.506,.489,.363,.220,40.8,72.3,56.3,53.8,5.0,12.2,18.1,100.0,100.4,126.2,
https://www.basketball-reference.com/boxscores/201902060UTA.html,"9:00 PM, February 6, 2019",Utah Jazz,Phoenix Suns,116,88,PHO,,,Team Totals,240,35,75,.467,3,17,.176,15,19,.789,7,29,36,23,8,2,22,25,88,,,Team Totals,240,.528,.487,.227,.253,18.4,70.7,45.6,65.7,8.1,3.6,20.9,100.0,89.6,118.1,
https://www.basketball-reference.com/boxscores/201902060UTA.html,"9:00 PM, February 6, 2019",Utah Jazz,Phoenix Suns,116,88,UTA,,,Team Totals,240,42,84,.500,11,28,.393,21,32,.656,12,31,43,29,13,5,16,18,116,,,Team Totals,240,.591,.565,.333,.381,29.3,81.6,54.4,69.0,13.2,8.6,14.0,100.0,118.1,89.6,
https://www.basketball-reference.com/boxscores/201902070ATL.html,"7:30 PM, February 7, 2019",Atlanta Hawks,Toronto Raptors,101,119,TOR,,,Team Totals,240,40,87,.460,13,40,.325,26,33,.788,12,38,50,29,6,2,8,23,119,,,Team Totals,240,.586,.534,.460,.379,26.1,82.6,54.3,72.5,6.2,4.4,7.3,100.0,122.7,104.2,
https://www.basketball-reference.com/boxscores/201902070ATL.html,"7:30 PM, February 7, 2019",Atlanta Hawks,Toronto Raptors,101,119,ATL,,,Team Totals,240,36,80,.450,16,35,.457,13,25,.520,8,34,42,25,5,3,17,25,101,,,Team Totals,240,.555,.550,.438,.313,17.4,73.9,45.7,69.4,5.2,6.4,15.7,100.0,104.2,122.7,
https://www.basketball-reference.com/boxscores/201902070BOS.html,"8:00 PM, February 7, 2019",Boston Celtics,Los Angeles Lakers,128,129,LAL,,,Team Totals,240,50,97,.515,22,41,.537,7,18,.389,10,33,43,35,5,6,8,19,129,,,Team Totals,240,.615,.629,.423,.186,21.3,75.0,47.3,70.0,5.0,10.7,7.1,100.0,129.9,128.9,
https://www.basketball-reference.com/boxscores/201902070BOS.html,"8:00 PM, February 7, 2019",Boston Celtics,Los Angeles Lakers,128,129,BOS,,,Team Totals,240,46,94,.489,16,38,.421,20,20,1.000,11,37,48,35,7,5,8,16,128,,,Team Totals,240,.623,.574,.404,.213,25.0,78.7,52.7,76.1,7.0,8.9,7.2,100.0,128.9,129.9,
https://www.basketball-reference.com/boxscores/201902070IND.html,"7:00 PM, February 7, 2019",Indiana Pacers,Los Angeles Clippers,116,92,LAC,,,Team Totals,240,37,85,.435,6,17,.353,12,19,.632,9,27,36,23,14,6,21,19,92,,,Team Totals,240,.493,.471,.200,.224,20.5,79.4,46.2,62.2,13.7,9.2,18.4,100.0,89.7,113.1,
https://www.basketball-reference.com/boxscores/201902070IND.html,"7:00 PM, February 7, 2019",Indiana Pacers,Los Angeles Clippers,116,92,IND,,,Team Totals,240,49,87,.563,9,22,.409,9,11,.818,7,35,42,26,15,12,19,20,116,,,Team Totals,240,.632,.615,.253,.126,20.6,79.5,53.8,53.1,14.6,17.6,17.1,100.0,113.1,89.7,
https://www.basketball-reference.com/boxscores/201902070OKC.html,"8:00 PM, February 7, 2019",Oklahoma City Thunder,Memphis Grizzlies,117,95,MEM,,,Team Totals,240,34,77,.442,7,24,.292,20,23,.870,8,37,45,19,9,4,24,21,95,,,Team Totals,240,.545,.487,.312,.299,19.5,77.1,50.6,55.9,9.0,8.7,21.6,100.0,95.2,117.3,
https://www.basketball-reference.com/boxscores/201902070OKC.html,"8:00 PM, February 7, 2019",Oklahoma City Thunder,Memphis Grizzlies,117,95,OKC,,,Team Totals,240,43,90,.478,17,44,.386,14,22,.636,11,33,44,29,17,2,11,25,117,,,Team Totals,240,.587,.572,.489,.244,22.9,80.5,49.4,67.4,17.0,3.8,9.9,100.0,117.3,95.2,
https://www.basketball-reference.com/boxscores/201902070ORL.html,"7:00 PM, February 7, 2019",Orlando Magic,Minnesota Timberwolves,122,112,MIN,,,Team Totals,240,46,99,.465,10,26,.385,10,12,.833,16,27,43,23,8,4,12,19,112,,,Team Totals,240,.537,.515,.263,.121,34.0,73.0,51.2,50.0,8.4,7.0,10.3,100.0,117.5,127.9,
https://www.basketball-reference.com/boxscores/201902070ORL.html,"7:00 PM, February 7, 2019",Orlando Magic,Minnesota Timberwolves,122,112,ORL,,,Team Totals,240,45,83,.542,11,26,.423,21,23,.913,10,31,41,23,5,7,13,16,122,,,Team Totals,240,.655,.608,.313,.277,27.0,66.0,48.8,51.1,5.2,9.6,12.3,100.0,127.9,117.5,
https://www.basketball-reference.com/boxscores/201902070POR.html,"10:30 PM, February 7, 2019",Portland Trail Blazers,San Antonio Spurs,127,118,SAS,,,Team Totals,240,48,91,.527,12,21,.571,10,14,.714,10,33,43,19,3,3,18,16,118,,,Team Totals,240,.607,.593,.231,.154,25.6,89.2,56.6,39.6,2.9,5.0,15.6,100.0,115.6,124.4,
https://www.basketball-reference.com/boxscores/201902070POR.html,"10:30 PM, February 7, 2019",Portland Trail Blazers,San Antonio Spurs,127,118,POR,,,Team Totals,240,49,91,.538,11,31,.355,18,18,1.000,4,29,33,26,11,4,8,14,127,,,Team Totals,240,.642,.599,.341,.198,10.8,74.4,43.4,53.1,10.8,5.7,7.5,100.0,124.4,115.6,
https://www.basketball-reference.com/boxscores/201902080BRK.html,"7:30 PM, February 8, 2019",Brooklyn Nets,Chicago Bulls,106,125,CHI,,,Team Totals,240,46,85,.541,14,28,.500,19,24,.792,8,42,50,27,5,5,18,21,125,,,Team Totals,240,.654,.624,.329,.282,22.9,87.5,60.2,58.7,4.8,9.4,15.9,100.0,119.6,101.4,
https://www.basketball-reference.com/boxscores/201902080BRK.html,"7:30 PM, February 8, 2019",Brooklyn Nets,Chicago Bulls,106,125,BRK,,,Team Totals,240,39,94,.415,13,41,.317,15,16,.938,6,27,33,26,9,1,13,21,106,,,Team Totals,240,.525,.484,.436,.170,12.5,77.1,39.8,66.7,8.6,1.8,11.4,100.0,101.4,119.6,
https://www.basketball-reference.com/boxscores/201902080DAL.html,"8:30 PM, February 8, 2019",Dallas Mavericks,Milwaukee Bucks,107,122,MIL,,,Team Totals,240,51,93,.548,10,36,.278,10,12,.833,10,41,51,25,4,5,13,21,122,,,Team Totals,240,.621,.602,.387,.129,26.3,82.0,58.0,49.0,4.0,14.7,11.7,100.0,123.1,108.0,
https://www.basketball-reference.com/boxscores/201902080DAL.html,"8:30 PM, February 8, 2019",Dallas Mavericks,Milwaukee Bucks,107,122,DAL,,,Team Totals,240,36,87,.414,22,53,.415,13,20,.650,9,28,37,23,6,5,14,15,107,,,Team Totals,240,.558,.540,.609,.230,18.0,73.7,42.0,63.9,6.1,8.8,12.8,100.0,108.0,123.1,
https://www.basketball-reference.com/boxscores/201902080DET.html,"7:00 PM, February 8, 2019",Detroit Pistons,New York Knicks,120,103,NYK,,,Team Totals,240,35,78,.449,7,22,.318,26,41,.634,10,29,39,22,6,5,13,23,103,,,Team Totals,240,.536,.494,.282,.526,22.2,72.5,45.9,62.9,6.2,8.9,11.9,100.0,105.7,123.2,
https://www.basketball-reference.com/boxscores/201902080DET.html,"7:00 PM, February 8, 2019",Detroit Pistons,New York Knicks,120,103,DET,,,Team Totals,240,42,86,.488,13,30,.433,23,29,.793,11,35,46,24,3,6,13,27,120,,,Team Totals,240,.608,.564,.349,.337,27.5,77.8,54.1,57.1,3.1,10.7,11.6,100.0,123.2,105.7,
https://www.basketball-reference.com/boxscores/201902080NOP.html,"9:30 PM, February 8, 2019",New Orleans Pelicans,Minnesota Timberwolves,122,117,MIN,,,Team Totals,240,46,91,.505,9,21,.429,16,22,.727,10,39,49,22,6,8,16,20,117,,,Team Totals,240,.581,.555,.231,.242,21.3,83.0,52.1,47.8,5.7,13.1,13.7,100.0,111.4,116.2,
https://www.basketball-reference.com/boxscores/201902080NOP.html,"9:30 PM, February 8, 2019",New Orleans Pelicans,Minnesota Timberwolves,122,117,NOP,,,Team Totals,240,43,91,.473,9,30,.300,27,28,.964,8,37,45,27,11,7,11,21,122,,,Team Totals,240,.590,.522,.330,.308,17.0,78.7,47.9,62.8,10.5,10.0,9.6,100.0,116.2,111.4,
https://www.basketball-reference.com/boxscores/201902080PHI.html,"7:00 PM, February 8, 2019",Philadelphia 76ers,Denver Nuggets,117,110,DEN,,,Team Totals,240,46,94,.489,6,26,.231,12,13,.923,8,32,40,35,5,3,13,19,110,,,Team Totals,240,.552,.521,.277,.138,18.6,82.1,48.8,76.1,4.9,5.4,11.5,100.0,108.4,115.3,
https://www.basketball-reference.com/boxscores/201902080PHI.html,"7:00 PM, February 8, 2019",Philadelphia 76ers,Denver Nuggets,117,110,PHI,,,Team Totals,240,39,78,.500,10,22,.455,29,32,.906,7,35,42,23,7,5,17,12,117,,,Team Totals,240,.635,.564,.282,.410,17.9,81.4,51.2,59.0,6.9,7.4,15.6,100.0,115.3,108.4,
https://www.basketball-reference.com/boxscores/201902080PHO.html,"9:00 PM, February 8, 2019",Phoenix Suns,Golden State Warriors,107,117,GSW,,,Team Totals,240,41,81,.506,10,29,.345,25,35,.714,9,40,49,30,5,9,18,23,117,,,Team Totals,240,.607,.568,.358,.432,23.7,67.8,50.5,73.2,4.8,12.9,15.7,100.0,113.3,103.6,
https://www.basketball-reference.com/boxscores/201902080PHO.html,"9:00 PM, February 8, 2019",Phoenix Suns,Golden State Warriors,107,117,PHO,,,Team Totals,240,39,101,.386,6,31,.194,23,30,.767,19,29,48,23,12,1,12,28,107,,,Team Totals,240,.468,.416,.307,.297,32.2,76.3,49.5,59.0,11.6,1.9,9.5,100.0,103.6,113.3,
https://www.basketball-reference.com/boxscores/201902080SAC.html,"10:00 PM, February 8, 2019",Sacramento Kings,Miami Heat,102,96,MIA,,,Team Totals,240,38,88,.432,11,33,.333,9,19,.474,11,38,49,26,6,8,20,21,96,,,Team Totals,240,.498,.494,.375,.216,23.4,79.2,51.6,68.4,5.8,12.5,17.2,100.0,93.5,99.4,
https://www.basketball-reference.com/boxscores/201902080SAC.html,"10:00 PM, February 8, 2019",Sacramento Kings,Miami Heat,102,96,SAC,,,Team Totals,240,37,90,.411,9,26,.346,19,25,.760,10,36,46,18,11,5,14,17,102,,,Team Totals,240,.505,.461,.289,.278,20.8,76.6,48.4,48.6,10.7,9.1,12.2,100.0,99.4,93.5,
https://www.basketball-reference.com/boxscores/201902080WAS.html,"7:00 PM, February 8, 2019",Washington Wizards,Cleveland Cavaliers,119,106,CLE,,,Team Totals,240,36,96,.375,12,38,.316,22,25,.880,17,35,52,21,6,3,14,16,106,,,Team Totals,240,.495,.438,.396,.260,30.9,77.8,52.0,58.3,5.9,5.3,11.6,100.0,104.1,116.9,
https://www.basketball-reference.com/boxscores/201902080WAS.html,"7:00 PM, February 8, 2019",Washington Wizards,Cleveland Cavaliers,119,106,WAS,,,Team Totals,240,46,92,.500,12,35,.343,15,16,.938,10,38,48,35,10,4,16,19,119,,,Team Totals,240,.601,.565,.380,.174,22.2,69.1,48.0,76.1,9.8,6.9,13.9,100.0,116.9,104.1,
https://www.basketball-reference.com/boxscores/201902090ATL.html,"7:30 PM, February 9, 2019",Atlanta Hawks,Charlotte Hornets,120,129,CHO,,,Team Totals,240,48,88,.545,19,42,.452,14,18,.778,10,27,37,30,12,7,14,17,129,,,Team Totals,240,.672,.653,.477,.205,27.8,73.0,50.7,62.5,12.2,13.2,12.7,100.0,130.7,121.6,
https://www.basketball-reference.com/boxscores/201902090ATL.html,"7:30 PM, February 9, 2019",Atlanta Hawks,Charlotte Hornets,120,129,ATL,,,Team Totals,240,46,86,.535,14,33,.424,14,19,.737,10,26,36,26,10,3,18,18,120,,,Team Totals,240,.636,.616,.384,.221,27.0,72.2,49.3,56.5,10.1,6.5,16.0,100.0,121.6,130.7,
https://www.basketball-reference.com/boxscores/201902090BOS.html,"8:00 PM, February 9, 2019",Boston Celtics,Los Angeles Clippers,112,123,LAC,,,Team Totals,240,40,84,.476,12,30,.400,31,40,.775,6,43,49,28,6,6,17,27,123,,,Team Totals,240,.605,.548,.357,.476,14.0,84.3,52.1,70.0,5.5,9.1,14.3,100.0,112.9,102.8,
https://www.basketball-reference.com/boxscores/201902090BOS.html,"8:00 PM, February 9, 2019",Boston Celtics,Los Angeles Clippers,112,123,BOS,,,Team Totals,240,39,92,.424,9,26,.346,25,31,.806,8,37,45,21,9,3,12,29,112,,,Team Totals,240,.530,.473,.283,.337,15.7,86.0,47.9,53.8,8.3,5.6,10.2,100.0,102.8,112.9,
https://www.basketball-reference.com/boxscores/201902090CHI.html,"8:00 PM, February 9, 2019",Chicago Bulls,Washington Wizards,125,134,WAS,,,Team Totals,240,55,95,.579,12,27,.444,12,14,.857,6,33,39,38,6,6,13,23,134,,,Team Totals,240,.662,.642,.284,.147,16.2,70.2,46.4,69.1,5.7,8.1,11.4,100.0,127.3,118.7,
https://www.basketball-reference.com/boxscores/201902090CHI.html,"8:00 PM, February 9, 2019",Chicago Bulls,Washington Wizards,125,134,CHI,,,Team Totals,240,49,97,.505,6,23,.261,21,28,.750,14,31,45,28,7,5,11,15,125,,,Team Totals,240,.572,.536,.237,.289,29.8,83.8,53.6,57.1,6.6,7.4,9.1,100.0,118.7,127.3,
https://www.basketball-reference.com/boxscores/201902090HOU.html,"8:30 PM, February 9, 2019",Houston Rockets,Oklahoma City Thunder,112,117,OKC,,,Team Totals,240,40,89,.449,13,34,.382,24,30,.800,12,41,53,20,7,5,19,24,117,,,Team Totals,240,.572,.522,.382,.337,27.3,85.4,57.6,50.0,6.7,12.2,15.7,100.0,112.5,107.7,
https://www.basketball-reference.com/boxscores/201902090HOU.html,"8:30 PM, February 9, 2019",Houston Rockets,Oklahoma City Thunder,112,117,HOU,,,Team Totals,240,37,86,.430,16,45,.356,22,30,.733,7,32,39,18,10,7,12,26,112,,,Team Totals,240,.565,.523,.523,.349,14.6,72.7,42.4,48.6,9.6,12.7,10.8,100.0,107.7,112.5,
https://www.basketball-reference.com/boxscores/201902090IND.html,"7:00 PM, February 9, 2019",Indiana Pacers,Cleveland Cavaliers,105,90,CLE,,,Team Totals,240,35,79,.443,16,36,.444,4,9,.444,5,25,30,23,3,2,13,13,90,,,Team Totals,240,.542,.544,.456,.114,11.9,80.6,41.1,65.7,3.3,3.4,13.5,100.0,100.0,116.7,
https://www.basketball-reference.com/boxscores/201902090IND.html,"7:00 PM, February 9, 2019",Indiana Pacers,Cleveland Cavaliers,105,90,IND,,,Team Totals,240,45,84,.536,9,26,.346,6,10,.600,6,37,43,31,8,5,10,13,105,,,Team Totals,240,.594,.589,.310,.119,19.4,88.1,58.9,68.9,8.9,11.6,10.2,100.0,116.7,100.0,
https://www.basketball-reference.com/boxscores/201902090MEM.html,"8:00 PM, February 9, 2019",Memphis Grizzlies,New Orleans Pelicans,99,90,NOP,,,Team Totals,240,34,86,.395,6,33,.182,16,27,.593,17,35,52,25,6,5,15,22,90,,,Team Totals,240,.460,.430,.384,.314,32.7,77.8,53.6,73.5,6.4,8.5,13.3,100.0,95.3,104.8,
https://www.basketball-reference.com/boxscores/201902090MEM.html,"8:00 PM, February 9, 2019",Memphis Grizzlies,New Orleans Pelicans,99,90,MEM,,,Team Totals,240,38,88,.432,8,29,.276,15,18,.833,10,35,45,27,6,2,12,24,99,,,Team Totals,240,.516,.477,.330,.205,22.2,67.3,46.4,71.1,6.4,3.8,11.1,100.0,104.8,95.3,
https://www.basketball-reference.com/boxscores/201902090MIL.html,"9:00 PM, February 9, 2019",Milwaukee Bucks,Orlando Magic,83,103,ORL,,,Team Totals,240,44,94,.468,10,27,.370,5,6,.833,9,48,57,28,5,8,12,20,103,,,Team Totals,240,.533,.521,.287,.064,18.8,80.0,52.8,63.6,5.1,13.3,11.0,100.0,104.6,84.3,
https://www.basketball-reference.com/boxscores/201902090MIL.html,"9:00 PM, February 9, 2019",Milwaukee Bucks,Orlando Magic,83,103,MIL,,,Team Totals,240,31,95,.326,6,35,.171,15,18,.833,12,39,51,18,5,8,10,16,83,,,Team Totals,240,.403,.358,.368,.189,20.0,81.3,47.2,58.1,5.1,11.9,8.9,100.0,84.3,104.6,
https://www.basketball-reference.com/boxscores/201902090NYK.html,"7:30 PM, February 9, 2019",New York Knicks,Toronto Raptors,99,104,TOR,,,Team Totals,240,33,86,.384,14,35,.400,24,29,.828,10,37,47,27,8,5,12,15,104,,,Team Totals,240,.527,.465,.407,.337,19.2,71.2,45.2,81.8,8.1,7.2,10.8,100.0,104.9,99.8,
https://www.basketball-reference.com/boxscores/201902090NYK.html,"7:30 PM, February 9, 2019",New York Knicks,Toronto Raptors,99,104,NYK,,,Team Totals,240,39,94,.415,10,25,.400,11,19,.579,15,42,57,22,9,4,15,26,99,,,Team Totals,240,.484,.468,.266,.202,28.8,80.8,54.8,56.4,9.1,7.8,12.8,100.0,99.8,104.9,
https://www.basketball-reference.com/boxscores/201902090UTA.html,"5:00 PM, February 9, 2019",Utah Jazz,San Antonio Spurs,125,105,SAS,,,Team Totals,240,40,89,.449,7,22,.318,18,20,.900,5,31,36,24,7,3,9,17,105,,,Team Totals,240,.537,.489,.247,.225,10.4,77.5,40.9,60.0,7.0,6.1,8.4,100.0,105.4,125.5,
https://www.basketball-reference.com/boxscores/201902090UTA.html,"5:00 PM, February 9, 2019",Utah Jazz,San Antonio Spurs,125,105,UTA,,,Team Totals,240,47,90,.522,16,41,.390,15,20,.750,9,43,52,29,7,3,11,17,125,,,Team Totals,240,.633,.611,.456,.222,22.5,89.6,59.1,61.7,7.0,4.5,10.0,100.0,125.5,105.4,
https://www.basketball-reference.com/boxscores/201902100ATL.html,"7:30 PM, February 10, 2019",Atlanta Hawks,Orlando Magic,108,124,ORL,,,Team Totals,240,43,91,.473,13,37,.351,25,28,.893,11,38,49,29,4,9,8,21,124,,,Team Totals,240,.600,.544,.407,.308,28.2,88.4,59.8,67.4,4.2,18.8,7.2,100.0,129.6,112.9,
https://www.basketball-reference.com/boxscores/201902100ATL.html,"7:30 PM, February 10, 2019",Atlanta Hawks,Orlando Magic,108,124,ATL,,,Team Totals,240,37,80,.463,13,32,.406,21,25,.840,5,28,33,27,5,6,11,21,108,,,Team Totals,240,.593,.544,.400,.313,11.6,71.8,40.2,73.0,5.2,11.1,10.8,100.0,112.9,129.6,
https://www.basketball-reference.com/boxscores/201902100DAL.html,"3:00 PM, February 10, 2019",Dallas Mavericks,Portland Trail Blazers,102,101,POR,,,Team Totals,240,42,86,.488,9,29,.310,8,14,.571,12,36,48,24,7,4,19,26,101,,,Team Totals,240,.548,.541,.337,.163,30.0,76.6,55.2,57.1,7.1,8.0,17.1,100.0,103.1,104.1,
https://www.basketball-reference.com/boxscores/201902100DAL.html,"3:00 PM, February 10, 2019",Dallas Mavericks,Portland Trail Blazers,102,101,DAL,,,Team Totals,240,36,87,.414,12,37,.324,18,23,.783,11,28,39,20,6,3,16,20,102,,,Team Totals,240,.525,.483,.425,.264,23.4,70.0,44.8,55.6,6.1,5.3,14.1,100.0,104.1,103.1,
https://www.basketball-reference.com/boxscores/201902100GSW.html,"8:30 PM, February 10, 2019",Golden State Warriors,Miami Heat,120,118,MIA,,,Team Totals,240,48,105,.457,18,43,.419,4,8,.500,21,31,52,32,6,4,16,22,118,,,Team Totals,240,.544,.543,.410,.076,42.0,81.6,59.1,66.7,6.1,8.7,12.8,100.0,120.7,122.8,
https://www.basketball-reference.com/boxscores/201902100GSW.html,"8:30 PM, February 10, 2019",Golden State Warriors,Miami Heat,120,118,GSW,,,Team Totals,240,44,82,.537,13,36,.361,19,26,.731,7,29,36,28,8,5,12,16,120,,,Team Totals,240,.642,.616,.439,.317,18.4,58.0,40.9,63.6,8.2,8.1,11.4,100.0,122.8,120.7,
https://www.basketball-reference.com/boxscores/201902100PHI.html,"3:30 PM, February 10, 2019",Philadelphia 76ers,Los Angeles Lakers,143,120,LAL,,,Team Totals,240,48,93,.516,10,27,.370,14,19,.737,9,34,43,31,3,4,16,21,120,,,Team Totals,240,.592,.570,.290,.204,20.5,82.9,50.6,64.6,2.8,5.5,13.6,100.0,112.6,134.2,
https://www.basketball-reference.com/boxscores/201902100PHI.html,"3:30 PM, February 10, 2019",Philadelphia 76ers,Los Angeles Lakers,143,120,PHI,,,Team Totals,240,56,97,.577,12,24,.500,19,22,.864,7,35,42,33,10,3,8,17,143,,,Team Totals,240,.670,.639,.247,.227,17.1,79.5,49.4,58.9,9.4,4.5,7.0,100.0,134.2,112.6,
https://www.basketball-reference.com/boxscores/201902100SAC.html,"6:00 PM, February 10, 2019",Sacramento Kings,Phoenix Suns,117,104,PHO,,,Team Totals,240,38,91,.418,6,27,.222,22,30,.733,15,39,54,22,5,4,17,31,104,,,Team Totals,240,.499,.451,.297,.330,28.3,78.0,52.4,57.9,4.8,7.5,14.0,100.0,100.6,113.2,
https://www.basketball-reference.com/boxscores/201902100SAC.html,"6:00 PM, February 10, 2019",Sacramento Kings,Phoenix Suns,117,104,SAC,,,Team Totals,240,38,84,.452,9,31,.290,32,44,.727,11,38,49,26,12,11,12,21,117,,,Team Totals,240,.566,.506,.369,.524,22.0,71.7,47.6,68.4,11.6,17.2,10.4,100.0,113.2,100.6,
https://www.basketball-reference.com/boxscores/201902110CHI.html,"8:00 PM, February 11, 2019",Chicago Bulls,Milwaukee Bucks,99,112,MIL,,,Team Totals,240,38,80,.475,12,38,.316,24,29,.828,5,44,49,24,6,7,17,18,112,,,Team Totals,240,.604,.550,.475,.363,12.2,83.0,52.1,63.2,5.7,10.3,15.5,100.0,106.9,94.5,
https://www.basketball-reference.com/boxscores/201902110CHI.html,"8:00 PM, February 11, 2019",Chicago Bulls,Milwaukee Bucks,99,112,CHI,,,Team Totals,240,37,96,.385,9,28,.321,16,18,.889,9,36,45,24,8,2,14,22,99,,,Team Totals,240,.476,.432,.292,.188,17.0,87.8,47.9,64.9,7.6,4.8,11.9,100.0,94.5,106.9,
https://www.basketball-reference.com/boxscores/201902110CLE.html,"7:00 PM, February 11, 2019",Cleveland Cavaliers,New York Knicks,107,104,NYK,,,Team Totals,240,42,92,.457,7,26,.269,13,20,.650,10,36,46,21,8,9,10,17,104,,,Team Totals,240,.516,.495,.283,.217,20.4,67.9,45.1,50.0,8.0,17.6,9.0,100.0,103.9,106.9,
https://www.basketball-reference.com/boxscores/201902110CLE.html,"7:00 PM, February 11, 2019",Cleveland Cavaliers,New York Knicks,107,104,CLE,,,Team Totals,240,38,95,.400,14,44,.318,17,19,.895,17,39,56,20,6,2,18,16,107,,,Team Totals,240,.518,.474,.463,.200,32.1,79.6,54.9,52.6,6.0,3.0,14.8,100.0,106.9,103.9,
https://www.basketball-reference.com/boxscores/201902110DEN.html,"9:00 PM, February 11, 2019",Denver Nuggets,Miami Heat,103,87,MIA,,,Team Totals,240,34,82,.415,9,33,.273,10,16,.625,7,40,47,23,10,5,19,16,87,,,Team Totals,240,.489,.470,.402,.195,16.7,80.0,51.1,67.6,10.1,9.6,17.6,100.0,88.3,104.5,
https://www.basketball-reference.com/boxscores/201902110DEN.html,"9:00 PM, February 11, 2019",Denver Nuggets,Miami Heat,103,87,DEN,,,Team Totals,240,38,89,.427,16,37,.432,11,13,.846,10,35,45,27,7,6,15,17,103,,,Team Totals,240,.544,.517,.416,.146,20.0,83.3,48.9,71.1,7.1,12.2,13.7,100.0,104.5,88.3,
https://www.basketball-reference.com/boxscores/201902110DET.html,"7:00 PM, February 11, 2019",Detroit Pistons,Washington Wizards,121,112,WAS,,,Team Totals,240,42,84,.500,14,39,.359,14,19,.737,7,30,37,31,7,5,14,21,112,,,Team Totals,240,.606,.583,.464,.226,15.6,75.0,43.5,73.8,7.1,10.2,13.2,100.0,113.7,122.8,
https://www.basketball-reference.com/boxscores/201902110DET.html,"7:00 PM, February 11, 2019",Detroit Pistons,Washington Wizards,121,112,DET,,,Team Totals,240,44,85,.518,15,36,.417,18,21,.857,10,38,48,25,6,2,16,21,121,,,Team Totals,240,.642,.606,.424,.247,25.0,84.4,56.5,56.8,6.1,4.4,14.5,100.0,122.8,113.7,
https://www.basketball-reference.com/boxscores/201902110HOU.html,"8:00 PM, February 11, 2019",Houston Rockets,Dallas Mavericks,120,104,DAL,,,Team Totals,240,35,73,.479,13,36,.361,21,27,.778,3,30,33,21,5,1,18,17,104,,,Team Totals,240,.613,.568,.493,.370,9.4,76.9,46.5,60.0,5.2,3.3,17.5,100.0,107.7,124.3,
https://www.basketball-reference.com/boxscores/201902110HOU.html,"8:00 PM, February 11, 2019",Houston Rockets,Dallas Mavericks,120,104,HOU,,,Team Totals,240,42,90,.467,23,60,.383,13,15,.867,9,29,38,28,13,5,11,26,120,,,Team Totals,240,.621,.594,.667,.167,23.1,90.6,53.5,66.7,13.5,13.5,10.2,100.0,124.3,107.7,
https://www.basketball-reference.com/boxscores/201902110IND.html,"7:00 PM, February 11, 2019",Indiana Pacers,Charlotte Hornets,99,90,CHO,,,Team Totals,240,29,90,.322,7,40,.175,25,33,.758,21,30,51,15,7,2,7,15,90,,,Team Totals,240,.431,.361,.444,.367,38.2,85.7,56.7,51.7,8.1,4.1,6.3,100.0,104.3,114.7,
https://www.basketball-reference.com/boxscores/201902110IND.html,"7:00 PM, February 11, 2019",Indiana Pacers,Charlotte Hornets,99,90,IND,,,Team Totals,240,38,74,.514,8,25,.320,15,17,.882,5,34,39,25,3,3,12,22,99,,,Team Totals,240,.608,.568,.338,.230,14.3,61.8,43.3,65.8,3.5,6.0,12.8,100.0,114.7,104.3,
https://www.basketball-reference.com/boxscores/201902110MIN.html,"8:00 PM, February 11, 2019",Minnesota Timberwolves,Los Angeles Clippers,130,120,LAC,,,Team Totals,240,37,72,.514,12,29,.414,34,39,.872,8,29,37,24,8,2,21,28,120,,,Team Totals,240,.673,.597,.403,.542,22.2,64.4,45.7,64.9,7.9,2.8,19.1,100.0,119.2,129.1,
https://www.basketball-reference.com/boxscores/201902110MIN.html,"8:00 PM, February 11, 2019",Minnesota Timberwolves,Los Angeles Clippers,130,120,MIN,,,Team Totals,240,47,90,.522,6,18,.333,30,36,.833,16,28,44,28,14,1,13,22,130,,,Team Totals,240,.614,.556,.200,.400,35.6,77.8,54.3,59.6,13.9,2.3,10.9,100.0,129.1,119.2,
https://www.basketball-reference.com/boxscores/201902110OKC.html,"8:00 PM, February 11, 2019",Oklahoma City Thunder,Portland Trail Blazers,120,111,POR,,,Team Totals,240,36,87,.414,11,29,.379,28,38,.737,10,36,46,18,8,7,13,24,111,,,Team Totals,240,.535,.477,.333,.437,20.8,83.7,50.5,50.0,7.8,13.7,11.1,100.0,108.0,116.7,
https://www.basketball-reference.com/boxscores/201902110OKC.html,"8:00 PM, February 11, 2019",Oklahoma City Thunder,Portland Trail Blazers,120,111,OKC,,,Team Totals,240,41,86,.477,16,35,.457,22,29,.759,7,38,45,23,9,7,12,28,120,,,Team Totals,240,.608,.570,.407,.337,16.3,79.2,49.5,56.1,8.8,12.1,10.8,100.0,116.7,108.0,
https://www.basketball-reference.com/boxscores/201902110TOR.html,"7:30 PM, February 11, 2019",Toronto Raptors,Brooklyn Nets,127,125,BRK,,,Team Totals,240,46,88,.523,20,41,.488,13,18,.722,5,26,31,33,6,3,15,18,125,,,Team Totals,240,.652,.636,.466,.205,12.5,83.9,43.7,71.7,5.7,4.9,13.5,100.0,118.3,120.2,
https://www.basketball-reference.com/boxscores/201902110TOR.html,"7:30 PM, February 11, 2019",Toronto Raptors,Brooklyn Nets,127,125,TOR,,,Team Totals,240,50,92,.543,9,31,.290,18,20,.900,5,35,40,32,12,3,14,16,127,,,Team Totals,240,.630,.592,.337,.217,16.1,87.5,56.3,64.0,11.4,6.4,12.2,100.0,120.2,118.3,
https://www.basketball-reference.com/boxscores/201902120ATL.html,"7:30 PM, February 12, 2019",Atlanta Hawks,Los Angeles Lakers,117,113,LAL,,,Team Totals,240,41,95,.432,14,40,.350,17,25,.680,10,34,44,25,10,6,17,24,113,,,Team Totals,240,.533,.505,.421,.263,19.6,85.0,48.4,61.0,8.9,12.0,13.8,100.0,100.1,103.7,
https://www.basketball-reference.com/boxscores/201902120ATL.html,"7:30 PM, February 12, 2019",Atlanta Hawks,Los Angeles Lakers,117,113,ATL,,,Team Totals,240,40,92,.435,16,42,.381,21,26,.808,6,41,47,29,8,6,21,24,117,,,Team Totals,240,.566,.522,.457,.283,15.0,80.4,51.6,72.5,7.1,10.9,16.9,100.0,103.7,100.1,
https://www.basketball-reference.com/boxscores/201902120GSW.html,"10:30 PM, February 12, 2019",Golden State Warriors,Utah Jazz,115,108,UTA,,,Team Totals,240,41,87,.471,10,26,.385,16,21,.762,7,42,49,23,3,4,16,21,108,,,Team Totals,240,.561,.529,.299,.241,16.7,89.4,55.1,56.1,3.0,8.3,14.3,100.0,106.7,113.6,
https://www.basketball-reference.com/boxscores/201902120GSW.html,"10:30 PM, February 12, 2019",Golden State Warriors,Utah Jazz,115,108,GSW,,,Team Totals,240,44,89,.494,13,41,.317,14,21,.667,5,35,40,29,12,7,7,20,115,,,Team Totals,240,.585,.567,.461,.236,10.6,83.3,44.9,65.9,11.9,11.5,6.7,100.0,113.6,106.7,
https://www.basketball-reference.com/boxscores/201902120MEM.html,"8:00 PM, February 12, 2019",Memphis Grizzlies,San Antonio Spurs,107,108,SAS,,,Team Totals,240,36,86,.419,13,21,.619,23,29,.793,10,33,43,23,6,5,8,14,108,,,Team Totals,240,.547,.494,.244,.337,20.0,80.5,47.3,63.9,6.2,7.7,7.5,100.0,111.4,110.4,
https://www.basketball-reference.com/boxscores/201902120MEM.html,"8:00 PM, February 12, 2019",Memphis Grizzlies,San Antonio Spurs,107,108,MEM,,,Team Totals,240,44,89,.494,8,24,.333,11,16,.688,8,40,48,25,5,6,13,23,107,,,Team Totals,240,.557,.539,.270,.180,19.5,80.0,52.7,56.8,5.2,9.2,11.9,100.0,110.4,111.4,
https://www.basketball-reference.com/boxscores/201902120NOP.html,"8:00 PM, February 12, 2019",New Orleans Pelicans,Orlando Magic,88,118,ORL,,,Team Totals,240,42,95,.442,13,32,.406,21,22,.955,12,46,58,32,9,8,10,14,118,,,Team Totals,240,.564,.511,.337,.232,26.1,85.2,58.0,76.2,9.0,12.3,8.7,100.0,117.4,87.6,
https://www.basketball-reference.com/boxscores/201902120NOP.html,"8:00 PM, February 12, 2019",New Orleans Pelicans,Orlando Magic,88,118,NOP,,,Team Totals,240,36,94,.383,10,29,.345,6,8,.750,8,34,42,21,5,8,14,16,88,,,Team Totals,240,.451,.436,.309,.085,14.8,73.9,42.0,58.3,5.0,12.7,12.6,100.0,87.6,117.4,
https://www.basketball-reference.com/boxscores/201902120PHI.html,"8:00 PM, February 12, 2019",Philadelphia 76ers,Boston Celtics,109,112,BOS,,,Team Totals,240,41,88,.466,13,29,.448,17,21,.810,8,33,41,24,9,3,5,23,112,,,Team Totals,240,.576,.540,.330,.239,17.8,76.7,46.6,58.5,9.5,5.7,4.9,100.0,118.7,115.6,
https://www.basketball-reference.com/boxscores/201902120PHI.html,"8:00 PM, February 12, 2019",Philadelphia 76ers,Boston Celtics,109,112,PHI,,,Team Totals,240,39,80,.488,9,27,.333,22,31,.710,10,37,47,21,4,3,14,20,109,,,Team Totals,240,.582,.544,.338,.388,23.3,82.2,53.4,53.8,4.2,5.1,13.0,100.0,115.6,118.7,
https://www.basketball-reference.com/boxscores/201902130BOS.html,"7:30 PM, February 13, 2019",Boston Celtics,Detroit Pistons,118,110,DET,,,Team Totals,240,36,84,.429,13,40,.325,25,34,.735,10,31,41,19,7,1,11,18,110,,,Team Totals,240,.556,.506,.476,.405,21.3,75.6,46.6,52.8,7.1,2.0,10.0,100.0,112.0,120.1,
https://www.basketball-reference.com/boxscores/201902130BOS.html,"7:30 PM, February 13, 2019",Boston Celtics,Detroit Pistons,118,110,BOS,,,Team Totals,240,45,88,.511,16,39,.410,12,15,.800,10,37,47,32,8,2,16,22,118,,,Team Totals,240,.624,.602,.443,.170,24.4,78.7,53.4,71.1,8.1,4.5,14.5,100.0,120.1,112.0,
https://www.basketball-reference.com/boxscores/201902130CHI.html,"8:00 PM, February 13, 2019",Chicago Bulls,Memphis Grizzlies,122,110,MEM,,,Team Totals,240,43,89,.483,11,31,.355,13,17,.765,6,26,32,33,9,5,9,19,110,,,Team Totals,240,.570,.545,.348,.191,14.0,74.3,41.0,76.7,9.3,8.3,8.5,100.0,113.5,125.8,
https://www.basketball-reference.com/boxscores/201902130CHI.html,"8:00 PM, February 13, 2019",Chicago Bulls,Memphis Grizzlies,122,110,CHI,,,Team Totals,240,45,80,.563,8,20,.400,24,29,.828,9,37,46,28,2,3,14,19,122,,,Team Totals,240,.658,.613,.250,.363,25.7,86.0,59.0,62.2,2.1,5.2,13.1,100.0,125.8,113.5,
https://www.basketball-reference.com/boxscores/201902130CLE.html,"7:00 PM, February 13, 2019",Cleveland Cavaliers,Brooklyn Nets,139,148,BRK,,,Team Totals,315,52,113,.460,18,45,.400,26,34,.765,16,44,60,31,4,13,18,23,148,,,Team Totals,315,.578,.540,.398,.301,29.1,71.0,51.3,59.6,3.2,16.7,12.3,100.0,119.7,112.4,
https://www.basketball-reference.com/boxscores/201902130CLE.html,"7:00 PM, February 13, 2019",Cleveland Cavaliers,Brooklyn Nets,139,148,CLE,,,Team Totals,315,54,120,.450,18,42,.429,13,18,.722,18,39,57,35,7,4,15,37,139,,,Team Totals,315,.543,.525,.350,.150,29.0,70.9,48.7,64.8,5.7,5.9,10.5,100.0,112.4,119.7,
https://www.basketball-reference.com/boxscores/201902130DAL.html,"8:30 PM, February 13, 2019",Dallas Mavericks,Miami Heat,101,112,MIA,,,Team Totals,240,44,81,.543,12,30,.400,12,16,.750,7,40,47,24,8,3,19,20,112,,,Team Totals,240,.636,.617,.370,.198,20.0,80.0,55.3,54.5,8.2,8.3,17.8,100.0,114.4,103.2,
https://www.basketball-reference.com/boxscores/201902130DAL.html,"8:30 PM, February 13, 2019",Dallas Mavericks,Miami Heat,101,112,DAL,,,Team Totals,240,34,88,.386,15,52,.288,18,22,.818,10,28,38,24,10,0,12,17,101,,,Team Totals,240,.517,.472,.591,.250,20.0,80.0,44.7,70.6,10.2,0.0,10.9,100.0,103.2,114.4,
https://www.basketball-reference.com/boxscores/201902130DEN.html,"9:00 PM, February 13, 2019",Denver Nuggets,Sacramento Kings,120,118,SAC,,,Team Totals,240,42,93,.452,11,32,.344,23,28,.821,10,34,44,30,12,1,12,23,118,,,Team Totals,240,.560,.511,.344,.301,20.4,70.8,45.4,71.4,11.4,1.5,10.2,100.0,111.7,113.6,
https://www.basketball-reference.com/boxscores/201902130DEN.html,"9:00 PM, February 13, 2019",Denver Nuggets,Sacramento Kings,120,118,DEN,,,Team Totals,240,45,99,.455,8,31,.258,22,25,.880,14,39,53,26,7,1,14,19,120,,,Team Totals,240,.545,.495,.313,.253,29.2,79.6,54.6,57.8,6.6,1.6,11.3,100.0,113.6,111.7,
https://www.basketball-reference.com/boxscores/201902130IND.html,"7:00 PM, February 13, 2019",Indiana Pacers,Milwaukee Bucks,97,106,MIL,,,Team Totals,240,38,86,.442,9,31,.290,21,29,.724,10,42,52,22,7,3,10,14,106,,,Team Totals,240,.537,.494,.360,.337,20.4,91.3,54.7,57.9,7.1,4.9,9.2,100.0,107.4,98.3,
https://www.basketball-reference.com/boxscores/201902130IND.html,"7:00 PM, February 13, 2019",Indiana Pacers,Milwaukee Bucks,97,106,IND,,,Team Totals,240,37,88,.420,10,27,.370,13,15,.867,4,39,43,22,6,4,11,23,97,,,Team Totals,240,.513,.477,.307,.170,8.7,79.6,45.3,59.5,6.1,7.3,10.4,100.0,98.3,107.4,
https://www.basketball-reference.com/boxscores/201902130LAC.html,"10:30 PM, February 13, 2019",Los Angeles Clippers,Phoenix Suns,134,107,PHO,,,Team Totals,240,40,86,.465,8,30,.267,19,25,.760,8,28,36,24,6,4,17,23,107,,,Team Totals,240,.552,.512,.349,.291,18.2,80.0,45.6,60.0,5.9,6.5,14.9,100.0,105.0,131.5,
https://www.basketball-reference.com/boxscores/201902130LAC.html,"10:30 PM, February 13, 2019",Los Angeles Clippers,Phoenix Suns,134,107,LAC,,,Team Totals,240,50,84,.595,11,22,.500,23,30,.767,7,36,43,33,12,9,11,25,134,,,Team Totals,240,.689,.661,.262,.357,20.0,81.8,54.4,66.0,11.8,16.1,10.2,100.0,131.5,105.0,
https://www.basketball-reference.com/boxscores/201902130MIN.html,"8:00 PM, February 13, 2019",Minnesota Timberwolves,Houston Rockets,121,111,HOU,,,Team Totals,240,40,98,.408,19,53,.358,12,13,.923,13,24,37,23,5,2,11,18,111,,,Team Totals,240,.535,.505,.541,.133,27.7,64.9,44.0,57.5,5.3,2.9,9.6,100.0,117.8,128.4,
https://www.basketball-reference.com/boxscores/201902130MIN.html,"8:00 PM, February 13, 2019",Minnesota Timberwolves,Houston Rockets,121,111,MIN,,,Team Totals,240,49,90,.544,10,20,.500,13,17,.765,13,34,47,31,4,5,10,13,121,,,Team Totals,240,.621,.600,.222,.189,35.1,72.3,56.0,63.3,4.2,11.1,9.3,100.0,128.4,117.8,
https://www.basketball-reference.com/boxscores/201902130NYK.html,"7:30 PM, February 13, 2019",New York Knicks,Philadelphia 76ers,111,126,PHI,,,Team Totals,240,42,78,.538,8,23,.348,34,43,.791,6,41,47,33,8,7,15,24,126,,,Team Totals,240,.650,.590,.295,.551,17.1,74.5,52.2,78.6,7.6,9.9,13.4,100.0,120.0,105.7,
https://www.basketball-reference.com/boxscores/201902130NYK.html,"7:30 PM, February 13, 2019",New York Knicks,Philadelphia 76ers,111,126,NYK,,,Team Totals,240,40,100,.400,9,29,.310,22,27,.815,14,29,43,27,8,4,12,27,111,,,Team Totals,240,.496,.445,.290,.270,25.5,82.9,47.8,67.5,7.6,7.3,9.7,100.0,105.7,120.0,
https://www.basketball-reference.com/boxscores/201902130POR.html,"10:30 PM, February 13, 2019",Portland Trail Blazers,Golden State Warriors,129,107,GSW,,,Team Totals,240,39,97,.402,13,38,.342,16,18,.889,18,31,49,26,1,9,9,26,107,,,Team Totals,240,.510,.469,.392,.186,34.6,68.9,50.5,66.7,1.1,16.1,7.9,100.0,115.3,139.0,
https://www.basketball-reference.com/boxscores/201902130POR.html,"10:30 PM, February 13, 2019",Portland Trail Blazers,Golden State Warriors,129,107,POR,,,Team Totals,240,43,93,.462,16,37,.432,27,34,.794,14,34,48,24,3,4,4,16,129,,,Team Totals,240,.597,.548,.398,.366,31.1,65.4,49.5,55.8,3.2,6.8,3.6,100.0,139.0,115.3,
https://www.basketball-reference.com/boxscores/201902130TOR.html,"7:30 PM, February 13, 2019",Toronto Raptors,Washington Wizards,129,120,WAS,,,Team Totals,240,37,84,.440,14,40,.350,32,39,.821,4,39,43,27,6,3,18,28,120,,,Team Totals,240,.593,.524,.476,.464,8.5,81.3,45.3,73.0,5.4,5.6,15.1,100.0,107.8,115.9,
https://www.basketball-reference.com/boxscores/201902130TOR.html,"7:30 PM, February 13, 2019",Toronto Raptors,Washington Wizards,129,120,TOR,,,Team Totals,240,44,92,.478,16,38,.421,25,30,.833,9,43,52,32,8,8,15,27,129,,,Team Totals,240,.613,.565,.413,.326,18.8,91.5,54.7,72.7,7.2,18.2,12.5,100.0,115.9,107.8,
https://www.basketball-reference.com/boxscores/201902140ATL.html,"7:30 PM, February 14, 2019",Atlanta Hawks,New York Knicks,91,106,NYK,,,Team Totals,240,38,84,.452,12,31,.387,18,26,.692,11,41,52,21,9,9,14,22,106,,,Team Totals,240,.555,.524,.369,.310,26.2,80.4,55.9,55.3,9.3,17.0,12.8,100.0,109.3,93.8,
https://www.basketball-reference.com/boxscores/201902140ATL.html,"7:30 PM, February 14, 2019",Atlanta Hawks,New York Knicks,91,106,ATL,,,Team Totals,240,33,91,.363,10,38,.263,15,19,.789,10,31,41,19,8,4,12,24,91,,,Team Totals,240,.458,.418,.418,.209,19.6,73.8,44.1,57.6,8.2,7.5,10.8,100.0,93.8,109.3,
https://www.basketball-reference.com/boxscores/201902140NOP.html,"8:00 PM, February 14, 2019",New Orleans Pelicans,Oklahoma City Thunder,131,122,OKC,,,Team Totals,240,50,106,.472,10,44,.227,12,13,.923,17,31,48,27,8,6,13,21,122,,,Team Totals,240,.546,.519,.415,.123,30.9,70.5,48.5,54.0,7.7,9.1,10.4,100.0,116.7,125.4,
https://www.basketball-reference.com/boxscores/201902140NOP.html,"8:00 PM, February 14, 2019",New Orleans Pelicans,Oklahoma City Thunder,131,122,NOP,,,Team Totals,240,50,92,.543,12,26,.462,19,24,.792,13,38,51,35,7,7,15,15,131,,,Team Totals,240,.639,.609,.283,.261,29.5,69.1,51.5,70.0,6.7,11.3,12.8,100.0,125.4,116.7,
https://www.basketball-reference.com/boxscores/201902140ORL.html,"7:00 PM, February 14, 2019",Orlando Magic,Charlotte Hornets,127,89,CHO,,,Team Totals,240,33,94,.351,4,31,.129,19,26,.731,13,32,45,18,6,4,8,19,89,,,Team Totals,240,.422,.372,.330,.277,23.6,80.0,47.4,54.5,6.2,7.5,7.1,100.0,91.9,131.1,
https://www.basketball-reference.com/boxscores/201902140ORL.html,"7:00 PM, February 14, 2019",Orlando Magic,Charlotte Hornets,127,89,ORL,,,Team Totals,240,48,92,.522,17,39,.436,14,18,.778,8,42,50,32,6,6,7,15,127,,,Team Totals,240,.636,.614,.424,.196,20.0,76.4,52.6,66.7,6.2,9.5,6.5,100.0,131.1,91.9,
https://www.basketball-reference.com/boxscores/201902210BRK.html,"7:30 PM, February 21, 2019",Brooklyn Nets,Portland Trail Blazers,99,113,POR,,,Team Totals,240,46,105,.438,7,32,.219,14,16,.875,19,41,60,19,7,9,14,21,113,,,Team Totals,240,.504,.471,.305,.152,33.9,77.4,55.0,41.3,6.8,16.1,11.1,100.0,110.3,96.7,
https://www.basketball-reference.com/boxscores/201902210BRK.html,"7:30 PM, February 21, 2019",Brooklyn Nets,Portland Trail Blazers,99,113,BRK,,,Team Totals,240,36,92,.391,7,36,.194,20,26,.769,12,37,49,26,4,2,12,19,99,,,Team Totals,240,.479,.429,.391,.283,22.6,66.1,45.0,72.2,3.9,2.7,10.4,100.0,96.7,110.3,
https://www.basketball-reference.com/boxscores/201902210CLE.html,"7:00 PM, February 21, 2019",Cleveland Cavaliers,Phoenix Suns,111,98,PHO,,,Team Totals,240,35,84,.417,10,32,.313,18,25,.720,11,27,38,26,12,6,17,18,98,,,Team Totals,240,.516,.476,.381,.298,21.2,73.0,42.7,74.3,12.1,12.2,15.2,100.0,98.8,111.9,
https://www.basketball-reference.com/boxscores/201902210CLE.html,"7:00 PM, February 21, 2019",Cleveland Cavaliers,Phoenix Suns,111,98,CLE,,,Team Totals,240,42,85,.494,13,36,.361,14,20,.700,10,41,51,34,11,4,18,23,111,,,Team Totals,240,.592,.571,.424,.235,27.0,78.8,57.3,81.0,11.1,7.7,16.1,100.0,111.9,98.8,
https://www.basketball-reference.com/boxscores/201902210GSW.html,"10:30 PM, February 21, 2019",Golden State Warriors,Sacramento Kings,125,123,SAC,,,Team Totals,240,43,99,.434,10,33,.303,27,34,.794,14,38,52,23,10,3,13,24,123,,,Team Totals,240,.540,.485,.333,.343,25.5,82.6,51.5,53.5,9.1,6.3,10.2,100.0,112.1,113.9,
https://www.basketball-reference.com/boxscores/201902210GSW.html,"10:30 PM, February 21, 2019",Golden State Warriors,Sacramento Kings,125,123,GSW,,,Team Totals,240,43,94,.457,19,46,.413,20,24,.833,8,41,49,32,5,11,15,26,125,,,Team Totals,240,.598,.559,.489,.255,17.4,74.5,48.5,74.4,4.6,16.7,12.5,100.0,113.9,112.1,
https://www.basketball-reference.com/boxscores/201902210LAL.html,"10:30 PM, February 21, 2019",Los Angeles Lakers,Houston Rockets,111,106,HOU,,,Team Totals,240,40,88,.455,12,41,.293,14,15,.933,4,35,39,18,8,5,15,28,106,,,Team Totals,240,.560,.523,.466,.170,9.8,74.5,44.3,45.0,7.7,8.9,13.7,100.0,101.9,106.7,
https://www.basketball-reference.com/boxscores/201902210LAL.html,"10:30 PM, February 21, 2019",Los Angeles Lakers,Houston Rockets,111,106,LAL,,,Team Totals,240,38,86,.442,8,30,.267,27,33,.818,12,37,49,22,4,4,18,17,111,,,Team Totals,240,.552,.488,.349,.384,25.5,90.2,55.7,57.9,3.8,8.5,15.2,100.0,106.7,101.9,
https://www.basketball-reference.com/boxscores/201902210MIL.html,"8:00 PM, February 21, 2019",Milwaukee Bucks,Boston Celtics,98,97,BOS,,,Team Totals,240,39,102,.382,14,40,.350,5,6,.833,12,38,50,19,11,9,7,15,97,,,Team Totals,240,.463,.451,.392,.059,20.7,80.9,47.6,48.7,11.2,18.4,6.3,100.0,98.7,99.7,
https://www.basketball-reference.com/boxscores/201902210MIL.html,"8:00 PM, February 21, 2019",Milwaukee Bucks,Boston Celtics,98,97,MIL,,,Team Totals,240,37,88,.420,14,39,.359,10,14,.714,9,46,55,21,5,4,16,11,98,,,Team Totals,240,.520,.500,.443,.159,19.1,79.3,52.4,56.8,5.1,6.5,14.5,100.0,99.7,98.7,
https://www.basketball-reference.com/boxscores/201902210PHI.html,"7:00 PM, February 21, 2019",Philadelphia 76ers,Miami Heat,106,102,MIA,,,Team Totals,240,45,94,.479,6,22,.273,6,12,.500,7,33,40,27,11,4,9,28,102,,,Team Totals,240,.514,.511,.234,.128,15.2,73.3,44.0,60.0,11.1,7.1,8.3,100.0,103.0,107.1,
https://www.basketball-reference.com/boxscores/201902210PHI.html,"7:00 PM, February 21, 2019",Philadelphia 76ers,Miami Heat,106,102,PHI,,,Team Totals,240,37,82,.451,7,26,.269,25,35,.714,12,39,51,23,5,4,15,13,106,,,Team Totals,240,.544,.494,.317,.427,26.7,84.8,56.0,62.2,5.1,5.6,13.3,100.0,107.1,103.0,
https://www.basketball-reference.com/boxscores/201902220ATL.html,"7:30 PM, February 22, 2019",Atlanta Hawks,Detroit Pistons,122,125,DET,,,Team Totals,240,46,95,.484,15,40,.375,18,28,.643,10,34,44,20,11,4,8,21,125,,,Team Totals,240,.582,.563,.421,.295,21.3,77.3,48.4,43.5,10.7,8.7,6.9,100.0,121.5,118.6,
https://www.basketball-reference.com/boxscores/201902220ATL.html,"7:30 PM, February 22, 2019",Atlanta Hawks,Detroit Pistons,122,125,ATL,,,Team Totals,240,43,88,.489,20,42,.476,16,19,.842,10,37,47,21,6,4,18,24,122,,,Team Totals,240,.633,.602,.477,.216,22.7,78.7,51.6,48.8,5.8,7.3,15.7,100.0,118.6,121.5,
https://www.basketball-reference.com/boxscores/201902220CHO.html,"7:00 PM, February 22, 2019",Charlotte Hornets,Washington Wizards,123,110,WAS,,,Team Totals,240,42,97,.433,10,39,.256,16,18,.889,11,32,43,24,6,6,13,20,110,,,Team Totals,240,.524,.485,.402,.186,20.8,74.4,44.8,57.1,5.7,9.5,11.0,100.0,104.7,117.1,
https://www.basketball-reference.com/boxscores/201902220CHO.html,"7:00 PM, February 22, 2019",Charlotte Hornets,Washington Wizards,123,110,CHO,,,Team Totals,240,46,96,.479,13,33,.394,18,22,.818,11,42,53,26,7,6,14,20,123,,,Team Totals,240,.582,.547,.344,.229,25.6,79.2,55.2,56.5,6.7,10.3,11.7,100.0,117.1,104.7,
https://www.basketball-reference.com/boxscores/201902220DAL.html,"8:30 PM, February 22, 2019",Dallas Mavericks,Denver Nuggets,104,114,DEN,,,Team Totals,240,42,103,.408,14,37,.378,16,25,.640,21,42,63,32,11,2,13,26,114,,,Team Totals,240,.500,.476,.359,.243,37.5,85.7,60.0,76.2,10.7,4.7,10.2,100.0,110.6,100.9,
https://www.basketball-reference.com/boxscores/201902220DAL.html,"8:30 PM, February 22, 2019",Dallas Mavericks,Denver Nuggets,104,114,DAL,,,Team Totals,240,34,84,.405,10,41,.244,26,33,.788,7,35,42,19,7,2,15,21,104,,,Team Totals,240,.528,.464,.488,.393,14.3,62.5,40.0,55.9,6.8,3.0,13.2,100.0,100.9,110.6,
https://www.basketball-reference.com/boxscores/201902220IND.html,"7:00 PM, February 22, 2019",Indiana Pacers,New Orleans Pelicans,126,111,NOP,,,Team Totals,240,43,93,.462,8,27,.296,17,30,.567,14,37,51,25,5,5,17,25,111,,,Team Totals,240,.523,.505,.290,.323,28.6,74.0,51.5,58.1,4.7,8.2,13.8,100.0,105.2,119.4,
https://www.basketball-reference.com/boxscores/201902220IND.html,"7:00 PM, February 22, 2019",Indiana Pacers,New Orleans Pelicans,126,111,IND,,,Team Totals,240,44,93,.473,14,32,.438,24,35,.686,13,35,48,28,10,5,11,24,126,,,Team Totals,240,.581,.548,.344,.376,26.0,71.4,48.5,63.6,9.5,7.6,9.2,100.0,119.4,105.2,
https://www.basketball-reference.com/boxscores/201902220MEM.html,"8:00 PM, February 22, 2019",Memphis Grizzlies,Los Angeles Clippers,106,112,LAC,,,Team Totals,240,35,75,.467,6,25,.240,36,42,.857,7,42,49,21,8,4,24,30,112,,,Team Totals,240,.599,.507,.333,.560,20.0,79.2,55.7,60.0,7.6,6.9,20.4,100.0,106.7,101.0,
https://www.basketball-reference.com/boxscores/201902220MEM.html,"8:00 PM, February 22, 2019",Memphis Grizzlies,Los Angeles Clippers,106,112,MEM,,,Team Totals,240,33,90,.367,9,32,.281,31,36,.861,11,28,39,20,10,6,11,31,106,,,Team Totals,240,.501,.417,.356,.400,20.8,80.0,44.3,60.6,9.5,12.0,9.4,100.0,101.0,106.7,
https://www.basketball-reference.com/boxscores/201902220NYK.html,"7:30 PM, February 22, 2019",New York Knicks,Minnesota Timberwolves,104,115,MIN,,,Team Totals,240,41,87,.471,11,24,.458,22,32,.688,7,35,42,22,13,8,13,20,115,,,Team Totals,240,.569,.534,.276,.368,15.2,81.4,47.2,53.7,12.1,14.0,11.4,100.0,107.4,97.1,
https://www.basketball-reference.com/boxscores/201902220NYK.html,"7:30 PM, February 22, 2019",New York Knicks,Minnesota Timberwolves,104,115,NYK,,,Team Totals,240,37,86,.430,11,29,.379,19,24,.792,8,39,47,15,9,8,23,22,104,,,Team Totals,240,.539,.494,.337,.279,18.6,84.8,52.8,40.5,8.4,12.7,19.2,100.0,97.1,107.4,
https://www.basketball-reference.com/boxscores/201902220OKC.html,"9:30 PM, February 22, 2019",Oklahoma City Thunder,Utah Jazz,148,147,UTA,,,Team Totals,290,52,105,.495,18,40,.450,25,31,.806,15,46,61,33,8,10,25,25,147,,,Team Totals,290,.620,.581,.381,.295,31.9,80.7,58.7,63.5,6.4,13.5,17.4,100.0,117.5,118.3,
https://www.basketball-reference.com/boxscores/201902220OKC.html,"9:30 PM, February 22, 2019",Oklahoma City Thunder,Utah Jazz,148,147,OKC,,,Team Totals,290,55,118,.466,18,44,.409,20,25,.800,11,32,43,29,16,5,11,29,148,,,Team Totals,290,.574,.542,.373,.212,19.3,68.1,41.3,52.7,12.8,7.7,7.9,100.0,118.3,117.5,
https://www.basketball-reference.com/boxscores/201902220ORL.html,"7:00 PM, February 22, 2019",Orlando Magic,Chicago Bulls,109,110,CHI,,,Team Totals,240,40,90,.444,12,29,.414,18,19,.947,6,33,39,18,8,4,8,19,110,,,Team Totals,240,.559,.511,.322,.211,13.6,80.5,45.9,45.0,8.2,8.5,7.5,100.0,113.1,112.1,
https://www.basketball-reference.com/boxscores/201902220ORL.html,"7:00 PM, February 22, 2019",Orlando Magic,Chicago Bulls,109,110,ORL,,,Team Totals,240,41,81,.506,14,34,.412,13,24,.542,8,38,46,25,4,6,14,14,109,,,Team Totals,240,.595,.593,.420,.296,19.5,86.4,54.1,61.0,4.1,9.8,13.3,100.0,112.1,113.1,
https://www.basketball-reference.com/boxscores/201902220TOR.html,"7:00 PM, February 22, 2019",Toronto Raptors,San Antonio Spurs,120,117,SAS,,,Team Totals,240,43,89,.483,12,37,.324,19,22,.864,9,39,48,27,7,6,14,22,117,,,Team Totals,240,.593,.551,.416,.247,21.4,73.6,50.5,62.8,6.9,9.4,12.4,100.0,116.0,118.9,
https://www.basketball-reference.com/boxscores/201902220TOR.html,"7:00 PM, February 22, 2019",Toronto Raptors,San Antonio Spurs,120,117,TOR,,,Team Totals,240,40,94,.426,14,30,.467,26,32,.813,14,33,47,24,8,3,9,20,120,,,Team Totals,240,.555,.500,.319,.340,26.4,78.6,49.5,60.0,7.9,5.8,7.7,100.0,118.9,116.0,
https://www.basketball-reference.com/boxscores/201902230ATL.html,"7:00 PM, February 23, 2019",Atlanta Hawks,Phoenix Suns,120,112,PHO,,,Team Totals,240,41,93,.441,13,37,.351,17,20,.850,6,35,41,25,9,4,12,29,112,,,Team Totals,240,.550,.511,.398,.215,13.6,74.5,45.1,61.0,8.5,6.8,10.5,100.0,105.7,113.3,
https://www.basketball-reference.com/boxscores/201902230ATL.html,"7:00 PM, February 23, 2019",Atlanta Hawks,Phoenix Suns,120,112,ATL,,,Team Totals,240,38,92,.413,12,33,.364,32,38,.842,12,38,50,22,8,9,14,22,120,,,Team Totals,240,.552,.478,.359,.413,25.5,86.4,54.9,57.9,7.6,16.1,11.4,100.0,113.3,105.7,
https://www.basketball-reference.com/boxscores/201902230CHI.html,"8:00 PM, February 23, 2019",Chicago Bulls,Boston Celtics,126,116,BOS,,,Team Totals,240,45,92,.489,10,29,.345,16,21,.762,6,26,32,26,6,7,7,18,116,,,Team Totals,240,.573,.543,.315,.228,13.6,70.3,39.5,57.8,6.1,12.1,6.5,100.0,117.8,128.0,
https://www.basketball-reference.com/boxscores/201902230CHI.html,"8:00 PM, February 23, 2019",Chicago Bulls,Boston Celtics,126,116,CHI,,,Team Totals,240,47,88,.534,12,30,.400,20,21,.952,11,38,49,26,4,2,13,22,126,,,Team Totals,240,.648,.602,.341,.239,29.7,86.4,60.5,55.3,4.1,3.2,11.8,100.0,128.0,117.8,
https://www.basketball-reference.com/boxscores/201902230CHO.html,"7:00 PM, February 23, 2019",Charlotte Hornets,Brooklyn Nets,115,117,BRK,,,Team Totals,240,40,87,.460,17,43,.395,20,26,.769,11,31,42,23,5,6,13,26,117,,,Team Totals,240,.594,.557,.494,.299,26.8,72.1,50.0,57.5,5.2,11.8,11.7,100.0,121.3,119.2,
https://www.basketball-reference.com/boxscores/201902230CHO.html,"7:00 PM, February 23, 2019",Charlotte Hornets,Brooklyn Nets,115,117,CHO,,,Team Totals,240,39,86,.453,12,35,.343,25,30,.833,12,30,42,15,4,5,12,23,115,,,Team Totals,240,.580,.523,.407,.349,27.9,73.2,50.0,38.5,4.1,11.4,10.8,100.0,119.2,121.3,
https://www.basketball-reference.com/boxscores/201902230CLE.html,"7:00 PM, February 23, 2019",Cleveland Cavaliers,Memphis Grizzlies,112,107,MEM,,,Team Totals,240,40,90,.444,5,25,.200,22,28,.786,15,28,43,18,7,6,12,21,107,,,Team Totals,240,.523,.472,.278,.311,28.3,66.7,45.3,45.0,7.1,13.0,10.5,100.0,108.7,113.8,
https://www.basketball-reference.com/boxscores/201902230CLE.html,"7:00 PM, February 23, 2019",Cleveland Cavaliers,Memphis Grizzlies,112,107,CLE,,,Team Totals,240,39,88,.443,16,42,.381,18,23,.783,14,38,52,25,6,3,19,26,112,,,Team Totals,240,.571,.534,.477,.261,33.3,71.7,54.7,64.1,6.1,4.6,16.2,100.0,113.8,108.7,
https://www.basketball-reference.com/boxscores/201902230GSW.html,"8:30 PM, February 23, 2019",Golden State Warriors,Houston Rockets,112,118,HOU,,,Team Totals,240,40,92,.435,16,43,.372,22,24,.917,12,37,49,26,13,7,15,23,118,,,Team Totals,240,.575,.522,.467,.261,25.0,80.4,52.1,65.0,12.5,13.0,12.8,100.0,113.1,107.4,
https://www.basketball-reference.com/boxscores/201902230GSW.html,"8:30 PM, February 23, 2019",Golden State Warriors,Houston Rockets,112,118,GSW,,,Team Totals,240,42,90,.467,14,36,.389,14,20,.700,9,36,45,26,9,10,18,19,112,,,Team Totals,240,.567,.544,.400,.222,19.6,75.0,47.9,61.9,8.6,20.4,15.4,100.0,107.4,113.1,
https://www.basketball-reference.com/boxscores/201902230MIA.html,"7:30 PM, February 23, 2019",Miami Heat,Detroit Pistons,96,119,DET,,,Team Totals,240,42,80,.525,14,33,.424,21,26,.808,7,34,41,21,6,5,14,24,119,,,Team Totals,240,.651,.613,.413,.325,22.6,79.1,55.4,50.0,6.3,9.3,13.3,100.0,124.9,100.8,
https://www.basketball-reference.com/boxscores/201902230MIA.html,"7:30 PM, February 23, 2019",Miami Heat,Detroit Pistons,96,119,MIA,,,Team Totals,240,35,82,.427,7,28,.250,19,27,.704,9,24,33,18,6,6,13,22,96,,,Team Totals,240,.511,.470,.341,.329,20.9,77.4,44.6,51.4,6.3,12.8,12.2,100.0,100.8,124.9,
https://www.basketball-reference.com/boxscores/201902230MIL.html,"8:30 PM, February 23, 2019",Milwaukee Bucks,Minnesota Timberwolves,140,128,MIN,,,Team Totals,240,50,102,.490,12,26,.462,16,20,.800,12,29,41,29,7,2,10,16,128,,,Team Totals,240,.578,.549,.255,.196,23.5,74.4,45.6,58.0,6.7,3.8,8.3,100.0,122.3,133.7,
https://www.basketball-reference.com/boxscores/201902230MIL.html,"8:30 PM, February 23, 2019",Milwaukee Bucks,Minnesota Timberwolves,140,128,MIL,,,Team Totals,240,50,95,.526,19,43,.442,21,22,.955,10,39,49,28,6,8,11,17,140,,,Team Totals,240,.669,.626,.453,.232,25.6,76.5,54.4,56.0,5.7,10.5,9.5,100.0,133.7,122.3,
https://www.basketball-reference.com/boxscores/201902230NOP.html,"7:00 PM, February 23, 2019",New Orleans Pelicans,Los Angeles Lakers,128,115,LAL,,,Team Totals,240,44,81,.543,10,29,.345,17,26,.654,6,33,39,33,10,3,23,21,115,,,Team Totals,240,.622,.605,.358,.321,15.8,78.6,48.8,75.0,9.2,5.4,19.9,100.0,105.5,117.4,
https://www.basketball-reference.com/boxscores/201902230NOP.html,"7:00 PM, February 23, 2019",New Orleans Pelicans,Los Angeles Lakers,128,115,NOP,,,Team Totals,240,50,96,.521,15,40,.375,13,16,.813,9,32,41,31,14,4,18,21,128,,,Team Totals,240,.621,.599,.417,.167,21.4,84.2,51.3,62.0,12.8,7.7,14.9,100.0,117.4,105.5,
https://www.basketball-reference.com/boxscores/201902230OKC.html,"8:00 PM, February 23, 2019",Oklahoma City Thunder,Sacramento Kings,116,119,SAC,,,Team Totals,240,44,97,.454,7,19,.368,24,34,.706,7,40,47,24,7,7,9,21,119,,,Team Totals,240,.531,.490,.196,.351,14.0,71.4,44.3,54.5,6.3,11.9,7.4,100.0,107.2,104.5,
https://www.basketball-reference.com/boxscores/201902230OKC.html,"8:00 PM, February 23, 2019",Oklahoma City Thunder,Sacramento Kings,116,119,OKC,,,Team Totals,240,40,105,.381,14,46,.304,22,28,.786,16,43,59,17,2,6,14,26,116,,,Team Totals,240,.494,.448,.438,.267,28.6,86.0,55.7,42.5,1.8,7.7,10.7,100.0,104.5,107.2,
https://www.basketball-reference.com/boxscores/201902230PHI.html,"1:00 PM, February 23, 2019",Philadelphia 76ers,Portland Trail Blazers,115,130,POR,,,Team Totals,240,49,99,.495,5,23,.217,27,29,.931,19,34,53,29,8,6,11,23,130,,,Team Totals,240,.582,.520,.232,.293,42.2,82.9,61.6,59.2,8.0,9.5,9.0,100.0,130.0,115.0,
https://www.basketball-reference.com/boxscores/201902230PHI.html,"1:00 PM, February 23, 2019",Philadelphia 76ers,Portland Trail Blazers,115,130,PHI,,,Team Totals,240,42,87,.483,9,24,.375,22,28,.786,7,26,33,28,5,5,11,23,115,,,Team Totals,240,.579,.534,.276,.322,17.1,57.8,38.4,66.7,5.0,6.6,10.0,100.0,115.0,130.0,
https://www.basketball-reference.com/boxscores/201902230UTA.html,"10:00 PM, February 23, 2019",Utah Jazz,Dallas Mavericks,125,109,DAL,,,Team Totals,240,41,97,.423,13,36,.361,14,18,.778,8,34,42,25,2,3,3,28,109,,,Team Totals,240,.519,.490,.371,.186,15.1,81.0,44.2,61.0,2.1,6.4,2.8,100.0,112.1,128.6,
https://www.basketball-reference.com/boxscores/201902230UTA.html,"10:00 PM, February 23, 2019",Utah Jazz,Dallas Mavericks,125,109,UTA,,,Team Totals,240,41,85,.482,14,38,.368,29,33,.879,8,45,53,28,2,9,7,21,125,,,Team Totals,240,.628,.565,.447,.388,19.0,84.9,55.8,68.3,2.1,14.8,6.6,100.0,128.6,112.1,
https://www.basketball-reference.com/boxscores/201902230WAS.html,"7:00 PM, February 23, 2019",Washington Wizards,Indiana Pacers,112,119,IND,,,Team Totals,240,47,83,.566,11,25,.440,14,22,.636,12,29,41,29,13,0,23,21,119,,,Team Totals,240,.642,.633,.301,.265,33.3,78.4,56.2,61.7,12.8,0.0,19.9,100.0,117.4,110.5,
https://www.basketball-reference.com/boxscores/201902230WAS.html,"7:00 PM, February 23, 2019",Washington Wizards,Indiana Pacers,112,119,WAS,,,Team Totals,240,42,79,.532,13,35,.371,15,21,.714,8,24,32,27,15,5,22,23,112,,,Team Totals,240,.635,.614,.443,.266,21.6,66.7,43.8,64.3,14.8,8.6,20.0,100.0,110.5,117.4,
https://www.basketball-reference.com/boxscores/201902240DEN.html,"5:00 PM, February 24, 2019",Denver Nuggets,Los Angeles Clippers,123,96,LAC,,,Team Totals,240,30,87,.345,3,21,.143,33,37,.892,7,31,38,20,9,7,17,27,96,,,Team Totals,240,.465,.362,.241,.425,13.7,72.1,40.4,66.7,8.2,13.7,14.1,100.0,87.2,111.7,
https://www.basketball-reference.com/boxscores/201902240DEN.html,"5:00 PM, February 24, 2019",Denver Nuggets,Los Angeles Clippers,123,96,DEN,,,Team Totals,240,44,85,.518,12,34,.353,23,35,.657,12,44,56,30,11,6,23,28,123,,,Team Totals,240,.613,.588,.400,.412,27.9,86.3,59.6,68.2,10.0,9.1,18.6,100.0,111.7,87.2,
https://www.basketball-reference.com/boxscores/201902240NYK.html,"7:30 PM, February 24, 2019",New York Knicks,San Antonio Spurs,130,118,SAS,,,Team Totals,240,42,94,.447,6,24,.250,28,31,.903,14,36,50,18,3,4,7,20,118,,,Team Totals,240,.548,.479,.255,.330,27.5,75.0,50.5,42.9,3.0,6.6,6.1,100.0,119.3,131.4,
https://www.basketball-reference.com/boxscores/201902240NYK.html,"7:30 PM, February 24, 2019",New York Knicks,San Antonio Spurs,130,118,NYK,,,Team Totals,240,50,98,.510,16,37,.432,14,19,.737,12,37,49,25,3,7,7,27,130,,,Team Totals,240,.611,.592,.378,.194,25.0,72.5,49.5,50.0,3.0,10.0,6.2,100.0,131.4,119.3,
https://www.basketball-reference.com/boxscores/201902240TOR.html,"3:30 PM, February 24, 2019",Toronto Raptors,Orlando Magic,98,113,ORL,,,Team Totals,240,42,91,.462,14,36,.389,15,20,.750,12,40,52,29,6,8,13,16,113,,,Team Totals,240,.566,.538,.396,.220,25.0,87.0,55.3,69.0,6.0,12.7,11.5,100.0,112.4,97.5,
https://www.basketball-reference.com/boxscores/201902240TOR.html,"3:30 PM, February 24, 2019",Toronto Raptors,Orlando Magic,98,113,TOR,,,Team Totals,240,38,91,.418,11,28,.393,11,14,.786,6,36,42,30,6,2,13,20,98,,,Team Totals,240,.504,.478,.308,.154,13.0,75.0,44.7,78.9,6.0,3.6,11.8,100.0,97.5,112.4,
https://www.basketball-reference.com/boxscores/201902250BRK.html,"7:30 PM, February 25, 2019",Brooklyn Nets,San Antonio Spurs,101,85,SAS,,,Team Totals,240,35,96,.365,4,24,.167,11,12,.917,10,37,47,14,6,6,11,13,85,,,Team Totals,240,.420,.385,.250,.125,18.2,86.0,48.0,40.0,6.1,19.4,9.8,100.0,86.5,102.8,
https://www.basketball-reference.com/boxscores/201902250BRK.html,"7:30 PM, February 25, 2019",Brooklyn Nets,San Antonio Spurs,101,85,BRK,,,Team Totals,240,35,81,.432,19,50,.380,12,16,.750,6,45,51,24,5,5,16,15,101,,,Team Totals,240,.574,.549,.617,.198,14.0,81.8,52.0,68.6,5.1,6.9,15.4,100.0,102.8,86.5,
https://www.basketball-reference.com/boxscores/201902250CHI.html,"8:00 PM, February 25, 2019",Chicago Bulls,Milwaukee Bucks,106,117,MIL,,,Team Totals,240,42,91,.462,17,49,.347,16,23,.696,8,37,45,26,3,6,8,22,117,,,Team Totals,240,.579,.555,.538,.253,18.6,86.0,52.3,61.9,3.0,9.1,7.3,100.0,117.8,106.7,
https://www.basketball-reference.com/boxscores/201902250CHI.html,"8:00 PM, February 25, 2019",Chicago Bulls,Milwaukee Bucks,106,117,CHI,,,Team Totals,240,41,92,.446,9,26,.346,15,22,.682,6,35,41,31,3,3,7,18,106,,,Team Totals,240,.521,.495,.283,.239,14.0,81.4,47.7,75.6,3.0,7.1,6.4,100.0,106.7,117.8,
https://www.basketball-reference.com/boxscores/201902250CHO.html,"7:00 PM, February 25, 2019",Charlotte Hornets,Golden State Warriors,110,121,GSW,,,Team Totals,240,48,95,.505,14,41,.341,11,13,.846,13,36,49,35,9,8,15,18,121,,,Team Totals,240,.601,.579,.432,.137,31.0,80.0,56.3,72.9,8.9,13.8,13.0,100.0,119.7,108.8,
https://www.basketball-reference.com/boxscores/201902250CHO.html,"7:00 PM, February 25, 2019",Charlotte Hornets,Golden State Warriors,110,121,CHO,,,Team Totals,240,40,91,.440,7,33,.212,23,26,.885,9,29,38,23,13,6,12,11,110,,,Team Totals,240,.537,.478,.363,.286,20.0,69.0,43.7,57.5,12.9,11.1,10.5,100.0,108.8,119.7,
https://www.basketball-reference.com/boxscores/201902250CLE.html,"7:00 PM, February 25, 2019",Cleveland Cavaliers,Portland Trail Blazers,110,123,POR,,,Team Totals,240,44,78,.564,18,29,.621,17,22,.773,6,39,45,26,5,6,13,24,123,,,Team Totals,240,.701,.679,.372,.282,18.2,75.0,52.9,59.1,5.4,10.9,12.9,100.0,131.8,117.9,
https://www.basketball-reference.com/boxscores/201902250CLE.html,"7:00 PM, February 25, 2019",Cleveland Cavaliers,Portland Trail Blazers,110,123,CLE,,,Team Totals,240,37,89,.416,13,34,.382,23,26,.885,13,27,40,22,4,1,8,20,110,,,Team Totals,240,.548,.489,.382,.292,25.0,81.8,47.1,59.5,4.3,2.0,7.4,100.0,117.9,131.8,
https://www.basketball-reference.com/boxscores/201902250DET.html,"7:00 PM, February 25, 2019",Detroit Pistons,Indiana Pacers,113,109,IND,,,Team Totals,240,40,87,.460,10,26,.385,19,21,.905,12,30,42,23,8,8,11,23,109,,,Team Totals,240,.566,.517,.299,.241,27.3,66.7,47.2,57.5,8.6,17.0,10.3,100.0,117.5,121.8,
https://www.basketball-reference.com/boxscores/201902250DET.html,"7:00 PM, February 25, 2019",Detroit Pistons,Indiana Pacers,113,109,DET,,,Team Totals,240,39,88,.443,18,41,.439,17,26,.654,15,32,47,28,8,4,12,20,113,,,Team Totals,240,.568,.545,.466,.295,33.3,72.7,52.8,71.8,8.6,6.6,10.8,100.0,121.8,117.5,
https://www.basketball-reference.com/boxscores/201902250HOU.html,"8:00 PM, February 25, 2019",Houston Rockets,Atlanta Hawks,119,111,ATL,,,Team Totals,240,39,80,.488,17,38,.447,16,23,.696,10,31,41,21,6,6,17,24,111,,,Team Totals,240,.616,.594,.475,.288,28.6,72.1,52.6,53.8,6.2,15.4,15.9,100.0,114.2,122.4,
https://www.basketball-reference.com/boxscores/201902250HOU.html,"8:00 PM, February 25, 2019",Houston Rockets,Atlanta Hawks,119,111,HOU,,,Team Totals,240,39,90,.433,15,51,.294,26,30,.867,12,25,37,24,11,4,14,18,119,,,Team Totals,240,.577,.517,.567,.333,27.9,71.4,47.4,61.5,11.3,9.5,11.9,100.0,122.4,114.2,
https://www.basketball-reference.com/boxscores/201902250LAC.html,"10:30 PM, February 25, 2019",Los Angeles Clippers,Dallas Mavericks,121,112,DAL,,,Team Totals,240,37,76,.487,14,36,.389,24,27,.889,7,38,45,28,3,9,17,20,112,,,Team Totals,240,.637,.579,.474,.355,18.4,80.9,52.9,75.7,3.0,16.4,16.2,100.0,113.1,122.2,
https://www.basketball-reference.com/boxscores/201902250LAC.html,"10:30 PM, February 25, 2019",Los Angeles Clippers,Dallas Mavericks,121,112,LAC,,,Team Totals,240,45,100,.450,17,45,.378,14,18,.778,9,31,40,33,11,4,6,22,121,,,Team Totals,240,.561,.535,.450,.180,19.1,81.6,47.1,73.3,11.1,10.0,5.3,100.0,122.2,113.1,
https://www.basketball-reference.com/boxscores/201902250MEM.html,"8:00 PM, February 25, 2019",Memphis Grizzlies,Los Angeles Lakers,110,105,LAL,,,Team Totals,240,40,89,.449,10,27,.370,15,20,.750,10,36,46,25,8,5,17,28,105,,,Team Totals,240,.537,.506,.303,.225,19.2,70.6,44.7,62.5,7.8,8.8,14.8,100.0,102.6,107.4,
https://www.basketball-reference.com/boxscores/201902250MEM.html,"8:00 PM, February 25, 2019",Memphis Grizzlies,Los Angeles Lakers,110,105,MEM,,,Team Totals,240,41,93,.441,9,36,.250,19,23,.826,15,42,57,20,7,5,15,21,110,,,Team Totals,240,.533,.489,.387,.247,29.4,80.8,55.3,48.8,6.8,8.1,12.7,100.0,107.4,102.6,
https://www.basketball-reference.com/boxscores/201902250MIA.html,"7:30 PM, February 25, 2019",Miami Heat,Phoenix Suns,121,124,PHO,,,Team Totals,240,45,89,.506,13,32,.406,21,25,.840,7,32,39,30,9,1,14,20,124,,,Team Totals,240,.620,.579,.360,.281,18.9,69.6,47.0,66.7,8.7,1.5,12.3,100.0,119.7,116.8,
https://www.basketball-reference.com/boxscores/201902250MIA.html,"7:30 PM, February 25, 2019",Miami Heat,Phoenix Suns,121,124,MIA,,,Team Totals,240,48,97,.495,9,29,.310,16,20,.800,14,30,44,31,10,4,14,20,121,,,Team Totals,240,.572,.541,.299,.206,30.4,81.1,53.0,64.6,9.7,7.0,11.7,100.0,116.8,119.7,
https://www.basketball-reference.com/boxscores/201902250MIN.html,"8:00 PM, February 25, 2019",Minnesota Timberwolves,Sacramento Kings,112,105,SAC,,,Team Totals,240,37,95,.389,9,26,.346,22,29,.759,14,30,44,20,13,2,20,27,105,,,Team Totals,240,.487,.437,.274,.305,25.0,81.1,47.3,54.1,11.9,3.8,15.7,100.0,95.9,102.3,
https://www.basketball-reference.com/boxscores/201902250MIN.html,"8:00 PM, February 25, 2019",Minnesota Timberwolves,Sacramento Kings,112,105,MIN,,,Team Totals,240,42,83,.506,8,31,.258,20,28,.714,7,42,49,23,10,6,22,28,112,,,Team Totals,240,.587,.554,.373,.337,18.9,75.0,52.7,54.8,9.1,8.7,18.8,100.0,102.3,95.9,
https://www.basketball-reference.com/boxscores/201902250NOP.html,"8:00 PM, February 25, 2019",New Orleans Pelicans,Philadelphia 76ers,110,111,PHI,,,Team Totals,240,44,101,.436,10,31,.323,13,19,.684,15,43,58,23,9,8,20,19,111,,,Team Totals,240,.507,.485,.307,.188,27.3,75.4,51.8,52.3,8.0,10.5,15.5,100.0,99.2,98.3,
https://www.basketball-reference.com/boxscores/201902250NOP.html,"8:00 PM, February 25, 2019",New Orleans Pelicans,Philadelphia 76ers,110,111,NOP,,,Team Totals,240,44,104,.423,5,28,.179,17,24,.708,14,40,54,29,15,8,14,19,110,,,Team Totals,240,.480,.447,.269,.231,24.6,72.7,48.2,65.9,13.4,11.4,10.9,100.0,98.3,99.2,
https://www.basketball-reference.com/boxscores/201902260DEN.html,"10:30 PM, February 26, 2019",Denver Nuggets,Oklahoma City Thunder,121,112,OKC,,,Team Totals,240,43,95,.453,10,38,.263,16,25,.640,14,32,46,31,10,5,17,34,112,,,Team Totals,240,.528,.505,.400,.263,28.0,74.4,49.5,72.1,9.4,8.3,13.8,100.0,104.9,113.3,
https://www.basketball-reference.com/boxscores/201902260DEN.html,"10:30 PM, February 26, 2019",Denver Nuggets,Oklahoma City Thunder,121,112,DEN,,,Team Totals,240,41,88,.466,13,28,.464,26,35,.743,11,36,47,28,9,4,18,28,121,,,Team Totals,240,.585,.540,.318,.398,25.6,72.0,50.5,68.3,8.4,7.0,14.8,100.0,113.3,104.9,
https://www.basketball-reference.com/boxscores/201902260NYK.html,"7:30 PM, February 26, 2019",New York Knicks,Orlando Magic,108,103,ORL,,,Team Totals,240,39,89,.438,11,32,.344,14,20,.700,12,35,47,26,6,7,16,21,103,,,Team Totals,240,.527,.500,.360,.225,24.5,71.4,48.0,66.7,6.1,10.8,14.1,100.0,105.0,110.1,
https://www.basketball-reference.com/boxscores/201902260NYK.html,"7:30 PM, February 26, 2019",New York Knicks,Orlando Magic,108,103,NYK,,,Team Totals,240,38,89,.427,7,24,.292,25,32,.781,14,37,51,17,11,7,10,15,108,,,Team Totals,240,.524,.466,.270,.360,28.6,75.5,52.0,44.7,11.2,12.3,8.8,100.0,110.1,105.0,
https://www.basketball-reference.com/boxscores/201902260TOR.html,"8:00 PM, February 26, 2019",Toronto Raptors,Boston Celtics,118,95,BOS,,,Team Totals,240,33,86,.384,6,30,.200,23,28,.821,10,37,47,24,6,4,14,20,95,,,Team Totals,240,.483,.419,.349,.326,21.3,82.2,51.1,72.7,6.0,6.9,12.5,100.0,95.7,118.8,
https://www.basketball-reference.com/boxscores/201902260TOR.html,"8:00 PM, February 26, 2019",Toronto Raptors,Boston Celtics,118,95,TOR,,,Team Totals,240,46,94,.489,17,36,.472,9,14,.643,8,37,45,33,7,5,9,24,118,,,Team Totals,240,.589,.580,.383,.149,17.8,78.7,48.9,71.7,7.0,8.9,8.2,100.0,118.8,95.7,
https://www.basketball-reference.com/boxscores/201902270ATL.html,"7:30 PM, February 27, 2019",Atlanta Hawks,Minnesota Timberwolves,131,123,MIN,,,Team Totals,265,44,102,.431,12,38,.316,23,33,.697,9,38,47,29,8,7,7,24,123,,,Team Totals,265,.528,.490,.373,.324,16.1,67.9,42.0,65.9,7.2,8.9,5.7,100.0,110.0,117.1,
https://www.basketball-reference.com/boxscores/201902270ATL.html,"7:30 PM, February 27, 2019",Atlanta Hawks,Minnesota Timberwolves,131,123,ATL,,,Team Totals,265,46,108,.426,12,29,.414,27,32,.844,18,47,65,32,1,6,12,25,131,,,Team Totals,265,.537,.481,.269,.296,32.1,83.9,58.0,69.6,0.9,9.4,8.9,100.0,117.1,110.0,
https://www.basketball-reference.com/boxscores/201902270BOS.html,"8:00 PM, February 27, 2019",Boston Celtics,Portland Trail Blazers,92,97,POR,,,Team Totals,240,38,90,.422,6,33,.182,15,20,.750,13,35,48,14,11,2,12,15,97,,,Team Totals,240,.491,.456,.367,.222,28.3,81.4,53.9,36.8,11.5,3.4,10.8,100.0,101.0,95.8,
https://www.basketball-reference.com/boxscores/201902270BOS.html,"8:00 PM, February 27, 2019",Boston Celtics,Portland Trail Blazers,92,97,BOS,,,Team Totals,240,40,86,.465,5,28,.179,7,10,.700,8,33,41,20,5,4,17,20,92,,,Team Totals,240,.509,.494,.326,.116,18.6,71.7,46.1,50.0,5.2,7.0,15.8,100.0,95.8,101.0,
https://www.basketball-reference.com/boxscores/201902270BRK.html,"7:30 PM, February 27, 2019",Brooklyn Nets,Washington Wizards,116,125,WAS,,,Team Totals,240,44,96,.458,11,37,.297,26,31,.839,17,40,57,34,10,4,19,30,125,,,Team Totals,240,.570,.516,.385,.323,33.3,85.1,58.2,77.3,9.2,8.0,14.8,100.0,114.6,106.4,
https://www.basketball-reference.com/boxscores/201902270BRK.html,"7:30 PM, February 27, 2019",Brooklyn Nets,Washington Wizards,116,125,BRK,,,Team Totals,240,39,85,.459,8,35,.229,30,39,.769,7,34,41,20,7,3,16,27,116,,,Team Totals,240,.568,.506,.412,.459,14.9,66.7,41.8,51.3,6.4,5.1,13.5,100.0,106.4,114.6,
https://www.basketball-reference.com/boxscores/201902270CHO.html,"7:00 PM, February 27, 2019",Charlotte Hornets,Houston Rockets,113,118,HOU,,,Team Totals,240,42,91,.462,13,39,.333,21,24,.875,7,30,37,23,11,3,10,22,118,,,Team Totals,240,.581,.533,.429,.264,14.9,78.9,43.5,54.8,10.7,6.0,9.0,100.0,115.3,110.4,
https://www.basketball-reference.com/boxscores/201902270CHO.html,"7:00 PM, February 27, 2019",Charlotte Hornets,Houston Rockets,113,118,CHO,,,Team Totals,240,39,83,.470,12,33,.364,23,27,.852,8,40,48,25,9,5,18,22,113,,,Team Totals,240,.595,.542,.398,.325,21.1,85.1,56.5,64.1,8.8,9.6,15.9,100.0,110.4,115.3,
https://www.basketball-reference.com/boxscores/201902270DAL.html,"8:30 PM, February 27, 2019",Dallas Mavericks,Indiana Pacers,110,101,IND,,,Team Totals,240,37,77,.481,10,28,.357,17,21,.810,6,32,38,19,10,3,15,23,101,,,Team Totals,240,.586,.545,.364,.273,15.8,76.2,47.5,51.4,10.5,6.8,14.8,100.0,106.1,115.5,
https://www.basketball-reference.com/boxscores/201902270DAL.html,"8:30 PM, February 27, 2019",Dallas Mavericks,Indiana Pacers,110,101,DAL,,,Team Totals,240,40,81,.494,16,37,.432,14,23,.609,10,32,42,27,11,1,17,22,110,,,Team Totals,240,.604,.593,.457,.284,23.8,84.2,52.5,67.5,11.6,2.0,15.7,100.0,115.5,106.1,
https://www.basketball-reference.com/boxscores/201902270LAL.html,"10:30 PM, February 27, 2019",Los Angeles Lakers,New Orleans Pelicans,125,119,NOP,,,Team Totals,240,46,102,.451,7,35,.200,20,27,.741,14,38,52,31,6,3,13,27,119,,,Team Totals,240,.522,.485,.343,.265,29.8,86.4,57.1,67.4,5.6,4.3,10.2,100.0,110.3,115.9,
https://www.basketball-reference.com/boxscores/201902270LAL.html,"10:30 PM, February 27, 2019",Los Angeles Lakers,New Orleans Pelicans,125,119,LAL,,,Team Totals,240,49,94,.521,8,25,.320,19,31,.613,6,33,39,37,7,8,8,22,125,,,Team Totals,240,.581,.564,.266,.330,13.6,70.2,42.9,75.5,6.5,11.9,6.9,100.0,115.9,110.3,
https://www.basketball-reference.com/boxscores/201902270MEM.html,"8:00 PM, February 27, 2019",Memphis Grizzlies,Chicago Bulls,107,109,CHI,,,Team Totals,240,39,82,.476,8,24,.333,23,25,.920,7,35,42,20,12,9,15,20,109,,,Team Totals,240,.586,.524,.293,.305,17.1,74.5,47.7,51.3,11.9,13.4,13.9,100.0,108.0,106.0,
https://www.basketball-reference.com/boxscores/201902270MEM.html,"8:00 PM, February 27, 2019",Memphis Grizzlies,Chicago Bulls,107,109,MEM,,,Team Totals,240,41,94,.436,9,27,.333,16,18,.889,12,34,46,25,7,5,16,17,107,,,Team Totals,240,.525,.484,.287,.191,25.5,82.9,52.3,61.0,6.9,8.6,13.6,100.0,106.0,108.0,
https://www.basketball-reference.com/boxscores/201902270MIA.html,"7:30 PM, February 27, 2019",Miami Heat,Golden State Warriors,126,125,GSW,,,Team Totals,240,44,89,.494,17,48,.354,20,28,.714,8,29,37,21,7,3,10,21,125,,,Team Totals,240,.617,.590,.539,.315,18.2,70.7,43.5,47.7,7.1,7.1,9.0,100.0,126.5,127.5,
https://www.basketball-reference.com/boxscores/201902270MIA.html,"7:30 PM, February 27, 2019",Miami Heat,Golden State Warriors,126,125,MIA,,,Team Totals,240,42,83,.506,18,41,.439,24,30,.800,12,36,48,20,4,6,14,31,126,,,Team Totals,240,.655,.614,.494,.361,29.3,81.8,56.5,47.6,4.0,14.6,12.7,100.0,127.5,126.5,
https://www.basketball-reference.com/boxscores/201902270SAC.html,"10:00 PM, February 27, 2019",Sacramento Kings,Milwaukee Bucks,140,141,MIL,,,Team Totals,265,54,112,.482,17,45,.378,16,21,.762,11,46,57,36,3,14,11,18,141,,,Team Totals,265,.581,.558,.402,.188,20.4,75.4,49.6,66.7,2.5,16.5,8.3,100.0,117.7,116.8,
https://www.basketball-reference.com/boxscores/201902270SAC.html,"10:00 PM, February 27, 2019",Sacramento Kings,Milwaukee Bucks,140,141,SAC,,,Team Totals,265,53,118,.449,12,33,.364,22,30,.733,15,43,58,30,6,6,8,19,140,,,Team Totals,265,.534,.500,.280,.254,24.6,79.6,50.4,56.6,5.0,9.0,5.7,100.0,116.8,117.7,
https://www.basketball-reference.com/boxscores/201902270SAS.html,"8:30 PM, February 27, 2019",San Antonio Spurs,Detroit Pistons,105,93,DET,,,Team Totals,240,36,100,.360,15,38,.395,6,7,.857,8,33,41,19,6,3,6,14,93,,,Team Totals,240,.451,.435,.380,.070,14.3,82.5,42.7,52.8,6.3,4.7,5.5,100.0,97.1,109.7,
https://www.basketball-reference.com/boxscores/201902270SAS.html,"8:30 PM, February 27, 2019",San Antonio Spurs,Detroit Pistons,105,93,SAS,,,Team Totals,240,42,81,.519,9,17,.529,12,17,.706,7,48,55,24,3,7,12,11,105,,,Team Totals,240,.593,.574,.210,.210,17.5,85.7,57.3,57.1,3.1,11.3,11.9,100.0,109.7,97.1,
https://www.basketball-reference.com/boxscores/201902270UTA.html,"9:00 PM, February 27, 2019",Utah Jazz,Los Angeles Clippers,111,105,LAC,,,Team Totals,240,37,94,.394,5,26,.192,26,30,.867,11,36,47,16,11,6,11,26,105,,,Team Totals,240,.490,.420,.277,.319,20.8,72.0,45.6,43.2,10.5,10.3,9.3,100.0,100.5,106.2,
https://www.basketball-reference.com/boxscores/201902270UTA.html,"9:00 PM, February 27, 2019",Utah Jazz,Los Angeles Clippers,111,105,UTA,,,Team Totals,240,38,92,.413,11,34,.324,24,32,.750,14,42,56,22,9,12,16,23,111,,,Team Totals,240,.523,.473,.370,.348,28.0,79.2,54.4,57.9,8.6,17.6,13.1,100.0,106.2,100.5,
https://www.basketball-reference.com/boxscores/201902280DEN.html,"10:30 PM, February 28, 2019",Denver Nuggets,Utah Jazz,104,111,UTA,,,Team Totals,240,37,84,.440,16,43,.372,21,33,.636,10,34,44,25,6,6,11,22,111,,,Team Totals,240,.563,.536,.512,.393,20.4,68.0,44.4,67.6,6.0,8.1,10.0,100.0,111.4,104.3,
https://www.basketball-reference.com/boxscores/201902280DEN.html,"10:30 PM, February 28, 2019",Denver Nuggets,Utah Jazz,104,111,DEN,,,Team Totals,240,40,99,.404,7,25,.280,17,24,.708,16,39,55,25,6,5,13,23,104,,,Team Totals,240,.475,.439,.253,.242,32.0,79.6,55.6,62.5,6.0,12.2,10.6,100.0,104.3,111.4,
https://www.basketball-reference.com/boxscores/201902280HOU.html,"8:00 PM, February 28, 2019",Houston Rockets,Miami Heat,121,118,MIA,,,Team Totals,240,42,81,.519,15,28,.536,19,24,.792,8,26,34,28,9,2,14,22,118,,,Team Totals,240,.644,.611,.346,.296,22.2,76.5,48.6,66.7,9.5,6.5,13.3,100.0,124.4,127.6,
https://www.basketball-reference.com/boxscores/201902280HOU.html,"8:00 PM, February 28, 2019",Houston Rockets,Miami Heat,121,118,HOU,,,Team Totals,240,38,77,.494,19,46,.413,26,28,.929,8,28,36,22,6,5,16,21,121,,,Team Totals,240,.677,.617,.597,.364,23.5,77.8,51.4,57.9,6.3,9.4,15.2,100.0,127.6,124.4,
https://www.basketball-reference.com/boxscores/201902280IND.html,"7:00 PM, February 28, 2019",Indiana Pacers,Minnesota Timberwolves,122,115,MIN,,,Team Totals,240,42,89,.472,8,26,.308,23,34,.676,21,35,56,16,5,7,18,24,115,,,Team Totals,240,.553,.517,.292,.382,43.8,81.4,61.5,38.1,5.1,12.3,14.8,100.0,116.6,123.7,
https://www.basketball-reference.com/boxscores/201902280IND.html,"7:00 PM, February 28, 2019",Indiana Pacers,Minnesota Timberwolves,122,115,IND,,,Team Totals,240,40,84,.476,16,27,.593,26,31,.839,8,27,35,35,8,11,11,21,122,,,Team Totals,240,.625,.571,.321,.369,18.6,56.3,38.5,87.5,8.1,17.5,10.1,100.0,123.7,116.6,
https://www.basketball-reference.com/boxscores/201902280NYK.html,"7:30 PM, February 28, 2019",New York Knicks,Cleveland Cavaliers,118,125,CLE,,,Team Totals,240,41,80,.513,14,34,.412,29,36,.806,8,32,40,24,5,3,13,20,125,,,Team Totals,240,.652,.600,.425,.450,23.5,69.6,50.0,58.5,5.1,4.8,11.9,100.0,127.7,120.5,
https://www.basketball-reference.com/boxscores/201902280NYK.html,"7:30 PM, February 28, 2019",New York Knicks,Cleveland Cavaliers,118,125,NYK,,,Team Totals,240,46,95,.484,11,32,.344,15,23,.652,14,26,40,26,4,3,10,28,118,,,Team Totals,240,.561,.542,.337,.242,30.4,76.5,50.0,56.5,4.1,6.5,8.7,100.0,120.5,127.7,
https://www.basketball-reference.com/boxscores/201902280OKC.html,"8:00 PM, February 28, 2019",Oklahoma City Thunder,Philadelphia 76ers,104,108,PHI,,,Team Totals,240,42,91,.462,12,30,.400,12,19,.632,8,36,44,33,9,5,14,24,108,,,Team Totals,240,.543,.527,.330,.209,18.2,81.8,50.0,78.6,8.8,8.3,12.4,100.0,106.0,102.1,
https://www.basketball-reference.com/boxscores/201902280OKC.html,"8:00 PM, February 28, 2019",Oklahoma City Thunder,Philadelphia 76ers,104,108,OKC,,,Team Totals,240,38,87,.437,8,27,.296,20,28,.714,8,36,44,28,5,3,12,18,104,,,Team Totals,240,.524,.483,.310,.322,18.2,81.8,50.0,73.7,4.9,4.9,10.8,100.0,102.1,106.0,
https://www.basketball-reference.com/boxscores/201902280ORL.html,"7:00 PM, February 28, 2019",Orlando Magic,Golden State Warriors,103,96,GSW,,,Team Totals,240,39,97,.402,9,40,.225,9,10,.900,9,38,47,16,5,3,12,14,96,,,Team Totals,240,.473,.448,.412,.103,17.0,80.9,47.0,41.0,4.9,5.2,10.6,100.0,94.9,101.8,
https://www.basketball-reference.com/boxscores/201902280ORL.html,"7:00 PM, February 28, 2019",Orlando Magic,Golden State Warriors,103,96,ORL,,,Team Totals,240,40,89,.449,11,31,.355,12,15,.800,9,44,53,24,2,9,15,14,103,,,Team Totals,240,.539,.511,.348,.169,19.1,83.0,53.0,60.0,2.0,15.8,13.6,100.0,101.8,94.9,
https://www.basketball-reference.com/boxscores/201903010ATL.html,"7:30 PM, March 1, 2019",Atlanta Hawks,Chicago Bulls,161,168,CHI,,,Team Totals,340,56,119,.471,21,48,.438,35,48,.729,11,51,62,30,10,5,17,30,168,,,Team Totals,340,.599,.559,.403,.403,18.0,85.0,51.2,53.6,7.0,7.9,10.8,100.0,117.4,112.6,
https://www.basketball-reference.com/boxscores/201903010ATL.html,"7:30 PM, March 1, 2019",Atlanta Hawks,Chicago Bulls,161,168,ATL,,,Team Totals,340,61,123,.496,22,60,.367,17,25,.680,9,50,59,33,11,8,20,34,161,,,Team Totals,340,.601,.585,.488,.203,15.0,82.0,48.8,54.1,7.7,11.3,13.0,100.0,112.6,117.4,
https://www.basketball-reference.com/boxscores/201903010BOS.html,"8:00 PM, March 1, 2019",Boston Celtics,Washington Wizards,107,96,WAS,,,Team Totals,240,36,89,.404,10,38,.263,14,19,.737,11,42,53,20,7,6,18,16,96,,,Team Totals,240,.493,.461,.427,.213,23.9,79.2,53.5,55.6,6.9,10.2,15.6,100.0,94.9,105.8,
https://www.basketball-reference.com/boxscores/201903010BOS.html,"8:00 PM, March 1, 2019",Boston Celtics,Washington Wizards,107,96,BOS,,,Team Totals,240,42,94,.447,10,35,.286,13,17,.765,11,35,46,26,12,3,12,18,107,,,Team Totals,240,.527,.500,.372,.181,20.8,76.1,46.5,61.9,11.9,5.9,10.6,100.0,105.8,94.9,
https://www.basketball-reference.com/boxscores/201903010BRK.html,"7:30 PM, March 1, 2019",Brooklyn Nets,Charlotte Hornets,112,123,CHO,,,Team Totals,240,50,94,.532,9,21,.429,14,17,.824,10,30,40,24,6,4,14,25,123,,,Team Totals,240,.606,.580,.223,.181,25.0,81.1,51.9,48.0,5.9,7.4,12.1,100.0,120.2,109.4,
https://www.basketball-reference.com/boxscores/201903010BRK.html,"7:30 PM, March 1, 2019",Brooklyn Nets,Charlotte Hornets,112,123,BRK,,,Team Totals,240,44,86,.512,10,32,.313,14,18,.778,7,30,37,27,2,5,17,19,112,,,Team Totals,240,.596,.570,.372,.209,18.9,75.0,48.1,61.4,2.0,6.8,15.3,100.0,109.4,120.2,
https://www.basketball-reference.com/boxscores/201903010LAL.html,"10:30 PM, March 1, 2019",Los Angeles Lakers,Milwaukee Bucks,120,131,MIL,,,Team Totals,240,48,93,.516,14,40,.350,21,24,.875,11,40,51,30,4,6,11,15,131,,,Team Totals,240,.632,.591,.430,.258,25.6,83.3,56.0,62.5,3.9,10.7,9.6,100.0,128.1,117.3,
https://www.basketball-reference.com/boxscores/201903010LAL.html,"10:30 PM, March 1, 2019",Los Angeles Lakers,Milwaukee Bucks,120,131,LAL,,,Team Totals,240,46,96,.479,13,40,.325,15,18,.833,8,32,40,29,4,4,9,21,120,,,Team Totals,240,.577,.547,.417,.188,16.7,74.4,44.0,63.0,3.9,7.5,8.0,100.0,117.3,128.1,
https://www.basketball-reference.com/boxscores/201903010PHO.html,"9:00 PM, March 1, 2019",Phoenix Suns,New Orleans Pelicans,116,130,NOP,,,Team Totals,240,50,87,.575,16,27,.593,14,20,.700,10,40,50,34,13,4,25,18,130,,,Team Totals,240,.678,.667,.310,.230,27.0,76.9,56.2,68.0,11.8,6.7,20.7,100.0,118.1,105.4,
https://www.basketball-reference.com/boxscores/201903010PHO.html,"9:00 PM, March 1, 2019",Phoenix Suns,New Orleans Pelicans,116,130,PHO,,,Team Totals,240,40,94,.426,12,34,.353,24,28,.857,12,27,39,25,17,2,19,21,116,,,Team Totals,240,.546,.489,.362,.298,23.1,73.0,43.8,62.5,15.4,3.3,15.2,100.0,105.4,118.1,
https://www.basketball-reference.com/boxscores/201903010SAC.html,"10:00 PM, March 1, 2019",Sacramento Kings,Los Angeles Clippers,109,116,LAC,,,Team Totals,240,40,92,.435,12,31,.387,24,33,.727,16,42,58,19,4,6,12,23,116,,,Team Totals,240,.544,.500,.337,.359,29.6,84.0,55.8,47.5,3.9,8.3,10.1,100.0,114.4,107.5,
https://www.basketball-reference.com/boxscores/201903010SAC.html,"10:00 PM, March 1, 2019",Sacramento Kings,Los Angeles Clippers,109,116,SAC,,,Team Totals,240,41,93,.441,6,21,.286,21,25,.840,8,38,46,27,6,8,8,25,109,,,Team Totals,240,.524,.473,.226,.269,16.0,70.4,44.2,65.9,5.9,13.1,7.1,100.0,107.5,114.4,
https://www.basketball-reference.com/boxscores/201903010TOR.html,"8:00 PM, March 1, 2019",Toronto Raptors,Portland Trail Blazers,119,117,POR,,,Team Totals,240,42,85,.494,14,33,.424,19,23,.826,9,33,42,24,9,4,18,25,117,,,Team Totals,240,.615,.576,.388,.271,23.1,94.3,56.8,57.1,8.9,7.5,15.9,100.0,115.4,117.4,
https://www.basketball-reference.com/boxscores/201903010TOR.html,"8:00 PM, March 1, 2019",Toronto Raptors,Portland Trail Blazers,119,117,TOR,,,Team Totals,240,45,81,.556,10,28,.357,19,21,.905,2,30,32,29,9,6,14,17,119,,,Team Totals,240,.659,.617,.346,.259,5.7,76.9,43.2,64.4,8.9,11.5,13.4,100.0,117.4,115.4,
https://www.basketball-reference.com/boxscores/201903020CLE.html,"5:00 PM, March 2, 2019",Cleveland Cavaliers,Detroit Pistons,93,129,DET,,,Team Totals,240,47,87,.540,20,37,.541,15,17,.882,9,42,51,27,5,8,12,24,129,,,Team Totals,240,.683,.655,.425,.195,27.3,82.4,60.7,57.4,5.3,17.8,11.3,100.0,137.2,98.9,
https://www.basketball-reference.com/boxscores/201903020CLE.html,"5:00 PM, March 2, 2019",Cleveland Cavaliers,Detroit Pistons,93,129,CLE,,,Team Totals,240,27,79,.342,13,34,.382,26,32,.813,9,24,33,15,7,1,12,19,93,,,Team Totals,240,.500,.424,.430,.405,17.6,72.7,39.3,55.6,7.4,2.0,11.4,100.0,98.9,137.2,
https://www.basketball-reference.com/boxscores/201903020DAL.html,"8:30 PM, March 2, 2019",Dallas Mavericks,Memphis Grizzlies,81,111,MEM,,,Team Totals,240,39,78,.500,14,34,.412,19,24,.792,4,46,50,30,4,6,15,30,111,,,Team Totals,240,.627,.590,.436,.308,11.8,78.0,53.8,76.9,4.2,13.3,14.5,100.0,115.6,84.4,
https://www.basketball-reference.com/boxscores/201903020DAL.html,"8:30 PM, March 2, 2019",Dallas Mavericks,Memphis Grizzlies,81,111,DAL,,,Team Totals,240,26,85,.306,7,40,.175,22,33,.667,13,30,43,17,9,5,10,23,81,,,Team Totals,240,.407,.347,.471,.388,22.0,88.2,46.2,65.4,9.4,11.4,9.1,100.0,84.4,115.6,
https://www.basketball-reference.com/boxscores/201903020DEN.html,"9:00 PM, March 2, 2019",Denver Nuggets,New Orleans Pelicans,112,120,NOP,,,Team Totals,240,45,92,.489,12,30,.400,18,26,.692,12,35,47,28,10,4,21,25,120,,,Team Totals,240,.580,.554,.326,.283,26.1,77.8,51.6,62.2,9.2,6.7,16.9,100.0,110.5,103.1,
https://www.basketball-reference.com/boxscores/201903020DEN.html,"9:00 PM, March 2, 2019",Denver Nuggets,New Orleans Pelicans,112,120,DEN,,,Team Totals,240,39,92,.424,9,32,.281,25,29,.862,10,34,44,25,13,7,16,22,112,,,Team Totals,240,.535,.473,.348,.315,22.2,73.9,48.4,64.1,12.0,11.3,13.2,100.0,103.1,110.5,
https://www.basketball-reference.com/boxscores/201903020IND.html,"7:00 PM, March 2, 2019",Indiana Pacers,Orlando Magic,112,117,ORL,,,Team Totals,240,46,91,.505,10,28,.357,15,19,.789,11,30,41,28,7,5,9,20,117,,,Team Totals,240,.589,.560,.308,.209,25.0,90.9,53.2,60.9,7.4,10.0,8.3,100.0,123.3,118.0,
https://www.basketball-reference.com/boxscores/201903020IND.html,"7:00 PM, March 2, 2019",Indiana Pacers,Orlando Magic,112,117,IND,,,Team Totals,240,42,77,.545,7,27,.259,21,24,.875,3,33,36,31,5,6,11,17,112,,,Team Totals,240,.640,.591,.351,.312,9.1,75.0,46.8,73.8,5.3,9.5,11.2,100.0,118.0,123.3,
https://www.basketball-reference.com/boxscores/201903020MIA.html,"7:30 PM, March 2, 2019",Miami Heat,Brooklyn Nets,117,88,BRK,,,Team Totals,240,31,88,.352,9,42,.214,17,22,.773,7,29,36,20,6,6,12,14,88,,,Team Totals,240,.450,.403,.477,.250,13.2,72.5,38.7,64.5,6.1,10.7,10.9,100.0,88.9,118.2,
https://www.basketball-reference.com/boxscores/201903020MIA.html,"7:30 PM, March 2, 2019",Miami Heat,Brooklyn Nets,117,88,MIA,,,Team Totals,240,44,90,.489,14,34,.412,15,22,.682,11,46,57,36,5,9,12,19,117,,,Team Totals,240,.587,.567,.378,.244,27.5,86.8,61.3,81.8,5.1,19.6,10.7,100.0,118.2,88.9,
https://www.basketball-reference.com/boxscores/201903020PHI.html,"8:30 PM, March 2, 2019",Philadelphia 76ers,Golden State Warriors,117,120,GSW,,,Team Totals,240,41,81,.506,14,33,.424,24,34,.706,4,35,39,23,14,7,14,22,120,,,Team Totals,240,.625,.593,.407,.420,10.3,76.1,45.9,56.1,13.2,12.5,12.7,100.0,113.5,110.6,
https://www.basketball-reference.com/boxscores/201903020PHI.html,"8:30 PM, March 2, 2019",Philadelphia 76ers,Golden State Warriors,117,120,PHI,,,Team Totals,240,39,87,.448,14,31,.452,25,29,.862,11,35,46,26,6,3,21,25,117,,,Team Totals,240,.586,.529,.356,.333,23.9,89.7,54.1,66.7,5.7,6.3,17.4,100.0,110.6,113.5,
https://www.basketball-reference.com/boxscores/201903020PHO.html,"9:00 PM, March 2, 2019",Phoenix Suns,Los Angeles Lakers,118,109,LAL,,,Team Totals,240,43,89,.483,8,25,.320,15,23,.652,10,30,40,27,3,3,12,24,109,,,Team Totals,240,.550,.528,.281,.258,23.8,76.9,49.4,62.8,3.1,6.0,10.8,100.0,112.2,121.4,
https://www.basketball-reference.com/boxscores/201903020PHO.html,"9:00 PM, March 2, 2019",Phoenix Suns,Los Angeles Lakers,118,109,PHO,,,Team Totals,240,39,76,.513,6,26,.231,34,40,.850,9,32,41,21,7,8,13,22,118,,,Team Totals,240,.630,.553,.342,.526,23.1,76.2,50.6,53.8,7.2,12.5,12.2,100.0,121.4,112.2,
https://www.basketball-reference.com/boxscores/201903020SAS.html,"8:30 PM, March 2, 2019",San Antonio Spurs,Oklahoma City Thunder,116,102,OKC,,,Team Totals,240,40,88,.455,7,29,.241,15,24,.625,11,34,45,17,7,2,13,19,102,,,Team Totals,240,.517,.494,.330,.273,22.4,75.6,47.9,42.5,7.0,2.8,11.7,100.0,102.5,116.6,
https://www.basketball-reference.com/boxscores/201903020SAS.html,"8:30 PM, March 2, 2019",San Antonio Spurs,Oklahoma City Thunder,116,102,SAS,,,Team Totals,240,45,91,.495,8,19,.421,18,25,.720,11,38,49,15,8,6,11,19,116,,,Team Totals,240,.569,.538,.209,.275,24.4,77.6,52.1,33.3,8.0,10.2,9.7,100.0,116.6,102.5,
https://www.basketball-reference.com/boxscores/201903020UTA.html,"9:00 PM, March 2, 2019",Utah Jazz,Milwaukee Bucks,115,111,MIL,,,Team Totals,240,37,96,.385,15,39,.385,22,30,.733,17,36,53,20,6,10,15,22,111,,,Team Totals,240,.508,.464,.406,.313,31.5,69.2,50.0,54.1,5.8,14.9,12.1,100.0,108.1,112.0,
https://www.basketball-reference.com/boxscores/201903020UTA.html,"9:00 PM, March 2, 2019",Utah Jazz,Milwaukee Bucks,115,111,UTA,,,Team Totals,240,44,96,.458,12,29,.414,15,26,.577,16,37,53,22,13,7,13,23,115,,,Team Totals,240,.535,.521,.302,.271,30.8,68.5,50.0,50.0,12.7,12.3,10.8,100.0,112.0,108.1,
https://www.basketball-reference.com/boxscores/201903030BOS.html,"3:30 PM, March 3, 2019",Boston Celtics,Houston Rockets,104,115,HOU,,,Team Totals,240,38,80,.475,21,51,.412,18,29,.621,10,32,42,22,8,4,12,23,115,,,Team Totals,240,.620,.606,.638,.363,21.7,80.0,48.8,57.9,8.6,8.2,11.5,100.0,123.1,111.3,
https://www.basketball-reference.com/boxscores/201903030BOS.html,"3:30 PM, March 3, 2019",Boston Celtics,Houston Rockets,104,115,BOS,,,Team Totals,240,37,77,.481,8,28,.286,22,29,.759,8,36,44,23,7,0,13,23,104,,,Team Totals,240,.579,.532,.364,.377,20.0,78.3,51.2,62.2,7.5,0.0,12.7,100.0,111.3,123.1,
https://www.basketball-reference.com/boxscores/201903030CHI.html,"3:30 PM, March 3, 2019",Chicago Bulls,Atlanta Hawks,118,123,ATL,,,Team Totals,240,42,89,.472,21,42,.500,18,28,.643,11,35,46,30,10,5,13,18,123,,,Team Totals,240,.607,.590,.472,.315,25.0,79.5,52.3,71.4,9.7,7.7,11.4,100.0,119.9,115.0,
https://www.basketball-reference.com/boxscores/201903030CHI.html,"3:30 PM, March 3, 2019",Chicago Bulls,Atlanta Hawks,118,123,CHI,,,Team Totals,240,47,92,.511,8,27,.296,16,21,.762,9,33,42,25,6,5,14,20,118,,,Team Totals,240,.583,.554,.293,.228,20.5,75.0,47.7,53.2,5.8,10.6,12.1,100.0,115.0,119.9,
https://www.basketball-reference.com/boxscores/201903030CHO.html,"1:00 PM, March 3, 2019",Charlotte Hornets,Portland Trail Blazers,108,118,POR,,,Team Totals,240,43,96,.448,11,32,.344,21,23,.913,13,35,48,26,9,3,11,23,118,,,Team Totals,240,.556,.505,.333,.240,29.5,89.7,57.8,60.5,9.1,6.0,9.4,100.0,118.8,108.8,
https://www.basketball-reference.com/boxscores/201903030CHO.html,"1:00 PM, March 3, 2019",Charlotte Hornets,Portland Trail Blazers,108,118,CHO,,,Team Totals,240,37,83,.446,14,33,.424,20,23,.870,4,31,35,25,7,5,12,21,108,,,Team Totals,240,.580,.530,.398,.277,10.3,70.5,42.2,67.6,7.0,7.8,11.4,100.0,108.8,118.8,
https://www.basketball-reference.com/boxscores/201903030CLE.html,"6:00 PM, March 3, 2019",Cleveland Cavaliers,Orlando Magic,107,93,ORL,,,Team Totals,240,39,88,.443,6,26,.231,9,11,.818,8,33,41,23,5,4,11,17,93,,,Team Totals,240,.501,.477,.295,.125,18.6,78.6,48.2,59.0,5.3,10.0,10.6,100.0,98.9,113.8,
https://www.basketball-reference.com/boxscores/201903030CLE.html,"6:00 PM, March 3, 2019",Cleveland Cavaliers,Orlando Magic,107,93,CLE,,,Team Totals,240,36,83,.434,14,43,.326,21,23,.913,9,35,44,20,7,2,13,15,107,,,Team Totals,240,.575,.518,.518,.277,21.4,81.4,51.8,55.6,7.4,3.2,12.3,100.0,113.8,98.9,
https://www.basketball-reference.com/boxscores/201903030DET.html,"6:00 PM, March 3, 2019",Detroit Pistons,Toronto Raptors,112,107,TOR,,,Team Totals,265,37,96,.385,14,39,.359,19,24,.792,18,32,50,22,8,3,16,28,107,,,Team Totals,265,.502,.458,.406,.250,32.1,80.0,52.1,59.5,7.7,5.7,13.1,100.0,103.3,108.2,
https://www.basketball-reference.com/boxscores/201903030DET.html,"6:00 PM, March 3, 2019",Detroit Pistons,Toronto Raptors,112,107,DET,,,Team Totals,265,40,86,.465,12,33,.364,20,29,.690,8,38,46,25,10,3,18,24,112,,,Team Totals,265,.567,.535,.384,.337,20.0,67.9,47.9,62.5,9.7,5.3,15.4,100.0,108.2,103.3,
https://www.basketball-reference.com/boxscores/201903030LAC.html,"3:30 PM, March 3, 2019",Los Angeles Clippers,New York Knicks,128,107,NYK,,,Team Totals,240,35,88,.398,11,29,.379,26,34,.765,9,37,46,23,9,9,13,19,107,,,Team Totals,240,.520,.460,.330,.386,17.0,80.4,46.5,65.7,8.3,14.3,11.2,100.0,98.9,118.4,
https://www.basketball-reference.com/boxscores/201903030LAC.html,"3:30 PM, March 3, 2019",Los Angeles Clippers,New York Knicks,128,107,LAC,,,Team Totals,240,48,98,.490,19,35,.543,13,17,.765,9,44,53,33,5,4,17,28,128,,,Team Totals,240,.607,.587,.357,.173,19.6,83.0,53.5,68.8,4.6,6.8,13.9,100.0,118.4,98.9,
https://www.basketball-reference.com/boxscores/201903030OKC.html,"7:00 PM, March 3, 2019",Oklahoma City Thunder,Memphis Grizzlies,99,95,MEM,,,Team Totals,240,35,79,.443,7,22,.318,18,19,.947,4,40,44,22,9,9,22,25,95,,,Team Totals,240,.544,.487,.278,.241,10.0,70.2,45.4,62.9,8.8,14.3,20.1,100.0,92.7,96.6,
https://www.basketball-reference.com/boxscores/201903030OKC.html,"7:00 PM, March 3, 2019",Oklahoma City Thunder,Memphis Grizzlies,99,95,OKC,,,Team Totals,240,33,93,.355,9,30,.300,24,33,.727,17,36,53,19,10,5,14,19,99,,,Team Totals,240,.460,.403,.323,.355,29.8,90.0,54.6,57.6,9.8,8.8,11.5,100.0,96.6,92.7,
https://www.basketball-reference.com/boxscores/201903030WAS.html,"6:00 PM, March 3, 2019",Washington Wizards,Minnesota Timberwolves,135,121,MIN,,,Team Totals,240,52,99,.525,4,27,.148,13,19,.684,12,34,46,25,3,4,12,24,121,,,Team Totals,240,.564,.545,.273,.192,27.9,69.4,50.0,48.1,2.9,6.2,10.1,100.0,116.2,129.6,
https://www.basketball-reference.com/boxscores/201903030WAS.html,"6:00 PM, March 3, 2019",Washington Wizards,Minnesota Timberwolves,135,121,WAS,,,Team Totals,240,49,98,.500,11,33,.333,26,32,.813,15,31,46,30,6,4,9,19,135,,,Team Totals,240,.602,.556,.337,.327,30.6,72.1,50.0,61.2,5.8,5.6,7.4,100.0,129.6,116.2,
https://www.basketball-reference.com/boxscores/201903040BRK.html,"7:30 PM, March 4, 2019",Brooklyn Nets,Dallas Mavericks,127,88,DAL,,,Team Totals,240,31,87,.356,12,45,.267,14,22,.636,5,31,36,20,4,3,14,19,88,,,Team Totals,240,.455,.425,.517,.253,10.0,91.2,42.9,64.5,3.9,6.8,12.6,100.0,85.5,123.4,
https://www.basketball-reference.com/boxscores/201903040BRK.html,"7:30 PM, March 4, 2019",Brooklyn Nets,Dallas Mavericks,127,88,BRK,,,Team Totals,240,48,85,.565,17,41,.415,14,19,.737,3,45,48,29,8,1,13,23,127,,,Team Totals,240,.680,.665,.482,.224,8.8,90.0,57.1,60.4,7.8,2.4,12.2,100.0,123.4,85.5,
https://www.basketball-reference.com/boxscores/201903040LAL.html,"10:30 PM, March 4, 2019",Los Angeles Lakers,Los Angeles Clippers,105,113,LAC,,,Team Totals,240,41,83,.494,11,29,.379,20,24,.833,8,42,50,25,7,3,16,22,113,,,Team Totals,240,.604,.560,.349,.289,19.5,85.7,55.6,61.0,6.9,5.7,14.6,100.0,110.6,102.8,
https://www.basketball-reference.com/boxscores/201903040LAL.html,"10:30 PM, March 4, 2019",Los Angeles Lakers,Los Angeles Clippers,105,113,LAL,,,Team Totals,240,38,91,.418,10,38,.263,19,24,.792,7,33,40,22,2,6,12,21,105,,,Team Totals,240,.517,.473,.418,.264,14.3,80.5,44.4,57.9,2.0,11.1,10.6,100.0,102.8,110.6,
https://www.basketball-reference.com/boxscores/201903040MIA.html,"7:30 PM, March 4, 2019",Miami Heat,Atlanta Hawks,114,113,ATL,,,Team Totals,240,38,91,.418,17,46,.370,20,25,.800,16,26,42,25,9,2,14,21,113,,,Team Totals,240,.554,.511,.505,.275,32.7,78.8,51.2,65.8,9.2,3.6,12.1,100.0,115.2,116.2,
https://www.basketball-reference.com/boxscores/201903040MIA.html,"7:30 PM, March 4, 2019",Miami Heat,Atlanta Hawks,114,113,MIA,,,Team Totals,240,44,79,.557,9,23,.391,17,24,.708,7,33,40,23,9,7,19,24,114,,,Team Totals,240,.636,.614,.291,.304,21.2,67.3,48.8,52.3,9.2,15.6,17.5,100.0,116.2,115.2,
https://www.basketball-reference.com/boxscores/201903040PHO.html,"9:00 PM, March 4, 2019",Phoenix Suns,Milwaukee Bucks,114,105,MIL,,,Team Totals,240,35,95,.368,12,42,.286,23,31,.742,18,39,57,17,8,2,15,25,105,,,Team Totals,240,.483,.432,.442,.326,31.6,69.6,50.4,48.6,7.9,2.9,12.1,100.0,103.3,112.2,
https://www.basketball-reference.com/boxscores/201903040PHO.html,"9:00 PM, March 4, 2019",Phoenix Suns,Milwaukee Bucks,114,105,PHO,,,Team Totals,240,41,91,.451,7,22,.318,25,31,.806,17,39,56,22,10,10,14,23,114,,,Team Totals,240,.545,.489,.242,.341,30.4,68.4,49.6,53.7,9.8,18.9,11.8,100.0,112.2,103.3,
https://www.basketball-reference.com/boxscores/201903040SAC.html,"10:00 PM, March 4, 2019",Sacramento Kings,New York Knicks,115,108,NYK,,,Team Totals,240,39,85,.459,12,29,.414,18,28,.643,10,38,48,17,8,5,18,25,108,,,Team Totals,240,.555,.529,.341,.329,21.3,86.4,52.7,43.6,7.7,9.3,15.6,100.0,104.1,110.8,
https://www.basketball-reference.com/boxscores/201903040SAC.html,"10:00 PM, March 4, 2019",Sacramento Kings,New York Knicks,115,108,SAC,,,Team Totals,240,39,83,.470,11,29,.379,26,33,.788,6,37,43,28,11,3,14,24,115,,,Team Totals,240,.590,.536,.349,.398,13.6,78.7,47.3,71.8,10.6,5.4,12.6,100.0,110.8,104.1,
https://www.basketball-reference.com/boxscores/201903040SAS.html,"8:30 PM, March 4, 2019",San Antonio Spurs,Denver Nuggets,104,103,DEN,,,Team Totals,240,41,95,.432,17,40,.425,4,4,1.000,8,35,43,27,5,3,13,17,103,,,Team Totals,240,.532,.521,.421,.042,17.8,85.4,50.0,65.9,5.2,5.0,11.8,100.0,106.2,107.2,
https://www.basketball-reference.com/boxscores/201903040SAS.html,"8:30 PM, March 4, 2019",San Antonio Spurs,Denver Nuggets,104,103,SAS,,,Team Totals,240,41,85,.482,8,25,.320,14,19,.737,6,37,43,27,8,7,9,13,104,,,Team Totals,240,.557,.529,.294,.224,14.6,82.2,50.0,65.9,8.2,12.7,8.8,100.0,107.2,106.2,
https://www.basketball-reference.com/boxscores/201903040UTA.html,"9:00 PM, March 4, 2019",Utah Jazz,New Orleans Pelicans,112,115,NOP,,,Team Totals,240,46,96,.479,9,20,.450,14,18,.778,12,32,44,24,12,5,8,20,115,,,Team Totals,240,.553,.526,.208,.188,26.1,71.1,48.4,52.2,12.1,9.3,7.1,100.0,116.3,113.3,
https://www.basketball-reference.com/boxscores/201903040UTA.html,"9:00 PM, March 4, 2019",Utah Jazz,New Orleans Pelicans,112,115,UTA,,,Team Totals,240,43,92,.467,14,38,.368,12,14,.857,13,34,47,35,3,6,18,17,112,,,Team Totals,240,.570,.543,.413,.152,28.9,73.9,51.6,81.4,3.0,7.9,15.5,100.0,113.3,116.3,
https://www.basketball-reference.com/boxscores/201903050GSW.html,"10:30 PM, March 5, 2019",Golden State Warriors,Boston Celtics,95,128,BOS,,,Team Totals,240,49,96,.510,14,34,.412,16,17,.941,9,37,46,38,12,5,11,24,128,,,Team Totals,240,.618,.583,.354,.177,20.0,80.4,50.5,77.6,11.5,10.0,9.6,100.0,122.3,90.8,
https://www.basketball-reference.com/boxscores/201903050GSW.html,"10:30 PM, March 5, 2019",Golden State Warriors,Boston Celtics,95,128,GSW,,,Team Totals,240,34,85,.400,8,35,.229,19,23,.826,9,36,45,26,5,2,22,24,95,,,Team Totals,240,.499,.447,.412,.271,19.6,80.0,49.5,76.5,4.8,3.2,18.8,100.0,90.8,122.3,
https://www.basketball-reference.com/boxscores/201903050IND.html,"7:00 PM, March 5, 2019",Indiana Pacers,Chicago Bulls,105,96,CHI,,,Team Totals,240,36,93,.387,4,25,.160,20,24,.833,15,34,49,16,7,7,10,20,96,,,Team Totals,240,.463,.409,.269,.258,27.8,75.6,49.5,44.4,7.4,11.9,8.8,100.0,101.5,111.0,
https://www.basketball-reference.com/boxscores/201903050IND.html,"7:00 PM, March 5, 2019",Indiana Pacers,Chicago Bulls,105,96,IND,,,Team Totals,240,38,84,.452,11,25,.440,18,24,.750,11,39,50,19,6,9,12,22,105,,,Team Totals,240,.555,.518,.298,.286,24.4,72.2,50.5,50.0,6.3,13.2,11.3,100.0,111.0,101.5,
https://www.basketball-reference.com/boxscores/201903050MEM.html,"8:00 PM, March 5, 2019",Memphis Grizzlies,Portland Trail Blazers,120,111,POR,,,Team Totals,240,42,79,.532,9,29,.310,18,21,.857,5,31,36,25,7,4,20,29,111,,,Team Totals,240,.629,.589,.367,.266,14.3,88.6,51.4,59.5,6.9,8.3,18.5,100.0,108.9,117.7,
https://www.basketball-reference.com/boxscores/201903050MEM.html,"8:00 PM, March 5, 2019",Memphis Grizzlies,Portland Trail Blazers,120,111,MEM,,,Team Totals,240,40,75,.533,13,27,.481,27,36,.750,4,30,34,22,11,5,17,21,120,,,Team Totals,240,.661,.620,.360,.480,11.4,85.7,48.6,55.0,10.8,10.0,15.8,100.0,117.7,108.9,
https://www.basketball-reference.com/boxscores/201903050MIN.html,"8:00 PM, March 5, 2019",Minnesota Timberwolves,Oklahoma City Thunder,131,120,OKC,,,Team Totals,240,42,94,.447,18,46,.391,18,31,.581,15,30,45,20,4,8,12,26,120,,,Team Totals,240,.557,.543,.489,.330,26.3,75.0,46.4,47.6,3.9,11.9,10.0,100.0,116.8,127.5,
https://www.basketball-reference.com/boxscores/201903050MIN.html,"8:00 PM, March 5, 2019",Minnesota Timberwolves,Oklahoma City Thunder,131,120,MIN,,,Team Totals,240,47,89,.528,11,22,.500,26,35,.743,10,42,52,28,6,2,10,24,131,,,Team Totals,240,.627,.590,.247,.393,25.0,73.7,53.6,59.6,5.8,4.2,8.7,100.0,127.5,116.8,
https://www.basketball-reference.com/boxscores/201903050PHI.html,"7:00 PM, March 5, 2019",Philadelphia 76ers,Orlando Magic,114,106,ORL,,,Team Totals,240,42,93,.452,13,32,.406,9,12,.750,10,34,44,21,4,2,12,16,106,,,Team Totals,240,.539,.522,.344,.129,20.0,77.3,46.8,50.0,4.1,3.3,10.9,100.0,108.2,116.4,
https://www.basketball-reference.com/boxscores/201903050PHI.html,"7:00 PM, March 5, 2019",Philadelphia 76ers,Orlando Magic,114,106,PHI,,,Team Totals,240,42,89,.472,11,28,.393,19,21,.905,10,40,50,28,10,4,11,13,114,,,Team Totals,240,.580,.534,.315,.236,22.7,80.0,53.2,66.7,10.2,6.6,10.1,100.0,116.4,108.2,
https://www.basketball-reference.com/boxscores/201903050TOR.html,"8:00 PM, March 5, 2019",Toronto Raptors,Houston Rockets,95,107,HOU,,,Team Totals,240,38,85,.447,15,34,.441,16,18,.889,9,34,43,22,11,6,10,23,107,,,Team Totals,240,.576,.535,.400,.212,22.5,68.0,47.8,57.9,12.1,10.5,9.7,100.0,117.9,104.7,
https://www.basketball-reference.com/boxscores/201903050TOR.html,"8:00 PM, March 5, 2019",Toronto Raptors,Houston Rockets,95,107,TOR,,,Team Totals,240,37,89,.416,9,32,.281,12,16,.750,16,31,47,16,1,5,13,15,95,,,Team Totals,240,.495,.466,.360,.180,32.0,77.5,52.2,43.2,1.1,9.8,11.9,100.0,104.7,117.9,
https://www.basketball-reference.com/boxscores/201903060ATL.html,"7:30 PM, March 6, 2019",Atlanta Hawks,San Antonio Spurs,104,111,SAS,,,Team Totals,240,44,89,.494,10,33,.303,13,18,.722,6,43,49,27,4,9,16,23,111,,,Team Totals,240,.573,.551,.371,.202,14.3,79.6,51.0,61.4,3.8,18.4,14.2,100.0,106.4,99.7,
https://www.basketball-reference.com/boxscores/201903060ATL.html,"7:30 PM, March 6, 2019",Atlanta Hawks,San Antonio Spurs,104,111,ATL,,,Team Totals,240,36,92,.391,13,43,.302,19,24,.792,11,36,47,21,8,2,14,18,104,,,Team Totals,240,.507,.462,.467,.261,20.4,85.7,49.0,58.3,7.7,3.6,12.0,100.0,99.7,106.4,
https://www.basketball-reference.com/boxscores/201903060BRK.html,"7:30 PM, March 6, 2019",Brooklyn Nets,Cleveland Cavaliers,113,107,CLE,,,Team Totals,240,35,87,.402,16,38,.421,21,29,.724,11,36,47,23,7,3,18,22,107,,,Team Totals,240,.536,.494,.437,.333,22.0,76.6,48.5,65.7,6.7,5.2,15.3,100.0,103.0,108.8,
https://www.basketball-reference.com/boxscores/201903060BRK.html,"7:30 PM, March 6, 2019",Brooklyn Nets,Cleveland Cavaliers,113,107,BRK,,,Team Totals,240,43,91,.473,12,33,.364,15,26,.577,11,39,50,21,5,7,14,22,113,,,Team Totals,240,.552,.538,.363,.286,23.4,78.0,51.5,48.8,4.8,14.3,12.0,100.0,108.8,103.0,
https://www.basketball-reference.com/boxscores/201903060CHI.html,"8:00 PM, March 6, 2019",Chicago Bulls,Philadelphia 76ers,108,107,PHI,,,Team Totals,240,40,87,.460,8,24,.333,19,24,.792,13,33,46,22,10,5,15,20,107,,,Team Totals,240,.548,.506,.276,.276,29.5,67.3,49.5,55.0,10.2,7.1,13.3,100.0,109.5,110.6,
https://www.basketball-reference.com/boxscores/201903060CHI.html,"8:00 PM, March 6, 2019",Chicago Bulls,Philadelphia 76ers,108,107,CHI,,,Team Totals,240,41,93,.441,6,23,.261,20,27,.741,16,31,47,21,7,3,13,17,108,,,Team Totals,240,.515,.473,.247,.290,32.7,70.5,50.5,51.2,7.2,4.8,11.0,100.0,110.6,109.5,
https://www.basketball-reference.com/boxscores/201903060CHO.html,"7:00 PM, March 6, 2019",Charlotte Hornets,Miami Heat,84,91,MIA,,,Team Totals,240,38,90,.422,9,26,.346,6,11,.545,17,34,51,19,10,7,18,16,91,,,Team Totals,240,.480,.472,.289,.122,36.2,77.3,56.0,50.0,10.6,15.2,16.0,100.0,96.5,89.1,
https://www.basketball-reference.com/boxscores/201903060CHO.html,"7:00 PM, March 6, 2019",Charlotte Hornets,Miami Heat,84,91,CHO,,,Team Totals,240,30,82,.366,14,36,.389,10,15,.667,10,30,40,22,7,4,21,19,84,,,Team Totals,240,.474,.451,.439,.183,22.7,63.8,44.0,73.3,7.4,6.3,19.2,100.0,89.1,96.5,
https://www.basketball-reference.com/boxscores/201903060DET.html,"7:00 PM, March 6, 2019",Detroit Pistons,Minnesota Timberwolves,131,114,MIN,,,Team Totals,240,41,84,.488,12,27,.444,20,21,.952,6,31,37,25,3,5,13,22,114,,,Team Totals,240,.611,.560,.321,.250,16.2,73.8,46.8,61.0,3.1,8.3,12.2,100.0,118.3,136.0,
https://www.basketball-reference.com/boxscores/201903060DET.html,"7:00 PM, March 6, 2019",Detroit Pistons,Minnesota Timberwolves,131,114,DET,,,Team Totals,240,50,93,.538,14,33,.424,17,22,.773,11,31,42,29,5,3,5,19,131,,,Team Totals,240,.638,.613,.355,.237,26.2,83.8,53.2,58.0,5.2,5.3,4.6,100.0,136.0,118.3,
https://www.basketball-reference.com/boxscores/201903060LAL.html,"10:30 PM, March 6, 2019",Los Angeles Lakers,Denver Nuggets,99,115,DEN,,,Team Totals,240,45,98,.459,13,42,.310,12,17,.706,18,37,55,33,6,3,8,17,115,,,Team Totals,240,.545,.526,.429,.173,33.3,88.1,57.3,73.3,6.2,5.7,7.0,100.0,118.9,102.3,
https://www.basketball-reference.com/boxscores/201903060LAL.html,"10:30 PM, March 6, 2019",Los Angeles Lakers,Denver Nuggets,99,115,LAL,,,Team Totals,240,40,84,.476,7,31,.226,12,23,.522,5,36,41,26,5,4,12,22,99,,,Team Totals,240,.526,.518,.369,.274,11.9,66.7,42.7,65.0,5.2,7.1,11.3,100.0,102.3,118.9,
https://www.basketball-reference.com/boxscores/201903060NOP.html,"8:00 PM, March 6, 2019",New Orleans Pelicans,Utah Jazz,104,114,UTA,,,Team Totals,240,46,88,.523,8,30,.267,14,22,.636,9,36,45,31,9,8,20,20,114,,,Team Totals,240,.584,.568,.341,.250,20.9,83.7,52.3,67.4,8.4,12.3,17.0,100.0,106.5,97.2,
https://www.basketball-reference.com/boxscores/201903060NOP.html,"8:00 PM, March 6, 2019",New Orleans Pelicans,Utah Jazz,104,114,NOP,,,Team Totals,240,41,89,.461,9,24,.375,13,20,.650,7,34,41,17,6,4,18,23,104,,,Team Totals,240,.532,.511,.270,.225,16.3,79.1,47.7,41.5,5.6,6.9,15.5,100.0,97.2,106.5,
https://www.basketball-reference.com/boxscores/201903060PHO.html,"9:00 PM, March 6, 2019",Phoenix Suns,New York Knicks,107,96,NYK,,,Team Totals,240,35,77,.455,6,15,.400,20,25,.800,8,38,46,17,6,7,22,23,96,,,Team Totals,240,.545,.494,.195,.325,22.9,90.5,59.7,48.6,6.1,13.5,20.0,100.0,97.3,108.5,
https://www.basketball-reference.com/boxscores/201903060PHO.html,"9:00 PM, March 6, 2019",Phoenix Suns,New York Knicks,107,96,PHO,,,Team Totals,240,39,81,.481,12,29,.414,17,22,.773,4,27,31,21,11,9,13,25,107,,,Team Totals,240,.590,.556,.358,.272,9.5,77.1,40.3,53.8,11.2,14.5,12.5,100.0,108.5,97.3,
https://www.basketball-reference.com/boxscores/201903060SAC.html,"10:00 PM, March 6, 2019",Sacramento Kings,Boston Celtics,109,111,BOS,,,Team Totals,240,40,79,.506,13,33,.394,18,21,.857,3,32,35,26,11,1,18,22,111,,,Team Totals,240,.629,.589,.418,.266,8.1,84.2,46.7,65.0,10.9,2.0,16.9,100.0,109.9,107.9,
https://www.basketball-reference.com/boxscores/201903060SAC.html,"10:00 PM, March 6, 2019",Sacramento Kings,Boston Celtics,109,111,SAC,,,Team Totals,240,40,80,.500,13,29,.448,16,22,.727,6,34,40,23,8,4,18,21,109,,,Team Totals,240,.608,.581,.363,.275,15.8,91.9,53.3,57.5,7.9,8.7,16.7,100.0,107.9,109.9,
https://www.basketball-reference.com/boxscores/201903060WAS.html,"7:00 PM, March 6, 2019",Washington Wizards,Dallas Mavericks,132,123,DAL,,,Team Totals,240,45,93,.484,15,41,.366,18,28,.643,14,25,39,27,7,2,7,19,123,,,Team Totals,240,.584,.565,.441,.301,29.2,62.5,44.3,60.0,7.2,3.3,6.2,100.0,126.2,135.4,
https://www.basketball-reference.com/boxscores/201903060WAS.html,"7:00 PM, March 6, 2019",Washington Wizards,Dallas Mavericks,132,123,WAS,,,Team Totals,240,50,93,.538,12,33,.364,20,25,.800,15,34,49,30,3,2,13,26,132,,,Team Totals,240,.635,.602,.355,.269,37.5,70.8,55.7,60.0,3.1,3.8,11.1,100.0,135.4,126.2,
https://www.basketball-reference.com/boxscores/201903070MIL.html,"8:00 PM, March 7, 2019",Milwaukee Bucks,Indiana Pacers,117,98,IND,,,Team Totals,240,35,90,.389,14,37,.378,14,20,.700,6,34,40,26,10,7,11,16,98,,,Team Totals,240,.496,.467,.411,.222,12.0,81.0,43.5,74.3,10.0,13.7,10.0,100.0,97.7,116.7,
https://www.basketball-reference.com/boxscores/201903070MIL.html,"8:00 PM, March 7, 2019",Milwaukee Bucks,Indiana Pacers,117,98,MIL,,,Team Totals,240,43,86,.500,14,35,.400,17,21,.810,8,44,52,21,7,10,13,19,117,,,Team Totals,240,.614,.581,.407,.244,19.0,88.0,56.5,48.8,7.0,18.9,12.0,100.0,116.7,97.7,
https://www.basketball-reference.com/boxscores/201903070POR.html,"10:30 PM, March 7, 2019",Portland Trail Blazers,Oklahoma City Thunder,121,129,OKC,,,Team Totals,265,48,105,.457,8,27,.296,25,32,.781,16,42,58,14,7,5,16,31,129,,,Team Totals,265,.542,.495,.257,.305,30.2,75.0,53.2,29.2,6.2,9.4,11.8,100.0,113.7,106.6,
https://www.basketball-reference.com/boxscores/201903070POR.html,"10:30 PM, March 7, 2019",Portland Trail Blazers,Oklahoma City Thunder,121,129,POR,,,Team Totals,265,37,94,.394,9,41,.220,38,47,.809,14,37,51,14,7,8,14,27,121,,,Team Totals,265,.528,.441,.436,.500,25.0,69.8,46.8,37.8,6.2,10.3,10.9,100.0,106.6,113.7,
https://www.basketball-reference.com/boxscores/201903080CHI.html,"8:00 PM, March 8, 2019",Chicago Bulls,Detroit Pistons,104,112,DET,,,Team Totals,240,45,83,.542,9,27,.333,13,21,.619,7,34,41,23,5,9,17,19,112,,,Team Totals,240,.607,.596,.325,.253,20.6,81.0,53.9,51.1,5.0,13.8,15.6,100.0,112.5,104.5,
https://www.basketball-reference.com/boxscores/201903080CHI.html,"8:00 PM, March 8, 2019",Chicago Bulls,Detroit Pistons,104,112,CHI,,,Team Totals,240,42,82,.512,5,17,.294,15,23,.652,8,27,35,20,9,4,16,18,104,,,Team Totals,240,.564,.543,.207,.280,19.0,79.4,46.1,47.6,9.0,7.1,14.8,100.0,104.5,112.5,
https://www.basketball-reference.com/boxscores/201903080CHO.html,"7:00 PM, March 8, 2019",Charlotte Hornets,Washington Wizards,112,111,WAS,,,Team Totals,240,40,86,.465,9,27,.333,22,26,.846,13,33,46,28,8,5,14,19,111,,,Team Totals,240,.570,.517,.314,.302,27.7,64.7,46.9,70.0,8.3,9.1,12.6,100.0,114.6,115.7,
https://www.basketball-reference.com/boxscores/201903080CHO.html,"7:00 PM, March 8, 2019",Charlotte Hornets,Washington Wizards,112,111,CHO,,,Team Totals,240,40,96,.417,14,41,.341,18,20,.900,18,34,52,24,7,8,14,18,112,,,Team Totals,240,.534,.490,.427,.208,35.3,72.3,53.1,60.0,7.2,13.6,11.8,100.0,115.7,114.6,
https://www.basketball-reference.com/boxscores/201903080GSW.html,"10:30 PM, March 8, 2019",Golden State Warriors,Denver Nuggets,122,105,DEN,,,Team Totals,240,33,87,.379,12,33,.364,27,35,.771,14,32,46,21,9,3,19,22,105,,,Team Totals,240,.513,.448,.379,.402,28.0,82.1,51.7,63.6,8.7,6.1,15.7,100.0,102.1,118.6,
https://www.basketball-reference.com/boxscores/201903080GSW.html,"10:30 PM, March 8, 2019",Golden State Warriors,Denver Nuggets,122,105,GSW,,,Team Totals,240,45,84,.536,18,35,.514,14,21,.667,7,36,43,32,11,10,17,28,122,,,Team Totals,240,.654,.643,.417,.250,17.9,72.0,48.3,71.1,10.7,18.5,15.4,100.0,118.6,102.1,
https://www.basketball-reference.com/boxscores/201903080HOU.html,"8:00 PM, March 8, 2019",Houston Rockets,Philadelphia 76ers,107,91,PHI,,,Team Totals,240,35,95,.368,3,26,.115,18,23,.783,22,37,59,20,9,4,18,17,91,,,Team Totals,240,.433,.384,.274,.242,37.9,84.1,57.8,57.1,9.1,9.1,14.6,100.0,91.7,107.8,
https://www.basketball-reference.com/boxscores/201903080HOU.html,"8:00 PM, March 8, 2019",Houston Rockets,Philadelphia 76ers,107,91,HOU,,,Team Totals,240,42,85,.494,13,41,.317,10,15,.667,7,36,43,22,13,0,17,18,107,,,Team Totals,240,.584,.571,.482,.176,15.9,62.1,42.2,52.4,13.1,0.0,15.7,100.0,107.8,91.7,
https://www.basketball-reference.com/boxscores/201903080LAC.html,"10:30 PM, March 8, 2019",Los Angeles Clippers,Oklahoma City Thunder,118,110,OKC,,,Team Totals,240,41,102,.402,11,44,.250,17,26,.654,14,38,52,20,3,7,11,34,110,,,Team Totals,240,.485,.456,.431,.255,24.6,79.2,49.5,48.8,2.8,11.5,8.8,100.0,104.1,111.7,
https://www.basketball-reference.com/boxscores/201903080LAC.html,"10:30 PM, March 8, 2019",Los Angeles Clippers,Oklahoma City Thunder,118,110,LAC,,,Team Totals,240,39,86,.453,9,25,.360,31,46,.674,10,43,53,20,7,4,10,26,118,,,Team Totals,240,.555,.506,.291,.535,20.8,75.4,50.5,51.3,6.6,6.9,8.6,100.0,111.7,104.1,
https://www.basketball-reference.com/boxscores/201903080MEM.html,"8:00 PM, March 8, 2019",Memphis Grizzlies,Utah Jazz,114,104,UTA,,,Team Totals,240,35,82,.427,18,48,.375,16,24,.667,10,31,41,21,8,10,13,20,104,,,Team Totals,240,.562,.537,.585,.293,22.2,79.5,48.8,60.0,8.4,14.7,12.3,100.0,109.0,119.5,
https://www.basketball-reference.com/boxscores/201903080MEM.html,"8:00 PM, March 8, 2019",Memphis Grizzlies,Utah Jazz,114,104,MEM,,,Team Totals,240,46,90,.511,9,22,.409,13,15,.867,8,35,43,31,5,5,11,18,114,,,Team Totals,240,.590,.561,.244,.167,20.5,77.8,51.2,67.4,5.2,14.7,10.2,100.0,119.5,109.0,
https://www.basketball-reference.com/boxscores/201903080MIA.html,"8:00 PM, March 8, 2019",Miami Heat,Cleveland Cavaliers,126,110,CLE,,,Team Totals,240,39,81,.481,19,43,.442,13,16,.813,6,22,28,28,6,1,15,25,110,,,Team Totals,240,.625,.599,.531,.198,16.2,61.1,38.4,71.8,6.5,1.9,14.6,100.0,118.8,136.1,
https://www.basketball-reference.com/boxscores/201903080MIA.html,"8:00 PM, March 8, 2019",Miami Heat,Cleveland Cavaliers,126,110,MIA,,,Team Totals,240,45,79,.570,12,25,.480,24,33,.727,14,31,45,31,5,5,12,15,126,,,Team Totals,240,.674,.646,.316,.418,38.9,83.8,61.6,68.9,5.4,13.2,11.4,100.0,136.1,118.8,
https://www.basketball-reference.com/boxscores/201903080NOP.html,"8:00 PM, March 8, 2019",New Orleans Pelicans,Toronto Raptors,104,127,TOR,,,Team Totals,240,53,99,.535,13,37,.351,8,9,.889,7,44,51,31,10,12,16,14,127,,,Team Totals,240,.617,.601,.374,.091,15.9,75.9,50.0,58.5,9.0,18.2,13.4,100.0,114.4,93.7,
https://www.basketball-reference.com/boxscores/201903080NOP.html,"8:00 PM, March 8, 2019",New Orleans Pelicans,Toronto Raptors,104,127,NOP,,,Team Totals,240,43,105,.410,10,39,.256,8,13,.615,14,37,51,28,11,0,17,12,104,,,Team Totals,240,.470,.457,.371,.124,24.1,84.1,50.0,65.1,9.9,0.0,13.3,100.0,93.7,114.4,
https://www.basketball-reference.com/boxscores/201903080ORL.html,"7:00 PM, March 8, 2019",Orlando Magic,Dallas Mavericks,111,106,DAL,,,Team Totals,240,42,89,.472,10,34,.294,12,16,.750,10,32,42,22,6,3,14,15,106,,,Team Totals,240,.552,.528,.382,.180,21.3,74.4,46.7,52.4,6.1,5.2,12.7,100.0,107.8,112.9,
https://www.basketball-reference.com/boxscores/201903080ORL.html,"7:00 PM, March 8, 2019",Orlando Magic,Dallas Mavericks,111,106,ORL,,,Team Totals,240,42,87,.483,14,29,.483,13,18,.722,11,37,48,26,9,5,16,18,111,,,Team Totals,240,.585,.563,.333,.207,25.6,78.7,53.3,61.9,9.2,9.1,14.4,100.0,112.9,107.8,
https://www.basketball-reference.com/boxscores/201903090ATL.html,"7:00 PM, March 9, 2019",Atlanta Hawks,Brooklyn Nets,112,114,BRK,,,Team Totals,240,33,86,.384,15,44,.341,33,54,.611,15,39,54,21,7,3,14,23,114,,,Team Totals,240,.519,.471,.512,.628,27.8,68.4,48.6,63.6,6.6,4.7,11.3,100.0,107.9,106.0,
https://www.basketball-reference.com/boxscores/201903090ATL.html,"7:00 PM, March 9, 2019",Atlanta Hawks,Brooklyn Nets,112,114,ATL,,,Team Totals,240,39,105,.371,8,41,.195,26,32,.813,18,39,57,22,7,2,10,37,112,,,Team Totals,240,.470,.410,.390,.305,31.6,72.2,51.4,56.4,6.6,4.8,7.7,100.0,106.0,107.9,
https://www.basketball-reference.com/boxscores/201903090LAL.html,"8:30 PM, March 9, 2019",Los Angeles Lakers,Boston Celtics,107,120,BOS,,,Team Totals,240,48,93,.516,14,38,.368,10,14,.714,6,37,43,32,6,5,13,17,120,,,Team Totals,240,.605,.591,.409,.151,14.6,82.2,50.0,66.7,5.8,7.8,11.6,100.0,116.6,104.0,
https://www.basketball-reference.com/boxscores/201903090LAL.html,"8:30 PM, March 9, 2019",Los Angeles Lakers,Boston Celtics,107,120,LAL,,,Team Totals,240,44,91,.484,5,27,.185,14,18,.778,8,35,43,28,4,4,12,16,107,,,Team Totals,240,.541,.511,.297,.198,17.8,85.4,50.0,63.6,3.9,7.3,10.8,100.0,104.0,116.6,
https://www.basketball-reference.com/boxscores/201903090MIL.html,"9:00 PM, March 9, 2019",Milwaukee Bucks,Charlotte Hornets,131,114,CHO,,,Team Totals,240,44,93,.473,15,39,.385,11,14,.786,6,29,35,25,4,2,13,24,114,,,Team Totals,240,.575,.554,.419,.151,12.8,67.4,38.9,56.8,3.9,4.3,11.6,100.0,111.8,128.5,
https://www.basketball-reference.com/boxscores/201903090MIL.html,"9:00 PM, March 9, 2019",Milwaukee Bucks,Charlotte Hornets,131,114,MIL,,,Team Totals,240,44,90,.489,17,44,.386,26,30,.867,14,41,55,27,9,2,13,17,131,,,Team Totals,240,.635,.583,.489,.333,32.6,87.2,61.1,61.4,8.8,3.7,11.2,100.0,128.5,111.8,
https://www.basketball-reference.com/boxscores/201903090MIN.html,"8:00 PM, March 9, 2019",Minnesota Timberwolves,Washington Wizards,135,130,WAS,,,Team Totals,265,48,100,.480,16,44,.364,18,24,.750,10,40,50,31,8,5,19,23,130,,,Team Totals,265,.588,.560,.440,.240,21.3,69.0,47.6,64.6,7.0,6.4,14.7,100.0,113.3,117.7,
https://www.basketball-reference.com/boxscores/201903090MIN.html,"8:00 PM, March 9, 2019",Minnesota Timberwolves,Washington Wizards,135,130,MIN,,,Team Totals,265,51,114,.447,12,36,.333,21,24,.875,18,37,55,25,9,3,10,17,135,,,Team Totals,265,.542,.500,.316,.211,31.0,78.7,52.4,49.0,7.8,5.4,7.4,100.0,117.7,113.3,
https://www.basketball-reference.com/boxscores/201903090NYK.html,"12:00 PM, March 9, 2019",New York Knicks,Sacramento Kings,94,102,SAC,,,Team Totals,240,36,95,.379,12,36,.333,18,22,.818,11,42,53,16,5,3,7,14,102,,,Team Totals,240,.487,.442,.379,.232,19.6,76.4,47.7,44.4,5.1,5.1,6.3,100.0,104.1,96.0,
https://www.basketball-reference.com/boxscores/201903090NYK.html,"12:00 PM, March 9, 2019",New York Knicks,Sacramento Kings,94,102,NYK,,,Team Totals,240,35,94,.372,10,35,.286,14,21,.667,13,45,58,16,3,5,10,20,94,,,Team Totals,240,.455,.426,.372,.223,23.6,80.4,52.3,45.7,3.1,8.5,8.8,100.0,96.0,104.1,
https://www.basketball-reference.com/boxscores/201903090POR.html,"10:00 PM, March 9, 2019",Portland Trail Blazers,Phoenix Suns,127,120,PHO,,,Team Totals,240,43,103,.417,9,27,.333,25,29,.862,13,30,43,27,7,5,8,23,120,,,Team Totals,240,.518,.461,.262,.282,24.5,71.4,45.3,62.8,6.6,8.8,6.5,100.0,113.7,120.3,
https://www.basketball-reference.com/boxscores/201903090POR.html,"10:00 PM, March 9, 2019",Portland Trail Blazers,Phoenix Suns,127,120,POR,,,Team Totals,240,43,86,.500,13,29,.448,28,36,.778,12,40,52,19,5,7,17,27,127,,,Team Totals,240,.624,.576,.337,.419,28.6,75.5,54.7,44.2,4.7,9.2,14.3,100.0,120.3,113.7,
https://www.basketball-reference.com/boxscores/201903100ATL.html,"6:00 PM, March 10, 2019",Atlanta Hawks,New Orleans Pelicans,128,116,NOP,,,Team Totals,240,45,101,.446,18,41,.439,8,8,1.000,5,37,42,29,6,9,8,17,116,,,Team Totals,240,.555,.535,.406,.079,9.8,78.7,42.9,64.4,5.7,14.8,7.1,100.0,110.4,121.8,
https://www.basketball-reference.com/boxscores/201903100ATL.html,"6:00 PM, March 10, 2019",Atlanta Hawks,New Orleans Pelicans,128,116,ATL,,,Team Totals,240,48,98,.490,17,37,.459,15,18,.833,10,46,56,30,4,5,10,12,128,,,Team Totals,240,.604,.577,.378,.184,21.3,90.2,57.1,62.5,3.8,8.3,8.6,100.0,121.8,110.4,
https://www.basketball-reference.com/boxscores/201903100DAL.html,"7:00 PM, March 10, 2019",Dallas Mavericks,Houston Rockets,93,94,HOU,,,Team Totals,240,32,88,.364,16,52,.308,14,22,.636,13,28,41,18,6,4,13,20,94,,,Team Totals,240,.481,.455,.591,.250,24.1,73.7,44.6,56.3,6.5,9.3,11.7,100.0,101.2,100.1,
https://www.basketball-reference.com/boxscores/201903100DAL.html,"7:00 PM, March 10, 2019",Dallas Mavericks,Houston Rockets,93,94,DAL,,,Team Totals,240,31,75,.413,9,32,.281,22,27,.815,10,41,51,24,6,9,17,20,93,,,Team Totals,240,.535,.473,.427,.360,26.3,75.9,55.4,77.4,6.5,25.0,16.4,100.0,100.1,101.2,
https://www.basketball-reference.com/boxscores/201903100DET.html,"12:00 PM, March 10, 2019",Detroit Pistons,Chicago Bulls,131,108,CHI,,,Team Totals,240,41,82,.500,9,18,.500,17,26,.654,6,31,37,18,4,5,10,18,108,,,Team Totals,240,.578,.555,.220,.317,15.0,75.6,45.7,43.9,4.2,8.9,9.7,100.0,112.1,136.0,
https://www.basketball-reference.com/boxscores/201903100DET.html,"12:00 PM, March 10, 2019",Detroit Pistons,Chicago Bulls,131,108,DET,,,Team Totals,240,49,91,.538,19,35,.543,14,22,.636,10,34,44,34,5,1,8,24,131,,,Team Totals,240,.651,.643,.385,.242,24.4,85.0,54.3,69.4,5.2,1.6,7.4,100.0,136.0,112.1,
https://www.basketball-reference.com/boxscores/201903100GSW.html,"8:30 PM, March 10, 2019",Golden State Warriors,Phoenix Suns,111,115,PHO,,,Team Totals,240,42,86,.488,10,25,.400,21,27,.778,9,39,48,26,10,4,17,18,115,,,Team Totals,240,.587,.547,.291,.314,20.9,72.2,49.5,61.9,9.6,7.7,14.8,100.0,110.1,106.2,
https://www.basketball-reference.com/boxscores/201903100GSW.html,"8:30 PM, March 10, 2019",Golden State Warriors,Phoenix Suns,111,115,GSW,,,Team Totals,240,42,95,.442,10,43,.233,17,22,.773,15,34,49,34,10,6,17,24,111,,,Team Totals,240,.530,.495,.453,.232,27.8,79.1,50.5,81.0,9.6,9.8,14.0,100.0,106.2,110.1,
https://www.basketball-reference.com/boxscores/201903100MEM.html,"6:00 PM, March 10, 2019",Memphis Grizzlies,Orlando Magic,105,97,ORL,,,Team Totals,240,31,87,.356,12,38,.316,23,27,.852,15,38,53,23,6,4,14,23,97,,,Team Totals,240,.490,.425,.437,.310,27.8,86.4,54.1,74.2,6.2,7.8,12.4,100.0,99.7,107.9,
https://www.basketball-reference.com/boxscores/201903100MEM.html,"6:00 PM, March 10, 2019",Memphis Grizzlies,Orlando Magic,105,97,MEM,,,Team Totals,240,34,82,.415,9,31,.290,28,31,.903,6,39,45,23,6,6,12,22,105,,,Team Totals,240,.549,.470,.378,.378,13.6,72.2,45.9,67.6,6.2,12.2,11.1,100.0,107.9,99.7,
https://www.basketball-reference.com/boxscores/201903100MIA.html,"3:30 PM, March 10, 2019",Miami Heat,Toronto Raptors,104,125,TOR,,,Team Totals,240,42,74,.568,21,40,.525,20,26,.769,6,38,44,32,8,8,21,23,125,,,Team Totals,240,.732,.709,.541,.351,18.2,80.9,55.0,76.2,7.9,12.3,19.7,100.0,123.0,102.3,
https://www.basketball-reference.com/boxscores/201903100MIA.html,"3:30 PM, March 10, 2019",Miami Heat,Toronto Raptors,104,125,MIA,,,Team Totals,240,42,92,.457,8,27,.296,12,21,.571,9,27,36,27,13,0,14,22,104,,,Team Totals,240,.514,.500,.293,.228,19.1,81.8,45.0,64.3,12.8,0.0,12.1,100.0,102.3,123.0,
https://www.basketball-reference.com/boxscores/201903100MIN.html,"8:00 PM, March 10, 2019",Minnesota Timberwolves,New York Knicks,103,92,NYK,,,Team Totals,240,37,86,.430,10,25,.400,8,14,.571,10,33,43,20,5,8,19,14,92,,,Team Totals,240,.499,.488,.291,.163,24.4,78.6,51.8,54.1,5.1,12.5,17.1,100.0,93.8,105.1,
https://www.basketball-reference.com/boxscores/201903100MIN.html,"8:00 PM, March 10, 2019",Minnesota Timberwolves,New York Knicks,103,92,MIN,,,Team Totals,240,42,94,.447,9,30,.300,10,13,.769,9,31,40,22,13,10,11,16,103,,,Team Totals,240,.516,.495,.319,.138,21.4,75.6,48.2,52.4,13.3,16.4,9.9,100.0,105.1,93.8,
https://www.basketball-reference.com/boxscores/201903100PHI.html,"3:30 PM, March 10, 2019",Philadelphia 76ers,Indiana Pacers,106,89,IND,,,Team Totals,240,31,83,.373,5,16,.313,22,37,.595,12,32,44,18,8,4,14,27,89,,,Team Totals,240,.448,.404,.193,.446,23.5,71.1,45.8,58.1,8.2,6.3,12.4,100.0,91.0,108.4,
https://www.basketball-reference.com/boxscores/201903100PHI.html,"3:30 PM, March 10, 2019",Philadelphia 76ers,Indiana Pacers,106,89,PHI,,,Team Totals,240,38,87,.437,7,23,.304,23,30,.767,13,39,52,24,10,3,13,26,106,,,Team Totals,240,.529,.477,.264,.345,28.9,76.5,54.2,63.2,10.2,4.5,11.5,100.0,108.4,91.0,
https://www.basketball-reference.com/boxscores/201903100SAS.html,"8:00 PM, March 10, 2019",San Antonio Spurs,Milwaukee Bucks,121,114,MIL,,,Team Totals,240,41,87,.471,14,36,.389,18,25,.720,6,39,45,22,3,2,10,17,114,,,Team Totals,240,.582,.552,.414,.287,13.6,83.0,49.5,53.7,3.0,2.8,9.3,100.0,112.9,119.8,
https://www.basketball-reference.com/boxscores/201903100SAS.html,"8:00 PM, March 10, 2019",San Antonio Spurs,Milwaukee Bucks,121,114,SAS,,,Team Totals,240,49,100,.490,12,29,.414,11,15,.733,8,38,46,24,6,3,5,18,121,,,Team Totals,240,.568,.550,.290,.150,17.0,86.4,50.5,49.0,5.9,5.9,4.5,100.0,119.8,112.9,
https://www.basketball-reference.com/boxscores/201903110BRK.html,"7:30 PM, March 11, 2019",Brooklyn Nets,Detroit Pistons,103,75,DET,,,Team Totals,240,27,97,.278,8,34,.235,13,16,.813,17,32,49,16,7,3,13,22,75,,,Team Totals,240,.360,.320,.351,.165,26.2,86.5,48.0,59.3,7.1,6.3,11.1,100.0,76.6,105.2,
https://www.basketball-reference.com/boxscores/201903110BRK.html,"7:30 PM, March 11, 2019",Brooklyn Nets,Detroit Pistons,103,75,BRK,,,Team Totals,240,39,79,.494,11,31,.355,14,22,.636,5,48,53,21,9,4,17,18,103,,,Team Totals,240,.581,.563,.392,.278,13.5,73.8,52.0,53.8,9.2,6.3,16.1,100.0,105.2,76.6,
https://www.basketball-reference.com/boxscores/201903110CLE.html,"7:00 PM, March 11, 2019",Cleveland Cavaliers,Toronto Raptors,126,101,TOR,,,Team Totals,240,40,84,.476,11,39,.282,10,17,.588,6,37,43,20,8,3,20,24,101,,,Team Totals,240,.552,.542,.464,.202,13.0,77.1,45.7,50.0,7.6,5.7,17.9,100.0,96.3,120.1,
https://www.basketball-reference.com/boxscores/201903110CLE.html,"7:00 PM, March 11, 2019",Cleveland Cavaliers,Toronto Raptors,126,101,CLE,,,Team Totals,240,44,94,.468,18,41,.439,20,21,.952,11,40,51,27,8,1,15,19,126,,,Team Totals,240,.610,.564,.436,.223,22.9,87.0,54.3,61.4,7.6,2.2,12.7,100.0,120.1,96.3,
https://www.basketball-reference.com/boxscores/201903110HOU.html,"8:00 PM, March 11, 2019",Houston Rockets,Charlotte Hornets,118,106,CHO,,,Team Totals,240,38,89,.427,16,41,.390,14,15,.933,7,32,39,23,4,4,12,20,106,,,Team Totals,240,.554,.517,.461,.169,14.0,72.7,41.5,60.5,4.0,8.3,11.2,100.0,106.2,118.2,
https://www.basketball-reference.com/boxscores/201903110HOU.html,"8:00 PM, March 11, 2019",Houston Rockets,Charlotte Hornets,118,106,HOU,,,Team Totals,240,38,91,.418,17,43,.395,25,27,.926,12,43,55,25,7,4,14,17,118,,,Team Totals,240,.573,.511,.473,.297,27.3,86.0,58.5,65.8,7.0,8.3,12.0,100.0,118.2,106.2,
https://www.basketball-reference.com/boxscores/201903110LAC.html,"10:30 PM, March 11, 2019",Los Angeles Clippers,Boston Celtics,140,115,BOS,,,Team Totals,240,44,91,.484,14,36,.389,13,19,.684,7,22,29,26,11,4,13,24,115,,,Team Totals,240,.579,.560,.396,.209,15.9,68.8,38.2,59.1,10.5,6.9,11.6,100.0,110.3,134.3,
https://www.basketball-reference.com/boxscores/201903110LAC.html,"10:30 PM, March 11, 2019",Los Angeles Clippers,Boston Celtics,140,115,LAC,,,Team Totals,240,53,86,.616,13,28,.464,21,25,.840,10,37,47,29,4,1,20,26,140,,,Team Totals,240,.722,.692,.326,.291,31.3,84.1,61.8,54.7,3.8,1.8,17.1,100.0,134.3,110.3,
https://www.basketball-reference.com/boxscores/201903110UTA.html,"9:00 PM, March 11, 2019",Utah Jazz,Oklahoma City Thunder,89,98,OKC,,,Team Totals,240,36,79,.456,7,22,.318,19,27,.704,6,42,48,18,8,5,16,21,98,,,Team Totals,240,.539,.500,.278,.342,14.0,79.2,50.0,50.0,8.2,11.1,15.0,100.0,100.1,90.9,
https://www.basketball-reference.com/boxscores/201903110UTA.html,"9:00 PM, March 11, 2019",Utah Jazz,Oklahoma City Thunder,89,98,UTA,,,Team Totals,240,32,88,.364,13,43,.302,12,17,.706,11,37,48,22,12,6,14,25,89,,,Team Totals,240,.466,.438,.489,.193,20.8,86.0,50.0,68.8,12.3,10.5,12.8,100.0,90.9,100.1,
https://www.basketball-reference.com/boxscores/201903110WAS.html,"7:00 PM, March 11, 2019",Washington Wizards,Sacramento Kings,121,115,SAC,,,Team Totals,240,41,91,.451,9,27,.333,24,32,.750,9,38,47,28,8,3,16,25,115,,,Team Totals,240,.547,.500,.297,.352,18.4,84.4,50.0,68.3,7.3,6.1,13.2,100.0,105.3,110.7,
https://www.basketball-reference.com/boxscores/201903110WAS.html,"7:00 PM, March 11, 2019",Washington Wizards,Sacramento Kings,121,115,WAS,,,Team Totals,240,40,86,.465,14,37,.378,27,33,.818,7,40,47,29,12,1,17,25,121,,,Team Totals,240,.602,.547,.430,.384,15.6,81.6,50.0,72.5,11.0,1.6,14.5,100.0,110.7,105.3,
https://www.basketball-reference.com/boxscores/201903120CHI.html,"8:00 PM, March 12, 2019",Chicago Bulls,Los Angeles Lakers,107,123,LAL,,,Team Totals,240,47,86,.547,13,33,.394,16,20,.800,5,36,41,23,11,5,14,14,123,,,Team Totals,240,.649,.622,.384,.233,13.2,76.6,48.2,48.9,10.9,7.8,12.9,100.0,121.8,105.9,
https://www.basketball-reference.com/boxscores/201903120CHI.html,"8:00 PM, March 12, 2019",Chicago Bulls,Los Angeles Lakers,107,123,CHI,,,Team Totals,240,42,91,.462,11,27,.407,12,12,1.000,11,33,44,23,6,0,16,22,107,,,Team Totals,240,.556,.522,.297,.132,23.4,86.8,51.8,54.8,5.9,0.0,14.3,100.0,105.9,121.8,
https://www.basketball-reference.com/boxscores/201903120DAL.html,"8:00 PM, March 12, 2019",Dallas Mavericks,San Antonio Spurs,105,112,SAS,,,Team Totals,240,43,82,.524,8,22,.364,18,18,1.000,7,31,38,26,11,3,12,25,112,,,Team Totals,240,.623,.573,.268,.220,19.4,77.5,50.0,60.5,11.6,7.0,11.8,100.0,118.6,111.2,
https://www.basketball-reference.com/boxscores/201903120DAL.html,"8:00 PM, March 12, 2019",Dallas Mavericks,San Antonio Spurs,105,112,DAL,,,Team Totals,240,38,82,.463,14,39,.359,15,26,.577,9,29,38,22,1,2,14,16,105,,,Team Totals,240,.562,.549,.476,.317,22.5,80.6,50.0,57.9,1.1,3.3,13.0,100.0,111.2,118.6,
https://www.basketball-reference.com/boxscores/201903120DEN.html,"10:30 PM, March 12, 2019",Denver Nuggets,Minnesota Timberwolves,133,107,MIN,,,Team Totals,240,41,89,.461,11,30,.367,14,14,1.000,12,23,35,24,10,6,15,20,107,,,Team Totals,240,.562,.522,.337,.157,29.3,76.7,49.3,58.5,10.5,10.9,13.6,100.0,112.0,139.2,
https://www.basketball-reference.com/boxscores/201903120DEN.html,"10:30 PM, March 12, 2019",Denver Nuggets,Minnesota Timberwolves,133,107,DEN,,,Team Totals,240,51,85,.600,18,30,.600,13,15,.867,7,29,36,40,6,6,14,16,133,,,Team Totals,240,.726,.706,.353,.176,23.3,70.7,50.7,78.4,6.3,10.2,13.3,100.0,139.2,112.0,
https://www.basketball-reference.com/boxscores/201903120IND.html,"7:00 PM, March 12, 2019",Indiana Pacers,New York Knicks,103,98,NYK,,,Team Totals,240,35,80,.438,13,28,.464,15,18,.833,8,40,48,22,4,5,19,23,98,,,Team Totals,240,.557,.519,.350,.225,19.0,83.3,53.3,62.9,4.1,8.8,17.8,100.0,100.5,105.6,
https://www.basketball-reference.com/boxscores/201903120IND.html,"7:00 PM, March 12, 2019",Indiana Pacers,New York Knicks,103,98,IND,,,Team Totals,240,37,85,.435,8,28,.286,21,29,.724,8,34,42,26,11,3,10,22,103,,,Team Totals,240,.527,.482,.329,.341,16.7,81.0,46.7,70.3,11.3,5.8,9.3,100.0,105.6,100.5,
https://www.basketball-reference.com/boxscores/201903120LAC.html,"10:30 PM, March 12, 2019",Los Angeles Clippers,Portland Trail Blazers,104,125,POR,,,Team Totals,240,47,96,.490,12,31,.387,19,26,.731,18,32,50,27,8,3,12,20,125,,,Team Totals,240,.582,.552,.323,.271,40.9,56.1,49.5,57.4,8.5,3.8,10.0,100.0,133.0,110.6,
https://www.basketball-reference.com/boxscores/201903120LAC.html,"10:30 PM, March 12, 2019",Los Angeles Clippers,Portland Trail Blazers,104,125,LAC,,,Team Totals,240,38,95,.400,9,15,.600,19,27,.704,25,26,51,21,7,3,12,21,104,,,Team Totals,240,.487,.447,.158,.284,43.9,59.1,50.5,55.3,7.4,4.6,10.1,100.0,110.6,133.0,
https://www.basketball-reference.com/boxscores/201903120NOP.html,"8:00 PM, March 12, 2019",New Orleans Pelicans,Milwaukee Bucks,113,130,MIL,,,Team Totals,240,48,97,.495,10,36,.278,24,28,.857,5,47,52,27,5,4,13,20,130,,,Team Totals,240,.595,.546,.371,.289,11.9,78.3,51.0,56.3,4.4,6.7,10.6,100.0,113.4,98.6,
https://www.basketball-reference.com/boxscores/201903120NOP.html,"8:00 PM, March 12, 2019",New Orleans Pelicans,Milwaukee Bucks,113,130,NOP,,,Team Totals,240,46,107,.430,10,47,.213,11,16,.688,13,37,50,27,3,4,15,23,113,,,Team Totals,240,.495,.477,.439,.150,21.7,88.1,49.0,58.7,2.6,6.6,11.6,100.0,98.6,113.4,
https://www.basketball-reference.com/boxscores/201903120PHI.html,"7:00 PM, March 12, 2019",Philadelphia 76ers,Cleveland Cavaliers,106,99,CLE,,,Team Totals,240,40,101,.396,13,38,.342,6,8,.750,9,28,37,14,8,2,8,17,99,,,Team Totals,240,.474,.460,.376,.079,15.8,70.0,38.1,35.0,7.9,3.2,7.1,100.0,98.1,105.0,
https://www.basketball-reference.com/boxscores/201903120PHI.html,"7:00 PM, March 12, 2019",Philadelphia 76ers,Cleveland Cavaliers,106,99,PHI,,,Team Totals,240,42,85,.494,8,23,.348,14,17,.824,12,48,60,25,4,7,22,18,106,,,Team Totals,240,.573,.541,.271,.200,30.0,84.2,61.9,59.5,4.0,11.1,19.2,100.0,105.0,98.1,
https://www.basketball-reference.com/boxscores/201903130ATL.html,"7:30 PM, March 13, 2019",Atlanta Hawks,Memphis Grizzlies,132,111,MEM,,,Team Totals,240,38,89,.427,14,40,.350,21,26,.808,9,26,35,28,8,6,14,17,111,,,Team Totals,240,.553,.506,.449,.292,20.0,63.4,40.7,73.7,7.9,10.3,12.2,100.0,109.3,130.0,
https://www.basketball-reference.com/boxscores/201903130ATL.html,"7:30 PM, March 13, 2019",Atlanta Hawks,Memphis Grizzlies,132,111,ATL,,,Team Totals,240,52,103,.505,17,45,.378,11,14,.786,15,36,51,35,9,9,12,26,132,,,Team Totals,240,.605,.587,.437,.136,36.6,80.0,59.3,67.3,8.9,18.4,9.9,100.0,130.0,109.3,
https://www.basketball-reference.com/boxscores/201903130HOU.html,"9:30 PM, March 13, 2019",Houston Rockets,Golden State Warriors,104,106,GSW,,,Team Totals,240,42,85,.494,12,32,.375,10,10,1.000,12,32,44,28,7,2,15,20,106,,,Team Totals,240,.593,.565,.376,.118,31.6,86.5,58.7,66.7,7.7,5.4,14.4,100.0,116.6,114.4,
https://www.basketball-reference.com/boxscores/201903130HOU.html,"9:30 PM, March 13, 2019",Houston Rockets,Golden State Warriors,104,106,HOU,,,Team Totals,240,37,78,.474,11,41,.268,19,23,.826,5,26,31,18,7,3,11,16,104,,,Team Totals,240,.590,.545,.526,.295,13.5,68.4,41.3,48.6,7.7,5.7,11.1,100.0,114.4,116.6,
https://www.basketball-reference.com/boxscores/201903130MIA.html,"7:30 PM, March 13, 2019",Miami Heat,Detroit Pistons,108,74,DET,,,Team Totals,240,27,77,.351,8,37,.216,12,18,.667,10,27,37,20,7,7,18,23,74,,,Team Totals,240,.436,.403,.481,.234,20.8,67.5,42.0,74.1,7.8,12.5,17.5,100.0,82.2,120.0,
https://www.basketball-reference.com/boxscores/201903130MIA.html,"7:30 PM, March 13, 2019",Miami Heat,Detroit Pistons,108,74,MIA,,,Team Totals,240,39,84,.464,11,28,.393,19,24,.792,13,38,51,22,10,5,11,18,108,,,Team Totals,240,.571,.530,.333,.286,32.5,79.2,58.0,56.4,11.1,12.5,10.4,100.0,120.0,82.2,
https://www.basketball-reference.com/boxscores/201903130OKC.html,"7:00 PM, March 13, 2019",Oklahoma City Thunder,Brooklyn Nets,108,96,BRK,,,Team Totals,240,35,84,.417,13,35,.371,13,19,.684,7,36,43,19,7,5,17,18,96,,,Team Totals,240,.520,.494,.417,.226,16.7,69.2,45.7,54.3,7.1,7.4,15.5,100.0,97.3,109.4,
https://www.basketball-reference.com/boxscores/201903130OKC.html,"7:00 PM, March 13, 2019",Oklahoma City Thunder,Brooklyn Nets,108,96,OKC,,,Team Totals,240,41,96,.427,11,28,.393,15,19,.789,16,35,51,21,9,6,12,20,108,,,Team Totals,240,.517,.484,.292,.198,30.8,83.3,54.3,51.2,9.1,12.2,10.3,100.0,109.4,97.3,
https://www.basketball-reference.com/boxscores/201903130PHO.html,"10:00 PM, March 13, 2019",Phoenix Suns,Utah Jazz,97,114,UTA,,,Team Totals,240,42,90,.467,12,33,.364,18,25,.720,12,40,52,30,8,4,12,22,114,,,Team Totals,240,.564,.533,.367,.278,28.6,88.9,59.8,71.4,8.2,6.3,10.6,100.0,116.9,99.5,
https://www.basketball-reference.com/boxscores/201903130PHO.html,"10:00 PM, March 13, 2019",Phoenix Suns,Utah Jazz,97,114,PHO,,,Team Totals,240,36,82,.439,7,19,.368,18,23,.783,5,30,35,21,8,3,12,20,97,,,Team Totals,240,.526,.482,.232,.280,11.1,71.4,40.2,58.3,8.2,5.3,11.5,100.0,99.5,116.9,
https://www.basketball-reference.com/boxscores/201903130WAS.html,"7:00 PM, March 13, 2019",Washington Wizards,Orlando Magic,100,90,ORL,,,Team Totals,240,35,90,.389,12,33,.364,8,9,.889,12,36,48,26,3,3,11,15,90,,,Team Totals,240,.479,.456,.367,.100,25.0,78.3,51.1,74.3,3.3,4.8,10.5,100.0,98.6,109.6,
https://www.basketball-reference.com/boxscores/201903130WAS.html,"7:00 PM, March 13, 2019",Washington Wizards,Orlando Magic,100,90,WAS,,,Team Totals,240,42,90,.467,8,27,.296,8,12,.667,10,36,46,20,5,2,9,13,100,,,Team Totals,240,.525,.511,.300,.133,21.7,75.0,48.9,47.6,5.5,3.5,8.6,100.0,109.6,98.6,
https://www.basketball-reference.com/boxscores/201903140BOS.html,"7:30 PM, March 14, 2019",Boston Celtics,Sacramento Kings,126,120,SAC,,,Team Totals,240,48,95,.505,11,34,.324,13,23,.565,8,39,47,31,9,2,10,24,120,,,Team Totals,240,.571,.563,.358,.242,16.0,79.6,47.5,64.6,8.3,2.9,8.7,100.0,111.1,116.6,
https://www.basketball-reference.com/boxscores/201903140BOS.html,"7:30 PM, March 14, 2019",Boston Celtics,Sacramento Kings,126,120,BOS,,,Team Totals,240,49,97,.505,9,28,.321,19,26,.731,10,42,52,32,7,2,13,20,126,,,Team Totals,240,.581,.552,.289,.268,20.4,84.0,52.5,65.3,6.5,3.3,10.7,100.0,116.6,111.1,
https://www.basketball-reference.com/boxscores/201903140DEN.html,"10:30 PM, March 14, 2019",Denver Nuggets,Dallas Mavericks,100,99,DAL,,,Team Totals,240,37,87,.425,12,37,.324,13,17,.765,9,31,40,22,8,1,9,17,99,,,Team Totals,240,.524,.494,.425,.195,20.0,79.5,47.6,59.5,8.8,1.9,8.7,100.0,109.0,110.1,
https://www.basketball-reference.com/boxscores/201903140DEN.html,"10:30 PM, March 14, 2019",Denver Nuggets,Dallas Mavericks,100,99,DEN,,,Team Totals,240,39,81,.481,8,29,.276,14,17,.824,8,36,44,27,6,7,11,16,100,,,Team Totals,240,.565,.531,.358,.210,20.5,80.0,52.4,69.2,6.6,14.0,11.1,100.0,110.1,109.0,
https://www.basketball-reference.com/boxscores/201903140IND.html,"7:00 PM, March 14, 2019",Indiana Pacers,Oklahoma City Thunder,108,106,OKC,,,Team Totals,240,38,86,.442,14,30,.467,16,20,.800,8,36,44,24,11,5,18,28,106,,,Team Totals,240,.559,.523,.349,.233,19.5,85.7,53.0,63.2,10.7,8.3,16.0,100.0,103.0,104.9,
https://www.basketball-reference.com/boxscores/201903140IND.html,"7:00 PM, March 14, 2019",Indiana Pacers,Oklahoma City Thunder,108,106,IND,,,Team Totals,240,37,82,.451,7,22,.318,27,32,.844,6,33,39,24,11,3,16,17,108,,,Team Totals,240,.562,.494,.268,.390,14.3,80.5,47.0,64.9,10.7,5.4,14.3,100.0,104.9,103.0,
https://www.basketball-reference.com/boxscores/201903140ORL.html,"7:00 PM, March 14, 2019",Orlando Magic,Cleveland Cavaliers,120,91,CLE,,,Team Totals,240,35,86,.407,7,31,.226,14,15,.933,8,35,43,13,4,4,16,18,91,,,Team Totals,240,.491,.448,.360,.174,17.4,74.5,46.2,37.1,4.1,6.5,14.7,100.0,93.0,122.6,
https://www.basketball-reference.com/boxscores/201903140ORL.html,"7:00 PM, March 14, 2019",Orlando Magic,Cleveland Cavaliers,120,91,ORL,,,Team Totals,240,45,93,.484,14,31,.452,16,21,.762,12,38,50,31,11,3,9,14,120,,,Team Totals,240,.587,.559,.333,.226,25.5,82.6,53.8,68.9,11.2,5.5,8.1,100.0,122.6,93.0,
https://www.basketball-reference.com/boxscores/201903140TOR.html,"8:00 PM, March 14, 2019",Toronto Raptors,Los Angeles Lakers,111,98,LAL,,,Team Totals,240,38,85,.447,7,31,.226,15,24,.625,6,40,46,24,11,3,21,21,98,,,Team Totals,240,.513,.488,.365,.282,13.3,75.5,46.9,63.2,10.3,6.0,18.0,100.0,91.6,103.7,
https://www.basketball-reference.com/boxscores/201903140TOR.html,"8:00 PM, March 14, 2019",Toronto Raptors,Los Angeles Lakers,111,98,TOR,,,Team Totals,240,36,91,.396,16,41,.390,23,29,.793,13,39,52,21,15,6,17,20,111,,,Team Totals,240,.535,.484,.451,.319,24.5,86.7,53.1,58.3,14.0,11.1,14.1,100.0,103.7,91.6,
https://www.basketball-reference.com/boxscores/201903140UTA.html,"9:00 PM, March 14, 2019",Utah Jazz,Minnesota Timberwolves,120,100,MIN,,,Team Totals,240,42,91,.462,5,24,.208,11,15,.733,8,30,38,27,6,2,11,23,100,,,Team Totals,240,.512,.489,.264,.165,18.2,69.8,43.7,64.3,6.1,3.9,10.1,100.0,102.2,122.6,
https://www.basketball-reference.com/boxscores/201903140UTA.html,"9:00 PM, March 14, 2019",Utah Jazz,Minnesota Timberwolves,120,100,UTA,,,Team Totals,240,44,89,.494,13,38,.342,19,27,.704,13,36,49,30,7,8,12,20,120,,,Team Totals,240,.595,.567,.427,.303,30.2,81.8,56.3,68.2,7.2,11.9,10.6,100.0,122.6,102.2,
https://www.basketball-reference.com/boxscores/201903150DET.html,"7:00 PM, March 15, 2019",Detroit Pistons,Los Angeles Lakers,111,97,LAL,,,Team Totals,240,36,86,.419,6,25,.240,19,26,.731,11,36,47,24,9,4,14,26,97,,,Team Totals,240,.498,.453,.291,.302,24.4,69.2,48.5,66.7,9.2,8.5,12.6,100.0,99.5,113.9,
https://www.basketball-reference.com/boxscores/201903150DET.html,"7:00 PM, March 15, 2019",Detroit Pistons,Los Angeles Lakers,111,97,DET,,,Team Totals,240,37,86,.430,17,39,.436,20,32,.625,16,34,50,26,5,4,15,19,111,,,Team Totals,240,.555,.529,.453,.372,30.8,75.6,51.5,70.3,5.1,6.6,13.0,100.0,113.9,99.5,
https://www.basketball-reference.com/boxscores/201903150HOU.html,"8:00 PM, March 15, 2019",Houston Rockets,Phoenix Suns,108,102,PHO,,,Team Totals,240,38,89,.427,7,26,.269,19,25,.760,15,34,49,22,9,4,21,21,102,,,Team Totals,240,.510,.466,.292,.281,30.0,82.9,53.8,57.9,8.8,9.3,17.4,100.0,99.4,105.2,
https://www.basketball-reference.com/boxscores/201903150HOU.html,"8:00 PM, March 15, 2019",Houston Rockets,Phoenix Suns,108,102,HOU,,,Team Totals,240,36,83,.434,11,40,.275,25,33,.758,7,35,42,18,13,6,14,20,108,,,Team Totals,240,.554,.500,.482,.398,17.1,70.0,46.2,50.0,12.7,9.5,12.6,100.0,105.2,99.4,
https://www.basketball-reference.com/boxscores/201903150LAC.html,"10:30 PM, March 15, 2019",Los Angeles Clippers,Chicago Bulls,128,121,CHI,,,Team Totals,240,42,80,.525,11,21,.524,26,33,.788,8,36,44,24,3,6,17,26,121,,,Team Totals,240,.640,.594,.263,.413,22.2,70.6,50.6,57.1,2.9,7.6,15.2,100.0,118.1,125.0,
https://www.basketball-reference.com/boxscores/201903150LAC.html,"10:30 PM, March 15, 2019",Los Angeles Clippers,Chicago Bulls,128,121,LAC,,,Team Totals,240,44,99,.444,10,20,.500,30,35,.857,15,28,43,28,9,5,8,30,128,,,Team Totals,240,.559,.495,.202,.354,29.4,77.8,49.4,63.6,8.8,8.5,6.5,100.0,125.0,118.1,
https://www.basketball-reference.com/boxscores/201903150MIA.html,"8:00 PM, March 15, 2019",Miami Heat,Milwaukee Bucks,98,113,MIL,,,Team Totals,240,42,88,.477,12,33,.364,17,24,.708,8,44,52,29,8,9,15,21,113,,,Team Totals,240,.573,.545,.375,.273,18.6,81.5,53.6,69.0,7.7,12.7,13.2,100.0,108.9,94.4,
https://www.basketball-reference.com/boxscores/201903150MIA.html,"8:00 PM, March 15, 2019",Miami Heat,Milwaukee Bucks,98,113,MIA,,,Team Totals,240,38,93,.409,8,22,.364,14,25,.560,10,35,45,21,7,5,12,18,98,,,Team Totals,240,.471,.452,.237,.269,18.5,81.4,46.4,55.3,6.7,9.1,10.3,100.0,94.4,108.9,
https://www.basketball-reference.com/boxscores/201903150NOP.html,"8:00 PM, March 15, 2019",New Orleans Pelicans,Portland Trail Blazers,110,122,POR,,,Team Totals,240,43,96,.448,10,27,.370,26,32,.813,17,37,54,26,7,8,15,18,122,,,Team Totals,240,.554,.500,.281,.333,35.4,72.5,54.5,60.5,6.9,12.5,12.0,100.0,119.4,107.7,
https://www.basketball-reference.com/boxscores/201903150NOP.html,"8:00 PM, March 15, 2019",New Orleans Pelicans,Portland Trail Blazers,110,122,NOP,,,Team Totals,240,45,94,.479,8,30,.267,12,25,.480,14,31,45,31,7,6,11,23,110,,,Team Totals,240,.524,.521,.319,.266,27.5,64.6,45.5,68.9,6.9,8.7,9.5,100.0,107.7,119.4,
https://www.basketball-reference.com/boxscores/201903150PHI.html,"7:00 PM, March 15, 2019",Philadelphia 76ers,Sacramento Kings,123,114,SAC,,,Team Totals,240,43,94,.457,9,27,.333,19,24,.792,10,30,40,23,4,2,9,22,114,,,Team Totals,240,.545,.505,.287,.255,20.4,75.0,44.9,53.5,4.0,3.0,7.9,100.0,112.7,121.6,
https://www.basketball-reference.com/boxscores/201903150PHI.html,"7:00 PM, March 15, 2019",Philadelphia 76ers,Sacramento Kings,123,114,PHI,,,Team Totals,240,46,91,.505,7,24,.292,24,27,.889,10,39,49,28,7,6,11,18,123,,,Team Totals,240,.598,.544,.264,.297,25.0,79.6,55.1,60.9,6.9,9.0,9.7,100.0,121.6,112.7,
https://www.basketball-reference.com/boxscores/201903150SAS.html,"8:30 PM, March 15, 2019",San Antonio Spurs,New York Knicks,109,83,NYK,,,Team Totals,240,35,86,.407,8,20,.400,5,9,.556,9,32,41,21,6,4,16,13,83,,,Team Totals,240,.461,.453,.233,.105,18.8,84.2,47.7,60.0,6.3,6.0,15.1,100.0,87.2,114.5,
https://www.basketball-reference.com/boxscores/201903150SAS.html,"8:30 PM, March 15, 2019",San Antonio Spurs,New York Knicks,109,83,SAS,,,Team Totals,240,47,88,.534,7,21,.333,8,10,.800,6,39,45,31,8,6,10,13,109,,,Team Totals,240,.590,.574,.239,.114,15.8,81.3,52.3,66.0,8.4,9.1,9.8,100.0,114.5,87.2,
https://www.basketball-reference.com/boxscores/201903150WAS.html,"7:00 PM, March 15, 2019",Washington Wizards,Charlotte Hornets,110,116,CHO,,,Team Totals,240,46,101,.455,14,31,.452,10,12,.833,15,31,46,18,11,7,12,17,116,,,Team Totals,240,.546,.525,.307,.119,28.8,79.5,50.5,39.1,11.0,14.0,10.1,100.0,116.0,110.0,
https://www.basketball-reference.com/boxscores/201903150WAS.html,"7:00 PM, March 15, 2019",Washington Wizards,Charlotte Hornets,110,116,WAS,,,Team Totals,240,41,84,.488,13,34,.382,15,19,.789,8,37,45,25,8,5,17,14,110,,,Team Totals,240,.595,.565,.405,.226,20.5,71.2,49.5,61.0,8.0,7.1,15.5,100.0,110.0,116.0,
https://www.basketball-reference.com/boxscores/201903160BOS.html,"12:30 PM, March 16, 2019",Boston Celtics,Atlanta Hawks,129,120,ATL,,,Team Totals,240,43,100,.430,15,40,.375,19,24,.792,19,31,50,27,11,5,17,25,120,,,Team Totals,240,.543,.505,.400,.240,35.2,73.8,52.1,62.8,10.3,8.8,13.3,100.0,112.6,121.0,
https://www.basketball-reference.com/boxscores/201903160BOS.html,"12:30 PM, March 16, 2019",Boston Celtics,Atlanta Hawks,129,120,BOS,,,Team Totals,240,44,93,.473,13,36,.361,28,37,.757,11,35,46,30,10,7,14,21,129,,,Team Totals,240,.590,.543,.387,.398,26.2,64.8,47.9,68.2,9.4,11.7,11.4,100.0,121.0,112.6,
https://www.basketball-reference.com/boxscores/201903160DAL.html,"8:30 PM, March 16, 2019",Dallas Mavericks,Cleveland Cavaliers,121,116,CLE,,,Team Totals,240,40,86,.465,15,38,.395,21,22,.955,6,27,33,20,1,0,6,20,116,,,Team Totals,240,.606,.552,.442,.256,16.2,75.0,45.2,50.0,1.1,0.0,5.9,100.0,127.7,133.2,
https://www.basketball-reference.com/boxscores/201903160DAL.html,"8:30 PM, March 16, 2019",Dallas Mavericks,Cleveland Cavaliers,121,116,DAL,,,Team Totals,240,46,89,.517,16,34,.471,13,16,.813,9,31,40,32,3,5,5,22,121,,,Team Totals,240,.630,.607,.382,.180,25.0,83.8,54.8,69.6,3.3,10.4,4.9,100.0,133.2,127.7,
https://www.basketball-reference.com/boxscores/201903160DEN.html,"9:00 PM, March 16, 2019",Denver Nuggets,Indiana Pacers,102,100,IND,,,Team Totals,240,34,75,.453,6,24,.250,26,37,.703,8,33,41,20,6,2,11,19,100,,,Team Totals,240,.548,.493,.320,.493,21.1,78.6,51.3,58.8,6.6,4.5,10.8,100.0,109.5,111.7,
https://www.basketball-reference.com/boxscores/201903160DEN.html,"9:00 PM, March 16, 2019",Denver Nuggets,Indiana Pacers,102,100,DEN,,,Team Totals,240,39,82,.476,11,38,.289,13,20,.650,9,30,39,27,6,5,11,22,102,,,Team Totals,240,.562,.543,.463,.244,21.4,78.9,48.8,69.2,6.6,9.8,10.8,100.0,111.7,109.5,
https://www.basketball-reference.com/boxscores/201903160NOP.html,"7:00 PM, March 16, 2019",New Orleans Pelicans,Phoenix Suns,136,138,PHO,,,Team Totals,265,51,100,.510,9,29,.310,27,36,.750,11,37,48,31,10,7,22,33,138,,,Team Totals,265,.596,.555,.290,.360,22.0,67.3,45.7,60.8,8.1,9.7,16.0,100.0,111.7,110.1,
https://www.basketball-reference.com/boxscores/201903160NOP.html,"7:00 PM, March 16, 2019",New Orleans Pelicans,Phoenix Suns,136,138,NOP,,,Team Totals,265,47,102,.461,15,30,.500,27,41,.659,18,39,57,34,11,4,23,30,136,,,Team Totals,265,.566,.534,.294,.402,32.7,78.0,54.3,72.3,8.9,5.6,16.1,100.0,110.1,111.7,
https://www.basketball-reference.com/boxscores/201903160OKC.html,"8:30 PM, March 16, 2019",Oklahoma City Thunder,Golden State Warriors,88,110,GSW,,,Team Totals,240,39,83,.470,15,35,.429,17,22,.773,8,45,53,25,10,6,17,22,110,,,Team Totals,240,.593,.560,.422,.265,18.6,72.6,50.5,64.1,9.9,10.9,15.5,100.0,108.8,87.1,
https://www.basketball-reference.com/boxscores/201903160OKC.html,"8:30 PM, March 16, 2019",Oklahoma City Thunder,Golden State Warriors,88,110,OKC,,,Team Totals,240,31,96,.323,13,41,.317,13,23,.565,17,35,52,18,4,5,16,18,88,,,Team Totals,240,.415,.391,.427,.240,27.4,81.4,49.5,58.1,4.0,10.4,13.1,100.0,87.1,108.8,
https://www.basketball-reference.com/boxscores/201903160SAS.html,"8:30 PM, March 16, 2019",San Antonio Spurs,Portland Trail Blazers,108,103,POR,,,Team Totals,240,42,101,.416,7,28,.250,12,14,.857,14,37,51,23,4,2,9,22,103,,,Team Totals,240,.481,.450,.277,.139,25.9,90.2,53.7,54.8,4.1,3.2,7.7,100.0,105.2,110.3,
https://www.basketball-reference.com/boxscores/201903160SAS.html,"8:30 PM, March 16, 2019",San Antonio Spurs,Portland Trail Blazers,108,103,SAS,,,Team Totals,240,37,79,.468,8,17,.471,26,30,.867,4,40,44,17,4,10,10,14,108,,,Team Totals,240,.586,.519,.215,.380,9.8,74.1,46.3,45.9,4.1,13.7,9.8,100.0,110.3,105.2,
https://www.basketball-reference.com/boxscores/201903160UTA.html,"9:00 PM, March 16, 2019",Utah Jazz,Brooklyn Nets,114,98,BRK,,,Team Totals,240,33,95,.347,12,36,.333,20,22,.909,8,36,44,20,9,5,7,24,98,,,Team Totals,240,.468,.411,.379,.232,13.8,70.6,40.4,60.6,8.8,9.1,6.3,100.0,96.2,111.9,
https://www.basketball-reference.com/boxscores/201903160UTA.html,"9:00 PM, March 16, 2019",Utah Jazz,Brooklyn Nets,114,98,UTA,,,Team Totals,240,39,91,.429,13,36,.361,23,31,.742,15,50,65,24,3,7,15,21,114,,,Team Totals,240,.545,.500,.396,.341,29.4,86.2,59.6,61.5,2.9,11.9,12.5,100.0,111.9,96.2,
https://www.basketball-reference.com/boxscores/201903160WAS.html,"7:00 PM, March 16, 2019",Washington Wizards,Memphis Grizzlies,135,128,MEM,,,Team Totals,240,48,90,.533,12,33,.364,20,26,.769,7,33,40,35,5,3,10,27,128,,,Team Totals,240,.631,.600,.367,.289,16.3,78.6,47.1,72.9,4.9,6.5,9.0,100.0,124.8,131.6,
https://www.basketball-reference.com/boxscores/201903160WAS.html,"7:00 PM, March 16, 2019",Washington Wizards,Memphis Grizzlies,135,128,WAS,,,Team Totals,240,41,81,.506,17,35,.486,36,43,.837,9,36,45,26,6,7,13,21,135,,,Team Totals,240,.676,.611,.432,.531,21.4,83.7,52.9,63.4,5.9,12.3,11.5,100.0,131.6,124.8,
https://www.basketball-reference.com/boxscores/201903170DET.html,"4:00 PM, March 17, 2019",Detroit Pistons,Toronto Raptors,110,107,TOR,,,Team Totals,240,39,82,.476,18,36,.500,11,14,.786,7,31,38,25,2,2,12,22,107,,,Team Totals,240,.607,.585,.439,.171,17.5,73.8,46.3,64.1,2.2,3.6,12.0,100.0,116.9,120.2,
https://www.basketball-reference.com/boxscores/201903170DET.html,"4:00 PM, March 17, 2019",Detroit Pistons,Toronto Raptors,110,107,DET,,,Team Totals,240,39,83,.470,8,27,.296,24,27,.889,11,33,44,23,8,3,10,18,110,,,Team Totals,240,.580,.518,.325,.325,26.2,82.5,53.7,59.0,8.7,6.5,9.5,100.0,120.2,116.9,
https://www.basketball-reference.com/boxscores/201903170HOU.html,"9:00 PM, March 17, 2019",Houston Rockets,Minnesota Timberwolves,117,102,MIN,,,Team Totals,240,38,92,.413,10,32,.313,16,23,.696,15,37,52,22,5,4,14,13,102,,,Team Totals,240,.499,.467,.348,.250,30.6,78.7,54.2,57.9,5.1,9.1,12.1,100.0,104.3,119.7,
https://www.basketball-reference.com/boxscores/201903170HOU.html,"9:00 PM, March 17, 2019",Houston Rockets,Minnesota Timberwolves,117,102,HOU,,,Team Totals,240,43,94,.457,21,50,.420,10,14,.714,10,34,44,29,9,3,10,25,117,,,Team Totals,240,.584,.569,.532,.149,21.3,69.4,45.8,67.4,9.2,5.0,9.1,100.0,119.7,104.3,
https://www.basketball-reference.com/boxscores/201903170LAC.html,"9:00 PM, March 17, 2019",Los Angeles Clippers,Brooklyn Nets,119,116,BRK,,,Team Totals,240,42,100,.420,14,38,.368,18,25,.720,15,36,51,26,6,7,14,28,116,,,Team Totals,240,.523,.490,.380,.250,28.3,69.2,48.6,61.9,5.7,10.6,11.2,100.0,110.2,113.0,
https://www.basketball-reference.com/boxscores/201903170LAC.html,"9:00 PM, March 17, 2019",Los Angeles Clippers,Brooklyn Nets,119,116,LAC,,,Team Totals,240,42,97,.433,12,31,.387,23,28,.821,16,38,54,26,8,6,14,25,119,,,Team Totals,240,.544,.495,.320,.289,30.8,71.7,51.4,61.9,7.6,9.7,11.4,100.0,113.0,110.2,
https://www.basketball-reference.com/boxscores/201903170MIA.html,"1:00 PM, March 17, 2019",Miami Heat,Charlotte Hornets,93,75,CHO,,,Team Totals,240,26,83,.313,7,36,.194,16,18,.889,11,33,44,11,6,5,13,19,75,,,Team Totals,240,.412,.355,.434,.217,21.6,68.8,44.4,42.3,6.7,9.4,12.5,100.0,84.1,104.3,
https://www.basketball-reference.com/boxscores/201903170MIA.html,"1:00 PM, March 17, 2019",Miami Heat,Charlotte Hornets,93,75,MIA,,,Team Totals,240,34,86,.395,13,33,.394,12,19,.632,15,40,55,25,6,7,12,21,93,,,Team Totals,240,.493,.471,.384,.221,31.3,78.4,55.6,73.5,6.7,14.9,11.3,100.0,104.3,84.1,
https://www.basketball-reference.com/boxscores/201903170MIL.html,"3:30 PM, March 17, 2019",Milwaukee Bucks,Philadelphia 76ers,125,130,PHI,,,Team Totals,240,47,100,.470,15,32,.469,21,30,.700,15,39,54,26,8,2,13,23,130,,,Team Totals,240,.574,.545,.320,.300,30.0,79.6,54.5,55.3,7.5,4.4,10.3,100.0,122.2,117.5,
https://www.basketball-reference.com/boxscores/201903170MIL.html,"3:30 PM, March 17, 2019",Milwaukee Bucks,Philadelphia 76ers,125,130,MIL,,,Team Totals,240,43,95,.453,16,50,.320,23,28,.821,10,35,45,25,9,6,10,22,125,,,Team Totals,240,.582,.537,.526,.295,20.4,70.0,45.5,58.1,8.5,8.8,8.5,100.0,117.5,122.2,
https://www.basketball-reference.com/boxscores/201903170NYK.html,"12:00 PM, March 17, 2019",New York Knicks,Los Angeles Lakers,124,123,LAL,,,Team Totals,240,47,97,.485,7,27,.259,22,28,.786,15,20,35,26,12,5,10,21,123,,,Team Totals,240,.563,.521,.278,.289,30.0,66.7,43.8,55.3,11.9,10.0,8.4,100.0,121.6,122.6,
https://www.basketball-reference.com/boxscores/201903170NYK.html,"12:00 PM, March 17, 2019",New York Knicks,Los Angeles Lakers,124,123,NYK,,,Team Totals,240,44,76,.579,12,26,.462,24,29,.828,10,35,45,24,4,5,24,26,124,,,Team Totals,240,.699,.658,.342,.382,33.3,70.0,56.3,54.5,4.0,7.1,21.3,100.0,122.6,121.6,
https://www.basketball-reference.com/boxscores/201903170ORL.html,"6:00 PM, March 17, 2019",Orlando Magic,Atlanta Hawks,101,91,ATL,,,Team Totals,240,38,91,.418,8,35,.229,7,10,.700,8,42,50,20,8,3,18,29,91,,,Team Totals,240,.477,.462,.385,.110,15.1,80.8,47.6,52.6,7.7,6.3,15.9,100.0,87.9,97.6,
https://www.basketball-reference.com/boxscores/201903170ORL.html,"6:00 PM, March 17, 2019",Orlando Magic,Atlanta Hawks,101,91,ORL,,,Team Totals,240,33,85,.388,9,37,.243,26,33,.788,10,45,55,21,12,3,15,15,101,,,Team Totals,240,.507,.441,.435,.388,19.2,84.9,52.4,63.6,11.6,5.4,13.1,100.0,97.6,87.9,
https://www.basketball-reference.com/boxscores/201903170SAC.html,"6:00 PM, March 17, 2019",Sacramento Kings,Chicago Bulls,129,102,CHI,,,Team Totals,240,39,88,.443,10,26,.385,14,21,.667,10,29,39,20,6,6,20,16,102,,,Team Totals,240,.524,.500,.295,.239,23.3,65.9,44.8,51.3,5.8,7.5,17.1,100.0,98.2,124.2,
https://www.basketball-reference.com/boxscores/201903170SAC.html,"6:00 PM, March 17, 2019",Sacramento Kings,Chicago Bulls,129,102,SAC,,,Team Totals,240,54,103,.524,8,23,.348,13,16,.813,15,33,48,28,12,7,12,21,129,,,Team Totals,240,.586,.563,.223,.155,34.1,76.7,55.2,51.9,11.6,11.3,9.8,100.0,124.2,98.2,
https://www.basketball-reference.com/boxscores/201903180BOS.html,"7:30 PM, March 18, 2019",Boston Celtics,Denver Nuggets,105,114,DEN,,,Team Totals,240,46,94,.489,14,39,.359,8,10,.800,11,40,51,29,6,5,19,19,114,,,Team Totals,240,.579,.564,.415,.106,30.6,76.9,58.0,63.0,6.0,9.3,16.2,100.0,113.1,104.2,
https://www.basketball-reference.com/boxscores/201903180BOS.html,"7:30 PM, March 18, 2019",Boston Celtics,Denver Nuggets,105,114,BOS,,,Team Totals,240,39,93,.419,12,39,.308,15,19,.789,12,25,37,24,12,5,13,16,105,,,Team Totals,240,.518,.484,.419,.204,23.1,69.4,42.0,61.5,11.9,9.1,11.4,100.0,104.2,113.1,
https://www.basketball-reference.com/boxscores/201903180CLE.html,"7:00 PM, March 18, 2019",Cleveland Cavaliers,Detroit Pistons,126,119,DET,,,Team Totals,240,42,94,.447,18,44,.409,17,21,.810,19,28,47,24,6,4,12,21,119,,,Team Totals,240,.576,.543,.468,.223,38.0,84.8,56.6,57.1,6.5,7.0,10.4,100.0,128.2,135.7,
https://www.basketball-reference.com/boxscores/201903180CLE.html,"7:00 PM, March 18, 2019",Cleveland Cavaliers,Detroit Pistons,126,119,CLE,,,Team Totals,240,46,79,.582,11,22,.500,23,27,.852,5,31,36,22,6,3,8,16,126,,,Team Totals,240,.693,.652,.278,.342,15.2,62.0,43.4,47.8,6.5,6.0,8.1,100.0,135.7,128.2,
https://www.basketball-reference.com/boxscores/201903180DAL.html,"8:30 PM, March 18, 2019",Dallas Mavericks,New Orleans Pelicans,125,129,NOP,,,Team Totals,265,49,104,.471,12,39,.308,19,22,.864,14,41,55,34,7,6,17,28,129,,,Team Totals,265,.567,.529,.375,.212,28.0,74.5,52.4,69.4,6.1,8.6,13.0,100.0,112.2,108.8,
https://www.basketball-reference.com/boxscores/201903180DAL.html,"8:30 PM, March 18, 2019",Dallas Mavericks,New Orleans Pelicans,125,129,DAL,,,Team Totals,265,46,105,.438,9,35,.257,24,29,.828,14,36,50,27,9,6,16,26,125,,,Team Totals,265,.531,.481,.333,.276,25.5,72.0,47.6,58.7,7.8,9.2,12.0,100.0,108.8,112.2,
https://www.basketball-reference.com/boxscores/201903180OKC.html,"8:00 PM, March 18, 2019",Oklahoma City Thunder,Miami Heat,107,116,MIA,,,Team Totals,240,46,97,.474,9,29,.310,15,16,.938,9,35,44,30,13,4,9,23,116,,,Team Totals,240,.557,.521,.299,.165,20.0,72.9,47.3,65.2,12.7,8.0,8.0,100.0,113.7,104.9,
https://www.basketball-reference.com/boxscores/201903180OKC.html,"8:00 PM, March 18, 2019",Oklahoma City Thunder,Miami Heat,107,116,OKC,,,Team Totals,240,38,87,.437,10,37,.270,21,27,.778,13,36,49,21,4,8,19,17,107,,,Team Totals,240,.541,.494,.425,.310,27.1,80.0,52.7,55.3,3.9,11.8,16.1,100.0,104.9,113.7,
https://www.basketball-reference.com/boxscores/201903180PHO.html,"10:00 PM, March 18, 2019",Phoenix Suns,Chicago Bulls,101,116,CHI,,,Team Totals,240,46,89,.517,4,16,.250,20,24,.833,11,38,49,21,9,4,13,22,116,,,Team Totals,240,.583,.539,.180,.270,27.5,80.9,56.3,45.7,9.2,6.9,11.5,100.0,118.3,103.0,
https://www.basketball-reference.com/boxscores/201903180PHO.html,"10:00 PM, March 18, 2019",Phoenix Suns,Chicago Bulls,101,116,PHO,,,Team Totals,240,39,84,.464,7,26,.269,16,26,.615,9,29,38,24,5,5,12,22,101,,,Team Totals,240,.529,.506,.310,.310,19.1,72.5,43.7,61.5,5.1,6.8,11.2,100.0,103.0,118.3,
https://www.basketball-reference.com/boxscores/201903180POR.html,"10:30 PM, March 18, 2019",Portland Trail Blazers,Indiana Pacers,106,98,IND,,,Team Totals,240,35,83,.422,10,24,.417,18,22,.818,12,27,39,25,12,3,14,21,98,,,Team Totals,240,.529,.482,.289,.265,28.6,77.1,50.6,71.4,12.9,6.4,13.1,100.0,105.2,113.8,
https://www.basketball-reference.com/boxscores/201903180POR.html,"10:30 PM, March 18, 2019",Portland Trail Blazers,Indiana Pacers,106,98,POR,,,Team Totals,240,37,79,.468,13,32,.406,19,21,.905,8,30,38,24,8,9,18,23,106,,,Team Totals,240,.601,.551,.405,.266,22.9,71.4,49.4,64.9,8.6,15.3,16.9,100.0,113.8,105.2,
https://www.basketball-reference.com/boxscores/201903180SAS.html,"8:00 PM, March 18, 2019",San Antonio Spurs,Golden State Warriors,111,105,GSW,,,Team Totals,240,41,88,.466,13,39,.333,10,12,.833,7,36,43,27,7,6,13,20,105,,,Team Totals,240,.563,.540,.443,.136,16.3,78.3,48.3,65.9,7.2,9.7,12.2,100.0,108.5,114.7,
https://www.basketball-reference.com/boxscores/201903180SAS.html,"8:00 PM, March 18, 2019",San Antonio Spurs,Golden State Warriors,111,105,SAS,,,Team Totals,240,41,88,.466,10,26,.385,19,22,.864,10,36,46,20,7,5,10,12,111,,,Team Totals,240,.568,.523,.295,.250,21.7,83.7,51.7,48.8,7.2,10.2,9.3,100.0,114.7,108.5,
https://www.basketball-reference.com/boxscores/201903180TOR.html,"7:30 PM, March 18, 2019",Toronto Raptors,New York Knicks,128,92,NYK,,,Team Totals,240,28,85,.329,8,35,.229,28,32,.875,7,29,36,16,8,4,14,18,92,,,Team Totals,240,.464,.376,.412,.376,13.5,85.3,41.9,57.1,7.6,8.3,12.4,100.0,87.9,122.3,
https://www.basketball-reference.com/boxscores/201903180TOR.html,"7:30 PM, March 18, 2019",Toronto Raptors,New York Knicks,128,92,TOR,,,Team Totals,240,49,88,.557,17,40,.425,13,22,.591,5,45,50,36,5,6,15,22,128,,,Team Totals,240,.655,.653,.455,.250,14.7,86.5,58.1,73.5,4.8,12.0,13.3,100.0,122.3,87.9,
https://www.basketball-reference.com/boxscores/201903180WAS.html,"7:00 PM, March 18, 2019",Washington Wizards,Utah Jazz,95,116,UTA,,,Team Totals,240,49,91,.538,14,37,.378,4,6,.667,7,34,41,35,10,8,17,21,116,,,Team Totals,240,.619,.615,.407,.066,19.4,87.2,54.7,71.4,9.9,14.8,15.4,100.0,115.4,94.5,
https://www.basketball-reference.com/boxscores/201903180WAS.html,"7:00 PM, March 18, 2019",Washington Wizards,Utah Jazz,95,116,WAS,,,Team Totals,240,34,81,.420,8,27,.296,19,22,.864,5,29,34,20,9,2,16,16,95,,,Team Totals,240,.524,.469,.333,.272,12.8,80.6,45.3,58.8,9.0,3.7,15.0,100.0,94.5,115.4,
https://www.basketball-reference.com/boxscores/201903190ATL.html,"7:30 PM, March 19, 2019",Atlanta Hawks,Houston Rockets,105,121,HOU,,,Team Totals,240,40,78,.513,19,47,.404,22,30,.733,6,31,37,28,13,2,14,17,121,,,Team Totals,240,.663,.635,.603,.385,14.0,79.5,45.1,70.0,13.2,4.5,13.3,100.0,122.6,106.4,
https://www.basketball-reference.com/boxscores/201903190ATL.html,"7:30 PM, March 19, 2019",Atlanta Hawks,Houston Rockets,105,121,ATL,,,Team Totals,240,39,84,.464,15,40,.375,12,15,.800,8,37,45,30,6,1,19,23,105,,,Team Totals,240,.579,.554,.476,.179,20.5,86.0,54.9,76.9,6.1,3.2,17.3,100.0,106.4,122.6,
https://www.basketball-reference.com/boxscores/201903190CHO.html,"7:00 PM, March 19, 2019",Charlotte Hornets,Philadelphia 76ers,114,118,PHI,,,Team Totals,240,43,86,.500,11,32,.344,21,28,.750,6,38,44,29,5,4,7,27,118,,,Team Totals,240,.600,.564,.372,.326,14.3,79.2,48.9,67.4,5.1,8.3,6.6,100.0,119.9,115.9,
https://www.basketball-reference.com/boxscores/201903190CHO.html,"7:00 PM, March 19, 2019",Charlotte Hornets,Philadelphia 76ers,114,118,CHO,,,Team Totals,240,36,83,.434,9,35,.257,33,44,.750,10,36,46,16,3,2,9,22,114,,,Team Totals,240,.557,.488,.422,.530,20.8,85.7,51.1,44.4,3.0,3.7,8.1,100.0,115.9,119.9,
https://www.basketball-reference.com/boxscores/201903190LAC.html,"10:30 PM, March 19, 2019",Los Angeles Clippers,Indiana Pacers,115,109,IND,,,Team Totals,240,45,87,.517,7,21,.333,12,17,.706,11,35,46,30,8,6,20,20,109,,,Team Totals,240,.577,.557,.241,.195,27.5,77.8,54.1,66.7,7.9,10.9,17.5,100.0,107.2,113.1,
https://www.basketball-reference.com/boxscores/201903190LAC.html,"10:30 PM, March 19, 2019",Los Angeles Clippers,Indiana Pacers,115,109,LAC,,,Team Totals,240,43,89,.483,10,34,.294,19,27,.704,10,29,39,28,14,2,13,20,115,,,Team Totals,240,.570,.539,.382,.303,22.2,72.5,45.9,65.1,13.8,3.0,11.4,100.0,113.1,107.2,
https://www.basketball-reference.com/boxscores/201903190MIL.html,"8:00 PM, March 19, 2019",Milwaukee Bucks,Los Angeles Lakers,115,101,LAL,,,Team Totals,240,33,86,.384,16,43,.372,19,23,.826,8,34,42,20,9,5,19,18,101,,,Team Totals,240,.525,.477,.500,.267,16.0,73.9,43.8,60.6,8.6,11.9,16.5,100.0,96.4,109.8,
https://www.basketball-reference.com/boxscores/201903190MIL.html,"8:00 PM, March 19, 2019",Milwaukee Bucks,Los Angeles Lakers,115,101,MIL,,,Team Totals,240,41,89,.461,15,47,.319,18,27,.667,12,42,54,25,9,4,18,19,115,,,Team Totals,240,.570,.545,.528,.303,26.1,84.0,56.3,61.0,8.6,9.3,15.1,100.0,109.8,96.4,
https://www.basketball-reference.com/boxscores/201903190MIN.html,"8:00 PM, March 19, 2019",Minnesota Timberwolves,Golden State Warriors,107,117,GSW,,,Team Totals,240,44,91,.484,19,42,.452,10,14,.714,8,38,46,39,6,7,13,25,117,,,Team Totals,240,.602,.588,.462,.154,17.0,74.5,46.9,88.6,6.0,13.2,11.8,100.0,116.2,106.3,
https://www.basketball-reference.com/boxscores/201903190MIN.html,"8:00 PM, March 19, 2019",Minnesota Timberwolves,Golden State Warriors,107,117,MIN,,,Team Totals,240,36,89,.404,9,36,.250,26,32,.813,13,39,52,25,7,0,13,14,107,,,Team Totals,240,.519,.455,.404,.360,25.5,83.0,53.1,69.4,7.0,0.0,11.2,100.0,106.3,116.2,
https://www.basketball-reference.com/boxscores/201903190SAC.html,"10:00 PM, March 19, 2019",Sacramento Kings,Brooklyn Nets,121,123,BRK,,,Team Totals,240,47,94,.500,12,35,.343,17,23,.739,11,30,41,28,16,4,18,19,123,,,Team Totals,240,.591,.564,.372,.245,25.6,68.2,47.1,59.6,14.8,5.7,14.7,100.0,113.5,111.7,
https://www.basketball-reference.com/boxscores/201903190SAC.html,"10:00 PM, March 19, 2019",Sacramento Kings,Brooklyn Nets,121,123,SAC,,,Team Totals,240,49,95,.516,9,25,.360,14,20,.700,14,32,46,25,13,1,21,19,121,,,Team Totals,240,.583,.563,.263,.211,31.8,74.4,52.9,51.0,12.0,1.7,16.8,100.0,111.7,113.5,
https://www.basketball-reference.com/boxscores/201903200CHI.html,"8:00 PM, March 20, 2019",Chicago Bulls,Washington Wizards,126,120,WAS,,,Team Totals,265,44,93,.473,14,42,.333,18,23,.783,12,38,50,25,10,9,16,21,120,,,Team Totals,265,.582,.548,.452,.247,26.7,71.7,51.0,56.8,9.3,10.8,13.4,100.0,112.1,117.7,
https://www.basketball-reference.com/boxscores/201903200CHI.html,"8:00 PM, March 20, 2019",Chicago Bulls,Washington Wizards,126,120,CHI,,,Team Totals,265,50,106,.472,12,23,.522,14,17,.824,15,33,48,29,10,2,14,16,126,,,Team Totals,265,.555,.528,.217,.160,28.3,73.3,49.0,58.0,9.3,3.9,11.0,100.0,117.7,112.1,
https://www.basketball-reference.com/boxscores/201903200CLE.html,"7:00 PM, March 20, 2019",Cleveland Cavaliers,Milwaukee Bucks,107,102,MIL,,,Team Totals,240,36,91,.396,13,32,.406,17,21,.810,11,40,51,24,9,7,10,16,102,,,Team Totals,240,.509,.467,.352,.231,21.2,75.5,48.6,66.7,9.1,13.0,9.1,100.0,103.4,108.4,
https://www.basketball-reference.com/boxscores/201903200CLE.html,"7:00 PM, March 20, 2019",Cleveland Cavaliers,Milwaukee Bucks,107,102,CLE,,,Team Totals,240,39,93,.419,11,39,.282,18,24,.750,13,41,54,18,4,6,12,17,107,,,Team Totals,240,.517,.478,.419,.258,24.5,78.8,51.4,46.2,4.1,10.2,10.4,100.0,108.4,103.4,
https://www.basketball-reference.com/boxscores/201903200MEM.html,"8:00 PM, March 20, 2019",Memphis Grizzlies,Houston Rockets,126,125,HOU,,,Team Totals,265,42,94,.447,21,48,.438,20,20,1.000,11,28,39,19,10,4,14,27,125,,,Team Totals,265,.608,.559,.511,.213,23.4,65.1,43.3,45.2,9.7,7.7,12.0,100.0,121.0,121.9,
https://www.basketball-reference.com/boxscores/201903200MEM.html,"8:00 PM, March 20, 2019",Memphis Grizzlies,Houston Rockets,126,125,MEM,,,Team Totals,265,41,89,.461,13,37,.351,31,39,.795,15,36,51,20,8,0,17,19,126,,,Team Totals,265,.593,.534,.416,.438,34.9,76.6,56.7,48.8,7.7,0.0,13.8,100.0,121.9,121.0,
https://www.basketball-reference.com/boxscores/201903200NYK.html,"7:30 PM, March 20, 2019",New York Knicks,Utah Jazz,116,137,UTA,,,Team Totals,240,48,85,.565,20,42,.476,21,25,.840,7,33,40,38,7,3,10,18,137,,,Team Totals,240,.714,.682,.494,.294,17.9,80.5,50.0,79.2,7.1,5.5,9.4,100.0,138.6,117.3,
https://www.basketball-reference.com/boxscores/201903200NYK.html,"7:30 PM, March 20, 2019",New York Knicks,Utah Jazz,116,137,NYK,,,Team Totals,240,45,86,.523,13,31,.419,13,21,.619,8,32,40,23,6,6,14,21,116,,,Team Totals,240,.609,.599,.360,.244,19.5,82.1,50.0,51.1,6.1,14.0,12.8,100.0,117.3,138.6,
https://www.basketball-reference.com/boxscores/201903200OKC.html,"9:30 PM, March 20, 2019",Oklahoma City Thunder,Toronto Raptors,114,123,TOR,,,Team Totals,265,45,87,.517,14,36,.389,19,21,.905,6,46,52,30,11,5,19,27,123,,,Team Totals,265,.639,.598,.414,.241,15.8,74.2,52.0,66.7,9.9,8.3,16.5,100.0,110.6,102.5,
https://www.basketball-reference.com/boxscores/201903200OKC.html,"9:30 PM, March 20, 2019",Oklahoma City Thunder,Toronto Raptors,114,123,OKC,,,Team Totals,265,43,103,.417,13,43,.302,15,29,.517,16,32,48,22,6,2,17,22,114,,,Team Totals,265,.492,.481,.417,.282,25.8,84.2,48.0,51.2,5.4,3.9,12.8,100.0,102.5,110.6,
https://www.basketball-reference.com/boxscores/201903200ORL.html,"7:00 PM, March 20, 2019",Orlando Magic,New Orleans Pelicans,119,96,NOP,,,Team Totals,240,38,102,.373,10,34,.294,10,13,.769,14,35,49,24,9,2,13,15,96,,,Team Totals,240,.446,.422,.333,.127,23.7,63.6,43.0,63.2,8.8,3.1,10.8,100.0,94.2,116.8,
https://www.basketball-reference.com/boxscores/201903200ORL.html,"7:00 PM, March 20, 2019",Orlando Magic,New Orleans Pelicans,119,96,ORL,,,Team Totals,240,46,102,.451,15,38,.395,12,14,.857,20,45,65,28,8,10,14,14,119,,,Team Totals,240,.550,.525,.373,.137,36.4,76.3,57.0,60.9,7.9,14.7,11.5,100.0,116.8,94.2,
https://www.basketball-reference.com/boxscores/201903200PHI.html,"7:00 PM, March 20, 2019",Philadelphia 76ers,Boston Celtics,118,115,BOS,,,Team Totals,240,45,96,.469,12,32,.375,13,16,.813,10,36,46,22,1,3,9,25,115,,,Team Totals,240,.558,.531,.333,.167,21.3,67.9,46.0,48.9,1.0,5.3,8.0,100.0,116.9,119.9,
https://www.basketball-reference.com/boxscores/201903200PHI.html,"7:00 PM, March 20, 2019",Philadelphia 76ers,Boston Celtics,118,115,PHI,,,Team Totals,240,34,90,.378,11,33,.333,39,43,.907,17,37,54,23,5,5,9,17,118,,,Team Totals,240,.542,.439,.367,.478,32.1,78.7,54.0,67.6,5.1,7.8,7.6,100.0,119.9,116.9,
https://www.basketball-reference.com/boxscores/201903200POR.html,"10:00 PM, March 20, 2019",Portland Trail Blazers,Dallas Mavericks,126,118,DAL,,,Team Totals,240,43,87,.494,10,30,.333,22,25,.880,6,29,35,20,8,6,14,22,118,,,Team Totals,240,.602,.552,.345,.287,14.3,70.7,42.2,46.5,7.8,10.9,12.5,100.0,115.2,123.0,
https://www.basketball-reference.com/boxscores/201903200POR.html,"10:00 PM, March 20, 2019",Portland Trail Blazers,Dallas Mavericks,126,118,POR,,,Team Totals,240,45,91,.495,16,36,.444,20,25,.800,12,36,48,23,6,4,14,17,126,,,Team Totals,240,.618,.582,.396,.275,29.3,85.7,57.8,51.1,5.9,7.0,12.1,100.0,123.0,115.2,
https://www.basketball-reference.com/boxscores/201903200SAS.html,"8:30 PM, March 20, 2019",San Antonio Spurs,Miami Heat,105,110,MIA,,,Team Totals,240,40,86,.465,16,35,.457,14,18,.778,6,42,48,23,6,5,10,21,110,,,Team Totals,240,.586,.558,.407,.209,14.3,80.8,51.1,57.5,6.3,9.3,9.6,100.0,115.6,110.4,
https://www.basketball-reference.com/boxscores/201903200SAS.html,"8:30 PM, March 20, 2019",San Antonio Spurs,Miami Heat,105,110,SAS,,,Team Totals,240,38,88,.432,14,34,.412,15,21,.714,10,36,46,30,2,3,8,13,105,,,Team Totals,240,.540,.511,.386,.239,19.2,85.7,48.9,78.9,2.1,5.9,7.6,100.0,110.4,115.6,
https://www.basketball-reference.com/boxscores/201903210ATL.html,"7:30 PM, March 21, 2019",Atlanta Hawks,Utah Jazz,117,114,UTA,,,Team Totals,240,43,94,.457,10,32,.313,18,26,.692,14,35,49,25,12,3,15,24,114,,,Team Totals,240,.541,.511,.340,.277,29.2,79.5,53.3,58.1,11.6,6.4,12.5,100.0,110.3,113.3,
https://www.basketball-reference.com/boxscores/201903210ATL.html,"7:30 PM, March 21, 2019",Atlanta Hawks,Utah Jazz,117,114,ATL,,,Team Totals,240,41,87,.471,19,40,.475,16,23,.696,9,34,43,26,8,5,17,23,117,,,Team Totals,240,.602,.580,.460,.264,20.5,70.8,46.7,63.4,7.7,8.1,14.9,100.0,113.3,110.3,
https://www.basketball-reference.com/boxscores/201903210CHO.html,"7:00 PM, March 21, 2019",Charlotte Hornets,Minnesota Timberwolves,113,106,MIN,,,Team Totals,240,39,88,.443,10,28,.357,18,29,.621,9,40,49,23,6,7,13,21,106,,,Team Totals,240,.526,.500,.318,.330,18.4,72.7,47.1,59.0,5.8,9.9,11.4,100.0,102.9,109.7,
https://www.basketball-reference.com/boxscores/201903210CHO.html,"7:00 PM, March 21, 2019",Charlotte Hornets,Minnesota Timberwolves,113,106,CHO,,,Team Totals,240,43,100,.430,9,29,.310,18,24,.750,15,40,55,26,5,6,10,24,113,,,Team Totals,240,.511,.475,.290,.240,27.3,81.6,52.9,60.5,4.9,10.0,8.3,100.0,109.7,102.9,
https://www.basketball-reference.com/boxscores/201903210GSW.html,"10:30 PM, March 21, 2019",Golden State Warriors,Indiana Pacers,112,89,IND,,,Team Totals,240,35,91,.385,6,23,.261,13,17,.765,12,35,47,17,7,3,16,18,89,,,Team Totals,240,.452,.418,.253,.187,23.1,77.8,48.5,48.6,7.0,5.7,14.0,100.0,88.7,111.6,
https://www.basketball-reference.com/boxscores/201903210GSW.html,"10:30 PM, March 21, 2019",Golden State Warriors,Indiana Pacers,112,89,GSW,,,Team Totals,240,44,89,.494,13,36,.361,11,16,.688,10,40,50,32,6,8,16,19,112,,,Team Totals,240,.583,.567,.404,.180,22.2,76.9,51.5,72.7,6.0,11.8,14.3,100.0,111.6,88.7,
https://www.basketball-reference.com/boxscores/201903210PHO.html,"10:00 PM, March 21, 2019",Phoenix Suns,Detroit Pistons,98,118,DET,,,Team Totals,240,38,90,.422,17,42,.405,25,34,.735,19,27,46,23,11,6,15,26,118,,,Team Totals,240,.562,.517,.467,.378,40.4,79.4,56.8,60.5,11.6,12.8,12.5,100.0,124.1,103.1,
https://www.basketball-reference.com/boxscores/201903210PHO.html,"10:00 PM, March 21, 2019",Phoenix Suns,Detroit Pistons,98,118,PHO,,,Team Totals,240,35,73,.479,7,26,.269,21,26,.808,7,28,35,22,6,4,19,27,98,,,Team Totals,240,.580,.527,.356,.356,20.6,59.6,43.2,62.9,6.3,8.3,18.4,100.0,103.1,124.1,
https://www.basketball-reference.com/boxscores/201903210SAC.html,"10:00 PM, March 21, 2019",Sacramento Kings,Dallas Mavericks,116,100,DAL,,,Team Totals,240,36,92,.391,12,40,.300,16,23,.696,9,34,43,23,5,6,8,22,100,,,Team Totals,240,.490,.457,.435,.250,16.4,73.9,42.6,63.9,5.1,11.5,7.3,100.0,101.6,117.9,
https://www.basketball-reference.com/boxscores/201903210SAC.html,"10:00 PM, March 21, 2019",Sacramento Kings,Dallas Mavericks,116,100,SAC,,,Team Totals,240,41,87,.471,13,35,.371,21,28,.750,12,46,58,24,7,9,12,18,116,,,Team Totals,240,.584,.546,.402,.322,26.1,83.6,57.4,58.5,7.1,17.3,10.8,100.0,117.9,101.6,
https://www.basketball-reference.com/boxscores/201903210WAS.html,"7:00 PM, March 21, 2019",Washington Wizards,Denver Nuggets,108,113,DEN,,,Team Totals,240,46,87,.529,14,30,.467,7,11,.636,9,31,40,30,9,4,8,20,113,,,Team Totals,240,.615,.609,.345,.126,22.0,83.8,51.3,65.2,9.9,7.8,8.0,100.0,123.9,118.4,
https://www.basketball-reference.com/boxscores/201903210WAS.html,"7:00 PM, March 21, 2019",Washington Wizards,Denver Nuggets,108,113,WAS,,,Team Totals,240,40,79,.506,8,28,.286,20,21,.952,6,32,38,25,4,2,12,15,108,,,Team Totals,240,.612,.557,.354,.266,16.2,78.0,48.7,62.5,4.4,3.5,12.0,100.0,118.4,123.9,
https://www.basketball-reference.com/boxscores/201903220CLE.html,"7:30 PM, March 22, 2019",Cleveland Cavaliers,Los Angeles Clippers,108,110,LAC,,,Team Totals,240,42,82,.512,6,26,.231,20,23,.870,7,36,43,24,6,6,12,16,110,,,Team Totals,240,.597,.549,.317,.280,17.5,81.8,51.2,57.1,6.2,10.2,11.5,100.0,113.0,110.9,
https://www.basketball-reference.com/boxscores/201903220CLE.html,"7:30 PM, March 22, 2019",Cleveland Cavaliers,Los Angeles Clippers,108,110,CLE,,,Team Totals,240,43,90,.478,12,31,.387,10,13,.769,8,33,41,14,7,2,13,22,108,,,Team Totals,240,.564,.544,.344,.144,18.2,82.5,48.8,32.6,7.2,3.6,12.0,100.0,110.9,113.0,
https://www.basketball-reference.com/boxscores/201903220HOU.html,"8:00 PM, March 22, 2019",Houston Rockets,San Antonio Spurs,111,105,SAS,,,Team Totals,240,41,90,.456,7,24,.292,16,17,.941,9,39,48,27,6,7,11,23,105,,,Team Totals,240,.539,.494,.267,.189,18.4,83.0,50.0,65.9,6.1,14.3,10.1,100.0,106.1,112.2,
https://www.basketball-reference.com/boxscores/201903220HOU.html,"8:00 PM, March 22, 2019",Houston Rockets,San Antonio Spurs,111,105,HOU,,,Team Totals,240,36,86,.419,14,37,.378,25,32,.781,8,40,48,12,5,4,10,19,111,,,Team Totals,240,.555,.500,.430,.372,17.0,81.6,50.0,33.3,5.1,6.1,9.1,100.0,112.2,106.1,
https://www.basketball-reference.com/boxscores/201903220LAL.html,"10:30 PM, March 22, 2019",Los Angeles Lakers,Brooklyn Nets,106,111,BRK,,,Team Totals,240,37,92,.402,16,42,.381,21,28,.750,11,36,47,21,8,4,14,25,111,,,Team Totals,240,.532,.489,.457,.304,21.6,65.5,44.3,56.8,7.7,6.7,11.8,100.0,107.0,102.2,
https://www.basketball-reference.com/boxscores/201903220LAL.html,"10:30 PM, March 22, 2019",Los Angeles Lakers,Brooklyn Nets,106,111,LAL,,,Team Totals,240,37,96,.385,9,36,.250,23,32,.719,19,40,59,21,8,9,16,26,106,,,Team Totals,240,.481,.432,.375,.333,34.5,78.4,55.7,56.8,7.7,18.0,12.7,100.0,102.2,107.0,
https://www.basketball-reference.com/boxscores/201903220MIL.html,"8:30 PM, March 22, 2019",Milwaukee Bucks,Miami Heat,116,87,MIA,,,Team Totals,240,32,85,.376,11,37,.297,12,23,.522,10,30,40,20,7,6,13,18,87,,,Team Totals,240,.457,.441,.435,.271,18.9,76.9,43.5,62.5,7.2,11.8,12.0,100.0,89.2,118.9,
https://www.basketball-reference.com/boxscores/201903220MIL.html,"8:30 PM, March 22, 2019",Milwaukee Bucks,Miami Heat,116,87,MIL,,,Team Totals,240,43,85,.506,17,34,.500,13,20,.650,9,43,52,33,5,5,16,23,116,,,Team Totals,240,.618,.606,.400,.235,23.1,81.1,56.5,76.7,5.1,10.4,14.6,100.0,118.9,89.2,
https://www.basketball-reference.com/boxscores/201903220NYK.html,"7:30 PM, March 22, 2019",New York Knicks,Denver Nuggets,93,111,DEN,,,Team Totals,240,40,96,.417,15,38,.395,16,19,.842,17,45,62,24,5,5,9,15,111,,,Team Totals,240,.532,.495,.396,.198,31.5,84.9,57.9,60.0,5.3,8.6,7.9,100.0,116.8,97.8,
https://www.basketball-reference.com/boxscores/201903220NYK.html,"7:30 PM, March 22, 2019",New York Knicks,Denver Nuggets,93,111,NYK,,,Team Totals,240,34,90,.378,9,32,.281,16,21,.762,8,37,45,20,3,5,7,15,93,,,Team Totals,240,.469,.428,.356,.233,15.1,68.5,42.1,58.8,3.2,8.6,6.6,100.0,97.8,116.8,
https://www.basketball-reference.com/boxscores/201903220ORL.html,"7:00 PM, March 22, 2019",Orlando Magic,Memphis Grizzlies,123,119,MEM,,,Team Totals,265,47,93,.505,15,38,.395,10,21,.476,10,42,52,28,5,6,13,24,119,,,Team Totals,265,.582,.586,.409,.226,20.0,91.3,54.2,59.6,4.7,11.1,11.3,100.0,111.8,115.6,
https://www.basketball-reference.com/boxscores/201903220ORL.html,"7:00 PM, March 22, 2019",Orlando Magic,Memphis Grizzlies,123,119,ORL,,,Team Totals,265,44,93,.473,14,39,.359,21,27,.778,4,40,44,30,6,5,9,16,123,,,Team Totals,265,.586,.548,.419,.290,8.7,80.0,45.8,68.2,5.6,9.1,7.9,100.0,115.6,111.8,
https://www.basketball-reference.com/boxscores/201903220TOR.html,"7:30 PM, March 22, 2019",Toronto Raptors,Oklahoma City Thunder,109,116,OKC,,,Team Totals,240,42,94,.447,20,43,.465,12,14,.857,12,27,39,30,9,6,13,21,116,,,Team Totals,240,.579,.553,.457,.149,25.5,71.1,45.9,71.4,9.2,11.3,11.5,100.0,119.1,112.0,
https://www.basketball-reference.com/boxscores/201903220TOR.html,"7:30 PM, March 22, 2019",Toronto Raptors,Oklahoma City Thunder,109,116,TOR,,,Team Totals,240,39,78,.500,13,25,.520,18,21,.857,11,35,46,20,7,7,22,24,109,,,Team Totals,240,.625,.583,.321,.269,28.9,74.5,54.1,51.3,7.2,13.7,20.1,100.0,112.0,119.1,
https://www.basketball-reference.com/boxscores/201903230ATL.html,"7:30 PM, March 23, 2019",Atlanta Hawks,Philadelphia 76ers,129,127,PHI,,,Team Totals,240,42,91,.462,10,23,.435,33,39,.846,14,38,52,21,7,4,14,15,127,,,Team Totals,240,.587,.516,.253,.429,29.2,71.7,51.5,50.0,6.5,6.8,11.5,100.0,118.4,120.3,
https://www.basketball-reference.com/boxscores/201903230ATL.html,"7:30 PM, March 23, 2019",Atlanta Hawks,Philadelphia 76ers,129,127,ATL,,,Team Totals,240,49,106,.462,15,47,.319,16,21,.762,15,34,49,28,8,7,12,25,129,,,Team Totals,240,.560,.533,.443,.198,28.3,70.8,48.5,57.1,7.5,10.3,9.4,100.0,120.3,118.4,
https://www.basketball-reference.com/boxscores/201903230CHI.html,"8:00 PM, March 23, 2019",Chicago Bulls,Utah Jazz,83,114,UTA,,,Team Totals,240,46,95,.484,11,32,.344,11,15,.733,12,46,58,27,7,8,12,17,114,,,Team Totals,240,.561,.542,.337,.158,26.1,80.7,56.3,58.7,7.0,10.5,10.6,100.0,114.5,83.4,
https://www.basketball-reference.com/boxscores/201903230CHI.html,"8:00 PM, March 23, 2019",Chicago Bulls,Utah Jazz,83,114,CHI,,,Team Totals,240,33,92,.359,2,16,.125,15,20,.750,11,34,45,16,6,3,12,16,83,,,Team Totals,240,.412,.370,.174,.217,19.3,73.9,43.7,48.5,6.0,4.8,10.6,100.0,83.4,114.5,
https://www.basketball-reference.com/boxscores/201903230CHO.html,"6:00 PM, March 23, 2019",Charlotte Hornets,Boston Celtics,124,117,BOS,,,Team Totals,240,44,93,.473,19,43,.442,10,15,.667,7,35,42,31,6,8,11,23,117,,,Team Totals,240,.587,.575,.462,.161,15.2,71.4,44.2,70.5,5.9,14.0,9.9,100.0,115.3,122.2,
https://www.basketball-reference.com/boxscores/201903230CHO.html,"6:00 PM, March 23, 2019",Charlotte Hornets,Boston Celtics,124,117,CHO,,,Team Totals,240,42,95,.442,18,38,.474,22,28,.786,14,39,53,26,7,5,11,15,124,,,Team Totals,240,.578,.537,.400,.295,28.6,84.8,55.8,61.9,6.9,10.0,9.3,100.0,122.2,115.3,
https://www.basketball-reference.com/boxscores/201903230GSW.html,"8:30 PM, March 23, 2019",Golden State Warriors,Dallas Mavericks,91,126,DAL,,,Team Totals,240,44,83,.530,21,49,.429,17,22,.773,8,41,49,33,7,2,10,22,126,,,Team Totals,240,.680,.657,.590,.265,22.2,83.7,57.6,75.0,7.3,3.3,9.7,100.0,131.6,95.0,
https://www.basketball-reference.com/boxscores/201903230GSW.html,"8:30 PM, March 23, 2019",Golden State Warriors,Dallas Mavericks,91,126,GSW,,,Team Totals,240,36,90,.400,4,30,.133,15,21,.714,8,28,36,22,6,2,10,22,91,,,Team Totals,240,.458,.422,.333,.233,16.3,77.8,42.4,61.1,6.3,5.9,9.2,100.0,95.0,131.6,
https://www.basketball-reference.com/boxscores/201903230MEM.html,"8:00 PM, March 23, 2019",Memphis Grizzlies,Minnesota Timberwolves,99,112,MIN,,,Team Totals,240,40,83,.482,12,26,.462,20,21,.952,13,36,49,25,7,10,19,20,112,,,Team Totals,240,.607,.554,.313,.253,32.5,64.3,51.0,62.5,7.3,15.9,17.1,100.0,116.5,103.0,
https://www.basketball-reference.com/boxscores/201903230MEM.html,"8:00 PM, March 23, 2019",Memphis Grizzlies,Minnesota Timberwolves,99,112,MEM,,,Team Totals,240,36,96,.375,10,33,.303,17,22,.773,20,27,47,22,8,4,15,22,99,,,Team Totals,240,.468,.427,.344,.229,35.7,67.5,49.0,61.1,8.3,7.0,12.4,100.0,103.0,116.5,
https://www.basketball-reference.com/boxscores/201903230POR.html,"10:00 PM, March 23, 2019",Portland Trail Blazers,Detroit Pistons,117,112,DET,,,Team Totals,240,42,84,.500,14,34,.412,14,14,1.000,6,23,29,24,9,3,8,21,112,,,Team Totals,240,.621,.583,.405,.167,16.2,67.6,40.8,57.1,10.0,5.7,8.1,100.0,124.0,129.5,
https://www.basketball-reference.com/boxscores/201903230POR.html,"10:00 PM, March 23, 2019",Portland Trail Blazers,Detroit Pistons,117,112,POR,,,Team Totals,240,43,79,.544,11,26,.423,20,27,.741,11,31,42,22,4,4,13,14,117,,,Team Totals,240,.644,.614,.329,.342,32.4,83.8,59.2,51.2,4.4,8.0,12.5,100.0,129.5,124.0,
https://www.basketball-reference.com/boxscores/201903230SAC.html,"10:00 PM, March 23, 2019",Sacramento Kings,Phoenix Suns,112,103,PHO,,,Team Totals,240,36,88,.409,9,34,.265,22,26,.846,10,33,43,25,10,4,14,21,103,,,Team Totals,240,.518,.460,.386,.295,20.8,71.7,45.7,69.4,10.0,7.4,12.3,100.0,103.2,112.2,
https://www.basketball-reference.com/boxscores/201903230SAC.html,"10:00 PM, March 23, 2019",Sacramento Kings,Phoenix Suns,112,103,SAC,,,Team Totals,240,39,92,.424,17,38,.447,17,22,.773,13,38,51,25,7,3,14,19,112,,,Team Totals,240,.551,.516,.413,.239,28.3,79.2,54.3,64.1,7.0,5.6,12.1,100.0,112.2,103.2,
https://www.basketball-reference.com/boxscores/201903230WAS.html,"7:00 PM, March 23, 2019",Washington Wizards,Miami Heat,108,113,MIA,,,Team Totals,240,44,88,.500,12,39,.308,13,19,.684,12,32,44,29,5,10,12,23,113,,,Team Totals,240,.586,.568,.443,.216,27.3,60.4,45.4,65.9,5.3,15.2,11.1,100.0,119.8,114.5,
https://www.basketball-reference.com/boxscores/201903230WAS.html,"7:00 PM, March 23, 2019",Washington Wizards,Miami Heat,108,113,WAS,,,Team Totals,240,41,96,.427,9,30,.300,17,23,.739,21,32,53,25,5,2,12,20,108,,,Team Totals,240,.509,.474,.313,.240,39.6,72.7,54.6,61.0,5.3,4.1,10.2,100.0,114.5,119.8,
https://www.basketball-reference.com/boxscores/201903240BOS.html,"7:30 PM, March 24, 2019",Boston Celtics,San Antonio Spurs,96,115,SAS,,,Team Totals,240,50,98,.510,8,24,.333,7,8,.875,11,40,51,32,1,4,8,19,115,,,Team Totals,240,.566,.551,.245,.082,24.4,78.4,53.1,64.0,1.0,6.8,7.3,100.0,119.7,99.9,
https://www.basketball-reference.com/boxscores/201903240BOS.html,"7:30 PM, March 24, 2019",Boston Celtics,San Antonio Spurs,96,115,BOS,,,Team Totals,240,38,94,.404,7,35,.200,13,16,.813,11,34,45,23,4,2,8,14,96,,,Team Totals,240,.475,.441,.372,.170,21.6,75.6,46.9,60.5,4.2,2.7,7.3,100.0,99.9,119.7,
https://www.basketball-reference.com/boxscores/201903240GSW.html,"8:30 PM, March 24, 2019",Golden State Warriors,Detroit Pistons,121,114,DET,,,Team Totals,240,39,84,.464,12,31,.387,24,25,.960,10,19,29,25,6,0,8,13,114,,,Team Totals,240,.600,.536,.369,.298,25.0,73.1,43.9,64.1,6.7,0.0,7.8,100.0,127.0,134.8,
https://www.basketball-reference.com/boxscores/201903240GSW.html,"8:30 PM, March 24, 2019",Golden State Warriors,Detroit Pistons,121,114,GSW,,,Team Totals,240,46,74,.622,13,25,.520,16,19,.842,7,30,37,31,3,5,16,23,121,,,Team Totals,240,.735,.709,.338,.257,26.9,75.0,56.1,67.4,3.3,9.4,16.3,100.0,134.8,127.0,
https://www.basketball-reference.com/boxscores/201903240IND.html,"5:00 PM, March 24, 2019",Indiana Pacers,Denver Nuggets,124,88,DEN,,,Team Totals,240,33,93,.355,7,29,.241,15,16,.938,15,26,41,21,5,7,17,17,88,,,Team Totals,240,.440,.392,.312,.172,27.8,72.2,45.6,63.6,5.1,9.6,14.5,100.0,90.0,126.9,
https://www.basketball-reference.com/boxscores/201903240IND.html,"5:00 PM, March 24, 2019",Indiana Pacers,Denver Nuggets,124,88,IND,,,Team Totals,240,51,91,.560,8,18,.444,14,17,.824,10,39,49,34,9,5,11,17,124,,,Team Totals,240,.630,.604,.198,.187,27.8,72.2,54.4,66.7,9.2,7.8,10.0,100.0,126.9,90.0,
https://www.basketball-reference.com/boxscores/201903240LAL.html,"9:30 PM, March 24, 2019",Los Angeles Lakers,Sacramento Kings,111,106,SAC,,,Team Totals,240,39,104,.375,14,33,.424,14,23,.609,16,34,50,27,13,4,8,22,106,,,Team Totals,240,.464,.442,.317,.221,25.4,79.1,47.2,69.2,12.4,8.9,6.6,100.0,101.0,105.8,
https://www.basketball-reference.com/boxscores/201903240LAL.html,"9:30 PM, March 24, 2019",Los Angeles Lakers,Sacramento Kings,111,106,LAL,,,Team Totals,240,39,85,.459,13,40,.325,20,24,.833,9,47,56,29,4,8,22,22,111,,,Team Totals,240,.581,.535,.471,.282,20.9,74.6,52.8,74.4,3.8,11.3,18.7,100.0,105.8,101.0,
https://www.basketball-reference.com/boxscores/201903240MIL.html,"4:30 PM, March 24, 2019",Milwaukee Bucks,Cleveland Cavaliers,127,105,CLE,,,Team Totals,240,41,96,.427,11,41,.268,12,17,.706,12,33,45,23,6,1,12,21,105,,,Team Totals,240,.507,.484,.427,.177,22.6,89.2,50.0,56.1,6.0,2.2,10.4,100.0,104.3,126.1,
https://www.basketball-reference.com/boxscores/201903240MIL.html,"4:30 PM, March 24, 2019",Milwaukee Bucks,Cleveland Cavaliers,127,105,MIL,,,Team Totals,240,48,87,.552,15,41,.366,16,21,.762,4,41,45,26,8,7,9,13,127,,,Team Totals,240,.660,.638,.471,.241,10.8,77.4,50.0,54.2,7.9,12.7,8.6,100.0,126.1,104.3,
https://www.basketball-reference.com/boxscores/201903240NOP.html,"7:00 PM, March 24, 2019",New Orleans Pelicans,Houston Rockets,90,113,HOU,,,Team Totals,240,42,86,.488,21,49,.429,8,9,.889,13,37,50,24,10,5,19,16,113,,,Team Totals,240,.628,.610,.570,.105,31.0,71.2,53.2,57.1,10.6,7.8,17.4,100.0,120.0,95.6,
https://www.basketball-reference.com/boxscores/201903240NOP.html,"7:00 PM, March 24, 2019",New Orleans Pelicans,Houston Rockets,90,113,NOP,,,Team Totals,240,38,92,.413,7,28,.250,7,10,.700,15,29,44,26,9,3,15,9,90,,,Team Totals,240,.467,.451,.304,.109,28.8,69.0,46.8,68.4,9.6,8.1,13.5,100.0,95.6,120.0,
https://www.basketball-reference.com/boxscores/201903240NYK.html,"12:00 PM, March 24, 2019",New York Knicks,Los Angeles Clippers,113,124,LAC,,,Team Totals,240,38,86,.442,15,35,.429,33,37,.892,12,30,42,24,7,4,9,19,124,,,Team Totals,240,.606,.529,.407,.430,27.9,69.8,48.8,63.2,7.3,7.5,8.1,100.0,129.2,117.8,
https://www.basketball-reference.com/boxscores/201903240NYK.html,"12:00 PM, March 24, 2019",New York Knicks,Los Angeles Clippers,113,124,NYK,,,Team Totals,240,41,86,.477,9,33,.273,22,25,.880,13,31,44,22,5,7,15,24,113,,,Team Totals,240,.582,.529,.384,.291,30.2,72.1,51.2,53.7,5.2,13.7,13.4,100.0,117.8,129.2,
https://www.basketball-reference.com/boxscores/201903240TOR.html,"6:00 PM, March 24, 2019",Toronto Raptors,Charlotte Hornets,114,115,CHO,,,Team Totals,240,41,93,.441,18,41,.439,15,17,.882,14,25,39,32,12,3,8,17,115,,,Team Totals,240,.572,.538,.441,.183,30.4,89.3,52.7,78.0,13.2,5.9,7.4,100.0,126.1,125.0,
https://www.basketball-reference.com/boxscores/201903240TOR.html,"6:00 PM, March 24, 2019",Toronto Raptors,Charlotte Hornets,114,115,TOR,,,Team Totals,240,45,77,.584,11,26,.423,13,13,1.000,3,32,35,29,6,11,13,17,114,,,Team Totals,240,.689,.656,.338,.169,10.7,69.6,47.3,64.4,6.6,21.2,13.6,100.0,125.0,126.1,
https://www.basketball-reference.com/boxscores/201903250MEM.html,"8:00 PM, March 25, 2019",Memphis Grizzlies,Oklahoma City Thunder,115,103,OKC,,,Team Totals,240,38,95,.400,12,36,.333,15,20,.750,12,29,41,17,8,4,10,25,103,,,Team Totals,240,.496,.463,.379,.211,21.4,69.0,41.8,44.7,8.0,7.1,8.8,100.0,102.9,114.9,
https://www.basketball-reference.com/boxscores/201903250MEM.html,"8:00 PM, March 25, 2019",Memphis Grizzlies,Oklahoma City Thunder,115,103,MEM,,,Team Totals,240,40,89,.449,11,33,.333,24,31,.774,13,44,57,31,8,3,15,18,115,,,Team Totals,240,.560,.511,.371,.348,31.0,78.6,58.2,77.5,8.0,5.1,12.8,100.0,114.9,102.9,
https://www.basketball-reference.com/boxscores/201903250ORL.html,"7:00 PM, March 25, 2019",Orlando Magic,Philadelphia 76ers,119,98,PHI,,,Team Totals,240,36,73,.493,6,23,.261,20,26,.769,6,33,39,20,4,2,15,18,98,,,Team Totals,240,.580,.534,.315,.356,16.2,71.7,47.0,55.6,4.4,3.4,15.1,100.0,107.4,130.4,
https://www.basketball-reference.com/boxscores/201903250ORL.html,"7:00 PM, March 25, 2019",Orlando Magic,Philadelphia 76ers,119,98,ORL,,,Team Totals,240,45,87,.517,11,29,.379,18,23,.783,13,31,44,28,9,2,7,18,119,,,Team Totals,240,.613,.580,.333,.264,28.3,83.8,53.0,62.2,9.9,4.0,6.7,100.0,130.4,107.4,
https://www.basketball-reference.com/boxscores/201903250POR.html,"10:00 PM, March 25, 2019",Portland Trail Blazers,Brooklyn Nets,148,144,BRK,,,Team Totals,290,49,103,.476,15,42,.357,31,44,.705,15,44,59,25,3,4,16,31,144,,,Team Totals,290,.588,.549,.408,.427,27.8,73.3,51.8,51.0,2.5,5.3,11.6,100.0,119.2,122.5,
https://www.basketball-reference.com/boxscores/201903250POR.html,"10:00 PM, March 25, 2019",Portland Trail Blazers,Brooklyn Nets,148,144,POR,,,Team Totals,290,53,121,.438,14,45,.311,28,36,.778,16,39,55,35,9,5,5,30,148,,,Team Totals,290,.541,.496,.372,.298,26.7,72.2,48.2,66.0,7.5,8.2,3.5,100.0,122.5,119.2,
https://www.basketball-reference.com/boxscores/201903250UTA.html,"9:00 PM, March 25, 2019",Utah Jazz,Phoenix Suns,125,92,PHO,,,Team Totals,240,31,76,.408,7,23,.304,23,28,.821,9,27,36,12,8,3,22,18,92,,,Team Totals,240,.521,.454,.303,.368,21.4,73.0,45.6,38.7,8.1,4.6,19.9,100.0,93.4,126.8,
https://www.basketball-reference.com/boxscores/201903250UTA.html,"9:00 PM, March 25, 2019",Utah Jazz,Phoenix Suns,125,92,UTA,,,Team Totals,240,48,86,.558,10,21,.476,19,23,.826,10,33,43,31,11,4,14,23,125,,,Team Totals,240,.650,.616,.244,.267,27.0,78.6,54.4,64.6,11.2,7.5,12.7,100.0,126.8,93.4,
https://www.basketball-reference.com/boxscores/201903260CHO.html,"7:00 PM, March 26, 2019",Charlotte Hornets,San Antonio Spurs,125,116,SAS,,,Team Totals,265,44,108,.407,13,39,.333,15,21,.714,17,43,60,24,4,5,13,21,116,,,Team Totals,265,.495,.468,.361,.194,29.8,89.6,57.1,54.5,3.6,8.6,10.0,100.0,105.4,113.6,
https://www.basketball-reference.com/boxscores/201903260CHO.html,"7:00 PM, March 26, 2019",Charlotte Hornets,San Antonio Spurs,125,116,CHO,,,Team Totals,265,46,100,.460,13,42,.310,20,28,.714,5,40,45,30,9,5,6,18,125,,,Team Totals,265,.556,.525,.420,.280,10.4,70.2,42.9,65.2,8.2,7.2,5.1,100.0,113.6,105.4,
https://www.basketball-reference.com/boxscores/201903260CLE.html,"7:00 PM, March 26, 2019",Cleveland Cavaliers,Boston Celtics,106,116,BOS,,,Team Totals,240,46,91,.505,10,25,.400,14,19,.737,11,35,46,23,8,3,10,21,116,,,Team Totals,240,.584,.560,.275,.209,25.0,92.1,56.1,50.0,8.1,5.8,9.1,100.0,117.1,107.0,
https://www.basketball-reference.com/boxscores/201903260CLE.html,"7:00 PM, March 26, 2019",Cleveland Cavaliers,Boston Celtics,106,116,CLE,,,Team Totals,240,39,80,.488,9,28,.321,19,25,.760,3,33,36,24,4,1,15,21,106,,,Team Totals,240,.582,.544,.350,.313,7.9,75.0,43.9,61.5,4.0,1.5,14.2,100.0,107.0,117.1,
https://www.basketball-reference.com/boxscores/201903260DAL.html,"8:30 PM, March 26, 2019",Dallas Mavericks,Sacramento Kings,121,125,SAC,,,Team Totals,240,44,87,.506,10,23,.435,27,32,.844,12,25,37,27,4,1,7,23,125,,,Team Totals,240,.618,.563,.264,.368,27.9,78.1,49.3,61.4,4.3,3.1,6.5,100.0,134.5,130.2,
https://www.basketball-reference.com/boxscores/201903260DAL.html,"8:30 PM, March 26, 2019",Dallas Mavericks,Sacramento Kings,121,125,DAL,,,Team Totals,240,39,77,.506,15,45,.333,28,32,.875,7,31,38,27,1,6,11,26,121,,,Team Totals,240,.664,.604,.584,.416,21.9,72.1,50.7,69.2,1.1,9.4,10.8,100.0,130.2,134.5,
https://www.basketball-reference.com/boxscores/201903260DEN.html,"9:00 PM, March 26, 2019",Denver Nuggets,Detroit Pistons,95,92,DET,,,Team Totals,240,36,102,.353,11,42,.262,9,13,.692,17,39,56,19,5,2,6,21,92,,,Team Totals,240,.427,.407,.412,.127,27.4,78.0,50.0,52.8,5.2,3.3,5.3,100.0,96.3,99.4,
https://www.basketball-reference.com/boxscores/201903260DEN.html,"9:00 PM, March 26, 2019",Denver Nuggets,Detroit Pistons,95,92,DEN,,,Team Totals,240,37,87,.425,7,27,.259,14,20,.700,11,45,56,22,3,2,14,19,95,,,Team Totals,240,.496,.466,.310,.230,22.0,72.6,50.0,59.5,3.1,3.3,12.8,100.0,99.4,96.3,
https://www.basketball-reference.com/boxscores/201903260LAL.html,"10:30 PM, March 26, 2019",Los Angeles Lakers,Washington Wizards,124,106,WAS,,,Team Totals,240,39,90,.433,6,32,.188,22,27,.815,11,28,39,21,5,4,17,20,106,,,Team Totals,240,.520,.467,.356,.300,22.0,68.3,42.9,53.8,4.8,7.1,14.3,100.0,101.4,118.6,
https://www.basketball-reference.com/boxscores/201903260LAL.html,"10:30 PM, March 26, 2019",Los Angeles Lakers,Washington Wizards,124,106,LAL,,,Team Totals,240,48,89,.539,11,33,.333,17,23,.739,13,39,52,37,9,5,19,21,124,,,Team Totals,240,.626,.601,.371,.258,31.7,78.0,57.1,77.1,8.6,8.6,16.1,100.0,118.6,101.4,
https://www.basketball-reference.com/boxscores/201903260MIA.html,"7:30 PM, March 26, 2019",Miami Heat,Orlando Magic,99,104,ORL,,,Team Totals,240,37,89,.416,14,42,.333,16,23,.696,15,40,55,27,5,5,15,19,104,,,Team Totals,240,.525,.494,.472,.258,31.3,87.0,58.5,73.0,5.1,9.4,13.1,100.0,106.5,101.4,
https://www.basketball-reference.com/boxscores/201903260MIA.html,"7:30 PM, March 26, 2019",Miami Heat,Orlando Magic,99,104,MIA,,,Team Totals,240,36,86,.419,10,33,.303,17,21,.810,6,33,39,25,10,1,12,22,99,,,Team Totals,240,.520,.477,.384,.244,13.0,68.8,41.5,69.4,10.2,2.1,11.2,100.0,101.4,106.5,
https://www.basketball-reference.com/boxscores/201903260MIL.html,"8:00 PM, March 26, 2019",Milwaukee Bucks,Houston Rockets,108,94,HOU,,,Team Totals,240,36,99,.364,16,52,.308,6,7,.857,8,38,46,17,7,5,13,15,94,,,Team Totals,240,.460,.444,.525,.071,13.8,79.2,43.4,47.2,6.7,8.3,11.3,100.0,89.9,103.3,
https://www.basketball-reference.com/boxscores/201903260MIL.html,"8:00 PM, March 26, 2019",Milwaukee Bucks,Houston Rockets,108,94,MIL,,,Team Totals,240,42,94,.447,14,34,.412,10,13,.769,10,50,60,24,10,6,16,11,108,,,Team Totals,240,.542,.521,.362,.138,20.8,86.2,56.6,57.1,9.6,12.8,13.8,100.0,103.3,89.9,
https://www.basketball-reference.com/boxscores/201903260MIN.html,"8:00 PM, March 26, 2019",Minnesota Timberwolves,Los Angeles Clippers,111,122,LAC,,,Team Totals,240,46,85,.541,16,32,.500,14,14,1.000,3,48,51,30,8,4,18,26,122,,,Team Totals,240,.669,.635,.376,.165,8.3,82.8,54.3,65.2,7.5,6.0,16.5,100.0,114.8,104.4,
https://www.basketball-reference.com/boxscores/201903260MIN.html,"8:00 PM, March 26, 2019",Minnesota Timberwolves,Los Angeles Clippers,111,122,MIN,,,Team Totals,240,41,94,.436,9,27,.333,20,33,.606,10,33,43,22,13,1,10,18,111,,,Team Totals,240,.511,.484,.287,.351,17.2,91.7,45.7,53.7,12.2,1.9,8.4,100.0,104.4,114.8,
https://www.basketball-reference.com/boxscores/201903260NOP.html,"8:00 PM, March 26, 2019",New Orleans Pelicans,Atlanta Hawks,120,130,ATL,,,Team Totals,240,44,97,.454,19,51,.373,23,26,.885,9,32,41,30,13,4,16,26,130,,,Team Totals,240,.599,.552,.526,.268,19.6,80.0,47.7,68.2,11.5,8.2,12.9,100.0,115.1,106.2,
https://www.basketball-reference.com/boxscores/201903260NOP.html,"8:00 PM, March 26, 2019",New Orleans Pelicans,Atlanta Hawks,120,130,NOP,,,Team Totals,240,39,83,.470,12,34,.353,30,40,.750,8,37,45,28,10,6,24,23,120,,,Team Totals,240,.596,.542,.410,.482,20.0,80.4,52.3,71.8,8.9,13.0,19.3,100.0,106.2,115.1,
https://www.basketball-reference.com/boxscores/201903260TOR.html,"7:30 PM, March 26, 2019",Toronto Raptors,Chicago Bulls,112,103,CHI,,,Team Totals,240,39,86,.453,8,23,.348,17,20,.850,7,38,45,20,12,2,18,16,103,,,Team Totals,240,.543,.500,.267,.233,15.9,95.0,53.6,51.3,11.5,3.4,16.0,100.0,98.5,107.2,
https://www.basketball-reference.com/boxscores/201903260TOR.html,"7:30 PM, March 26, 2019",Toronto Raptors,Chicago Bulls,112,103,TOR,,,Team Totals,240,42,86,.488,12,28,.429,16,16,1.000,2,37,39,28,13,7,15,16,112,,,Team Totals,240,.602,.558,.326,.186,5.0,84.1,46.4,66.7,12.4,11.1,13.9,100.0,107.2,98.5,
https://www.basketball-reference.com/boxscores/201903270CHI.html,"8:00 PM, March 27, 2019",Chicago Bulls,Portland Trail Blazers,98,118,POR,,,Team Totals,240,43,83,.518,11,32,.344,21,25,.840,9,36,45,30,4,3,8,16,118,,,Team Totals,240,.628,.584,.386,.301,24.3,69.2,50.6,69.8,4.4,4.4,7.8,100.0,129.6,107.7,
https://www.basketball-reference.com/boxscores/201903270CHI.html,"8:00 PM, March 27, 2019",Chicago Bulls,Portland Trail Blazers,98,118,CHI,,,Team Totals,240,39,91,.429,5,23,.217,15,19,.789,16,28,44,22,4,0,10,19,98,,,Team Totals,240,.493,.456,.253,.209,30.8,75.7,49.4,56.4,4.4,0.0,9.1,100.0,107.7,129.6,
https://www.basketball-reference.com/boxscores/201903270MEM.html,"8:00 PM, March 27, 2019",Memphis Grizzlies,Golden State Warriors,103,118,GSW,,,Team Totals,240,45,84,.536,15,31,.484,13,15,.867,6,40,46,30,9,7,14,19,118,,,Team Totals,240,.651,.625,.369,.179,15.8,67.8,47.4,66.7,9.2,10.1,13.4,100.0,121.2,105.8,
https://www.basketball-reference.com/boxscores/201903270MEM.html,"8:00 PM, March 27, 2019",Memphis Grizzlies,Golden State Warriors,103,118,MEM,,,Team Totals,240,39,100,.390,10,31,.323,15,21,.714,19,32,51,22,11,5,10,16,103,,,Team Totals,240,.471,.440,.310,.210,32.2,84.2,52.6,56.4,11.3,9.4,8.4,100.0,105.8,121.2,
https://www.basketball-reference.com/boxscores/201903270OKC.html,"8:00 PM, March 27, 2019",Oklahoma City Thunder,Indiana Pacers,107,99,IND,,,Team Totals,240,40,92,.435,13,31,.419,6,11,.545,8,37,45,26,4,6,12,17,99,,,Team Totals,240,.511,.505,.337,.120,18.6,80.4,50.6,65.0,4.1,10.7,11.0,100.0,102.1,110.3,
https://www.basketball-reference.com/boxscores/201903270OKC.html,"8:00 PM, March 27, 2019",Oklahoma City Thunder,Indiana Pacers,107,99,OKC,,,Team Totals,240,41,92,.446,13,36,.361,12,19,.632,9,35,44,29,7,7,7,14,107,,,Team Totals,240,.533,.516,.391,.207,19.6,81.4,49.4,70.7,7.2,11.5,6.5,100.0,110.3,102.1,
https://www.basketball-reference.com/boxscores/201903270PHO.html,"10:00 PM, March 27, 2019",Phoenix Suns,Washington Wizards,121,124,WAS,,,Team Totals,240,43,90,.478,9,25,.360,29,43,.674,15,37,52,18,10,3,10,20,124,,,Team Totals,240,.569,.528,.278,.478,28.8,77.1,52.0,41.9,9.8,6.0,8.4,100.0,121.4,118.5,
https://www.basketball-reference.com/boxscores/201903270PHO.html,"10:00 PM, March 27, 2019",Phoenix Suns,Washington Wizards,121,124,PHO,,,Team Totals,240,43,87,.494,14,37,.378,21,26,.808,11,37,48,22,9,7,15,28,121,,,Team Totals,240,.615,.575,.425,.299,22.9,71.2,48.0,51.2,8.8,10.8,13.2,100.0,118.5,121.4,
https://www.basketball-reference.com/boxscores/201903270UTA.html,"10:30 PM, March 27, 2019",Utah Jazz,Los Angeles Lakers,115,100,LAL,,,Team Totals,240,37,97,.381,9,27,.333,17,24,.708,8,32,40,21,9,5,6,23,100,,,Team Totals,240,.465,.428,.278,.247,14.8,80.0,42.6,56.8,8.9,9.8,5.3,100.0,98.8,113.6,
https://www.basketball-reference.com/boxscores/201903270UTA.html,"10:30 PM, March 27, 2019",Utah Jazz,Los Angeles Lakers,115,100,UTA,,,Team Totals,240,41,83,.494,10,32,.313,23,36,.639,8,46,54,33,4,5,11,18,115,,,Team Totals,240,.582,.554,.386,.434,20.0,85.2,57.4,80.5,4.0,7.1,10.0,100.0,113.6,98.8,
https://www.basketball-reference.com/boxscores/201903280DET.html,"7:00 PM, March 28, 2019",Detroit Pistons,Orlando Magic,115,98,ORL,,,Team Totals,240,37,94,.394,8,31,.258,16,20,.800,15,28,43,21,5,4,12,14,98,,,Team Totals,240,.477,.436,.330,.213,31.3,73.7,50.0,56.8,5.4,7.8,10.5,100.0,105.1,123.3,
https://www.basketball-reference.com/boxscores/201903280DET.html,"7:00 PM, March 28, 2019",Detroit Pistons,Orlando Magic,115,98,DET,,,Team Totals,240,46,86,.535,17,35,.486,6,12,.500,10,33,43,25,8,9,12,18,115,,,Team Totals,240,.630,.634,.407,.140,26.3,68.8,50.0,54.3,8.6,14.3,11.6,100.0,123.3,105.1,
https://www.basketball-reference.com/boxscores/201903280HOU.html,"8:00 PM, March 28, 2019",Houston Rockets,Denver Nuggets,112,85,DEN,,,Team Totals,240,31,84,.369,4,24,.167,19,20,.950,7,31,38,22,7,3,15,17,85,,,Team Totals,240,.458,.393,.286,.238,16.7,73.8,45.2,71.0,7.4,6.4,13.9,100.0,89.8,118.3,
https://www.basketball-reference.com/boxscores/201903280HOU.html,"8:00 PM, March 28, 2019",Houston Rockets,Denver Nuggets,112,85,HOU,,,Team Totals,240,40,87,.460,15,40,.375,17,20,.850,11,35,46,22,8,3,10,19,112,,,Team Totals,240,.585,.546,.460,.230,26.2,83.3,54.8,55.0,8.4,5.0,9.5,100.0,118.3,89.8,
https://www.basketball-reference.com/boxscores/201903280MIA.html,"7:30 PM, March 28, 2019",Miami Heat,Dallas Mavericks,105,99,DAL,,,Team Totals,240,36,92,.391,16,47,.340,11,17,.647,10,40,50,26,4,2,13,21,99,,,Team Totals,240,.498,.478,.511,.185,18.2,80.0,47.6,72.2,4.0,3.4,11.6,100.0,98.5,104.5,
https://www.basketball-reference.com/boxscores/201903280MIA.html,"7:30 PM, March 28, 2019",Miami Heat,Dallas Mavericks,105,99,MIA,,,Team Totals,240,39,89,.438,7,30,.233,20,27,.741,10,45,55,24,7,4,11,22,105,,,Team Totals,240,.520,.478,.337,.303,20.0,81.8,52.4,61.5,7.0,8.9,9.8,100.0,104.5,98.5,
https://www.basketball-reference.com/boxscores/201903280MIL.html,"8:00 PM, March 28, 2019",Milwaukee Bucks,Los Angeles Clippers,128,118,LAC,,,Team Totals,240,42,92,.457,17,33,.515,17,22,.773,8,38,46,26,7,3,11,21,118,,,Team Totals,240,.580,.549,.359,.239,15.4,92.7,49.5,61.9,6.8,6.1,9.8,100.0,113.9,123.6,
https://www.basketball-reference.com/boxscores/201903280MIL.html,"8:00 PM, March 28, 2019",Milwaukee Bucks,Los Angeles Clippers,128,118,MIL,,,Team Totals,240,45,86,.523,16,37,.432,22,27,.815,3,44,47,25,5,5,10,21,128,,,Team Totals,240,.654,.616,.430,.314,7.3,84.6,50.5,55.6,4.8,8.5,9.3,100.0,123.6,113.9,
https://www.basketball-reference.com/boxscores/201903280NOP.html,"8:00 PM, March 28, 2019",New Orleans Pelicans,Sacramento Kings,121,118,SAC,,,Team Totals,240,47,95,.495,10,23,.435,14,16,.875,8,36,44,28,6,10,12,19,118,,,Team Totals,240,.578,.547,.242,.168,17.8,81.8,49.4,59.6,5.7,14.5,10.5,100.0,112.6,115.5,
https://www.basketball-reference.com/boxscores/201903280NOP.html,"8:00 PM, March 28, 2019",New Orleans Pelicans,Sacramento Kings,121,118,NOP,,,Team Totals,240,49,97,.505,9,28,.321,14,14,1.000,8,37,45,27,6,6,12,16,121,,,Team Totals,240,.586,.552,.289,.144,18.2,82.2,50.6,55.1,5.7,8.3,10.4,100.0,115.5,112.6,
https://www.basketball-reference.com/boxscores/201903280NYK.html,"7:30 PM, March 28, 2019",New York Knicks,Toronto Raptors,92,117,TOR,,,Team Totals,240,40,89,.449,20,47,.426,17,22,.773,6,38,44,32,8,6,9,28,117,,,Team Totals,240,.593,.562,.528,.247,13.0,73.1,44.9,80.0,8.0,10.2,8.4,100.0,117.5,92.4,
https://www.basketball-reference.com/boxscores/201903280NYK.html,"7:30 PM, March 28, 2019",New York Knicks,Toronto Raptors,92,117,NYK,,,Team Totals,240,31,85,.365,6,26,.231,24,32,.750,14,40,54,16,3,5,17,22,92,,,Team Totals,240,.464,.400,.306,.376,26.9,87.0,55.1,51.6,3.0,11.9,14.6,100.0,92.4,117.5,
https://www.basketball-reference.com/boxscores/201903280PHI.html,"7:00 PM, March 28, 2019",Philadelphia 76ers,Brooklyn Nets,123,110,BRK,,,Team Totals,240,40,90,.444,11,32,.344,19,29,.655,11,34,45,25,4,3,15,22,110,,,Team Totals,240,.535,.506,.356,.322,23.4,79.1,50.0,62.5,3.9,4.6,12.7,100.0,107.2,119.9,
https://www.basketball-reference.com/boxscores/201903280PHI.html,"7:00 PM, March 28, 2019",Philadelphia 76ers,Brooklyn Nets,123,110,PHI,,,Team Totals,240,45,90,.500,12,25,.480,21,28,.750,9,36,45,27,10,3,10,23,123,,,Team Totals,240,.601,.567,.278,.311,20.9,76.6,50.0,60.0,9.7,5.2,8.9,100.0,119.9,107.2,
https://www.basketball-reference.com/boxscores/201903280SAS.html,"8:30 PM, March 28, 2019",San Antonio Spurs,Cleveland Cavaliers,116,110,CLE,,,Team Totals,240,45,92,.489,12,29,.414,8,10,.800,14,35,49,18,6,1,14,20,110,,,Team Totals,240,.571,.554,.315,.109,32.6,89.7,59.8,40.0,6.2,1.9,12.7,100.0,114.6,120.8,
https://www.basketball-reference.com/boxscores/201903280SAS.html,"8:30 PM, March 28, 2019",San Antonio Spurs,Cleveland Cavaliers,116,110,SAS,,,Team Totals,240,45,85,.529,14,33,.424,12,17,.706,4,29,33,27,8,6,11,14,116,,,Team Totals,240,.627,.612,.388,.200,10.3,67.4,40.2,60.0,8.3,9.5,10.6,100.0,120.8,114.6,
https://www.basketball-reference.com/boxscores/201903290ATL.html,"7:30 PM, March 29, 2019",Atlanta Hawks,Portland Trail Blazers,98,118,POR,,,Team Totals,240,45,96,.469,9,32,.281,19,22,.864,10,45,55,19,4,4,9,9,118,,,Team Totals,240,.558,.516,.333,.229,23.3,84.9,57.3,42.2,4.0,7.1,7.8,100.0,117.0,97.2,
https://www.basketball-reference.com/boxscores/201903290ATL.html,"7:30 PM, March 29, 2019",Atlanta Hawks,Portland Trail Blazers,98,118,ATL,,,Team Totals,240,38,94,.404,9,38,.237,13,14,.929,8,33,41,20,5,7,10,22,98,,,Team Totals,240,.489,.452,.404,.149,15.1,76.7,42.7,52.6,5.0,10.9,9.1,100.0,97.2,117.0,
https://www.basketball-reference.com/boxscores/201903290BOS.html,"7:00 PM, March 29, 2019",Boston Celtics,Indiana Pacers,114,112,IND,,,Team Totals,240,42,90,.467,12,27,.444,16,23,.696,14,27,41,27,9,2,12,16,112,,,Team Totals,240,.559,.533,.300,.256,28.0,79.4,48.8,64.3,9.3,3.4,10.7,100.0,115.2,117.3,
https://www.basketball-reference.com/boxscores/201903290BOS.html,"7:00 PM, March 29, 2019",Boston Celtics,Indiana Pacers,114,112,BOS,,,Team Totals,240,44,86,.512,13,27,.481,13,17,.765,7,36,43,27,8,5,14,19,114,,,Team Totals,240,.610,.587,.314,.198,20.6,72.0,51.2,61.4,8.2,7.9,13.0,100.0,117.3,115.2,
https://www.basketball-reference.com/boxscores/201903290LAL.html,"10:30 PM, March 29, 2019",Los Angeles Lakers,Charlotte Hornets,129,115,CHO,,,Team Totals,240,42,88,.477,15,39,.385,16,17,.941,8,29,37,26,8,2,13,14,115,,,Team Totals,240,.602,.563,.443,.193,19.5,72.5,45.7,61.9,8.2,3.8,12.0,100.0,117.2,131.5,
https://www.basketball-reference.com/boxscores/201903290LAL.html,"10:30 PM, March 29, 2019",Los Angeles Lakers,Charlotte Hornets,129,115,LAL,,,Team Totals,240,51,91,.560,18,38,.474,9,12,.750,11,33,44,34,8,2,14,17,129,,,Team Totals,240,.670,.659,.418,.132,27.5,80.5,54.3,66.7,8.2,4.1,12.7,100.0,131.5,117.2,
https://www.basketball-reference.com/boxscores/201903290MIN.html,"8:00 PM, March 29, 2019",Minnesota Timberwolves,Golden State Warriors,131,130,GSW,,,Team Totals,265,46,98,.469,18,40,.450,20,28,.714,8,37,45,27,11,3,15,24,130,,,Team Totals,265,.589,.561,.408,.286,15.4,71.2,43.3,58.7,9.6,4.6,12.0,100.0,112.9,113.7,
https://www.basketball-reference.com/boxscores/201903290MIN.html,"8:00 PM, March 29, 2019",Minnesota Timberwolves,Golden State Warriors,131,130,MIN,,,Team Totals,265,45,103,.437,14,38,.368,27,34,.794,15,44,59,25,7,3,16,24,131,,,Team Totals,265,.555,.505,.369,.330,28.8,84.6,56.7,55.6,6.1,5.2,11.9,100.0,113.7,112.9,
https://www.basketball-reference.com/boxscores/201903290OKC.html,"8:00 PM, March 29, 2019",Oklahoma City Thunder,Denver Nuggets,105,115,DEN,,,Team Totals,240,48,85,.565,14,33,.424,5,6,.833,7,32,39,30,6,1,13,21,115,,,Team Totals,240,.656,.647,.388,.071,22.6,74.4,52.7,62.5,6.4,1.6,12.9,100.0,123.3,112.6,
https://www.basketball-reference.com/boxscores/201903290OKC.html,"8:00 PM, March 29, 2019",Oklahoma City Thunder,Denver Nuggets,105,115,OKC,,,Team Totals,240,43,88,.489,8,27,.296,11,16,.688,11,24,35,19,5,5,13,17,105,,,Team Totals,240,.552,.534,.307,.182,25.6,77.4,47.3,44.2,5.4,9.6,12.0,100.0,112.6,123.3,
https://www.basketball-reference.com/boxscores/201903290UTA.html,"9:00 PM, March 29, 2019",Utah Jazz,Washington Wizards,128,124,WAS,,,Team Totals,240,48,98,.490,15,37,.405,13,22,.591,12,30,42,32,11,3,13,18,124,,,Team Totals,240,.576,.566,.378,.224,25.0,78.9,48.8,66.7,10.5,5.5,10.8,100.0,118.2,122.0,
https://www.basketball-reference.com/boxscores/201903290UTA.html,"9:00 PM, March 29, 2019",Utah Jazz,Washington Wizards,128,124,UTA,,,Team Totals,240,48,87,.552,14,32,.438,18,18,1.000,8,36,44,26,7,7,18,22,128,,,Team Totals,240,.674,.632,.368,.207,21.1,75.0,51.2,54.2,6.7,11.5,15.9,100.0,122.0,118.2,
https://www.basketball-reference.com/boxscores/201903300BRK.html,"6:00 PM, March 30, 2019",Brooklyn Nets,Boston Celtics,110,96,BOS,,,Team Totals,240,35,83,.422,8,20,.400,18,23,.783,7,32,39,19,8,7,15,25,96,,,Team Totals,240,.515,.470,.241,.277,16.7,86.5,49.4,54.3,8.0,15.6,13.9,100.0,95.8,109.8,
https://www.basketball-reference.com/boxscores/201903300BRK.html,"6:00 PM, March 30, 2019",Brooklyn Nets,Boston Celtics,110,96,BRK,,,Team Totals,240,38,83,.458,12,38,.316,22,28,.786,5,35,40,22,7,2,14,17,110,,,Team Totals,240,.577,.530,.458,.337,13.5,83.3,50.6,57.9,7.0,3.2,12.8,100.0,109.8,95.8,
https://www.basketball-reference.com/boxscores/201903300CHI.html,"8:00 PM, March 30, 2019",Chicago Bulls,Toronto Raptors,101,124,TOR,,,Team Totals,240,46,89,.517,18,38,.474,14,18,.778,6,41,47,35,10,4,12,15,124,,,Team Totals,240,.640,.618,.427,.202,14.3,70.7,47.0,76.1,10.0,6.0,11.0,100.0,123.7,100.8,
https://www.basketball-reference.com/boxscores/201903300CHI.html,"8:00 PM, March 30, 2019",Chicago Bulls,Toronto Raptors,101,124,CHI,,,Team Totals,240,41,97,.423,9,30,.300,10,16,.625,17,36,53,21,7,6,13,15,101,,,Team Totals,240,.485,.469,.309,.165,29.3,85.7,53.0,51.2,7.0,11.8,11.1,100.0,100.8,123.7,
https://www.basketball-reference.com/boxscores/201903300DET.html,"7:00 PM, March 30, 2019",Detroit Pistons,Portland Trail Blazers,99,90,POR,,,Team Totals,240,38,102,.373,4,21,.190,10,11,.909,18,41,59,18,7,5,17,19,90,,,Team Totals,240,.421,.392,.206,.108,32.1,85.4,56.7,47.4,7.0,8.2,13.7,100.0,89.9,98.9,
https://www.basketball-reference.com/boxscores/201903300DET.html,"7:00 PM, March 30, 2019",Detroit Pistons,Portland Trail Blazers,99,90,DET,,,Team Totals,240,37,86,.430,5,25,.200,20,26,.769,7,38,45,20,8,6,10,21,99,,,Team Totals,240,.508,.459,.291,.302,14.6,67.9,43.3,54.1,8.0,7.4,9.3,100.0,98.9,89.9,
https://www.basketball-reference.com/boxscores/201903300HOU.html,"6:00 PM, March 30, 2019",Houston Rockets,Sacramento Kings,119,108,SAC,,,Team Totals,240,42,94,.447,15,29,.517,9,15,.600,16,33,49,28,3,4,12,17,108,,,Team Totals,240,.537,.527,.309,.160,33.3,84.6,56.3,66.7,3.2,12.9,10.7,100.0,113.7,125.3,
https://www.basketball-reference.com/boxscores/201903300HOU.html,"6:00 PM, March 30, 2019",Houston Rockets,Sacramento Kings,119,108,HOU,,,Team Totals,240,39,83,.470,17,52,.327,24,27,.889,6,32,38,19,6,2,10,17,119,,,Team Totals,240,.627,.572,.627,.325,15.4,66.7,43.7,48.7,6.3,3.1,9.5,100.0,125.3,113.7,
https://www.basketball-reference.com/boxscores/201903300IND.html,"7:00 PM, March 30, 2019",Indiana Pacers,Orlando Magic,116,121,ORL,,,Team Totals,240,47,92,.511,15,38,.395,12,14,.857,9,28,37,37,9,3,7,16,121,,,Team Totals,240,.616,.592,.413,.152,21.4,71.8,45.7,78.7,9.3,4.5,6.7,100.0,125.1,120.0,
https://www.basketball-reference.com/boxscores/201903300IND.html,"7:00 PM, March 30, 2019",Indiana Pacers,Orlando Magic,116,121,IND,,,Team Totals,240,48,90,.533,9,24,.375,11,17,.647,11,33,44,26,4,3,15,18,116,,,Team Totals,240,.595,.583,.267,.189,28.2,78.6,54.3,54.2,4.1,5.6,13.3,100.0,120.0,125.1,
https://www.basketball-reference.com/boxscores/201903300LAC.html,"3:30 PM, March 30, 2019",Los Angeles Clippers,Cleveland Cavaliers,132,108,CLE,,,Team Totals,240,41,92,.446,3,23,.130,23,28,.821,14,22,36,18,11,0,13,16,108,,,Team Totals,240,.518,.462,.250,.304,28.6,71.0,45.0,43.9,11.1,0.0,11.1,100.0,109.1,133.3,
https://www.basketball-reference.com/boxscores/201903300LAC.html,"3:30 PM, March 30, 2019",Los Angeles Clippers,Cleveland Cavaliers,132,108,LAC,,,Team Totals,240,53,85,.624,15,33,.455,11,16,.688,9,35,44,33,5,5,16,25,132,,,Team Totals,240,.717,.712,.388,.188,29.0,71.4,55.0,62.3,5.0,7.2,14.8,100.0,133.3,109.1,
https://www.basketball-reference.com/boxscores/201903300MIN.html,"8:00 PM, March 30, 2019",Minnesota Timberwolves,Philadelphia 76ers,109,118,PHI,,,Team Totals,240,44,94,.468,15,31,.484,15,21,.714,15,40,55,32,5,4,13,20,118,,,Team Totals,240,.571,.548,.330,.223,31.9,90.9,60.4,72.7,5.0,6.7,11.2,100.0,118.7,109.7,
https://www.basketball-reference.com/boxscores/201903300MIN.html,"8:00 PM, March 30, 2019",Minnesota Timberwolves,Philadelphia 76ers,109,118,MIN,,,Team Totals,240,39,86,.453,11,26,.423,20,25,.800,4,32,36,23,6,6,9,15,109,,,Team Totals,240,.562,.517,.302,.291,9.1,68.1,39.6,59.0,6.0,9.5,8.5,100.0,109.7,118.7,
https://www.basketball-reference.com/boxscores/201903300NYK.html,"7:30 PM, March 30, 2019",New York Knicks,Miami Heat,92,100,MIA,,,Team Totals,240,39,90,.433,9,32,.281,13,17,.765,14,37,51,26,11,3,19,21,100,,,Team Totals,240,.513,.483,.356,.189,29.2,82.2,54.8,66.7,11.1,7.7,16.3,100.0,100.9,92.9,
https://www.basketball-reference.com/boxscores/201903300NYK.html,"7:30 PM, March 30, 2019",New York Knicks,Miami Heat,92,100,NYK,,,Team Totals,240,31,77,.403,9,38,.237,21,25,.840,8,34,42,20,10,7,20,16,92,,,Team Totals,240,.523,.461,.494,.325,17.8,70.8,45.2,64.5,10.1,12.1,18.5,100.0,92.9,100.9,
https://www.basketball-reference.com/boxscores/201903300PHO.html,"10:00 PM, March 30, 2019",Phoenix Suns,Memphis Grizzlies,115,120,MEM,,,Team Totals,240,41,89,.461,8,25,.320,30,40,.750,15,29,44,24,15,6,11,18,120,,,Team Totals,240,.563,.506,.281,.449,31.3,80.6,52.4,58.5,14.8,11.3,9.4,100.0,118.7,113.7,
https://www.basketball-reference.com/boxscores/201903300PHO.html,"10:00 PM, March 30, 2019",Phoenix Suns,Memphis Grizzlies,115,120,PHO,,,Team Totals,240,43,81,.531,12,28,.429,17,23,.739,7,33,40,27,8,7,20,26,115,,,Team Totals,240,.631,.605,.346,.284,19.4,68.8,47.6,62.8,7.9,10.9,18.0,100.0,113.7,118.7,
https://www.basketball-reference.com/boxscores/201903310ATL.html,"12:30 PM, March 31, 2019",Atlanta Hawks,Milwaukee Bucks,136,135,MIL,,,Team Totals,265,48,116,.414,17,55,.309,22,23,.957,22,49,71,30,6,3,16,20,135,,,Team Totals,265,.535,.487,.474,.198,33.8,76.6,55.0,62.5,5.1,5.3,11.3,100.0,115.5,116.3,
https://www.basketball-reference.com/boxscores/201903310ATL.html,"12:30 PM, March 31, 2019",Atlanta Hawks,Milwaukee Bucks,136,135,ATL,,,Team Totals,265,52,118,.441,22,61,.361,10,17,.588,15,43,58,36,10,10,9,13,136,,,Team Totals,265,.542,.534,.517,.144,23.4,66.2,45.0,69.2,8.6,16.4,6.7,100.0,116.3,115.5,
https://www.basketball-reference.com/boxscores/201903310DEN.html,"8:00 PM, March 31, 2019",Denver Nuggets,Washington Wizards,90,95,WAS,,,Team Totals,240,37,92,.402,6,24,.250,15,20,.750,9,45,54,24,9,6,12,21,95,,,Team Totals,240,.471,.435,.261,.217,16.7,78.9,48.6,64.9,8.9,10.5,10.6,100.0,94.5,89.5,
https://www.basketball-reference.com/boxscores/201903310DEN.html,"8:00 PM, March 31, 2019",Denver Nuggets,Washington Wizards,90,95,DEN,,,Team Totals,240,35,93,.376,7,36,.194,13,20,.650,12,45,57,18,6,5,11,18,90,,,Team Totals,240,.442,.414,.387,.215,21.1,83.3,51.4,51.4,6.0,7.4,9.8,100.0,89.5,94.5,
https://www.basketball-reference.com/boxscores/201903310GSW.html,"8:30 PM, March 31, 2019",Golden State Warriors,Charlotte Hornets,137,90,CHO,,,Team Totals,240,30,85,.353,8,32,.250,22,25,.880,7,21,28,24,8,4,11,11,90,,,Team Totals,240,.469,.400,.376,.294,14.9,67.7,35.9,80.0,8.3,7.3,10.3,100.0,93.3,142.0,
https://www.basketball-reference.com/boxscores/201903310GSW.html,"8:30 PM, March 31, 2019",Golden State Warriors,Charlotte Hornets,137,90,GSW,,,Team Totals,240,53,88,.602,21,33,.636,10,12,.833,10,40,50,41,7,10,15,19,137,,,Team Totals,240,.734,.722,.375,.136,32.3,85.1,64.1,77.4,7.3,18.9,13.9,100.0,142.0,93.3,
https://www.basketball-reference.com/boxscores/201903310LAC.html,"10:30 PM, March 31, 2019",Los Angeles Clippers,Memphis Grizzlies,113,96,MEM,,,Team Totals,240,32,85,.376,8,33,.242,24,29,.828,6,28,34,22,13,6,14,26,96,,,Team Totals,240,.491,.424,.388,.341,12.5,84.8,42.0,68.8,12.6,12.5,12.5,100.0,93.0,109.5,
https://www.basketball-reference.com/boxscores/201903310LAC.html,"10:30 PM, March 31, 2019",Los Angeles Clippers,Memphis Grizzlies,113,96,LAC,,,Team Totals,240,36,75,.480,7,27,.259,34,38,.895,5,42,47,23,9,5,19,23,113,,,Team Totals,240,.616,.527,.360,.507,15.2,87.5,58.0,63.9,8.7,9.6,17.2,100.0,109.5,93.0,
https://www.basketball-reference.com/boxscores/201903310NOP.html,"6:00 PM, March 31, 2019",New Orleans Pelicans,Los Angeles Lakers,102,130,LAL,,,Team Totals,240,48,101,.475,15,38,.395,19,22,.864,11,35,46,30,16,5,11,20,130,,,Team Totals,240,.587,.550,.376,.218,21.6,87.5,50.5,62.5,14.7,9.6,9.0,100.0,119.3,93.6,
https://www.basketball-reference.com/boxscores/201903310NOP.html,"6:00 PM, March 31, 2019",New Orleans Pelicans,Los Angeles Lakers,102,130,NOP,,,Team Totals,240,38,83,.458,8,31,.258,18,21,.857,5,40,45,19,5,1,24,16,102,,,Team Totals,240,.553,.506,.373,.253,12.5,78.4,49.5,50.0,4.6,1.6,20.6,100.0,93.6,119.3,
https://www.basketball-reference.com/boxscores/201903310OKC.html,"3:30 PM, March 31, 2019",Oklahoma City Thunder,Dallas Mavericks,103,106,DAL,,,Team Totals,240,37,87,.425,16,44,.364,16,23,.696,10,42,52,18,3,2,13,19,106,,,Team Totals,240,.546,.517,.506,.264,22.7,73.7,51.5,48.6,3.1,3.6,11.8,100.0,108.7,105.7,
https://www.basketball-reference.com/boxscores/201903310OKC.html,"3:30 PM, March 31, 2019",Oklahoma City Thunder,Dallas Mavericks,103,106,OKC,,,Team Totals,240,38,98,.388,11,43,.256,16,22,.727,15,34,49,19,6,6,8,21,103,,,Team Totals,240,.478,.444,.439,.224,26.3,77.3,48.5,50.0,6.2,14.0,6.9,100.0,105.7,108.7,
https://www.basketball-reference.com/boxscores/201903310SAS.html,"7:00 PM, March 31, 2019",San Antonio Spurs,Sacramento Kings,106,113,SAC,,,Team Totals,240,39,81,.481,11,25,.440,24,28,.857,7,35,42,20,9,1,12,15,113,,,Team Totals,240,.605,.549,.309,.346,20.6,70.0,50.0,51.3,9.5,1.5,11.4,100.0,119.3,111.9,
https://www.basketball-reference.com/boxscores/201903310SAS.html,"7:00 PM, March 31, 2019",San Antonio Spurs,Sacramento Kings,106,113,SAS,,,Team Totals,240,44,94,.468,8,27,.296,10,14,.714,15,27,42,24,7,3,11,22,106,,,Team Totals,240,.529,.511,.287,.149,30.0,79.4,50.0,54.5,7.4,5.4,9.9,100.0,111.9,119.3,
https://www.basketball-reference.com/boxscores/201904010BOS.html,"7:30 PM, April 1, 2019",Boston Celtics,Miami Heat,110,105,MIA,,,Team Totals,240,40,88,.455,10,37,.270,15,18,.833,9,39,48,27,9,6,15,17,105,,,Team Totals,240,.547,.511,.420,.205,20.5,73.6,49.5,67.5,9.1,11.8,13.5,100.0,106.2,111.3,
https://www.basketball-reference.com/boxscores/201904010BOS.html,"7:30 PM, April 1, 2019",Boston Celtics,Miami Heat,110,105,BOS,,,Team Totals,240,36,91,.396,17,40,.425,21,24,.875,14,35,49,25,8,2,13,18,110,,,Team Totals,240,.542,.489,.440,.264,26.4,79.5,50.5,69.4,8.1,3.9,11.3,100.0,111.3,106.2,
https://www.basketball-reference.com/boxscores/201904010BRK.html,"7:30 PM, April 1, 2019",Brooklyn Nets,Milwaukee Bucks,121,131,MIL,,,Team Totals,240,47,94,.500,11,34,.324,26,30,.867,6,34,40,28,15,7,15,26,131,,,Team Totals,240,.611,.559,.362,.319,13.3,68.0,42.1,59.6,13.3,14.0,12.3,100.0,115.9,107.0,
https://www.basketball-reference.com/boxscores/201904010BRK.html,"7:30 PM, April 1, 2019",Brooklyn Nets,Milwaukee Bucks,121,131,BRK,,,Team Totals,240,39,94,.415,16,44,.364,27,34,.794,16,39,55,19,6,5,23,26,121,,,Team Totals,240,.555,.500,.468,.362,32.0,86.7,57.9,48.7,5.3,8.3,17.4,100.0,107.0,115.9,
https://www.basketball-reference.com/boxscores/201904010DAL.html,"8:30 PM, April 1, 2019",Dallas Mavericks,Philadelphia 76ers,122,102,PHI,,,Team Totals,240,36,93,.387,6,33,.182,24,32,.750,12,43,55,20,2,9,12,22,102,,,Team Totals,240,.476,.419,.355,.344,21.4,81.1,50.5,55.6,1.9,13.8,10.1,100.0,96.6,115.5,
https://www.basketball-reference.com/boxscores/201904010DAL.html,"8:30 PM, April 1, 2019",Dallas Mavericks,Philadelphia 76ers,122,102,DAL,,,Team Totals,240,46,97,.474,12,32,.375,18,27,.667,10,44,54,29,5,3,9,22,122,,,Team Totals,240,.560,.536,.330,.278,18.9,78.6,49.5,63.0,4.7,5.0,7.6,100.0,115.5,96.6,
https://www.basketball-reference.com/boxscores/201904010IND.html,"7:00 PM, April 1, 2019",Indiana Pacers,Detroit Pistons,111,102,DET,,,Team Totals,240,38,88,.432,12,33,.364,14,19,.737,16,25,41,21,7,5,15,24,102,,,Team Totals,240,.529,.500,.375,.216,31.4,78.1,49.4,55.3,7.4,9.1,13.5,100.0,108.3,117.8,
https://www.basketball-reference.com/boxscores/201904010IND.html,"7:00 PM, April 1, 2019",Indiana Pacers,Detroit Pistons,111,102,IND,,,Team Totals,240,42,77,.545,10,22,.455,17,22,.773,7,35,42,27,9,8,17,20,111,,,Team Totals,240,.640,.610,.286,.286,21.9,68.6,50.6,64.3,9.6,14.5,16.4,100.0,117.8,108.3,
https://www.basketball-reference.com/boxscores/201904010MIN.html,"8:00 PM, April 1, 2019",Minnesota Timberwolves,Portland Trail Blazers,122,132,POR,,,Team Totals,240,50,91,.549,15,30,.500,17,24,.708,15,35,50,31,6,9,14,17,132,,,Team Totals,240,.650,.632,.330,.264,35.7,77.8,57.5,62.0,6.0,13.4,12.1,100.0,132.1,122.1,
https://www.basketball-reference.com/boxscores/201904010MIN.html,"8:00 PM, April 1, 2019",Minnesota Timberwolves,Portland Trail Blazers,122,132,MIN,,,Team Totals,240,47,96,.490,11,29,.379,17,19,.895,10,27,37,29,8,3,9,19,122,,,Team Totals,240,.585,.547,.302,.198,22.2,64.3,42.5,61.7,8.0,4.9,7.9,100.0,122.1,132.1,
https://www.basketball-reference.com/boxscores/201904010NYK.html,"7:30 PM, April 1, 2019",New York Knicks,Chicago Bulls,113,105,CHI,,,Team Totals,240,42,94,.447,4,17,.235,17,23,.739,12,32,44,20,9,2,7,18,105,,,Team Totals,240,.504,.468,.181,.245,24.0,84.2,50.0,47.6,9.4,5.6,6.3,100.0,109.6,118.0,
https://www.basketball-reference.com/boxscores/201904010NYK.html,"7:30 PM, April 1, 2019",New York Knicks,Chicago Bulls,113,105,NYK,,,Team Totals,240,37,74,.500,18,38,.474,21,25,.840,6,38,44,24,2,9,17,18,113,,,Team Totals,240,.665,.622,.514,.338,15.8,76.0,50.0,64.9,2.1,11.7,16.7,100.0,118.0,109.6,
https://www.basketball-reference.com/boxscores/201904010PHO.html,"10:00 PM, April 1, 2019",Phoenix Suns,Cleveland Cavaliers,122,113,CLE,,,Team Totals,240,45,99,.455,8,22,.364,15,22,.682,18,30,48,17,5,3,9,24,113,,,Team Totals,240,.520,.495,.222,.222,34.0,85.7,54.5,37.8,5.1,6.4,7.6,100.0,114.5,123.6,
https://www.basketball-reference.com/boxscores/201904010PHO.html,"10:00 PM, April 1, 2019",Phoenix Suns,Cleveland Cavaliers,122,113,PHO,,,Team Totals,240,46,84,.548,13,37,.351,17,20,.850,5,35,40,28,1,11,14,22,122,,,Team Totals,240,.657,.625,.440,.238,14.3,66.0,45.5,60.9,1.0,14.3,13.1,100.0,123.6,114.5,
https://www.basketball-reference.com/boxscores/201904010TOR.html,"7:30 PM, April 1, 2019",Toronto Raptors,Orlando Magic,121,109,ORL,,,Team Totals,240,43,93,.462,12,33,.364,11,15,.733,11,35,46,32,7,8,13,21,109,,,Team Totals,240,.547,.527,.355,.161,25.0,85.4,54.1,74.4,7.0,17.0,11.5,100.0,109.6,121.7,
https://www.basketball-reference.com/boxscores/201904010TOR.html,"7:30 PM, April 1, 2019",Toronto Raptors,Orlando Magic,121,109,TOR,,,Team Totals,240,42,84,.500,19,37,.514,18,22,.818,6,33,39,31,9,8,14,20,121,,,Team Totals,240,.646,.613,.440,.262,14.6,75.0,45.9,73.8,9.1,13.3,13.0,100.0,121.7,109.6,
https://www.basketball-reference.com/boxscores/201904010UTA.html,"9:00 PM, April 1, 2019",Utah Jazz,Charlotte Hornets,111,102,CHO,,,Team Totals,240,36,90,.400,7,30,.233,23,29,.793,10,34,44,15,12,2,11,20,102,,,Team Totals,240,.496,.439,.333,.322,19.2,87.2,48.4,41.7,11.8,4.5,9.7,100.0,100.4,109.2,
https://www.basketball-reference.com/boxscores/201904010UTA.html,"9:00 PM, April 1, 2019",Utah Jazz,Charlotte Hornets,111,102,UTA,,,Team Totals,240,38,79,.481,15,35,.429,20,26,.769,5,42,47,30,7,3,18,25,111,,,Team Totals,240,.614,.576,.443,.329,12.8,80.8,51.6,78.9,6.9,5.0,16.6,100.0,109.2,100.4,
https://www.basketball-reference.com/boxscores/201904020GSW.html,"10:30 PM, April 2, 2019",Golden State Warriors,Denver Nuggets,116,102,DEN,,,Team Totals,240,36,96,.375,7,30,.233,23,29,.793,12,28,40,23,19,4,16,15,102,,,Team Totals,240,.469,.411,.313,.302,22.2,68.3,42.1,63.9,17.7,6.9,12.8,100.0,95.2,108.3,
https://www.basketball-reference.com/boxscores/201904020GSW.html,"10:30 PM, April 2, 2019",Golden State Warriors,Denver Nuggets,116,102,GSW,,,Team Totals,240,50,92,.543,13,34,.382,3,8,.375,13,42,55,36,11,11,24,21,116,,,Team Totals,240,.607,.614,.370,.087,31.7,77.8,57.9,72.0,10.3,16.7,20.1,100.0,108.3,95.2,
https://www.basketball-reference.com/boxscores/201904020OKC.html,"8:00 PM, April 2, 2019",Oklahoma City Thunder,Los Angeles Lakers,119,103,LAL,,,Team Totals,240,40,84,.476,16,39,.410,7,10,.700,4,35,39,26,7,2,23,25,103,,,Team Totals,240,.583,.571,.464,.119,10.8,67.3,43.8,65.0,6.7,3.4,20.6,100.0,98.7,114.1,
https://www.basketball-reference.com/boxscores/201904020OKC.html,"8:00 PM, April 2, 2019",Oklahoma City Thunder,Los Angeles Lakers,119,103,OKC,,,Team Totals,240,47,102,.461,13,44,.295,12,20,.600,17,33,50,33,15,7,12,14,119,,,Team Totals,240,.537,.525,.431,.196,32.7,89.2,56.2,70.2,14.4,15.6,9.8,100.0,114.1,98.7,
https://www.basketball-reference.com/boxscores/201904020SAC.html,"10:00 PM, April 2, 2019",Sacramento Kings,Houston Rockets,105,130,HOU,,,Team Totals,240,46,94,.489,26,61,.426,12,17,.706,8,35,43,30,8,3,7,20,130,,,Team Totals,240,.641,.628,.649,.181,18.6,68.6,45.7,65.2,8.2,4.2,6.5,100.0,133.7,108.0,
https://www.basketball-reference.com/boxscores/201904020SAC.html,"10:00 PM, April 2, 2019",Sacramento Kings,Houston Rockets,105,130,SAC,,,Team Totals,240,42,95,.442,7,23,.304,14,20,.700,16,35,51,19,3,4,11,15,105,,,Team Totals,240,.506,.479,.242,.211,31.4,81.4,54.3,45.2,3.1,12.1,9.6,100.0,108.0,133.7,
https://www.basketball-reference.com/boxscores/201904020SAS.html,"8:30 PM, April 2, 2019",San Antonio Spurs,Atlanta Hawks,117,111,ATL,,,Team Totals,240,43,94,.457,12,34,.353,13,20,.650,11,32,43,26,13,2,11,18,111,,,Team Totals,240,.540,.521,.362,.213,21.2,88.9,48.9,60.5,12.8,4.0,9.7,100.0,109.5,115.4,
https://www.basketball-reference.com/boxscores/201904020SAS.html,"8:30 PM, April 2, 2019",San Antonio Spurs,Atlanta Hawks,117,111,SAS,,,Team Totals,240,42,80,.525,14,30,.467,19,22,.864,4,41,45,23,6,6,17,17,117,,,Team Totals,240,.652,.613,.375,.275,11.1,78.8,51.1,54.8,5.9,10.0,15.9,100.0,115.4,109.5,
https://www.basketball-reference.com/boxscores/201904030ATL.html,"7:30 PM, April 3, 2019",Atlanta Hawks,Philadelphia 76ers,130,122,PHI,,,Team Totals,240,45,98,.459,10,31,.323,22,38,.579,26,31,57,27,8,4,13,24,122,,,Team Totals,240,.532,.510,.316,.388,44.1,73.8,56.4,60.0,7.9,7.1,10.2,100.0,120.2,128.0,
https://www.basketball-reference.com/boxscores/201904030ATL.html,"7:30 PM, April 3, 2019",Atlanta Hawks,Philadelphia 76ers,130,122,ATL,,,Team Totals,240,48,92,.522,12,36,.333,22,28,.786,11,33,44,29,7,7,11,26,130,,,Team Totals,240,.623,.587,.391,.304,26.2,55.9,43.6,60.4,6.9,10.4,9.5,100.0,128.0,120.2,
https://www.basketball-reference.com/boxscores/201904030BRK.html,"7:30 PM, April 3, 2019",Brooklyn Nets,Toronto Raptors,105,115,TOR,,,Team Totals,240,44,105,.419,15,38,.395,12,14,.857,17,35,52,29,9,1,7,16,115,,,Team Totals,240,.517,.490,.362,.133,27.9,79.5,49.5,65.9,9.0,1.9,5.9,100.0,115.0,105.0,
https://www.basketball-reference.com/boxscores/201904030BRK.html,"7:30 PM, April 3, 2019",Brooklyn Nets,Toronto Raptors,105,115,BRK,,,Team Totals,240,41,86,.477,10,32,.313,13,21,.619,9,44,53,23,3,2,16,19,105,,,Team Totals,240,.551,.535,.372,.244,20.5,72.1,50.5,56.1,3.0,3.0,14.4,100.0,105.0,115.0,
https://www.basketball-reference.com/boxscores/201904030DAL.html,"8:30 PM, April 3, 2019",Dallas Mavericks,Minnesota Timberwolves,108,110,MIN,,,Team Totals,240,42,86,.488,10,27,.370,16,20,.800,5,33,38,26,6,3,10,25,110,,,Team Totals,240,.580,.547,.314,.233,11.9,73.3,43.7,61.9,6.0,5.5,9.5,100.0,110.9,108.8,
https://www.basketball-reference.com/boxscores/201904030DAL.html,"8:30 PM, April 3, 2019",Dallas Mavericks,Minnesota Timberwolves,108,110,DAL,,,Team Totals,240,43,94,.457,7,39,.179,15,19,.789,12,37,49,26,2,5,13,20,108,,,Team Totals,240,.528,.495,.415,.202,26.7,88.1,56.3,60.5,2.0,8.5,11.3,100.0,108.8,110.9,
https://www.basketball-reference.com/boxscores/201904030DEN.html,"9:00 PM, April 3, 2019",Denver Nuggets,San Antonio Spurs,113,85,SAS,,,Team Totals,240,31,81,.383,5,27,.185,18,25,.720,11,27,38,15,9,7,11,14,85,,,Team Totals,240,.462,.414,.333,.309,22.0,77.1,44.7,48.4,9.6,13.0,10.7,100.0,90.8,120.7,
https://www.basketball-reference.com/boxscores/201904030DEN.html,"9:00 PM, April 3, 2019",Denver Nuggets,San Antonio Spurs,113,85,DEN,,,Team Totals,240,47,87,.540,12,33,.364,7,12,.583,8,39,47,41,6,3,15,20,113,,,Team Totals,240,.612,.609,.379,.138,22.9,78.0,55.3,87.2,6.4,5.6,14.0,100.0,120.7,90.8,
https://www.basketball-reference.com/boxscores/201904030DET.html,"7:00 PM, April 3, 2019",Detroit Pistons,Indiana Pacers,89,108,IND,,,Team Totals,240,43,92,.467,6,21,.286,16,22,.727,10,34,44,31,9,4,11,18,108,,,Team Totals,240,.531,.500,.228,.239,22.2,75.6,48.9,72.1,9.1,10.3,9.8,100.0,109.7,90.4,
https://www.basketball-reference.com/boxscores/201904030DET.html,"7:00 PM, April 3, 2019",Detroit Pistons,Indiana Pacers,89,108,DET,,,Team Totals,240,31,80,.388,11,41,.268,16,24,.667,11,35,46,21,6,5,20,25,89,,,Team Totals,240,.491,.456,.513,.300,24.4,77.8,51.1,67.7,6.1,7.0,18.1,100.0,90.4,109.7,
https://www.basketball-reference.com/boxscores/201904030LAC.html,"10:30 PM, April 3, 2019",Los Angeles Clippers,Houston Rockets,103,135,HOU,,,Team Totals,240,47,88,.534,18,38,.474,23,29,.793,12,36,48,22,6,7,16,29,135,,,Team Totals,240,.670,.636,.432,.330,29.3,80.0,55.8,46.8,5.8,12.5,13.7,100.0,130.6,99.6,
https://www.basketball-reference.com/boxscores/201904030LAC.html,"10:30 PM, April 3, 2019",Los Angeles Clippers,Houston Rockets,103,135,LAC,,,Team Totals,240,38,82,.463,8,26,.308,19,31,.613,9,29,38,27,11,2,19,22,103,,,Team Totals,240,.538,.512,.317,.378,20.0,70.7,44.2,71.1,10.6,4.0,16.6,100.0,99.6,130.6,
https://www.basketball-reference.com/boxscores/201904030MIA.html,"7:30 PM, April 3, 2019",Miami Heat,Boston Celtics,102,112,BOS,,,Team Totals,240,38,80,.475,9,24,.375,27,31,.871,6,36,42,25,8,7,12,21,112,,,Team Totals,240,.598,.531,.300,.388,16.2,69.2,47.2,65.8,8.1,11.9,11.4,100.0,113.9,103.7,
https://www.basketball-reference.com/boxscores/201904030MIA.html,"7:30 PM, April 3, 2019",Miami Heat,Boston Celtics,102,112,MIA,,,Team Totals,240,39,95,.411,12,36,.333,12,20,.600,16,31,47,25,6,5,15,23,102,,,Team Totals,240,.491,.474,.379,.211,30.8,83.8,52.8,64.1,6.1,8.9,12.6,100.0,103.7,113.9,
https://www.basketball-reference.com/boxscores/201904030NOP.html,"8:00 PM, April 3, 2019",New Orleans Pelicans,Charlotte Hornets,109,115,CHO,,,Team Totals,240,38,90,.422,12,34,.353,27,32,.844,11,37,48,19,13,5,11,15,115,,,Team Totals,240,.552,.489,.378,.356,21.2,84.1,50.0,50.0,12.7,11.4,9.6,100.0,112.1,106.3,
https://www.basketball-reference.com/boxscores/201904030NOP.html,"8:00 PM, April 3, 2019",New Orleans Pelicans,Charlotte Hornets,109,115,NOP,,,Team Totals,240,40,85,.471,15,41,.366,14,17,.824,7,41,48,25,7,4,19,27,109,,,Team Totals,240,.589,.559,.482,.200,15.9,78.8,50.0,62.5,6.8,7.1,17.0,100.0,106.3,112.1,
https://www.basketball-reference.com/boxscores/201904030ORL.html,"7:00 PM, April 3, 2019",Orlando Magic,New York Knicks,114,100,NYK,,,Team Totals,240,38,85,.447,6,27,.222,18,21,.857,8,31,39,21,10,5,12,18,100,,,Team Totals,240,.531,.482,.318,.247,18.2,62.0,41.5,55.3,10.2,7.5,11.3,100.0,102.4,116.7,
https://www.basketball-reference.com/boxscores/201904030ORL.html,"7:00 PM, April 3, 2019",Orlando Magic,New York Knicks,114,100,ORL,,,Team Totals,240,45,99,.455,11,32,.344,13,20,.650,19,36,55,29,5,7,14,16,114,,,Team Totals,240,.529,.510,.323,.202,38.0,81.8,58.5,64.4,5.1,12.1,11.5,100.0,116.7,102.4,
https://www.basketball-reference.com/boxscores/201904030PHO.html,"10:00 PM, April 3, 2019",Phoenix Suns,Utah Jazz,97,118,UTA,,,Team Totals,240,44,77,.571,16,32,.500,14,18,.778,7,38,45,30,2,9,20,16,118,,,Team Totals,240,.695,.675,.416,.234,24.1,80.9,59.2,68.2,2.1,12.9,19.1,100.0,123.0,101.1,
https://www.basketball-reference.com/boxscores/201904030PHO.html,"10:00 PM, April 3, 2019",Phoenix Suns,Utah Jazz,97,118,PHO,,,Team Totals,240,42,91,.462,5,21,.238,8,13,.615,9,22,31,21,7,3,10,23,97,,,Team Totals,240,.501,.489,.231,.143,19.1,75.9,40.8,50.0,7.3,6.7,9.4,100.0,101.1,123.0,
https://www.basketball-reference.com/boxscores/201904030POR.html,"10:00 PM, April 3, 2019",Portland Trail Blazers,Memphis Grizzlies,116,89,MEM,,,Team Totals,240,31,80,.388,11,33,.333,16,19,.842,4,28,32,20,10,9,13,16,89,,,Team Totals,240,.504,.456,.413,.238,9.1,66.7,37.2,64.5,10.3,14.3,12.8,100.0,91.8,119.7,
https://www.basketball-reference.com/boxscores/201904030POR.html,"10:00 PM, April 3, 2019",Portland Trail Blazers,Memphis Grizzlies,116,89,POR,,,Team Totals,240,48,94,.511,10,31,.323,10,16,.625,14,40,54,28,9,3,14,14,116,,,Team Totals,240,.574,.564,.330,.170,33.3,90.9,62.8,58.3,9.3,6.4,12.2,100.0,119.7,91.8,
https://www.basketball-reference.com/boxscores/201904030WAS.html,"7:00 PM, April 3, 2019",Washington Wizards,Chicago Bulls,114,115,CHI,,,Team Totals,240,48,90,.533,5,19,.263,14,17,.824,9,40,49,22,7,5,20,23,115,,,Team Totals,240,.590,.561,.211,.189,23.1,81.6,55.7,45.8,6.5,7.1,17.0,100.0,106.7,105.7,
https://www.basketball-reference.com/boxscores/201904030WAS.html,"7:00 PM, April 3, 2019",Washington Wizards,Chicago Bulls,114,115,WAS,,,Team Totals,240,45,97,.464,5,27,.185,19,26,.731,9,30,39,24,8,9,12,18,114,,,Team Totals,240,.526,.490,.278,.268,18.4,76.9,44.3,53.3,7.4,12.7,10.0,100.0,105.7,106.7,
https://www.basketball-reference.com/boxscores/201904040LAL.html,"10:30 PM, April 4, 2019",Los Angeles Lakers,Golden State Warriors,90,108,GSW,,,Team Totals,240,43,98,.439,18,46,.391,4,5,.800,9,42,51,30,11,5,15,18,108,,,Team Totals,240,.539,.531,.469,.051,17.0,70.0,45.1,69.8,10.4,7.5,13.0,100.0,102.3,85.3,
https://www.basketball-reference.com/boxscores/201904040LAL.html,"10:30 PM, April 4, 2019",Los Angeles Lakers,Golden State Warriors,90,108,LAL,,,Team Totals,240,37,104,.356,8,37,.216,8,14,.571,18,44,62,25,10,7,18,10,90,,,Team Totals,240,.408,.394,.356,.135,30.0,83.0,54.9,67.6,9.5,13.5,14.0,100.0,85.3,102.3,
https://www.basketball-reference.com/boxscores/201904040PHI.html,"8:00 PM, April 4, 2019",Philadelphia 76ers,Milwaukee Bucks,122,128,MIL,,,Team Totals,240,42,93,.452,12,34,.353,32,43,.744,8,42,50,26,5,6,11,18,128,,,Team Totals,240,.572,.516,.366,.462,17.0,91.3,53.8,61.9,4.5,10.2,8.9,100.0,115.1,109.7,
https://www.basketball-reference.com/boxscores/201904040PHI.html,"8:00 PM, April 4, 2019",Philadelphia 76ers,Milwaukee Bucks,122,128,PHI,,,Team Totals,240,45,95,.474,18,36,.500,14,18,.778,4,39,43,36,4,8,13,26,122,,,Team Totals,240,.593,.568,.379,.189,8.7,83.0,46.2,80.0,3.6,13.6,11.2,100.0,109.7,115.1,
https://www.basketball-reference.com/boxscores/201904040SAC.html,"10:00 PM, April 4, 2019",Sacramento Kings,Cleveland Cavaliers,117,104,CLE,,,Team Totals,240,44,81,.543,11,25,.440,5,9,.556,10,40,50,20,3,1,22,13,104,,,Team Totals,240,.612,.611,.309,.111,26.3,83.3,58.1,45.5,3.1,1.7,20.6,100.0,106.4,119.7,
https://www.basketball-reference.com/boxscores/201904040SAC.html,"10:00 PM, April 4, 2019",Sacramento Kings,Cleveland Cavaliers,117,104,SAC,,,Team Totals,240,48,97,.495,14,38,.368,7,10,.700,8,28,36,28,12,3,7,14,117,,,Team Totals,240,.577,.567,.392,.103,16.7,73.7,41.9,58.3,12.3,5.4,6.5,100.0,119.7,106.4,
https://www.basketball-reference.com/boxscores/201904050CHO.html,"7:00 PM, April 5, 2019",Charlotte Hornets,Toronto Raptors,113,111,TOR,,,Team Totals,240,43,80,.538,9,26,.346,16,20,.800,5,38,43,27,2,5,14,17,111,,,Team Totals,240,.625,.594,.325,.250,13.5,82.6,51.8,62.8,2.1,9.1,13.6,100.0,114.5,116.5,
https://www.basketball-reference.com/boxscores/201904050CHO.html,"7:00 PM, April 5, 2019",Charlotte Hornets,Toronto Raptors,113,111,CHO,,,Team Totals,240,44,94,.468,13,39,.333,12,14,.857,8,32,40,28,6,2,7,17,113,,,Team Totals,240,.564,.537,.415,.149,17.4,86.5,48.2,63.6,6.2,3.7,6.5,100.0,116.5,114.5,
https://www.basketball-reference.com/boxscores/201904050DAL.html,"8:30 PM, April 5, 2019",Dallas Mavericks,Memphis Grizzlies,112,122,MEM,,,Team Totals,240,46,96,.479,16,41,.390,14,16,.875,12,38,50,30,7,2,10,16,122,,,Team Totals,240,.592,.563,.427,.167,27.9,77.6,54.3,65.2,7.1,4.1,8.8,100.0,123.4,113.3,
https://www.basketball-reference.com/boxscores/201904050DAL.html,"8:30 PM, April 5, 2019",Dallas Mavericks,Memphis Grizzlies,112,122,DAL,,,Team Totals,240,41,96,.427,17,47,.362,13,21,.619,11,31,42,28,4,4,9,13,112,,,Team Totals,240,.532,.516,.490,.219,22.4,72.1,45.7,68.3,4.0,7.3,7.9,100.0,113.3,123.4,
https://www.basketball-reference.com/boxscores/201904050DEN.html,"10:30 PM, April 5, 2019",Denver Nuggets,Portland Trail Blazers,119,110,POR,,,Team Totals,240,42,86,.488,10,29,.345,16,20,.800,12,28,40,24,6,2,15,23,110,,,Team Totals,240,.580,.547,.337,.233,30.8,70.0,50.6,57.1,6.4,3.5,13.7,100.0,117.7,127.3,
https://www.basketball-reference.com/boxscores/201904050DEN.html,"10:30 PM, April 5, 2019",Denver Nuggets,Portland Trail Blazers,119,110,DEN,,,Team Totals,240,43,84,.512,7,27,.259,26,29,.897,12,27,39,27,10,4,10,19,119,,,Team Totals,240,.615,.554,.321,.345,30.0,69.2,49.4,62.8,10.7,7.0,9.4,100.0,127.3,117.7,
https://www.basketball-reference.com/boxscores/201904050GSW.html,"10:30 PM, April 5, 2019",Golden State Warriors,Cleveland Cavaliers,120,114,CLE,,,Team Totals,240,43,97,.443,7,30,.233,21,23,.913,12,36,48,21,9,1,7,11,114,,,Team Totals,240,.532,.479,.309,.237,26.1,90.0,55.8,48.8,9.1,2.0,6.1,100.0,115.8,121.9,
https://www.basketball-reference.com/boxscores/201904050GSW.html,"10:30 PM, April 5, 2019",Golden State Warriors,Cleveland Cavaliers,120,114,GSW,,,Team Totals,240,46,87,.529,20,37,.541,8,8,1.000,4,34,38,29,2,8,13,21,120,,,Team Totals,240,.663,.644,.425,.092,10.0,73.9,44.2,63.0,2.0,11.9,12.6,100.0,121.9,115.8,
https://www.basketball-reference.com/boxscores/201904050HOU.html,"8:00 PM, April 5, 2019",Houston Rockets,New York Knicks,120,96,NYK,,,Team Totals,240,37,82,.451,6,27,.222,16,27,.593,5,48,53,22,3,6,16,17,96,,,Team Totals,240,.511,.488,.329,.329,10.9,87.3,52.5,59.5,2.9,14.3,14.6,100.0,91.7,114.6,
https://www.basketball-reference.com/boxscores/201904050HOU.html,"8:00 PM, April 5, 2019",Houston Rockets,New York Knicks,120,96,HOU,,,Team Totals,240,43,101,.426,22,59,.373,12,17,.706,7,41,48,26,8,2,6,21,120,,,Team Totals,240,.553,.535,.584,.168,12.7,89.1,47.5,60.5,7.6,3.6,5.2,100.0,114.6,91.7,
https://www.basketball-reference.com/boxscores/201904050IND.html,"8:00 PM, April 5, 2019",Indiana Pacers,Boston Celtics,97,117,BOS,,,Team Totals,240,48,92,.522,7,27,.259,14,16,.875,7,42,49,27,7,6,11,15,117,,,Team Totals,240,.591,.560,.293,.174,16.7,80.8,52.1,56.3,7.0,8.7,10.0,100.0,116.4,96.5,
https://www.basketball-reference.com/boxscores/201904050IND.html,"8:00 PM, April 5, 2019",Indiana Pacers,Boston Celtics,97,117,IND,,,Team Totals,240,38,92,.413,10,23,.435,11,19,.579,10,35,45,24,5,3,11,15,97,,,Team Totals,240,.483,.467,.250,.207,19.2,83.3,47.9,63.2,5.0,4.6,9.9,100.0,96.5,116.4,
https://www.basketball-reference.com/boxscores/201904050LAC.html,"10:30 PM, April 5, 2019",Los Angeles Clippers,Los Angeles Lakers,117,122,LAL,,,Team Totals,240,43,96,.448,14,32,.438,22,27,.815,14,41,55,28,8,10,14,24,122,,,Team Totals,240,.565,.521,.333,.281,26.9,85.4,55.0,65.1,7.5,16.1,11.5,100.0,114.0,109.4,
https://www.basketball-reference.com/boxscores/201904050LAC.html,"10:30 PM, April 5, 2019",Los Angeles Clippers,Los Angeles Lakers,117,122,LAC,,,Team Totals,240,40,91,.440,10,29,.345,27,31,.871,7,38,45,29,7,8,13,22,117,,,Team Totals,240,.559,.495,.319,.341,14.6,73.1,45.0,72.5,6.5,12.5,11.1,100.0,109.4,114.0,
https://www.basketball-reference.com/boxscores/201904050MIN.html,"8:00 PM, April 5, 2019",Minnesota Timberwolves,Miami Heat,111,109,MIA,,,Team Totals,240,45,88,.511,10,34,.294,9,12,.750,9,29,38,24,10,6,17,23,109,,,Team Totals,240,.584,.568,.386,.136,20.9,76.3,46.9,53.3,9.9,9.7,15.4,100.0,107.6,109.5,
https://www.basketball-reference.com/boxscores/201904050MIN.html,"8:00 PM, April 5, 2019",Minnesota Timberwolves,Miami Heat,111,109,MIN,,,Team Totals,240,43,86,.500,8,24,.333,17,21,.810,9,34,43,25,10,2,19,18,111,,,Team Totals,240,.583,.547,.279,.244,23.7,79.1,53.1,58.1,9.9,3.7,16.6,100.0,109.5,107.6,
https://www.basketball-reference.com/boxscores/201904050OKC.html,"8:00 PM, April 5, 2019",Oklahoma City Thunder,Detroit Pistons,123,110,DET,,,Team Totals,240,35,81,.432,15,41,.366,25,31,.806,4,28,32,20,10,8,14,23,110,,,Team Totals,240,.581,.525,.506,.383,9.5,57.1,35.2,57.1,9.7,11.1,12.9,100.0,107.2,119.9,
https://www.basketball-reference.com/boxscores/201904050OKC.html,"8:00 PM, April 5, 2019",Oklahoma City Thunder,Detroit Pistons,123,110,OKC,,,Team Totals,240,48,101,.475,12,29,.414,15,22,.682,21,38,59,30,10,4,17,24,123,,,Team Totals,240,.556,.535,.287,.218,42.9,90.5,64.8,62.5,9.7,10.0,13.3,100.0,119.9,107.2,
https://www.basketball-reference.com/boxscores/201904050ORL.html,"7:00 PM, April 5, 2019",Orlando Magic,Atlanta Hawks,149,113,ATL,,,Team Totals,240,41,94,.436,10,39,.256,21,31,.677,10,28,38,21,16,4,14,21,113,,,Team Totals,240,.525,.489,.415,.330,18.2,75.7,41.3,51.2,14.4,7.3,11.5,100.0,101.9,134.4,
https://www.basketball-reference.com/boxscores/201904050ORL.html,"7:00 PM, April 5, 2019",Orlando Magic,Atlanta Hawks,149,113,ORL,,,Team Totals,240,56,92,.609,18,37,.486,19,25,.760,9,45,54,35,11,4,19,24,149,,,Team Totals,240,.723,.707,.402,.272,24.3,81.8,58.7,62.5,9.9,7.3,15.6,100.0,134.4,101.9,
https://www.basketball-reference.com/boxscores/201904050PHO.html,"10:00 PM, April 5, 2019",Phoenix Suns,New Orleans Pelicans,133,126,NOP,,,Team Totals,265,49,101,.485,8,23,.348,20,27,.741,15,38,53,28,4,4,15,21,126,,,Team Totals,265,.558,.525,.228,.267,31.3,74.5,53.5,57.1,3.7,5.9,11.7,100.0,117.6,124.1,
https://www.basketball-reference.com/boxscores/201904050PHO.html,"10:00 PM, April 5, 2019",Phoenix Suns,New Orleans Pelicans,133,126,PHO,,,Team Totals,265,51,104,.490,14,36,.389,17,21,.810,13,33,46,27,12,11,7,18,133,,,Team Totals,265,.587,.558,.346,.202,25.5,68.8,46.5,52.9,11.2,14.1,5.8,100.0,124.1,117.6,
https://www.basketball-reference.com/boxscores/201904050UTA.html,"9:00 PM, April 5, 2019",Utah Jazz,Sacramento Kings,119,98,SAC,,,Team Totals,240,38,92,.413,5,21,.238,17,25,.680,12,35,47,17,7,1,18,23,98,,,Team Totals,240,.476,.440,.228,.272,23.5,83.3,50.5,44.7,6.7,1.9,14.9,100.0,93.3,113.3,
https://www.basketball-reference.com/boxscores/201904050UTA.html,"9:00 PM, April 5, 2019",Utah Jazz,Sacramento Kings,119,98,UTA,,,Team Totals,240,44,85,.518,15,33,.455,16,25,.640,7,39,46,30,9,6,16,26,119,,,Team Totals,240,.620,.606,.388,.294,16.7,76.5,49.5,68.2,8.6,8.5,14.3,100.0,113.3,93.3,
https://www.basketball-reference.com/boxscores/201904050WAS.html,"7:00 PM, April 5, 2019",Washington Wizards,San Antonio Spurs,112,129,SAS,,,Team Totals,240,51,91,.560,10,25,.400,17,20,.850,12,30,42,34,3,4,9,18,129,,,Team Totals,240,.646,.615,.275,.220,32.4,76.9,55.3,66.7,3.2,7.1,8.3,100.0,136.1,118.2,
https://www.basketball-reference.com/boxscores/201904050WAS.html,"7:00 PM, April 5, 2019",Washington Wizards,San Antonio Spurs,112,129,WAS,,,Team Totals,240,42,88,.477,9,32,.281,19,22,.864,9,25,34,22,2,4,10,16,112,,,Team Totals,240,.573,.528,.364,.250,23.1,67.6,44.7,52.4,2.1,6.1,9.3,100.0,118.2,136.1,
https://www.basketball-reference.com/boxscores/201904060CHI.html,"8:00 PM, April 6, 2019",Chicago Bulls,Philadelphia 76ers,96,116,PHI,,,Team Totals,240,46,88,.523,9,27,.333,15,26,.577,10,44,54,25,5,5,10,14,116,,,Team Totals,240,.583,.574,.307,.295,24.4,86.3,58.7,54.3,5.2,7.8,9.1,100.0,120.2,99.5,
https://www.basketball-reference.com/boxscores/201904060CHI.html,"8:00 PM, April 6, 2019",Chicago Bulls,Philadelphia 76ers,96,116,CHI,,,Team Totals,240,38,89,.427,8,25,.320,12,15,.800,7,31,38,22,4,3,8,22,96,,,Team Totals,240,.502,.472,.281,.169,13.7,75.6,41.3,57.9,4.1,4.9,7.7,100.0,99.5,120.2,
https://www.basketball-reference.com/boxscores/201904060MIL.html,"5:00 PM, April 6, 2019",Milwaukee Bucks,Brooklyn Nets,128,133,BRK,,,Team Totals,240,48,97,.495,19,45,.422,18,23,.783,12,31,43,25,7,0,10,19,133,,,Team Totals,240,.621,.593,.464,.237,24.5,83.8,50.0,52.1,6.8,0.0,8.5,100.0,128.5,123.7,
https://www.basketball-reference.com/boxscores/201904060MIL.html,"5:00 PM, April 6, 2019",Milwaukee Bucks,Brooklyn Nets,128,133,MIL,,,Team Totals,240,49,88,.557,16,34,.471,14,21,.667,6,37,43,28,7,4,14,18,128,,,Team Totals,240,.658,.648,.386,.239,16.2,75.5,50.0,57.1,6.8,7.7,12.6,100.0,123.7,128.5,
https://www.basketball-reference.com/boxscores/201904070BOS.html,"7:30 PM, April 7, 2019",Boston Celtics,Orlando Magic,108,116,ORL,,,Team Totals,240,41,90,.456,12,33,.364,22,22,1.000,11,34,45,29,9,7,16,14,116,,,Team Totals,240,.582,.522,.367,.244,25.0,85.0,53.6,70.7,8.9,12.1,13.8,100.0,114.4,106.5,
https://www.basketball-reference.com/boxscores/201904070BOS.html,"7:30 PM, April 7, 2019",Boston Celtics,Orlando Magic,108,116,BOS,,,Team Totals,240,42,89,.472,12,31,.387,12,14,.857,6,33,39,28,9,4,14,19,108,,,Team Totals,240,.567,.539,.348,.157,15.0,75.0,46.4,66.7,8.9,7.0,12.8,100.0,106.5,114.4,
https://www.basketball-reference.com/boxscores/201904070CLE.html,"3:00 PM, April 7, 2019",Cleveland Cavaliers,San Antonio Spurs,90,112,SAS,,,Team Totals,240,43,82,.524,9,22,.409,17,22,.773,11,38,49,27,10,5,18,18,112,,,Team Totals,240,.611,.579,.268,.268,30.6,79.2,58.3,62.8,10.4,10.0,16.4,100.0,116.0,93.2,
https://www.basketball-reference.com/boxscores/201904070CLE.html,"3:00 PM, April 7, 2019",Cleveland Cavaliers,San Antonio Spurs,90,112,CLE,,,Team Totals,240,31,79,.392,8,29,.276,20,27,.741,10,25,35,16,14,1,18,16,90,,,Team Totals,240,.495,.443,.367,.342,20.8,69.4,41.7,51.6,14.5,1.7,16.5,100.0,93.2,116.0,
https://www.basketball-reference.com/boxscores/201904070DET.html,"4:00 PM, April 7, 2019",Detroit Pistons,Charlotte Hornets,91,104,CHO,,,Team Totals,240,38,88,.432,10,31,.323,18,23,.783,8,36,44,23,5,3,7,13,104,,,Team Totals,240,.530,.489,.352,.261,17.8,66.7,44.4,60.5,5.5,5.9,6.7,100.0,114.9,100.6,
https://www.basketball-reference.com/boxscores/201904070DET.html,"4:00 PM, April 7, 2019",Detroit Pistons,Charlotte Hornets,91,104,DET,,,Team Totals,240,34,92,.370,10,41,.244,13,15,.867,18,37,55,20,3,7,9,18,91,,,Team Totals,240,.461,.424,.446,.163,33.3,82.2,55.6,58.8,3.3,12.3,8.4,100.0,100.6,114.9,
https://www.basketball-reference.com/boxscores/201904070GSW.html,"8:30 PM, April 7, 2019",Golden State Warriors,Los Angeles Clippers,131,104,LAC,,,Team Totals,240,38,79,.481,10,19,.526,18,29,.621,6,33,39,26,7,4,20,22,104,,,Team Totals,240,.567,.544,.241,.367,14.0,75.0,44.8,68.4,6.8,6.7,17.9,100.0,100.6,126.7,
https://www.basketball-reference.com/boxscores/201904070GSW.html,"8:30 PM, April 7, 2019",Golden State Warriors,Los Angeles Clippers,131,104,GSW,,,Team Totals,240,53,97,.546,12,37,.324,13,15,.867,11,37,48,34,16,8,11,22,131,,,Team Totals,240,.632,.608,.381,.155,25.0,86.0,55.2,64.2,15.5,13.3,9.6,100.0,126.7,100.6,
https://www.basketball-reference.com/boxscores/201904070HOU.html,"7:00 PM, April 7, 2019",Houston Rockets,Phoenix Suns,149,113,PHO,,,Team Totals,240,43,93,.462,11,34,.324,16,21,.762,8,34,42,26,8,0,13,18,113,,,Team Totals,240,.553,.522,.366,.226,16.7,73.9,44.7,60.5,7.6,0.0,11.3,100.0,107.7,142.1,
https://www.basketball-reference.com/boxscores/201904070HOU.html,"7:00 PM, April 7, 2019",Houston Rockets,Phoenix Suns,149,113,HOU,,,Team Totals,240,53,100,.530,27,57,.474,16,21,.762,12,40,52,34,12,5,9,16,149,,,Team Totals,240,.682,.665,.570,.210,26.1,83.3,55.3,64.2,11.4,8.5,7.6,100.0,142.1,107.7,
https://www.basketball-reference.com/boxscores/201904070IND.html,"5:00 PM, April 7, 2019",Indiana Pacers,Brooklyn Nets,96,108,BRK,,,Team Totals,240,40,88,.455,11,36,.306,17,22,.773,17,35,52,23,7,4,16,13,108,,,Team Totals,240,.553,.517,.409,.250,37.8,87.5,61.2,57.5,7.4,6.9,14.1,100.0,114.7,102.0,
https://www.basketball-reference.com/boxscores/201904070IND.html,"5:00 PM, April 7, 2019",Indiana Pacers,Brooklyn Nets,96,108,IND,,,Team Totals,240,41,85,.482,10,27,.370,4,7,.571,5,28,33,27,6,3,13,18,96,,,Team Totals,240,.545,.541,.318,.082,12.5,62.2,38.8,65.9,6.4,5.8,12.9,100.0,102.0,114.7,
https://www.basketball-reference.com/boxscores/201904070LAL.html,"9:30 PM, April 7, 2019",Los Angeles Lakers,Utah Jazz,113,109,UTA,,,Team Totals,240,38,84,.452,13,42,.310,20,28,.714,10,25,35,25,11,4,11,17,109,,,Team Totals,240,.566,.530,.500,.333,23.3,61.0,41.7,65.8,11.5,6.3,10.2,100.0,114.0,118.2,
https://www.basketball-reference.com/boxscores/201904070LAL.html,"9:30 PM, April 7, 2019",Los Angeles Lakers,Utah Jazz,113,109,LAL,,,Team Totals,240,46,89,.517,7,25,.280,14,21,.667,16,33,49,28,5,5,17,21,113,,,Team Totals,240,.575,.556,.281,.236,39.0,76.7,58.3,60.9,5.2,11.9,14.8,100.0,118.2,114.0,
https://www.basketball-reference.com/boxscores/201904070MEM.html,"6:00 PM, April 7, 2019",Memphis Grizzlies,Dallas Mavericks,127,129,DAL,,,Team Totals,265,45,98,.459,12,41,.293,27,34,.794,11,40,51,31,4,5,7,23,129,,,Team Totals,265,.571,.520,.418,.347,20.4,80.0,49.0,68.9,3.8,9.3,5.8,100.0,121.0,119.1,
https://www.basketball-reference.com/boxscores/201904070MEM.html,"6:00 PM, April 7, 2019",Memphis Grizzlies,Dallas Mavericks,127,129,MEM,,,Team Totals,265,42,98,.429,19,44,.432,24,28,.857,10,43,53,32,4,4,9,24,127,,,Team Totals,265,.576,.526,.449,.286,20.0,79.6,51.0,76.2,3.8,7.0,7.5,100.0,119.1,121.0,
https://www.basketball-reference.com/boxscores/201904070MIL.html,"7:00 PM, April 7, 2019",Milwaukee Bucks,Atlanta Hawks,115,107,ATL,,,Team Totals,240,40,100,.400,17,45,.378,10,19,.526,9,39,48,25,2,3,11,28,107,,,Team Totals,240,.494,.485,.450,.190,15.3,78.0,44.0,62.5,1.9,6.0,9.2,100.0,99.3,106.8,
https://www.basketball-reference.com/boxscores/201904070MIL.html,"7:00 PM, April 7, 2019",Milwaukee Bucks,Atlanta Hawks,115,107,MIL,,,Team Totals,240,40,91,.440,9,41,.220,26,34,.765,11,50,61,19,8,10,14,23,115,,,Team Totals,240,.543,.489,.451,.374,22.0,84.7,56.0,47.5,7.4,18.2,11.7,100.0,106.8,99.3,
https://www.basketball-reference.com/boxscores/201904070MIN.html,"3:30 PM, April 7, 2019",Minnesota Timberwolves,Oklahoma City Thunder,126,132,OKC,,,Team Totals,240,48,92,.522,14,34,.412,22,26,.846,14,32,46,27,6,4,14,30,132,,,Team Totals,240,.638,.598,.370,.283,35.0,84.2,59.0,56.3,5.9,6.5,11.9,100.0,130.1,124.2,
https://www.basketball-reference.com/boxscores/201904070MIN.html,"3:30 PM, April 7, 2019",Minnesota Timberwolves,Oklahoma City Thunder,126,132,MIN,,,Team Totals,240,46,85,.541,10,23,.435,24,29,.828,6,26,32,29,9,5,13,24,126,,,Team Totals,240,.644,.600,.271,.341,15.8,65.0,41.0,63.0,8.9,8.6,11.7,100.0,124.2,130.1,
https://www.basketball-reference.com/boxscores/201904070NYK.html,"7:30 PM, April 7, 2019",New York Knicks,Washington Wizards,113,110,WAS,,,Team Totals,240,43,103,.417,10,34,.294,14,18,.778,21,29,50,24,12,4,9,16,110,,,Team Totals,240,.496,.466,.330,.175,36.8,80.6,53.8,55.8,12.6,8.7,7.5,100.0,115.8,118.9,
https://www.basketball-reference.com/boxscores/201904070NYK.html,"7:30 PM, April 7, 2019",New York Knicks,Washington Wizards,113,110,NYK,,,Team Totals,240,41,80,.513,17,34,.500,14,19,.737,7,36,43,24,5,9,15,14,113,,,Team Totals,240,.639,.619,.425,.238,19.4,63.2,46.2,58.5,5.3,13.0,14.5,100.0,118.9,115.8,
https://www.basketball-reference.com/boxscores/201904070POR.html,"9:00 PM, April 7, 2019",Portland Trail Blazers,Denver Nuggets,115,108,DEN,,,Team Totals,240,42,95,.442,13,33,.394,11,20,.550,12,30,42,24,9,4,11,26,108,,,Team Totals,240,.520,.511,.347,.211,22.6,63.8,42.0,57.1,9.0,6.6,9.6,100.0,108.4,115.5,
https://www.basketball-reference.com/boxscores/201904070POR.html,"9:00 PM, April 7, 2019",Portland Trail Blazers,Denver Nuggets,115,108,POR,,,Team Totals,240,41,89,.461,9,28,.321,24,29,.828,17,41,58,22,5,5,16,16,115,,,Team Totals,240,.565,.511,.315,.326,36.2,77.4,58.0,53.7,5.0,8.1,13.6,100.0,115.5,108.4,
https://www.basketball-reference.com/boxscores/201904070SAC.html,"9:00 PM, April 7, 2019",Sacramento Kings,New Orleans Pelicans,129,133,NOP,,,Team Totals,240,52,101,.515,19,42,.452,10,12,.833,14,41,55,28,4,11,16,16,133,,,Team Totals,240,.626,.609,.416,.119,31.1,71.9,53.9,53.8,3.8,15.9,13.1,100.0,126.9,123.1,
https://www.basketball-reference.com/boxscores/201904070SAC.html,"9:00 PM, April 7, 2019",Sacramento Kings,New Orleans Pelicans,129,133,SAC,,,Team Totals,240,50,109,.459,16,40,.400,13,17,.765,16,31,47,27,10,4,6,13,129,,,Team Totals,240,.554,.532,.367,.156,28.1,68.9,46.1,54.0,9.5,6.8,4.9,100.0,123.1,126.9,
https://www.basketball-reference.com/boxscores/201904070TOR.html,"12:00 PM, April 7, 2019",Toronto Raptors,Miami Heat,117,109,MIA,,,Team Totals,265,41,100,.410,13,34,.382,14,19,.737,12,43,55,27,5,2,12,22,109,,,Team Totals,265,.503,.475,.340,.190,21.8,91.5,53.9,65.9,4.8,4.3,10.0,100.0,103.7,111.3,
https://www.basketball-reference.com/boxscores/201904070TOR.html,"12:00 PM, April 7, 2019",Toronto Raptors,Miami Heat,117,109,TOR,,,Team Totals,265,39,87,.448,16,41,.390,23,27,.852,4,43,47,26,7,5,11,17,117,,,Team Totals,265,.592,.540,.471,.310,8.5,78.2,46.1,66.7,6.7,7.6,10.0,100.0,111.3,103.7,
https://www.basketball-reference.com/boxscores/201904090CHI.html,"8:00 PM, April 9, 2019",Chicago Bulls,New York Knicks,86,96,NYK,,,Team Totals,240,37,93,.398,14,40,.350,8,13,.615,11,50,61,17,0,10,9,16,96,,,Team Totals,240,.486,.473,.430,.140,20.0,89.3,55.0,45.9,0.0,16.4,8.4,100.0,100.7,90.2,
https://www.basketball-reference.com/boxscores/201904090CHI.html,"8:00 PM, April 9, 2019",Chicago Bulls,New York Knicks,86,96,CHI,,,Team Totals,240,30,83,.361,7,22,.318,19,29,.655,6,44,50,14,7,4,7,18,86,,,Team Totals,240,.449,.404,.265,.349,10.7,80.0,45.0,46.7,7.3,7.5,6.8,100.0,90.2,100.7,
https://www.basketball-reference.com/boxscores/201904090CLE.html,"7:00 PM, April 9, 2019",Cleveland Cavaliers,Charlotte Hornets,97,124,CHO,,,Team Totals,240,45,78,.577,22,44,.500,12,17,.706,5,32,37,35,8,7,10,13,124,,,Team Totals,240,.725,.718,.564,.218,15.6,69.6,47.4,77.8,8.9,11.9,10.5,100.0,138.1,108.1,
https://www.basketball-reference.com/boxscores/201904090CLE.html,"7:00 PM, April 9, 2019",Cleveland Cavaliers,Charlotte Hornets,97,124,CLE,,,Team Totals,240,40,89,.449,11,30,.367,6,8,.750,14,27,41,24,3,2,14,18,97,,,Team Totals,240,.524,.511,.337,.090,30.4,84.4,52.6,60.0,3.3,5.9,13.1,100.0,108.1,138.1,
https://www.basketball-reference.com/boxscores/201904090DAL.html,"8:30 PM, April 9, 2019",Dallas Mavericks,Phoenix Suns,120,109,PHO,,,Team Totals,240,38,88,.432,13,35,.371,20,28,.714,5,33,38,21,13,6,14,22,109,,,Team Totals,240,.543,.506,.398,.318,9.8,64.7,37.3,55.3,12.2,11.8,12.2,100.0,102.4,112.7,
https://www.basketball-reference.com/boxscores/201904090DAL.html,"8:30 PM, April 9, 2019",Dallas Mavericks,Phoenix Suns,120,109,DAL,,,Team Totals,240,41,91,.451,16,40,.400,22,27,.815,18,46,64,28,6,6,22,24,120,,,Team Totals,240,.583,.538,.440,.297,35.3,90.2,62.7,68.3,5.6,11.3,17.6,100.0,112.7,102.4,
https://www.basketball-reference.com/boxscores/201904090DET.html,"7:00 PM, April 9, 2019",Detroit Pistons,Memphis Grizzlies,100,93,MEM,,,Team Totals,240,33,69,.478,10,24,.417,17,21,.810,7,36,43,19,4,6,22,24,93,,,Team Totals,240,.594,.551,.348,.304,21.2,72.0,51.8,57.6,4.4,11.1,21.9,100.0,101.3,109.0,
https://www.basketball-reference.com/boxscores/201904090DET.html,"7:00 PM, April 9, 2019",Detroit Pistons,Memphis Grizzlies,100,93,DET,,,Team Totals,240,35,88,.398,10,34,.294,20,28,.714,14,26,40,16,13,4,9,21,100,,,Team Totals,240,.498,.455,.386,.318,28.0,78.8,48.2,45.7,14.2,8.9,8.2,100.0,109.0,101.3,
https://www.basketball-reference.com/boxscores/201904090LAL.html,"10:30 PM, April 9, 2019",Los Angeles Lakers,Portland Trail Blazers,101,104,POR,,,Team Totals,240,37,90,.411,11,37,.297,19,22,.864,11,34,45,18,8,10,14,14,104,,,Team Totals,240,.522,.472,.411,.244,24.4,66.7,46.9,48.6,8.1,15.4,12.3,100.0,105.3,102.3,
https://www.basketball-reference.com/boxscores/201904090LAL.html,"10:30 PM, April 9, 2019",Los Angeles Lakers,Portland Trail Blazers,101,104,LAL,,,Team Totals,240,40,94,.426,10,29,.345,11,17,.647,17,34,51,29,6,6,17,19,101,,,Team Totals,240,.498,.479,.309,.181,33.3,75.6,53.1,72.5,6.1,11.3,14.3,100.0,102.3,105.3,
https://www.basketball-reference.com/boxscores/201904090MIA.html,"7:30 PM, April 9, 2019",Miami Heat,Philadelphia 76ers,122,99,PHI,,,Team Totals,240,40,98,.408,5,25,.200,14,16,.875,11,35,46,22,11,0,15,19,99,,,Team Totals,240,.471,.434,.255,.163,22.9,83.3,51.1,55.0,10.5,0.0,12.5,100.0,94.7,116.7,
https://www.basketball-reference.com/boxscores/201904090MIA.html,"7:30 PM, April 9, 2019",Miami Heat,Philadelphia 76ers,122,99,MIA,,,Team Totals,240,46,87,.529,13,27,.481,17,23,.739,7,37,44,29,6,10,15,18,122,,,Team Totals,240,.628,.603,.310,.264,16.7,77.1,48.9,63.0,5.7,13.7,13.4,100.0,116.7,94.7,
https://www.basketball-reference.com/boxscores/201904090MIN.html,"8:00 PM, April 9, 2019",Minnesota Timberwolves,Toronto Raptors,100,120,TOR,,,Team Totals,240,46,88,.523,16,37,.432,12,17,.706,7,47,54,24,10,5,18,17,120,,,Team Totals,240,.628,.614,.420,.193,18.9,90.4,60.7,52.2,9.6,10.2,15.9,100.0,115.7,96.4,
https://www.basketball-reference.com/boxscores/201904090MIN.html,"8:00 PM, April 9, 2019",Minnesota Timberwolves,Toronto Raptors,100,120,MIN,,,Team Totals,240,38,91,.418,13,42,.310,11,14,.786,5,30,35,26,10,9,12,16,100,,,Team Totals,240,.515,.489,.462,.154,9.6,81.1,39.3,68.4,9.6,17.6,11.0,100.0,96.4,115.7,
https://www.basketball-reference.com/boxscores/201904090NOP.html,"8:00 PM, April 9, 2019",New Orleans Pelicans,Golden State Warriors,103,112,GSW,,,Team Totals,240,43,89,.483,12,30,.400,14,21,.667,11,47,58,25,8,3,15,17,112,,,Team Totals,240,.570,.551,.337,.236,23.9,87.0,58.0,58.1,7.8,4.5,13.2,100.0,108.7,100.0,
https://www.basketball-reference.com/boxscores/201904090NOP.html,"8:00 PM, April 9, 2019",New Orleans Pelicans,Golden State Warriors,103,112,NOP,,,Team Totals,240,44,99,.444,9,33,.273,6,10,.600,7,35,42,29,9,1,10,15,103,,,Team Totals,240,.498,.490,.333,.101,13.0,76.1,42.0,65.9,8.7,1.7,8.8,100.0,100.0,108.7,
https://www.basketball-reference.com/boxscores/201904090OKC.html,"9:30 PM, April 9, 2019",Oklahoma City Thunder,Houston Rockets,112,111,HOU,,,Team Totals,240,38,88,.432,18,53,.340,17,20,.850,9,33,42,18,7,7,11,21,111,,,Team Totals,240,.573,.534,.602,.227,19.1,64.7,42.9,47.4,7.3,12.7,10.2,100.0,115.9,116.9,
https://www.basketball-reference.com/boxscores/201904090OKC.html,"9:30 PM, April 9, 2019",Oklahoma City Thunder,Houston Rockets,112,111,OKC,,,Team Totals,240,40,96,.417,16,41,.390,16,20,.800,18,38,56,20,5,2,12,19,112,,,Team Totals,240,.534,.500,.427,.208,35.3,80.9,57.1,50.0,5.2,5.7,10.3,100.0,116.9,115.9,
https://www.basketball-reference.com/boxscores/201904090UTA.html,"9:00 PM, April 9, 2019",Utah Jazz,Denver Nuggets,118,108,DEN,,,Team Totals,240,41,88,.466,12,25,.480,14,22,.636,3,28,31,24,9,3,7,28,108,,,Team Totals,240,.553,.534,.284,.250,7.1,75.7,39.2,58.5,9.1,5.9,6.7,100.0,109.5,119.7,
https://www.basketball-reference.com/boxscores/201904090UTA.html,"9:00 PM, April 9, 2019",Utah Jazz,Denver Nuggets,118,108,UTA,,,Team Totals,240,41,78,.526,10,27,.370,26,34,.765,9,39,48,24,5,5,15,21,118,,,Team Totals,240,.635,.590,.346,.436,24.3,92.9,60.8,58.5,5.1,7.9,13.9,100.0,119.7,109.5,
https://www.basketball-reference.com/boxscores/201904090WAS.html,"7:00 PM, April 9, 2019",Washington Wizards,Boston Celtics,110,116,BOS,,,Team Totals,240,45,99,.455,15,44,.341,11,23,.478,13,37,50,27,10,3,6,17,116,,,Team Totals,240,.532,.530,.444,.232,22.4,74.0,46.3,60.0,9.8,5.2,5.2,100.0,113.2,107.4,
https://www.basketball-reference.com/boxscores/201904090WAS.html,"7:00 PM, April 9, 2019",Washington Wizards,Boston Celtics,110,116,WAS,,,Team Totals,240,41,97,.423,14,39,.359,14,18,.778,13,45,58,28,2,3,15,18,110,,,Team Totals,240,.524,.495,.402,.186,26.0,77.6,53.7,68.3,2.0,5.5,12.5,100.0,107.4,113.2,
https://www.basketball-reference.com/boxscores/201904100ATL.html,"8:00 PM, April 10, 2019",Atlanta Hawks,Indiana Pacers,134,135,IND,,,Team Totals,240,45,98,.459,12,30,.400,33,39,.846,13,30,43,22,12,7,8,28,135,,,Team Totals,240,.586,.520,.306,.398,25.0,57.7,41.3,48.9,11.1,11.3,6.5,100.0,125.3,124.4,
https://www.basketball-reference.com/boxscores/201904100ATL.html,"8:00 PM, April 10, 2019",Atlanta Hawks,Indiana Pacers,134,135,ATL,,,Team Totals,240,43,103,.417,17,41,.415,31,38,.816,22,39,61,29,5,7,17,25,134,,,Team Totals,240,.560,.500,.398,.369,42.3,75.0,58.7,67.4,4.6,10.3,12.4,100.0,124.4,125.3,
https://www.basketball-reference.com/boxscores/201904100BRK.html,"8:00 PM, April 10, 2019",Brooklyn Nets,Miami Heat,113,94,MIA,,,Team Totals,240,38,98,.388,8,41,.195,10,15,.667,8,46,54,22,9,4,15,12,94,,,Team Totals,240,.449,.429,.418,.153,14.3,69.7,44.3,57.9,8.3,7.1,12.5,100.0,87.2,104.8,
https://www.basketball-reference.com/boxscores/201904100BRK.html,"8:00 PM, April 10, 2019",Brooklyn Nets,Miami Heat,113,94,BRK,,,Team Totals,240,43,114,.377,21,58,.362,6,7,.857,20,48,68,29,7,3,12,13,113,,,Team Totals,240,.483,.469,.509,.061,30.3,85.7,55.7,67.4,6.5,5.3,9.3,100.0,104.8,87.2,
https://www.basketball-reference.com/boxscores/201904100CHO.html,"8:00 PM, April 10, 2019",Charlotte Hornets,Orlando Magic,114,122,ORL,,,Team Totals,240,48,88,.545,11,30,.367,15,20,.750,9,30,39,24,5,2,6,19,122,,,Team Totals,240,.630,.608,.341,.227,24.3,88.2,54.9,50.0,5.4,4.1,5.8,100.0,132.8,124.1,
https://www.basketball-reference.com/boxscores/201904100CHO.html,"8:00 PM, April 10, 2019",Charlotte Hornets,Orlando Magic,114,122,CHO,,,Team Totals,240,41,78,.526,8,29,.276,24,27,.889,4,28,32,21,3,4,8,14,114,,,Team Totals,240,.634,.577,.372,.346,11.8,75.7,45.1,51.2,3.3,6.9,8.2,100.0,124.1,132.8,
https://www.basketball-reference.com/boxscores/201904100DEN.html,"10:30 PM, April 10, 2019",Denver Nuggets,Minnesota Timberwolves,99,95,MIN,,,Team Totals,240,39,91,.429,13,32,.406,4,6,.667,7,34,41,24,6,0,10,22,95,,,Team Totals,240,.507,.500,.352,.066,14.6,73.9,43.6,61.5,6.4,0.0,9.6,100.0,100.7,104.9,
https://www.basketball-reference.com/boxscores/201904100DEN.html,"10:30 PM, April 10, 2019",Denver Nuggets,Minnesota Timberwolves,99,95,DEN,,,Team Totals,240,39,87,.448,10,33,.303,11,17,.647,12,41,53,23,6,4,13,12,99,,,Team Totals,240,.524,.506,.379,.195,26.1,85.4,56.4,59.0,6.4,6.8,12.1,100.0,104.9,100.7,
https://www.basketball-reference.com/boxscores/201904100LAC.html,"10:30 PM, April 10, 2019",Los Angeles Clippers,Utah Jazz,143,137,UTA,,,Team Totals,265,47,106,.443,14,35,.400,29,33,.879,17,40,57,31,8,11,17,24,137,,,Team Totals,265,.568,.509,.330,.311,29.8,76.9,52.3,66.0,6.8,14.1,12.4,100.0,116.8,121.9,
https://www.basketball-reference.com/boxscores/201904100LAC.html,"10:30 PM, April 10, 2019",Los Angeles Clippers,Utah Jazz,143,137,LAC,,,Team Totals,265,54,106,.509,12,28,.429,23,30,.767,12,40,52,34,7,5,12,27,143,,,Team Totals,265,.600,.566,.264,.283,23.1,70.2,47.7,63.0,6.0,7.0,9.1,100.0,121.9,116.8,
https://www.basketball-reference.com/boxscores/201904100MEM.html,"8:00 PM, April 10, 2019",Memphis Grizzlies,Golden State Warriors,132,117,GSW,,,Team Totals,240,46,92,.500,13,30,.433,12,14,.857,9,30,39,32,3,5,14,17,117,,,Team Totals,240,.596,.571,.326,.152,20.9,66.7,44.3,69.6,3.0,9.6,12.5,100.0,117.2,132.2,
https://www.basketball-reference.com/boxscores/201904100MEM.html,"8:00 PM, April 10, 2019",Memphis Grizzlies,Golden State Warriors,132,117,MEM,,,Team Totals,240,48,98,.490,21,46,.457,15,18,.833,15,34,49,25,9,0,11,18,132,,,Team Totals,240,.623,.597,.469,.184,33.3,79.1,55.7,52.1,9.0,0.0,9.4,100.0,132.2,117.2,
https://www.basketball-reference.com/boxscores/201904100MIL.html,"8:00 PM, April 10, 2019",Milwaukee Bucks,Oklahoma City Thunder,116,127,OKC,,,Team Totals,240,48,99,.485,23,54,.426,8,13,.615,9,44,53,40,7,3,13,20,127,,,Team Totals,240,.606,.601,.545,.131,17.6,80.0,50.0,83.3,6.4,5.6,11.0,100.0,116.1,106.0,
https://www.basketball-reference.com/boxscores/201904100MIL.html,"8:00 PM, April 10, 2019",Milwaukee Bucks,Oklahoma City Thunder,116,127,MIL,,,Team Totals,240,43,100,.430,15,46,.326,15,21,.714,11,42,53,27,7,1,15,14,116,,,Team Totals,240,.531,.505,.460,.210,20.0,82.4,50.0,62.8,6.4,2.2,12.1,100.0,106.0,116.1,
https://www.basketball-reference.com/boxscores/201904100NYK.html,"8:00 PM, April 10, 2019",New York Knicks,Detroit Pistons,89,115,DET,,,Team Totals,240,41,85,.482,14,33,.424,19,20,.950,11,45,56,25,5,2,14,23,115,,,Team Totals,240,.613,.565,.388,.235,27.5,91.8,62.9,61.0,5.3,4.3,13.0,100.0,122.3,94.7,
https://www.basketball-reference.com/boxscores/201904100NYK.html,"8:00 PM, April 10, 2019",New York Knicks,Detroit Pistons,89,115,NYK,,,Team Totals,240,31,77,.403,9,30,.300,18,25,.720,4,29,33,23,7,5,11,17,89,,,Team Totals,240,.506,.461,.390,.325,8.2,72.5,37.1,74.2,7.4,9.6,11.1,100.0,94.7,122.3,
https://www.basketball-reference.com/boxscores/201904100PHI.html,"8:00 PM, April 10, 2019",Philadelphia 76ers,Chicago Bulls,125,109,CHI,,,Team Totals,240,45,95,.474,9,24,.375,10,15,.667,9,30,39,21,4,3,8,13,109,,,Team Totals,240,.536,.521,.253,.158,19.1,76.9,45.3,46.7,4.1,4.5,7.3,100.0,112.0,128.4,
https://www.basketball-reference.com/boxscores/201904100PHI.html,"8:00 PM, April 10, 2019",Philadelphia 76ers,Chicago Bulls,125,109,PHI,,,Team Totals,240,52,93,.559,12,26,.462,9,15,.600,9,38,47,30,4,10,7,11,125,,,Team Totals,240,.628,.624,.280,.161,23.1,80.9,54.7,57.7,4.1,14.1,6.6,100.0,128.4,112.0,
https://www.basketball-reference.com/boxscores/201904100POR.html,"10:30 PM, April 10, 2019",Portland Trail Blazers,Sacramento Kings,136,131,SAC,,,Team Totals,240,50,96,.521,18,43,.419,13,16,.813,12,23,35,25,5,1,10,17,131,,,Team Totals,240,.636,.615,.448,.167,28.6,62.2,44.3,50.0,5.1,1.5,8.8,100.0,133.8,139.0,
https://www.basketball-reference.com/boxscores/201904100POR.html,"10:30 PM, April 10, 2019",Portland Trail Blazers,Sacramento Kings,136,131,POR,,,Team Totals,240,53,91,.582,14,24,.583,16,22,.727,14,30,44,19,5,2,13,17,136,,,Team Totals,240,.675,.659,.264,.242,37.8,71.4,55.7,35.8,5.1,3.8,11.4,100.0,139.0,133.8,
https://www.basketball-reference.com/boxscores/201904100SAS.html,"8:00 PM, April 10, 2019",San Antonio Spurs,Dallas Mavericks,105,94,DAL,,,Team Totals,240,37,91,.407,11,37,.297,9,12,.750,7,35,42,27,5,4,7,19,94,,,Team Totals,240,.488,.467,.407,.132,13.5,81.4,44.2,73.0,5.2,6.3,6.8,100.0,98.0,109.5,
https://www.basketball-reference.com/boxscores/201904100SAS.html,"8:00 PM, April 10, 2019",San Antonio Spurs,Dallas Mavericks,105,94,SAS,,,Team Totals,240,41,88,.466,8,24,.333,15,18,.833,8,45,53,22,6,2,11,14,105,,,Team Totals,240,.547,.511,.273,.205,18.6,86.5,55.8,53.7,6.3,3.7,10.3,100.0,109.5,98.0,
https://www.basketball-reference.com/boxscores/201904130DEN.html,"10:30 PM, April 13, 2019",Denver Nuggets,San Antonio Spurs,96,101,SAS,,,Team Totals,240,40,83,.482,7,15,.467,14,20,.700,10,37,47,20,4,4,11,17,101,,,Team Totals,240,.550,.524,.181,.241,23.3,74.0,50.5,50.0,4.3,6.7,10.7,100.0,109.4,103.9,
https://www.basketball-reference.com/boxscores/201904130DEN.html,"10:30 PM, April 13, 2019",Denver Nuggets,San Antonio Spurs,96,101,DEN,,,Team Totals,240,37,88,.420,6,28,.214,16,24,.667,13,33,46,25,8,3,10,18,96,,,Team Totals,240,.487,.455,.318,.273,26.0,76.7,49.5,67.6,8.7,4.4,9.2,100.0,103.9,109.4,
https://www.basketball-reference.com/boxscores/201904130GSW.html,"8:00 PM, April 13, 2019",Golden State Warriors,Los Angeles Clippers,121,104,LAC,,,Team Totals,240,38,95,.400,11,30,.367,17,22,.773,7,33,40,24,10,7,18,22,104,,,Team Totals,240,.497,.458,.316,.232,14.3,73.3,42.6,63.2,9.1,11.3,14.7,100.0,94.3,109.7,
https://www.basketball-reference.com/boxscores/201904130GSW.html,"8:00 PM, April 13, 2019",Golden State Warriors,Los Angeles Clippers,121,104,GSW,,,Team Totals,240,45,92,.489,14,30,.467,17,20,.850,12,42,54,31,9,14,21,22,121,,,Team Totals,240,.600,.565,.326,.217,26.7,85.7,57.4,68.9,8.2,21.5,17.2,100.0,109.7,94.3,
https://www.basketball-reference.com/boxscores/201904130PHI.html,"2:30 PM, April 13, 2019",Philadelphia 76ers,Brooklyn Nets,102,111,BRK,,,Team Totals,240,38,88,.432,11,26,.423,24,26,.923,10,35,45,15,9,2,12,27,111,,,Team Totals,240,.558,.494,.295,.295,22.7,68.6,47.4,39.5,9.1,3.3,10.8,100.0,112.7,103.6,
https://www.basketball-reference.com/boxscores/201904130PHI.html,"2:30 PM, April 13, 2019",Philadelphia 76ers,Brooklyn Nets,102,111,PHI,,,Team Totals,240,35,86,.407,3,25,.120,29,42,.690,16,34,50,20,6,11,13,24,102,,,Team Totals,240,.488,.424,.291,.488,31.4,77.3,52.6,57.1,6.1,17.7,11.1,100.0,103.6,112.7,
https://www.basketball-reference.com/boxscores/201904130TOR.html,"5:00 PM, April 13, 2019",Toronto Raptors,Orlando Magic,101,104,ORL,,,Team Totals,240,36,90,.400,14,29,.483,18,20,.900,10,38,48,19,9,4,11,19,104,,,Team Totals,240,.526,.478,.322,.222,20.4,86.4,51.6,52.8,9.1,7.7,10.0,100.0,105.7,102.6,
https://www.basketball-reference.com/boxscores/201904130TOR.html,"5:00 PM, April 13, 2019",Toronto Raptors,Orlando Magic,101,104,TOR,,,Team Totals,240,40,88,.455,12,36,.333,9,14,.643,6,39,45,23,4,4,13,19,101,,,Team Totals,240,.536,.523,.409,.159,13.6,79.6,48.4,57.5,4.1,6.6,12.1,100.0,102.6,105.7,
https://www.basketball-reference.com/boxscores/201904140BOS.html,"1:00 PM, April 14, 2019",Boston Celtics,Indiana Pacers,84,74,IND,,,Team Totals,240,28,84,.333,6,27,.222,12,21,.571,9,33,42,22,8,5,13,20,74,,,Team Totals,240,.397,.369,.321,.250,15.8,82.5,43.3,78.6,8.3,10.2,12.2,100.0,76.9,87.2,
https://www.basketball-reference.com/boxscores/201904140BOS.html,"1:00 PM, April 14, 2019",Boston Celtics,Indiana Pacers,84,74,BOS,,,Team Totals,240,28,77,.364,10,28,.357,18,22,.818,7,48,55,18,8,2,20,20,84,,,Team Totals,240,.485,.429,.364,.286,17.5,84.2,56.7,64.3,8.3,3.5,18.7,100.0,87.2,76.9,
https://www.basketball-reference.com/boxscores/201904140HOU.html,"9:30 PM, April 14, 2019",Houston Rockets,Utah Jazz,122,90,UTA,,,Team Totals,240,30,77,.390,7,27,.259,23,27,.852,7,34,41,17,6,2,19,20,90,,,Team Totals,240,.506,.435,.351,.351,17.1,81.0,49.4,56.7,6.0,3.7,17.6,100.0,89.8,121.7,
https://www.basketball-reference.com/boxscores/201904140HOU.html,"9:30 PM, April 14, 2019",Houston Rockets,Utah Jazz,122,90,HOU,,,Team Totals,240,48,95,.505,15,41,.366,11,12,.917,8,34,42,25,6,6,12,20,122,,,Team Totals,240,.608,.584,.432,.126,19.0,82.9,50.6,52.1,6.0,12.0,10.7,100.0,121.7,89.8,
https://www.basketball-reference.com/boxscores/201904140MIL.html,"7:00 PM, April 14, 2019",Milwaukee Bucks,Detroit Pistons,121,86,DET,,,Team Totals,240,35,92,.380,8,27,.296,8,13,.615,7,39,46,22,7,2,13,21,86,,,Team Totals,240,.440,.424,.293,.141,13.2,83.0,46.0,62.9,6.9,4.3,11.7,100.0,84.2,118.5,
https://www.basketball-reference.com/boxscores/201904140MIL.html,"7:00 PM, April 14, 2019",Milwaukee Bucks,Detroit Pistons,121,86,MIL,,,Team Totals,240,44,90,.489,15,43,.349,18,26,.692,8,46,54,31,7,8,10,16,121,,,Team Totals,240,.596,.572,.478,.289,17.0,86.8,54.0,70.5,6.9,12.3,9.0,100.0,118.5,84.2,
https://www.basketball-reference.com/boxscores/201904140POR.html,"3:30 PM, April 14, 2019",Portland Trail Blazers,Oklahoma City Thunder,104,99,OKC,,,Team Totals,240,37,93,.398,5,33,.152,20,23,.870,18,31,49,18,10,4,16,26,99,,,Team Totals,240,.480,.425,.355,.247,34.0,70.5,50.5,48.6,10.1,6.6,13.4,100.0,100.1,105.1,
https://www.basketball-reference.com/boxscores/201904140POR.html,"3:30 PM, April 14, 2019",Portland Trail Blazers,Oklahoma City Thunder,104,99,POR,,,Team Totals,240,36,86,.419,11,25,.440,21,27,.778,13,35,48,14,8,9,19,17,104,,,Team Totals,240,.531,.483,.291,.314,29.5,66.0,49.5,38.9,8.1,15.0,16.3,100.0,105.1,100.1,
https://www.basketball-reference.com/boxscores/201904150GSW.html,"10:30 PM, April 15, 2019",Golden State Warriors,Los Angeles Clippers,131,135,LAC,,,Team Totals,240,48,85,.565,14,31,.452,25,31,.806,8,26,34,34,14,1,20,33,135,,,Team Totals,240,.684,.647,.365,.365,20.5,78.8,47.2,70.8,12.9,2.1,16.9,100.0,124.8,121.1,
https://www.basketball-reference.com/boxscores/201904150GSW.html,"10:30 PM, April 15, 2019",Golden State Warriors,Los Angeles Clippers,131,135,GSW,,,Team Totals,240,40,75,.533,11,28,.393,40,45,.889,7,31,38,31,11,6,22,31,131,,,Team Totals,240,.691,.607,.373,.600,21.2,79.5,52.8,77.5,10.2,11.1,18.8,100.0,121.1,124.8,
https://www.basketball-reference.com/boxscores/201904150PHI.html,"8:00 PM, April 15, 2019",Philadelphia 76ers,Brooklyn Nets,145,123,BRK,,,Team Totals,240,43,90,.478,15,36,.417,22,29,.759,12,20,32,20,3,2,14,24,123,,,Team Totals,240,.598,.561,.400,.322,26.1,57.1,39.5,46.5,2.9,2.7,12.0,100.0,119.7,141.1,
https://www.basketball-reference.com/boxscores/201904150PHI.html,"8:00 PM, April 15, 2019",Philadelphia 76ers,Brooklyn Nets,145,123,PHI,,,Team Totals,240,55,98,.561,9,23,.391,26,32,.813,15,34,49,29,8,3,12,23,145,,,Team Totals,240,.647,.607,.235,.327,42.9,73.9,60.5,52.7,7.8,5.6,9.7,100.0,141.1,119.7,
https://www.basketball-reference.com/boxscores/201904160DEN.html,"9:00 PM, April 16, 2019",Denver Nuggets,San Antonio Spurs,114,105,SAS,,,Team Totals,240,39,86,.453,5,18,.278,22,25,.880,11,39,50,20,3,3,10,20,105,,,Team Totals,240,.541,.483,.209,.291,24.4,84.8,54.9,51.3,3.1,4.6,9.3,100.0,109.6,119.0,
https://www.basketball-reference.com/boxscores/201904160DEN.html,"9:00 PM, April 16, 2019",Denver Nuggets,San Antonio Spurs,114,105,DEN,,,Team Totals,240,43,89,.483,10,24,.417,18,26,.692,7,34,41,29,5,2,6,21,114,,,Team Totals,240,.568,.539,.270,.292,15.2,75.6,45.1,67.4,5.2,2.9,5.6,100.0,119.0,109.6,
https://www.basketball-reference.com/boxscores/201904160POR.html,"10:30 PM, April 16, 2019",Portland Trail Blazers,Oklahoma City Thunder,114,94,OKC,,,Team Totals,240,35,86,.407,5,28,.179,19,28,.679,13,34,47,21,6,6,16,27,94,,,Team Totals,240,.478,.436,.326,.326,26.0,82.9,51.6,60.0,6.0,10.3,14.0,100.0,93.7,113.6,
https://www.basketball-reference.com/boxscores/201904160POR.html,"10:30 PM, April 16, 2019",Portland Trail Blazers,Oklahoma City Thunder,114,94,POR,,,Team Totals,240,42,90,.467,13,32,.406,17,21,.810,7,37,44,17,9,6,12,27,114,,,Team Totals,240,.574,.539,.356,.233,17.1,74.0,48.4,40.5,9.0,10.3,10.8,100.0,113.6,93.7,
https://www.basketball-reference.com/boxscores/201904160TOR.html,"8:00 PM, April 16, 2019",Toronto Raptors,Orlando Magic,111,82,ORL,,,Team Totals,240,30,81,.370,9,34,.265,13,24,.542,12,33,45,17,2,4,17,18,82,,,Team Totals,240,.448,.426,.420,.296,25.0,84.6,51.7,56.7,2.1,7.7,15.7,100.0,87.5,118.5,
https://www.basketball-reference.com/boxscores/201904160TOR.html,"8:00 PM, April 16, 2019",Toronto Raptors,Orlando Magic,111,82,TOR,,,Team Totals,240,42,87,.483,11,35,.314,16,17,.941,6,36,42,25,10,5,7,23,111,,,Team Totals,240,.587,.546,.402,.195,15.4,75.0,48.3,59.5,10.7,10.6,6.9,100.0,118.5,87.5,
https://www.basketball-reference.com/boxscores/201904170BOS.html,"7:00 PM, April 17, 2019",Boston Celtics,Indiana Pacers,99,91,IND,,,Team Totals,240,36,81,.444,13,34,.382,6,10,.600,4,32,36,23,11,3,12,16,91,,,Team Totals,240,.533,.525,.420,.123,8.9,82.1,42.9,63.9,11.8,5.4,12.3,100.0,97.9,106.5,
https://www.basketball-reference.com/boxscores/201904170BOS.html,"7:00 PM, April 17, 2019",Boston Celtics,Indiana Pacers,99,91,BOS,,,Team Totals,240,40,84,.476,11,28,.393,8,9,.889,7,41,48,22,3,5,14,16,99,,,Team Totals,240,.563,.542,.333,.107,17.9,91.1,57.1,55.0,3.2,10.6,13.7,100.0,106.5,97.9,
https://www.basketball-reference.com/boxscores/201904170HOU.html,"9:30 PM, April 17, 2019",Houston Rockets,Utah Jazz,118,98,UTA,,,Team Totals,240,39,98,.398,8,38,.211,12,18,.667,15,33,48,27,16,3,12,26,98,,,Team Totals,240,.463,.439,.388,.184,28.3,80.5,51.1,69.2,16.0,7.9,10.2,100.0,97.7,117.7,
https://www.basketball-reference.com/boxscores/201904170HOU.html,"9:30 PM, April 17, 2019",Houston Rockets,Utah Jazz,118,98,HOU,,,Team Totals,240,38,80,.475,17,42,.405,25,30,.833,8,38,46,17,8,9,18,18,118,,,Team Totals,240,.633,.581,.525,.375,19.5,71.7,48.9,44.7,8.0,15.0,16.2,100.0,117.7,97.7,
https://www.basketball-reference.com/boxscores/201904170MIL.html,"8:00 PM, April 17, 2019",Milwaukee Bucks,Detroit Pistons,120,99,DET,,,Team Totals,240,37,99,.374,12,36,.333,13,17,.765,11,32,43,23,5,7,9,21,99,,,Team Totals,240,.465,.434,.364,.172,19.3,80.0,44.3,62.2,4.9,10.9,7.8,100.0,97.0,117.5,
https://www.basketball-reference.com/boxscores/201904170MIL.html,"8:00 PM, April 17, 2019",Milwaukee Bucks,Detroit Pistons,120,99,MIL,,,Team Totals,240,47,90,.522,11,26,.423,15,21,.714,8,46,54,32,5,11,13,21,120,,,Team Totals,240,.605,.583,.289,.233,20.0,80.7,55.7,68.1,4.9,17.5,11.6,100.0,117.5,97.0,
https://www.basketball-reference.com/boxscores/201904180BRK.html,"8:00 PM, April 18, 2019",Brooklyn Nets,Philadelphia 76ers,115,131,PHI,,,Team Totals,240,45,94,.479,11,27,.407,30,35,.857,15,39,54,26,9,5,16,29,131,,,Team Totals,240,.599,.537,.287,.372,33.3,75.0,55.7,57.8,8.3,8.8,12.8,100.0,120.6,105.9,
https://www.basketball-reference.com/boxscores/201904180BRK.html,"8:00 PM, April 18, 2019",Brooklyn Nets,Philadelphia 76ers,115,131,BRK,,,Team Totals,240,39,96,.406,8,39,.205,29,35,.829,13,30,43,12,6,2,16,24,115,,,Team Totals,240,.516,.448,.406,.365,25.0,66.7,44.3,30.8,5.5,3.0,12.6,100.0,105.9,120.6,
https://www.basketball-reference.com/boxscores/201904180LAC.html,"10:30 PM, April 18, 2019",Los Angeles Clippers,Golden State Warriors,105,132,GSW,,,Team Totals,240,51,93,.548,15,35,.429,15,18,.833,10,40,50,35,4,11,12,28,132,,,Team Totals,240,.654,.629,.376,.194,27.0,71.4,53.8,68.6,3.9,17.7,10.6,100.0,130.3,103.6,
https://www.basketball-reference.com/boxscores/201904180LAC.html,"10:30 PM, April 18, 2019",Los Angeles Clippers,Golden State Warriors,105,132,LAC,,,Team Totals,240,35,94,.372,7,32,.219,28,34,.824,16,27,43,21,6,2,13,25,105,,,Team Totals,240,.482,.410,.340,.362,28.6,73.0,46.2,60.0,5.9,3.4,10.7,100.0,103.6,130.3,
https://www.basketball-reference.com/boxscores/201904180SAS.html,"9:00 PM, April 18, 2019",San Antonio Spurs,Denver Nuggets,118,108,DEN,,,Team Totals,240,42,81,.519,15,29,.517,9,17,.529,10,27,37,31,3,1,13,21,108,,,Team Totals,240,.610,.611,.358,.210,25.0,64.3,45.1,73.8,3.3,1.4,12.8,100.0,119.4,130.4,
https://www.basketball-reference.com/boxscores/201904180SAS.html,"9:00 PM, April 18, 2019",San Antonio Spurs,Denver Nuggets,118,108,SAS,,,Team Totals,240,44,89,.494,7,18,.389,23,32,.719,15,30,45,24,9,2,6,20,118,,,Team Totals,240,.572,.534,.202,.360,35.7,75.0,54.9,54.5,9.9,3.8,5.5,100.0,130.4,119.4,
https://www.basketball-reference.com/boxscores/201904190IND.html,"8:30 PM, April 19, 2019",Indiana Pacers,Boston Celtics,96,104,BOS,,,Team Totals,240,38,81,.469,15,34,.441,13,22,.591,9,36,45,23,4,4,13,19,104,,,Team Totals,240,.573,.562,.420,.272,22.0,81.8,52.9,60.5,4.3,7.8,12.5,100.0,112.6,103.9,
https://www.basketball-reference.com/boxscores/201904190IND.html,"8:30 PM, April 19, 2019",Indiana Pacers,Boston Celtics,96,104,IND,,,Team Totals,240,34,81,.420,11,30,.367,17,23,.739,8,32,40,20,9,4,11,19,96,,,Team Totals,240,.527,.488,.370,.284,18.2,78.0,47.1,58.8,9.7,8.5,10.8,100.0,103.9,112.6,
https://www.basketball-reference.com/boxscores/201904190OKC.html,"9:30 PM, April 19, 2019",Oklahoma City Thunder,Portland Trail Blazers,120,108,POR,,,Team Totals,240,39,83,.470,12,31,.387,18,24,.750,12,29,41,18,5,1,18,33,108,,,Team Totals,240,.577,.542,.373,.289,29.3,78.4,52.6,46.2,5.1,2.1,16.1,100.0,110.7,123.0,
https://www.basketball-reference.com/boxscores/201904190OKC.html,"9:30 PM, April 19, 2019",Oklahoma City Thunder,Portland Trail Blazers,120,108,OKC,,,Team Totals,240,37,77,.481,15,29,.517,31,39,.795,8,29,37,27,6,5,15,24,120,,,Team Totals,240,.637,.578,.377,.506,21.6,70.7,47.4,73.0,6.1,9.6,13.7,100.0,123.0,110.7,
https://www.basketball-reference.com/boxscores/201904190ORL.html,"7:00 PM, April 19, 2019",Orlando Magic,Toronto Raptors,93,98,TOR,,,Team Totals,240,39,87,.448,11,28,.393,9,10,.900,8,35,43,26,9,3,13,23,98,,,Team Totals,240,.536,.511,.322,.115,18.6,83.3,50.6,66.7,9.4,8.3,12.5,100.0,102.9,97.6,
https://www.basketball-reference.com/boxscores/201904190ORL.html,"7:00 PM, April 19, 2019",Orlando Magic,Toronto Raptors,93,98,ORL,,,Team Totals,240,29,80,.363,13,44,.295,22,23,.957,7,35,42,19,8,5,16,17,93,,,Team Totals,240,.516,.444,.550,.288,16.7,81.4,49.4,65.5,8.4,8.5,15.1,100.0,97.6,102.9,
https://www.basketball-reference.com/boxscores/201904200BRK.html,"3:00 PM, April 20, 2019",Brooklyn Nets,Philadelphia 76ers,108,112,PHI,,,Team Totals,240,44,88,.500,8,26,.308,16,21,.762,12,44,56,25,6,8,21,24,112,,,Team Totals,240,.576,.545,.295,.239,29.3,78.6,57.7,56.8,5.8,15.4,17.8,100.0,107.9,104.0,
https://www.basketball-reference.com/boxscores/201904200BRK.html,"3:00 PM, April 20, 2019",Brooklyn Nets,Philadelphia 76ers,108,112,BRK,,,Team Totals,240,36,90,.400,12,38,.316,24,31,.774,12,29,41,23,10,4,14,26,108,,,Team Totals,240,.521,.467,.422,.344,21.4,70.7,42.3,63.9,9.6,6.5,11.9,100.0,104.0,107.9,
https://www.basketball-reference.com/boxscores/201904200DET.html,"8:00 PM, April 20, 2019",Detroit Pistons,Milwaukee Bucks,103,119,MIL,,,Team Totals,240,42,86,.488,14,38,.368,21,24,.875,13,38,51,24,5,6,16,22,119,,,Team Totals,240,.616,.570,.442,.279,31.0,71.7,53.7,57.1,5.2,10.0,14.2,100.0,122.8,106.3,
https://www.basketball-reference.com/boxscores/201904200DET.html,"8:00 PM, April 20, 2019",Detroit Pistons,Milwaukee Bucks,103,119,DET,,,Team Totals,240,37,96,.385,11,36,.306,18,24,.750,15,29,44,21,9,6,9,24,103,,,Team Totals,240,.483,.443,.375,.250,28.3,69.0,46.3,56.8,9.3,12.5,7.8,100.0,106.3,122.8,
https://www.basketball-reference.com/boxscores/201904200SAS.html,"5:30 PM, April 20, 2019",San Antonio Spurs,Denver Nuggets,103,117,DEN,,,Team Totals,240,40,89,.449,15,31,.484,22,24,.917,11,34,45,25,4,2,8,22,117,,,Team Totals,240,.588,.534,.348,.270,23.9,75.6,49.5,62.5,4.3,3.2,7.4,100.0,126.6,111.4,
https://www.basketball-reference.com/boxscores/201904200SAS.html,"5:30 PM, April 20, 2019",San Antonio Spurs,Denver Nuggets,103,117,SAS,,,Team Totals,240,37,79,.468,5,17,.294,24,32,.750,11,35,46,23,4,4,10,22,103,,,Team Totals,240,.553,.500,.215,.405,24.4,76.1,50.5,62.2,4.3,6.9,9.7,100.0,111.4,126.6,
https://www.basketball-reference.com/boxscores/201904200UTA.html,"10:30 PM, April 20, 2019",Utah Jazz,Houston Rockets,101,104,HOU,,,Team Totals,240,33,86,.384,15,45,.333,23,34,.676,9,43,52,19,11,4,13,25,104,,,Team Totals,240,.515,.471,.523,.395,18.0,86.0,52.0,57.6,10.9,11.1,11.4,100.0,103.0,100.1,
https://www.basketball-reference.com/boxscores/201904200UTA.html,"10:30 PM, April 20, 2019",Utah Jazz,Houston Rockets,101,104,UTA,,,Team Totals,240,32,77,.416,12,41,.293,25,38,.658,7,41,48,21,9,11,14,22,101,,,Team Totals,240,.539,.494,.532,.494,14.0,82.0,48.0,65.6,8.9,26.8,13.0,100.0,100.1,103.0,
https://www.basketball-reference.com/boxscores/201904210IND.html,"1:00 PM, April 21, 2019",Indiana Pacers,Boston Celtics,106,110,BOS,,,Team Totals,240,36,78,.462,11,28,.393,27,34,.794,7,36,43,18,7,1,17,23,110,,,Team Totals,240,.592,.532,.359,.436,17.9,76.6,50.0,50.0,7.0,1.7,15.5,100.0,110.7,106.7,
https://www.basketball-reference.com/boxscores/201904210IND.html,"1:00 PM, April 21, 2019",Indiana Pacers,Boston Celtics,106,110,IND,,,Team Totals,240,36,88,.409,10,28,.357,24,28,.857,11,32,43,18,5,2,12,25,106,,,Team Totals,240,.528,.466,.318,.318,23.4,82.1,50.0,50.0,5.0,4.0,10.7,100.0,106.7,110.7,
https://www.basketball-reference.com/boxscores/201904210LAC.html,"3:30 PM, April 21, 2019",Los Angeles Clippers,Golden State Warriors,105,113,GSW,,,Team Totals,240,42,89,.472,12,31,.387,17,19,.895,11,38,49,27,5,2,13,27,113,,,Team Totals,240,.580,.539,.348,.213,27.5,90.5,59.8,64.3,5.2,4.1,11.8,100.0,116.6,108.3,
https://www.basketball-reference.com/boxscores/201904210LAC.html,"3:30 PM, April 21, 2019",Los Angeles Clippers,Golden State Warriors,105,113,LAC,,,Team Totals,240,34,80,.425,13,31,.419,24,32,.750,4,29,33,22,8,4,10,21,105,,,Team Totals,240,.558,.506,.388,.400,9.5,72.5,40.2,64.7,8.3,6.9,9.6,100.0,108.3,116.6,
https://www.basketball-reference.com/boxscores/201904210OKC.html,"9:30 PM, April 21, 2019",Oklahoma City Thunder,Portland Trail Blazers,98,111,POR,,,Team Totals,240,37,90,.411,15,35,.429,22,23,.957,8,41,49,16,10,8,13,22,111,,,Team Totals,240,.554,.494,.389,.256,17.4,87.2,52.7,43.2,9.7,16.7,11.5,100.0,108.0,95.3,
https://www.basketball-reference.com/boxscores/201904210OKC.html,"9:30 PM, April 21, 2019",Oklahoma City Thunder,Portland Trail Blazers,98,111,OKC,,,Team Totals,240,33,88,.375,15,40,.375,17,22,.773,6,38,44,23,7,4,14,22,98,,,Team Totals,240,.502,.460,.455,.250,12.8,82.6,47.3,69.7,6.8,7.3,12.5,100.0,95.3,108.0,
https://www.basketball-reference.com/boxscores/201904210ORL.html,"7:00 PM, April 21, 2019",Orlando Magic,Toronto Raptors,85,107,TOR,,,Team Totals,240,40,75,.533,11,28,.393,16,18,.889,7,38,45,23,11,6,14,20,107,,,Team Totals,240,.645,.607,.373,.240,20.6,84.4,57.0,57.5,12.0,12.5,14.4,100.0,116.4,92.5,
https://www.basketball-reference.com/boxscores/201904210ORL.html,"7:00 PM, April 21, 2019",Orlando Magic,Toronto Raptors,85,107,ORL,,,Team Totals,240,34,81,.420,7,33,.212,10,13,.769,7,27,34,20,7,2,17,19,85,,,Team Totals,240,.490,.463,.407,.160,15.6,79.4,43.0,58.8,7.6,4.3,16.4,100.0,92.5,116.4,
https://www.basketball-reference.com/boxscores/201904220DET.html,"8:00 PM, April 22, 2019",Detroit Pistons,Milwaukee Bucks,104,127,MIL,,,Team Totals,240,43,79,.544,10,28,.357,31,41,.756,10,44,54,27,6,10,19,21,127,,,Team Totals,240,.654,.608,.354,.519,27.8,81.5,60.0,62.8,5.8,15.2,16.4,100.0,122.2,100.1,
https://www.basketball-reference.com/boxscores/201904220DET.html,"8:00 PM, April 22, 2019",Detroit Pistons,Milwaukee Bucks,104,127,DET,,,Team Totals,240,41,100,.410,13,34,.382,9,12,.750,10,26,36,26,8,1,11,31,104,,,Team Totals,240,.494,.475,.340,.120,18.5,72.2,40.0,63.4,7.7,2.0,9.5,100.0,100.1,122.2,
https://www.basketball-reference.com/boxscores/201904220UTA.html,"10:30 PM, April 22, 2019",Utah Jazz,Houston Rockets,107,91,HOU,,,Team Totals,240,28,79,.354,17,46,.370,18,24,.750,9,26,35,14,9,4,16,23,91,,,Team Totals,240,.508,.462,.582,.304,20.0,61.9,40.2,50.0,9.7,7.8,15.2,100.0,98.3,115.6,
https://www.basketball-reference.com/boxscores/201904220UTA.html,"10:30 PM, April 22, 2019",Utah Jazz,Houston Rockets,107,91,UTA,,,Team Totals,240,37,86,.430,11,35,.314,22,26,.846,16,36,52,24,7,7,15,19,107,,,Team Totals,240,.549,.494,.407,.302,38.1,80.0,59.8,64.9,7.6,21.2,13.3,100.0,115.6,98.3,
https://www.basketball-reference.com/boxscores/201904230DEN.html,"9:30 PM, April 23, 2019",Denver Nuggets,San Antonio Spurs,108,90,SAS,,,Team Totals,240,37,90,.411,7,24,.292,9,15,.600,10,32,42,17,6,3,8,20,90,,,Team Totals,240,.466,.450,.267,.167,19.2,82.1,46.2,45.9,6.5,6.7,7.6,100.0,97.0,116.4,
https://www.basketball-reference.com/boxscores/201904230DEN.html,"9:30 PM, April 23, 2019",Denver Nuggets,San Antonio Spurs,108,90,DEN,,,Team Totals,240,39,78,.500,14,33,.424,16,20,.800,7,42,49,25,4,6,14,21,108,,,Team Totals,240,.622,.590,.423,.256,17.9,80.8,53.8,64.1,4.3,9.1,13.9,100.0,116.4,97.0,
https://www.basketball-reference.com/boxscores/201904230PHI.html,"8:00 PM, April 23, 2019",Philadelphia 76ers,Brooklyn Nets,122,100,BRK,,,Team Totals,240,36,93,.387,9,31,.290,19,25,.760,9,32,41,26,10,4,15,13,100,,,Team Totals,240,.481,.435,.333,.269,16.7,74.4,42.3,72.2,9.2,6.0,12.6,100.0,91.7,111.9,
https://www.basketball-reference.com/boxscores/201904230PHI.html,"8:00 PM, April 23, 2019",Philadelphia 76ers,Brooklyn Nets,122,100,PHI,,,Team Totals,240,51,100,.510,14,33,.424,6,9,.667,11,45,56,35,10,3,20,21,122,,,Team Totals,240,.587,.580,.330,.090,25.6,83.3,57.7,68.6,9.2,4.8,16.1,100.0,111.9,91.7,
https://www.basketball-reference.com/boxscores/201904230POR.html,"10:30 PM, April 23, 2019",Portland Trail Blazers,Oklahoma City Thunder,118,115,OKC,,,Team Totals,240,47,86,.547,12,27,.444,9,15,.600,6,33,39,24,4,8,15,22,115,,,Team Totals,240,.621,.616,.314,.174,15.8,71.7,46.4,51.1,4.0,13.1,13.9,100.0,114.9,117.9,
https://www.basketball-reference.com/boxscores/201904230POR.html,"10:30 PM, April 23, 2019",Portland Trail Blazers,Oklahoma City Thunder,118,115,POR,,,Team Totals,240,45,96,.469,13,35,.371,15,23,.652,13,32,45,22,8,5,10,18,118,,,Team Totals,240,.556,.536,.365,.240,28.3,84.2,53.6,48.9,8.0,8.5,8.6,100.0,117.9,114.9,
https://www.basketball-reference.com/boxscores/201904230TOR.html,"7:00 PM, April 23, 2019",Toronto Raptors,Orlando Magic,115,96,ORL,,,Team Totals,240,32,83,.386,9,34,.265,23,31,.742,12,36,48,20,7,5,17,21,96,,,Team Totals,240,.497,.440,.410,.373,23.1,81.8,50.0,62.5,7.0,10.2,15.0,100.0,96.7,115.8,
https://www.basketball-reference.com/boxscores/201904230TOR.html,"7:00 PM, April 23, 2019",Toronto Raptors,Orlando Magic,115,96,TOR,,,Team Totals,240,41,85,.482,15,36,.417,18,21,.857,8,40,48,34,8,3,14,30,115,,,Team Totals,240,.610,.571,.424,.247,18.2,76.9,50.0,82.9,8.1,6.1,12.9,100.0,115.8,96.7,
https://www.basketball-reference.com/boxscores/201904240GSW.html,"10:30 PM, April 24, 2019",Golden State Warriors,Los Angeles Clippers,121,129,LAC,,,Team Totals,240,46,85,.541,13,34,.382,24,26,.923,9,33,42,29,3,1,14,23,129,,,Team Totals,240,.669,.618,.400,.306,27.3,68.8,51.9,63.0,3.1,1.8,12.7,100.0,133.6,125.3,
https://www.basketball-reference.com/boxscores/201904240GSW.html,"10:30 PM, April 24, 2019",Golden State Warriors,Los Angeles Clippers,121,129,GSW,,,Team Totals,240,43,96,.448,15,39,.385,20,22,.909,15,24,39,31,7,3,8,23,121,,,Team Totals,240,.572,.526,.406,.229,31.3,72.7,48.1,72.1,7.3,5.9,7.0,100.0,125.3,133.6,
https://www.basketball-reference.com/boxscores/201904240HOU.html,"8:00 PM, April 24, 2019",Houston Rockets,Utah Jazz,100,93,UTA,,,Team Totals,240,35,94,.372,9,38,.237,14,19,.737,14,33,47,26,8,4,16,22,93,,,Team Totals,240,.454,.420,.404,.202,27.5,78.6,50.5,74.3,8.1,9.1,13.5,100.0,94.5,101.7,
https://www.basketball-reference.com/boxscores/201904240HOU.html,"8:00 PM, April 24, 2019",Houston Rockets,Utah Jazz,100,93,HOU,,,Team Totals,240,36,81,.444,13,37,.351,15,22,.682,9,37,46,17,12,12,17,21,100,,,Team Totals,240,.551,.525,.457,.272,21.4,72.5,49.5,47.2,12.2,21.4,15.8,100.0,101.7,94.5,
https://www.basketball-reference.com/boxscores/201904250SAS.html,"8:00 PM, April 25, 2019",San Antonio Spurs,Denver Nuggets,120,103,DEN,,,Team Totals,240,44,96,.458,6,24,.250,9,12,.750,12,25,37,26,5,3,7,18,103,,,Team Totals,240,.508,.490,.250,.125,27.9,71.4,47.4,59.1,5.6,5.0,6.5,100.0,114.4,133.3,
https://www.basketball-reference.com/boxscores/201904250SAS.html,"8:00 PM, April 25, 2019",San Antonio Spurs,Denver Nuggets,120,103,SAS,,,Team Totals,240,48,84,.571,10,24,.417,14,17,.824,10,31,41,25,3,7,8,17,120,,,Team Totals,240,.656,.631,.286,.202,28.6,72.1,52.6,52.1,3.3,9.7,8.0,100.0,133.3,114.4,
https://www.basketball-reference.com/boxscores/201904260LAC.html,"10:00 PM, April 26, 2019",Los Angeles Clippers,Golden State Warriors,110,129,GSW,,,Team Totals,240,47,89,.528,10,30,.333,25,31,.806,7,39,46,32,6,9,10,24,129,,,Team Totals,240,.628,.584,.337,.348,17.5,70.9,48.4,68.1,5.8,14.1,8.9,100.0,124.2,105.9,
https://www.basketball-reference.com/boxscores/201904260LAC.html,"10:00 PM, April 26, 2019",Los Angeles Clippers,Golden State Warriors,110,129,LAC,,,Team Totals,240,38,96,.396,11,32,.344,23,28,.821,16,33,49,22,7,5,15,26,110,,,Team Totals,240,.508,.453,.333,.292,29.1,82.5,51.6,57.9,6.7,8.5,12.2,100.0,105.9,124.2,
https://www.basketball-reference.com/boxscores/201904270DEN.html,"10:00 PM, April 27, 2019",Denver Nuggets,San Antonio Spurs,90,86,SAS,,,Team Totals,240,31,85,.365,6,23,.261,18,20,.900,8,37,45,19,3,5,6,20,86,,,Team Totals,240,.458,.400,.271,.235,16.7,74.0,45.9,61.3,3.4,7.4,6.0,100.0,96.7,101.2,
https://www.basketball-reference.com/boxscores/201904270DEN.html,"10:00 PM, April 27, 2019",Denver Nuggets,San Antonio Spurs,90,86,DEN,,,Team Totals,240,35,88,.398,2,20,.100,18,23,.783,13,40,53,21,3,8,6,19,90,,,Team Totals,240,.459,.409,.227,.261,26.0,83.3,54.1,60.0,3.4,12.9,5.8,100.0,101.2,96.7,
https://www.basketball-reference.com/boxscores/201904270TOR.html,"7:30 PM, April 27, 2019",Toronto Raptors,Philadelphia 76ers,108,95,PHI,,,Team Totals,240,35,89,.393,11,32,.344,14,21,.667,13,34,47,23,5,2,16,21,95,,,Team Totals,240,.484,.455,.360,.236,25.5,94.4,54.0,65.7,5.1,3.8,14.0,100.0,97.4,110.8,
https://www.basketball-reference.com/boxscores/201904270TOR.html,"7:30 PM, April 27, 2019",Toronto Raptors,Philadelphia 76ers,108,95,TOR,,,Team Totals,240,41,79,.519,9,27,.333,17,24,.708,2,38,40,21,3,6,10,24,108,,,Team Totals,240,.603,.576,.342,.304,5.6,74.5,46.0,51.2,3.1,10.5,10.0,100.0,110.8,97.4,
https://www.basketball-reference.com/boxscores/201904280GSW.html,"3:30 PM, April 28, 2019",Golden State Warriors,Houston Rockets,104,100,HOU,,,Team Totals,240,31,74,.419,14,47,.298,24,29,.828,3,23,26,14,14,3,16,21,100,,,Team Totals,240,.576,.514,.635,.392,9.1,74.2,40.6,45.2,14.5,5.7,15.6,100.0,103.6,107.8,
https://www.basketball-reference.com/boxscores/201904280GSW.html,"3:30 PM, April 28, 2019",Golden State Warriors,Houston Rockets,104,100,GSW,,,Team Totals,240,38,75,.507,7,22,.318,21,27,.778,8,30,38,24,7,3,20,24,104,,,Team Totals,240,.599,.553,.293,.360,25.8,90.9,59.4,63.2,7.3,11.1,18.7,100.0,107.8,103.6,
https://www.basketball-reference.com/boxscores/201904280MIL.html,"1:00 PM, April 28, 2019",Milwaukee Bucks,Boston Celtics,90,112,BOS,,,Team Totals,240,47,87,.540,13,31,.419,5,8,.625,3,48,51,25,5,11,13,21,112,,,Team Totals,240,.619,.615,.356,.092,7.5,87.3,53.7,53.2,5.0,22.0,12.6,100.0,111.1,89.2,
https://www.basketball-reference.com/boxscores/201904280MIL.html,"1:00 PM, April 28, 2019",Milwaukee Bucks,Boston Celtics,90,112,MIL,,,Team Totals,240,31,89,.348,13,39,.333,15,24,.625,7,37,44,19,6,2,11,11,90,,,Team Totals,240,.452,.421,.438,.270,12.7,92.5,46.3,61.3,5.9,3.6,9.9,100.0,89.2,111.1,
https://www.basketball-reference.com/boxscores/201904290DEN.html,"10:30 PM, April 29, 2019",Denver Nuggets,Portland Trail Blazers,121,113,POR,,,Team Totals,240,41,79,.519,11,29,.379,20,27,.741,9,31,40,20,6,5,18,24,113,,,Team Totals,240,.622,.589,.367,.342,25.0,81.6,54.1,48.8,6.1,9.6,16.5,100.0,115.2,123.4,
https://www.basketball-reference.com/boxscores/201904290DEN.html,"10:30 PM, April 29, 2019",Denver Nuggets,Portland Trail Blazers,121,113,DEN,,,Team Totals,240,41,81,.506,12,29,.414,27,31,.871,7,27,34,22,12,7,13,22,121,,,Team Totals,240,.639,.580,.358,.383,18.4,75.0,45.9,53.7,12.2,14.0,12.1,100.0,123.4,115.2,
https://www.basketball-reference.com/boxscores/201904290TOR.html,"8:00 PM, April 29, 2019",Toronto Raptors,Philadelphia 76ers,89,94,PHI,,,Team Totals,240,30,76,.395,10,35,.286,24,26,.923,9,43,52,22,5,4,20,18,94,,,Team Totals,240,.538,.461,.461,.342,25.0,82.7,59.1,73.3,5.2,7.5,18.6,100.0,97.6,92.4,
https://www.basketball-reference.com/boxscores/201904290TOR.html,"8:00 PM, April 29, 2019",Toronto Raptors,Philadelphia 76ers,89,94,TOR,,,Team Totals,240,33,90,.367,10,37,.270,13,15,.867,9,27,36,20,10,4,13,22,89,,,Team Totals,240,.461,.422,.411,.167,17.3,75.0,40.9,60.6,10.4,9.8,11.9,100.0,92.4,97.6,
https://www.basketball-reference.com/boxscores/201904300GSW.html,"10:30 PM, April 30, 2019",Golden State Warriors,Houston Rockets,115,109,HOU,,,Team Totals,240,36,77,.468,17,40,.425,20,25,.800,10,31,41,17,5,2,18,21,109,,,Team Totals,240,.619,.578,.519,.325,27.0,63.3,47.7,47.2,5.4,3.6,17.0,100.0,116.9,123.3,
https://www.basketball-reference.com/boxscores/201904300GSW.html,"10:30 PM, April 30, 2019",Golden State Warriors,Houston Rockets,115,109,GSW,,,Team Totals,240,42,91,.462,11,36,.306,20,24,.833,18,27,45,24,10,5,12,23,115,,,Team Totals,240,.566,.522,.396,.264,36.7,73.0,52.3,57.1,10.7,13.5,10.6,100.0,123.3,116.9,
https://www.basketball-reference.com/boxscores/201904300MIL.html,"8:00 PM, April 30, 2019",Milwaukee Bucks,Boston Celtics,123,102,BOS,,,Team Totals,240,34,86,.395,10,28,.357,24,27,.889,7,38,45,19,5,2,13,23,102,,,Team Totals,240,.521,.453,.326,.314,14.0,79.2,45.9,55.9,4.9,4.9,11.7,100.0,100.3,120.9,
https://www.basketball-reference.com/boxscores/201904300MIL.html,"8:00 PM, April 30, 2019",Milwaukee Bucks,Boston Celtics,123,102,MIL,,,Team Totals,240,39,88,.443,20,47,.426,25,31,.806,10,43,53,22,6,4,12,24,123,,,Team Totals,240,.605,.557,.534,.352,20.8,86.0,54.1,56.4,5.9,6.9,10.6,100.0,120.9,100.3,
https://www.basketball-reference.com/boxscores/201905010DEN.html,"9:00 PM, May 1, 2019",Denver Nuggets,Portland Trail Blazers,90,97,POR,,,Team Totals,240,36,85,.424,9,29,.310,16,20,.800,7,40,47,18,5,6,11,22,97,,,Team Totals,240,.517,.476,.341,.235,16.7,63.5,44.8,50.0,5.3,8.7,10.5,100.0,103.4,95.9,
https://www.basketball-reference.com/boxscores/201905010DEN.html,"9:00 PM, May 1, 2019",Denver Nuggets,Portland Trail Blazers,90,97,DEN,,,Team Totals,240,34,98,.347,6,29,.207,16,26,.615,23,35,58,20,6,5,9,19,90,,,Team Totals,240,.411,.378,.296,.265,36.5,83.3,55.2,58.8,6.4,8.9,7.6,100.0,95.9,103.4,
https://www.basketball-reference.com/boxscores/201905020PHI.html,"8:00 PM, May 2, 2019",Philadelphia 76ers,Toronto Raptors,116,95,TOR,,,Team Totals,240,35,83,.422,7,27,.259,18,23,.783,8,27,35,15,7,4,9,17,95,,,Team Totals,240,.510,.464,.325,.277,18.2,75.0,43.8,42.9,7.5,6.6,8.8,100.0,101.6,124.0,
https://www.basketball-reference.com/boxscores/201905020PHI.html,"8:00 PM, May 2, 2019",Philadelphia 76ers,Toronto Raptors,116,95,PHI,,,Team Totals,240,43,84,.512,10,23,.435,20,23,.870,9,36,45,29,4,8,13,17,116,,,Team Totals,240,.616,.571,.274,.274,25.0,81.8,56.3,67.4,4.3,14.3,12.1,100.0,124.0,101.6,
https://www.basketball-reference.com/boxscores/201905030BOS.html,"8:00 PM, May 3, 2019",Boston Celtics,Milwaukee Bucks,116,123,MIL,,,Team Totals,240,42,83,.506,15,37,.405,24,36,.667,7,37,44,23,8,7,15,26,123,,,Team Totals,240,.622,.596,.446,.434,15.6,86.0,50.0,54.8,7.6,17.1,13.2,100.0,116.9,110.2,
https://www.basketball-reference.com/boxscores/201905030BOS.html,"8:00 PM, May 3, 2019",Boston Celtics,Milwaukee Bucks,116,123,BOS,,,Team Totals,240,35,81,.432,16,40,.400,30,32,.938,6,38,44,24,9,3,18,27,116,,,Team Totals,240,.610,.531,.494,.395,14.0,84.4,50.0,68.6,8.6,6.5,15.9,100.0,110.2,116.9,
https://www.basketball-reference.com/boxscores/201905030POR.html,"10:30 PM, May 3, 2019",Portland Trail Blazers,Denver Nuggets,140,137,DEN,,,Team Totals,340,54,119,.454,15,42,.357,14,20,.700,24,42,66,28,11,8,21,27,137,,,Team Totals,340,.536,.517,.353,.168,38.7,63.6,51.6,51.9,9.1,9.8,14.1,100.0,113.1,115.6,
https://www.basketball-reference.com/boxscores/201905030POR.html,"10:30 PM, May 3, 2019",Portland Trail Blazers,Denver Nuggets,140,137,POR,,,Team Totals,340,52,124,.419,12,42,.286,24,28,.857,24,38,62,23,13,5,14,24,140,,,Team Totals,340,.513,.468,.339,.226,36.4,61.3,48.4,44.2,10.7,6.5,9.3,100.0,115.6,113.1,
https://www.basketball-reference.com/boxscores/201905040HOU.html,"8:30 PM, May 4, 2019",Houston Rockets,Golden State Warriors,126,121,GSW,,,Team Totals,265,42,95,.442,14,33,.424,23,29,.793,7,28,35,27,6,6,8,22,121,,,Team Totals,265,.561,.516,.347,.305,15.6,62.2,38.9,64.3,5.8,11.8,6.9,100.0,117.6,122.5,
https://www.basketball-reference.com/boxscores/201905040HOU.html,"8:30 PM, May 4, 2019",Houston Rockets,Golden State Warriors,126,121,HOU,,,Team Totals,265,45,93,.484,18,42,.429,18,26,.692,17,38,55,20,4,6,16,24,126,,,Team Totals,265,.603,.581,.452,.280,37.8,84.4,61.1,44.4,3.9,9.7,13.3,100.0,122.5,117.6,
https://www.basketball-reference.com/boxscores/201905050PHI.html,"3:30 PM, May 5, 2019",Philadelphia 76ers,Toronto Raptors,96,101,TOR,,,Team Totals,240,35,76,.461,10,31,.323,21,26,.808,8,35,43,19,6,3,14,24,101,,,Team Totals,240,.578,.526,.408,.342,20.0,76.1,50.0,54.3,6.5,6.8,13.8,100.0,109.7,104.3,
https://www.basketball-reference.com/boxscores/201905050PHI.html,"3:30 PM, May 5, 2019",Philadelphia 76ers,Toronto Raptors,96,101,PHI,,,Team Totals,240,33,82,.402,12,38,.316,18,25,.720,11,32,43,22,8,6,13,23,96,,,Team Totals,240,.516,.476,.463,.305,23.9,80.0,50.0,66.7,8.7,13.3,12.3,100.0,104.3,109.7,
https://www.basketball-reference.com/boxscores/201905050POR.html,"7:00 PM, May 5, 2019",Portland Trail Blazers,Denver Nuggets,112,116,DEN,,,Team Totals,240,40,92,.435,11,25,.440,25,28,.893,17,28,45,21,7,4,10,22,116,,,Team Totals,240,.556,.495,.272,.304,35.4,70.0,51.1,52.5,7.5,7.4,8.7,100.0,124.1,119.9,
https://www.basketball-reference.com/boxscores/201905050POR.html,"7:00 PM, May 5, 2019",Portland Trail Blazers,Denver Nuggets,112,116,POR,,,Team Totals,240,39,82,.476,12,28,.429,22,28,.786,12,31,43,18,4,5,14,27,112,,,Team Totals,240,.594,.549,.341,.341,30.0,64.6,48.9,46.2,4.3,7.5,12.9,100.0,119.9,124.1,
https://www.basketball-reference.com/boxscores/201905060BOS.html,"7:00 PM, May 6, 2019",Boston Celtics,Milwaukee Bucks,101,113,MIL,,,Team Totals,240,44,100,.440,8,37,.216,17,25,.680,11,45,56,25,4,5,7,25,113,,,Team Totals,240,.509,.480,.370,.250,20.8,83.3,52.3,56.8,3.9,10.2,5.9,100.0,108.9,97.3,
https://www.basketball-reference.com/boxscores/201905060BOS.html,"7:00 PM, May 6, 2019",Boston Celtics,Milwaukee Bucks,101,113,BOS,,,Team Totals,240,34,90,.378,9,41,.220,24,30,.800,9,42,51,25,3,5,11,20,101,,,Team Totals,240,.489,.428,.456,.333,16.7,79.2,47.7,73.5,2.9,7.9,9.6,100.0,97.3,108.9,
https://www.basketball-reference.com/boxscores/201905060HOU.html,"9:30 PM, May 6, 2019",Houston Rockets,Golden State Warriors,112,108,GSW,,,Team Totals,240,42,90,.467,8,33,.242,16,23,.696,8,35,43,24,6,2,11,21,108,,,Team Totals,240,.539,.511,.367,.256,17.8,72.9,46.2,57.1,6.0,5.1,9.9,100.0,108.4,112.5,
https://www.basketball-reference.com/boxscores/201905060HOU.html,"9:30 PM, May 6, 2019",Houston Rockets,Golden State Warriors,112,108,HOU,,,Team Totals,240,39,89,.438,17,50,.340,17,24,.708,13,37,50,18,6,6,14,23,112,,,Team Totals,240,.562,.534,.562,.270,27.1,82.2,53.8,46.2,6.0,10.5,12.3,100.0,112.5,108.4,
https://www.basketball-reference.com/boxscores/201905070DEN.html,"10:30 PM, May 7, 2019",Denver Nuggets,Portland Trail Blazers,124,98,POR,,,Team Totals,240,36,98,.367,10,37,.270,16,30,.533,13,30,43,19,6,5,6,23,98,,,Team Totals,240,.441,.418,.378,.306,20.0,75.0,41.0,52.8,6.0,7.7,5.1,100.0,98.0,123.9,
https://www.basketball-reference.com/boxscores/201905070DEN.html,"10:30 PM, May 7, 2019",Denver Nuggets,Portland Trail Blazers,124,98,DEN,,,Team Totals,240,44,89,.494,8,24,.333,28,31,.903,10,52,62,26,4,4,8,22,124,,,Team Totals,240,.604,.539,.270,.348,25.0,80.0,59.0,59.1,4.0,6.6,7.2,100.0,123.9,98.0,
https://www.basketball-reference.com/boxscores/201905070TOR.html,"8:00 PM, May 7, 2019",Toronto Raptors,Philadelphia 76ers,125,89,PHI,,,Team Totals,240,33,79,.418,6,24,.250,17,20,.850,5,32,37,19,6,5,19,26,89,,,Team Totals,240,.507,.456,.304,.253,12.2,84.2,46.8,57.6,6.0,11.9,17.8,100.0,88.5,124.3,
https://www.basketball-reference.com/boxscores/201905070TOR.html,"8:00 PM, May 7, 2019",Toronto Raptors,Philadelphia 76ers,125,89,TOR,,,Team Totals,240,40,82,.488,16,40,.400,29,33,.879,6,36,42,22,12,2,13,18,125,,,Team Totals,240,.648,.585,.488,.402,15.8,87.8,53.2,55.0,11.9,3.6,11.9,100.0,124.3,88.5,
https://www.basketball-reference.com/boxscores/201905080GSW.html,"10:30 PM, May 8, 2019",Golden State Warriors,Houston Rockets,104,99,HOU,,,Team Totals,240,33,79,.418,12,41,.293,21,24,.875,8,31,39,19,10,3,17,20,99,,,Team Totals,240,.553,.494,.519,.304,21.1,72.1,48.1,57.6,10.6,6.3,16.0,100.0,104.9,110.2,
https://www.basketball-reference.com/boxscores/201905080GSW.html,"10:30 PM, May 8, 2019",Golden State Warriors,Houston Rockets,104,99,GSW,,,Team Totals,240,39,85,.459,13,37,.351,13,18,.722,12,30,42,28,6,1,15,19,104,,,Team Totals,240,.560,.535,.435,.212,27.9,78.9,51.9,71.8,6.4,2.6,13.9,100.0,110.2,104.9,
https://www.basketball-reference.com/boxscores/201905080MIL.html,"8:00 PM, May 8, 2019",Milwaukee Bucks,Boston Celtics,116,91,BOS,,,Team Totals,240,29,93,.312,7,39,.179,26,34,.765,12,36,48,19,9,1,14,18,91,,,Team Totals,240,.421,.349,.419,.366,20.7,75.0,45.3,65.5,8.5,2.1,11.5,100.0,85.7,109.3,
https://www.basketball-reference.com/boxscores/201905080MIL.html,"8:00 PM, May 8, 2019",Milwaukee Bucks,Boston Celtics,116,91,MIL,,,Team Totals,240,42,94,.447,15,47,.319,17,22,.773,12,46,58,27,8,7,17,23,116,,,Team Totals,240,.559,.527,.500,.234,25.0,79.3,54.7,64.3,7.5,13.0,14.1,100.0,109.3,85.7,
https://www.basketball-reference.com/boxscores/201905090PHI.html,"8:00 PM, May 9, 2019",Philadelphia 76ers,Toronto Raptors,112,101,TOR,,,Team Totals,240,35,81,.432,9,36,.250,22,29,.759,9,25,34,25,9,4,12,24,101,,,Team Totals,240,.539,.488,.444,.358,20.0,61.0,39.5,71.4,9.4,6.6,11.3,100.0,105.1,116.6,
https://www.basketball-reference.com/boxscores/201905090PHI.html,"8:00 PM, May 9, 2019",Philadelphia 76ers,Toronto Raptors,112,101,PHI,,,Team Totals,240,41,89,.461,10,28,.357,20,26,.769,16,36,52,27,5,3,18,22,112,,,Team Totals,240,.558,.517,.315,.292,39.0,80.0,60.5,65.9,5.2,6.7,15.2,100.0,116.6,105.1,
https://www.basketball-reference.com/boxscores/201905090POR.html,"10:30 PM, May 9, 2019",Portland Trail Blazers,Denver Nuggets,119,108,DEN,,,Team Totals,240,33,86,.384,12,32,.375,30,32,.938,16,28,44,22,7,3,7,23,108,,,Team Totals,240,.540,.453,.372,.372,33.3,71.8,50.6,66.7,7.7,5.4,6.5,100.0,118.4,130.5,
https://www.basketball-reference.com/boxscores/201905090POR.html,"10:30 PM, May 9, 2019",Portland Trail Blazers,Denver Nuggets,119,108,POR,,,Team Totals,240,41,89,.461,15,33,.455,22,30,.733,11,32,43,18,4,5,9,20,119,,,Team Totals,240,.582,.545,.371,.337,28.2,66.7,49.4,43.9,4.4,9.3,8.1,100.0,130.5,118.4,
https://www.basketball-reference.com/boxscores/201905100HOU.html,"9:00 PM, May 10, 2019",Houston Rockets,Golden State Warriors,113,118,GSW,,,Team Totals,240,42,85,.494,16,38,.421,18,23,.783,10,25,35,25,9,7,17,19,118,,,Team Totals,240,.620,.588,.447,.271,26.3,67.6,46.7,59.5,9.2,14.0,15.2,100.0,120.7,115.6,
https://www.basketball-reference.com/boxscores/201905100HOU.html,"9:00 PM, May 10, 2019",Houston Rockets,Golden State Warriors,113,118,HOU,,,Team Totals,240,42,89,.472,17,39,.436,12,17,.706,12,28,40,21,9,1,17,22,113,,,Team Totals,240,.586,.567,.438,.191,32.4,73.7,53.3,50.0,9.2,2.1,15.0,100.0,115.6,120.7,
https://www.basketball-reference.com/boxscores/201905120DEN.html,"3:30 PM, May 12, 2019",Denver Nuggets,Portland Trail Blazers,96,100,POR,,,Team Totals,240,38,93,.409,4,26,.154,20,24,.833,12,43,55,16,5,7,4,31,100,,,Team Totals,240,.483,.430,.280,.258,24.0,76.8,51.9,42.1,5.3,10.0,3.7,100.0,106.3,102.0,
https://www.basketball-reference.com/boxscores/201905120DEN.html,"3:30 PM, May 12, 2019",Denver Nuggets,Portland Trail Blazers,96,100,DEN,,,Team Totals,240,33,89,.371,2,19,.105,28,39,.718,13,38,51,15,1,9,5,23,96,,,Team Totals,240,.452,.382,.213,.438,23.2,76.0,48.1,45.5,1.1,13.4,4.5,100.0,102.0,106.3,
https://www.basketball-reference.com/boxscores/201905120TOR.html,"7:00 PM, May 12, 2019",Toronto Raptors,Philadelphia 76ers,92,90,PHI,,,Team Totals,240,28,65,.431,9,27,.333,25,30,.833,5,36,41,16,4,7,17,21,90,,,Team Totals,240,.575,.500,.415,.462,13.2,69.2,45.6,57.1,4.5,11.9,17.9,100.0,101.5,103.8,
https://www.basketball-reference.com/boxscores/201905120TOR.html,"7:00 PM, May 12, 2019",Toronto Raptors,Philadelphia 76ers,92,90,TOR,,,Team Totals,240,34,89,.382,7,30,.233,17,19,.895,16,33,49,15,10,4,10,22,92,,,Team Totals,240,.472,.421,.337,.213,30.8,86.8,54.4,44.1,11.3,10.5,9.3,100.0,103.8,101.5,
https://www.basketball-reference.com/boxscores/201905140GSW.html,"9:00 PM, May 14, 2019",Golden State Warriors,Portland Trail Blazers,116,94,POR,,,Team Totals,240,30,83,.361,7,28,.250,27,31,.871,16,31,47,21,5,5,21,16,94,,,Team Totals,240,.486,.404,.337,.373,34.0,73.8,52.8,70.0,5.2,9.8,17.9,100.0,98.7,121.8,
https://www.basketball-reference.com/boxscores/201905140GSW.html,"9:00 PM, May 14, 2019",Golden State Warriors,Portland Trail Blazers,116,94,GSW,,,Team Totals,240,42,84,.500,17,33,.515,15,18,.833,11,31,42,30,13,8,14,24,116,,,Team Totals,240,.631,.601,.393,.214,26.2,66.0,47.2,71.4,13.6,14.5,13.2,100.0,121.8,98.7,
https://www.basketball-reference.com/boxscores/201905150MIL.html,"8:30 PM, May 15, 2019",Milwaukee Bucks,Toronto Raptors,108,100,TOR,,,Team Totals,240,34,92,.370,15,42,.357,17,20,.850,8,38,46,17,9,4,12,21,100,,,Team Totals,240,.496,.451,.457,.217,15.1,71.7,43.4,50.0,8.9,8.2,10.6,100.0,98.8,106.7,
https://www.basketball-reference.com/boxscores/201905150MIL.html,"8:30 PM, May 15, 2019",Milwaukee Bucks,Toronto Raptors,108,100,MIL,,,Team Totals,240,37,93,.398,11,44,.250,23,27,.852,15,45,60,21,8,11,13,16,108,,,Team Totals,240,.515,.457,.473,.290,28.3,84.9,56.6,56.8,7.9,22.0,11.0,100.0,106.7,98.8,
https://www.basketball-reference.com/boxscores/201905160GSW.html,"9:00 PM, May 16, 2019",Golden State Warriors,Portland Trail Blazers,114,111,POR,,,Team Totals,240,38,86,.442,18,39,.462,17,18,.944,10,27,37,23,8,1,13,22,111,,,Team Totals,240,.591,.547,.453,.209,20.8,69.2,42.5,60.5,8.4,1.9,12.2,100.0,116.2,119.3,
https://www.basketball-reference.com/boxscores/201905160GSW.html,"9:00 PM, May 16, 2019",Golden State Warriors,Portland Trail Blazers,114,111,GSW,,,Team Totals,240,42,82,.512,9,29,.310,21,27,.778,12,38,50,30,4,9,16,21,114,,,Team Totals,240,.607,.567,.354,.329,30.8,79.2,57.5,71.4,4.2,19.1,14.6,100.0,119.3,116.2,
https://www.basketball-reference.com/boxscores/201905170MIL.html,"8:30 PM, May 17, 2019",Milwaukee Bucks,Toronto Raptors,125,103,TOR,,,Team Totals,240,37,87,.425,10,32,.313,19,25,.760,6,34,40,19,3,6,14,30,103,,,Team Totals,240,.526,.483,.368,.287,12.5,75.6,43.0,51.4,2.9,11.8,12.5,100.0,100.7,122.3,
https://www.basketball-reference.com/boxscores/201905170MIL.html,"8:30 PM, May 17, 2019",Milwaukee Bucks,Toronto Raptors,125,103,MIL,,,Team Totals,240,43,92,.467,13,41,.317,26,35,.743,11,42,53,27,6,4,7,26,125,,,Team Totals,240,.582,.538,.446,.380,24.4,87.5,57.0,62.8,5.9,7.3,6.1,100.0,122.3,100.7,
https://www.basketball-reference.com/boxscores/201905180POR.html,"9:00 PM, May 18, 2019",Portland Trail Blazers,Golden State Warriors,99,110,GSW,,,Team Totals,240,41,84,.488,8,26,.308,20,23,.870,7,42,49,27,9,5,14,24,110,,,Team Totals,240,.584,.536,.310,.274,18.4,80.8,54.4,65.9,9.1,10.0,12.9,100.0,111.4,100.3,
https://www.basketball-reference.com/boxscores/201905180POR.html,"9:00 PM, May 18, 2019",Portland Trail Blazers,Golden State Warriors,99,110,POR,,,Team Totals,240,34,85,.400,11,35,.314,20,33,.606,10,31,41,22,9,3,11,23,99,,,Team Totals,240,.497,.465,.412,.388,19.2,81.6,45.6,64.7,9.1,5.2,10.0,100.0,100.3,111.4,
https://www.basketball-reference.com/boxscores/201905190TOR.html,"7:00 PM, May 19, 2019",Toronto Raptors,Milwaukee Bucks,118,112,MIL,,,Team Totals,290,38,102,.373,14,44,.318,22,33,.667,13,50,63,22,14,5,20,30,112,,,Team Totals,290,.481,.441,.431,.324,21.7,86.2,53.4,57.9,11.6,8.8,14.6,100.0,93.1,98.1,
https://www.basketball-reference.com/boxscores/201905190TOR.html,"7:00 PM, May 19, 2019",Toronto Raptors,Milwaukee Bucks,118,112,TOR,,,Team Totals,290,40,102,.392,17,45,.378,21,26,.808,8,47,55,28,11,10,17,30,118,,,Team Totals,290,.520,.475,.441,.255,13.8,78.3,46.6,70.0,9.1,17.2,13.0,100.0,98.1,93.1,
https://www.basketball-reference.com/boxscores/201905200POR.html,"9:00 PM, May 20, 2019",Portland Trail Blazers,Golden State Warriors,117,119,GSW,,,Team Totals,265,46,99,.465,12,39,.308,15,19,.789,15,41,56,30,10,5,15,17,119,,,Team Totals,265,.554,.525,.394,.192,31.9,87.2,59.6,65.2,9.5,8.8,12.3,100.0,112.5,110.6,
https://www.basketball-reference.com/boxscores/201905200POR.html,"9:00 PM, May 20, 2019",Portland Trail Blazers,Golden State Warriors,117,119,POR,,,Team Totals,265,47,98,.480,16,41,.390,7,10,.700,6,32,38,31,5,6,13,15,117,,,Team Totals,265,.571,.561,.418,.102,12.8,68.1,40.4,66.0,4.7,10.0,11.3,100.0,110.6,112.5,
https://www.basketball-reference.com/boxscores/201905210TOR.html,"8:30 PM, May 21, 2019",Toronto Raptors,Milwaukee Bucks,120,102,MIL,,,Team Totals,240,37,80,.463,11,35,.314,17,26,.654,7,33,40,30,8,7,13,22,102,,,Team Totals,240,.558,.531,.438,.325,17.1,76.7,47.6,81.1,8.3,15.2,12.4,100.0,105.8,124.4,
https://www.basketball-reference.com/boxscores/201905210TOR.html,"8:30 PM, May 21, 2019",Toronto Raptors,Milwaukee Bucks,120,102,TOR,,,Team Totals,240,41,87,.471,14,41,.341,24,27,.889,10,34,44,32,9,5,11,23,120,,,Team Totals,240,.607,.552,.471,.310,23.3,82.9,52.4,78.0,9.3,11.1,10.0,100.0,124.4,105.8,
https://www.basketball-reference.com/boxscores/201905230MIL.html,"8:30 PM, May 23, 2019",Milwaukee Bucks,Toronto Raptors,99,105,TOR,,,Team Totals,240,31,84,.369,18,43,.419,25,31,.806,10,35,45,19,6,4,6,16,105,,,Team Totals,240,.538,.476,.512,.369,18.2,81.4,45.9,61.3,6.5,7.5,5.8,100.0,113.4,107.0,
https://www.basketball-reference.com/boxscores/201905230MIL.html,"8:30 PM, May 23, 2019",Milwaukee Bucks,Toronto Raptors,99,105,MIL,,,Team Totals,240,38,84,.452,10,31,.323,13,18,.722,8,45,53,26,2,2,11,22,99,,,Team Totals,240,.539,.512,.369,.214,18.6,81.8,54.1,68.4,2.2,4.9,10.7,100.0,107.0,113.4,
https://www.basketball-reference.com/boxscores/201905250TOR.html,"8:30 PM, May 25, 2019",Toronto Raptors,Milwaukee Bucks,100,94,MIL,,,Team Totals,240,30,75,.400,12,34,.353,22,31,.710,12,30,42,19,7,7,11,22,94,,,Team Totals,240,.530,.480,.453,.413,27.3,83.3,52.5,63.3,8.1,14.9,11.0,100.0,109.1,116.1,
https://www.basketball-reference.com/boxscores/201905250TOR.html,"8:30 PM, May 25, 2019",Toronto Raptors,Milwaukee Bucks,100,94,TOR,,,Team Totals,240,36,74,.486,12,27,.444,16,22,.727,6,32,38,20,7,4,11,24,100,,,Team Totals,240,.598,.568,.365,.297,16.7,72.7,47.5,55.6,8.1,9.8,11.6,100.0,116.1,109.1,
https://www.basketball-reference.com/boxscores/201905300TOR.html,"9:00 PM, May 30, 2019",Toronto Raptors,Golden State Warriors,118,109,GSW,,,Team Totals,240,34,78,.436,12,31,.387,29,31,.935,9,29,38,29,6,2,17,27,109,,,Team Totals,240,.595,.513,.397,.397,23.7,80.6,51.4,85.3,6.4,4.5,15.6,100.0,115.9,125.4,
https://www.basketball-reference.com/boxscores/201905300TOR.html,"9:00 PM, May 30, 2019",Toronto Raptors,Golden State Warriors,118,109,TOR,,,Team Totals,240,39,77,.506,13,33,.394,27,32,.844,7,29,36,25,6,6,10,26,118,,,Team Totals,240,.648,.591,.429,.416,19.4,76.3,48.6,64.1,6.4,12.8,9.9,100.0,125.4,115.9,
https://www.basketball-reference.com/boxscores/201906020TOR.html,"8:00 PM, June 2, 2019",Toronto Raptors,Golden State Warriors,104,109,GSW,,,Team Totals,240,38,82,.463,13,34,.382,20,23,.870,6,36,42,34,7,5,16,26,109,,,Team Totals,240,.592,.543,.415,.280,15.0,70.6,46.2,89.5,7.0,8.9,14.8,100.0,108.5,103.5,
https://www.basketball-reference.com/boxscores/201906020TOR.html,"8:00 PM, June 2, 2019",Toronto Raptors,Golden State Warriors,104,109,TOR,,,Team Totals,240,35,94,.372,11,38,.289,23,26,.885,15,34,49,17,8,2,15,22,104,,,Team Totals,240,.493,.431,.404,.277,29.4,85.0,53.8,48.6,8.0,4.2,12.5,100.0,103.5,108.5,
https://www.basketball-reference.com/boxscores/201906050GSW.html,"9:00 PM, June 5, 2019",Golden State Warriors,Toronto Raptors,109,123,TOR,,,Team Totals,240,43,82,.524,17,38,.447,20,21,.952,5,35,40,30,9,10,16,22,123,,,Team Totals,240,.674,.628,.463,.256,15.2,72.9,49.4,69.8,8.9,18.2,14.9,100.0,121.7,107.8,
https://www.basketball-reference.com/boxscores/201906050GSW.html,"9:00 PM, June 5, 2019",Golden State Warriors,Toronto Raptors,109,123,GSW,,,Team Totals,240,36,91,.396,12,36,.333,25,30,.833,13,28,41,25,8,3,15,21,109,,,Team Totals,240,.523,.462,.396,.330,27.1,84.8,50.6,69.4,7.9,6.8,12.6,100.0,107.8,121.7,
https://www.basketball-reference.com/boxscores/201906070GSW.html,"9:00 PM, June 7, 2019",Golden State Warriors,Toronto Raptors,92,105,TOR,,,Team Totals,240,36,86,.419,10,32,.313,23,24,.958,7,32,39,22,12,4,11,21,105,,,Team Totals,240,.544,.477,.372,.279,17.1,80.0,48.1,61.1,12.4,7.8,10.2,100.0,108.4,95.0,
https://www.basketball-reference.com/boxscores/201906070GSW.html,"9:00 PM, June 7, 2019",Golden State Warriors,Toronto Raptors,92,105,GSW,,,Team Totals,240,35,78,.449,8,27,.296,14,21,.667,8,34,42,26,6,6,19,23,92,,,Team Totals,240,.527,.500,.346,.269,20.0,82.9,51.9,74.3,6.2,11.1,17.9,100.0,95.0,108.4,
https://www.basketball-reference.com/boxscores/201906100TOR.html,"9:00 PM, June 10, 2019",Toronto Raptors,Golden State Warriors,105,106,GSW,,,Team Totals,240,38,82,.463,20,42,.476,10,14,.714,6,31,37,27,5,7,16,22,106,,,Team Totals,240,.601,.585,.512,.171,16.7,70.5,46.3,71.1,5.3,13.2,15.4,100.0,111.8,110.7,
https://www.basketball-reference.com/boxscores/201906100TOR.html,"9:00 PM, June 10, 2019",Toronto Raptors,Golden State Warriors,105,106,TOR,,,Team Totals,240,38,85,.447,8,32,.250,21,27,.778,13,30,43,19,6,5,13,19,105,,,Team Totals,240,.542,.494,.376,.318,29.5,83.3,53.8,50.0,6.3,12.5,11.8,100.0,110.7,111.8,
https://www.basketball-reference.com/boxscores/201906130GSW.html,"9:00 PM, June 13, 2019",Golden State Warriors,Toronto Raptors,110,114,TOR,,,Team Totals,240,39,82,.476,13,33,.394,23,29,.793,11,28,39,25,8,2,12,23,114,,,Team Totals,240,.602,.555,.402,.354,26.2,71.8,48.1,64.1,8.4,4.1,11.2,100.0,119.9,115.7,
https://www.basketball-reference.com/boxscores/201906130GSW.html,"9:00 PM, June 13, 2019",Golden State Warriors,Toronto Raptors,110,114,GSW,,,Team Totals,240,39,80,.488,11,31,.355,21,30,.700,11,31,42,28,9,6,17,23,110,,,Team Totals,240,.590,.556,.388,.375,28.2,73.8,51.9,71.8,9.5,12.2,15.4,100.0,115.7,119.9,
