boxscore_url,game_date_raw,home_team_name,away_team_name,home_pts,away_pts,team_abbr,home_away,winner,"basic_('unnamed: 0_level_0', 'starters')","basic_('basic box score stats', 'mp')","basic_('basic box score stats', 'fg')","basic_('basic box score stats', 'fga')","basic_('basic box score stats', 'fg%')","basic_('basic box score stats', '3p')","basic_('basic box score stats', '3pa')","basic_('basic box score stats', '3p%')","basic_('basic box score stats', 'ft')","basic_('basic box score stats', 'fta')","basic_('basic box score stats', 'ft%')","basic_('basic box score stats', 'orb')","basic_('basic box score stats', 'drb')","basic_('basic box score stats', 'trb')","basic_('basic box score stats', 'ast')","basic_('basic box score stats', 'stl')","basic_('basic box score stats', 'blk')","basic_('basic box score stats', 'tov')","basic_('basic box score stats', 'pf')","basic_('basic box score stats', 'pts')","basic_('basic box score stats', 'gmsc')","basic_('basic box score stats', '+/-')","adv_('unnamed: 0_level_0', 'starters')","adv_('advanced box score stats', 'mp')","adv_('advanced box score stats', 'ts%')","adv_('advanced box score stats', 'efg%')","adv_('advanced box score stats', '3par')","adv_('advanced box score stats', 'ftr')","adv_('advanced box score stats', 'orb%')","adv_('advanced box score stats', 'drb%')","adv_('advanced box score stats', 'trb%')","adv_('advanced box score stats', 'ast%')","adv_('advanced box score stats', 'stl%')","adv_('advanced box score stats', 'blk%')","adv_('advanced box score stats', 'tov%')","adv_('advanced box score stats', 'usg%')","adv_('advanced box score stats', 'ortg')","adv_('advanced box score stats', 'drtg')","adv_('advanced box score stats', 'bpm')"
https://www.basketball-reference.com/boxscores/201112250DAL.html,"2:30 PM, December 25, 2011",Dallas Mavericks,Miami Heat,94,105,MIA,,,Team Totals,240,38,78,.487,4,7,.571,25,36,.694,15,36,51,18,9,6,23,28,105,,,Team Totals,240,.559,.513,.090,.462,39.5,81.8,62.2,47.4,9.0,11.1,19.7,100.0,105.2,94.2,
https://www.basketball-reference.com/boxscores/201112250DAL.html,"2:30 PM, December 25, 2011",Dallas Mavericks,Miami Heat,94,105,DAL,,,Team Totals,240,31,82,.378,9,28,.321,23,30,.767,8,23,31,23,10,0,17,29,94,,,Team Totals,240,.494,.433,.341,.366,18.2,60.5,37.8,74.2,10.0,0.0,15.2,100.0,94.2,105.2,
https://www.basketball-reference.com/boxscores/201112250GSW.html,"10:30 PM, December 25, 2011",Golden State Warriors,Los Angeles Clippers,86,105,LAC,,,Team Totals,240,37,81,.457,8,23,.348,23,38,.605,13,30,43,22,9,8,10,19,105,,,Team Totals,240,.537,.506,.284,.469,29.5,63.8,47.3,59.5,10.0,13.1,9.3,100.0,116.3,95.3,
https://www.basketball-reference.com/boxscores/201112250GSW.html,"10:30 PM, December 25, 2011",Golden State Warriors,Los Angeles Clippers,86,105,GSW,,,Team Totals,240,32,82,.390,5,21,.238,17,24,.708,17,31,48,17,4,8,16,32,86,,,Team Totals,240,.465,.421,.256,.293,36.2,70.5,52.7,53.1,4.4,13.8,14.7,100.0,95.3,116.3,
https://www.basketball-reference.com/boxscores/201112250LAL.html,"5:00 PM, December 25, 2011",Los Angeles Lakers,Chicago Bulls,87,88,CHI,,,Team Totals,240,36,89,.404,7,15,.467,9,14,.643,16,25,41,21,14,4,14,21,88,,,Team Totals,240,.462,.444,.169,.157,34.8,67.6,49.4,58.3,15.9,6.7,12.8,100.0,100.0,98.9,
https://www.basketball-reference.com/boxscores/201112250LAL.html,"5:00 PM, December 25, 2011",Los Angeles Lakers,Chicago Bulls,87,88,LAL,,,Team Totals,240,36,76,.474,4,16,.250,11,20,.550,12,30,42,22,6,8,17,20,87,,,Team Totals,240,.513,.500,.211,.263,32.4,65.2,50.6,61.1,6.8,10.8,16.7,100.0,98.9,100.0,
https://www.basketball-reference.com/boxscores/201112250NYK.html,"12:00 PM, December 25, 2011",New York Knicks,Boston Celtics,106,104,BOS,,,Team Totals,240,39,76,.513,2,5,.400,24,31,.774,13,28,41,28,7,5,19,28,104,,,Team Totals,240,.580,.526,.066,.408,36.1,77.8,56.9,71.8,7.5,9.3,17.5,100.0,111.0,113.1,
https://www.basketball-reference.com/boxscores/201112250NYK.html,"12:00 PM, December 25, 2011",New York Knicks,Boston Celtics,106,104,NYK,,,Team Totals,240,35,74,.473,9,20,.450,27,34,.794,8,23,31,17,9,11,16,25,106,,,Team Totals,240,.596,.534,.270,.459,22.2,63.9,43.1,48.6,9.6,15.5,15.2,100.0,113.1,111.0,
https://www.basketball-reference.com/boxscores/201112250OKC.html,"8:00 PM, December 25, 2011",Oklahoma City Thunder,Orlando Magic,97,89,ORL,,,Team Totals,240,30,81,.370,8,28,.286,21,26,.808,14,31,45,18,7,4,18,25,89,,,Team Totals,240,.481,.420,.346,.321,28.0,81.6,51.1,60.0,7.5,7.5,16.3,100.0,95.7,104.3,
https://www.basketball-reference.com/boxscores/201112250OKC.html,"8:00 PM, December 25, 2011",Oklahoma City Thunder,Orlando Magic,97,89,OKC,,,Team Totals,240,34,72,.472,10,19,.526,19,26,.731,7,36,43,21,8,5,17,22,97,,,Team Totals,240,.581,.542,.264,.361,18.4,72.0,48.9,61.8,8.6,9.4,16.9,100.0,104.3,95.7,
https://www.basketball-reference.com/boxscores/201112260CHA.html,"7:00 PM, December 26, 2011",Charlotte Bobcats,Milwaukee Bucks,96,95,MIL,,,Team Totals,240,34,84,.405,8,23,.348,19,23,.826,8,31,39,21,6,2,12,20,95,,,Team Totals,240,.505,.452,.274,.274,17.8,67.4,42.9,61.8,6.3,3.0,11.3,100.0,100.3,101.4,
https://www.basketball-reference.com/boxscores/201112260CHA.html,"7:00 PM, December 26, 2011",Charlotte Bobcats,Milwaukee Bucks,96,95,CHA,,,Team Totals,240,38,86,.442,4,19,.211,16,21,.762,15,37,52,27,3,6,16,20,96,,,Team Totals,240,.504,.465,.221,.244,32.6,82.2,57.1,71.1,3.2,9.8,14.4,100.0,101.4,100.3,
https://www.basketball-reference.com/boxscores/201112260CLE.html,"7:00 PM, December 26, 2011",Cleveland Cavaliers,Toronto Raptors,96,104,TOR,,,Team Totals,240,42,79,.532,9,21,.429,11,13,.846,11,34,45,35,4,9,12,22,104,,,Team Totals,240,.614,.589,.266,.165,33.3,69.4,54.9,83.3,4.7,13.8,12.4,100.0,122.5,113.1,
https://www.basketball-reference.com/boxscores/201112260CLE.html,"7:00 PM, December 26, 2011",Cleveland Cavaliers,Toronto Raptors,96,104,CLE,,,Team Totals,240,35,85,.412,6,20,.300,20,28,.714,15,22,37,21,7,1,7,16,96,,,Team Totals,240,.493,.447,.235,.329,30.6,66.7,45.1,60.0,8.2,1.7,6.7,100.0,113.1,122.5,
https://www.basketball-reference.com/boxscores/201112260DAL.html,"8:30 PM, December 26, 2011",Dallas Mavericks,Denver Nuggets,93,115,DEN,,,Team Totals,240,39,79,.494,10,27,.370,27,34,.794,10,37,47,18,15,3,15,18,115,,,Team Totals,240,.612,.557,.342,.430,23.8,88.1,56.0,46.2,15.1,6.1,13.8,100.0,115.8,93.7,
https://www.basketball-reference.com/boxscores/201112260DAL.html,"8:30 PM, December 26, 2011",Dallas Mavericks,Denver Nuggets,93,115,DAL,,,Team Totals,240,32,76,.421,8,27,.296,21,27,.778,5,32,37,19,11,3,20,28,93,,,Team Totals,240,.529,.474,.355,.355,11.9,76.2,44.0,59.4,11.1,5.8,18.5,100.0,93.7,115.8,
https://www.basketball-reference.com/boxscores/201112260GSW.html,"10:30 PM, December 26, 2011",Golden State Warriors,Chicago Bulls,99,91,CHI,,,Team Totals,240,34,82,.415,8,24,.333,15,22,.682,14,33,47,16,3,3,20,21,91,,,Team Totals,240,.496,.463,.293,.268,32.6,82.5,56.6,47.1,3.2,4.8,17.9,100.0,98.0,106.6,
https://www.basketball-reference.com/boxscores/201112260GSW.html,"10:30 PM, December 26, 2011",Golden State Warriors,Chicago Bulls,99,91,GSW,,,Team Totals,240,36,77,.468,4,15,.267,23,31,.742,7,29,36,22,16,5,10,19,99,,,Team Totals,240,.546,.494,.195,.403,17.5,67.4,43.4,61.1,17.2,8.6,9.9,100.0,106.6,98.0,
https://www.basketball-reference.com/boxscores/201112260IND.html,"7:00 PM, December 26, 2011",Indiana Pacers,Detroit Pistons,91,79,DET,,,Team Totals,240,27,75,.360,7,19,.368,18,21,.857,9,31,40,17,5,8,16,19,79,,,Team Totals,240,.469,.407,.253,.280,20.5,63.3,43.0,63.0,5.7,11.1,16.0,100.0,90.1,103.8,
https://www.basketball-reference.com/boxscores/201112260IND.html,"7:00 PM, December 26, 2011",Indiana Pacers,Detroit Pistons,91,79,IND,,,Team Totals,240,32,87,.368,7,15,.467,20,25,.800,18,35,53,20,9,9,11,20,91,,,Team Totals,240,.464,.408,.172,.287,36.7,79.5,57.0,62.5,10.3,16.1,10.1,100.0,103.8,90.1,
https://www.basketball-reference.com/boxscores/201112260MIN.html,"8:00 PM, December 26, 2011",Minnesota Timberwolves,Oklahoma City Thunder,100,104,OKC,,,Team Totals,240,35,78,.449,5,16,.313,29,31,.935,8,34,42,18,6,5,17,26,104,,,Team Totals,240,.567,.481,.205,.397,21.1,77.3,51.2,51.4,6.1,7.7,15.6,100.0,106.4,102.3,
https://www.basketball-reference.com/boxscores/201112260MIN.html,"8:00 PM, December 26, 2011",Minnesota Timberwolves,Oklahoma City Thunder,100,104,MIN,,,Team Totals,240,39,87,.448,3,22,.136,19,26,.731,10,30,40,22,4,2,12,24,100,,,Team Totals,240,.508,.466,.253,.299,22.7,78.9,48.8,56.4,4.1,3.2,10.9,100.0,102.3,106.4,
https://www.basketball-reference.com/boxscores/201112260ORL.html,"7:00 PM, December 26, 2011",Orlando Magic,Houston Rockets,104,95,HOU,,,Team Totals,240,36,82,.439,6,27,.222,17,20,.850,11,30,41,26,4,5,10,17,95,,,Team Totals,240,.523,.476,.329,.244,27.5,83.3,53.9,72.2,4.5,8.2,9.9,100.0,107.0,117.2,
https://www.basketball-reference.com/boxscores/201112260ORL.html,"7:00 PM, December 26, 2011",Orlando Magic,Houston Rockets,104,95,ORL,,,Team Totals,240,44,83,.530,9,22,.409,7,10,.700,6,29,35,19,1,4,11,15,104,,,Team Totals,240,.595,.584,.265,.120,16.7,72.5,46.1,43.2,1.1,7.3,11.2,100.0,117.2,107.0,
https://www.basketball-reference.com/boxscores/201112260PHO.html,"9:00 PM, December 26, 2011",Phoenix Suns,New Orleans Hornets,84,85,NOH,,,Team Totals,240,35,79,.443,2,16,.125,13,21,.619,12,35,47,10,9,5,13,22,85,,,Team Totals,240,.482,.456,.203,.266,26.7,74.5,51.1,28.6,10.1,8.9,12.8,100.0,95.5,94.4,
https://www.basketball-reference.com/boxscores/201112260PHO.html,"9:00 PM, December 26, 2011",Phoenix Suns,New Orleans Hornets,84,85,PHO,,,Team Totals,240,32,81,.395,5,25,.200,15,19,.789,12,33,45,23,9,3,15,24,84,,,Team Totals,240,.470,.426,.309,.235,25.5,73.3,48.9,71.9,10.1,4.8,14.4,100.0,94.4,95.5,
https://www.basketball-reference.com/boxscores/201112260POR.html,"10:00 PM, December 26, 2011",Portland Trail Blazers,Philadelphia 76ers,107,103,PHI,,,Team Totals,240,40,83,.482,8,19,.421,15,19,.789,9,38,47,21,6,7,20,25,103,,,Team Totals,240,.564,.530,.229,.229,21.4,69.1,48.5,52.5,6.0,9.0,18.0,100.0,103.0,107.0,
https://www.basketball-reference.com/boxscores/201112260POR.html,"10:00 PM, December 26, 2011",Portland Trail Blazers,Philadelphia 76ers,107,103,POR,,,Team Totals,240,40,97,.412,9,19,.474,18,23,.783,17,33,50,24,11,6,12,19,107,,,Team Totals,240,.499,.459,.196,.237,30.9,78.6,51.5,60.0,11.0,9.4,10.1,100.0,107.0,103.0,
https://www.basketball-reference.com/boxscores/201112260SAC.html,"10:00 PM, December 26, 2011",Sacramento Kings,Los Angeles Lakers,100,91,LAL,,,Team Totals,240,37,88,.420,1,16,.063,16,19,.842,16,29,45,21,6,6,11,25,91,,,Team Totals,240,.472,.426,.182,.216,34.8,74.4,52.9,56.8,6.8,10.5,10.2,100.0,102.5,112.6,
https://www.basketball-reference.com/boxscores/201112260SAC.html,"10:00 PM, December 26, 2011",Sacramento Kings,Los Angeles Lakers,100,91,SAC,,,Team Totals,240,35,75,.467,9,18,.500,21,35,.600,10,30,40,16,4,6,12,19,100,,,Team Totals,240,.553,.527,.240,.467,25.6,65.2,47.1,45.7,4.5,8.3,11.7,100.0,112.6,102.5,
https://www.basketball-reference.com/boxscores/201112260SAS.html,"8:30 PM, December 26, 2011",San Antonio Spurs,Memphis Grizzlies,95,82,MEM,,,Team Totals,240,34,73,.466,3,7,.429,11,19,.579,9,33,42,18,9,2,25,25,82,,,Team Totals,240,.504,.486,.096,.260,26.5,73.3,53.2,52.9,9.5,3.6,23.5,100.0,86.7,100.4,
https://www.basketball-reference.com/boxscores/201112260SAS.html,"8:30 PM, December 26, 2011",San Antonio Spurs,Memphis Grizzlies,95,82,SAS,,,Team Totals,240,35,88,.398,10,33,.303,15,22,.682,12,25,37,23,13,5,13,20,95,,,Team Totals,240,.486,.455,.375,.250,26.7,73.5,46.8,65.7,13.7,7.6,11.7,100.0,100.4,86.7,
https://www.basketball-reference.com/boxscores/201112260WAS.html,"7:00 PM, December 26, 2011",Washington Wizards,New Jersey Nets,84,90,NJN,,,Team Totals,240,34,86,.395,6,26,.231,16,20,.800,18,40,58,17,7,3,16,26,90,,,Team Totals,240,.475,.430,.302,.233,36.7,83.3,59.8,50.0,7.7,4.5,14.4,100.0,99.2,92.6,
https://www.basketball-reference.com/boxscores/201112260WAS.html,"7:00 PM, December 26, 2011",Washington Wizards,New Jersey Nets,84,90,WAS,,,Team Totals,240,31,74,.419,1,7,.143,21,34,.618,8,31,39,13,8,7,12,17,84,,,Team Totals,240,.472,.426,.095,.459,16.7,63.3,40.2,41.9,8.8,11.7,11.9,100.0,92.6,99.2,
https://www.basketball-reference.com/boxscores/201112270LAL.html,"10:30 PM, December 27, 2011",Los Angeles Lakers,Utah Jazz,96,71,UTA,,,Team Totals,240,29,90,.322,1,13,.077,12,17,.706,18,28,46,20,6,6,10,28,71,,,Team Totals,240,.364,.328,.144,.189,34.0,71.8,50.0,69.0,7.1,10.9,9.3,100.0,83.5,112.9,
https://www.basketball-reference.com/boxscores/201112270LAL.html,"10:30 PM, December 27, 2011",Los Angeles Lakers,Utah Jazz,96,71,LAL,,,Team Totals,240,30,71,.423,6,16,.375,30,37,.811,11,35,46,17,8,9,12,21,96,,,Team Totals,240,.550,.465,.225,.521,28.2,66.0,50.0,56.7,9.4,11.7,12.1,100.0,112.9,83.5,
https://www.basketball-reference.com/boxscores/201112270MIA.html,"8:00 PM, December 27, 2011",Miami Heat,Boston Celtics,115,107,BOS,,,Team Totals,240,37,72,.514,12,19,.632,21,27,.778,4,24,28,20,9,3,24,27,107,,,Team Totals,240,.638,.597,.264,.375,11.1,80.0,42.4,54.1,8.8,4.6,22.2,100.0,104.6,112.4,
https://www.basketball-reference.com/boxscores/201112270MIA.html,"8:00 PM, December 27, 2011",Miami Heat,Boston Celtics,115,107,MIA,,,Team Totals,240,42,75,.560,6,10,.600,25,35,.714,6,32,38,22,16,8,20,22,115,,,Team Totals,240,.636,.600,.133,.467,20.0,88.9,57.6,52.4,15.6,15.1,18.1,100.0,112.4,104.6,
https://www.basketball-reference.com/boxscores/201112270MIL.html,"8:30 PM, December 27, 2011",Milwaukee Bucks,Minnesota Timberwolves,98,95,MIN,,,Team Totals,240,28,70,.400,6,14,.429,33,45,.733,16,38,54,14,6,0,26,24,95,,,Team Totals,240,.529,.443,.200,.643,35.6,70.4,54.5,50.0,6.2,0.0,22.5,100.0,97.5,100.6,
https://www.basketball-reference.com/boxscores/201112270MIL.html,"8:30 PM, December 27, 2011",Milwaukee Bucks,Minnesota Timberwolves,98,95,MIL,,,Team Totals,240,40,94,.426,2,16,.125,16,20,.800,16,29,45,24,13,5,12,28,98,,,Team Totals,240,.477,.436,.170,.213,29.6,64.4,45.5,60.0,13.3,8.9,10.5,100.0,100.6,97.5,
https://www.basketball-reference.com/boxscores/201112270NJN.html,"7:30 PM, December 27, 2011",New Jersey Nets,Atlanta Hawks,70,106,ATL,,,Team Totals,240,38,86,.442,12,23,.522,18,21,.857,17,34,51,23,11,4,13,23,106,,,Team Totals,240,.556,.512,.267,.244,38.6,79.1,58.6,60.5,12.5,8.5,12.0,100.0,120.5,79.6,
https://www.basketball-reference.com/boxscores/201112270NJN.html,"7:30 PM, December 27, 2011",New Jersey Nets,Atlanta Hawks,70,106,NJN,,,Team Totals,240,22,71,.310,5,24,.208,21,26,.808,9,27,36,9,5,5,18,22,70,,,Team Totals,240,.425,.345,.338,.366,20.9,61.4,41.4,40.9,5.7,7.9,17.9,100.0,79.6,120.5,
https://www.basketball-reference.com/boxscores/201112270POR.html,"10:00 PM, December 27, 2011",Portland Trail Blazers,Sacramento Kings,101,79,SAC,,,Team Totals,240,31,82,.378,3,16,.188,14,22,.636,14,28,42,11,1,4,20,27,79,,,Team Totals,240,.431,.396,.195,.268,32.6,65.1,48.8,35.5,1.1,6.0,17.9,100.0,87.0,111.2,
https://www.basketball-reference.com/boxscores/201112270POR.html,"10:00 PM, December 27, 2011",Portland Trail Blazers,Sacramento Kings,101,79,POR,,,Team Totals,240,38,85,.447,3,18,.167,22,28,.786,15,29,44,25,6,8,10,23,101,,,Team Totals,240,.519,.465,.212,.329,34.9,67.4,51.2,65.8,6.6,12.1,9.3,100.0,111.2,87.0,
https://www.basketball-reference.com/boxscores/201112280ATL.html,"7:30 PM, December 28, 2011",Atlanta Hawks,Washington Wizards,101,83,WAS,,,Team Totals,240,30,77,.390,6,16,.375,17,22,.773,6,26,32,16,10,3,18,24,83,,,Team Totals,240,.479,.429,.208,.286,15.0,70.3,41.6,53.3,10.7,5.8,17.2,100.0,89.0,108.3,
https://www.basketball-reference.com/boxscores/201112280ATL.html,"7:30 PM, December 28, 2011",Atlanta Hawks,Washington Wizards,101,83,ATL,,,Team Totals,240,32,75,.427,9,23,.391,28,35,.800,11,34,45,21,6,5,15,21,101,,,Team Totals,240,.559,.487,.307,.467,29.7,85.0,58.4,65.6,6.4,8.2,14.2,100.0,108.3,89.0,
https://www.basketball-reference.com/boxscores/201112280CHA.html,"7:00 PM, December 28, 2011",Charlotte Bobcats,Miami Heat,95,96,MIA,,,Team Totals,240,36,78,.462,1,6,.167,23,28,.821,5,25,30,19,7,10,10,17,96,,,Team Totals,240,.531,.468,.077,.359,11.6,62.5,36.1,52.8,7.5,15.6,10.0,100.0,102.6,101.5,
https://www.basketball-reference.com/boxscores/201112280CHA.html,"7:00 PM, December 28, 2011",Charlotte Bobcats,Miami Heat,95,96,CHA,,,Team Totals,240,39,82,.476,7,18,.389,10,16,.625,15,38,53,22,5,9,22,22,95,,,Team Totals,240,.533,.518,.220,.195,37.5,88.4,63.9,56.4,5.3,12.5,19.8,100.0,101.5,102.6,
https://www.basketball-reference.com/boxscores/201112280DEN.html,"9:00 PM, December 28, 2011",Denver Nuggets,Utah Jazz,117,100,UTA,,,Team Totals,240,38,79,.481,7,16,.438,17,25,.680,8,31,39,25,10,3,22,23,100,,,Team Totals,240,.556,.525,.203,.316,19.5,72.1,46.4,65.8,9.8,4.5,19.6,100.0,97.6,114.2,
https://www.basketball-reference.com/boxscores/201112280DEN.html,"9:00 PM, December 28, 2011",Denver Nuggets,Utah Jazz,117,100,DEN,,,Team Totals,240,46,86,.535,6,19,.316,19,26,.731,12,33,45,29,17,3,18,20,117,,,Team Totals,240,.600,.570,.221,.302,27.9,80.5,53.6,63.0,16.6,4.8,15.6,100.0,114.2,97.6,
https://www.basketball-reference.com/boxscores/201112280DET.html,"7:30 PM, December 28, 2011",Detroit Pistons,Cleveland Cavaliers,89,105,CLE,,,Team Totals,240,40,70,.571,7,12,.583,18,22,.818,12,28,40,28,9,3,22,15,105,,,Team Totals,240,.659,.621,.171,.314,42.9,73.7,60.6,70.0,10.2,5.0,21.6,100.0,118.8,100.7,
https://www.basketball-reference.com/boxscores/201112280DET.html,"7:30 PM, December 28, 2011",Detroit Pistons,Cleveland Cavaliers,89,105,DET,,,Team Totals,240,36,81,.444,9,21,.429,8,11,.727,10,16,26,16,11,1,17,21,89,,,Team Totals,240,.518,.500,.259,.136,26.3,57.1,39.4,44.4,12.4,1.7,16.5,100.0,100.7,118.8,
https://www.basketball-reference.com/boxscores/201112280GSW.html,"10:30 PM, December 28, 2011",Golden State Warriors,New York Knicks,92,78,NYK,,,Team Totals,240,28,70,.400,4,21,.190,18,25,.720,4,27,31,15,7,0,15,21,78,,,Team Totals,240,.481,.429,.300,.357,10.0,71.1,39.7,53.6,7.8,0.0,15.6,100.0,86.6,102.2,
https://www.basketball-reference.com/boxscores/201112280GSW.html,"10:30 PM, December 28, 2011",Golden State Warriors,New York Knicks,92,78,GSW,,,Team Totals,240,35,77,.455,6,16,.375,16,24,.667,11,36,47,20,12,4,16,17,92,,,Team Totals,240,.525,.494,.208,.312,28.9,90.0,60.3,57.1,13.3,8.2,15.4,100.0,102.2,86.6,
https://www.basketball-reference.com/boxscores/201112280MEM.html,"8:00 PM, December 28, 2011",Memphis Grizzlies,Oklahoma City Thunder,95,98,OKC,,,Team Totals,240,29,77,.377,10,25,.400,30,38,.789,12,29,41,16,4,8,11,24,98,,,Team Totals,240,.523,.442,.325,.494,28.6,60.4,45.6,55.2,4.5,11.3,10.5,100.0,109.9,106.6,
https://www.basketball-reference.com/boxscores/201112280MEM.html,"8:00 PM, December 28, 2011",Memphis Grizzlies,Oklahoma City Thunder,95,98,MEM,,,Team Totals,240,34,87,.391,2,16,.125,25,33,.758,19,30,49,13,5,6,12,22,95,,,Team Totals,240,.468,.402,.184,.379,39.6,71.4,54.4,38.2,5.6,11.5,10.6,100.0,106.6,109.9,
https://www.basketball-reference.com/boxscores/201112280NOH.html,"8:00 PM, December 28, 2011",New Orleans Hornets,Boston Celtics,97,78,BOS,,,Team Totals,240,29,78,.372,7,17,.412,13,18,.722,13,24,37,16,4,12,13,22,78,,,Team Totals,240,.454,.417,.218,.231,26.5,66.7,43.5,55.2,4.7,17.9,13.1,100.0,91.8,114.1,
https://www.basketball-reference.com/boxscores/201112280NOH.html,"8:00 PM, December 28, 2011",New Orleans Hornets,Boston Celtics,97,78,NOH,,,Team Totals,240,36,79,.456,4,12,.333,21,25,.840,12,36,48,16,7,12,12,20,97,,,Team Totals,240,.539,.481,.152,.316,33.3,73.5,56.5,44.4,8.2,19.7,11.8,100.0,114.1,91.8,
https://www.basketball-reference.com/boxscores/201112280PHO.html,"9:00 PM, December 28, 2011",Phoenix Suns,Philadelphia 76ers,83,103,PHI,,,Team Totals,240,41,86,.477,7,17,.412,14,18,.778,12,36,48,22,11,2,12,19,103,,,Team Totals,240,.548,.517,.198,.209,27.9,81.8,55.2,53.7,12.1,2.9,11.3,100.0,113.3,91.3,
https://www.basketball-reference.com/boxscores/201112280PHO.html,"9:00 PM, December 28, 2011",Phoenix Suns,Philadelphia 76ers,83,103,PHO,,,Team Totals,240,33,80,.413,2,11,.182,15,18,.833,8,31,39,15,3,3,12,17,83,,,Team Totals,240,.472,.425,.138,.225,18.2,72.1,44.8,45.5,3.3,4.3,12.0,100.0,91.3,113.3,
https://www.basketball-reference.com/boxscores/201112280SAS.html,"8:30 PM, December 28, 2011",San Antonio Spurs,Los Angeles Clippers,115,90,LAC,,,Team Totals,240,29,74,.392,7,20,.350,25,33,.758,10,20,30,17,8,5,12,17,90,,,Team Totals,240,.508,.439,.270,.446,21.7,74.1,41.1,58.6,8.8,8.2,11.9,100.0,98.9,126.4,
https://www.basketball-reference.com/boxscores/201112280SAS.html,"8:30 PM, December 28, 2011",San Antonio Spurs,Los Angeles Clippers,115,90,SAS,,,Team Totals,240,45,80,.563,10,19,.526,15,15,1.000,7,36,43,27,3,1,17,23,115,,,Team Totals,240,.664,.625,.238,.188,25.9,78.3,58.9,60.0,3.3,1.9,16.4,100.0,126.4,98.9,
https://www.basketball-reference.com/boxscores/201112280TOR.html,"6:00 PM, December 28, 2011",Toronto Raptors,Indiana Pacers,85,90,IND,,,Team Totals,240,32,81,.395,7,16,.438,19,22,.864,12,29,41,20,10,2,16,16,90,,,Team Totals,240,.496,.438,.198,.272,29.3,74.4,51.3,62.5,11.0,3.1,15.0,100.0,99.0,93.5,
https://www.basketball-reference.com/boxscores/201112280TOR.html,"6:00 PM, December 28, 2011",Toronto Raptors,Indiana Pacers,85,90,TOR,,,Team Totals,240,36,79,.456,6,15,.400,7,13,.538,10,29,39,21,13,5,19,25,85,,,Team Totals,240,.502,.494,.190,.165,25.6,70.7,48.8,58.3,14.3,7.7,18.3,100.0,93.5,99.0,
https://www.basketball-reference.com/boxscores/201112290HOU.html,"8:00 PM, December 29, 2011",Houston Rockets,San Antonio Spurs,105,85,SAS,,,Team Totals,240,35,93,.376,2,17,.118,13,20,.650,22,24,46,12,4,7,12,10,85,,,Team Totals,240,.417,.387,.183,.215,40.0,64.9,50.0,34.3,4.6,11.9,10.5,100.0,97.9,121.0,
https://www.basketball-reference.com/boxscores/201112290HOU.html,"8:00 PM, December 29, 2011",Houston Rockets,San Antonio Spurs,105,85,HOU,,,Team Totals,240,43,85,.506,9,26,.346,10,13,.769,13,33,46,21,7,8,11,17,105,,,Team Totals,240,.579,.559,.306,.153,35.1,60.0,50.0,48.8,8.1,10.5,10.8,100.0,121.0,97.9,
https://www.basketball-reference.com/boxscores/201112290LAL.html,"10:30 PM, December 29, 2011",Los Angeles Lakers,New York Knicks,99,82,NYK,,,Team Totals,240,21,67,.313,6,22,.273,34,41,.829,9,23,32,15,11,6,13,20,82,,,Team Totals,240,.482,.358,.328,.612,20.9,79.3,44.4,71.4,12.4,10.5,13.3,100.0,92.6,111.8,
https://www.basketball-reference.com/boxscores/201112290LAL.html,"10:30 PM, December 29, 2011",Los Angeles Lakers,New York Knicks,99,82,LAL,,,Team Totals,240,38,73,.521,9,16,.563,14,22,.636,6,34,40,23,6,7,17,28,99,,,Team Totals,240,.599,.582,.219,.301,20.7,79.1,55.6,60.5,6.8,15.6,17.1,100.0,111.8,92.6,
https://www.basketball-reference.com/boxscores/201112290OKC.html,"8:00 PM, December 29, 2011",Oklahoma City Thunder,Dallas Mavericks,104,102,DAL,,,Team Totals,240,38,90,.422,9,26,.346,17,21,.810,14,24,38,25,14,1,12,24,102,,,Team Totals,240,.514,.472,.289,.233,30.4,80.0,50.0,65.8,14.8,2.0,10.8,100.0,107.5,109.6,
https://www.basketball-reference.com/boxscores/201112290OKC.html,"8:00 PM, December 29, 2011",Oklahoma City Thunder,Dallas Mavericks,104,102,OKC,,,Team Totals,240,37,63,.587,6,14,.429,24,32,.750,6,32,38,19,8,8,26,19,104,,,Team Totals,240,.675,.635,.222,.508,20.0,69.6,50.0,51.4,8.4,12.5,25.2,100.0,109.6,107.5,
https://www.basketball-reference.com/boxscores/201112290ORL.html,"7:00 PM, December 29, 2011",Orlando Magic,New Jersey Nets,94,78,NJN,,,Team Totals,240,29,77,.377,6,17,.353,14,21,.667,9,33,42,17,5,5,15,26,78,,,Team Totals,240,.452,.416,.221,.273,20.5,75.0,47.7,58.6,5.5,8.3,14.8,100.0,85.8,103.4,
https://www.basketball-reference.com/boxscores/201112290ORL.html,"7:00 PM, December 29, 2011",Orlando Magic,New Jersey Nets,94,78,ORL,,,Team Totals,240,36,81,.444,9,21,.429,13,25,.520,11,35,46,25,8,4,13,19,94,,,Team Totals,240,.511,.500,.259,.309,25.0,79.5,52.3,69.4,8.8,6.7,12.4,100.0,103.4,85.8,
https://www.basketball-reference.com/boxscores/201112290POR.html,"10:00 PM, December 29, 2011",Portland Trail Blazers,Denver Nuggets,111,102,DEN,,,Team Totals,240,35,87,.402,4,20,.200,28,33,.848,3,27,30,17,16,2,7,20,102,,,Team Totals,240,.502,.425,.230,.379,6.5,79.4,37.5,48.6,15.4,3.4,6.5,100.0,97.9,106.5,
https://www.basketball-reference.com/boxscores/201112290POR.html,"10:00 PM, December 29, 2011",Portland Trail Blazers,Denver Nuggets,111,102,POR,,,Team Totals,240,41,79,.519,8,20,.400,21,23,.913,7,43,50,20,3,9,25,25,111,,,Team Totals,240,.623,.570,.253,.291,20.6,93.5,62.5,48.8,2.9,13.4,21.9,100.0,106.5,97.9,
https://www.basketball-reference.com/boxscores/201112290SAC.html,"10:00 PM, December 29, 2011",Sacramento Kings,Chicago Bulls,98,108,CHI,,,Team Totals,240,43,80,.538,6,12,.500,16,21,.762,8,33,41,25,6,5,18,27,108,,,Team Totals,240,.605,.575,.150,.263,25.0,64.7,49.4,58.1,6.3,7.6,16.8,100.0,113.1,102.6,
https://www.basketball-reference.com/boxscores/201112290SAC.html,"10:00 PM, December 29, 2011",Sacramento Kings,Chicago Bulls,98,108,SAC,,,Team Totals,240,35,83,.422,8,17,.471,20,34,.588,18,24,42,13,8,2,16,19,98,,,Team Totals,240,.500,.470,.205,.410,35.3,75.0,50.6,37.1,8.4,2.9,14.0,100.0,102.6,113.1,
https://www.basketball-reference.com/boxscores/201112300ATL.html,"7:30 PM, December 30, 2011",Atlanta Hawks,New Jersey Nets,105,98,NJN,,,Team Totals,240,38,82,.463,9,20,.450,13,14,.929,15,25,40,20,7,2,15,26,98,,,Team Totals,240,.556,.518,.244,.171,39.5,62.5,51.3,52.6,8.1,3.2,14.5,100.0,113.8,122.0,
https://www.basketball-reference.com/boxscores/201112300ATL.html,"7:30 PM, December 30, 2011",Atlanta Hawks,New Jersey Nets,105,98,ATL,,,Team Totals,240,37,77,.481,4,15,.267,27,38,.711,15,23,38,22,7,6,12,15,105,,,Team Totals,240,.560,.506,.195,.494,37.5,60.5,48.7,59.5,8.1,9.7,11.4,100.0,122.0,113.8,
https://www.basketball-reference.com/boxscores/201112300BOS.html,"7:30 PM, December 30, 2011",Boston Celtics,Detroit Pistons,96,85,DET,,,Team Totals,240,34,79,.430,3,16,.188,14,15,.933,12,23,35,18,3,0,12,14,85,,,Team Totals,240,.496,.449,.203,.190,32.4,82.1,53.8,52.9,3.7,0.0,12.3,100.0,105.7,119.4,
https://www.basketball-reference.com/boxscores/201112300BOS.html,"7:30 PM, December 30, 2011",Boston Celtics,Detroit Pistons,96,85,BOS,,,Team Totals,240,35,67,.522,7,16,.438,19,19,1.000,5,25,30,25,4,6,11,18,96,,,Team Totals,240,.637,.575,.239,.284,17.9,67.6,46.2,71.4,5.0,9.5,12.7,100.0,119.4,105.7,
https://www.basketball-reference.com/boxscores/201112300CHA.html,"7:00 PM, December 30, 2011",Charlotte Bobcats,Orlando Magic,79,100,ORL,,,Team Totals,240,37,84,.440,12,28,.429,14,24,.583,14,35,49,23,3,7,12,16,100,,,Team Totals,240,.529,.512,.333,.286,32.6,74.5,54.4,62.2,3.4,10.3,11.3,100.0,113.0,89.3,
https://www.basketball-reference.com/boxscores/201112300CHA.html,"7:00 PM, December 30, 2011",Charlotte Bobcats,Orlando Magic,79,100,CHA,,,Team Totals,240,30,83,.361,5,15,.333,14,18,.778,12,29,41,19,6,3,12,23,79,,,Team Totals,240,.434,.392,.181,.217,25.5,67.4,45.6,63.3,6.8,5.4,11.7,100.0,89.3,113.0,
https://www.basketball-reference.com/boxscores/201112300DAL.html,"8:30 PM, December 30, 2011",Dallas Mavericks,Toronto Raptors,99,86,TOR,,,Team Totals,240,33,72,.458,6,14,.429,14,18,.778,5,33,38,20,8,1,17,23,86,,,Team Totals,240,.538,.500,.194,.250,13.2,82.5,48.7,60.6,8.9,2.1,17.5,100.0,95.3,109.7,
https://www.basketball-reference.com/boxscores/201112300DAL.html,"8:30 PM, December 30, 2011",Dallas Mavericks,Toronto Raptors,99,86,DAL,,,Team Totals,240,32,72,.444,7,25,.280,28,38,.737,7,33,40,21,11,4,10,13,99,,,Team Totals,240,.558,.493,.347,.528,17.5,86.8,51.3,65.6,12.2,6.9,10.1,100.0,109.7,95.3,
https://www.basketball-reference.com/boxscores/201112300IND.html,"7:00 PM, December 30, 2011",Indiana Pacers,Cleveland Cavaliers,98,91,CLE,,,Team Totals,265,34,88,.386,5,25,.200,18,31,.581,9,40,49,13,7,9,18,28,91,,,Team Totals,265,.448,.415,.284,.352,17.3,70.2,45.0,38.2,6.5,10.7,15.0,100.0,84.8,91.3,
https://www.basketball-reference.com/boxscores/201112300IND.html,"7:00 PM, December 30, 2011",Indiana Pacers,Cleveland Cavaliers,98,91,IND,,,Team Totals,265,36,94,.383,2,10,.200,24,32,.750,17,43,60,15,9,10,18,27,98,,,Team Totals,265,.453,.394,.106,.340,29.8,82.7,55.0,41.7,8.4,15.9,14.3,100.0,91.3,84.8,
https://www.basketball-reference.com/boxscores/201112300LAC.html,"10:30 PM, December 30, 2011",Los Angeles Clippers,Chicago Bulls,101,114,CHI,,,Team Totals,240,39,78,.500,7,17,.412,29,34,.853,15,30,45,29,4,2,12,19,114,,,Team Totals,240,.613,.545,.218,.436,40.5,76.9,59.2,74.4,4.5,3.1,11.4,100.0,129.5,114.7,
https://www.basketball-reference.com/boxscores/201112300LAC.html,"10:30 PM, December 30, 2011",Los Angeles Clippers,Chicago Bulls,101,114,LAC,,,Team Totals,240,41,80,.513,7,15,.467,12,20,.600,9,22,31,26,6,3,11,22,101,,,Team Totals,240,.569,.556,.188,.250,23.1,59.5,40.8,63.4,6.8,4.9,11.0,100.0,114.7,129.5,
https://www.basketball-reference.com/boxscores/201112300MEM.html,"8:00 PM, December 30, 2011",Memphis Grizzlies,Houston Rockets,113,93,HOU,,,Team Totals,240,34,79,.430,11,29,.379,14,18,.778,6,27,33,19,9,4,20,29,93,,,Team Totals,240,.535,.500,.367,.228,14.6,79.4,44.0,55.9,9.0,5.3,18.7,100.0,92.7,112.6,
https://www.basketball-reference.com/boxscores/201112300MEM.html,"8:00 PM, December 30, 2011",Memphis Grizzlies,Houston Rockets,113,93,MEM,,,Team Totals,240,45,80,.563,0,5,.000,23,33,.697,7,35,42,23,10,7,16,19,113,,,Team Totals,240,.598,.563,.063,.413,20.6,85.4,56.0,51.1,10.0,14.0,14.5,100.0,112.6,92.7,
https://www.basketball-reference.com/boxscores/201112300MIL.html,"8:30 PM, December 30, 2011",Milwaukee Bucks,Washington Wizards,102,81,WAS,,,Team Totals,240,30,85,.353,7,18,.389,14,19,.737,9,26,35,19,9,5,14,22,81,,,Team Totals,240,.434,.394,.212,.224,18.4,72.2,41.2,63.3,9.5,9.4,13.0,100.0,85.9,108.1,
https://www.basketball-reference.com/boxscores/201112300MIL.html,"8:30 PM, December 30, 2011",Milwaukee Bucks,Washington Wizards,102,81,MIL,,,Team Totals,240,39,73,.534,8,20,.400,16,25,.640,10,40,50,26,5,7,20,19,102,,,Team Totals,240,.607,.589,.274,.342,27.8,81.6,58.8,66.7,5.3,10.4,19.2,100.0,108.1,85.9,
https://www.basketball-reference.com/boxscores/201112300MIN.html,"8:00 PM, December 30, 2011",Minnesota Timberwolves,Miami Heat,101,103,MIA,,,Team Totals,240,46,93,.495,3,14,.214,8,14,.571,9,33,42,29,14,6,15,21,103,,,Team Totals,240,.519,.511,.151,.151,19.6,73.3,46.2,63.0,13.5,11.1,13.1,100.0,99.4,97.5,
https://www.basketball-reference.com/boxscores/201112300MIN.html,"8:00 PM, December 30, 2011",Minnesota Timberwolves,Miami Heat,101,103,MIN,,,Team Totals,240,39,83,.470,11,29,.379,12,20,.600,12,37,49,21,11,4,25,22,101,,,Team Totals,240,.550,.536,.349,.241,26.7,80.4,53.8,53.8,10.6,5.1,21.4,100.0,97.5,99.4,
https://www.basketball-reference.com/boxscores/201112300NOH.html,"8:00 PM, December 30, 2011",New Orleans Hornets,Phoenix Suns,78,93,PHO,,,Team Totals,240,33,78,.423,7,23,.304,20,22,.909,10,37,47,22,3,10,12,22,93,,,Team Totals,240,.530,.468,.295,.282,23.3,60.7,45.2,66.7,3.4,13.2,12.0,100.0,106.4,89.2,
https://www.basketball-reference.com/boxscores/201112300NOH.html,"8:00 PM, December 30, 2011",New Orleans Hornets,Phoenix Suns,78,93,NOH,,,Team Totals,240,26,90,.289,3,14,.214,23,28,.821,24,33,57,14,4,5,13,24,78,,,Team Totals,240,.381,.306,.156,.311,39.3,76.7,54.8,53.8,4.6,9.1,11.3,100.0,89.2,106.4,
https://www.basketball-reference.com/boxscores/201112300UTA.html,"9:00 PM, December 30, 2011",Utah Jazz,Philadelphia 76ers,102,99,PHI,,,Team Totals,240,37,77,.481,4,13,.308,21,29,.724,7,33,40,19,7,3,13,22,99,,,Team Totals,240,.551,.506,.169,.377,17.9,78.6,49.4,51.4,7.4,4.8,12.7,100.0,105.3,108.5,
https://www.basketball-reference.com/boxscores/201112300UTA.html,"9:00 PM, December 30, 2011",Utah Jazz,Philadelphia 76ers,102,99,UTA,,,Team Totals,240,35,79,.443,6,16,.375,26,33,.788,9,32,41,17,8,9,12,23,102,,,Team Totals,240,.545,.481,.203,.418,21.4,82.1,50.6,48.6,8.5,14.1,11.4,100.0,108.5,105.3,
https://www.basketball-reference.com/boxscores/201112310DET.html,"6:00 PM, December 31, 2011",Detroit Pistons,Indiana Pacers,96,88,IND,,,Team Totals,240,30,76,.395,5,15,.333,23,28,.821,6,30,36,17,14,5,11,19,88,,,Team Totals,240,.498,.428,.197,.368,13.3,75.0,42.4,56.7,15.1,7.5,11.1,100.0,95.0,103.6,
https://www.basketball-reference.com/boxscores/201112310DET.html,"6:00 PM, December 31, 2011",Detroit Pistons,Indiana Pacers,96,88,DET,,,Team Totals,240,39,82,.476,8,15,.533,10,13,.769,10,39,49,25,4,2,18,23,96,,,Team Totals,240,.547,.524,.183,.159,25.0,86.7,57.6,64.1,4.3,3.3,17.0,100.0,103.6,95.0,
https://www.basketball-reference.com/boxscores/201112310GSW.html,"9:00 PM, December 31, 2011",Golden State Warriors,Philadelphia 76ers,79,107,PHI,,,Team Totals,240,39,79,.494,11,20,.550,18,31,.581,10,38,48,29,12,6,12,17,107,,,Team Totals,240,.578,.563,.253,.392,23.8,70.4,50.0,74.4,12.9,8.3,11.5,100.0,115.3,85.1,
https://www.basketball-reference.com/boxscores/201112310GSW.html,"9:00 PM, December 31, 2011",Golden State Warriors,Philadelphia 76ers,79,107,GSW,,,Team Totals,240,34,89,.382,4,17,.235,7,12,.583,16,32,48,20,7,2,16,22,79,,,Team Totals,240,.419,.404,.191,.135,29.6,76.2,50.0,58.8,7.5,3.4,14.5,100.0,85.1,115.3,
https://www.basketball-reference.com/boxscores/201112310HOU.html,"7:00 PM, December 31, 2011",Houston Rockets,Atlanta Hawks,95,84,ATL,,,Team Totals,240,35,80,.438,4,16,.250,10,16,.625,6,34,40,16,4,6,12,14,84,,,Team Totals,240,.483,.463,.200,.200,15.0,75.6,47.1,45.7,4.5,9.5,12.1,100.0,93.9,106.2,
https://www.basketball-reference.com/boxscores/201112310HOU.html,"7:00 PM, December 31, 2011",Houston Rockets,Atlanta Hawks,95,84,HOU,,,Team Totals,240,38,82,.463,9,19,.474,10,13,.769,11,34,45,26,7,6,12,18,95,,,Team Totals,240,.541,.518,.232,.159,24.4,85.0,52.9,68.4,7.8,9.4,12.0,100.0,106.2,93.9,
https://www.basketball-reference.com/boxscores/201112310LAL.html,"3:30 PM, December 31, 2011",Los Angeles Lakers,Denver Nuggets,92,89,DEN,,,Team Totals,240,34,80,.425,7,26,.269,14,22,.636,8,28,36,22,11,5,15,17,89,,,Team Totals,240,.496,.469,.325,.275,18.2,66.7,41.9,64.7,11.6,8.1,14.3,100.0,93.6,96.8,
https://www.basketball-reference.com/boxscores/201112310LAL.html,"3:30 PM, December 31, 2011",Los Angeles Lakers,Denver Nuggets,92,89,LAL,,,Team Totals,240,39,86,.453,2,24,.083,12,15,.800,14,36,50,24,6,4,20,20,92,,,Team Totals,240,.497,.465,.279,.174,33.3,81.8,58.1,61.5,6.3,7.4,17.8,100.0,96.8,93.6,
https://www.basketball-reference.com/boxscores/201112310OKC.html,"8:00 PM, December 31, 2011",Oklahoma City Thunder,Phoenix Suns,107,97,PHO,,,Team Totals,240,35,88,.398,8,26,.308,19,23,.826,13,24,37,19,9,7,12,16,97,,,Team Totals,240,.494,.443,.295,.261,26.0,75.0,45.1,54.3,9.5,12.7,10.9,100.0,102.1,112.6,
https://www.basketball-reference.com/boxscores/201112310OKC.html,"8:00 PM, December 31, 2011",Oklahoma City Thunder,Phoenix Suns,107,97,OKC,,,Team Totals,240,41,77,.532,9,22,.409,16,18,.889,8,37,45,25,9,6,21,27,107,,,Team Totals,240,.630,.591,.286,.234,25.0,74.0,54.9,61.0,9.5,9.7,19.8,100.0,112.6,102.1,
https://www.basketball-reference.com/boxscores/201112310SAC.html,"8:00 PM, December 31, 2011",Sacramento Kings,New York Knicks,92,114,NYK,,,Team Totals,240,40,89,.449,10,28,.357,24,27,.889,17,26,43,26,7,6,12,35,114,,,Team Totals,240,.565,.506,.315,.303,37.0,54.2,45.7,65.0,7.7,9.4,10.6,100.0,125.7,101.5,
https://www.basketball-reference.com/boxscores/201112310SAC.html,"8:00 PM, December 31, 2011",Sacramento Kings,New York Knicks,92,114,SAC,,,Team Totals,240,30,86,.349,6,22,.273,26,41,.634,22,29,51,15,7,2,14,22,92,,,Team Totals,240,.442,.384,.256,.477,45.8,63.0,54.3,50.0,7.7,3.3,11.9,100.0,101.5,125.7,
https://www.basketball-reference.com/boxscores/201112310SAS.html,"8:30 PM, December 31, 2011",San Antonio Spurs,Utah Jazz,104,89,UTA,,,Team Totals,240,33,89,.371,2,16,.125,21,25,.840,14,30,44,11,13,9,7,25,89,,,Team Totals,240,.445,.382,.180,.281,25.5,85.7,48.9,33.3,13.7,15.5,6.5,100.0,93.5,109.3,
https://www.basketball-reference.com/boxscores/201112310SAS.html,"8:30 PM, December 31, 2011",San Antonio Spurs,Utah Jazz,104,89,SAS,,,Team Totals,240,36,74,.486,10,16,.625,22,31,.710,5,41,46,26,4,5,19,21,104,,,Team Totals,240,.593,.554,.216,.419,14.3,74.5,51.1,72.2,4.2,6.8,17.8,100.0,109.3,93.5,
https://www.basketball-reference.com/boxscores/201201010CHI.html,"8:00 PM, January 1, 2012",Chicago Bulls,Memphis Grizzlies,104,64,MEM,,,Team Totals,240,26,84,.310,1,9,.111,11,14,.786,14,26,40,13,10,4,18,18,64,,,Team Totals,240,.355,.315,.107,.167,26.9,60.5,42.1,50.0,11.0,5.6,16.6,100.0,70.2,114.0,
https://www.basketball-reference.com/boxscores/201201010CHI.html,"8:00 PM, January 1, 2012",Chicago Bulls,Memphis Grizzlies,104,64,CHI,,,Team Totals,240,39,84,.464,5,13,.385,21,29,.724,17,38,55,24,10,12,15,15,104,,,Team Totals,240,.537,.494,.155,.345,39.5,73.1,57.9,61.5,11.0,16.0,13.4,100.0,114.0,70.2,
https://www.basketball-reference.com/boxscores/201201010CLE.html,"6:00 PM, January 1, 2012",Cleveland Cavaliers,New Jersey Nets,98,82,NJN,,,Team Totals,240,27,71,.380,7,22,.318,21,28,.750,8,24,32,16,11,6,22,16,82,,,Team Totals,240,.492,.430,.310,.394,23.5,70.6,47.1,59.3,11.9,11.5,20.9,100.0,88.7,106.0,
https://www.basketball-reference.com/boxscores/201201010CLE.html,"6:00 PM, January 1, 2012",Cleveland Cavaliers,New Jersey Nets,98,82,CLE,,,Team Totals,240,38,78,.487,16,26,.615,6,11,.545,10,26,36,24,11,10,22,26,98,,,Team Totals,240,.592,.590,.333,.141,29.4,76.5,52.9,63.2,11.9,20.4,21.0,100.0,106.0,88.7,
https://www.basketball-reference.com/boxscores/201201010DEN.html,"8:00 PM, January 1, 2012",Denver Nuggets,Los Angeles Lakers,99,90,LAL,,,Team Totals,240,35,88,.398,4,23,.174,16,24,.667,12,32,44,19,8,4,15,28,90,,,Team Totals,240,.457,.420,.261,.273,23.5,86.5,50.0,54.3,8.2,7.5,13.2,100.0,92.5,101.8,
https://www.basketball-reference.com/boxscores/201201010DEN.html,"8:00 PM, January 1, 2012",Denver Nuggets,Los Angeles Lakers,99,90,DEN,,,Team Totals,240,33,71,.465,2,18,.111,31,37,.838,5,39,44,21,9,2,15,18,99,,,Team Totals,240,.567,.479,.254,.521,13.5,76.5,50.0,63.6,9.3,3.1,14.7,100.0,101.8,92.5,
https://www.basketball-reference.com/boxscores/201201010LAC.html,"9:30 PM, January 1, 2012",Los Angeles Clippers,Portland Trail Blazers,93,88,POR,,,Team Totals,240,33,78,.423,4,15,.267,18,22,.818,13,33,46,20,9,2,21,24,88,,,Team Totals,240,.502,.449,.192,.282,30.2,80.5,54.8,60.6,9.4,3.9,19.3,100.0,92.3,97.5,
https://www.basketball-reference.com/boxscores/201201010LAC.html,"9:30 PM, January 1, 2012",Los Angeles Clippers,Portland Trail Blazers,93,88,LAC,,,Team Totals,240,36,75,.480,6,24,.250,15,24,.625,8,30,38,25,11,2,21,18,93,,,Team Totals,240,.543,.520,.320,.320,19.5,69.8,45.2,69.4,11.5,3.2,19.7,100.0,97.5,92.3,
https://www.basketball-reference.com/boxscores/201201010MIA.html,"6:00 PM, January 1, 2012",Miami Heat,Charlotte Bobcats,129,90,CHA,,,Team Totals,240,35,92,.380,6,18,.333,14,21,.667,11,29,40,20,9,3,16,20,90,,,Team Totals,240,.444,.413,.196,.228,20.8,85.3,46.0,57.1,8.7,4.3,13.6,100.0,87.3,125.2,
https://www.basketball-reference.com/boxscores/201201010MIA.html,"6:00 PM, January 1, 2012",Miami Heat,Charlotte Bobcats,129,90,MIA,,,Team Totals,240,48,80,.600,7,11,.636,26,31,.839,5,42,47,33,10,3,15,18,129,,,Team Totals,240,.689,.644,.138,.388,14.7,79.2,54.0,68.8,9.7,4.1,13.8,100.0,125.2,87.3,
https://www.basketball-reference.com/boxscores/201201010MIN.html,"7:00 PM, January 1, 2012",Minnesota Timberwolves,Dallas Mavericks,99,82,DAL,,,Team Totals,240,29,77,.377,7,24,.292,17,21,.810,6,29,35,17,11,9,17,22,82,,,Team Totals,240,.475,.422,.312,.273,14.0,63.0,39.3,58.6,11.7,14.3,16.5,100.0,87.5,105.6,
https://www.basketball-reference.com/boxscores/201201010MIN.html,"7:00 PM, January 1, 2012",Minnesota Timberwolves,Dallas Mavericks,99,82,MIN,,,Team Totals,240,36,85,.424,10,22,.455,17,24,.708,17,37,54,15,7,3,17,17,99,,,Team Totals,240,.518,.482,.259,.282,37.0,86.0,60.7,41.7,7.5,5.7,15.1,100.0,105.6,87.5,
https://www.basketball-reference.com/boxscores/201201010ORL.html,"6:00 PM, January 1, 2012",Orlando Magic,Toronto Raptors,102,96,TOR,,,Team Totals,240,32,70,.457,5,13,.385,27,29,.931,5,28,33,23,4,2,11,27,96,,,Team Totals,240,.580,.493,.186,.414,16.7,77.8,50.0,71.9,4.6,4.2,11.7,100.0,110.7,117.7,
https://www.basketball-reference.com/boxscores/201201010ORL.html,"6:00 PM, January 1, 2012",Orlando Magic,Toronto Raptors,102,96,ORL,,,Team Totals,240,37,75,.493,12,27,.444,16,24,.667,8,25,33,20,4,6,12,22,102,,,Team Totals,240,.596,.573,.360,.320,22.2,83.3,50.0,54.1,4.6,10.5,12.3,100.0,117.7,110.7,
https://www.basketball-reference.com/boxscores/201201010SAC.html,"9:00 PM, January 1, 2012",Sacramento Kings,New Orleans Hornets,96,80,NOH,,,Team Totals,240,36,89,.404,0,15,.000,8,16,.500,22,38,60,24,4,2,19,18,80,,,Team Totals,240,.416,.404,.169,.180,43.1,76.0,59.4,66.7,4.4,3.2,16.5,100.0,88.6,106.4,
https://www.basketball-reference.com/boxscores/201201010SAC.html,"9:00 PM, January 1, 2012",Sacramento Kings,New Orleans Hornets,96,80,SAC,,,Team Totals,240,35,85,.412,8,23,.348,18,21,.857,12,29,41,16,12,6,10,15,96,,,Team Totals,240,.509,.459,.271,.247,24.0,56.9,40.6,45.7,13.3,8.1,9.6,100.0,106.4,88.6,
https://www.basketball-reference.com/boxscores/201201010WAS.html,"6:00 PM, January 1, 2012",Washington Wizards,Boston Celtics,86,94,BOS,,,Team Totals,240,37,74,.500,5,12,.417,15,23,.652,8,33,41,26,7,5,16,20,94,,,Team Totals,240,.559,.534,.162,.311,21.6,76.7,51.3,70.3,7.8,8.1,16.0,100.0,104.2,95.3,
https://www.basketball-reference.com/boxscores/201201010WAS.html,"6:00 PM, January 1, 2012",Washington Wizards,Boston Celtics,86,94,WAS,,,Team Totals,240,32,78,.410,2,16,.125,20,23,.870,10,29,39,15,9,8,14,21,86,,,Team Totals,240,.488,.423,.205,.295,23.3,78.4,48.8,46.9,10.0,12.9,13.7,100.0,95.3,104.2,
https://www.basketball-reference.com/boxscores/201201020BOS.html,"7:30 PM, January 2, 2012",Boston Celtics,Washington Wizards,100,92,WAS,,,Team Totals,240,35,83,.422,3,11,.273,19,23,.826,13,29,42,14,10,10,13,17,92,,,Team Totals,240,.494,.440,.133,.277,29.5,70.7,49.4,40.0,10.8,15.9,12.3,100.0,99.8,108.5,
https://www.basketball-reference.com/boxscores/201201020BOS.html,"7:30 PM, January 2, 2012",Boston Celtics,Washington Wizards,100,92,BOS,,,Team Totals,240,38,83,.458,10,20,.500,14,21,.667,12,31,43,28,3,4,17,23,100,,,Team Totals,240,.542,.518,.241,.253,29.3,70.5,50.6,73.7,3.3,5.6,15.6,100.0,108.5,99.8,
https://www.basketball-reference.com/boxscores/201201020DAL.html,"8:30 PM, January 2, 2012",Dallas Mavericks,Oklahoma City Thunder,100,87,OKC,,,Team Totals,240,31,77,.403,5,19,.263,20,26,.769,12,29,41,12,6,5,14,17,87,,,Team Totals,240,.492,.435,.247,.338,28.6,72.5,50.0,38.7,6.8,7.8,13.7,100.0,99.3,114.1,
https://www.basketball-reference.com/boxscores/201201020DAL.html,"8:30 PM, January 2, 2012",Dallas Mavericks,Oklahoma City Thunder,100,87,DAL,,,Team Totals,240,39,80,.488,5,16,.313,17,20,.850,11,30,41,21,8,4,12,23,100,,,Team Totals,240,.563,.519,.200,.250,27.5,71.4,50.0,53.8,9.1,6.9,11.9,100.0,114.1,99.3,
https://www.basketball-reference.com/boxscores/201201020DEN.html,"9:00 PM, January 2, 2012",Denver Nuggets,Milwaukee Bucks,91,86,MIL,,,Team Totals,240,37,88,.420,5,19,.263,7,11,.636,9,29,38,19,8,8,14,20,86,,,Team Totals,240,.463,.449,.216,.125,20.0,69.0,43.7,51.4,8.5,12.5,13.1,100.0,91.1,96.4,
https://www.basketball-reference.com/boxscores/201201020DEN.html,"9:00 PM, January 2, 2012",Denver Nuggets,Milwaukee Bucks,91,86,DEN,,,Team Totals,240,33,83,.398,4,19,.211,21,27,.778,13,36,49,22,7,6,16,15,91,,,Team Totals,240,.480,.422,.229,.325,31.0,80.0,56.3,66.7,7.4,8.7,14.4,100.0,96.4,91.1,
https://www.basketball-reference.com/boxscores/201201020DET.html,"7:30 PM, January 2, 2012",Detroit Pistons,Orlando Magic,89,78,ORL,,,Team Totals,240,28,63,.444,8,22,.364,14,21,.667,7,21,28,20,12,3,17,24,78,,,Team Totals,240,.540,.508,.349,.333,20.0,65.6,41.8,71.4,14.8,5.6,19.0,100.0,95.9,109.4,
https://www.basketball-reference.com/boxscores/201201020DET.html,"7:30 PM, January 2, 2012",Detroit Pistons,Orlando Magic,89,78,DET,,,Team Totals,240,31,62,.500,2,8,.250,25,33,.758,11,28,39,19,8,3,18,19,89,,,Team Totals,240,.582,.516,.129,.532,34.4,80.0,58.2,61.3,9.8,7.3,19.0,100.0,109.4,95.9,
https://www.basketball-reference.com/boxscores/201201020MIA.html,"7:30 PM, January 2, 2012",Miami Heat,Atlanta Hawks,92,100,ATL,,,Team Totals,240,39,82,.476,9,16,.563,13,20,.650,10,30,40,19,10,5,10,21,100,,,Team Totals,240,.551,.530,.195,.244,24.4,76.9,50.0,48.7,11.2,8.3,9.9,100.0,111.5,102.6,
https://www.basketball-reference.com/boxscores/201201020MIA.html,"7:30 PM, January 2, 2012",Miami Heat,Atlanta Hawks,92,100,MIA,,,Team Totals,240,34,73,.466,5,13,.385,19,28,.679,9,31,40,23,5,3,16,15,92,,,Team Totals,240,.539,.500,.178,.384,23.1,75.6,50.0,67.6,5.6,4.5,15.8,100.0,102.6,111.5,
https://www.basketball-reference.com/boxscores/201201020MIN.html,"8:00 PM, January 2, 2012",Minnesota Timberwolves,San Antonio Spurs,106,96,SAS,,,Team Totals,240,36,82,.439,7,20,.350,17,21,.810,9,21,30,26,9,3,9,15,96,,,Team Totals,240,.526,.482,.244,.256,22.5,75.0,44.1,72.2,10.2,6.0,9.0,100.0,108.9,120.2,
https://www.basketball-reference.com/boxscores/201201020MIN.html,"8:00 PM, January 2, 2012",Minnesota Timberwolves,San Antonio Spurs,106,96,MIN,,,Team Totals,240,41,71,.577,12,21,.571,12,15,.800,7,31,38,18,4,7,19,18,106,,,Team Totals,240,.683,.662,.296,.211,25.0,77.5,55.9,43.9,4.5,11.3,19.7,100.0,120.2,108.9,
https://www.basketball-reference.com/boxscores/201201020NJN.html,"7:30 PM, January 2, 2012",New Jersey Nets,Indiana Pacers,94,108,IND,,,Team Totals,240,41,78,.526,13,21,.619,13,18,.722,14,28,42,26,7,6,16,23,108,,,Team Totals,240,.628,.609,.269,.231,41.2,58.3,51.2,63.4,8.2,9.8,15.7,100.0,126.1,109.7,
https://www.basketball-reference.com/boxscores/201201020NJN.html,"7:30 PM, January 2, 2012",New Jersey Nets,Indiana Pacers,94,108,NJN,,,Team Totals,240,33,89,.371,7,28,.250,21,26,.808,20,20,40,15,9,10,12,16,94,,,Team Totals,240,.468,.410,.315,.292,41.7,58.8,48.8,45.5,10.5,17.5,10.7,100.0,109.7,126.1,
https://www.basketball-reference.com/boxscores/201201020NYK.html,"7:30 PM, January 2, 2012",New York Knicks,Toronto Raptors,85,90,TOR,,,Team Totals,240,30,68,.441,7,17,.412,23,29,.793,4,40,44,21,5,5,18,30,90,,,Team Totals,240,.557,.493,.250,.426,10.8,87.0,53.0,70.0,5.3,11.6,18.2,100.0,96.1,90.8,
https://www.basketball-reference.com/boxscores/201201020NYK.html,"7:30 PM, January 2, 2012",New York Knicks,Toronto Raptors,85,90,NYK,,,Team Totals,240,28,78,.359,10,35,.286,19,25,.760,6,33,39,14,8,3,13,24,85,,,Team Totals,240,.478,.423,.449,.321,13.0,89.2,47.0,50.0,8.5,5.9,12.7,100.0,90.8,96.1,
https://www.basketball-reference.com/boxscores/201201020PHO.html,"3:30 PM, January 2, 2012",Phoenix Suns,Golden State Warriors,102,91,GSW,,,Team Totals,240,36,72,.500,7,17,.412,12,20,.600,7,29,36,27,6,3,17,24,91,,,Team Totals,240,.563,.549,.236,.278,17.5,64.4,42.4,75.0,6.7,4.7,17.4,100.0,100.9,113.1,
https://www.basketball-reference.com/boxscores/201201020PHO.html,"3:30 PM, January 2, 2012",Phoenix Suns,Golden State Warriors,102,91,PHO,,,Team Totals,240,39,87,.448,8,23,.348,16,21,.762,16,33,49,23,6,2,13,18,102,,,Team Totals,240,.530,.494,.264,.241,35.6,82.5,57.6,59.0,6.7,3.6,11.9,100.0,113.1,100.9,
https://www.basketball-reference.com/boxscores/201201020UTA.html,"9:00 PM, January 2, 2012",Utah Jazz,New Orleans Hornets,94,90,NOH,,,Team Totals,240,37,74,.500,3,10,.300,13,16,.813,7,30,37,22,5,4,15,24,90,,,Team Totals,240,.555,.520,.135,.216,20.6,76.9,50.7,59.5,5.7,6.6,15.6,100.0,103.0,107.5,
https://www.basketball-reference.com/boxscores/201201020UTA.html,"9:00 PM, January 2, 2012",Utah Jazz,New Orleans Hornets,94,90,UTA,,,Team Totals,240,37,76,.487,5,15,.333,15,23,.652,9,27,36,20,6,6,12,18,94,,,Team Totals,240,.546,.520,.197,.303,23.1,79.4,49.3,54.1,6.9,9.4,12.2,100.0,107.5,103.0,
https://www.basketball-reference.com/boxscores/201201030CHI.html,"8:00 PM, January 3, 2012",Chicago Bulls,Atlanta Hawks,76,74,ATL,,,Team Totals,240,28,80,.350,4,15,.267,14,25,.560,10,34,44,19,8,4,13,17,74,,,Team Totals,240,.407,.375,.188,.313,21.7,75.6,48.4,67.9,8.9,6.7,12.5,100.0,82.2,84.5,
https://www.basketball-reference.com/boxscores/201201030CHI.html,"8:00 PM, January 3, 2012",Chicago Bulls,Atlanta Hawks,76,74,CHI,,,Team Totals,240,26,77,.338,4,17,.235,20,26,.769,11,36,47,16,7,8,15,21,76,,,Team Totals,240,.430,.364,.221,.338,24.4,78.3,51.6,61.5,7.8,12.3,14.5,100.0,84.5,82.2,
https://www.basketball-reference.com/boxscores/201201030CLE.html,"7:00 PM, January 3, 2012",Cleveland Cavaliers,Charlotte Bobcats,115,101,CHA,,,Team Totals,240,40,90,.444,4,14,.286,17,19,.895,10,36,46,20,2,6,13,22,101,,,Team Totals,240,.513,.467,.156,.211,23.8,80.0,52.9,50.0,2.0,8.7,11.7,100.0,102.2,116.4,
https://www.basketball-reference.com/boxscores/201201030CLE.html,"7:00 PM, January 3, 2012",Cleveland Cavaliers,Charlotte Bobcats,115,101,CLE,,,Team Totals,240,45,90,.500,10,21,.476,15,26,.577,9,32,41,25,9,8,9,19,115,,,Team Totals,240,.567,.556,.233,.289,20.0,76.2,47.1,55.6,9.1,10.5,8.1,100.0,116.4,102.2,
https://www.basketball-reference.com/boxscores/201201030LAL.html,"10:30 PM, January 3, 2012",Los Angeles Lakers,Houston Rockets,108,99,HOU,,,Team Totals,240,41,96,.427,11,31,.355,6,7,.857,10,28,38,27,8,0,8,25,99,,,Team Totals,240,.500,.484,.323,.073,18.9,73.7,41.8,65.9,8.5,0.0,7.5,100.0,104.7,114.2,
https://www.basketball-reference.com/boxscores/201201030LAL.html,"10:30 PM, January 3, 2012",Los Angeles Lakers,Houston Rockets,108,99,LAL,,,Team Totals,240,41,78,.526,5,14,.357,21,27,.778,10,43,53,25,2,4,15,15,108,,,Team Totals,240,.601,.558,.179,.346,26.3,81.1,58.2,61.0,2.1,6.2,14.3,100.0,114.2,104.7,
https://www.basketball-reference.com/boxscores/201201030MEM.html,"8:00 PM, January 3, 2012",Memphis Grizzlies,Sacramento Kings,113,96,SAC,,,Team Totals,240,34,83,.410,9,24,.375,19,23,.826,14,27,41,13,11,5,19,18,96,,,Team Totals,240,.515,.464,.289,.277,29.2,64.3,45.6,38.2,11.4,6.0,16.9,100.0,99.7,117.3,
https://www.basketball-reference.com/boxscores/201201030MEM.html,"8:00 PM, January 3, 2012",Memphis Grizzlies,Sacramento Kings,113,96,MEM,,,Team Totals,240,50,91,.549,2,8,.250,11,16,.688,15,34,49,20,14,2,15,17,113,,,Team Totals,240,.576,.560,.088,.176,35.7,70.8,54.4,40.0,14.5,3.4,13.3,100.0,117.3,99.7,
https://www.basketball-reference.com/boxscores/201201030OKC.html,"8:00 PM, January 3, 2012",Oklahoma City Thunder,Portland Trail Blazers,93,103,POR,,,Team Totals,240,34,76,.447,6,15,.400,29,36,.806,11,35,46,20,6,4,9,16,103,,,Team Totals,240,.561,.487,.197,.474,26.8,77.8,53.5,58.8,6.8,6.3,8.9,100.0,116.0,104.7,
https://www.basketball-reference.com/boxscores/201201030OKC.html,"8:00 PM, January 3, 2012",Oklahoma City Thunder,Portland Trail Blazers,93,103,OKC,,,Team Totals,240,36,83,.434,5,20,.250,16,21,.762,10,30,40,22,7,6,10,22,93,,,Team Totals,240,.504,.464,.241,.253,22.2,73.2,46.5,61.1,7.9,9.8,9.8,100.0,104.7,116.0,
https://www.basketball-reference.com/boxscores/201201030UTA.html,"9:00 PM, January 3, 2012",Utah Jazz,Milwaukee Bucks,85,73,MIL,,,Team Totals,240,29,95,.305,2,21,.095,13,16,.813,23,25,48,16,8,5,14,19,73,,,Team Totals,240,.358,.316,.221,.168,36.5,71.4,49.0,55.2,8.9,9.4,12.1,100.0,80.9,94.2,
https://www.basketball-reference.com/boxscores/201201030UTA.html,"9:00 PM, January 3, 2012",Utah Jazz,Milwaukee Bucks,85,73,UTA,,,Team Totals,240,32,66,.485,3,13,.231,18,28,.643,10,40,50,24,9,12,24,24,85,,,Team Totals,240,.543,.508,.197,.424,28.6,63.5,51.0,75.0,10.0,16.2,23.5,100.0,94.2,80.9,
https://www.basketball-reference.com/boxscores/201201040BOS.html,"7:30 PM, January 4, 2012",Boston Celtics,New Jersey Nets,89,70,NJN,,,Team Totals,240,30,74,.405,4,20,.200,6,10,.600,10,24,34,15,8,1,13,23,70,,,Team Totals,240,.446,.432,.270,.135,23.3,66.7,43.0,50.0,10.0,1.8,14.2,100.0,87.7,111.5,
https://www.basketball-reference.com/boxscores/201201040BOS.html,"7:30 PM, January 4, 2012",Boston Celtics,New Jersey Nets,89,70,BOS,,,Team Totals,240,35,71,.493,6,16,.375,13,21,.619,12,33,45,24,7,4,13,20,89,,,Team Totals,240,.555,.535,.225,.296,33.3,76.7,57.0,68.6,8.8,7.4,13.9,100.0,111.5,87.7,
https://www.basketball-reference.com/boxscores/201201040DAL.html,"8:30 PM, January 4, 2012",Dallas Mavericks,Phoenix Suns,98,89,PHO,,,Team Totals,240,37,82,.451,5,17,.294,10,15,.667,11,31,42,18,6,3,15,21,89,,,Team Totals,240,.502,.482,.207,.183,24.4,62.0,44.2,48.6,6.6,4.3,14.5,100.0,97.8,107.6,
https://www.basketball-reference.com/boxscores/201201040DAL.html,"8:30 PM, January 4, 2012",Dallas Mavericks,Phoenix Suns,98,89,DAL,,,Team Totals,240,38,91,.418,8,22,.364,14,21,.667,19,34,53,30,10,2,13,19,98,,,Team Totals,240,.489,.462,.242,.231,38.0,75.6,55.8,78.9,11.0,3.1,11.5,100.0,107.6,97.8,
https://www.basketball-reference.com/boxscores/201201040DEN.html,"9:00 PM, January 4, 2012",Denver Nuggets,Sacramento Kings,110,83,SAC,,,Team Totals,240,30,93,.323,2,21,.095,21,24,.875,15,21,36,12,16,7,17,17,83,,,Team Totals,240,.401,.333,.226,.258,25.9,75.0,41.9,40.0,15.5,10.4,14.1,100.0,80.6,106.8,
https://www.basketball-reference.com/boxscores/201201040DEN.html,"9:00 PM, January 4, 2012",Denver Nuggets,Sacramento Kings,110,83,DEN,,,Team Totals,240,46,76,.605,3,9,.333,15,22,.682,7,43,50,31,14,11,27,22,110,,,Team Totals,240,.642,.625,.118,.289,25.0,74.1,58.1,67.4,13.6,15.3,24.0,100.0,106.8,80.6,
https://www.basketball-reference.com/boxscores/201201040DET.html,"7:30 PM, January 4, 2012",Detroit Pistons,Chicago Bulls,83,99,CHI,,,Team Totals,240,40,76,.526,5,12,.417,14,21,.667,8,32,40,31,6,5,15,12,99,,,Team Totals,240,.581,.559,.158,.276,22.9,74.4,51.3,77.5,6.6,6.1,15.0,100.0,108.7,91.1,
https://www.basketball-reference.com/boxscores/201201040DET.html,"7:30 PM, January 4, 2012",Detroit Pistons,Chicago Bulls,83,99,DET,,,Team Totals,240,36,88,.409,1,6,.167,10,12,.833,11,27,38,18,9,1,13,16,83,,,Team Totals,240,.445,.415,.068,.136,25.6,77.1,48.7,50.0,9.9,1.6,12.2,100.0,91.1,108.7,
https://www.basketball-reference.com/boxscores/201201040LAC.html,"10:30 PM, January 4, 2012",Los Angeles Clippers,Houston Rockets,117,89,HOU,,,Team Totals,240,35,76,.461,7,16,.438,12,17,.706,6,27,33,15,3,0,19,23,89,,,Team Totals,240,.533,.507,.211,.224,17.6,84.4,50.0,42.9,3.2,0.0,18.5,100.0,95.3,125.3,
https://www.basketball-reference.com/boxscores/201201040LAC.html,"10:30 PM, January 4, 2012",Los Angeles Clippers,Houston Rockets,117,89,LAC,,,Team Totals,240,47,82,.573,6,16,.375,17,24,.708,5,28,33,30,12,3,7,17,117,,,Team Totals,240,.632,.610,.195,.293,15.6,82.4,50.0,63.8,12.8,5.0,7.0,100.0,125.3,95.3,
https://www.basketball-reference.com/boxscores/201201040MIA.html,"7:30 PM, January 4, 2012",Miami Heat,Indiana Pacers,118,83,IND,,,Team Totals,240,24,69,.348,5,19,.263,30,39,.769,9,27,36,12,7,3,23,26,83,,,Team Totals,240,.482,.384,.275,.565,20.5,79.4,46.2,50.0,7.2,5.1,21.1,100.0,85.8,121.9,
https://www.basketball-reference.com/boxscores/201201040MIA.html,"7:30 PM, January 4, 2012",Miami Heat,Indiana Pacers,118,83,MIA,,,Team Totals,240,42,80,.525,8,21,.381,26,28,.929,7,35,42,25,12,1,13,25,118,,,Team Totals,240,.639,.575,.263,.350,20.6,79.5,53.8,59.5,12.4,2.0,12.3,100.0,121.9,85.8,
https://www.basketball-reference.com/boxscores/201201040MIN.html,"8:00 PM, January 4, 2012",Minnesota Timberwolves,Memphis Grizzlies,86,90,MEM,,,Team Totals,240,33,80,.413,3,9,.333,21,25,.840,14,32,46,16,13,2,12,19,90,,,Team Totals,240,.495,.431,.113,.313,29.8,65.3,47.9,48.5,14.7,3.3,11.7,100.0,101.4,96.9,
https://www.basketball-reference.com/boxscores/201201040MIN.html,"8:00 PM, January 4, 2012",Minnesota Timberwolves,Memphis Grizzlies,86,90,MIN,,,Team Totals,240,33,82,.402,7,21,.333,13,24,.542,17,33,50,15,5,3,17,20,86,,,Team Totals,240,.465,.445,.256,.293,34.7,70.2,52.1,45.5,5.6,4.2,15.5,100.0,96.9,101.4,
https://www.basketball-reference.com/boxscores/201201040NOH.html,"8:00 PM, January 4, 2012",New Orleans Hornets,Philadelphia 76ers,93,101,PHI,,,Team Totals,240,41,86,.477,4,16,.250,15,18,.833,11,27,38,22,8,7,10,19,101,,,Team Totals,240,.538,.500,.186,.209,26.8,69.2,47.5,53.7,9.0,10.1,9.6,100.0,113.6,104.6,
https://www.basketball-reference.com/boxscores/201201040NOH.html,"8:00 PM, January 4, 2012",New Orleans Hornets,Philadelphia 76ers,93,101,NOH,,,Team Totals,240,35,79,.443,3,10,.300,20,25,.800,12,30,42,21,6,5,13,18,93,,,Team Totals,240,.517,.462,.127,.316,30.8,73.2,52.5,60.0,6.7,7.1,12.6,100.0,104.6,113.6,
https://www.basketball-reference.com/boxscores/201201040NYK.html,"7:30 PM, January 4, 2012",New York Knicks,Charlotte Bobcats,110,118,CHA,,,Team Totals,240,47,85,.553,7,11,.636,17,21,.810,7,30,37,27,9,0,14,16,118,,,Team Totals,240,.626,.594,.129,.247,19.4,73.2,48.1,57.4,9.1,0.0,12.9,100.0,119.7,111.6,
https://www.basketball-reference.com/boxscores/201201040NYK.html,"7:30 PM, January 4, 2012",New York Knicks,Charlotte Bobcats,110,118,NYK,,,Team Totals,240,42,85,.494,11,29,.379,15,20,.750,11,29,40,19,8,5,17,20,110,,,Team Totals,240,.586,.559,.341,.235,26.8,80.6,51.9,45.2,8.1,6.8,15.3,100.0,111.6,119.7,
https://www.basketball-reference.com/boxscores/201201040ORL.html,"7:00 PM, January 4, 2012",Orlando Magic,Washington Wizards,103,85,WAS,,,Team Totals,240,34,93,.366,2,12,.167,15,18,.833,14,30,44,12,7,8,9,21,85,,,Team Totals,240,.421,.376,.129,.194,27.5,63.8,44.9,35.3,7.6,12.1,8.2,100.0,92.4,111.9,
https://www.basketball-reference.com/boxscores/201201040ORL.html,"7:00 PM, January 4, 2012",Orlando Magic,Washington Wizards,103,85,ORL,,,Team Totals,240,39,85,.459,8,19,.421,17,25,.680,17,37,54,27,4,3,15,13,103,,,Team Totals,240,.536,.506,.224,.294,36.2,72.5,55.1,69.2,4.3,3.7,13.5,100.0,111.9,92.4,
https://www.basketball-reference.com/boxscores/201201040SAS.html,"8:30 PM, January 4, 2012",San Antonio Spurs,Golden State Warriors,101,95,GSW,,,Team Totals,240,37,80,.463,9,20,.450,12,19,.632,5,32,37,18,9,6,10,20,95,,,Team Totals,240,.538,.519,.250,.238,12.2,78.0,45.1,48.6,9.8,9.8,10.2,100.0,103.8,110.4,
https://www.basketball-reference.com/boxscores/201201040SAS.html,"8:30 PM, January 4, 2012",San Antonio Spurs,Golden State Warriors,101,95,SAS,,,Team Totals,240,37,78,.474,10,17,.588,17,24,.708,9,36,45,23,4,7,13,14,101,,,Team Totals,240,.570,.538,.218,.308,22.0,87.8,54.9,62.2,4.4,11.7,12.8,100.0,110.4,103.8,
https://www.basketball-reference.com/boxscores/201201040TOR.html,"7:00 PM, January 4, 2012",Toronto Raptors,Cleveland Cavaliers,92,77,CLE,,,Team Totals,240,24,81,.296,7,23,.304,22,26,.846,13,32,45,16,6,6,12,17,77,,,Team Totals,240,.416,.340,.284,.321,26.5,82.1,51.1,66.7,7.0,12.0,11.5,100.0,89.3,106.6,
https://www.basketball-reference.com/boxscores/201201040TOR.html,"7:00 PM, January 4, 2012",Toronto Raptors,Cleveland Cavaliers,92,77,TOR,,,Team Totals,240,36,77,.468,10,27,.370,10,13,.769,7,36,43,23,4,4,11,18,92,,,Team Totals,240,.556,.532,.351,.169,17.9,73.5,48.9,63.9,4.6,6.9,11.7,100.0,106.6,89.3,
https://www.basketball-reference.com/boxscores/201201050ATL.html,"8:00 PM, January 5, 2012",Atlanta Hawks,Miami Heat,109,116,MIA,,,Team Totals,315,45,102,.441,8,28,.286,18,23,.783,14,42,56,25,6,6,22,35,116,,,Team Totals,315,.517,.480,.275,.225,28.0,73.7,52.3,55.6,5.2,8.3,16.4,100.0,100.3,94.3,
https://www.basketball-reference.com/boxscores/201201050ATL.html,"8:00 PM, January 5, 2012",Atlanta Hawks,Miami Heat,109,116,ATL,,,Team Totals,315,36,94,.383,6,22,.273,31,46,.674,15,36,51,22,10,5,19,24,109,,,Team Totals,315,.477,.415,.234,.489,26.3,72.0,47.7,61.1,8.7,6.8,14.3,100.0,94.3,100.3,
https://www.basketball-reference.com/boxscores/201201050POR.html,"10:30 PM, January 5, 2012",Portland Trail Blazers,Los Angeles Lakers,107,96,LAL,,,Team Totals,240,37,79,.468,0,11,.000,22,27,.815,13,34,47,15,2,6,14,20,96,,,Team Totals,240,.528,.468,.139,.342,31.0,77.3,54.7,40.5,2.2,7.8,13.3,100.0,105.7,117.8,
https://www.basketball-reference.com/boxscores/201201050POR.html,"10:30 PM, January 5, 2012",Portland Trail Blazers,Los Angeles Lakers,107,96,POR,,,Team Totals,240,41,89,.461,5,12,.417,20,26,.769,10,29,39,20,5,7,4,20,107,,,Team Totals,240,.533,.489,.135,.292,22.7,69.0,45.3,48.8,5.5,10.3,3.8,100.0,117.8,105.7,
https://www.basketball-reference.com/boxscores/201201050SAC.html,"10:00 PM, January 5, 2012",Sacramento Kings,Milwaukee Bucks,103,100,MIL,,,Team Totals,240,39,76,.513,9,19,.474,13,21,.619,7,24,31,26,12,2,20,27,100,,,Team Totals,240,.587,.572,.250,.276,17.9,51.1,36.0,66.7,12.6,2.9,19.0,100.0,104.7,107.8,
https://www.basketball-reference.com/boxscores/201201050SAC.html,"10:00 PM, January 5, 2012",Sacramento Kings,Milwaukee Bucks,103,100,SAC,,,Team Totals,240,37,91,.407,4,21,.190,25,30,.833,23,32,55,16,10,4,19,18,103,,,Team Totals,240,.494,.429,.231,.330,48.9,82.1,64.0,43.2,10.5,7.0,15.4,100.0,107.8,104.7,
https://www.basketball-reference.com/boxscores/201201050SAS.html,"8:30 PM, January 5, 2012",San Antonio Spurs,Dallas Mavericks,93,71,DAL,,,Team Totals,240,27,77,.351,1,19,.053,16,21,.762,11,41,52,11,5,8,15,13,71,,,Team Totals,240,.412,.357,.247,.273,25.0,82.0,55.3,40.7,5.6,15.1,14.8,100.0,79.6,104.3,
https://www.basketball-reference.com/boxscores/201201050SAS.html,"8:30 PM, January 5, 2012",San Antonio Spurs,Dallas Mavericks,93,71,SAS,,,Team Totals,240,34,86,.395,16,33,.485,9,16,.563,9,33,42,22,9,1,9,17,93,,,Team Totals,240,.500,.488,.384,.186,18.0,75.0,44.7,64.7,10.1,1.7,8.8,100.0,104.3,79.6,
https://www.basketball-reference.com/boxscores/201201060BOS.html,"7:30 PM, January 6, 2012",Boston Celtics,Indiana Pacers,74,87,IND,,,Team Totals,240,32,80,.400,8,14,.571,15,18,.833,15,33,48,17,8,1,14,23,87,,,Team Totals,240,.495,.450,.175,.225,34.1,82.5,57.1,53.1,9.7,1.9,13.7,100.0,105.6,89.8,
https://www.basketball-reference.com/boxscores/201201060BOS.html,"7:30 PM, January 6, 2012",Boston Celtics,Indiana Pacers,74,87,BOS,,,Team Totals,240,26,66,.394,5,14,.357,17,24,.708,7,29,36,16,4,8,13,15,74,,,Team Totals,240,.483,.432,.212,.364,17.5,65.9,42.9,61.5,4.9,12.1,14.5,100.0,89.8,105.6,
https://www.basketball-reference.com/boxscores/201201060CHA.html,"7:00 PM, January 6, 2012",Charlotte Bobcats,Atlanta Hawks,96,102,ATL,,,Team Totals,265,42,95,.442,7,20,.350,11,16,.688,16,30,46,29,8,4,15,18,102,,,Team Totals,265,.500,.479,.211,.168,34.8,69.8,51.7,69.0,8.5,5.8,12.8,100.0,108.1,101.8,
https://www.basketball-reference.com/boxscores/201201060CHA.html,"7:00 PM, January 6, 2012",Charlotte Bobcats,Atlanta Hawks,96,102,CHA,,,Team Totals,265,40,87,.460,7,18,.389,9,13,.692,13,30,43,23,5,9,15,20,96,,,Team Totals,265,.518,.500,.207,.149,30.2,65.2,48.3,57.5,5.3,12.0,13.9,100.0,101.8,108.1,
https://www.basketball-reference.com/boxscores/201201060LAL.html,"10:30 PM, January 6, 2012",Los Angeles Lakers,Golden State Warriors,97,90,GSW,,,Team Totals,240,38,77,.494,4,14,.286,10,19,.526,10,24,34,19,9,1,20,28,90,,,Team Totals,240,.527,.519,.182,.247,23.8,61.5,42.0,50.0,9.7,1.5,19.0,100.0,96.9,104.4,
https://www.basketball-reference.com/boxscores/201201060LAL.html,"10:30 PM, January 6, 2012",Los Angeles Lakers,Golden State Warriors,97,90,LAL,,,Team Totals,240,37,77,.481,3,11,.273,20,29,.690,15,32,47,27,7,4,19,18,97,,,Team Totals,240,.540,.500,.143,.377,38.5,76.2,58.0,73.0,7.5,6.3,17.5,100.0,104.4,96.9,
https://www.basketball-reference.com/boxscores/201201060MIN.html,"8:00 PM, January 6, 2012",Minnesota Timberwolves,Cleveland Cavaliers,87,98,CLE,,,Team Totals,240,37,80,.463,8,17,.471,16,22,.727,11,34,45,20,11,7,15,25,98,,,Team Totals,240,.546,.513,.213,.275,26.2,73.9,51.1,54.1,11.8,11.9,14.3,100.0,105.5,93.7,
https://www.basketball-reference.com/boxscores/201201060MIN.html,"8:00 PM, January 6, 2012",Minnesota Timberwolves,Cleveland Cavaliers,87,98,MIN,,,Team Totals,240,31,79,.392,4,20,.200,21,31,.677,12,31,43,15,8,4,16,19,87,,,Team Totals,240,.470,.418,.253,.392,26.1,73.8,48.9,48.4,8.6,6.3,14.7,100.0,93.7,105.5,
https://www.basketball-reference.com/boxscores/201201060NOH.html,"8:00 PM, January 6, 2012",New Orleans Hornets,Denver Nuggets,88,96,DEN,,,Team Totals,240,37,79,.468,5,21,.238,17,22,.773,8,29,37,24,8,6,13,13,96,,,Team Totals,240,.541,.500,.266,.278,22.2,78.4,50.7,64.9,8.9,10.0,12.8,100.0,107.1,98.1,
https://www.basketball-reference.com/boxscores/201201060NOH.html,"8:00 PM, January 6, 2012",New Orleans Hornets,Denver Nuggets,88,96,NOH,,,Team Totals,240,36,77,.468,8,17,.471,8,10,.800,8,28,36,19,7,9,17,23,88,,,Team Totals,240,.541,.519,.221,.130,21.6,77.8,49.3,52.8,7.8,15.5,17.3,100.0,98.1,107.1,
https://www.basketball-reference.com/boxscores/201201060OKC.html,"8:00 PM, January 6, 2012",Oklahoma City Thunder,Houston Rockets,109,94,HOU,,,Team Totals,240,36,78,.462,3,13,.231,19,27,.704,11,29,40,19,6,6,12,22,94,,,Team Totals,240,.523,.481,.167,.346,26.2,78.4,50.6,52.8,6.6,9.1,11.8,100.0,103.7,120.3,
https://www.basketball-reference.com/boxscores/201201060OKC.html,"8:00 PM, January 6, 2012",Oklahoma City Thunder,Houston Rockets,109,94,OKC,,,Team Totals,240,42,80,.525,6,14,.429,19,25,.760,8,31,39,20,7,4,11,18,109,,,Team Totals,240,.599,.563,.175,.313,21.6,73.8,49.4,47.6,7.7,6.2,10.8,100.0,120.3,103.7,
https://www.basketball-reference.com/boxscores/201201060ORL.html,"8:00 PM, January 6, 2012",Orlando Magic,Chicago Bulls,83,97,CHI,,,Team Totals,240,38,86,.442,8,14,.571,13,17,.765,14,32,46,27,10,4,12,18,97,,,Team Totals,240,.519,.488,.163,.198,33.3,78.0,55.4,71.1,11.2,7.3,11.4,100.0,108.7,93.0,
https://www.basketball-reference.com/boxscores/201201060ORL.html,"8:00 PM, January 6, 2012",Orlando Magic,Chicago Bulls,83,97,ORL,,,Team Totals,240,30,75,.400,7,20,.350,16,21,.762,9,28,37,15,5,3,18,16,83,,,Team Totals,240,.493,.447,.267,.280,22.0,66.7,44.6,50.0,5.6,4.2,17.6,100.0,93.0,108.7,
https://www.basketball-reference.com/boxscores/201201060PHI.html,"7:00 PM, January 6, 2012",Philadelphia 76ers,Detroit Pistons,96,73,DET,,,Team Totals,240,31,86,.360,0,10,.000,11,14,.786,14,28,42,18,9,3,16,17,73,,,Team Totals,240,.396,.360,.116,.163,28.0,68.3,46.2,58.1,10.1,4.5,14.8,100.0,81.6,107.3,
https://www.basketball-reference.com/boxscores/201201060PHI.html,"7:00 PM, January 6, 2012",Philadelphia 76ers,Detroit Pistons,96,73,PHI,,,Team Totals,240,39,85,.459,5,18,.278,13,16,.813,13,36,49,23,9,8,12,12,96,,,Team Totals,240,.522,.488,.212,.188,31.7,72.0,53.8,59.0,10.1,10.5,11.5,100.0,107.3,81.6,
https://www.basketball-reference.com/boxscores/201201060PHO.html,"10:30 PM, January 6, 2012",Phoenix Suns,Portland Trail Blazers,102,77,POR,,,Team Totals,240,25,77,.325,2,19,.105,25,35,.714,12,26,38,16,7,6,17,22,77,,,Team Totals,240,.417,.338,.247,.455,25.5,68.4,44.7,64.0,7.6,10.2,15.5,100.0,83.4,110.5,
https://www.basketball-reference.com/boxscores/201201060PHO.html,"10:30 PM, January 6, 2012",Phoenix Suns,Portland Trail Blazers,102,77,PHO,,,Team Totals,240,37,79,.468,7,20,.350,21,25,.840,12,35,47,20,9,7,16,28,102,,,Team Totals,240,.567,.513,.253,.316,31.6,74.5,55.3,54.1,9.8,12.1,15.1,100.0,110.5,83.4,
https://www.basketball-reference.com/boxscores/201201060TOR.html,"7:00 PM, January 6, 2012",Toronto Raptors,New Jersey Nets,85,97,NJN,,,Team Totals,240,31,80,.388,15,31,.484,20,27,.741,13,31,44,21,6,0,10,19,97,,,Team Totals,240,.528,.481,.388,.338,30.2,77.5,53.0,67.7,7.1,0.0,9.8,100.0,114.8,100.6,
https://www.basketball-reference.com/boxscores/201201060TOR.html,"7:00 PM, January 6, 2012",Toronto Raptors,New Jersey Nets,85,97,TOR,,,Team Totals,240,33,73,.452,6,17,.353,13,19,.684,9,30,39,19,7,10,13,26,85,,,Team Totals,240,.522,.493,.233,.260,22.5,69.8,47.0,57.6,8.3,20.4,13.8,100.0,100.6,114.8,
https://www.basketball-reference.com/boxscores/201201060UTA.html,"9:00 PM, January 6, 2012",Utah Jazz,Memphis Grizzlies,94,85,MEM,,,Team Totals,240,33,80,.413,4,17,.235,15,21,.714,12,29,41,16,9,10,20,25,85,,,Team Totals,240,.476,.438,.213,.263,28.6,78.4,51.9,48.5,9.8,15.9,18.3,100.0,92.4,102.2,
https://www.basketball-reference.com/boxscores/201201060UTA.html,"9:00 PM, January 6, 2012",Utah Jazz,Memphis Grizzlies,94,85,UTA,,,Team Totals,240,36,71,.507,2,8,.250,20,30,.667,8,30,38,17,10,10,15,19,94,,,Team Totals,240,.558,.521,.113,.423,21.6,71.4,48.1,47.2,10.9,15.9,15.1,100.0,102.2,92.4,
https://www.basketball-reference.com/boxscores/201201060WAS.html,"7:00 PM, January 6, 2012",Washington Wizards,New York Knicks,96,99,NYK,,,Team Totals,240,39,89,.438,6,18,.333,15,21,.714,15,34,49,22,14,3,20,18,99,,,Team Totals,240,.504,.472,.202,.236,30.6,77.3,52.7,56.4,13.8,4.2,16.9,100.0,97.3,94.3,
https://www.basketball-reference.com/boxscores/201201060WAS.html,"7:00 PM, January 6, 2012",Washington Wizards,New York Knicks,96,99,WAS,,,Team Totals,240,41,85,.482,6,14,.429,8,13,.615,10,34,44,18,11,12,23,26,96,,,Team Totals,240,.529,.518,.165,.153,22.7,69.4,47.3,43.9,10.8,16.9,20.2,100.0,94.3,97.3,
https://www.basketball-reference.com/boxscores/201201070ATL.html,"7:00 PM, January 7, 2012",Atlanta Hawks,Chicago Bulls,109,94,CHI,,,Team Totals,240,36,82,.439,6,14,.429,16,20,.800,17,26,43,21,8,5,20,9,94,,,Team Totals,240,.518,.476,.171,.244,38.6,86.7,58.1,58.3,8.6,7.0,18.1,100.0,101.5,117.7,
https://www.basketball-reference.com/boxscores/201201070ATL.html,"7:00 PM, January 7, 2012",Atlanta Hawks,Chicago Bulls,109,94,ATL,,,Team Totals,240,47,83,.566,9,12,.750,6,6,1.000,4,27,31,32,16,8,14,16,109,,,Team Totals,240,.636,.620,.145,.072,13.3,61.4,41.9,68.1,17.3,11.8,14.1,100.0,117.7,101.5,
https://www.basketball-reference.com/boxscores/201201070DAL.html,"9:00 PM, January 7, 2012",Dallas Mavericks,New Orleans Hornets,96,81,NOH,,,Team Totals,240,26,64,.406,6,11,.545,23,28,.821,6,33,39,17,11,0,21,19,81,,,Team Totals,240,.531,.453,.172,.438,17.1,84.6,52.7,65.4,12.1,0.0,21.6,100.0,89.1,105.5,
https://www.basketball-reference.com/boxscores/201201070DAL.html,"9:00 PM, January 7, 2012",Dallas Mavericks,New Orleans Hornets,96,81,DAL,,,Team Totals,240,32,74,.432,8,19,.421,24,29,.828,6,29,35,22,12,2,14,21,96,,,Team Totals,240,.553,.486,.257,.392,15.4,82.9,47.3,68.8,13.2,3.8,13.9,100.0,105.5,89.1,
https://www.basketball-reference.com/boxscores/201201070DET.html,"7:30 PM, January 7, 2012",Detroit Pistons,New York Knicks,80,103,NYK,,,Team Totals,240,39,83,.470,8,28,.286,17,20,.850,12,36,48,26,12,5,12,20,103,,,Team Totals,240,.561,.518,.337,.241,31.6,70.6,53.9,66.7,13.3,9.6,11.6,100.0,114.1,88.6,
https://www.basketball-reference.com/boxscores/201201070DET.html,"7:30 PM, January 7, 2012",Detroit Pistons,New York Knicks,80,103,DET,,,Team Totals,240,29,78,.372,9,26,.346,13,22,.591,15,26,41,17,8,5,21,21,80,,,Team Totals,240,.456,.429,.333,.282,29.4,68.4,46.1,58.6,8.9,9.1,19.3,100.0,88.6,114.1,
https://www.basketball-reference.com/boxscores/201201070GSW.html,"10:30 PM, January 7, 2012",Golden State Warriors,Utah Jazz,87,88,UTA,,,Team Totals,240,32,81,.395,4,16,.250,20,28,.714,15,28,43,25,9,5,9,22,88,,,Team Totals,240,.471,.420,.198,.346,31.9,73.7,50.6,78.1,10.6,9.8,8.8,100.0,103.8,102.6,
https://www.basketball-reference.com/boxscores/201201070GSW.html,"10:30 PM, January 7, 2012",Golden State Warriors,Utah Jazz,87,88,GSW,,,Team Totals,240,29,70,.414,7,19,.368,22,24,.917,10,32,42,19,3,3,17,23,87,,,Team Totals,240,.540,.464,.271,.343,26.3,68.1,49.4,65.5,3.5,4.6,17.4,100.0,102.6,103.8,
https://www.basketball-reference.com/boxscores/201201070HOU.html,"8:00 PM, January 7, 2012",Houston Rockets,Oklahoma City Thunder,95,98,OKC,,,Team Totals,240,36,85,.424,7,21,.333,19,22,.864,18,26,44,18,3,3,16,16,98,,,Team Totals,240,.518,.465,.247,.259,40.0,65.0,51.8,50.0,3.4,4.1,14.5,100.0,111.1,107.7,
https://www.basketball-reference.com/boxscores/201201070HOU.html,"8:00 PM, January 7, 2012",Houston Rockets,Oklahoma City Thunder,95,98,HOU,,,Team Totals,240,38,87,.437,5,14,.357,14,15,.933,14,27,41,23,7,5,13,21,95,,,Team Totals,240,.507,.466,.161,.172,35.0,60.0,48.2,60.5,7.9,7.8,12.2,100.0,107.7,111.1,
https://www.basketball-reference.com/boxscores/201201070IND.html,"7:00 PM, January 7, 2012",Indiana Pacers,Charlotte Bobcats,99,77,CHA,,,Team Totals,240,29,89,.326,5,16,.313,14,21,.667,22,26,48,12,4,7,13,21,77,,,Team Totals,240,.392,.354,.180,.236,40.7,66.7,51.6,41.4,4.7,10.3,11.7,100.0,91.1,117.1,
https://www.basketball-reference.com/boxscores/201201070IND.html,"7:00 PM, January 7, 2012",Indiana Pacers,Charlotte Bobcats,99,77,IND,,,Team Totals,240,39,77,.506,2,9,.222,19,26,.731,13,32,45,15,6,6,11,20,99,,,Team Totals,240,.560,.519,.117,.338,33.3,59.3,48.4,38.5,7.1,8.2,11.1,100.0,117.1,91.1,
https://www.basketball-reference.com/boxscores/201201070LAC.html,"10:30 PM, January 7, 2012",Los Angeles Clippers,Milwaukee Bucks,92,86,MIL,,,Team Totals,240,29,80,.363,6,20,.300,22,27,.815,13,29,42,18,7,2,15,31,86,,,Team Totals,240,.468,.400,.250,.338,31.0,78.4,53.2,62.1,7.8,4.0,14.0,100.0,96.0,102.7,
https://www.basketball-reference.com/boxscores/201201070LAC.html,"10:30 PM, January 7, 2012",Los Angeles Clippers,Milwaukee Bucks,92,86,LAC,,,Team Totals,240,31,69,.449,4,19,.211,26,40,.650,8,29,37,17,10,9,14,23,92,,,Team Totals,240,.531,.478,.275,.580,21.6,69.0,46.8,54.8,11.2,15.0,13.9,100.0,102.7,96.0,
https://www.basketball-reference.com/boxscores/201201070NJN.html,"7:30 PM, January 7, 2012",New Jersey Nets,Miami Heat,90,101,MIA,,,Team Totals,240,38,76,.500,5,15,.333,20,24,.833,10,35,45,27,12,8,23,27,101,,,Team Totals,240,.583,.533,.197,.316,28.6,66.0,51.1,71.1,12.3,16.0,21.0,100.0,103.7,92.4,
https://www.basketball-reference.com/boxscores/201201070NJN.html,"7:30 PM, January 7, 2012",New Jersey Nets,Miami Heat,90,101,NJN,,,Team Totals,240,28,83,.337,10,33,.303,24,32,.750,18,25,43,24,14,3,22,21,90,,,Team Totals,240,.464,.398,.398,.386,34.0,71.4,48.9,85.7,14.4,4.9,18.5,100.0,92.4,103.7,
https://www.basketball-reference.com/boxscores/201201070PHI.html,"8:00 PM, January 7, 2012",Philadelphia 76ers,Toronto Raptors,97,62,TOR,,,Team Totals,240,27,85,.318,1,12,.083,7,12,.583,15,33,48,15,4,5,19,20,62,,,Team Totals,240,.343,.324,.141,.141,27.3,75.0,48.5,55.6,4.4,8.1,17.4,100.0,68.5,107.1,
https://www.basketball-reference.com/boxscores/201201070PHI.html,"8:00 PM, January 7, 2012",Philadelphia 76ers,Toronto Raptors,97,62,PHI,,,Team Totals,240,36,83,.434,5,21,.238,20,27,.741,11,40,51,20,13,8,8,10,97,,,Team Totals,240,.511,.464,.253,.325,25.0,72.7,51.5,55.6,14.4,11.0,7.8,100.0,107.1,68.5,
https://www.basketball-reference.com/boxscores/201201070SAS.html,"8:30 PM, January 7, 2012",San Antonio Spurs,Denver Nuggets,121,117,DEN,,,Team Totals,240,46,81,.568,8,16,.500,17,26,.654,10,23,33,25,9,4,15,17,117,,,Team Totals,240,.633,.617,.198,.321,30.3,60.5,46.5,54.3,9.5,5.8,14.0,100.0,122.9,127.1,
https://www.basketball-reference.com/boxscores/201201070SAS.html,"8:30 PM, January 7, 2012",San Antonio Spurs,Denver Nuggets,121,117,SAS,,,Team Totals,240,49,89,.551,9,20,.450,14,18,.778,15,23,38,27,6,5,16,19,121,,,Team Totals,240,.624,.601,.225,.202,39.5,69.7,53.5,55.1,6.3,7.7,14.2,100.0,127.1,122.9,
https://www.basketball-reference.com/boxscores/201201080LAL.html,"9:30 PM, January 8, 2012",Los Angeles Lakers,Memphis Grizzlies,90,82,MEM,,,Team Totals,240,38,93,.409,1,9,.111,5,10,.500,9,25,34,23,18,4,9,18,82,,,Team Totals,240,.421,.414,.097,.108,18.4,65.8,39.1,60.5,18.9,7.3,8.5,100.0,86.2,94.6,
https://www.basketball-reference.com/boxscores/201201080LAL.html,"9:30 PM, January 8, 2012",Los Angeles Lakers,Memphis Grizzlies,90,82,LAL,,,Team Totals,240,35,74,.473,6,19,.316,14,21,.667,13,40,53,24,6,5,27,11,90,,,Team Totals,240,.541,.514,.257,.284,34.2,81.6,60.9,68.6,6.3,6.0,24.5,100.0,94.6,86.2,
https://www.basketball-reference.com/boxscores/201201080OKC.html,"7:00 PM, January 8, 2012",Oklahoma City Thunder,San Antonio Spurs,108,96,SAS,,,Team Totals,240,35,84,.417,7,12,.583,19,25,.760,10,32,42,20,9,2,11,22,96,,,Team Totals,240,.505,.458,.143,.298,19.6,82.1,46.7,57.1,9.6,3.6,10.4,100.0,102.0,114.8,
https://www.basketball-reference.com/boxscores/201201080OKC.html,"7:00 PM, January 8, 2012",Oklahoma City Thunder,San Antonio Spurs,108,96,OKC,,,Team Totals,240,38,75,.507,7,19,.368,25,29,.862,7,41,48,25,10,8,14,19,108,,,Team Totals,240,.615,.553,.253,.387,17.9,80.4,53.3,65.8,10.6,11.1,13.8,100.0,114.8,102.0,
https://www.basketball-reference.com/boxscores/201201080PHO.html,"8:00 PM, January 8, 2012",Phoenix Suns,Milwaukee Bucks,109,93,MIL,,,Team Totals,240,37,86,.430,3,15,.200,16,24,.667,15,25,40,23,9,1,13,13,93,,,Team Totals,240,.482,.448,.174,.279,32.6,78.1,51.3,62.2,9.9,1.8,11.9,100.0,102.0,119.6,
https://www.basketball-reference.com/boxscores/201201080PHO.html,"8:00 PM, January 8, 2012",Phoenix Suns,Milwaukee Bucks,109,93,PHO,,,Team Totals,240,43,77,.558,10,22,.455,13,17,.765,7,31,38,30,10,5,15,20,109,,,Team Totals,240,.645,.623,.286,.221,21.9,67.4,48.7,69.8,11.0,7.0,15.1,100.0,119.6,102.0,
https://www.basketball-reference.com/boxscores/201201080POR.html,"9:00 PM, January 8, 2012",Portland Trail Blazers,Cleveland Cavaliers,98,78,CLE,,,Team Totals,240,29,79,.367,3,24,.125,17,24,.708,10,36,46,17,8,5,24,20,78,,,Team Totals,240,.435,.386,.304,.304,23.3,80.0,52.3,58.6,7.9,7.2,21.1,100.0,77.3,97.1,
https://www.basketball-reference.com/boxscores/201201080POR.html,"9:00 PM, January 8, 2012",Portland Trail Blazers,Cleveland Cavaliers,98,78,POR,,,Team Totals,240,38,92,.413,6,23,.261,16,18,.889,9,33,42,27,14,6,14,20,98,,,Team Totals,240,.490,.446,.250,.196,20.0,76.7,47.7,71.1,13.9,10.9,12.3,100.0,97.1,77.3,
https://www.basketball-reference.com/boxscores/201201080SAC.html,"6:00 PM, January 8, 2012",Sacramento Kings,Orlando Magic,97,104,ORL,,,Team Totals,240,37,87,.425,10,32,.313,20,31,.645,17,26,43,24,10,1,10,20,104,,,Team Totals,240,.517,.483,.368,.356,32.7,72.2,48.9,64.9,11.0,1.9,9.0,100.0,114.2,106.5,
https://www.basketball-reference.com/boxscores/201201080SAC.html,"6:00 PM, January 8, 2012",Sacramento Kings,Orlando Magic,97,104,SAC,,,Team Totals,240,38,73,.521,3,20,.150,18,24,.750,10,35,45,16,4,5,18,24,97,,,Team Totals,240,.580,.541,.274,.329,27.8,67.3,51.1,42.1,4.4,9.1,17.7,100.0,106.5,114.2,
https://www.basketball-reference.com/boxscores/201201080WAS.html,"1:00 PM, January 8, 2012",Washington Wizards,Minnesota Timberwolves,72,93,MIN,,,Team Totals,240,36,80,.450,10,26,.385,11,15,.733,10,34,44,22,8,7,17,18,93,,,Team Totals,240,.537,.513,.325,.188,25.6,68.0,49.4,61.1,8.9,9.1,16.4,100.0,103.4,80.1,
https://www.basketball-reference.com/boxscores/201201080WAS.html,"1:00 PM, January 8, 2012",Washington Wizards,Minnesota Timberwolves,72,93,WAS,,,Team Totals,240,30,87,.345,3,10,.300,9,16,.563,16,29,45,15,9,10,15,17,72,,,Team Totals,240,.383,.362,.115,.184,32.0,74.4,50.6,50.0,10.0,18.5,13.8,100.0,80.1,103.4,
https://www.basketball-reference.com/boxscores/201201090CHI.html,"8:00 PM, January 9, 2012",Chicago Bulls,Detroit Pistons,92,68,DET,,,Team Totals,240,28,71,.394,1,4,.250,11,14,.786,10,27,37,14,2,5,19,21,68,,,Team Totals,240,.441,.401,.056,.197,25.6,69.2,47.4,50.0,2.4,8.6,19.8,100.0,82.6,111.8,
https://www.basketball-reference.com/boxscores/201201090CHI.html,"8:00 PM, January 9, 2012",Chicago Bulls,Detroit Pistons,92,68,CHI,,,Team Totals,240,34,74,.459,3,16,.188,21,25,.840,12,29,41,19,5,6,10,15,92,,,Team Totals,240,.541,.480,.216,.338,30.8,74.4,52.6,55.9,6.1,9.0,10.5,100.0,111.8,82.6,
https://www.basketball-reference.com/boxscores/201201090DEN.html,"9:00 PM, January 9, 2012",Denver Nuggets,New Orleans Hornets,81,94,NOH,,,Team Totals,240,39,75,.520,6,10,.600,10,14,.714,9,31,40,26,8,5,17,23,94,,,Team Totals,240,.579,.560,.133,.187,25.0,79.5,53.3,66.7,9.1,10.4,17.3,100.0,107.3,92.5,
https://www.basketball-reference.com/boxscores/201201090DEN.html,"9:00 PM, January 9, 2012",Denver Nuggets,New Orleans Hornets,81,94,DEN,,,Team Totals,240,29,71,.408,8,23,.348,15,21,.714,8,27,35,19,4,5,17,19,81,,,Team Totals,240,.505,.465,.324,.296,20.5,75.0,46.7,65.5,4.6,7.7,17.5,100.0,92.5,107.3,
https://www.basketball-reference.com/boxscores/201201090NJN.html,"7:30 PM, January 9, 2012",New Jersey Nets,Atlanta Hawks,101,106,ATL,,,Team Totals,240,42,78,.538,9,21,.429,13,19,.684,9,24,33,26,8,2,10,17,106,,,Team Totals,240,.614,.596,.269,.244,23.1,70.6,45.2,61.9,9.1,3.6,10.4,100.0,121.0,115.3,
https://www.basketball-reference.com/boxscores/201201090NJN.html,"7:30 PM, January 9, 2012",New Jersey Nets,Atlanta Hawks,101,106,NJN,,,Team Totals,240,36,77,.468,11,22,.500,18,21,.857,10,30,40,24,5,3,16,20,101,,,Team Totals,240,.586,.539,.286,.273,29.4,76.9,54.8,66.7,5.7,5.3,15.6,100.0,115.3,121.0,
https://www.basketball-reference.com/boxscores/201201090NYK.html,"7:30 PM, January 9, 2012",New York Knicks,Charlotte Bobcats,91,87,CHA,,,Team Totals,240,34,82,.415,7,19,.368,12,15,.800,10,39,49,21,4,3,17,24,87,,,Team Totals,240,.491,.457,.232,.183,21.7,73.6,49.5,61.8,4.3,4.3,16.1,100.0,93.1,97.3,
https://www.basketball-reference.com/boxscores/201201090NYK.html,"7:30 PM, January 9, 2012",New York Knicks,Charlotte Bobcats,91,87,NYK,,,Team Totals,240,30,79,.380,1,10,.100,30,40,.750,14,36,50,16,11,4,12,22,91,,,Team Totals,240,.471,.386,.127,.506,26.4,78.3,50.5,53.3,11.8,6.3,11.0,100.0,97.3,93.1,
https://www.basketball-reference.com/boxscores/201201090PHI.html,"7:00 PM, January 9, 2012",Philadelphia 76ers,Indiana Pacers,96,86,IND,,,Team Totals,240,30,82,.366,4,13,.308,22,30,.733,13,30,43,18,11,2,16,21,86,,,Team Totals,240,.452,.390,.159,.366,25.0,76.9,47.3,60.0,11.7,3.4,14.4,100.0,91.3,102.0,
https://www.basketball-reference.com/boxscores/201201090PHI.html,"7:00 PM, January 9, 2012",Philadelphia 76ers,Indiana Pacers,96,86,PHI,,,Team Totals,240,38,76,.500,6,17,.353,14,19,.737,9,39,48,19,7,5,18,24,96,,,Team Totals,240,.569,.539,.224,.250,23.1,75.0,52.7,50.0,7.4,7.2,17.6,100.0,102.0,91.3,
https://www.basketball-reference.com/boxscores/201201090TOR.html,"7:00 PM, January 9, 2012",Toronto Raptors,Minnesota Timberwolves,97,87,MIN,,,Team Totals,240,27,80,.338,7,24,.292,26,33,.788,15,24,39,14,8,4,16,26,87,,,Team Totals,240,.460,.381,.300,.413,33.3,63.2,47.0,51.9,9.2,6.9,14.5,100.0,99.7,111.1,
https://www.basketball-reference.com/boxscores/201201090TOR.html,"7:00 PM, January 9, 2012",Toronto Raptors,Minnesota Timberwolves,97,87,TOR,,,Team Totals,240,34,77,.442,3,19,.158,26,28,.929,14,30,44,16,7,9,13,28,97,,,Team Totals,240,.543,.461,.247,.364,36.8,66.7,53.0,47.1,8.0,16.1,12.7,100.0,111.1,99.7,
https://www.basketball-reference.com/boxscores/201201100CHA.html,"7:00 PM, January 10, 2012",Charlotte Bobcats,Houston Rockets,70,82,HOU,,,Team Totals,240,32,83,.386,6,17,.353,12,16,.750,14,43,57,18,4,9,22,17,82,,,Team Totals,240,.455,.422,.205,.193,30.4,78.2,56.4,56.3,4.2,12.0,19.6,100.0,86.9,74.2,
https://www.basketball-reference.com/boxscores/201201100CHA.html,"7:00 PM, January 10, 2012",Charlotte Bobcats,Houston Rockets,70,82,CHA,,,Team Totals,240,30,88,.341,1,13,.077,9,11,.818,12,32,44,16,6,7,15,19,70,,,Team Totals,240,.377,.347,.148,.125,21.8,69.6,43.6,53.3,6.4,10.6,13.9,100.0,74.2,86.9,
https://www.basketball-reference.com/boxscores/201201100DET.html,"7:30 PM, January 10, 2012",Detroit Pistons,Dallas Mavericks,86,100,DAL,,,Team Totals,240,38,69,.551,4,15,.267,20,27,.741,5,31,36,28,13,4,14,23,100,,,Team Totals,240,.618,.580,.217,.391,17.2,86.1,55.4,73.7,14.3,7.1,14.8,100.0,109.7,94.4,
https://www.basketball-reference.com/boxscores/201201100DET.html,"7:30 PM, January 10, 2012",Detroit Pistons,Dallas Mavericks,86,100,DET,,,Team Totals,240,30,69,.435,6,13,.462,20,25,.800,5,24,29,17,7,2,21,18,86,,,Team Totals,240,.538,.478,.188,.362,13.9,82.8,44.6,56.7,7.7,3.7,20.8,100.0,94.4,109.7,
https://www.basketball-reference.com/boxscores/201201100GSW.html,"10:30 PM, January 10, 2012",Golden State Warriors,Miami Heat,111,106,MIA,,,Team Totals,265,39,85,.459,2,11,.182,26,40,.650,14,34,48,16,14,5,22,23,106,,,Team Totals,265,.517,.471,.129,.471,29.2,65.4,48.0,41.0,13.1,7.4,17.7,100.0,98.8,103.5,
https://www.basketball-reference.com/boxscores/201201100GSW.html,"10:30 PM, January 10, 2012",Golden State Warriors,Miami Heat,111,106,GSW,,,Team Totals,265,38,95,.400,9,27,.333,26,30,.867,18,34,52,23,14,9,20,26,111,,,Team Totals,265,.513,.447,.284,.316,34.6,70.8,52.0,60.5,13.1,12.2,15.6,100.0,103.5,98.8,
https://www.basketball-reference.com/boxscores/201201100LAL.html,"10:30 PM, January 10, 2012",Los Angeles Lakers,Phoenix Suns,99,83,PHO,,,Team Totals,240,34,80,.425,7,20,.350,8,12,.667,9,26,35,18,9,1,11,16,83,,,Team Totals,240,.487,.469,.250,.150,20.5,65.0,41.7,52.9,10.3,1.6,11.4,100.0,95.1,113.4,
https://www.basketball-reference.com/boxscores/201201100LAL.html,"10:30 PM, January 10, 2012",Los Angeles Lakers,Phoenix Suns,99,83,LAL,,,Team Totals,240,39,80,.488,2,17,.118,19,23,.826,14,35,49,27,5,2,15,18,99,,,Team Totals,240,.549,.500,.213,.288,35.0,79.5,58.3,69.2,5.7,3.3,14.3,100.0,113.4,95.1,
https://www.basketball-reference.com/boxscores/201201100MEM.html,"8:00 PM, January 10, 2012",Memphis Grizzlies,Oklahoma City Thunder,95,100,OKC,,,Team Totals,240,34,74,.459,6,15,.400,26,32,.813,14,37,51,14,4,6,15,23,100,,,Team Totals,240,.568,.500,.203,.432,32.6,78.7,56.7,41.2,4.5,8.2,14.6,100.0,111.5,105.9,
https://www.basketball-reference.com/boxscores/201201100MEM.html,"8:00 PM, January 10, 2012",Memphis Grizzlies,Oklahoma City Thunder,95,100,MEM,,,Team Totals,240,39,85,.459,5,12,.417,12,20,.600,10,29,39,16,6,6,9,21,95,,,Team Totals,240,.506,.488,.141,.235,21.3,67.4,43.3,41.0,6.7,10.2,8.8,100.0,105.9,111.5,
https://www.basketball-reference.com/boxscores/201201100MIL.html,"8:00 PM, January 10, 2012",Milwaukee Bucks,San Antonio Spurs,106,103,SAS,,,Team Totals,240,45,75,.600,4,14,.286,9,16,.563,5,30,35,29,6,6,16,16,103,,,Team Totals,240,.628,.627,.187,.213,17.9,81.1,53.8,64.4,6.5,8.5,16.3,100.0,112.3,115.6,
https://www.basketball-reference.com/boxscores/201201100MIL.html,"8:00 PM, January 10, 2012",Milwaukee Bucks,San Antonio Spurs,106,103,MIL,,,Team Totals,240,44,85,.518,9,14,.643,9,10,.900,7,23,30,31,7,4,11,15,106,,,Team Totals,240,.593,.571,.165,.118,18.9,82.1,46.2,70.5,7.6,6.6,11.0,100.0,115.6,112.3,
https://www.basketball-reference.com/boxscores/201201100MIN.html,"8:00 PM, January 10, 2012",Minnesota Timberwolves,Chicago Bulls,100,111,CHI,,,Team Totals,240,43,81,.531,11,20,.550,14,21,.667,10,37,47,24,4,9,18,23,111,,,Team Totals,240,.615,.599,.247,.259,30.3,84.1,61.0,55.8,4.2,16.1,16.6,100.0,117.3,105.7,
https://www.basketball-reference.com/boxscores/201201100MIN.html,"8:00 PM, January 10, 2012",Minnesota Timberwolves,Chicago Bulls,100,111,MIN,,,Team Totals,240,33,78,.423,8,22,.364,26,32,.813,7,23,30,18,10,4,11,17,100,,,Team Totals,240,.543,.474,.282,.410,15.9,69.7,39.0,54.5,10.6,6.6,10.7,100.0,105.7,117.3,
https://www.basketball-reference.com/boxscores/201201100PHI.html,"7:00 PM, January 10, 2012",Philadelphia 76ers,Sacramento Kings,112,85,SAC,,,Team Totals,240,34,86,.395,4,19,.211,13,21,.619,13,30,43,16,7,4,15,13,85,,,Team Totals,240,.446,.419,.221,.244,23.6,88.2,48.3,47.1,7.2,5.7,13.6,100.0,87.9,115.9,
https://www.basketball-reference.com/boxscores/201201100PHI.html,"7:00 PM, January 10, 2012",Philadelphia 76ers,Sacramento Kings,112,85,PHI,,,Team Totals,240,47,83,.566,5,13,.385,13,19,.684,4,42,46,30,9,7,11,15,112,,,Team Totals,240,.613,.596,.157,.229,11.8,76.4,51.7,63.8,9.3,10.4,10.7,100.0,115.9,87.9,
https://www.basketball-reference.com/boxscores/201201100POR.html,"10:00 PM, January 10, 2012",Portland Trail Blazers,Los Angeles Clippers,105,97,LAC,,,Team Totals,240,37,83,.446,6,23,.261,17,24,.708,13,26,39,18,5,4,14,27,97,,,Team Totals,240,.518,.482,.277,.289,32.5,78.8,53.4,48.6,5.6,6.9,13.0,100.0,108.1,117.0,
https://www.basketball-reference.com/boxscores/201201100POR.html,"10:00 PM, January 10, 2012",Portland Trail Blazers,Los Angeles Clippers,105,97,POR,,,Team Totals,240,37,72,.514,5,14,.357,26,32,.813,7,27,34,21,8,2,12,24,105,,,Team Totals,240,.610,.549,.194,.444,21.2,67.5,46.6,56.8,8.9,3.3,12.2,100.0,117.0,108.1,
https://www.basketball-reference.com/boxscores/201201100UTA.html,"9:00 PM, January 10, 2012",Utah Jazz,Cleveland Cavaliers,113,105,CLE,,,Team Totals,240,35,78,.449,4,20,.200,31,43,.721,18,24,42,13,8,5,14,27,105,,,Team Totals,240,.542,.474,.256,.551,39.1,72.7,53.2,37.1,8.7,7.6,12.6,100.0,114.3,123.0,
https://www.basketball-reference.com/boxscores/201201100UTA.html,"9:00 PM, January 10, 2012",Utah Jazz,Cleveland Cavaliers,113,105,UTA,,,Team Totals,240,45,76,.592,3,10,.300,20,29,.690,9,28,37,24,2,7,14,30,113,,,Team Totals,240,.637,.612,.132,.382,27.3,60.9,46.8,53.3,2.2,12.1,13.6,100.0,123.0,114.3,
https://www.basketball-reference.com/boxscores/201201100WAS.html,"7:00 PM, January 10, 2012",Washington Wizards,Toronto Raptors,93,78,TOR,,,Team Totals,240,30,76,.395,4,20,.200,14,17,.824,14,30,44,21,7,5,23,17,78,,,Team Totals,240,.467,.421,.263,.224,31.8,76.9,53.0,70.0,7.6,7.2,21.6,100.0,85.0,101.3,
https://www.basketball-reference.com/boxscores/201201100WAS.html,"7:00 PM, January 10, 2012",Washington Wizards,Toronto Raptors,93,78,WAS,,,Team Totals,240,40,82,.488,4,13,.308,9,17,.529,9,30,39,20,12,8,15,20,93,,,Team Totals,240,.520,.512,.159,.207,23.1,68.2,47.0,50.0,13.1,14.3,14.4,100.0,101.3,85.0,
https://www.basketball-reference.com/boxscores/201201110BOS.html,"8:00 PM, January 11, 2012",Boston Celtics,Dallas Mavericks,85,90,DAL,,,Team Totals,240,35,79,.443,6,16,.375,14,25,.560,12,31,43,18,11,3,17,21,90,,,Team Totals,240,.500,.481,.203,.316,26.7,93.9,55.1,51.4,11.9,5.7,15.9,100.0,97.3,91.9,
https://www.basketball-reference.com/boxscores/201201110BOS.html,"8:00 PM, January 11, 2012",Boston Celtics,Dallas Mavericks,85,90,BOS,,,Team Totals,240,29,64,.453,4,11,.364,23,32,.719,2,33,35,19,9,4,17,17,85,,,Team Totals,240,.544,.484,.172,.500,6.1,73.3,44.9,65.5,9.7,6.3,17.9,100.0,91.9,97.3,
https://www.basketball-reference.com/boxscores/201201110CHI.html,"8:00 PM, January 11, 2012",Chicago Bulls,Washington Wizards,78,64,WAS,,,Team Totals,240,26,84,.310,3,9,.333,9,12,.750,14,32,46,12,5,12,14,15,64,,,Team Totals,240,.358,.327,.107,.143,26.4,58.2,42.6,46.2,5.8,15.4,13.6,100.0,73.9,90.0,
https://www.basketball-reference.com/boxscores/201201110CHI.html,"8:00 PM, January 11, 2012",Chicago Bulls,Washington Wizards,78,64,CHI,,,Team Totals,240,33,90,.367,3,12,.250,9,16,.563,23,39,62,17,6,10,16,14,78,,,Team Totals,240,.402,.383,.133,.178,41.8,73.6,57.4,51.5,6.9,13.3,14.2,100.0,90.0,73.9,
https://www.basketball-reference.com/boxscores/201201110DEN.html,"9:00 PM, January 11, 2012",Denver Nuggets,New Jersey Nets,123,115,NJN,,,Team Totals,240,43,83,.518,20,35,.571,9,12,.750,9,20,29,31,6,7,17,21,115,,,Team Totals,240,.651,.639,.422,.145,23.1,74.1,43.9,72.1,6.3,12.5,16.1,100.0,120.0,128.4,
https://www.basketball-reference.com/boxscores/201201110DEN.html,"9:00 PM, January 11, 2012",Denver Nuggets,New Jersey Nets,123,115,DEN,,,Team Totals,240,44,74,.595,11,18,.611,24,30,.800,7,30,37,37,13,7,19,16,123,,,Team Totals,240,.705,.669,.243,.405,25.9,76.9,56.1,84.1,13.6,14.6,17.9,100.0,128.4,120.0,
https://www.basketball-reference.com/boxscores/201201110IND.html,"7:00 PM, January 11, 2012",Indiana Pacers,Atlanta Hawks,96,84,ATL,,,Team Totals,240,30,80,.375,5,13,.385,19,27,.704,10,35,45,14,9,3,18,16,84,,,Team Totals,240,.457,.406,.163,.338,22.7,79.5,51.1,46.7,9.3,4.2,16.4,100.0,86.6,99.0,
https://www.basketball-reference.com/boxscores/201201110IND.html,"7:00 PM, January 11, 2012",Indiana Pacers,Atlanta Hawks,96,84,IND,,,Team Totals,240,39,85,.459,6,14,.429,12,16,.750,9,34,43,25,13,10,16,21,96,,,Team Totals,240,.522,.494,.165,.188,20.5,77.3,48.9,64.1,13.4,14.9,14.8,100.0,99.0,86.6,
https://www.basketball-reference.com/boxscores/201201110LAC.html,"10:30 PM, January 11, 2012",Los Angeles Clippers,Miami Heat,95,89,MIA,,,Team Totals,265,32,81,.395,5,16,.313,20,34,.588,13,37,50,18,9,6,18,22,89,,,Team Totals,265,.464,.426,.198,.420,27.1,78.7,52.6,56.3,9.1,8.7,15.8,100.0,89.8,95.9,
https://www.basketball-reference.com/boxscores/201201110LAC.html,"10:30 PM, January 11, 2012",Los Angeles Clippers,Miami Heat,95,89,LAC,,,Team Totals,265,36,86,.419,6,17,.353,17,23,.739,10,35,45,22,7,8,16,22,95,,,Team Totals,265,.494,.453,.198,.267,21.3,72.9,47.4,61.1,7.1,12.3,14.3,100.0,95.9,89.8,
https://www.basketball-reference.com/boxscores/201201110NOH.html,"8:00 PM, January 11, 2012",New Orleans Hornets,Oklahoma City Thunder,85,95,OKC,,,Team Totals,240,35,73,.479,7,20,.350,18,26,.692,7,29,36,19,6,10,12,18,95,,,Team Totals,240,.563,.527,.274,.356,20.0,67.4,46.2,54.3,6.9,15.6,12.4,100.0,109.4,97.8,
https://www.basketball-reference.com/boxscores/201201110NOH.html,"8:00 PM, January 11, 2012",New Orleans Hornets,Oklahoma City Thunder,85,95,NOH,,,Team Totals,240,36,80,.450,1,16,.063,12,17,.706,14,28,42,20,4,5,15,17,85,,,Team Totals,240,.486,.456,.200,.213,32.6,80.0,53.8,55.6,4.6,9.4,14.6,100.0,97.8,109.4,
https://www.basketball-reference.com/boxscores/201201110NYK.html,"7:30 PM, January 11, 2012",New York Knicks,Philadelphia 76ers,85,79,PHI,,,Team Totals,240,32,81,.395,3,15,.200,12,18,.667,9,28,37,10,10,4,14,19,79,,,Team Totals,240,.444,.414,.185,.222,19.6,75.7,44.6,31.3,10.6,7.3,13.6,100.0,83.7,90.0,
https://www.basketball-reference.com/boxscores/201201110NYK.html,"7:30 PM, January 11, 2012",New York Knicks,Philadelphia 76ers,85,79,NYK,,,Team Totals,240,32,77,.416,6,22,.273,15,19,.789,9,37,46,13,9,3,24,20,85,,,Team Totals,240,.498,.455,.286,.247,24.3,80.4,55.4,40.6,9.5,4.5,21.9,100.0,90.0,83.7,
https://www.basketball-reference.com/boxscores/201201110POR.html,"10:00 PM, January 11, 2012",Portland Trail Blazers,Orlando Magic,104,107,ORL,,,Team Totals,240,41,70,.586,16,27,.593,9,19,.474,6,36,42,25,2,1,19,15,107,,,Team Totals,240,.683,.700,.386,.271,19.4,83.7,56.8,61.0,2.2,1.6,19.5,100.0,117.6,114.3,
https://www.basketball-reference.com/boxscores/201201110POR.html,"10:00 PM, January 11, 2012",Portland Trail Blazers,Orlando Magic,104,107,POR,,,Team Totals,240,41,86,.477,10,25,.400,12,13,.923,7,25,32,23,7,0,8,16,104,,,Team Totals,240,.567,.535,.291,.151,16.3,80.6,43.2,56.1,7.7,0.0,8.0,100.0,114.3,117.6,
https://www.basketball-reference.com/boxscores/201201110SAS.html,"8:30 PM, January 11, 2012",San Antonio Spurs,Houston Rockets,101,95,HOU,,,Team Totals,265,41,96,.427,3,21,.143,10,12,.833,15,33,48,19,8,4,11,24,95,,,Team Totals,265,.469,.443,.219,.125,34.1,71.7,53.3,46.3,8.5,5.3,9.8,100.0,101.4,107.8,
https://www.basketball-reference.com/boxscores/201201110SAS.html,"8:30 PM, January 11, 2012",San Antonio Spurs,Houston Rockets,101,95,SAS,,,Team Totals,265,42,92,.457,5,16,.313,12,17,.706,13,29,42,23,8,9,12,12,101,,,Team Totals,265,.508,.484,.174,.185,28.3,65.9,46.7,54.8,8.5,12.0,10.8,100.0,107.8,101.4,
https://www.basketball-reference.com/boxscores/201201110TOR.html,"7:00 PM, January 11, 2012",Toronto Raptors,Sacramento Kings,91,98,SAC,,,Team Totals,240,30,81,.370,7,24,.292,31,34,.912,14,34,48,13,8,3,18,15,98,,,Team Totals,240,.511,.414,.296,.420,28.6,79.1,52.2,43.3,8.3,5.0,15.8,100.0,101.5,94.2,
https://www.basketball-reference.com/boxscores/201201110TOR.html,"7:00 PM, January 11, 2012",Toronto Raptors,Sacramento Kings,91,98,TOR,,,Team Totals,240,34,80,.425,6,20,.300,17,21,.810,9,35,44,20,7,4,18,28,91,,,Team Totals,240,.510,.463,.250,.263,20.9,71.4,47.8,58.8,7.2,7.0,16.8,100.0,94.2,101.5,
https://www.basketball-reference.com/boxscores/201201110UTA.html,"9:00 PM, January 11, 2012",Utah Jazz,Los Angeles Lakers,87,90,LAL,,,Team Totals,265,35,82,.427,4,9,.444,16,19,.842,8,38,46,17,5,6,17,18,90,,,Team Totals,265,.498,.451,.110,.232,18.2,79.2,50.0,48.6,5.1,7.6,15.8,100.0,92.2,89.2,
https://www.basketball-reference.com/boxscores/201201110UTA.html,"9:00 PM, January 11, 2012",Utah Jazz,Los Angeles Lakers,87,90,UTA,,,Team Totals,265,36,93,.387,4,14,.286,11,16,.688,10,36,46,22,7,4,11,22,87,,,Team Totals,265,.435,.409,.151,.172,20.8,81.8,50.0,61.1,7.2,5.5,9.9,100.0,89.2,92.2,
https://www.basketball-reference.com/boxscores/201201120ATL.html,"7:30 PM, January 12, 2012",Atlanta Hawks,Charlotte Bobcats,111,81,CHA,,,Team Totals,240,33,78,.423,1,8,.125,14,16,.875,4,26,30,21,3,6,12,19,81,,,Team Totals,240,.476,.429,.103,.205,10.3,56.5,35.3,63.6,3.3,8.5,12.4,100.0,90.3,123.8,
https://www.basketball-reference.com/boxscores/201201120ATL.html,"7:30 PM, January 12, 2012",Atlanta Hawks,Charlotte Bobcats,111,81,ATL,,,Team Totals,240,42,90,.467,6,19,.316,21,28,.750,20,35,55,29,8,4,9,16,111,,,Team Totals,240,.542,.500,.211,.311,43.5,89.7,64.7,69.0,8.9,5.7,8.1,100.0,123.8,90.3,
https://www.basketball-reference.com/boxscores/201201120GSW.html,"10:30 PM, January 12, 2012",Golden State Warriors,Orlando Magic,109,117,ORL,,,Team Totals,240,35,68,.515,11,23,.478,36,55,.655,9,34,43,27,9,4,10,16,117,,,Team Totals,240,.634,.596,.338,.809,22.0,85.0,53.1,77.1,9.5,6.8,9.8,100.0,123.4,115.0,
https://www.basketball-reference.com/boxscores/201201120GSW.html,"10:30 PM, January 12, 2012",Golden State Warriors,Orlando Magic,109,117,GSW,,,Team Totals,240,43,82,.524,10,23,.435,13,19,.684,6,32,38,27,7,2,14,36,109,,,Team Totals,240,.603,.585,.280,.232,15.0,78.0,46.9,62.8,7.4,4.4,13.4,100.0,115.0,123.4,
https://www.basketball-reference.com/boxscores/201201120MEM.html,"8:00 PM, January 12, 2012",Memphis Grizzlies,New York Knicks,94,83,NYK,,,Team Totals,240,31,83,.373,11,26,.423,10,11,.909,8,33,41,19,8,3,18,23,83,,,Team Totals,240,.472,.440,.313,.133,16.7,80.5,46.1,61.3,8.4,4.8,17.0,100.0,87.1,98.7,
https://www.basketball-reference.com/boxscores/201201120MEM.html,"8:00 PM, January 12, 2012",Memphis Grizzlies,New York Knicks,94,83,MEM,,,Team Totals,240,34,75,.453,6,12,.500,20,30,.667,8,40,48,20,9,6,16,11,94,,,Team Totals,240,.533,.493,.160,.400,19.5,83.3,53.9,58.8,9.4,10.5,15.4,100.0,98.7,87.1,
https://www.basketball-reference.com/boxscores/201201120MIL.html,"8:00 PM, January 12, 2012",Milwaukee Bucks,Detroit Pistons,102,93,DET,,,Team Totals,240,33,74,.446,3,5,.600,24,24,1.000,10,25,35,18,6,3,16,21,93,,,Team Totals,240,.550,.466,.068,.324,31.3,65.8,50.0,54.5,7.0,5.4,15.9,100.0,109.0,119.5,
https://www.basketball-reference.com/boxscores/201201120MIL.html,"8:00 PM, January 12, 2012",Milwaukee Bucks,Detroit Pistons,102,93,MIL,,,Team Totals,240,37,78,.474,11,22,.500,17,17,1.000,13,22,35,25,9,7,15,20,102,,,Team Totals,240,.597,.545,.282,.218,34.2,68.8,50.0,67.6,10.5,10.1,14.9,100.0,119.5,109.0,
https://www.basketball-reference.com/boxscores/201201120PHO.html,"9:00 PM, January 12, 2012",Phoenix Suns,Cleveland Cavaliers,90,101,CLE,,,Team Totals,240,39,89,.438,10,19,.526,13,21,.619,15,32,47,22,10,2,13,19,101,,,Team Totals,240,.514,.494,.213,.236,33.3,78.0,54.7,56.4,11.0,3.7,11.7,100.0,111.0,98.9,
https://www.basketball-reference.com/boxscores/201201120PHO.html,"9:00 PM, January 12, 2012",Phoenix Suns,Cleveland Cavaliers,90,101,PHO,,,Team Totals,240,34,75,.453,8,21,.381,14,20,.700,9,30,39,23,6,10,16,21,90,,,Team Totals,240,.537,.507,.280,.267,22.0,66.7,45.3,67.6,6.6,14.3,16.0,100.0,98.9,111.0,
https://www.basketball-reference.com/boxscores/201201130BOS.html,"8:00 PM, January 13, 2012",Boston Celtics,Chicago Bulls,79,88,CHI,,,Team Totals,240,34,76,.447,4,13,.308,16,21,.762,12,35,47,20,5,6,13,14,88,,,Team Totals,240,.516,.474,.171,.276,31.6,81.4,58.0,58.8,6.1,9.8,13.2,100.0,107.5,96.5,
https://www.basketball-reference.com/boxscores/201201130BOS.html,"8:00 PM, January 13, 2012",Boston Celtics,Chicago Bulls,79,88,BOS,,,Team Totals,240,31,75,.413,6,14,.429,11,13,.846,8,26,34,20,6,3,9,19,79,,,Team Totals,240,.489,.453,.187,.173,18.6,68.4,42.0,64.5,7.3,4.8,10.0,100.0,96.5,107.5,
https://www.basketball-reference.com/boxscores/201201130CHA.html,"7:00 PM, January 13, 2012",Charlotte Bobcats,Detroit Pistons,81,98,DET,,,Team Totals,240,40,82,.488,7,14,.500,11,16,.688,13,33,46,26,7,6,13,17,98,,,Team Totals,240,.550,.530,.171,.195,32.5,82.5,57.5,65.0,8.1,9.1,12.7,100.0,113.6,93.9,
https://www.basketball-reference.com/boxscores/201201130CHA.html,"7:00 PM, January 13, 2012",Charlotte Bobcats,Detroit Pistons,81,98,CHA,,,Team Totals,240,33,74,.446,1,8,.125,14,16,.875,7,27,34,22,6,9,13,15,81,,,Team Totals,240,.500,.453,.108,.216,17.5,67.5,42.5,66.7,7.0,13.2,13.8,100.0,93.9,113.6,
https://www.basketball-reference.com/boxscores/201201130DAL.html,"8:30 PM, January 13, 2012",Dallas Mavericks,Milwaukee Bucks,102,76,MIL,,,Team Totals,240,29,78,.372,5,24,.208,13,16,.813,12,24,36,15,9,1,19,21,76,,,Team Totals,240,.447,.404,.308,.205,25.5,75.0,45.6,51.7,10.0,1.9,18.3,100.0,84.2,113.0,
https://www.basketball-reference.com/boxscores/201201130DAL.html,"8:30 PM, January 13, 2012",Dallas Mavericks,Milwaukee Bucks,102,76,DAL,,,Team Totals,240,39,75,.520,10,22,.455,14,18,.778,8,35,43,20,13,6,18,17,102,,,Team Totals,240,.615,.587,.293,.240,25.0,74.5,54.4,51.3,14.4,11.1,17.8,100.0,113.0,84.2,
https://www.basketball-reference.com/boxscores/201201130DEN.html,"10:30 PM, January 13, 2012",Denver Nuggets,Miami Heat,117,104,MIA,,,Team Totals,240,38,81,.469,7,16,.438,21,29,.724,14,26,40,19,11,4,17,25,104,,,Team Totals,240,.555,.512,.198,.358,32.6,76.5,51.9,50.0,11.4,7.5,15.3,100.0,107.7,121.1,
https://www.basketball-reference.com/boxscores/201201130DEN.html,"10:30 PM, January 13, 2012",Denver Nuggets,Miami Heat,117,104,DEN,,,Team Totals,240,43,78,.551,12,25,.480,19,26,.731,8,29,37,26,10,5,19,19,117,,,Team Totals,240,.654,.628,.321,.333,23.5,67.4,48.1,60.5,10.4,7.7,17.5,100.0,121.1,107.7,
https://www.basketball-reference.com/boxscores/201201130HOU.html,"8:00 PM, January 13, 2012",Houston Rockets,Sacramento Kings,103,89,SAC,,,Team Totals,240,35,80,.438,4,20,.200,15,16,.938,6,30,36,17,8,6,11,15,89,,,Team Totals,240,.511,.463,.250,.200,14.0,62.5,39.6,48.6,8.8,8.8,11.2,100.0,98.0,113.4,
https://www.basketball-reference.com/boxscores/201201130HOU.html,"8:00 PM, January 13, 2012",Houston Rockets,Sacramento Kings,103,89,HOU,,,Team Totals,240,40,89,.449,8,21,.381,15,19,.789,18,37,55,22,6,5,14,15,103,,,Team Totals,240,.529,.494,.236,.213,37.5,86.0,60.4,55.0,6.6,8.3,12.6,100.0,113.4,98.0,
https://www.basketball-reference.com/boxscores/201201130LAL.html,"10:30 PM, January 13, 2012",Los Angeles Lakers,Cleveland Cavaliers,97,92,CLE,,,Team Totals,240,32,85,.376,8,24,.333,20,25,.800,13,31,44,20,5,0,20,24,92,,,Team Totals,240,.479,.424,.282,.294,31.0,81.6,55.0,62.5,5.2,0.0,17.2,100.0,95.4,100.5,
https://www.basketball-reference.com/boxscores/201201130LAL.html,"10:30 PM, January 13, 2012",Los Angeles Lakers,Cleveland Cavaliers,97,92,LAL,,,Team Totals,240,37,76,.487,5,14,.357,18,23,.783,7,29,36,30,10,5,18,26,97,,,Team Totals,240,.563,.520,.184,.303,18.4,69.0,45.0,81.1,10.4,8.2,17.3,100.0,100.5,95.4,
https://www.basketball-reference.com/boxscores/201201130NOH.html,"8:00 PM, January 13, 2012",New Orleans Hornets,Minnesota Timberwolves,80,87,MIN,,,Team Totals,240,24,70,.343,6,25,.240,33,38,.868,12,36,48,11,5,5,17,19,87,,,Team Totals,240,.502,.386,.357,.543,27.3,65.5,48.5,45.8,5.6,6.8,16.4,100.0,98.0,90.2,
https://www.basketball-reference.com/boxscores/201201130NOH.html,"8:00 PM, January 13, 2012",New Orleans Hornets,Minnesota Timberwolves,80,87,NOH,,,Team Totals,240,34,90,.378,4,16,.250,8,16,.500,19,32,51,17,10,2,13,32,80,,,Team Totals,240,.412,.400,.178,.178,34.5,72.7,51.5,50.0,11.3,4.4,11.8,100.0,90.2,98.0,
https://www.basketball-reference.com/boxscores/201201130PHI.html,"7:00 PM, January 13, 2012",Philadelphia 76ers,Washington Wizards,120,89,WAS,,,Team Totals,240,36,81,.444,4,17,.235,13,20,.650,9,28,37,18,8,5,19,16,89,,,Team Totals,240,.496,.469,.210,.247,23.1,75.7,48.7,50.0,8.4,7.5,17.5,100.0,92.9,125.3,
https://www.basketball-reference.com/boxscores/201201130PHI.html,"7:00 PM, January 13, 2012",Philadelphia 76ers,Washington Wizards,120,89,PHI,,,Team Totals,240,47,85,.553,12,18,.667,14,19,.737,9,30,39,27,10,2,12,15,120,,,Team Totals,240,.643,.624,.212,.224,24.3,76.9,51.3,57.4,10.4,3.1,11.4,100.0,125.3,92.9,
https://www.basketball-reference.com/boxscores/201201130PHO.html,"9:00 PM, January 13, 2012",Phoenix Suns,New Jersey Nets,103,110,NJN,,,Team Totals,240,40,80,.500,15,32,.469,15,19,.789,8,27,35,18,9,3,13,21,110,,,Team Totals,240,.622,.594,.400,.238,23.5,75.0,50.0,45.0,10.1,5.3,12.8,100.0,123.1,115.2,
https://www.basketball-reference.com/boxscores/201201130PHO.html,"9:00 PM, January 13, 2012",Phoenix Suns,New Jersey Nets,103,110,PHO,,,Team Totals,240,41,79,.519,8,22,.364,13,16,.813,9,26,35,26,4,1,13,18,103,,,Team Totals,240,.599,.570,.278,.203,25.0,76.5,50.0,63.4,4.5,2.1,13.1,100.0,115.2,123.1,
https://www.basketball-reference.com/boxscores/201201130SAS.html,"8:30 PM, January 13, 2012",San Antonio Spurs,Portland Trail Blazers,99,83,POR,,,Team Totals,240,34,84,.405,5,18,.278,10,14,.714,10,26,36,20,18,5,18,22,83,,,Team Totals,240,.460,.435,.214,.167,20.4,70.3,41.9,58.8,18.7,8.8,16.6,100.0,86.4,103.0,
https://www.basketball-reference.com/boxscores/201201130SAS.html,"8:30 PM, January 13, 2012",San Antonio Spurs,Portland Trail Blazers,99,83,SAS,,,Team Totals,240,38,74,.514,6,17,.353,17,25,.680,11,39,50,23,8,7,23,22,99,,,Team Totals,240,.582,.554,.230,.338,29.7,79.6,58.1,60.5,8.3,10.6,21.3,100.0,103.0,86.4,
https://www.basketball-reference.com/boxscores/201201130TOR.html,"7:00 PM, January 13, 2012",Toronto Raptors,Indiana Pacers,90,95,IND,,,Team Totals,240,30,66,.455,3,8,.375,32,38,.842,9,27,36,13,9,4,17,22,95,,,Team Totals,240,.574,.477,.121,.576,27.3,71.1,50.7,43.3,10.1,7.0,17.0,100.0,106.3,100.7,
https://www.basketball-reference.com/boxscores/201201130TOR.html,"7:00 PM, January 13, 2012",Toronto Raptors,Indiana Pacers,90,95,TOR,,,Team Totals,240,33,74,.446,4,17,.235,20,32,.625,11,24,35,17,4,3,17,32,90,,,Team Totals,240,.511,.473,.230,.432,28.9,72.7,49.3,51.5,4.5,5.2,16.2,100.0,100.7,106.3,
https://www.basketball-reference.com/boxscores/201201140ATL.html,"7:00 PM, January 14, 2012",Atlanta Hawks,Minnesota Timberwolves,93,91,MIN,,,Team Totals,240,38,85,.447,4,21,.190,11,12,.917,10,30,40,21,12,4,15,21,91,,,Team Totals,240,.504,.471,.247,.141,21.3,68.2,44.0,55.3,12.8,7.0,14.2,100.0,97.2,99.3,
https://www.basketball-reference.com/boxscores/201201140ATL.html,"7:00 PM, January 14, 2012",Atlanta Hawks,Minnesota Timberwolves,93,91,ATL,,,Team Totals,240,32,78,.410,7,21,.333,22,27,.815,14,37,51,21,8,6,20,14,93,,,Team Totals,240,.517,.455,.269,.346,31.8,78.7,56.0,65.6,8.5,9.4,18.2,100.0,99.3,97.2,
https://www.basketball-reference.com/boxscores/201201140CHA.html,"7:00 PM, January 14, 2012",Charlotte Bobcats,Golden State Warriors,112,100,GSW,,,Team Totals,240,35,84,.417,5,20,.250,25,32,.781,12,29,41,18,8,5,13,31,100,,,Team Totals,240,.510,.446,.238,.381,29.3,78.4,52.6,51.4,8.4,7.9,11.7,100.0,104.8,117.4,
https://www.basketball-reference.com/boxscores/201201140CHA.html,"7:00 PM, January 14, 2012",Charlotte Bobcats,Golden State Warriors,112,100,CHA,,,Team Totals,240,38,76,.500,7,13,.538,29,38,.763,8,29,37,21,3,2,14,25,112,,,Team Totals,240,.604,.546,.171,.500,21.6,70.7,47.4,55.3,3.1,3.1,13.1,100.0,117.4,104.8,
https://www.basketball-reference.com/boxscores/201201140CHI.html,"8:00 PM, January 14, 2012",Chicago Bulls,Toronto Raptors,77,64,TOR,,,Team Totals,240,30,86,.349,3,10,.300,1,7,.143,14,36,50,17,3,4,9,15,64,,,Team Totals,240,.359,.366,.116,.081,25.9,75.0,49.0,56.7,3.7,6.0,9.2,100.0,79.5,95.7,
https://www.basketball-reference.com/boxscores/201201140CHI.html,"8:00 PM, January 14, 2012",Chicago Bulls,Toronto Raptors,77,64,CHI,,,Team Totals,240,33,82,.402,4,15,.267,7,12,.583,12,40,52,19,6,6,5,7,77,,,Team Totals,240,.441,.427,.183,.146,25.0,74.1,51.0,57.6,7.5,7.9,5.4,100.0,95.7,79.5,
https://www.basketball-reference.com/boxscores/201201140DAL.html,"9:00 PM, January 14, 2012",Dallas Mavericks,Sacramento Kings,99,60,SAC,,,Team Totals,240,22,86,.256,2,21,.095,14,18,.778,16,34,50,10,11,3,17,21,60,,,Team Totals,240,.319,.267,.244,.209,25.4,73.9,45.9,45.5,11.7,4.6,15.3,100.0,63.7,105.0,
https://www.basketball-reference.com/boxscores/201201140DAL.html,"9:00 PM, January 14, 2012",Dallas Mavericks,Sacramento Kings,99,60,DAL,,,Team Totals,240,37,81,.457,7,16,.438,18,25,.720,12,47,59,19,10,6,17,16,99,,,Team Totals,240,.538,.500,.198,.309,26.1,74.6,54.1,51.4,10.6,9.2,15.6,100.0,105.0,63.7,
https://www.basketball-reference.com/boxscores/201201140HOU.html,"8:00 PM, January 14, 2012",Houston Rockets,Portland Trail Blazers,107,105,POR,,,Team Totals,265,37,90,.411,9,26,.346,22,31,.710,17,29,46,18,10,11,13,25,105,,,Team Totals,265,.507,.461,.289,.344,32.7,60.4,46.0,48.6,10.2,14.7,11.1,100.0,107.0,109.1,
https://www.basketball-reference.com/boxscores/201201140HOU.html,"8:00 PM, January 14, 2012",Houston Rockets,Portland Trail Blazers,107,105,HOU,,,Team Totals,265,39,93,.419,5,18,.278,24,28,.857,19,35,54,20,8,4,18,30,107,,,Team Totals,265,.508,.446,.194,.301,39.6,67.3,54.0,51.3,8.2,6.3,14.6,100.0,109.1,107.0,
https://www.basketball-reference.com/boxscores/201201140IND.html,"7:00 PM, January 14, 2012",Indiana Pacers,Boston Celtics,97,83,BOS,,,Team Totals,240,32,83,.386,5,15,.333,14,18,.778,15,30,45,20,4,6,18,24,83,,,Team Totals,240,.456,.416,.181,.217,31.9,60.0,46.4,62.5,4.4,7.7,16.5,100.0,90.3,105.6,
https://www.basketball-reference.com/boxscores/201201140IND.html,"7:00 PM, January 14, 2012",Indiana Pacers,Boston Celtics,97,83,IND,,,Team Totals,240,35,94,.372,5,16,.313,22,23,.957,20,32,52,14,12,10,15,18,97,,,Team Totals,240,.466,.399,.170,.245,40.0,68.1,53.6,40.0,13.1,14.7,12.6,100.0,105.6,90.3,
https://www.basketball-reference.com/boxscores/201201140LAC.html,"10:30 PM, January 14, 2012",Los Angeles Clippers,Los Angeles Lakers,102,94,LAL,,,Team Totals,240,35,77,.455,5,12,.417,19,25,.760,11,31,42,24,3,2,11,26,94,,,Team Totals,240,.534,.487,.156,.325,25.0,64.6,45.7,68.6,3.5,3.1,11.1,100.0,108.2,117.4,
https://www.basketball-reference.com/boxscores/201201140LAC.html,"10:30 PM, January 14, 2012",Los Angeles Clippers,Los Angeles Lakers,102,94,LAC,,,Team Totals,240,35,85,.412,9,21,.429,23,30,.767,17,33,50,17,5,1,9,22,102,,,Team Totals,240,.519,.465,.247,.353,35.4,75.0,54.3,48.6,5.8,1.5,8.4,100.0,117.4,108.2,
https://www.basketball-reference.com/boxscores/201201140MEM.html,"8:00 PM, January 14, 2012",Memphis Grizzlies,New Orleans Hornets,108,99,NOH,,,Team Totals,240,35,75,.467,4,10,.400,25,31,.806,12,31,43,19,5,8,17,30,99,,,Team Totals,240,.558,.493,.133,.413,30.8,70.5,51.8,54.3,5.5,11.8,16.1,100.0,109.4,119.3,
https://www.basketball-reference.com/boxscores/201201140MEM.html,"8:00 PM, January 14, 2012",Memphis Grizzlies,New Orleans Hornets,108,99,MEM,,,Team Totals,240,35,78,.449,5,10,.500,33,41,.805,13,27,40,16,7,5,9,19,108,,,Team Totals,240,.562,.481,.128,.526,29.5,69.2,48.2,45.7,7.7,7.7,8.6,100.0,119.3,109.4,
https://www.basketball-reference.com/boxscores/201201140OKC.html,"8:00 PM, January 14, 2012",Oklahoma City Thunder,New York Knicks,104,92,NYK,,,Team Totals,240,34,83,.410,5,19,.263,19,23,.826,15,28,43,18,12,3,22,23,92,,,Team Totals,240,.494,.440,.229,.277,32.6,80.0,53.1,52.9,12.3,5.7,19.1,100.0,94.5,106.8,
https://www.basketball-reference.com/boxscores/201201140OKC.html,"8:00 PM, January 14, 2012",Oklahoma City Thunder,New York Knicks,104,92,OKC,,,Team Totals,240,34,71,.479,7,18,.389,29,34,.853,7,31,38,18,12,11,21,22,104,,,Team Totals,240,.605,.528,.254,.479,20.0,67.4,46.9,52.9,12.3,17.2,19.6,100.0,106.8,94.5,
https://www.basketball-reference.com/boxscores/201201140UTA.html,"9:00 PM, January 14, 2012",Utah Jazz,New Jersey Nets,107,94,NJN,,,Team Totals,240,32,74,.432,9,27,.333,21,27,.778,8,24,32,21,9,5,17,20,94,,,Team Totals,240,.547,.493,.365,.365,19.0,63.2,40.0,65.6,9.6,6.8,16.5,100.0,100.4,114.3,
https://www.basketball-reference.com/boxscores/201201140UTA.html,"9:00 PM, January 14, 2012",Utah Jazz,New Jersey Nets,107,94,UTA,,,Team Totals,240,42,81,.519,3,8,.375,20,26,.769,14,34,48,27,13,4,18,26,107,,,Team Totals,240,.579,.537,.099,.321,36.8,81.0,60.0,64.3,13.9,8.5,16.3,100.0,114.3,100.4,
https://www.basketball-reference.com/boxscores/201201140WAS.html,"7:00 PM, January 14, 2012",Washington Wizards,Philadelphia 76ers,90,103,PHI,,,Team Totals,240,37,86,.430,6,16,.375,23,27,.852,8,29,37,20,12,6,8,16,103,,,Team Totals,240,.526,.465,.186,.314,18.2,63.0,41.1,54.1,12.7,8.1,7.6,100.0,109.4,95.6,
https://www.basketball-reference.com/boxscores/201201140WAS.html,"7:00 PM, January 14, 2012",Washington Wizards,Philadelphia 76ers,90,103,WAS,,,Team Totals,240,38,88,.432,3,14,.214,11,17,.647,17,36,53,19,2,8,18,18,90,,,Team Totals,240,.471,.449,.159,.193,37.0,81.8,58.9,50.0,2.1,11.4,15.9,100.0,95.6,109.4,
https://www.basketball-reference.com/boxscores/201201150DEN.html,"8:00 PM, January 15, 2012",Denver Nuggets,Utah Jazz,96,106,UTA,,,Team Totals,240,44,85,.518,4,12,.333,14,20,.700,10,32,42,27,7,6,15,30,106,,,Team Totals,240,.565,.541,.141,.235,26.3,74.4,51.9,61.4,7.3,10.2,13.8,100.0,110.8,100.4,
https://www.basketball-reference.com/boxscores/201201150DEN.html,"8:00 PM, January 15, 2012",Denver Nuggets,Utah Jazz,96,106,DEN,,,Team Totals,240,32,75,.427,6,16,.375,26,39,.667,11,28,39,21,9,7,16,22,96,,,Team Totals,240,.521,.467,.213,.520,25.6,73.7,48.1,65.6,9.4,9.6,14.8,100.0,100.4,110.8,
https://www.basketball-reference.com/boxscores/201201150DET.html,"6:00 PM, January 15, 2012",Detroit Pistons,Golden State Warriors,91,99,GSW,,,Team Totals,240,38,73,.521,3,15,.200,20,27,.741,10,33,43,23,9,7,16,22,99,,,Team Totals,240,.583,.541,.205,.370,28.6,82.5,57.3,60.5,10.1,12.7,15.9,100.0,111.0,102.0,
https://www.basketball-reference.com/boxscores/201201150DET.html,"6:00 PM, January 15, 2012",Detroit Pistons,Golden State Warriors,91,99,DET,,,Team Totals,240,31,74,.419,7,19,.368,22,26,.846,7,25,32,23,7,3,13,19,91,,,Team Totals,240,.533,.466,.257,.351,17.5,71.4,42.7,74.2,7.8,5.2,13.2,100.0,102.0,111.0,
https://www.basketball-reference.com/boxscores/201201150SAS.html,"9:00 PM, January 15, 2012",San Antonio Spurs,Phoenix Suns,102,91,PHO,,,Team Totals,240,38,91,.418,5,15,.333,10,14,.714,10,31,41,20,6,1,12,21,91,,,Team Totals,240,.468,.445,.165,.154,20.0,79.5,46.1,52.6,6.2,1.6,11.0,100.0,94.6,106.0,
https://www.basketball-reference.com/boxscores/201201150SAS.html,"9:00 PM, January 15, 2012",San Antonio Spurs,Phoenix Suns,102,91,SAS,,,Team Totals,240,40,81,.494,5,19,.263,17,23,.739,8,40,48,27,7,6,14,15,102,,,Team Totals,240,.560,.525,.235,.284,20.5,80.0,53.9,67.5,7.3,7.9,13.3,100.0,106.0,94.6,
https://www.basketball-reference.com/boxscores/201201160ATL.html,"4:00 PM, January 16, 2012",Atlanta Hawks,Toronto Raptors,93,84,TOR,,,Team Totals,240,33,78,.423,3,12,.250,15,22,.682,11,31,42,19,4,6,17,27,84,,,Team Totals,240,.479,.442,.154,.282,26.8,83.8,53.8,57.6,4.5,10.3,16.2,100.0,94.6,104.8,
https://www.basketball-reference.com/boxscores/201201160ATL.html,"4:00 PM, January 16, 2012",Atlanta Hawks,Toronto Raptors,93,84,ATL,,,Team Totals,240,32,71,.451,5,13,.385,24,31,.774,6,30,36,21,6,7,10,19,93,,,Team Totals,240,.549,.486,.183,.437,16.2,73.2,46.2,65.6,6.8,10.6,10.6,100.0,104.8,94.6,
https://www.basketball-reference.com/boxscores/201201160BOS.html,"8:00 PM, January 16, 2012",Boston Celtics,Oklahoma City Thunder,88,97,OKC,,,Team Totals,240,36,80,.450,7,19,.368,18,19,.947,9,31,40,13,12,6,13,19,97,,,Team Totals,240,.549,.494,.238,.238,21.4,67.4,45.5,36.1,13.0,8.2,12.8,100.0,105.2,95.4,
https://www.basketball-reference.com/boxscores/201201160BOS.html,"8:00 PM, January 16, 2012",Boston Celtics,Oklahoma City Thunder,88,97,BOS,,,Team Totals,240,34,87,.391,6,14,.429,14,16,.875,15,33,48,18,6,4,19,17,88,,,Team Totals,240,.468,.425,.161,.184,32.6,78.6,54.5,52.9,6.5,6.6,16.8,100.0,95.4,105.2,
https://www.basketball-reference.com/boxscores/201201160CHA.html,"2:00 PM, January 16, 2012",Charlotte Bobcats,Cleveland Cavaliers,94,102,CLE,,,Team Totals,240,39,80,.488,4,15,.267,20,29,.690,9,34,43,26,6,5,16,23,102,,,Team Totals,240,.550,.513,.188,.363,25.0,73.9,52.4,66.7,6.3,7.2,14.7,100.0,106.5,98.1,
https://www.basketball-reference.com/boxscores/201201160CHA.html,"2:00 PM, January 16, 2012",Charlotte Bobcats,Cleveland Cavaliers,94,102,CHA,,,Team Totals,240,38,86,.442,4,17,.235,14,26,.538,12,27,39,20,11,8,12,23,94,,,Team Totals,240,.482,.465,.198,.302,26.1,75.0,47.6,52.6,11.5,12.3,11.0,100.0,98.1,106.5,
https://www.basketball-reference.com/boxscores/201201160LAC.html,"3:30 PM, January 16, 2012",Los Angeles Clippers,New Jersey Nets,101,91,NJN,,,Team Totals,240,33,78,.423,8,24,.333,17,26,.654,9,26,35,22,7,2,10,24,91,,,Team Totals,240,.509,.474,.308,.333,22.5,63.4,43.2,66.7,7.8,3.4,10.1,100.0,101.8,113.0,
https://www.basketball-reference.com/boxscores/201201160LAC.html,"3:30 PM, January 16, 2012",Los Angeles Clippers,New Jersey Nets,101,91,LAC,,,Team Totals,240,37,80,.463,8,21,.381,19,35,.543,15,31,46,26,7,8,14,21,101,,,Team Totals,240,.529,.513,.263,.438,36.6,77.5,56.8,70.3,7.8,14.8,12.8,100.0,113.0,101.8,
https://www.basketball-reference.com/boxscores/201201160LAL.html,"10:30 PM, January 16, 2012",Los Angeles Lakers,Dallas Mavericks,73,70,DAL,,,Team Totals,240,28,80,.350,4,26,.154,10,16,.625,11,38,49,16,7,5,15,15,70,,,Team Totals,240,.402,.375,.325,.200,22.4,86.4,52.7,57.1,7.9,7.6,14.7,100.0,79.3,82.6,
https://www.basketball-reference.com/boxscores/201201160LAL.html,"10:30 PM, January 16, 2012",Los Angeles Lakers,Dallas Mavericks,73,70,LAL,,,Team Totals,240,29,76,.382,1,10,.100,14,19,.737,6,38,44,19,9,4,11,14,73,,,Team Totals,240,.433,.388,.132,.250,13.6,77.6,47.3,65.5,10.2,7.4,11.5,100.0,82.6,79.3,
https://www.basketball-reference.com/boxscores/201201160MEM.html,"1:00 PM, January 16, 2012",Memphis Grizzlies,Chicago Bulls,102,86,CHI,,,Team Totals,240,33,78,.423,1,12,.083,19,25,.760,13,21,34,12,13,7,19,14,86,,,Team Totals,240,.483,.429,.154,.321,29.5,58.3,42.5,36.4,14.0,9.1,17.6,100.0,92.7,109.9,
https://www.basketball-reference.com/boxscores/201201160MEM.html,"1:00 PM, January 16, 2012",Memphis Grizzlies,Chicago Bulls,102,86,MEM,,,Team Totals,240,47,87,.540,3,10,.300,5,9,.556,15,31,46,23,10,4,20,19,102,,,Team Totals,240,.561,.557,.115,.103,41.7,70.5,57.5,48.9,10.8,6.1,18.0,100.0,109.9,92.7,
https://www.basketball-reference.com/boxscores/201201160MIN.html,"8:00 PM, January 16, 2012",Minnesota Timberwolves,Sacramento Kings,99,86,SAC,,,Team Totals,240,35,79,.443,4,17,.235,12,20,.600,9,28,37,20,8,4,17,18,86,,,Team Totals,240,.490,.468,.215,.253,23.7,75.7,49.3,57.1,8.8,7.4,16.2,100.0,94.4,108.6,
https://www.basketball-reference.com/boxscores/201201160MIN.html,"8:00 PM, January 16, 2012",Minnesota Timberwolves,Sacramento Kings,99,86,MIN,,,Team Totals,240,37,80,.463,10,26,.385,15,19,.789,9,29,38,24,11,8,13,20,99,,,Team Totals,240,.560,.525,.325,.238,24.3,76.3,50.7,64.9,12.1,12.9,12.8,100.0,108.6,94.4,
https://www.basketball-reference.com/boxscores/201201160NOH.html,"3:00 PM, January 16, 2012",New Orleans Hornets,Portland Trail Blazers,77,84,POR,,,Team Totals,240,34,72,.472,6,20,.300,10,15,.667,4,33,37,25,9,1,17,20,84,,,Team Totals,240,.534,.514,.278,.208,11.1,80.5,48.1,73.5,10.0,1.7,17.8,100.0,93.2,85.4,
https://www.basketball-reference.com/boxscores/201201160NOH.html,"3:00 PM, January 16, 2012",New Orleans Hornets,Portland Trail Blazers,77,84,NOH,,,Team Totals,240,28,68,.412,0,9,.000,21,28,.750,8,32,40,16,9,6,19,15,77,,,Team Totals,240,.479,.412,.132,.412,19.5,88.9,51.9,57.1,10.0,11.5,19.1,100.0,85.4,93.2,
https://www.basketball-reference.com/boxscores/201201160NYK.html,"1:00 PM, January 16, 2012",New York Knicks,Orlando Magic,93,102,ORL,,,Team Totals,240,36,71,.507,17,35,.486,13,22,.591,6,35,41,21,3,4,17,27,102,,,Team Totals,240,.632,.627,.493,.310,17.1,87.5,54.7,58.3,3.3,7.5,17.4,100.0,112.2,102.3,
https://www.basketball-reference.com/boxscores/201201160NYK.html,"1:00 PM, January 16, 2012",New York Knicks,Orlando Magic,93,102,NYK,,,Team Totals,240,30,73,.411,5,20,.250,28,33,.848,5,29,34,14,12,0,11,23,93,,,Team Totals,240,.531,.445,.274,.452,12.5,82.9,45.3,46.7,13.2,0.0,11.2,100.0,102.3,112.2,
https://www.basketball-reference.com/boxscores/201201160PHI.html,"2:00 PM, January 16, 2012",Philadelphia 76ers,Milwaukee Bucks,94,82,MIL,,,Team Totals,240,35,75,.467,3,14,.214,9,14,.643,9,32,41,16,5,6,16,15,82,,,Team Totals,240,.505,.487,.187,.187,22.5,80.0,51.3,45.7,5.7,9.8,16.5,100.0,93.7,107.4,
https://www.basketball-reference.com/boxscores/201201160PHI.html,"2:00 PM, January 16, 2012",Philadelphia 76ers,Milwaukee Bucks,94,82,PHI,,,Team Totals,240,37,84,.440,11,23,.478,9,13,.692,8,31,39,22,12,6,9,15,94,,,Team Totals,240,.524,.506,.274,.155,20.0,77.5,48.8,59.5,13.7,9.8,9.1,100.0,107.4,93.7,
https://www.basketball-reference.com/boxscores/201201160WAS.html,"2:00 PM, January 16, 2012",Washington Wizards,Houston Rockets,106,114,HOU,,,Team Totals,240,42,87,.483,5,16,.313,25,26,.962,15,27,42,24,6,7,11,21,114,,,Team Totals,240,.579,.511,.184,.299,33.3,67.5,49.4,57.1,6.5,10.1,10.1,100.0,122.7,114.0,
https://www.basketball-reference.com/boxscores/201201160WAS.html,"2:00 PM, January 16, 2012",Washington Wizards,Houston Rockets,106,114,WAS,,,Team Totals,240,39,80,.488,3,11,.273,25,32,.781,13,30,43,16,7,4,15,22,106,,,Team Totals,240,.563,.506,.138,.400,32.5,66.7,50.6,41.0,7.5,5.6,13.8,100.0,114.0,122.7,
https://www.basketball-reference.com/boxscores/201201170CHI.html,"8:00 PM, January 17, 2012",Chicago Bulls,Phoenix Suns,118,97,PHO,,,Team Totals,240,38,74,.514,5,11,.455,16,19,.842,7,31,38,19,2,6,20,17,97,,,Team Totals,240,.589,.547,.149,.257,19.4,72.1,48.1,50.0,2.2,7.7,19.5,100.0,104.6,127.2,
https://www.basketball-reference.com/boxscores/201201170CHI.html,"8:00 PM, January 17, 2012",Chicago Bulls,Phoenix Suns,118,97,CHI,,,Team Totals,240,47,88,.534,5,10,.500,19,24,.792,12,29,41,31,9,2,6,17,118,,,Team Totals,240,.599,.563,.114,.273,27.9,80.6,51.9,66.0,9.7,3.2,5.7,100.0,127.2,104.6,
https://www.basketball-reference.com/boxscores/201201170CLE.html,"7:00 PM, January 17, 2012",Cleveland Cavaliers,Golden State Warriors,95,105,GSW,,,Team Totals,240,41,94,.436,9,19,.474,14,19,.737,12,31,43,26,10,6,12,24,105,,,Team Totals,240,.513,.484,.202,.202,25.5,62.0,44.3,63.4,10.1,9.0,10.5,100.0,105.9,95.9,
https://www.basketball-reference.com/boxscores/201201170CLE.html,"7:00 PM, January 17, 2012",Cleveland Cavaliers,Golden State Warriors,95,105,CLE,,,Team Totals,240,35,82,.427,5,15,.333,20,28,.714,19,35,54,16,7,6,25,16,95,,,Team Totals,240,.504,.457,.183,.341,38.0,74.5,55.7,45.7,7.1,8.0,21.0,100.0,95.9,105.9,
https://www.basketball-reference.com/boxscores/201201170HOU.html,"8:00 PM, January 17, 2012",Houston Rockets,Detroit Pistons,97,80,DET,,,Team Totals,240,34,83,.410,4,13,.308,8,9,.889,14,21,35,17,10,7,20,16,80,,,Team Totals,240,.460,.434,.157,.108,35.9,55.3,45.5,50.0,11.4,11.3,18.7,100.0,91.5,110.9,
https://www.basketball-reference.com/boxscores/201201170HOU.html,"8:00 PM, January 17, 2012",Houston Rockets,Detroit Pistons,97,80,HOU,,,Team Totals,240,40,81,.494,8,19,.421,9,12,.750,17,25,42,16,11,1,21,18,97,,,Team Totals,240,.562,.543,.235,.148,44.7,64.1,54.5,40.0,12.6,1.4,19.6,100.0,110.9,91.5,
https://www.basketball-reference.com/boxscores/201201170MIA.html,"7:30 PM, January 17, 2012",Miami Heat,San Antonio Spurs,120,98,SAS,,,Team Totals,240,38,80,.475,10,25,.400,12,17,.706,11,25,36,21,7,1,17,18,98,,,Team Totals,240,.560,.538,.313,.213,31.4,73.5,52.2,55.3,7.8,1.9,16.3,100.0,109.5,134.1,
https://www.basketball-reference.com/boxscores/201201170MIA.html,"7:30 PM, January 17, 2012",Miami Heat,San Antonio Spurs,120,98,MIA,,,Team Totals,240,46,79,.582,16,26,.615,12,19,.632,9,24,33,24,7,1,12,19,120,,,Team Totals,240,.687,.684,.329,.241,26.5,68.6,47.8,52.2,7.8,1.8,12.1,100.0,134.1,109.5,
https://www.basketball-reference.com/boxscores/201201170MIL.html,"8:00 PM, January 17, 2012",Milwaukee Bucks,Denver Nuggets,95,105,DEN,,,Team Totals,240,32,75,.427,12,25,.480,29,37,.784,9,33,42,27,9,5,17,15,105,,,Team Totals,240,.575,.507,.333,.493,23.7,70.2,49.4,84.4,9.2,7.4,15.7,100.0,107.9,97.6,
https://www.basketball-reference.com/boxscores/201201170MIL.html,"8:00 PM, January 17, 2012",Milwaukee Bucks,Denver Nuggets,95,105,MIL,,,Team Totals,240,38,91,.418,7,23,.304,12,14,.857,14,29,43,21,10,10,19,27,95,,,Team Totals,240,.489,.456,.253,.154,29.8,76.3,50.6,55.3,10.3,20.0,16.4,100.0,97.6,107.9,
https://www.basketball-reference.com/boxscores/201201170ORL.html,"7:00 PM, January 17, 2012",Orlando Magic,Charlotte Bobcats,96,89,CHA,,,Team Totals,240,36,77,.468,5,17,.294,12,17,.706,5,31,36,23,11,6,18,22,89,,,Team Totals,240,.527,.500,.221,.221,13.5,75.6,46.2,63.9,11.5,10.7,17.6,100.0,93.0,100.4,
https://www.basketball-reference.com/boxscores/201201170ORL.html,"7:00 PM, January 17, 2012",Orlando Magic,Charlotte Bobcats,96,89,ORL,,,Team Totals,240,36,78,.462,7,22,.318,17,26,.654,10,32,42,19,10,5,18,14,96,,,Team Totals,240,.537,.506,.282,.333,24.4,86.5,53.8,52.8,10.5,8.3,16.8,100.0,100.4,93.0,
https://www.basketball-reference.com/boxscores/201201170UTA.html,"9:00 PM, January 17, 2012",Utah Jazz,Los Angeles Clippers,108,79,LAC,,,Team Totals,240,31,85,.365,4,20,.200,13,21,.619,13,32,45,17,4,5,14,21,79,,,Team Totals,240,.419,.388,.235,.247,25.0,78.0,48.4,54.8,4.3,6.8,12.9,100.0,85.3,116.6,
https://www.basketball-reference.com/boxscores/201201170UTA.html,"9:00 PM, January 17, 2012",Utah Jazz,Los Angeles Clippers,108,79,UTA,,,Team Totals,240,39,82,.476,3,8,.375,27,31,.871,9,39,48,18,10,5,8,20,108,,,Team Totals,240,.565,.494,.098,.378,22.0,75.0,51.6,46.2,10.8,7.7,7.7,100.0,116.6,85.3,
https://www.basketball-reference.com/boxscores/201201180ATL.html,"8:00 PM, January 18, 2012",Atlanta Hawks,Portland Trail Blazers,92,89,POR,,,Team Totals,240,35,92,.380,5,19,.263,14,20,.700,13,28,41,23,10,5,9,21,89,,,Team Totals,240,.441,.408,.207,.217,23.6,84.8,46.6,65.7,10.9,8.3,8.2,100.0,96.6,99.9,
https://www.basketball-reference.com/boxscores/201201180ATL.html,"8:00 PM, January 18, 2012",Atlanta Hawks,Portland Trail Blazers,92,89,ATL,,,Team Totals,240,33,71,.465,5,11,.455,21,27,.778,5,42,47,18,4,7,14,18,92,,,Team Totals,240,.555,.500,.155,.380,15.2,76.4,53.4,54.5,4.3,9.6,14.5,100.0,99.9,96.6,
https://www.basketball-reference.com/boxscores/201201180BOS.html,"7:30 PM, January 18, 2012",Boston Celtics,Toronto Raptors,96,73,TOR,,,Team Totals,240,26,69,.377,4,15,.267,17,20,.850,6,32,38,12,4,2,16,25,73,,,Team Totals,240,.469,.406,.217,.290,14.3,78.0,45.8,46.2,4.7,3.6,17.1,100.0,85.1,111.9,
https://www.basketball-reference.com/boxscores/201201180BOS.html,"7:30 PM, January 18, 2012",Boston Celtics,Toronto Raptors,96,73,BOS,,,Team Totals,240,34,71,.479,6,16,.375,22,32,.688,9,36,45,21,7,5,10,20,96,,,Team Totals,240,.564,.521,.225,.451,22.0,85.7,54.2,61.8,8.2,9.3,10.5,100.0,111.9,85.1,
https://www.basketball-reference.com/boxscores/201201180LAC.html,"10:30 PM, January 18, 2012",Los Angeles Clippers,Dallas Mavericks,91,89,DAL,,,Team Totals,240,34,81,.420,9,20,.450,12,18,.667,15,27,42,22,8,7,15,18,89,,,Team Totals,240,.500,.475,.247,.222,32.6,62.8,47.2,64.7,9.1,10.8,14.4,100.0,101.3,103.6,
https://www.basketball-reference.com/boxscores/201201180LAC.html,"10:30 PM, January 18, 2012",Los Angeles Clippers,Dallas Mavericks,91,89,LAC,,,Team Totals,240,37,87,.425,8,22,.364,9,17,.529,16,31,47,25,11,7,15,17,91,,,Team Totals,240,.482,.471,.253,.195,37.2,67.4,52.8,67.6,12.5,11.5,13.7,100.0,103.6,101.3,
https://www.basketball-reference.com/boxscores/201201180MIN.html,"8:00 PM, January 18, 2012",Minnesota Timberwolves,Detroit Pistons,93,85,DET,,,Team Totals,240,35,79,.443,5,11,.455,10,21,.476,14,27,41,15,10,5,19,27,85,,,Team Totals,240,.482,.475,.139,.266,31.1,67.5,48.2,42.9,11.1,9.6,17.7,100.0,94.6,103.5,
https://www.basketball-reference.com/boxscores/201201180MIN.html,"8:00 PM, January 18, 2012",Minnesota Timberwolves,Detroit Pistons,93,85,MIN,,,Team Totals,240,30,75,.400,8,23,.348,25,34,.735,13,31,44,14,11,4,15,19,93,,,Team Totals,240,.517,.453,.307,.453,32.5,68.9,51.8,46.7,12.2,5.9,14.3,100.0,103.5,94.6,
https://www.basketball-reference.com/boxscores/201201180NJN.html,"7:30 PM, January 18, 2012",New Jersey Nets,Golden State Warriors,107,100,GSW,,,Team Totals,240,37,72,.514,8,16,.500,18,27,.667,7,19,26,23,11,8,10,21,100,,,Team Totals,240,.596,.569,.222,.375,19.4,54.3,36.6,62.2,12.9,17.4,10.7,100.0,117.7,125.9,
https://www.basketball-reference.com/boxscores/201201180NJN.html,"7:30 PM, January 18, 2012",New Jersey Nets,Golden State Warriors,107,100,NJN,,,Team Totals,240,37,75,.493,11,29,.379,22,25,.880,16,29,45,24,2,5,18,16,107,,,Team Totals,240,.622,.567,.387,.333,45.7,80.6,63.4,64.9,2.4,8.9,17.3,100.0,125.9,117.7,
https://www.basketball-reference.com/boxscores/201201180NOH.html,"8:00 PM, January 18, 2012",New Orleans Hornets,Memphis Grizzlies,87,93,MEM,,,Team Totals,240,36,73,.493,6,14,.429,15,17,.882,12,25,37,23,11,4,17,17,93,,,Team Totals,240,.578,.534,.192,.233,32.4,73.5,52.1,63.9,13.1,6.9,17.4,100.0,110.6,103.5,
https://www.basketball-reference.com/boxscores/201201180NOH.html,"8:00 PM, January 18, 2012",New Orleans Hornets,Memphis Grizzlies,87,93,NOH,,,Team Totals,240,34,70,.486,5,12,.417,14,16,.875,9,25,34,23,8,6,18,19,87,,,Team Totals,240,.565,.521,.171,.229,26.5,67.6,47.9,67.6,9.5,10.2,18.9,100.0,103.5,110.6,
https://www.basketball-reference.com/boxscores/201201180NYK.html,"7:30 PM, January 18, 2012",New York Knicks,Phoenix Suns,88,91,PHO,,,Team Totals,240,36,79,.456,7,12,.583,12,16,.750,3,35,38,21,9,8,15,21,91,,,Team Totals,240,.529,.500,.152,.203,7.7,66.0,41.3,58.3,9.4,11.3,14.8,100.0,94.7,91.6,
https://www.basketball-reference.com/boxscores/201201180NYK.html,"7:30 PM, January 18, 2012",New York Knicks,Phoenix Suns,88,91,NYK,,,Team Totals,240,32,86,.372,4,15,.267,20,30,.667,18,36,54,19,11,3,17,16,88,,,Team Totals,240,.444,.395,.174,.349,34.0,92.3,58.7,59.4,11.4,4.5,14.6,100.0,91.6,94.7,
https://www.basketball-reference.com/boxscores/201201180ORL.html,"7:00 PM, January 18, 2012",Orlando Magic,San Antonio Spurs,83,85,SAS,,,Team Totals,265,36,84,.429,2,17,.118,11,18,.611,4,37,41,18,5,5,9,22,85,,,Team Totals,265,.462,.440,.202,.214,8.7,67.3,40.6,50.0,5.4,7.6,8.9,100.0,91.3,89.1,
https://www.basketball-reference.com/boxscores/201201180ORL.html,"7:00 PM, January 18, 2012",Orlando Magic,San Antonio Spurs,83,85,ORL,,,Team Totals,265,29,87,.333,4,21,.190,21,27,.778,18,42,60,12,6,3,13,18,83,,,Team Totals,265,.420,.356,.241,.310,32.7,91.3,59.4,41.4,6.4,4.5,11.6,100.0,89.1,91.3,
https://www.basketball-reference.com/boxscores/201201180PHI.html,"7:00 PM, January 18, 2012",Philadelphia 76ers,Denver Nuggets,104,108,DEN,,,Team Totals,265,43,89,.483,7,18,.389,15,22,.682,9,41,50,24,5,3,13,22,108,,,Team Totals,265,.547,.522,.202,.247,19.1,75.9,49.5,55.8,4.9,3.6,11.6,100.0,106.0,102.1,
https://www.basketball-reference.com/boxscores/201201180PHI.html,"7:00 PM, January 18, 2012",Philadelphia 76ers,Denver Nuggets,104,108,PHI,,,Team Totals,265,43,98,.439,4,14,.286,14,19,.737,13,38,51,22,6,4,11,23,104,,,Team Totals,265,.489,.459,.143,.194,24.1,80.9,50.5,51.2,5.9,5.6,9.4,100.0,102.1,106.0,
https://www.basketball-reference.com/boxscores/201201180SAC.html,"10:00 PM, January 18, 2012",Sacramento Kings,Indiana Pacers,92,88,IND,,,Team Totals,240,34,78,.436,1,13,.077,19,27,.704,18,35,53,13,7,8,19,28,88,,,Team Totals,240,.490,.442,.167,.346,43.9,53.8,50.0,38.2,7.9,12.9,17.5,100.0,99.8,104.3,
https://www.basketball-reference.com/boxscores/201201180SAC.html,"10:00 PM, January 18, 2012",Sacramento Kings,Indiana Pacers,92,88,SAC,,,Team Totals,240,28,93,.301,8,31,.258,28,41,.683,30,23,53,17,11,3,12,22,92,,,Team Totals,240,.414,.344,.333,.441,46.2,56.1,50.0,60.7,12.5,4.6,9.8,100.0,104.3,99.8,
https://www.basketball-reference.com/boxscores/201201180WAS.html,"7:00 PM, January 18, 2012",Washington Wizards,Oklahoma City Thunder,105,102,OKC,,,Team Totals,240,37,77,.481,4,19,.211,24,30,.800,6,37,43,15,9,7,21,31,102,,,Team Totals,240,.565,.506,.247,.390,15.4,66.1,45.3,40.5,8.8,10.8,18.9,100.0,99.3,102.3,
https://www.basketball-reference.com/boxscores/201201180WAS.html,"7:00 PM, January 18, 2012",Washington Wizards,Oklahoma City Thunder,105,102,WAS,,,Team Totals,240,33,86,.384,8,21,.381,31,43,.721,19,33,52,18,10,7,18,23,105,,,Team Totals,240,.500,.430,.244,.500,33.9,84.6,54.7,54.5,9.7,12.1,14.6,100.0,102.3,99.3,
https://www.basketball-reference.com/boxscores/201201190HOU.html,"8:00 PM, January 19, 2012",Houston Rockets,New Orleans Hornets,90,88,NOH,,,Team Totals,265,37,94,.394,3,11,.273,11,16,.688,16,32,48,20,9,5,14,15,88,,,Team Totals,265,.435,.410,.117,.170,29.1,69.6,47.5,54.1,9.3,8.2,12.2,100.0,91.4,93.5,
https://www.basketball-reference.com/boxscores/201201190HOU.html,"8:00 PM, January 19, 2012",Houston Rockets,New Orleans Hornets,90,88,HOU,,,Team Totals,265,35,88,.398,9,27,.333,11,13,.846,14,39,53,17,11,7,20,18,90,,,Team Totals,265,.480,.449,.307,.148,30.4,70.9,52.5,48.6,11.4,8.4,17.6,100.0,93.5,91.4,
https://www.basketball-reference.com/boxscores/201201190MIA.html,"8:00 PM, January 19, 2012",Miami Heat,Los Angeles Lakers,98,87,LAL,,,Team Totals,240,34,81,.420,6,20,.300,13,16,.813,12,26,38,19,7,6,14,15,87,,,Team Totals,240,.494,.457,.247,.198,29.3,63.4,46.3,55.9,8.1,9.0,13.7,100.0,100.3,113.0,
https://www.basketball-reference.com/boxscores/201201190MIA.html,"8:00 PM, January 19, 2012",Miami Heat,Los Angeles Lakers,98,87,MIA,,,Team Totals,240,38,85,.447,9,18,.500,13,18,.722,15,29,44,19,8,5,13,18,98,,,Team Totals,240,.527,.500,.212,.212,36.6,70.7,53.7,50.0,9.2,8.2,12.3,100.0,113.0,100.3,
https://www.basketball-reference.com/boxscores/201201190UTA.html,"10:30 PM, January 19, 2012",Utah Jazz,Dallas Mavericks,91,94,DAL,,,Team Totals,240,37,71,.521,5,20,.250,15,19,.789,4,29,33,23,4,6,16,20,94,,,Team Totals,240,.592,.556,.282,.268,12.1,65.9,42.9,62.2,4.5,8.8,16.8,100.0,106.3,102.9,
https://www.basketball-reference.com/boxscores/201201190UTA.html,"10:30 PM, January 19, 2012",Utah Jazz,Dallas Mavericks,91,94,UTA,,,Team Totals,240,31,80,.388,3,12,.250,26,29,.897,15,29,44,16,11,2,13,19,91,,,Team Totals,240,.491,.406,.150,.363,34.1,87.9,57.1,51.6,12.4,3.9,12.3,100.0,102.9,106.3,
https://www.basketball-reference.com/boxscores/201201200BOS.html,"7:30 PM, January 20, 2012",Boston Celtics,Phoenix Suns,71,79,PHO,,,Team Totals,240,31,69,.449,5,19,.263,12,16,.750,8,36,44,20,10,8,23,16,79,,,Team Totals,240,.519,.486,.275,.232,24.2,83.7,57.9,64.5,11.3,12.5,23.2,100.0,89.5,80.5,
https://www.basketball-reference.com/boxscores/201201200BOS.html,"7:30 PM, January 20, 2012",Boston Celtics,Phoenix Suns,71,79,BOS,,,Team Totals,240,30,74,.405,4,10,.400,7,9,.778,7,25,32,20,7,5,18,19,71,,,Team Totals,240,.455,.432,.135,.122,16.3,75.8,42.1,66.7,7.9,10.0,18.8,100.0,80.5,89.5,
https://www.basketball-reference.com/boxscores/201201200CLE.html,"7:30 PM, January 20, 2012",Cleveland Cavaliers,Chicago Bulls,75,114,CHI,,,Team Totals,240,46,83,.554,6,9,.667,16,17,.941,13,41,54,27,9,16,20,23,114,,,Team Totals,240,.630,.590,.108,.205,39.4,69.5,58.7,58.7,9.7,21.3,18.1,100.0,122.9,80.8,
https://www.basketball-reference.com/boxscores/201201200CLE.html,"7:30 PM, January 20, 2012",Cleveland Cavaliers,Chicago Bulls,75,114,CLE,,,Team Totals,240,27,89,.303,7,14,.500,14,19,.737,18,20,38,13,7,6,15,17,75,,,Team Totals,240,.385,.343,.157,.213,30.5,60.6,41.3,48.1,7.5,8.1,13.3,100.0,80.8,122.9,
https://www.basketball-reference.com/boxscores/201201200DET.html,"7:30 PM, January 20, 2012",Detroit Pistons,Memphis Grizzlies,81,98,MEM,,,Team Totals,240,39,68,.574,5,9,.556,15,20,.750,3,24,27,23,14,2,16,20,98,,,Team Totals,240,.638,.610,.132,.294,10.7,64.9,41.5,59.0,15.9,3.6,17.2,100.0,111.3,92.0,
https://www.basketball-reference.com/boxscores/201201200DET.html,"7:30 PM, January 20, 2012",Detroit Pistons,Memphis Grizzlies,81,98,DET,,,Team Totals,240,29,66,.439,4,10,.400,19,26,.731,13,25,38,17,8,3,25,16,81,,,Team Totals,240,.523,.470,.152,.394,35.1,89.3,58.5,58.6,9.1,5.1,24.4,100.0,92.0,111.3,
https://www.basketball-reference.com/boxscores/201201200GSW.html,"10:30 PM, January 20, 2012",Golden State Warriors,Indiana Pacers,91,94,IND,,,Team Totals,240,35,83,.422,8,16,.500,16,21,.762,9,34,43,25,9,5,12,13,94,,,Team Totals,240,.510,.470,.193,.253,19.1,82.9,48.9,71.4,9.6,8.8,11.5,100.0,100.6,97.4,
https://www.basketball-reference.com/boxscores/201201200GSW.html,"10:30 PM, January 20, 2012",Golden State Warriors,Indiana Pacers,91,94,GSW,,,Team Totals,240,37,80,.463,10,23,.435,7,8,.875,7,38,45,18,3,5,18,21,91,,,Team Totals,240,.545,.525,.288,.100,17.1,80.9,51.1,48.6,3.2,7.5,17.7,100.0,97.4,100.6,
https://www.basketball-reference.com/boxscores/201201200LAC.html,"10:30 PM, January 20, 2012",Los Angeles Clippers,Minnesota Timberwolves,98,101,MIN,,,Team Totals,240,36,81,.444,6,15,.400,23,33,.697,10,29,39,21,8,3,11,22,101,,,Team Totals,240,.529,.481,.185,.407,22.7,80.6,48.8,58.3,8.6,6.0,10.3,100.0,108.3,105.1,
https://www.basketball-reference.com/boxscores/201201200LAC.html,"10:30 PM, January 20, 2012",Los Angeles Clippers,Minnesota Timberwolves,98,101,LAC,,,Team Totals,240,33,71,.465,11,21,.524,21,28,.750,7,34,41,12,6,5,18,27,98,,,Team Totals,240,.588,.542,.296,.394,19.4,77.3,51.3,36.4,6.4,7.6,17.8,100.0,105.1,108.3,
https://www.basketball-reference.com/boxscores/201201200NYK.html,"7:30 PM, January 20, 2012",New York Knicks,Milwaukee Bucks,86,100,MIL,,,Team Totals,240,39,82,.476,8,22,.364,14,20,.700,12,35,47,19,11,1,19,25,100,,,Team Totals,240,.551,.524,.268,.244,27.9,74.5,52.2,48.7,11.3,2.0,17.3,100.0,102.7,88.3,
https://www.basketball-reference.com/boxscores/201201200NYK.html,"7:30 PM, January 20, 2012",New York Knicks,Milwaukee Bucks,86,100,NYK,,,Team Totals,240,27,73,.370,6,22,.273,26,33,.788,12,31,43,13,13,4,25,22,86,,,Team Totals,240,.491,.411,.301,.452,25.5,72.1,47.8,48.1,13.3,6.7,22.2,100.0,88.3,102.7,
https://www.basketball-reference.com/boxscores/201201200ORL.html,"8:00 PM, January 20, 2012",Orlando Magic,Los Angeles Lakers,92,80,LAL,,,Team Totals,240,29,76,.382,6,20,.300,16,22,.727,8,34,42,19,5,3,8,18,80,,,Team Totals,240,.467,.421,.263,.289,18.2,69.4,45.2,65.5,5.9,6.0,8.5,100.0,94.5,108.7,
https://www.basketball-reference.com/boxscores/201201200ORL.html,"8:00 PM, January 20, 2012",Orlando Magic,Los Angeles Lakers,92,80,ORL,,,Team Totals,240,32,77,.416,12,27,.444,16,26,.615,15,36,51,20,7,2,13,20,92,,,Team Totals,240,.520,.494,.351,.338,30.6,81.8,54.8,62.5,8.3,3.6,12.8,100.0,108.7,94.5,
https://www.basketball-reference.com/boxscores/201201200PHI.html,"7:00 PM, January 20, 2012",Philadelphia 76ers,Atlanta Hawks,90,76,ATL,,,Team Totals,240,32,74,.432,5,15,.333,7,8,.875,3,29,32,21,8,2,16,17,76,,,Team Totals,240,.490,.466,.203,.108,7.7,65.9,38.6,65.6,9.1,3.0,17.1,100.0,86.6,102.6,
https://www.basketball-reference.com/boxscores/201201200PHI.html,"7:00 PM, January 20, 2012",Philadelphia 76ers,Atlanta Hawks,90,76,PHI,,,Team Totals,240,35,84,.417,4,17,.235,16,19,.842,15,36,51,24,9,5,12,8,90,,,Team Totals,240,.487,.440,.202,.226,34.1,92.3,61.4,68.6,10.3,8.5,11.5,100.0,102.6,86.6,
https://www.basketball-reference.com/boxscores/201201200SAS.html,"8:30 PM, January 20, 2012",San Antonio Spurs,Sacramento Kings,86,88,SAC,,,Team Totals,240,36,83,.434,5,21,.238,11,19,.579,13,33,46,16,9,2,14,23,88,,,Team Totals,240,.482,.464,.253,.229,28.9,71.7,50.5,44.4,10.1,3.5,13.3,100.0,98.8,96.6,
https://www.basketball-reference.com/boxscores/201201200SAS.html,"8:30 PM, January 20, 2012",San Antonio Spurs,Sacramento Kings,86,88,SAS,,,Team Totals,240,31,82,.378,5,25,.200,19,21,.905,13,32,45,19,7,2,13,16,86,,,Team Totals,240,.471,.409,.305,.256,28.3,71.1,49.5,61.3,7.9,3.2,12.5,100.0,96.6,98.8,
https://www.basketball-reference.com/boxscores/201201200TOR.html,"7:00 PM, January 20, 2012",Toronto Raptors,Portland Trail Blazers,84,94,POR,,,Team Totals,240,33,82,.402,5,15,.333,23,31,.742,15,40,55,19,7,3,18,19,94,,,Team Totals,240,.491,.433,.183,.378,34.1,78.4,57.9,57.6,7.4,4.5,15.8,100.0,99.2,88.6,
https://www.basketball-reference.com/boxscores/201201200TOR.html,"7:00 PM, January 20, 2012",Toronto Raptors,Portland Trail Blazers,84,94,TOR,,,Team Totals,240,30,82,.366,5,15,.333,19,25,.760,11,29,40,21,10,8,15,23,84,,,Team Totals,240,.452,.396,.183,.305,21.6,65.9,42.1,70.0,10.6,11.9,13.9,100.0,88.6,99.2,
https://www.basketball-reference.com/boxscores/201201200WAS.html,"7:00 PM, January 20, 2012",Washington Wizards,Denver Nuggets,104,108,DEN,,,Team Totals,240,39,79,.494,10,21,.476,20,30,.667,12,34,46,24,6,4,18,20,108,,,Team Totals,240,.586,.557,.266,.380,27.3,81.0,53.5,61.5,6.0,5.8,16.3,100.0,108.6,104.6,
https://www.basketball-reference.com/boxscores/201201200WAS.html,"7:00 PM, January 20, 2012",Washington Wizards,Denver Nuggets,104,108,WAS,,,Team Totals,240,40,95,.421,11,26,.423,13,17,.765,8,32,40,28,11,9,11,24,104,,,Team Totals,240,.507,.479,.274,.179,19.0,72.7,46.5,70.0,11.1,15.5,9.7,100.0,104.6,108.6,
https://www.basketball-reference.com/boxscores/201201210ATL.html,"7:00 PM, January 21, 2012",Atlanta Hawks,Cleveland Cavaliers,121,94,CLE,,,Team Totals,240,34,70,.486,7,20,.350,19,27,.704,5,28,33,18,6,3,20,19,94,,,Team Totals,240,.574,.536,.286,.386,15.6,75.7,47.8,52.9,6.4,5.1,19.6,100.0,99.6,128.2,
https://www.basketball-reference.com/boxscores/201201210ATL.html,"7:00 PM, January 21, 2012",Atlanta Hawks,Cleveland Cavaliers,121,94,ATL,,,Team Totals,240,46,83,.554,11,24,.458,18,24,.750,9,27,36,31,11,3,11,17,121,,,Team Totals,240,.647,.620,.289,.289,24.3,84.4,52.2,67.4,11.7,6.0,10.5,100.0,128.2,99.6,
https://www.basketball-reference.com/boxscores/201201210CHI.html,"8:00 PM, January 21, 2012",Chicago Bulls,Charlotte Bobcats,95,89,CHA,,,Team Totals,240,35,74,.473,2,11,.182,17,23,.739,9,35,44,18,4,5,16,17,89,,,Team Totals,240,.529,.486,.149,.311,25.0,77.8,54.3,51.4,4.5,7.1,16.0,100.0,100.5,107.3,
https://www.basketball-reference.com/boxscores/201201210CHI.html,"8:00 PM, January 21, 2012",Chicago Bulls,Charlotte Bobcats,95,89,CHI,,,Team Totals,240,40,85,.471,6,15,.400,9,15,.600,10,27,37,26,11,3,8,17,95,,,Team Totals,240,.519,.506,.176,.176,22.2,75.0,45.7,65.0,12.4,4.8,8.0,100.0,107.3,100.5,
https://www.basketball-reference.com/boxscores/201201210DET.html,"7:30 PM, January 21, 2012",Detroit Pistons,Portland Trail Blazers,94,91,POR,,,Team Totals,240,34,81,.420,3,20,.150,20,24,.833,13,25,38,19,7,3,9,24,91,,,Team Totals,240,.497,.438,.247,.296,33.3,75.8,52.8,55.9,8.4,5.8,8.9,100.0,109.6,113.2,
https://www.basketball-reference.com/boxscores/201201210DET.html,"7:30 PM, January 21, 2012",Detroit Pistons,Portland Trail Blazers,94,91,DET,,,Team Totals,240,30,67,.448,7,15,.467,27,32,.844,8,26,34,13,5,8,13,21,94,,,Team Totals,240,.580,.500,.224,.478,24.2,66.7,47.2,43.3,6.0,13.1,13.8,100.0,113.2,109.6,
https://www.basketball-reference.com/boxscores/201201210HOU.html,"8:00 PM, January 21, 2012",Houston Rockets,San Antonio Spurs,105,102,SAS,,,Team Totals,240,42,94,.447,7,22,.318,11,15,.733,16,27,43,24,6,2,14,15,102,,,Team Totals,240,.507,.484,.234,.160,36.4,87.1,57.3,57.1,6.5,3.5,12.2,100.0,109.8,113.1,
https://www.basketball-reference.com/boxscores/201201210HOU.html,"8:00 PM, January 21, 2012",Houston Rockets,San Antonio Spurs,105,102,HOU,,,Team Totals,240,44,79,.557,6,22,.273,11,12,.917,4,28,32,22,5,9,13,18,105,,,Team Totals,240,.623,.595,.278,.152,12.9,63.6,42.7,50.0,5.4,12.5,13.4,100.0,113.1,109.8,
https://www.basketball-reference.com/boxscores/201201210MEM.html,"8:00 PM, January 21, 2012",Memphis Grizzlies,Sacramento Kings,128,95,SAC,,,Team Totals,240,36,87,.414,6,19,.316,17,22,.773,11,27,38,20,6,3,16,19,95,,,Team Totals,240,.491,.448,.218,.253,21.6,71.1,42.7,55.6,6.0,3.9,14.2,100.0,94.6,127.5,
https://www.basketball-reference.com/boxscores/201201210MEM.html,"8:00 PM, January 21, 2012",Memphis Grizzlies,Sacramento Kings,128,95,MEM,,,Team Totals,240,50,92,.543,8,16,.500,20,27,.741,11,40,51,27,11,9,11,20,128,,,Team Totals,240,.616,.587,.174,.293,28.9,78.4,57.3,54.0,11.0,13.2,9.6,100.0,127.5,94.6,
https://www.basketball-reference.com/boxscores/201201210MIA.html,"7:30 PM, January 21, 2012",Miami Heat,Philadelphia 76ers,113,92,PHI,,,Team Totals,240,37,83,.446,8,15,.533,10,15,.667,7,24,31,18,9,5,9,17,92,,,Team Totals,240,.513,.494,.181,.181,14.9,66.7,37.3,48.6,10.1,7.7,9.1,100.0,103.4,127.1,
https://www.basketball-reference.com/boxscores/201201210MIA.html,"7:30 PM, January 21, 2012",Miami Heat,Philadelphia 76ers,113,92,MIA,,,Team Totals,240,44,81,.543,7,16,.438,18,21,.857,12,40,52,24,5,10,11,13,113,,,Team Totals,240,.626,.586,.198,.259,33.3,85.1,62.7,54.5,5.6,14.7,10.9,100.0,127.1,103.4,
https://www.basketball-reference.com/boxscores/201201210NJN.html,"8:00 PM, January 21, 2012",New Jersey Nets,Oklahoma City Thunder,74,84,OKC,,,Team Totals,240,32,77,.416,4,17,.235,16,24,.667,14,41,55,13,8,10,19,16,84,,,Team Totals,240,.480,.442,.221,.312,31.8,71.9,54.5,40.6,8.7,15.6,17.8,100.0,90.9,80.1,
https://www.basketball-reference.com/boxscores/201201210NJN.html,"8:00 PM, January 21, 2012",New Jersey Nets,Oklahoma City Thunder,74,84,NJN,,,Team Totals,240,27,87,.310,3,23,.130,17,19,.895,16,30,46,14,9,5,18,16,74,,,Team Totals,240,.388,.328,.264,.218,28.1,68.2,45.5,51.9,9.7,8.3,15.9,100.0,80.1,90.9,
https://www.basketball-reference.com/boxscores/201201210NOH.html,"8:00 PM, January 21, 2012",New Orleans Hornets,Dallas Mavericks,81,83,DAL,,,Team Totals,240,32,79,.405,4,26,.154,15,20,.750,9,40,49,17,7,7,12,25,83,,,Team Totals,240,.473,.430,.329,.253,23.1,78.4,54.4,53.1,7.8,11.7,12.0,100.0,92.9,90.7,
https://www.basketball-reference.com/boxscores/201201210NOH.html,"8:00 PM, January 21, 2012",New Orleans Hornets,Dallas Mavericks,81,83,NOH,,,Team Totals,240,29,79,.367,2,19,.105,21,32,.656,11,30,41,15,9,3,11,16,81,,,Team Totals,240,.435,.380,.241,.405,21.6,76.9,45.6,51.7,10.1,5.7,10.6,100.0,90.7,92.9,
https://www.basketball-reference.com/boxscores/201201210NYK.html,"7:30 PM, January 21, 2012",New York Knicks,Denver Nuggets,114,119,DEN,,,Team Totals,290,41,98,.418,6,24,.250,31,43,.721,15,43,58,29,12,4,21,20,119,,,Team Totals,290,.509,.449,.245,.439,27.8,79.6,53.7,70.7,10.1,6.3,15.2,100.0,100.4,96.2,
https://www.basketball-reference.com/boxscores/201201210NYK.html,"7:30 PM, January 21, 2012",New York Knicks,Denver Nuggets,114,119,NYK,,,Team Totals,290,44,97,.454,11,33,.333,15,21,.714,11,39,50,24,8,7,24,34,114,,,Team Totals,290,.537,.510,.340,.216,20.4,72.2,46.3,54.5,6.7,9.5,18.4,100.0,96.2,100.4,
https://www.basketball-reference.com/boxscores/201201210UTA.html,"9:00 PM, January 21, 2012",Utah Jazz,Minnesota Timberwolves,108,98,MIN,,,Team Totals,240,37,83,.446,8,21,.381,16,21,.762,13,22,35,17,10,3,11,20,98,,,Team Totals,240,.531,.494,.253,.253,29.5,59.5,43.2,45.9,11.3,4.7,10.7,100.0,110.8,122.1,
https://www.basketball-reference.com/boxscores/201201210UTA.html,"9:00 PM, January 21, 2012",Utah Jazz,Minnesota Timberwolves,108,98,UTA,,,Team Totals,240,41,79,.519,5,15,.333,21,29,.724,15,31,46,25,5,5,15,18,108,,,Team Totals,240,.588,.551,.190,.367,40.5,70.5,56.8,61.0,5.7,8.1,14.1,100.0,122.1,110.8,
https://www.basketball-reference.com/boxscores/201201220LAC.html,"3:30 PM, January 22, 2012",Los Angeles Clippers,Toronto Raptors,103,91,TOR,,,Team Totals,240,29,81,.358,8,19,.421,25,31,.806,14,26,40,21,15,4,18,31,91,,,Team Totals,240,.481,.407,.235,.383,28.6,74.3,47.6,72.4,15.4,7.8,16.0,100.0,93.2,105.5,
https://www.basketball-reference.com/boxscores/201201220LAC.html,"3:30 PM, January 22, 2012",Los Angeles Clippers,Toronto Raptors,103,91,LAC,,,Team Totals,240,35,72,.486,8,21,.381,25,40,.625,9,35,44,26,14,9,22,24,103,,,Team Totals,240,.575,.542,.292,.556,25.7,71.4,52.4,74.3,14.3,14.5,19.7,100.0,105.5,93.2,
https://www.basketball-reference.com/boxscores/201201220LAL.html,"9:30 PM, January 22, 2012",Los Angeles Lakers,Indiana Pacers,96,98,IND,,,Team Totals,240,36,77,.468,10,18,.556,16,19,.842,12,38,50,22,3,3,17,22,98,,,Team Totals,240,.574,.532,.234,.247,32.4,67.9,53.8,61.1,3.4,3.9,16.6,100.0,110.5,108.2,
https://www.basketball-reference.com/boxscores/201201220LAL.html,"9:30 PM, January 22, 2012",Los Angeles Lakers,Indiana Pacers,96,98,LAL,,,Team Totals,240,36,86,.419,2,9,.222,22,33,.667,18,25,43,22,10,5,8,16,96,,,Team Totals,240,.478,.430,.105,.384,32.1,67.6,46.2,61.1,11.3,8.5,7.4,100.0,108.2,110.5,
https://www.basketball-reference.com/boxscores/201201220MIA.html,"6:00 PM, January 22, 2012",Miami Heat,Milwaukee Bucks,82,91,MIL,,,Team Totals,240,28,80,.350,5,30,.167,30,34,.882,15,27,42,18,10,5,15,28,91,,,Team Totals,240,.479,.381,.375,.425,33.3,69.2,50.0,64.3,11.2,9.1,13.6,100.0,101.5,91.5,
https://www.basketball-reference.com/boxscores/201201220MIA.html,"6:00 PM, January 22, 2012",Miami Heat,Milwaukee Bucks,82,91,MIA,,,Team Totals,240,25,67,.373,3,12,.250,29,35,.829,12,30,42,9,7,2,22,25,82,,,Team Totals,240,.498,.396,.179,.522,30.8,66.7,50.0,36.0,7.8,4.0,21.1,100.0,91.5,101.5,
https://www.basketball-reference.com/boxscores/201201220NJN.html,"6:00 PM, January 22, 2012",New Jersey Nets,Charlotte Bobcats,97,87,CHA,,,Team Totals,240,37,79,.468,5,14,.357,8,15,.533,7,27,34,18,9,6,13,20,87,,,Team Totals,240,.508,.500,.177,.190,18.4,62.8,42.0,48.6,10.2,10.2,13.2,100.0,98.5,109.8,
https://www.basketball-reference.com/boxscores/201201220NJN.html,"6:00 PM, January 22, 2012",New Jersey Nets,Charlotte Bobcats,97,87,NJN,,,Team Totals,240,38,86,.442,7,27,.259,14,15,.933,16,31,47,19,5,5,14,14,97,,,Team Totals,240,.524,.483,.314,.174,37.2,81.6,58.0,50.0,5.7,7.7,13.1,100.0,109.8,98.5,
https://www.basketball-reference.com/boxscores/201201220WAS.html,"1:00 PM, January 22, 2012",Washington Wizards,Boston Celtics,94,100,BOS,,,Team Totals,240,37,72,.514,5,12,.417,21,30,.700,7,28,35,22,7,2,17,20,100,,,Team Totals,240,.587,.549,.167,.417,18.4,82.4,48.6,59.5,7.4,3.2,16.6,100.0,105.8,99.5,
https://www.basketball-reference.com/boxscores/201201220WAS.html,"1:00 PM, January 22, 2012",Washington Wizards,Boston Celtics,94,100,WAS,,,Team Totals,240,37,77,.481,2,15,.133,18,21,.857,6,31,37,17,8,7,17,28,94,,,Team Totals,240,.545,.494,.195,.273,17.6,81.6,51.4,45.9,8.5,11.7,16.5,100.0,99.5,105.8,
https://www.basketball-reference.com/boxscores/201201230BOS.html,"7:30 PM, January 23, 2012",Boston Celtics,Orlando Magic,87,56,ORL,,,Team Totals,240,16,65,.246,4,16,.250,20,30,.667,11,33,44,12,5,6,25,16,56,,,Team Totals,240,.358,.277,.246,.462,22.4,80.5,48.9,75.0,5.5,9.2,24.2,100.0,61.7,95.9,
https://www.basketball-reference.com/boxscores/201201230BOS.html,"7:30 PM, January 23, 2012",Boston Celtics,Orlando Magic,87,56,BOS,,,Team Totals,240,33,78,.423,2,13,.154,19,19,1.000,8,38,46,21,13,9,15,21,87,,,Team Totals,240,.504,.436,.167,.244,19.5,77.6,51.1,63.6,14.3,18.4,14.8,100.0,95.9,61.7,
https://www.basketball-reference.com/boxscores/201201230CHI.html,"8:00 PM, January 23, 2012",Chicago Bulls,New Jersey Nets,110,95,NJN,,,Team Totals,240,37,77,.481,7,19,.368,14,21,.667,9,23,32,23,3,1,11,18,95,,,Team Totals,240,.551,.526,.247,.273,22.5,65.7,42.7,62.2,3.5,1.8,11.3,100.0,112.3,130.0,
https://www.basketball-reference.com/boxscores/201201230CHI.html,"8:00 PM, January 23, 2012",Chicago Bulls,New Jersey Nets,110,95,CHI,,,Team Totals,240,43,75,.573,7,19,.368,17,23,.739,12,31,43,33,3,4,10,18,110,,,Team Totals,240,.646,.620,.253,.307,34.3,77.5,57.3,76.7,3.5,6.9,10.5,100.0,130.0,112.3,
https://www.basketball-reference.com/boxscores/201201230DAL.html,"8:30 PM, January 23, 2012",Dallas Mavericks,Phoenix Suns,93,87,PHO,,,Team Totals,240,31,83,.373,6,20,.300,19,22,.864,17,35,52,22,9,4,19,19,87,,,Team Totals,240,.469,.410,.241,.265,36.2,74.5,55.3,71.0,9.9,7.1,17.0,100.0,95.5,102.1,
https://www.basketball-reference.com/boxscores/201201230DAL.html,"8:30 PM, January 23, 2012",Dallas Mavericks,Phoenix Suns,93,87,DAL,,,Team Totals,240,33,81,.407,8,25,.320,19,29,.655,12,30,42,23,11,5,12,17,93,,,Team Totals,240,.496,.457,.309,.358,25.5,63.8,44.7,69.7,12.1,7.9,11.3,100.0,102.1,95.5,
https://www.basketball-reference.com/boxscores/201201230GSW.html,"10:30 PM, January 23, 2012",Golden State Warriors,Memphis Grizzlies,90,91,MEM,,,Team Totals,240,36,85,.424,2,13,.154,17,23,.739,15,26,41,18,14,4,18,13,91,,,Team Totals,240,.478,.435,.153,.271,32.6,76.5,51.3,50.0,14.8,7.8,15.9,100.0,96.4,95.4,
https://www.basketball-reference.com/boxscores/201201230GSW.html,"10:30 PM, January 23, 2012",Golden State Warriors,Memphis Grizzlies,90,91,GSW,,,Team Totals,240,38,76,.500,9,25,.360,5,8,.625,8,31,39,24,11,6,24,22,90,,,Team Totals,240,.566,.559,.329,.105,23.5,67.4,48.8,63.2,11.7,8.3,23.2,100.0,95.4,96.4,
https://www.basketball-reference.com/boxscores/201201230MIL.html,"8:00 PM, January 23, 2012",Milwaukee Bucks,Atlanta Hawks,92,97,ATL,,,Team Totals,240,38,83,.458,3,11,.273,18,21,.857,7,38,45,19,8,3,12,18,97,,,Team Totals,240,.526,.476,.133,.253,16.7,74.5,48.4,50.0,8.3,4.0,11.5,100.0,101.0,95.7,
https://www.basketball-reference.com/boxscores/201201230MIL.html,"8:00 PM, January 23, 2012",Milwaukee Bucks,Atlanta Hawks,92,97,MIL,,,Team Totals,240,37,92,.402,5,17,.294,13,17,.765,13,35,48,25,6,6,13,17,92,,,Team Totals,240,.462,.429,.185,.185,25.5,83.3,51.6,67.6,6.2,8.3,11.6,100.0,95.7,101.0,
https://www.basketball-reference.com/boxscores/201201230MIN.html,"8:00 PM, January 23, 2012",Minnesota Timberwolves,Houston Rockets,92,107,HOU,,,Team Totals,240,39,86,.453,7,21,.333,22,28,.786,9,33,42,20,11,3,12,23,107,,,Team Totals,240,.544,.494,.244,.326,21.4,82.5,51.2,51.3,11.0,4.4,10.9,100.0,106.8,91.8,
https://www.basketball-reference.com/boxscores/201201230MIN.html,"8:00 PM, January 23, 2012",Minnesota Timberwolves,Houston Rockets,92,107,MIN,,,Team Totals,240,33,80,.413,5,12,.417,21,27,.778,7,33,40,22,9,1,20,20,92,,,Team Totals,240,.501,.444,.150,.338,17.5,78.6,48.8,66.7,9.0,1.5,17.9,100.0,91.8,106.8,
https://www.basketball-reference.com/boxscores/201201230NOH.html,"8:00 PM, January 23, 2012",New Orleans Hornets,San Antonio Spurs,102,104,SAS,,,Team Totals,240,41,75,.547,7,16,.438,15,20,.750,4,23,27,28,8,1,10,10,104,,,Team Totals,240,.621,.593,.213,.267,12.1,67.6,40.3,68.3,9.1,1.4,10.7,100.0,117.8,115.5,
https://www.basketball-reference.com/boxscores/201201230NOH.html,"8:00 PM, January 23, 2012",New Orleans Hornets,San Antonio Spurs,102,104,NOH,,,Team Totals,240,42,83,.506,6,12,.500,12,13,.923,11,29,40,20,8,7,14,14,102,,,Team Totals,240,.575,.542,.145,.157,32.4,87.9,59.7,47.6,9.1,11.9,13.6,100.0,115.5,117.8,
https://www.basketball-reference.com/boxscores/201201230OKC.html,"8:00 PM, January 23, 2012",Oklahoma City Thunder,Detroit Pistons,99,79,DET,,,Team Totals,240,28,82,.341,4,14,.286,19,27,.704,11,27,38,14,10,1,10,11,79,,,Team Totals,240,.421,.366,.171,.329,20.8,75.0,42.7,50.0,10.9,1.6,9.6,100.0,86.4,108.3,
https://www.basketball-reference.com/boxscores/201201230OKC.html,"8:00 PM, January 23, 2012",Oklahoma City Thunder,Detroit Pistons,99,79,OKC,,,Team Totals,240,41,77,.532,7,16,.438,10,14,.714,9,42,51,21,4,10,19,22,99,,,Team Totals,240,.595,.578,.208,.182,25.0,79.2,57.3,51.2,4.4,14.7,18.6,100.0,108.3,86.4,
https://www.basketball-reference.com/boxscores/201201230PHI.html,"7:00 PM, January 23, 2012",Philadelphia 76ers,Washington Wizards,103,83,WAS,,,Team Totals,240,32,74,.432,0,7,.000,19,27,.704,9,29,38,15,3,5,9,17,83,,,Team Totals,240,.483,.432,.095,.365,19.6,76.3,45.2,46.9,3.5,7.5,9.5,100.0,96.0,119.2,
https://www.basketball-reference.com/boxscores/201201230PHI.html,"7:00 PM, January 23, 2012",Philadelphia 76ers,Washington Wizards,103,83,PHI,,,Team Totals,240,43,83,.518,6,16,.375,11,20,.550,9,37,46,30,8,3,7,19,103,,,Team Totals,240,.561,.554,.193,.241,23.7,80.4,54.8,69.8,9.3,4.5,7.1,100.0,119.2,96.0,
https://www.basketball-reference.com/boxscores/201201230POR.html,"10:00 PM, January 23, 2012",Portland Trail Blazers,Sacramento Kings,101,89,SAC,,,Team Totals,240,32,80,.400,7,18,.389,18,25,.720,11,25,36,23,8,3,14,22,89,,,Team Totals,240,.489,.444,.225,.313,24.4,56.8,40.4,71.9,8.7,4.3,13.3,100.0,96.7,109.7,
https://www.basketball-reference.com/boxscores/201201230POR.html,"10:00 PM, January 23, 2012",Portland Trail Blazers,Sacramento Kings,101,89,POR,,,Team Totals,240,41,88,.466,7,19,.368,12,21,.571,19,34,53,22,6,2,18,22,101,,,Team Totals,240,.519,.506,.216,.239,43.2,75.6,59.6,53.7,6.5,3.2,15.6,100.0,109.7,96.7,
https://www.basketball-reference.com/boxscores/201201240CHA.html,"7:00 PM, January 24, 2012",Charlotte Bobcats,New York Knicks,78,111,NYK,,,Team Totals,240,39,78,.500,7,19,.368,26,33,.788,13,40,53,26,6,8,13,21,111,,,Team Totals,240,.600,.545,.244,.423,35.1,81.6,61.6,66.7,6.5,11.3,12.3,100.0,120.3,84.5,
https://www.basketball-reference.com/boxscores/201201240CHA.html,"7:00 PM, January 24, 2012",Charlotte Bobcats,New York Knicks,78,111,CHA,,,Team Totals,240,27,82,.329,3,11,.273,21,22,.955,9,24,33,10,5,8,15,22,78,,,Team Totals,240,.425,.348,.134,.268,18.4,64.9,38.4,37.0,5.4,13.6,14.1,100.0,84.5,120.3,
https://www.basketball-reference.com/boxscores/201201240IND.html,"7:00 PM, January 24, 2012",Indiana Pacers,Orlando Magic,83,102,ORL,,,Team Totals,240,38,83,.458,13,32,.406,13,19,.684,13,27,40,22,13,9,14,19,102,,,Team Totals,240,.558,.536,.386,.229,30.2,69.2,48.8,57.9,14.5,13.4,13.3,100.0,114.1,92.9,
https://www.basketball-reference.com/boxscores/201201240IND.html,"7:00 PM, January 24, 2012",Indiana Pacers,Orlando Magic,83,102,IND,,,Team Totals,240,31,78,.397,3,11,.273,18,18,1.000,12,30,42,8,3,7,19,17,83,,,Team Totals,240,.483,.417,.141,.231,30.8,69.8,51.2,25.8,3.4,13.7,18.1,100.0,92.9,114.1,
https://www.basketball-reference.com/boxscores/201201240MIA.html,"7:30 PM, January 24, 2012",Miami Heat,Cleveland Cavaliers,92,85,CLE,,,Team Totals,240,34,68,.500,6,16,.375,11,17,.647,7,26,33,20,10,4,22,27,85,,,Team Totals,240,.563,.544,.235,.250,23.3,81.3,53.2,58.8,11.2,7.7,22.6,100.0,94.9,102.7,
https://www.basketball-reference.com/boxscores/201201240MIA.html,"7:30 PM, January 24, 2012",Miami Heat,Cleveland Cavaliers,92,85,MIA,,,Team Totals,240,32,70,.457,5,18,.278,23,26,.885,6,23,29,16,10,5,18,15,92,,,Team Totals,240,.565,.493,.257,.371,18.8,76.7,46.8,50.0,11.2,9.6,18.1,100.0,102.7,94.9,
https://www.basketball-reference.com/boxscores/201201240PHO.html,"9:00 PM, January 24, 2012",Phoenix Suns,Toronto Raptors,96,99,TOR,,,Team Totals,240,34,82,.415,8,15,.533,23,25,.920,11,35,46,18,10,2,17,22,99,,,Team Totals,240,.532,.463,.183,.305,25.6,81.4,53.5,52.9,10.5,3.0,15.5,100.0,103.6,100.5,
https://www.basketball-reference.com/boxscores/201201240PHO.html,"9:00 PM, January 24, 2012",Phoenix Suns,Toronto Raptors,96,99,PHO,,,Team Totals,240,39,82,.476,5,16,.313,13,17,.765,8,32,40,23,7,4,15,20,96,,,Team Totals,240,.536,.506,.195,.207,18.6,74.4,46.5,59.0,7.3,6.0,14.4,100.0,100.5,103.6,
https://www.basketball-reference.com/boxscores/201201240POR.html,"10:00 PM, January 24, 2012",Portland Trail Blazers,Memphis Grizzlies,97,84,MEM,,,Team Totals,240,34,90,.378,3,14,.214,13,17,.765,11,28,39,21,10,3,11,24,84,,,Team Totals,240,.431,.394,.156,.189,22.0,71.8,43.8,61.8,10.6,6.0,10.1,100.0,89.1,102.8,
https://www.basketball-reference.com/boxscores/201201240POR.html,"10:00 PM, January 24, 2012",Portland Trail Blazers,Memphis Grizzlies,97,84,POR,,,Team Totals,240,31,72,.431,5,22,.227,30,36,.833,11,39,50,16,8,6,20,18,97,,,Team Totals,240,.552,.465,.306,.500,28.2,78.0,56.2,51.6,8.5,7.9,18.5,100.0,102.8,89.1,
https://www.basketball-reference.com/boxscores/201201250CHI.html,"8:00 PM, January 25, 2012",Chicago Bulls,Indiana Pacers,90,95,IND,,,Team Totals,240,38,80,.475,5,10,.500,14,21,.667,11,33,44,18,8,7,13,20,95,,,Team Totals,240,.532,.506,.125,.263,29.7,68.8,51.8,47.4,8.8,9.1,12.7,100.0,104.8,99.2,
https://www.basketball-reference.com/boxscores/201201250CHI.html,"8:00 PM, January 25, 2012",Chicago Bulls,Indiana Pacers,90,95,CHI,,,Team Totals,240,36,90,.400,3,13,.231,15,21,.714,15,26,41,19,6,8,13,20,90,,,Team Totals,240,.453,.417,.144,.233,31.3,70.3,48.2,52.8,6.6,11.4,11.6,100.0,99.2,104.8,
https://www.basketball-reference.com/boxscores/201201250CLE.html,"7:00 PM, January 25, 2012",Cleveland Cavaliers,New York Knicks,91,81,NYK,,,Team Totals,240,32,76,.421,3,20,.150,14,20,.700,11,33,44,18,8,3,23,23,81,,,Team Totals,240,.478,.441,.263,.263,26.8,70.2,50.0,56.3,8.5,5.2,21.3,100.0,86.3,96.9,
https://www.basketball-reference.com/boxscores/201201250CLE.html,"7:00 PM, January 25, 2012",Cleveland Cavaliers,New York Knicks,91,81,CLE,,,Team Totals,240,34,78,.436,9,20,.450,14,26,.538,14,30,44,28,10,2,19,21,91,,,Team Totals,240,.509,.494,.256,.333,29.8,73.2,50.0,82.4,10.7,3.6,17.5,100.0,96.9,86.3,
https://www.basketball-reference.com/boxscores/201201250DAL.html,"8:30 PM, January 25, 2012",Dallas Mavericks,Minnesota Timberwolves,90,105,MIN,,,Team Totals,240,34,77,.442,9,21,.429,28,33,.848,11,38,49,20,10,12,16,12,105,,,Team Totals,240,.574,.500,.273,.429,26.8,70.4,51.6,58.8,10.6,16.4,14.9,100.0,111.6,95.7,
https://www.basketball-reference.com/boxscores/201201250DAL.html,"8:30 PM, January 25, 2012",Dallas Mavericks,Minnesota Timberwolves,90,105,DAL,,,Team Totals,240,39,95,.411,6,22,.273,6,10,.600,16,30,46,22,7,7,13,24,90,,,Team Totals,240,.453,.442,.232,.105,29.6,73.2,48.4,56.4,7.4,12.5,11.6,100.0,95.7,111.6,
https://www.basketball-reference.com/boxscores/201201250DET.html,"7:30 PM, January 25, 2012",Detroit Pistons,Miami Heat,98,101,MIA,,,Team Totals,240,37,71,.521,5,15,.333,22,25,.880,6,20,26,24,7,1,11,20,101,,,Team Totals,240,.616,.556,.211,.352,17.1,58.8,37.7,64.9,8.1,2.0,11.8,100.0,116.2,112.7,
https://www.basketball-reference.com/boxscores/201201250DET.html,"7:30 PM, January 25, 2012",Detroit Pistons,Miami Heat,98,101,DET,,,Team Totals,240,36,72,.500,7,22,.318,19,25,.760,14,29,43,19,5,6,22,24,98,,,Team Totals,240,.590,.549,.306,.347,41.2,82.9,62.3,52.8,5.8,10.7,21.0,100.0,112.7,116.2,
https://www.basketball-reference.com/boxscores/201201250GSW.html,"10:30 PM, January 25, 2012",Golden State Warriors,Portland Trail Blazers,101,93,POR,,,Team Totals,240,34,83,.410,8,21,.381,17,20,.850,12,31,43,25,5,4,14,15,93,,,Team Totals,240,.507,.458,.253,.241,32.4,86.1,58.9,73.5,5.6,6.8,13.2,100.0,103.9,112.9,
https://www.basketball-reference.com/boxscores/201201250GSW.html,"10:30 PM, January 25, 2012",Golden State Warriors,Portland Trail Blazers,101,93,GSW,,,Team Totals,240,41,79,.519,11,20,.550,8,14,.571,5,25,30,33,10,3,12,18,101,,,Team Totals,240,.593,.589,.253,.177,13.9,67.6,41.1,80.5,11.2,4.8,12.4,100.0,112.9,103.9,
https://www.basketball-reference.com/boxscores/201201250HOU.html,"8:00 PM, January 25, 2012",Houston Rockets,Milwaukee Bucks,99,105,MIL,,,Team Totals,240,39,91,.429,14,29,.483,13,17,.765,10,33,43,26,8,8,11,17,105,,,Team Totals,240,.533,.505,.319,.187,21.7,67.3,45.3,66.7,8.4,12.9,10.0,100.0,109.7,103.4,
https://www.basketball-reference.com/boxscores/201201250HOU.html,"8:00 PM, January 25, 2012",Houston Rockets,Milwaukee Bucks,99,105,HOU,,,Team Totals,240,38,93,.409,8,31,.258,15,20,.750,16,36,52,22,5,6,13,15,99,,,Team Totals,240,.486,.452,.333,.215,32.7,78.3,54.7,57.9,5.2,9.7,11.3,100.0,103.4,109.7,
https://www.basketball-reference.com/boxscores/201201250LAL.html,"10:30 PM, January 25, 2012",Los Angeles Lakers,Los Angeles Clippers,96,91,LAC,,,Team Totals,240,37,87,.425,8,23,.348,9,14,.643,17,25,42,20,8,4,13,25,91,,,Team Totals,240,.488,.471,.264,.161,39.5,71.4,53.8,54.1,9.5,8.0,12.2,100.0,107.8,113.7,
https://www.basketball-reference.com/boxscores/201201250LAL.html,"10:30 PM, January 25, 2012",Los Angeles Lakers,Los Angeles Clippers,96,91,LAL,,,Team Totals,240,32,66,.485,8,16,.500,24,32,.750,10,26,36,20,4,8,16,15,96,,,Team Totals,240,.599,.545,.242,.485,28.6,60.5,46.2,62.5,4.7,12.5,16.7,100.0,113.7,107.8,
https://www.basketball-reference.com/boxscores/201201250OKC.html,"8:00 PM, January 25, 2012",Oklahoma City Thunder,New Orleans Hornets,101,91,NOH,,,Team Totals,240,35,75,.467,1,7,.143,20,21,.952,8,24,32,16,11,8,17,24,91,,,Team Totals,240,.540,.473,.093,.280,23.5,82.8,50.8,45.7,12.0,15.7,16.8,100.0,99.5,110.4,
https://www.basketball-reference.com/boxscores/201201250OKC.html,"8:00 PM, January 25, 2012",Oklahoma City Thunder,New Orleans Hornets,101,91,OKC,,,Team Totals,240,34,64,.531,5,13,.385,28,33,.848,5,26,31,21,10,8,21,17,101,,,Team Totals,240,.643,.570,.203,.516,17.2,76.5,49.2,61.8,10.9,11.8,21.1,100.0,110.4,99.5,
https://www.basketball-reference.com/boxscores/201201250PHI.html,"7:00 PM, January 25, 2012",Philadelphia 76ers,New Jersey Nets,90,97,NJN,,,Team Totals,265,37,82,.451,12,27,.444,11,14,.786,12,33,45,21,5,3,19,15,97,,,Team Totals,265,.550,.524,.329,.171,28.6,82.5,54.9,56.8,5.4,4.6,17.7,100.0,105.3,97.7,
https://www.basketball-reference.com/boxscores/201201250PHI.html,"7:00 PM, January 25, 2012",Philadelphia 76ers,New Jersey Nets,90,97,PHI,,,Team Totals,265,35,79,.443,5,14,.357,15,19,.789,7,30,37,21,10,2,13,20,90,,,Team Totals,265,.515,.475,.177,.241,17.5,71.4,45.1,60.0,10.9,3.6,13.0,100.0,97.7,105.3,
https://www.basketball-reference.com/boxscores/201201250SAC.html,"10:00 PM, January 25, 2012",Sacramento Kings,Denver Nuggets,93,122,DEN,,,Team Totals,240,50,91,.549,2,13,.154,20,25,.800,17,31,48,29,10,8,14,18,122,,,Team Totals,240,.598,.560,.143,.275,42.5,72.1,57.8,58.0,10.6,13.8,12.1,100.0,129.8,98.9,
https://www.basketball-reference.com/boxscores/201201250SAC.html,"10:00 PM, January 25, 2012",Sacramento Kings,Denver Nuggets,93,122,SAC,,,Team Totals,240,34,78,.436,9,20,.450,16,22,.727,12,23,35,19,7,4,18,24,93,,,Team Totals,240,.530,.494,.256,.282,27.9,57.5,42.2,55.9,7.4,5.1,17.0,100.0,98.9,129.8,
https://www.basketball-reference.com/boxscores/201201250SAS.html,"8:30 PM, January 25, 2012",San Antonio Spurs,Atlanta Hawks,105,83,ATL,,,Team Totals,240,35,80,.438,6,17,.353,7,10,.700,6,28,34,17,8,8,17,17,83,,,Team Totals,240,.492,.475,.213,.125,14.6,75.7,43.6,48.6,8.4,13.6,16.8,100.0,86.7,109.6,
https://www.basketball-reference.com/boxscores/201201250SAS.html,"8:30 PM, January 25, 2012",San Antonio Spurs,Atlanta Hawks,105,83,SAS,,,Team Totals,240,42,82,.512,11,23,.478,10,15,.667,9,35,44,29,10,3,20,16,105,,,Team Totals,240,.593,.579,.280,.183,24.3,85.4,56.4,69.0,10.4,4.8,18.4,100.0,109.6,86.7,
https://www.basketball-reference.com/boxscores/201201250UTA.html,"9:00 PM, January 25, 2012",Utah Jazz,Toronto Raptors,106,111,TOR,,,Team Totals,290,43,96,.448,10,28,.357,15,19,.789,9,33,42,23,6,10,16,30,111,,,Team Totals,290,.532,.500,.292,.198,18.8,78.6,46.7,53.5,5.4,13.9,13.3,100.0,100.6,96.1,
https://www.basketball-reference.com/boxscores/201201250UTA.html,"9:00 PM, January 25, 2012",Utah Jazz,Toronto Raptors,106,111,UTA,,,Team Totals,290,39,90,.433,4,18,.222,24,36,.667,9,39,48,16,9,5,19,21,106,,,Team Totals,290,.501,.456,.200,.400,21.4,81.3,53.3,41.0,8.2,7.4,15.2,100.0,96.1,100.6,
https://www.basketball-reference.com/boxscores/201201250WAS.html,"7:00 PM, January 25, 2012",Washington Wizards,Charlotte Bobcats,92,75,CHA,,,Team Totals,240,28,78,.359,1,9,.111,18,25,.720,13,25,38,13,12,13,22,12,75,,,Team Totals,240,.421,.365,.115,.321,26.5,62.5,42.7,46.4,12.6,17.8,19.8,100.0,78.7,96.6,
https://www.basketball-reference.com/boxscores/201201250WAS.html,"7:00 PM, January 25, 2012",Washington Wizards,Charlotte Bobcats,92,75,WAS,,,Team Totals,240,39,83,.470,3,10,.300,11,16,.688,15,36,51,23,10,13,23,28,92,,,Team Totals,240,.511,.488,.120,.193,37.5,73.5,57.3,59.0,10.5,18.8,20.3,100.0,96.6,78.7,
https://www.basketball-reference.com/boxscores/201201260LAC.html,"10:30 PM, January 26, 2012",Los Angeles Clippers,Memphis Grizzlies,98,91,MEM,,,Team Totals,240,30,84,.357,6,18,.333,25,31,.806,14,28,42,18,9,4,17,25,91,,,Team Totals,240,.466,.393,.214,.369,31.8,80.0,53.2,60.0,9.6,8.0,14.8,100.0,96.9,104.3,
https://www.basketball-reference.com/boxscores/201201260LAC.html,"10:30 PM, January 26, 2012",Los Angeles Clippers,Memphis Grizzlies,98,91,LAC,,,Team Totals,240,35,72,.486,9,22,.409,19,27,.704,7,30,37,24,10,5,18,22,98,,,Team Totals,240,.584,.549,.306,.375,20.0,68.2,46.8,68.6,10.6,7.6,17.7,100.0,104.3,96.9,
https://www.basketball-reference.com/boxscores/201201260ORL.html,"8:00 PM, January 26, 2012",Orlando Magic,Boston Celtics,83,91,BOS,,,Team Totals,240,34,73,.466,10,21,.476,13,19,.684,9,28,37,23,6,11,17,27,91,,,Team Totals,240,.559,.534,.288,.260,23.1,63.6,44.6,67.6,6.9,17.7,17.3,100.0,105.0,95.8,
https://www.basketball-reference.com/boxscores/201201260ORL.html,"8:00 PM, January 26, 2012",Orlando Magic,Boston Celtics,83,91,ORL,,,Team Totals,240,30,79,.380,5,17,.294,18,31,.581,16,30,46,16,10,3,13,23,83,,,Team Totals,240,.448,.411,.215,.392,36.4,76.9,55.4,53.3,11.5,5.8,12.3,100.0,95.8,105.0,
https://www.basketball-reference.com/boxscores/201201270BOS.html,"7:30 PM, January 27, 2012",Boston Celtics,Indiana Pacers,94,87,IND,,,Team Totals,240,28,80,.350,1,19,.053,30,31,.968,10,32,42,11,9,3,15,16,87,,,Team Totals,240,.465,.356,.238,.388,21.7,78.0,48.3,39.3,9.5,4.3,13.8,100.0,91.9,99.3,
https://www.basketball-reference.com/boxscores/201201270BOS.html,"7:30 PM, January 27, 2012",Boston Celtics,Indiana Pacers,94,87,BOS,,,Team Totals,240,38,83,.458,6,14,.429,12,14,.857,9,36,45,21,6,7,16,21,94,,,Team Totals,240,.527,.494,.169,.169,22.0,78.3,51.7,55.3,6.3,11.5,15.2,100.0,99.3,91.9,
https://www.basketball-reference.com/boxscores/201201270CHI.html,"8:00 PM, January 27, 2012",Chicago Bulls,Milwaukee Bucks,107,100,MIL,,,Team Totals,240,39,92,.424,7,24,.292,15,16,.938,14,29,43,22,4,2,15,19,100,,,Team Totals,240,.505,.462,.261,.174,31.8,59.2,46.2,56.4,4.3,2.7,13.2,100.0,106.9,114.3,
https://www.basketball-reference.com/boxscores/201201270CHI.html,"8:00 PM, January 27, 2012",Chicago Bulls,Milwaukee Bucks,107,100,CHI,,,Team Totals,240,41,90,.456,5,17,.294,20,33,.606,20,30,50,18,5,9,10,17,107,,,Team Totals,240,.512,.483,.189,.367,40.8,68.2,53.8,43.9,5.3,13.2,8.7,100.0,114.3,106.9,
https://www.basketball-reference.com/boxscores/201201270CLE.html,"7:30 PM, January 27, 2012",Cleveland Cavaliers,New Jersey Nets,96,99,NJN,,,Team Totals,240,36,79,.456,11,28,.393,16,21,.762,11,24,35,27,7,7,14,22,99,,,Team Totals,240,.561,.525,.354,.266,26.8,61.5,43.8,75.0,7.9,11.3,13.7,100.0,111.3,107.9,
https://www.basketball-reference.com/boxscores/201201270CLE.html,"7:30 PM, January 27, 2012",Cleveland Cavaliers,New Jersey Nets,96,99,CLE,,,Team Totals,240,38,81,.469,6,19,.316,14,24,.583,15,30,45,18,6,3,16,20,96,,,Team Totals,240,.524,.506,.235,.296,38.5,73.2,56.3,47.4,6.7,5.9,14.9,100.0,107.9,111.3,
https://www.basketball-reference.com/boxscores/201201270DAL.html,"8:30 PM, January 27, 2012",Dallas Mavericks,Utah Jazz,116,101,UTA,,,Team Totals,240,39,84,.464,5,12,.417,18,22,.818,12,21,33,20,6,8,9,20,101,,,Team Totals,240,.539,.494,.143,.262,27.9,61.8,42.9,51.3,6.9,12.7,8.8,100.0,115.4,132.6,
https://www.basketball-reference.com/boxscores/201201270DAL.html,"8:30 PM, January 27, 2012",Dallas Mavericks,Utah Jazz,116,101,DAL,,,Team Totals,240,45,82,.549,11,19,.579,15,22,.682,13,31,44,26,6,6,11,16,116,,,Team Totals,240,.633,.616,.232,.268,38.2,72.1,57.1,57.8,6.9,8.3,10.7,100.0,132.6,115.4,
https://www.basketball-reference.com/boxscores/201201270DEN.html,"9:00 PM, January 27, 2012",Denver Nuggets,Toronto Raptors,96,81,TOR,,,Team Totals,240,32,82,.390,7,19,.368,10,14,.714,11,32,43,21,7,5,16,30,81,,,Team Totals,240,.459,.433,.232,.171,22.4,80.0,48.3,65.6,7.8,11.6,15.4,100.0,90.4,107.1,
https://www.basketball-reference.com/boxscores/201201270DEN.html,"9:00 PM, January 27, 2012",Denver Nuggets,Toronto Raptors,96,81,DEN,,,Team Totals,240,32,70,.457,8,27,.296,24,32,.750,8,38,46,18,8,5,13,14,96,,,Team Totals,240,.571,.514,.386,.457,20.0,77.6,51.7,56.3,8.9,7.9,13.4,100.0,107.1,90.4,
https://www.basketball-reference.com/boxscores/201201270DET.html,"7:30 PM, January 27, 2012",Detroit Pistons,Atlanta Hawks,101,107,ATL,,,Team Totals,265,40,82,.488,10,16,.625,17,25,.680,9,40,49,29,5,5,19,18,107,,,Team Totals,265,.575,.549,.195,.305,22.0,76.9,52.7,72.5,5.0,6.5,17.0,100.0,106.8,100.8,
https://www.basketball-reference.com/boxscores/201201270DET.html,"7:30 PM, January 27, 2012",Detroit Pistons,Atlanta Hawks,101,107,DET,,,Team Totals,265,38,93,.409,7,16,.438,18,22,.818,12,32,44,24,7,4,11,22,101,,,Team Totals,265,.492,.446,.172,.237,23.1,78.0,47.3,63.2,7.0,6.1,9.7,100.0,100.8,106.8,
https://www.basketball-reference.com/boxscores/201201270GSW.html,"10:30 PM, January 27, 2012",Golden State Warriors,Oklahoma City Thunder,109,120,OKC,,,Team Totals,240,42,88,.477,4,17,.235,32,37,.865,19,34,53,23,8,3,22,15,120,,,Team Totals,240,.575,.500,.193,.420,44.2,77.3,60.9,54.8,7.7,5.1,17.4,100.0,116.2,105.6,
https://www.basketball-reference.com/boxscores/201201270GSW.html,"10:30 PM, January 27, 2012",Golden State Warriors,Oklahoma City Thunder,109,120,GSW,,,Team Totals,240,41,87,.471,12,28,.429,15,19,.789,10,24,34,30,12,7,20,29,109,,,Team Totals,240,.572,.540,.322,.218,22.7,55.8,39.1,73.2,11.6,9.9,17.3,100.0,105.6,116.2,
https://www.basketball-reference.com/boxscores/201201270HOU.html,"8:00 PM, January 27, 2012",Houston Rockets,Washington Wizards,103,76,WAS,,,Team Totals,240,32,88,.364,1,8,.125,11,16,.688,16,28,44,12,13,7,24,24,76,,,Team Totals,240,.400,.369,.091,.182,30.8,59.6,44.4,37.5,13.2,9.3,20.2,100.0,77.4,104.9,
https://www.basketball-reference.com/boxscores/201201270HOU.html,"8:00 PM, January 27, 2012",Houston Rockets,Washington Wizards,103,76,HOU,,,Team Totals,240,38,90,.422,5,15,.333,22,30,.733,19,36,55,22,12,7,17,16,103,,,Team Totals,240,.499,.450,.167,.333,40.4,69.2,55.6,57.9,12.2,8.8,14.1,100.0,104.9,77.4,
https://www.basketball-reference.com/boxscores/201201270MIA.html,"8:00 PM, January 27, 2012",Miami Heat,New York Knicks,99,89,NYK,,,Team Totals,240,30,84,.357,18,43,.419,11,14,.786,9,30,39,20,6,5,19,24,89,,,Team Totals,240,.494,.464,.512,.167,20.9,83.3,49.4,66.7,6.3,7.1,17.4,100.0,94.1,104.6,
https://www.basketball-reference.com/boxscores/201201270MIA.html,"8:00 PM, January 27, 2012",Miami Heat,New York Knicks,99,89,MIA,,,Team Totals,240,37,80,.463,2,10,.200,23,26,.885,6,34,40,17,9,8,10,19,99,,,Team Totals,240,.541,.475,.125,.325,16.7,79.1,50.6,45.9,9.5,19.5,9.9,100.0,104.6,94.1,
https://www.basketball-reference.com/boxscores/201201270MIN.html,"8:00 PM, January 27, 2012",Minnesota Timberwolves,San Antonio Spurs,87,79,SAS,,,Team Totals,240,31,75,.413,7,16,.438,10,11,.909,2,32,34,17,5,8,12,17,79,,,Team Totals,240,.495,.460,.213,.147,5.3,76.2,42.5,54.8,5.7,11.0,13.1,100.0,89.6,98.6,
https://www.basketball-reference.com/boxscores/201201270MIN.html,"8:00 PM, January 27, 2012",Minnesota Timberwolves,San Antonio Spurs,87,79,MIN,,,Team Totals,240,36,82,.439,2,9,.222,13,18,.722,10,36,46,18,7,1,10,10,87,,,Team Totals,240,.484,.451,.110,.220,23.8,94.7,57.5,50.0,7.9,1.7,10.0,100.0,98.6,89.6,
https://www.basketball-reference.com/boxscores/201201270NOH.html,"8:00 PM, January 27, 2012",New Orleans Hornets,Orlando Magic,93,67,ORL,,,Team Totals,240,24,61,.393,6,21,.286,13,21,.619,4,32,36,15,5,5,23,18,67,,,Team Totals,240,.477,.443,.344,.344,11.4,72.7,45.6,62.5,5.7,7.5,24.7,100.0,75.9,105.3,
https://www.basketball-reference.com/boxscores/201201270NOH.html,"8:00 PM, January 27, 2012",New Orleans Hornets,Orlando Magic,93,67,NOH,,,Team Totals,240,41,81,.506,5,14,.357,6,16,.375,12,31,43,20,14,3,13,18,93,,,Team Totals,240,.528,.537,.173,.198,27.3,88.6,54.4,48.8,15.9,7.5,12.9,100.0,105.3,75.9,
https://www.basketball-reference.com/boxscores/201201270PHI.html,"7:00 PM, January 27, 2012",Philadelphia 76ers,Charlotte Bobcats,89,72,CHA,,,Team Totals,240,27,70,.386,4,15,.267,14,21,.667,8,27,35,14,4,5,14,14,72,,,Team Totals,240,.454,.414,.214,.300,19.0,67.5,42.7,51.9,4.8,7.9,15.0,100.0,86.2,106.5,
https://www.basketball-reference.com/boxscores/201201270PHI.html,"7:00 PM, January 27, 2012",Philadelphia 76ers,Charlotte Bobcats,89,72,PHI,,,Team Totals,240,35,78,.449,6,15,.400,13,16,.813,13,34,47,19,9,2,14,19,89,,,Team Totals,240,.523,.487,.192,.205,32.5,81.0,57.3,54.3,10.8,3.6,14.1,100.0,106.5,86.2,
https://www.basketball-reference.com/boxscores/201201270POR.html,"10:00 PM, January 27, 2012",Portland Trail Blazers,Phoenix Suns,109,71,PHO,,,Team Totals,240,29,78,.372,4,13,.308,9,18,.500,7,34,41,18,9,4,22,18,71,,,Team Totals,240,.413,.397,.167,.231,13.5,72.3,41.4,62.1,9.1,5.6,20.4,100.0,71.5,109.8,
https://www.basketball-reference.com/boxscores/201201270POR.html,"10:00 PM, January 27, 2012",Portland Trail Blazers,Phoenix Suns,109,71,POR,,,Team Totals,240,43,91,.473,7,20,.350,16,19,.842,13,45,58,28,14,6,14,15,109,,,Team Totals,240,.549,.511,.220,.209,27.7,86.5,58.6,65.1,14.1,9.2,12.4,100.0,109.8,71.5,
https://www.basketball-reference.com/boxscores/201201280CHA.html,"7:00 PM, January 28, 2012",Charlotte Bobcats,Washington Wizards,99,102,WAS,,,Team Totals,240,40,76,.526,6,11,.545,16,21,.762,5,27,32,26,10,10,14,24,102,,,Team Totals,240,.598,.566,.145,.276,15.2,65.9,43.2,65.0,10.8,13.9,14.1,100.0,110.2,107.0,
https://www.basketball-reference.com/boxscores/201201280CHA.html,"7:00 PM, January 28, 2012",Charlotte Bobcats,Washington Wizards,99,102,CHA,,,Team Totals,240,39,83,.470,4,11,.364,17,29,.586,14,28,42,31,8,3,14,15,99,,,Team Totals,240,.517,.494,.133,.349,34.1,84.8,56.8,79.5,8.6,4.6,12.8,100.0,107.0,110.2,
https://www.basketball-reference.com/boxscores/201201280HOU.html,"8:00 PM, January 28, 2012",Houston Rockets,New York Knicks,97,84,NYK,,,Team Totals,240,34,89,.382,5,26,.192,11,15,.733,15,25,40,17,10,3,16,16,84,,,Team Totals,240,.439,.410,.292,.169,28.3,73.5,46.0,50.0,10.7,4.6,14.3,100.0,90.3,104.2,
https://www.basketball-reference.com/boxscores/201201280HOU.html,"8:00 PM, January 28, 2012",Houston Rockets,New York Knicks,97,84,HOU,,,Team Totals,240,38,77,.494,4,12,.333,17,22,.773,9,38,47,19,9,5,17,20,97,,,Team Totals,240,.560,.519,.156,.286,26.5,71.7,54.0,50.0,9.7,7.9,16.4,100.0,104.2,90.3,
https://www.basketball-reference.com/boxscores/201201280MIL.html,"8:30 PM, January 28, 2012",Milwaukee Bucks,Los Angeles Lakers,100,89,LAL,,,Team Totals,240,36,82,.439,6,19,.316,11,17,.647,16,28,44,23,5,5,15,16,89,,,Team Totals,240,.497,.476,.232,.207,35.6,82.4,55.7,63.9,5.7,8.2,14.4,100.0,102.2,114.8,
https://www.basketball-reference.com/boxscores/201201280MIL.html,"8:30 PM, January 28, 2012",Milwaukee Bucks,Los Angeles Lakers,100,89,MIL,,,Team Totals,240,40,80,.500,5,19,.263,15,16,.938,6,29,35,21,7,6,9,14,100,,,Team Totals,240,.574,.531,.238,.200,17.6,64.4,44.3,52.5,8.0,9.5,9.4,100.0,114.8,102.2,
https://www.basketball-reference.com/boxscores/201201280PHI.html,"7:00 PM, January 28, 2012",Philadelphia 76ers,Detroit Pistons,95,74,DET,,,Team Totals,240,29,83,.349,3,11,.273,13,17,.765,11,33,44,18,2,3,12,11,74,,,Team Totals,240,.409,.367,.133,.205,22.9,86.8,51.2,62.1,2.3,4.8,11.7,100.0,85.1,109.2,
https://www.basketball-reference.com/boxscores/201201280PHI.html,"7:00 PM, January 28, 2012",Philadelphia 76ers,Detroit Pistons,95,74,PHI,,,Team Totals,240,38,78,.487,9,15,.600,10,15,.667,5,37,42,27,7,6,7,18,95,,,Team Totals,240,.561,.545,.192,.192,13.2,77.1,48.8,71.1,8.0,8.3,7.6,100.0,109.2,85.1,
https://www.basketball-reference.com/boxscores/201201280PHO.html,"9:00 PM, January 28, 2012",Phoenix Suns,Memphis Grizzlies,86,84,MEM,,,Team Totals,240,33,76,.434,1,3,.333,17,20,.850,10,34,44,21,9,7,17,24,84,,,Team Totals,240,.495,.441,.039,.263,26.3,65.4,48.9,63.6,10.0,10.0,16.7,100.0,93.5,95.7,
https://www.basketball-reference.com/boxscores/201201280PHO.html,"9:00 PM, January 28, 2012",Phoenix Suns,Memphis Grizzlies,86,84,PHO,,,Team Totals,240,32,88,.364,5,18,.278,17,24,.708,18,28,46,16,6,3,14,19,86,,,Team Totals,240,.436,.392,.205,.273,34.6,73.7,51.1,50.0,6.7,4.1,12.4,100.0,95.7,93.5,
https://www.basketball-reference.com/boxscores/201201280UTA.html,"9:00 PM, January 28, 2012",Utah Jazz,Sacramento Kings,96,93,SAC,,,Team Totals,240,37,80,.463,6,13,.462,13,14,.929,10,29,39,15,9,5,15,21,93,,,Team Totals,240,.540,.500,.163,.175,27.8,65.9,48.8,40.5,10.1,8.2,14.8,100.0,104.5,107.9,
https://www.basketball-reference.com/boxscores/201201280UTA.html,"9:00 PM, January 28, 2012",Utah Jazz,Sacramento Kings,96,93,UTA,,,Team Totals,240,35,79,.443,7,18,.389,19,23,.826,15,26,41,15,9,10,18,15,96,,,Team Totals,240,.539,.487,.228,.291,34.1,72.2,51.3,42.9,10.1,14.9,16.8,100.0,107.9,104.5,
https://www.basketball-reference.com/boxscores/201201290BOS.html,"6:00 PM, January 29, 2012",Boston Celtics,Cleveland Cavaliers,87,88,CLE,,,Team Totals,240,34,79,.430,3,13,.231,17,20,.850,11,26,37,12,11,4,14,17,88,,,Team Totals,240,.501,.449,.165,.253,28.2,83.9,52.9,35.3,12.8,6.9,13.8,100.0,102.1,101.0,
https://www.basketball-reference.com/boxscores/201201290BOS.html,"6:00 PM, January 29, 2012",Boston Celtics,Cleveland Cavaliers,87,88,BOS,,,Team Totals,240,36,69,.522,5,11,.455,10,14,.714,5,28,33,21,6,3,16,16,87,,,Team Totals,240,.579,.558,.159,.203,16.1,71.8,47.1,58.3,7.0,4.5,17.6,100.0,101.0,102.1,
https://www.basketball-reference.com/boxscores/201201290DAL.html,"6:30 PM, January 29, 2012",Dallas Mavericks,San Antonio Spurs,101,100,SAS,,,Team Totals,265,39,94,.415,12,25,.480,10,19,.526,14,38,52,23,7,2,10,17,100,,,Team Totals,265,.488,.479,.266,.202,26.4,70.4,48.6,59.0,7.3,2.5,8.9,100.0,104.7,105.7,
https://www.basketball-reference.com/boxscores/201201290DAL.html,"6:30 PM, January 29, 2012",Dallas Mavericks,San Antonio Spurs,101,100,DAL,,,Team Totals,265,44,100,.440,4,20,.200,9,12,.750,16,39,55,15,7,12,8,18,101,,,Team Totals,265,.480,.460,.200,.120,29.6,73.6,51.4,34.1,7.3,17.4,7.1,100.0,105.7,104.7,
https://www.basketball-reference.com/boxscores/201201290DEN.html,"8:00 PM, January 29, 2012",Denver Nuggets,Los Angeles Clippers,105,109,LAC,,,Team Totals,240,39,86,.453,14,30,.467,17,26,.654,13,32,45,20,5,11,11,18,109,,,Team Totals,240,.559,.535,.349,.302,28.3,78.0,51.7,51.3,5.3,16.4,10.1,100.0,116.5,112.2,
https://www.basketball-reference.com/boxscores/201201290DEN.html,"8:00 PM, January 29, 2012",Denver Nuggets,Los Angeles Clippers,105,109,DEN,,,Team Totals,240,42,85,.494,6,18,.333,15,20,.750,9,33,42,22,3,7,11,21,105,,,Team Totals,240,.560,.529,.212,.235,22.0,71.7,48.3,52.4,3.2,12.5,10.5,100.0,112.2,116.5,
https://www.basketball-reference.com/boxscores/201201290MIA.html,"3:30 PM, January 29, 2012",Miami Heat,Chicago Bulls,97,93,CHI,,,Team Totals,240,35,81,.432,3,11,.273,20,28,.714,12,35,47,15,11,5,15,28,93,,,Team Totals,240,.498,.451,.136,.346,25.0,74.5,49.5,42.9,11.6,7.1,13.8,100.0,98.2,102.5,
https://www.basketball-reference.com/boxscores/201201290MIA.html,"3:30 PM, January 29, 2012",Miami Heat,Chicago Bulls,97,93,MIA,,,Team Totals,240,32,78,.410,3,8,.375,30,40,.750,12,36,48,19,5,5,13,20,97,,,Team Totals,240,.507,.429,.103,.513,25.5,75.0,50.5,59.4,5.3,7.1,12.0,100.0,102.5,98.2,
https://www.basketball-reference.com/boxscores/201201290MIN.html,"7:00 PM, January 29, 2012",Minnesota Timberwolves,Los Angeles Lakers,101,106,LAL,,,Team Totals,240,40,79,.506,8,19,.421,18,23,.783,7,34,41,19,0,7,12,18,106,,,Team Totals,240,.595,.557,.241,.291,20.0,58.6,44.1,47.5,0.0,8.4,11.9,100.0,117.3,111.8,
https://www.basketball-reference.com/boxscores/201201290MIN.html,"7:00 PM, January 29, 2012",Minnesota Timberwolves,Los Angeles Lakers,101,106,MIN,,,Team Totals,240,40,104,.385,5,21,.238,16,23,.696,24,28,52,19,5,6,4,19,101,,,Team Totals,240,.443,.409,.202,.221,41.4,80.0,55.9,47.5,5.5,10.0,3.4,100.0,111.8,117.3,
https://www.basketball-reference.com/boxscores/201201290NJN.html,"6:00 PM, January 29, 2012",New Jersey Nets,Toronto Raptors,73,94,TOR,,,Team Totals,240,35,68,.515,3,14,.214,21,29,.724,7,31,38,18,7,4,11,19,94,,,Team Totals,240,.582,.537,.206,.426,19.4,75.6,49.4,51.4,8.3,7.7,12.0,100.0,111.5,86.6,
https://www.basketball-reference.com/boxscores/201201290NJN.html,"6:00 PM, January 29, 2012",New Jersey Nets,Toronto Raptors,73,94,NJN,,,Team Totals,240,27,74,.365,7,22,.318,12,18,.667,10,29,39,16,2,3,16,21,73,,,Team Totals,240,.446,.412,.297,.243,24.4,80.6,50.6,59.3,2.4,5.6,16.3,100.0,86.6,111.5,
https://www.basketball-reference.com/boxscores/201201290NOH.html,"7:00 PM, January 29, 2012",New Orleans Hornets,Atlanta Hawks,72,94,ATL,,,Team Totals,240,36,81,.444,12,23,.522,10,17,.588,13,29,42,22,10,9,15,18,94,,,Team Totals,240,.531,.519,.284,.210,32.5,76.3,53.8,61.1,11.6,14.3,14.5,100.0,109.2,83.7,
https://www.basketball-reference.com/boxscores/201201290NOH.html,"7:00 PM, January 29, 2012",New Orleans Hornets,Atlanta Hawks,72,94,NOH,,,Team Totals,240,27,73,.370,3,10,.300,15,19,.789,9,27,36,20,6,5,16,19,72,,,Team Totals,240,.442,.390,.137,.260,23.7,67.5,46.2,74.1,7.0,8.6,16.4,100.0,83.7,109.2,
https://www.basketball-reference.com/boxscores/201201290ORL.html,"6:00 PM, January 29, 2012",Orlando Magic,Indiana Pacers,85,106,IND,,,Team Totals,240,45,88,.511,8,17,.471,8,11,.727,13,30,43,24,11,1,15,25,106,,,Team Totals,240,.571,.557,.193,.125,31.7,85.7,56.6,53.3,12.1,2.4,13.9,100.0,116.2,93.2,
https://www.basketball-reference.com/boxscores/201201290ORL.html,"6:00 PM, January 29, 2012",Orlando Magic,Indiana Pacers,85,106,ORL,,,Team Totals,240,31,64,.484,10,23,.435,13,29,.448,5,28,33,21,7,5,19,15,85,,,Team Totals,240,.554,.563,.359,.453,14.3,68.3,43.4,67.7,7.7,7.0,19.8,100.0,93.2,116.2,
https://www.basketball-reference.com/boxscores/201201300HOU.html,"8:00 PM, January 30, 2012",Houston Rockets,Minnesota Timberwolves,108,120,MIN,,,Team Totals,240,43,74,.581,6,17,.353,28,31,.903,7,33,40,18,6,3,18,21,120,,,Team Totals,240,.685,.622,.230,.419,23.3,75.0,54.1,41.9,6.2,4.5,17.0,100.0,124.0,111.6,
https://www.basketball-reference.com/boxscores/201201300HOU.html,"8:00 PM, January 30, 2012",Houston Rockets,Minnesota Timberwolves,108,120,HOU,,,Team Totals,240,40,85,.471,7,19,.368,21,30,.700,11,23,34,24,9,5,12,23,108,,,Team Totals,240,.550,.512,.224,.353,25.0,76.7,45.9,60.0,9.3,8.8,10.9,100.0,111.6,124.0,
https://www.basketball-reference.com/boxscores/201201300LAC.html,"10:30 PM, January 30, 2012",Los Angeles Clippers,Oklahoma City Thunder,112,100,OKC,,,Team Totals,240,38,78,.487,9,22,.409,15,23,.652,10,26,36,15,8,8,17,17,100,,,Team Totals,240,.567,.545,.282,.295,27.0,81.3,52.2,39.5,8.6,14.5,16.2,100.0,107.8,120.7,
https://www.basketball-reference.com/boxscores/201201300LAC.html,"10:30 PM, January 30, 2012",Los Angeles Clippers,Oklahoma City Thunder,112,100,LAC,,,Team Totals,240,45,80,.563,13,25,.520,9,15,.600,6,27,33,28,10,6,14,17,112,,,Team Totals,240,.647,.644,.313,.188,18.8,73.0,47.8,62.2,10.8,10.7,13.9,100.0,120.7,107.8,
https://www.basketball-reference.com/boxscores/201201300MEM.html,"8:00 PM, January 30, 2012",Memphis Grizzlies,San Antonio Spurs,73,83,SAS,,,Team Totals,240,32,80,.400,10,24,.417,9,15,.600,14,32,46,23,9,4,18,18,83,,,Team Totals,240,.479,.463,.300,.188,32.6,80.0,55.4,71.9,10.3,6.3,17.2,100.0,94.6,83.2,
https://www.basketball-reference.com/boxscores/201201300MEM.html,"8:00 PM, January 30, 2012",Memphis Grizzlies,San Antonio Spurs,73,83,MEM,,,Team Totals,240,27,73,.370,3,9,.333,16,20,.800,8,29,37,10,9,3,17,18,73,,,Team Totals,240,.446,.390,.123,.274,20.0,67.4,44.6,37.0,10.3,5.4,17.2,100.0,83.2,94.6,
https://www.basketball-reference.com/boxscores/201201300MIA.html,"7:30 PM, January 30, 2012",Miami Heat,New Orleans Hornets,109,95,NOH,,,Team Totals,240,40,75,.533,4,13,.308,11,19,.579,4,21,25,20,9,1,13,19,95,,,Team Totals,240,.570,.560,.173,.253,12.5,65.6,39.1,50.0,10.0,1.6,13.5,100.0,105.9,121.5,
https://www.basketball-reference.com/boxscores/201201300MIA.html,"7:30 PM, January 30, 2012",Miami Heat,New Orleans Hornets,109,95,MIA,,,Team Totals,240,43,78,.551,6,15,.400,17,21,.810,11,28,39,23,6,3,15,17,109,,,Team Totals,240,.625,.590,.192,.269,34.4,87.5,60.9,53.5,6.7,4.8,14.7,100.0,121.5,105.9,
https://www.basketball-reference.com/boxscores/201201300MIL.html,"8:00 PM, January 30, 2012",Milwaukee Bucks,Detroit Pistons,103,82,DET,,,Team Totals,240,32,83,.386,1,9,.111,17,20,.850,17,25,42,22,9,3,16,20,82,,,Team Totals,240,.447,.392,.108,.241,33.3,78.1,50.6,68.8,10.2,5.7,14.8,100.0,93.0,116.9,
https://www.basketball-reference.com/boxscores/201201300MIL.html,"8:00 PM, January 30, 2012",Milwaukee Bucks,Detroit Pistons,103,82,MIL,,,Team Totals,240,36,70,.514,10,17,.588,21,26,.808,7,34,41,21,10,5,15,19,103,,,Team Totals,240,.632,.586,.243,.371,21.9,66.7,49.4,58.3,11.3,6.8,15.6,100.0,116.9,93.0,
https://www.basketball-reference.com/boxscores/201201300PHI.html,"7:00 PM, January 30, 2012",Philadelphia 76ers,Orlando Magic,74,69,ORL,,,Team Totals,240,26,78,.333,7,22,.318,10,22,.455,16,39,55,11,4,4,15,20,69,,,Team Totals,240,.393,.378,.282,.282,29.6,81.3,53.9,42.3,4.7,6.2,14.6,100.0,81.2,87.1,
https://www.basketball-reference.com/boxscores/201201300PHI.html,"7:00 PM, January 30, 2012",Philadelphia 76ers,Orlando Magic,74,69,PHI,,,Team Totals,240,30,80,.375,4,15,.267,10,19,.526,9,38,47,22,7,4,7,17,74,,,Team Totals,240,.419,.400,.188,.238,18.8,70.4,46.1,73.3,8.2,7.1,7.3,100.0,87.1,81.2,
https://www.basketball-reference.com/boxscores/201201300PHO.html,"9:00 PM, January 30, 2012",Phoenix Suns,Dallas Mavericks,99,122,DAL,,,Team Totals,240,48,87,.552,14,27,.519,12,18,.667,10,34,44,31,7,3,11,16,122,,,Team Totals,240,.643,.632,.310,.207,27.8,82.9,57.1,64.6,7.6,5.1,10.4,100.0,131.6,106.8,
https://www.basketball-reference.com/boxscores/201201300PHO.html,"9:00 PM, January 30, 2012",Phoenix Suns,Dallas Mavericks,99,122,PHO,,,Team Totals,240,35,80,.438,12,21,.571,17,20,.850,7,26,33,21,5,8,12,19,99,,,Team Totals,240,.557,.513,.263,.250,17.1,72.2,42.9,60.0,5.4,13.3,11.9,100.0,106.8,131.6,
https://www.basketball-reference.com/boxscores/201201300UTA.html,"9:00 PM, January 30, 2012",Utah Jazz,Portland Trail Blazers,93,89,POR,,,Team Totals,240,37,80,.463,5,20,.250,10,13,.769,5,32,37,19,6,10,13,24,89,,,Team Totals,240,.519,.494,.250,.163,13.2,64.0,42.0,51.4,6.6,13.9,13.2,100.0,97.6,102.0,
https://www.basketball-reference.com/boxscores/201201300UTA.html,"9:00 PM, January 30, 2012",Utah Jazz,Portland Trail Blazers,93,89,UTA,,,Team Totals,240,32,84,.381,3,12,.250,26,38,.684,18,33,51,15,9,7,11,17,93,,,Team Totals,240,.462,.399,.143,.452,36.0,86.8,58.0,46.9,9.9,11.7,9.8,100.0,102.0,97.6,
https://www.basketball-reference.com/boxscores/201201300WAS.html,"7:00 PM, January 30, 2012",Washington Wizards,Chicago Bulls,88,98,CHI,,,Team Totals,240,34,75,.453,6,20,.300,24,31,.774,12,28,40,22,7,3,19,10,98,,,Team Totals,240,.553,.493,.267,.413,31.6,60.9,47.6,64.7,7.7,3.8,17.7,100.0,107.3,96.3,
https://www.basketball-reference.com/boxscores/201201300WAS.html,"7:00 PM, January 30, 2012",Washington Wizards,Chicago Bulls,88,98,WAS,,,Team Totals,240,37,92,.402,3,14,.214,11,13,.846,18,26,44,22,12,8,16,20,88,,,Team Totals,240,.450,.418,.152,.141,39.1,68.4,52.4,59.5,13.1,14.5,14.1,100.0,96.3,107.3,
https://www.basketball-reference.com/boxscores/201201310CLE.html,"7:00 PM, January 31, 2012",Cleveland Cavaliers,Boston Celtics,90,93,BOS,,,Team Totals,240,37,73,.507,5,14,.357,14,19,.737,7,21,28,25,9,2,14,20,93,,,Team Totals,240,.572,.541,.192,.260,21.2,61.8,41.8,67.6,10.6,3.4,14.7,100.0,109.4,105.8,
https://www.basketball-reference.com/boxscores/201201310CLE.html,"7:00 PM, January 31, 2012",Cleveland Cavaliers,Boston Celtics,90,93,CLE,,,Team Totals,240,34,75,.453,7,17,.412,15,21,.714,13,26,39,27,7,3,17,18,90,,,Team Totals,240,.534,.500,.227,.280,38.2,78.8,58.2,79.4,8.2,5.1,16.8,100.0,105.8,109.4,
https://www.basketball-reference.com/boxscores/201201310GSW.html,"10:30 PM, January 31, 2012",Golden State Warriors,Sacramento Kings,93,90,SAC,,,Team Totals,240,35,82,.427,6,16,.375,14,19,.737,12,41,53,21,6,5,21,14,90,,,Team Totals,240,.498,.463,.195,.232,29.3,82.0,58.2,60.0,6.3,7.5,18.9,100.0,94.9,98.1,
https://www.basketball-reference.com/boxscores/201201310GSW.html,"10:30 PM, January 31, 2012",Golden State Warriors,Sacramento Kings,93,90,GSW,,,Team Totals,240,37,91,.407,8,24,.333,11,13,.846,9,29,38,26,8,8,8,20,93,,,Team Totals,240,.481,.451,.264,.143,18.0,70.7,41.8,70.3,8.4,12.1,7.6,100.0,98.1,94.9,
https://www.basketball-reference.com/boxscores/201201310IND.html,"7:00 PM, January 31, 2012",Indiana Pacers,New Jersey Nets,106,99,NJN,,,Team Totals,240,35,74,.473,12,29,.414,17,23,.739,8,26,34,23,7,4,19,21,99,,,Team Totals,240,.588,.554,.392,.311,20.5,68.4,44.2,65.7,7.4,6.5,18.4,100.0,105.2,112.6,
https://www.basketball-reference.com/boxscores/201201310IND.html,"7:00 PM, January 31, 2012",Indiana Pacers,New Jersey Nets,106,99,IND,,,Team Totals,240,38,73,.521,4,11,.364,26,36,.722,12,31,43,26,11,7,19,20,106,,,Team Totals,240,.597,.548,.151,.493,31.6,79.5,55.8,68.4,11.7,15.6,17.6,100.0,112.6,105.2,
https://www.basketball-reference.com/boxscores/201201310LAL.html,"10:30 PM, January 31, 2012",Los Angeles Lakers,Charlotte Bobcats,106,73,CHA,,,Team Totals,240,31,89,.348,2,9,.222,9,13,.692,12,22,34,18,7,2,9,14,73,,,Team Totals,240,.385,.360,.101,.146,23.1,75.9,42.0,58.1,7.9,4.0,8.7,100.0,82.7,120.1,
https://www.basketball-reference.com/boxscores/201201310LAL.html,"10:30 PM, January 31, 2012",Los Angeles Lakers,Charlotte Bobcats,106,73,LAL,,,Team Totals,240,42,76,.553,12,26,.462,10,11,.909,7,40,47,26,4,5,16,16,106,,,Team Totals,240,.656,.632,.342,.145,24.1,76.9,58.0,61.9,4.5,6.3,16.5,100.0,120.1,82.7,
https://www.basketball-reference.com/boxscores/201201310MEM.html,"8:00 PM, January 31, 2012",Memphis Grizzlies,Denver Nuggets,100,97,DEN,,,Team Totals,265,35,80,.438,7,23,.304,20,27,.741,9,33,42,20,9,4,25,22,97,,,Team Totals,265,.528,.481,.288,.338,22.5,66.0,46.7,57.1,8.9,5.4,21.4,100.0,95.7,98.7,
https://www.basketball-reference.com/boxscores/201201310MEM.html,"8:00 PM, January 31, 2012",Memphis Grizzlies,Denver Nuggets,100,97,MEM,,,Team Totals,265,33,86,.384,6,12,.500,28,35,.800,17,31,48,18,13,9,17,21,100,,,Team Totals,265,.493,.419,.140,.407,34.0,77.5,53.3,54.5,12.8,15.8,14.4,100.0,98.7,95.7,
https://www.basketball-reference.com/boxscores/201201310NYK.html,"7:30 PM, January 31, 2012",New York Knicks,Detroit Pistons,113,86,DET,,,Team Totals,240,32,71,.451,3,9,.333,19,25,.760,10,25,35,13,6,1,22,22,86,,,Team Totals,240,.524,.472,.127,.352,27.8,86.2,53.8,40.6,6.6,1.9,21.2,100.0,94.4,124.0,
https://www.basketball-reference.com/boxscores/201201310NYK.html,"7:30 PM, January 31, 2012",New York Knicks,Detroit Pistons,113,86,NYK,,,Team Totals,240,42,70,.600,9,18,.500,20,25,.800,4,26,30,25,12,6,15,20,113,,,Team Totals,240,.698,.664,.257,.357,13.8,72.2,46.2,59.5,13.2,9.7,15.6,100.0,124.0,94.4,
https://www.basketball-reference.com/boxscores/201201310TOR.html,"7:00 PM, January 31, 2012",Toronto Raptors,Atlanta Hawks,77,100,ATL,,,Team Totals,240,41,80,.513,7,18,.389,11,13,.846,9,31,40,21,8,6,15,16,100,,,Team Totals,240,.583,.556,.225,.163,23.7,77.5,51.3,51.2,8.9,11.3,14.9,100.0,110.8,85.3,
https://www.basketball-reference.com/boxscores/201201310TOR.html,"7:00 PM, January 31, 2012",Toronto Raptors,Atlanta Hawks,77,100,TOR,,,Team Totals,240,27,73,.370,4,20,.200,19,23,.826,9,29,38,21,7,1,19,16,77,,,Team Totals,240,.463,.397,.274,.315,22.5,76.3,48.7,77.8,7.8,1.6,18.6,100.0,85.3,110.8,
https://www.basketball-reference.com/boxscores/201202010BOS.html,"7:30 PM, February 1, 2012",Boston Celtics,Toronto Raptors,100,64,TOR,,,Team Totals,240,25,73,.342,6,14,.429,8,18,.444,10,29,39,16,4,4,16,19,64,,,Team Totals,240,.395,.384,.192,.247,20.0,82.9,45.9,64.0,4.6,7.8,16.5,100.0,74.4,116.2,
https://www.basketball-reference.com/boxscores/201202010BOS.html,"7:30 PM, February 1, 2012",Boston Celtics,Toronto Raptors,100,64,BOS,,,Team Totals,240,39,75,.520,12,24,.500,10,12,.833,6,40,46,30,4,6,13,20,100,,,Team Totals,240,.623,.600,.320,.160,17.1,80.0,54.1,76.9,4.6,10.2,13.9,100.0,116.2,74.4,
https://www.basketball-reference.com/boxscores/201202010DAL.html,"8:00 PM, February 1, 2012",Dallas Mavericks,Oklahoma City Thunder,86,95,OKC,,,Team Totals,240,33,81,.407,5,20,.250,24,33,.727,15,40,55,17,11,13,16,20,95,,,Team Totals,240,.497,.438,.247,.407,30.6,80.0,55.6,51.5,11.5,20.0,14.3,100.0,99.0,89.6,
https://www.basketball-reference.com/boxscores/201202010DAL.html,"8:00 PM, February 1, 2012",Dallas Mavericks,Oklahoma City Thunder,86,95,DAL,,,Team Totals,240,30,84,.357,4,19,.211,22,25,.880,10,34,44,16,8,10,15,18,86,,,Team Totals,240,.453,.381,.226,.298,20.0,69.4,44.4,53.3,8.3,16.4,13.6,100.0,89.6,99.0,
https://www.basketball-reference.com/boxscores/201202010MIL.html,"8:00 PM, February 1, 2012",Milwaukee Bucks,Miami Heat,105,97,MIA,,,Team Totals,240,34,73,.466,9,20,.450,20,24,.833,8,34,42,24,8,3,18,22,97,,,Team Totals,240,.580,.527,.274,.329,22.9,72.3,51.2,70.6,8.5,4.6,17.7,100.0,103.4,112.0,
https://www.basketball-reference.com/boxscores/201202010MIL.html,"8:00 PM, February 1, 2012",Milwaukee Bucks,Miami Heat,105,97,MIL,,,Team Totals,240,39,88,.443,10,23,.435,17,25,.680,13,27,40,30,9,5,13,17,105,,,Team Totals,240,.530,.500,.261,.284,27.7,77.1,48.8,76.9,9.6,9.4,11.6,100.0,112.0,103.4,
https://www.basketball-reference.com/boxscores/201202010MIN.html,"8:00 PM, February 1, 2012",Minnesota Timberwolves,Indiana Pacers,99,109,IND,,,Team Totals,240,38,84,.452,7,15,.467,26,34,.765,8,37,45,19,6,6,12,26,109,,,Team Totals,240,.551,.494,.179,.405,17.8,72.5,46.9,50.0,5.8,8.1,10.8,100.0,105.9,96.2,
https://www.basketball-reference.com/boxscores/201202010MIN.html,"8:00 PM, February 1, 2012",Minnesota Timberwolves,Indiana Pacers,99,109,MIN,,,Team Totals,240,34,91,.374,3,17,.176,28,37,.757,14,37,51,16,5,4,16,25,99,,,Team Totals,240,.461,.390,.187,.407,27.5,82.2,53.1,47.1,4.9,5.8,13.0,100.0,96.2,105.9,
https://www.basketball-reference.com/boxscores/201202010NJN.html,"7:30 PM, February 1, 2012",New Jersey Nets,Detroit Pistons,99,96,DET,,,Team Totals,240,40,82,.488,5,18,.278,11,14,.786,11,20,31,18,3,2,10,21,96,,,Team Totals,240,.544,.518,.220,.171,30.6,51.3,41.3,45.0,3.7,3.6,10.2,100.0,117.4,121.1,
https://www.basketball-reference.com/boxscores/201202010NJN.html,"7:30 PM, February 1, 2012",New Jersey Nets,Detroit Pistons,99,96,NJN,,,Team Totals,240,38,79,.481,8,23,.348,15,25,.600,19,25,44,22,5,3,12,14,99,,,Team Totals,240,.550,.532,.291,.316,48.7,69.4,58.7,57.9,6.1,4.7,11.8,100.0,121.1,117.4,
https://www.basketball-reference.com/boxscores/201202010NOH.html,"8:00 PM, February 1, 2012",New Orleans Hornets,Phoenix Suns,103,120,PHO,,,Team Totals,240,41,78,.526,6,15,.400,32,39,.821,7,28,35,22,9,6,9,16,120,,,Team Totals,240,.631,.564,.192,.500,21.9,77.8,51.5,53.7,9.7,9.8,8.6,100.0,129.1,110.8,
https://www.basketball-reference.com/boxscores/201202010NOH.html,"8:00 PM, February 1, 2012",New Orleans Hornets,Phoenix Suns,103,120,NOH,,,Team Totals,240,40,77,.519,9,16,.563,14,17,.824,8,25,33,32,4,4,17,29,103,,,Team Totals,240,.610,.578,.208,.221,22.2,78.1,48.5,80.0,4.3,6.3,16.8,100.0,110.8,129.1,
https://www.basketball-reference.com/boxscores/201202010ORL.html,"7:00 PM, February 1, 2012",Orlando Magic,Washington Wizards,109,103,WAS,,,Team Totals,240,42,92,.457,12,23,.522,7,9,.778,15,30,45,26,8,5,16,28,103,,,Team Totals,240,.537,.522,.250,.098,35.7,75.0,54.9,61.9,8.6,11.6,14.3,100.0,111.1,117.6,
https://www.basketball-reference.com/boxscores/201202010ORL.html,"7:00 PM, February 1, 2012",Orlando Magic,Washington Wizards,109,103,ORL,,,Team Totals,240,33,73,.452,13,30,.433,30,39,.769,10,27,37,18,8,1,15,10,109,,,Team Totals,240,.604,.541,.411,.534,25.0,64.3,45.1,54.5,8.6,1.4,14.3,100.0,117.6,111.1,
https://www.basketball-reference.com/boxscores/201202010PHI.html,"7:00 PM, February 1, 2012",Philadelphia 76ers,Chicago Bulls,98,82,CHI,,,Team Totals,240,32,74,.432,7,17,.412,11,16,.688,8,29,37,22,5,5,17,15,82,,,Team Totals,240,.506,.480,.230,.216,20.0,72.5,46.3,68.8,5.6,6.8,17.3,100.0,92.6,110.7,
https://www.basketball-reference.com/boxscores/201202010PHI.html,"7:00 PM, February 1, 2012",Philadelphia 76ers,Chicago Bulls,98,82,PHI,,,Team Totals,240,40,84,.476,4,11,.364,14,19,.737,11,32,43,26,10,4,10,14,98,,,Team Totals,240,.531,.500,.131,.226,27.5,80.0,53.8,65.0,11.3,7.0,9.8,100.0,110.7,92.6,
https://www.basketball-reference.com/boxscores/201202010POR.html,"10:00 PM, February 1, 2012",Portland Trail Blazers,Charlotte Bobcats,112,68,CHA,,,Team Totals,240,26,80,.325,1,9,.111,15,19,.789,12,27,39,14,6,9,23,22,68,,,Team Totals,240,.385,.331,.113,.238,24.5,81.8,47.6,53.8,6.2,13.6,20.7,100.0,69.9,115.2,
https://www.basketball-reference.com/boxscores/201202010POR.html,"10:00 PM, February 1, 2012",Portland Trail Blazers,Charlotte Bobcats,112,68,POR,,,Team Totals,240,44,80,.550,7,14,.500,17,20,.850,6,37,43,26,18,11,17,18,112,,,Team Totals,240,.631,.594,.175,.250,18.2,75.5,52.4,59.1,18.5,15.5,16.1,100.0,115.2,69.9,
https://www.basketball-reference.com/boxscores/201202010SAS.html,"8:30 PM, February 1, 2012",San Antonio Spurs,Houston Rockets,99,91,HOU,,,Team Totals,240,36,79,.456,9,22,.409,10,13,.769,12,32,44,18,8,2,21,22,91,,,Team Totals,240,.537,.513,.278,.165,28.6,80.0,53.7,50.0,8.7,3.4,19.9,100.0,98.5,107.2,
https://www.basketball-reference.com/boxscores/201202010SAS.html,"8:30 PM, February 1, 2012",San Antonio Spurs,Houston Rockets,99,91,SAS,,,Team Totals,240,35,76,.461,7,18,.389,22,31,.710,8,30,38,15,10,2,13,15,99,,,Team Totals,240,.552,.507,.237,.408,20.0,71.4,46.3,42.9,10.8,3.5,12.7,100.0,107.2,98.5,
https://www.basketball-reference.com/boxscores/201202010UTA.html,"10:30 PM, February 1, 2012",Utah Jazz,Los Angeles Clippers,105,107,LAC,,,Team Totals,240,42,87,.483,5,22,.227,18,23,.783,12,38,50,18,8,4,13,25,107,,,Team Totals,240,.551,.511,.253,.264,30.0,84.4,58.8,42.9,8.3,5.7,11.8,100.0,110.9,108.8,
https://www.basketball-reference.com/boxscores/201202010UTA.html,"10:30 PM, February 1, 2012",Utah Jazz,Los Angeles Clippers,105,107,UTA,,,Team Totals,240,38,81,.469,3,11,.273,26,36,.722,7,28,35,21,6,3,10,21,105,,,Team Totals,240,.542,.488,.136,.444,15.6,70.0,41.2,55.3,6.2,4.6,9.4,100.0,108.8,110.9,
https://www.basketball-reference.com/boxscores/201202020ATL.html,"7:30 PM, February 2, 2012",Atlanta Hawks,Memphis Grizzlies,77,96,MEM,,,Team Totals,240,41,85,.482,2,7,.286,12,19,.632,15,34,49,22,13,4,12,10,96,,,Team Totals,240,.514,.494,.082,.224,33.3,85.0,57.6,53.7,14.8,6.7,11.4,100.0,109.2,87.6,
https://www.basketball-reference.com/boxscores/201202020ATL.html,"7:30 PM, February 2, 2012",Atlanta Hawks,Memphis Grizzlies,77,96,ATL,,,Team Totals,240,33,75,.440,5,15,.333,6,9,.667,6,30,36,23,6,5,15,17,77,,,Team Totals,240,.488,.473,.200,.120,15.0,66.7,42.4,69.7,6.8,6.4,16.0,100.0,87.6,109.2,
https://www.basketball-reference.com/boxscores/201202020GSW.html,"10:30 PM, February 2, 2012",Golden State Warriors,Utah Jazz,119,101,UTA,,,Team Totals,240,36,79,.456,3,12,.250,26,34,.765,15,28,43,24,6,4,14,19,101,,,Team Totals,240,.537,.475,.152,.430,37.5,56.0,47.8,66.7,6.7,5.6,13.0,100.0,112.6,132.7,
https://www.basketball-reference.com/boxscores/201202020GSW.html,"10:30 PM, February 2, 2012",Golden State Warriors,Utah Jazz,119,101,GSW,,,Team Totals,240,45,96,.469,8,24,.333,21,25,.840,22,25,47,23,10,6,8,22,119,,,Team Totals,240,.556,.510,.250,.260,44.0,62.5,52.2,51.1,11.2,9.0,7.0,100.0,132.7,112.6,
https://www.basketball-reference.com/boxscores/201202020LAC.html,"10:30 PM, February 2, 2012",Los Angeles Clippers,Denver Nuggets,91,112,DEN,,,Team Totals,240,39,73,.534,12,21,.571,22,25,.880,10,31,41,28,4,5,16,16,112,,,Team Totals,240,.667,.616,.288,.342,33.3,79.5,59.4,71.8,4.5,8.6,16.0,100.0,126.1,102.5,
https://www.basketball-reference.com/boxscores/201202020LAC.html,"10:30 PM, February 2, 2012",Los Angeles Clippers,Denver Nuggets,91,112,LAC,,,Team Totals,240,39,85,.459,8,27,.296,5,12,.417,8,20,28,24,8,7,11,21,91,,,Team Totals,240,.504,.506,.318,.141,20.5,66.7,40.6,61.5,9.0,13.5,10.9,100.0,102.5,126.1,
https://www.basketball-reference.com/boxscores/201202020NYK.html,"8:00 PM, February 2, 2012",New York Knicks,Chicago Bulls,102,105,CHI,,,Team Totals,240,39,74,.527,6,12,.500,21,29,.724,9,28,37,22,10,9,14,15,105,,,Team Totals,240,.605,.568,.162,.392,27.3,68.3,50.0,56.4,10.8,12.2,13.9,100.0,113.9,110.6,
https://www.basketball-reference.com/boxscores/201202020NYK.html,"8:00 PM, February 2, 2012",New York Knicks,Chicago Bulls,102,105,NYK,,,Team Totals,240,44,90,.489,4,16,.250,10,14,.714,13,24,37,20,7,2,15,23,102,,,Team Totals,240,.530,.511,.178,.156,31.7,72.7,50.0,45.5,7.6,3.2,13.5,100.0,110.6,113.9,
https://www.basketball-reference.com/boxscores/201202020SAC.html,"10:00 PM, February 2, 2012",Sacramento Kings,Portland Trail Blazers,95,92,POR,,,Team Totals,240,40,88,.455,4,18,.222,8,16,.500,13,29,42,23,12,6,14,22,92,,,Team Totals,240,.484,.477,.205,.182,28.9,74.4,50.0,57.5,12.9,10.2,12.8,100.0,99.1,102.3,
https://www.basketball-reference.com/boxscores/201202020SAC.html,"10:00 PM, February 2, 2012",Sacramento Kings,Portland Trail Blazers,95,92,SAC,,,Team Totals,240,34,76,.447,5,17,.294,22,29,.759,10,32,42,16,7,4,16,17,95,,,Team Totals,240,.535,.480,.224,.382,25.6,71.1,50.0,47.1,7.5,5.7,15.3,100.0,102.3,99.1,
https://www.basketball-reference.com/boxscores/201202020SAS.html,"8:30 PM, February 2, 2012",San Antonio Spurs,New Orleans Hornets,93,81,NOH,,,Team Totals,240,33,74,.446,3,8,.375,12,16,.750,7,31,38,17,5,5,14,22,81,,,Team Totals,240,.500,.466,.108,.216,18.9,75.6,48.7,51.5,5.8,9.1,14.7,100.0,94.5,108.5,
https://www.basketball-reference.com/boxscores/201202020SAS.html,"8:30 PM, February 2, 2012",San Antonio Spurs,New Orleans Hornets,93,81,SAS,,,Team Totals,240,34,74,.459,4,19,.211,21,27,.778,10,30,40,16,4,3,11,15,93,,,Team Totals,240,.541,.486,.257,.365,24.4,81.1,51.3,47.1,4.7,4.5,11.4,100.0,108.5,94.5,
https://www.basketball-reference.com/boxscores/201202030BOS.html,"8:00 PM, February 3, 2012",Boston Celtics,New York Knicks,91,89,NYK,,,Team Totals,240,34,80,.425,3,15,.200,18,21,.857,13,24,37,19,12,7,16,23,89,,,Team Totals,240,.499,.444,.188,.263,34.2,61.5,48.1,55.9,13.7,12.5,15.2,100.0,101.7,104.0,
https://www.basketball-reference.com/boxscores/201202030BOS.html,"8:00 PM, February 3, 2012",Boston Celtics,New York Knicks,91,89,BOS,,,Team Totals,240,31,76,.408,10,20,.500,19,25,.760,15,25,40,21,4,6,20,25,91,,,Team Totals,240,.523,.474,.263,.329,38.5,65.8,51.9,67.7,4.6,9.2,18.7,100.0,104.0,101.7,
https://www.basketball-reference.com/boxscores/201202030DAL.html,"8:30 PM, February 3, 2012",Dallas Mavericks,Indiana Pacers,87,98,IND,,,Team Totals,240,37,87,.425,12,25,.480,12,16,.750,15,33,48,25,14,5,14,17,98,,,Team Totals,240,.521,.494,.287,.184,34.1,71.7,53.3,67.6,15.7,7.5,13.0,100.0,109.6,97.3,
https://www.basketball-reference.com/boxscores/201202030DAL.html,"8:30 PM, February 3, 2012",Dallas Mavericks,Indiana Pacers,87,98,DAL,,,Team Totals,240,35,83,.422,6,16,.375,11,13,.846,13,29,42,20,8,10,16,14,87,,,Team Totals,240,.490,.458,.193,.157,28.3,65.9,46.7,57.1,8.9,16.1,15.3,100.0,97.3,109.6,
https://www.basketball-reference.com/boxscores/201202030DEN.html,"10:30 PM, February 3, 2012",Denver Nuggets,Los Angeles Lakers,89,93,LAL,,,Team Totals,240,37,78,.474,4,13,.308,15,25,.600,8,39,47,19,8,6,11,17,93,,,Team Totals,240,.522,.500,.167,.321,18.6,88.6,54.0,51.4,8.8,11.5,11.0,100.0,102.2,97.8,
https://www.basketball-reference.com/boxscores/201202030DEN.html,"10:30 PM, February 3, 2012",Denver Nuggets,Los Angeles Lakers,89,93,DEN,,,Team Totals,240,33,75,.440,5,23,.217,18,23,.783,5,35,40,20,7,3,12,18,89,,,Team Totals,240,.523,.473,.307,.307,11.4,81.4,46.0,60.6,7.7,4.6,12.4,100.0,97.8,102.2,
https://www.basketball-reference.com/boxscores/201202030DET.html,"7:30 PM, February 3, 2012",Detroit Pistons,Milwaukee Bucks,88,80,MIL,,,Team Totals,240,26,74,.351,3,17,.176,25,33,.758,11,30,41,10,7,4,16,22,80,,,Team Totals,240,.452,.372,.230,.446,23.4,73.2,46.6,38.5,7.7,6.0,15.3,100.0,88.3,97.1,
https://www.basketball-reference.com/boxscores/201202030DET.html,"7:30 PM, February 3, 2012",Detroit Pistons,Milwaukee Bucks,88,80,DET,,,Team Totals,240,34,81,.420,4,14,.286,16,19,.842,11,36,47,19,7,6,15,19,88,,,Team Totals,240,.492,.444,.173,.235,26.8,76.6,53.4,55.9,7.7,10.5,14.4,100.0,97.1,88.3,
https://www.basketball-reference.com/boxscores/201202030HOU.html,"8:00 PM, February 3, 2012",Houston Rockets,Phoenix Suns,99,81,PHO,,,Team Totals,240,34,83,.410,4,19,.211,9,14,.643,9,30,39,20,11,6,16,15,81,,,Team Totals,240,.454,.434,.229,.169,20.5,68.2,44.3,58.8,11.7,8.1,15.2,100.0,85.9,105.0,
https://www.basketball-reference.com/boxscores/201202030HOU.html,"8:00 PM, February 3, 2012",Houston Rockets,Phoenix Suns,99,81,HOU,,,Team Totals,240,39,89,.438,4,15,.267,17,17,1.000,14,35,49,17,8,9,16,17,99,,,Team Totals,240,.513,.461,.169,.191,31.8,79.5,55.7,43.6,8.5,14.1,14.2,100.0,105.0,85.9,
https://www.basketball-reference.com/boxscores/201202030NJN.html,"7:30 PM, February 3, 2012",New Jersey Nets,Minnesota Timberwolves,105,108,MIN,,,Team Totals,240,36,82,.439,7,16,.438,29,32,.906,16,31,47,24,9,3,16,18,108,,,Team Totals,240,.562,.482,.195,.390,38.1,67.4,53.4,66.7,9.6,4.6,14.3,100.0,115.0,111.8,
https://www.basketball-reference.com/boxscores/201202030NJN.html,"7:30 PM, February 3, 2012",New Jersey Nets,Minnesota Timberwolves,105,108,NJN,,,Team Totals,240,38,86,.442,10,21,.476,19,24,.792,15,26,41,29,9,7,17,27,105,,,Team Totals,240,.544,.500,.244,.279,32.6,61.9,46.6,76.3,9.6,10.6,15.0,100.0,111.8,115.0,
https://www.basketball-reference.com/boxscores/201202030OKC.html,"8:00 PM, February 3, 2012",Oklahoma City Thunder,Memphis Grizzlies,101,94,MEM,,,Team Totals,240,37,87,.425,4,13,.308,16,20,.800,15,24,39,19,10,7,19,24,94,,,Team Totals,240,.491,.448,.149,.230,37.5,70.6,52.7,51.4,10.9,13.0,16.6,100.0,102.5,110.1,
https://www.basketball-reference.com/boxscores/201202030OKC.html,"8:00 PM, February 3, 2012",Oklahoma City Thunder,Memphis Grizzlies,101,94,OKC,,,Team Totals,240,34,71,.479,7,17,.412,26,33,.788,10,25,35,14,8,12,17,16,101,,,Team Totals,240,.591,.528,.239,.465,29.4,62.5,47.3,41.2,8.7,16.2,16.6,100.0,110.1,102.5,
https://www.basketball-reference.com/boxscores/201202030ORL.html,"7:00 PM, February 3, 2012",Orlando Magic,Cleveland Cavaliers,102,94,CLE,,,Team Totals,240,33,90,.367,7,18,.389,21,27,.778,18,39,57,17,5,3,12,23,94,,,Team Totals,240,.461,.406,.200,.300,34.0,79.6,55.9,51.5,5.5,5.6,10.5,100.0,103.6,112.4,
https://www.basketball-reference.com/boxscores/201202030ORL.html,"7:00 PM, February 3, 2012",Orlando Magic,Cleveland Cavaliers,102,94,ORL,,,Team Totals,240,34,80,.425,9,26,.346,25,36,.694,10,35,45,19,6,10,5,20,102,,,Team Totals,240,.532,.481,.325,.450,20.4,66.0,44.1,55.9,6.6,13.9,5.0,100.0,112.4,103.6,
https://www.basketball-reference.com/boxscores/201202030PHI.html,"7:00 PM, February 3, 2012",Philadelphia 76ers,Miami Heat,79,99,MIA,,,Team Totals,240,40,77,.519,8,13,.615,11,20,.550,5,42,47,19,3,4,9,12,99,,,Team Totals,240,.577,.571,.169,.260,14.3,84.0,55.3,47.5,3.5,5.8,9.5,100.0,114.1,91.0,
https://www.basketball-reference.com/boxscores/201202030PHI.html,"7:00 PM, February 3, 2012",Philadelphia 76ers,Miami Heat,79,99,PHI,,,Team Totals,240,32,81,.395,5,12,.417,10,14,.714,8,30,38,18,6,5,7,17,79,,,Team Totals,240,.453,.426,.148,.173,16.0,85.7,44.7,56.3,6.9,7.8,7.4,100.0,91.0,114.1,
https://www.basketball-reference.com/boxscores/201202030TOR.html,"7:00 PM, February 3, 2012",Toronto Raptors,Washington Wizards,106,89,WAS,,,Team Totals,240,33,87,.379,5,19,.263,18,25,.720,11,26,37,13,5,13,9,23,89,,,Team Totals,240,.454,.408,.218,.287,22.4,53.1,37.8,39.4,5.4,16.3,8.4,100.0,96.9,115.5,
https://www.basketball-reference.com/boxscores/201202030TOR.html,"7:00 PM, February 3, 2012",Toronto Raptors,Washington Wizards,106,89,TOR,,,Team Totals,240,42,93,.452,3,13,.231,19,28,.679,23,38,61,28,5,10,12,18,106,,,Team Totals,240,.503,.468,.140,.301,46.9,77.6,62.2,66.7,5.4,14.7,10.2,100.0,115.5,96.9,
https://www.basketball-reference.com/boxscores/201202040ATL.html,"7:00 PM, February 4, 2012",Atlanta Hawks,Philadelphia 76ers,87,98,PHI,,,Team Totals,240,44,88,.500,4,9,.444,6,9,.667,9,28,37,25,9,2,7,25,98,,,Team Totals,240,.533,.523,.102,.102,20.9,68.3,44.0,56.8,10.3,3.4,7.1,100.0,112.5,99.8,
https://www.basketball-reference.com/boxscores/201202040ATL.html,"7:00 PM, February 4, 2012",Atlanta Hawks,Philadelphia 76ers,87,98,ATL,,,Team Totals,240,32,74,.432,5,15,.333,18,27,.667,13,34,47,20,2,7,15,11,87,,,Team Totals,240,.507,.466,.203,.365,31.7,79.1,56.0,62.5,2.3,8.9,14.9,100.0,99.8,112.5,
https://www.basketball-reference.com/boxscores/201202040CLE.html,"7:30 PM, February 4, 2012",Cleveland Cavaliers,Dallas Mavericks,91,88,DAL,,,Team Totals,240,32,67,.478,6,13,.462,18,27,.667,4,35,39,22,6,8,21,16,88,,,Team Totals,240,.558,.522,.194,.403,12.1,67.3,45.9,68.8,6.6,11.4,21.0,100.0,96.3,99.6,
https://www.basketball-reference.com/boxscores/201202040CLE.html,"7:30 PM, February 4, 2012",Cleveland Cavaliers,Dallas Mavericks,91,88,CLE,,,Team Totals,240,37,93,.398,6,23,.261,11,15,.733,17,29,46,27,12,3,9,18,91,,,Team Totals,240,.457,.430,.247,.161,32.7,87.9,54.1,73.0,13.1,5.6,8.3,100.0,99.6,96.3,
https://www.basketball-reference.com/boxscores/201202040DET.html,"7:30 PM, February 4, 2012",Detroit Pistons,New Orleans Hornets,89,87,NOH,,,Team Totals,240,34,72,.472,4,12,.333,15,18,.833,11,27,38,19,6,4,15,19,87,,,Team Totals,240,.544,.500,.167,.250,28.9,64.3,47.5,55.9,7.2,5.9,15.8,100.0,104.1,106.5,
https://www.basketball-reference.com/boxscores/201202040DET.html,"7:30 PM, February 4, 2012",Detroit Pistons,New Orleans Hornets,89,87,DET,,,Team Totals,240,35,78,.449,2,10,.200,17,23,.739,15,27,42,19,7,2,14,14,89,,,Team Totals,240,.505,.462,.128,.295,35.7,71.1,52.5,54.3,8.4,3.3,13.7,100.0,106.5,104.1,
https://www.basketball-reference.com/boxscores/201202040IND.html,"7:00 PM, February 4, 2012",Indiana Pacers,Orlando Magic,81,85,ORL,,,Team Totals,240,29,72,.403,9,25,.360,18,23,.783,8,35,43,21,7,7,25,17,85,,,Team Totals,240,.518,.465,.347,.319,21.1,70.0,48.9,72.4,7.4,11.1,23.3,100.0,90.5,86.2,
https://www.basketball-reference.com/boxscores/201202040IND.html,"7:00 PM, February 4, 2012",Indiana Pacers,Orlando Magic,81,85,IND,,,Team Totals,240,29,85,.341,4,22,.182,19,21,.905,15,30,45,12,11,9,16,23,81,,,Team Totals,240,.430,.365,.259,.247,30.0,78.9,51.1,41.4,11.7,19.1,14.5,100.0,86.2,90.5,
https://www.basketball-reference.com/boxscores/201202040MIL.html,"8:30 PM, February 4, 2012",Milwaukee Bucks,Chicago Bulls,90,113,CHI,,,Team Totals,240,48,90,.533,14,30,.467,3,4,.750,11,42,53,31,6,4,14,20,113,,,Team Totals,240,.616,.611,.333,.044,29.7,76.4,57.6,64.6,6.4,4.9,13.2,100.0,121.1,96.4,
https://www.basketball-reference.com/boxscores/201202040MIL.html,"8:30 PM, February 4, 2012",Milwaukee Bucks,Chicago Bulls,90,113,MIL,,,Team Totals,240,37,93,.398,1,12,.083,15,19,.789,13,26,39,15,6,5,8,8,90,,,Team Totals,240,.444,.403,.129,.204,23.6,70.3,42.4,40.5,6.4,8.3,7.3,100.0,96.4,121.1,
https://www.basketball-reference.com/boxscores/201202040MIN.html,"8:00 PM, February 4, 2012",Minnesota Timberwolves,Houston Rockets,100,91,HOU,,,Team Totals,240,39,91,.429,2,10,.200,11,14,.786,10,27,37,24,8,8,10,20,91,,,Team Totals,240,.468,.440,.110,.154,22.7,65.9,43.5,61.5,8.6,12.9,9.3,100.0,98.0,107.7,
https://www.basketball-reference.com/boxscores/201202040MIN.html,"8:00 PM, February 4, 2012",Minnesota Timberwolves,Houston Rockets,100,91,MIN,,,Team Totals,240,37,82,.451,6,20,.300,20,23,.870,14,34,48,21,7,2,17,15,100,,,Team Totals,240,.543,.488,.244,.280,34.1,77.3,56.5,56.8,7.5,2.5,15.6,100.0,107.7,98.0,
https://www.basketball-reference.com/boxscores/201202040NYK.html,"7:30 PM, February 4, 2012",New York Knicks,New Jersey Nets,99,92,NJN,,,Team Totals,240,30,72,.417,10,26,.385,22,26,.846,9,30,39,18,8,5,16,26,92,,,Team Totals,240,.551,.486,.361,.361,21.4,66.7,44.8,60.0,8.9,7.2,16.1,100.0,102.4,110.1,
https://www.basketball-reference.com/boxscores/201202040NYK.html,"7:30 PM, February 4, 2012",New York Knicks,New Jersey Nets,99,92,NYK,,,Team Totals,240,37,83,.446,2,14,.143,23,26,.885,15,33,48,20,5,5,14,21,99,,,Team Totals,240,.524,.458,.169,.313,33.3,78.6,55.2,54.1,5.6,10.9,12.9,100.0,110.1,102.4,
https://www.basketball-reference.com/boxscores/201202040PHO.html,"9:00 PM, February 4, 2012",Phoenix Suns,Charlotte Bobcats,95,89,CHA,,,Team Totals,240,33,75,.440,9,19,.474,14,19,.737,11,37,48,15,4,5,15,23,89,,,Team Totals,240,.534,.500,.253,.253,24.4,74.0,50.5,45.5,4.6,7.9,15.3,100.0,101.7,108.6,
https://www.basketball-reference.com/boxscores/201202040PHO.html,"9:00 PM, February 4, 2012",Phoenix Suns,Charlotte Bobcats,95,89,PHO,,,Team Totals,240,34,85,.400,10,22,.455,17,24,.708,13,34,47,21,5,5,8,14,95,,,Team Totals,240,.497,.459,.259,.282,26.0,75.6,49.5,61.8,5.7,8.9,7.7,100.0,108.6,101.7,
https://www.basketball-reference.com/boxscores/201202040POR.html,"10:00 PM, February 4, 2012",Portland Trail Blazers,Denver Nuggets,117,97,DEN,,,Team Totals,240,35,79,.443,5,22,.227,22,24,.917,12,30,42,17,8,3,17,17,97,,,Team Totals,240,.542,.475,.278,.304,27.9,75.0,50.6,48.6,8.6,5.7,16.0,100.0,104.0,125.4,
https://www.basketball-reference.com/boxscores/201202040POR.html,"10:00 PM, February 4, 2012",Portland Trail Blazers,Denver Nuggets,117,97,POR,,,Team Totals,240,46,86,.535,15,33,.455,10,12,.833,10,31,41,30,11,5,14,20,117,,,Team Totals,240,.641,.622,.384,.140,25.0,72.1,49.4,65.2,11.8,8.8,13.3,100.0,125.4,104.0,
https://www.basketball-reference.com/boxscores/201202040SAC.html,"10:00 PM, February 4, 2012",Sacramento Kings,Golden State Warriors,114,106,GSW,,,Team Totals,265,39,90,.433,16,29,.552,12,13,.923,10,26,36,25,10,9,18,21,106,,,Team Totals,265,.554,.522,.322,.144,22.2,56.5,39.6,64.1,9.9,11.8,15.8,100.0,104.5,112.4,
https://www.basketball-reference.com/boxscores/201202040SAC.html,"10:00 PM, February 4, 2012",Sacramento Kings,Golden State Warriors,114,106,SAC,,,Team Totals,265,43,98,.439,10,22,.455,18,21,.857,20,35,55,21,10,4,21,13,114,,,Team Totals,265,.532,.490,.224,.214,43.5,77.8,60.4,48.8,9.9,6.6,16.4,100.0,112.4,104.5,
https://www.basketball-reference.com/boxscores/201202040SAS.html,"8:30 PM, February 4, 2012",San Antonio Spurs,Oklahoma City Thunder,107,96,OKC,,,Team Totals,240,36,77,.468,7,21,.333,17,28,.607,7,36,43,18,6,12,13,25,96,,,Team Totals,240,.537,.513,.273,.364,17.1,76.6,48.9,50.0,6.4,18.5,12.7,100.0,101.6,113.3,
https://www.basketball-reference.com/boxscores/201202040SAS.html,"8:30 PM, February 4, 2012",San Antonio Spurs,Oklahoma City Thunder,107,96,SAS,,,Team Totals,240,37,88,.420,12,23,.522,21,25,.840,11,34,45,21,4,7,10,22,107,,,Team Totals,240,.540,.489,.261,.284,23.4,82.9,51.1,56.8,4.2,12.5,9.2,100.0,113.3,101.6,
https://www.basketball-reference.com/boxscores/201202040UTA.html,"9:00 PM, February 4, 2012",Utah Jazz,Los Angeles Lakers,96,87,LAL,,,Team Totals,240,29,75,.387,4,14,.286,25,30,.833,16,26,42,12,3,4,14,17,87,,,Team Totals,240,.493,.413,.187,.400,33.3,59.1,45.7,41.4,3.6,5.3,13.7,100.0,103.2,113.9,
https://www.basketball-reference.com/boxscores/201202040UTA.html,"9:00 PM, February 4, 2012",Utah Jazz,Los Angeles Lakers,96,87,UTA,,,Team Totals,240,39,87,.448,4,12,.333,14,20,.700,18,32,50,25,6,6,10,23,96,,,Team Totals,240,.501,.471,.138,.230,40.9,66.7,54.3,64.1,7.1,9.8,9.5,100.0,113.9,103.2,
https://www.basketball-reference.com/boxscores/201202040WAS.html,"7:00 PM, February 4, 2012",Washington Wizards,Los Angeles Clippers,81,107,LAC,,,Team Totals,240,45,83,.542,11,23,.478,6,17,.353,17,36,53,32,8,6,23,21,107,,,Team Totals,240,.591,.608,.277,.205,47.2,73.5,62.4,71.1,8.7,9.7,20.3,100.0,116.6,88.2,
https://www.basketball-reference.com/boxscores/201202040WAS.html,"7:00 PM, February 4, 2012",Washington Wizards,Los Angeles Clippers,81,107,WAS,,,Team Totals,240,30,80,.375,7,18,.389,14,23,.609,13,19,32,17,9,6,15,18,81,,,Team Totals,240,.449,.419,.225,.288,26.5,52.8,37.6,56.7,9.8,10.0,14.3,100.0,88.2,116.6,
https://www.basketball-reference.com/boxscores/201202050BOS.html,"12:00 PM, February 5, 2012",Boston Celtics,Memphis Grizzlies,98,80,MEM,,,Team Totals,240,32,87,.368,3,14,.214,13,16,.813,15,23,38,13,5,5,13,17,80,,,Team Totals,240,.425,.385,.161,.184,28.3,76.7,45.8,40.6,5.5,9.4,12.1,100.0,88.0,107.7,
https://www.basketball-reference.com/boxscores/201202050BOS.html,"12:00 PM, February 5, 2012",Boston Celtics,Memphis Grizzlies,98,80,BOS,,,Team Totals,240,36,73,.493,7,20,.350,19,21,.905,7,38,45,28,9,5,20,15,98,,,Team Totals,240,.596,.541,.274,.288,23.3,71.7,54.2,77.8,9.9,6.8,19.6,100.0,107.7,88.0,
https://www.basketball-reference.com/boxscores/201202050MIA.html,"1:00 PM, February 5, 2012",Miami Heat,Toronto Raptors,95,89,TOR,,,Team Totals,240,34,79,.430,6,22,.273,15,21,.714,10,28,38,17,6,3,16,25,89,,,Team Totals,240,.504,.468,.278,.266,23.8,87.5,51.4,50.0,6.5,5.3,15.3,100.0,97.0,103.6,
https://www.basketball-reference.com/boxscores/201202050MIA.html,"1:00 PM, February 5, 2012",Miami Heat,Toronto Raptors,95,89,MIA,,,Team Totals,240,31,69,.449,4,12,.333,29,34,.853,4,32,36,15,8,2,14,19,95,,,Team Totals,240,.566,.478,.174,.493,12.5,76.2,48.6,48.4,8.7,3.5,14.3,100.0,103.6,97.0,
https://www.basketball-reference.com/boxscores/201202060ATL.html,"7:30 PM, February 6, 2012",Atlanta Hawks,Phoenix Suns,90,99,PHO,,,Team Totals,240,41,79,.519,11,24,.458,6,7,.857,10,35,45,24,2,8,15,16,99,,,Team Totals,240,.603,.589,.304,.089,29.4,76.1,56.3,58.5,2.3,13.3,15.5,100.0,114.3,103.9,
https://www.basketball-reference.com/boxscores/201202060ATL.html,"7:30 PM, February 6, 2012",Atlanta Hawks,Phoenix Suns,90,99,ATL,,,Team Totals,240,33,84,.393,6,24,.250,18,21,.857,11,24,35,19,7,2,9,14,90,,,Team Totals,240,.483,.429,.286,.250,23.9,70.6,43.8,57.6,8.1,3.6,8.8,100.0,103.9,114.3,
https://www.basketball-reference.com/boxscores/201202060DEN.html,"9:00 PM, February 6, 2012",Denver Nuggets,Houston Rockets,90,99,HOU,,,Team Totals,240,35,81,.432,10,19,.526,19,24,.792,6,34,40,21,9,5,16,28,99,,,Team Totals,240,.541,.494,.235,.296,14.3,75.6,46.0,60.0,9.0,8.9,14.9,100.0,99.4,90.3,
https://www.basketball-reference.com/boxscores/201202060DEN.html,"9:00 PM, February 6, 2012",Denver Nuggets,Houston Rockets,90,99,DEN,,,Team Totals,240,34,78,.436,3,22,.136,19,33,.576,11,36,47,14,4,8,20,25,90,,,Team Totals,240,.486,.455,.282,.423,24.4,85.7,54.0,41.2,4.0,12.9,17.8,100.0,90.3,99.4,
https://www.basketball-reference.com/boxscores/201202060MEM.html,"8:00 PM, February 6, 2012",Memphis Grizzlies,San Antonio Spurs,84,89,SAS,,,Team Totals,240,34,73,.466,7,16,.438,14,21,.667,9,37,46,15,7,9,19,19,89,,,Team Totals,240,.541,.514,.219,.288,22.0,82.2,53.5,44.1,7.6,12.9,18.8,100.0,96.3,90.9,
https://www.basketball-reference.com/boxscores/201202060MEM.html,"8:00 PM, February 6, 2012",Memphis Grizzlies,San Antonio Spurs,84,89,MEM,,,Team Totals,240,31,83,.373,4,13,.308,18,21,.857,8,32,40,15,12,4,12,17,84,,,Team Totals,240,.455,.398,.157,.253,17.8,78.0,46.5,48.4,13.0,7.0,11.5,100.0,90.9,96.3,
https://www.basketball-reference.com/boxscores/201202060NJN.html,"7:30 PM, February 6, 2012",New Jersey Nets,Chicago Bulls,87,108,CHI,,,Team Totals,240,40,72,.556,9,15,.600,19,23,.826,9,30,39,29,9,2,13,24,108,,,Team Totals,240,.658,.618,.208,.319,28.1,68.2,51.3,72.5,10.5,3.2,13.7,100.0,126.3,101.8,
https://www.basketball-reference.com/boxscores/201202060NJN.html,"7:30 PM, February 6, 2012",New Jersey Nets,Chicago Bulls,87,108,NJN,,,Team Totals,240,32,79,.405,3,17,.176,20,26,.769,14,23,37,19,6,1,13,20,87,,,Team Totals,240,.481,.424,.215,.329,31.8,71.9,48.7,59.4,7.0,1.8,12.6,100.0,101.8,126.3,
https://www.basketball-reference.com/boxscores/201202060NOH.html,"8:00 PM, February 6, 2012",New Orleans Hornets,Sacramento Kings,92,100,SAC,,,Team Totals,240,37,78,.474,8,24,.333,18,25,.720,11,30,41,17,5,5,9,21,100,,,Team Totals,240,.562,.526,.308,.321,25.0,66.7,46.1,45.9,5.8,6.9,9.2,100.0,116.5,107.2,
https://www.basketball-reference.com/boxscores/201202060NOH.html,"8:00 PM, February 6, 2012",New Orleans Hornets,Sacramento Kings,92,100,NOH,,,Team Totals,240,34,81,.420,3,9,.333,21,26,.808,15,33,48,21,6,6,11,19,92,,,Team Totals,240,.498,.438,.111,.321,33.3,75.0,53.9,61.8,7.0,11.1,10.6,100.0,107.2,116.5,
https://www.basketball-reference.com/boxscores/201202060NYK.html,"7:30 PM, February 6, 2012",New York Knicks,Utah Jazz,99,88,UTA,,,Team Totals,240,33,76,.434,2,11,.182,20,26,.769,10,26,36,17,7,2,22,31,88,,,Team Totals,240,.503,.447,.145,.342,24.4,78.8,48.6,51.5,7.3,4.4,20.1,100.0,91.7,103.2,
https://www.basketball-reference.com/boxscores/201202060NYK.html,"7:30 PM, February 6, 2012",New York Knicks,Utah Jazz,99,88,NYK,,,Team Totals,240,35,73,.479,9,28,.321,20,31,.645,7,31,38,19,10,5,18,26,99,,,Team Totals,240,.571,.541,.384,.425,21.2,75.6,51.4,54.3,10.4,7.7,17.2,100.0,103.2,91.7,
https://www.basketball-reference.com/boxscores/201202060ORL.html,"7:00 PM, February 6, 2012",Orlando Magic,Los Angeles Clippers,102,107,LAC,,,Team Totals,265,36,82,.439,13,31,.419,22,25,.880,10,36,46,21,11,1,12,20,107,,,Team Totals,265,.575,.518,.378,.305,27.0,78.3,55.4,58.3,11.9,1.8,11.4,100.0,115.4,110.0,
https://www.basketball-reference.com/boxscores/201202060ORL.html,"7:00 PM, February 6, 2012",Orlando Magic,Los Angeles Clippers,102,107,ORL,,,Team Totals,265,40,86,.465,11,30,.367,11,16,.688,10,27,37,27,6,2,13,27,102,,,Team Totals,265,.548,.529,.349,.186,21.7,73.0,44.6,67.5,6.5,3.9,12.3,100.0,110.0,115.4,
https://www.basketball-reference.com/boxscores/201202060PHI.html,"7:00 PM, February 6, 2012",Philadelphia 76ers,Los Angeles Lakers,95,90,LAL,,,Team Totals,240,34,81,.420,7,24,.292,15,20,.750,21,34,55,23,4,4,16,17,90,,,Team Totals,240,.501,.463,.296,.247,48.8,81.0,64.7,67.6,4.9,6.3,15.1,100.0,110.1,116.2,
https://www.basketball-reference.com/boxscores/201202060PHI.html,"7:00 PM, February 6, 2012",Philadelphia 76ers,Los Angeles Lakers,95,90,PHI,,,Team Totals,240,38,81,.469,8,17,.471,11,17,.647,8,22,30,27,7,2,4,13,95,,,Team Totals,240,.537,.519,.210,.210,19.0,51.2,35.3,71.1,8.6,3.5,4.3,100.0,116.2,110.1,
https://www.basketball-reference.com/boxscores/201202060POR.html,"10:00 PM, February 6, 2012",Portland Trail Blazers,Oklahoma City Thunder,107,111,OKC,,,Team Totals,265,43,95,.453,6,22,.273,19,22,.864,18,41,59,17,7,8,20,27,111,,,Team Totals,265,.530,.484,.232,.232,42.9,73.2,60.2,39.5,6.9,10.4,16.0,100.0,108.7,104.7,
https://www.basketball-reference.com/boxscores/201202060POR.html,"10:00 PM, February 6, 2012",Portland Trail Blazers,Oklahoma City Thunder,107,111,POR,,,Team Totals,265,41,97,.423,5,20,.250,20,26,.769,15,24,39,23,8,3,13,17,107,,,Team Totals,265,.493,.448,.206,.268,26.8,57.1,39.8,56.1,7.8,4.1,10.7,100.0,104.7,108.7,
https://www.basketball-reference.com/boxscores/201202060WAS.html,"7:00 PM, February 6, 2012",Washington Wizards,Toronto Raptors,111,108,TOR,,,Team Totals,265,34,85,.400,13,26,.500,27,34,.794,17,25,42,20,8,2,19,33,108,,,Team Totals,265,.540,.476,.306,.400,38.6,64.1,50.6,58.8,8.3,2.8,16.0,100.0,111.8,114.9,
https://www.basketball-reference.com/boxscores/201202060WAS.html,"7:00 PM, February 6, 2012",Washington Wizards,Toronto Raptors,111,108,WAS,,,Team Totals,265,39,80,.488,3,9,.333,30,41,.732,14,27,41,14,9,8,16,29,111,,,Team Totals,265,.566,.506,.113,.513,35.9,61.4,49.4,35.9,9.3,13.6,14.0,100.0,114.9,111.8,
https://www.basketball-reference.com/boxscores/201202070BOS.html,"7:30 PM, February 7, 2012",Boston Celtics,Charlotte Bobcats,94,84,CHA,,,Team Totals,240,32,71,.451,4,16,.250,16,20,.800,4,28,32,19,2,1,13,11,84,,,Team Totals,240,.526,.479,.225,.282,11.8,80.0,46.4,59.4,2.3,1.7,14.0,100.0,96.7,108.2,
https://www.basketball-reference.com/boxscores/201202070BOS.html,"7:30 PM, February 7, 2012",Boston Celtics,Charlotte Bobcats,94,84,BOS,,,Team Totals,240,41,81,.506,4,23,.174,8,8,1.000,7,30,37,31,4,3,11,15,94,,,Team Totals,240,.556,.531,.284,.099,20.0,88.2,53.6,75.6,4.6,5.5,11.5,100.0,108.2,96.7,
https://www.basketball-reference.com/boxscores/201202070GSW.html,"10:30 PM, February 7, 2012",Golden State Warriors,Oklahoma City Thunder,116,119,OKC,,,Team Totals,240,44,84,.524,11,26,.423,20,21,.952,8,25,33,24,9,3,15,25,119,,,Team Totals,240,.638,.589,.310,.250,21.6,78.1,47.8,54.5,9.3,5.1,13.9,100.0,122.7,119.6,
https://www.basketball-reference.com/boxscores/201202070GSW.html,"10:30 PM, February 7, 2012",Golden State Warriors,Oklahoma City Thunder,116,119,GSW,,,Team Totals,240,44,80,.550,9,21,.429,19,23,.826,7,29,36,28,9,4,15,22,116,,,Team Totals,240,.644,.606,.263,.288,21.9,78.4,52.2,63.6,9.3,6.9,14.3,100.0,119.6,122.7,
https://www.basketball-reference.com/boxscores/201202070IND.html,"7:00 PM, February 7, 2012",Indiana Pacers,Utah Jazz,104,99,UTA,,,Team Totals,240,37,78,.474,4,10,.400,21,23,.913,7,36,43,23,5,9,17,20,99,,,Team Totals,240,.562,.500,.128,.295,17.9,87.8,53.8,62.2,5.2,12.3,16.2,100.0,102.0,107.1,
https://www.basketball-reference.com/boxscores/201202070IND.html,"7:00 PM, February 7, 2012",Indiana Pacers,Utah Jazz,104,99,IND,,,Team Totals,240,41,87,.471,4,14,.286,18,22,.818,5,32,37,18,5,6,8,20,104,,,Team Totals,240,.538,.494,.161,.253,12.2,82.1,46.3,43.9,5.2,8.8,7.6,100.0,107.1,102.0,
https://www.basketball-reference.com/boxscores/201202070MIA.html,"7:30 PM, February 7, 2012",Miami Heat,Cleveland Cavaliers,107,91,CLE,,,Team Totals,240,32,82,.390,7,19,.368,20,30,.667,15,28,43,17,10,2,17,22,91,,,Team Totals,240,.478,.433,.232,.366,30.6,68.3,47.8,53.1,10.5,3.0,15.2,100.0,95.9,112.8,
https://www.basketball-reference.com/boxscores/201202070MIA.html,"7:30 PM, February 7, 2012",Miami Heat,Cleveland Cavaliers,107,91,MIA,,,Team Totals,240,39,84,.464,6,17,.353,23,26,.885,13,34,47,19,7,2,16,22,107,,,Team Totals,240,.561,.500,.202,.310,31.7,69.4,52.2,48.7,7.4,3.2,14.4,100.0,112.8,95.9,
https://www.basketball-reference.com/boxscores/201202070MIL.html,"8:00 PM, February 7, 2012",Milwaukee Bucks,Phoenix Suns,105,107,PHO,,,Team Totals,240,45,94,.479,9,25,.360,8,8,1.000,16,29,45,28,6,4,12,16,107,,,Team Totals,240,.549,.527,.266,.085,35.6,74.4,53.6,62.2,6.6,6.6,11.0,100.0,118.2,116.0,
https://www.basketball-reference.com/boxscores/201202070MIL.html,"8:00 PM, February 7, 2012",Milwaukee Bucks,Phoenix Suns,105,107,MIL,,,Team Totals,240,39,81,.481,9,20,.450,18,20,.900,10,29,39,25,5,6,13,13,105,,,Team Totals,240,.585,.537,.247,.247,25.6,64.4,46.4,64.1,5.5,8.7,12.6,100.0,116.0,118.2,
https://www.basketball-reference.com/boxscores/201202070MIN.html,"8:00 PM, February 7, 2012",Minnesota Timberwolves,Sacramento Kings,86,84,SAC,,,Team Totals,240,31,82,.378,8,23,.348,14,21,.667,11,37,48,20,10,4,19,26,84,,,Team Totals,240,.460,.427,.280,.256,22.9,75.5,49.5,64.5,10.5,6.2,17.2,100.0,88.1,90.2,
https://www.basketball-reference.com/boxscores/201202070MIN.html,"8:00 PM, February 7, 2012",Minnesota Timberwolves,Sacramento Kings,86,84,MIN,,,Team Totals,240,32,79,.405,4,14,.286,18,28,.643,12,37,49,21,11,6,16,20,86,,,Team Totals,240,.471,.430,.177,.354,24.5,77.1,50.5,65.6,11.5,10.2,14.9,100.0,90.2,88.1,
https://www.basketball-reference.com/boxscores/201202080ATL.html,"7:30 PM, February 8, 2012",Atlanta Hawks,Indiana Pacers,97,87,IND,,,Team Totals,240,33,75,.440,5,14,.357,16,23,.696,7,26,33,18,8,3,13,17,87,,,Team Totals,240,.511,.473,.187,.307,17.9,66.7,42.3,54.5,9.1,5.5,13.2,100.0,99.4,110.8,
https://www.basketball-reference.com/boxscores/201202080ATL.html,"7:30 PM, February 8, 2012",Atlanta Hawks,Indiana Pacers,97,87,ATL,,,Team Totals,240,35,76,.461,9,21,.429,18,24,.750,13,32,45,24,9,5,15,20,97,,,Team Totals,240,.560,.520,.276,.316,33.3,82.1,57.7,68.6,10.3,8.2,14.8,100.0,110.8,99.4,
https://www.basketball-reference.com/boxscores/201202080CLE.html,"7:00 PM, February 8, 2012",Cleveland Cavaliers,Los Angeles Clippers,99,92,LAC,,,Team Totals,240,32,78,.410,3,15,.200,25,29,.862,15,23,38,20,8,5,14,26,92,,,Team Totals,240,.507,.429,.192,.372,36.6,69.7,51.4,62.5,9.3,9.4,13.4,100.0,107.2,115.4,
https://www.basketball-reference.com/boxscores/201202080CLE.html,"7:00 PM, February 8, 2012",Cleveland Cavaliers,Los Angeles Clippers,99,92,CLE,,,Team Totals,240,36,71,.507,7,18,.389,20,26,.769,10,26,36,24,4,8,16,23,99,,,Team Totals,240,.600,.556,.254,.366,30.3,63.4,48.6,66.7,4.7,12.7,16.3,100.0,115.4,107.2,
https://www.basketball-reference.com/boxscores/201202080DEN.html,"9:00 PM, February 8, 2012",Denver Nuggets,Dallas Mavericks,95,105,DAL,,,Team Totals,240,44,90,.489,9,28,.321,8,9,.889,11,35,46,30,9,6,13,22,105,,,Team Totals,240,.559,.539,.311,.100,26.8,81.4,54.8,68.2,9.7,13.0,12.2,100.0,113.2,102.5,
https://www.basketball-reference.com/boxscores/201202080DEN.html,"9:00 PM, February 8, 2012",Denver Nuggets,Dallas Mavericks,95,105,DEN,,,Team Totals,240,33,72,.458,9,26,.346,20,27,.741,8,30,38,25,8,6,17,17,95,,,Team Totals,240,.566,.521,.361,.375,18.6,73.2,45.2,75.8,8.6,9.7,16.9,100.0,102.5,113.2,
https://www.basketball-reference.com/boxscores/201202080MEM.html,"8:00 PM, February 8, 2012",Memphis Grizzlies,Minnesota Timberwolves,85,80,MIN,,,Team Totals,240,31,79,.392,4,19,.211,14,19,.737,10,37,47,16,10,5,16,15,80,,,Team Totals,240,.458,.418,.241,.241,20.8,63.8,44.3,51.6,10.8,6.0,15.5,100.0,86.0,91.4,
https://www.basketball-reference.com/boxscores/201202080MEM.html,"8:00 PM, February 8, 2012",Memphis Grizzlies,Minnesota Timberwolves,85,80,MEM,,,Team Totals,240,35,94,.372,4,11,.364,11,15,.733,21,38,59,18,10,4,17,19,85,,,Team Totals,240,.422,.394,.117,.160,36.2,79.2,55.7,51.4,10.8,6.7,14.5,100.0,91.4,86.0,
https://www.basketball-reference.com/boxscores/201202080NJN.html,"7:30 PM, February 8, 2012",New Jersey Nets,Detroit Pistons,92,99,DET,,,Team Totals,240,39,73,.534,2,9,.222,19,29,.655,12,29,41,29,10,6,13,21,99,,,Team Totals,240,.577,.548,.123,.397,34.3,69.0,53.2,74.4,11.7,11.8,13.2,100.0,116.3,108.1,
https://www.basketball-reference.com/boxscores/201202080NJN.html,"7:30 PM, February 8, 2012",New Jersey Nets,Detroit Pistons,92,99,NJN,,,Team Totals,240,33,78,.423,10,27,.370,16,20,.800,13,23,36,19,7,6,14,19,92,,,Team Totals,240,.530,.487,.346,.256,31.0,65.7,46.8,57.6,8.2,9.4,13.9,100.0,108.1,116.3,
https://www.basketball-reference.com/boxscores/201202080NOH.html,"8:00 PM, February 8, 2012",New Orleans Hornets,Chicago Bulls,67,90,CHI,,,Team Totals,240,39,85,.459,4,16,.250,8,12,.667,12,37,49,29,11,1,12,13,90,,,Team Totals,240,.498,.482,.188,.141,29.3,78.7,55.7,74.4,12.4,1.4,11.7,100.0,101.4,75.5,
https://www.basketball-reference.com/boxscores/201202080NOH.html,"8:00 PM, February 8, 2012",New Orleans Hornets,Chicago Bulls,67,90,NOH,,,Team Totals,240,28,75,.373,1,3,.333,10,17,.588,10,29,39,19,3,4,19,12,67,,,Team Totals,240,.406,.380,.040,.227,21.3,70.7,44.3,67.9,3.4,5.8,18.7,100.0,75.5,101.4,
https://www.basketball-reference.com/boxscores/201202080ORL.html,"7:00 PM, February 8, 2012",Orlando Magic,Miami Heat,102,89,MIA,,,Team Totals,240,36,76,.474,5,15,.333,12,17,.706,9,29,38,20,10,6,13,17,89,,,Team Totals,240,.533,.507,.197,.224,22.5,63.0,44.2,55.6,11.5,14.6,13.5,100.0,102.0,116.8,
https://www.basketball-reference.com/boxscores/201202080ORL.html,"7:00 PM, February 8, 2012",Orlando Magic,Miami Heat,102,89,ORL,,,Team Totals,240,35,83,.422,17,42,.405,15,21,.714,17,31,48,24,8,2,16,17,102,,,Team Totals,240,.553,.524,.506,.253,37.0,77.5,55.8,68.6,9.2,3.3,14.8,100.0,116.8,102.0,
https://www.basketball-reference.com/boxscores/201202080PHI.html,"7:00 PM, February 8, 2012",Philadelphia 76ers,San Antonio Spurs,90,100,SAS,,,Team Totals,240,37,84,.440,5,15,.333,21,26,.808,11,37,48,23,6,5,7,14,100,,,Team Totals,240,.524,.470,.179,.310,22.9,67.3,46.6,62.2,6.7,6.3,6.8,100.0,112.3,101.1,
https://www.basketball-reference.com/boxscores/201202080PHI.html,"7:00 PM, February 8, 2012",Philadelphia 76ers,San Antonio Spurs,90,100,PHI,,,Team Totals,240,38,93,.409,7,14,.500,7,11,.636,18,37,55,23,4,7,10,20,90,,,Team Totals,240,.460,.446,.151,.118,32.7,77.1,53.4,60.5,4.5,10.1,9.3,100.0,101.1,112.3,
https://www.basketball-reference.com/boxscores/201202080POR.html,"10:00 PM, February 8, 2012",Portland Trail Blazers,Houston Rockets,96,103,HOU,,,Team Totals,240,41,78,.526,10,23,.435,11,19,.579,9,30,39,26,10,6,23,22,103,,,Team Totals,240,.596,.590,.295,.244,28.1,83.3,57.4,63.4,10.4,10.7,21.0,100.0,107.1,99.8,
https://www.basketball-reference.com/boxscores/201202080POR.html,"10:00 PM, February 8, 2012",Portland Trail Blazers,Houston Rockets,96,103,POR,,,Team Totals,240,35,74,.473,7,18,.389,19,22,.864,6,23,29,22,11,5,19,22,96,,,Team Totals,240,.574,.520,.243,.297,16.7,71.9,42.6,62.9,11.4,9.1,18.5,100.0,99.8,107.1,
https://www.basketball-reference.com/boxscores/201202080TOR.html,"7:00 PM, February 8, 2012",Toronto Raptors,Milwaukee Bucks,99,105,MIL,,,Team Totals,240,33,72,.458,12,25,.480,27,37,.730,12,35,47,20,11,11,19,15,105,,,Team Totals,240,.595,.542,.347,.514,29.3,74.5,53.4,60.6,11.6,16.7,17.7,100.0,110.6,104.3,
https://www.basketball-reference.com/boxscores/201202080TOR.html,"7:00 PM, February 8, 2012",Toronto Raptors,Milwaukee Bucks,99,105,TOR,,,Team Totals,240,37,90,.411,9,24,.375,16,17,.941,12,29,41,27,9,5,14,24,99,,,Team Totals,240,.508,.461,.267,.189,25.5,70.7,46.6,73.0,9.5,10.6,12.6,100.0,104.3,110.6,
https://www.basketball-reference.com/boxscores/201202080WAS.html,"7:00 PM, February 8, 2012",Washington Wizards,New York Knicks,93,107,NYK,,,Team Totals,240,37,81,.457,7,28,.250,26,33,.788,11,31,42,18,8,4,8,16,107,,,Team Totals,240,.560,.500,.346,.407,26.2,73.8,50.0,48.6,8.8,6.1,7.7,100.0,117.7,102.3,
https://www.basketball-reference.com/boxscores/201202080WAS.html,"7:00 PM, February 8, 2012",Washington Wizards,New York Knicks,93,107,WAS,,,Team Totals,240,38,83,.458,2,17,.118,15,19,.789,11,31,42,12,6,5,14,28,93,,,Team Totals,240,.509,.470,.205,.229,26.2,73.8,50.0,31.6,6.6,9.4,13.3,100.0,102.3,117.7,
https://www.basketball-reference.com/boxscores/201202090BOS.html,"8:00 PM, February 9, 2012",Boston Celtics,Los Angeles Lakers,87,88,LAL,,,Team Totals,265,36,91,.396,1,15,.067,15,20,.750,15,40,55,13,6,7,12,12,88,,,Team Totals,265,.441,.401,.165,.220,31.3,76.9,55.0,36.1,6.4,9.0,10.7,100.0,94.1,93.0,
https://www.basketball-reference.com/boxscores/201202090BOS.html,"8:00 PM, February 9, 2012",Boston Celtics,Los Angeles Lakers,87,88,BOS,,,Team Totals,265,38,97,.392,6,19,.316,5,5,1.000,12,33,45,22,7,5,10,21,87,,,Team Totals,265,.439,.423,.196,.052,23.1,68.8,45.0,57.9,7.5,6.6,9.2,100.0,93.0,94.1,
https://www.basketball-reference.com/boxscores/201202090DEN.html,"9:00 PM, February 9, 2012",Denver Nuggets,Golden State Warriors,101,109,GSW,,,Team Totals,240,41,79,.519,13,25,.520,14,22,.636,6,35,41,22,8,14,17,23,109,,,Team Totals,240,.615,.601,.316,.278,16.2,81.4,51.3,53.7,8.1,23.0,16.1,100.0,110.4,102.3,
https://www.basketball-reference.com/boxscores/201202090DEN.html,"9:00 PM, February 9, 2012",Denver Nuggets,Golden State Warriors,101,109,DEN,,,Team Totals,240,37,85,.435,9,24,.375,18,27,.667,8,31,39,28,7,1,13,20,101,,,Team Totals,240,.521,.488,.282,.318,18.6,83.8,48.8,75.7,7.1,1.9,11.8,100.0,102.3,110.4,
https://www.basketball-reference.com/boxscores/201202090PHO.html,"9:00 PM, February 9, 2012",Phoenix Suns,Houston Rockets,89,96,HOU,,,Team Totals,240,42,86,.488,8,16,.500,4,6,.667,12,32,44,26,7,2,12,12,96,,,Team Totals,240,.542,.535,.186,.070,31.6,86.5,58.7,61.9,8.1,4.3,11.9,100.0,110.8,102.7,
https://www.basketball-reference.com/boxscores/201202090PHO.html,"9:00 PM, February 9, 2012",Phoenix Suns,Houston Rockets,89,96,PHO,,,Team Totals,240,35,74,.473,9,27,.333,10,16,.625,5,26,31,25,6,3,13,13,89,,,Team Totals,240,.549,.534,.365,.216,13.5,68.4,41.3,71.4,6.9,4.3,13.8,100.0,102.7,110.8,
https://www.basketball-reference.com/boxscores/201202090SAC.html,"10:30 PM, February 9, 2012",Sacramento Kings,Oklahoma City Thunder,106,101,OKC,,,Team Totals,240,37,77,.481,7,18,.389,20,26,.769,12,28,40,13,6,17,23,24,101,,,Team Totals,240,.571,.526,.234,.338,29.3,62.2,46.5,35.1,6.1,21.5,20.6,100.0,103.4,108.5,
https://www.basketball-reference.com/boxscores/201202090SAC.html,"10:30 PM, February 9, 2012",Sacramento Kings,Oklahoma City Thunder,106,101,SAC,,,Team Totals,240,40,99,.404,7,20,.350,19,26,.731,17,29,46,21,13,4,12,19,106,,,Team Totals,240,.480,.439,.202,.263,37.8,70.7,53.5,52.5,13.3,6.8,9.8,100.0,108.5,103.4,
https://www.basketball-reference.com/boxscores/201202100CHA.html,"7:00 PM, February 10, 2012",Charlotte Bobcats,Chicago Bulls,64,95,CHI,,,Team Totals,240,39,90,.433,6,15,.400,11,20,.550,18,35,53,22,10,4,10,15,95,,,Team Totals,240,.481,.467,.167,.222,34.6,77.8,54.6,56.4,11.3,5.9,9.2,100.0,107.6,72.5,
https://www.basketball-reference.com/boxscores/201202100CHA.html,"7:00 PM, February 10, 2012",Charlotte Bobcats,Chicago Bulls,64,95,CHA,,,Team Totals,240,25,76,.329,1,8,.125,13,19,.684,10,34,44,17,5,5,16,18,64,,,Team Totals,240,.379,.336,.105,.250,22.2,65.4,45.4,68.0,5.7,6.7,15.9,100.0,72.5,107.6,
https://www.basketball-reference.com/boxscores/201202100CLE.html,"7:30 PM, February 10, 2012",Cleveland Cavaliers,Milwaukee Bucks,112,113,MIL,,,Team Totals,265,40,98,.408,8,24,.333,25,31,.806,16,35,51,26,7,8,14,25,113,,,Team Totals,265,.506,.449,.245,.316,30.2,76.1,51.5,65.0,6.6,11.3,11.1,100.0,106.6,105.7,
https://www.basketball-reference.com/boxscores/201202100CLE.html,"7:30 PM, February 10, 2012",Cleveland Cavaliers,Milwaukee Bucks,112,113,CLE,,,Team Totals,265,43,88,.489,8,17,.471,18,32,.563,11,37,48,33,6,5,17,26,112,,,Team Totals,265,.549,.534,.193,.364,23.9,69.8,48.5,76.7,5.7,6.8,14.3,100.0,105.7,106.6,
https://www.basketball-reference.com/boxscores/201202100DET.html,"7:30 PM, February 10, 2012",Detroit Pistons,New Jersey Nets,109,92,NJN,,,Team Totals,240,31,74,.419,5,19,.263,25,31,.806,10,21,31,18,10,5,19,22,92,,,Team Totals,240,.525,.453,.257,.419,23.8,58.3,39.7,58.1,10.7,7.2,17.8,100.0,98.2,116.3,
https://www.basketball-reference.com/boxscores/201202100DET.html,"7:30 PM, February 10, 2012",Detroit Pistons,New Jersey Nets,109,92,DET,,,Team Totals,240,43,79,.544,4,10,.400,19,25,.760,15,32,47,25,9,6,20,25,109,,,Team Totals,240,.606,.570,.127,.316,41.7,76.2,60.3,58.1,9.6,10.9,18.2,100.0,116.3,98.2,
https://www.basketball-reference.com/boxscores/201202100MEM.html,"8:00 PM, February 10, 2012",Memphis Grizzlies,Indiana Pacers,98,92,IND,,,Team Totals,240,30,78,.385,6,16,.375,26,37,.703,16,32,48,14,3,3,15,29,92,,,Team Totals,240,.488,.423,.205,.474,33.3,86.5,56.5,46.7,3.3,4.7,13.7,100.0,100.6,107.2,
https://www.basketball-reference.com/boxscores/201202100MEM.html,"8:00 PM, February 10, 2012",Memphis Grizzlies,Indiana Pacers,98,92,MEM,,,Team Totals,240,34,73,.466,1,9,.111,29,37,.784,5,32,37,19,9,7,10,26,98,,,Team Totals,240,.549,.473,.123,.507,13.5,66.7,43.5,55.9,9.8,11.3,10.1,100.0,107.2,100.6,
https://www.basketball-reference.com/boxscores/201202100MIN.html,"8:00 PM, February 10, 2012",Minnesota Timberwolves,Dallas Mavericks,97,104,DAL,,,Team Totals,240,39,90,.433,9,21,.429,17,23,.739,8,30,38,25,16,8,18,28,104,,,Team Totals,240,.519,.483,.233,.256,19.0,69.8,44.7,64.1,15.2,14.3,15.2,100.0,98.6,91.9,
https://www.basketball-reference.com/boxscores/201202100MIN.html,"8:00 PM, February 10, 2012",Minnesota Timberwolves,Dallas Mavericks,97,104,MIN,,,Team Totals,240,32,79,.405,6,23,.261,27,31,.871,13,34,47,20,7,1,28,21,97,,,Team Totals,240,.524,.443,.291,.392,30.2,81.0,55.3,62.5,6.6,1.4,23.2,100.0,91.9,98.6,
https://www.basketball-reference.com/boxscores/201202100NOH.html,"8:00 PM, February 10, 2012",New Orleans Hornets,Portland Trail Blazers,86,94,POR,,,Team Totals,240,35,68,.515,4,17,.235,20,25,.800,8,25,33,24,10,9,16,21,94,,,Team Totals,240,.595,.544,.250,.368,25.8,64.1,47.1,68.6,11.6,15.3,16.8,100.0,108.8,99.6,
https://www.basketball-reference.com/boxscores/201202100NOH.html,"8:00 PM, February 10, 2012",New Orleans Hornets,Portland Trail Blazers,86,94,NOH,,,Team Totals,240,33,75,.440,3,16,.188,17,25,.680,14,23,37,20,10,1,19,27,86,,,Team Totals,240,.500,.460,.213,.333,35.9,74.2,52.9,60.6,11.6,2.0,18.1,100.0,99.6,108.8,
https://www.basketball-reference.com/boxscores/201202100NYK.html,"8:00 PM, February 10, 2012",New York Knicks,Los Angeles Lakers,92,85,LAL,,,Team Totals,240,30,80,.375,6,24,.250,19,23,.826,12,36,48,13,6,5,17,29,85,,,Team Totals,240,.472,.413,.300,.288,26.7,81.8,53.9,43.3,6.4,8.9,15.9,100.0,90.4,97.9,
https://www.basketball-reference.com/boxscores/201202100NYK.html,"8:00 PM, February 10, 2012",New York Knicks,Los Angeles Lakers,92,85,NYK,,,Team Totals,240,33,77,.429,5,21,.238,21,34,.618,8,33,41,16,9,1,14,17,92,,,Team Totals,240,.500,.461,.273,.442,18.2,73.3,46.1,48.5,9.6,1.8,13.2,100.0,97.9,90.4,
https://www.basketball-reference.com/boxscores/201202100ORL.html,"7:00 PM, February 10, 2012",Orlando Magic,Atlanta Hawks,87,89,ATL,,,Team Totals,265,36,82,.439,6,17,.353,11,18,.611,6,37,43,23,6,4,11,17,89,,,Team Totals,265,.495,.476,.207,.220,12.5,78.7,45.3,63.9,6.4,6.8,10.9,100.0,94.3,92.2,
https://www.basketball-reference.com/boxscores/201202100ORL.html,"7:00 PM, February 10, 2012",Orlando Magic,Atlanta Hawks,87,89,ORL,,,Team Totals,265,35,83,.422,9,24,.375,8,14,.571,10,42,52,14,5,3,17,21,87,,,Team Totals,265,.488,.476,.289,.169,21.3,87.5,54.7,40.0,5.3,4.6,16.0,100.0,92.2,94.3,
https://www.basketball-reference.com/boxscores/201202100PHI.html,"7:00 PM, February 10, 2012",Philadelphia 76ers,Los Angeles Clippers,77,78,LAC,,,Team Totals,240,33,85,.388,2,19,.105,10,15,.667,15,31,46,14,6,1,7,23,78,,,Team Totals,240,.426,.400,.224,.176,32.6,77.5,53.5,42.4,7.5,1.8,7.1,100.0,96.9,95.7,
https://www.basketball-reference.com/boxscores/201202100PHI.html,"7:00 PM, February 10, 2012",Philadelphia 76ers,Los Angeles Clippers,77,78,PHI,,,Team Totals,240,29,71,.408,4,15,.267,15,23,.652,9,31,40,19,4,2,11,15,77,,,Team Totals,240,.475,.437,.211,.324,22.5,67.4,46.5,65.5,5.0,3.0,11.9,100.0,95.7,96.9,
https://www.basketball-reference.com/boxscores/201202100TOR.html,"7:00 PM, February 10, 2012",Toronto Raptors,Boston Celtics,86,74,BOS,,,Team Totals,240,29,65,.446,3,10,.300,13,18,.722,7,27,34,18,5,3,17,13,74,,,Team Totals,240,.507,.469,.154,.277,19.4,67.5,44.7,62.1,6.2,5.4,18.9,100.0,91.3,106.1,
https://www.basketball-reference.com/boxscores/201202100TOR.html,"7:00 PM, February 10, 2012",Toronto Raptors,Boston Celtics,86,74,TOR,,,Team Totals,240,33,75,.440,5,19,.263,15,20,.750,13,29,42,26,9,4,12,18,86,,,Team Totals,240,.513,.473,.253,.267,32.5,80.6,55.3,78.8,11.1,7.3,12.5,100.0,106.1,91.3,
https://www.basketball-reference.com/boxscores/201202100UTA.html,"10:30 PM, February 10, 2012",Utah Jazz,Oklahoma City Thunder,87,101,OKC,,,Team Totals,240,35,74,.473,4,20,.200,27,32,.844,10,36,46,12,10,4,17,20,101,,,Team Totals,240,.573,.500,.270,.432,27.8,85.7,59.0,34.3,10.8,5.6,16.2,100.0,108.6,93.6,
https://www.basketball-reference.com/boxscores/201202100UTA.html,"10:30 PM, February 10, 2012",Utah Jazz,Oklahoma City Thunder,87,101,UTA,,,Team Totals,240,38,80,.475,3,9,.333,8,13,.615,6,26,32,27,8,3,15,21,87,,,Team Totals,240,.507,.494,.113,.163,14.3,72.2,41.0,71.1,8.6,5.6,14.9,100.0,93.6,108.6,
https://www.basketball-reference.com/boxscores/201202100WAS.html,"7:00 PM, February 10, 2012",Washington Wizards,Miami Heat,89,106,MIA,,,Team Totals,240,40,81,.494,5,15,.333,21,23,.913,8,38,46,22,9,7,15,21,106,,,Team Totals,240,.582,.525,.185,.284,22.2,71.7,51.7,55.0,9.1,10.3,14.1,100.0,107.6,90.4,
https://www.basketball-reference.com/boxscores/201202100WAS.html,"7:00 PM, February 10, 2012",Washington Wizards,Miami Heat,89,106,WAS,,,Team Totals,240,34,89,.382,4,21,.190,17,28,.607,15,28,43,21,6,1,18,20,89,,,Team Totals,240,.439,.404,.236,.315,28.3,77.8,48.3,61.8,6.1,1.5,15.1,100.0,90.4,107.6,
https://www.basketball-reference.com/boxscores/201202110CHA.html,"7:00 PM, February 11, 2012",Charlotte Bobcats,Los Angeles Clippers,86,111,LAC,,,Team Totals,240,41,78,.526,8,20,.400,21,24,.875,11,37,48,29,4,4,9,28,111,,,Team Totals,240,.627,.577,.256,.308,32.4,80.4,60.0,70.7,4.7,6.7,9.2,100.0,129.9,100.6,
https://www.basketball-reference.com/boxscores/201202110CHA.html,"7:00 PM, February 11, 2012",Charlotte Bobcats,Los Angeles Clippers,86,111,CHA,,,Team Totals,240,26,74,.351,1,14,.071,33,43,.767,9,23,32,18,2,6,6,20,86,,,Team Totals,240,.463,.358,.189,.581,19.6,67.6,40.0,69.2,2.3,10.3,6.1,100.0,100.6,129.9,
https://www.basketball-reference.com/boxscores/201202110CLE.html,"7:30 PM, February 11, 2012",Cleveland Cavaliers,Philadelphia 76ers,84,99,PHI,,,Team Totals,240,35,79,.443,6,14,.429,23,30,.767,7,33,40,21,4,5,6,16,99,,,Team Totals,240,.537,.481,.177,.380,15.6,70.2,43.5,60.0,4.5,7.1,6.1,100.0,111.4,94.5,
https://www.basketball-reference.com/boxscores/201202110CLE.html,"7:30 PM, February 11, 2012",Cleveland Cavaliers,Philadelphia 76ers,84,99,CLE,,,Team Totals,240,31,84,.369,3,14,.214,19,25,.760,14,38,52,19,3,3,11,19,84,,,Team Totals,240,.442,.387,.167,.298,29.8,84.4,56.5,61.3,3.4,4.6,10.4,100.0,94.5,111.4,
https://www.basketball-reference.com/boxscores/201202110DAL.html,"8:30 PM, February 11, 2012",Dallas Mavericks,Portland Trail Blazers,97,94,POR,,,Team Totals,290,36,97,.371,3,20,.150,19,21,.905,12,34,46,11,12,5,15,24,94,,,Team Totals,290,.442,.387,.206,.216,20.3,77.3,44.7,30.6,11.4,7.7,12.4,100.0,89.2,92.0,
https://www.basketball-reference.com/boxscores/201202110DAL.html,"8:30 PM, February 11, 2012",Dallas Mavericks,Portland Trail Blazers,97,94,DAL,,,Team Totals,290,39,84,.464,6,19,.316,13,19,.684,10,47,57,21,5,4,23,24,97,,,Team Totals,290,.525,.500,.226,.226,22.7,79.7,55.3,53.8,4.7,5.2,19.9,100.0,92.0,89.2,
https://www.basketball-reference.com/boxscores/201202110IND.html,"7:00 PM, February 11, 2012",Indiana Pacers,Denver Nuggets,109,113,DEN,,,Team Totals,240,43,87,.494,5,17,.294,22,33,.667,14,25,39,14,8,4,12,22,113,,,Team Totals,240,.557,.523,.195,.379,35.9,80.6,55.7,32.6,8.2,7.0,10.6,100.0,115.6,111.5,
https://www.basketball-reference.com/boxscores/201202110IND.html,"7:00 PM, February 11, 2012",Indiana Pacers,Denver Nuggets,109,113,IND,,,Team Totals,240,42,79,.532,8,22,.364,17,22,.773,6,25,31,22,6,5,20,28,109,,,Team Totals,240,.615,.582,.278,.278,19.4,64.1,44.3,52.4,6.1,7.1,18.4,100.0,111.5,115.6,
https://www.basketball-reference.com/boxscores/201202110MIL.html,"9:00 PM, February 11, 2012",Milwaukee Bucks,Orlando Magic,94,99,ORL,,,Team Totals,240,35,81,.432,15,37,.405,14,21,.667,9,34,43,22,4,5,11,13,99,,,Team Totals,240,.549,.525,.457,.259,22.0,66.7,46.7,62.9,4.5,7.0,10.9,100.0,111.8,106.1,
https://www.basketball-reference.com/boxscores/201202110MIL.html,"9:00 PM, February 11, 2012",Milwaukee Bucks,Orlando Magic,94,99,MIL,,,Team Totals,240,39,93,.419,9,22,.409,7,7,1.000,17,32,49,26,3,5,11,16,94,,,Team Totals,240,.489,.468,.237,.075,33.3,78.0,53.3,66.7,3.4,11.4,10.3,100.0,106.1,111.8,
https://www.basketball-reference.com/boxscores/201202110MIN.html,"8:00 PM, February 11, 2012",Minnesota Timberwolves,New York Knicks,98,100,NYK,,,Team Totals,240,40,84,.476,7,19,.368,13,22,.591,7,31,38,20,13,1,20,22,100,,,Team Totals,240,.534,.518,.226,.262,16.3,75.6,45.2,50.0,12.5,1.5,17.6,100.0,96.4,94.5,
https://www.basketball-reference.com/boxscores/201202110MIN.html,"8:00 PM, February 11, 2012",Minnesota Timberwolves,New York Knicks,98,100,MIN,,,Team Totals,240,37,84,.440,6,19,.316,18,19,.947,10,36,46,18,9,4,23,21,98,,,Team Totals,240,.531,.476,.226,.226,24.4,83.7,54.8,48.6,8.7,6.2,19.9,100.0,94.5,96.4,
https://www.basketball-reference.com/boxscores/201202110NJN.html,"8:00 PM, February 11, 2012",New Jersey Nets,San Antonio Spurs,89,103,SAS,,,Team Totals,240,42,80,.525,7,22,.318,12,17,.706,10,33,43,25,8,6,13,17,103,,,Team Totals,240,.589,.569,.275,.213,27.8,71.7,52.4,59.5,8.9,9.5,12.9,100.0,114.6,99.0,
https://www.basketball-reference.com/boxscores/201202110NJN.html,"8:00 PM, February 11, 2012",New Jersey Nets,San Antonio Spurs,89,103,NJN,,,Team Totals,240,35,87,.402,7,24,.292,12,15,.800,13,26,39,19,5,4,14,12,89,,,Team Totals,240,.475,.443,.276,.172,28.3,72.2,47.6,54.3,5.6,6.9,13.0,100.0,99.0,114.6,
https://www.basketball-reference.com/boxscores/201202110SAC.html,"10:00 PM, February 11, 2012",Sacramento Kings,Phoenix Suns,84,98,PHO,,,Team Totals,240,39,78,.500,8,23,.348,12,15,.800,7,31,38,27,7,11,17,20,98,,,Team Totals,240,.579,.551,.295,.192,21.2,66.0,47.5,69.2,7.9,19.6,16.7,100.0,110.0,94.3,
https://www.basketball-reference.com/boxscores/201202110SAC.html,"10:00 PM, February 11, 2012",Sacramento Kings,Phoenix Suns,84,98,SAC,,,Team Totals,240,27,77,.351,8,21,.381,22,28,.786,16,26,42,16,6,3,16,24,84,,,Team Totals,240,.470,.403,.273,.364,34.0,78.8,52.5,59.3,6.7,5.5,15.2,100.0,94.3,110.0,
https://www.basketball-reference.com/boxscores/201202120ATL.html,"7:00 PM, February 12, 2012",Atlanta Hawks,Miami Heat,87,107,MIA,,,Team Totals,240,38,83,.458,5,12,.417,26,31,.839,13,39,52,18,6,6,9,14,107,,,Team Totals,240,.554,.488,.145,.373,33.3,76.5,57.8,47.4,6.7,9.5,8.5,100.0,118.7,96.5,
https://www.basketball-reference.com/boxscores/201202120ATL.html,"7:00 PM, February 12, 2012",Atlanta Hawks,Miami Heat,87,107,ATL,,,Team Totals,240,35,90,.389,11,27,.407,6,7,.857,12,26,38,26,4,4,13,19,87,,,Team Totals,240,.467,.450,.300,.078,23.5,66.7,42.2,74.3,4.4,5.6,12.3,100.0,96.5,118.7,
https://www.basketball-reference.com/boxscores/201202120BOS.html,"3:30 PM, February 12, 2012",Boston Celtics,Chicago Bulls,95,91,CHI,,,Team Totals,240,34,88,.386,6,20,.300,17,24,.708,15,27,42,20,9,2,13,18,91,,,Team Totals,240,.462,.420,.227,.273,29.4,77.1,48.8,58.8,9.5,3.2,11.7,100.0,96.4,100.7,
https://www.basketball-reference.com/boxscores/201202120BOS.html,"3:30 PM, February 12, 2012",Boston Celtics,Chicago Bulls,95,91,BOS,,,Team Totals,240,37,75,.493,3,13,.231,18,26,.692,8,36,44,24,9,9,19,23,95,,,Team Totals,240,.550,.513,.173,.347,22.9,70.6,51.2,64.9,9.5,13.2,18.0,100.0,100.7,96.4,
https://www.basketball-reference.com/boxscores/201202120DET.html,"6:00 PM, February 12, 2012",Detroit Pistons,Washington Wizards,77,98,WAS,,,Team Totals,240,37,79,.468,6,15,.400,18,21,.857,8,39,47,23,8,9,21,18,98,,,Team Totals,240,.555,.506,.190,.266,22.9,72.2,52.8,62.2,8.2,11.5,19.2,100.0,100.1,78.6,
https://www.basketball-reference.com/boxscores/201202120DET.html,"6:00 PM, February 12, 2012",Detroit Pistons,Washington Wizards,77,98,DET,,,Team Totals,240,29,89,.326,1,11,.091,18,19,.947,15,27,42,17,10,2,19,18,77,,,Team Totals,240,.395,.331,.124,.213,27.8,77.1,47.2,58.6,10.2,3.1,16.3,100.0,78.6,100.1,
https://www.basketball-reference.com/boxscores/201202120GSW.html,"9:00 PM, February 12, 2012",Golden State Warriors,Houston Rockets,106,97,HOU,,,Team Totals,240,31,75,.413,11,29,.379,24,33,.727,13,34,47,22,9,4,19,17,97,,,Team Totals,240,.542,.487,.387,.440,31.0,85.0,57.3,71.0,9.6,7.3,17.5,100.0,103.4,113.0,
https://www.basketball-reference.com/boxscores/201202120GSW.html,"9:00 PM, February 12, 2012",Golden State Warriors,Houston Rockets,106,97,GSW,,,Team Totals,240,40,79,.506,13,24,.542,13,18,.722,6,29,35,24,8,4,15,19,106,,,Team Totals,240,.610,.589,.304,.228,15.0,69.0,42.7,60.0,8.5,8.7,14.7,100.0,113.0,103.4,
https://www.basketball-reference.com/boxscores/201202120MEM.html,"9:30 PM, February 12, 2012",Memphis Grizzlies,Utah Jazz,88,98,UTA,,,Team Totals,240,42,83,.506,5,13,.385,9,13,.692,13,26,39,26,9,6,14,22,98,,,Team Totals,240,.552,.536,.157,.157,35.1,59.1,48.1,61.9,10.4,8.8,13.6,100.0,112.8,101.3,
https://www.basketball-reference.com/boxscores/201202120MEM.html,"9:30 PM, February 12, 2012",Memphis Grizzlies,Utah Jazz,88,98,MEM,,,Team Totals,240,34,78,.436,2,10,.200,18,23,.783,18,24,42,17,7,8,19,19,88,,,Team Totals,240,.499,.449,.128,.295,40.9,64.9,51.9,50.0,8.1,11.4,17.7,100.0,101.3,112.8,
https://www.basketball-reference.com/boxscores/201202120TOR.html,"1:00 PM, February 12, 2012",Toronto Raptors,Los Angeles Lakers,92,94,LAL,,,Team Totals,240,35,81,.432,10,23,.435,14,20,.700,12,29,41,19,6,3,15,14,94,,,Team Totals,240,.523,.494,.284,.247,27.3,80.6,51.3,54.3,6.6,4.5,14.3,100.0,104.0,101.7,
https://www.basketball-reference.com/boxscores/201202120TOR.html,"1:00 PM, February 12, 2012",Toronto Raptors,Los Angeles Lakers,92,94,TOR,,,Team Totals,240,37,78,.474,6,11,.545,12,17,.706,7,32,39,20,11,3,14,19,92,,,Team Totals,240,.538,.513,.141,.218,19.4,72.7,48.8,54.1,12.2,5.2,14.1,100.0,101.7,104.0,
https://www.basketball-reference.com/boxscores/201202130CHA.html,"7:00 PM, February 13, 2012",Charlotte Bobcats,Philadelphia 76ers,89,98,PHI,,,Team Totals,240,36,83,.434,6,18,.333,20,24,.833,9,31,40,21,6,6,7,25,98,,,Team Totals,240,.524,.470,.217,.289,21.4,88.6,51.9,58.3,6.5,10.7,7.0,100.0,106.8,97.0,
https://www.basketball-reference.com/boxscores/201202130CHA.html,"7:00 PM, February 13, 2012",Charlotte Bobcats,Philadelphia 76ers,89,98,CHA,,,Team Totals,240,30,73,.411,7,17,.412,22,30,.733,4,33,37,18,5,6,15,18,89,,,Team Totals,240,.516,.459,.233,.411,11.4,78.6,48.1,60.0,5.4,9.2,14.8,100.0,97.0,106.8,
https://www.basketball-reference.com/boxscores/201202130DAL.html,"8:30 PM, February 13, 2012",Dallas Mavericks,Los Angeles Clippers,96,92,LAC,,,Team Totals,240,33,74,.446,10,27,.370,16,25,.640,11,39,50,22,7,6,21,21,92,,,Team Totals,240,.541,.514,.365,.338,28.2,83.0,58.1,66.7,7.5,9.8,19.8,100.0,99.0,103.3,
https://www.basketball-reference.com/boxscores/201202130DAL.html,"8:30 PM, February 13, 2012",Dallas Mavericks,Los Angeles Clippers,96,92,DAL,,,Team Totals,240,35,79,.443,6,18,.333,20,28,.714,8,28,36,21,11,1,11,21,96,,,Team Totals,240,.526,.481,.228,.354,17.0,71.8,41.9,60.0,11.8,2.1,10.8,100.0,103.3,99.0,
https://www.basketball-reference.com/boxscores/201202130GSW.html,"10:30 PM, February 13, 2012",Golden State Warriors,Phoenix Suns,102,96,PHO,,,Team Totals,240,38,82,.463,5,25,.200,15,19,.789,11,31,42,29,5,5,14,19,96,,,Team Totals,240,.531,.494,.305,.232,27.5,67.4,48.8,76.3,5.6,7.4,13.4,100.0,107.5,114.2,
https://www.basketball-reference.com/boxscores/201202130GSW.html,"10:30 PM, February 13, 2012",Golden State Warriors,Phoenix Suns,102,96,GSW,,,Team Totals,240,39,86,.453,7,18,.389,17,21,.810,15,29,44,17,7,4,10,13,102,,,Team Totals,240,.535,.494,.209,.244,32.6,72.5,51.2,43.6,7.8,7.0,9.5,100.0,114.2,107.5,
https://www.basketball-reference.com/boxscores/201202130MIL.html,"8:00 PM, February 13, 2012",Milwaukee Bucks,Miami Heat,96,114,MIA,,,Team Totals,240,43,83,.518,7,14,.500,21,25,.840,14,34,48,19,9,4,16,22,114,,,Team Totals,240,.606,.560,.169,.301,40.0,70.8,57.8,44.2,9.8,6.6,14.5,100.0,123.9,104.4,
https://www.basketball-reference.com/boxscores/201202130MIL.html,"8:00 PM, February 13, 2012",Milwaukee Bucks,Miami Heat,96,114,MIL,,,Team Totals,240,33,84,.393,9,23,.391,21,25,.840,14,21,35,21,11,5,14,21,96,,,Team Totals,240,.505,.446,.274,.298,29.2,60.0,42.2,63.6,12.0,7.2,12.8,100.0,104.4,123.9,
https://www.basketball-reference.com/boxscores/201202130NOH.html,"8:00 PM, February 13, 2012",New Orleans Hornets,Utah Jazz,86,80,UTA,,,Team Totals,240,30,73,.411,4,14,.286,16,23,.696,18,27,45,17,8,7,20,22,80,,,Team Totals,240,.481,.438,.192,.315,42.9,67.5,54.9,56.7,9.6,10.9,19.4,100.0,96.0,103.2,
https://www.basketball-reference.com/boxscores/201202130NOH.html,"8:00 PM, February 13, 2012",New Orleans Hornets,Utah Jazz,86,80,NOH,,,Team Totals,240,32,75,.427,3,11,.273,19,28,.679,13,24,37,23,14,6,13,19,86,,,Team Totals,240,.492,.447,.147,.373,32.5,57.1,45.1,71.9,16.8,10.2,13.0,100.0,103.2,96.0,
https://www.basketball-reference.com/boxscores/201202130ORL.html,"7:00 PM, February 13, 2012",Orlando Magic,Minnesota Timberwolves,102,89,MIN,,,Team Totals,240,33,80,.413,6,21,.286,17,25,.680,13,37,50,14,3,5,18,17,89,,,Team Totals,240,.489,.450,.263,.313,27.1,82.2,53.8,42.4,3.2,9.1,16.5,100.0,94.8,108.6,
https://www.basketball-reference.com/boxscores/201202130ORL.html,"7:00 PM, February 13, 2012",Orlando Magic,Minnesota Timberwolves,102,89,ORL,,,Team Totals,240,36,85,.424,12,30,.400,18,22,.818,8,35,43,20,9,5,9,19,102,,,Team Totals,240,.539,.494,.353,.259,17.8,72.9,46.2,55.6,9.6,8.5,8.7,100.0,108.6,94.8,
https://www.basketball-reference.com/boxscores/201202140CHI.html,"8:00 PM, February 14, 2012",Chicago Bulls,Sacramento Kings,121,115,SAC,,,Team Totals,240,42,89,.472,9,17,.529,22,28,.786,17,29,46,21,7,4,14,21,115,,,Team Totals,240,.568,.522,.191,.315,35.4,76.3,53.5,50.0,7.2,6.2,12.1,100.0,118.8,125.0,
https://www.basketball-reference.com/boxscores/201202140CHI.html,"8:00 PM, February 14, 2012",Chicago Bulls,Sacramento Kings,121,115,CHI,,,Team Totals,240,44,84,.524,9,19,.474,24,26,.923,9,31,40,33,6,8,13,22,121,,,Team Totals,240,.634,.577,.226,.310,23.7,64.6,46.5,75.0,6.2,11.1,12.0,100.0,125.0,118.8,
https://www.basketball-reference.com/boxscores/201202140DEN.html,"9:00 PM, February 14, 2012",Denver Nuggets,Phoenix Suns,109,92,PHO,,,Team Totals,240,33,99,.333,9,24,.375,17,19,.895,18,28,46,20,14,6,21,26,92,,,Team Totals,240,.428,.379,.242,.192,32.1,73.7,48.9,60.6,13.2,9.4,16.4,100.0,86.9,102.9,
https://www.basketball-reference.com/boxscores/201202140DEN.html,"9:00 PM, February 14, 2012",Denver Nuggets,Phoenix Suns,109,92,DEN,,,Team Totals,240,40,78,.513,4,14,.286,25,34,.735,10,38,48,19,13,13,26,22,109,,,Team Totals,240,.586,.538,.179,.436,26.3,67.9,51.1,47.5,12.3,17.3,21.9,100.0,102.9,86.9,
https://www.basketball-reference.com/boxscores/201202140DET.html,"7:30 PM, February 14, 2012",Detroit Pistons,San Antonio Spurs,95,99,SAS,,,Team Totals,240,36,83,.434,6,14,.429,21,32,.656,12,30,42,23,9,6,13,25,99,,,Team Totals,240,.510,.470,.169,.386,27.3,73.2,49.4,63.9,9.5,8.5,11.8,100.0,104.1,99.9,
https://www.basketball-reference.com/boxscores/201202140DET.html,"7:30 PM, February 14, 2012",Detroit Pistons,San Antonio Spurs,95,99,DET,,,Team Totals,240,39,84,.464,3,13,.231,14,25,.560,11,32,43,22,5,5,14,24,95,,,Team Totals,240,.500,.482,.155,.298,26.8,72.7,50.6,56.4,5.3,7.2,12.8,100.0,99.9,104.1,
https://www.basketball-reference.com/boxscores/201202140IND.html,"7:00 PM, February 14, 2012",Indiana Pacers,Miami Heat,90,105,MIA,,,Team Totals,240,35,70,.500,5,13,.385,30,35,.857,11,35,46,17,7,4,19,22,105,,,Team Totals,240,.615,.536,.186,.500,29.7,85.4,59.0,48.6,7.4,6.6,18.2,100.0,110.7,94.9,
https://www.basketball-reference.com/boxscores/201202140IND.html,"7:00 PM, February 14, 2012",Indiana Pacers,Miami Heat,90,105,IND,,,Team Totals,240,33,76,.434,2,15,.133,22,29,.759,6,26,32,15,6,3,17,27,90,,,Team Totals,240,.507,.447,.197,.382,14.6,70.3,41.0,45.5,6.3,5.3,16.1,100.0,94.9,110.7,
https://www.basketball-reference.com/boxscores/201202140LAL.html,"10:30 PM, February 14, 2012",Los Angeles Lakers,Atlanta Hawks,86,78,ATL,,,Team Totals,240,31,90,.344,7,27,.259,9,14,.643,17,30,47,14,12,8,11,15,78,,,Team Totals,240,.406,.383,.300,.156,30.9,68.2,47.5,45.2,13.7,11.9,10.3,100.0,88.8,97.9,
https://www.basketball-reference.com/boxscores/201202140LAL.html,"10:30 PM, February 14, 2012",Los Angeles Lakers,Atlanta Hawks,86,78,LAL,,,Team Totals,240,37,84,.440,8,17,.471,4,9,.444,14,38,52,20,4,7,17,13,86,,,Team Totals,240,.489,.488,.202,.107,31.8,69.1,52.5,54.1,4.6,11.1,16.2,100.0,97.9,88.8,
https://www.basketball-reference.com/boxscores/201202140MEM.html,"8:00 PM, February 14, 2012",Memphis Grizzlies,Houston Rockets,93,83,HOU,,,Team Totals,240,30,78,.385,3,10,.300,20,24,.833,15,20,35,14,10,4,18,20,83,,,Team Totals,240,.469,.404,.128,.308,35.7,69.0,49.3,46.7,11.6,6.3,16.9,100.0,95.9,107.5,
https://www.basketball-reference.com/boxscores/201202140MEM.html,"8:00 PM, February 14, 2012",Memphis Grizzlies,Houston Rockets,93,83,MEM,,,Team Totals,240,35,73,.479,5,9,.556,18,21,.857,9,27,36,15,8,3,17,24,93,,,Team Totals,240,.565,.514,.123,.288,31.0,64.3,50.7,42.9,9.2,4.4,17.1,100.0,107.5,95.9,
https://www.basketball-reference.com/boxscores/201202140OKC.html,"8:00 PM, February 14, 2012",Oklahoma City Thunder,Utah Jazz,111,85,UTA,,,Team Totals,240,32,90,.356,3,13,.231,18,24,.750,19,23,42,17,7,3,13,21,85,,,Team Totals,240,.423,.372,.144,.267,35.2,62.2,46.2,53.1,7.7,4.8,11.4,100.0,93.3,121.8,
https://www.basketball-reference.com/boxscores/201202140OKC.html,"8:00 PM, February 14, 2012",Oklahoma City Thunder,Utah Jazz,111,85,OKC,,,Team Totals,240,42,77,.545,5,14,.357,22,34,.647,14,35,49,24,8,13,15,21,111,,,Team Totals,240,.604,.578,.182,.442,37.8,64.8,53.8,57.1,8.8,16.9,14.0,100.0,121.8,93.3,
https://www.basketball-reference.com/boxscores/201202140POR.html,"10:00 PM, February 14, 2012",Portland Trail Blazers,Washington Wizards,109,124,WAS,,,Team Totals,240,48,80,.600,9,17,.529,19,23,.826,12,31,43,21,8,5,16,25,124,,,Team Totals,240,.688,.656,.213,.288,38.7,72.1,58.1,43.8,8.6,8.1,15.1,100.0,133.8,117.6,
https://www.basketball-reference.com/boxscores/201202140POR.html,"10:00 PM, February 14, 2012",Portland Trail Blazers,Washington Wizards,109,124,POR,,,Team Totals,240,40,85,.471,7,23,.304,22,27,.815,12,19,31,26,9,1,11,15,109,,,Team Totals,240,.563,.512,.271,.318,27.9,61.3,41.9,65.0,9.7,1.6,10.2,100.0,117.6,133.8,
https://www.basketball-reference.com/boxscores/201202140TOR.html,"7:00 PM, February 14, 2012",Toronto Raptors,New York Knicks,87,90,NYK,,,Team Totals,240,33,80,.413,6,17,.353,18,27,.667,11,23,34,23,8,2,16,18,90,,,Team Totals,240,.490,.450,.213,.338,26.8,69.7,45.9,69.7,8.9,3.4,14.8,100.0,100.2,96.9,
https://www.basketball-reference.com/boxscores/201202140TOR.html,"7:00 PM, February 14, 2012",Toronto Raptors,New York Knicks,87,90,TOR,,,Team Totals,240,37,73,.507,4,15,.267,9,15,.600,10,30,40,22,11,11,19,28,87,,,Team Totals,240,.546,.534,.205,.205,30.3,73.2,54.1,59.5,12.2,17.5,19.3,100.0,96.9,100.2,
https://www.basketball-reference.com/boxscores/201202150BOS.html,"7:30 PM, February 15, 2012",Boston Celtics,Detroit Pistons,88,98,DET,,,Team Totals,240,35,74,.473,4,12,.333,24,29,.828,11,33,44,16,5,2,13,23,98,,,Team Totals,240,.565,.500,.162,.392,30.6,80.5,57.1,45.7,5.8,2.8,13.0,100.0,112.9,101.3,
https://www.basketball-reference.com/boxscores/201202150BOS.html,"7:30 PM, February 15, 2012",Boston Celtics,Detroit Pistons,88,98,BOS,,,Team Totals,240,34,77,.442,1,6,.167,19,32,.594,8,25,33,16,7,7,7,20,88,,,Team Totals,240,.483,.448,.078,.416,19.5,69.4,42.9,47.1,8.1,11.3,7.1,100.0,101.3,112.9,
https://www.basketball-reference.com/boxscores/201202150CLE.html,"7:30 PM, February 15, 2012",Cleveland Cavaliers,Indiana Pacers,98,87,IND,,,Team Totals,240,32,87,.368,5,16,.313,18,27,.667,18,26,44,9,4,6,10,22,87,,,Team Totals,240,.440,.397,.184,.310,34.0,70.3,48.9,28.1,4.6,12.0,9.2,100.0,100.0,112.7,
https://www.basketball-reference.com/boxscores/201202150CLE.html,"7:30 PM, February 15, 2012",Cleveland Cavaliers,Indiana Pacers,98,87,CLE,,,Team Totals,240,36,77,.468,10,27,.370,16,23,.696,11,35,46,24,5,4,13,25,98,,,Team Totals,240,.562,.532,.351,.299,29.7,66.0,51.1,66.7,5.7,5.6,13.0,100.0,112.7,100.0,
https://www.basketball-reference.com/boxscores/201202150DAL.html,"8:30 PM, February 15, 2012",Dallas Mavericks,Denver Nuggets,102,84,DEN,,,Team Totals,240,30,84,.357,6,27,.222,18,31,.581,19,30,49,15,9,3,15,21,84,,,Team Totals,240,.430,.393,.321,.369,37.3,69.8,52.1,50.0,10.1,5.6,13.3,100.0,94.5,114.8,
https://www.basketball-reference.com/boxscores/201202150DAL.html,"8:30 PM, February 15, 2012",Dallas Mavericks,Denver Nuggets,102,84,DAL,,,Team Totals,240,37,80,.463,10,26,.385,18,22,.818,13,32,45,28,9,5,13,23,102,,,Team Totals,240,.569,.525,.325,.275,30.2,62.7,47.9,75.7,10.1,8.8,12.7,100.0,114.8,94.5,
https://www.basketball-reference.com/boxscores/201202150GSW.html,"10:00 PM, February 15, 2012",Golden State Warriors,Portland Trail Blazers,91,93,POR,,,Team Totals,240,34,84,.405,10,22,.455,15,17,.882,13,28,41,23,7,5,14,17,93,,,Team Totals,240,.508,.464,.262,.202,30.2,75.7,51.3,67.6,8.1,8.8,13.3,100.0,107.1,104.8,
https://www.basketball-reference.com/boxscores/201202150GSW.html,"10:00 PM, February 15, 2012",Golden State Warriors,Portland Trail Blazers,91,93,GSW,,,Team Totals,240,36,76,.474,7,19,.368,12,16,.750,9,30,39,24,8,7,13,17,91,,,Team Totals,240,.548,.520,.250,.211,24.3,69.8,48.8,66.7,9.2,11.3,13.5,100.0,104.8,107.1,
https://www.basketball-reference.com/boxscores/201202150HOU.html,"8:00 PM, February 15, 2012",Houston Rockets,Oklahoma City Thunder,96,95,OKC,,,Team Totals,240,36,83,.434,7,23,.304,16,18,.889,11,34,45,17,7,7,22,20,95,,,Team Totals,240,.522,.476,.277,.217,26.8,75.6,52.3,47.2,7.2,10.1,19.5,100.0,98.0,99.1,
https://www.basketball-reference.com/boxscores/201202150HOU.html,"8:00 PM, February 15, 2012",Houston Rockets,Oklahoma City Thunder,96,95,HOU,,,Team Totals,240,37,87,.425,8,18,.444,14,18,.778,11,30,41,20,13,3,14,19,96,,,Team Totals,240,.506,.471,.207,.207,24.4,73.2,47.7,54.1,13.4,5.0,12.9,100.0,99.1,98.0,
https://www.basketball-reference.com/boxscores/201202150LAC.html,"10:30 PM, February 15, 2012",Los Angeles Clippers,Washington Wizards,102,84,WAS,,,Team Totals,240,30,76,.395,5,22,.227,19,28,.679,10,26,36,16,5,4,14,28,84,,,Team Totals,240,.476,.428,.289,.368,23.8,57.8,41.4,53.3,5.7,6.5,13.7,100.0,96.0,116.6,
https://www.basketball-reference.com/boxscores/201202150LAC.html,"10:30 PM, February 15, 2012",Los Angeles Clippers,Washington Wizards,102,84,LAC,,,Team Totals,240,35,83,.422,11,21,.524,21,28,.750,19,32,51,21,6,4,13,22,102,,,Team Totals,240,.535,.488,.253,.337,42.2,76.2,58.6,60.0,6.9,7.4,12.0,100.0,116.6,96.0,
https://www.basketball-reference.com/boxscores/201202150MIL.html,"8:00 PM, February 15, 2012",Milwaukee Bucks,New Orleans Hornets,89,92,NOH,,,Team Totals,240,36,80,.450,7,15,.467,13,17,.765,15,33,48,20,8,3,18,20,92,,,Team Totals,240,.526,.494,.188,.213,38.5,67.3,54.5,55.6,9.1,4.4,17.1,100.0,104.9,101.5,
https://www.basketball-reference.com/boxscores/201202150MIL.html,"8:00 PM, February 15, 2012",Milwaukee Bucks,New Orleans Hornets,89,92,MIL,,,Team Totals,240,33,86,.384,7,18,.389,16,18,.889,16,24,40,18,9,10,14,18,89,,,Team Totals,240,.474,.424,.209,.209,32.7,61.5,45.5,54.5,10.3,15.4,13.0,100.0,101.5,104.9,
https://www.basketball-reference.com/boxscores/201202150MIN.html,"8:00 PM, February 15, 2012",Minnesota Timberwolves,Charlotte Bobcats,102,90,CHA,,,Team Totals,240,38,85,.447,7,18,.389,7,15,.467,14,27,41,17,8,4,16,20,90,,,Team Totals,240,.491,.488,.212,.176,28.6,71.1,47.1,44.7,8.7,5.8,14.9,100.0,97.8,110.9,
https://www.basketball-reference.com/boxscores/201202150MIN.html,"8:00 PM, February 15, 2012",Minnesota Timberwolves,Charlotte Bobcats,102,90,MIN,,,Team Totals,240,43,85,.506,4,16,.250,12,16,.750,11,35,46,26,9,6,13,15,102,,,Team Totals,240,.554,.529,.188,.188,28.9,71.4,52.9,60.5,9.8,9.0,12.4,100.0,110.9,97.8,
https://www.basketball-reference.com/boxscores/201202150NJN.html,"7:30 PM, February 15, 2012",New Jersey Nets,Memphis Grizzlies,100,105,MEM,,,Team Totals,240,41,88,.466,6,15,.400,17,20,.850,19,22,41,23,12,4,11,18,105,,,Team Totals,240,.542,.500,.170,.227,43.2,68.8,53.9,56.1,14.0,8.9,10.2,100.0,122.4,116.6,
https://www.basketball-reference.com/boxscores/201202150NJN.html,"7:30 PM, February 15, 2012",New Jersey Nets,Memphis Grizzlies,100,105,NJN,,,Team Totals,240,37,72,.514,11,27,.407,15,15,1.000,10,25,35,28,7,8,20,16,100,,,Team Totals,240,.636,.590,.375,.208,31.3,56.8,46.1,75.7,8.2,11.0,20.3,100.0,116.6,122.4,
https://www.basketball-reference.com/boxscores/201202150NYK.html,"7:30 PM, February 15, 2012",New York Knicks,Sacramento Kings,100,85,SAC,,,Team Totals,240,33,87,.379,4,18,.222,15,20,.750,8,27,35,15,10,5,10,19,85,,,Team Totals,240,.444,.402,.207,.230,16.3,79.4,42.2,45.5,10.5,9.4,9.5,100.0,89.5,105.3,
https://www.basketball-reference.com/boxscores/201202150NYK.html,"7:30 PM, February 15, 2012",New York Knicks,Sacramento Kings,100,85,NYK,,,Team Totals,240,39,77,.506,7,24,.292,15,17,.882,7,41,48,25,6,4,19,16,100,,,Team Totals,240,.592,.552,.312,.221,20.6,83.7,57.8,64.1,6.3,5.8,18.4,100.0,105.3,89.5,
https://www.basketball-reference.com/boxscores/201202150ORL.html,"7:00 PM, February 15, 2012",Orlando Magic,Philadelphia 76ers,103,87,PHI,,,Team Totals,240,36,85,.424,6,18,.333,9,12,.750,11,28,39,27,9,2,14,18,87,,,Team Totals,240,.482,.459,.212,.141,24.4,84.8,50.0,75.0,10.0,4.0,13.4,100.0,96.4,114.1,
https://www.basketball-reference.com/boxscores/201202150ORL.html,"7:00 PM, February 15, 2012",Orlando Magic,Philadelphia 76ers,103,87,ORL,,,Team Totals,240,40,75,.533,15,25,.600,8,13,.615,5,34,39,27,6,2,15,14,103,,,Team Totals,240,.638,.633,.333,.173,15.2,75.6,50.0,67.5,6.6,3.0,15.7,100.0,114.1,96.4,
https://www.basketball-reference.com/boxscores/201202150PHO.html,"9:00 PM, February 15, 2012",Phoenix Suns,Atlanta Hawks,99,101,ATL,,,Team Totals,240,38,80,.475,10,21,.476,15,18,.833,6,27,33,22,15,5,14,21,101,,,Team Totals,240,.574,.538,.263,.225,15.4,84.4,46.5,57.9,15.9,9.6,13.7,100.0,107.0,104.9,
https://www.basketball-reference.com/boxscores/201202150PHO.html,"9:00 PM, February 15, 2012",Phoenix Suns,Atlanta Hawks,99,101,PHO,,,Team Totals,240,37,69,.536,6,17,.353,19,27,.704,5,33,38,23,9,6,20,17,99,,,Team Totals,240,.612,.580,.246,.391,15.6,84.6,53.5,62.2,9.5,10.2,19.8,100.0,104.9,107.0,
https://www.basketball-reference.com/boxscores/201202150TOR.html,"7:00 PM, February 15, 2012",Toronto Raptors,San Antonio Spurs,106,113,SAS,,,Team Totals,240,41,76,.539,8,19,.421,23,25,.920,5,32,37,23,4,2,16,11,113,,,Team Totals,240,.649,.592,.250,.329,14.7,84.2,51.4,56.1,4.1,2.7,15.5,100.0,115.0,107.9,
https://www.basketball-reference.com/boxscores/201202150TOR.html,"7:00 PM, February 15, 2012",Toronto Raptors,San Antonio Spurs,106,113,TOR,,,Team Totals,240,47,86,.547,3,11,.273,9,14,.643,6,29,35,29,7,3,15,26,106,,,Team Totals,240,.575,.564,.128,.163,15.8,85.3,48.6,61.7,7.1,5.3,14.0,100.0,107.9,115.0,
https://www.basketball-reference.com/boxscores/201202160CHI.html,"8:00 PM, February 16, 2012",Chicago Bulls,Boston Celtics,89,80,BOS,,,Team Totals,240,31,78,.397,3,15,.200,15,18,.833,6,31,37,15,8,7,9,21,80,,,Team Totals,240,.466,.417,.192,.231,14.3,66.0,41.6,48.4,9.2,12.7,9.5,100.0,91.7,102.0,
https://www.basketball-reference.com/boxscores/201202160CHI.html,"8:00 PM, February 16, 2012",Chicago Bulls,Boston Celtics,89,80,CHI,,,Team Totals,240,30,76,.395,10,21,.476,19,28,.679,16,36,52,27,4,5,17,20,89,,,Team Totals,240,.504,.461,.276,.368,34.0,85.7,58.4,90.0,4.6,7.9,16.1,100.0,102.0,91.7,
https://www.basketball-reference.com/boxscores/201202160IND.html,"7:00 PM, February 16, 2012",Indiana Pacers,New Jersey Nets,93,88,NJN,,,Team Totals,240,35,75,.467,4,17,.235,14,16,.875,10,29,39,13,3,8,20,23,88,,,Team Totals,240,.536,.493,.227,.213,29.4,64.4,49.4,37.1,3.5,12.9,19.6,100.0,101.4,107.2,
https://www.basketball-reference.com/boxscores/201202160IND.html,"7:00 PM, February 16, 2012",Indiana Pacers,New Jersey Nets,93,88,IND,,,Team Totals,240,32,81,.395,7,19,.368,22,26,.846,16,24,40,16,9,7,12,20,93,,,Team Totals,240,.503,.438,.235,.321,35.6,70.6,50.6,50.0,10.4,12.1,11.5,100.0,107.2,101.4,
https://www.basketball-reference.com/boxscores/201202160POR.html,"10:30 PM, February 16, 2012",Portland Trail Blazers,Los Angeles Clippers,71,74,LAC,,,Team Totals,240,30,78,.385,2,17,.118,12,19,.632,14,33,47,11,8,10,17,22,74,,,Team Totals,240,.428,.397,.218,.244,34.1,80.5,57.3,36.7,9.4,17.5,16.4,100.0,86.5,83.0,
https://www.basketball-reference.com/boxscores/201202160POR.html,"10:30 PM, February 16, 2012",Portland Trail Blazers,Los Angeles Clippers,71,74,POR,,,Team Totals,240,27,71,.380,6,14,.429,11,18,.611,8,27,35,13,6,5,17,17,71,,,Team Totals,240,.450,.423,.197,.254,19.5,65.9,42.7,48.1,7.0,8.2,17.7,100.0,83.0,86.5,
https://www.basketball-reference.com/boxscores/201202170CLE.html,"7:30 PM, February 17, 2012",Cleveland Cavaliers,Miami Heat,87,111,MIA,,,Team Totals,240,40,79,.506,14,21,.667,17,20,.850,13,31,44,28,6,4,17,25,111,,,Team Totals,240,.632,.595,.266,.253,36.1,72.1,55.7,70.0,6.8,6.7,16.2,100.0,125.7,98.5,
https://www.basketball-reference.com/boxscores/201202170CLE.html,"7:30 PM, February 17, 2012",Cleveland Cavaliers,Miami Heat,87,111,CLE,,,Team Totals,240,30,76,.395,6,16,.375,21,31,.677,12,23,35,16,8,6,13,21,87,,,Team Totals,240,.485,.434,.211,.408,27.9,63.9,44.3,53.3,9.1,10.3,12.7,100.0,98.5,125.7,
https://www.basketball-reference.com/boxscores/201202170DET.html,"7:30 PM, February 17, 2012",Detroit Pistons,Sacramento Kings,114,108,SAC,,,Team Totals,240,43,86,.500,4,11,.364,18,22,.818,8,32,40,25,8,6,12,21,108,,,Team Totals,240,.564,.523,.128,.256,20.0,66.7,45.5,58.1,8.2,7.4,11.1,100.0,110.9,117.1,
https://www.basketball-reference.com/boxscores/201202170DET.html,"7:30 PM, February 17, 2012",Detroit Pistons,Sacramento Kings,114,108,DET,,,Team Totals,240,43,93,.462,6,12,.500,22,25,.880,16,32,48,21,7,4,12,15,114,,,Team Totals,240,.548,.495,.129,.269,33.3,80.0,54.5,48.8,7.2,5.3,10.3,100.0,117.1,110.9,
https://www.basketball-reference.com/boxscores/201202170HOU.html,"8:00 PM, February 17, 2012",Houston Rockets,Minnesota Timberwolves,98,111,MIN,,,Team Totals,240,43,77,.558,5,15,.333,20,23,.870,13,31,44,24,7,8,19,12,111,,,Team Totals,240,.637,.591,.195,.299,41.9,79.5,62.9,55.8,7.7,12.3,17.9,100.0,122.6,108.2,
https://www.basketball-reference.com/boxscores/201202170HOU.html,"8:00 PM, February 17, 2012",Houston Rockets,Minnesota Timberwolves,98,111,HOU,,,Team Totals,240,40,85,.471,10,20,.500,8,10,.800,8,18,26,20,9,4,12,21,98,,,Team Totals,240,.548,.529,.235,.118,20.5,58.1,37.1,50.0,9.9,6.5,11.8,100.0,108.2,122.6,
https://www.basketball-reference.com/boxscores/201202170LAL.html,"10:30 PM, February 17, 2012",Los Angeles Lakers,Phoenix Suns,111,99,PHO,,,Team Totals,240,41,90,.456,8,26,.308,9,13,.692,6,30,36,32,13,5,17,23,99,,,Team Totals,240,.517,.500,.289,.144,12.2,76.9,40.9,78.0,12.5,6.9,15.1,100.0,94.9,106.3,
https://www.basketball-reference.com/boxscores/201202170LAL.html,"10:30 PM, February 17, 2012",Los Angeles Lakers,Phoenix Suns,111,99,LAL,,,Team Totals,240,44,83,.530,5,11,.455,18,24,.750,9,43,52,26,12,4,20,11,111,,,Team Totals,240,.593,.560,.133,.289,23.1,87.8,59.1,59.1,11.5,6.3,17.6,100.0,106.3,94.9,
https://www.basketball-reference.com/boxscores/201202170MEM.html,"8:00 PM, February 17, 2012",Memphis Grizzlies,Denver Nuggets,103,102,DEN,,,Team Totals,240,41,83,.494,8,17,.471,12,18,.667,14,23,37,20,10,7,15,20,102,,,Team Totals,240,.561,.542,.205,.217,32.6,60.5,45.7,48.8,11.0,10.6,14.2,100.0,112.2,113.3,
https://www.basketball-reference.com/boxscores/201202170MEM.html,"8:00 PM, February 17, 2012",Memphis Grizzlies,Denver Nuggets,103,102,MEM,,,Team Totals,240,41,82,.500,6,16,.375,15,19,.789,15,29,44,25,10,10,19,16,103,,,Team Totals,240,.570,.537,.195,.232,39.5,67.4,54.3,61.0,11.0,15.2,17.4,100.0,113.3,112.2,
https://www.basketball-reference.com/boxscores/201202170NYK.html,"8:00 PM, February 17, 2012",New York Knicks,New Orleans Hornets,85,89,NOH,,,Team Totals,240,32,75,.427,7,12,.583,18,23,.783,9,28,37,23,14,3,18,25,89,,,Team Totals,240,.523,.473,.160,.307,22.0,65.1,44.0,71.9,15.3,5.9,17.5,100.0,97.1,92.8,
https://www.basketball-reference.com/boxscores/201202170NYK.html,"8:00 PM, February 17, 2012",New York Knicks,New Orleans Hornets,85,89,NYK,,,Team Totals,240,31,75,.413,4,24,.167,19,29,.655,15,32,47,13,9,5,21,17,85,,,Team Totals,240,.484,.440,.320,.387,34.9,78.0,56.0,41.9,9.8,7.9,19.3,100.0,92.8,97.1,
https://www.basketball-reference.com/boxscores/201202170OKC.html,"8:00 PM, February 17, 2012",Oklahoma City Thunder,Golden State Warriors,110,87,GSW,,,Team Totals,240,31,89,.348,7,23,.304,18,21,.857,22,21,43,18,8,8,18,24,87,,,Team Totals,240,.443,.388,.258,.236,37.9,72.4,49.4,58.1,8.6,16.0,15.5,100.0,93.9,118.7,
https://www.basketball-reference.com/boxscores/201202170OKC.html,"8:00 PM, February 17, 2012",Oklahoma City Thunder,Golden State Warriors,110,87,OKC,,,Team Totals,240,39,74,.527,10,24,.417,22,27,.815,8,36,44,24,11,5,19,18,110,,,Team Totals,240,.640,.595,.324,.365,27.6,62.1,50.6,61.5,11.9,7.6,18.1,100.0,118.7,93.9,
https://www.basketball-reference.com/boxscores/201202170ORL.html,"7:00 PM, February 17, 2012",Orlando Magic,Milwaukee Bucks,94,85,MIL,,,Team Totals,240,33,90,.367,6,21,.286,13,17,.765,12,30,42,18,7,6,13,28,85,,,Team Totals,240,.436,.400,.233,.189,23.1,73.2,45.2,54.5,7.5,12.8,11.8,100.0,91.0,100.7,
https://www.basketball-reference.com/boxscores/201202170ORL.html,"7:00 PM, February 17, 2012",Orlando Magic,Milwaukee Bucks,94,85,ORL,,,Team Totals,240,33,76,.434,9,29,.310,19,26,.731,11,40,51,20,5,7,17,18,94,,,Team Totals,240,.538,.493,.382,.342,26.8,76.9,54.8,60.6,5.4,10.1,16.3,100.0,100.7,91.0,
https://www.basketball-reference.com/boxscores/201202170PHI.html,"8:00 PM, February 17, 2012",Philadelphia 76ers,Dallas Mavericks,75,82,DAL,,,Team Totals,240,31,81,.383,5,14,.357,15,18,.833,11,40,51,20,5,4,16,15,82,,,Team Totals,240,.461,.414,.173,.222,23.9,75.5,51.5,64.5,5.6,5.6,15.2,100.0,92.1,84.2,
https://www.basketball-reference.com/boxscores/201202170PHI.html,"8:00 PM, February 17, 2012",Philadelphia 76ers,Dallas Mavericks,75,82,PHI,,,Team Totals,240,29,86,.337,1,14,.071,16,19,.842,13,35,48,19,13,4,8,18,75,,,Team Totals,240,.397,.343,.163,.221,24.5,76.1,48.5,65.5,14.6,6.0,7.8,100.0,84.2,92.1,
https://www.basketball-reference.com/boxscores/201202170TOR.html,"7:00 PM, February 17, 2012",Toronto Raptors,Charlotte Bobcats,91,98,CHA,,,Team Totals,240,37,74,.500,6,15,.400,18,23,.783,7,37,44,25,3,8,14,18,98,,,Team Totals,240,.583,.541,.203,.311,19.4,71.2,50.0,67.6,3.3,11.8,14.3,100.0,107.9,100.2,
https://www.basketball-reference.com/boxscores/201202170TOR.html,"7:00 PM, February 17, 2012",Toronto Raptors,Charlotte Bobcats,91,98,TOR,,,Team Totals,240,35,84,.417,2,16,.125,19,28,.679,15,29,44,15,10,4,12,19,91,,,Team Totals,240,.472,.429,.190,.333,28.8,80.6,50.0,42.9,11.0,6.8,11.1,100.0,100.2,107.9,
https://www.basketball-reference.com/boxscores/201202170UTA.html,"9:00 PM, February 17, 2012",Utah Jazz,Washington Wizards,114,100,WAS,,,Team Totals,240,38,84,.452,2,11,.182,22,26,.846,12,27,39,14,7,6,15,18,100,,,Team Totals,240,.524,.464,.131,.310,27.9,65.9,46.4,36.8,7.3,8.1,13.6,100.0,103.7,118.2,
https://www.basketball-reference.com/boxscores/201202170UTA.html,"9:00 PM, February 17, 2012",Utah Jazz,Washington Wizards,114,100,UTA,,,Team Totals,240,47,89,.528,5,15,.333,15,19,.789,14,31,45,24,6,6,16,22,114,,,Team Totals,240,.585,.556,.169,.213,34.1,72.1,53.6,51.1,6.2,8.2,14.1,100.0,118.2,103.7,
https://www.basketball-reference.com/boxscores/201202180CHI.html,"4:00 PM, February 18, 2012",Chicago Bulls,New Jersey Nets,85,97,NJN,,,Team Totals,240,34,85,.400,10,22,.455,19,25,.760,16,34,50,19,8,6,9,17,97,,,Team Totals,240,.505,.459,.259,.294,33.3,65.4,50.0,55.9,9.2,8.5,8.6,100.0,111.7,97.9,
https://www.basketball-reference.com/boxscores/201202180CHI.html,"4:00 PM, February 18, 2012",Chicago Bulls,New Jersey Nets,85,97,CHI,,,Team Totals,240,33,84,.393,3,13,.231,16,27,.593,18,32,50,17,7,5,12,23,85,,,Team Totals,240,.443,.411,.155,.321,34.6,66.7,50.0,51.5,8.1,7.9,11.1,100.0,97.9,111.7,
https://www.basketball-reference.com/boxscores/201202180LAC.html,"3:30 PM, February 18, 2012",Los Angeles Clippers,San Antonio Spurs,100,103,SAS,,,Team Totals,265,40,92,.435,12,28,.429,11,21,.524,12,30,42,23,9,7,9,22,103,,,Team Totals,265,.509,.500,.304,.228,23.1,69.8,44.2,57.5,9.2,11.1,8.2,100.0,105.8,102.8,
https://www.basketball-reference.com/boxscores/201202180LAC.html,"3:30 PM, February 18, 2012",Los Angeles Clippers,San Antonio Spurs,100,103,LAC,,,Team Totals,265,36,89,.404,8,26,.308,20,23,.870,13,40,53,22,7,0,17,18,100,,,Team Totals,265,.504,.449,.292,.258,30.2,76.9,55.8,61.1,7.2,0.0,14.6,100.0,102.8,105.8,
https://www.basketball-reference.com/boxscores/201202180MEM.html,"8:00 PM, February 18, 2012",Memphis Grizzlies,Golden State Warriors,104,103,GSW,,,Team Totals,240,35,82,.427,12,26,.462,21,27,.778,11,20,31,18,9,3,14,29,103,,,Team Totals,240,.549,.500,.317,.329,25.0,62.5,40.8,51.4,9.6,4.8,13.0,100.0,110.2,111.2,
https://www.basketball-reference.com/boxscores/201202180MEM.html,"8:00 PM, February 18, 2012",Memphis Grizzlies,Golden State Warriors,104,103,MEM,,,Team Totals,240,37,73,.507,4,10,.400,26,38,.684,12,33,45,16,9,5,19,20,104,,,Team Totals,240,.580,.534,.137,.521,37.5,75.0,59.2,43.2,9.6,8.9,17.5,100.0,111.2,110.2,
https://www.basketball-reference.com/boxscores/201202180POR.html,"10:00 PM, February 18, 2012",Portland Trail Blazers,Atlanta Hawks,97,77,ATL,,,Team Totals,240,30,73,.411,7,27,.259,10,13,.769,4,23,27,24,8,4,9,19,77,,,Team Totals,240,.489,.459,.370,.178,10.3,60.5,35.1,80.0,9.7,6.8,10.3,100.0,92.9,117.1,
https://www.basketball-reference.com/boxscores/201202180POR.html,"10:00 PM, February 18, 2012",Portland Trail Blazers,Atlanta Hawks,97,77,POR,,,Team Totals,240,38,81,.469,9,22,.409,12,16,.750,15,35,50,23,6,5,14,14,97,,,Team Totals,240,.551,.525,.272,.198,39.5,89.7,64.9,60.5,7.2,10.9,13.7,100.0,117.1,92.9,
https://www.basketball-reference.com/boxscores/201202190CLE.html,"6:00 PM, February 19, 2012",Cleveland Cavaliers,Sacramento Kings,93,92,SAC,,,Team Totals,240,35,93,.376,4,19,.211,18,25,.720,18,35,53,21,6,7,12,25,92,,,Team Totals,240,.442,.398,.204,.269,32.7,64.8,48.6,60.0,6.4,10.4,10.3,100.0,98.8,99.9,
https://www.basketball-reference.com/boxscores/201202190CLE.html,"6:00 PM, February 19, 2012",Cleveland Cavaliers,Sacramento Kings,93,92,CLE,,,Team Totals,240,32,89,.360,7,22,.318,22,30,.733,19,37,56,15,6,7,12,23,93,,,Team Totals,240,.455,.399,.247,.337,35.2,67.3,51.4,46.9,6.4,9.5,10.5,100.0,99.9,98.8,
https://www.basketball-reference.com/boxscores/201202190DET.html,"6:00 PM, February 19, 2012",Detroit Pistons,Boston Celtics,96,81,BOS,,,Team Totals,240,32,72,.444,6,16,.375,11,15,.733,8,32,40,22,6,11,24,31,81,,,Team Totals,240,.515,.486,.222,.208,22.9,66.7,48.2,68.8,6.3,15.1,23.4,100.0,85.5,101.4,
https://www.basketball-reference.com/boxscores/201202190DET.html,"6:00 PM, February 19, 2012",Detroit Pistons,Boston Celtics,96,81,DET,,,Team Totals,240,31,82,.378,5,9,.556,29,46,.630,16,27,43,14,13,4,15,19,96,,,Team Totals,240,.469,.409,.110,.561,33.3,77.1,51.8,45.2,13.7,7.1,12.8,100.0,101.4,85.5,
https://www.basketball-reference.com/boxscores/201202190HOU.html,"7:00 PM, February 19, 2012",Houston Rockets,Utah Jazz,101,85,UTA,,,Team Totals,240,32,81,.395,5,14,.357,16,20,.800,15,26,41,16,10,8,12,23,85,,,Team Totals,240,.473,.426,.173,.247,34.9,72.2,51.9,50.0,11.9,15.1,11.8,100.0,101.2,120.3,
https://www.basketball-reference.com/boxscores/201202190HOU.html,"7:00 PM, February 19, 2012",Houston Rockets,Utah Jazz,101,85,HOU,,,Team Totals,240,37,72,.514,10,19,.526,17,24,.708,10,28,38,18,6,6,14,20,101,,,Team Totals,240,.612,.583,.264,.333,27.8,65.1,48.1,48.6,7.1,9.0,14.5,100.0,120.3,101.2,
https://www.basketball-reference.com/boxscores/201202190IND.html,"6:00 PM, February 19, 2012",Indiana Pacers,Charlotte Bobcats,108,73,CHA,,,Team Totals,240,28,75,.373,4,17,.235,13,22,.591,5,26,31,19,6,5,19,24,73,,,Team Totals,240,.431,.400,.227,.293,11.1,63.4,36.0,67.9,6.3,8.1,18.3,100.0,76.9,113.8,
https://www.basketball-reference.com/boxscores/201202190IND.html,"6:00 PM, February 19, 2012",Indiana Pacers,Charlotte Bobcats,108,73,IND,,,Team Totals,240,39,78,.500,6,16,.375,24,32,.750,15,40,55,22,11,9,17,27,108,,,Team Totals,240,.586,.538,.205,.410,36.6,88.9,64.0,56.4,11.6,15.5,15.6,100.0,113.8,76.9,
https://www.basketball-reference.com/boxscores/201202190MIA.html,"3:30 PM, February 19, 2012",Miami Heat,Orlando Magic,90,78,ORL,,,Team Totals,240,27,74,.365,11,29,.379,13,25,.520,9,31,40,15,3,3,15,10,78,,,Team Totals,240,.459,.439,.392,.338,18.8,77.5,45.5,55.6,3.4,4.4,15.0,100.0,89.1,102.8,
https://www.basketball-reference.com/boxscores/201202190MIA.html,"3:30 PM, February 19, 2012",Miami Heat,Orlando Magic,90,78,MIA,,,Team Totals,240,38,80,.475,3,12,.250,11,14,.786,9,39,48,20,8,7,10,18,90,,,Team Totals,240,.522,.494,.150,.175,22.5,81.3,54.5,52.6,9.1,15.6,10.4,100.0,102.8,89.1,
https://www.basketball-reference.com/boxscores/201202190MIN.html,"7:00 PM, February 19, 2012",Minnesota Timberwolves,Philadelphia 76ers,92,91,PHI,,,Team Totals,240,40,90,.444,3,11,.273,8,10,.800,14,34,48,14,9,6,8,21,91,,,Team Totals,240,.482,.461,.122,.111,29.2,70.8,50.0,35.0,10.3,8.7,7.8,100.0,103.7,104.8,
https://www.basketball-reference.com/boxscores/201202190MIN.html,"7:00 PM, February 19, 2012",Minnesota Timberwolves,Philadelphia 76ers,92,91,MIN,,,Team Totals,240,33,85,.388,3,16,.188,23,26,.885,14,34,48,13,4,6,10,12,92,,,Team Totals,240,.477,.406,.188,.306,29.2,70.8,50.0,39.4,4.6,7.6,9.4,100.0,104.8,103.7,
https://www.basketball-reference.com/boxscores/201202190NJN.html,"7:00 PM, February 19, 2012",New Jersey Nets,Milwaukee Bucks,85,92,MIL,,,Team Totals,240,33,86,.384,7,19,.368,19,24,.792,21,32,53,16,6,3,17,23,92,,,Team Totals,240,.476,.424,.221,.279,43.8,66.7,55.2,48.5,6.8,4.8,15.0,100.0,103.9,96.0,
https://www.basketball-reference.com/boxscores/201202190NJN.html,"7:00 PM, February 19, 2012",New Jersey Nets,Milwaukee Bucks,85,92,NJN,,,Team Totals,240,29,85,.341,5,23,.217,22,33,.667,16,27,43,16,11,2,11,24,85,,,Team Totals,240,.427,.371,.271,.388,33.3,56.3,44.8,55.2,12.4,3.0,10.0,100.0,96.0,103.9,
https://www.basketball-reference.com/boxscores/201202190NYK.html,"1:00 PM, February 19, 2012",New York Knicks,Dallas Mavericks,104,97,DAL,,,Team Totals,240,36,81,.444,12,33,.364,13,17,.765,14,27,41,24,12,3,19,20,97,,,Team Totals,240,.548,.519,.407,.210,35.0,65.9,50.6,66.7,12.9,5.3,17.7,100.0,104.7,112.2,
https://www.basketball-reference.com/boxscores/201202190NYK.html,"1:00 PM, February 19, 2012",New York Knicks,Dallas Mavericks,104,97,NYK,,,Team Totals,240,40,86,.465,12,29,.414,12,18,.667,14,26,40,21,13,5,19,16,104,,,Team Totals,240,.554,.535,.337,.209,34.1,65.0,49.4,52.5,14.0,10.4,16.8,100.0,112.2,104.7,
https://www.basketball-reference.com/boxscores/201202190OKC.html,"8:00 PM, February 19, 2012",Oklahoma City Thunder,Denver Nuggets,124,118,DEN,,,Team Totals,265,49,101,.485,6,22,.273,14,18,.778,18,33,51,26,7,6,16,22,118,,,Team Totals,265,.542,.515,.218,.178,40.0,66.0,53.7,53.1,6.9,9.1,12.8,100.0,115.9,121.8,
https://www.basketball-reference.com/boxscores/201202190OKC.html,"8:00 PM, February 19, 2012",Oklahoma City Thunder,Denver Nuggets,124,118,OKC,,,Team Totals,265,46,94,.489,9,28,.321,23,28,.821,17,27,44,20,8,12,14,19,124,,,Team Totals,265,.583,.537,.298,.298,34.0,60.0,46.3,43.5,7.9,15.2,11.6,100.0,121.8,115.9,
https://www.basketball-reference.com/boxscores/201202190PHO.html,"8:00 PM, February 19, 2012",Phoenix Suns,Los Angeles Lakers,102,90,LAL,,,Team Totals,240,35,78,.449,3,18,.167,17,25,.680,9,36,45,21,7,5,18,22,90,,,Team Totals,240,.506,.468,.231,.321,22.5,78.3,52.3,60.0,7.4,8.3,16.8,100.0,95.4,108.1,
https://www.basketball-reference.com/boxscores/201202190PHO.html,"8:00 PM, February 19, 2012",Phoenix Suns,Los Angeles Lakers,102,90,PHO,,,Team Totals,240,34,80,.425,7,20,.350,27,32,.844,10,31,41,25,10,6,11,21,102,,,Team Totals,240,.542,.469,.250,.400,21.7,77.5,47.7,73.5,10.6,10.0,10.5,100.0,108.1,95.4,
https://www.basketball-reference.com/boxscores/201202200CHI.html,"4:00 PM, February 20, 2012",Chicago Bulls,Atlanta Hawks,90,79,ATL,,,Team Totals,240,30,74,.405,9,25,.360,10,21,.476,8,33,41,19,8,10,14,17,79,,,Team Totals,240,.475,.466,.338,.284,18.2,68.8,44.6,63.3,9.0,14.7,14.4,100.0,88.6,100.9,
https://www.basketball-reference.com/boxscores/201202200CHI.html,"4:00 PM, February 20, 2012",Chicago Bulls,Atlanta Hawks,90,79,CHI,,,Team Totals,240,34,88,.386,8,20,.400,14,19,.737,15,36,51,18,6,5,13,16,90,,,Team Totals,240,.467,.432,.227,.216,31.3,81.8,55.4,52.9,6.7,10.2,11.9,100.0,100.9,88.6,
https://www.basketball-reference.com/boxscores/201202200DAL.html,"8:00 PM, February 20, 2012",Dallas Mavericks,Boston Celtics,89,73,BOS,,,Team Totals,240,29,74,.392,7,24,.292,8,11,.727,5,39,44,17,5,6,17,18,73,,,Team Totals,240,.463,.439,.324,.149,11.4,76.5,46.3,58.6,5.5,9.4,17.7,100.0,80.6,98.2,
https://www.basketball-reference.com/boxscores/201202200DAL.html,"8:00 PM, February 20, 2012",Dallas Mavericks,Boston Celtics,89,73,DAL,,,Team Totals,240,36,89,.404,7,25,.280,10,14,.714,12,39,51,26,9,6,10,15,89,,,Team Totals,240,.468,.444,.281,.157,23.5,88.6,53.7,72.2,9.9,12.0,9.5,100.0,98.2,80.6,
https://www.basketball-reference.com/boxscores/201202200DEN.html,"9:00 PM, February 20, 2012",Denver Nuggets,Minnesota Timberwolves,103,101,MIN,,,Team Totals,265,36,99,.364,6,27,.222,23,24,.958,16,34,50,23,7,8,15,24,101,,,Team Totals,265,.461,.394,.273,.242,28.6,66.7,46.7,63.9,6.8,11.4,12.0,100.0,97.7,99.7,
https://www.basketball-reference.com/boxscores/201202200DEN.html,"9:00 PM, February 20, 2012",Denver Nuggets,Minnesota Timberwolves,103,101,DEN,,,Team Totals,265,37,92,.402,5,22,.227,24,35,.686,17,40,57,23,7,11,16,22,103,,,Team Totals,265,.480,.429,.239,.380,33.3,71.4,53.3,62.2,6.8,15.3,13.0,100.0,99.7,97.7,
https://www.basketball-reference.com/boxscores/201202200GSW.html,"10:30 PM, February 20, 2012",Golden State Warriors,Los Angeles Clippers,104,97,LAC,,,Team Totals,240,33,77,.429,11,26,.423,20,27,.741,17,29,46,14,6,2,18,19,97,,,Team Totals,240,.546,.500,.338,.351,40.5,69.0,54.8,42.4,6.9,3.3,16.8,100.0,111.2,119.2,
https://www.basketball-reference.com/boxscores/201202200GSW.html,"10:30 PM, February 20, 2012",Golden State Warriors,Los Angeles Clippers,104,97,GSW,,,Team Totals,240,38,83,.458,9,23,.391,19,24,.792,13,25,38,22,6,6,10,18,104,,,Team Totals,240,.556,.512,.277,.289,31.0,59.5,45.2,57.9,6.9,11.8,9.7,100.0,119.2,111.2,
https://www.basketball-reference.com/boxscores/201202200HOU.html,"8:00 PM, February 20, 2012",Houston Rockets,Memphis Grizzlies,97,93,MEM,,,Team Totals,240,38,79,.481,3,13,.231,14,18,.778,11,27,38,17,6,3,13,24,93,,,Team Totals,240,.535,.500,.165,.228,29.7,73.0,51.4,44.7,6.9,5.8,13.0,100.0,107.6,112.2,
https://www.basketball-reference.com/boxscores/201202200HOU.html,"8:00 PM, February 20, 2012",Houston Rockets,Memphis Grizzlies,97,93,HOU,,,Team Totals,240,35,74,.473,7,22,.318,20,25,.800,10,26,36,21,9,3,14,20,97,,,Team Totals,240,.571,.520,.297,.338,27.0,70.3,48.6,60.0,10.4,4.5,14.1,100.0,112.2,107.6,
https://www.basketball-reference.com/boxscores/201202200LAL.html,"10:30 PM, February 20, 2012",Los Angeles Lakers,Portland Trail Blazers,103,92,POR,,,Team Totals,240,32,78,.410,12,23,.522,16,22,.727,10,27,37,24,10,5,16,20,92,,,Team Totals,240,.525,.487,.295,.282,21.3,65.9,42.0,75.0,10.9,7.8,15.4,100.0,100.7,112.8,
https://www.basketball-reference.com/boxscores/201202200LAL.html,"10:30 PM, February 20, 2012",Los Angeles Lakers,Portland Trail Blazers,103,92,LAL,,,Team Totals,240,38,83,.458,8,19,.421,19,22,.864,14,37,51,23,11,3,15,18,103,,,Team Totals,240,.556,.506,.229,.265,34.1,78.7,58.0,60.5,12.0,5.5,13.9,100.0,112.8,100.7,
https://www.basketball-reference.com/boxscores/201202200MIL.html,"8:00 PM, February 20, 2012",Milwaukee Bucks,Orlando Magic,90,93,ORL,,,Team Totals,240,33,76,.434,8,22,.364,19,25,.760,16,33,49,18,6,2,15,18,93,,,Team Totals,240,.534,.487,.289,.329,41.0,61.1,52.7,54.5,7.1,2.9,14.7,100.0,110.8,107.2,
https://www.basketball-reference.com/boxscores/201202200MIL.html,"8:00 PM, February 20, 2012",Milwaukee Bucks,Orlando Magic,90,93,MIL,,,Team Totals,240,37,91,.407,5,22,.227,11,13,.846,21,23,44,17,9,5,12,19,90,,,Team Totals,240,.465,.434,.242,.143,38.9,59.0,47.3,45.9,10.7,9.3,11.0,100.0,107.2,110.8,
https://www.basketball-reference.com/boxscores/201202200NYK.html,"7:30 PM, February 20, 2012",New York Knicks,New Jersey Nets,92,100,NJN,,,Team Totals,240,32,82,.390,15,31,.484,21,29,.724,12,34,46,19,9,3,19,25,100,,,Team Totals,240,.528,.482,.378,.354,27.9,75.6,52.3,59.4,9.2,4.7,16.7,100.0,102.2,94.0,
https://www.basketball-reference.com/boxscores/201202200NYK.html,"7:30 PM, February 20, 2012",New York Knicks,New Jersey Nets,92,100,NYK,,,Team Totals,240,34,85,.400,5,21,.238,19,26,.731,11,31,42,23,9,6,16,25,92,,,Team Totals,240,.477,.429,.247,.306,24.4,72.1,47.7,67.6,9.2,11.8,14.2,100.0,94.0,102.2,
https://www.basketball-reference.com/boxscores/201202200OKC.html,"8:00 PM, February 20, 2012",Oklahoma City Thunder,New Orleans Hornets,101,93,NOH,,,Team Totals,240,33,91,.363,7,14,.500,20,23,.870,16,31,47,17,8,4,16,17,93,,,Team Totals,240,.460,.401,.154,.253,29.6,75.6,49.5,51.5,8.2,7.4,13.7,100.0,95.4,103.6,
https://www.basketball-reference.com/boxscores/201202200OKC.html,"8:00 PM, February 20, 2012",Oklahoma City Thunder,New Orleans Hornets,101,93,OKC,,,Team Totals,240,36,80,.450,8,26,.308,21,24,.875,10,38,48,15,11,13,19,19,101,,,Team Totals,240,.558,.500,.325,.300,24.4,70.4,50.5,41.7,11.3,16.9,17.3,100.0,103.6,95.4,
https://www.basketball-reference.com/boxscores/201202200PHO.html,"9:00 PM, February 20, 2012",Phoenix Suns,Washington Wizards,104,88,WAS,,,Team Totals,240,36,84,.429,5,20,.250,11,19,.579,11,33,44,16,7,6,17,23,88,,,Team Totals,240,.476,.458,.238,.226,23.9,80.5,50.6,44.4,7.3,10.3,15.5,100.0,91.6,108.2,
https://www.basketball-reference.com/boxscores/201202200PHO.html,"9:00 PM, February 20, 2012",Phoenix Suns,Washington Wizards,104,88,PHO,,,Team Totals,240,37,79,.468,7,21,.333,23,29,.793,8,35,43,20,8,5,14,17,104,,,Team Totals,240,.567,.513,.266,.367,19.5,76.1,49.4,54.1,8.3,7.8,13.2,100.0,108.2,91.6,
https://www.basketball-reference.com/boxscores/201202200UTA.html,"9:00 PM, February 20, 2012",Utah Jazz,San Antonio Spurs,102,106,SAS,,,Team Totals,240,36,78,.462,10,21,.476,24,30,.800,7,26,33,22,10,4,15,17,106,,,Team Totals,240,.581,.526,.269,.385,17.9,74.3,44.6,61.1,10.3,5.3,14.1,100.0,108.7,104.6,
https://www.basketball-reference.com/boxscores/201202200UTA.html,"9:00 PM, February 20, 2012",Utah Jazz,San Antonio Spurs,102,106,UTA,,,Team Totals,240,40,84,.476,3,8,.375,19,23,.826,9,32,41,17,8,5,17,24,102,,,Team Totals,240,.542,.494,.095,.274,25.7,82.1,55.4,42.5,8.2,8.8,15.3,100.0,104.6,108.7,
https://www.basketball-reference.com/boxscores/201202210CLE.html,"7:00 PM, February 21, 2012",Cleveland Cavaliers,Detroit Pistons,101,100,DET,,,Team Totals,240,37,95,.389,7,17,.412,19,24,.792,16,28,44,22,9,8,12,23,100,,,Team Totals,240,.474,.426,.179,.253,32.0,65.1,47.3,59.5,9.5,13.3,10.2,100.0,105.8,106.8,
https://www.basketball-reference.com/boxscores/201202210CLE.html,"7:00 PM, February 21, 2012",Cleveland Cavaliers,Detroit Pistons,101,100,CLE,,,Team Totals,240,34,78,.436,9,18,.500,24,32,.750,15,34,49,23,8,7,18,18,101,,,Team Totals,240,.548,.494,.231,.410,34.9,68.0,52.7,67.6,8.5,9.0,16.4,100.0,106.8,105.8,
https://www.basketball-reference.com/boxscores/201202210IND.html,"7:00 PM, February 21, 2012",Indiana Pacers,New Orleans Hornets,117,108,NOH,,,Team Totals,265,42,79,.532,9,21,.429,15,23,.652,7,31,38,26,3,5,17,24,108,,,Team Totals,265,.606,.589,.266,.291,18.4,70.5,46.3,61.9,3.1,7.2,16.0,100.0,110.0,119.1,
https://www.basketball-reference.com/boxscores/201202210IND.html,"7:00 PM, February 21, 2012",Indiana Pacers,New Orleans Hornets,117,108,IND,,,Team Totals,265,44,88,.500,7,19,.368,22,31,.710,13,31,44,18,7,4,12,20,117,,,Team Totals,265,.576,.540,.216,.352,29.5,81.6,53.7,40.9,7.1,6.9,10.6,100.0,119.1,110.0,
https://www.basketball-reference.com/boxscores/201202210MEM.html,"8:00 PM, February 21, 2012",Memphis Grizzlies,Philadelphia 76ers,89,76,PHI,,,Team Totals,240,31,85,.365,8,15,.533,6,8,.750,8,28,36,19,6,11,14,18,76,,,Team Totals,240,.429,.412,.176,.094,18.2,71.8,43.4,61.3,6.6,16.7,13.7,100.0,83.5,97.7,
https://www.basketball-reference.com/boxscores/201202210MEM.html,"8:00 PM, February 21, 2012",Memphis Grizzlies,Philadelphia 76ers,89,76,MEM,,,Team Totals,240,31,78,.397,6,12,.500,21,29,.724,11,36,47,25,7,11,15,14,89,,,Team Totals,240,.490,.436,.154,.372,28.2,81.8,56.6,80.6,7.7,15.7,14.2,100.0,97.7,83.5,
https://www.basketball-reference.com/boxscores/201202210MIA.html,"7:30 PM, February 21, 2012",Miami Heat,Sacramento Kings,120,108,SAC,,,Team Totals,240,40,89,.449,13,27,.481,15,19,.789,15,26,41,24,5,5,16,18,108,,,Team Totals,240,.555,.522,.303,.213,32.6,74.3,50.6,60.0,5.3,8.6,14.1,100.0,114.4,127.1,
https://www.basketball-reference.com/boxscores/201202210MIA.html,"7:30 PM, February 21, 2012",Miami Heat,Sacramento Kings,120,108,MIA,,,Team Totals,240,45,81,.556,10,23,.435,20,23,.870,9,31,40,28,8,9,13,18,120,,,Team Totals,240,.658,.617,.284,.284,25.7,67.4,49.4,62.2,8.5,14.5,12.5,100.0,127.1,114.4,
https://www.basketball-reference.com/boxscores/201202210POR.html,"10:00 PM, February 21, 2012",Portland Trail Blazers,San Antonio Spurs,137,97,SAS,,,Team Totals,240,32,84,.381,8,20,.400,25,32,.781,11,22,33,13,6,2,13,14,97,,,Team Totals,240,.494,.429,.238,.381,21.6,75.9,41.3,40.6,6.1,3.4,11.7,100.0,99.3,140.3,
https://www.basketball-reference.com/boxscores/201202210POR.html,"10:00 PM, February 21, 2012",Portland Trail Blazers,San Antonio Spurs,137,97,POR,,,Team Totals,240,51,86,.593,15,28,.536,20,24,.833,7,40,47,31,5,7,11,21,137,,,Team Totals,240,.709,.680,.326,.279,24.1,78.4,58.8,60.8,5.1,10.9,10.2,100.0,140.3,99.3,
https://www.basketball-reference.com/boxscores/201202220CHA.html,"7:00 PM, February 22, 2012",Charlotte Bobcats,Indiana Pacers,88,102,IND,,,Team Totals,240,34,85,.400,7,16,.438,27,32,.844,24,33,57,20,5,7,8,21,102,,,Team Totals,240,.515,.441,.188,.376,48.0,62.3,55.3,58.8,6.0,10.1,7.5,100.0,123.0,106.2,
https://www.basketball-reference.com/boxscores/201202220CHA.html,"7:00 PM, February 22, 2012",Charlotte Bobcats,Indiana Pacers,88,102,CHA,,,Team Totals,240,31,88,.352,8,19,.421,18,23,.783,20,26,46,23,3,13,12,24,88,,,Team Totals,240,.448,.398,.216,.261,37.7,52.0,44.7,74.2,3.6,18.8,10.9,100.0,106.2,123.0,
https://www.basketball-reference.com/boxscores/201202220CHI.html,"8:00 PM, February 22, 2012",Chicago Bulls,Milwaukee Bucks,110,91,MIL,,,Team Totals,240,37,88,.420,2,13,.154,15,19,.789,12,17,29,20,11,6,9,20,91,,,Team Totals,240,.472,.432,.148,.216,25.5,54.8,37.2,54.1,12.1,9.1,8.5,100.0,100.1,121.0,
https://www.basketball-reference.com/boxscores/201202220CHI.html,"8:00 PM, February 22, 2012",Chicago Bulls,Milwaukee Bucks,110,91,CHI,,,Team Totals,240,43,79,.544,6,13,.462,18,24,.750,14,35,49,32,4,7,20,13,110,,,Team Totals,240,.614,.582,.165,.304,45.2,74.5,62.8,74.4,4.4,9.3,18.3,100.0,121.0,100.1,
https://www.basketball-reference.com/boxscores/201202220CLE.html,"7:00 PM, February 22, 2012",Cleveland Cavaliers,New Orleans Hornets,84,89,NOH,,,Team Totals,240,36,89,.404,2,10,.200,15,20,.750,20,36,56,22,5,9,14,26,89,,,Team Totals,240,.455,.416,.112,.225,43.5,62.1,53.8,61.1,5.7,15.5,12.5,100.0,101.9,96.2,
https://www.basketball-reference.com/boxscores/201202220CLE.html,"7:00 PM, February 22, 2012",Cleveland Cavaliers,New Orleans Hornets,84,89,CLE,,,Team Totals,240,27,85,.318,6,27,.222,24,37,.649,22,26,48,20,6,5,12,23,84,,,Team Totals,240,.415,.353,.318,.435,37.9,56.5,46.2,74.1,6.9,6.3,10.6,100.0,96.2,101.9,
https://www.basketball-reference.com/boxscores/201202220DAL.html,"9:30 PM, February 22, 2012",Dallas Mavericks,Los Angeles Lakers,91,96,LAL,,,Team Totals,240,35,76,.461,8,20,.400,18,31,.581,17,32,49,21,8,4,17,17,96,,,Team Totals,240,.535,.513,.263,.408,37.0,60.4,49.5,60.0,9.1,6.9,15.9,100.0,109.3,103.6,
https://www.basketball-reference.com/boxscores/201202220DAL.html,"9:30 PM, February 22, 2012",Dallas Mavericks,Los Angeles Lakers,91,96,DAL,,,Team Totals,240,36,90,.400,8,32,.250,11,16,.688,21,29,50,22,10,3,13,20,91,,,Team Totals,240,.469,.444,.356,.178,39.6,63.0,50.5,61.1,11.4,5.4,11.8,100.0,103.6,109.3,
https://www.basketball-reference.com/boxscores/201202220HOU.html,"8:00 PM, February 22, 2012",Houston Rockets,Philadelphia 76ers,93,87,PHI,,,Team Totals,240,33,82,.402,0,9,.000,21,27,.778,10,30,40,12,10,5,13,18,87,,,Team Totals,240,.463,.402,.110,.329,22.7,88.2,51.3,36.4,10.6,8.3,12.2,100.0,92.3,98.6,
https://www.basketball-reference.com/boxscores/201202220HOU.html,"8:00 PM, February 22, 2012",Houston Rockets,Philadelphia 76ers,93,87,HOU,,,Team Totals,240,36,78,.462,5,18,.278,16,20,.800,4,34,38,16,3,2,14,21,93,,,Team Totals,240,.536,.494,.231,.256,11.8,77.3,48.7,44.4,3.2,2.7,13.9,100.0,98.6,92.3,
https://www.basketball-reference.com/boxscores/201202220LAC.html,"10:30 PM, February 22, 2012",Los Angeles Clippers,Denver Nuggets,103,95,DEN,,,Team Totals,240,33,82,.402,6,23,.261,23,31,.742,14,30,44,21,6,3,12,24,95,,,Team Totals,240,.497,.439,.280,.378,31.1,63.8,47.8,63.6,6.7,5.1,11.1,100.0,105.7,114.6,
https://www.basketball-reference.com/boxscores/201202220LAC.html,"10:30 PM, February 22, 2012",Los Angeles Clippers,Denver Nuggets,103,95,LAC,,,Team Totals,240,38,86,.442,7,27,.259,20,28,.714,17,31,48,22,8,4,11,25,103,,,Team Totals,240,.524,.483,.314,.326,36.2,68.9,52.2,57.9,8.9,6.8,10.1,100.0,114.6,105.7,
https://www.basketball-reference.com/boxscores/201202220MIN.html,"8:00 PM, February 22, 2012",Minnesota Timberwolves,Utah Jazz,100,98,UTA,,,Team Totals,240,39,85,.459,1,7,.143,19,24,.792,14,27,41,25,15,4,9,29,98,,,Team Totals,240,.513,.465,.082,.282,32.6,58.7,46.1,64.1,16.9,7.3,8.6,100.0,110.5,112.7,
https://www.basketball-reference.com/boxscores/201202220MIN.html,"8:00 PM, February 22, 2012",Minnesota Timberwolves,Utah Jazz,100,98,MIN,,,Team Totals,240,31,77,.403,11,22,.500,27,38,.711,19,29,48,20,5,3,18,19,100,,,Team Totals,240,.534,.474,.286,.494,41.3,67.4,53.9,64.5,5.6,3.8,16.1,100.0,112.7,110.5,
https://www.basketball-reference.com/boxscores/201202220NJN.html,"7:30 PM, February 22, 2012",New Jersey Nets,Orlando Magic,91,108,ORL,,,Team Totals,240,45,84,.536,13,29,.448,5,15,.333,16,30,46,32,6,4,14,10,108,,,Team Totals,240,.596,.613,.345,.179,36.4,76.9,55.4,71.1,6.9,7.0,13.4,100.0,123.6,104.1,
https://www.basketball-reference.com/boxscores/201202220NJN.html,"7:30 PM, February 22, 2012",New Jersey Nets,Orlando Magic,91,108,NJN,,,Team Totals,240,38,81,.469,9,24,.375,6,9,.667,9,28,37,16,9,2,12,15,91,,,Team Totals,240,.536,.525,.296,.111,23.1,63.6,44.6,42.1,10.3,3.6,12.4,100.0,104.1,123.6,
https://www.basketball-reference.com/boxscores/201202220NYK.html,"7:30 PM, February 22, 2012",New York Knicks,Atlanta Hawks,99,82,ATL,,,Team Totals,240,32,81,.395,8,29,.276,10,18,.556,12,28,40,16,14,2,25,23,82,,,Team Totals,240,.461,.444,.358,.222,26.7,66.7,46.0,50.0,14.4,3.4,21.9,100.0,84.2,101.6,
https://www.basketball-reference.com/boxscores/201202220NYK.html,"7:30 PM, February 22, 2012",New York Knicks,Atlanta Hawks,99,82,NYK,,,Team Totals,240,38,80,.475,8,22,.364,15,24,.625,14,33,47,23,15,3,21,16,99,,,Team Totals,240,.547,.525,.275,.300,33.3,73.3,54.0,60.5,15.4,5.8,18.8,100.0,101.6,84.2,
https://www.basketball-reference.com/boxscores/201202220OKC.html,"7:00 PM, February 22, 2012",Oklahoma City Thunder,Boston Celtics,119,104,BOS,,,Team Totals,240,34,70,.486,7,18,.389,29,34,.853,3,29,32,24,5,7,18,24,104,,,Team Totals,240,.612,.536,.257,.486,8.3,74.4,42.7,70.6,5.0,10.8,17.5,100.0,104.6,119.7,
https://www.basketball-reference.com/boxscores/201202220OKC.html,"7:00 PM, February 22, 2012",Oklahoma City Thunder,Boston Celtics,119,104,OKC,,,Team Totals,240,42,84,.500,9,19,.474,26,35,.743,10,33,43,22,9,3,14,21,119,,,Team Totals,240,.599,.554,.226,.417,25.6,91.7,57.3,52.4,9.1,5.8,12.3,100.0,119.7,104.6,
https://www.basketball-reference.com/boxscores/201202220PHO.html,"9:00 PM, February 22, 2012",Phoenix Suns,Golden State Warriors,104,106,GSW,,,Team Totals,240,39,84,.464,9,20,.450,19,22,.864,13,27,40,19,6,4,8,18,106,,,Team Totals,240,.566,.518,.238,.262,29.5,57.4,44.0,48.7,6.9,5.6,7.9,100.0,122.4,120.1,
https://www.basketball-reference.com/boxscores/201202220PHO.html,"9:00 PM, February 22, 2012",Phoenix Suns,Golden State Warriors,104,106,PHO,,,Team Totals,240,43,90,.478,4,19,.211,14,20,.700,20,31,51,23,5,4,10,17,104,,,Team Totals,240,.526,.500,.211,.222,42.6,70.5,56.0,53.5,5.8,6.3,9.2,100.0,120.1,122.4,
https://www.basketball-reference.com/boxscores/201202220TOR.html,"7:00 PM, February 22, 2012",Toronto Raptors,Detroit Pistons,103,93,DET,,,Team Totals,240,35,84,.417,2,12,.167,21,27,.778,14,23,37,16,7,7,10,23,93,,,Team Totals,240,.485,.429,.143,.321,27.5,69.7,44.0,45.7,7.9,10.1,9.4,100.0,104.5,115.8,
https://www.basketball-reference.com/boxscores/201202220TOR.html,"7:00 PM, February 22, 2012",Toronto Raptors,Detroit Pistons,103,93,TOR,,,Team Totals,240,40,76,.526,3,7,.429,20,28,.714,10,37,47,30,5,9,12,21,103,,,Team Totals,240,.583,.546,.092,.368,30.3,72.5,56.0,75.0,5.6,12.5,12.0,100.0,115.8,104.5,
https://www.basketball-reference.com/boxscores/201202220WAS.html,"7:00 PM, February 22, 2012",Washington Wizards,Sacramento Kings,107,115,SAC,,,Team Totals,240,43,96,.448,4,17,.235,25,27,.926,18,29,47,18,11,6,10,20,115,,,Team Totals,240,.533,.469,.177,.281,36.0,70.7,51.6,41.9,11.1,9.8,8.5,100.0,116.3,108.2,
https://www.basketball-reference.com/boxscores/201202220WAS.html,"7:00 PM, February 22, 2012",Washington Wizards,Sacramento Kings,107,115,WAS,,,Team Totals,240,41,84,.488,9,23,.391,16,27,.593,12,32,44,22,8,6,20,20,107,,,Team Totals,240,.558,.542,.274,.321,29.3,64.0,48.4,53.7,8.1,7.6,17.3,100.0,108.2,116.3,
https://www.basketball-reference.com/boxscores/201202230ATL.html,"7:30 PM, February 23, 2012",Atlanta Hawks,Orlando Magic,83,78,ORL,,,Team Totals,240,31,82,.378,7,32,.219,9,13,.692,10,30,40,19,12,8,15,19,78,,,Team Totals,240,.445,.421,.390,.159,21.7,73.2,46.0,61.3,13.3,13.1,14.6,100.0,86.3,91.8,
https://www.basketball-reference.com/boxscores/201202230ATL.html,"7:30 PM, February 23, 2012",Atlanta Hawks,Orlando Magic,83,78,ATL,,,Team Totals,240,31,78,.397,7,17,.412,14,20,.700,11,36,47,19,8,4,18,12,83,,,Team Totals,240,.478,.442,.218,.256,26.8,78.3,54.0,61.3,8.8,8.0,17.2,100.0,91.8,86.3,
https://www.basketball-reference.com/boxscores/201202230DEN.html,"9:00 PM, February 23, 2012",Denver Nuggets,San Antonio Spurs,99,114,SAS,,,Team Totals,240,41,86,.477,13,27,.481,19,23,.826,10,35,45,29,7,4,8,18,114,,,Team Totals,240,.593,.552,.314,.267,23.8,79.5,52.3,70.7,7.6,6.3,7.7,100.0,123.9,107.6,
https://www.basketball-reference.com/boxscores/201202230DEN.html,"9:00 PM, February 23, 2012",Denver Nuggets,San Antonio Spurs,99,114,DEN,,,Team Totals,240,37,83,.446,7,19,.368,18,21,.857,9,32,41,25,5,4,11,18,99,,,Team Totals,240,.537,.488,.229,.253,20.5,76.2,47.7,67.6,5.4,6.8,10.7,100.0,107.6,123.9,
https://www.basketball-reference.com/boxscores/201202230MIA.html,"7:00 PM, February 23, 2012",Miami Heat,New York Knicks,102,88,NYK,,,Team Totals,240,31,79,.392,7,17,.412,19,22,.864,14,27,41,14,9,3,19,15,88,,,Team Totals,240,.496,.437,.215,.278,30.4,65.9,47.1,45.2,9.8,4.2,17.6,100.0,95.6,110.8,
https://www.basketball-reference.com/boxscores/201202230MIA.html,"7:00 PM, February 23, 2012",Miami Heat,New York Knicks,102,88,MIA,,,Team Totals,240,42,85,.494,4,14,.286,14,19,.737,14,32,46,19,12,10,16,22,102,,,Team Totals,240,.546,.518,.165,.224,34.1,69.6,52.9,45.2,13.0,16.1,14.6,100.0,110.8,95.6,
https://www.basketball-reference.com/boxscores/201202230OKC.html,"9:30 PM, February 23, 2012",Oklahoma City Thunder,Los Angeles Lakers,100,85,LAL,,,Team Totals,240,30,78,.385,4,13,.308,21,23,.913,8,33,41,16,5,2,13,18,85,,,Team Totals,240,.482,.410,.167,.295,17.8,82.5,48.2,53.3,5.5,3.8,12.9,100.0,93.2,109.7,
https://www.basketball-reference.com/boxscores/201202230OKC.html,"9:30 PM, February 23, 2012",Oklahoma City Thunder,Los Angeles Lakers,100,85,OKC,,,Team Totals,240,36,77,.468,7,25,.280,21,25,.840,7,37,44,17,7,9,12,20,100,,,Team Totals,240,.568,.513,.325,.325,17.5,82.2,51.8,47.2,7.7,13.8,12.0,100.0,109.7,93.2,
https://www.basketball-reference.com/boxscores/201202280CHI.html,"8:00 PM, February 28, 2012",Chicago Bulls,New Orleans Hornets,99,95,NOH,,,Team Totals,240,36,89,.404,4,9,.444,19,22,.864,13,34,47,22,8,7,15,18,95,,,Team Totals,240,.481,.427,.101,.247,27.1,69.4,48.5,61.1,8.3,9.7,13.2,100.0,98.8,102.9,
https://www.basketball-reference.com/boxscores/201202280CHI.html,"8:00 PM, February 28, 2012",Chicago Bulls,New Orleans Hornets,99,95,CHI,,,Team Totals,240,41,90,.456,3,18,.167,14,20,.700,15,35,50,25,11,10,13,16,99,,,Team Totals,240,.501,.472,.200,.222,30.6,72.9,51.5,61.0,11.4,12.5,11.6,100.0,102.9,98.8,
https://www.basketball-reference.com/boxscores/201202280CLE.html,"7:00 PM, February 28, 2012",Cleveland Cavaliers,Boston Celtics,83,86,BOS,,,Team Totals,240,33,74,.446,7,17,.412,13,14,.929,5,34,39,27,6,1,18,20,86,,,Team Totals,240,.536,.493,.230,.189,14.3,75.6,48.8,81.8,6.6,1.6,18.3,100.0,95.0,91.7,
https://www.basketball-reference.com/boxscores/201202280CLE.html,"7:00 PM, February 28, 2012",Cleveland Cavaliers,Boston Celtics,83,86,CLE,,,Team Totals,240,31,78,.397,4,17,.235,17,25,.680,11,30,41,18,12,5,14,17,83,,,Team Totals,240,.466,.423,.218,.321,24.4,85.7,51.3,58.1,13.3,8.8,13.6,100.0,91.7,95.0,
https://www.basketball-reference.com/boxscores/201202280DAL.html,"8:30 PM, February 28, 2012",Dallas Mavericks,New Jersey Nets,92,93,NJN,,,Team Totals,240,37,84,.440,7,25,.280,12,14,.857,12,41,53,23,9,4,19,21,93,,,Team Totals,240,.516,.482,.298,.167,27.3,70.7,52.0,62.2,9.5,6.3,17.4,100.0,97.8,96.7,
https://www.basketball-reference.com/boxscores/201202280DAL.html,"8:30 PM, February 28, 2012",Dallas Mavericks,New Jersey Nets,92,93,DAL,,,Team Totals,240,32,89,.360,8,25,.320,20,28,.714,17,32,49,19,13,7,13,12,92,,,Team Totals,240,.454,.404,.281,.315,29.3,72.7,48.0,59.4,13.7,11.9,11.4,100.0,96.7,97.8,
https://www.basketball-reference.com/boxscores/201202280DET.html,"7:30 PM, February 28, 2012",Detroit Pistons,Philadelphia 76ers,68,97,PHI,,,Team Totals,240,42,84,.500,5,13,.385,8,9,.889,11,33,44,26,17,8,16,19,97,,,Team Totals,240,.551,.530,.155,.107,28.9,68.8,51.2,61.9,18.6,11.6,15.4,100.0,106.3,74.5,
https://www.basketball-reference.com/boxscores/201202280DET.html,"7:30 PM, February 28, 2012",Detroit Pistons,Philadelphia 76ers,68,97,DET,,,Team Totals,240,25,79,.316,2,10,.200,16,20,.800,15,27,42,14,5,0,23,11,68,,,Team Totals,240,.387,.329,.127,.253,31.3,71.1,48.8,56.0,5.5,0.0,20.8,100.0,74.5,106.3,
https://www.basketball-reference.com/boxscores/201202280HOU.html,"8:00 PM, February 28, 2012",Houston Rockets,Toronto Raptors,88,85,TOR,,,Team Totals,240,35,75,.467,2,17,.118,13,18,.722,9,38,47,18,7,5,17,23,85,,,Team Totals,240,.513,.480,.227,.240,23.7,82.6,56.0,51.4,7.8,9.1,17.0,100.0,94.6,97.9,
https://www.basketball-reference.com/boxscores/201202280HOU.html,"8:00 PM, February 28, 2012",Houston Rockets,Toronto Raptors,88,85,HOU,,,Team Totals,240,29,75,.387,7,20,.350,23,28,.821,8,29,37,14,2,3,13,15,88,,,Team Totals,240,.504,.433,.267,.373,17.4,76.3,44.0,48.3,2.2,5.2,13.0,100.0,97.9,94.6,
https://www.basketball-reference.com/boxscores/201202280IND.html,"7:00 PM, February 28, 2012",Indiana Pacers,Golden State Warriors,102,78,GSW,,,Team Totals,240,29,85,.341,3,22,.136,17,24,.708,19,26,45,15,8,9,16,25,78,,,Team Totals,240,.408,.359,.259,.282,33.3,61.9,45.5,51.7,8.7,12.3,14.3,100.0,85.1,111.3,
https://www.basketball-reference.com/boxscores/201202280IND.html,"7:00 PM, February 28, 2012",Indiana Pacers,Golden State Warriors,102,78,IND,,,Team Totals,240,37,84,.440,5,11,.455,23,32,.719,16,38,54,21,11,4,15,23,102,,,Team Totals,240,.520,.470,.131,.381,38.1,66.7,54.5,56.8,12.0,6.3,13.3,100.0,111.3,85.1,
https://www.basketball-reference.com/boxscores/201202280LAC.html,"10:30 PM, February 28, 2012",Los Angeles Clippers,Minnesota Timberwolves,97,109,MIN,,,Team Totals,240,40,78,.513,10,22,.455,19,27,.704,9,30,39,27,4,1,10,18,109,,,Team Totals,240,.606,.577,.282,.346,23.1,71.4,48.1,67.5,4.5,1.4,10.0,100.0,122.8,109.3,
https://www.basketball-reference.com/boxscores/201202280LAC.html,"10:30 PM, February 28, 2012",Los Angeles Clippers,Minnesota Timberwolves,97,109,LAC,,,Team Totals,240,40,85,.471,2,11,.182,15,22,.682,12,30,42,20,6,5,8,23,97,,,Team Totals,240,.512,.482,.129,.259,28.6,76.9,51.9,50.0,6.8,8.9,7.8,100.0,109.3,122.8,
https://www.basketball-reference.com/boxscores/201202280MIL.html,"8:00 PM, February 28, 2012",Milwaukee Bucks,Washington Wizards,119,118,WAS,,,Team Totals,240,42,87,.483,13,24,.542,21,21,1.000,13,30,43,24,5,6,15,24,118,,,Team Totals,240,.613,.557,.276,.241,33.3,60.0,48.3,57.1,5.3,9.1,13.5,100.0,124.4,125.4,
https://www.basketball-reference.com/boxscores/201202280MIL.html,"8:00 PM, February 28, 2012",Milwaukee Bucks,Washington Wizards,119,118,MIL,,,Team Totals,240,41,91,.451,8,25,.320,29,37,.784,20,26,46,30,11,3,11,19,119,,,Team Totals,240,.555,.495,.275,.407,40.0,66.7,51.7,73.2,11.6,4.8,9.3,100.0,125.4,124.4,
https://www.basketball-reference.com/boxscores/201202280SAC.html,"10:00 PM, February 28, 2012",Sacramento Kings,Utah Jazz,103,96,UTA,,,Team Totals,240,40,85,.471,5,13,.385,11,22,.500,13,30,43,27,13,4,16,23,96,,,Team Totals,240,.507,.500,.153,.259,28.3,65.2,46.7,67.5,13.6,6.3,14.5,100.0,100.4,107.7,
https://www.basketball-reference.com/boxscores/201202280SAC.html,"10:00 PM, February 28, 2012",Sacramento Kings,Utah Jazz,103,96,SAC,,,Team Totals,240,37,84,.440,5,20,.250,24,29,.828,16,33,49,23,4,7,17,18,103,,,Team Totals,240,.532,.470,.238,.345,34.8,71.7,53.3,62.2,4.2,9.7,14.9,100.0,107.7,100.4,
https://www.basketball-reference.com/boxscores/201202290ATL.html,"7:30 PM, February 29, 2012",Atlanta Hawks,Golden State Warriors,82,85,GSW,,,Team Totals,240,34,83,.410,1,12,.083,16,17,.941,9,44,53,20,7,9,11,18,85,,,Team Totals,240,.470,.416,.145,.205,22.0,71.0,51.5,58.8,7.7,12.2,10.8,100.0,93.5,90.2,
https://www.basketball-reference.com/boxscores/201202290ATL.html,"7:30 PM, February 29, 2012",Atlanta Hawks,Golden State Warriors,82,85,ATL,,,Team Totals,240,31,92,.337,4,18,.222,16,26,.615,18,32,50,17,5,7,9,14,82,,,Team Totals,240,.396,.359,.196,.283,29.0,78.0,48.5,54.8,5.5,9.9,8.0,100.0,90.2,93.5,
https://www.basketball-reference.com/boxscores/201202290BOS.html,"7:30 PM, February 29, 2012",Boston Celtics,Milwaukee Bucks,102,96,MIL,,,Team Totals,240,39,96,.406,4,15,.267,14,16,.875,16,33,49,25,5,4,13,17,96,,,Team Totals,240,.466,.427,.156,.167,32.0,64.7,48.5,64.1,5.3,5.6,11.2,100.0,100.9,107.2,
https://www.basketball-reference.com/boxscores/201202290BOS.html,"7:30 PM, February 29, 2012",Boston Celtics,Milwaukee Bucks,102,96,BOS,,,Team Totals,240,40,87,.460,3,16,.188,19,28,.679,18,34,52,26,5,5,14,15,102,,,Team Totals,240,.513,.477,.184,.322,35.3,68.0,51.5,65.0,5.3,6.2,12.4,100.0,107.2,100.9,
https://www.basketball-reference.com/boxscores/201202290DEN.html,"9:00 PM, February 29, 2012",Denver Nuggets,Portland Trail Blazers,104,95,POR,,,Team Totals,240,38,87,.437,9,24,.375,10,11,.909,11,25,36,23,6,10,13,18,95,,,Team Totals,240,.517,.489,.276,.126,25.0,54.3,40.0,60.5,6.8,14.3,12.4,100.0,106.9,117.0,
https://www.basketball-reference.com/boxscores/201202290DEN.html,"9:00 PM, February 29, 2012",Denver Nuggets,Portland Trail Blazers,104,95,DEN,,,Team Totals,240,44,91,.484,6,21,.286,10,16,.625,21,33,54,26,7,10,12,16,104,,,Team Totals,240,.530,.516,.231,.176,45.7,75.0,60.0,59.1,7.9,15.9,10.9,100.0,117.0,106.9,
https://www.basketball-reference.com/boxscores/201202290DET.html,"7:30 PM, February 29, 2012",Detroit Pistons,Charlotte Bobcats,109,94,CHA,,,Team Totals,240,36,82,.439,3,9,.333,19,29,.655,11,26,37,24,7,4,11,23,94,,,Team Totals,240,.496,.457,.110,.354,22.9,59.1,40.2,66.7,7.5,5.4,10.4,100.0,101.2,117.4,
https://www.basketball-reference.com/boxscores/201202290DET.html,"7:30 PM, February 29, 2012",Detroit Pistons,Charlotte Bobcats,109,94,DET,,,Team Totals,240,42,84,.500,1,10,.100,24,32,.750,18,37,55,17,3,8,14,25,109,,,Team Totals,240,.556,.506,.119,.381,40.9,77.1,59.8,40.5,3.2,11.0,12.5,100.0,117.4,101.2,
https://www.basketball-reference.com/boxscores/201202290LAL.html,"10:30 PM, February 29, 2012",Los Angeles Lakers,Minnesota Timberwolves,104,85,MIN,,,Team Totals,240,35,89,.393,5,19,.263,10,18,.556,12,32,44,22,7,1,14,17,85,,,Team Totals,240,.439,.421,.213,.202,23.5,78.0,47.8,62.9,7.3,1.6,12.6,100.0,88.4,108.2,
https://www.basketball-reference.com/boxscores/201202290LAL.html,"10:30 PM, February 29, 2012",Los Angeles Lakers,Minnesota Timberwolves,104,85,LAL,,,Team Totals,240,41,84,.488,5,21,.238,17,22,.773,9,39,48,30,7,8,13,19,104,,,Team Totals,240,.555,.518,.250,.262,22.0,76.5,52.2,73.2,7.3,11.4,12.2,100.0,108.2,88.4,
https://www.basketball-reference.com/boxscores/201202290MEM.html,"8:00 PM, February 29, 2012",Memphis Grizzlies,Dallas Mavericks,96,85,DAL,,,Team Totals,240,35,79,.443,4,23,.174,11,14,.786,8,26,34,16,8,5,18,16,85,,,Team Totals,240,.499,.468,.291,.177,19.5,74.3,44.7,45.7,8.6,7.4,17.4,100.0,91.0,102.8,
https://www.basketball-reference.com/boxscores/201202290MEM.html,"8:00 PM, February 29, 2012",Memphis Grizzlies,Dallas Mavericks,96,85,MEM,,,Team Totals,240,39,80,.488,2,12,.167,16,19,.842,9,33,42,22,12,5,17,16,96,,,Team Totals,240,.543,.500,.150,.238,25.7,80.5,55.3,56.4,12.9,8.9,16.1,100.0,102.8,91.0,
https://www.basketball-reference.com/boxscores/201202290NOH.html,"8:00 PM, February 29, 2012",New Orleans Hornets,Toronto Raptors,84,95,TOR,,,Team Totals,240,34,77,.442,9,15,.600,18,23,.783,7,29,36,22,4,9,10,22,95,,,Team Totals,240,.545,.500,.195,.299,16.7,67.4,42.4,64.7,4.6,14.1,10.3,100.0,109.9,97.2,
https://www.basketball-reference.com/boxscores/201202290NOH.html,"8:00 PM, February 29, 2012",New Orleans Hornets,Toronto Raptors,84,95,NOH,,,Team Totals,240,30,80,.375,3,16,.188,21,27,.778,14,35,49,22,3,4,11,22,84,,,Team Totals,240,.457,.394,.200,.338,32.6,83.3,57.6,73.3,3.5,6.5,10.7,100.0,97.2,109.9,
https://www.basketball-reference.com/boxscores/201202290NYK.html,"7:30 PM, February 29, 2012",New York Knicks,Cleveland Cavaliers,120,103,CLE,,,Team Totals,240,38,82,.463,9,20,.450,18,27,.667,15,28,43,21,2,4,18,31,103,,,Team Totals,240,.549,.518,.244,.329,34.9,66.7,50.6,55.3,2.1,6.2,16.1,100.0,108.9,126.9,
https://www.basketball-reference.com/boxscores/201202290NYK.html,"7:30 PM, February 29, 2012",New York Knicks,Cleveland Cavaliers,120,103,NYK,,,Team Totals,240,43,85,.506,6,20,.300,28,42,.667,14,28,42,30,10,6,8,22,120,,,Team Totals,240,.580,.541,.235,.494,33.3,65.1,49.4,69.8,10.6,9.7,7.2,100.0,126.9,108.9,
https://www.basketball-reference.com/boxscores/201202290PHI.html,"7:00 PM, February 29, 2012",Philadelphia 76ers,Oklahoma City Thunder,88,92,OKC,,,Team Totals,240,30,78,.385,6,19,.316,26,34,.765,19,37,56,12,6,4,17,9,92,,,Team Totals,240,.495,.423,.244,.436,42.2,74.0,58.9,40.0,6.7,5.5,15.5,100.0,103.4,98.9,
https://www.basketball-reference.com/boxscores/201202290PHI.html,"7:00 PM, February 29, 2012",Philadelphia 76ers,Oklahoma City Thunder,88,92,PHI,,,Team Totals,240,37,90,.411,4,17,.235,10,12,.833,13,26,39,22,11,3,11,23,88,,,Team Totals,240,.462,.433,.189,.133,26.0,57.8,41.1,59.5,12.4,5.1,10.4,100.0,98.9,103.4,
https://www.basketball-reference.com/boxscores/201202290SAS.html,"9:00 PM, February 29, 2012",San Antonio Spurs,Chicago Bulls,89,96,CHI,,,Team Totals,240,37,88,.420,7,15,.467,15,21,.714,13,37,50,16,7,3,16,15,96,,,Team Totals,240,.494,.460,.170,.239,28.9,78.7,54.3,43.2,7.3,4.5,14.1,100.0,100.4,93.1,
https://www.basketball-reference.com/boxscores/201202290SAS.html,"9:00 PM, February 29, 2012",San Antonio Spurs,Chicago Bulls,89,96,SAS,,,Team Totals,240,37,86,.430,8,20,.400,7,12,.583,10,32,42,20,8,5,15,19,89,,,Team Totals,240,.488,.477,.233,.140,21.3,71.1,45.7,54.1,8.4,6.8,14.1,100.0,93.1,100.4,
https://www.basketball-reference.com/boxscores/201202290UTA.html,"9:00 PM, February 29, 2012",Utah Jazz,Houston Rockets,104,83,HOU,,,Team Totals,240,32,82,.390,6,23,.261,13,16,.813,10,24,34,20,9,6,16,18,83,,,Team Totals,240,.466,.427,.280,.195,21.3,64.9,40.5,62.5,9.5,8.0,15.2,100.0,88.1,110.3,
https://www.basketball-reference.com/boxscores/201202290UTA.html,"9:00 PM, February 29, 2012",Utah Jazz,Houston Rockets,104,83,UTA,,,Team Totals,240,42,87,.483,4,12,.333,16,16,1.000,13,37,50,27,7,6,19,16,104,,,Team Totals,240,.553,.506,.138,.184,35.1,78.7,59.5,64.3,7.4,10.2,16.8,100.0,110.3,88.1,
https://www.basketball-reference.com/boxscores/201202290WAS.html,"7:00 PM, February 29, 2012",Washington Wizards,Orlando Magic,95,102,ORL,,,Team Totals,240,34,75,.453,15,36,.417,19,27,.704,16,32,48,20,7,8,18,20,102,,,Team Totals,240,.587,.553,.480,.360,40.0,72.7,57.1,58.8,7.8,10.8,17.2,100.0,113.7,105.9,
https://www.basketball-reference.com/boxscores/201202290WAS.html,"7:00 PM, February 29, 2012",Washington Wizards,Orlando Magic,95,102,WAS,,,Team Totals,240,37,90,.411,6,16,.375,15,19,.789,12,24,36,15,10,5,11,22,95,,,Team Totals,240,.483,.444,.178,.211,27.3,60.0,42.9,40.5,11.1,12.8,10.1,100.0,105.9,113.7,
https://www.basketball-reference.com/boxscores/201203010ORL.html,"8:00 PM, March 1, 2012",Orlando Magic,Oklahoma City Thunder,102,105,OKC,,,Team Totals,240,38,74,.514,8,18,.444,21,27,.778,9,27,36,19,5,2,13,14,105,,,Team Totals,240,.611,.568,.243,.365,24.3,73.0,48.6,50.0,5.6,3.4,13.1,100.0,117.1,113.8,
https://www.basketball-reference.com/boxscores/201203010ORL.html,"8:00 PM, March 1, 2012",Orlando Magic,Oklahoma City Thunder,102,105,ORL,,,Team Totals,240,40,84,.476,9,25,.360,13,19,.684,10,28,38,24,6,2,12,19,102,,,Team Totals,240,.552,.530,.298,.226,27.0,75.7,51.4,60.0,6.7,3.6,11.5,100.0,113.8,117.1,
https://www.basketball-reference.com/boxscores/201203010PHO.html,"9:00 PM, March 1, 2012",Phoenix Suns,Minnesota Timberwolves,104,95,MIN,,,Team Totals,240,34,86,.395,1,13,.077,26,32,.813,16,21,37,14,12,6,12,20,95,,,Team Totals,240,.475,.401,.151,.372,32.7,65.6,45.7,41.2,13.1,8.5,10.7,100.0,103.6,113.4,
https://www.basketball-reference.com/boxscores/201203010PHO.html,"9:00 PM, March 1, 2012",Phoenix Suns,Minnesota Timberwolves,104,95,PHO,,,Team Totals,240,42,79,.532,3,8,.375,17,21,.810,11,33,44,27,6,7,17,27,104,,,Team Totals,240,.589,.551,.101,.266,34.4,67.3,54.3,64.3,6.5,9.6,16.2,100.0,113.4,103.6,
https://www.basketball-reference.com/boxscores/201203010POR.html,"10:30 PM, March 1, 2012",Portland Trail Blazers,Miami Heat,93,107,MIA,,,Team Totals,240,39,82,.476,6,11,.545,23,29,.793,12,29,41,22,11,5,9,15,107,,,Team Totals,240,.565,.512,.134,.354,30.0,78.4,53.2,56.4,12.3,8.3,8.7,100.0,119.5,103.8,
https://www.basketball-reference.com/boxscores/201203010POR.html,"10:30 PM, March 1, 2012",Portland Trail Blazers,Miami Heat,93,107,POR,,,Team Totals,240,36,76,.474,5,16,.313,16,19,.842,8,28,36,21,6,6,16,21,93,,,Team Totals,240,.551,.507,.211,.250,21.6,70.0,46.8,58.3,6.7,8.5,15.9,100.0,103.8,119.5,
https://www.basketball-reference.com/boxscores/201203010SAC.html,"10:00 PM, March 1, 2012",Sacramento Kings,Los Angeles Clippers,100,108,LAC,,,Team Totals,240,44,92,.478,12,23,.522,8,8,1.000,7,26,33,30,10,9,9,19,108,,,Team Totals,240,.565,.543,.250,.087,18.9,72.2,45.2,68.2,10.6,15.3,8.6,100.0,114.8,106.3,
https://www.basketball-reference.com/boxscores/201203010SAC.html,"10:00 PM, March 1, 2012",Sacramento Kings,Los Angeles Clippers,100,108,SAC,,,Team Totals,240,37,79,.468,9,20,.450,17,23,.739,10,30,40,14,3,9,18,17,100,,,Team Totals,240,.561,.525,.253,.291,27.8,81.1,54.8,37.8,3.2,13.0,16.8,100.0,106.3,114.8,
https://www.basketball-reference.com/boxscores/201203020ATL.html,"7:30 PM, March 2, 2012",Atlanta Hawks,Milwaukee Bucks,99,94,MIL,,,Team Totals,240,32,85,.376,6,18,.333,24,28,.857,10,33,43,19,11,0,16,22,94,,,Team Totals,240,.483,.412,.212,.329,20.0,75.0,45.7,59.4,10.8,0.0,14.1,100.0,92.0,96.9,
https://www.basketball-reference.com/boxscores/201203020ATL.html,"7:30 PM, March 2, 2012",Atlanta Hawks,Milwaukee Bucks,99,94,ATL,,,Team Totals,240,39,86,.453,8,23,.348,13,15,.867,11,40,51,20,7,4,24,19,99,,,Team Totals,240,.535,.500,.267,.174,25.0,80.0,54.3,51.3,6.9,6.0,20.6,100.0,96.9,92.0,
https://www.basketball-reference.com/boxscores/201203020BOS.html,"7:30 PM, March 2, 2012",Boston Celtics,New Jersey Nets,107,94,NJN,,,Team Totals,240,34,76,.447,5,19,.263,21,28,.750,6,33,39,19,10,2,20,17,94,,,Team Totals,240,.532,.480,.250,.368,15.0,84.6,49.4,55.9,9.9,2.8,18.5,100.0,92.9,105.8,
https://www.basketball-reference.com/boxscores/201203020BOS.html,"7:30 PM, March 2, 2012",Boston Celtics,New Jersey Nets,107,94,BOS,,,Team Totals,240,45,87,.517,4,16,.250,13,17,.765,6,34,40,35,11,4,15,22,107,,,Team Totals,240,.566,.540,.184,.195,15.4,85.0,50.6,77.8,10.9,7.0,13.7,100.0,105.8,92.9,
https://www.basketball-reference.com/boxscores/201203020CLE.html,"7:30 PM, March 2, 2012",Cleveland Cavaliers,Chicago Bulls,91,112,CHI,,,Team Totals,240,47,89,.528,10,20,.500,8,12,.667,13,28,41,31,9,2,13,16,112,,,Team Totals,240,.594,.584,.225,.135,36.1,73.7,55.4,66.0,10.0,3.4,12.1,100.0,124.2,100.9,
https://www.basketball-reference.com/boxscores/201203020CLE.html,"7:30 PM, March 2, 2012",Cleveland Cavaliers,Chicago Bulls,91,112,CLE,,,Team Totals,240,35,80,.438,9,22,.409,12,16,.750,10,23,33,22,7,5,16,14,91,,,Team Totals,240,.523,.494,.275,.200,26.3,63.9,44.6,62.9,7.8,7.2,15.5,100.0,100.9,124.2,
https://www.basketball-reference.com/boxscores/201203020HOU.html,"8:00 PM, March 2, 2012",Houston Rockets,Denver Nuggets,105,117,DEN,,,Team Totals,240,43,97,.443,8,22,.364,23,35,.657,19,30,49,27,9,4,6,27,117,,,Team Totals,240,.520,.485,.227,.361,43.2,75.0,58.3,62.8,9.8,8.5,5.1,100.0,127.9,114.8,
https://www.basketball-reference.com/boxscores/201203020HOU.html,"8:00 PM, March 2, 2012",Houston Rockets,Denver Nuggets,105,117,HOU,,,Team Totals,240,36,76,.474,10,29,.345,23,29,.793,10,25,35,18,1,9,14,25,105,,,Team Totals,240,.591,.539,.382,.382,25.0,56.8,41.7,50.0,1.1,12.0,13.6,100.0,114.8,127.9,
https://www.basketball-reference.com/boxscores/201203020LAL.html,"10:30 PM, March 2, 2012",Los Angeles Lakers,Sacramento Kings,115,107,SAC,,,Team Totals,240,45,103,.437,9,25,.360,8,9,.889,13,27,40,23,11,4,5,22,107,,,Team Totals,240,.500,.481,.243,.087,24.5,77.1,45.5,51.1,11.4,6.2,4.5,100.0,111.2,119.5,
https://www.basketball-reference.com/boxscores/201203020LAL.html,"10:30 PM, March 2, 2012",Los Angeles Lakers,Sacramento Kings,115,107,LAL,,,Team Totals,240,44,82,.537,6,17,.353,21,26,.808,8,40,48,25,2,7,13,13,115,,,Team Totals,240,.615,.573,.207,.317,22.9,75.5,54.5,56.8,2.1,9.0,12.2,100.0,119.5,111.2,
https://www.basketball-reference.com/boxscores/201203020NOH.html,"8:00 PM, March 2, 2012",New Orleans Hornets,Dallas Mavericks,97,92,DAL,,,Team Totals,240,37,83,.446,11,29,.379,7,10,.700,9,25,34,25,9,5,12,16,92,,,Team Totals,240,.526,.512,.349,.120,20.9,61.0,40.5,67.6,10.2,6.7,12.1,100.0,104.3,109.9,
https://www.basketball-reference.com/boxscores/201203020NOH.html,"8:00 PM, March 2, 2012",New Orleans Hornets,Dallas Mavericks,97,92,NOH,,,Team Totals,240,40,88,.455,3,13,.231,14,17,.824,16,34,50,22,7,2,13,16,97,,,Team Totals,240,.508,.472,.148,.193,39.0,79.1,59.5,55.0,7.9,3.7,12.0,100.0,109.9,104.3,
https://www.basketball-reference.com/boxscores/201203020PHI.html,"8:00 PM, March 2, 2012",Philadelphia 76ers,Golden State Warriors,105,83,GSW,,,Team Totals,240,33,82,.402,5,18,.278,12,14,.857,7,32,39,18,6,5,9,12,83,,,Team Totals,240,.471,.433,.220,.171,14.9,74.4,43.3,54.5,6.7,6.9,9.3,100.0,92.1,116.5,
https://www.basketball-reference.com/boxscores/201203020PHI.html,"8:00 PM, March 2, 2012",Philadelphia 76ers,Golden State Warriors,105,83,PHI,,,Team Totals,240,42,89,.472,8,17,.471,13,16,.813,11,40,51,21,4,4,9,11,105,,,Team Totals,240,.547,.517,.191,.180,25.6,85.1,56.7,50.0,4.4,6.3,8.6,100.0,116.5,92.1,
https://www.basketball-reference.com/boxscores/201203020PHO.html,"10:30 PM, March 2, 2012",Phoenix Suns,Los Angeles Clippers,81,78,LAC,,,Team Totals,240,32,87,.368,6,16,.375,8,9,.889,13,33,46,13,8,5,11,22,78,,,Team Totals,240,.429,.402,.184,.103,26.0,68.8,46.9,40.6,9.3,8.5,10.8,100.0,90.4,93.9,
https://www.basketball-reference.com/boxscores/201203020PHO.html,"10:30 PM, March 2, 2012",Phoenix Suns,Los Angeles Clippers,81,78,PHO,,,Team Totals,240,28,80,.350,7,21,.333,18,29,.621,15,37,52,19,2,8,12,14,81,,,Team Totals,240,.437,.394,.263,.363,31.3,74.0,53.1,67.9,2.3,11.3,11.5,100.0,93.9,90.4,
https://www.basketball-reference.com/boxscores/201203020SAS.html,"8:30 PM, March 2, 2012",San Antonio Spurs,Charlotte Bobcats,102,72,CHA,,,Team Totals,240,31,83,.373,3,16,.188,7,10,.700,10,27,37,21,8,6,17,21,72,,,Team Totals,240,.412,.392,.193,.120,19.6,65.9,40.2,67.7,8.6,9.7,16.3,100.0,77.1,109.2,
https://www.basketball-reference.com/boxscores/201203020SAS.html,"8:30 PM, March 2, 2012",San Antonio Spurs,Charlotte Bobcats,102,72,SAS,,,Team Totals,240,39,82,.476,10,20,.500,14,21,.667,14,41,55,20,10,5,19,17,102,,,Team Totals,240,.559,.537,.244,.256,34.1,80.4,59.8,51.3,10.7,7.5,17.2,100.0,109.2,77.1,
https://www.basketball-reference.com/boxscores/201203020TOR.html,"7:00 PM, March 2, 2012",Toronto Raptors,Memphis Grizzlies,99,102,MEM,,,Team Totals,240,38,81,.469,4,11,.364,22,32,.688,8,27,35,22,10,4,9,18,102,,,Team Totals,240,.536,.494,.136,.395,20.0,87.1,49.3,57.9,10.8,7.1,8.6,100.0,110.3,107.1,
https://www.basketball-reference.com/boxscores/201203020TOR.html,"7:00 PM, March 2, 2012",Toronto Raptors,Memphis Grizzlies,99,102,TOR,,,Team Totals,240,38,72,.528,6,16,.375,17,20,.850,4,32,36,25,4,6,16,26,99,,,Team Totals,240,.613,.569,.222,.278,12.9,80.0,50.7,65.8,4.3,8.6,16.5,100.0,107.1,110.3,
https://www.basketball-reference.com/boxscores/201203020UTA.html,"9:00 PM, March 2, 2012",Utah Jazz,Miami Heat,99,98,MIA,,,Team Totals,240,37,75,.493,8,17,.471,16,22,.727,8,24,32,17,9,8,11,21,98,,,Team Totals,240,.579,.547,.227,.293,22.9,51.1,39.0,45.9,10.6,10.0,11.5,100.0,115.2,116.4,
https://www.basketball-reference.com/boxscores/201203020UTA.html,"9:00 PM, March 2, 2012",Utah Jazz,Miami Heat,99,98,UTA,,,Team Totals,240,38,90,.422,3,10,.300,20,27,.741,23,27,50,22,8,6,11,17,99,,,Team Totals,240,.486,.439,.111,.300,48.9,77.1,61.0,57.9,9.4,10.3,9.7,100.0,116.4,115.2,
https://www.basketball-reference.com/boxscores/201203030ATL.html,"7:00 PM, March 3, 2012",Atlanta Hawks,Oklahoma City Thunder,97,90,OKC,,,Team Totals,240,30,73,.411,6,23,.261,24,29,.828,10,30,40,11,7,10,21,23,90,,,Team Totals,240,.525,.452,.315,.397,25.0,73.2,49.4,36.7,7.4,14.7,19.7,100.0,95.7,103.1,
https://www.basketball-reference.com/boxscores/201203030ATL.html,"7:00 PM, March 3, 2012",Atlanta Hawks,Oklahoma City Thunder,97,90,ATL,,,Team Totals,240,37,85,.435,8,17,.471,15,22,.682,11,30,41,21,9,2,14,22,97,,,Team Totals,240,.512,.482,.200,.259,26.8,75.0,50.6,56.8,9.6,4.0,12.9,100.0,103.1,95.7,
https://www.basketball-reference.com/boxscores/201203030DAL.html,"8:30 PM, March 3, 2012",Dallas Mavericks,Utah Jazz,102,96,UTA,,,Team Totals,240,38,85,.447,4,16,.250,16,21,.762,12,27,39,13,10,1,15,18,96,,,Team Totals,240,.509,.471,.188,.247,28.6,73.0,49.4,34.2,10.9,1.9,13.7,100.0,104.7,111.3,
https://www.basketball-reference.com/boxscores/201203030DAL.html,"8:30 PM, March 3, 2012",Dallas Mavericks,Utah Jazz,102,96,DAL,,,Team Totals,240,36,75,.480,10,23,.435,20,24,.833,10,30,40,24,11,5,16,20,102,,,Team Totals,240,.596,.547,.307,.320,27.0,71.4,50.6,66.7,12.0,7.2,15.8,100.0,111.3,104.7,
https://www.basketball-reference.com/boxscores/201203030MEM.html,"8:00 PM, March 3, 2012",Memphis Grizzlies,Detroit Pistons,100,83,DET,,,Team Totals,240,29,76,.382,2,9,.222,23,29,.793,14,24,38,15,6,3,21,18,83,,,Team Totals,240,.468,.395,.118,.382,35.9,77.4,54.3,51.7,6.7,4.7,19.1,100.0,92.7,111.6,
https://www.basketball-reference.com/boxscores/201203030MEM.html,"8:00 PM, March 3, 2012",Memphis Grizzlies,Detroit Pistons,100,83,MEM,,,Team Totals,240,37,75,.493,6,11,.545,20,22,.909,7,25,32,19,8,9,14,24,100,,,Team Totals,240,.590,.533,.147,.293,22.6,64.1,45.7,51.4,8.9,13.4,14.2,100.0,111.6,92.7,
https://www.basketball-reference.com/boxscores/201203030NOH.html,"8:00 PM, March 3, 2012",New Orleans Hornets,Indiana Pacers,84,102,IND,,,Team Totals,240,35,80,.438,9,19,.474,23,32,.719,15,34,49,24,8,10,14,17,102,,,Team Totals,240,.542,.494,.238,.400,34.1,70.8,53.3,68.6,8.9,14.5,13.0,100.0,114.1,94.0,
https://www.basketball-reference.com/boxscores/201203030NOH.html,"8:00 PM, March 3, 2012",New Orleans Hornets,Indiana Pacers,84,102,NOH,,,Team Totals,240,33,81,.407,4,12,.333,14,21,.667,14,29,43,22,3,5,14,21,84,,,Team Totals,240,.465,.432,.148,.259,29.2,65.9,46.7,66.7,3.4,8.2,13.4,100.0,94.0,114.1,
https://www.basketball-reference.com/boxscores/201203030ORL.html,"7:00 PM, March 3, 2012",Orlando Magic,Milwaukee Bucks,114,98,MIL,,,Team Totals,240,37,79,.468,6,16,.375,18,27,.667,10,23,33,21,10,3,20,21,98,,,Team Totals,240,.539,.506,.203,.342,23.8,62.2,41.8,56.8,10.1,5.6,18.0,100.0,99.4,115.7,
https://www.basketball-reference.com/boxscores/201203030ORL.html,"7:00 PM, March 3, 2012",Orlando Magic,Milwaukee Bucks,114,98,ORL,,,Team Totals,240,42,81,.519,14,27,.519,16,27,.593,14,32,46,26,12,4,22,24,114,,,Team Totals,240,.614,.605,.333,.333,37.8,76.2,58.2,61.9,12.2,6.3,19.2,100.0,115.7,99.4,
https://www.basketball-reference.com/boxscores/201203030POR.html,"10:00 PM, March 3, 2012",Portland Trail Blazers,Minnesota Timberwolves,110,122,MIN,,,Team Totals,240,43,80,.538,12,23,.522,24,28,.857,10,27,37,20,4,3,14,20,122,,,Team Totals,240,.661,.613,.288,.350,27.0,69.2,48.7,46.5,4.3,5.3,13.2,100.0,131.5,118.6,
https://www.basketball-reference.com/boxscores/201203030POR.html,"10:00 PM, March 3, 2012",Portland Trail Blazers,Minnesota Timberwolves,110,122,POR,,,Team Totals,240,40,83,.482,10,26,.385,20,28,.714,12,27,39,15,9,5,11,29,110,,,Team Totals,240,.577,.542,.313,.337,30.8,73.0,51.3,37.5,9.7,8.8,10.3,100.0,118.6,131.5,
https://www.basketball-reference.com/boxscores/201203030WAS.html,"7:00 PM, March 3, 2012",Washington Wizards,Cleveland Cavaliers,101,98,CLE,,,Team Totals,240,37,83,.446,8,21,.381,16,26,.615,11,32,43,18,9,4,14,17,98,,,Team Totals,240,.519,.494,.253,.313,22.9,68.1,45.3,48.6,9.3,6.1,12.9,100.0,101.3,104.4,
https://www.basketball-reference.com/boxscores/201203030WAS.html,"7:00 PM, March 3, 2012",Washington Wizards,Cleveland Cavaliers,101,98,WAS,,,Team Totals,240,40,87,.460,8,21,.381,13,21,.619,15,37,52,26,10,9,18,24,101,,,Team Totals,240,.525,.506,.241,.241,31.9,77.1,54.7,65.0,10.3,14.5,15.8,100.0,104.4,101.3,
https://www.basketball-reference.com/boxscores/201203040BOS.html,"1:00 PM, March 4, 2012",Boston Celtics,New York Knicks,115,111,NYK,,,Team Totals,265,41,94,.436,8,18,.444,21,26,.808,15,35,50,23,8,5,22,23,111,,,Team Totals,265,.526,.479,.191,.277,33.3,74.5,54.3,56.1,7.4,5.9,17.3,100.0,102.1,105.8,
https://www.basketball-reference.com/boxscores/201203040BOS.html,"1:00 PM, March 4, 2012",Boston Celtics,New York Knicks,115,111,BOS,,,Team Totals,265,45,103,.437,7,18,.389,18,22,.818,12,30,42,29,12,8,14,24,115,,,Team Totals,265,.510,.471,.175,.214,25.5,66.7,45.7,64.4,11.0,10.5,11.1,100.0,105.8,102.1,
https://www.basketball-reference.com/boxscores/201203040CHA.html,"6:00 PM, March 4, 2012",Charlotte Bobcats,New Jersey Nets,101,104,NJN,,,Team Totals,240,33,68,.485,5,17,.294,33,44,.750,7,31,38,20,4,3,16,27,104,,,Team Totals,240,.595,.522,.250,.647,21.2,70.5,49.4,60.6,4.4,4.5,15.5,100.0,113.8,110.5,
https://www.basketball-reference.com/boxscores/201203040CHA.html,"6:00 PM, March 4, 2012",Charlotte Bobcats,New Jersey Nets,101,104,CHA,,,Team Totals,240,31,80,.388,2,14,.143,37,39,.949,13,26,39,21,8,5,9,28,101,,,Team Totals,240,.520,.400,.175,.488,29.5,78.8,50.6,67.7,8.8,9.8,8.5,100.0,110.5,113.8,
https://www.basketball-reference.com/boxscores/201203040HOU.html,"7:00 PM, March 4, 2012",Houston Rockets,Los Angeles Clippers,103,105,LAC,,,Team Totals,265,40,86,.465,6,14,.429,19,25,.760,12,37,49,17,5,2,16,21,105,,,Team Totals,265,.541,.500,.163,.291,27.9,75.5,53.3,42.5,5.2,3.0,14.2,100.0,108.8,106.7,
https://www.basketball-reference.com/boxscores/201203040HOU.html,"7:00 PM, March 4, 2012",Houston Rockets,Los Angeles Clippers,103,105,HOU,,,Team Totals,265,37,86,.430,10,20,.500,19,24,.792,12,31,43,19,9,3,12,25,103,,,Team Totals,265,.533,.488,.233,.279,24.5,72.1,46.7,51.4,9.3,4.2,11.1,100.0,106.7,108.8,
https://www.basketball-reference.com/boxscores/201203040LAL.html,"3:30 PM, March 4, 2012",Los Angeles Lakers,Miami Heat,93,83,MIA,,,Team Totals,240,33,88,.375,7,24,.292,10,15,.667,18,17,35,22,10,5,12,23,83,,,Team Totals,240,.439,.415,.273,.170,36.7,56.7,44.3,66.7,12.0,9.3,11.3,100.0,99.6,111.6,
https://www.basketball-reference.com/boxscores/201203040LAL.html,"3:30 PM, March 4, 2012",Los Angeles Lakers,Miami Heat,93,83,LAL,,,Team Totals,240,35,71,.493,5,17,.294,18,25,.720,13,31,44,19,7,10,18,17,93,,,Team Totals,240,.567,.528,.239,.352,43.3,63.3,55.7,54.3,8.4,15.6,18.0,100.0,111.6,99.6,
https://www.basketball-reference.com/boxscores/201203040PHI.html,"7:00 PM, March 4, 2012",Philadelphia 76ers,Chicago Bulls,91,96,CHI,,,Team Totals,240,39,82,.476,7,16,.438,11,16,.688,9,36,45,21,2,6,14,18,96,,,Team Totals,240,.539,.518,.195,.195,22.0,66.7,47.4,53.8,2.2,7.0,13.6,100.0,106.0,100.5,
https://www.basketball-reference.com/boxscores/201203040PHI.html,"7:00 PM, March 4, 2012",Philadelphia 76ers,Chicago Bulls,91,96,PHI,,,Team Totals,240,38,97,.392,1,11,.091,14,17,.824,18,32,50,26,5,4,6,15,91,,,Team Totals,240,.435,.397,.113,.175,33.3,78.0,52.6,68.4,5.5,6.1,5.4,100.0,100.5,106.0,
https://www.basketball-reference.com/boxscores/201203040PHO.html,"8:00 PM, March 4, 2012",Phoenix Suns,Sacramento Kings,96,88,SAC,,,Team Totals,240,38,99,.384,2,13,.154,10,14,.714,16,33,49,16,7,4,9,16,88,,,Team Totals,240,.418,.394,.131,.141,29.1,70.2,48.0,42.1,7.4,5.3,7.9,100.0,93.3,101.7,
https://www.basketball-reference.com/boxscores/201203040PHO.html,"8:00 PM, March 4, 2012",Phoenix Suns,Sacramento Kings,96,88,PHO,,,Team Totals,240,40,88,.455,5,12,.417,11,16,.688,14,39,53,17,3,9,15,16,96,,,Team Totals,240,.505,.483,.136,.182,29.8,70.9,52.0,42.5,3.2,10.5,13.6,100.0,101.7,93.3,
https://www.basketball-reference.com/boxscores/201203040SAS.html,"9:30 PM, March 4, 2012",San Antonio Spurs,Denver Nuggets,94,99,DEN,,,Team Totals,240,36,86,.419,6,17,.353,21,28,.750,10,39,49,19,6,6,9,26,99,,,Team Totals,240,.503,.453,.198,.326,22.2,88.6,55.1,52.8,6.4,13.3,8.4,100.0,106.3,100.9,
https://www.basketball-reference.com/boxscores/201203040SAS.html,"9:30 PM, March 4, 2012",San Antonio Spurs,Denver Nuggets,94,99,SAS,,,Team Totals,240,32,72,.444,10,27,.370,20,27,.741,5,35,40,22,6,6,14,22,94,,,Team Totals,240,.560,.514,.375,.375,11.4,77.8,44.9,68.8,6.4,8.7,14.3,100.0,100.9,106.3,
https://www.basketball-reference.com/boxscores/201203040TOR.html,"6:00 PM, March 4, 2012",Toronto Raptors,Golden State Warriors,83,75,GSW,,,Team Totals,240,29,80,.363,4,19,.211,13,19,.684,10,31,41,17,6,3,14,20,75,,,Team Totals,240,.424,.388,.238,.238,21.3,68.9,44.6,58.6,6.8,4.4,13.7,100.0,84.6,93.6,
https://www.basketball-reference.com/boxscores/201203040TOR.html,"6:00 PM, March 4, 2012",Toronto Raptors,Golden State Warriors,83,75,TOR,,,Team Totals,240,29,78,.372,4,10,.400,21,24,.875,14,37,51,19,8,5,16,18,83,,,Team Totals,240,.469,.397,.128,.308,31.1,78.7,55.4,65.5,9.0,8.2,15.3,100.0,93.6,84.6,
https://www.basketball-reference.com/boxscores/201203050CHI.html,"8:00 PM, March 5, 2012",Chicago Bulls,Indiana Pacers,92,72,IND,,,Team Totals,240,27,79,.342,3,16,.188,15,22,.682,7,25,32,18,11,7,8,18,72,,,Team Totals,240,.406,.361,.203,.278,14.3,58.1,34.8,66.7,12.7,11.1,8.3,100.0,83.0,106.1,
https://www.basketball-reference.com/boxscores/201203050CHI.html,"8:00 PM, March 5, 2012",Chicago Bulls,Indiana Pacers,92,72,CHI,,,Team Totals,240,33,78,.423,9,15,.600,17,27,.630,18,42,60,20,5,8,17,19,92,,,Team Totals,240,.512,.481,.192,.346,41.9,85.7,65.2,60.6,5.8,12.7,15.9,100.0,106.1,83.0,
https://www.basketball-reference.com/boxscores/201203050CLE.html,"7:00 PM, March 5, 2012",Cleveland Cavaliers,Utah Jazz,100,109,UTA,,,Team Totals,240,40,80,.500,5,9,.556,24,29,.828,13,33,46,24,6,7,14,25,109,,,Team Totals,240,.588,.531,.113,.363,36.1,82.5,60.5,60.0,6.5,12.1,13.1,100.0,118.7,108.9,
https://www.basketball-reference.com/boxscores/201203050CLE.html,"7:00 PM, March 5, 2012",Cleveland Cavaliers,Utah Jazz,100,109,CLE,,,Team Totals,240,37,81,.457,9,23,.391,17,27,.630,7,23,30,20,7,4,10,18,100,,,Team Totals,240,.538,.512,.284,.333,17.5,63.9,39.5,54.1,7.6,5.6,9.7,100.0,108.9,118.7,
https://www.basketball-reference.com/boxscores/201203050DEN.html,"9:00 PM, March 5, 2012",Denver Nuggets,Sacramento Kings,119,116,SAC,,,Team Totals,265,45,98,.459,12,27,.444,14,21,.667,14,35,49,28,8,7,18,27,116,,,Team Totals,265,.541,.520,.276,.214,28.6,74.5,51.0,62.2,7.5,11.5,14.4,100.0,109.4,112.2,
https://www.basketball-reference.com/boxscores/201203050DEN.html,"9:00 PM, March 5, 2012",Denver Nuggets,Sacramento Kings,119,116,DEN,,,Team Totals,265,40,88,.455,11,27,.407,28,35,.800,12,35,47,33,9,8,15,20,119,,,Team Totals,265,.575,.517,.307,.398,25.5,71.4,49.0,82.5,8.5,11.3,12.7,100.0,112.2,109.4,
https://www.basketball-reference.com/boxscores/201203050MIL.html,"8:00 PM, March 5, 2012",Milwaukee Bucks,Philadelphia 76ers,97,93,PHI,,,Team Totals,240,35,94,.372,7,19,.368,16,23,.696,20,33,53,17,6,7,12,17,93,,,Team Totals,240,.447,.410,.202,.245,36.4,73.3,53.0,48.6,6.4,10.3,10.3,100.0,99.3,103.6,
https://www.basketball-reference.com/boxscores/201203050MIL.html,"8:00 PM, March 5, 2012",Milwaukee Bucks,Philadelphia 76ers,97,93,MIL,,,Team Totals,240,35,88,.398,7,20,.350,20,23,.870,12,35,47,24,4,6,13,19,97,,,Team Totals,240,.494,.438,.227,.261,26.7,63.6,47.0,68.6,4.3,8.0,11.7,100.0,103.6,99.3,
https://www.basketball-reference.com/boxscores/201203050MIN.html,"8:00 PM, March 5, 2012",Minnesota Timberwolves,Los Angeles Clippers,95,94,LAC,,,Team Totals,240,34,84,.405,5,23,.217,21,32,.656,16,36,52,15,6,3,8,21,94,,,Team Totals,240,.479,.435,.274,.381,35.6,72.0,54.7,44.1,6.9,5.8,7.5,100.0,107.9,109.1,
https://www.basketball-reference.com/boxscores/201203050MIN.html,"8:00 PM, March 5, 2012",Minnesota Timberwolves,Los Angeles Clippers,95,94,MIN,,,Team Totals,240,32,80,.400,11,28,.393,20,27,.741,14,29,43,19,2,3,12,21,95,,,Team Totals,240,.517,.469,.350,.338,28.0,64.4,45.3,59.4,2.3,4.9,11.6,100.0,109.1,107.9,
https://www.basketball-reference.com/boxscores/201203050OKC.html,"8:00 PM, March 5, 2012",Oklahoma City Thunder,Dallas Mavericks,95,91,DAL,,,Team Totals,240,36,84,.429,9,21,.429,10,10,1.000,9,27,36,19,12,5,15,23,91,,,Team Totals,240,.515,.482,.250,.119,22.5,65.9,44.4,52.8,13.4,10.2,14.5,100.0,102.0,106.5,
https://www.basketball-reference.com/boxscores/201203050OKC.html,"8:00 PM, March 5, 2012",Oklahoma City Thunder,Dallas Mavericks,95,91,OKC,,,Team Totals,240,29,76,.382,8,27,.296,29,33,.879,14,31,45,13,4,7,15,16,95,,,Team Totals,240,.525,.434,.355,.434,34.1,77.5,55.6,44.8,4.5,11.1,14.2,100.0,106.5,102.0,
https://www.basketball-reference.com/boxscores/201203050POR.html,"10:00 PM, March 5, 2012",Portland Trail Blazers,New Orleans Hornets,86,74,NOH,,,Team Totals,240,29,70,.414,3,9,.333,13,22,.591,8,29,37,14,6,3,16,20,74,,,Team Totals,240,.464,.436,.129,.314,18.6,78.4,46.3,48.3,7.0,6.0,16.7,100.0,86.7,100.7,
https://www.basketball-reference.com/boxscores/201203050POR.html,"10:00 PM, March 5, 2012",Portland Trail Blazers,New Orleans Hornets,86,74,POR,,,Team Totals,240,31,72,.431,6,22,.273,18,24,.750,8,35,43,19,8,5,12,22,86,,,Team Totals,240,.521,.472,.306,.333,21.6,81.4,53.8,61.3,9.4,8.2,12.7,100.0,100.7,86.7,
https://www.basketball-reference.com/boxscores/201203050TOR.html,"7:00 PM, March 5, 2012",Toronto Raptors,Orlando Magic,88,92,ORL,,,Team Totals,240,35,79,.443,9,28,.321,13,28,.464,12,31,43,25,3,3,12,16,92,,,Team Totals,240,.504,.500,.354,.354,27.3,75.6,50.6,71.4,3.4,5.1,11.6,100.0,103.9,99.4,
https://www.basketball-reference.com/boxscores/201203050TOR.html,"7:00 PM, March 5, 2012",Toronto Raptors,Orlando Magic,88,92,TOR,,,Team Totals,240,32,79,.405,8,20,.400,16,20,.800,10,32,42,22,8,3,13,28,88,,,Team Totals,240,.501,.456,.253,.253,24.4,72.7,49.4,68.8,9.0,5.9,12.9,100.0,99.4,103.9,
https://www.basketball-reference.com/boxscores/201203050WAS.html,"7:00 PM, March 5, 2012",Washington Wizards,Golden State Warriors,100,120,GSW,,,Team Totals,240,45,83,.542,15,23,.652,15,16,.938,10,37,47,27,7,4,14,24,120,,,Team Totals,240,.666,.633,.277,.193,26.3,66.1,50.0,60.0,7.4,6.3,13.5,100.0,126.8,105.6,
https://www.basketball-reference.com/boxscores/201203050WAS.html,"7:00 PM, March 5, 2012",Washington Wizards,Golden State Warriors,100,120,WAS,,,Team Totals,240,36,85,.424,8,22,.364,20,36,.556,19,28,47,25,11,4,15,16,100,,,Team Totals,240,.496,.471,.259,.424,33.9,73.7,50.0,69.4,11.6,6.7,12.9,100.0,105.6,126.8,
https://www.basketball-reference.com/boxscores/201203060BOS.html,"7:30 PM, March 6, 2012",Boston Celtics,Houston Rockets,97,92,HOU,,,Team Totals,265,32,83,.386,5,19,.263,23,29,.793,14,43,57,18,8,2,20,25,92,,,Team Totals,265,.480,.416,.229,.349,29.2,91.5,60.0,56.3,7.9,3.0,17.3,100.0,91.1,96.1,
https://www.basketball-reference.com/boxscores/201203060BOS.html,"7:30 PM, March 6, 2012",Boston Celtics,Houston Rockets,97,92,BOS,,,Team Totals,265,35,81,.432,4,14,.286,23,31,.742,4,34,38,26,10,2,14,21,97,,,Team Totals,265,.512,.457,.173,.383,8.5,70.8,40.0,74.3,9.9,3.1,12.9,100.0,96.1,91.1,
https://www.basketball-reference.com/boxscores/201203060CHA.html,"7:00 PM, March 6, 2012",Charlotte Bobcats,Orlando Magic,100,84,ORL,,,Team Totals,240,31,80,.388,13,35,.371,9,17,.529,14,27,41,18,4,5,18,25,84,,,Team Totals,240,.480,.469,.438,.213,29.8,67.5,47.1,58.1,4.5,7.1,17.1,100.0,94.7,112.8,
https://www.basketball-reference.com/boxscores/201203060CHA.html,"7:00 PM, March 6, 2012",Charlotte Bobcats,Orlando Magic,100,84,CHA,,,Team Totals,240,38,80,.475,4,10,.400,20,27,.741,13,33,46,25,8,8,12,17,100,,,Team Totals,240,.544,.500,.125,.338,32.5,70.2,52.9,65.8,9.0,17.8,11.6,100.0,112.8,94.7,
https://www.basketball-reference.com/boxscores/201203060DAL.html,"8:30 PM, March 6, 2012",Dallas Mavericks,New York Knicks,95,85,NYK,,,Team Totals,240,32,84,.381,6,23,.261,15,23,.652,14,37,51,20,9,2,16,21,85,,,Team Totals,240,.452,.417,.274,.274,28.0,78.7,52.6,62.5,9.6,3.7,14.5,100.0,90.2,100.8,
https://www.basketball-reference.com/boxscores/201203060DAL.html,"8:30 PM, March 6, 2012",Dallas Mavericks,New York Knicks,95,85,DAL,,,Team Totals,240,31,80,.388,7,26,.269,26,30,.867,10,36,46,14,9,6,14,20,95,,,Team Totals,240,.510,.431,.325,.375,21.3,72.0,47.4,45.2,9.6,9.8,13.1,100.0,100.8,90.2,
https://www.basketball-reference.com/boxscores/201203060DET.html,"7:30 PM, March 6, 2012",Detroit Pistons,Los Angeles Lakers,88,85,LAL,,,Team Totals,265,34,81,.420,3,22,.136,14,17,.824,13,38,51,22,4,8,13,15,85,,,Team Totals,265,.480,.438,.272,.210,27.7,73.1,51.5,64.7,4.5,9.6,12.8,100.0,95.2,98.6,
https://www.basketball-reference.com/boxscores/201203060DET.html,"7:30 PM, March 6, 2012",Detroit Pistons,Los Angeles Lakers,88,85,DET,,,Team Totals,265,37,93,.398,3,10,.300,11,12,.917,14,34,48,17,4,1,10,19,88,,,Team Totals,265,.448,.414,.108,.129,26.9,72.3,48.5,45.9,4.5,1.7,9.2,100.0,98.6,95.2,
https://www.basketball-reference.com/boxscores/201203060IND.html,"7:00 PM, March 6, 2012",Indiana Pacers,Atlanta Hawks,96,101,ATL,,,Team Totals,240,38,83,.458,8,19,.421,17,22,.773,14,31,45,23,5,5,15,28,101,,,Team Totals,240,.545,.506,.229,.265,33.3,77.5,54.9,60.5,5.5,9.1,13.9,100.0,112.0,106.5,
https://www.basketball-reference.com/boxscores/201203060IND.html,"7:00 PM, March 6, 2012",Indiana Pacers,Atlanta Hawks,96,101,IND,,,Team Totals,240,31,70,.443,5,15,.333,29,40,.725,9,28,37,13,9,5,13,23,96,,,Team Totals,240,.548,.479,.214,.571,22.5,66.7,45.1,41.9,10.0,7.8,12.9,100.0,106.5,112.0,
https://www.basketball-reference.com/boxscores/201203060MIA.html,"7:30 PM, March 6, 2012",Miami Heat,New Jersey Nets,108,78,NJN,,,Team Totals,240,31,83,.373,8,22,.364,8,12,.667,10,19,29,14,13,3,13,12,78,,,Team Totals,240,.442,.422,.265,.145,21.7,73.1,40.3,45.2,14.7,5.0,12.8,100.0,88.1,122.0,
https://www.basketball-reference.com/boxscores/201203060MIA.html,"7:30 PM, March 6, 2012",Miami Heat,New Jersey Nets,108,78,MIA,,,Team Totals,240,45,77,.584,10,17,.588,8,9,.889,7,36,43,30,6,2,17,13,108,,,Team Totals,240,.667,.649,.221,.117,26.9,78.3,59.7,66.7,6.8,3.3,17.4,100.0,122.0,88.1,
https://www.basketball-reference.com/boxscores/201203070CHA.html,"7:00 PM, March 7, 2012",Charlotte Bobcats,Utah Jazz,93,99,UTA,,,Team Totals,240,39,87,.448,1,7,.143,20,24,.833,16,27,43,23,10,3,12,27,99,,,Team Totals,240,.507,.454,.080,.276,39.0,75.0,55.8,59.0,11.3,4.9,11.0,100.0,111.4,104.7,
https://www.basketball-reference.com/boxscores/201203070CHA.html,"7:00 PM, March 7, 2012",Charlotte Bobcats,Utah Jazz,93,99,CHA,,,Team Totals,240,32,68,.471,3,7,.429,26,37,.703,9,25,34,24,6,9,16,21,93,,,Team Totals,240,.552,.493,.103,.544,25.0,61.0,44.2,75.0,6.8,11.3,16.0,100.0,104.7,111.4,
https://www.basketball-reference.com/boxscores/201203070DEN.html,"9:00 PM, March 7, 2012",Denver Nuggets,Cleveland Cavaliers,99,100,CLE,,,Team Totals,240,37,82,.451,7,23,.304,19,23,.826,5,31,36,23,11,1,15,26,100,,,Team Totals,240,.543,.494,.280,.280,12.2,75.6,43.9,62.2,11.0,1.6,14.0,100.0,99.9,98.9,
https://www.basketball-reference.com/boxscores/201203070DEN.html,"9:00 PM, March 7, 2012",Denver Nuggets,Cleveland Cavaliers,99,100,DEN,,,Team Totals,240,35,81,.432,4,20,.200,25,32,.781,10,36,46,23,7,5,18,19,99,,,Team Totals,240,.521,.457,.247,.395,24.4,87.8,56.1,65.7,7.0,8.5,15.9,100.0,98.9,99.9,
https://www.basketball-reference.com/boxscores/201203070GSW.html,"10:30 PM, March 7, 2012",Golden State Warriors,Memphis Grizzlies,92,110,MEM,,,Team Totals,240,42,80,.525,7,19,.368,19,21,.905,9,38,47,33,11,5,13,19,110,,,Team Totals,240,.616,.569,.238,.263,24.3,77.6,54.7,78.6,11.9,8.2,12.7,100.0,119.5,99.9,
https://www.basketball-reference.com/boxscores/201203070GSW.html,"10:30 PM, March 7, 2012",Golden State Warriors,Memphis Grizzlies,92,110,GSW,,,Team Totals,240,35,79,.443,8,18,.444,14,23,.609,11,28,39,23,2,4,15,20,92,,,Team Totals,240,.516,.494,.228,.291,22.4,75.7,45.3,65.7,2.2,6.6,14.4,100.0,99.9,119.5,
https://www.basketball-reference.com/boxscores/201203070MIA.html,"7:30 PM, March 7, 2012",Miami Heat,Atlanta Hawks,89,86,ATL,,,Team Totals,240,35,76,.461,8,23,.348,8,9,.889,9,27,36,14,9,2,22,22,86,,,Team Totals,240,.538,.513,.303,.118,24.3,67.5,46.8,40.0,10.0,2.9,21.6,100.0,95.9,99.3,
https://www.basketball-reference.com/boxscores/201203070MIA.html,"7:30 PM, March 7, 2012",Miami Heat,Atlanta Hawks,89,86,MIA,,,Team Totals,240,35,80,.438,0,10,.000,19,25,.760,13,28,41,16,16,7,14,12,89,,,Team Totals,240,.489,.438,.125,.313,32.5,75.7,53.2,45.7,17.8,13.2,13.3,100.0,99.3,95.9,
https://www.basketball-reference.com/boxscores/201203070MIL.html,"8:00 PM, March 7, 2012",Milwaukee Bucks,Chicago Bulls,104,106,CHI,,,Team Totals,240,43,83,.518,5,16,.313,15,17,.882,16,27,43,26,6,7,17,15,106,,,Team Totals,240,.586,.548,.193,.205,45.7,62.8,55.1,60.5,6.9,9.6,15.8,100.0,121.5,119.2,
https://www.basketball-reference.com/boxscores/201203070MIL.html,"8:00 PM, March 7, 2012",Milwaukee Bucks,Chicago Bulls,104,106,MIL,,,Team Totals,240,42,88,.477,5,15,.333,15,19,.789,16,19,35,29,12,4,10,15,104,,,Team Totals,240,.540,.506,.170,.216,37.2,54.3,44.9,69.0,13.8,6.0,9.4,100.0,119.2,121.5,
https://www.basketball-reference.com/boxscores/201203070MIN.html,"8:00 PM, March 7, 2012",Minnesota Timberwolves,Portland Trail Blazers,106,94,POR,,,Team Totals,240,44,93,.473,3,23,.130,3,4,.750,12,25,37,27,7,4,9,23,94,,,Team Totals,240,.496,.489,.247,.043,27.3,62.5,44.0,61.4,8.0,7.3,8.7,100.0,107.9,121.7,
https://www.basketball-reference.com/boxscores/201203070MIN.html,"8:00 PM, March 7, 2012",Minnesota Timberwolves,Portland Trail Blazers,106,94,MIN,,,Team Totals,240,37,78,.474,13,23,.565,19,26,.731,15,32,47,23,5,1,13,12,106,,,Team Totals,240,.593,.558,.295,.333,37.5,72.7,56.0,62.2,5.7,1.4,12.7,100.0,121.7,107.9,
https://www.basketball-reference.com/boxscores/201203070NJN.html,"8:00 PM, March 7, 2012",New Jersey Nets,Los Angeles Clippers,101,100,LAC,,,Team Totals,240,35,76,.461,11,22,.500,19,27,.704,9,29,38,17,10,3,17,21,100,,,Team Totals,240,.569,.533,.289,.355,26.5,76.3,52.8,48.6,10.8,6.4,16.2,100.0,108.3,109.4,
https://www.basketball-reference.com/boxscores/201203070NJN.html,"8:00 PM, March 7, 2012",New Jersey Nets,Los Angeles Clippers,101,100,NJN,,,Team Totals,240,33,72,.458,10,25,.400,25,31,.806,9,25,34,24,10,3,18,23,101,,,Team Totals,240,.590,.528,.347,.431,23.7,73.5,47.2,72.7,10.8,5.6,17.4,100.0,109.4,108.3,
https://www.basketball-reference.com/boxscores/201203070OKC.html,"8:00 PM, March 7, 2012",Oklahoma City Thunder,Phoenix Suns,115,104,PHO,,,Team Totals,240,38,84,.452,3,19,.158,25,34,.735,16,32,48,28,4,7,18,23,104,,,Team Totals,240,.525,.470,.226,.405,35.6,68.1,52.2,73.7,4.0,10.8,15.4,100.0,104.3,115.3,
https://www.basketball-reference.com/boxscores/201203070OKC.html,"8:00 PM, March 7, 2012",Oklahoma City Thunder,Phoenix Suns,115,104,OKC,,,Team Totals,240,40,91,.440,8,26,.308,27,32,.844,15,29,44,18,11,10,15,24,115,,,Team Totals,240,.547,.484,.286,.352,31.9,64.4,47.8,45.0,11.0,15.4,12.5,100.0,115.3,104.3,
https://www.basketball-reference.com/boxscores/201203070PHI.html,"7:00 PM, March 7, 2012",Philadelphia 76ers,Boston Celtics,103,71,BOS,,,Team Totals,240,28,80,.350,0,8,.000,15,18,.833,8,27,35,16,6,8,12,14,71,,,Team Totals,240,.404,.350,.100,.225,17.4,62.8,39.3,57.1,6.8,11.1,12.0,100.0,81.0,117.6,
https://www.basketball-reference.com/boxscores/201203070PHI.html,"7:00 PM, March 7, 2012",Philadelphia 76ers,Boston Celtics,103,71,PHI,,,Team Totals,240,43,89,.483,6,17,.353,11,15,.733,16,38,54,24,8,4,9,13,103,,,Team Totals,240,.539,.517,.191,.169,37.2,82.6,60.7,55.8,9.1,5.6,8.6,100.0,117.6,81.0,
https://www.basketball-reference.com/boxscores/201203070SAC.html,"10:00 PM, March 7, 2012",Sacramento Kings,New Orleans Hornets,99,98,NOH,,,Team Totals,240,42,77,.545,3,9,.333,11,12,.917,11,30,41,23,8,2,23,20,98,,,Team Totals,240,.596,.565,.117,.156,34.4,78.9,58.6,54.8,8.8,3.8,21.8,100.0,107.4,108.5,
https://www.basketball-reference.com/boxscores/201203070SAC.html,"10:00 PM, March 7, 2012",Sacramento Kings,New Orleans Hornets,99,98,SAC,,,Team Totals,240,38,76,.500,8,23,.348,15,23,.652,8,21,29,20,13,2,14,17,99,,,Team Totals,240,.575,.553,.303,.303,21.1,65.6,41.4,52.6,14.2,2.9,14.0,100.0,108.5,107.4,
https://www.basketball-reference.com/boxscores/201203070SAS.html,"8:30 PM, March 7, 2012",San Antonio Spurs,New York Knicks,118,105,NYK,,,Team Totals,240,41,96,.427,10,28,.357,13,17,.765,12,25,37,22,12,2,10,22,105,,,Team Totals,240,.507,.479,.292,.177,24.5,71.4,44.0,53.7,12.1,3.0,8.8,100.0,105.8,118.9,
https://www.basketball-reference.com/boxscores/201203070SAS.html,"8:30 PM, March 7, 2012",San Antonio Spurs,New York Knicks,118,105,SAS,,,Team Totals,240,46,85,.541,7,19,.368,19,25,.760,10,37,47,21,8,2,17,13,118,,,Team Totals,240,.615,.582,.224,.294,28.6,75.5,56.0,45.7,8.1,2.9,15.0,100.0,118.9,105.8,
https://www.basketball-reference.com/boxscores/201203070TOR.html,"7:00 PM, March 7, 2012",Toronto Raptors,Houston Rockets,116,98,HOU,,,Team Totals,240,29,70,.414,3,11,.273,37,44,.841,12,22,34,15,4,3,17,20,98,,,Team Totals,240,.548,.436,.157,.629,28.6,78.6,48.6,51.7,4.3,4.7,16.0,100.0,105.1,124.4,
https://www.basketball-reference.com/boxscores/201203070TOR.html,"7:00 PM, March 7, 2012",Toronto Raptors,Houston Rockets,116,98,TOR,,,Team Totals,240,45,76,.592,6,12,.500,20,24,.833,6,30,36,31,8,5,16,32,116,,,Team Totals,240,.670,.632,.158,.316,21.4,71.4,51.4,68.9,8.6,8.5,15.6,100.0,124.4,105.1,
https://www.basketball-reference.com/boxscores/201203070WAS.html,"7:00 PM, March 7, 2012",Washington Wizards,Los Angeles Lakers,106,101,LAL,,,Team Totals,240,32,81,.395,8,21,.381,29,37,.784,9,33,42,21,9,6,13,16,101,,,Team Totals,240,.519,.444,.259,.457,20.9,66.0,45.2,65.6,9.3,9.1,11.8,100.0,104.9,110.1,
https://www.basketball-reference.com/boxscores/201203070WAS.html,"7:00 PM, March 7, 2012",Washington Wizards,Los Angeles Lakers,106,101,WAS,,,Team Totals,240,43,92,.467,7,26,.269,13,19,.684,17,34,51,24,7,7,13,24,106,,,Team Totals,240,.528,.505,.283,.207,34.0,79.1,54.8,55.8,7.3,11.7,11.5,100.0,110.1,104.9,
https://www.basketball-reference.com/boxscores/201203080CHI.html,"8:00 PM, March 8, 2012",Chicago Bulls,Orlando Magic,94,99,ORL,,,Team Totals,240,32,76,.421,11,26,.423,24,31,.774,17,32,49,17,3,4,15,17,99,,,Team Totals,240,.552,.493,.342,.408,40.5,68.1,55.1,53.1,3.5,6.3,14.3,100.0,116.2,110.4,
https://www.basketball-reference.com/boxscores/201203080CHI.html,"8:00 PM, March 8, 2012",Chicago Bulls,Orlando Magic,94,99,CHI,,,Team Totals,240,35,86,.407,5,22,.227,19,26,.731,15,25,40,25,10,4,7,23,94,,,Team Totals,240,.482,.436,.256,.302,31.9,59.5,44.9,71.4,11.7,8.0,6.7,100.0,110.4,116.2,
https://www.basketball-reference.com/boxscores/201203080PHO.html,"10:30 PM, March 8, 2012",Phoenix Suns,Dallas Mavericks,96,94,DAL,,,Team Totals,240,38,87,.437,8,22,.364,10,13,.769,8,30,38,19,5,4,10,16,94,,,Team Totals,240,.507,.483,.253,.149,19.0,78.9,47.5,50.0,5.5,6.5,9.7,100.0,104.3,106.5,
https://www.basketball-reference.com/boxscores/201203080PHO.html,"10:30 PM, March 8, 2012",Phoenix Suns,Dallas Mavericks,96,94,PHO,,,Team Totals,240,37,76,.487,3,14,.214,19,27,.704,8,34,42,23,5,6,10,14,96,,,Team Totals,240,.546,.507,.184,.355,21.1,81.0,52.5,62.2,5.5,9.2,10.2,100.0,106.5,104.3,
https://www.basketball-reference.com/boxscores/201203090BOS.html,"7:30 PM, March 9, 2012",Boston Celtics,Portland Trail Blazers,104,86,POR,,,Team Totals,240,31,72,.431,6,15,.400,18,23,.783,16,37,53,12,4,7,28,19,86,,,Team Totals,240,.524,.472,.208,.319,41.0,80.4,62.4,38.7,4.4,10.0,25.4,100.0,93.8,113.4,
https://www.basketball-reference.com/boxscores/201203090BOS.html,"7:30 PM, March 9, 2012",Boston Celtics,Portland Trail Blazers,104,86,BOS,,,Team Totals,240,42,88,.477,8,18,.444,12,17,.706,9,23,32,27,14,3,7,22,104,,,Team Totals,240,.545,.523,.205,.193,19.6,59.0,37.6,64.3,15.3,5.3,6.8,100.0,113.4,93.8,
https://www.basketball-reference.com/boxscores/201203090CHA.html,"7:00 PM, March 9, 2012",Charlotte Bobcats,New Jersey Nets,74,83,NJN,,,Team Totals,240,30,83,.361,4,22,.182,19,26,.731,18,38,56,17,4,8,14,15,83,,,Team Totals,240,.439,.386,.265,.313,37.5,74.5,56.6,56.7,4.5,10.7,12.9,100.0,94.2,84.0,
https://www.basketball-reference.com/boxscores/201203090CHA.html,"7:00 PM, March 9, 2012",Charlotte Bobcats,New Jersey Nets,74,83,CHA,,,Team Totals,240,30,86,.349,2,11,.182,12,21,.571,13,30,43,17,8,7,11,17,74,,,Team Totals,240,.388,.360,.128,.244,25.5,62.5,43.4,56.7,9.1,11.5,10.4,100.0,84.0,94.2,
https://www.basketball-reference.com/boxscores/201203090DEN.html,"9:00 PM, March 9, 2012",Denver Nuggets,New Orleans Hornets,110,97,NOH,,,Team Totals,240,33,72,.458,4,11,.364,27,32,.844,9,22,31,23,7,2,15,22,97,,,Team Totals,240,.563,.486,.153,.444,27.3,66.7,47.0,69.7,8.0,4.0,14.8,100.0,111.0,125.9,
https://www.basketball-reference.com/boxscores/201203090DEN.html,"9:00 PM, March 9, 2012",Denver Nuggets,New Orleans Hornets,110,97,DEN,,,Team Totals,240,41,73,.562,6,23,.261,22,32,.688,11,24,35,33,9,6,12,25,110,,,Team Totals,240,.632,.603,.315,.438,33.3,72.7,53.0,80.5,10.3,9.8,12.1,100.0,125.9,111.0,
https://www.basketball-reference.com/boxscores/201203090DET.html,"7:30 PM, March 9, 2012",Detroit Pistons,Atlanta Hawks,86,85,ATL,,,Team Totals,240,31,73,.425,8,19,.421,15,22,.682,9,15,24,19,15,5,10,17,85,,,Team Totals,240,.514,.479,.260,.301,23.7,65.2,39.3,61.3,18.3,8.3,10.8,100.0,103.7,104.9,
https://www.basketball-reference.com/boxscores/201203090DET.html,"7:30 PM, March 9, 2012",Detroit Pistons,Atlanta Hawks,86,85,DET,,,Team Totals,240,38,68,.559,1,8,.125,9,15,.600,8,29,37,23,3,4,20,22,86,,,Team Totals,240,.576,.566,.118,.221,34.8,76.3,60.7,60.5,3.7,7.4,21.1,100.0,104.9,103.7,
https://www.basketball-reference.com/boxscores/201203090MIL.html,"8:30 PM, March 9, 2012",Milwaukee Bucks,New York Knicks,119,114,NYK,,,Team Totals,240,46,83,.554,7,17,.412,15,21,.714,9,26,35,29,11,5,17,22,114,,,Team Totals,240,.618,.596,.205,.253,28.1,60.5,46.7,63.0,11.3,7.5,15.6,100.0,116.7,121.8,
https://www.basketball-reference.com/boxscores/201203090MIL.html,"8:30 PM, March 9, 2012",Milwaukee Bucks,New York Knicks,119,114,MIL,,,Team Totals,240,45,93,.484,13,26,.500,16,21,.762,17,23,40,30,8,5,17,16,119,,,Team Totals,240,.582,.554,.280,.226,39.5,71.9,53.3,66.7,8.2,7.6,14.3,100.0,121.8,116.7,
https://www.basketball-reference.com/boxscores/201203090MIN.html,"8:00 PM, March 9, 2012",Minnesota Timberwolves,Los Angeles Lakers,102,105,LAL,,,Team Totals,240,39,82,.476,6,18,.333,21,27,.778,17,28,45,22,5,8,17,16,105,,,Team Totals,240,.559,.512,.220,.329,41.5,73.7,57.0,56.4,5.5,13.1,15.3,100.0,114.9,111.6,
https://www.basketball-reference.com/boxscores/201203090MIN.html,"8:00 PM, March 9, 2012",Minnesota Timberwolves,Los Angeles Lakers,102,105,MIN,,,Team Totals,240,37,81,.457,8,20,.400,20,26,.769,10,24,34,19,9,5,13,20,102,,,Team Totals,240,.552,.506,.247,.321,26.3,58.5,43.0,51.4,9.9,7.8,12.3,100.0,111.6,114.9,
https://www.basketball-reference.com/boxscores/201203090OKC.html,"8:00 PM, March 9, 2012",Oklahoma City Thunder,Cleveland Cavaliers,90,96,CLE,,,Team Totals,240,38,91,.418,5,17,.294,15,24,.625,21,30,51,19,13,3,14,17,96,,,Team Totals,240,.473,.445,.187,.264,39.6,78.9,56.0,50.0,14.2,5.8,12.1,100.0,104.8,98.3,
https://www.basketball-reference.com/boxscores/201203090OKC.html,"8:00 PM, March 9, 2012",Oklahoma City Thunder,Cleveland Cavaliers,90,96,OKC,,,Team Totals,240,37,76,.487,6,24,.250,10,17,.588,8,32,40,20,5,13,17,22,90,,,Team Totals,240,.539,.526,.316,.224,21.1,60.4,44.0,54.1,5.5,17.6,16.9,100.0,98.3,104.8,
https://www.basketball-reference.com/boxscores/201203090PHI.html,"7:00 PM, March 9, 2012",Philadelphia 76ers,Utah Jazz,104,91,UTA,,,Team Totals,240,34,84,.405,3,11,.273,20,24,.833,14,28,42,15,8,7,11,20,91,,,Team Totals,240,.481,.423,.131,.286,28.0,73.7,47.7,44.1,8.8,9.9,10.4,100.0,100.0,114.3,
https://www.basketball-reference.com/boxscores/201203090PHI.html,"7:00 PM, March 9, 2012",Philadelphia 76ers,Utah Jazz,104,91,PHI,,,Team Totals,240,41,78,.526,3,7,.429,19,27,.704,10,36,46,26,8,5,14,15,104,,,Team Totals,240,.579,.545,.090,.346,26.3,72.0,52.3,63.4,8.8,6.8,13.5,100.0,114.3,100.0,
https://www.basketball-reference.com/boxscores/201203090SAC.html,"10:00 PM, March 9, 2012",Sacramento Kings,Dallas Mavericks,110,97,DAL,,,Team Totals,240,39,86,.453,6,22,.273,13,18,.722,17,27,44,21,7,6,17,17,97,,,Team Totals,240,.516,.488,.256,.209,41.5,73.0,56.4,53.8,7.7,10.3,15.3,100.0,106.9,121.3,
https://www.basketball-reference.com/boxscores/201203090SAC.html,"10:00 PM, March 9, 2012",Sacramento Kings,Dallas Mavericks,110,97,SAC,,,Team Totals,240,43,85,.506,11,27,.407,13,13,1.000,10,24,34,25,8,6,14,16,110,,,Team Totals,240,.606,.571,.318,.153,27.0,58.5,43.6,58.1,8.8,9.4,13.4,100.0,121.3,106.9,
https://www.basketball-reference.com/boxscores/201203090SAS.html,"8:30 PM, March 9, 2012",San Antonio Spurs,Los Angeles Clippers,108,120,LAC,,,Team Totals,240,43,84,.512,14,27,.519,20,24,.833,9,32,41,20,7,0,10,23,120,,,Team Totals,240,.635,.595,.321,.286,25.7,78.0,53.9,46.5,7.6,0.0,9.6,100.0,129.9,116.9,
https://www.basketball-reference.com/boxscores/201203090SAS.html,"8:30 PM, March 9, 2012",San Antonio Spurs,Los Angeles Clippers,108,120,SAS,,,Team Totals,240,38,78,.487,12,30,.400,20,32,.625,9,26,35,22,4,3,11,21,108,,,Team Totals,240,.586,.564,.385,.410,22.0,74.3,46.1,57.9,4.3,5.3,10.7,100.0,116.9,129.9,
https://www.basketball-reference.com/boxscores/201203100CHI.html,"8:00 PM, March 10, 2012",Chicago Bulls,Utah Jazz,111,97,UTA,,,Team Totals,240,40,85,.471,0,3,.000,17,22,.773,14,17,31,24,9,4,13,14,97,,,Team Totals,240,.512,.471,.035,.259,33.3,54.8,42.5,60.0,10.2,6.8,12.1,100.0,110.3,126.2,
https://www.basketball-reference.com/boxscores/201203100CHI.html,"8:00 PM, March 10, 2012",Chicago Bulls,Utah Jazz,111,97,CHI,,,Team Totals,240,43,77,.558,7,18,.389,18,24,.750,14,28,42,31,8,6,15,18,111,,,Team Totals,240,.634,.604,.234,.312,45.2,66.7,57.5,72.1,9.1,7.3,14.6,100.0,126.2,110.3,
https://www.basketball-reference.com/boxscores/201203100DET.html,"7:30 PM, March 10, 2012",Detroit Pistons,Toronto Raptors,105,86,TOR,,,Team Totals,240,29,73,.397,5,21,.238,23,25,.920,7,26,33,16,7,2,14,19,86,,,Team Totals,240,.512,.432,.288,.342,17.9,78.8,45.8,55.2,7.9,3.8,14.3,100.0,96.8,118.2,
https://www.basketball-reference.com/boxscores/201203100DET.html,"7:30 PM, March 10, 2012",Detroit Pistons,Toronto Raptors,105,86,DET,,,Team Totals,240,39,74,.527,7,21,.333,20,25,.800,7,32,39,22,10,4,13,23,105,,,Team Totals,240,.618,.574,.284,.338,21.2,82.1,54.2,56.4,11.3,7.7,13.3,100.0,118.2,96.8,
https://www.basketball-reference.com/boxscores/201203100GSW.html,"10:30 PM, March 10, 2012",Golden State Warriors,Dallas Mavericks,111,87,DAL,,,Team Totals,240,28,75,.373,10,23,.435,21,26,.808,8,31,39,20,7,3,21,18,87,,,Team Totals,240,.503,.440,.307,.347,16.3,91.2,47.0,71.4,7.2,6.1,19.5,100.0,89.2,113.9,
https://www.basketball-reference.com/boxscores/201203100GSW.html,"10:30 PM, March 10, 2012",Golden State Warriors,Dallas Mavericks,111,87,GSW,,,Team Totals,240,40,74,.541,10,25,.400,21,25,.840,3,41,44,23,17,2,16,20,111,,,Team Totals,240,.653,.608,.338,.338,8.8,83.7,53.0,57.5,17.4,3.8,15.8,100.0,113.9,89.2,
https://www.basketball-reference.com/boxscores/201203100MIA.html,"7:30 PM, March 10, 2012",Miami Heat,Indiana Pacers,93,91,IND,,,Team Totals,265,33,88,.375,7,17,.412,18,25,.720,17,23,40,17,9,4,13,28,91,,,Team Totals,265,.460,.415,.193,.284,32.7,59.0,44.0,51.5,9.9,6.5,11.6,100.0,100.2,102.4,
https://www.basketball-reference.com/boxscores/201203100MIA.html,"7:30 PM, March 10, 2012",Miami Heat,Indiana Pacers,93,91,MIA,,,Team Totals,265,35,75,.467,3,13,.231,20,31,.645,16,35,51,17,8,9,20,24,93,,,Team Totals,265,.525,.487,.173,.413,41.0,67.3,56.0,48.6,8.8,12.7,18.4,100.0,102.4,100.2,
https://www.basketball-reference.com/boxscores/201203100MIN.html,"8:00 PM, March 10, 2012",Minnesota Timberwolves,New Orleans Hornets,89,95,NOH,,,Team Totals,240,39,85,.459,3,7,.429,14,16,.875,8,28,36,28,7,3,12,22,95,,,Team Totals,240,.516,.476,.082,.188,20.5,63.6,43.4,71.8,7.7,5.3,11.5,100.0,104.4,97.8,
https://www.basketball-reference.com/boxscores/201203100MIN.html,"8:00 PM, March 10, 2012",Minnesota Timberwolves,New Orleans Hornets,89,95,MIN,,,Team Totals,240,33,80,.413,5,23,.217,18,25,.720,16,31,47,19,5,4,17,19,89,,,Team Totals,240,.489,.444,.288,.313,36.4,79.5,56.6,57.6,5.5,5.1,15.7,100.0,97.8,104.4,
https://www.basketball-reference.com/boxscores/201203100NJN.html,"8:00 PM, March 10, 2012",New Jersey Nets,Houston Rockets,106,112,HOU,,,Team Totals,240,46,82,.561,9,16,.563,11,14,.786,10,25,35,28,2,6,9,14,112,,,Team Totals,240,.635,.616,.195,.171,30.3,69.4,50.7,60.9,2.4,10.5,9.3,100.0,133.3,126.1,
https://www.basketball-reference.com/boxscores/201203100NJN.html,"8:00 PM, March 10, 2012",New Jersey Nets,Houston Rockets,106,112,NJN,,,Team Totals,240,43,81,.531,9,24,.375,11,14,.786,11,23,34,21,3,3,9,17,106,,,Team Totals,240,.608,.586,.296,.173,30.6,69.7,49.3,48.8,3.6,4.5,9.4,100.0,126.1,133.3,
https://www.basketball-reference.com/boxscores/201203100OKC.html,"8:00 PM, March 10, 2012",Oklahoma City Thunder,Charlotte Bobcats,122,95,CHA,,,Team Totals,240,36,88,.409,7,14,.500,16,19,.842,15,22,37,24,8,2,11,16,95,,,Team Totals,240,.493,.449,.159,.216,31.3,78.6,48.7,66.7,8.9,4.0,10.2,100.0,105.3,135.2,
https://www.basketball-reference.com/boxscores/201203100OKC.html,"8:00 PM, March 10, 2012",Oklahoma City Thunder,Charlotte Bobcats,122,95,OKC,,,Team Totals,240,46,73,.630,10,23,.435,20,26,.769,6,33,39,27,8,13,14,19,122,,,Team Totals,240,.722,.699,.315,.356,21.4,68.8,51.3,58.7,8.9,17.6,14.2,100.0,135.2,105.3,
https://www.basketball-reference.com/boxscores/201203100PHO.html,"9:00 PM, March 10, 2012",Phoenix Suns,Memphis Grizzlies,98,91,MEM,,,Team Totals,240,36,86,.419,5,14,.357,14,19,.737,9,27,36,27,10,3,8,16,91,,,Team Totals,240,.482,.448,.163,.221,20.0,62.8,40.9,75.0,11.1,4.0,7.8,100.0,100.6,108.3,
https://www.basketball-reference.com/boxscores/201203100PHO.html,"9:00 PM, March 10, 2012",Phoenix Suns,Memphis Grizzlies,98,91,PHO,,,Team Totals,240,41,86,.477,4,11,.364,12,15,.800,16,36,52,24,4,6,16,15,98,,,Team Totals,240,.529,.500,.128,.174,37.2,80.0,59.1,58.5,4.4,8.3,14.7,100.0,108.3,100.6,
https://www.basketball-reference.com/boxscores/201203100WAS.html,"7:00 PM, March 10, 2012",Washington Wizards,Portland Trail Blazers,99,110,POR,,,Team Totals,240,40,78,.513,4,17,.235,26,27,.963,9,32,41,19,4,5,7,20,110,,,Team Totals,240,.612,.538,.218,.346,25.0,72.7,51.3,47.5,4.6,7.6,7.2,100.0,126.4,113.7,
https://www.basketball-reference.com/boxscores/201203100WAS.html,"7:00 PM, March 10, 2012",Washington Wizards,Portland Trail Blazers,99,110,WAS,,,Team Totals,240,39,82,.476,5,16,.313,16,25,.640,12,27,39,17,3,1,9,22,99,,,Team Totals,240,.532,.506,.195,.305,27.3,75.0,48.8,43.6,3.4,1.6,8.8,100.0,113.7,126.4,
https://www.basketball-reference.com/boxscores/201203110CLE.html,"6:00 PM, March 11, 2012",Cleveland Cavaliers,Houston Rockets,118,107,HOU,,,Team Totals,240,44,86,.512,8,17,.471,11,17,.647,9,30,39,25,5,6,13,25,107,,,Team Totals,240,.572,.558,.198,.198,22.5,75.0,48.8,56.8,5.1,9.7,12.2,100.0,110.0,121.3,
https://www.basketball-reference.com/boxscores/201203110CLE.html,"6:00 PM, March 11, 2012",Cleveland Cavaliers,Houston Rockets,118,107,CLE,,,Team Totals,240,39,82,.476,11,20,.550,29,36,.806,10,31,41,25,6,4,14,21,118,,,Team Totals,240,.603,.543,.244,.439,25.0,77.5,51.3,64.1,6.2,5.8,12.5,100.0,121.3,110.0,
https://www.basketball-reference.com/boxscores/201203110DEN.html,"8:00 PM, March 11, 2012",Denver Nuggets,Memphis Grizzlies,91,94,MEM,,,Team Totals,240,37,73,.507,5,15,.333,15,23,.652,8,25,33,23,10,9,21,22,94,,,Team Totals,240,.565,.541,.205,.315,21.1,59.5,41.3,62.2,10.5,12.9,20.2,100.0,99.1,95.9,
https://www.basketball-reference.com/boxscores/201203110DEN.html,"8:00 PM, March 11, 2012",Denver Nuggets,Memphis Grizzlies,91,94,DEN,,,Team Totals,240,32,79,.405,4,9,.444,23,30,.767,17,30,47,22,13,4,24,19,91,,,Team Totals,240,.493,.430,.114,.380,40.5,78.9,58.8,68.8,13.7,6.9,20.7,100.0,95.9,99.1,
https://www.basketball-reference.com/boxscores/201203110LAC.html,"9:30 PM, March 11, 2012",Los Angeles Clippers,Golden State Warriors,93,97,GSW,,,Team Totals,240,36,70,.514,8,15,.533,17,21,.810,6,31,37,22,6,6,17,26,97,,,Team Totals,240,.612,.571,.214,.300,18.8,66.0,46.8,61.1,6.7,10.0,17.7,100.0,108.3,103.8,
https://www.basketball-reference.com/boxscores/201203110LAC.html,"9:30 PM, March 11, 2012",Los Angeles Clippers,Golden State Warriors,93,97,LAC,,,Team Totals,240,34,79,.430,6,19,.316,19,35,.543,16,26,42,21,11,7,14,20,93,,,Team Totals,240,.493,.468,.241,.443,34.0,81.3,53.2,61.8,12.3,12.7,12.9,100.0,103.8,108.3,
https://www.basketball-reference.com/boxscores/201203110LAL.html,"3:30 PM, March 11, 2012",Los Angeles Lakers,Boston Celtics,97,94,BOS,,,Team Totals,240,39,83,.470,6,17,.353,10,12,.833,9,25,34,33,11,8,12,21,94,,,Team Totals,240,.532,.506,.205,.145,20.9,75.8,44.7,84.6,12.2,14.5,12.0,100.0,104.3,107.6,
https://www.basketball-reference.com/boxscores/201203110LAL.html,"3:30 PM, March 11, 2012",Los Angeles Lakers,Boston Celtics,97,94,LAL,,,Team Totals,240,36,71,.507,8,16,.500,17,26,.654,8,34,42,25,8,3,18,16,97,,,Team Totals,240,.588,.563,.225,.366,24.2,79.1,55.3,69.4,8.9,4.5,17.9,100.0,107.6,104.3,
https://www.basketball-reference.com/boxscores/201203110NYK.html,"12:00 PM, March 11, 2012",New York Knicks,Philadelphia 76ers,94,106,PHI,,,Team Totals,240,40,79,.506,5,9,.556,21,26,.808,7,35,42,18,12,5,14,21,106,,,Team Totals,240,.586,.538,.114,.329,18.4,76.1,50.0,45.0,12.5,7.9,13.4,100.0,110.4,97.9,
https://www.basketball-reference.com/boxscores/201203110NYK.html,"12:00 PM, March 11, 2012",New York Knicks,Philadelphia 76ers,94,106,NYK,,,Team Totals,240,33,80,.413,7,17,.412,21,26,.808,11,31,42,16,8,4,18,19,94,,,Team Totals,240,.514,.456,.213,.325,23.9,81.6,50.0,48.5,8.3,5.7,16.4,100.0,97.9,110.4,
https://www.basketball-reference.com/boxscores/201203110ORL.html,"6:00 PM, March 11, 2012",Orlando Magic,Indiana Pacers,107,94,IND,,,Team Totals,240,39,82,.476,1,12,.083,15,18,.833,9,27,36,15,8,2,12,25,94,,,Team Totals,240,.523,.482,.146,.220,23.1,73.0,47.4,38.5,8.8,3.8,11.8,100.0,103.0,117.3,
https://www.basketball-reference.com/boxscores/201203110ORL.html,"6:00 PM, March 11, 2012",Orlando Magic,Indiana Pacers,107,94,ORL,,,Team Totals,240,37,79,.468,10,27,.370,23,30,.767,10,30,40,22,7,4,13,14,107,,,Team Totals,240,.580,.532,.342,.380,27.0,76.9,52.6,59.5,7.7,5.7,12.4,100.0,117.3,103.0,
https://www.basketball-reference.com/boxscores/201203110SAC.html,"9:00 PM, March 11, 2012",Sacramento Kings,Atlanta Hawks,99,106,ATL,,,Team Totals,240,42,82,.512,7,21,.333,15,23,.652,11,34,45,23,14,5,17,16,106,,,Team Totals,240,.575,.555,.256,.280,28.9,79.1,55.6,54.8,14.7,9.4,15.6,100.0,111.1,103.8,
https://www.basketball-reference.com/boxscores/201203110SAC.html,"9:00 PM, March 11, 2012",Sacramento Kings,Atlanta Hawks,99,106,SAC,,,Team Totals,240,38,82,.463,10,29,.345,13,17,.765,9,27,36,19,10,5,16,21,99,,,Team Totals,240,.553,.524,.354,.207,20.9,71.1,44.4,50.0,10.5,8.2,15.2,100.0,103.8,111.1,
https://www.basketball-reference.com/boxscores/201203110TOR.html,"6:00 PM, March 11, 2012",Toronto Raptors,Milwaukee Bucks,99,105,MIL,,,Team Totals,240,35,73,.479,6,18,.333,29,35,.829,8,28,36,26,6,4,13,18,105,,,Team Totals,240,.594,.521,.247,.479,21.1,68.3,45.6,74.3,6.6,5.5,12.8,100.0,115.1,108.5,
https://www.basketball-reference.com/boxscores/201203110TOR.html,"6:00 PM, March 11, 2012",Toronto Raptors,Milwaukee Bucks,99,105,TOR,,,Team Totals,240,40,86,.465,4,13,.308,15,19,.789,13,30,43,23,7,1,13,30,99,,,Team Totals,240,.525,.488,.151,.221,31.7,78.9,54.4,57.5,7.7,1.8,12.1,100.0,108.5,115.1,
https://www.basketball-reference.com/boxscores/201203120CHI.html,"8:00 PM, March 12, 2012",Chicago Bulls,New York Knicks,104,99,NYK,,,Team Totals,240,37,80,.463,3,11,.273,22,31,.710,9,29,38,21,7,13,13,21,99,,,Team Totals,240,.529,.481,.138,.388,20.9,56.9,40.4,56.8,7.4,16.5,12.2,100.0,105.0,110.3,
https://www.basketball-reference.com/boxscores/201203120CHI.html,"8:00 PM, March 12, 2012",Chicago Bulls,New York Knicks,104,99,CHI,,,Team Totals,240,40,93,.430,5,14,.357,19,28,.679,22,34,56,25,7,5,13,21,104,,,Team Totals,240,.494,.457,.151,.301,43.1,79.1,59.6,62.5,7.4,7.2,11.0,100.0,110.3,105.0,
https://www.basketball-reference.com/boxscores/201203120LAC.html,"10:30 PM, March 12, 2012",Los Angeles Clippers,Boston Celtics,85,94,BOS,,,Team Totals,240,33,67,.493,5,13,.385,23,27,.852,6,25,31,24,8,5,14,24,94,,,Team Totals,240,.596,.530,.194,.403,19.4,55.6,40.8,72.7,9.4,8.3,15.1,100.0,111.0,100.3,
https://www.basketball-reference.com/boxscores/201203120LAC.html,"10:30 PM, March 12, 2012",Los Angeles Clippers,Boston Celtics,85,94,LAC,,,Team Totals,240,31,83,.373,5,23,.217,18,21,.857,20,25,45,16,10,2,18,26,85,,,Team Totals,240,.461,.404,.277,.253,44.4,80.6,59.2,51.6,11.8,3.7,16.3,100.0,100.3,111.0,
https://www.basketball-reference.com/boxscores/201203120NJN.html,"7:30 PM, March 12, 2012",New Jersey Nets,Milwaukee Bucks,99,105,MIL,,,Team Totals,240,43,92,.467,10,25,.400,9,11,.818,9,30,39,32,8,2,12,19,105,,,Team Totals,240,.542,.522,.272,.120,20.9,85.7,50.0,74.4,8.2,3.4,11.0,100.0,107.7,101.5,
https://www.basketball-reference.com/boxscores/201203120NJN.html,"7:30 PM, March 12, 2012",New Jersey Nets,Milwaukee Bucks,99,105,NJN,,,Team Totals,240,37,76,.487,4,17,.235,21,29,.724,5,34,39,14,8,4,16,17,99,,,Team Totals,240,.558,.513,.224,.382,14.3,79.1,50.0,37.8,8.2,6.0,15.3,100.0,101.5,107.7,
https://www.basketball-reference.com/boxscores/201203120NOH.html,"8:00 PM, March 12, 2012",New Orleans Hornets,Charlotte Bobcats,71,73,CHA,,,Team Totals,240,34,79,.430,0,12,.000,5,7,.714,11,36,47,16,10,7,19,10,73,,,Team Totals,240,.445,.430,.152,.089,28.2,80.0,56.0,47.1,11.4,10.6,18.8,100.0,83.5,81.3,
https://www.basketball-reference.com/boxscores/201203120NOH.html,"8:00 PM, March 12, 2012",New Orleans Hornets,Charlotte Bobcats,71,73,NOH,,,Team Totals,240,30,78,.385,5,12,.417,6,7,.857,9,28,37,23,9,6,17,11,71,,,Team Totals,240,.438,.417,.154,.090,20.0,71.8,44.0,76.7,10.3,9.0,17.3,100.0,81.3,83.5,
https://www.basketball-reference.com/boxscores/201203120PHO.html,"10:00 PM, March 12, 2012",Phoenix Suns,Minnesota Timberwolves,124,127,MIN,,,Team Totals,240,50,89,.562,14,22,.636,13,21,.619,12,27,39,30,4,3,11,22,127,,,Team Totals,240,.646,.640,.247,.236,30.8,73.0,51.3,60.0,4.2,4.4,10.1,100.0,133.2,130.0,
https://www.basketball-reference.com/boxscores/201203120PHO.html,"10:00 PM, March 12, 2012",Phoenix Suns,Minnesota Timberwolves,124,127,PHO,,,Team Totals,240,46,89,.517,9,21,.429,23,29,.793,10,27,37,24,7,7,7,19,124,,,Team Totals,240,.609,.567,.236,.326,27.0,69.2,48.7,52.2,7.3,10.4,6.4,100.0,130.0,133.2,
https://www.basketball-reference.com/boxscores/201203120SAS.html,"8:30 PM, March 12, 2012",San Antonio Spurs,Washington Wizards,112,97,WAS,,,Team Totals,240,39,87,.448,8,17,.471,11,14,.786,12,29,41,21,6,5,10,15,97,,,Team Totals,240,.521,.494,.195,.161,26.1,70.7,47.1,53.8,6.6,7.7,9.7,100.0,107.0,123.6,
https://www.basketball-reference.com/boxscores/201203120SAS.html,"8:30 PM, March 12, 2012",San Antonio Spurs,Washington Wizards,112,97,SAS,,,Team Totals,240,47,87,.540,8,22,.364,10,19,.526,12,34,46,30,6,2,10,13,112,,,Team Totals,240,.587,.586,.253,.218,29.3,73.9,52.9,63.8,6.6,2.9,9.5,100.0,123.6,107.0,
https://www.basketball-reference.com/boxscores/201203120UTA.html,"9:00 PM, March 12, 2012",Utah Jazz,Detroit Pistons,105,90,DET,,,Team Totals,240,34,71,.479,3,12,.250,19,28,.679,5,24,29,18,7,5,14,19,90,,,Team Totals,240,.540,.500,.169,.394,13.9,77.4,43.3,52.9,7.7,8.2,14.4,100.0,98.8,115.3,
https://www.basketball-reference.com/boxscores/201203120UTA.html,"9:00 PM, March 12, 2012",Utah Jazz,Detroit Pistons,105,90,UTA,,,Team Totals,240,39,72,.542,7,11,.636,20,26,.769,7,31,38,24,10,2,17,23,105,,,Team Totals,240,.629,.590,.153,.361,22.6,86.1,56.7,61.5,11.0,3.4,16.9,100.0,115.3,98.8,
https://www.basketball-reference.com/boxscores/201203130CLE.html,"7:00 PM, March 13, 2012",Cleveland Cavaliers,Toronto Raptors,88,96,TOR,,,Team Totals,240,37,74,.500,8,19,.421,14,21,.667,14,31,45,25,3,9,14,29,96,,,Team Totals,240,.577,.554,.257,.284,35.0,79.5,57.0,67.6,3.5,14.8,14.4,100.0,113.3,103.9,
https://www.basketball-reference.com/boxscores/201203130CLE.html,"7:00 PM, March 13, 2012",Cleveland Cavaliers,Toronto Raptors,88,96,CLE,,,Team Totals,240,29,76,.382,3,15,.200,27,33,.818,8,26,34,20,7,3,8,22,88,,,Team Totals,240,.486,.401,.197,.434,20.5,65.0,43.0,69.0,8.3,5.5,8.1,100.0,103.9,113.3,
https://www.basketball-reference.com/boxscores/201203130DAL.html,"8:30 PM, March 13, 2012",Dallas Mavericks,Washington Wizards,107,98,WAS,,,Team Totals,240,35,80,.438,2,12,.167,26,38,.684,10,29,39,18,7,3,10,17,98,,,Team Totals,240,.507,.450,.150,.475,20.0,72.5,43.3,51.4,7.5,4.6,9.4,100.0,104.3,113.9,
https://www.basketball-reference.com/boxscores/201203130DAL.html,"8:30 PM, March 13, 2012",Dallas Mavericks,Washington Wizards,107,98,DAL,,,Team Totals,240,44,87,.506,6,22,.273,13,15,.867,11,40,51,22,8,3,12,31,107,,,Team Totals,240,.572,.540,.253,.172,27.5,80.0,56.7,50.0,8.5,4.4,11.4,100.0,113.9,104.3,
https://www.basketball-reference.com/boxscores/201203130DEN.html,"9:00 PM, March 13, 2012",Denver Nuggets,Atlanta Hawks,118,117,ATL,,,Team Totals,265,43,92,.467,14,29,.483,17,19,.895,11,28,39,30,7,2,13,19,117,,,Team Totals,265,.583,.543,.315,.207,24.4,75.7,47.6,69.8,7.0,3.0,11.5,100.0,116.9,117.9,
https://www.basketball-reference.com/boxscores/201203130DEN.html,"9:00 PM, March 13, 2012",Denver Nuggets,Atlanta Hawks,118,117,DEN,,,Team Totals,265,45,87,.517,7,20,.350,21,26,.808,9,34,43,30,6,4,14,20,118,,,Team Totals,265,.599,.557,.230,.299,24.3,75.6,52.4,66.7,6.0,6.3,12.5,100.0,117.9,116.9,
https://www.basketball-reference.com/boxscores/201203130IND.html,"7:00 PM, March 13, 2012",Indiana Pacers,Portland Trail Blazers,92,75,POR,,,Team Totals,240,20,64,.313,5,22,.227,30,38,.789,6,32,38,5,5,4,15,14,75,,,Team Totals,240,.465,.352,.344,.594,12.8,78.0,43.2,25.0,5.6,5.6,15.7,100.0,84.1,103.2,
https://www.basketball-reference.com/boxscores/201203130IND.html,"7:00 PM, March 13, 2012",Indiana Pacers,Portland Trail Blazers,92,75,IND,,,Team Totals,240,40,82,.488,4,11,.364,8,15,.533,9,41,50,24,11,1,12,25,92,,,Team Totals,240,.519,.512,.134,.183,22.0,87.2,56.8,60.0,12.3,2.4,11.9,100.0,103.2,84.1,
https://www.basketball-reference.com/boxscores/201203130MEM.html,"8:00 PM, March 13, 2012",Memphis Grizzlies,Los Angeles Lakers,111,116,LAL,,,Team Totals,290,41,83,.494,6,20,.300,28,34,.824,6,45,51,24,4,5,18,12,116,,,Team Totals,290,.592,.530,.241,.410,15.4,76.3,52.0,58.5,3.7,5.2,15.5,100.0,106.7,102.1,
https://www.basketball-reference.com/boxscores/201203130MEM.html,"8:00 PM, March 13, 2012",Memphis Grizzlies,Los Angeles Lakers,111,116,MEM,,,Team Totals,290,52,116,.448,2,19,.105,5,5,1.000,14,33,47,26,15,2,8,27,111,,,Team Totals,290,.470,.457,.164,.043,23.7,84.6,48.0,50.0,13.8,3.2,6.3,100.0,102.1,106.7,
https://www.basketball-reference.com/boxscores/201203130OKC.html,"8:00 PM, March 13, 2012",Oklahoma City Thunder,Houston Rockets,103,104,HOU,,,Team Totals,240,41,89,.461,10,24,.417,12,14,.857,11,26,37,25,7,6,11,17,104,,,Team Totals,240,.546,.517,.270,.157,25.6,63.4,44.0,61.0,7.6,9.8,10.4,100.0,113.3,112.2,
https://www.basketball-reference.com/boxscores/201203130OKC.html,"8:00 PM, March 13, 2012",Oklahoma City Thunder,Houston Rockets,103,104,OKC,,,Team Totals,240,39,84,.464,8,23,.348,17,22,.773,15,32,47,22,4,4,16,16,103,,,Team Totals,240,.550,.512,.274,.262,36.6,74.4,56.0,56.4,4.4,6.2,14.6,100.0,112.2,113.3,
https://www.basketball-reference.com/boxscores/201203130ORL.html,"7:00 PM, March 13, 2012",Orlando Magic,Miami Heat,104,98,MIA,,,Team Totals,265,40,91,.440,8,23,.348,10,11,.909,8,28,36,21,15,6,16,30,98,,,Team Totals,265,.511,.484,.253,.121,18.6,71.8,43.9,52.5,14.9,13.3,14.3,100.0,97.1,103.0,
https://www.basketball-reference.com/boxscores/201203130ORL.html,"7:00 PM, March 13, 2012",Orlando Magic,Miami Heat,104,98,ORL,,,Team Totals,265,36,73,.493,11,28,.393,21,37,.568,11,35,46,19,14,2,24,15,104,,,Team Totals,265,.582,.568,.384,.507,28.2,81.4,56.1,52.8,13.9,2.9,21.2,100.0,103.0,97.1,
https://www.basketball-reference.com/boxscores/201203130SAC.html,"10:00 PM, March 13, 2012",Sacramento Kings,Golden State Warriors,89,115,GSW,,,Team Totals,240,46,91,.505,12,24,.500,11,15,.733,9,36,45,20,9,6,7,21,115,,,Team Totals,240,.589,.571,.264,.165,20.9,78.3,50.6,43.5,9.6,9.5,6.7,100.0,123.0,95.2,
https://www.basketball-reference.com/boxscores/201203130SAC.html,"10:00 PM, March 13, 2012",Sacramento Kings,Golden State Warriors,89,115,SAC,,,Team Totals,240,33,82,.402,7,19,.368,16,21,.762,10,34,44,11,4,3,14,15,89,,,Team Totals,240,.488,.445,.232,.256,21.7,79.1,49.4,33.3,4.3,4.5,13.3,100.0,95.2,123.0,
https://www.basketball-reference.com/boxscores/201203140CHI.html,"9:30 PM, March 14, 2012",Chicago Bulls,Miami Heat,106,102,MIA,,,Team Totals,240,38,85,.447,6,12,.500,20,23,.870,11,23,34,17,8,5,10,23,102,,,Team Totals,240,.536,.482,.141,.271,23.4,62.2,40.5,44.7,8.9,8.6,9.5,100.0,113.8,118.3,
https://www.basketball-reference.com/boxscores/201203140CHI.html,"9:30 PM, March 14, 2012",Chicago Bulls,Miami Heat,106,102,CHI,,,Team Totals,240,36,77,.468,10,19,.526,24,26,.923,14,36,50,20,3,8,16,21,106,,,Team Totals,240,.599,.532,.247,.338,37.8,76.6,59.5,55.6,3.3,11.0,15.3,100.0,118.3,113.8,
https://www.basketball-reference.com/boxscores/201203140GSW.html,"10:30 PM, March 14, 2012",Golden State Warriors,Boston Celtics,103,105,BOS,,,Team Totals,240,40,78,.513,6,13,.462,19,21,.905,10,27,37,32,11,3,18,13,105,,,Team Totals,240,.602,.551,.167,.269,28.6,77.1,52.9,80.0,11.8,5.3,17.1,100.0,112.7,110.6,
https://www.basketball-reference.com/boxscores/201203140GSW.html,"10:30 PM, March 14, 2012",Golden State Warriors,Boston Celtics,103,105,GSW,,,Team Totals,240,41,78,.526,5,21,.238,16,19,.842,8,25,33,25,11,3,17,18,103,,,Team Totals,240,.596,.558,.269,.244,22.9,71.4,47.1,61.0,11.8,4.6,16.4,100.0,110.6,112.7,
https://www.basketball-reference.com/boxscores/201203140HOU.html,"8:00 PM, March 14, 2012",Houston Rockets,Charlotte Bobcats,107,87,CHA,,,Team Totals,240,33,81,.407,4,12,.333,17,19,.895,4,26,30,25,12,7,14,16,87,,,Team Totals,240,.487,.432,.148,.235,10.0,72.2,39.5,75.8,12.3,9.3,13.5,100.0,89.4,109.9,
https://www.basketball-reference.com/boxscores/201203140HOU.html,"8:00 PM, March 14, 2012",Houston Rockets,Charlotte Bobcats,107,87,HOU,,,Team Totals,240,45,84,.536,6,9,.667,11,17,.647,10,36,46,27,9,5,18,16,107,,,Team Totals,240,.585,.571,.107,.202,27.8,90.0,60.5,60.0,9.2,7.2,16.4,100.0,109.9,89.4,
https://www.basketball-reference.com/boxscores/201203140IND.html,"7:00 PM, March 14, 2012",Indiana Pacers,Philadelphia 76ers,111,94,PHI,,,Team Totals,240,40,76,.526,6,13,.462,8,10,.800,5,21,26,25,6,6,9,21,94,,,Team Totals,240,.585,.566,.171,.132,15.2,70.0,41.3,62.5,7.3,10.2,10.1,100.0,113.7,134.2,
https://www.basketball-reference.com/boxscores/201203140IND.html,"7:00 PM, March 14, 2012",Indiana Pacers,Philadelphia 76ers,111,94,IND,,,Team Totals,240,43,76,.566,7,17,.412,18,22,.818,9,28,37,23,4,6,8,8,111,,,Team Totals,240,.648,.612,.224,.289,30.0,84.8,58.7,53.5,4.8,9.5,8.5,100.0,134.2,113.7,
https://www.basketball-reference.com/boxscores/201203140LAC.html,"10:30 PM, March 14, 2012",Los Angeles Clippers,Atlanta Hawks,96,82,ATL,,,Team Totals,240,29,68,.426,8,25,.320,16,20,.800,7,27,34,21,5,2,16,15,82,,,Team Totals,240,.534,.485,.368,.294,19.4,79.4,48.6,72.4,6.0,4.0,17.2,100.0,99.0,115.9,
https://www.basketball-reference.com/boxscores/201203140LAC.html,"10:30 PM, March 14, 2012",Los Angeles Clippers,Atlanta Hawks,96,82,LAC,,,Team Totals,240,38,70,.543,10,20,.500,10,17,.588,7,29,36,20,11,5,12,19,96,,,Team Totals,240,.620,.614,.286,.243,20.6,80.6,51.4,52.6,13.3,11.6,13.4,100.0,115.9,99.0,
https://www.basketball-reference.com/boxscores/201203140MIL.html,"8:00 PM, March 14, 2012",Milwaukee Bucks,Cleveland Cavaliers,115,105,CLE,,,Team Totals,240,38,85,.447,11,24,.458,18,25,.720,11,23,34,21,12,3,14,19,105,,,Team Totals,240,.547,.512,.282,.294,25.0,59.0,41.0,55.3,12.6,4.8,12.7,100.0,110.4,120.9,
https://www.basketball-reference.com/boxscores/201203140MIL.html,"8:00 PM, March 14, 2012",Milwaukee Bucks,Cleveland Cavaliers,115,105,MIL,,,Team Totals,240,46,86,.535,7,23,.304,16,21,.762,16,33,49,38,10,6,17,20,115,,,Team Totals,240,.604,.576,.267,.244,41.0,75.0,59.0,82.6,10.5,9.8,15.1,100.0,120.9,110.4,
https://www.basketball-reference.com/boxscores/201203140NJN.html,"7:30 PM, March 14, 2012",New Jersey Nets,Toronto Raptors,98,84,TOR,,,Team Totals,240,31,81,.383,1,10,.100,21,25,.840,12,25,37,22,7,5,12,14,84,,,Team Totals,240,.457,.389,.123,.309,25.0,67.6,43.5,71.0,7.9,8.1,11.5,100.0,94.3,110.0,
https://www.basketball-reference.com/boxscores/201203140NJN.html,"7:30 PM, March 14, 2012",New Jersey Nets,Toronto Raptors,98,84,NJN,,,Team Totals,240,38,79,.481,7,17,.412,15,17,.882,12,36,48,20,9,6,17,20,98,,,Team Totals,240,.567,.525,.215,.215,32.4,75.0,56.5,52.6,10.1,8.5,16.4,100.0,110.0,94.3,
https://www.basketball-reference.com/boxscores/201203140NOH.html,"8:00 PM, March 14, 2012",New Orleans Hornets,Los Angeles Lakers,101,107,LAL,,,Team Totals,265,37,82,.451,5,19,.263,28,35,.800,11,33,44,24,12,3,19,16,107,,,Team Totals,265,.549,.482,.232,.427,27.5,86.8,56.4,64.9,11.9,4.0,16.3,100.0,106.4,100.4,
https://www.basketball-reference.com/boxscores/201203140NOH.html,"8:00 PM, March 14, 2012",New Orleans Hornets,Los Angeles Lakers,101,107,NOH,,,Team Totals,265,44,85,.518,3,10,.300,10,13,.769,5,29,34,25,8,7,15,30,101,,,Team Totals,265,.557,.535,.118,.153,13.2,72.5,43.6,56.8,8.0,11.1,14.2,100.0,100.4,106.4,
https://www.basketball-reference.com/boxscores/201203140NYK.html,"7:30 PM, March 14, 2012",New York Knicks,Portland Trail Blazers,121,79,POR,,,Team Totals,240,28,75,.373,5,17,.294,18,23,.783,16,22,38,11,14,4,27,20,79,,,Team Totals,240,.464,.407,.227,.307,34.0,66.7,47.5,39.3,14.6,9.5,24.1,100.0,82.6,126.5,
https://www.basketball-reference.com/boxscores/201203140NYK.html,"7:30 PM, March 14, 2012",New York Knicks,Portland Trail Blazers,121,79,NYK,,,Team Totals,240,43,80,.538,19,38,.500,16,26,.615,11,31,42,35,12,0,20,19,121,,,Team Totals,240,.662,.656,.475,.325,33.3,66.0,52.5,81.4,12.5,0.0,17.9,100.0,126.5,82.6,
https://www.basketball-reference.com/boxscores/201203140PHO.html,"10:30 PM, March 14, 2012",Phoenix Suns,Utah Jazz,120,111,UTA,,,Team Totals,240,47,90,.522,5,13,.385,12,17,.706,10,32,42,22,8,3,12,23,111,,,Team Totals,240,.569,.550,.144,.189,24.4,91.4,55.3,46.8,8.1,5.1,11.0,100.0,112.0,121.1,
https://www.basketball-reference.com/boxscores/201203140PHO.html,"10:30 PM, March 14, 2012",Phoenix Suns,Utah Jazz,120,111,PHO,,,Team Totals,240,44,78,.564,9,19,.474,23,32,.719,3,31,34,29,8,6,13,14,120,,,Team Totals,240,.652,.622,.244,.410,8.6,75.6,44.7,65.9,8.1,7.8,12.4,100.0,121.1,112.0,
https://www.basketball-reference.com/boxscores/201203140SAC.html,"10:00 PM, March 14, 2012",Sacramento Kings,Detroit Pistons,112,124,DET,,,Team Totals,240,50,86,.581,8,13,.615,16,20,.800,10,27,37,29,6,2,10,20,124,,,Team Totals,240,.654,.628,.151,.233,29.4,67.5,50.0,58.0,6.4,2.9,9.5,100.0,132.2,119.4,
https://www.basketball-reference.com/boxscores/201203140SAC.html,"10:00 PM, March 14, 2012",Sacramento Kings,Detroit Pistons,112,124,SAC,,,Team Totals,240,45,87,.517,5,19,.263,17,24,.708,13,24,37,25,8,4,13,21,112,,,Team Totals,240,.574,.546,.218,.276,32.5,70.6,50.0,55.6,8.5,5.5,11.8,100.0,119.4,132.2,
https://www.basketball-reference.com/boxscores/201203140SAS.html,"8:30 PM, March 14, 2012",San Antonio Spurs,Orlando Magic,122,111,ORL,,,Team Totals,240,45,86,.523,11,27,.407,10,16,.625,8,30,38,20,3,7,8,20,111,,,Team Totals,240,.597,.587,.314,.186,19.0,73.2,45.8,44.4,3.3,12.3,7.9,100.0,123.1,135.3,
https://www.basketball-reference.com/boxscores/201203140SAS.html,"8:30 PM, March 14, 2012",San Antonio Spurs,Orlando Magic,122,111,SAS,,,Team Totals,240,43,83,.518,13,26,.500,23,27,.852,11,34,45,27,2,3,6,14,122,,,Team Totals,240,.643,.596,.313,.325,26.8,81.0,54.2,62.8,2.2,5.1,5.9,100.0,135.3,123.1,
https://www.basketball-reference.com/boxscores/201203150DAL.html,"8:30 PM, March 15, 2012",Dallas Mavericks,Charlotte Bobcats,101,96,CHA,,,Team Totals,240,35,84,.417,8,21,.381,18,20,.900,9,32,41,21,8,2,12,22,96,,,Team Totals,240,.517,.464,.250,.238,21.4,71.1,47.1,60.0,8.7,3.4,11.5,100.0,104.9,110.4,
https://www.basketball-reference.com/boxscores/201203150DAL.html,"8:30 PM, March 15, 2012",Dallas Mavericks,Charlotte Bobcats,101,96,DAL,,,Team Totals,240,38,84,.452,9,25,.360,16,21,.762,13,33,46,20,6,8,12,17,101,,,Team Totals,240,.542,.506,.298,.250,28.9,78.6,52.9,52.6,6.6,12.7,11.4,100.0,110.4,104.9,
https://www.basketball-reference.com/boxscores/201203150DEN.html,"9:00 PM, March 15, 2012",Denver Nuggets,Oklahoma City Thunder,90,103,OKC,,,Team Totals,240,36,79,.456,12,25,.480,19,24,.792,8,31,39,22,7,9,13,23,103,,,Team Totals,240,.575,.532,.316,.304,19.5,75.6,47.6,61.1,7.6,16.1,12.7,100.0,111.3,97.2,
https://www.basketball-reference.com/boxscores/201203150DEN.html,"9:00 PM, March 15, 2012",Denver Nuggets,Oklahoma City Thunder,90,103,DEN,,,Team Totals,240,34,78,.436,5,22,.227,17,25,.680,10,33,43,21,6,2,16,19,90,,,Team Totals,240,.506,.468,.282,.321,24.4,80.5,52.4,61.8,6.5,3.7,15.2,100.0,97.2,111.3,
https://www.basketball-reference.com/boxscores/201203150LAC.html,"10:30 PM, March 15, 2012",Los Angeles Clippers,Phoenix Suns,87,91,PHO,,,Team Totals,240,32,78,.410,9,24,.375,18,23,.783,10,27,37,19,7,6,10,12,91,,,Team Totals,240,.516,.468,.308,.295,26.3,64.3,46.3,59.4,8.4,8.7,10.2,100.0,109.3,104.5,
https://www.basketball-reference.com/boxscores/201203150LAC.html,"10:30 PM, March 15, 2012",Los Angeles Clippers,Phoenix Suns,87,91,LAC,,,Team Totals,240,39,85,.459,4,16,.250,5,12,.417,15,28,43,25,5,5,10,19,87,,,Team Totals,240,.482,.482,.188,.141,35.7,73.7,53.8,64.1,6.0,9.3,10.0,100.0,104.5,109.3,
https://www.basketball-reference.com/boxscores/201203150NOH.html,"8:00 PM, March 15, 2012",New Orleans Hornets,Washington Wizards,89,99,WAS,,,Team Totals,240,39,75,.520,6,18,.333,15,17,.882,7,31,38,20,7,8,15,18,99,,,Team Totals,240,.600,.560,.240,.227,23.3,79.5,55.1,51.3,8.0,13.1,15.4,100.0,113.5,102.1,
https://www.basketball-reference.com/boxscores/201203150NOH.html,"8:00 PM, March 15, 2012",New Orleans Hornets,Washington Wizards,89,99,NOH,,,Team Totals,240,34,75,.453,4,14,.286,17,19,.895,8,23,31,22,8,3,13,14,89,,,Team Totals,240,.534,.480,.187,.253,20.5,76.7,44.9,64.7,9.2,5.3,13.5,100.0,102.1,113.5,
https://www.basketball-reference.com/boxscores/201203150UTA.html,"9:00 PM, March 15, 2012",Utah Jazz,Minnesota Timberwolves,111,105,MIN,,,Team Totals,265,36,83,.434,9,27,.333,24,33,.727,9,38,47,22,8,5,18,22,105,,,Team Totals,265,.538,.488,.325,.398,19.1,69.1,46.1,61.1,7.6,5.6,15.6,100.0,100.2,106.0,
https://www.basketball-reference.com/boxscores/201203150UTA.html,"9:00 PM, March 15, 2012",Utah Jazz,Minnesota Timberwolves,111,105,UTA,,,Team Totals,265,43,103,.417,5,13,.385,20,27,.741,17,38,55,22,13,6,11,23,111,,,Team Totals,265,.483,.442,.126,.262,30.9,80.9,53.9,51.2,12.4,10.7,8.7,100.0,106.0,100.2,
https://www.basketball-reference.com/boxscores/201203160ATL.html,"7:30 PM, March 16, 2012",Atlanta Hawks,Washington Wizards,102,88,WAS,,,Team Totals,240,38,78,.487,5,11,.455,7,9,.778,9,30,39,19,5,6,22,16,88,,,Team Totals,240,.537,.519,.141,.115,26.5,76.9,53.4,50.0,5.5,10.7,21.2,100.0,97.3,112.8,
https://www.basketball-reference.com/boxscores/201203160ATL.html,"7:30 PM, March 16, 2012",Atlanta Hawks,Washington Wizards,102,88,ATL,,,Team Totals,240,40,83,.482,12,27,.444,10,13,.769,9,25,34,30,13,4,11,12,102,,,Team Totals,240,.575,.554,.325,.157,23.1,73.5,46.6,75.0,14.4,6.0,11.0,100.0,112.8,97.3,
https://www.basketball-reference.com/boxscores/201203160CHI.html,"8:00 PM, March 16, 2012",Chicago Bulls,Portland Trail Blazers,89,100,POR,,,Team Totals,240,39,79,.494,11,21,.524,11,12,.917,9,26,35,17,3,3,10,15,100,,,Team Totals,240,.593,.563,.266,.152,25.0,59.1,43.8,43.6,3.7,5.2,10.6,100.0,125.0,111.2,
https://www.basketball-reference.com/boxscores/201203160CHI.html,"8:00 PM, March 16, 2012",Chicago Bulls,Portland Trail Blazers,89,100,CHI,,,Team Totals,240,36,85,.424,8,27,.296,9,11,.818,18,27,45,21,3,4,9,15,89,,,Team Totals,240,.495,.471,.318,.129,40.9,75.0,56.3,58.3,3.7,6.9,9.1,100.0,111.2,125.0,
https://www.basketball-reference.com/boxscores/201203160GSW.html,"10:30 PM, March 16, 2012",Golden State Warriors,Milwaukee Bucks,98,120,MIL,,,Team Totals,240,45,93,.484,10,22,.455,20,22,.909,16,38,54,33,12,4,8,19,120,,,Team Totals,240,.584,.538,.237,.237,36.4,84.4,60.7,73.3,13.1,7.0,7.2,100.0,131.3,107.2,
https://www.basketball-reference.com/boxscores/201203160GSW.html,"10:30 PM, March 16, 2012",Golden State Warriors,Milwaukee Bucks,98,120,GSW,,,Team Totals,240,35,79,.443,10,22,.455,18,20,.900,7,28,35,23,6,3,12,17,98,,,Team Totals,240,.558,.506,.278,.253,15.6,63.6,39.3,65.7,6.6,4.2,12.0,100.0,107.2,131.3,
https://www.basketball-reference.com/boxscores/201203160LAL.html,"10:30 PM, March 16, 2012",Los Angeles Lakers,Minnesota Timberwolves,97,92,MIN,,,Team Totals,240,37,92,.402,4,22,.182,14,20,.700,18,37,55,21,7,2,12,21,92,,,Team Totals,240,.456,.424,.239,.217,33.3,77.1,53.9,56.8,7.6,3.4,10.6,100.0,99.6,105.1,
https://www.basketball-reference.com/boxscores/201203160LAL.html,"10:30 PM, March 16, 2012",Los Angeles Lakers,Minnesota Timberwolves,97,92,LAL,,,Team Totals,240,33,80,.413,10,22,.455,21,27,.778,11,36,47,21,7,12,13,17,97,,,Team Totals,240,.528,.475,.275,.338,22.9,66.7,46.1,63.6,7.6,17.1,12.4,100.0,105.1,99.6,
https://www.basketball-reference.com/boxscores/201203160MEM.html,"8:00 PM, March 16, 2012",Memphis Grizzlies,Toronto Raptors,110,114,TOR,,,Team Totals,265,39,81,.481,7,15,.467,29,38,.763,9,30,39,19,9,6,22,35,114,,,Team Totals,265,.583,.525,.185,.469,23.1,66.7,46.4,48.7,8.5,9.1,18.4,100.0,107.5,103.7,
https://www.basketball-reference.com/boxscores/201203160MEM.html,"8:00 PM, March 16, 2012",Memphis Grizzlies,Toronto Raptors,110,114,MEM,,,Team Totals,265,37,82,.451,5,16,.313,31,51,.608,15,30,45,19,12,9,18,29,110,,,Team Totals,265,.527,.482,.195,.622,33.3,76.9,53.6,51.4,11.3,13.6,14.7,100.0,103.7,107.5,
https://www.basketball-reference.com/boxscores/201203160NYK.html,"7:30 PM, March 16, 2012",New York Knicks,Indiana Pacers,115,100,IND,,,Team Totals,240,32,81,.395,8,19,.421,28,34,.824,9,30,39,17,4,2,18,24,100,,,Team Totals,240,.521,.444,.235,.420,20.9,75.0,47.0,53.1,4.1,3.6,15.8,100.0,102.5,117.9,
https://www.basketball-reference.com/boxscores/201203160NYK.html,"7:30 PM, March 16, 2012",New York Knicks,Indiana Pacers,115,100,NYK,,,Team Totals,240,41,81,.506,11,25,.440,22,28,.786,10,34,44,22,12,7,12,24,115,,,Team Totals,240,.616,.574,.309,.346,25.0,79.1,53.0,53.7,12.3,11.3,11.4,100.0,117.9,102.5,
https://www.basketball-reference.com/boxscores/201203160OKC.html,"9:30 PM, March 16, 2012",Oklahoma City Thunder,San Antonio Spurs,105,114,SAS,,,Team Totals,240,45,87,.517,9,19,.474,15,25,.600,15,34,49,16,12,8,19,18,114,,,Team Totals,240,.582,.569,.218,.287,36.6,75.6,57.0,35.6,12.1,12.7,16.2,100.0,114.7,105.7,
https://www.basketball-reference.com/boxscores/201203160OKC.html,"9:30 PM, March 16, 2012",Oklahoma City Thunder,San Antonio Spurs,105,114,OKC,,,Team Totals,240,39,88,.443,9,25,.360,18,20,.900,11,26,37,17,7,10,16,23,105,,,Team Totals,240,.542,.494,.284,.227,24.4,63.4,43.0,43.6,7.0,14.7,14.2,100.0,105.7,114.7,
https://www.basketball-reference.com/boxscores/201203160ORL.html,"7:00 PM, March 16, 2012",Orlando Magic,New Jersey Nets,86,70,NJN,,,Team Totals,240,28,83,.337,6,20,.300,8,10,.800,12,27,39,16,13,0,14,14,70,,,Team Totals,240,.400,.373,.241,.120,24.5,87.1,48.8,57.1,14.9,0.0,13.8,100.0,80.2,98.5,
https://www.basketball-reference.com/boxscores/201203160ORL.html,"7:00 PM, March 16, 2012",Orlando Magic,New Jersey Nets,86,70,ORL,,,Team Totals,240,34,67,.507,8,29,.276,10,14,.714,4,37,41,24,8,6,20,12,86,,,Team Totals,240,.588,.567,.433,.209,12.9,75.5,51.3,70.6,9.2,9.5,21.5,100.0,98.5,80.2,
https://www.basketball-reference.com/boxscores/201203160PHI.html,"7:00 PM, March 16, 2012",Philadelphia 76ers,Miami Heat,78,84,MIA,,,Team Totals,240,35,74,.473,4,12,.333,10,19,.526,6,36,42,25,10,7,16,11,84,,,Team Totals,240,.510,.500,.162,.257,14.0,67.9,43.8,71.4,10.9,9.3,16.3,100.0,91.4,84.9,
https://www.basketball-reference.com/boxscores/201203160PHI.html,"7:00 PM, March 16, 2012",Philadelphia 76ers,Miami Heat,78,84,PHI,,,Team Totals,240,33,93,.355,5,18,.278,7,14,.500,17,37,54,20,12,8,14,17,78,,,Team Totals,240,.393,.382,.194,.151,32.1,86.0,56.3,60.6,13.1,12.9,12.4,100.0,84.9,91.4,
https://www.basketball-reference.com/boxscores/201203160PHO.html,"10:00 PM, March 16, 2012",Phoenix Suns,Detroit Pistons,109,101,DET,,,Team Totals,240,40,78,.513,8,15,.533,13,18,.722,8,24,32,23,6,3,16,16,101,,,Team Totals,240,.588,.564,.192,.231,23.5,63.2,44.4,57.5,6.7,4.8,15.7,100.0,112.3,121.2,
https://www.basketball-reference.com/boxscores/201203160PHO.html,"10:00 PM, March 16, 2012",Phoenix Suns,Detroit Pistons,109,101,PHO,,,Team Totals,240,41,83,.494,10,20,.500,17,22,.773,14,26,40,32,6,6,13,16,109,,,Team Totals,240,.588,.554,.241,.265,36.8,76.5,55.6,78.0,6.7,9.5,12.3,100.0,121.2,112.3,
https://www.basketball-reference.com/boxscores/201203160SAC.html,"10:00 PM, March 16, 2012",Sacramento Kings,Boston Celtics,120,95,BOS,,,Team Totals,240,36,80,.450,6,19,.316,17,21,.810,5,23,28,25,7,6,19,17,95,,,Team Totals,240,.532,.488,.238,.263,12.2,71.9,38.4,69.4,7.0,9.2,17.6,100.0,95.5,120.6,
https://www.basketball-reference.com/boxscores/201203160SAC.html,"10:00 PM, March 16, 2012",Sacramento Kings,Boston Celtics,120,95,SAC,,,Team Totals,240,46,86,.535,9,21,.429,19,21,.905,9,36,45,29,12,3,15,20,120,,,Team Totals,240,.630,.587,.244,.244,28.1,87.8,61.6,63.0,12.1,4.9,13.6,100.0,120.6,95.5,
https://www.basketball-reference.com/boxscores/201203170CHA.html,"7:00 PM, March 17, 2012",Charlotte Bobcats,Toronto Raptors,107,103,TOR,,,Team Totals,240,38,73,.521,8,18,.444,19,24,.792,10,25,35,20,12,6,24,36,103,,,Team Totals,240,.616,.575,.247,.329,32.3,78.1,55.6,52.6,12.6,9.7,22.3,100.0,108.5,112.7,
https://www.basketball-reference.com/boxscores/201203170CHA.html,"7:00 PM, March 17, 2012",Charlotte Bobcats,Toronto Raptors,107,103,CHA,,,Team Totals,240,36,71,.507,4,9,.444,31,34,.912,7,21,28,25,7,1,19,21,107,,,Team Totals,240,.622,.535,.127,.479,21.9,67.7,44.4,69.4,7.4,1.8,18.1,100.0,112.7,108.5,
https://www.basketball-reference.com/boxscores/201203170CHI.html,"8:00 PM, March 17, 2012",Chicago Bulls,Philadelphia 76ers,89,80,PHI,,,Team Totals,240,33,79,.418,3,13,.231,11,15,.733,9,30,39,16,8,1,13,20,80,,,Team Totals,240,.467,.437,.165,.190,20.0,63.8,42.4,48.5,9.2,1.8,13.2,100.0,91.6,101.9,
https://www.basketball-reference.com/boxscores/201203170CHI.html,"8:00 PM, March 17, 2012",Chicago Bulls,Philadelphia 76ers,89,80,CHI,,,Team Totals,240,31,77,.403,6,21,.286,21,31,.677,17,36,53,15,6,8,15,11,89,,,Team Totals,240,.491,.442,.273,.403,36.2,80.0,57.6,48.4,6.9,12.1,14.2,100.0,101.9,91.6,
https://www.basketball-reference.com/boxscores/201203170DAL.html,"9:00 PM, March 17, 2012",Dallas Mavericks,San Antonio Spurs,106,99,SAS,,,Team Totals,240,39,79,.494,11,24,.458,10,18,.556,5,30,35,24,4,3,11,24,99,,,Team Totals,240,.569,.563,.304,.228,11.4,76.9,42.2,61.5,4.4,5.5,11.2,100.0,108.8,116.5,
https://www.basketball-reference.com/boxscores/201203170DAL.html,"9:00 PM, March 17, 2012",Dallas Mavericks,San Antonio Spurs,106,99,DAL,,,Team Totals,240,37,79,.468,11,24,.458,21,25,.840,9,39,48,21,5,2,11,15,106,,,Team Totals,240,.589,.538,.304,.316,23.1,88.6,57.8,56.8,5.5,3.6,10.9,100.0,116.5,108.8,
https://www.basketball-reference.com/boxscores/201203170DEN.html,"9:00 PM, March 17, 2012",Denver Nuggets,Boston Celtics,98,91,BOS,,,Team Totals,240,36,76,.474,3,15,.200,16,17,.941,4,23,27,27,7,7,16,21,91,,,Team Totals,240,.545,.493,.197,.224,11.1,62.2,37.0,75.0,7.5,13.0,16.1,100.0,97.7,105.2,
https://www.basketball-reference.com/boxscores/201203170DEN.html,"9:00 PM, March 17, 2012",Denver Nuggets,Boston Celtics,98,91,DEN,,,Team Totals,240,34,74,.459,7,20,.350,23,31,.742,14,32,46,26,10,4,22,17,98,,,Team Totals,240,.559,.507,.270,.419,37.8,88.9,63.0,76.5,10.7,6.6,20.1,100.0,105.2,97.7,
https://www.basketball-reference.com/boxscores/201203170IND.html,"7:00 PM, March 17, 2012",Indiana Pacers,New York Knicks,88,102,NYK,,,Team Totals,240,32,77,.416,7,24,.292,31,40,.775,14,32,46,16,8,7,12,22,102,,,Team Totals,240,.539,.461,.312,.519,32.6,71.1,52.3,50.0,8.9,11.7,11.3,100.0,113.6,98.0,
https://www.basketball-reference.com/boxscores/201203170IND.html,"7:00 PM, March 17, 2012",Indiana Pacers,New York Knicks,88,102,IND,,,Team Totals,240,32,79,.405,4,19,.211,20,27,.741,13,29,42,16,3,6,15,26,88,,,Team Totals,240,.484,.430,.241,.342,28.9,67.4,47.7,50.0,3.3,11.3,14.2,100.0,98.0,113.6,
https://www.basketball-reference.com/boxscores/201203170LAC.html,"3:30 PM, March 17, 2012",Los Angeles Clippers,Houston Rockets,95,91,HOU,,,Team Totals,240,35,72,.486,6,20,.300,15,18,.833,6,29,35,25,7,1,17,25,91,,,Team Totals,240,.569,.528,.278,.250,18.8,60.4,43.8,71.4,8.0,1.6,17.5,100.0,103.4,108.0,
https://www.basketball-reference.com/boxscores/201203170LAC.html,"3:30 PM, March 17, 2012",Los Angeles Clippers,Houston Rockets,95,91,LAC,,,Team Totals,240,35,86,.407,6,23,.261,19,27,.704,19,26,45,18,10,4,12,17,95,,,Team Totals,240,.485,.442,.267,.314,39.6,81.3,56.3,51.4,11.4,7.7,10.9,100.0,108.0,103.4,
https://www.basketball-reference.com/boxscores/201203170NJN.html,"8:00 PM, March 17, 2012",New Jersey Nets,New Orleans Hornets,94,102,NOH,,,Team Totals,240,41,81,.506,8,16,.500,12,13,.923,11,31,42,29,6,4,12,14,102,,,Team Totals,240,.588,.556,.198,.160,30.6,68.9,51.9,70.7,6.9,6.3,12.2,100.0,117.2,108.0,
https://www.basketball-reference.com/boxscores/201203170NJN.html,"8:00 PM, March 17, 2012",New Jersey Nets,New Orleans Hornets,94,102,NJN,,,Team Totals,240,36,86,.419,10,23,.435,12,14,.857,14,25,39,23,7,7,14,13,94,,,Team Totals,240,.510,.477,.267,.163,31.1,69.4,48.1,63.9,8.0,10.8,13.2,100.0,108.0,117.2,
https://www.basketball-reference.com/boxscores/201203170UTA.html,"9:00 PM, March 17, 2012",Utah Jazz,Golden State Warriors,99,92,GSW,,,Team Totals,265,33,80,.413,6,25,.240,20,25,.800,3,37,40,14,9,7,13,21,92,,,Team Totals,265,.505,.450,.313,.313,6.3,64.9,38.1,42.4,9.0,8.0,12.5,100.0,92.0,98.9,
https://www.basketball-reference.com/boxscores/201203170UTA.html,"9:00 PM, March 17, 2012",Utah Jazz,Golden State Warriors,99,92,UTA,,,Team Totals,265,42,101,.416,2,13,.154,13,16,.813,20,45,65,20,8,7,15,19,99,,,Team Totals,265,.458,.426,.129,.158,35.1,93.8,61.9,47.6,8.0,12.7,12.2,100.0,98.9,92.0,
https://www.basketball-reference.com/boxscores/201203180CLE.html,"3:00 PM, March 18, 2012",Cleveland Cavaliers,Atlanta Hawks,87,103,ATL,,,Team Totals,240,43,85,.506,8,18,.444,9,12,.750,9,32,41,22,5,7,12,16,103,,,Team Totals,240,.570,.553,.212,.141,23.7,69.6,48.8,51.2,5.5,10.9,11.7,100.0,113.5,95.8,
https://www.basketball-reference.com/boxscores/201203180CLE.html,"3:00 PM, March 18, 2012",Cleveland Cavaliers,Atlanta Hawks,87,103,CLE,,,Team Totals,240,33,84,.393,5,20,.250,16,20,.800,14,29,43,21,4,4,15,16,87,,,Team Totals,240,.469,.423,.238,.238,30.4,76.3,51.2,63.6,4.4,6.0,13.9,100.0,95.8,113.5,
https://www.basketball-reference.com/boxscores/201203180LAC.html,"3:30 PM, March 18, 2012",Los Angeles Clippers,Detroit Pistons,87,83,DET,,,Team Totals,265,31,81,.383,2,16,.125,19,23,.826,13,34,47,16,3,8,18,20,83,,,Team Totals,265,.455,.395,.198,.284,30.2,77.3,54.0,51.6,3.2,11.9,16.5,100.0,89.7,94.1,
https://www.basketball-reference.com/boxscores/201203180LAC.html,"3:30 PM, March 18, 2012",Los Angeles Clippers,Detroit Pistons,87,83,LAC,,,Team Totals,265,35,87,.402,4,20,.200,13,19,.684,10,30,40,23,12,4,11,23,87,,,Team Totals,265,.456,.425,.230,.218,22.7,69.8,46.0,65.7,13.0,6.2,10.3,100.0,94.1,89.7,
https://www.basketball-reference.com/boxscores/201203180LAL.html,"9:30 PM, March 18, 2012",Los Angeles Lakers,Utah Jazz,99,103,UTA,,,Team Totals,240,43,91,.473,2,10,.200,15,22,.682,10,31,41,28,12,4,13,27,103,,,Team Totals,240,.512,.484,.110,.242,20.8,81.6,47.7,65.1,11.6,6.7,11.4,100.0,99.4,95.6,
https://www.basketball-reference.com/boxscores/201203180LAL.html,"9:30 PM, March 18, 2012",Los Angeles Lakers,Utah Jazz,99,103,LAL,,,Team Totals,240,33,73,.452,2,13,.154,31,40,.775,7,38,45,24,6,6,24,20,99,,,Team Totals,240,.546,.466,.178,.548,18.4,79.2,52.3,72.7,5.8,7.4,20.9,100.0,95.6,99.4,
https://www.basketball-reference.com/boxscores/201203180MEM.html,"6:00 PM, March 18, 2012",Memphis Grizzlies,Washington Wizards,97,92,WAS,,,Team Totals,240,37,78,.474,6,18,.333,12,19,.632,9,31,40,16,11,11,21,25,92,,,Team Totals,240,.533,.513,.231,.244,21.4,60.8,43.0,43.2,11.6,14.1,19.6,100.0,97.0,102.3,
https://www.basketball-reference.com/boxscores/201203180MEM.html,"6:00 PM, March 18, 2012",Memphis Grizzlies,Washington Wizards,97,92,MEM,,,Team Totals,240,34,85,.400,2,7,.286,27,37,.730,20,33,53,18,12,3,14,19,97,,,Team Totals,240,.479,.412,.082,.435,39.2,78.6,57.0,52.9,12.7,5.0,12.1,100.0,102.3,97.0,
https://www.basketball-reference.com/boxscores/201203180MIA.html,"7:00 PM, March 18, 2012",Miami Heat,Orlando Magic,91,81,ORL,,,Team Totals,240,30,76,.395,9,25,.360,12,21,.571,9,27,36,18,9,2,20,19,81,,,Team Totals,240,.475,.454,.329,.276,20.9,77.1,46.2,60.0,9.9,3.0,19.0,100.0,89.0,99.9,
https://www.basketball-reference.com/boxscores/201203180MIA.html,"7:00 PM, March 18, 2012",Miami Heat,Orlando Magic,91,81,MIA,,,Team Totals,240,34,74,.459,2,8,.250,21,27,.778,8,34,42,19,8,7,13,20,91,,,Team Totals,240,.530,.473,.108,.365,22.9,79.1,53.8,55.9,8.8,13.7,13.1,100.0,99.9,89.0,
https://www.basketball-reference.com/boxscores/201203180OKC.html,"9:30 PM, March 18, 2012",Oklahoma City Thunder,Portland Trail Blazers,111,95,POR,,,Team Totals,240,39,84,.464,8,21,.381,9,14,.643,11,24,35,15,8,3,12,16,95,,,Team Totals,240,.527,.512,.250,.167,25.0,70.6,44.9,38.5,8.9,5.4,11.7,100.0,105.9,123.8,
https://www.basketball-reference.com/boxscores/201203180OKC.html,"9:30 PM, March 18, 2012",Oklahoma City Thunder,Portland Trail Blazers,111,95,OKC,,,Team Totals,240,41,74,.554,11,18,.611,18,28,.643,10,33,43,24,8,8,15,16,111,,,Team Totals,240,.643,.628,.243,.378,29.4,75.0,55.1,58.5,8.9,12.7,14.8,100.0,123.8,105.9,
https://www.basketball-reference.com/boxscores/201203180PHO.html,"9:00 PM, March 18, 2012",Phoenix Suns,Houston Rockets,99,86,HOU,,,Team Totals,240,35,82,.427,1,11,.091,15,22,.682,15,33,48,19,6,2,16,20,86,,,Team Totals,240,.469,.433,.134,.268,34.1,76.7,55.2,54.3,6.6,3.1,14.9,100.0,94.5,108.8,
https://www.basketball-reference.com/boxscores/201203180PHO.html,"9:00 PM, March 18, 2012",Phoenix Suns,Houston Rockets,99,86,PHO,,,Team Totals,240,40,85,.471,7,20,.350,12,19,.632,10,29,39,25,9,6,11,18,99,,,Team Totals,240,.530,.512,.235,.224,23.3,65.9,44.8,62.5,9.9,8.5,10.5,100.0,108.8,94.5,
https://www.basketball-reference.com/boxscores/201203180SAC.html,"6:00 PM, March 18, 2012",Sacramento Kings,Minnesota Timberwolves,115,99,MIN,,,Team Totals,240,38,92,.413,6,25,.240,17,17,1.000,17,34,51,18,5,5,21,19,99,,,Team Totals,240,.498,.446,.272,.185,35.4,75.6,54.8,47.4,5.0,7.4,17.4,100.0,98.4,114.4,
https://www.basketball-reference.com/boxscores/201203180SAC.html,"6:00 PM, March 18, 2012",Sacramento Kings,Minnesota Timberwolves,115,99,SAC,,,Team Totals,240,44,96,.458,8,28,.286,19,21,.905,11,31,42,21,11,4,11,17,115,,,Team Totals,240,.546,.500,.292,.219,24.4,64.6,45.2,47.7,10.9,6.0,9.5,100.0,114.4,98.4,
https://www.basketball-reference.com/boxscores/201203190ATL.html,"7:30 PM, March 19, 2012",Atlanta Hawks,Boston Celtics,76,79,BOS,,,Team Totals,240,29,74,.392,6,16,.375,15,17,.882,6,34,40,21,9,6,17,23,79,,,Team Totals,240,.485,.432,.216,.230,14.3,79.1,47.1,72.4,10.0,10.0,17.3,100.0,87.7,84.3,
https://www.basketball-reference.com/boxscores/201203190ATL.html,"7:30 PM, March 19, 2012",Atlanta Hawks,Boston Celtics,76,79,ATL,,,Team Totals,240,29,75,.387,5,15,.333,13,19,.684,9,36,45,15,5,2,17,19,76,,,Team Totals,240,.456,.420,.200,.253,20.9,85.7,52.9,51.7,5.5,3.4,16.9,100.0,84.3,87.7,
https://www.basketball-reference.com/boxscores/201203190CHA.html,"7:00 PM, March 19, 2012",Charlotte Bobcats,Philadelphia 76ers,80,105,PHI,,,Team Totals,240,46,86,.535,5,11,.455,8,9,.889,15,36,51,26,5,6,12,21,105,,,Team Totals,240,.584,.564,.128,.105,40.5,80.0,62.2,56.5,5.9,9.0,11.8,100.0,123.8,94.3,
https://www.basketball-reference.com/boxscores/201203190CHA.html,"7:00 PM, March 19, 2012",Charlotte Bobcats,Philadelphia 76ers,80,105,CHA,,,Team Totals,240,29,75,.387,2,8,.250,20,28,.714,9,22,31,23,7,7,9,10,80,,,Team Totals,240,.458,.400,.107,.373,20.0,59.5,37.8,79.3,8.3,9.3,9.3,100.0,94.3,123.8,
https://www.basketball-reference.com/boxscores/201203190DEN.html,"10:30 PM, March 19, 2012",Denver Nuggets,Dallas Mavericks,95,112,DAL,,,Team Totals,240,45,84,.536,10,25,.400,12,15,.800,5,40,45,33,11,4,14,19,112,,,Team Totals,240,.618,.595,.298,.179,14.3,88.9,56.3,73.3,11.2,6.5,13.4,100.0,114.0,96.7,
https://www.basketball-reference.com/boxscores/201203190DEN.html,"10:30 PM, March 19, 2012",Denver Nuggets,Dallas Mavericks,95,112,DEN,,,Team Totals,240,36,83,.434,6,21,.286,17,20,.850,5,30,35,26,6,1,13,15,95,,,Team Totals,240,.517,.470,.253,.241,11.1,85.7,43.8,72.2,6.1,1.7,12.4,100.0,96.7,114.0,
https://www.basketball-reference.com/boxscores/201203190GSW.html,"10:30 PM, March 19, 2012",Golden State Warriors,Minnesota Timberwolves,93,97,MIN,,,Team Totals,240,35,74,.473,9,21,.429,18,23,.783,9,39,48,24,5,5,17,14,97,,,Team Totals,240,.577,.534,.284,.311,25.0,86.7,59.3,68.6,5.6,9.3,16.8,100.0,108.3,103.8,
https://www.basketball-reference.com/boxscores/201203190GSW.html,"10:30 PM, March 19, 2012",Golden State Warriors,Minnesota Timberwolves,93,97,GSW,,,Team Totals,240,34,80,.425,10,26,.385,15,20,.750,6,27,33,22,9,5,8,20,93,,,Team Totals,240,.524,.488,.325,.250,13.3,75.0,40.7,64.7,10.0,9.4,8.3,100.0,103.8,108.3,
https://www.basketball-reference.com/boxscores/201203190NJN.html,"7:30 PM, March 19, 2012",New Jersey Nets,Cleveland Cavaliers,100,105,CLE,,,Team Totals,240,41,89,.461,5,15,.333,18,27,.667,21,34,55,21,6,3,11,25,105,,,Team Totals,240,.520,.489,.169,.303,43.8,77.3,59.8,51.2,6.6,5.2,9.8,100.0,115.2,109.7,
https://www.basketball-reference.com/boxscores/201203190NJN.html,"7:30 PM, March 19, 2012",New Jersey Nets,Cleveland Cavaliers,100,105,NJN,,,Team Totals,240,34,81,.420,6,23,.261,26,31,.839,10,27,37,15,6,6,12,24,100,,,Team Totals,240,.528,.457,.284,.383,22.7,56.3,40.2,44.1,6.6,8.1,11.3,100.0,109.7,115.2,
https://www.basketball-reference.com/boxscores/201203190ORL.html,"8:00 PM, March 19, 2012",Orlando Magic,Chicago Bulls,59,85,CHI,,,Team Totals,240,35,79,.443,7,18,.389,8,11,.727,11,37,48,19,10,3,16,17,85,,,Team Totals,240,.507,.487,.228,.139,28.2,78.7,55.8,54.3,11.7,6.3,16.0,100.0,99.8,69.3,
https://www.basketball-reference.com/boxscores/201203190ORL.html,"8:00 PM, March 19, 2012",Orlando Magic,Chicago Bulls,59,85,ORL,,,Team Totals,240,24,68,.353,4,20,.200,7,18,.389,10,28,38,9,9,5,19,12,59,,,Team Totals,240,.389,.382,.294,.265,21.3,71.8,44.2,37.5,10.6,8.2,20.0,100.0,69.3,99.8,
https://www.basketball-reference.com/boxscores/201203200HOU.html,"8:00 PM, March 20, 2012",Houston Rockets,Los Angeles Lakers,107,104,LAL,,,Team Totals,240,42,83,.506,6,16,.375,14,16,.875,9,22,31,18,7,5,15,17,104,,,Team Totals,240,.578,.542,.193,.193,27.3,57.9,43.7,42.9,7.7,8.3,14.3,100.0,113.8,117.1,
https://www.basketball-reference.com/boxscores/201203200HOU.html,"8:00 PM, March 20, 2012",Houston Rockets,Los Angeles Lakers,107,104,HOU,,,Team Totals,240,39,80,.488,9,20,.450,20,27,.741,16,24,40,24,9,5,18,18,107,,,Team Totals,240,.582,.544,.250,.338,42.1,72.7,56.3,61.5,9.8,7.5,16.4,100.0,117.1,113.8,
https://www.basketball-reference.com/boxscores/201203200IND.html,"7:00 PM, March 20, 2012",Indiana Pacers,Los Angeles Clippers,102,89,LAC,,,Team Totals,240,37,85,.435,6,22,.273,9,20,.450,15,22,37,14,6,7,9,21,89,,,Team Totals,240,.474,.471,.259,.235,34.1,66.7,48.1,37.8,7.2,12.1,8.8,100.0,106.8,122.4,
https://www.basketball-reference.com/boxscores/201203200IND.html,"7:00 PM, March 20, 2012",Indiana Pacers,Los Angeles Clippers,102,89,IND,,,Team Totals,240,35,72,.486,8,14,.571,24,26,.923,11,29,40,19,2,7,13,23,102,,,Team Totals,240,.611,.542,.194,.361,33.3,65.9,51.9,54.3,2.4,11.1,13.5,100.0,122.4,106.8,
https://www.basketball-reference.com/boxscores/201203200MIA.html,"7:30 PM, March 20, 2012",Miami Heat,Phoenix Suns,99,95,PHO,,,Team Totals,240,36,80,.450,6,15,.400,17,24,.708,14,27,41,21,6,8,20,25,95,,,Team Totals,240,.525,.488,.188,.300,33.3,67.5,50.0,58.3,6.6,11.9,18.1,100.0,104.4,108.8,
https://www.basketball-reference.com/boxscores/201203200MIA.html,"7:30 PM, March 20, 2012",Miami Heat,Phoenix Suns,99,95,MIA,,,Team Totals,240,36,76,.474,1,9,.111,26,35,.743,13,28,41,24,13,8,12,19,99,,,Team Totals,240,.542,.480,.118,.461,32.5,66.7,50.0,66.7,14.3,12.3,11.6,100.0,108.8,104.4,
https://www.basketball-reference.com/boxscores/201203200NYK.html,"7:30 PM, March 20, 2012",New York Knicks,Toronto Raptors,106,87,TOR,,,Team Totals,240,33,69,.478,2,13,.154,19,22,.864,4,26,30,15,4,3,17,25,87,,,Team Totals,240,.553,.493,.188,.319,11.8,61.9,39.5,45.5,4.5,4.6,17.8,100.0,97.0,118.2,
https://www.basketball-reference.com/boxscores/201203200NYK.html,"7:30 PM, March 20, 2012",New York Knicks,Toronto Raptors,106,87,NYK,,,Team Totals,240,39,81,.481,5,16,.313,23,33,.697,16,30,46,23,12,5,12,21,106,,,Team Totals,240,.555,.512,.198,.407,38.1,88.2,60.5,59.0,13.4,8.9,11.2,100.0,118.2,97.0,
https://www.basketball-reference.com/boxscores/201203200POR.html,"10:00 PM, March 20, 2012",Portland Trail Blazers,Milwaukee Bucks,87,116,MIL,,,Team Totals,240,48,83,.578,11,21,.524,9,13,.692,6,29,35,35,10,6,13,19,116,,,Team Totals,240,.654,.645,.253,.157,18.2,63.0,44.3,72.9,10.8,10.3,12.8,100.0,124.8,93.6,
https://www.basketball-reference.com/boxscores/201203200POR.html,"10:00 PM, March 20, 2012",Portland Trail Blazers,Milwaukee Bucks,87,116,POR,,,Team Totals,240,29,82,.354,7,24,.292,22,26,.846,17,27,44,14,7,2,20,17,87,,,Team Totals,240,.466,.396,.293,.317,37.0,81.8,55.7,48.3,7.5,3.2,17.6,100.0,93.6,124.8,
https://www.basketball-reference.com/boxscores/201203200SAC.html,"10:00 PM, March 20, 2012",Sacramento Kings,Memphis Grizzlies,119,110,MEM,,,Team Totals,240,43,90,.478,4,16,.250,20,25,.800,11,26,37,24,6,2,14,25,110,,,Team Totals,240,.545,.500,.178,.278,24.4,66.7,44.0,55.8,5.9,2.8,12.2,100.0,109.0,117.9,
https://www.basketball-reference.com/boxscores/201203200SAC.html,"10:00 PM, March 20, 2012",Sacramento Kings,Memphis Grizzlies,119,110,SAC,,,Team Totals,240,47,88,.534,4,17,.235,21,32,.656,13,34,47,28,11,6,14,21,119,,,Team Totals,240,.583,.557,.193,.364,33.3,75.6,56.0,59.6,10.9,8.1,12.1,100.0,117.9,109.0,
https://www.basketball-reference.com/boxscores/201203200UTA.html,"9:00 PM, March 20, 2012",Utah Jazz,Oklahoma City Thunder,97,90,OKC,,,Team Totals,240,30,71,.423,8,19,.421,22,30,.733,15,26,41,15,6,6,20,24,90,,,Team Totals,240,.534,.479,.268,.423,32.6,68.4,48.8,50.0,6.7,8.6,19.2,100.0,101.0,108.8,
https://www.basketball-reference.com/boxscores/201203200UTA.html,"9:00 PM, March 20, 2012",Utah Jazz,Oklahoma City Thunder,97,90,UTA,,,Team Totals,240,38,80,.475,5,10,.500,16,22,.727,12,31,43,19,8,7,15,21,97,,,Team Totals,240,.541,.506,.125,.275,31.6,67.4,51.2,50.0,9.0,13.5,14.3,100.0,108.8,101.0,
https://www.basketball-reference.com/boxscores/201203210ATL.html,"7:30 PM, March 21, 2012",Atlanta Hawks,Cleveland Cavaliers,103,102,CLE,,,Team Totals,265,36,78,.462,6,19,.316,24,33,.727,11,43,54,23,5,3,19,21,102,,,Team Totals,265,.551,.500,.244,.423,28.9,79.6,58.7,63.9,5.1,4.1,17.0,100.0,104.8,105.9,
https://www.basketball-reference.com/boxscores/201203210ATL.html,"7:30 PM, March 21, 2012",Atlanta Hawks,Cleveland Cavaliers,103,102,ATL,,,Team Totals,265,37,93,.398,8,20,.400,21,24,.875,11,27,38,23,12,6,7,25,103,,,Team Totals,265,.497,.441,.215,.258,20.4,71.1,41.3,62.2,12.3,10.2,6.3,100.0,105.9,104.8,
https://www.basketball-reference.com/boxscores/201203210DAL.html,"9:30 PM, March 21, 2012",Dallas Mavericks,Los Angeles Lakers,93,109,LAL,,,Team Totals,240,45,77,.584,9,18,.500,10,13,.769,9,37,46,25,4,5,14,12,109,,,Team Totals,240,.659,.643,.234,.169,29.0,84.1,61.3,55.6,4.5,8.9,14.5,100.0,123.8,105.6,
https://www.basketball-reference.com/boxscores/201203210DAL.html,"9:30 PM, March 21, 2012",Dallas Mavericks,Los Angeles Lakers,93,109,DAL,,,Team Totals,240,35,82,.427,8,26,.308,15,22,.682,7,22,29,15,13,2,7,15,93,,,Team Totals,240,.507,.476,.317,.268,15.9,71.0,38.7,42.9,14.8,3.4,7.1,100.0,105.6,123.8,
https://www.basketball-reference.com/boxscores/201203210DEN.html,"9:00 PM, March 21, 2012",Denver Nuggets,Detroit Pistons,116,115,DET,,,Team Totals,240,40,79,.506,14,18,.778,21,30,.700,7,23,30,26,13,5,11,17,115,,,Team Totals,240,.624,.595,.228,.380,16.3,67.6,39.0,65.0,13.6,8.1,10.7,100.0,120.1,121.1,
https://www.basketball-reference.com/boxscores/201203210DEN.html,"9:00 PM, March 21, 2012",Denver Nuggets,Detroit Pistons,116,115,DEN,,,Team Totals,240,46,79,.582,9,17,.529,15,22,.682,11,36,47,28,5,6,20,26,116,,,Team Totals,240,.654,.639,.215,.278,32.4,83.7,61.0,60.9,5.2,9.8,18.4,100.0,121.1,120.1,
https://www.basketball-reference.com/boxscores/201203210NJN.html,"7:30 PM, March 21, 2012",New Jersey Nets,Washington Wizards,89,108,WAS,,,Team Totals,240,40,83,.482,6,17,.353,22,29,.759,14,32,46,17,10,5,13,25,108,,,Team Totals,240,.564,.518,.205,.349,32.6,66.7,50.5,42.5,10.8,7.8,12.0,100.0,117.1,96.5,
https://www.basketball-reference.com/boxscores/201203210NJN.html,"7:30 PM, March 21, 2012",New Jersey Nets,Washington Wizards,89,108,NJN,,,Team Totals,240,31,84,.369,6,20,.300,21,27,.778,16,29,45,15,9,2,16,19,89,,,Team Totals,240,.464,.405,.238,.321,33.3,67.4,49.5,48.4,9.8,3.0,14.3,100.0,96.5,117.1,
https://www.basketball-reference.com/boxscores/201203210NOH.html,"8:00 PM, March 21, 2012",New Orleans Hornets,Golden State Warriors,92,101,GSW,,,Team Totals,240,39,89,.438,14,29,.483,9,10,.900,8,25,33,27,8,10,9,16,101,,,Team Totals,240,.541,.517,.326,.112,17.8,71.4,41.3,69.2,8.8,14.3,8.8,100.0,111.7,101.7,
https://www.basketball-reference.com/boxscores/201203210NOH.html,"8:00 PM, March 21, 2012",New Orleans Hornets,Golden State Warriors,92,101,NOH,,,Team Totals,240,39,79,.494,3,9,.333,11,14,.786,10,37,47,31,5,9,16,9,92,,,Team Totals,240,.540,.513,.114,.177,28.6,82.2,58.8,79.5,5.5,15.0,15.8,100.0,101.7,111.7,
https://www.basketball-reference.com/boxscores/201203210OKC.html,"8:00 PM, March 21, 2012",Oklahoma City Thunder,Los Angeles Clippers,114,91,LAC,,,Team Totals,240,29,79,.367,12,26,.462,21,27,.778,10,21,31,19,11,2,13,20,91,,,Team Totals,240,.501,.443,.329,.342,22.2,60.0,38.8,65.5,12.3,3.6,12.5,100.0,101.5,127.2,
https://www.basketball-reference.com/boxscores/201203210OKC.html,"8:00 PM, March 21, 2012",Oklahoma City Thunder,Los Angeles Clippers,114,91,OKC,,,Team Totals,240,42,78,.538,9,22,.409,21,22,.955,14,35,49,20,6,9,17,18,114,,,Team Totals,240,.650,.596,.282,.282,40.0,77.8,61.3,47.6,6.7,17.0,16.2,100.0,127.2,101.5,
https://www.basketball-reference.com/boxscores/201203210ORL.html,"7:00 PM, March 21, 2012",Orlando Magic,Phoenix Suns,103,93,PHO,,,Team Totals,240,38,79,.481,4,12,.333,13,19,.684,11,29,40,16,10,3,17,19,93,,,Team Totals,240,.532,.506,.152,.241,27.5,67.4,48.2,42.1,10.8,5.0,16.3,100.0,100.8,111.6,
https://www.basketball-reference.com/boxscores/201203210ORL.html,"7:00 PM, March 21, 2012",Orlando Magic,Phoenix Suns,103,93,ORL,,,Team Totals,240,39,83,.470,11,23,.478,14,21,.667,14,29,43,23,6,4,17,13,103,,,Team Totals,240,.558,.536,.277,.253,32.6,72.5,51.8,59.0,6.5,6.0,15.6,100.0,111.6,100.8,
https://www.basketball-reference.com/boxscores/201203210PHI.html,"7:00 PM, March 21, 2012",Philadelphia 76ers,New York Knicks,79,82,NYK,,,Team Totals,240,29,79,.367,2,13,.154,22,28,.786,14,33,47,12,6,4,13,24,82,,,Team Totals,240,.449,.380,.165,.354,32.6,76.7,54.7,41.4,7.1,6.9,12.5,100.0,96.7,93.2,
https://www.basketball-reference.com/boxscores/201203210PHI.html,"7:00 PM, March 21, 2012",Philadelphia 76ers,New York Knicks,79,82,PHI,,,Team Totals,240,29,75,.387,8,17,.471,13,18,.722,10,29,39,20,7,10,13,22,79,,,Team Totals,240,.476,.440,.227,.240,23.3,67.4,45.3,69.0,8.3,15.2,13.6,100.0,93.2,96.7,
https://www.basketball-reference.com/boxscores/201203210SAS.html,"8:30 PM, March 21, 2012",San Antonio Spurs,Minnesota Timberwolves,116,100,MIN,,,Team Totals,240,39,88,.443,7,22,.318,15,20,.750,9,32,41,20,8,4,14,19,100,,,Team Totals,240,.517,.483,.250,.227,18.8,65.3,42.3,51.3,8.0,5.3,12.6,100.0,99.7,115.6,
https://www.basketball-reference.com/boxscores/201203210SAS.html,"8:30 PM, March 21, 2012",San Antonio Spurs,Minnesota Timberwolves,116,100,SAS,,,Team Totals,240,45,95,.474,7,19,.368,19,25,.760,17,39,56,29,10,3,14,21,116,,,Team Totals,240,.547,.511,.200,.263,34.7,81.3,57.7,64.4,10.0,4.5,11.7,100.0,115.6,99.7,
https://www.basketball-reference.com/boxscores/201203210TOR.html,"7:00 PM, March 21, 2012",Toronto Raptors,Chicago Bulls,82,94,CHI,,,Team Totals,240,36,82,.439,7,16,.438,15,23,.652,12,37,49,20,5,5,14,11,94,,,Team Totals,240,.510,.482,.195,.280,27.3,80.4,54.4,55.6,5.5,6.5,13.2,100.0,104.0,90.8,
https://www.basketball-reference.com/boxscores/201203210TOR.html,"7:00 PM, March 21, 2012",Toronto Raptors,Chicago Bulls,82,94,TOR,,,Team Totals,240,35,85,.412,1,8,.125,11,11,1.000,9,32,41,23,10,3,10,18,82,,,Team Totals,240,.456,.418,.094,.129,19.6,72.7,45.6,65.7,11.1,4.5,10.0,100.0,90.8,104.0,
https://www.basketball-reference.com/boxscores/201203220HOU.html,"8:00 PM, March 22, 2012",Houston Rockets,Golden State Warriors,109,83,GSW,,,Team Totals,240,34,82,.415,6,16,.375,9,10,.900,8,24,32,21,5,6,17,20,83,,,Team Totals,240,.480,.451,.195,.122,19.0,63.2,40.0,61.8,5.4,8.8,16.4,100.0,89.1,117.0,
https://www.basketball-reference.com/boxscores/201203220HOU.html,"8:00 PM, March 22, 2012",Houston Rockets,Golden State Warriors,109,83,HOU,,,Team Totals,240,40,85,.471,6,17,.353,23,27,.852,14,34,48,23,8,6,15,15,109,,,Team Totals,240,.563,.506,.200,.318,36.8,81.0,60.0,57.5,8.6,9.1,13.4,100.0,117.0,89.1,
https://www.basketball-reference.com/boxscores/201203220MIL.html,"8:00 PM, March 22, 2012",Milwaukee Bucks,Boston Celtics,91,100,BOS,,,Team Totals,240,43,89,.483,7,17,.412,7,10,.700,6,41,47,30,13,11,12,18,100,,,Team Totals,240,.535,.522,.191,.112,13.6,78.8,49.0,69.8,13.1,14.7,11.4,100.0,100.5,91.4,
https://www.basketball-reference.com/boxscores/201203220MIL.html,"8:00 PM, March 22, 2012",Milwaukee Bucks,Boston Celtics,91,100,MIL,,,Team Totals,240,36,90,.400,3,15,.200,16,20,.800,11,38,49,23,6,7,15,9,91,,,Team Totals,240,.461,.417,.167,.222,21.2,86.4,51.0,63.9,6.0,9.7,13.2,100.0,91.4,100.5,
https://www.basketball-reference.com/boxscores/201203220NOH.html,"8:00 PM, March 22, 2012",New Orleans Hornets,Los Angeles Clippers,97,90,LAC,,,Team Totals,240,35,90,.389,5,27,.185,15,24,.625,22,20,42,18,11,0,11,30,90,,,Team Totals,240,.447,.417,.300,.267,40.0,76.9,51.9,51.4,12.7,0.0,9.9,100.0,103.8,111.8,
https://www.basketball-reference.com/boxscores/201203220NOH.html,"8:00 PM, March 22, 2012",New Orleans Hornets,Los Angeles Clippers,97,90,NOH,,,Team Totals,240,34,59,.576,2,5,.400,27,34,.794,6,33,39,21,4,8,20,24,97,,,Team Totals,240,.656,.593,.085,.576,23.1,60.0,48.1,61.8,4.6,12.7,21.3,100.0,111.8,103.8,
https://www.basketball-reference.com/boxscores/201203220POR.html,"10:00 PM, March 22, 2012",Portland Trail Blazers,Memphis Grizzlies,97,93,MEM,,,Team Totals,240,37,81,.457,3,8,.375,16,23,.696,13,28,41,22,9,2,13,22,93,,,Team Totals,240,.510,.475,.099,.284,30.2,77.8,51.9,59.5,10.0,4.2,12.5,100.0,103.3,107.8,
https://www.basketball-reference.com/boxscores/201203220POR.html,"10:00 PM, March 22, 2012",Portland Trail Blazers,Memphis Grizzlies,97,93,POR,,,Team Totals,240,31,73,.425,10,25,.400,25,25,1.000,8,30,38,22,6,6,18,20,97,,,Team Totals,240,.577,.493,.342,.342,22.2,69.8,48.1,71.0,6.7,8.2,17.6,100.0,107.8,103.3,
https://www.basketball-reference.com/boxscores/201203220SAC.html,"10:00 PM, March 22, 2012",Sacramento Kings,Utah Jazz,102,103,UTA,,,Team Totals,240,43,91,.473,3,17,.176,14,17,.824,11,34,45,23,4,14,15,17,103,,,Team Totals,240,.523,.489,.187,.187,27.5,56.7,45.0,53.5,4.1,15.4,13.2,100.0,104.6,103.6,
https://www.basketball-reference.com/boxscores/201203220SAC.html,"10:00 PM, March 22, 2012",Sacramento Kings,Utah Jazz,102,103,SAC,,,Team Totals,240,43,106,.406,4,15,.267,12,21,.571,26,29,55,28,10,6,13,16,102,,,Team Totals,240,.443,.425,.142,.198,43.3,72.5,55.0,65.1,10.2,8.1,10.1,100.0,103.6,104.6,
https://www.basketball-reference.com/boxscores/201203220WAS.html,"7:00 PM, March 22, 2012",Washington Wizards,Indiana Pacers,83,85,IND,,,Team Totals,240,31,74,.419,4,18,.222,19,28,.679,14,26,40,17,13,3,17,21,85,,,Team Totals,240,.492,.446,.243,.378,31.8,83.9,53.3,54.8,14.6,5.7,16.5,100.0,95.7,93.4,
https://www.basketball-reference.com/boxscores/201203220WAS.html,"7:00 PM, March 22, 2012",Washington Wizards,Indiana Pacers,83,85,WAS,,,Team Totals,240,30,71,.423,5,18,.278,18,23,.783,5,30,35,19,10,3,17,21,83,,,Team Totals,240,.512,.458,.254,.324,16.1,68.2,46.7,63.3,11.3,5.4,17.3,100.0,93.4,95.7,
https://www.basketball-reference.com/boxscores/201203230ATL.html,"7:30 PM, March 23, 2012",Atlanta Hawks,New Jersey Nets,93,84,NJN,,,Team Totals,240,32,80,.400,6,25,.240,14,21,.667,12,33,45,17,3,4,11,18,84,,,Team Totals,240,.471,.438,.313,.263,26.7,86.8,54.2,53.1,3.4,7.1,11.0,100.0,95.5,105.7,
https://www.basketball-reference.com/boxscores/201203230ATL.html,"7:30 PM, March 23, 2012",Atlanta Hawks,New Jersey Nets,93,84,ATL,,,Team Totals,240,36,77,.468,7,21,.333,14,20,.700,5,33,38,19,4,4,11,19,93,,,Team Totals,240,.542,.513,.273,.260,13.2,73.3,45.8,52.8,4.5,7.3,11.4,100.0,105.7,95.5,
https://www.basketball-reference.com/boxscores/201203230CHA.html,"7:00 PM, March 23, 2012",Charlotte Bobcats,Milwaukee Bucks,92,112,MIL,,,Team Totals,240,48,90,.533,4,13,.308,12,21,.571,13,34,47,31,5,6,9,20,112,,,Team Totals,240,.564,.556,.144,.233,33.3,75.6,56.0,64.6,5.4,7.9,8.3,100.0,121.3,99.6,
https://www.basketball-reference.com/boxscores/201203230CHA.html,"7:00 PM, March 23, 2012",Charlotte Bobcats,Milwaukee Bucks,92,112,CHA,,,Team Totals,240,34,84,.405,1,8,.125,23,26,.885,11,26,37,19,6,6,11,17,92,,,Team Totals,240,.482,.411,.095,.310,24.4,66.7,44.0,55.9,6.5,7.8,10.3,100.0,99.6,121.3,
https://www.basketball-reference.com/boxscores/201203230DET.html,"7:30 PM, March 23, 2012",Detroit Pistons,Miami Heat,73,88,MIA,,,Team Totals,240,34,77,.442,2,16,.125,18,20,.900,9,36,45,24,15,4,17,15,88,,,Team Totals,240,.513,.455,.208,.260,25.0,76.6,54.2,70.6,16.3,6.7,16.5,100.0,95.8,79.4,
https://www.basketball-reference.com/boxscores/201203230DET.html,"7:30 PM, March 23, 2012",Detroit Pistons,Miami Heat,73,88,DET,,,Team Totals,240,29,75,.387,6,15,.400,9,17,.529,11,27,38,16,10,2,23,20,73,,,Team Totals,240,.443,.427,.200,.227,23.4,75.0,45.8,55.2,10.9,3.3,21.8,100.0,79.4,95.8,
https://www.basketball-reference.com/boxscores/201203230IND.html,"7:00 PM, March 23, 2012",Indiana Pacers,Phoenix Suns,111,113,PHO,,,Team Totals,240,41,84,.488,5,17,.294,26,37,.703,14,23,37,22,6,2,13,20,113,,,Team Totals,240,.563,.518,.202,.440,33.3,67.6,48.7,53.7,6.4,2.9,11.5,100.0,119.7,117.6,
https://www.basketball-reference.com/boxscores/201203230IND.html,"7:00 PM, March 23, 2012",Indiana Pacers,Phoenix Suns,111,113,IND,,,Team Totals,240,42,81,.519,7,11,.636,20,22,.909,11,28,39,20,4,7,16,30,111,,,Team Totals,240,.612,.562,.136,.272,32.4,66.7,51.3,47.6,4.2,10.4,15.0,100.0,117.6,119.7,
https://www.basketball-reference.com/boxscores/201203230LAL.html,"10:30 PM, March 23, 2012",Los Angeles Lakers,Portland Trail Blazers,103,96,POR,,,Team Totals,240,36,82,.439,8,20,.400,16,19,.842,6,23,29,18,9,1,10,18,96,,,Team Totals,240,.531,.488,.244,.232,14.3,57.5,35.4,50.0,9.9,1.5,10.0,100.0,105.2,112.9,
https://www.basketball-reference.com/boxscores/201203230LAL.html,"10:30 PM, March 23, 2012",Los Angeles Lakers,Portland Trail Blazers,103,96,LAL,,,Team Totals,240,40,85,.471,6,19,.316,17,26,.654,17,36,53,33,6,5,15,14,103,,,Team Totals,240,.534,.506,.224,.306,42.5,85.7,64.6,82.5,6.6,8.1,13.5,100.0,112.9,105.2,
https://www.basketball-reference.com/boxscores/201203230OKC.html,"8:00 PM, March 23, 2012",Oklahoma City Thunder,Minnesota Timberwolves,149,140,MIN,,,Team Totals,290,49,100,.490,14,36,.389,28,36,.778,11,32,43,24,6,4,17,17,140,,,Team Totals,290,.604,.560,.360,.360,22.0,74.4,46.2,49.0,5.0,4.7,12.8,100.0,117.2,124.7,
https://www.basketball-reference.com/boxscores/201203230OKC.html,"8:00 PM, March 23, 2012",Oklahoma City Thunder,Minnesota Timberwolves,149,140,OKC,,,Team Totals,290,60,113,.531,10,27,.370,19,20,.950,11,39,50,24,12,7,13,26,149,,,Team Totals,290,.612,.575,.239,.177,25.6,78.0,53.8,40.0,10.0,10.9,9.6,100.0,124.7,117.2,
https://www.basketball-reference.com/boxscores/201203230ORL.html,"7:00 PM, March 23, 2012",Orlando Magic,Cleveland Cavaliers,93,80,CLE,,,Team Totals,240,31,82,.378,4,18,.222,14,21,.667,16,26,42,10,10,2,14,14,80,,,Team Totals,240,.438,.402,.220,.256,31.4,68.4,47.2,32.3,11.3,4.5,13.3,100.0,90.5,105.2,
https://www.basketball-reference.com/boxscores/201203230ORL.html,"7:00 PM, March 23, 2012",Orlando Magic,Cleveland Cavaliers,93,80,ORL,,,Team Totals,240,37,79,.468,12,35,.343,7,12,.583,12,35,47,24,10,7,20,19,93,,,Team Totals,240,.552,.544,.443,.152,31.6,68.6,52.8,64.9,11.3,10.9,19.2,100.0,105.2,90.5,
https://www.basketball-reference.com/boxscores/201203230PHI.html,"8:00 PM, March 23, 2012",Philadelphia 76ers,Boston Celtics,99,86,BOS,,,Team Totals,240,36,74,.486,4,10,.400,10,13,.769,3,32,35,28,2,6,13,15,86,,,Team Totals,240,.539,.514,.135,.176,8.6,69.6,43.2,77.8,2.2,7.3,14.0,100.0,95.4,109.8,
https://www.basketball-reference.com/boxscores/201203230PHI.html,"8:00 PM, March 23, 2012",Philadelphia 76ers,Boston Celtics,99,86,PHI,,,Team Totals,240,41,92,.446,3,10,.300,14,18,.778,14,32,46,24,7,4,9,13,99,,,Team Totals,240,.495,.462,.109,.196,30.4,91.4,56.8,58.5,7.8,6.3,8.3,100.0,109.8,95.4,
https://www.basketball-reference.com/boxscores/201203230SAS.html,"8:30 PM, March 23, 2012",San Antonio Spurs,Dallas Mavericks,104,87,DAL,,,Team Totals,240,31,81,.383,11,26,.423,14,17,.824,4,30,34,13,7,7,11,10,87,,,Team Totals,240,.492,.451,.321,.210,8.7,71.4,38.6,41.9,7.5,11.1,11.1,100.0,93.7,112.0,
https://www.basketball-reference.com/boxscores/201203230SAS.html,"8:30 PM, March 23, 2012",San Antonio Spurs,Dallas Mavericks,104,87,SAS,,,Team Totals,240,43,88,.489,9,25,.360,9,11,.818,12,42,54,28,6,7,13,17,104,,,Team Totals,240,.560,.540,.284,.125,28.6,91.3,61.4,65.1,6.5,12.7,12.3,100.0,112.0,93.7,
https://www.basketball-reference.com/boxscores/201203230TOR.html,"7:00 PM, March 23, 2012",Toronto Raptors,New York Knicks,96,79,NYK,,,Team Totals,240,32,85,.376,5,28,.179,10,18,.556,10,29,39,22,8,6,22,20,79,,,Team Totals,240,.425,.406,.329,.212,22.7,70.7,45.9,68.8,8.1,8.6,19.1,100.0,80.0,97.2,
https://www.basketball-reference.com/boxscores/201203230TOR.html,"7:00 PM, March 23, 2012",Toronto Raptors,New York Knicks,96,79,TOR,,,Team Totals,240,38,83,.458,1,13,.077,19,26,.731,12,34,46,22,7,6,17,21,96,,,Team Totals,240,.508,.464,.157,.313,29.3,77.3,54.1,57.9,7.1,10.5,15.3,100.0,97.2,80.0,
https://www.basketball-reference.com/boxscores/201203230UTA.html,"10:30 PM, March 23, 2012",Utah Jazz,Denver Nuggets,121,102,DEN,,,Team Totals,240,36,78,.462,6,18,.333,24,32,.750,16,25,41,22,8,5,19,25,102,,,Team Totals,240,.554,.500,.231,.410,37.2,69.4,51.9,61.1,8.5,7.6,17.1,100.0,108.0,128.1,
https://www.basketball-reference.com/boxscores/201203230UTA.html,"10:30 PM, March 23, 2012",Utah Jazz,Denver Nuggets,121,102,UTA,,,Team Totals,240,48,81,.593,7,15,.467,18,29,.621,11,27,38,32,10,8,14,22,121,,,Team Totals,240,.645,.636,.185,.358,30.6,62.8,48.1,66.7,10.6,13.3,13.0,100.0,128.1,108.0,
https://www.basketball-reference.com/boxscores/201203240CHI.html,"8:00 PM, March 24, 2012",Chicago Bulls,Toronto Raptors,102,101,TOR,,,Team Totals,265,39,87,.448,3,14,.214,20,25,.800,22,36,58,19,4,11,20,20,101,,,Team Totals,265,.515,.466,.161,.287,48.9,63.2,56.9,48.7,4.2,13.8,16.9,100.0,106.4,107.5,
https://www.basketball-reference.com/boxscores/201203240CHI.html,"8:00 PM, March 24, 2012",Chicago Bulls,Toronto Raptors,102,101,CHI,,,Team Totals,265,41,103,.398,3,23,.130,17,26,.654,21,23,44,23,12,8,9,19,102,,,Team Totals,265,.446,.413,.223,.252,36.8,51.1,43.1,56.1,12.6,11.0,7.3,100.0,107.5,106.4,
https://www.basketball-reference.com/boxscores/201203240GSW.html,"10:30 PM, March 24, 2012",Golden State Warriors,Sacramento Kings,111,108,SAC,,,Team Totals,240,43,91,.473,1,15,.067,21,27,.778,16,31,47,23,4,6,15,18,108,,,Team Totals,240,.525,.478,.165,.297,34.0,79.5,54.7,53.5,4.0,9.0,12.7,100.0,108.1,111.1,
https://www.basketball-reference.com/boxscores/201203240GSW.html,"10:30 PM, March 24, 2012",Golden State Warriors,Sacramento Kings,111,108,GSW,,,Team Totals,240,43,88,.489,7,21,.333,18,21,.857,8,31,39,30,5,5,14,25,111,,,Team Totals,240,.571,.528,.239,.239,20.5,66.0,45.3,69.8,5.0,6.6,12.6,100.0,111.1,108.1,
https://www.basketball-reference.com/boxscores/201203240HOU.html,"8:00 PM, March 24, 2012",Houston Rockets,Dallas Mavericks,99,101,DAL,,,Team Totals,265,37,80,.463,6,22,.273,21,24,.875,5,33,38,17,3,15,8,20,101,,,Team Totals,265,.558,.500,.275,.300,12.2,67.3,42.2,45.9,3.3,21.1,8.1,100.0,110.0,107.9,
https://www.basketball-reference.com/boxscores/201203240HOU.html,"8:00 PM, March 24, 2012",Houston Rockets,Dallas Mavericks,99,101,HOU,,,Team Totals,265,37,96,.385,9,25,.360,16,18,.889,16,36,52,20,5,7,9,22,99,,,Team Totals,265,.476,.432,.260,.188,32.7,87.8,57.8,54.1,5.4,12.1,8.0,100.0,107.9,110.0,
https://www.basketball-reference.com/boxscores/201203240LAC.html,"3:00 PM, March 24, 2012",Los Angeles Clippers,Memphis Grizzlies,101,85,MEM,,,Team Totals,240,33,78,.423,9,15,.600,10,14,.714,14,23,37,26,6,4,17,26,85,,,Team Totals,240,.505,.481,.192,.179,34.1,71.9,50.7,78.8,7.1,7.1,16.8,100.0,100.3,119.2,
https://www.basketball-reference.com/boxscores/201203240LAC.html,"3:00 PM, March 24, 2012",Los Angeles Clippers,Memphis Grizzlies,101,85,LAC,,,Team Totals,240,36,72,.500,5,16,.313,24,33,.727,9,27,36,24,8,4,11,16,101,,,Team Totals,240,.584,.535,.222,.458,28.1,65.9,49.3,66.7,9.4,6.3,11.3,100.0,119.2,100.3,
https://www.basketball-reference.com/boxscores/201203240MIL.html,"8:30 PM, March 24, 2012",Milwaukee Bucks,Indiana Pacers,104,125,IND,,,Team Totals,240,43,84,.512,7,12,.583,32,39,.821,14,35,49,19,9,5,12,20,125,,,Team Totals,240,.618,.554,.143,.464,35.9,74.5,57.0,44.2,9.4,7.1,10.6,100.0,130.1,108.3,
https://www.basketball-reference.com/boxscores/201203240MIL.html,"8:30 PM, March 24, 2012",Milwaukee Bucks,Indiana Pacers,104,125,MIL,,,Team Totals,240,40,91,.440,10,21,.476,14,18,.778,12,25,37,30,4,3,12,22,104,,,Team Totals,240,.526,.495,.231,.198,25.5,64.1,43.0,75.0,4.2,4.2,10.8,100.0,108.3,130.1,
https://www.basketball-reference.com/boxscores/201203240NJN.html,"7:30 PM, March 24, 2012",New Jersey Nets,Charlotte Bobcats,102,89,CHA,,,Team Totals,240,35,79,.443,3,14,.214,16,22,.727,8,33,41,21,7,3,16,16,89,,,Team Totals,240,.502,.462,.177,.278,21.1,67.3,47.1,60.0,7.5,4.2,15.3,100.0,94.9,108.8,
https://www.basketball-reference.com/boxscores/201203240NJN.html,"7:30 PM, March 24, 2012",New Jersey Nets,Charlotte Bobcats,102,89,NJN,,,Team Totals,240,39,88,.443,5,16,.313,19,22,.864,16,30,46,24,9,2,14,19,102,,,Team Totals,240,.522,.472,.182,.250,32.7,78.9,52.9,61.5,9.6,3.1,12.5,100.0,108.8,94.9,
https://www.basketball-reference.com/boxscores/201203240NOH.html,"8:00 PM, March 24, 2012",New Orleans Hornets,San Antonio Spurs,86,89,SAS,,,Team Totals,240,36,90,.400,2,19,.105,15,17,.882,16,26,42,17,9,6,7,14,89,,,Team Totals,240,.457,.411,.211,.189,32.0,70.3,48.3,47.2,10.4,7.9,6.7,100.0,102.8,99.4,
https://www.basketball-reference.com/boxscores/201203240NOH.html,"8:00 PM, March 24, 2012",New Orleans Hornets,San Antonio Spurs,86,89,NOH,,,Team Totals,240,37,81,.457,1,5,.200,11,12,.917,11,34,45,21,3,5,16,19,86,,,Team Totals,240,.498,.463,.062,.148,29.7,68.0,51.7,56.8,3.5,7.0,15.6,100.0,99.4,102.8,
https://www.basketball-reference.com/boxscores/201203240NYK.html,"7:30 PM, March 24, 2012",New York Knicks,Detroit Pistons,101,79,DET,,,Team Totals,240,28,76,.368,6,19,.316,17,22,.773,8,22,30,13,12,5,17,19,79,,,Team Totals,240,.461,.408,.250,.289,18.2,55.0,35.7,46.4,13.0,8.6,16.6,100.0,85.3,109.1,
https://www.basketball-reference.com/boxscores/201203240NYK.html,"7:30 PM, March 24, 2012",New York Knicks,Detroit Pistons,101,79,NYK,,,Team Totals,240,38,78,.487,6,20,.300,19,30,.633,18,36,54,20,13,5,22,22,101,,,Team Totals,240,.554,.526,.256,.385,45.0,81.8,64.3,52.6,14.0,8.8,19.4,100.0,109.1,85.3,
https://www.basketball-reference.com/boxscores/201203240WAS.html,"7:00 PM, March 24, 2012",Washington Wizards,Atlanta Hawks,92,95,ATL,,,Team Totals,240,37,76,.487,7,23,.304,14,21,.667,10,31,41,22,5,3,12,17,95,,,Team Totals,240,.557,.533,.303,.276,28.6,68.9,51.3,59.5,6.0,4.5,12.3,100.0,113.5,109.9,
https://www.basketball-reference.com/boxscores/201203240WAS.html,"7:00 PM, March 24, 2012",Washington Wizards,Atlanta Hawks,92,95,WAS,,,Team Totals,240,38,85,.447,4,18,.222,12,14,.857,14,25,39,13,6,4,8,19,92,,,Team Totals,240,.505,.471,.212,.165,31.1,71.4,48.8,34.2,7.2,7.5,8.1,100.0,109.9,113.5,
https://www.basketball-reference.com/boxscores/201203250ATL.html,"6:00 PM, March 25, 2012",Atlanta Hawks,Utah Jazz,139,133,UTA,,,Team Totals,340,49,126,.389,6,21,.286,29,35,.829,23,41,64,28,8,8,10,38,133,,,Team Totals,340,.470,.413,.167,.278,31.9,73.2,50.0,57.1,6.6,9.1,6.6,100.0,109.2,114.1,
https://www.basketball-reference.com/boxscores/201203250ATL.html,"6:00 PM, March 25, 2012",Atlanta Hawks,Utah Jazz,139,133,ATL,,,Team Totals,340,48,107,.449,6,19,.316,37,47,.787,15,49,64,29,5,6,11,30,139,,,Team Totals,340,.544,.477,.178,.439,26.8,68.1,50.0,60.4,4.1,5.7,7.9,100.0,114.1,109.2,
https://www.basketball-reference.com/boxscores/201203250BOS.html,"6:00 PM, March 25, 2012",Boston Celtics,Washington Wizards,88,76,WAS,,,Team Totals,240,30,87,.345,3,14,.214,13,19,.684,16,29,45,12,7,2,15,18,76,,,Team Totals,240,.398,.362,.161,.218,30.2,93.5,53.6,40.0,7.7,3.3,13.6,100.0,84.0,97.3,
https://www.basketball-reference.com/boxscores/201203250BOS.html,"6:00 PM, March 25, 2012",Boston Celtics,Washington Wizards,88,76,BOS,,,Team Totals,240,34,70,.486,3,10,.300,17,18,.944,2,37,39,24,9,4,15,18,88,,,Team Totals,240,.565,.507,.143,.257,6.5,69.8,46.4,70.6,10.0,5.5,16.1,100.0,97.3,84.0,
https://www.basketball-reference.com/boxscores/201203250CLE.html,"3:00 PM, March 25, 2012",Cleveland Cavaliers,Phoenix Suns,83,108,PHO,,,Team Totals,240,42,82,.512,6,17,.353,18,26,.692,13,26,39,31,11,6,11,21,108,,,Team Totals,240,.578,.549,.207,.317,32.5,66.7,49.4,73.8,12.3,11.1,10.5,100.0,121.2,93.2,
https://www.basketball-reference.com/boxscores/201203250CLE.html,"3:00 PM, March 25, 2012",Cleveland Cavaliers,Phoenix Suns,83,108,CLE,,,Team Totals,240,27,70,.386,4,16,.250,25,30,.833,13,27,40,17,5,0,22,25,83,,,Team Totals,240,.499,.414,.229,.429,33.3,67.5,50.6,63.0,5.6,0.0,20.9,100.0,93.2,121.2,
https://www.basketball-reference.com/boxscores/201203250LAL.html,"10:30 PM, March 25, 2012",Los Angeles Lakers,Memphis Grizzlies,96,102,MEM,,,Team Totals,240,44,86,.512,6,13,.462,8,10,.800,14,28,42,25,9,7,14,22,102,,,Team Totals,240,.564,.547,.151,.116,35.0,70.0,52.5,56.8,10.2,12.7,13.4,100.0,116.0,109.2,
https://www.basketball-reference.com/boxscores/201203250LAL.html,"10:30 PM, March 25, 2012",Los Angeles Lakers,Memphis Grizzlies,96,102,LAL,,,Team Totals,240,31,73,.425,7,18,.389,27,30,.900,12,26,38,21,9,5,16,14,96,,,Team Totals,240,.557,.473,.247,.411,30.0,65.0,47.5,67.7,10.2,6.8,15.7,100.0,109.2,116.0,
https://www.basketball-reference.com/boxscores/201203250MIN.html,"3:30 PM, March 25, 2012",Minnesota Timberwolves,Denver Nuggets,117,100,DEN,,,Team Totals,240,41,81,.506,3,15,.200,15,22,.682,11,31,42,19,4,3,17,18,100,,,Team Totals,240,.551,.525,.185,.272,31.4,63.3,50.0,46.3,4.3,4.7,15.8,100.0,107.5,125.7,
https://www.basketball-reference.com/boxscores/201203250MIN.html,"3:30 PM, March 25, 2012",Minnesota Timberwolves,Denver Nuggets,117,100,MIN,,,Team Totals,240,45,99,.455,12,35,.343,15,15,1.000,18,24,42,25,6,5,9,19,117,,,Team Totals,240,.554,.515,.354,.152,36.7,68.6,50.0,55.6,6.4,7.6,7.9,100.0,125.7,107.5,
https://www.basketball-reference.com/boxscores/201203250OKC.html,"8:00 PM, March 25, 2012",Oklahoma City Thunder,Miami Heat,103,87,MIA,,,Team Totals,240,33,71,.465,7,22,.318,14,14,1.000,4,27,31,17,9,7,21,19,87,,,Team Totals,240,.564,.514,.310,.197,12.5,77.1,46.3,51.5,9.8,11.1,21.4,100.0,95.0,112.5,
https://www.basketball-reference.com/boxscores/201203250OKC.html,"8:00 PM, March 25, 2012",Oklahoma City Thunder,Miami Heat,103,87,OKC,,,Team Totals,240,39,74,.527,6,11,.545,19,23,.826,8,28,36,26,13,3,16,18,103,,,Team Totals,240,.612,.568,.149,.311,22.9,87.5,53.7,66.7,14.2,6.1,16.0,100.0,112.5,95.0,
https://www.basketball-reference.com/boxscores/201203250POR.html,"9:00 PM, March 25, 2012",Portland Trail Blazers,Golden State Warriors,90,87,GSW,,,Team Totals,240,32,74,.432,7,22,.318,16,17,.941,6,38,44,18,2,5,15,20,87,,,Team Totals,240,.534,.480,.297,.230,17.1,74.5,51.2,56.3,2.3,9.1,15.5,100.0,98.8,102.2,
https://www.basketball-reference.com/boxscores/201203250POR.html,"9:00 PM, March 25, 2012",Portland Trail Blazers,Golden State Warriors,90,87,POR,,,Team Totals,240,31,85,.365,10,30,.333,18,27,.667,13,29,42,20,8,8,7,12,90,,,Team Totals,240,.464,.424,.353,.318,25.5,82.9,48.8,64.5,9.1,15.4,6.7,100.0,102.2,98.8,
https://www.basketball-reference.com/boxscores/201203250SAS.html,"7:00 PM, March 25, 2012",San Antonio Spurs,Philadelphia 76ers,93,76,PHI,,,Team Totals,240,35,85,.412,1,9,.111,5,11,.455,12,35,47,18,11,4,21,16,76,,,Team Totals,240,.423,.418,.106,.129,24.0,81.4,50.5,51.4,11.3,7.5,18.9,100.0,77.9,95.4,
https://www.basketball-reference.com/boxscores/201203250SAS.html,"7:00 PM, March 25, 2012",San Antonio Spurs,Philadelphia 76ers,93,76,SAS,,,Team Totals,240,37,81,.457,7,28,.250,12,18,.667,8,38,46,21,15,6,18,16,93,,,Team Totals,240,.523,.500,.346,.222,18.6,76.0,49.5,56.8,15.4,7.9,16.8,100.0,95.4,77.9,
https://www.basketball-reference.com/boxscores/201203260CHA.html,"7:00 PM, March 26, 2012",Charlotte Bobcats,Boston Celtics,95,102,BOS,,,Team Totals,240,33,73,.452,2,12,.167,34,45,.756,8,29,37,21,8,8,10,25,102,,,Team Totals,240,.550,.466,.164,.616,23.5,80.6,52.9,63.6,8.6,11.9,9.7,100.0,109.5,102.0,
https://www.basketball-reference.com/boxscores/201203260CHA.html,"7:00 PM, March 26, 2012",Charlotte Bobcats,Boston Celtics,95,102,CHA,,,Team Totals,240,33,79,.418,4,12,.333,25,35,.714,7,26,33,25,2,8,12,31,95,,,Team Totals,240,.503,.443,.152,.443,19.4,76.5,47.1,75.8,2.1,13.1,11.3,100.0,102.0,109.5,
https://www.basketball-reference.com/boxscores/201203260CHI.html,"8:00 PM, March 26, 2012",Chicago Bulls,Denver Nuggets,91,108,DEN,,,Team Totals,240,44,88,.500,8,16,.500,12,16,.750,14,31,45,24,10,7,9,12,108,,,Team Totals,240,.568,.545,.182,.182,34.1,86.1,58.4,54.5,11.4,13.0,8.7,100.0,122.8,103.5,
https://www.basketball-reference.com/boxscores/201203260CHI.html,"8:00 PM, March 26, 2012",Chicago Bulls,Denver Nuggets,91,108,CHI,,,Team Totals,240,35,74,.473,13,20,.650,8,11,.727,5,27,32,24,3,11,16,15,91,,,Team Totals,240,.577,.561,.270,.149,13.9,65.9,41.6,68.6,3.4,15.3,16.9,100.0,103.5,122.8,
https://www.basketball-reference.com/boxscores/201203260HOU.html,"8:00 PM, March 26, 2012",Houston Rockets,Sacramento Kings,113,106,SAC,,,Team Totals,265,41,96,.427,5,18,.278,19,26,.731,18,27,45,17,14,5,17,20,106,,,Team Totals,265,.493,.453,.188,.271,33.3,67.5,47.9,41.5,13.6,7.2,13.7,100.0,102.6,109.4,
https://www.basketball-reference.com/boxscores/201203260HOU.html,"8:00 PM, March 26, 2012",Houston Rockets,Sacramento Kings,113,106,HOU,,,Team Totals,265,43,89,.483,4,20,.200,23,27,.852,13,36,49,27,6,9,19,21,113,,,Team Totals,265,.560,.506,.225,.303,32.5,66.7,52.1,62.8,5.8,11.5,15.8,100.0,109.4,102.6,
https://www.basketball-reference.com/boxscores/201203260IND.html,"7:00 PM, March 26, 2012",Indiana Pacers,Miami Heat,105,90,MIA,,,Team Totals,240,29,69,.420,8,20,.400,24,37,.649,9,24,33,11,6,7,17,24,90,,,Team Totals,240,.528,.478,.290,.536,20.5,63.2,40.2,37.9,6.6,11.1,16.6,100.0,98.4,114.8,
https://www.basketball-reference.com/boxscores/201203260IND.html,"7:00 PM, March 26, 2012",Indiana Pacers,Miami Heat,105,90,IND,,,Team Totals,240,37,81,.457,10,18,.556,21,28,.750,14,35,49,20,8,4,16,29,105,,,Team Totals,240,.563,.519,.222,.346,36.8,79.5,59.8,54.1,8.7,8.2,14.6,100.0,114.8,98.4,
https://www.basketball-reference.com/boxscores/201203260LAC.html,"10:30 PM, March 26, 2012",Los Angeles Clippers,New Orleans Hornets,97,85,NOH,,,Team Totals,240,31,62,.500,2,11,.182,21,31,.677,9,29,38,23,6,5,29,23,85,,,Team Totals,240,.562,.516,.177,.500,34.6,82.9,62.3,74.2,6.6,10.4,27.7,100.0,93.1,106.3,
https://www.basketball-reference.com/boxscores/201203260LAC.html,"10:30 PM, March 26, 2012",Los Angeles Clippers,New Orleans Hornets,97,85,LAC,,,Team Totals,240,37,74,.500,8,26,.308,15,21,.714,6,17,23,25,14,4,15,26,97,,,Team Totals,240,.583,.554,.351,.284,17.1,65.4,37.7,67.6,15.3,7.8,15.3,100.0,106.3,93.1,
https://www.basketball-reference.com/boxscores/201203260NJN.html,"7:30 PM, March 26, 2012",New Jersey Nets,Utah Jazz,84,105,UTA,,,Team Totals,240,42,81,.519,5,14,.357,16,18,.889,13,36,49,29,10,2,21,22,105,,,Team Totals,240,.590,.549,.173,.222,32.5,69.2,53.3,69.0,10.6,3.3,19.1,100.0,110.8,88.6,
https://www.basketball-reference.com/boxscores/201203260NJN.html,"7:30 PM, March 26, 2012",New Jersey Nets,Utah Jazz,84,105,NJN,,,Team Totals,240,29,81,.358,5,21,.238,21,35,.600,16,27,43,19,9,2,16,17,84,,,Team Totals,240,.436,.389,.259,.432,30.8,67.5,46.7,65.5,9.5,3.0,14.2,100.0,88.6,110.8,
https://www.basketball-reference.com/boxscores/201203260NYK.html,"7:30 PM, March 26, 2012",New York Knicks,Milwaukee Bucks,89,80,MIL,,,Team Totals,240,31,85,.365,6,24,.250,12,18,.667,9,32,41,17,12,0,20,28,80,,,Team Totals,240,.430,.400,.282,.212,18.0,71.1,43.2,54.8,12.1,0.0,17.7,100.0,80.8,89.9,
https://www.basketball-reference.com/boxscores/201203260NYK.html,"7:30 PM, March 26, 2012",New York Knicks,Milwaukee Bucks,89,80,NYK,,,Team Totals,240,26,74,.351,7,31,.226,30,35,.857,13,41,54,16,9,2,23,19,89,,,Team Totals,240,.498,.399,.419,.473,28.9,82.0,56.8,61.5,9.1,3.3,20.5,100.0,89.9,80.8,
https://www.basketball-reference.com/boxscores/201203260TOR.html,"7:00 PM, March 26, 2012",Toronto Raptors,Orlando Magic,101,117,ORL,,,Team Totals,240,44,81,.543,15,34,.441,14,19,.737,8,28,36,26,8,5,9,18,117,,,Team Totals,240,.655,.636,.420,.235,22.9,77.8,50.7,59.1,9.1,9.6,9.2,100.0,133.8,115.5,
https://www.basketball-reference.com/boxscores/201203260TOR.html,"7:00 PM, March 26, 2012",Toronto Raptors,Orlando Magic,101,117,TOR,,,Team Totals,240,35,74,.473,11,22,.500,20,24,.833,8,27,35,25,4,1,12,17,101,,,Team Totals,240,.597,.547,.297,.324,22.2,77.1,49.3,71.4,4.6,2.1,12.4,100.0,115.5,133.8,
https://www.basketball-reference.com/boxscores/201203260WAS.html,"7:00 PM, March 26, 2012",Washington Wizards,Detroit Pistons,77,79,DET,,,Team Totals,240,28,76,.368,3,13,.231,20,27,.741,15,34,49,12,8,5,19,23,79,,,Team Totals,240,.449,.388,.171,.355,31.9,81.0,55.1,42.9,8.9,8.2,17.8,100.0,87.5,85.3,
https://www.basketball-reference.com/boxscores/201203260WAS.html,"7:00 PM, March 26, 2012",Washington Wizards,Detroit Pistons,77,79,WAS,,,Team Totals,240,32,78,.410,4,17,.235,9,14,.643,8,32,40,21,9,3,17,23,77,,,Team Totals,240,.457,.436,.218,.179,19.0,68.1,44.9,65.6,10.0,4.8,16.8,100.0,85.3,87.5,
https://www.basketball-reference.com/boxscores/201203270DAL.html,"8:30 PM, March 27, 2012",Dallas Mavericks,Houston Rockets,90,81,HOU,,,Team Totals,240,33,79,.418,6,21,.286,9,12,.750,4,35,39,17,10,1,13,22,81,,,Team Totals,240,.481,.456,.266,.152,9.1,92.1,47.6,51.5,10.9,1.9,13.4,100.0,88.5,98.3,
https://www.basketball-reference.com/boxscores/201203270DAL.html,"8:30 PM, March 27, 2012",Dallas Mavericks,Houston Rockets,90,81,DAL,,,Team Totals,240,34,73,.466,6,19,.316,16,20,.800,3,40,43,18,7,2,13,14,90,,,Team Totals,240,.550,.507,.260,.274,7.9,90.9,52.4,52.9,7.6,3.4,13.7,100.0,98.3,88.5,
https://www.basketball-reference.com/boxscores/201203270GSW.html,"10:30 PM, March 27, 2012",Golden State Warriors,Los Angeles Lakers,101,104,LAL,,,Team Totals,240,36,86,.419,5,20,.250,27,34,.794,17,35,52,23,3,5,13,13,104,,,Team Totals,240,.515,.448,.233,.395,38.6,81.4,59.8,63.9,3.2,6.9,11.4,100.0,112.6,109.3,
https://www.basketball-reference.com/boxscores/201203270GSW.html,"10:30 PM, March 27, 2012",Golden State Warriors,Los Angeles Lakers,101,104,GSW,,,Team Totals,240,39,91,.429,6,19,.316,17,18,.944,8,27,35,22,4,9,5,25,101,,,Team Totals,240,.511,.462,.209,.198,18.6,61.4,40.2,56.4,4.3,13.6,4.8,100.0,109.3,112.6,
https://www.basketball-reference.com/boxscores/201203270MEM.html,"8:00 PM, March 27, 2012",Memphis Grizzlies,Minnesota Timberwolves,93,86,MIN,,,Team Totals,240,33,85,.388,9,29,.310,11,13,.846,12,28,40,13,7,8,14,21,86,,,Team Totals,240,.474,.441,.341,.153,25.5,66.7,44.9,39.4,7.8,11.6,13.4,100.0,95.7,103.5,
https://www.basketball-reference.com/boxscores/201203270MEM.html,"8:00 PM, March 27, 2012",Memphis Grizzlies,Minnesota Timberwolves,93,86,MEM,,,Team Totals,240,34,80,.425,0,11,.000,25,28,.893,14,35,49,16,9,9,15,15,93,,,Team Totals,240,.504,.425,.138,.350,33.3,74.5,55.1,47.1,10.0,16.1,14.0,100.0,103.5,95.7,
https://www.basketball-reference.com/boxscores/201203270MIL.html,"8:00 PM, March 27, 2012",Milwaukee Bucks,Atlanta Hawks,108,101,ATL,,,Team Totals,240,42,84,.500,7,23,.304,10,17,.588,13,29,42,27,7,1,22,16,101,,,Team Totals,240,.552,.542,.274,.202,33.3,74.4,53.8,64.3,7.3,1.3,19.4,100.0,105.1,112.4,
https://www.basketball-reference.com/boxscores/201203270MIL.html,"8:00 PM, March 27, 2012",Milwaukee Bucks,Atlanta Hawks,108,101,MIL,,,Team Totals,240,44,88,.500,5,11,.455,15,16,.938,10,26,36,29,10,7,12,16,108,,,Team Totals,240,.568,.528,.125,.182,25.6,66.7,46.2,65.9,10.4,11.5,11.2,100.0,112.4,105.1,
https://www.basketball-reference.com/boxscores/201203270PHI.html,"7:00 PM, March 27, 2012",Philadelphia 76ers,Cleveland Cavaliers,103,85,CLE,,,Team Totals,240,28,70,.400,9,23,.391,20,28,.714,9,35,44,19,6,4,18,15,85,,,Team Totals,240,.516,.464,.329,.400,20.9,79.5,50.6,67.9,6.5,5.5,17.9,100.0,92.1,111.6,
https://www.basketball-reference.com/boxscores/201203270PHI.html,"7:00 PM, March 27, 2012",Philadelphia 76ers,Cleveland Cavaliers,103,85,PHI,,,Team Totals,240,45,92,.489,10,19,.526,3,5,.600,9,34,43,25,8,6,11,22,103,,,Team Totals,240,.547,.543,.207,.054,20.5,79.1,49.4,55.6,8.7,12.8,10.5,100.0,111.6,92.1,
https://www.basketball-reference.com/boxscores/201203270PHO.html,"10:00 PM, March 27, 2012",Phoenix Suns,San Antonio Spurs,100,107,SAS,,,Team Totals,240,45,92,.489,6,27,.222,11,13,.846,15,33,48,24,6,0,10,12,107,,,Team Totals,240,.547,.522,.293,.141,33.3,80.5,55.8,53.3,6.6,0.0,9.3,100.0,118.5,110.7,
https://www.basketball-reference.com/boxscores/201203270PHO.html,"10:00 PM, March 27, 2012",Phoenix Suns,San Antonio Spurs,100,107,PHO,,,Team Totals,240,41,87,.471,7,19,.368,11,12,.917,8,30,38,14,3,4,8,15,100,,,Team Totals,240,.542,.511,.218,.138,19.5,66.7,44.2,34.1,3.3,6.2,8.0,100.0,110.7,118.5,
https://www.basketball-reference.com/boxscores/201203270POR.html,"10:00 PM, March 27, 2012",Portland Trail Blazers,Oklahoma City Thunder,95,109,OKC,,,Team Totals,240,45,79,.570,6,17,.353,13,16,.813,9,34,43,16,7,8,14,19,109,,,Team Totals,240,.633,.608,.215,.203,31.0,77.3,58.9,35.6,7.9,12.7,14.0,100.0,122.4,106.6,
https://www.basketball-reference.com/boxscores/201203270POR.html,"10:00 PM, March 27, 2012",Portland Trail Blazers,Oklahoma City Thunder,95,109,POR,,,Team Totals,240,34,79,.430,7,16,.438,20,25,.800,10,20,30,15,9,4,12,18,95,,,Team Totals,240,.528,.475,.203,.316,22.7,69.0,41.1,44.1,10.1,6.5,11.8,100.0,106.6,122.4,
https://www.basketball-reference.com/boxscores/201203280ATL.html,"7:30 PM, March 28, 2012",Atlanta Hawks,Chicago Bulls,77,98,CHI,,,Team Totals,240,38,81,.469,9,16,.563,13,20,.650,13,32,45,26,5,5,8,13,98,,,Team Totals,240,.546,.525,.198,.247,31.7,80.0,55.6,68.4,6.0,7.9,8.2,100.0,117.5,92.4,
https://www.basketball-reference.com/boxscores/201203280ATL.html,"7:30 PM, March 28, 2012",Atlanta Hawks,Chicago Bulls,77,98,ATL,,,Team Totals,240,32,80,.400,5,17,.294,8,9,.889,8,28,36,20,2,6,11,16,77,,,Team Totals,240,.459,.431,.213,.113,20.0,68.3,44.4,62.5,2.4,9.2,11.6,100.0,92.4,117.5,
https://www.basketball-reference.com/boxscores/201203280BOS.html,"7:30 PM, March 28, 2012",Boston Celtics,Utah Jazz,94,82,UTA,,,Team Totals,240,32,82,.390,3,10,.300,15,24,.625,16,33,49,23,8,7,15,20,82,,,Team Totals,240,.443,.409,.122,.293,32.0,89.2,56.3,71.9,8.8,11.3,13.9,100.0,90.0,103.2,
https://www.basketball-reference.com/boxscores/201203280BOS.html,"7:30 PM, March 28, 2012",Boston Celtics,Utah Jazz,94,82,BOS,,,Team Totals,240,36,77,.468,4,15,.267,18,21,.857,4,34,38,24,6,7,12,20,94,,,Team Totals,240,.545,.494,.195,.273,10.8,68.0,43.7,66.7,6.6,9.7,12.2,100.0,103.2,90.0,
https://www.basketball-reference.com/boxscores/201203280CHA.html,"7:00 PM, March 28, 2012",Charlotte Bobcats,Minnesota Timberwolves,83,88,MIN,,,Team Totals,240,33,81,.407,8,21,.381,14,20,.700,13,37,50,22,3,3,14,17,88,,,Team Totals,240,.490,.457,.259,.247,28.9,86.0,56.8,66.7,3.4,4.6,13.5,100.0,98.9,93.3,
https://www.basketball-reference.com/boxscores/201203280CHA.html,"7:00 PM, March 28, 2012",Charlotte Bobcats,Minnesota Timberwolves,83,88,CHA,,,Team Totals,240,31,78,.397,3,13,.231,18,22,.818,6,32,38,22,5,2,10,21,83,,,Team Totals,240,.473,.417,.167,.282,14.0,71.1,43.2,71.0,5.6,3.3,10.2,100.0,93.3,98.9,
https://www.basketball-reference.com/boxscores/201203280CLE.html,"7:00 PM, March 28, 2012",Cleveland Cavaliers,Detroit Pistons,75,87,DET,,,Team Totals,240,35,83,.422,7,15,.467,10,16,.625,13,36,49,18,7,11,11,13,87,,,Team Totals,240,.483,.464,.181,.193,29.5,67.9,50.5,51.4,8.1,15.7,10.9,100.0,100.9,87.0,
https://www.basketball-reference.com/boxscores/201203280CLE.html,"7:00 PM, March 28, 2012",Cleveland Cavaliers,Detroit Pistons,75,87,CLE,,,Team Totals,240,30,87,.345,5,17,.294,10,12,.833,17,31,48,20,6,9,15,17,75,,,Team Totals,240,.406,.374,.195,.138,32.1,70.5,49.5,66.7,7.0,13.2,14.0,100.0,87.0,100.9,
https://www.basketball-reference.com/boxscores/201203280GSW.html,"10:30 PM, March 28, 2012",Golden State Warriors,New Orleans Hornets,87,102,NOH,,,Team Totals,240,43,79,.544,7,11,.636,9,14,.643,11,28,39,26,8,3,9,17,102,,,Team Totals,240,.599,.589,.139,.177,30.6,77.8,54.2,60.5,9.5,6.5,9.6,100.0,121.4,103.5,
https://www.basketball-reference.com/boxscores/201203280GSW.html,"10:30 PM, March 28, 2012",Golden State Warriors,New Orleans Hornets,87,102,GSW,,,Team Totals,240,33,74,.446,10,28,.357,11,15,.733,8,25,33,19,4,5,16,16,87,,,Team Totals,240,.540,.514,.378,.203,22.2,69.4,45.8,57.6,4.8,7.4,16.6,100.0,103.5,121.4,
https://www.basketball-reference.com/boxscores/201203280LAC.html,"10:30 PM, March 28, 2012",Los Angeles Clippers,Phoenix Suns,103,86,PHO,,,Team Totals,240,30,80,.375,5,26,.192,21,32,.656,12,28,40,26,2,3,10,22,86,,,Team Totals,240,.457,.406,.325,.400,25.5,68.3,45.5,86.7,2.2,4.8,9.6,100.0,94.8,113.5,
https://www.basketball-reference.com/boxscores/201203280LAC.html,"10:30 PM, March 28, 2012",Los Angeles Clippers,Phoenix Suns,103,86,LAC,,,Team Totals,240,41,82,.500,7,19,.368,14,23,.609,13,35,48,26,6,5,15,21,103,,,Team Totals,240,.559,.543,.232,.280,31.7,74.5,54.5,63.4,6.6,9.3,14.0,100.0,113.5,94.8,
https://www.basketball-reference.com/boxscores/201203280NJN.html,"7:30 PM, March 28, 2012",New Jersey Nets,Indiana Pacers,100,84,IND,,,Team Totals,240,35,77,.455,6,20,.300,8,13,.615,12,27,39,20,6,3,18,20,84,,,Team Totals,240,.508,.494,.260,.169,28.6,67.5,47.6,57.1,6.9,4.5,17.9,100.0,96.7,115.1,
https://www.basketball-reference.com/boxscores/201203280NJN.html,"7:30 PM, March 28, 2012",New Jersey Nets,Indiana Pacers,100,84,NJN,,,Team Totals,240,40,82,.488,7,16,.438,13,15,.867,13,30,43,24,11,4,13,17,100,,,Team Totals,240,.564,.530,.195,.183,32.5,71.4,52.4,60.0,12.7,7.0,12.8,100.0,115.1,96.7,
https://www.basketball-reference.com/boxscores/201203280NYK.html,"7:00 PM, March 28, 2012",New York Knicks,Orlando Magic,108,86,ORL,,,Team Totals,240,31,69,.449,9,26,.346,15,26,.577,9,25,34,14,7,2,19,15,86,,,Team Totals,240,.535,.514,.377,.377,21.4,61.0,41.0,45.2,8.0,3.9,19.1,100.0,98.3,123.5,
https://www.basketball-reference.com/boxscores/201203280NYK.html,"7:00 PM, March 28, 2012",New York Knicks,Orlando Magic,108,86,NYK,,,Team Totals,240,43,85,.506,12,34,.353,10,12,.833,16,33,49,24,7,4,13,23,108,,,Team Totals,240,.598,.576,.400,.141,39.0,78.6,59.0,55.8,8.0,9.3,12.6,100.0,123.5,98.3,
https://www.basketball-reference.com/boxscores/201203280SAC.html,"10:00 PM, March 28, 2012",Sacramento Kings,San Antonio Spurs,112,117,SAS,,,Team Totals,240,49,91,.538,10,20,.500,9,12,.750,12,30,42,28,8,2,15,21,117,,,Team Totals,240,.608,.593,.220,.132,30.8,81.1,55.3,57.1,8.2,3.1,13.5,100.0,119.2,114.1,
https://www.basketball-reference.com/boxscores/201203280SAC.html,"10:00 PM, March 28, 2012",Sacramento Kings,San Antonio Spurs,112,117,SAC,,,Team Totals,240,47,86,.547,8,21,.381,10,13,.769,7,27,34,24,8,6,16,16,112,,,Team Totals,240,.611,.593,.244,.151,18.9,69.2,44.7,51.1,8.2,8.5,14.9,100.0,114.1,119.2,
https://www.basketball-reference.com/boxscores/201203280TOR.html,"7:00 PM, March 28, 2012",Toronto Raptors,Denver Nuggets,105,96,DEN,,,Team Totals,240,33,80,.413,5,20,.250,25,30,.833,12,31,43,18,6,3,12,20,96,,,Team Totals,240,.515,.444,.250,.375,27.3,64.6,46.7,54.5,6.7,4.7,11.4,100.0,106.6,116.6,
https://www.basketball-reference.com/boxscores/201203280TOR.html,"7:00 PM, March 28, 2012",Toronto Raptors,Denver Nuggets,105,96,TOR,,,Team Totals,240,35,86,.407,12,22,.545,23,33,.697,17,32,49,25,5,5,10,22,105,,,Team Totals,240,.522,.477,.256,.384,35.4,72.7,53.3,71.4,5.6,8.3,9.0,100.0,116.6,106.6,
https://www.basketball-reference.com/boxscores/201203290IND.html,"7:00 PM, March 29, 2012",Indiana Pacers,Washington Wizards,93,89,WAS,,,Team Totals,240,33,78,.423,7,22,.318,16,25,.640,15,30,45,17,5,10,17,22,89,,,Team Totals,240,.500,.468,.282,.321,33.3,75.0,52.9,51.5,5.6,15.9,16.0,100.0,100.1,104.5,
https://www.basketball-reference.com/boxscores/201203290IND.html,"7:00 PM, March 29, 2012",Indiana Pacers,Washington Wizards,93,89,IND,,,Team Totals,240,31,79,.392,6,16,.375,25,32,.781,10,30,40,19,9,6,10,23,93,,,Team Totals,240,.500,.430,.203,.405,25.0,66.7,47.1,61.3,10.1,10.7,9.7,100.0,104.5,100.1,
https://www.basketball-reference.com/boxscores/201203290LAL.html,"10:30 PM, March 29, 2012",Los Angeles Lakers,Oklahoma City Thunder,93,102,OKC,,,Team Totals,240,42,91,.462,5,12,.417,13,17,.765,19,29,48,18,5,12,10,21,102,,,Team Totals,240,.518,.489,.132,.187,40.4,63.0,51.6,42.9,5.8,16.4,9.2,100.0,117.6,107.2,
https://www.basketball-reference.com/boxscores/201203290LAL.html,"10:30 PM, March 29, 2012",Los Angeles Lakers,Oklahoma City Thunder,93,102,LAL,,,Team Totals,240,35,84,.417,4,11,.364,19,23,.826,17,28,45,15,3,9,13,16,93,,,Team Totals,240,.494,.440,.131,.274,37.0,59.6,48.4,42.9,3.5,11.4,12.1,100.0,107.2,117.6,
https://www.basketball-reference.com/boxscores/201203290MIA.html,"8:00 PM, March 29, 2012",Miami Heat,Dallas Mavericks,106,85,DAL,,,Team Totals,240,33,78,.423,9,24,.375,10,13,.769,6,23,29,21,7,1,15,19,85,,,Team Totals,240,.508,.481,.308,.167,15.4,67.6,39.7,63.6,7.8,1.6,15.2,100.0,94.2,117.5,
https://www.basketball-reference.com/boxscores/201203290MIA.html,"8:00 PM, March 29, 2012",Miami Heat,Dallas Mavericks,106,85,MIA,,,Team Totals,240,39,80,.488,5,17,.294,23,27,.852,11,33,44,22,10,5,13,17,106,,,Team Totals,240,.577,.519,.213,.338,32.4,84.6,60.3,56.4,11.1,9.3,12.4,100.0,117.5,94.2,
https://www.basketball-reference.com/boxscores/201203290POR.html,"10:00 PM, March 29, 2012",Portland Trail Blazers,New Orleans Hornets,99,93,NOH,,,Team Totals,240,33,71,.465,7,13,.538,20,21,.952,10,24,34,12,6,5,15,22,93,,,Team Totals,240,.580,.514,.183,.296,30.3,70.6,50.7,36.4,7.3,9.6,15.7,100.0,113.2,120.5,
https://www.basketball-reference.com/boxscores/201203290POR.html,"10:00 PM, March 29, 2012",Portland Trail Blazers,New Orleans Hornets,99,93,POR,,,Team Totals,240,39,80,.488,12,28,.429,9,13,.692,10,23,33,26,8,8,10,19,99,,,Team Totals,240,.577,.563,.350,.163,29.4,69.7,49.3,66.7,9.7,13.8,10.4,100.0,120.5,113.2,
https://www.basketball-reference.com/boxscores/201203300ATL.html,"7:30 PM, March 30, 2012",Atlanta Hawks,New York Knicks,100,90,NYK,,,Team Totals,240,31,70,.443,6,17,.353,22,33,.667,10,23,33,13,11,4,18,24,90,,,Team Totals,240,.532,.486,.243,.471,24.4,71.9,45.2,41.9,12.2,7.4,17.6,100.0,99.7,110.7,
https://www.basketball-reference.com/boxscores/201203300ATL.html,"7:30 PM, March 30, 2012",Atlanta Hawks,New York Knicks,100,90,ATL,,,Team Totals,240,37,73,.507,4,19,.211,22,26,.846,9,31,40,18,11,6,17,24,100,,,Team Totals,240,.592,.534,.260,.356,28.1,75.6,54.8,48.6,12.2,11.3,16.8,100.0,110.7,99.7,
https://www.basketball-reference.com/boxscores/201203300CHA.html,"7:00 PM, March 30, 2012",Charlotte Bobcats,Denver Nuggets,88,99,DEN,,,Team Totals,240,38,73,.521,2,17,.118,21,29,.724,9,40,49,29,4,7,25,21,99,,,Team Totals,240,.577,.534,.233,.397,28.1,78.4,59.0,76.3,4.0,9.2,22.6,100.0,97.9,87.1,
https://www.basketball-reference.com/boxscores/201203300CHA.html,"7:00 PM, March 30, 2012",Charlotte Bobcats,Denver Nuggets,88,99,CHA,,,Team Totals,240,36,98,.367,6,22,.273,10,11,.909,11,23,34,26,11,4,15,23,88,,,Team Totals,240,.428,.398,.224,.112,21.6,71.9,41.0,72.2,10.9,7.1,12.7,100.0,87.1,97.9,
https://www.basketball-reference.com/boxscores/201203300CHI.html,"8:00 PM, March 30, 2012",Chicago Bulls,Detroit Pistons,83,71,DET,,,Team Totals,240,31,84,.369,3,11,.273,6,7,.857,16,21,37,15,8,4,12,19,71,,,Team Totals,240,.408,.387,.131,.083,32.7,51.2,41.1,48.4,10.0,6.3,12.1,100.0,88.6,103.6,
https://www.basketball-reference.com/boxscores/201203300CHI.html,"8:00 PM, March 30, 2012",Chicago Bulls,Detroit Pistons,83,71,CHI,,,Team Totals,240,32,75,.427,2,12,.167,17,21,.810,20,33,53,22,6,10,19,12,83,,,Team Totals,240,.493,.440,.160,.280,48.8,67.3,58.9,68.8,7.5,13.7,18.4,100.0,103.6,88.6,
https://www.basketball-reference.com/boxscores/201203300CLE.html,"7:30 PM, March 30, 2012",Cleveland Cavaliers,Milwaukee Bucks,84,121,MIL,,,Team Totals,240,50,88,.568,10,16,.625,11,18,.611,11,41,52,32,9,3,6,18,121,,,Team Totals,240,.631,.625,.182,.205,28.2,75.9,55.9,64.0,10.0,4.8,5.9,100.0,134.3,93.2,
https://www.basketball-reference.com/boxscores/201203300CLE.html,"7:30 PM, March 30, 2012",Cleveland Cavaliers,Milwaukee Bucks,84,121,CLE,,,Team Totals,240,34,85,.400,6,22,.273,10,19,.526,13,28,41,17,2,1,11,15,84,,,Team Totals,240,.450,.435,.259,.224,24.1,71.8,44.1,50.0,2.2,1.4,10.5,100.0,93.2,134.3,
https://www.basketball-reference.com/boxscores/201203300GSW.html,"10:30 PM, March 30, 2012",Golden State Warriors,New Jersey Nets,100,102,NJN,,,Team Totals,240,35,81,.432,8,20,.400,24,30,.800,14,30,44,28,14,5,17,15,102,,,Team Totals,240,.541,.481,.247,.370,35.0,83.3,57.9,80.0,15.1,8.2,15.3,100.0,109.8,107.7,
https://www.basketball-reference.com/boxscores/201203300GSW.html,"10:30 PM, March 30, 2012",Golden State Warriors,New Jersey Nets,100,102,GSW,,,Team Totals,240,40,76,.526,7,15,.467,13,16,.813,6,26,32,26,11,3,17,21,100,,,Team Totals,240,.602,.572,.197,.211,16.7,65.0,42.1,65.0,11.8,4.9,17.0,100.0,107.7,109.8,
https://www.basketball-reference.com/boxscores/201203300HOU.html,"8:00 PM, March 30, 2012",Houston Rockets,Memphis Grizzlies,98,89,MEM,,,Team Totals,240,35,94,.372,1,15,.067,18,26,.692,23,22,45,10,13,5,7,19,89,,,Team Totals,240,.422,.378,.160,.277,39.7,75.9,51.7,28.6,14.9,8.5,6.2,100.0,102.1,112.4,
https://www.basketball-reference.com/boxscores/201203300HOU.html,"8:00 PM, March 30, 2012",Houston Rockets,Memphis Grizzlies,98,89,HOU,,,Team Totals,240,38,73,.521,7,14,.500,15,20,.750,7,35,42,18,5,9,16,21,98,,,Team Totals,240,.599,.568,.192,.274,24.1,60.3,48.3,47.4,5.7,11.4,16.4,100.0,112.4,102.1,
https://www.basketball-reference.com/boxscores/201203300LAC.html,"10:30 PM, March 30, 2012",Los Angeles Clippers,Portland Trail Blazers,98,97,POR,,,Team Totals,240,39,78,.500,8,19,.421,11,15,.733,12,24,36,24,6,1,13,22,97,,,Team Totals,240,.573,.551,.244,.192,33.3,77.4,53.7,61.5,7.1,1.9,13.3,100.0,114.1,115.3,
https://www.basketball-reference.com/boxscores/201203300LAC.html,"10:30 PM, March 30, 2012",Los Angeles Clippers,Portland Trail Blazers,98,97,LAC,,,Team Totals,240,39,75,.520,8,21,.381,12,19,.632,7,24,31,26,7,6,13,15,98,,,Team Totals,240,.588,.573,.280,.253,22.6,66.7,46.3,66.7,8.2,10.2,13.5,100.0,115.3,114.1,
https://www.basketball-reference.com/boxscores/201203300MIN.html,"8:00 PM, March 30, 2012",Minnesota Timberwolves,Boston Celtics,79,100,BOS,,,Team Totals,240,44,90,.489,4,12,.333,8,11,.727,13,32,45,29,9,3,9,22,100,,,Team Totals,240,.527,.511,.133,.122,29.5,69.6,50.0,65.9,10.1,5.9,8.7,100.0,111.8,88.3,
https://www.basketball-reference.com/boxscores/201203300MIN.html,"8:00 PM, March 30, 2012",Minnesota Timberwolves,Boston Celtics,79,100,MIN,,,Team Totals,240,26,75,.347,6,24,.250,21,25,.840,14,31,45,15,5,1,21,13,79,,,Team Totals,240,.459,.387,.320,.333,30.4,70.5,50.0,57.7,5.6,1.3,19.6,100.0,88.3,111.8,
https://www.basketball-reference.com/boxscores/201203300ORL.html,"8:00 PM, March 30, 2012",Orlando Magic,Dallas Mavericks,98,100,DAL,,,Team Totals,240,38,80,.475,7,22,.318,17,21,.810,5,32,37,21,9,3,9,18,100,,,Team Totals,240,.560,.519,.275,.263,11.9,76.2,44.0,55.3,9.7,6.5,9.2,100.0,107.4,105.2,
https://www.basketball-reference.com/boxscores/201203300ORL.html,"8:00 PM, March 30, 2012",Orlando Magic,Dallas Mavericks,98,100,ORL,,,Team Totals,240,35,78,.449,11,32,.344,17,28,.607,10,37,47,17,7,4,16,21,98,,,Team Totals,240,.543,.519,.410,.359,23.8,88.1,56.0,48.6,7.5,6.9,15.0,100.0,105.2,107.4,
https://www.basketball-reference.com/boxscores/201203300TOR.html,"7:00 PM, March 30, 2012",Toronto Raptors,Miami Heat,101,113,MIA,,,Team Totals,240,44,77,.571,5,14,.357,20,24,.833,11,19,30,26,11,5,8,16,113,,,Team Totals,240,.645,.604,.182,.312,34.4,67.9,50.0,59.1,13.2,8.6,8.4,100.0,135.6,121.2,
https://www.basketball-reference.com/boxscores/201203300TOR.html,"7:00 PM, March 30, 2012",Toronto Raptors,Miami Heat,101,113,TOR,,,Team Totals,240,39,72,.542,5,14,.357,18,19,.947,9,21,30,27,5,4,16,16,101,,,Team Totals,240,.628,.576,.194,.264,32.1,65.6,50.0,69.2,6.0,6.3,16.6,100.0,121.2,135.6,
https://www.basketball-reference.com/boxscores/201203300UTA.html,"9:00 PM, March 30, 2012",Utah Jazz,Sacramento Kings,103,104,SAC,,,Team Totals,240,39,90,.433,4,16,.250,22,32,.688,16,32,48,16,7,10,11,27,104,,,Team Totals,240,.500,.456,.178,.356,31.4,54.2,43.6,41.0,7.3,13.3,9.6,100.0,108.0,107.0,
https://www.basketball-reference.com/boxscores/201203300UTA.html,"9:00 PM, March 30, 2012",Utah Jazz,Sacramento Kings,103,104,UTA,,,Team Totals,240,31,88,.352,3,13,.231,38,52,.731,27,35,62,19,6,7,15,29,103,,,Team Totals,240,.464,.369,.148,.591,45.8,68.6,56.4,61.3,6.2,9.5,11.9,100.0,107.0,108.0,
https://www.basketball-reference.com/boxscores/201203300WAS.html,"7:00 PM, March 30, 2012",Washington Wizards,Philadelphia 76ers,97,76,PHI,,,Team Totals,240,30,82,.366,3,14,.214,13,17,.765,10,28,38,19,5,3,10,11,76,,,Team Totals,240,.425,.384,.171,.207,20.0,70.0,42.2,63.3,5.7,4.3,10.1,100.0,86.1,109.8,
https://www.basketball-reference.com/boxscores/201203300WAS.html,"7:00 PM, March 30, 2012",Washington Wizards,Philadelphia 76ers,97,76,WAS,,,Team Totals,240,42,87,.483,7,17,.412,6,6,1.000,12,40,52,26,5,7,14,16,97,,,Team Totals,240,.541,.523,.195,.069,30.0,80.0,57.8,61.9,5.7,10.3,13.5,100.0,109.8,86.1,
https://www.basketball-reference.com/boxscores/201203310DET.html,"7:30 PM, March 31, 2012",Detroit Pistons,Charlotte Bobcats,110,107,CHA,,,Team Totals,265,40,86,.465,8,22,.364,19,22,.864,8,25,33,28,10,4,14,20,107,,,Team Totals,265,.559,.512,.256,.256,20.5,62.5,41.8,70.0,10.3,5.2,12.8,100.0,110.5,113.6,
https://www.basketball-reference.com/boxscores/201203310DET.html,"7:30 PM, March 31, 2012",Detroit Pistons,Charlotte Bobcats,110,107,DET,,,Team Totals,265,45,87,.517,4,10,.400,16,22,.727,15,31,46,19,8,4,16,21,110,,,Team Totals,265,.569,.540,.115,.253,37.5,79.5,58.2,42.2,8.3,6.3,14.2,100.0,113.6,110.5,
https://www.basketball-reference.com/boxscores/201203310LAC.html,"10:30 PM, March 31, 2012",Los Angeles Clippers,Utah Jazz,105,96,UTA,,,Team Totals,240,35,77,.455,4,12,.333,22,31,.710,13,25,38,21,4,3,14,23,96,,,Team Totals,240,.530,.481,.156,.403,30.2,83.3,52.1,60.0,4.5,5.9,13.4,100.0,108.2,118.3,
https://www.basketball-reference.com/boxscores/201203310LAC.html,"10:30 PM, March 31, 2012",Los Angeles Clippers,Utah Jazz,105,96,LAC,,,Team Totals,240,39,72,.542,10,21,.476,17,24,.708,5,30,35,23,6,5,12,23,105,,,Team Totals,240,.636,.611,.292,.333,16.7,69.8,47.9,59.0,6.8,7.7,12.7,100.0,118.3,108.2,
https://www.basketball-reference.com/boxscores/201203310LAL.html,"3:30 PM, March 31, 2012",Los Angeles Lakers,New Orleans Hornets,88,85,NOH,,,Team Totals,240,39,92,.424,2,10,.200,5,10,.500,14,33,47,21,10,2,8,17,85,,,Team Totals,240,.441,.435,.109,.109,28.6,73.3,50.0,53.8,11.4,3.6,7.7,100.0,96.7,100.1,
https://www.basketball-reference.com/boxscores/201203310LAL.html,"3:30 PM, March 31, 2012",Los Angeles Lakers,New Orleans Hornets,88,85,LAL,,,Team Totals,240,32,77,.416,7,22,.318,17,22,.773,12,35,47,28,5,5,15,11,88,,,Team Totals,240,.508,.461,.286,.286,26.7,71.4,50.0,87.5,5.7,6.1,14.8,100.0,100.1,96.7,
https://www.basketball-reference.com/boxscores/201203310MIL.html,"8:30 PM, March 31, 2012",Milwaukee Bucks,Memphis Grizzlies,95,99,MEM,,,Team Totals,240,37,88,.420,4,15,.267,21,28,.750,18,40,58,15,6,5,17,28,99,,,Team Totals,240,.493,.443,.170,.318,37.5,81.6,59.8,40.5,6.2,7.7,14.5,100.0,101.8,97.7,
https://www.basketball-reference.com/boxscores/201203310MIL.html,"8:30 PM, March 31, 2012",Milwaukee Bucks,Memphis Grizzlies,95,99,MIL,,,Team Totals,240,34,82,.415,5,17,.294,22,28,.786,9,30,39,21,12,4,15,19,95,,,Team Totals,240,.504,.445,.207,.341,18.4,62.5,40.2,61.8,12.3,5.5,13.7,100.0,97.7,101.8,
https://www.basketball-reference.com/boxscores/201203310NYK.html,"7:30 PM, March 31, 2012",New York Knicks,Cleveland Cavaliers,91,75,CLE,,,Team Totals,240,28,72,.389,2,13,.154,17,27,.630,11,27,38,13,7,1,20,25,75,,,Team Totals,240,.447,.403,.181,.375,26.8,61.4,44.7,46.4,7.9,2.1,19.3,100.0,84.8,102.9,
https://www.basketball-reference.com/boxscores/201203310NYK.html,"7:30 PM, March 31, 2012",New York Knicks,Cleveland Cavaliers,91,75,NYK,,,Team Totals,240,30,76,.395,9,28,.321,22,32,.688,17,30,47,14,13,5,17,19,91,,,Team Totals,240,.505,.454,.368,.421,38.6,73.2,55.3,46.7,14.7,8.5,15.9,100.0,102.9,84.8,
https://www.basketball-reference.com/boxscores/201203310PHI.html,"7:30 PM, March 31, 2012",Philadelphia 76ers,Atlanta Hawks,95,90,ATL,,,Team Totals,240,35,74,.473,4,14,.286,16,22,.727,7,28,35,20,7,2,10,19,90,,,Team Totals,240,.538,.500,.189,.297,17.9,75.7,46.1,57.1,8.2,3.1,10.7,100.0,105.6,111.4,
https://www.basketball-reference.com/boxscores/201203310PHI.html,"7:30 PM, March 31, 2012",Philadelphia 76ers,Atlanta Hawks,95,90,PHI,,,Team Totals,240,37,77,.481,6,12,.500,15,19,.789,9,32,41,25,4,4,11,16,95,,,Team Totals,240,.556,.519,.156,.247,24.3,82.1,53.9,67.6,4.7,6.7,11.4,100.0,111.4,105.6,
https://www.basketball-reference.com/boxscores/201203310SAC.html,"10:00 PM, March 31, 2012",Sacramento Kings,New Jersey Nets,99,111,NJN,,,Team Totals,240,43,92,.467,10,28,.357,15,20,.750,16,32,48,30,12,7,20,20,111,,,Team Totals,240,.551,.522,.304,.217,34.8,68.1,51.6,69.8,11.9,9.6,16.6,100.0,110.1,98.2,
https://www.basketball-reference.com/boxscores/201203310SAC.html,"10:00 PM, March 31, 2012",Sacramento Kings,New Jersey Nets,99,111,SAC,,,Team Totals,240,39,90,.433,3,17,.176,18,23,.783,15,30,45,17,12,5,18,22,99,,,Team Totals,240,.494,.450,.189,.256,31.9,65.2,48.4,43.6,11.9,7.8,15.2,100.0,98.2,110.1,
https://www.basketball-reference.com/boxscores/201203310SAS.html,"8:30 PM, March 31, 2012",San Antonio Spurs,Indiana Pacers,112,103,IND,,,Team Totals,240,42,79,.532,5,14,.357,14,18,.778,4,28,32,21,7,8,14,24,103,,,Team Totals,240,.592,.563,.177,.228,11.8,73.7,44.4,50.0,7.6,14.0,13.9,100.0,111.9,121.7,
https://www.basketball-reference.com/boxscores/201203310SAS.html,"8:30 PM, March 31, 2012",San Antonio Spurs,Indiana Pacers,112,103,SAS,,,Team Totals,240,38,76,.500,9,19,.474,27,33,.818,10,30,40,22,8,5,10,17,112,,,Team Totals,240,.619,.559,.250,.434,26.3,88.2,55.6,57.9,8.7,7.7,9.9,100.0,121.7,111.9,
https://www.basketball-reference.com/boxscores/201204010BOS.html,"3:30 PM, April 1, 2012",Boston Celtics,Miami Heat,91,72,MIA,,,Team Totals,240,31,89,.348,3,16,.188,7,17,.412,15,32,47,15,4,6,12,15,72,,,Team Totals,240,.373,.365,.180,.191,25.4,86.5,49.0,48.4,4.4,10.5,11.1,100.0,79.4,100.3,
https://www.basketball-reference.com/boxscores/201204010BOS.html,"3:30 PM, April 1, 2012",Boston Celtics,Miami Heat,91,72,BOS,,,Team Totals,240,33,70,.471,5,13,.385,20,22,.909,5,44,49,21,7,3,16,18,91,,,Team Totals,240,.571,.507,.186,.314,13.5,74.6,51.0,63.6,7.7,4.1,16.7,100.0,100.3,79.4,
https://www.basketball-reference.com/boxscores/201204010HOU.html,"7:00 PM, April 1, 2012",Houston Rockets,Indiana Pacers,102,104,IND,,,Team Totals,265,37,83,.446,6,15,.400,24,28,.857,14,40,54,23,4,10,17,16,104,,,Team Totals,265,.546,.482,.181,.337,35.0,69.0,55.1,62.2,4.2,12.5,15.1,100.0,110.0,107.9,
https://www.basketball-reference.com/boxscores/201204010HOU.html,"7:00 PM, April 1, 2012",Houston Rockets,Indiana Pacers,102,104,HOU,,,Team Totals,265,44,101,.436,9,21,.429,5,10,.500,18,26,44,25,8,7,9,23,102,,,Team Totals,265,.484,.480,.208,.099,31.0,65.0,44.9,56.8,8.5,10.3,7.9,100.0,107.9,110.0,
https://www.basketball-reference.com/boxscores/201204010LAL.html,"9:30 PM, April 1, 2012",Los Angeles Lakers,Golden State Warriors,120,112,GSW,,,Team Totals,240,44,90,.489,11,21,.524,13,15,.867,8,21,29,31,9,5,5,23,112,,,Team Totals,240,.580,.550,.233,.167,18.6,58.3,36.7,70.5,9.8,7.9,4.9,100.0,121.5,130.2,
https://www.basketball-reference.com/boxscores/201204010LAL.html,"9:30 PM, April 1, 2012",Los Angeles Lakers,Golden State Warriors,120,112,LAL,,,Team Totals,240,44,82,.537,10,19,.526,22,31,.710,15,35,50,31,4,7,15,17,120,,,Team Totals,240,.627,.598,.232,.378,41.7,81.4,63.3,70.5,4.3,10.1,13.6,100.0,130.2,121.5,
https://www.basketball-reference.com/boxscores/201204010OKC.html,"1:00 PM, April 1, 2012",Oklahoma City Thunder,Chicago Bulls,92,78,CHI,,,Team Totals,240,30,91,.330,8,24,.333,10,15,.667,18,30,48,17,10,2,12,14,78,,,Team Totals,240,.400,.374,.264,.165,32.7,90.9,54.5,56.7,11.3,3.1,10.9,100.0,87.8,103.5,
https://www.basketball-reference.com/boxscores/201204010OKC.html,"1:00 PM, April 1, 2012",Oklahoma City Thunder,Chicago Bulls,92,78,OKC,,,Team Totals,240,36,74,.486,4,9,.444,16,17,.941,3,37,40,20,6,9,13,15,92,,,Team Totals,240,.565,.514,.122,.230,9.1,67.3,45.5,55.6,6.8,13.4,13.8,100.0,103.5,87.8,
https://www.basketball-reference.com/boxscores/201204010ORL.html,"6:00 PM, April 1, 2012",Orlando Magic,Denver Nuggets,101,104,DEN,,,Team Totals,240,40,72,.556,8,19,.421,16,21,.762,7,31,38,21,5,3,17,22,104,,,Team Totals,240,.640,.611,.264,.292,23.3,63.3,48.1,52.5,5.6,5.4,17.3,100.0,116.0,112.6,
https://www.basketball-reference.com/boxscores/201204010ORL.html,"6:00 PM, April 1, 2012",Orlando Magic,Denver Nuggets,101,104,ORL,,,Team Totals,240,37,88,.420,8,32,.250,19,25,.760,18,23,41,15,6,3,12,15,101,,,Team Totals,240,.510,.466,.364,.284,36.7,76.7,51.9,40.5,6.7,5.7,10.8,100.0,112.6,116.0,
https://www.basketball-reference.com/boxscores/201204010PHO.html,"9:00 PM, April 1, 2012",Phoenix Suns,New Orleans Hornets,92,75,NOH,,,Team Totals,240,32,77,.416,4,9,.444,7,9,.778,9,28,37,18,11,1,19,21,75,,,Team Totals,240,.463,.442,.117,.117,20.9,75.7,46.3,56.3,12.3,1.8,19.0,100.0,84.0,103.1,
https://www.basketball-reference.com/boxscores/201204010PHO.html,"9:00 PM, April 1, 2012",Phoenix Suns,New Orleans Hornets,92,75,PHO,,,Team Totals,240,35,71,.493,3,15,.200,19,21,.905,9,34,43,21,6,4,19,15,92,,,Team Totals,240,.573,.514,.211,.296,24.3,79.1,53.8,60.0,6.7,5.9,19.1,100.0,103.1,84.0,
https://www.basketball-reference.com/boxscores/201204010POR.html,"9:00 PM, April 1, 2012",Portland Trail Blazers,Minnesota Timberwolves,119,106,MIN,,,Team Totals,240,36,78,.462,5,21,.238,29,35,.829,8,28,36,16,7,4,8,19,106,,,Team Totals,240,.567,.494,.269,.449,20.5,68.3,45.0,44.4,7.7,6.7,7.9,100.0,116.1,130.4,
https://www.basketball-reference.com/boxscores/201204010POR.html,"9:00 PM, April 1, 2012",Portland Trail Blazers,Minnesota Timberwolves,119,106,POR,,,Team Totals,240,46,88,.523,9,28,.321,18,20,.900,13,31,44,22,3,4,10,21,119,,,Team Totals,240,.615,.574,.318,.227,31.7,79.5,55.0,47.8,3.3,7.0,9.4,100.0,130.4,116.1,
https://www.basketball-reference.com/boxscores/201204010TOR.html,"6:00 PM, April 1, 2012",Toronto Raptors,Washington Wizards,99,92,WAS,,,Team Totals,240,34,71,.479,8,20,.400,16,20,.800,6,25,31,25,2,4,13,22,92,,,Team Totals,240,.576,.535,.282,.282,16.2,67.6,41.9,73.5,2.3,6.7,14.0,100.0,107.7,115.9,
https://www.basketball-reference.com/boxscores/201204010TOR.html,"6:00 PM, April 1, 2012",Toronto Raptors,Washington Wizards,99,92,TOR,,,Team Totals,240,37,77,.481,4,17,.235,21,23,.913,12,31,43,22,8,3,13,22,99,,,Team Totals,240,.568,.506,.221,.299,32.4,83.8,58.1,59.5,9.4,5.9,13.0,100.0,115.9,107.7,
https://www.basketball-reference.com/boxscores/201204020CHI.html,"8:00 PM, April 2, 2012",Chicago Bulls,Houston Rockets,93,99,HOU,,,Team Totals,240,42,89,.472,4,13,.308,11,14,.786,13,25,38,23,11,5,8,18,99,,,Team Totals,240,.520,.494,.146,.157,31.0,58.1,44.7,54.8,12.5,7.6,7.8,100.0,112.1,105.3,
https://www.basketball-reference.com/boxscores/201204020CHI.html,"8:00 PM, April 2, 2012",Chicago Bulls,Houston Rockets,93,99,CHI,,,Team Totals,240,40,83,.482,5,17,.294,8,17,.471,18,29,47,25,5,7,19,17,93,,,Team Totals,240,.514,.512,.205,.205,41.9,69.0,55.3,62.5,5.7,9.2,17.4,100.0,105.3,112.1,
https://www.basketball-reference.com/boxscores/201204020DAL.html,"8:30 PM, April 2, 2012",Dallas Mavericks,Los Angeles Clippers,75,94,LAC,,,Team Totals,240,39,83,.470,11,32,.344,5,12,.417,13,36,49,16,10,2,13,14,94,,,Team Totals,240,.532,.536,.386,.145,30.2,81.8,56.3,41.0,11.5,3.7,12.8,100.0,107.9,86.1,
https://www.basketball-reference.com/boxscores/201204020DAL.html,"8:30 PM, April 2, 2012",Dallas Mavericks,Los Angeles Clippers,75,94,DAL,,,Team Totals,240,30,77,.390,5,23,.217,10,17,.588,8,30,38,14,4,4,13,10,75,,,Team Totals,240,.444,.422,.299,.221,18.2,69.8,43.7,46.7,4.6,7.8,13.3,100.0,86.1,107.9,
https://www.basketball-reference.com/boxscores/201204020OKC.html,"8:00 PM, April 2, 2012",Oklahoma City Thunder,Memphis Grizzlies,88,94,MEM,,,Team Totals,240,34,87,.391,4,16,.250,22,24,.917,14,29,43,12,9,1,10,17,94,,,Team Totals,240,.482,.414,.184,.276,29.2,76.3,50.0,35.3,10.0,1.9,9.3,100.0,104.1,97.5,
https://www.basketball-reference.com/boxscores/201204020OKC.html,"8:00 PM, April 2, 2012",Oklahoma City Thunder,Memphis Grizzlies,88,94,OKC,,,Team Totals,240,33,73,.452,5,21,.238,17,24,.708,9,34,43,14,6,8,18,20,88,,,Team Totals,240,.527,.486,.288,.329,23.7,70.8,50.0,42.4,6.6,11.3,17.7,100.0,97.5,104.1,
https://www.basketball-reference.com/boxscores/201204020POR.html,"10:00 PM, April 2, 2012",Portland Trail Blazers,Utah Jazz,97,102,UTA,,,Team Totals,240,41,84,.488,4,15,.267,16,21,.762,12,30,42,23,9,1,15,17,102,,,Team Totals,240,.547,.512,.179,.250,30.0,71.4,51.2,56.1,9.8,1.7,13.9,100.0,111.0,105.6,
https://www.basketball-reference.com/boxscores/201204020POR.html,"10:00 PM, April 2, 2012",Portland Trail Blazers,Utah Jazz,97,102,POR,,,Team Totals,240,35,81,.432,12,22,.545,15,18,.833,12,28,40,24,6,6,16,19,97,,,Team Totals,240,.545,.506,.272,.222,28.6,70.0,48.8,68.6,6.5,8.7,15.2,100.0,105.6,111.0,
https://www.basketball-reference.com/boxscores/201204020SAC.html,"10:00 PM, April 2, 2012",Sacramento Kings,Minnesota Timberwolves,116,108,MIN,,,Team Totals,240,39,81,.481,11,21,.524,19,26,.731,11,24,35,23,6,4,12,22,108,,,Team Totals,240,.584,.549,.259,.321,25.0,64.9,43.2,59.0,6.5,6.5,11.5,100.0,117.7,126.4,
https://www.basketball-reference.com/boxscores/201204020SAC.html,"10:00 PM, April 2, 2012",Sacramento Kings,Minnesota Timberwolves,116,108,SAC,,,Team Totals,240,43,85,.506,7,23,.304,23,28,.821,13,33,46,22,8,5,11,21,116,,,Team Totals,240,.596,.547,.271,.329,35.1,75.0,56.8,51.2,8.7,8.3,10.2,100.0,126.4,117.7,
https://www.basketball-reference.com/boxscores/201204020WAS.html,"7:00 PM, April 2, 2012",Washington Wizards,Milwaukee Bucks,98,112,MIL,,,Team Totals,240,43,83,.518,4,10,.400,22,29,.759,15,33,48,25,7,2,19,17,112,,,Team Totals,240,.585,.542,.120,.349,36.6,78.6,57.8,58.1,7.2,3.2,16.6,100.0,115.1,100.7,
https://www.basketball-reference.com/boxscores/201204020WAS.html,"7:00 PM, April 2, 2012",Washington Wizards,Milwaukee Bucks,98,112,WAS,,,Team Totals,240,36,81,.444,7,18,.389,19,20,.950,9,26,35,22,8,2,18,24,98,,,Team Totals,240,.546,.488,.222,.247,21.4,63.4,42.2,61.1,8.2,2.7,16.7,100.0,100.7,115.1,
https://www.basketball-reference.com/boxscores/201204030CLE.html,"7:00 PM, April 3, 2012",Cleveland Cavaliers,San Antonio Spurs,90,125,SAS,,,Team Totals,240,48,81,.593,11,23,.478,18,21,.857,12,34,46,31,10,5,13,15,125,,,Team Totals,240,.693,.660,.284,.259,41.4,77.3,63.0,64.6,11.2,8.6,12.6,100.0,140.4,101.1,
https://www.basketball-reference.com/boxscores/201204030CLE.html,"7:00 PM, April 3, 2012",Cleveland Cavaliers,San Antonio Spurs,90,125,CLE,,,Team Totals,240,34,82,.415,9,24,.375,13,15,.867,10,17,27,23,7,1,14,14,90,,,Team Totals,240,.508,.470,.293,.183,22.7,58.6,37.0,67.6,7.9,1.7,13.6,100.0,101.1,140.4,
https://www.basketball-reference.com/boxscores/201204030DET.html,"7:30 PM, April 3, 2012",Detroit Pistons,Orlando Magic,102,95,ORL,,,Team Totals,240,33,72,.458,10,24,.417,19,24,.792,4,26,30,18,9,1,10,17,95,,,Team Totals,240,.575,.528,.333,.333,10.8,68.4,40.0,54.5,10.4,1.5,10.8,100.0,109.5,117.6,
https://www.basketball-reference.com/boxscores/201204030DET.html,"7:30 PM, April 3, 2012",Detroit Pistons,Orlando Magic,102,95,DET,,,Team Totals,240,43,76,.566,3,11,.273,13,19,.684,12,33,45,25,6,5,14,17,102,,,Team Totals,240,.605,.586,.145,.250,31.6,89.2,60.0,58.1,6.9,10.4,14.2,100.0,117.6,109.5,
https://www.basketball-reference.com/boxscores/201204030IND.html,"7:00 PM, April 3, 2012",Indiana Pacers,New York Knicks,112,104,NYK,,,Team Totals,240,38,83,.458,10,23,.435,18,25,.720,16,28,44,14,5,7,13,25,104,,,Team Totals,240,.553,.518,.277,.301,35.6,63.6,49.4,36.8,5.6,11.1,12.1,100.0,116.4,125.3,
https://www.basketball-reference.com/boxscores/201204030IND.html,"7:00 PM, April 3, 2012",Indiana Pacers,New York Knicks,112,104,IND,,,Team Totals,240,41,86,.477,6,23,.261,24,31,.774,16,29,45,18,8,4,9,24,112,,,Team Totals,240,.562,.512,.267,.360,36.4,64.4,50.6,43.9,9.0,6.7,8.3,100.0,125.3,116.4,
https://www.basketball-reference.com/boxscores/201204030LAL.html,"10:30 PM, April 3, 2012",Los Angeles Lakers,New Jersey Nets,91,87,NJN,,,Team Totals,240,34,85,.400,6,18,.333,13,15,.867,10,28,38,23,8,4,6,11,87,,,Team Totals,240,.475,.435,.212,.176,20.4,71.8,43.2,67.6,9.3,6.8,6.1,100.0,100.8,105.5,
https://www.basketball-reference.com/boxscores/201204030LAL.html,"10:30 PM, April 3, 2012",Los Angeles Lakers,New Jersey Nets,91,87,LAL,,,Team Totals,240,39,81,.481,7,22,.318,6,6,1.000,11,39,50,27,4,1,16,16,91,,,Team Totals,240,.544,.525,.272,.074,28.2,79.6,56.8,69.2,4.6,1.5,16.1,100.0,105.5,100.8,
https://www.basketball-reference.com/boxscores/201204030MEM.html,"8:00 PM, April 3, 2012",Memphis Grizzlies,Golden State Warriors,98,94,GSW,,,Team Totals,240,38,82,.463,7,18,.389,11,16,.688,9,32,41,18,8,4,14,16,94,,,Team Totals,240,.528,.506,.220,.195,23.1,74.4,50.0,47.4,8.8,6.3,13.6,100.0,103.1,107.5,
https://www.basketball-reference.com/boxscores/201204030MEM.html,"8:00 PM, April 3, 2012",Memphis Grizzlies,Golden State Warriors,98,94,MEM,,,Team Totals,240,37,80,.463,9,17,.529,15,24,.625,11,30,41,20,9,9,13,15,98,,,Team Totals,240,.541,.519,.213,.300,25.6,76.9,50.0,54.1,9.9,14.1,12.6,100.0,107.5,103.1,
https://www.basketball-reference.com/boxscores/201204030MIA.html,"7:30 PM, April 3, 2012",Miami Heat,Philadelphia 76ers,99,93,PHI,,,Team Totals,240,38,83,.458,3,10,.300,14,17,.824,10,28,38,18,10,5,17,21,93,,,Team Totals,240,.514,.476,.120,.205,23.8,71.8,46.9,47.4,10.6,8.1,15.8,100.0,98.9,105.3,
https://www.basketball-reference.com/boxscores/201204030MIA.html,"7:30 PM, April 3, 2012",Miami Heat,Philadelphia 76ers,99,93,MIA,,,Team Totals,240,35,75,.467,3,13,.231,26,32,.813,11,32,43,15,13,6,17,15,99,,,Team Totals,240,.556,.487,.173,.427,28.2,76.2,53.1,42.9,13.8,8.2,16.0,100.0,105.3,98.9,
https://www.basketball-reference.com/boxscores/201204030SAC.html,"10:00 PM, April 3, 2012",Sacramento Kings,Phoenix Suns,100,109,PHO,,,Team Totals,240,40,90,.444,5,22,.227,24,28,.857,13,34,47,23,5,9,13,23,109,,,Team Totals,240,.533,.472,.244,.311,28.9,75.6,52.2,57.5,5.1,12.0,11.3,100.0,110.4,101.3,
https://www.basketball-reference.com/boxscores/201204030SAC.html,"10:00 PM, April 3, 2012",Sacramento Kings,Phoenix Suns,100,109,SAC,,,Team Totals,240,39,85,.459,1,10,.100,21,32,.656,11,32,43,19,7,8,13,24,100,,,Team Totals,240,.505,.465,.118,.376,24.4,71.1,47.8,48.7,7.1,11.8,11.6,100.0,101.3,110.4,
https://www.basketball-reference.com/boxscores/201204030TOR.html,"7:00 PM, April 3, 2012",Toronto Raptors,Charlotte Bobcats,92,87,CHA,,,Team Totals,240,31,77,.403,4,12,.333,21,30,.700,17,29,46,21,6,3,14,19,87,,,Team Totals,240,.482,.429,.156,.390,37.8,74.4,54.8,67.7,7.1,5.2,13.4,100.0,103.6,109.6,
https://www.basketball-reference.com/boxscores/201204030TOR.html,"7:00 PM, April 3, 2012",Toronto Raptors,Charlotte Bobcats,92,87,TOR,,,Team Totals,240,35,76,.461,7,18,.389,15,22,.682,10,28,38,25,7,3,10,23,92,,,Team Totals,240,.537,.507,.237,.289,25.6,62.2,45.2,71.4,8.3,4.6,10.5,100.0,109.6,103.6,
https://www.basketball-reference.com/boxscores/201204040ATL.html,"7:30 PM, April 4, 2012",Atlanta Hawks,Charlotte Bobcats,120,93,CHA,,,Team Totals,240,36,79,.456,5,14,.357,16,20,.800,8,29,37,22,3,2,13,14,93,,,Team Totals,240,.530,.487,.177,.253,19.5,82.9,48.7,61.1,3.3,3.1,12.9,100.0,102.8,132.6,
https://www.basketball-reference.com/boxscores/201204040ATL.html,"7:30 PM, April 4, 2012",Atlanta Hawks,Charlotte Bobcats,120,93,ATL,,,Team Totals,240,47,83,.566,9,19,.474,17,19,.895,6,33,39,32,7,1,6,20,120,,,Team Totals,240,.657,.620,.229,.229,17.1,80.5,51.3,68.1,7.7,1.5,6.2,100.0,132.6,102.8,
https://www.basketball-reference.com/boxscores/201204040BOS.html,"7:30 PM, April 4, 2012",Boston Celtics,San Antonio Spurs,86,87,SAS,,,Team Totals,240,36,86,.419,7,28,.250,8,11,.727,12,41,53,17,7,4,17,8,87,,,Team Totals,240,.479,.459,.326,.128,25.5,91.1,57.6,47.2,7.4,5.5,15.8,100.0,91.7,90.7,
https://www.basketball-reference.com/boxscores/201204040BOS.html,"7:30 PM, April 4, 2012",Boston Celtics,San Antonio Spurs,86,87,BOS,,,Team Totals,240,38,83,.458,4,10,.400,6,13,.462,4,35,39,21,13,4,12,12,86,,,Team Totals,240,.485,.482,.120,.157,8.9,74.5,42.4,55.3,13.7,6.9,11.9,100.0,90.7,91.7,
https://www.basketball-reference.com/boxscores/201204040DAL.html,"8:30 PM, April 4, 2012",Dallas Mavericks,Memphis Grizzlies,95,85,MEM,,,Team Totals,240,35,83,.422,7,16,.438,8,14,.571,10,30,40,22,6,6,11,18,85,,,Team Totals,240,.477,.464,.193,.169,21.7,76.9,47.1,62.9,6.7,9.2,11.0,100.0,95.5,106.8,
https://www.basketball-reference.com/boxscores/201204040DAL.html,"8:30 PM, April 4, 2012",Dallas Mavericks,Memphis Grizzlies,95,85,DAL,,,Team Totals,240,40,80,.500,4,15,.267,11,16,.688,9,36,45,19,7,8,13,11,95,,,Team Totals,240,.546,.525,.188,.200,23.1,78.3,52.9,47.5,7.9,11.9,13.0,100.0,106.8,95.5,
https://www.basketball-reference.com/boxscores/201204040LAC.html,"10:30 PM, April 4, 2012",Los Angeles Clippers,Los Angeles Lakers,108,113,LAL,,,Team Totals,240,43,83,.518,6,16,.375,21,30,.700,12,32,44,25,5,8,12,16,113,,,Team Totals,240,.587,.554,.193,.361,30.0,64.0,48.9,58.1,5.3,11.4,11.1,100.0,120.8,115.4,
https://www.basketball-reference.com/boxscores/201204040LAC.html,"10:30 PM, April 4, 2012",Los Angeles Clippers,Los Angeles Lakers,108,113,LAC,,,Team Totals,240,43,95,.453,9,25,.360,13,20,.650,18,28,46,27,5,7,10,21,108,,,Team Totals,240,.520,.500,.263,.211,36.0,70.0,51.1,62.8,5.3,10.4,8.8,100.0,115.4,120.8,
https://www.basketball-reference.com/boxscores/201204040MIA.html,"8:00 PM, April 4, 2012",Miami Heat,Oklahoma City Thunder,98,93,OKC,,,Team Totals,240,35,81,.432,5,17,.294,18,20,.900,12,29,41,16,10,8,20,25,93,,,Team Totals,240,.518,.463,.210,.247,32.4,78.4,55.4,45.7,10.5,13.6,18.2,100.0,98.1,103.4,
https://www.basketball-reference.com/boxscores/201204040MIA.html,"8:00 PM, April 4, 2012",Miami Heat,Oklahoma City Thunder,98,93,MIA,,,Team Totals,240,31,83,.373,10,24,.417,26,29,.897,8,25,33,16,13,8,14,19,98,,,Team Totals,240,.512,.434,.289,.349,21.6,67.6,44.6,51.6,13.7,12.5,12.8,100.0,103.4,98.1,
https://www.basketball-reference.com/boxscores/201204040MIL.html,"8:00 PM, April 4, 2012",Milwaukee Bucks,Cleveland Cavaliers,107,98,CLE,,,Team Totals,240,39,95,.411,8,26,.308,12,13,.923,21,23,44,27,3,3,18,21,98,,,Team Totals,240,.486,.453,.274,.137,41.2,67.6,51.8,69.2,3.2,4.1,15.2,100.0,104.3,113.9,
https://www.basketball-reference.com/boxscores/201204040MIL.html,"8:00 PM, April 4, 2012",Milwaukee Bucks,Cleveland Cavaliers,107,98,MIL,,,Team Totals,240,48,84,.571,2,11,.182,9,17,.529,11,30,41,21,11,5,16,12,107,,,Team Totals,240,.585,.583,.131,.202,32.4,58.8,48.2,43.8,11.7,7.2,14.9,100.0,113.9,104.3,
https://www.basketball-reference.com/boxscores/201204040MIN.html,"8:00 PM, April 4, 2012",Minnesota Timberwolves,Golden State Warriors,94,97,GSW,,,Team Totals,240,41,86,.477,4,16,.250,11,16,.688,8,29,37,24,11,8,12,17,97,,,Team Totals,240,.521,.500,.186,.186,18.2,69.0,43.0,58.5,11.5,14.3,11.4,100.0,101.3,98.2,
https://www.basketball-reference.com/boxscores/201204040MIN.html,"8:00 PM, April 4, 2012",Minnesota Timberwolves,Golden State Warriors,94,97,MIN,,,Team Totals,240,37,87,.425,9,31,.290,11,16,.688,13,36,49,20,5,5,19,14,94,,,Team Totals,240,.500,.477,.356,.184,31.0,81.8,57.0,54.1,5.2,7.1,16.8,100.0,98.2,101.3,
https://www.basketball-reference.com/boxscores/201204040NOH.html,"8:00 PM, April 4, 2012",New Orleans Hornets,Denver Nuggets,94,92,DEN,,,Team Totals,240,35,83,.422,6,20,.300,16,22,.727,12,20,32,25,7,1,9,22,92,,,Team Totals,240,.496,.458,.241,.265,28.6,64.5,43.8,71.4,8.2,1.8,8.9,100.0,107.7,110.1,
https://www.basketball-reference.com/boxscores/201204040NOH.html,"8:00 PM, April 4, 2012",New Orleans Hornets,Denver Nuggets,94,92,NOH,,,Team Totals,240,35,67,.522,5,10,.500,19,27,.704,11,30,41,23,5,10,19,23,94,,,Team Totals,240,.596,.560,.149,.403,35.5,71.4,56.2,65.7,5.9,15.9,19.4,100.0,110.1,107.7,
https://www.basketball-reference.com/boxscores/201204040PHI.html,"7:00 PM, April 4, 2012",Philadelphia 76ers,Toronto Raptors,78,99,TOR,,,Team Totals,240,39,77,.506,9,21,.429,12,12,1.000,11,35,46,26,3,0,13,12,99,,,Team Totals,240,.602,.565,.273,.156,34.4,81.4,61.3,66.7,3.7,0.0,13.6,100.0,122.9,96.9,
https://www.basketball-reference.com/boxscores/201204040PHI.html,"7:00 PM, April 4, 2012",Philadelphia 76ers,Toronto Raptors,78,99,PHI,,,Team Totals,240,34,79,.430,3,12,.250,7,8,.875,8,21,29,23,5,8,7,14,78,,,Team Totals,240,.473,.449,.152,.101,18.6,65.6,38.7,67.6,6.2,14.3,7.8,100.0,96.9,122.9,
https://www.basketball-reference.com/boxscores/201204040POR.html,"10:00 PM, April 4, 2012",Portland Trail Blazers,New Jersey Nets,101,88,NJN,,,Team Totals,240,32,86,.372,6,19,.316,18,19,.947,15,30,45,17,6,2,16,18,88,,,Team Totals,240,.466,.407,.221,.221,30.0,73.2,49.5,53.1,6.5,3.5,14.5,100.0,96.1,110.2,
https://www.basketball-reference.com/boxscores/201204040POR.html,"10:00 PM, April 4, 2012",Portland Trail Blazers,New Jersey Nets,101,88,POR,,,Team Totals,240,37,81,.457,12,24,.500,15,19,.789,11,35,46,24,10,6,15,15,101,,,Team Totals,240,.565,.531,.296,.235,26.8,70.0,50.5,64.9,10.9,9.0,14.4,100.0,110.2,96.1,
https://www.basketball-reference.com/boxscores/201204040UTA.html,"9:00 PM, April 4, 2012",Utah Jazz,Phoenix Suns,105,107,PHO,,,Team Totals,240,41,91,.451,13,31,.419,12,22,.545,14,28,42,24,10,7,11,18,107,,,Team Totals,240,.531,.522,.341,.242,27.5,73.7,47.2,58.5,10.5,10.0,9.8,100.0,112.4,110.3,
https://www.basketball-reference.com/boxscores/201204040UTA.html,"9:00 PM, April 4, 2012",Utah Jazz,Phoenix Suns,105,107,UTA,,,Team Totals,240,40,79,.506,3,9,.333,22,28,.786,10,37,47,24,7,8,15,20,105,,,Team Totals,240,.575,.525,.114,.354,26.3,72.5,52.8,60.0,7.4,13.3,14.1,100.0,110.3,112.4,
https://www.basketball-reference.com/boxscores/201204040WAS.html,"7:00 PM, April 4, 2012",Washington Wizards,Indiana Pacers,96,109,IND,,,Team Totals,240,44,76,.579,4,11,.364,17,19,.895,5,26,31,27,6,8,13,22,109,,,Team Totals,240,.646,.605,.145,.250,17.2,70.3,47.0,61.4,6.6,12.1,13.4,100.0,120.5,106.1,
https://www.basketball-reference.com/boxscores/201204040WAS.html,"7:00 PM, April 4, 2012",Washington Wizards,Indiana Pacers,96,109,WAS,,,Team Totals,240,39,84,.464,6,18,.333,12,19,.632,11,24,35,21,5,0,13,18,96,,,Team Totals,240,.520,.500,.214,.226,29.7,82.8,53.0,53.8,5.5,0.0,12.3,100.0,106.1,120.5,
https://www.basketball-reference.com/boxscores/201204050CHI.html,"9:30 PM, April 5, 2012",Chicago Bulls,Boston Celtics,93,86,BOS,,,Team Totals,240,33,77,.429,5,13,.385,15,18,.833,7,29,36,22,8,2,14,24,86,,,Team Totals,240,.506,.461,.169,.234,18.9,67.4,45.0,66.7,9.1,3.1,14.2,100.0,98.1,106.1,
https://www.basketball-reference.com/boxscores/201204050CHI.html,"9:30 PM, April 5, 2012",Chicago Bulls,Boston Celtics,93,86,CHI,,,Team Totals,240,33,80,.413,5,16,.313,22,26,.846,14,30,44,22,8,8,12,18,93,,,Team Totals,240,.509,.444,.200,.325,32.6,81.1,55.0,66.7,9.1,12.5,11.6,100.0,106.1,98.1,
https://www.basketball-reference.com/boxscores/201204050DET.html,"7:30 PM, April 5, 2012",Detroit Pistons,Washington Wizards,99,94,WAS,,,Team Totals,240,33,78,.423,7,21,.333,21,29,.724,13,25,38,19,10,1,18,33,94,,,Team Totals,240,.518,.468,.269,.372,31.0,69.4,48.7,57.6,10.8,1.7,16.6,100.0,101.7,107.1,
https://www.basketball-reference.com/boxscores/201204050DET.html,"7:30 PM, April 5, 2012",Detroit Pistons,Washington Wizards,99,94,DET,,,Team Totals,240,36,68,.529,4,10,.400,23,39,.590,11,29,40,16,7,2,19,23,99,,,Team Totals,240,.581,.559,.147,.574,30.6,69.0,51.3,44.4,7.6,3.5,18.2,100.0,107.1,101.7,
https://www.basketball-reference.com/boxscores/201204050ORL.html,"7:00 PM, April 5, 2012",Orlando Magic,New York Knicks,80,96,NYK,,,Team Totals,240,38,78,.487,13,25,.520,7,15,.467,10,31,41,24,7,0,12,16,96,,,Team Totals,240,.567,.571,.321,.192,27.0,79.5,53.9,63.2,8.3,0.0,12.4,100.0,113.9,94.9,
https://www.basketball-reference.com/boxscores/201204050ORL.html,"7:00 PM, April 5, 2012",Orlando Magic,New York Knicks,80,96,ORL,,,Team Totals,240,30,72,.417,9,24,.375,11,16,.688,8,27,35,15,3,3,15,14,80,,,Team Totals,240,.506,.479,.333,.222,20.5,73.0,46.1,50.0,3.6,5.7,16.0,100.0,94.9,113.9,
https://www.basketball-reference.com/boxscores/201204050SAC.html,"10:00 PM, April 5, 2012",Sacramento Kings,Los Angeles Clippers,85,93,LAC,,,Team Totals,240,36,80,.450,5,19,.263,16,24,.667,13,30,43,17,12,3,18,17,93,,,Team Totals,240,.513,.481,.238,.300,33.3,62.5,49.4,47.2,13.3,4.5,16.6,100.0,103.2,94.3,
https://www.basketball-reference.com/boxscores/201204050SAC.html,"10:00 PM, April 5, 2012",Sacramento Kings,Los Angeles Clippers,85,93,SAC,,,Team Totals,240,35,84,.417,4,17,.235,11,15,.733,18,26,44,19,10,9,18,21,85,,,Team Totals,240,.469,.440,.202,.179,37.5,66.7,50.6,54.3,11.1,14.8,16.6,100.0,94.3,103.2,
https://www.basketball-reference.com/boxscores/201204060ATL.html,"7:30 PM, April 6, 2012",Atlanta Hawks,Detroit Pistons,101,96,DET,,,Team Totals,240,37,78,.474,7,15,.467,15,22,.682,9,29,38,16,4,8,17,28,96,,,Team Totals,240,.547,.519,.192,.282,23.1,70.7,47.5,43.2,4.3,12.1,16.2,100.0,103.6,109.0,
https://www.basketball-reference.com/boxscores/201204060ATL.html,"7:30 PM, April 6, 2012",Atlanta Hawks,Detroit Pistons,101,96,ATL,,,Team Totals,240,39,81,.481,4,15,.267,19,27,.704,12,30,42,30,9,5,13,18,101,,,Team Totals,240,.544,.506,.185,.333,29.3,76.9,52.5,76.9,9.7,7.9,12.3,100.0,109.0,103.6,
https://www.basketball-reference.com/boxscores/201204060DAL.html,"8:30 PM, April 6, 2012",Dallas Mavericks,Portland Trail Blazers,97,99,POR,,,Team Totals,265,41,94,.436,8,21,.381,9,11,.818,14,37,51,17,5,2,12,13,99,,,Team Totals,265,.501,.479,.223,.117,28.6,80.4,53.7,41.5,5.2,2.9,10.8,100.0,103.8,101.7,
https://www.basketball-reference.com/boxscores/201204060DAL.html,"8:30 PM, April 6, 2012",Dallas Mavericks,Portland Trail Blazers,97,99,DAL,,,Team Totals,265,42,93,.452,7,24,.292,6,8,.750,9,35,44,19,6,5,11,13,97,,,Team Totals,265,.502,.489,.258,.086,19.6,71.4,46.3,45.2,6.3,6.8,10.2,100.0,101.7,103.8,
https://www.basketball-reference.com/boxscores/201204060DEN.html,"9:00 PM, April 6, 2012",Denver Nuggets,Phoenix Suns,105,99,PHO,,,Team Totals,240,34,82,.415,8,22,.364,23,29,.793,16,38,54,21,2,7,16,23,99,,,Team Totals,240,.522,.463,.268,.354,37.2,73.1,56.8,61.8,2.2,10.8,14.4,100.0,107.6,114.1,
https://www.basketball-reference.com/boxscores/201204060DEN.html,"9:00 PM, April 6, 2012",Denver Nuggets,Phoenix Suns,105,99,DEN,,,Team Totals,240,37,92,.402,11,27,.407,20,31,.645,14,27,41,24,8,2,5,22,105,,,Team Totals,240,.497,.462,.293,.337,26.9,62.8,43.2,64.9,8.7,3.3,4.5,100.0,114.1,107.6,
https://www.basketball-reference.com/boxscores/201204060IND.html,"7:00 PM, April 6, 2012",Indiana Pacers,Oklahoma City Thunder,103,98,OKC,,,Team Totals,240,34,77,.442,6,19,.316,24,31,.774,11,29,40,20,5,10,17,25,98,,,Team Totals,240,.541,.481,.247,.403,25.6,61.7,44.4,58.8,5.4,15.2,15.8,100.0,106.1,111.5,
https://www.basketball-reference.com/boxscores/201204060IND.html,"7:00 PM, April 6, 2012",Indiana Pacers,Oklahoma City Thunder,103,98,IND,,,Team Totals,240,35,85,.412,6,19,.316,27,34,.794,18,32,50,13,8,9,12,25,103,,,Team Totals,240,.515,.447,.224,.400,38.3,74.4,55.6,37.1,8.7,15.5,10.7,100.0,111.5,106.1,
https://www.basketball-reference.com/boxscores/201204060LAL.html,"10:30 PM, April 6, 2012",Los Angeles Lakers,Houston Rockets,107,112,HOU,,,Team Totals,240,42,88,.477,10,17,.588,18,22,.818,9,26,35,24,9,3,15,24,112,,,Team Totals,240,.573,.534,.193,.250,20.5,66.7,42.2,57.1,9.1,4.1,13.3,100.0,113.1,108.1,
https://www.basketball-reference.com/boxscores/201204060LAL.html,"10:30 PM, April 6, 2012",Los Angeles Lakers,Houston Rockets,107,112,LAL,,,Team Totals,240,36,84,.429,3,11,.273,32,36,.889,13,35,48,23,6,5,15,20,107,,,Team Totals,240,.536,.446,.131,.429,33.3,79.5,57.8,63.9,6.1,7.0,13.1,100.0,108.1,113.1,
https://www.basketball-reference.com/boxscores/201204060MIA.html,"7:30 PM, April 6, 2012",Miami Heat,Memphis Grizzlies,82,97,MEM,,,Team Totals,240,38,82,.463,8,17,.471,13,17,.765,12,30,42,20,8,6,12,17,97,,,Team Totals,240,.542,.512,.207,.207,31.6,68.2,51.2,52.6,9.2,9.4,11.8,100.0,111.7,94.4,
https://www.basketball-reference.com/boxscores/201204060MIA.html,"7:30 PM, April 6, 2012",Miami Heat,Memphis Grizzlies,82,97,MIA,,,Team Totals,240,33,82,.402,4,18,.222,12,16,.750,14,26,40,17,6,4,16,16,82,,,Team Totals,240,.460,.427,.220,.195,31.8,68.4,48.8,51.5,6.9,6.2,15.2,100.0,94.4,111.7,
https://www.basketball-reference.com/boxscores/201204060MIL.html,"8:30 PM, April 6, 2012",Milwaukee Bucks,Charlotte Bobcats,95,90,CHA,,,Team Totals,240,36,85,.424,2,12,.167,16,24,.667,17,40,57,18,5,5,20,22,90,,,Team Totals,240,.471,.435,.141,.282,33.3,78.4,55.9,50.0,5.1,6.6,17.3,100.0,91.2,96.3,
https://www.basketball-reference.com/boxscores/201204060MIL.html,"8:30 PM, April 6, 2012",Milwaukee Bucks,Charlotte Bobcats,95,90,MIL,,,Team Totals,240,37,91,.407,5,15,.333,16,24,.667,11,34,45,27,14,6,12,23,95,,,Team Totals,240,.468,.434,.165,.264,21.6,66.7,44.1,73.0,14.2,8.2,10.6,100.0,96.3,91.2,
https://www.basketball-reference.com/boxscores/201204060NJN.html,"7:30 PM, April 6, 2012",New Jersey Nets,Washington Wizards,110,98,WAS,,,Team Totals,240,38,84,.452,5,12,.417,17,22,.773,18,23,41,22,6,6,16,17,98,,,Team Totals,240,.523,.482,.143,.262,42.9,67.6,53.9,57.9,6.7,9.7,14.6,100.0,110.0,123.5,
https://www.basketball-reference.com/boxscores/201204060NJN.html,"7:30 PM, April 6, 2012",New Jersey Nets,Washington Wizards,110,98,NJN,,,Team Totals,240,45,80,.563,7,18,.389,13,19,.684,11,24,35,32,6,6,15,13,110,,,Team Totals,240,.622,.606,.225,.238,32.4,57.1,46.1,71.1,6.7,8.3,14.5,100.0,123.5,110.0,
https://www.basketball-reference.com/boxscores/201204060SAS.html,"8:30 PM, April 6, 2012",San Antonio Spurs,New Orleans Hornets,128,103,NOH,,,Team Totals,240,36,77,.468,5,12,.417,26,35,.743,8,21,29,11,10,4,14,17,103,,,Team Totals,240,.557,.500,.156,.455,21.6,65.6,42.0,30.6,10.6,6.1,13.2,100.0,109.1,135.6,
https://www.basketball-reference.com/boxscores/201204060SAS.html,"8:30 PM, April 6, 2012",San Antonio Spurs,New Orleans Hornets,128,103,SAS,,,Team Totals,240,51,84,.607,9,18,.500,17,21,.810,11,29,40,31,8,8,13,21,128,,,Team Totals,240,.686,.661,.214,.250,34.4,78.4,58.0,60.8,8.5,12.3,12.2,100.0,135.6,109.1,
https://www.basketball-reference.com/boxscores/201204060TOR.html,"7:30 PM, April 6, 2012",Toronto Raptors,Cleveland Cavaliers,80,84,CLE,,,Team Totals,240,25,73,.342,5,17,.294,29,40,.725,9,30,39,16,6,3,8,18,84,,,Team Totals,240,.464,.377,.233,.548,18.8,75.0,44.3,64.0,6.9,5.2,8.1,100.0,97.3,92.6,
https://www.basketball-reference.com/boxscores/201204060TOR.html,"7:30 PM, April 6, 2012",Toronto Raptors,Cleveland Cavaliers,80,84,TOR,,,Team Totals,240,31,73,.425,3,15,.200,15,24,.625,10,39,49,13,5,4,14,29,80,,,Team Totals,240,.479,.445,.205,.329,25.0,81.3,55.7,41.9,5.8,7.1,14.4,100.0,92.6,97.3,
https://www.basketball-reference.com/boxscores/201204060UTA.html,"9:00 PM, April 6, 2012",Utah Jazz,Golden State Warriors,104,98,GSW,,,Team Totals,240,39,86,.453,9,22,.409,11,12,.917,14,27,41,22,9,2,17,21,98,,,Team Totals,240,.537,.506,.256,.140,34.1,69.2,51.3,56.4,10.0,3.2,15.7,100.0,108.8,115.5,
https://www.basketball-reference.com/boxscores/201204060UTA.html,"9:00 PM, April 6, 2012",Utah Jazz,Golden State Warriors,104,98,UTA,,,Team Totals,240,38,79,.481,6,16,.375,22,25,.880,12,27,39,23,9,6,14,12,104,,,Team Totals,240,.578,.519,.203,.316,30.8,65.9,48.8,60.5,10.0,9.4,13.5,100.0,115.5,108.8,
https://www.basketball-reference.com/boxscores/201204070CHA.html,"8:00 PM, April 7, 2012",Charlotte Bobcats,Atlanta Hawks,96,116,ATL,,,Team Totals,240,43,82,.524,9,20,.450,21,23,.913,12,30,42,25,10,5,14,20,116,,,Team Totals,240,.630,.579,.244,.280,37.5,73.2,57.5,58.1,11.0,6.8,13.2,100.0,127.6,105.6,
https://www.basketball-reference.com/boxscores/201204070CHA.html,"8:00 PM, April 7, 2012",Charlotte Bobcats,Atlanta Hawks,96,116,CHA,,,Team Totals,240,38,81,.469,3,7,.429,17,24,.708,11,20,31,18,10,5,14,20,96,,,Team Totals,240,.524,.488,.086,.296,26.8,62.5,42.5,47.4,11.0,8.1,13.3,100.0,105.6,127.6,
https://www.basketball-reference.com/boxscores/201204070GSW.html,"10:30 PM, April 7, 2012",Golden State Warriors,Denver Nuggets,112,97,DEN,,,Team Totals,240,37,80,.463,8,25,.320,15,20,.750,11,24,35,22,6,6,16,15,97,,,Team Totals,240,.546,.513,.313,.250,28.9,63.2,46.1,59.5,6.6,9.0,15.3,100.0,106.9,123.4,
https://www.basketball-reference.com/boxscores/201204070GSW.html,"10:30 PM, April 7, 2012",Golden State Warriors,Denver Nuggets,112,97,GSW,,,Team Totals,240,46,88,.523,8,21,.381,12,16,.750,14,27,41,25,9,8,13,19,112,,,Team Totals,240,.589,.568,.239,.182,36.8,71.1,53.9,54.3,9.9,14.5,12.0,100.0,123.4,106.9,
https://www.basketball-reference.com/boxscores/201204070IND.html,"7:00 PM, April 7, 2012",Indiana Pacers,Boston Celtics,72,86,BOS,,,Team Totals,240,32,76,.421,9,18,.500,13,14,.929,8,36,44,27,12,6,17,21,86,,,Team Totals,240,.523,.480,.237,.184,18.6,78.3,49.4,84.4,13.4,11.5,17.1,100.0,95.9,80.3,
https://www.basketball-reference.com/boxscores/201204070IND.html,"7:00 PM, April 7, 2012",Indiana Pacers,Boston Celtics,72,86,IND,,,Team Totals,240,26,74,.351,5,22,.227,15,19,.789,10,35,45,11,8,5,19,15,72,,,Team Totals,240,.437,.385,.297,.257,21.7,81.4,50.6,42.3,8.9,8.6,18.7,100.0,80.3,95.9,
https://www.basketball-reference.com/boxscores/201204070LAC.html,"10:30 PM, April 7, 2012",Los Angeles Clippers,Sacramento Kings,109,94,SAC,,,Team Totals,240,34,82,.415,7,22,.318,19,28,.679,9,33,42,20,10,3,20,21,94,,,Team Totals,240,.498,.457,.268,.341,20.9,76.7,48.8,58.8,9.8,4.8,17.5,100.0,91.8,106.4,
https://www.basketball-reference.com/boxscores/201204070LAC.html,"10:30 PM, April 7, 2012",Los Angeles Clippers,Sacramento Kings,109,94,LAC,,,Team Totals,240,44,89,.494,11,27,.407,10,19,.526,10,34,44,34,16,8,17,20,109,,,Team Totals,240,.560,.556,.303,.213,23.3,79.1,51.2,77.3,15.6,13.3,14.9,100.0,106.4,91.8,
https://www.basketball-reference.com/boxscores/201204070MEM.html,"8:00 PM, April 7, 2012",Memphis Grizzlies,Dallas Mavericks,94,89,DAL,,,Team Totals,240,34,73,.466,9,21,.429,12,17,.706,8,34,42,23,5,5,17,15,89,,,Team Totals,240,.553,.527,.288,.233,21.6,81.0,53.2,67.6,5.6,8.3,17.4,100.0,99.1,104.7,
https://www.basketball-reference.com/boxscores/201204070MEM.html,"8:00 PM, April 7, 2012",Memphis Grizzlies,Dallas Mavericks,94,89,MEM,,,Team Totals,240,31,80,.388,9,20,.450,23,27,.852,8,29,37,22,9,4,11,16,94,,,Team Totals,240,.512,.444,.250,.338,19.0,78.4,46.8,71.0,10.0,7.7,10.7,100.0,104.7,99.1,
https://www.basketball-reference.com/boxscores/201204070MIL.html,"8:30 PM, April 7, 2012",Milwaukee Bucks,Portland Trail Blazers,116,94,POR,,,Team Totals,240,34,78,.436,6,22,.273,20,23,.870,8,25,33,20,9,2,14,13,94,,,Team Totals,240,.533,.474,.282,.295,19.5,61.0,40.2,58.8,9.6,2.9,13.7,100.0,100.6,124.2,
https://www.basketball-reference.com/boxscores/201204070MIL.html,"8:30 PM, April 7, 2012",Milwaukee Bucks,Portland Trail Blazers,116,94,MIL,,,Team Totals,240,47,94,.500,12,25,.480,10,11,.909,16,33,49,31,9,6,16,21,116,,,Team Totals,240,.587,.564,.266,.117,39.0,80.5,59.8,66.0,9.6,10.7,13.9,100.0,124.2,100.6,
https://www.basketball-reference.com/boxscores/201204070NOH.html,"8:00 PM, April 7, 2012",New Orleans Hornets,Minnesota Timberwolves,99,90,MIN,,,Team Totals,240,33,81,.407,10,25,.400,14,18,.778,9,24,33,20,6,7,11,17,90,,,Team Totals,240,.506,.469,.309,.222,20.5,64.9,40.7,60.6,6.8,10.1,11.0,100.0,102.0,112.2,
https://www.basketball-reference.com/boxscores/201204070NOH.html,"8:00 PM, April 7, 2012",New Orleans Hornets,Minnesota Timberwolves,99,90,NOH,,,Team Totals,240,40,82,.488,4,13,.308,15,19,.789,13,35,48,26,9,8,14,17,99,,,Team Totals,240,.548,.512,.159,.232,35.1,79.5,59.3,65.0,10.2,14.3,13.4,100.0,112.2,102.0,
https://www.basketball-reference.com/boxscores/201204070PHI.html,"8:00 PM, April 7, 2012",Philadelphia 76ers,Orlando Magic,82,88,ORL,,,Team Totals,240,29,80,.363,6,20,.300,24,31,.774,17,36,53,16,6,3,9,18,88,,,Team Totals,240,.470,.400,.250,.388,34.7,80.0,56.4,55.2,7.3,4.6,8.8,100.0,106.4,99.1,
https://www.basketball-reference.com/boxscores/201204070PHI.html,"8:00 PM, April 7, 2012",Philadelphia 76ers,Orlando Magic,82,88,PHI,,,Team Totals,240,31,78,.397,5,13,.385,15,20,.750,9,32,41,23,5,8,7,21,82,,,Team Totals,240,.472,.429,.167,.256,20.0,65.3,43.6,74.2,6.0,13.3,7.5,100.0,99.1,106.4,
https://www.basketball-reference.com/boxscores/201204070PHO.html,"10:00 PM, April 7, 2012",Phoenix Suns,Los Angeles Lakers,125,105,LAL,,,Team Totals,240,47,97,.485,1,9,.111,10,18,.556,20,34,54,22,2,2,13,19,105,,,Team Totals,240,.500,.490,.093,.186,42.6,79.1,60.0,46.8,2.1,3.1,11.0,100.0,110.9,132.1,
https://www.basketball-reference.com/boxscores/201204070PHO.html,"10:00 PM, April 7, 2012",Phoenix Suns,Los Angeles Lakers,125,105,PHO,,,Team Totals,240,47,94,.500,14,29,.483,17,21,.810,9,27,36,26,6,11,3,15,125,,,Team Totals,240,.605,.574,.309,.223,20.9,57.4,40.0,55.3,6.3,12.5,2.8,100.0,132.1,110.9,
https://www.basketball-reference.com/boxscores/201204080BOS.html,"6:00 PM, April 8, 2012",Boston Celtics,Philadelphia 76ers,103,79,PHI,,,Team Totals,240,29,76,.382,2,11,.182,19,24,.792,10,29,39,15,10,4,16,17,79,,,Team Totals,240,.456,.395,.145,.316,21.7,96.7,51.3,51.7,10.9,7.5,15.6,100.0,86.2,112.4,
https://www.basketball-reference.com/boxscores/201204080BOS.html,"6:00 PM, April 8, 2012",Boston Celtics,Philadelphia 76ers,103,79,BOS,,,Team Totals,240,40,68,.588,7,15,.467,16,19,.842,1,36,37,32,6,5,18,16,103,,,Team Totals,240,.674,.640,.221,.279,3.3,78.3,48.7,80.0,6.5,7.7,19.1,100.0,112.4,86.2,
https://www.basketball-reference.com/boxscores/201204080MIA.html,"6:00 PM, April 8, 2012",Miami Heat,Detroit Pistons,98,75,DET,,,Team Totals,240,28,75,.373,3,19,.158,16,23,.696,16,28,44,8,6,3,22,27,75,,,Team Totals,240,.441,.393,.253,.307,33.3,63.6,47.8,28.6,6.7,5.0,20.5,100.0,83.4,109.0,
https://www.basketball-reference.com/boxscores/201204080MIA.html,"6:00 PM, April 8, 2012",Miami Heat,Detroit Pistons,98,75,MIA,,,Team Totals,240,36,83,.434,7,23,.304,19,29,.655,16,32,48,16,13,5,14,22,98,,,Team Totals,240,.512,.476,.277,.349,36.4,66.7,52.2,44.4,14.5,8.9,12.8,100.0,109.0,83.4,
https://www.basketball-reference.com/boxscores/201204080NJN.html,"6:00 PM, April 8, 2012",New Jersey Nets,Cleveland Cavaliers,122,117,CLE,,,Team Totals,265,43,96,.448,12,24,.500,19,25,.760,17,31,48,31,8,4,16,22,117,,,Team Totals,265,.547,.510,.250,.260,34.0,60.8,47.5,72.1,7.8,5.6,13.0,100.0,114.8,119.7,
https://www.basketball-reference.com/boxscores/201204080NJN.html,"6:00 PM, April 8, 2012",New Jersey Nets,Cleveland Cavaliers,122,117,NJN,,,Team Totals,265,44,98,.449,8,26,.308,26,32,.813,20,33,53,21,11,2,13,22,122,,,Team Totals,265,.544,.490,.265,.327,39.2,66.0,52.5,47.7,10.8,2.8,10.4,100.0,119.7,114.8,
https://www.basketball-reference.com/boxscores/201204080NYK.html,"1:00 PM, April 8, 2012",New York Knicks,Chicago Bulls,100,99,CHI,,,Team Totals,265,35,89,.393,7,22,.318,22,31,.710,18,41,59,14,3,10,20,21,99,,,Team Totals,265,.482,.433,.247,.348,36.7,71.9,55.7,40.0,3.0,14.7,16.3,100.0,98.9,99.9,
https://www.basketball-reference.com/boxscores/201204080NYK.html,"1:00 PM, April 8, 2012",New York Knicks,Chicago Bulls,100,99,NYK,,,Team Totals,265,39,102,.382,8,34,.235,14,20,.700,16,31,47,17,11,6,9,26,100,,,Team Totals,265,.451,.422,.333,.196,28.1,63.3,44.3,43.6,11.0,9.0,7.5,100.0,99.9,98.9,
https://www.basketball-reference.com/boxscores/201204080OKC.html,"7:00 PM, April 8, 2012",Oklahoma City Thunder,Toronto Raptors,91,75,TOR,,,Team Totals,240,29,78,.372,6,16,.375,11,16,.688,11,32,43,14,5,6,18,19,75,,,Team Totals,240,.441,.410,.205,.205,26.2,74.4,50.6,48.3,5.7,12.2,17.5,100.0,85.4,103.7,
https://www.basketball-reference.com/boxscores/201204080OKC.html,"7:00 PM, April 8, 2012",Oklahoma City Thunder,Toronto Raptors,91,75,OKC,,,Team Totals,240,30,72,.417,10,23,.435,21,26,.808,11,31,42,18,6,11,16,17,91,,,Team Totals,240,.545,.486,.319,.361,25.6,73.8,49.4,60.0,6.8,17.7,16.1,100.0,103.7,85.4,
https://www.basketball-reference.com/boxscores/201204080SAC.html,"9:00 PM, April 8, 2012",Sacramento Kings,Houston Rockets,87,104,HOU,,,Team Totals,240,42,93,.452,9,22,.409,11,13,.846,16,30,46,29,10,4,11,21,104,,,Team Totals,240,.527,.500,.237,.140,35.6,66.7,51.1,69.0,11.1,7.1,10.0,100.0,115.3,96.5,
https://www.basketball-reference.com/boxscores/201204080SAC.html,"9:00 PM, April 8, 2012",Sacramento Kings,Houston Rockets,87,104,SAC,,,Team Totals,240,30,70,.429,7,14,.500,20,37,.541,15,29,44,15,8,4,20,12,87,,,Team Totals,240,.504,.479,.200,.529,33.3,64.4,48.9,50.0,8.9,5.6,18.8,100.0,96.5,115.3,
https://www.basketball-reference.com/boxscores/201204080SAS.html,"7:00 PM, April 8, 2012",San Antonio Spurs,Utah Jazz,114,104,UTA,,,Team Totals,240,41,93,.441,6,16,.375,16,26,.615,11,28,39,24,6,4,11,27,104,,,Team Totals,240,.498,.473,.172,.280,22.4,80.0,46.4,58.5,6.1,8.5,9.5,100.0,105.7,115.8,
https://www.basketball-reference.com/boxscores/201204080SAS.html,"7:00 PM, April 8, 2012",San Antonio Spurs,Utah Jazz,114,104,SAS,,,Team Totals,240,35,69,.507,6,22,.273,38,43,.884,7,38,45,19,5,8,16,24,114,,,Team Totals,240,.648,.551,.319,.623,20.0,77.6,53.6,54.3,5.1,10.4,15.4,100.0,115.8,105.7,
https://www.basketball-reference.com/boxscores/201204090CHA.html,"7:00 PM, April 9, 2012",Charlotte Bobcats,Washington Wizards,85,113,WAS,,,Team Totals,240,40,83,.482,11,25,.440,22,26,.846,9,39,48,28,6,10,13,23,113,,,Team Totals,240,.598,.548,.301,.313,23.7,79.6,55.2,70.0,6.3,13.7,12.1,100.0,118.7,89.3,
https://www.basketball-reference.com/boxscores/201204090CHA.html,"7:00 PM, April 9, 2012",Charlotte Bobcats,Washington Wizards,85,113,CHA,,,Team Totals,240,32,82,.390,3,9,.333,18,22,.818,10,29,39,16,5,4,15,22,85,,,Team Totals,240,.464,.409,.110,.268,20.4,76.3,44.8,50.0,5.3,6.9,14.1,100.0,89.3,118.7,
https://www.basketball-reference.com/boxscores/201204090DEN.html,"9:00 PM, April 9, 2012",Denver Nuggets,Golden State Warriors,123,84,GSW,,,Team Totals,240,31,84,.369,12,25,.480,10,14,.714,7,20,27,21,9,12,15,26,84,,,Team Totals,240,.466,.440,.298,.167,13.7,55.6,31.0,67.7,9.4,17.1,14.3,100.0,87.8,128.5,
https://www.basketball-reference.com/boxscores/201204090DEN.html,"9:00 PM, April 9, 2012",Denver Nuggets,Golden State Warriors,123,84,DEN,,,Team Totals,240,48,88,.545,9,18,.500,18,24,.750,16,44,60,35,7,9,16,13,123,,,Team Totals,240,.624,.597,.205,.273,44.4,86.3,69.0,72.9,7.3,15.3,14.0,100.0,128.5,87.8,
https://www.basketball-reference.com/boxscores/201204090IND.html,"7:00 PM, April 9, 2012",Indiana Pacers,Toronto Raptors,103,98,TOR,,,Team Totals,240,36,75,.480,10,20,.500,16,24,.667,11,31,42,23,4,7,12,24,98,,,Team Totals,240,.573,.547,.267,.320,25.6,77.5,50.6,63.9,4.6,12.7,12.3,100.0,112.1,117.8,
https://www.basketball-reference.com/boxscores/201204090IND.html,"7:00 PM, April 9, 2012",Indiana Pacers,Toronto Raptors,103,98,IND,,,Team Totals,240,36,71,.507,7,16,.438,24,31,.774,9,32,41,18,6,5,14,23,103,,,Team Totals,240,.608,.556,.225,.437,22.5,74.4,49.4,50.0,6.9,9.1,14.2,100.0,117.8,112.1,
https://www.basketball-reference.com/boxscores/201204090MEM.html,"8:00 PM, April 9, 2012",Memphis Grizzlies,Los Angeles Clippers,94,85,LAC,,,Team Totals,240,34,84,.405,4,18,.222,13,18,.722,14,22,36,15,11,4,11,19,85,,,Team Totals,240,.462,.429,.214,.214,29.8,59.5,42.9,44.1,12.8,6.6,10.7,100.0,98.7,109.2,
https://www.basketball-reference.com/boxscores/201204090MEM.html,"8:00 PM, April 9, 2012",Memphis Grizzlies,Los Angeles Clippers,94,85,MEM,,,Team Totals,240,37,74,.500,4,13,.308,16,20,.800,15,33,48,21,6,2,20,23,94,,,Team Totals,240,.568,.527,.176,.270,40.5,70.2,57.1,56.8,7.0,3.0,19.5,100.0,109.2,98.7,
https://www.basketball-reference.com/boxscores/201204090MIL.html,"8:00 PM, April 9, 2012",Milwaukee Bucks,Oklahoma City Thunder,89,109,OKC,,,Team Totals,240,39,81,.481,8,20,.400,23,25,.920,13,31,44,20,10,9,18,16,109,,,Team Totals,240,.592,.531,.247,.309,33.3,77.5,55.7,51.3,10.5,13.2,16.4,100.0,114.0,93.1,
https://www.basketball-reference.com/boxscores/201204090MIL.html,"8:00 PM, April 9, 2012",Milwaukee Bucks,Oklahoma City Thunder,89,109,MIL,,,Team Totals,240,37,87,.425,6,19,.316,9,13,.692,9,26,35,26,8,6,17,15,89,,,Team Totals,240,.480,.460,.218,.149,22.5,66.7,44.3,70.3,8.4,9.8,15.5,100.0,93.1,114.0,
https://www.basketball-reference.com/boxscores/201204090MIN.html,"9:00 PM, April 9, 2012",Minnesota Timberwolves,Phoenix Suns,90,114,PHO,,,Team Totals,240,47,82,.573,7,20,.350,13,16,.813,5,35,40,27,4,7,17,19,114,,,Team Totals,240,.640,.616,.244,.195,15.6,77.8,51.9,57.4,4.1,11.5,16.0,100.0,117.8,93.0,
https://www.basketball-reference.com/boxscores/201204090MIN.html,"9:00 PM, April 9, 2012",Minnesota Timberwolves,Phoenix Suns,90,114,MIN,,,Team Totals,240,32,83,.386,6,22,.273,20,23,.870,10,27,37,17,7,2,14,19,90,,,Team Totals,240,.483,.422,.265,.277,22.2,84.4,48.1,53.1,7.2,3.2,13.1,100.0,93.0,117.8,
https://www.basketball-reference.com/boxscores/201204090NOH.html,"8:00 PM, April 9, 2012",New Orleans Hornets,Los Angeles Lakers,91,93,LAL,,,Team Totals,240,34,73,.466,5,10,.500,20,26,.769,12,34,46,20,2,6,13,11,93,,,Team Totals,240,.551,.500,.137,.356,30.8,81.0,56.8,58.8,2.4,9.2,13.3,100.0,112.3,109.9,
https://www.basketball-reference.com/boxscores/201204090NOH.html,"8:00 PM, April 9, 2012",New Orleans Hornets,Los Angeles Lakers,91,93,NOH,,,Team Totals,240,36,80,.450,9,15,.600,10,10,1.000,8,27,35,24,9,7,7,20,91,,,Team Totals,240,.539,.506,.188,.125,19.0,69.2,43.2,66.7,10.9,11.1,7.7,100.0,109.9,112.3,
https://www.basketball-reference.com/boxscores/201204090ORL.html,"7:00 PM, April 9, 2012",Orlando Magic,Detroit Pistons,119,89,DET,,,Team Totals,240,30,74,.405,7,20,.350,22,26,.846,10,23,33,14,6,2,14,17,89,,,Team Totals,240,.521,.453,.270,.351,24.4,63.9,42.9,46.7,6.9,3.8,14.1,100.0,103.0,137.7,
https://www.basketball-reference.com/boxscores/201204090ORL.html,"7:00 PM, April 9, 2012",Orlando Magic,Detroit Pistons,119,89,ORL,,,Team Totals,240,42,80,.525,15,28,.536,20,24,.833,13,31,44,28,10,6,11,17,119,,,Team Totals,240,.657,.619,.350,.300,36.1,75.6,57.1,66.7,11.6,11.1,10.8,100.0,137.7,103.0,
https://www.basketball-reference.com/boxscores/201204090POR.html,"10:00 PM, April 9, 2012",Portland Trail Blazers,Houston Rockets,89,94,HOU,,,Team Totals,240,37,80,.463,10,19,.526,10,13,.769,7,31,38,22,10,2,15,19,94,,,Team Totals,240,.548,.525,.238,.163,20.0,70.5,48.1,59.5,11.1,3.2,14.9,100.0,104.6,99.0,
https://www.basketball-reference.com/boxscores/201204090POR.html,"10:00 PM, April 9, 2012",Portland Trail Blazers,Houston Rockets,89,94,POR,,,Team Totals,240,33,83,.398,6,21,.286,17,19,.895,13,28,41,17,9,7,14,17,89,,,Team Totals,240,.487,.434,.253,.229,29.5,80.0,51.9,51.5,10.0,11.5,13.3,100.0,99.0,104.6,
https://www.basketball-reference.com/boxscores/201204090UTA.html,"9:00 PM, April 9, 2012",Utah Jazz,San Antonio Spurs,91,84,SAS,,,Team Totals,240,35,87,.402,7,24,.292,7,10,.700,12,26,38,16,10,5,14,22,84,,,Team Totals,240,.460,.443,.276,.115,25.5,63.4,43.2,45.7,11.1,8.5,13.3,100.0,93.0,100.8,
https://www.basketball-reference.com/boxscores/201204090UTA.html,"9:00 PM, April 9, 2012",Utah Jazz,San Antonio Spurs,91,84,UTA,,,Team Totals,240,31,73,.425,4,14,.286,25,33,.758,15,35,50,17,8,13,20,14,91,,,Team Totals,240,.520,.452,.192,.452,36.6,74.5,56.8,54.8,8.9,20.6,18.6,100.0,100.8,93.0,
https://www.basketball-reference.com/boxscores/201204100CHI.html,"9:30 PM, April 10, 2012",Chicago Bulls,New York Knicks,98,86,NYK,,,Team Totals,240,31,73,.425,7,21,.333,17,21,.810,5,28,33,16,8,5,17,19,86,,,Team Totals,240,.523,.473,.288,.288,13.2,60.9,39.3,51.6,8.9,7.1,17.1,100.0,95.8,109.2,
https://www.basketball-reference.com/boxscores/201204100CHI.html,"9:30 PM, April 10, 2012",Chicago Bulls,New York Knicks,98,86,CHI,,,Team Totals,240,39,90,.433,9,20,.450,11,16,.688,18,33,51,27,7,10,12,18,98,,,Team Totals,240,.505,.483,.222,.178,39.1,86.8,60.7,69.2,7.8,19.2,11.0,100.0,109.2,95.8,
https://www.basketball-reference.com/boxscores/201204100CLE.html,"7:00 PM, April 10, 2012",Cleveland Cavaliers,Charlotte Bobcats,103,90,CHA,,,Team Totals,240,37,79,.468,3,11,.273,13,16,.813,7,25,32,19,6,5,10,14,90,,,Team Totals,240,.523,.487,.139,.203,18.4,64.1,41.6,51.4,7.0,7.8,10.4,100.0,104.5,119.6,
https://www.basketball-reference.com/boxscores/201204100CLE.html,"7:00 PM, April 10, 2012",Cleveland Cavaliers,Charlotte Bobcats,103,90,CLE,,,Team Totals,240,40,83,.482,11,19,.579,12,14,.857,14,31,45,25,7,5,13,16,103,,,Team Totals,240,.578,.548,.229,.169,35.9,81.6,58.4,62.5,8.1,7.4,12.7,100.0,119.6,104.5,
https://www.basketball-reference.com/boxscores/201204100DAL.html,"8:30 PM, April 10, 2012",Dallas Mavericks,Sacramento Kings,110,100,SAC,,,Team Totals,240,41,92,.446,9,25,.360,9,17,.529,8,32,40,24,13,6,15,21,100,,,Team Totals,240,.503,.495,.272,.185,17.0,65.3,41.7,58.5,12.6,7.7,13.1,100.0,97.2,106.9,
https://www.basketball-reference.com/boxscores/201204100DAL.html,"8:30 PM, April 10, 2012",Dallas Mavericks,Sacramento Kings,110,100,DAL,,,Team Totals,240,41,92,.446,7,14,.500,21,28,.750,17,39,56,24,7,11,17,17,110,,,Team Totals,240,.527,.484,.152,.304,34.7,83.0,58.3,58.5,6.8,16.4,14.0,100.0,106.9,97.2,
https://www.basketball-reference.com/boxscores/201204100MIA.html,"7:00 PM, April 10, 2012",Miami Heat,Boston Celtics,107,115,BOS,,,Team Totals,240,43,71,.606,9,14,.643,20,25,.800,5,35,40,23,3,6,14,21,115,,,Team Totals,240,.701,.669,.197,.352,19.2,72.9,54.1,53.5,3.3,8.7,14.6,100.0,127.7,118.8,
https://www.basketball-reference.com/boxscores/201204100MIA.html,"7:00 PM, April 10, 2012",Miami Heat,Boston Celtics,107,115,MIA,,,Team Totals,240,39,87,.448,8,18,.444,21,27,.778,13,21,34,19,7,4,7,21,107,,,Team Totals,240,.541,.494,.207,.310,27.1,80.8,45.9,48.7,7.8,7.0,6.6,100.0,118.8,127.7,
https://www.basketball-reference.com/boxscores/201204100NJN.html,"7:30 PM, April 10, 2012",New Jersey Nets,Philadelphia 76ers,88,107,PHI,,,Team Totals,240,39,85,.459,6,17,.353,23,26,.885,16,37,53,22,5,8,16,21,107,,,Team Totals,240,.555,.494,.200,.306,37.2,80.4,59.6,56.4,5.3,10.4,14.2,100.0,112.5,92.5,
https://www.basketball-reference.com/boxscores/201204100NJN.html,"7:30 PM, April 10, 2012",New Jersey Nets,Philadelphia 76ers,88,107,NJN,,,Team Totals,240,34,88,.386,2,11,.182,18,21,.857,9,27,36,17,8,4,12,19,88,,,Team Totals,240,.452,.398,.125,.239,19.6,62.8,40.4,50.0,8.4,5.9,11.0,100.0,92.5,112.5,
https://www.basketball-reference.com/boxscores/201204100WAS.html,"7:00 PM, April 10, 2012",Washington Wizards,Orlando Magic,93,85,ORL,,,Team Totals,240,34,93,.366,11,35,.314,6,10,.600,13,30,43,16,8,4,13,16,85,,,Team Totals,240,.436,.425,.376,.108,25.0,83.3,48.9,47.1,8.7,6.3,11.8,100.0,92.3,100.9,
https://www.basketball-reference.com/boxscores/201204100WAS.html,"7:00 PM, April 10, 2012",Washington Wizards,Orlando Magic,93,85,WAS,,,Team Totals,240,39,78,.500,3,15,.200,12,15,.800,6,39,45,20,5,5,13,13,93,,,Team Totals,240,.550,.519,.192,.192,16.7,75.0,51.1,51.3,5.4,8.6,13.3,100.0,100.9,92.3,
https://www.basketball-reference.com/boxscores/201204110BOS.html,"8:00 PM, April 11, 2012",Boston Celtics,Atlanta Hawks,88,86,ATL,,,Team Totals,265,34,83,.410,2,20,.100,16,23,.696,6,33,39,20,9,3,16,16,86,,,Team Totals,265,.462,.422,.241,.277,12.8,68.8,41.1,58.8,8.9,3.9,14.7,100.0,85.4,87.4,
https://www.basketball-reference.com/boxscores/201204110BOS.html,"8:00 PM, April 11, 2012",Boston Celtics,Atlanta Hawks,88,86,BOS,,,Team Totals,265,37,89,.416,3,13,.231,11,13,.846,15,41,56,28,9,3,23,24,88,,,Team Totals,265,.465,.433,.146,.146,31.3,87.2,58.9,75.7,8.9,4.8,19.5,100.0,87.4,85.4,
https://www.basketball-reference.com/boxscores/201204110CLE.html,"7:00 PM, April 11, 2012",Cleveland Cavaliers,Indiana Pacers,98,104,IND,,,Team Totals,265,36,77,.468,8,20,.400,24,32,.750,9,35,44,20,7,9,19,24,104,,,Team Totals,265,.571,.519,.260,.416,23.7,74.5,51.8,55.6,7.0,13.4,17.3,100.0,104.6,98.5,
https://www.basketball-reference.com/boxscores/201204110CLE.html,"7:00 PM, April 11, 2012",Cleveland Cavaliers,Indiana Pacers,98,104,CLE,,,Team Totals,265,40,88,.455,3,21,.143,15,19,.789,12,29,41,26,5,4,18,24,98,,,Team Totals,265,.509,.472,.239,.216,25.5,76.3,48.2,65.0,5.0,7.0,15.7,100.0,98.5,104.6,
https://www.basketball-reference.com/boxscores/201204110DEN.html,"9:00 PM, April 11, 2012",Denver Nuggets,Minnesota Timberwolves,113,107,MIN,,,Team Totals,240,42,84,.500,8,24,.333,15,18,.833,10,26,36,27,5,9,15,23,107,,,Team Totals,240,.582,.548,.286,.214,29.4,72.2,51.4,64.3,5.3,15.0,14.0,100.0,113.7,120.1,
https://www.basketball-reference.com/boxscores/201204110DEN.html,"9:00 PM, April 11, 2012",Denver Nuggets,Minnesota Timberwolves,113,107,DEN,,,Team Totals,240,41,82,.500,9,22,.409,22,31,.710,10,24,34,28,7,7,13,25,113,,,Team Totals,240,.591,.555,.268,.378,27.8,70.6,48.6,68.3,7.4,11.7,12.0,100.0,120.1,113.7,
https://www.basketball-reference.com/boxscores/201204110HOU.html,"8:00 PM, April 11, 2012",Houston Rockets,Utah Jazz,91,103,UTA,,,Team Totals,240,40,78,.513,6,14,.429,17,22,.773,7,35,42,23,7,8,12,23,103,,,Team Totals,240,.587,.551,.179,.282,17.9,71.4,47.7,57.5,7.7,11.9,12.0,100.0,113.2,100.0,
https://www.basketball-reference.com/boxscores/201204110HOU.html,"8:00 PM, April 11, 2012",Houston Rockets,Utah Jazz,91,103,HOU,,,Team Totals,240,31,87,.356,4,20,.200,25,29,.862,14,32,46,21,6,5,9,17,91,,,Team Totals,240,.456,.379,.230,.333,28.6,82.1,52.3,67.7,6.6,7.8,8.3,100.0,100.0,113.2,
https://www.basketball-reference.com/boxscores/201204110MEM.html,"8:00 PM, April 11, 2012",Memphis Grizzlies,Phoenix Suns,104,93,PHO,,,Team Totals,240,38,79,.481,7,24,.292,10,14,.714,12,19,31,24,8,3,13,17,93,,,Team Totals,240,.546,.525,.304,.177,30.8,54.3,41.9,63.2,9.5,4.3,13.2,100.0,110.0,123.0,
https://www.basketball-reference.com/boxscores/201204110MEM.html,"8:00 PM, April 11, 2012",Memphis Grizzlies,Phoenix Suns,104,93,MEM,,,Team Totals,240,42,84,.500,4,14,.286,16,19,.842,16,27,43,21,8,6,14,19,104,,,Team Totals,240,.563,.524,.167,.226,45.7,69.2,58.1,50.0,9.5,10.9,13.2,100.0,123.0,110.0,
https://www.basketball-reference.com/boxscores/201204110MIL.html,"8:00 PM, April 11, 2012",Milwaukee Bucks,New York Knicks,107,111,NYK,,,Team Totals,240,41,80,.513,6,16,.375,23,27,.852,10,32,42,22,8,2,17,21,111,,,Team Totals,240,.604,.550,.200,.338,27.8,71.1,51.9,53.7,8.3,3.3,15.6,100.0,114.7,110.6,
https://www.basketball-reference.com/boxscores/201204110MIL.html,"8:00 PM, April 11, 2012",Milwaukee Bucks,New York Knicks,107,111,MIL,,,Team Totals,240,42,85,.494,8,25,.320,15,24,.625,13,26,39,25,8,7,16,22,107,,,Team Totals,240,.560,.541,.294,.282,28.9,72.2,48.1,59.5,8.3,10.9,14.3,100.0,110.6,114.7,
https://www.basketball-reference.com/boxscores/201204110NOH.html,"8:00 PM, April 11, 2012",New Orleans Hornets,Sacramento Kings,105,96,SAC,,,Team Totals,240,36,83,.434,7,22,.318,17,23,.739,12,25,37,24,13,4,13,26,96,,,Team Totals,240,.515,.476,.265,.277,25.0,75.8,45.7,66.7,14.0,6.8,12.3,100.0,103.1,112.8,
https://www.basketball-reference.com/boxscores/201204110NOH.html,"8:00 PM, April 11, 2012",New Orleans Hornets,Sacramento Kings,105,96,NOH,,,Team Totals,240,38,68,.559,4,9,.444,25,36,.694,8,36,44,23,7,6,19,14,105,,,Team Totals,240,.626,.588,.132,.529,24.2,75.0,54.3,60.5,7.5,9.8,18.5,100.0,112.8,103.1,
https://www.basketball-reference.com/boxscores/201204110OKC.html,"8:00 PM, April 11, 2012",Oklahoma City Thunder,Los Angeles Clippers,98,100,LAC,,,Team Totals,240,38,81,.469,5,16,.313,19,21,.905,11,26,37,22,4,2,12,23,100,,,Team Totals,240,.554,.500,.198,.259,27.5,72.2,48.7,57.9,4.5,4.0,11.7,100.0,113.5,111.3,
https://www.basketball-reference.com/boxscores/201204110OKC.html,"8:00 PM, April 11, 2012",Oklahoma City Thunder,Los Angeles Clippers,98,100,OKC,,,Team Totals,240,31,76,.408,12,26,.462,24,27,.889,10,29,39,21,5,10,14,20,98,,,Team Totals,240,.558,.487,.342,.355,27.8,72.5,51.3,67.7,5.7,15.4,13.7,100.0,111.3,113.5,
https://www.basketball-reference.com/boxscores/201204110POR.html,"10:30 PM, April 11, 2012",Portland Trail Blazers,Golden State Warriors,118,110,GSW,,,Team Totals,240,47,90,.522,8,16,.500,8,11,.727,10,28,38,27,6,4,15,22,110,,,Team Totals,240,.580,.567,.178,.122,23.3,70.0,45.8,57.4,6.1,6.2,13.7,100.0,111.6,119.7,
https://www.basketball-reference.com/boxscores/201204110POR.html,"10:30 PM, April 11, 2012",Portland Trail Blazers,Golden State Warriors,118,110,POR,,,Team Totals,240,42,88,.477,10,23,.435,24,28,.857,12,33,45,17,8,5,14,12,118,,,Team Totals,240,.588,.534,.261,.318,30.0,76.7,54.2,40.5,8.1,6.8,12.2,100.0,119.7,111.6,
https://www.basketball-reference.com/boxscores/201204110SAS.html,"8:30 PM, April 11, 2012",San Antonio Spurs,Los Angeles Lakers,84,98,LAL,,,Team Totals,240,40,89,.449,11,23,.478,7,12,.583,16,44,60,23,4,4,12,10,98,,,Team Totals,240,.520,.511,.258,.135,33.3,97.8,64.5,57.5,4.5,7.0,11.3,100.0,109.6,94.0,
https://www.basketball-reference.com/boxscores/201204110SAS.html,"8:30 PM, April 11, 2012",San Antonio Spurs,Los Angeles Lakers,84,98,SAS,,,Team Totals,240,33,81,.407,13,24,.542,5,9,.556,1,32,33,26,9,7,7,14,84,,,Team Totals,240,.494,.488,.296,.111,2.2,66.7,35.5,78.8,10.1,10.6,7.6,100.0,94.0,109.6,
https://www.basketball-reference.com/boxscores/201204110TOR.html,"7:00 PM, April 11, 2012",Toronto Raptors,Philadelphia 76ers,75,93,PHI,,,Team Totals,240,41,77,.532,1,10,.100,10,16,.625,4,38,42,27,5,8,5,14,93,,,Team Totals,240,.553,.539,.130,.208,10.5,82.6,50.0,65.9,5.9,12.9,5.6,100.0,110.3,88.9,
https://www.basketball-reference.com/boxscores/201204110TOR.html,"7:00 PM, April 11, 2012",Toronto Raptors,Philadelphia 76ers,75,93,TOR,,,Team Totals,240,29,80,.363,7,18,.389,10,12,.833,8,34,42,18,0,5,9,15,75,,,Team Totals,240,.440,.406,.225,.150,17.4,89.5,50.0,62.1,0.0,7.5,9.5,100.0,88.9,110.3,
https://www.basketball-reference.com/boxscores/201204120CHA.html,"7:00 PM, April 12, 2012",Charlotte Bobcats,Detroit Pistons,85,109,DET,,,Team Totals,240,43,82,.524,5,13,.385,18,21,.857,13,30,43,28,6,2,10,25,109,,,Team Totals,240,.597,.555,.159,.256,35.1,83.3,58.9,65.1,7.1,3.4,9.9,100.0,128.2,100.0,
https://www.basketball-reference.com/boxscores/201204120CHA.html,"7:00 PM, April 12, 2012",Charlotte Bobcats,Detroit Pistons,85,109,CHA,,,Team Totals,240,31,70,.443,6,11,.545,17,23,.739,6,24,30,22,4,2,12,15,85,,,Team Totals,240,.530,.486,.157,.329,16.7,64.9,41.1,71.0,4.7,2.9,13.0,100.0,100.0,128.2,
https://www.basketball-reference.com/boxscores/201204120CHI.html,"8:00 PM, April 12, 2012",Chicago Bulls,Miami Heat,96,86,MIA,,,Team Totals,265,36,82,.439,4,11,.364,10,16,.625,10,31,41,17,10,8,19,16,86,,,Team Totals,265,.483,.463,.134,.195,25.0,67.4,47.7,47.2,10.7,12.5,17.6,100.0,91.7,102.3,
https://www.basketball-reference.com/boxscores/201204120CHI.html,"8:00 PM, April 12, 2012",Chicago Bulls,Miami Heat,96,86,CHI,,,Team Totals,265,37,86,.430,11,22,.500,11,19,.579,15,30,45,26,11,3,16,15,96,,,Team Totals,265,.509,.494,.256,.221,32.6,75.0,52.3,70.3,11.7,4.2,14.5,100.0,102.3,91.7,
https://www.basketball-reference.com/boxscores/201204120GSW.html,"10:30 PM, April 12, 2012",Golden State Warriors,Dallas Mavericks,103,112,DAL,,,Team Totals,240,44,88,.500,9,24,.375,15,20,.750,14,28,42,30,12,5,10,18,112,,,Team Totals,240,.579,.551,.273,.227,30.4,66.7,47.7,68.2,13.1,7.9,9.4,100.0,122.7,112.9,
https://www.basketball-reference.com/boxscores/201204120GSW.html,"10:30 PM, April 12, 2012",Golden State Warriors,Dallas Mavericks,103,112,GSW,,,Team Totals,240,38,81,.469,7,18,.389,20,23,.870,14,32,46,27,7,2,16,14,103,,,Team Totals,240,.565,.512,.222,.284,33.3,69.6,52.3,71.1,7.7,3.1,14.9,100.0,112.9,122.7,
https://www.basketball-reference.com/boxscores/201204120MIN.html,"8:00 PM, April 12, 2012",Minnesota Timberwolves,Los Angeles Clippers,82,95,LAC,,,Team Totals,240,39,91,.429,12,31,.387,5,10,.500,14,31,45,22,11,5,11,22,95,,,Team Totals,240,.498,.495,.341,.110,29.8,72.1,50.0,56.4,12.3,8.9,10.3,100.0,106.4,91.9,
https://www.basketball-reference.com/boxscores/201204120MIN.html,"8:00 PM, April 12, 2012",Minnesota Timberwolves,Los Angeles Clippers,82,95,MIN,,,Team Totals,240,31,77,.403,5,21,.238,15,22,.682,12,33,45,20,4,6,17,12,82,,,Team Totals,240,.473,.435,.273,.286,27.9,70.2,50.0,64.5,4.5,10.0,16.4,100.0,91.9,106.4,
https://www.basketball-reference.com/boxscores/201204120SAS.html,"8:30 PM, April 12, 2012",San Antonio Spurs,Memphis Grizzlies,107,97,MEM,,,Team Totals,240,36,85,.424,4,19,.211,21,27,.778,12,29,41,15,10,2,15,25,97,,,Team Totals,240,.501,.447,.224,.318,27.9,74.4,50.0,41.7,10.4,3.6,13.4,100.0,101.1,111.5,
https://www.basketball-reference.com/boxscores/201204120SAS.html,"8:30 PM, April 12, 2012",San Antonio Spurs,Memphis Grizzlies,107,97,SAS,,,Team Totals,240,37,76,.487,7,20,.350,26,31,.839,10,31,41,19,9,4,18,21,107,,,Team Totals,240,.597,.533,.263,.408,25.6,72.1,50.0,51.4,9.4,6.1,16.7,100.0,111.5,101.1,
https://www.basketball-reference.com/boxscores/201204130DET.html,"8:00 PM, April 13, 2012",Detroit Pistons,Milwaukee Bucks,97,113,MIL,,,Team Totals,240,45,87,.517,5,15,.333,18,22,.818,8,32,40,36,6,8,11,19,113,,,Team Totals,240,.584,.546,.172,.253,21.1,82.1,51.9,80.0,6.2,11.8,10.2,100.0,117.7,101.0,
https://www.basketball-reference.com/boxscores/201204130DET.html,"8:00 PM, April 13, 2012",Detroit Pistons,Milwaukee Bucks,97,113,DET,,,Team Totals,240,37,78,.474,3,10,.300,20,24,.833,7,30,37,20,5,5,15,19,97,,,Team Totals,240,.548,.494,.128,.308,17.9,78.9,48.1,54.1,5.2,6.9,14.5,100.0,101.0,117.7,
https://www.basketball-reference.com/boxscores/201204130HOU.html,"8:00 PM, April 13, 2012",Houston Rockets,Phoenix Suns,105,112,PHO,,,Team Totals,240,38,77,.494,8,18,.444,28,33,.848,8,36,44,22,5,3,15,26,112,,,Team Totals,240,.612,.545,.234,.429,22.9,75.0,53.0,57.9,5.1,4.6,14.1,100.0,114.9,107.7,
https://www.basketball-reference.com/boxscores/201204130HOU.html,"8:00 PM, April 13, 2012",Houston Rockets,Phoenix Suns,105,112,HOU,,,Team Totals,240,36,84,.429,4,19,.211,29,33,.879,12,27,39,24,8,7,15,26,105,,,Team Totals,240,.533,.452,.226,.393,25.0,77.1,47.0,66.7,8.2,11.9,13.2,100.0,107.7,114.9,
https://www.basketball-reference.com/boxscores/201204130IND.html,"7:00 PM, April 13, 2012",Indiana Pacers,Cleveland Cavaliers,102,83,CLE,,,Team Totals,240,28,79,.354,7,21,.333,20,22,.909,12,31,43,16,7,4,19,29,83,,,Team Totals,240,.468,.399,.266,.278,27.3,66.0,47.3,57.1,7.5,5.7,17.6,100.0,88.8,109.1,
https://www.basketball-reference.com/boxscores/201204130IND.html,"7:00 PM, April 13, 2012",Indiana Pacers,Cleveland Cavaliers,102,83,IND,,,Team Totals,240,37,90,.411,6,20,.300,22,26,.846,16,32,48,23,9,6,14,22,102,,,Team Totals,240,.503,.444,.222,.289,34.0,72.7,52.7,62.2,9.6,10.3,12.1,100.0,109.1,88.8,
https://www.basketball-reference.com/boxscores/201204130LAL.html,"10:30 PM, April 13, 2012",Los Angeles Lakers,Denver Nuggets,103,97,DEN,,,Team Totals,240,41,92,.446,5,17,.294,10,15,.667,18,22,40,20,15,2,15,23,97,,,Team Totals,240,.492,.473,.185,.163,36.7,61.1,47.1,48.8,16.0,3.3,13.2,100.0,103.7,110.1,
https://www.basketball-reference.com/boxscores/201204130LAL.html,"10:30 PM, April 13, 2012",Los Angeles Lakers,Denver Nuggets,103,97,LAL,,,Team Totals,240,38,75,.507,7,15,.467,20,29,.690,14,31,45,25,9,7,23,12,103,,,Team Totals,240,.587,.553,.200,.387,38.9,63.3,52.9,65.8,9.6,9.3,20.8,100.0,110.1,103.7,
https://www.basketball-reference.com/boxscores/201204130MIA.html,"7:30 PM, April 13, 2012",Miami Heat,Charlotte Bobcats,105,82,CHA,,,Team Totals,240,33,74,.446,5,17,.294,11,19,.579,10,26,36,19,3,4,20,16,82,,,Team Totals,240,.498,.480,.230,.257,25.0,68.4,46.2,57.6,3.3,5.6,19.5,100.0,91.3,116.9,
https://www.basketball-reference.com/boxscores/201204130MIA.html,"7:30 PM, April 13, 2012",Miami Heat,Charlotte Bobcats,105,82,MIA,,,Team Totals,240,44,85,.518,2,14,.143,15,17,.882,12,30,42,25,8,6,11,18,105,,,Team Totals,240,.568,.529,.165,.200,31.6,75.0,53.8,56.8,8.9,10.5,10.6,100.0,116.9,91.3,
https://www.basketball-reference.com/boxscores/201204130NOH.html,"8:00 PM, April 13, 2012",New Orleans Hornets,Utah Jazz,96,85,UTA,,,Team Totals,240,33,73,.452,2,11,.182,17,21,.810,16,23,39,22,7,5,16,20,85,,,Team Totals,240,.517,.466,.151,.288,40.0,71.9,54.2,66.7,8.6,8.9,16.3,100.0,104.7,118.3,
https://www.basketball-reference.com/boxscores/201204130NOH.html,"8:00 PM, April 13, 2012",New Orleans Hornets,Utah Jazz,96,85,NOH,,,Team Totals,240,38,69,.551,6,13,.462,14,21,.667,9,24,33,25,8,3,14,18,96,,,Team Totals,240,.613,.594,.188,.304,28.1,60.0,45.8,65.8,9.9,4.8,15.2,100.0,118.3,104.7,
https://www.basketball-reference.com/boxscores/201204130NYK.html,"7:30 PM, April 13, 2012",New York Knicks,Washington Wizards,103,65,WAS,,,Team Totals,240,22,79,.278,4,20,.200,17,21,.810,16,30,46,13,10,9,22,15,65,,,Team Totals,240,.368,.304,.253,.266,33.3,76.9,52.9,59.1,11.0,16.4,20.0,100.0,71.4,113.1,
https://www.basketball-reference.com/boxscores/201204130NYK.html,"7:30 PM, April 13, 2012",New York Knicks,Washington Wizards,103,65,NYK,,,Team Totals,240,39,84,.464,14,29,.483,11,13,.846,9,32,41,22,11,5,15,16,103,,,Team Totals,240,.574,.548,.345,.155,23.1,66.7,47.1,56.4,12.1,8.5,14.3,100.0,113.1,71.4,
https://www.basketball-reference.com/boxscores/201204130OKC.html,"8:00 PM, April 13, 2012",Oklahoma City Thunder,Sacramento Kings,115,89,SAC,,,Team Totals,240,35,90,.389,9,25,.360,10,14,.714,8,33,41,20,9,3,16,23,89,,,Team Totals,240,.463,.439,.278,.156,16.0,67.3,41.4,57.1,8.9,3.8,14.3,100.0,87.9,113.5,
https://www.basketball-reference.com/boxscores/201204130OKC.html,"8:00 PM, April 13, 2012",Oklahoma City Thunder,Sacramento Kings,115,89,OKC,,,Team Totals,240,43,90,.478,5,12,.417,24,32,.750,16,42,58,19,11,9,14,13,115,,,Team Totals,240,.552,.506,.133,.356,32.7,84.0,58.6,44.2,10.9,13.8,11.9,100.0,113.5,87.9,
https://www.basketball-reference.com/boxscores/201204130ORL.html,"7:00 PM, April 13, 2012",Orlando Magic,Atlanta Hawks,81,109,ATL,,,Team Totals,240,40,79,.506,14,35,.400,15,16,.938,6,37,43,25,9,3,15,14,109,,,Team Totals,240,.633,.595,.443,.203,16.2,74.0,49.4,62.5,9.7,5.3,14.8,100.0,117.4,87.2,
https://www.basketball-reference.com/boxscores/201204130ORL.html,"7:00 PM, April 13, 2012",Orlando Magic,Atlanta Hawks,81,109,ORL,,,Team Totals,240,33,85,.388,6,28,.214,9,14,.643,13,31,44,14,7,1,16,10,81,,,Team Totals,240,.444,.424,.329,.165,26.0,83.8,50.6,42.4,7.5,2.3,14.9,100.0,87.2,117.4,
https://www.basketball-reference.com/boxscores/201204130PHI.html,"7:00 PM, April 13, 2012",Philadelphia 76ers,New Jersey Nets,89,95,NJN,,,Team Totals,240,34,81,.420,6,16,.375,21,27,.778,5,36,41,21,11,4,11,21,95,,,Team Totals,240,.511,.457,.198,.333,11.6,78.3,46.1,61.8,11.4,5.6,10.6,100.0,98.0,91.8,
https://www.basketball-reference.com/boxscores/201204130PHI.html,"7:00 PM, April 13, 2012",Philadelphia 76ers,New Jersey Nets,89,95,PHI,,,Team Totals,240,34,81,.420,1,10,.100,20,27,.741,10,38,48,17,3,7,16,18,89,,,Team Totals,240,.479,.426,.123,.333,21.7,88.4,53.9,50.0,3.1,10.8,14.7,100.0,91.8,98.0,
https://www.basketball-reference.com/boxscores/201204130POR.html,"10:30 PM, April 13, 2012",Portland Trail Blazers,Dallas Mavericks,94,97,DAL,,,Team Totals,240,40,83,.482,9,20,.450,8,10,.800,16,35,51,17,8,7,21,21,97,,,Team Totals,240,.555,.536,.241,.120,39.0,72.9,57.3,42.5,8.8,12.1,19.4,100.0,107.0,103.7,
https://www.basketball-reference.com/boxscores/201204130POR.html,"10:30 PM, April 13, 2012",Portland Trail Blazers,Dallas Mavericks,94,97,POR,,,Team Totals,240,35,83,.422,6,25,.240,18,23,.783,13,25,38,20,9,2,13,14,94,,,Team Totals,240,.505,.458,.301,.277,27.1,61.0,42.7,57.1,9.9,3.2,12.3,100.0,103.7,107.0,
https://www.basketball-reference.com/boxscores/201204130TOR.html,"7:00 PM, April 13, 2012",Toronto Raptors,Boston Celtics,84,79,BOS,,,Team Totals,240,30,80,.375,4,19,.211,15,19,.789,10,27,37,24,8,5,10,25,79,,,Team Totals,240,.447,.400,.238,.238,20.8,69.2,42.5,80.0,9.4,9.3,10.2,100.0,92.7,98.6,
https://www.basketball-reference.com/boxscores/201204130TOR.html,"7:00 PM, April 13, 2012",Toronto Raptors,Boston Celtics,84,79,TOR,,,Team Totals,240,25,72,.347,7,18,.389,27,31,.871,12,38,50,15,4,4,15,20,84,,,Team Totals,240,.490,.396,.250,.431,30.8,79.2,57.5,60.0,4.7,6.6,14.9,100.0,98.6,92.7,
https://www.basketball-reference.com/boxscores/201204140LAC.html,"3:30 PM, April 14, 2012",Los Angeles Clippers,Golden State Warriors,112,104,GSW,,,Team Totals,240,37,80,.463,15,31,.484,15,21,.714,11,28,39,22,7,6,16,26,104,,,Team Totals,240,.583,.556,.388,.263,28.2,68.3,48.8,59.5,7.7,10.2,15.2,100.0,114.4,123.2,
https://www.basketball-reference.com/boxscores/201204140LAC.html,"3:30 PM, April 14, 2012",Los Angeles Clippers,Golden State Warriors,112,104,LAC,,,Team Totals,240,44,81,.543,10,22,.455,14,30,.467,13,28,41,22,6,9,10,18,112,,,Team Totals,240,.594,.605,.272,.370,31.7,71.8,51.3,50.0,6.6,18.4,9.6,100.0,123.2,114.4,
https://www.basketball-reference.com/boxscores/201204140MEM.html,"8:00 PM, April 14, 2012",Memphis Grizzlies,Utah Jazz,103,98,UTA,,,Team Totals,240,40,83,.482,5,11,.455,13,17,.765,13,28,41,20,10,4,14,23,98,,,Team Totals,240,.542,.512,.133,.205,32.5,71.8,51.9,50.0,11.5,7.0,13.4,100.0,112.9,118.7,
https://www.basketball-reference.com/boxscores/201204140MEM.html,"8:00 PM, April 14, 2012",Memphis Grizzlies,Utah Jazz,103,98,MEM,,,Team Totals,240,34,70,.486,7,13,.538,28,34,.824,11,27,38,18,4,6,12,13,103,,,Team Totals,240,.606,.536,.186,.486,28.2,67.5,48.1,52.9,4.6,8.3,12.4,100.0,118.7,112.9,
https://www.basketball-reference.com/boxscores/201204140MIL.html,"8:30 PM, April 14, 2012",Milwaukee Bucks,Indiana Pacers,99,105,IND,,,Team Totals,240,37,92,.402,7,19,.368,24,26,.923,19,35,54,17,4,1,10,19,105,,,Team Totals,240,.508,.440,.207,.283,37.3,76.1,55.7,45.9,4.4,1.6,8.8,100.0,114.8,108.3,
https://www.basketball-reference.com/boxscores/201204140MIL.html,"8:30 PM, April 14, 2012",Milwaukee Bucks,Indiana Pacers,99,105,MIL,,,Team Totals,240,37,84,.440,9,23,.391,16,26,.615,11,32,43,21,5,8,10,21,99,,,Team Totals,240,.519,.494,.274,.310,23.9,62.7,44.3,56.8,5.5,11.0,9.5,100.0,108.3,114.8,
https://www.basketball-reference.com/boxscores/201204140MIN.html,"8:00 PM, April 14, 2012",Minnesota Timberwolves,Oklahoma City Thunder,110,115,OKC,,,Team Totals,240,40,91,.440,7,25,.280,28,32,.875,17,36,53,17,6,8,14,28,115,,,Team Totals,240,.547,.478,.275,.352,37.0,78.3,57.6,42.5,6.0,11.0,11.8,100.0,115.9,110.9,
https://www.basketball-reference.com/boxscores/201204140MIN.html,"8:00 PM, April 14, 2012",Minnesota Timberwolves,Oklahoma City Thunder,110,115,MIN,,,Team Totals,240,42,84,.500,4,11,.364,22,34,.647,10,29,39,19,7,4,13,23,110,,,Team Totals,240,.556,.524,.131,.405,21.7,63.0,42.4,45.2,7.1,6.1,11.6,100.0,110.9,115.9,
https://www.basketball-reference.com/boxscores/201204140NJN.html,"7:30 PM, April 14, 2012",New Jersey Nets,Boston Celtics,82,94,BOS,,,Team Totals,240,37,81,.457,5,14,.357,15,22,.682,12,39,51,28,8,8,15,19,94,,,Team Totals,240,.518,.488,.173,.272,29.3,75.0,54.8,75.7,8.7,12.3,14.2,100.0,102.8,89.7,
https://www.basketball-reference.com/boxscores/201204140NJN.html,"7:30 PM, April 14, 2012",New Jersey Nets,Boston Celtics,82,94,NJN,,,Team Totals,240,32,87,.368,6,22,.273,12,14,.857,13,29,42,19,5,5,14,20,82,,,Team Totals,240,.440,.402,.253,.161,25.0,70.7,45.2,59.4,5.5,7.5,13.1,100.0,89.7,102.8,
https://www.basketball-reference.com/boxscores/201204140SAS.html,"9:00 PM, April 14, 2012",San Antonio Spurs,Phoenix Suns,105,91,PHO,,,Team Totals,240,38,96,.396,2,16,.125,13,18,.722,18,26,44,15,10,6,13,18,91,,,Team Totals,240,.438,.406,.167,.188,31.6,72.2,47.3,39.5,10.3,10.3,11.1,100.0,94.1,108.5,
https://www.basketball-reference.com/boxscores/201204140SAS.html,"9:00 PM, April 14, 2012",San Antonio Spurs,Phoenix Suns,105,91,SAS,,,Team Totals,240,40,76,.526,9,18,.500,16,19,.842,10,39,49,24,12,1,24,20,105,,,Team Totals,240,.622,.586,.237,.250,27.8,68.4,52.7,60.0,12.4,1.3,22.1,100.0,108.5,94.1,
https://www.basketball-reference.com/boxscores/201204140WAS.html,"7:00 PM, April 14, 2012",Washington Wizards,Cleveland Cavaliers,89,98,CLE,,,Team Totals,240,34,66,.515,3,8,.375,27,33,.818,5,29,34,17,8,3,17,17,98,,,Team Totals,240,.609,.538,.121,.500,18.5,70.7,50.0,50.0,9.1,4.1,17.4,100.0,111.2,101.0,
https://www.basketball-reference.com/boxscores/201204140WAS.html,"7:00 PM, April 14, 2012",Washington Wizards,Cleveland Cavaliers,89,98,WAS,,,Team Totals,240,38,87,.437,4,14,.286,9,12,.750,12,22,34,20,8,9,10,22,89,,,Team Totals,240,.482,.460,.161,.138,29.3,81.5,50.0,52.6,9.1,15.5,9.8,100.0,101.0,111.2,
https://www.basketball-reference.com/boxscores/201204150ATL.html,"6:00 PM, April 15, 2012",Atlanta Hawks,Toronto Raptors,86,102,TOR,,,Team Totals,240,41,74,.554,4,12,.333,16,23,.696,6,33,39,16,6,4,15,23,102,,,Team Totals,240,.606,.581,.162,.311,18.2,80.5,52.7,39.0,6.7,8.0,15.1,100.0,113.8,96.0,
https://www.basketball-reference.com/boxscores/201204150ATL.html,"6:00 PM, April 15, 2012",Atlanta Hawks,Toronto Raptors,86,102,ATL,,,Team Totals,240,29,72,.403,5,22,.227,23,31,.742,8,27,35,21,6,2,12,18,86,,,Team Totals,240,.502,.438,.306,.431,19.5,81.8,47.3,72.4,6.7,3.2,12.3,100.0,96.0,113.8,
https://www.basketball-reference.com/boxscores/201204150CHA.html,"6:00 PM, April 15, 2012",Charlotte Bobcats,Boston Celtics,82,94,BOS,,,Team Totals,240,39,80,.488,5,15,.333,11,17,.647,8,36,44,21,6,10,14,16,94,,,Team Totals,240,.537,.519,.188,.213,22.2,80.0,54.3,53.8,6.7,15.2,13.8,100.0,104.4,91.1,
https://www.basketball-reference.com/boxscores/201204150CHA.html,"6:00 PM, April 15, 2012",Charlotte Bobcats,Boston Celtics,82,94,CHA,,,Team Totals,240,32,79,.405,3,13,.231,15,20,.750,9,28,37,20,7,5,12,13,82,,,Team Totals,240,.467,.424,.165,.253,20.0,77.8,45.7,62.5,7.8,7.7,12.0,100.0,91.1,104.4,
https://www.basketball-reference.com/boxscores/201204150CLE.html,"6:00 PM, April 15, 2012",Cleveland Cavaliers,Orlando Magic,84,100,ORL,,,Team Totals,240,36,79,.456,11,29,.379,17,21,.810,7,32,39,25,10,8,6,20,100,,,Team Totals,240,.567,.525,.367,.266,17.1,71.1,45.3,69.4,11.4,14.3,6.4,100.0,113.9,95.7,
https://www.basketball-reference.com/boxscores/201204150CLE.html,"6:00 PM, April 15, 2012",Cleveland Cavaliers,Orlando Magic,84,100,CLE,,,Team Totals,240,28,75,.373,6,19,.316,22,29,.759,13,34,47,18,4,2,18,19,84,,,Team Totals,240,.479,.413,.253,.387,28.9,82.9,54.7,64.3,4.6,4.0,17.0,100.0,95.7,113.9,
https://www.basketball-reference.com/boxscores/201204150DEN.html,"8:00 PM, April 15, 2012",Denver Nuggets,Houston Rockets,101,86,HOU,,,Team Totals,240,32,87,.368,10,26,.385,12,20,.600,12,29,41,17,9,5,19,17,86,,,Team Totals,240,.449,.425,.299,.230,25.0,76.3,47.7,53.1,9.2,7.5,16.6,100.0,87.7,103.0,
https://www.basketball-reference.com/boxscores/201204150DEN.html,"8:00 PM, April 15, 2012",Denver Nuggets,Houston Rockets,101,86,DEN,,,Team Totals,240,41,83,.494,4,16,.250,15,21,.714,9,36,45,27,6,5,16,22,101,,,Team Totals,240,.547,.518,.193,.253,23.7,75.0,52.3,65.9,6.1,8.2,14.8,100.0,103.0,87.7,
https://www.basketball-reference.com/boxscores/201204150DET.html,"6:00 PM, April 15, 2012",Detroit Pistons,Chicago Bulls,94,100,CHI,,,Team Totals,265,39,91,.429,5,17,.294,17,23,.739,17,33,50,20,7,6,21,22,100,,,Team Totals,265,.494,.456,.187,.253,35.4,76.7,54.9,51.3,6.9,8.7,17.2,100.0,98.5,92.6,
https://www.basketball-reference.com/boxscores/201204150DET.html,"6:00 PM, April 15, 2012",Detroit Pistons,Chicago Bulls,94,100,DET,,,Team Totals,265,33,84,.393,6,15,.400,22,28,.786,10,31,41,16,11,6,19,22,94,,,Team Totals,265,.488,.429,.179,.333,23.3,64.6,45.1,48.5,10.8,8.1,16.5,100.0,92.6,98.5,
https://www.basketball-reference.com/boxscores/201204150LAL.html,"3:30 PM, April 15, 2012",Los Angeles Lakers,Dallas Mavericks,112,108,DAL,,,Team Totals,265,41,88,.466,12,21,.571,14,15,.933,6,36,42,19,4,4,6,22,108,,,Team Totals,265,.571,.534,.239,.170,14.0,70.6,44.7,46.3,4.2,5.3,6.0,100.0,114.4,118.7,
https://www.basketball-reference.com/boxscores/201204150LAL.html,"3:30 PM, April 15, 2012",Los Angeles Lakers,Dallas Mavericks,112,108,LAL,,,Team Totals,265,42,93,.452,7,18,.389,21,27,.778,15,37,52,27,4,1,8,16,112,,,Team Totals,265,.534,.489,.194,.290,29.4,86.0,55.3,64.3,4.2,1.5,7.1,100.0,118.7,114.4,
https://www.basketball-reference.com/boxscores/201204150NOH.html,"7:00 PM, April 15, 2012",New Orleans Hornets,Memphis Grizzlies,88,75,MEM,,,Team Totals,240,25,70,.357,5,18,.278,20,25,.800,14,27,41,15,5,3,21,17,75,,,Team Totals,240,.463,.393,.257,.357,31.8,75.0,51.3,60.0,5.8,5.0,20.6,100.0,87.7,102.9,
https://www.basketball-reference.com/boxscores/201204150NOH.html,"7:00 PM, April 15, 2012",New Orleans Hornets,Memphis Grizzlies,88,75,NOH,,,Team Totals,240,32,73,.438,3,13,.231,21,21,1.000,9,30,39,22,11,0,15,22,88,,,Team Totals,240,.535,.459,.178,.288,25.0,68.2,48.8,68.8,12.9,0.0,15.4,100.0,102.9,87.7,
https://www.basketball-reference.com/boxscores/201204150NYK.html,"1:00 PM, April 15, 2012",New York Knicks,Miami Heat,85,93,MIA,,,Team Totals,240,36,78,.462,4,17,.235,17,21,.810,11,36,47,14,7,2,15,22,93,,,Team Totals,240,.533,.487,.218,.269,29.7,83.7,58.8,38.9,7.8,4.7,14.7,100.0,104.0,95.0,
https://www.basketball-reference.com/boxscores/201204150NYK.html,"1:00 PM, April 15, 2012",New York Knicks,Miami Heat,85,93,NYK,,,Team Totals,240,31,73,.425,9,30,.300,14,23,.609,7,26,33,19,8,1,16,20,85,,,Team Totals,240,.511,.486,.411,.315,16.3,70.3,41.3,61.3,8.9,1.6,16.1,100.0,95.0,104.0,
https://www.basketball-reference.com/boxscores/201204150SAC.html,"6:00 PM, April 15, 2012",Sacramento Kings,Portland Trail Blazers,104,103,POR,,,Team Totals,240,40,76,.526,16,32,.500,7,10,.700,6,33,39,21,3,8,17,13,103,,,Team Totals,240,.641,.632,.421,.132,20.7,70.2,51.3,52.5,3.4,10.5,17.5,100.0,115.9,117.1,
https://www.basketball-reference.com/boxscores/201204150SAC.html,"6:00 PM, April 15, 2012",Sacramento Kings,Portland Trail Blazers,104,103,SAC,,,Team Totals,240,45,95,.474,8,19,.421,6,9,.667,14,23,37,26,8,3,6,12,104,,,Team Totals,240,.525,.516,.200,.095,29.8,79.3,48.7,57.8,9.0,6.8,5.7,100.0,117.1,115.9,
https://www.basketball-reference.com/boxscores/201204160CHA.html,"7:00 PM, April 16, 2012",Charlotte Bobcats,New Orleans Hornets,67,75,NOH,,,Team Totals,240,26,77,.338,1,11,.091,22,25,.880,11,39,50,15,6,6,13,23,75,,,Team Totals,240,.426,.344,.143,.325,24.4,78.0,52.6,57.7,6.8,10.0,12.9,100.0,85.6,76.5,
https://www.basketball-reference.com/boxscores/201204160CHA.html,"7:00 PM, April 16, 2012",Charlotte Bobcats,New Orleans Hornets,67,75,CHA,,,Team Totals,240,23,76,.303,1,16,.063,20,30,.667,11,34,45,12,4,10,13,20,67,,,Team Totals,240,.376,.309,.211,.395,22.0,75.6,47.4,52.2,4.6,15.2,12.7,100.0,76.5,85.6,
https://www.basketball-reference.com/boxscores/201204160CHI.html,"8:00 PM, April 16, 2012",Chicago Bulls,Washington Wizards,84,87,WAS,,,Team Totals,240,34,89,.382,4,18,.222,15,19,.789,13,31,44,18,9,11,15,21,87,,,Team Totals,240,.447,.404,.202,.213,28.3,64.6,46.8,52.9,9.7,15.7,13.3,100.0,94.0,90.8,
https://www.basketball-reference.com/boxscores/201204160CHI.html,"8:00 PM, April 16, 2012",Chicago Bulls,Washington Wizards,84,87,CHI,,,Team Totals,240,32,84,.381,4,14,.286,16,22,.727,17,33,50,22,7,8,17,22,84,,,Team Totals,240,.448,.405,.167,.262,35.4,71.7,53.2,68.8,7.6,11.3,15.4,100.0,90.8,94.0,
https://www.basketball-reference.com/boxscores/201204160GSW.html,"10:30 PM, April 16, 2012",Golden State Warriors,San Antonio Spurs,99,120,SAS,,,Team Totals,240,36,92,.391,12,27,.444,36,43,.837,19,36,55,27,6,4,14,14,120,,,Team Totals,240,.541,.457,.293,.467,36.5,72.0,53.9,75.0,6.0,5.5,11.2,100.0,119.6,98.7,
https://www.basketball-reference.com/boxscores/201204160GSW.html,"10:30 PM, April 16, 2012",Golden State Warriors,San Antonio Spurs,99,120,GSW,,,Team Totals,240,38,93,.409,8,20,.400,15,17,.882,14,33,47,24,9,4,16,31,99,,,Team Totals,240,.493,.452,.215,.183,28.0,63.5,46.1,63.2,9.0,6.2,13.7,100.0,98.7,119.6,
https://www.basketball-reference.com/boxscores/201204160HOU.html,"8:00 PM, April 16, 2012",Houston Rockets,Denver Nuggets,102,105,DEN,,,Team Totals,240,38,80,.475,9,18,.500,20,29,.690,9,32,41,26,8,4,13,18,105,,,Team Totals,240,.566,.531,.225,.363,21.4,68.1,46.1,68.4,8.5,6.2,12.3,100.0,110.9,107.7,
https://www.basketball-reference.com/boxscores/201204160HOU.html,"8:00 PM, April 16, 2012",Houston Rockets,Denver Nuggets,102,105,HOU,,,Team Totals,240,40,94,.426,8,29,.276,14,17,.824,15,33,48,25,6,11,12,21,102,,,Team Totals,240,.503,.468,.309,.181,31.9,78.6,53.9,62.5,6.3,17.7,10.6,100.0,107.7,110.9,
https://www.basketball-reference.com/boxscores/201204160IND.html,"7:00 PM, April 16, 2012",Indiana Pacers,Minnesota Timberwolves,111,88,MIN,,,Team Totals,240,32,87,.368,7,25,.280,17,25,.680,10,35,45,16,4,6,10,20,88,,,Team Totals,240,.449,.408,.287,.287,18.5,71.4,43.7,50.0,4.2,9.4,9.3,100.0,92.6,116.8,
https://www.basketball-reference.com/boxscores/201204160IND.html,"7:00 PM, April 16, 2012",Indiana Pacers,Minnesota Timberwolves,111,88,IND,,,Team Totals,240,39,88,.443,11,24,.458,22,25,.880,14,44,58,24,5,7,11,20,111,,,Team Totals,240,.561,.506,.273,.284,28.6,81.5,56.3,61.5,5.3,11.3,10.0,100.0,116.8,92.6,
https://www.basketball-reference.com/boxscores/201204160LAC.html,"10:30 PM, April 16, 2012",Los Angeles Clippers,Oklahoma City Thunder,92,77,OKC,,,Team Totals,240,27,72,.375,5,22,.227,18,29,.621,16,26,42,12,8,4,19,21,77,,,Team Totals,240,.454,.410,.306,.403,34.8,61.9,47.7,44.4,9.4,6.6,18.3,100.0,90.6,108.3,
https://www.basketball-reference.com/boxscores/201204160LAC.html,"10:30 PM, April 16, 2012",Los Angeles Clippers,Oklahoma City Thunder,92,77,LAC,,,Team Totals,240,36,81,.444,9,20,.450,11,16,.688,16,30,46,21,8,7,15,22,92,,,Team Totals,240,.522,.500,.247,.198,38.1,65.2,52.3,58.3,9.4,14.0,14.6,100.0,108.3,90.6,
https://www.basketball-reference.com/boxscores/201204160NJN.html,"7:30 PM, April 16, 2012",New Jersey Nets,Miami Heat,98,101,MIA,,,Team Totals,240,36,71,.507,6,18,.333,23,27,.852,6,27,33,20,6,5,14,15,101,,,Team Totals,240,.609,.549,.254,.380,18.8,77.1,49.3,55.6,6.6,7.6,14.5,100.0,110.9,107.6,
https://www.basketball-reference.com/boxscores/201204160NJN.html,"7:30 PM, April 16, 2012",New Jersey Nets,Miami Heat,98,101,NJN,,,Team Totals,240,41,82,.500,5,16,.313,11,16,.688,8,26,34,21,8,1,15,20,98,,,Team Totals,240,.550,.530,.195,.195,22.9,81.3,50.7,51.2,8.8,1.9,14.4,100.0,107.6,110.9,
https://www.basketball-reference.com/boxscores/201204160ORL.html,"7:00 PM, April 16, 2012",Orlando Magic,Philadelphia 76ers,113,100,PHI,,,Team Totals,240,40,80,.500,9,18,.500,11,15,.733,4,26,30,27,9,4,8,10,100,,,Team Totals,240,.577,.556,.225,.188,10.8,66.7,39.5,67.5,10.1,5.6,8.5,100.0,112.5,127.1,
https://www.basketball-reference.com/boxscores/201204160ORL.html,"7:00 PM, April 16, 2012",Orlando Magic,Philadelphia 76ers,113,100,ORL,,,Team Totals,240,48,90,.533,11,18,.611,6,6,1.000,13,33,46,28,5,5,11,14,113,,,Team Totals,240,.610,.594,.200,.067,33.3,89.2,60.5,58.3,5.6,8.1,10.6,100.0,127.1,112.5,
https://www.basketball-reference.com/boxscores/201204160PHO.html,"10:00 PM, April 16, 2012",Phoenix Suns,Portland Trail Blazers,125,107,POR,,,Team Totals,240,41,89,.461,8,21,.381,17,23,.739,15,21,36,18,6,3,14,17,107,,,Team Totals,240,.540,.506,.236,.258,31.9,70.0,46.8,43.9,6.4,4.3,12.4,100.0,113.5,132.6,
https://www.basketball-reference.com/boxscores/201204160PHO.html,"10:00 PM, April 16, 2012",Phoenix Suns,Portland Trail Blazers,125,107,PHO,,,Team Totals,240,51,85,.600,7,15,.467,16,19,.842,9,32,41,29,4,8,11,20,125,,,Team Totals,240,.669,.641,.176,.224,30.0,68.1,53.2,56.9,4.2,11.8,10.5,100.0,132.6,113.5,
https://www.basketball-reference.com/boxscores/201204160TOR.html,"7:00 PM, April 16, 2012",Toronto Raptors,Atlanta Hawks,87,109,ATL,,,Team Totals,240,39,80,.488,6,21,.286,25,36,.694,12,30,42,28,8,6,10,13,109,,,Team Totals,240,.569,.525,.263,.450,27.3,68.2,47.7,71.8,8.8,8.6,9.4,100.0,119.9,95.7,
https://www.basketball-reference.com/boxscores/201204160TOR.html,"7:00 PM, April 16, 2012",Toronto Raptors,Atlanta Hawks,87,109,TOR,,,Team Totals,240,35,79,.443,4,9,.444,13,16,.813,14,32,46,20,5,5,19,27,87,,,Team Totals,240,.506,.468,.114,.203,31.8,72.7,52.3,57.1,5.5,8.5,18.1,100.0,95.7,119.9,
https://www.basketball-reference.com/boxscores/201204160UTA.html,"9:00 PM, April 16, 2012",Utah Jazz,Dallas Mavericks,123,121,DAL,,,Team Totals,315,42,98,.429,14,34,.412,23,25,.920,7,34,41,21,13,5,15,31,121,,,Team Totals,315,.555,.500,.347,.255,15.2,70.8,43.6,50.0,11.4,7.5,12.1,100.0,106.2,108.0,
https://www.basketball-reference.com/boxscores/201204160UTA.html,"9:00 PM, April 16, 2012",Utah Jazz,Dallas Mavericks,123,121,UTA,,,Team Totals,315,41,95,.432,12,28,.429,29,37,.784,14,39,53,30,6,5,21,28,123,,,Team Totals,315,.553,.495,.295,.389,29.2,84.8,56.4,73.2,5.3,7.8,15.9,100.0,108.0,106.2,
https://www.basketball-reference.com/boxscores/201204170DET.html,"7:30 PM, April 17, 2012",Detroit Pistons,Cleveland Cavaliers,116,77,CLE,,,Team Totals,240,27,78,.346,7,21,.333,16,21,.762,12,22,34,13,5,2,19,14,77,,,Team Totals,240,.441,.391,.269,.269,26.1,75.9,45.3,48.1,5.5,3.5,17.9,100.0,85.4,128.6,
https://www.basketball-reference.com/boxscores/201204170DET.html,"7:30 PM, April 17, 2012",Detroit Pistons,Cleveland Cavaliers,116,77,DET,,,Team Totals,240,45,75,.600,8,18,.444,18,20,.900,7,34,41,28,12,10,14,19,116,,,Team Totals,240,.692,.653,.240,.267,24.1,73.9,54.7,62.2,13.3,17.5,14.3,100.0,128.6,85.4,
https://www.basketball-reference.com/boxscores/201204170LAL.html,"10:30 PM, April 17, 2012",Los Angeles Lakers,San Antonio Spurs,91,112,SAS,,,Team Totals,240,50,84,.595,7,18,.389,5,11,.455,6,31,37,29,8,5,12,17,112,,,Team Totals,240,.630,.637,.214,.131,17.1,79.5,50.0,58.0,8.4,7.1,11.9,100.0,118.2,96.0,
https://www.basketball-reference.com/boxscores/201204170LAL.html,"10:30 PM, April 17, 2012",Los Angeles Lakers,San Antonio Spurs,91,112,LAL,,,Team Totals,240,39,80,.488,2,10,.200,11,11,1.000,8,29,37,28,6,3,20,14,91,,,Team Totals,240,.536,.500,.125,.138,20.5,82.9,50.0,71.8,6.3,4.5,19.1,100.0,96.0,118.2,
https://www.basketball-reference.com/boxscores/201204170MIN.html,"8:00 PM, April 17, 2012",Minnesota Timberwolves,Memphis Grizzlies,84,91,MEM,,,Team Totals,240,40,91,.440,5,13,.385,6,11,.545,15,27,42,24,11,7,12,21,91,,,Team Totals,240,.475,.467,.143,.121,31.9,65.9,47.7,60.0,12.5,13.7,11.1,100.0,103.5,95.6,
https://www.basketball-reference.com/boxscores/201204170MIN.html,"8:00 PM, April 17, 2012",Minnesota Timberwolves,Memphis Grizzlies,84,91,MIN,,,Team Totals,240,26,73,.356,7,22,.318,25,30,.833,14,32,46,16,6,7,18,12,84,,,Team Totals,240,.487,.404,.301,.411,34.1,68.1,52.3,61.5,6.8,9.0,17.3,100.0,95.6,103.5,
https://www.basketball-reference.com/boxscores/201204170NYK.html,"8:00 PM, April 17, 2012",New York Knicks,Boston Celtics,118,110,BOS,,,Team Totals,240,36,66,.545,11,21,.524,27,34,.794,6,20,26,21,7,2,11,17,110,,,Team Totals,240,.679,.629,.318,.515,18.8,66.7,41.9,58.3,8.2,4.8,12.0,100.0,129.4,138.8,
https://www.basketball-reference.com/boxscores/201204170NYK.html,"8:00 PM, April 17, 2012",New York Knicks,Boston Celtics,118,110,NYK,,,Team Totals,240,42,74,.568,19,32,.594,15,17,.882,10,26,36,28,6,0,16,26,118,,,Team Totals,240,.724,.696,.432,.230,33.3,81.3,58.1,66.7,7.1,0.0,16.4,100.0,138.8,129.4,
https://www.basketball-reference.com/boxscores/201204170PHI.html,"7:00 PM, April 17, 2012",Philadelphia 76ers,Indiana Pacers,97,102,IND,,,Team Totals,240,37,89,.416,13,24,.542,15,18,.833,16,28,44,21,11,6,10,22,102,,,Team Totals,240,.526,.489,.270,.202,32.7,65.1,47.8,56.8,12.5,9.7,9.4,100.0,115.8,110.1,
https://www.basketball-reference.com/boxscores/201204170PHI.html,"7:00 PM, April 17, 2012",Philadelphia 76ers,Indiana Pacers,97,102,PHI,,,Team Totals,240,34,76,.447,5,14,.357,24,32,.750,15,33,48,19,3,4,15,19,97,,,Team Totals,240,.538,.480,.184,.421,34.9,67.3,52.2,55.9,3.4,6.2,14.3,100.0,110.1,115.8,
https://www.basketball-reference.com/boxscores/201204180ATL.html,"7:30 PM, April 18, 2012",Atlanta Hawks,Detroit Pistons,116,84,DET,,,Team Totals,240,32,92,.348,7,25,.280,13,19,.684,15,37,52,17,4,4,14,19,84,,,Team Totals,240,.418,.386,.272,.207,25.4,86.0,51.0,53.1,4.1,7.0,12.2,100.0,86.4,119.3,
https://www.basketball-reference.com/boxscores/201204180ATL.html,"7:30 PM, April 18, 2012",Atlanta Hawks,Detroit Pistons,116,84,ATL,,,Team Totals,240,42,85,.494,8,28,.286,24,29,.828,6,44,50,27,11,4,7,17,116,,,Team Totals,240,.593,.541,.329,.341,14.0,74.6,49.0,64.3,11.3,6.0,6.7,100.0,119.3,86.4,
https://www.basketball-reference.com/boxscores/201204180BOS.html,"8:00 PM, April 18, 2012",Boston Celtics,Orlando Magic,102,98,ORL,,,Team Totals,240,36,78,.462,6,24,.250,20,30,.667,17,26,43,17,8,2,16,23,98,,,Team Totals,240,.537,.500,.308,.385,39.5,89.7,59.7,47.2,8.9,3.2,14.9,100.0,108.6,113.0,
https://www.basketball-reference.com/boxscores/201204180BOS.html,"8:00 PM, April 18, 2012",Boston Celtics,Orlando Magic,102,98,BOS,,,Team Totals,240,38,70,.543,3,7,.429,23,27,.852,3,26,29,23,6,6,15,20,102,,,Team Totals,240,.623,.564,.100,.386,10.3,60.5,40.3,60.5,6.6,11.1,15.5,100.0,113.0,108.6,
https://www.basketball-reference.com/boxscores/201204180CHA.html,"7:00 PM, April 18, 2012",Charlotte Bobcats,Chicago Bulls,68,100,CHI,,,Team Totals,240,40,83,.482,9,19,.474,11,19,.579,16,41,57,29,3,6,9,17,100,,,Team Totals,240,.547,.536,.229,.229,40.0,74.5,60.0,72.5,3.7,7.9,9.0,100.0,121.7,82.8,
https://www.basketball-reference.com/boxscores/201204180CHA.html,"7:00 PM, April 18, 2012",Charlotte Bobcats,Chicago Bulls,68,100,CHA,,,Team Totals,240,25,84,.298,1,8,.125,17,23,.739,14,24,38,15,5,6,6,15,68,,,Team Totals,240,.361,.304,.095,.274,25.5,60.0,40.0,60.0,6.1,9.4,6.0,100.0,82.8,121.7,
https://www.basketball-reference.com/boxscores/201204180CLE.html,"7:00 PM, April 18, 2012",Cleveland Cavaliers,Philadelphia 76ers,87,103,PHI,,,Team Totals,240,43,82,.524,9,15,.600,8,10,.800,9,37,46,32,9,3,16,20,103,,,Team Totals,240,.596,.579,.183,.122,24.3,88.1,58.2,74.4,9.7,4.6,15.6,100.0,111.5,94.2,
https://www.basketball-reference.com/boxscores/201204180CLE.html,"7:00 PM, April 18, 2012",Cleveland Cavaliers,Philadelphia 76ers,87,103,CLE,,,Team Totals,240,36,79,.456,5,14,.357,10,16,.625,5,28,33,22,2,3,13,9,87,,,Team Totals,240,.506,.487,.177,.203,11.9,75.7,41.8,61.1,2.2,4.5,13.1,100.0,94.2,111.5,
https://www.basketball-reference.com/boxscores/201204180DAL.html,"8:30 PM, April 18, 2012",Dallas Mavericks,Houston Rockets,117,110,HOU,,,Team Totals,240,43,86,.500,12,28,.429,12,15,.800,13,28,41,23,7,1,12,24,110,,,Team Totals,240,.594,.570,.326,.174,31.0,73.7,51.3,53.5,7.8,1.9,11.5,100.0,121.9,129.7,
https://www.basketball-reference.com/boxscores/201204180DAL.html,"8:30 PM, April 18, 2012",Dallas Mavericks,Houston Rockets,117,110,DAL,,,Team Totals,240,41,79,.519,11,26,.423,24,26,.923,10,29,39,21,6,1,12,16,117,,,Team Totals,240,.647,.589,.329,.329,26.3,69.0,48.8,51.2,6.6,1.7,11.7,100.0,129.7,121.9,
https://www.basketball-reference.com/boxscores/201204180DEN.html,"9:00 PM, April 18, 2012",Denver Nuggets,Los Angeles Clippers,98,104,LAC,,,Team Totals,240,38,78,.487,14,24,.583,14,20,.700,10,25,35,21,11,7,17,28,104,,,Team Totals,240,.599,.577,.308,.256,24.4,75.8,47.3,55.3,12.0,12.7,16.4,100.0,113.4,106.9,
https://www.basketball-reference.com/boxscores/201204180DEN.html,"9:00 PM, April 18, 2012",Denver Nuggets,Los Angeles Clippers,98,104,DEN,,,Team Totals,240,36,73,.493,5,18,.278,21,26,.808,8,31,39,19,5,3,17,21,98,,,Team Totals,240,.580,.527,.247,.356,24.2,75.6,52.7,52.8,5.5,5.6,16.8,100.0,106.9,113.4,
https://www.basketball-reference.com/boxscores/201204180GSW.html,"10:30 PM, April 18, 2012",Golden State Warriors,Los Angeles Lakers,87,99,LAL,,,Team Totals,240,37,79,.468,4,16,.250,21,28,.750,11,44,55,34,7,6,14,10,99,,,Team Totals,240,.542,.494,.203,.354,25.0,86.3,57.9,91.9,7.4,8.5,13.3,100.0,104.0,91.4,
https://www.basketball-reference.com/boxscores/201204180GSW.html,"10:30 PM, April 18, 2012",Golden State Warriors,Los Angeles Lakers,87,99,GSW,,,Team Totals,240,38,90,.422,4,19,.211,7,10,.700,7,33,40,23,8,3,11,22,87,,,Team Totals,240,.461,.444,.211,.111,13.7,75.0,42.1,60.5,8.4,4.8,10.4,100.0,91.4,104.0,
https://www.basketball-reference.com/boxscores/201204180MEM.html,"8:00 PM, April 18, 2012",Memphis Grizzlies,New Orleans Hornets,103,91,NOH,,,Team Totals,240,29,60,.483,2,7,.286,31,38,.816,11,24,35,15,8,6,24,16,91,,,Team Totals,240,.593,.500,.117,.633,36.7,66.7,53.0,51.7,9.3,9.8,23.8,100.0,106.1,120.0,
https://www.basketball-reference.com/boxscores/201204180MEM.html,"8:00 PM, April 18, 2012",Memphis Grizzlies,New Orleans Hornets,103,91,MEM,,,Team Totals,240,42,83,.506,8,22,.364,11,13,.846,12,19,31,22,12,8,11,24,103,,,Team Totals,240,.580,.554,.265,.157,33.3,63.3,47.0,52.4,14.0,15.1,11.0,100.0,120.0,106.1,
https://www.basketball-reference.com/boxscores/201204180MIA.html,"7:30 PM, April 18, 2012",Miami Heat,Toronto Raptors,96,72,TOR,,,Team Totals,240,30,72,.417,1,16,.063,11,15,.733,10,21,31,12,7,5,14,17,72,,,Team Totals,240,.458,.424,.222,.208,25.0,65.6,43.1,40.0,8.5,8.5,15.1,100.0,87.0,116.0,
https://www.basketball-reference.com/boxscores/201204180MIA.html,"7:30 PM, April 18, 2012",Miami Heat,Toronto Raptors,96,72,MIA,,,Team Totals,240,40,76,.526,7,17,.412,9,15,.600,11,30,41,25,9,3,16,16,96,,,Team Totals,240,.581,.572,.224,.197,34.4,75.0,56.9,62.5,10.9,5.4,16.2,100.0,116.0,87.0,
https://www.basketball-reference.com/boxscores/201204180NJN.html,"7:30 PM, April 18, 2012",New Jersey Nets,New York Knicks,95,104,NYK,,,Team Totals,240,36,83,.434,13,35,.371,19,24,.792,9,32,41,22,11,5,11,17,104,,,Team Totals,240,.556,.512,.422,.289,20.5,78.0,48.2,61.1,11.9,9.4,10.5,100.0,112.4,102.7,
https://www.basketball-reference.com/boxscores/201204180NJN.html,"7:30 PM, April 18, 2012",New Jersey Nets,New York Knicks,95,104,NJN,,,Team Totals,240,35,78,.449,10,25,.400,15,17,.882,9,35,44,16,2,4,17,21,95,,,Team Totals,240,.556,.513,.321,.218,22.0,79.5,51.8,45.7,2.2,8.3,16.6,100.0,102.7,112.4,
https://www.basketball-reference.com/boxscores/201204180PHO.html,"10:00 PM, April 18, 2012",Phoenix Suns,Oklahoma City Thunder,97,109,OKC,,,Team Totals,240,36,80,.450,6,16,.375,31,34,.912,11,35,46,17,8,6,15,26,109,,,Team Totals,240,.574,.488,.200,.425,26.2,74.5,51.7,47.2,8.3,9.5,13.6,100.0,113.1,100.7,
https://www.basketball-reference.com/boxscores/201204180PHO.html,"10:00 PM, April 18, 2012",Phoenix Suns,Oklahoma City Thunder,97,109,PHO,,,Team Totals,240,34,83,.410,6,20,.300,23,32,.719,12,31,43,18,3,4,14,21,97,,,Team Totals,240,.500,.446,.241,.386,25.5,73.8,48.3,52.9,3.1,6.3,12.6,100.0,100.7,113.1,
https://www.basketball-reference.com/boxscores/201204180POR.html,"10:00 PM, April 18, 2012",Portland Trail Blazers,Utah Jazz,91,112,UTA,,,Team Totals,240,38,80,.475,10,17,.588,26,32,.813,12,37,49,23,9,4,15,18,112,,,Team Totals,240,.595,.538,.213,.400,31.6,74.0,55.7,60.5,9.6,6.8,13.8,100.0,119.2,96.9,
https://www.basketball-reference.com/boxscores/201204180POR.html,"10:00 PM, April 18, 2012",Portland Trail Blazers,Utah Jazz,91,112,POR,,,Team Totals,240,31,79,.392,6,20,.300,23,29,.793,13,26,39,18,7,5,17,20,91,,,Team Totals,240,.496,.430,.253,.367,26.0,68.4,44.3,58.1,7.5,7.9,15.6,100.0,96.9,119.2,
https://www.basketball-reference.com/boxscores/201204180SAC.html,"10:00 PM, April 18, 2012",Sacramento Kings,San Antonio Spurs,102,127,SAS,,,Team Totals,240,47,80,.588,8,21,.381,25,31,.806,9,31,40,26,7,3,11,20,127,,,Team Totals,240,.678,.638,.263,.388,29.0,68.9,52.6,55.3,7.4,4.2,10.5,100.0,135.0,108.4,
https://www.basketball-reference.com/boxscores/201204180SAC.html,"10:00 PM, April 18, 2012",Sacramento Kings,San Antonio Spurs,102,127,SAC,,,Team Totals,240,41,92,.446,6,21,.286,14,20,.700,14,22,36,22,4,5,12,23,102,,,Team Totals,240,.506,.478,.228,.217,31.1,71.0,47.4,53.7,4.3,8.5,10.6,100.0,108.4,135.0,
https://www.basketball-reference.com/boxscores/201204180WAS.html,"7:00 PM, April 18, 2012",Washington Wizards,Milwaukee Bucks,121,112,MIL,,,Team Totals,240,42,93,.452,5,19,.263,23,27,.852,15,33,48,22,8,5,10,21,112,,,Team Totals,240,.534,.478,.204,.290,31.9,78.6,53.9,52.4,8.1,6.7,8.7,100.0,114.0,123.2,
https://www.basketball-reference.com/boxscores/201204180WAS.html,"7:00 PM, April 18, 2012",Washington Wizards,Milwaukee Bucks,121,112,WAS,,,Team Totals,240,49,88,.557,7,13,.538,16,25,.640,9,32,41,23,6,4,11,18,121,,,Team Totals,240,.611,.597,.148,.284,21.4,68.1,46.1,46.9,6.1,5.4,10.0,100.0,123.2,114.0,
https://www.basketball-reference.com/boxscores/201204190DET.html,"7:30 PM, April 19, 2012",Detroit Pistons,Minnesota Timberwolves,80,91,MIN,,,Team Totals,240,34,73,.466,3,15,.200,20,28,.714,5,43,48,24,3,7,14,11,91,,,Team Totals,240,.533,.486,.205,.384,13.5,79.6,52.7,70.6,3.2,9.7,14.1,100.0,97.1,85.3,
https://www.basketball-reference.com/boxscores/201204190DET.html,"7:30 PM, April 19, 2012",Detroit Pistons,Minnesota Timberwolves,80,91,DET,,,Team Totals,240,33,91,.363,7,19,.368,7,9,.778,11,32,43,14,5,2,13,21,80,,,Team Totals,240,.421,.401,.209,.099,20.4,86.5,47.3,42.4,5.3,3.4,12.0,100.0,85.3,97.1,
https://www.basketball-reference.com/boxscores/201204190IND.html,"7:00 PM, April 19, 2012",Indiana Pacers,Milwaukee Bucks,118,109,MIL,,,Team Totals,240,37,88,.420,6,20,.300,29,33,.879,15,33,48,15,5,7,13,26,109,,,Team Totals,240,.532,.455,.227,.375,33.3,70.2,52.2,40.5,5.2,9.5,11.3,100.0,112.7,122.0,
https://www.basketball-reference.com/boxscores/201204190IND.html,"7:00 PM, April 19, 2012",Indiana Pacers,Milwaukee Bucks,118,109,IND,,,Team Totals,240,43,91,.473,7,17,.412,25,32,.781,14,30,44,24,7,3,9,22,118,,,Team Totals,240,.561,.511,.187,.352,29.8,66.7,47.8,55.8,7.2,4.4,7.9,100.0,122.0,112.7,
https://www.basketball-reference.com/boxscores/201204190MIA.html,"8:00 PM, April 19, 2012",Miami Heat,Chicago Bulls,83,72,CHI,,,Team Totals,240,25,70,.357,2,16,.125,20,28,.714,7,33,40,16,4,2,14,19,72,,,Team Totals,240,.437,.371,.229,.400,16.3,78.6,47.1,64.0,4.6,3.2,14.5,100.0,82.4,95.0,
https://www.basketball-reference.com/boxscores/201204190MIA.html,"8:00 PM, April 19, 2012",Miami Heat,Chicago Bulls,83,72,MIA,,,Team Totals,240,32,76,.421,4,13,.308,15,21,.714,9,36,45,14,6,4,13,19,83,,,Team Totals,240,.487,.447,.171,.276,21.4,83.7,52.9,43.8,6.9,7.4,13.2,100.0,95.0,82.4,
https://www.basketball-reference.com/boxscores/201204190NOH.html,"8:00 PM, April 19, 2012",New Orleans Hornets,Houston Rockets,105,99,HOU,,,Team Totals,265,37,89,.416,11,31,.355,14,25,.560,9,31,40,25,8,2,12,24,99,,,Team Totals,265,.495,.478,.348,.281,17.0,70.5,41.2,67.6,7.9,3.0,10.7,100.0,98.2,104.2,
https://www.basketball-reference.com/boxscores/201204190NOH.html,"8:00 PM, April 19, 2012",New Orleans Hornets,Houston Rockets,105,99,NOH,,,Team Totals,265,41,87,.471,4,20,.200,19,24,.792,13,44,57,23,8,4,18,22,105,,,Team Totals,265,.538,.494,.230,.276,29.5,83.0,58.8,56.1,7.9,6.9,15.6,100.0,104.2,98.2,
https://www.basketball-reference.com/boxscores/201204190PHO.html,"10:30 PM, April 19, 2012",Phoenix Suns,Los Angeles Clippers,93,90,LAC,,,Team Totals,240,37,83,.446,5,16,.313,11,17,.647,12,30,42,15,11,5,12,18,90,,,Team Totals,240,.497,.476,.193,.205,28.6,73.2,50.6,40.5,12.5,10.0,11.7,100.0,102.5,105.9,
https://www.basketball-reference.com/boxscores/201204190PHO.html,"10:30 PM, April 19, 2012",Phoenix Suns,Los Angeles Clippers,93,90,PHO,,,Team Totals,240,33,74,.446,9,24,.375,18,24,.750,11,30,41,22,4,1,16,15,93,,,Team Totals,240,.550,.507,.324,.324,26.8,71.4,49.4,66.7,4.6,1.5,15.9,100.0,105.9,102.5,
https://www.basketball-reference.com/boxscores/201204200ATL.html,"7:00 PM, April 20, 2012",Atlanta Hawks,Boston Celtics,97,92,BOS,,,Team Totals,240,39,81,.481,5,12,.417,9,14,.643,10,23,33,18,12,1,12,18,92,,,Team Totals,240,.528,.512,.148,.173,25.0,67.6,44.6,46.2,13.9,1.8,12.1,100.0,106.3,112.1,
https://www.basketball-reference.com/boxscores/201204200ATL.html,"7:00 PM, April 20, 2012",Atlanta Hawks,Boston Celtics,97,92,ATL,,,Team Totals,240,37,72,.514,9,17,.529,14,17,.824,11,30,41,24,7,7,19,9,97,,,Team Totals,240,.610,.576,.236,.236,32.4,75.0,55.4,64.9,8.1,10.1,19.3,100.0,112.1,106.3,
https://www.basketball-reference.com/boxscores/201204200CHA.html,"7:00 PM, April 20, 2012",Charlotte Bobcats,Memphis Grizzlies,80,85,MEM,,,Team Totals,240,34,75,.453,2,8,.250,15,21,.714,12,29,41,16,12,5,19,21,85,,,Team Totals,240,.505,.467,.107,.280,30.8,72.5,51.9,47.1,13.1,7.1,18.4,100.0,92.8,87.3,
https://www.basketball-reference.com/boxscores/201204200CHA.html,"7:00 PM, April 20, 2012",Charlotte Bobcats,Memphis Grizzlies,80,85,CHA,,,Team Totals,240,32,79,.405,3,9,.333,13,18,.722,11,27,38,18,4,4,22,17,80,,,Team Totals,240,.460,.424,.114,.228,27.5,69.2,48.1,56.3,4.4,6.0,20.2,100.0,87.3,92.8,
https://www.basketball-reference.com/boxscores/201204200CLE.html,"7:30 PM, April 20, 2012",Cleveland Cavaliers,New York Knicks,98,90,NYK,,,Team Totals,240,35,83,.422,12,33,.364,8,15,.533,11,21,32,26,7,6,12,17,90,,,Team Totals,240,.502,.494,.398,.181,23.4,56.8,38.1,74.3,8.1,10.0,11.8,100.0,103.5,112.7,
https://www.basketball-reference.com/boxscores/201204200CLE.html,"7:30 PM, April 20, 2012",Cleveland Cavaliers,New York Knicks,98,90,CLE,,,Team Totals,240,36,79,.456,6,19,.316,20,27,.741,16,36,52,15,5,6,15,15,98,,,Team Totals,240,.539,.494,.241,.342,43.2,76.6,61.9,41.7,5.8,12.0,14.2,100.0,112.7,103.5,
https://www.basketball-reference.com/boxscores/201204200DAL.html,"8:30 PM, April 20, 2012",Dallas Mavericks,Golden State Warriors,104,94,GSW,,,Team Totals,240,37,83,.446,9,19,.474,11,21,.524,7,28,35,23,10,5,10,21,94,,,Team Totals,240,.510,.500,.229,.253,15.2,68.3,40.2,62.2,10.6,8.1,9.8,100.0,99.6,110.2,
https://www.basketball-reference.com/boxscores/201204200DAL.html,"8:30 PM, April 20, 2012",Dallas Mavericks,Golden State Warriors,104,94,DAL,,,Team Totals,240,38,81,.469,3,19,.158,25,26,.962,13,39,52,19,9,5,18,16,104,,,Team Totals,240,.563,.488,.235,.321,31.7,84.8,59.8,50.0,9.5,7.8,16.3,100.0,110.2,99.6,
https://www.basketball-reference.com/boxscores/201204200SAC.html,"10:00 PM, April 20, 2012",Sacramento Kings,Oklahoma City Thunder,92,103,OKC,,,Team Totals,240,40,75,.533,4,12,.333,19,22,.864,6,39,45,21,9,11,17,14,103,,,Team Totals,240,.608,.560,.160,.293,19.4,69.6,51.7,52.5,9.6,14.3,16.7,100.0,109.6,97.9,
https://www.basketball-reference.com/boxscores/201204200SAC.html,"10:00 PM, April 20, 2012",Sacramento Kings,Oklahoma City Thunder,92,103,SAC,,,Team Totals,240,38,93,.409,5,16,.313,11,18,.611,17,25,42,20,8,7,12,17,92,,,Team Totals,240,.456,.435,.172,.194,30.4,80.6,48.3,52.6,8.5,11.1,10.6,100.0,97.9,109.6,
https://www.basketball-reference.com/boxscores/201204200SAS.html,"9:30 PM, April 20, 2012",San Antonio Spurs,Los Angeles Lakers,121,97,LAL,,,Team Totals,240,33,76,.434,6,14,.429,25,30,.833,10,19,29,19,9,4,15,14,97,,,Team Totals,240,.544,.474,.184,.395,24.4,63.3,40.8,57.6,10.0,6.5,14.4,100.0,107.7,134.3,
https://www.basketball-reference.com/boxscores/201204200SAS.html,"9:30 PM, April 20, 2012",San Antonio Spurs,Los Angeles Lakers,121,97,SAS,,,Team Totals,240,47,77,.610,10,15,.667,17,18,.944,11,31,42,27,9,5,16,22,121,,,Team Totals,240,.712,.675,.195,.234,36.7,75.6,59.2,57.4,10.0,8.1,15.9,100.0,134.3,107.7,
https://www.basketball-reference.com/boxscores/201204210CHI.html,"8:00 PM, April 21, 2012",Chicago Bulls,Dallas Mavericks,93,83,DAL,,,Team Totals,240,31,79,.392,4,15,.267,17,19,.895,10,33,43,12,7,3,12,15,83,,,Team Totals,240,.475,.418,.190,.241,20.8,80.5,48.3,38.7,7.9,4.7,12.1,100.0,93.2,104.4,
https://www.basketball-reference.com/boxscores/201204210CHI.html,"8:00 PM, April 21, 2012",Chicago Bulls,Dallas Mavericks,93,83,CHI,,,Team Totals,240,38,84,.452,9,20,.450,8,12,.667,8,38,46,29,8,2,11,13,93,,,Team Totals,240,.521,.506,.238,.143,19.5,79.2,51.7,76.3,9.0,3.1,11.0,100.0,104.4,93.2,
https://www.basketball-reference.com/boxscores/201204210HOU.html,"8:00 PM, April 21, 2012",Houston Rockets,Golden State Warriors,99,96,GSW,,,Team Totals,240,36,73,.493,5,16,.313,19,22,.864,8,28,36,17,6,5,18,16,96,,,Team Totals,240,.581,.527,.219,.301,24.2,65.1,47.4,47.2,6.8,8.6,17.9,100.0,108.6,112.0,
https://www.basketball-reference.com/boxscores/201204210HOU.html,"8:00 PM, April 21, 2012",Houston Rockets,Golden State Warriors,99,96,HOU,,,Team Totals,240,40,84,.476,10,26,.385,9,15,.600,15,25,40,22,11,5,13,20,99,,,Team Totals,240,.546,.536,.310,.179,34.9,75.8,52.6,55.0,12.4,8.8,12.5,100.0,112.0,108.6,
https://www.basketball-reference.com/boxscores/201204210IND.html,"7:00 PM, April 21, 2012",Indiana Pacers,Philadelphia 76ers,106,109,PHI,,,Team Totals,265,40,89,.449,6,18,.333,23,33,.697,19,29,48,24,6,11,14,25,109,,,Team Totals,265,.526,.483,.202,.371,37.3,61.7,49.0,60.0,6.2,12.9,11.9,100.0,113.5,110.3,
https://www.basketball-reference.com/boxscores/201204210IND.html,"7:00 PM, April 21, 2012",Indiana Pacers,Philadelphia 76ers,106,109,IND,,,Team Totals,265,42,97,.433,3,12,.250,19,25,.760,18,32,50,22,11,4,11,25,106,,,Team Totals,265,.491,.448,.124,.258,38.3,62.7,51.0,52.4,11.5,5.6,9.2,100.0,110.3,113.5,
https://www.basketball-reference.com/boxscores/201204210MEM.html,"8:00 PM, April 21, 2012",Memphis Grizzlies,Portland Trail Blazers,93,89,POR,,,Team Totals,240,29,78,.372,6,24,.250,25,31,.806,16,30,46,16,7,0,15,15,89,,,Team Totals,240,.486,.410,.308,.397,37.2,63.8,51.1,55.2,8.2,0.0,14.1,100.0,104.4,109.1,
https://www.basketball-reference.com/boxscores/201204210MEM.html,"8:00 PM, April 21, 2012",Memphis Grizzlies,Portland Trail Blazers,93,89,MEM,,,Team Totals,240,40,90,.444,4,17,.235,9,10,.900,17,27,44,19,6,6,10,25,93,,,Team Totals,240,.493,.467,.189,.111,36.2,62.8,48.9,47.5,7.0,11.1,9.6,100.0,109.1,104.4,
https://www.basketball-reference.com/boxscores/201204210MIA.html,"7:30 PM, April 21, 2012",Miami Heat,Washington Wizards,84,86,WAS,,,Team Totals,240,36,87,.414,7,18,.389,7,9,.778,10,28,38,22,9,5,15,25,86,,,Team Totals,240,.473,.454,.207,.103,23.8,66.7,45.2,61.1,9.9,9.6,14.2,100.0,94.7,92.5,
https://www.basketball-reference.com/boxscores/201204210MIA.html,"7:30 PM, April 21, 2012",Miami Heat,Washington Wizards,84,86,MIA,,,Team Totals,240,31,77,.403,9,25,.360,13,16,.813,14,32,46,16,4,5,22,18,84,,,Team Totals,240,.500,.461,.325,.208,33.3,76.2,54.8,51.6,4.4,7.2,20.7,100.0,92.5,94.7,
https://www.basketball-reference.com/boxscores/201204210MIL.html,"8:30 PM, April 21, 2012",Milwaukee Bucks,New Jersey Nets,106,95,NJN,,,Team Totals,240,40,86,.465,4,12,.333,11,15,.733,7,34,41,19,8,1,16,23,95,,,Team Totals,240,.513,.488,.140,.174,15.9,72.3,45.1,47.5,8.1,1.4,14.7,100.0,96.3,107.4,
https://www.basketball-reference.com/boxscores/201204210MIL.html,"8:30 PM, April 21, 2012",Milwaukee Bucks,New Jersey Nets,106,95,MIL,,,Team Totals,240,38,84,.452,4,13,.308,26,37,.703,13,37,50,22,8,4,12,16,106,,,Team Totals,240,.529,.476,.155,.440,27.7,84.1,54.9,57.9,8.1,5.4,10.7,100.0,107.4,96.3,
https://www.basketball-reference.com/boxscores/201204210PHO.html,"5:30 PM, April 21, 2012",Phoenix Suns,Denver Nuggets,107,118,DEN,,,Team Totals,240,48,87,.552,6,13,.462,16,17,.941,8,30,38,25,12,7,10,17,118,,,Team Totals,240,.624,.586,.149,.195,22.9,62.5,45.8,52.1,12.6,10.1,9.6,100.0,124.1,112.5,
https://www.basketball-reference.com/boxscores/201204210PHO.html,"5:30 PM, April 21, 2012",Phoenix Suns,Denver Nuggets,107,118,PHO,,,Team Totals,240,44,95,.463,11,26,.423,8,11,.727,18,27,45,24,8,7,17,14,107,,,Team Totals,240,.536,.521,.274,.116,37.5,77.1,54.2,54.5,8.4,9.5,14.5,100.0,112.5,124.1,
https://www.basketball-reference.com/boxscores/201204210UTA.html,"10:30 PM, April 21, 2012",Utah Jazz,Orlando Magic,117,107,ORL,,,Team Totals,265,42,96,.438,15,38,.395,8,13,.615,15,28,43,21,6,6,12,18,107,,,Team Totals,265,.526,.516,.396,.135,31.9,70.0,49.4,50.0,6.4,7.5,10.6,100.0,114.0,124.6,
https://www.basketball-reference.com/boxscores/201204210UTA.html,"10:30 PM, April 21, 2012",Utah Jazz,Orlando Magic,117,107,UTA,,,Team Totals,265,47,88,.534,4,8,.500,19,23,.826,12,32,44,24,8,6,9,15,117,,,Team Totals,265,.596,.557,.091,.261,30.0,68.1,50.6,51.1,8.5,10.3,8.4,100.0,124.6,114.0,
https://www.basketball-reference.com/boxscores/201204220ATL.html,"1:00 PM, April 22, 2012",Atlanta Hawks,New York Knicks,112,113,NYK,,,Team Totals,240,43,79,.544,12,19,.632,15,20,.750,7,30,37,21,13,1,18,21,113,,,Team Totals,240,.644,.620,.241,.253,20.0,85.7,52.9,48.8,13.3,1.9,17.0,100.0,115.2,114.2,
https://www.basketball-reference.com/boxscores/201204220ATL.html,"1:00 PM, April 22, 2012",Atlanta Hawks,New York Knicks,112,113,ATL,,,Team Totals,240,41,76,.539,15,23,.652,15,23,.652,5,28,33,23,13,7,19,19,112,,,Team Totals,240,.650,.638,.303,.303,14.3,80.0,47.1,56.1,13.3,11.7,18.1,100.0,114.2,115.2,
https://www.basketball-reference.com/boxscores/201204220CHA.html,"6:00 PM, April 22, 2012",Charlotte Bobcats,Sacramento Kings,88,114,SAC,,,Team Totals,240,48,87,.552,3,9,.333,15,20,.750,9,28,37,23,13,6,8,19,114,,,Team Totals,240,.595,.569,.103,.230,23.7,63.6,45.1,47.9,13.7,8.1,7.7,100.0,120.5,93.0,
https://www.basketball-reference.com/boxscores/201204220CHA.html,"6:00 PM, April 22, 2012",Charlotte Bobcats,Sacramento Kings,88,114,CHA,,,Team Totals,240,39,89,.438,2,15,.133,8,14,.571,16,29,45,28,3,8,21,15,88,,,Team Totals,240,.462,.449,.169,.157,36.4,76.3,54.9,71.8,3.2,10.3,18.1,100.0,93.0,120.5,
https://www.basketball-reference.com/boxscores/201204220DEN.html,"8:00 PM, April 22, 2012",Denver Nuggets,Orlando Magic,101,74,ORL,,,Team Totals,240,28,75,.373,6,23,.261,12,17,.706,12,21,33,19,9,2,16,16,74,,,Team Totals,240,.449,.413,.307,.227,26.1,70.0,43.4,67.9,10.5,3.2,16.2,100.0,86.0,117.3,
https://www.basketball-reference.com/boxscores/201204220DEN.html,"8:00 PM, April 22, 2012",Denver Nuggets,Orlando Magic,101,74,DEN,,,Team Totals,240,44,78,.564,5,15,.333,8,11,.727,9,34,43,32,5,5,16,18,101,,,Team Totals,240,.610,.596,.192,.141,30.0,73.9,56.6,72.7,5.8,9.6,16.2,100.0,117.3,86.0,
https://www.basketball-reference.com/boxscores/201204220DET.html,"6:00 PM, April 22, 2012",Detroit Pistons,Toronto Raptors,76,73,TOR,,,Team Totals,240,29,77,.377,4,13,.308,11,16,.688,11,34,45,21,8,6,18,28,73,,,Team Totals,240,.434,.403,.169,.208,25.6,81.0,52.9,72.4,9.0,10.7,17.6,100.0,82.4,85.8,
https://www.basketball-reference.com/boxscores/201204220DET.html,"6:00 PM, April 22, 2012",Detroit Pistons,Toronto Raptors,76,73,DET,,,Team Totals,240,26,71,.366,2,15,.133,22,35,.629,8,32,40,16,5,4,13,10,76,,,Team Totals,240,.440,.380,.211,.493,19.0,74.4,47.1,61.5,5.6,6.3,13.1,100.0,85.8,82.4,
https://www.basketball-reference.com/boxscores/201204220LAC.html,"9:30 PM, April 22, 2012",Los Angeles Clippers,New Orleans Hornets,107,98,NOH,,,Team Totals,240,35,71,.493,3,12,.250,25,34,.735,8,28,36,22,6,5,19,31,98,,,Team Totals,240,.570,.514,.169,.479,22.2,71.8,48.0,62.9,6.4,10.2,18.1,100.0,104.8,114.5,
https://www.basketball-reference.com/boxscores/201204220LAC.html,"9:30 PM, April 22, 2012",Los Angeles Clippers,New Orleans Hornets,107,98,LAC,,,Team Totals,240,33,77,.429,7,28,.250,34,43,.791,11,28,39,24,13,5,11,27,107,,,Team Totals,240,.558,.474,.364,.558,28.2,77.8,52.0,72.7,13.9,8.5,10.3,100.0,114.5,104.8,
https://www.basketball-reference.com/boxscores/201204220LAL.html,"3:30 PM, April 22, 2012",Los Angeles Lakers,Oklahoma City Thunder,114,106,OKC,,,Team Totals,290,37,101,.366,8,24,.333,24,28,.857,14,40,54,23,9,12,17,26,106,,,Team Totals,290,.468,.406,.238,.277,25.0,61.5,44.6,62.2,8.2,13.3,13.0,100.0,96.2,103.5,
https://www.basketball-reference.com/boxscores/201204220LAL.html,"3:30 PM, April 22, 2012",Los Angeles Lakers,Oklahoma City Thunder,114,106,LAL,,,Team Totals,290,41,106,.387,5,16,.313,27,40,.675,25,42,67,26,12,10,13,19,114,,,Team Totals,290,.461,.410,.151,.377,38.5,75.0,55.4,63.4,10.9,13.0,9.5,100.0,103.5,96.2,
https://www.basketball-reference.com/boxscores/201204220MIA.html,"6:00 PM, April 22, 2012",Miami Heat,Houston Rockets,97,88,HOU,,,Team Totals,240,35,76,.461,7,20,.350,11,13,.846,7,30,37,17,9,4,19,19,88,,,Team Totals,240,.538,.507,.263,.171,18.4,63.8,43.5,48.6,9.9,5.8,18.9,100.0,96.5,106.4,
https://www.basketball-reference.com/boxscores/201204220MIA.html,"6:00 PM, April 22, 2012",Miami Heat,Houston Rockets,97,88,MIA,,,Team Totals,240,35,85,.412,5,16,.313,22,24,.917,17,31,48,10,10,7,15,15,97,,,Team Totals,240,.508,.441,.188,.282,36.2,81.6,56.5,28.6,11.0,12.5,13.6,100.0,106.4,96.5,
https://www.basketball-reference.com/boxscores/201204220MIN.html,"7:00 PM, April 22, 2012",Minnesota Timberwolves,Golden State Warriors,88,93,GSW,,,Team Totals,240,41,92,.446,5,16,.313,6,10,.600,11,34,45,18,6,7,9,17,93,,,Team Totals,240,.482,.473,.174,.109,22.9,79.1,49.5,43.9,6.5,12.5,8.5,100.0,101.0,95.5,
https://www.basketball-reference.com/boxscores/201204220MIN.html,"7:00 PM, April 22, 2012",Minnesota Timberwolves,Golden State Warriors,88,93,MIN,,,Team Totals,240,30,82,.366,7,26,.269,21,21,1.000,9,37,46,18,1,10,13,13,88,,,Team Totals,240,.482,.409,.317,.256,20.9,77.1,50.5,60.0,1.1,13.2,12.5,100.0,95.5,101.0,
https://www.basketball-reference.com/boxscores/201204220SAS.html,"7:00 PM, April 22, 2012",San Antonio Spurs,Cleveland Cavaliers,114,98,CLE,,,Team Totals,240,37,88,.420,5,22,.227,19,28,.679,14,28,42,14,6,4,13,21,98,,,Team Totals,240,.488,.449,.250,.318,25.9,84.8,48.3,37.8,6.2,7.0,11.5,100.0,100.5,116.9,
https://www.basketball-reference.com/boxscores/201204220SAS.html,"7:00 PM, April 22, 2012",San Antonio Spurs,Cleveland Cavaliers,114,98,SAS,,,Team Totals,240,42,77,.545,8,20,.400,22,29,.759,5,40,45,23,6,4,14,20,114,,,Team Totals,240,.635,.597,.260,.377,15.2,74.1,51.7,54.8,6.2,6.1,13.5,100.0,116.9,100.5,
https://www.basketball-reference.com/boxscores/201204230IND.html,"7:00 PM, April 23, 2012",Indiana Pacers,Detroit Pistons,103,97,DET,,,Team Totals,240,38,83,.458,8,16,.500,13,22,.591,15,27,42,16,8,9,18,26,97,,,Team Totals,240,.523,.506,.193,.265,30.6,55.1,42.9,42.1,8.4,11.7,16.3,100.0,102.2,108.5,
https://www.basketball-reference.com/boxscores/201204230IND.html,"7:00 PM, April 23, 2012",Indiana Pacers,Detroit Pistons,103,97,IND,,,Team Totals,240,35,92,.380,4,15,.267,29,38,.763,22,34,56,21,13,4,15,20,103,,,Team Totals,240,.474,.402,.163,.413,44.9,69.4,57.1,60.0,13.7,6.0,12.1,100.0,108.5,102.2,
https://www.basketball-reference.com/boxscores/201204230MEM.html,"8:00 PM, April 23, 2012",Memphis Grizzlies,Cleveland Cavaliers,109,101,CLE,,,Team Totals,240,37,80,.463,11,24,.458,16,22,.727,13,23,36,19,8,5,17,21,101,,,Team Totals,240,.563,.531,.300,.275,34.2,57.5,46.2,51.4,8.9,7.4,15.9,100.0,112.9,121.9,
https://www.basketball-reference.com/boxscores/201204230MEM.html,"8:00 PM, April 23, 2012",Memphis Grizzlies,Cleveland Cavaliers,109,101,MEM,,,Team Totals,240,38,81,.469,5,13,.385,28,36,.778,17,25,42,18,14,8,13,19,109,,,Team Totals,240,.563,.500,.160,.444,42.5,65.8,53.8,47.4,15.7,14.3,11.8,100.0,121.9,112.9,
https://www.basketball-reference.com/boxscores/201204230MIL.html,"8:00 PM, April 23, 2012",Milwaukee Bucks,Toronto Raptors,92,86,TOR,,,Team Totals,240,34,76,.447,4,14,.286,14,18,.778,10,39,49,24,5,3,22,26,86,,,Team Totals,240,.512,.474,.184,.237,23.8,78.0,53.3,70.6,5.4,4.9,20.8,100.0,92.3,98.7,
https://www.basketball-reference.com/boxscores/201204230MIL.html,"8:00 PM, April 23, 2012",Milwaukee Bucks,Toronto Raptors,92,86,MIL,,,Team Totals,240,29,78,.372,6,17,.353,28,36,.778,11,32,43,16,10,7,11,17,92,,,Team Totals,240,.490,.410,.218,.462,22.0,76.2,46.7,55.2,10.7,11.3,10.5,100.0,98.7,92.3,
https://www.basketball-reference.com/boxscores/201204230NJN.html,"7:30 PM, April 23, 2012",New Jersey Nets,Philadelphia 76ers,87,105,PHI,,,Team Totals,240,43,80,.538,5,14,.357,14,17,.824,7,26,33,25,6,8,7,16,105,,,Team Totals,240,.600,.569,.175,.213,20.0,78.8,48.5,58.1,6.9,13.8,7.4,100.0,121.5,100.7,
https://www.basketball-reference.com/boxscores/201204230NJN.html,"7:30 PM, April 23, 2012",New Jersey Nets,Philadelphia 76ers,87,105,NJN,,,Team Totals,240,31,72,.431,4,14,.286,21,23,.913,7,28,35,15,3,2,15,16,87,,,Team Totals,240,.530,.458,.194,.319,21.2,80.0,51.5,48.4,3.5,3.0,15.4,100.0,100.7,121.5,
https://www.basketball-reference.com/boxscores/201204230SAS.html,"8:30 PM, April 23, 2012",San Antonio Spurs,Portland Trail Blazers,124,89,POR,,,Team Totals,240,37,96,.385,6,16,.375,9,11,.818,14,24,38,19,10,5,14,18,89,,,Team Totals,240,.441,.417,.167,.115,26.4,75.0,44.7,51.4,10.3,8.5,12.2,100.0,91.6,127.6,
https://www.basketball-reference.com/boxscores/201204230SAS.html,"8:30 PM, April 23, 2012",San Antonio Spurs,Portland Trail Blazers,124,89,SAS,,,Team Totals,240,48,81,.593,12,22,.545,16,21,.762,8,39,47,34,11,8,16,9,124,,,Team Totals,240,.687,.667,.272,.259,25.0,73.6,55.3,70.8,11.3,10.0,15.1,100.0,127.6,91.6,
https://www.basketball-reference.com/boxscores/201204230WAS.html,"7:00 PM, April 23, 2012",Washington Wizards,Charlotte Bobcats,101,73,CHA,,,Team Totals,240,25,73,.342,4,15,.267,19,23,.826,10,25,35,12,6,4,24,14,73,,,Team Totals,240,.439,.370,.205,.315,21.7,73.5,43.8,48.0,6.3,6.2,22.4,100.0,76.7,106.1,
https://www.basketball-reference.com/boxscores/201204230WAS.html,"7:00 PM, April 23, 2012",Washington Wizards,Charlotte Bobcats,101,73,WAS,,,Team Totals,240,46,83,.554,2,18,.111,7,12,.583,9,36,45,28,12,5,18,25,101,,,Team Totals,240,.572,.566,.217,.145,26.5,78.3,56.3,60.9,12.6,8.6,16.9,100.0,106.1,76.7,
https://www.basketball-reference.com/boxscores/201204240ATL.html,"7:30 PM, April 24, 2012",Atlanta Hawks,Los Angeles Clippers,109,102,LAC,,,Team Totals,240,40,80,.500,8,19,.421,14,20,.700,9,26,35,18,9,4,14,14,102,,,Team Totals,240,.574,.550,.238,.250,24.3,65.0,45.5,45.0,9.9,6.5,13.6,100.0,112.0,119.7,
https://www.basketball-reference.com/boxscores/201204240ATL.html,"7:30 PM, April 24, 2012",Atlanta Hawks,Los Angeles Clippers,109,102,ATL,,,Team Totals,240,43,86,.500,11,24,.458,12,14,.857,14,28,42,24,7,4,15,17,109,,,Team Totals,240,.591,.564,.279,.163,35.0,75.7,54.5,55.8,7.7,6.6,14.0,100.0,119.7,112.0,
https://www.basketball-reference.com/boxscores/201204240BOS.html,"8:00 PM, April 24, 2012",Boston Celtics,Miami Heat,78,66,MIA,,,Team Totals,240,28,73,.384,6,17,.353,4,7,.571,8,36,44,20,7,6,25,19,66,,,Team Totals,240,.434,.425,.233,.096,19.0,90.0,53.7,71.4,7.7,9.7,24.7,100.0,72.3,85.5,
https://www.basketball-reference.com/boxscores/201204240BOS.html,"8:00 PM, April 24, 2012",Boston Celtics,Miami Heat,78,66,BOS,,,Team Totals,240,32,74,.432,4,12,.333,10,16,.625,4,34,38,15,11,6,15,11,78,,,Team Totals,240,.481,.459,.162,.216,10.0,81.0,46.3,46.9,12.1,10.7,15.6,100.0,85.5,72.3,
https://www.basketball-reference.com/boxscores/201204240GSW.html,"10:30 PM, April 24, 2012",Golden State Warriors,New Orleans Hornets,81,83,NOH,,,Team Totals,240,31,71,.437,2,5,.400,19,31,.613,14,29,43,22,9,6,14,17,83,,,Team Totals,240,.490,.451,.070,.437,33.3,76.3,53.8,71.0,10.5,9.2,14.2,100.0,97.3,94.9,
https://www.basketball-reference.com/boxscores/201204240GSW.html,"10:30 PM, April 24, 2012",Golden State Warriors,New Orleans Hornets,81,83,GSW,,,Team Totals,240,33,79,.418,6,14,.429,9,13,.692,9,28,37,18,6,6,15,19,81,,,Team Totals,240,.478,.456,.177,.165,23.7,66.7,46.3,54.5,7.0,9.1,15.0,100.0,94.9,97.3,
https://www.basketball-reference.com/boxscores/201204240OKC.html,"8:00 PM, April 24, 2012",Oklahoma City Thunder,Sacramento Kings,118,110,SAC,,,Team Totals,240,43,82,.524,4,16,.250,20,27,.741,6,28,34,19,10,8,12,20,110,,,Team Totals,240,.586,.549,.195,.329,16.2,70.0,44.2,44.2,10.3,13.1,11.3,100.0,113.6,121.9,
https://www.basketball-reference.com/boxscores/201204240OKC.html,"8:00 PM, April 24, 2012",Oklahoma City Thunder,Sacramento Kings,118,110,OKC,,,Team Totals,240,38,81,.469,9,20,.450,33,36,.917,12,31,43,22,5,8,14,24,118,,,Team Totals,240,.609,.525,.247,.444,30.0,83.8,55.8,57.9,5.2,12.1,12.6,100.0,121.9,113.6,
https://www.basketball-reference.com/boxscores/201204240UTA.html,"10:30 PM, April 24, 2012",Utah Jazz,Phoenix Suns,100,88,PHO,,,Team Totals,240,34,84,.405,5,23,.217,15,23,.652,6,36,42,18,5,3,15,22,88,,,Team Totals,240,.467,.435,.274,.274,12.5,72.0,42.9,52.9,5.0,4.1,13.7,100.0,88.8,100.9,
https://www.basketball-reference.com/boxscores/201204240UTA.html,"10:30 PM, April 24, 2012",Utah Jazz,Phoenix Suns,100,88,UTA,,,Team Totals,240,37,87,.425,4,13,.308,22,29,.759,14,42,56,23,9,8,13,21,100,,,Team Totals,240,.501,.448,.149,.333,28.0,87.5,57.1,62.2,9.1,13.1,11.5,100.0,100.9,88.8,
https://www.basketball-reference.com/boxscores/201204250CLE.html,"7:00 PM, April 25, 2012",Cleveland Cavaliers,Washington Wizards,85,96,WAS,,,Team Totals,240,40,91,.440,4,16,.250,12,16,.750,20,30,50,21,12,4,15,19,96,,,Team Totals,240,.490,.462,.176,.176,39.2,73.2,54.3,52.5,13.3,6.7,13.3,100.0,106.2,94.0,
https://www.basketball-reference.com/boxscores/201204250CLE.html,"7:00 PM, April 25, 2012",Cleveland Cavaliers,Washington Wizards,85,96,CLE,,,Team Totals,240,34,77,.442,4,17,.235,13,18,.722,11,31,42,18,10,2,18,18,85,,,Team Totals,240,.500,.468,.221,.234,26.8,60.8,45.7,52.9,11.1,2.7,17.5,100.0,94.0,106.2,
https://www.basketball-reference.com/boxscores/201204250IND.html,"7:00 PM, April 25, 2012",Indiana Pacers,Chicago Bulls,87,92,CHI,,,Team Totals,240,38,81,.469,6,17,.353,10,10,1.000,9,35,44,27,5,5,13,17,92,,,Team Totals,240,.539,.506,.210,.123,25.0,83.3,56.4,71.1,5.7,7.6,13.2,100.0,104.6,98.9,
https://www.basketball-reference.com/boxscores/201204250IND.html,"7:00 PM, April 25, 2012",Indiana Pacers,Chicago Bulls,87,92,IND,,,Team Totals,240,35,80,.438,6,14,.429,11,16,.688,7,27,34,16,9,4,11,10,87,,,Team Totals,240,.500,.475,.175,.200,16.7,75.0,43.6,45.7,10.2,6.3,11.2,100.0,98.9,104.6,
https://www.basketball-reference.com/boxscores/201204250MIL.html,"8:00 PM, April 25, 2012",Milwaukee Bucks,Philadelphia 76ers,85,90,PHI,,,Team Totals,240,36,101,.356,5,16,.313,13,18,.722,16,35,51,24,12,6,11,9,90,,,Team Totals,240,.413,.381,.158,.178,27.1,79.5,49.5,66.7,12.2,9.2,9.2,100.0,91.8,86.7,
https://www.basketball-reference.com/boxscores/201204250MIL.html,"8:00 PM, April 25, 2012",Milwaukee Bucks,Philadelphia 76ers,85,90,MIL,,,Team Totals,240,36,81,.444,6,16,.375,7,9,.778,9,43,52,26,8,11,21,14,85,,,Team Totals,240,.500,.481,.198,.111,20.5,72.9,50.5,72.2,8.2,12.9,19.8,100.0,86.7,91.8,
https://www.basketball-reference.com/boxscores/201204250NYK.html,"8:00 PM, April 25, 2012",New York Knicks,Los Angeles Clippers,99,93,LAC,,,Team Totals,240,34,70,.486,11,25,.440,14,25,.560,9,31,40,19,6,3,14,20,93,,,Team Totals,240,.574,.564,.357,.357,24.3,79.5,52.6,55.9,7.0,5.7,14.7,100.0,109.3,116.3,
https://www.basketball-reference.com/boxscores/201204250NYK.html,"8:00 PM, April 25, 2012",New York Knicks,Los Angeles Clippers,99,93,NYK,,,Team Totals,240,36,77,.468,9,24,.375,18,24,.750,8,28,36,18,9,2,8,18,99,,,Team Totals,240,.565,.526,.312,.312,20.5,75.7,47.4,50.0,10.6,4.4,8.4,100.0,116.3,109.3,
https://www.basketball-reference.com/boxscores/201204250OKC.html,"8:00 PM, April 25, 2012",Oklahoma City Thunder,Denver Nuggets,101,106,DEN,,,Team Totals,240,40,90,.444,8,23,.348,18,30,.600,17,25,42,21,8,4,11,20,106,,,Team Totals,240,.514,.489,.256,.333,39.5,69.4,53.2,52.5,8.8,7.3,9.6,100.0,116.6,111.1,
https://www.basketball-reference.com/boxscores/201204250OKC.html,"8:00 PM, April 25, 2012",Oklahoma City Thunder,Denver Nuggets,101,106,OKC,,,Team Totals,240,39,79,.494,10,24,.417,13,15,.867,11,26,37,18,6,13,18,26,101,,,Team Totals,240,.590,.557,.304,.190,30.6,60.5,46.8,46.2,6.6,19.4,17.4,100.0,111.1,116.6,
https://www.basketball-reference.com/boxscores/201204250ORL.html,"7:00 PM, April 25, 2012",Orlando Magic,Charlotte Bobcats,102,95,CHA,,,Team Totals,240,31,70,.443,5,17,.294,28,32,.875,6,31,37,18,3,5,13,24,95,,,Team Totals,240,.565,.479,.243,.457,15.8,67.4,44.0,58.1,3.4,11.4,13.4,100.0,106.6,114.4,
https://www.basketball-reference.com/boxscores/201204250ORL.html,"7:00 PM, April 25, 2012",Orlando Magic,Charlotte Bobcats,102,95,ORL,,,Team Totals,240,33,82,.402,14,38,.368,22,28,.786,15,32,47,21,6,2,13,28,102,,,Team Totals,240,.541,.488,.463,.341,32.6,84.2,56.0,63.6,6.7,3.8,12.1,100.0,114.4,106.6,
https://www.basketball-reference.com/boxscores/201204250PHO.html,"10:30 PM, April 25, 2012",Phoenix Suns,San Antonio Spurs,106,110,SAS,,,Team Totals,240,41,88,.466,8,22,.364,20,23,.870,12,33,45,23,6,2,14,19,110,,,Team Totals,240,.561,.511,.250,.261,27.9,73.3,51.1,56.1,6.1,2.5,12.5,100.0,111.5,107.4,
https://www.basketball-reference.com/boxscores/201204250PHO.html,"10:30 PM, April 25, 2012",Phoenix Suns,San Antonio Spurs,106,110,PHO,,,Team Totals,240,45,94,.479,5,13,.385,11,13,.846,12,31,43,19,5,8,15,16,106,,,Team Totals,240,.531,.505,.138,.138,26.7,72.1,48.9,42.2,5.1,12.1,13.1,100.0,107.4,111.5,
https://www.basketball-reference.com/boxscores/201204260ATL.html,"8:00 PM, April 26, 2012",Atlanta Hawks,Dallas Mavericks,106,89,DAL,,,Team Totals,240,33,78,.423,5,15,.333,18,23,.783,9,31,40,20,9,3,16,11,89,,,Team Totals,240,.505,.455,.192,.295,20.0,86.1,49.4,60.6,9.4,5.2,15.4,100.0,92.6,110.3,
https://www.basketball-reference.com/boxscores/201204260ATL.html,"8:00 PM, April 26, 2012",Atlanta Hawks,Dallas Mavericks,106,89,ATL,,,Team Totals,240,45,85,.529,9,27,.333,7,9,.778,5,36,41,28,8,3,16,17,106,,,Team Totals,240,.596,.582,.318,.106,13.9,80.0,50.6,62.2,8.3,4.8,15.2,100.0,110.3,92.6,
https://www.basketball-reference.com/boxscores/201204260BOS.html,"8:00 PM, April 26, 2012",Boston Celtics,Milwaukee Bucks,87,74,MIL,,,Team Totals,240,29,78,.372,2,9,.222,14,23,.609,11,38,49,17,11,4,23,14,74,,,Team Totals,240,.420,.385,.115,.295,22.4,86.4,52.7,58.6,11.2,6.3,20.7,100.0,75.0,88.2,
https://www.basketball-reference.com/boxscores/201204260BOS.html,"8:00 PM, April 26, 2012",Boston Celtics,Milwaukee Bucks,87,74,BOS,,,Team Totals,240,35,87,.402,8,24,.333,9,11,.818,6,38,44,27,14,7,15,18,87,,,Team Totals,240,.474,.448,.276,.126,13.6,77.6,47.3,77.1,14.2,10.1,14.0,100.0,88.2,75.0,
https://www.basketball-reference.com/boxscores/201204260CHA.html,"8:00 PM, April 26, 2012",Charlotte Bobcats,New York Knicks,84,104,NYK,,,Team Totals,240,44,85,.518,8,20,.400,8,15,.533,6,30,36,31,7,6,11,21,104,,,Team Totals,240,.568,.565,.235,.176,16.2,78.9,48.0,70.5,7.5,10.3,10.7,100.0,111.9,90.4,
https://www.basketball-reference.com/boxscores/201204260CHA.html,"8:00 PM, April 26, 2012",Charlotte Bobcats,New York Knicks,84,104,CHA,,,Team Totals,240,32,74,.432,6,16,.375,14,26,.538,8,31,39,20,5,9,16,16,84,,,Team Totals,240,.492,.473,.216,.351,21.1,83.8,52.0,62.5,5.4,13.8,15.8,100.0,90.4,111.9,
https://www.basketball-reference.com/boxscores/201204260CHI.html,"8:00 PM, April 26, 2012",Chicago Bulls,Cleveland Cavaliers,107,75,CLE,,,Team Totals,240,28,87,.322,2,13,.154,17,26,.654,13,25,38,8,4,3,9,9,75,,,Team Totals,240,.381,.333,.149,.299,21.3,67.6,38.8,28.6,4.4,4.3,8.4,100.0,83.4,119.0,
https://www.basketball-reference.com/boxscores/201204260CHI.html,"8:00 PM, April 26, 2012",Chicago Bulls,Cleveland Cavaliers,107,75,CHI,,,Team Totals,240,45,85,.529,5,16,.313,12,17,.706,12,48,60,29,5,7,9,17,107,,,Team Totals,240,.579,.559,.188,.200,32.4,78.7,61.2,64.4,5.6,9.5,8.9,100.0,119.0,83.4,
https://www.basketball-reference.com/boxscores/201204260DET.html,"8:00 PM, April 26, 2012",Detroit Pistons,Philadelphia 76ers,108,86,PHI,,,Team Totals,240,34,87,.391,5,15,.333,13,16,.813,18,28,46,21,6,1,11,12,86,,,Team Totals,240,.457,.420,.172,.184,35.3,73.7,51.7,61.8,6.9,2.0,10.5,100.0,99.1,124.5,
https://www.basketball-reference.com/boxscores/201204260DET.html,"8:00 PM, April 26, 2012",Detroit Pistons,Philadelphia 76ers,108,86,DET,,,Team Totals,240,41,81,.506,14,32,.438,12,16,.750,10,33,43,29,6,5,13,14,108,,,Team Totals,240,.613,.593,.395,.198,26.3,64.7,48.3,70.7,6.9,6.9,12.9,100.0,124.5,99.1,
https://www.basketball-reference.com/boxscores/201204260GSW.html,"10:30 PM, April 26, 2012",Golden State Warriors,San Antonio Spurs,101,107,SAS,,,Team Totals,240,42,96,.438,9,31,.290,14,17,.824,19,35,54,27,7,5,13,14,107,,,Team Totals,240,.517,.484,.323,.177,35.8,81.4,56.3,64.3,7.2,6.3,11.2,100.0,110.0,103.8,
https://www.basketball-reference.com/boxscores/201204260GSW.html,"10:30 PM, April 26, 2012",Golden State Warriors,San Antonio Spurs,101,107,GSW,,,Team Totals,240,45,87,.517,2,8,.250,9,12,.750,8,34,42,25,8,5,16,14,101,,,Team Totals,240,.547,.529,.092,.138,18.6,64.2,43.8,55.6,8.2,7.7,14.8,100.0,103.8,110.0,
https://www.basketball-reference.com/boxscores/201204260HOU.html,"8:00 PM, April 26, 2012",Houston Rockets,New Orleans Hornets,84,77,NOH,,,Team Totals,240,27,68,.397,5,15,.333,18,30,.600,5,39,44,15,10,5,15,14,77,,,Team Totals,240,.474,.434,.221,.441,11.1,70.9,44.0,55.6,11.2,7.9,15.6,100.0,85.9,93.7,
https://www.basketball-reference.com/boxscores/201204260HOU.html,"8:00 PM, April 26, 2012",Houston Rockets,New Orleans Hornets,84,77,HOU,,,Team Totals,240,32,91,.352,9,28,.321,11,14,.786,16,40,56,21,7,5,11,21,84,,,Team Totals,240,.432,.401,.308,.154,29.1,88.9,56.0,65.6,7.8,9.4,10.2,100.0,93.7,85.9,
https://www.basketball-reference.com/boxscores/201204260MEM.html,"8:00 PM, April 26, 2012",Memphis Grizzlies,Orlando Magic,88,76,ORL,,,Team Totals,240,30,73,.411,7,26,.269,9,15,.600,8,26,34,14,9,8,15,19,76,,,Team Totals,240,.477,.459,.356,.205,18.2,74.3,43.0,46.7,10.6,13.3,15.9,100.0,89.4,103.5,
https://www.basketball-reference.com/boxscores/201204260MEM.html,"8:00 PM, April 26, 2012",Memphis Grizzlies,Orlando Magic,88,76,MEM,,,Team Totals,240,34,72,.472,2,12,.167,18,22,.818,9,36,45,18,6,5,14,16,88,,,Team Totals,240,.539,.486,.167,.306,25.7,81.8,57.0,52.9,7.1,10.6,14.6,100.0,103.5,89.4,
https://www.basketball-reference.com/boxscores/201204260MIN.html,"8:00 PM, April 26, 2012",Minnesota Timberwolves,Denver Nuggets,102,131,DEN,,,Team Totals,240,56,89,.629,5,10,.500,14,20,.700,12,36,48,30,9,4,16,22,131,,,Team Totals,240,.670,.657,.112,.225,36.4,81.8,62.3,53.6,9.0,6.5,14.1,100.0,130.9,101.9,
https://www.basketball-reference.com/boxscores/201204260MIN.html,"8:00 PM, April 26, 2012",Minnesota Timberwolves,Denver Nuggets,102,131,MIN,,,Team Totals,240,40,89,.449,10,27,.370,12,19,.632,8,21,29,22,5,4,13,14,102,,,Team Totals,240,.524,.506,.303,.213,18.2,63.6,37.7,55.0,5.0,5.1,11.8,100.0,101.9,130.9,
https://www.basketball-reference.com/boxscores/201204260SAC.html,"10:30 PM, April 26, 2012",Sacramento Kings,Los Angeles Lakers,113,96,LAL,,,Team Totals,240,41,91,.451,7,15,.467,7,9,.778,11,30,41,27,4,3,15,14,96,,,Team Totals,240,.505,.489,.165,.099,24.4,68.2,46.1,65.9,4.2,3.9,13.6,100.0,101.9,120.0,
https://www.basketball-reference.com/boxscores/201204260SAC.html,"10:30 PM, April 26, 2012",Sacramento Kings,Los Angeles Lakers,113,96,SAC,,,Team Totals,240,47,92,.511,6,15,.400,13,18,.722,14,34,48,21,6,7,8,10,113,,,Team Totals,240,.565,.543,.163,.196,31.8,75.6,53.9,44.7,6.4,9.2,7.4,100.0,120.0,101.9,
https://www.basketball-reference.com/boxscores/201204260TOR.html,"7:00 PM, April 26, 2012",Toronto Raptors,New Jersey Nets,98,67,NJN,,,Team Totals,240,25,83,.301,6,18,.333,11,16,.688,12,27,39,15,9,2,15,15,67,,,Team Totals,240,.372,.337,.217,.193,21.8,64.3,40.2,60.0,10.0,2.9,14.3,100.0,74.2,108.5,
https://www.basketball-reference.com/boxscores/201204260TOR.html,"7:00 PM, April 26, 2012",Toronto Raptors,New Jersey Nets,98,67,TOR,,,Team Totals,240,37,88,.420,10,19,.526,14,18,.778,15,43,58,23,7,5,14,12,98,,,Team Totals,240,.511,.477,.216,.205,35.7,78.2,59.8,62.2,7.8,7.7,12.7,100.0,108.5,74.2,
https://www.basketball-reference.com/boxscores/201204260UTA.html,"8:00 PM, April 26, 2012",Utah Jazz,Portland Trail Blazers,96,94,POR,,,Team Totals,240,36,80,.450,6,25,.240,16,19,.842,6,30,36,24,8,3,14,19,94,,,Team Totals,240,.532,.488,.313,.238,14.6,69.8,42.9,66.7,8.6,4.7,13.7,100.0,101.6,103.8,
https://www.basketball-reference.com/boxscores/201204260UTA.html,"8:00 PM, April 26, 2012",Utah Jazz,Portland Trail Blazers,96,94,UTA,,,Team Totals,240,35,83,.422,6,19,.316,20,27,.741,13,35,48,15,10,8,12,18,96,,,Team Totals,240,.506,.458,.229,.325,30.2,85.4,57.1,42.9,10.8,14.5,11.2,100.0,103.8,101.6,
https://www.basketball-reference.com/boxscores/201204260WAS.html,"8:00 PM, April 26, 2012",Washington Wizards,Miami Heat,104,70,MIA,,,Team Totals,240,24,67,.358,4,18,.222,18,24,.750,7,24,31,11,7,5,22,16,70,,,Team Totals,240,.451,.388,.269,.358,16.3,77.4,41.9,45.8,7.6,7.6,22.1,100.0,75.9,112.7,
https://www.basketball-reference.com/boxscores/201204260WAS.html,"8:00 PM, April 26, 2012",Washington Wizards,Miami Heat,104,70,WAS,,,Team Totals,240,42,76,.553,5,10,.500,15,24,.625,7,36,43,27,15,3,16,21,104,,,Team Totals,240,.601,.586,.132,.316,22.6,83.7,58.1,64.3,16.3,6.1,15.6,100.0,112.7,75.9,
https://www.basketball-reference.com/boxscores/201204280CHI.html,"1:00 PM, April 28, 2012",Chicago Bulls,Philadelphia 76ers,103,91,PHI,,,Team Totals,240,33,83,.398,1,9,.111,24,31,.774,12,26,38,18,10,5,11,21,91,,,Team Totals,240,.471,.404,.108,.373,24.5,72.2,44.7,54.5,10.7,7.8,10.2,100.0,97.0,109.8,
https://www.basketball-reference.com/boxscores/201204280CHI.html,"1:00 PM, April 28, 2012",Chicago Bulls,Philadelphia 76ers,103,91,CHI,,,Team Totals,240,40,78,.513,6,14,.429,17,24,.708,10,37,47,28,6,6,18,23,103,,,Team Totals,240,.582,.551,.179,.308,27.8,75.5,55.3,70.0,6.4,8.1,16.9,100.0,109.8,97.0,
https://www.basketball-reference.com/boxscores/201204280IND.html,"7:00 PM, April 28, 2012",Indiana Pacers,Orlando Magic,77,81,ORL,,,Team Totals,240,32,81,.395,9,24,.375,8,11,.727,11,34,45,18,3,8,13,17,81,,,Team Totals,240,.472,.451,.296,.136,23.9,69.4,47.4,56.3,3.4,10.8,13.2,100.0,92.6,88.0,
https://www.basketball-reference.com/boxscores/201204280IND.html,"7:00 PM, April 28, 2012",Indiana Pacers,Orlando Magic,77,81,IND,,,Team Totals,240,30,87,.345,4,13,.308,13,22,.591,15,35,50,17,7,11,12,17,77,,,Team Totals,240,.398,.368,.149,.253,30.6,76.1,52.6,56.7,8.0,19.3,11.0,100.0,88.0,92.6,
https://www.basketball-reference.com/boxscores/201204280MIA.html,"3:30 PM, April 28, 2012",Miami Heat,New York Knicks,100,67,NYK,,,Team Totals,240,25,70,.357,7,21,.333,10,11,.909,15,26,41,11,8,0,27,26,67,,,Team Totals,240,.448,.407,.300,.157,37.5,66.7,51.9,44.0,9.4,0.0,26.5,100.0,78.5,117.2,
https://www.basketball-reference.com/boxscores/201204280MIA.html,"3:30 PM, April 28, 2012",Miami Heat,New York Knicks,100,67,MIA,,,Team Totals,240,34,70,.486,8,21,.381,24,33,.727,13,25,38,16,12,4,17,17,100,,,Team Totals,240,.592,.543,.300,.471,33.3,62.5,48.1,47.1,14.1,8.2,16.7,100.0,117.2,78.5,
https://www.basketball-reference.com/boxscores/201204280OKC.html,"9:30 PM, April 28, 2012",Oklahoma City Thunder,Dallas Mavericks,99,98,DAL,,,Team Totals,240,34,78,.436,10,22,.455,20,25,.800,10,32,42,15,11,3,15,20,98,,,Team Totals,240,.551,.500,.282,.321,27.0,78.0,53.8,44.1,12.1,4.8,14.4,100.0,107.9,109.0,
https://www.basketball-reference.com/boxscores/201204280OKC.html,"9:30 PM, April 28, 2012",Oklahoma City Thunder,Dallas Mavericks,99,98,OKC,,,Team Totals,240,38,79,.481,6,16,.375,17,20,.850,9,27,36,17,8,11,14,22,99,,,Team Totals,240,.564,.519,.203,.253,22.0,73.0,46.2,44.7,8.8,19.6,13.8,100.0,109.0,107.9,
https://www.basketball-reference.com/boxscores/201204290ATL.html,"7:00 PM, April 29, 2012",Atlanta Hawks,Boston Celtics,83,74,BOS,,,Team Totals,240,32,82,.390,0,11,.000,10,13,.769,7,34,41,21,9,3,6,24,74,,,Team Totals,240,.422,.390,.134,.159,15.2,75.6,45.1,65.6,10.5,5.4,6.4,100.0,86.7,97.3,
https://www.basketball-reference.com/boxscores/201204290ATL.html,"7:00 PM, April 29, 2012",Atlanta Hawks,Boston Celtics,83,74,ATL,,,Team Totals,240,31,76,.408,7,20,.350,14,21,.667,11,39,50,16,3,1,13,18,83,,,Team Totals,240,.487,.454,.263,.276,24.4,84.8,54.9,51.6,3.5,1.4,13.2,100.0,97.3,86.7,
https://www.basketball-reference.com/boxscores/201204290LAL.html,"3:30 PM, April 29, 2012",Los Angeles Lakers,Denver Nuggets,103,88,DEN,,,Team Totals,240,32,90,.356,4,14,.286,20,27,.741,16,30,46,17,6,4,10,18,88,,,Team Totals,240,.432,.378,.156,.300,28.1,73.2,46.9,53.1,6.5,5.8,8.9,100.0,95.6,111.9,
https://www.basketball-reference.com/boxscores/201204290LAL.html,"3:30 PM, April 29, 2012",Los Angeles Lakers,Denver Nuggets,103,88,LAL,,,Team Totals,240,43,86,.500,6,17,.353,11,15,.733,11,41,52,22,6,15,11,22,103,,,Team Totals,240,.556,.535,.198,.174,26.8,71.9,53.1,51.2,6.5,19.7,10.6,100.0,111.9,95.6,
https://www.basketball-reference.com/boxscores/201204290MEM.html,"9:30 PM, April 29, 2012",Memphis Grizzlies,Los Angeles Clippers,98,99,LAC,,,Team Totals,240,38,76,.500,6,18,.333,17,23,.739,13,34,47,19,8,7,18,19,99,,,Team Totals,240,.575,.539,.237,.303,32.5,70.8,53.4,50.0,8.9,10.1,17.3,100.0,110.3,109.2,
https://www.basketball-reference.com/boxscores/201204290MEM.html,"9:30 PM, April 29, 2012",Memphis Grizzlies,Los Angeles Clippers,98,99,MEM,,,Team Totals,240,38,85,.447,11,16,.688,11,18,.611,14,27,41,19,3,1,12,22,98,,,Team Totals,240,.527,.512,.188,.212,29.2,67.5,46.6,50.0,3.3,1.7,11.4,100.0,109.2,110.3,
https://www.basketball-reference.com/boxscores/201204290SAS.html,"1:00 PM, April 29, 2012",San Antonio Spurs,Utah Jazz,106,91,UTA,,,Team Totals,240,32,76,.421,4,13,.308,23,30,.767,13,32,45,17,7,8,16,24,91,,,Team Totals,240,.510,.447,.171,.395,31.0,76.2,53.6,53.1,7.6,11.9,15.2,100.0,99.2,115.6,
https://www.basketball-reference.com/boxscores/201204290SAS.html,"1:00 PM, April 29, 2012",San Antonio Spurs,Utah Jazz,106,91,SAS,,,Team Totals,240,40,84,.476,6,17,.353,20,28,.714,10,29,39,25,10,2,10,18,106,,,Team Totals,240,.550,.512,.202,.333,23.8,69.0,46.4,62.5,10.9,3.2,9.4,100.0,115.6,99.2,
https://www.basketball-reference.com/boxscores/201204300IND.html,"7:30 PM, April 30, 2012",Indiana Pacers,Orlando Magic,93,78,ORL,,,Team Totals,240,27,76,.355,8,25,.320,16,19,.842,13,25,38,16,6,4,16,20,78,,,Team Totals,240,.462,.408,.329,.250,29.5,62.5,45.2,59.3,7.2,7.0,15.9,100.0,93.0,110.9,
https://www.basketball-reference.com/boxscores/201204300IND.html,"7:30 PM, April 30, 2012",Indiana Pacers,Orlando Magic,93,78,IND,,,Team Totals,240,33,77,.429,2,20,.100,25,28,.893,15,31,46,9,9,6,13,17,93,,,Team Totals,240,.521,.442,.260,.364,37.5,70.5,54.8,27.3,10.7,11.8,12.7,100.0,110.9,93.0,
https://www.basketball-reference.com/boxscores/201204300MIA.html,"7:00 PM, April 30, 2012",Miami Heat,New York Knicks,104,94,NYK,,,Team Totals,240,38,77,.494,5,15,.333,13,19,.684,12,28,40,15,3,2,13,22,94,,,Team Totals,240,.551,.526,.195,.247,31.6,80.0,54.8,39.5,3.6,3.8,13.2,100.0,111.4,123.3,
https://www.basketball-reference.com/boxscores/201204300MIA.html,"7:00 PM, April 30, 2012",Miami Heat,New York Knicks,104,94,MIA,,,Team Totals,240,38,73,.521,9,21,.429,19,27,.704,7,26,33,28,6,3,8,17,104,,,Team Totals,240,.613,.582,.288,.370,20.0,68.4,45.2,73.7,7.1,4.8,8.6,100.0,123.3,111.4,
https://www.basketball-reference.com/boxscores/201204300OKC.html,"9:30 PM, April 30, 2012",Oklahoma City Thunder,Dallas Mavericks,102,99,DAL,,,Team Totals,240,33,79,.418,5,23,.217,28,32,.875,12,23,35,13,9,3,14,26,99,,,Team Totals,240,.532,.449,.291,.405,27.3,82.1,48.6,39.4,9.8,5.9,13.1,100.0,107.7,110.9,
https://www.basketball-reference.com/boxscores/201204300OKC.html,"9:30 PM, April 30, 2012",Oklahoma City Thunder,Dallas Mavericks,102,99,OKC,,,Team Totals,240,30,67,.448,5,16,.313,37,39,.949,5,32,37,13,9,3,16,28,102,,,Team Totals,240,.606,.485,.239,.582,17.9,72.7,51.4,43.3,9.8,5.4,16.0,100.0,110.9,107.7,
https://www.basketball-reference.com/boxscores/201205010ATL.html,"7:30 PM, May 1, 2012",Atlanta Hawks,Boston Celtics,80,87,BOS,,,Team Totals,240,29,68,.426,3,14,.214,26,31,.839,3,42,45,14,6,6,17,24,87,,,Team Totals,240,.533,.449,.206,.456,9.1,80.8,52.9,48.3,6.5,9.8,17.2,100.0,93.8,86.3,
https://www.basketball-reference.com/boxscores/201205010ATL.html,"7:30 PM, May 1, 2012",Atlanta Hawks,Boston Celtics,80,87,ATL,,,Team Totals,240,29,83,.349,6,22,.273,16,20,.800,10,30,40,14,7,5,12,26,80,,,Team Totals,240,.436,.386,.265,.241,19.2,90.9,47.1,48.3,7.5,9.3,11.6,100.0,86.3,93.8,
https://www.basketball-reference.com/boxscores/201205010CHI.html,"8:00 PM, May 1, 2012",Chicago Bulls,Philadelphia 76ers,92,109,PHI,,,Team Totals,240,46,78,.590,5,12,.417,12,15,.800,7,31,38,23,7,7,9,18,109,,,Team Totals,240,.644,.622,.154,.192,24.1,75.6,54.3,50.0,8.1,10.0,9.6,100.0,126.8,107.0,
https://www.basketball-reference.com/boxscores/201205010CHI.html,"8:00 PM, May 1, 2012",Chicago Bulls,Philadelphia 76ers,92,109,CHI,,,Team Totals,240,38,84,.452,6,14,.429,10,18,.556,10,22,32,23,3,4,8,11,92,,,Team Totals,240,.500,.488,.167,.214,24.4,75.9,45.7,60.5,3.5,6.1,8.0,100.0,107.0,126.8,
https://www.basketball-reference.com/boxscores/201205010LAL.html,"10:30 PM, May 1, 2012",Los Angeles Lakers,Denver Nuggets,104,100,DEN,,,Team Totals,240,40,91,.440,4,19,.211,16,22,.727,19,33,52,21,7,8,13,23,100,,,Team Totals,240,.497,.462,.209,.242,38.8,64.7,52.0,52.5,7.5,9.9,11.4,100.0,106.9,111.2,
https://www.basketball-reference.com/boxscores/201205010LAL.html,"10:30 PM, May 1, 2012",Los Angeles Lakers,Denver Nuggets,104,100,LAL,,,Team Totals,240,43,96,.448,2,15,.133,16,21,.762,18,30,48,20,8,8,11,20,104,,,Team Totals,240,.494,.458,.156,.219,35.3,61.2,48.0,46.5,8.6,11.1,9.5,100.0,111.2,106.9,
https://www.basketball-reference.com/boxscores/201205020MEM.html,"9:30 PM, May 2, 2012",Memphis Grizzlies,Los Angeles Clippers,105,98,LAC,,,Team Totals,240,38,67,.567,9,16,.563,13,18,.722,4,24,28,15,8,6,21,29,98,,,Team Totals,240,.654,.634,.239,.269,16.0,60.0,43.1,39.5,9.0,9.5,21.9,100.0,110.6,118.5,
https://www.basketball-reference.com/boxscores/201205020MEM.html,"9:30 PM, May 2, 2012",Memphis Grizzlies,Los Angeles Clippers,105,98,MEM,,,Team Totals,240,36,75,.480,2,12,.167,31,39,.795,16,21,37,12,13,7,13,17,105,,,Team Totals,240,.570,.493,.160,.520,40.0,84.0,56.9,33.3,14.7,13.7,12.4,100.0,118.5,110.6,
https://www.basketball-reference.com/boxscores/201205020ORL.html,"7:30 PM, May 2, 2012",Orlando Magic,Indiana Pacers,74,97,IND,,,Team Totals,240,37,79,.468,8,20,.400,15,20,.750,13,33,46,16,9,5,13,17,97,,,Team Totals,240,.552,.519,.253,.253,31.7,86.8,58.2,43.2,10.3,8.9,12.9,100.0,110.7,84.5,
https://www.basketball-reference.com/boxscores/201205020ORL.html,"7:30 PM, May 2, 2012",Orlando Magic,Indiana Pacers,74,97,ORL,,,Team Totals,240,30,71,.423,5,15,.333,9,18,.500,5,28,33,14,6,1,17,18,74,,,Team Totals,240,.469,.458,.211,.254,13.2,68.3,41.8,46.7,6.9,1.7,17.7,100.0,84.5,110.7,
https://www.basketball-reference.com/boxscores/201205020SAS.html,"7:00 PM, May 2, 2012",San Antonio Spurs,Utah Jazz,114,83,UTA,,,Team Totals,240,31,90,.344,1,6,.167,20,23,.870,18,25,43,16,7,3,15,16,83,,,Team Totals,240,.415,.350,.067,.256,31.6,83.3,49.4,51.6,7.5,5.0,13.0,100.0,89.2,122.6,
https://www.basketball-reference.com/boxscores/201205020SAS.html,"7:00 PM, May 2, 2012",San Antonio Spurs,Utah Jazz,114,83,SAS,,,Team Totals,240,47,82,.573,10,22,.455,10,10,1.000,5,39,44,28,10,5,12,18,114,,,Team Totals,240,.660,.634,.268,.122,16.7,68.4,50.6,59.6,10.8,6.0,12.2,100.0,122.6,89.2,
https://www.basketball-reference.com/boxscores/201205030DAL.html,"9:30 PM, May 3, 2012",Dallas Mavericks,Oklahoma City Thunder,79,95,OKC,,,Team Totals,240,36,85,.424,12,28,.429,11,17,.647,9,36,45,18,11,7,8,20,95,,,Team Totals,240,.514,.494,.329,.200,19.6,80.0,49.5,50.0,12.1,13.0,8.0,100.0,104.8,87.2,
https://www.basketball-reference.com/boxscores/201205030DAL.html,"9:30 PM, May 3, 2012",Dallas Mavericks,Oklahoma City Thunder,79,95,DAL,,,Team Totals,240,26,76,.342,7,22,.318,20,26,.769,9,37,46,15,6,4,16,16,79,,,Team Totals,240,.452,.388,.289,.342,20.0,80.4,50.5,57.7,6.6,7.0,15.5,100.0,87.2,104.8,
https://www.basketball-reference.com/boxscores/201205030NYK.html,"7:00 PM, May 3, 2012",New York Knicks,Miami Heat,70,87,MIA,,,Team Totals,240,29,68,.426,11,29,.379,18,22,.818,7,33,40,11,13,3,19,21,87,,,Team Totals,240,.560,.507,.426,.324,20.0,70.2,48.8,37.9,15.0,6.1,19.7,100.0,100.5,80.9,
https://www.basketball-reference.com/boxscores/201205030NYK.html,"7:00 PM, May 3, 2012",New York Knicks,Miami Heat,70,87,NYK,,,Team Totals,240,22,69,.319,4,20,.200,22,29,.759,14,28,42,8,6,3,20,21,70,,,Team Totals,240,.428,.348,.290,.420,29.8,80.0,51.2,36.4,6.9,7.7,19.7,100.0,80.9,100.5,
https://www.basketball-reference.com/boxscores/201205040BOS.html,"7:30 PM, May 4, 2012",Boston Celtics,Atlanta Hawks,90,84,ATL,,,Team Totals,265,34,90,.378,4,20,.200,12,15,.800,11,37,48,15,8,4,17,21,84,,,Team Totals,265,.435,.400,.222,.167,20.0,84.1,48.5,44.1,8.1,6.1,15.0,100.0,84.8,90.9,
https://www.basketball-reference.com/boxscores/201205040BOS.html,"7:30 PM, May 4, 2012",Boston Celtics,Atlanta Hawks,90,84,BOS,,,Team Totals,265,32,79,.405,4,13,.308,22,25,.880,7,44,51,18,10,8,16,18,90,,,Team Totals,265,.500,.430,.165,.316,15.9,80.0,51.5,56.3,10.1,11.4,15.1,100.0,90.9,84.8,
https://www.basketball-reference.com/boxscores/201205040DEN.html,"10:30 PM, May 4, 2012",Denver Nuggets,Los Angeles Lakers,99,84,LAL,,,Team Totals,240,29,78,.372,6,25,.240,20,25,.800,13,31,44,21,1,10,15,19,84,,,Team Totals,240,.472,.410,.321,.321,27.1,62.0,44.9,72.4,1.1,13.0,14.4,100.0,95.9,113.0,
https://www.basketball-reference.com/boxscores/201205040DEN.html,"10:30 PM, May 4, 2012",Denver Nuggets,Los Angeles Lakers,99,84,DEN,,,Team Totals,240,37,93,.398,6,16,.375,19,23,.826,19,35,54,23,9,5,7,25,99,,,Team Totals,240,.480,.430,.172,.247,38.0,72.9,55.1,62.2,10.3,9.4,6.4,100.0,113.0,95.9,
https://www.basketball-reference.com/boxscores/201205040PHI.html,"8:00 PM, May 4, 2012",Philadelphia 76ers,Chicago Bulls,79,74,CHI,,,Team Totals,240,28,75,.373,4,14,.286,14,23,.609,15,34,49,22,5,6,17,26,74,,,Team Totals,240,.435,.400,.187,.307,32.6,73.9,53.3,78.6,5.9,9.7,16.6,100.0,87.6,93.5,
https://www.basketball-reference.com/boxscores/201205040PHI.html,"8:00 PM, May 4, 2012",Philadelphia 76ers,Chicago Bulls,79,74,PHI,,,Team Totals,240,26,76,.342,1,14,.071,26,33,.788,12,31,43,13,8,3,9,20,79,,,Team Totals,240,.436,.349,.184,.434,26.1,67.4,46.7,50.0,9.5,4.9,9.0,100.0,93.5,87.6,
https://www.basketball-reference.com/boxscores/201205050DAL.html,"7:30 PM, May 5, 2012",Dallas Mavericks,Oklahoma City Thunder,97,103,OKC,,,Team Totals,240,39,75,.520,9,24,.375,16,20,.800,6,33,39,22,7,8,13,27,103,,,Team Totals,240,.615,.580,.320,.267,17.6,75.0,50.0,56.4,7.8,13.3,13.4,100.0,115.4,108.7,
https://www.basketball-reference.com/boxscores/201205050DAL.html,"7:30 PM, May 5, 2012",Dallas Mavericks,Oklahoma City Thunder,97,103,DAL,,,Team Totals,240,33,79,.418,10,19,.526,21,24,.875,11,28,39,19,6,4,13,21,97,,,Team Totals,240,.542,.481,.241,.304,25.0,82.4,50.0,57.6,6.7,7.8,12.7,100.0,108.7,115.4,
https://www.basketball-reference.com/boxscores/201205050LAC.html,"4:30 PM, May 5, 2012",Los Angeles Clippers,Memphis Grizzlies,87,86,MEM,,,Team Totals,240,26,65,.400,4,13,.308,30,39,.769,8,32,40,19,10,4,17,26,86,,,Team Totals,240,.523,.431,.200,.600,22.2,82.1,53.3,73.1,11.1,7.5,17.1,100.0,95.4,96.5,
https://www.basketball-reference.com/boxscores/201205050LAC.html,"4:30 PM, May 5, 2012",Los Angeles Clippers,Memphis Grizzlies,87,86,LAC,,,Team Totals,240,33,70,.471,8,17,.471,13,30,.433,7,28,35,18,11,5,17,27,87,,,Team Totals,240,.523,.529,.243,.429,17.9,77.8,46.7,54.5,12.2,9.6,17.0,100.0,96.5,95.4,
https://www.basketball-reference.com/boxscores/201205050ORL.html,"2:00 PM, May 5, 2012",Orlando Magic,Indiana Pacers,99,101,IND,,,Team Totals,265,39,84,.464,6,21,.286,17,20,.850,13,36,49,23,4,4,17,28,101,,,Team Totals,265,.544,.500,.250,.238,29.5,76.6,53.8,59.0,4.2,7.1,15.5,100.0,105.6,103.6,
https://www.basketball-reference.com/boxscores/201205050ORL.html,"2:00 PM, May 5, 2012",Orlando Magic,Indiana Pacers,99,101,ORL,,,Team Totals,265,34,85,.400,9,29,.310,22,28,.786,11,31,42,24,7,3,13,23,99,,,Team Totals,265,.509,.453,.341,.329,23.4,70.5,46.2,70.6,7.3,4.8,11.8,100.0,103.6,105.6,
https://www.basketball-reference.com/boxscores/201205050UTA.html,"10:00 PM, May 5, 2012",Utah Jazz,San Antonio Spurs,90,102,SAS,,,Team Totals,240,39,80,.488,7,20,.350,17,22,.773,9,32,41,21,2,11,11,20,102,,,Team Totals,240,.569,.531,.250,.275,22.0,65.3,45.6,53.8,2.2,14.5,10.9,100.0,112.8,99.5,
https://www.basketball-reference.com/boxscores/201205050UTA.html,"10:00 PM, May 5, 2012",Utah Jazz,San Antonio Spurs,90,102,UTA,,,Team Totals,240,36,89,.404,4,13,.308,14,26,.538,17,32,49,18,6,8,11,18,90,,,Team Totals,240,.448,.427,.146,.292,34.7,78.0,54.4,50.0,6.6,13.3,9.9,100.0,99.5,112.8,
https://www.basketball-reference.com/boxscores/201205060BOS.html,"7:00 PM, May 6, 2012",Boston Celtics,Atlanta Hawks,101,79,ATL,,,Team Totals,240,31,76,.408,4,20,.200,13,17,.765,8,32,40,18,3,0,18,15,79,,,Team Totals,240,.473,.434,.263,.224,20.0,86.5,51.9,58.1,3.3,0.0,17.7,100.0,86.9,111.2,
https://www.basketball-reference.com/boxscores/201205060BOS.html,"7:00 PM, May 6, 2012",Boston Celtics,Atlanta Hawks,101,79,BOS,,,Team Totals,240,41,80,.513,11,26,.423,8,13,.615,5,32,37,24,10,6,11,20,101,,,Team Totals,240,.589,.581,.325,.163,13.5,80.0,48.1,58.5,11.0,10.7,11.4,100.0,111.2,86.9,
https://www.basketball-reference.com/boxscores/201205060DEN.html,"9:30 PM, May 6, 2012",Denver Nuggets,Los Angeles Lakers,88,92,LAL,,,Team Totals,240,39,86,.453,5,17,.294,9,18,.500,19,29,48,22,4,7,14,13,92,,,Team Totals,240,.490,.483,.198,.209,43.2,69.0,55.8,56.4,4.7,10.4,13.0,100.0,107.8,103.1,
https://www.basketball-reference.com/boxscores/201205060DEN.html,"9:30 PM, May 6, 2012",Denver Nuggets,Los Angeles Lakers,88,92,DEN,,,Team Totals,240,39,86,.453,3,19,.158,7,12,.583,13,25,38,17,9,9,10,19,88,,,Team Totals,240,.482,.471,.221,.140,31.0,56.8,44.2,43.6,10.5,13.0,9.9,100.0,103.1,107.8,
https://www.basketball-reference.com/boxscores/201205060NYK.html,"3:30 PM, May 6, 2012",New York Knicks,Miami Heat,89,87,MIA,,,Team Totals,240,30,73,.411,3,19,.158,24,35,.686,9,31,40,20,8,6,14,26,87,,,Team Totals,240,.492,.432,.260,.479,21.4,75.6,48.2,66.7,8.7,11.3,13.7,100.0,94.3,96.5,
https://www.basketball-reference.com/boxscores/201205060NYK.html,"3:30 PM, May 6, 2012",New York Knicks,Miami Heat,89,87,NYK,,,Team Totals,240,32,75,.427,5,22,.227,20,29,.690,10,33,43,16,6,1,18,29,89,,,Team Totals,240,.507,.460,.293,.387,24.4,78.6,51.8,50.0,6.5,1.9,17.0,100.0,96.5,94.3,
https://www.basketball-reference.com/boxscores/201205060PHI.html,"1:00 PM, May 6, 2012",Philadelphia 76ers,Chicago Bulls,89,82,CHI,,,Team Totals,240,34,85,.400,3,11,.273,11,14,.786,11,37,48,21,5,7,14,23,82,,,Team Totals,240,.450,.418,.129,.165,24.4,75.5,51.1,61.8,5.6,11.7,13.3,100.0,91.6,99.4,
https://www.basketball-reference.com/boxscores/201205060PHI.html,"1:00 PM, May 6, 2012",Philadelphia 76ers,Chicago Bulls,89,82,PHI,,,Team Totals,240,31,79,.392,5,19,.263,22,31,.710,12,34,46,16,6,6,9,18,89,,,Team Totals,240,.480,.424,.241,.392,24.5,75.6,48.9,51.6,6.7,8.1,8.9,100.0,99.4,91.6,
https://www.basketball-reference.com/boxscores/201205070LAC.html,"10:30 PM, May 7, 2012",Los Angeles Clippers,Memphis Grizzlies,101,97,MEM,,,Team Totals,265,36,83,.434,4,13,.308,21,27,.778,19,28,47,18,2,4,17,34,97,,,Team Totals,265,.511,.458,.157,.325,42.2,73.7,56.6,50.0,2.2,6.7,15.2,100.0,106.7,111.1,
https://www.basketball-reference.com/boxscores/201205070LAC.html,"10:30 PM, May 7, 2012",Los Angeles Clippers,Memphis Grizzlies,101,97,LAC,,,Team Totals,265,34,76,.447,5,16,.313,28,40,.700,10,26,36,18,8,8,12,26,101,,,Team Totals,265,.540,.480,.211,.526,26.3,57.8,43.4,52.9,8.8,11.4,11.4,100.0,111.1,106.7,
https://www.basketball-reference.com/boxscores/201205070UTA.html,"8:00 PM, May 7, 2012",Utah Jazz,San Antonio Spurs,81,87,SAS,,,Team Totals,240,28,74,.378,10,22,.455,21,30,.700,7,36,43,12,7,4,14,23,87,,,Team Totals,240,.499,.446,.297,.405,14.6,69.2,43.0,42.9,7.6,5.3,13.8,100.0,94.2,87.7,
https://www.basketball-reference.com/boxscores/201205070UTA.html,"8:00 PM, May 7, 2012",Utah Jazz,San Antonio Spurs,81,87,UTA,,,Team Totals,240,32,88,.364,0,13,.000,17,26,.654,16,41,57,16,6,8,12,23,81,,,Team Totals,240,.407,.364,.148,.295,30.8,85.4,57.0,50.0,6.5,15.4,10.8,100.0,87.7,94.2,
https://www.basketball-reference.com/boxscores/201205080ATL.html,"8:00 PM, May 8, 2012",Atlanta Hawks,Boston Celtics,87,86,BOS,,,Team Totals,240,34,77,.442,6,14,.429,12,15,.800,9,24,33,23,11,3,15,13,86,,,Team Totals,240,.514,.481,.182,.195,24.3,64.9,44.6,67.6,13.0,5.3,15.2,100.0,101.3,102.5,
https://www.basketball-reference.com/boxscores/201205080ATL.html,"8:00 PM, May 8, 2012",Atlanta Hawks,Boston Celtics,87,86,ATL,,,Team Totals,240,34,73,.466,7,16,.438,12,14,.857,13,28,41,20,6,6,19,19,87,,,Team Totals,240,.550,.514,.219,.192,35.1,75.7,55.4,58.8,7.1,9.5,19.4,100.0,102.5,101.3,
https://www.basketball-reference.com/boxscores/201205080CHI.html,"9:30 PM, May 8, 2012",Chicago Bulls,Philadelphia 76ers,77,69,PHI,,,Team Totals,240,25,78,.321,2,11,.182,17,24,.708,11,38,49,14,7,11,14,18,69,,,Team Totals,240,.390,.333,.141,.308,21.2,82.6,50.0,56.0,7.7,15.3,13.7,100.0,75.8,84.6,
https://www.basketball-reference.com/boxscores/201205080CHI.html,"9:30 PM, May 8, 2012",Chicago Bulls,Philadelphia 76ers,77,69,CHI,,,Team Totals,240,34,82,.415,5,10,.500,4,11,.364,8,41,49,22,8,11,15,21,77,,,Team Totals,240,.443,.445,.122,.134,17.4,78.8,50.0,64.7,8.8,16.4,14.7,100.0,84.6,75.8,
https://www.basketball-reference.com/boxscores/201205080IND.html,"7:00 PM, May 8, 2012",Indiana Pacers,Orlando Magic,105,87,ORL,,,Team Totals,240,32,76,.421,11,30,.367,12,19,.632,9,25,34,14,8,6,11,17,87,,,Team Totals,240,.516,.493,.395,.250,21.4,71.4,44.2,43.8,9.1,9.2,11.5,100.0,99.3,119.9,
https://www.basketball-reference.com/boxscores/201205080IND.html,"7:00 PM, May 8, 2012",Indiana Pacers,Orlando Magic,105,87,IND,,,Team Totals,240,43,82,.524,9,17,.529,10,14,.714,10,33,43,16,8,5,15,16,105,,,Team Totals,240,.596,.579,.207,.171,28.6,78.6,55.8,37.2,9.1,10.9,14.5,100.0,119.9,99.3,
https://www.basketball-reference.com/boxscores/201205080LAL.html,"10:30 PM, May 8, 2012",Los Angeles Lakers,Denver Nuggets,99,102,DEN,,,Team Totals,240,39,85,.459,3,19,.158,21,27,.778,8,35,43,19,7,5,7,19,102,,,Team Totals,240,.526,.476,.224,.318,19.5,70.0,47.3,48.7,7.5,7.6,6.7,100.0,109.7,106.5,
https://www.basketball-reference.com/boxscores/201205080LAL.html,"10:30 PM, May 8, 2012",Los Angeles Lakers,Denver Nuggets,99,102,LAL,,,Team Totals,240,35,90,.389,9,24,.375,20,26,.769,15,33,48,20,6,5,10,20,99,,,Team Totals,240,.488,.439,.267,.289,30.0,80.5,52.7,57.1,6.5,7.6,9.0,100.0,106.5,109.7,
https://www.basketball-reference.com/boxscores/201205090MEM.html,"9:30 PM, May 9, 2012",Memphis Grizzlies,Los Angeles Clippers,92,80,LAC,,,Team Totals,240,26,70,.371,7,24,.292,21,29,.724,8,27,35,11,7,5,14,26,80,,,Team Totals,240,.483,.421,.343,.414,20.0,73.0,45.5,42.3,8.1,7.6,14.5,100.0,92.9,106.8,
https://www.basketball-reference.com/boxscores/201205090MEM.html,"9:30 PM, May 9, 2012",Memphis Grizzlies,Los Angeles Clippers,92,80,MEM,,,Team Totals,240,32,72,.444,0,6,.000,28,34,.824,10,32,42,14,6,5,12,20,92,,,Team Totals,240,.529,.444,.083,.472,27.0,80.0,54.5,43.8,7.0,10.9,12.1,100.0,106.8,92.9,
https://www.basketball-reference.com/boxscores/201205090MIA.html,"7:00 PM, May 9, 2012",Miami Heat,New York Knicks,106,94,NYK,,,Team Totals,240,36,76,.474,4,13,.308,18,21,.857,11,25,36,13,7,5,14,23,94,,,Team Totals,240,.551,.500,.171,.276,27.5,65.8,46.2,36.1,8.1,8.5,14.1,100.0,109.2,123.2,
https://www.basketball-reference.com/boxscores/201205090MIA.html,"7:00 PM, May 9, 2012",Miami Heat,New York Knicks,106,94,MIA,,,Team Totals,240,34,78,.436,9,19,.474,29,34,.853,13,29,42,20,7,3,10,18,106,,,Team Totals,240,.570,.494,.244,.436,34.2,72.5,53.8,58.8,8.1,4.8,9.7,100.0,123.2,109.2,
https://www.basketball-reference.com/boxscores/201205100BOS.html,"8:00 PM, May 10, 2012",Boston Celtics,Atlanta Hawks,83,80,ATL,,,Team Totals,240,32,78,.410,7,15,.467,9,10,.900,7,29,36,22,6,4,13,20,80,,,Team Totals,240,.485,.455,.192,.128,19.4,72.5,47.4,68.8,7.1,6.3,13.6,100.0,95.0,98.6,
https://www.basketball-reference.com/boxscores/201205100BOS.html,"8:00 PM, May 10, 2012",Boston Celtics,Atlanta Hawks,83,80,BOS,,,Team Totals,240,31,74,.419,2,10,.200,19,24,.792,11,29,40,19,8,11,12,14,83,,,Team Totals,240,.491,.432,.135,.324,27.5,80.6,52.6,61.3,9.5,17.5,12.4,100.0,98.6,95.0,
https://www.basketball-reference.com/boxscores/201205100DEN.html,"10:30 PM, May 10, 2012",Denver Nuggets,Los Angeles Lakers,113,96,LAL,,,Team Totals,240,35,83,.422,4,14,.286,22,30,.733,13,29,42,23,6,7,12,17,96,,,Team Totals,240,.499,.446,.169,.361,26.0,74.4,47.2,65.7,6.3,9.9,11.1,100.0,100.3,118.1,
https://www.basketball-reference.com/boxscores/201205100DEN.html,"10:30 PM, May 10, 2012",Denver Nuggets,Los Angeles Lakers,113,96,DEN,,,Team Totals,240,47,91,.516,10,20,.500,9,17,.529,10,37,47,26,6,8,12,22,113,,,Team Totals,240,.574,.571,.220,.187,25.6,74.0,52.8,55.3,6.3,11.6,10.9,100.0,118.1,100.3,
https://www.basketball-reference.com/boxscores/201205100PHI.html,"7:00 PM, May 10, 2012",Philadelphia 76ers,Chicago Bulls,79,78,CHI,,,Team Totals,240,30,80,.375,2,13,.154,16,21,.762,15,41,56,19,4,6,14,19,78,,,Team Totals,240,.437,.388,.163,.263,34.9,89.1,62.9,63.3,4.8,10.5,13.6,100.0,93.6,94.8,
https://www.basketball-reference.com/boxscores/201205100PHI.html,"7:00 PM, May 10, 2012",Philadelphia 76ers,Chicago Bulls,79,78,PHI,,,Team Totals,240,29,73,.397,6,16,.375,15,20,.750,5,28,33,19,7,6,7,18,79,,,Team Totals,240,.483,.438,.219,.274,10.9,65.1,37.1,65.5,8.4,9.0,7.9,100.0,94.8,93.6,
https://www.basketball-reference.com/boxscores/201205110LAC.html,"9:00 PM, May 11, 2012",Los Angeles Clippers,Memphis Grizzlies,88,90,MEM,,,Team Totals,240,35,77,.455,3,10,.300,17,27,.630,15,33,48,20,5,9,22,24,90,,,Team Totals,240,.506,.474,.130,.351,40.5,76.7,60.0,57.1,5.7,14.1,19.8,100.0,102.1,99.8,
https://www.basketball-reference.com/boxscores/201205110LAC.html,"9:00 PM, May 11, 2012",Los Angeles Clippers,Memphis Grizzlies,88,90,LAC,,,Team Totals,240,34,79,.430,4,15,.267,16,25,.640,10,22,32,21,13,6,7,24,88,,,Team Totals,240,.489,.456,.190,.316,23.3,59.5,40.0,61.8,14.7,9.0,7.2,100.0,99.8,102.1,
https://www.basketball-reference.com/boxscores/201205120BOS.html,"8:00 PM, May 12, 2012",Boston Celtics,Philadelphia 76ers,92,91,PHI,,,Team Totals,240,36,82,.439,5,14,.357,14,20,.700,8,33,41,19,9,8,11,15,91,,,Team Totals,240,.501,.470,.171,.244,18.2,78.6,47.7,52.8,9.8,12.5,10.8,100.0,98.9,99.9,
https://www.basketball-reference.com/boxscores/201205120BOS.html,"8:00 PM, May 12, 2012",Boston Celtics,Philadelphia 76ers,92,91,BOS,,,Team Totals,240,36,82,.439,2,18,.111,18,19,.947,9,36,45,28,7,7,13,16,92,,,Team Totals,240,.509,.451,.220,.232,21.4,81.8,52.3,77.8,7.6,10.3,12.6,100.0,99.9,98.9,
https://www.basketball-reference.com/boxscores/201205120LAL.html,"10:30 PM, May 12, 2012",Los Angeles Lakers,Denver Nuggets,96,87,DEN,,,Team Totals,240,35,89,.393,7,26,.269,10,14,.714,23,31,54,23,5,9,19,21,87,,,Team Totals,240,.457,.433,.292,.157,46.9,56.4,51.9,65.7,5.9,13.8,16.6,100.0,102.1,112.6,
https://www.basketball-reference.com/boxscores/201205120LAL.html,"10:30 PM, May 12, 2012",Los Angeles Lakers,Denver Nuggets,96,87,LAL,,,Team Totals,240,35,89,.393,11,24,.458,15,23,.652,24,26,50,22,10,14,11,20,96,,,Team Totals,240,.484,.455,.270,.258,43.6,53.1,48.1,62.9,11.7,22.2,10.0,100.0,112.6,102.1,
https://www.basketball-reference.com/boxscores/201205130MEM.html,"1:00 PM, May 13, 2012",Memphis Grizzlies,Los Angeles Clippers,72,82,LAC,,,Team Totals,240,30,78,.385,4,17,.235,18,23,.783,13,33,46,12,10,6,17,28,82,,,Team Totals,240,.465,.410,.218,.295,28.9,73.3,51.1,40.0,11.2,9.4,16.2,100.0,91.7,80.5,
https://www.basketball-reference.com/boxscores/201205130MEM.html,"1:00 PM, May 13, 2012",Memphis Grizzlies,Los Angeles Clippers,72,82,MEM,,,Team Totals,240,25,77,.325,0,13,.000,22,31,.710,12,32,44,12,11,4,15,20,72,,,Team Totals,240,.397,.325,.169,.403,26.7,71.1,48.9,48.0,12.3,6.6,14.2,100.0,80.5,91.7,
https://www.basketball-reference.com/boxscores/201205130MIA.html,"3:30 PM, May 13, 2012",Miami Heat,Indiana Pacers,95,86,IND,,,Team Totals,240,31,77,.403,4,17,.235,20,28,.714,8,30,38,18,7,3,15,31,86,,,Team Totals,240,.481,.429,.221,.364,21.1,66.7,45.8,58.1,7.6,4.0,14.4,100.0,93.0,102.7,
https://www.basketball-reference.com/boxscores/201205130MIA.html,"3:30 PM, May 13, 2012",Miami Heat,Indiana Pacers,95,86,MIA,,,Team Totals,240,33,81,.407,0,6,.000,29,38,.763,15,30,45,16,8,5,13,22,95,,,Team Totals,240,.486,.407,.074,.469,33.3,78.9,54.2,48.5,8.7,8.3,11.7,100.0,102.7,93.0,
https://www.basketball-reference.com/boxscores/201205140BOS.html,"7:00 PM, May 14, 2012",Boston Celtics,Philadelphia 76ers,81,82,PHI,,,Team Totals,240,31,76,.408,5,14,.357,15,21,.714,11,36,47,17,10,6,18,13,82,,,Team Totals,240,.481,.441,.184,.276,26.8,85.7,56.6,54.8,10.9,9.8,17.4,100.0,89.1,88.0,
https://www.basketball-reference.com/boxscores/201205140BOS.html,"7:00 PM, May 14, 2012",Boston Celtics,Philadelphia 76ers,81,82,BOS,,,Team Totals,240,33,79,.418,8,18,.444,7,9,.778,6,30,36,23,11,6,19,22,81,,,Team Totals,240,.488,.468,.228,.114,14.3,73.2,43.4,69.7,12.0,9.7,18.6,100.0,88.0,89.1,
https://www.basketball-reference.com/boxscores/201205140OKC.html,"9:30 PM, May 14, 2012",Oklahoma City Thunder,Los Angeles Lakers,119,90,LAL,,,Team Totals,240,35,81,.432,7,16,.438,13,15,.867,13,30,43,14,1,3,15,20,90,,,Team Totals,240,.514,.475,.198,.185,29.5,75.0,51.2,40.0,1.1,4.5,14.6,100.0,102.5,135.5,
https://www.basketball-reference.com/boxscores/201205140OKC.html,"9:30 PM, May 14, 2012",Oklahoma City Thunder,Los Angeles Lakers,119,90,OKC,,,Team Totals,240,44,83,.530,7,17,.412,24,29,.828,10,31,41,20,13,8,4,19,119,,,Team Totals,240,.621,.572,.205,.349,25.0,70.5,48.8,45.5,14.8,12.3,4.0,100.0,135.5,102.5,
https://www.basketball-reference.com/boxscores/201205150MIA.html,"7:00 PM, May 15, 2012",Miami Heat,Indiana Pacers,75,78,IND,,,Team Totals,240,28,74,.378,3,15,.200,19,27,.704,15,35,50,10,8,7,20,25,78,,,Team Totals,240,.454,.399,.203,.365,36.6,71.4,55.6,35.7,9.3,11.3,18.9,100.0,90.3,86.8,
https://www.basketball-reference.com/boxscores/201205150MIA.html,"7:00 PM, May 15, 2012",Miami Heat,Indiana Pacers,75,78,MIA,,,Team Totals,240,27,78,.346,1,16,.063,20,29,.690,14,26,40,11,10,5,12,22,75,,,Team Totals,240,.413,.353,.205,.372,28.6,63.4,44.4,40.7,11.6,8.5,11.7,100.0,86.8,90.3,
https://www.basketball-reference.com/boxscores/201205150SAS.html,"9:30 PM, May 15, 2012",San Antonio Spurs,Los Angeles Clippers,108,92,LAC,,,Team Totals,240,37,83,.446,9,19,.474,9,13,.692,8,26,34,19,11,9,16,21,92,,,Team Totals,240,.518,.500,.229,.157,18.2,70.3,42.0,51.4,11.7,16.4,15.3,100.0,97.6,114.5,
https://www.basketball-reference.com/boxscores/201205150SAS.html,"9:30 PM, May 15, 2012",San Antonio Spurs,Los Angeles Clippers,108,92,SAS,,,Team Totals,240,39,80,.488,13,25,.520,17,21,.810,11,36,47,29,9,7,18,17,108,,,Team Totals,240,.605,.569,.313,.263,29.7,81.8,58.0,74.4,9.5,10.9,16.8,100.0,114.5,97.6,
https://www.basketball-reference.com/boxscores/201205160OKC.html,"9:30 PM, May 16, 2012",Oklahoma City Thunder,Los Angeles Lakers,77,75,LAL,,,Team Totals,240,30,78,.385,2,15,.133,13,14,.929,11,30,41,11,9,2,15,20,75,,,Team Totals,240,.446,.397,.192,.179,26.8,83.3,53.2,36.7,10.8,3.8,15.1,100.0,90.3,92.7,
https://www.basketball-reference.com/boxscores/201205160OKC.html,"9:30 PM, May 16, 2012",Oklahoma City Thunder,Los Angeles Lakers,77,75,OKC,,,Team Totals,240,29,69,.420,6,17,.353,13,16,.813,6,30,36,15,7,8,13,19,77,,,Team Totals,240,.506,.464,.246,.232,16.7,73.2,46.8,51.7,8.4,12.7,14.6,100.0,92.7,90.3,
https://www.basketball-reference.com/boxscores/201205160PHI.html,"7:00 PM, May 16, 2012",Philadelphia 76ers,Boston Celtics,91,107,BOS,,,Team Totals,240,40,77,.519,5,11,.455,22,28,.786,7,37,44,26,6,6,7,19,107,,,Team Totals,240,.599,.552,.143,.364,21.2,77.1,54.3,65.0,6.9,9.1,7.3,100.0,123.1,104.7,
https://www.basketball-reference.com/boxscores/201205160PHI.html,"7:00 PM, May 16, 2012",Philadelphia 76ers,Boston Celtics,91,107,PHI,,,Team Totals,240,33,81,.407,8,15,.533,17,22,.773,11,26,37,22,3,7,9,20,91,,,Team Totals,240,.502,.457,.185,.272,22.9,78.8,45.7,66.7,3.5,10.6,9.0,100.0,104.7,123.1,
https://www.basketball-reference.com/boxscores/201205170IND.html,"7:00 PM, May 17, 2012",Indiana Pacers,Miami Heat,94,75,MIA,,,Team Totals,240,29,78,.372,4,20,.200,13,18,.722,11,25,36,9,5,6,14,21,75,,,Team Totals,240,.436,.397,.256,.231,23.4,61.0,40.9,31.0,5.9,9.7,14.0,100.0,89.2,111.8,
https://www.basketball-reference.com/boxscores/201205170IND.html,"7:00 PM, May 17, 2012",Indiana Pacers,Miami Heat,94,75,IND,,,Team Totals,240,33,76,.434,8,14,.571,20,23,.870,16,36,52,20,6,8,14,20,94,,,Team Totals,240,.546,.487,.184,.303,39.0,76.6,59.1,60.6,7.1,13.8,14.0,100.0,111.8,89.2,
https://www.basketball-reference.com/boxscores/201205170SAS.html,"9:30 PM, May 17, 2012",San Antonio Spurs,Los Angeles Clippers,105,88,LAC,,,Team Totals,240,31,63,.492,9,13,.692,17,23,.739,4,28,32,13,7,7,18,20,88,,,Team Totals,240,.602,.563,.206,.365,12.1,82.4,47.8,41.9,8.0,13.0,19.8,100.0,100.1,119.4,
https://www.basketball-reference.com/boxscores/201205170SAS.html,"9:30 PM, May 17, 2012",San Antonio Spurs,Los Angeles Clippers,105,88,SAS,,,Team Totals,240,42,79,.532,10,25,.400,11,17,.647,6,29,35,23,12,3,11,16,105,,,Team Totals,240,.607,.595,.316,.215,17.6,87.9,52.2,54.8,13.6,6.0,11.3,100.0,119.4,100.1,
https://www.basketball-reference.com/boxscores/201205180LAL.html,"10:30 PM, May 18, 2012",Los Angeles Lakers,Oklahoma City Thunder,99,96,OKC,,,Team Totals,240,33,83,.398,4,17,.235,26,28,.929,13,24,37,13,11,9,9,30,96,,,Team Totals,240,.504,.422,.205,.337,28.9,66.7,45.7,39.4,12.6,15.3,8.6,100.0,110.2,113.7,
https://www.basketball-reference.com/boxscores/201205180LAL.html,"10:30 PM, May 18, 2012",Los Angeles Lakers,Oklahoma City Thunder,99,96,LAL,,,Team Totals,240,27,70,.386,4,11,.364,41,42,.976,12,32,44,20,7,9,15,22,99,,,Team Totals,240,.559,.414,.157,.600,33.3,71.1,54.3,74.1,8.0,13.6,14.5,100.0,113.7,110.2,
https://www.basketball-reference.com/boxscores/201205180PHI.html,"8:00 PM, May 18, 2012",Philadelphia 76ers,Boston Celtics,92,83,BOS,,,Team Totals,240,30,71,.423,7,23,.304,16,19,.842,5,33,38,23,7,6,17,28,83,,,Team Totals,240,.523,.472,.324,.268,12.5,66.0,42.2,76.7,7.8,8.5,17.6,100.0,92.8,102.8,
https://www.basketball-reference.com/boxscores/201205180PHI.html,"8:00 PM, May 18, 2012",Philadelphia 76ers,Boston Celtics,92,83,PHI,,,Team Totals,240,31,82,.378,5,11,.455,25,36,.694,17,35,52,18,9,2,11,19,92,,,Team Totals,240,.470,.409,.134,.439,34.0,87.5,57.8,58.1,10.1,4.2,10.1,100.0,102.8,92.8,
https://www.basketball-reference.com/boxscores/201205190LAC.html,"3:30 PM, May 19, 2012",Los Angeles Clippers,San Antonio Spurs,86,96,SAS,,,Team Totals,240,35,76,.461,9,22,.409,17,25,.680,6,35,41,27,5,7,13,19,96,,,Team Totals,240,.552,.520,.289,.329,14.6,79.5,48.2,77.1,5.5,9.9,13.0,100.0,104.7,93.8,
https://www.basketball-reference.com/boxscores/201205190LAC.html,"3:30 PM, May 19, 2012",Los Angeles Clippers,San Antonio Spurs,86,96,LAC,,,Team Totals,240,37,80,.463,3,9,.333,9,18,.500,9,35,44,22,11,8,13,23,86,,,Team Totals,240,.489,.481,.113,.225,20.5,85.4,51.8,59.5,12.0,14.8,12.9,100.0,93.8,104.7,
https://www.basketball-reference.com/boxscores/201205190LAL.html,"10:30 PM, May 19, 2012",Los Angeles Lakers,Oklahoma City Thunder,100,103,OKC,,,Team Totals,240,38,77,.494,6,16,.375,21,25,.840,9,30,39,16,6,10,7,23,103,,,Team Totals,240,.585,.532,.208,.325,26.5,62.5,47.6,42.1,7.1,14.7,7.4,100.0,121.3,117.7,
https://www.basketball-reference.com/boxscores/201205190LAL.html,"10:30 PM, May 19, 2012",Los Angeles Lakers,Oklahoma City Thunder,100,103,LAL,,,Team Totals,240,37,86,.430,5,18,.278,21,29,.724,18,25,43,19,5,7,9,19,100,,,Team Totals,240,.506,.459,.209,.337,37.5,73.5,52.4,51.4,5.9,11.5,8.4,100.0,117.7,121.3,
https://www.basketball-reference.com/boxscores/201205200IND.html,"3:30 PM, May 20, 2012",Indiana Pacers,Miami Heat,93,101,MIA,,,Team Totals,240,38,80,.475,5,12,.417,20,28,.714,14,33,47,20,8,9,15,24,101,,,Team Totals,240,.547,.506,.150,.350,31.8,80.5,55.3,52.6,8.6,15.8,14.0,100.0,108.7,100.1,
https://www.basketball-reference.com/boxscores/201205200IND.html,"3:30 PM, May 20, 2012",Indiana Pacers,Miami Heat,93,101,IND,,,Team Totals,240,33,79,.418,7,22,.318,20,24,.833,8,30,38,17,7,6,15,28,93,,,Team Totals,240,.519,.462,.278,.304,19.5,68.2,44.7,51.5,7.5,8.8,14.3,100.0,100.1,108.7,
https://www.basketball-reference.com/boxscores/201205200LAC.html,"10:30 PM, May 20, 2012",Los Angeles Clippers,San Antonio Spurs,99,102,SAS,,,Team Totals,240,38,72,.528,6,15,.400,20,27,.741,9,31,40,28,4,4,16,22,102,,,Team Totals,240,.608,.569,.208,.375,25.7,75.6,52.6,73.7,4.4,5.7,16.0,100.0,113.1,109.8,
https://www.basketball-reference.com/boxscores/201205200LAC.html,"10:30 PM, May 20, 2012",Los Angeles Clippers,San Antonio Spurs,99,102,LAC,,,Team Totals,240,41,86,.477,4,16,.250,13,19,.684,10,26,36,22,10,5,9,22,99,,,Team Totals,240,.525,.500,.186,.221,24.4,74.3,47.4,53.7,11.1,8.8,8.7,100.0,109.8,113.1,
https://www.basketball-reference.com/boxscores/201205210BOS.html,"7:00 PM, May 21, 2012",Boston Celtics,Philadelphia 76ers,101,85,PHI,,,Team Totals,240,36,77,.468,3,9,.333,10,16,.625,14,23,37,20,7,1,15,24,85,,,Team Totals,240,.506,.487,.117,.208,37.8,74.2,54.4,55.6,8.4,1.9,15.1,100.0,101.9,121.0,
https://www.basketball-reference.com/boxscores/201205210BOS.html,"7:00 PM, May 21, 2012",Boston Celtics,Philadelphia 76ers,101,85,BOS,,,Team Totals,240,36,69,.522,3,15,.200,26,33,.788,8,23,31,22,11,5,12,18,101,,,Team Totals,240,.605,.543,.217,.478,25.8,62.2,45.6,61.1,13.2,7.4,12.6,100.0,121.0,101.9,
https://www.basketball-reference.com/boxscores/201205210OKC.html,"9:30 PM, May 21, 2012",Oklahoma City Thunder,Los Angeles Lakers,106,90,LAL,,,Team Totals,240,34,75,.453,2,11,.182,20,26,.769,3,32,35,12,6,6,12,24,90,,,Team Totals,240,.521,.467,.147,.347,7.5,69.6,40.7,35.3,6.3,7.8,12.2,100.0,94.5,111.3,
https://www.basketball-reference.com/boxscores/201205210OKC.html,"9:30 PM, May 21, 2012",Oklahoma City Thunder,Los Angeles Lakers,106,90,OKC,,,Team Totals,240,42,90,.467,3,13,.231,19,25,.760,14,37,51,20,7,6,12,22,106,,,Team Totals,240,.525,.483,.144,.278,30.4,92.5,59.3,47.6,7.3,9.4,10.6,100.0,111.3,94.5,
https://www.basketball-reference.com/boxscores/201205220MIA.html,"8:00 PM, May 22, 2012",Miami Heat,Indiana Pacers,115,83,IND,,,Team Totals,240,30,89,.337,6,21,.286,17,23,.739,13,22,35,15,8,3,10,21,83,,,Team Totals,240,.419,.371,.236,.258,23.6,75.9,41.7,50.0,8.8,5.6,9.2,100.0,91.8,127.1,
https://www.basketball-reference.com/boxscores/201205220MIA.html,"8:00 PM, May 22, 2012",Miami Heat,Indiana Pacers,115,83,MIA,,,Team Totals,240,43,70,.614,9,16,.563,20,29,.690,7,42,49,20,5,10,13,20,115,,,Team Totals,240,.695,.679,.229,.414,24.1,76.4,58.3,46.5,5.5,14.7,13.6,100.0,127.1,91.8,
https://www.basketball-reference.com/boxscores/201205230PHI.html,"8:00 PM, May 23, 2012",Philadelphia 76ers,Boston Celtics,82,75,BOS,,,Team Totals,240,26,78,.333,3,14,.214,20,23,.870,14,34,48,14,5,2,17,25,75,,,Team Totals,240,.426,.353,.179,.295,31.8,82.9,56.5,53.8,5.8,3.3,16.2,100.0,86.8,94.9,
https://www.basketball-reference.com/boxscores/201205230PHI.html,"8:00 PM, May 23, 2012",Philadelphia 76ers,Boston Celtics,82,75,PHI,,,Team Totals,240,32,70,.457,1,9,.111,17,28,.607,7,30,37,22,7,6,12,16,82,,,Team Totals,240,.498,.464,.129,.400,17.1,68.2,43.5,68.8,8.1,9.4,12.7,100.0,94.9,86.8,
https://www.basketball-reference.com/boxscores/201205240IND.html,"8:00 PM, May 24, 2012",Indiana Pacers,Miami Heat,93,105,MIA,,,Team Totals,240,41,76,.539,7,20,.350,16,20,.800,5,21,26,16,9,4,10,20,105,,,Team Totals,240,.619,.586,.263,.263,15.6,67.7,41.3,39.0,10.2,7.5,10.5,100.0,118.4,104.9,
https://www.basketball-reference.com/boxscores/201205240IND.html,"8:00 PM, May 24, 2012",Indiana Pacers,Miami Heat,93,105,IND,,,Team Totals,240,34,70,.486,6,17,.353,19,24,.792,10,27,37,18,3,2,22,22,93,,,Team Totals,240,.577,.529,.243,.343,32.3,84.4,58.7,52.9,3.4,3.6,21.5,100.0,104.9,118.4,
https://www.basketball-reference.com/boxscores/201205260BOS.html,"8:00 PM, May 26, 2012",Boston Celtics,Philadelphia 76ers,85,75,PHI,,,Team Totals,240,28,80,.350,5,18,.278,14,20,.700,13,32,45,15,9,1,15,23,75,,,Team Totals,240,.422,.381,.225,.250,24.5,88.9,50.6,53.6,9.9,1.8,14.5,100.0,82.8,93.8,
https://www.basketball-reference.com/boxscores/201205260BOS.html,"8:00 PM, May 26, 2012",Boston Celtics,Philadelphia 76ers,85,75,BOS,,,Team Totals,240,31,73,.425,3,17,.176,20,22,.909,4,40,44,17,10,6,15,22,85,,,Team Totals,240,.514,.445,.233,.301,11.1,75.5,49.4,54.8,11.0,9.7,15.4,100.0,93.8,82.8,
https://www.basketball-reference.com/boxscores/201205270SAS.html,"8:30 PM, May 27, 2012",San Antonio Spurs,Oklahoma City Thunder,101,98,OKC,,,Team Totals,240,35,83,.422,9,23,.391,19,23,.826,9,34,43,18,11,9,13,24,98,,,Team Totals,240,.526,.476,.277,.277,19.1,73.9,46.2,51.4,11.4,15.3,12.3,100.0,101.7,104.8,
https://www.basketball-reference.com/boxscores/201205270SAS.html,"8:30 PM, May 27, 2012",San Antonio Spurs,Oklahoma City Thunder,101,98,SAS,,,Team Totals,240,38,83,.458,8,24,.333,17,25,.680,12,38,50,22,5,2,17,18,101,,,Team Totals,240,.537,.506,.289,.301,26.1,80.9,53.8,57.9,5.2,3.3,15.3,100.0,104.8,101.7,
https://www.basketball-reference.com/boxscores/201205280MIA.html,"8:30 PM, May 28, 2012",Miami Heat,Boston Celtics,93,79,BOS,,,Team Totals,240,32,81,.395,4,14,.286,11,21,.524,10,23,33,19,6,1,9,19,79,,,Team Totals,240,.438,.420,.173,.259,22.2,63.9,40.7,59.4,7.1,2.1,9.1,100.0,94.0,110.7,
https://www.basketball-reference.com/boxscores/201205280MIA.html,"8:30 PM, May 28, 2012",Miami Heat,Boston Celtics,93,79,MIA,,,Team Totals,240,36,72,.500,5,25,.200,16,23,.696,13,35,48,17,4,11,14,21,93,,,Team Totals,240,.566,.535,.347,.319,36.1,77.8,59.3,47.2,4.8,16.4,14.6,100.0,110.7,94.0,
https://www.basketball-reference.com/boxscores/201205290SAS.html,"9:00 PM, May 29, 2012",San Antonio Spurs,Oklahoma City Thunder,120,111,OKC,,,Team Totals,240,37,88,.420,8,17,.471,29,36,.806,16,24,40,19,10,8,10,28,111,,,Team Totals,240,.534,.466,.193,.409,32.7,75.0,49.4,51.4,10.5,15.4,8.8,100.0,116.1,125.5,
https://www.basketball-reference.com/boxscores/201205290SAS.html,"9:00 PM, May 29, 2012",San Antonio Spurs,Oklahoma City Thunder,120,111,SAS,,,Team Totals,240,43,78,.551,11,26,.423,23,35,.657,8,33,41,27,3,8,14,26,120,,,Team Totals,240,.642,.622,.333,.449,25.0,67.3,50.6,62.8,3.1,11.3,13.0,100.0,125.5,116.1,
https://www.basketball-reference.com/boxscores/201205300MIA.html,"8:30 PM, May 30, 2012",Miami Heat,Boston Celtics,115,111,BOS,,,Team Totals,265,40,81,.494,5,16,.313,26,29,.897,8,34,42,15,5,2,8,33,111,,,Team Totals,265,.592,.525,.198,.358,21.6,72.3,50.0,37.5,5.3,3.5,7.9,100.0,118.5,122.8,
https://www.basketball-reference.com/boxscores/201205300MIA.html,"8:30 PM, May 30, 2012",Miami Heat,Boston Celtics,115,111,MIA,,,Team Totals,265,37,83,.446,10,26,.385,31,47,.660,13,29,42,24,7,5,8,18,115,,,Team Totals,265,.555,.506,.313,.566,27.7,78.4,50.0,64.9,7.5,7.7,7.2,100.0,122.8,118.5,
https://www.basketball-reference.com/boxscores/201205310OKC.html,"9:00 PM, May 31, 2012",Oklahoma City Thunder,San Antonio Spurs,102,82,SAS,,,Team Totals,240,30,76,.395,11,26,.423,11,15,.733,12,29,41,18,2,7,21,19,82,,,Team Totals,240,.496,.467,.342,.197,27.3,70.7,48.2,60.0,2.3,10.6,20.3,100.0,92.5,115.0,
https://www.basketball-reference.com/boxscores/201205310OKC.html,"9:00 PM, May 31, 2012",Oklahoma City Thunder,San Antonio Spurs,102,82,OKC,,,Team Totals,240,40,88,.455,6,22,.273,16,17,.941,12,32,44,23,14,9,8,16,102,,,Team Totals,240,.534,.489,.250,.193,29.3,72.7,51.8,57.5,15.8,18.0,7.7,100.0,115.0,92.5,
https://www.basketball-reference.com/boxscores/201206010BOS.html,"8:30 PM, June 1, 2012",Boston Celtics,Miami Heat,101,91,MIA,,,Team Totals,240,38,77,.494,5,17,.294,10,20,.500,6,26,32,20,5,5,11,24,91,,,Team Totals,240,.530,.526,.221,.260,15.8,68.4,42.1,52.6,5.7,8.5,11.4,100.0,104.0,115.4,
https://www.basketball-reference.com/boxscores/201206010BOS.html,"8:30 PM, June 1, 2012",Boston Celtics,Miami Heat,101,91,BOS,,,Team Totals,240,38,76,.500,5,17,.294,20,26,.769,12,32,44,16,4,4,12,24,101,,,Team Totals,240,.578,.533,.224,.342,31.6,84.2,57.9,42.1,4.6,6.7,12.1,100.0,115.4,104.0,
https://www.basketball-reference.com/boxscores/201206020OKC.html,"8:30 PM, June 2, 2012",Oklahoma City Thunder,San Antonio Spurs,109,103,SAS,,,Team Totals,240,41,82,.500,11,23,.478,10,16,.625,7,24,31,17,5,2,10,20,103,,,Team Totals,240,.578,.567,.280,.195,17.1,77.4,43.1,41.5,5.5,3.1,10.1,100.0,113.1,119.7,
https://www.basketball-reference.com/boxscores/201206020OKC.html,"8:30 PM, June 2, 2012",Oklahoma City Thunder,San Antonio Spurs,109,103,OKC,,,Team Totals,240,44,78,.564,5,13,.385,16,21,.762,7,34,41,27,5,5,13,15,109,,,Team Totals,240,.625,.596,.167,.269,22.6,82.9,56.9,61.4,5.5,8.5,13.0,100.0,119.7,113.1,
https://www.basketball-reference.com/boxscores/201206030BOS.html,"8:30 PM, June 3, 2012",Boston Celtics,Miami Heat,93,91,MIA,,,Team Totals,265,34,80,.425,6,19,.316,17,24,.708,7,33,40,20,6,6,17,28,91,,,Team Totals,265,.502,.463,.238,.300,20.0,75.0,50.6,58.8,6.3,10.3,15.8,100.0,95.1,97.2,
https://www.basketball-reference.com/boxscores/201206030BOS.html,"8:30 PM, June 3, 2012",Boston Celtics,Miami Heat,93,91,BOS,,,Team Totals,265,35,85,.412,9,27,.333,14,20,.700,11,28,39,22,6,7,15,30,93,,,Team Totals,265,.496,.465,.318,.235,25.0,80.0,49.4,62.9,6.3,11.5,13.8,100.0,97.2,95.1,
https://www.basketball-reference.com/boxscores/201206040SAS.html,"9:00 PM, June 4, 2012",San Antonio Spurs,Oklahoma City Thunder,103,108,OKC,,,Team Totals,240,40,80,.500,8,21,.381,20,23,.870,6,28,34,22,12,5,17,25,108,,,Team Totals,240,.599,.550,.263,.288,15.8,73.7,44.7,55.0,12.3,10.0,15.9,100.0,110.4,105.3,
https://www.basketball-reference.com/boxscores/201206040SAS.html,"9:00 PM, June 4, 2012",San Antonio Spurs,Oklahoma City Thunder,103,108,SAS,,,Team Totals,240,34,74,.459,9,24,.375,26,31,.839,10,32,42,23,8,1,21,25,103,,,Team Totals,240,.588,.520,.324,.419,26.3,84.2,55.3,67.6,8.2,1.7,19.3,100.0,105.3,110.4,
https://www.basketball-reference.com/boxscores/201206050MIA.html,"8:30 PM, June 5, 2012",Miami Heat,Boston Celtics,90,94,BOS,,,Team Totals,240,33,81,.407,6,15,.400,22,27,.815,9,30,39,19,13,4,13,21,94,,,Team Totals,240,.506,.444,.185,.333,19.6,71.4,44.3,57.6,13.9,7.1,12.3,100.0,100.8,96.5,
https://www.basketball-reference.com/boxscores/201206050MIA.html,"8:30 PM, June 5, 2012",Miami Heat,Boston Celtics,90,94,MIA,,,Team Totals,240,32,82,.390,7,26,.269,19,25,.760,12,37,49,13,6,3,15,21,90,,,Team Totals,240,.484,.433,.317,.305,28.6,80.4,55.7,40.6,6.4,4.5,13.9,100.0,96.5,100.8,
https://www.basketball-reference.com/boxscores/201206060OKC.html,"9:00 PM, June 6, 2012",Oklahoma City Thunder,San Antonio Spurs,107,99,SAS,,,Team Totals,240,37,84,.440,11,26,.423,14,18,.778,9,25,34,20,9,2,12,24,99,,,Team Totals,240,.539,.506,.310,.214,20.0,80.6,44.7,54.1,9.7,3.7,11.5,100.0,107.0,115.6,
https://www.basketball-reference.com/boxscores/201206060OKC.html,"9:00 PM, June 6, 2012",Oklahoma City Thunder,San Antonio Spurs,107,99,OKC,,,Team Totals,240,36,72,.500,10,18,.556,25,31,.806,6,36,42,18,6,6,15,18,107,,,Team Totals,240,.625,.569,.250,.431,19.4,80.0,55.3,50.0,6.5,10.3,14.9,100.0,115.6,107.0,
https://www.basketball-reference.com/boxscores/201206070BOS.html,"8:30 PM, June 7, 2012",Boston Celtics,Miami Heat,79,98,MIA,,,Team Totals,240,37,76,.487,7,16,.438,17,22,.773,10,34,44,15,8,4,12,21,98,,,Team Totals,240,.572,.533,.211,.289,27.0,82.9,56.4,40.5,9.2,6.6,12.3,100.0,112.9,91.0,
https://www.basketball-reference.com/boxscores/201206070BOS.html,"8:30 PM, June 7, 2012",Boston Celtics,Miami Heat,79,98,BOS,,,Team Totals,240,32,75,.427,1,14,.071,14,20,.700,7,27,34,14,9,3,13,19,79,,,Team Totals,240,.471,.433,.187,.267,17.1,73.0,43.6,43.8,10.4,5.0,13.4,100.0,91.0,112.9,
https://www.basketball-reference.com/boxscores/201206090MIA.html,"8:30 PM, June 9, 2012",Miami Heat,Boston Celtics,101,88,BOS,,,Team Totals,240,35,75,.467,6,19,.316,12,15,.800,7,26,33,19,10,2,13,24,88,,,Team Totals,240,.539,.507,.253,.200,19.4,74.3,46.5,54.3,11.8,4.5,13.7,100.0,103.5,118.7,
https://www.basketball-reference.com/boxscores/201206090MIA.html,"8:30 PM, June 9, 2012",Miami Heat,Boston Celtics,101,88,MIA,,,Team Totals,240,36,70,.514,9,26,.346,20,27,.741,9,29,38,16,8,3,13,14,101,,,Team Totals,240,.617,.579,.371,.386,25.7,80.6,53.5,44.4,9.4,5.4,13.7,100.0,118.7,103.5,
https://www.basketball-reference.com/boxscores/201206120OKC.html,"9:00 PM, June 12, 2012",Oklahoma City Thunder,Miami Heat,105,94,MIA,,,Team Totals,240,36,78,.462,8,19,.421,14,18,.778,7,28,35,20,6,1,11,19,94,,,Team Totals,240,.547,.513,.244,.231,17.5,73.7,44.9,55.6,6.8,1.7,11.3,100.0,107.0,119.5,
https://www.basketball-reference.com/boxscores/201206120OKC.html,"9:00 PM, June 12, 2012",Oklahoma City Thunder,Miami Heat,105,94,OKC,,,Team Totals,240,40,77,.519,5,17,.294,20,27,.741,10,33,43,22,5,3,10,16,105,,,Team Totals,240,.591,.552,.221,.351,26.3,82.5,55.1,55.0,5.7,5.1,10.1,100.0,119.5,107.0,
https://www.basketball-reference.com/boxscores/201206140OKC.html,"9:00 PM, June 14, 2012",Oklahoma City Thunder,Miami Heat,96,100,MIA,,,Team Totals,240,36,76,.474,6,14,.429,22,25,.880,11,29,40,13,5,4,14,21,100,,,Team Totals,240,.575,.513,.184,.329,29.7,74.4,52.6,36.1,5.7,7.5,13.9,100.0,114.1,109.5,
https://www.basketball-reference.com/boxscores/201206140OKC.html,"9:00 PM, June 14, 2012",Oklahoma City Thunder,Miami Heat,96,100,OKC,,,Team Totals,240,34,79,.430,9,26,.346,19,26,.731,10,26,36,14,9,9,11,22,96,,,Team Totals,240,.531,.487,.329,.329,25.6,70.3,47.4,41.2,10.3,14.5,10.8,100.0,109.5,114.1,
https://www.basketball-reference.com/boxscores/201206170MIA.html,"8:00 PM, June 17, 2012",Miami Heat,Oklahoma City Thunder,91,85,OKC,,,Team Totals,240,33,77,.429,4,18,.222,15,24,.625,11,27,38,11,9,8,14,25,85,,,Team Totals,240,.485,.455,.234,.312,26.2,65.9,45.8,33.3,10.3,13.1,13.8,100.0,97.4,104.3,
https://www.basketball-reference.com/boxscores/201206170MIA.html,"8:00 PM, June 17, 2012",Miami Heat,Oklahoma City Thunder,91,85,MIA,,,Team Totals,240,28,74,.378,4,13,.308,31,35,.886,14,31,45,13,6,5,15,19,91,,,Team Totals,240,.509,.405,.176,.473,34.1,73.8,54.2,46.4,6.9,8.5,14.4,100.0,104.3,97.4,
https://www.basketball-reference.com/boxscores/201206190MIA.html,"9:00 PM, June 19, 2012",Miami Heat,Oklahoma City Thunder,104,98,OKC,,,Team Totals,240,40,82,.488,3,16,.188,15,16,.938,8,27,35,13,6,2,11,20,98,,,Team Totals,240,.550,.506,.195,.195,20.5,75.0,46.7,32.5,6.7,3.8,11.0,100.0,110.0,116.7,
https://www.basketball-reference.com/boxscores/201206190MIA.html,"9:00 PM, June 19, 2012",Miami Heat,Oklahoma City Thunder,104,98,MIA,,,Team Totals,240,38,79,.481,10,26,.385,18,25,.720,9,31,40,19,8,2,10,18,104,,,Team Totals,240,.578,.544,.329,.316,25.0,79.5,53.3,50.0,9.0,3.0,10.0,100.0,116.7,110.0,
https://www.basketball-reference.com/boxscores/201206210MIA.html,"9:00 PM, June 21, 2012",Miami Heat,Oklahoma City Thunder,121,106,OKC,,,Team Totals,240,36,87,.414,11,28,.393,23,26,.885,10,28,38,19,7,3,13,29,106,,,Team Totals,240,.538,.477,.322,.299,23.3,77.8,48.1,52.8,7.2,5.9,11.7,100.0,109.8,125.3,
https://www.basketball-reference.com/boxscores/201206210MIA.html,"9:00 PM, June 21, 2012",Miami Heat,Oklahoma City Thunder,121,106,MIA,,,Team Totals,240,40,77,.519,14,26,.538,27,33,.818,8,33,41,25,8,7,14,21,121,,,Team Totals,240,.661,.610,.338,.429,22.2,76.7,51.9,62.5,8.3,11.9,13.3,100.0,125.3,109.8,
