boxscore_url,game_date_raw,home_team_name,away_team_name,home_pts,away_pts,team_abbr,home_away,winner,"basic_('unnamed: 0_level_0', 'starters')","basic_('basic box score stats', 'mp')","basic_('basic box score stats', 'fg')","basic_('basic box score stats', 'fga')","basic_('basic box score stats', 'fg%')","basic_('basic box score stats', '3p')","basic_('basic box score stats', '3pa')","basic_('basic box score stats', '3p%')","basic_('basic box score stats', 'ft')","basic_('basic box score stats', 'fta')","basic_('basic box score stats', 'ft%')","basic_('basic box score stats', 'orb')","basic_('basic box score stats', 'drb')","basic_('basic box score stats', 'trb')","basic_('basic box score stats', 'ast')","basic_('basic box score stats', 'stl')","basic_('basic box score stats', 'blk')","basic_('basic box score stats', 'tov')","basic_('basic box score stats', 'pf')","basic_('basic box score stats', 'pts')","basic_('basic box score stats', 'gmsc')","basic_('basic box score stats', '+/-')","adv_('unnamed: 0_level_0', 'starters')","adv_('advanced box score stats', 'mp')","adv_('advanced box score stats', 'ts%')","adv_('advanced box score stats', 'efg%')","adv_('advanced box score stats', '3par')","adv_('advanced box score stats', 'ftr')","adv_('advanced box score stats', 'orb%')","adv_('advanced box score stats', 'drb%')","adv_('advanced box score stats', 'trb%')","adv_('advanced box score stats', 'ast%')","adv_('advanced box score stats', 'stl%')","adv_('advanced box score stats', 'blk%')","adv_('advanced box score stats', 'tov%')","adv_('advanced box score stats', 'usg%')","adv_('advanced box score stats', 'ortg')","adv_('advanced box score stats', 'drtg')","adv_('advanced box score stats', 'bpm')"
https://www.basketball-reference.com/boxscores/201610250CLE.html,"7:30 PM, October 25, 2016",Cleveland Cavaliers,New York Knicks,117,88,NYK,,,Team Totals,240,32,87,.368,9,27,.333,15,20,.750,13,29,42,17,6,6,18,22,88,,,Team Totals,240,.459,.420,.310,.230,24.5,72.5,45.2,53.1,6.0,10.2,15.8,100.0,87.7,116.6,
https://www.basketball-reference.com/boxscores/201610250CLE.html,"7:30 PM, October 25, 2016",Cleveland Cavaliers,New York Knicks,117,88,CLE,,,Team Totals,240,45,94,.479,13,35,.371,14,19,.737,11,40,51,31,12,5,15,22,117,,,Team Totals,240,.572,.548,.372,.202,27.5,75.5,54.8,68.9,12.0,8.3,12.8,100.0,116.6,87.7,
https://www.basketball-reference.com/boxscores/201610250GSW.html,"10:30 PM, October 25, 2016",Golden State Warriors,San Antonio Spurs,100,129,SAS,,,Team Totals,240,47,98,.480,12,24,.500,23,26,.885,21,34,55,25,13,3,14,19,129,,,Team Totals,240,.589,.541,.245,.265,43.8,81.0,61.1,53.2,13.2,5.8,11.3,100.0,130.6,101.2,
https://www.basketball-reference.com/boxscores/201610250GSW.html,"10:30 PM, October 25, 2016",Golden State Warriors,San Antonio Spurs,100,129,GSW,,,Team Totals,240,40,85,.471,7,33,.212,13,18,.722,8,27,35,24,11,6,16,19,100,,,Team Totals,240,.538,.512,.388,.212,19.0,56.3,38.9,60.0,11.1,8.1,14.7,100.0,101.2,130.6,
https://www.basketball-reference.com/boxscores/201610250POR.html,"10:00 PM, October 25, 2016",Portland Trail Blazers,Utah Jazz,113,104,UTA,,,Team Totals,240,40,82,.488,8,24,.333,16,16,1.000,6,25,31,19,9,5,14,19,104,,,Team Totals,240,.584,.537,.293,.195,17.1,83.3,47.7,47.5,9.7,8.9,13.6,100.0,112.4,122.1,
https://www.basketball-reference.com/boxscores/201610250POR.html,"10:00 PM, October 25, 2016",Portland Trail Blazers,Utah Jazz,113,104,POR,,,Team Totals,240,39,75,.520,13,19,.684,22,22,1.000,5,29,34,22,5,3,13,18,113,,,Team Totals,240,.667,.607,.253,.293,16.7,82.9,52.3,56.4,5.4,5.2,13.3,100.0,122.1,112.4,
https://www.basketball-reference.com/boxscores/201610260BOS.html,"7:30 PM, October 26, 2016",Boston Celtics,Brooklyn Nets,122,117,BRK,,,Team Totals,240,43,97,.443,15,44,.341,16,20,.800,15,29,44,22,8,3,16,19,117,,,Team Totals,240,.553,.521,.454,.206,30.0,70.7,48.4,51.2,7.8,5.3,13.1,100.0,113.6,118.4,
https://www.basketball-reference.com/boxscores/201610260BOS.html,"7:30 PM, October 26, 2016",Boston Celtics,Brooklyn Nets,122,117,BOS,,,Team Totals,240,48,89,.539,11,32,.344,15,18,.833,12,35,47,36,13,9,19,20,122,,,Team Totals,240,.629,.601,.360,.202,29.3,70.0,51.6,75.0,12.6,17.0,16.4,100.0,118.4,113.6,
https://www.basketball-reference.com/boxscores/201610260IND.html,"7:00 PM, October 26, 2016",Indiana Pacers,Dallas Mavericks,130,121,DAL,,,Team Totals,265,45,104,.433,18,48,.375,13,18,.722,10,39,49,26,8,8,15,27,121,,,Team Totals,265,.541,.519,.462,.173,18.5,83.0,48.5,57.8,7.0,10.8,11.8,100.0,105.8,113.7,
https://www.basketball-reference.com/boxscores/201610260IND.html,"7:00 PM, October 26, 2016",Indiana Pacers,Dallas Mavericks,130,121,IND,,,Team Totals,265,47,93,.505,10,19,.526,26,34,.765,8,44,52,30,11,6,16,23,130,,,Team Totals,265,.602,.559,.204,.366,17.0,81.5,51.5,63.8,9.6,10.7,12.9,100.0,113.7,105.8,
https://www.basketball-reference.com/boxscores/201610260LAL.html,"10:30 PM, October 26, 2016",Los Angeles Lakers,Houston Rockets,120,114,HOU,,,Team Totals,240,44,86,.512,7,29,.241,19,27,.704,10,29,39,29,10,1,15,23,114,,,Team Totals,240,.582,.552,.337,.314,26.3,72.5,50.0,65.9,10.0,1.9,13.3,100.0,113.5,119.5,
https://www.basketball-reference.com/boxscores/201610260LAL.html,"10:30 PM, October 26, 2016",Los Angeles Lakers,Houston Rockets,120,114,LAL,,,Team Totals,240,45,89,.506,12,35,.343,18,22,.818,11,28,39,21,10,4,16,24,120,,,Team Totals,240,.608,.573,.393,.247,27.5,73.7,50.0,46.7,10.0,7.0,14.0,100.0,119.5,113.5,
https://www.basketball-reference.com/boxscores/201610260MEM.html,"8:00 PM, October 26, 2016",Memphis Grizzlies,Minnesota Timberwolves,102,98,MIN,,,Team Totals,240,36,86,.419,6,18,.333,20,29,.690,15,30,45,20,6,5,11,23,98,,,Team Totals,240,.496,.453,.209,.337,30.6,73.2,50.0,55.6,6.5,8.9,10.0,100.0,106.9,111.2,
https://www.basketball-reference.com/boxscores/201610260MEM.html,"8:00 PM, October 26, 2016",Memphis Grizzlies,Minnesota Timberwolves,102,98,MEM,,,Team Totals,240,36,80,.450,11,24,.458,19,27,.704,11,34,45,19,6,11,13,25,102,,,Team Totals,240,.555,.519,.300,.338,26.8,69.4,50.0,52.8,6.5,16.2,12.4,100.0,111.2,106.9,
https://www.basketball-reference.com/boxscores/201610260MIL.html,"8:00 PM, October 26, 2016",Milwaukee Bucks,Charlotte Hornets,96,107,CHO,,,Team Totals,240,40,89,.449,7,23,.304,20,24,.833,11,40,51,27,5,10,10,22,107,,,Team Totals,240,.537,.489,.258,.270,23.4,80.0,52.6,67.5,5.2,13.2,9.1,100.0,110.9,99.5,
https://www.basketball-reference.com/boxscores/201610260MIL.html,"8:00 PM, October 26, 2016",Milwaukee Bucks,Charlotte Hornets,96,107,MIL,,,Team Totals,240,39,92,.424,3,16,.188,15,20,.750,10,36,46,23,4,5,8,22,96,,,Team Totals,240,.476,.440,.174,.217,20.0,76.6,47.4,59.0,4.1,7.6,7.4,100.0,99.5,110.9,
https://www.basketball-reference.com/boxscores/201610260NOP.html,"8:00 PM, October 26, 2016",New Orleans Pelicans,Denver Nuggets,102,107,DEN,,,Team Totals,240,37,83,.446,8,24,.333,25,33,.758,11,47,58,18,7,4,25,22,107,,,Team Totals,240,.549,.494,.289,.398,28.2,90.4,63.7,48.6,6.5,5.5,20.4,100.0,99.5,94.8,
https://www.basketball-reference.com/boxscores/201610260NOP.html,"8:00 PM, October 26, 2016",New Orleans Pelicans,Denver Nuggets,102,107,NOP,,,Team Totals,240,38,92,.413,3,19,.158,23,26,.885,5,28,33,31,16,5,11,29,102,,,Team Totals,240,.493,.429,.207,.283,9.6,71.8,36.3,81.6,14.9,8.5,9.6,100.0,94.8,99.5,
https://www.basketball-reference.com/boxscores/201610260ORL.html,"7:00 PM, October 26, 2016",Orlando Magic,Miami Heat,96,108,MIA,,,Team Totals,240,47,97,.485,4,16,.250,10,16,.625,16,36,52,27,5,7,12,22,108,,,Team Totals,240,.519,.505,.165,.165,34.8,70.6,53.6,57.4,5.2,9.9,10.3,100.0,113.3,100.7,
https://www.basketball-reference.com/boxscores/201610260ORL.html,"7:00 PM, October 26, 2016",Orlando Magic,Miami Heat,96,108,ORL,,,Team Totals,240,34,89,.382,6,18,.333,22,28,.786,15,30,45,20,5,4,11,15,96,,,Team Totals,240,.474,.416,.202,.315,29.4,65.2,46.4,58.8,5.2,4.9,9.8,100.0,100.7,113.3,
https://www.basketball-reference.com/boxscores/201610260PHI.html,"8:00 PM, October 26, 2016",Philadelphia 76ers,Oklahoma City Thunder,97,103,OKC,,,Team Totals,240,39,94,.415,6,22,.273,19,26,.731,13,40,53,19,7,3,10,23,103,,,Team Totals,240,.488,.447,.234,.277,25.5,88.9,55.2,48.7,6.9,5.0,8.7,100.0,102.1,96.2,
https://www.basketball-reference.com/boxscores/201610260PHI.html,"8:00 PM, October 26, 2016",Philadelphia 76ers,Oklahoma City Thunder,97,103,PHI,,,Team Totals,240,36,84,.429,7,24,.292,18,25,.720,5,38,43,21,5,10,14,22,97,,,Team Totals,240,.511,.470,.286,.298,11.1,74.5,44.8,58.3,5.0,13.9,12.8,100.0,96.2,102.1,
https://www.basketball-reference.com/boxscores/201610260PHO.html,"10:00 PM, October 26, 2016",Phoenix Suns,Sacramento Kings,94,113,SAC,,,Team Totals,240,44,86,.512,6,21,.286,19,26,.731,10,31,41,24,5,5,14,20,113,,,Team Totals,240,.580,.547,.244,.302,24.4,75.6,50.0,54.5,5.1,8.2,12.6,100.0,116.2,96.6,
https://www.basketball-reference.com/boxscores/201610260PHO.html,"10:00 PM, October 26, 2016",Phoenix Suns,Sacramento Kings,94,113,PHO,,,Team Totals,240,36,77,.468,4,16,.250,18,27,.667,10,31,41,20,6,3,18,29,94,,,Team Totals,240,.529,.494,.208,.351,24.4,75.6,50.0,55.6,6.2,4.6,16.8,100.0,96.6,116.2,
https://www.basketball-reference.com/boxscores/201610260TOR.html,"7:30 PM, October 26, 2016",Toronto Raptors,Detroit Pistons,109,91,DET,,,Team Totals,240,35,84,.417,4,22,.182,17,22,.773,8,32,40,17,8,0,14,24,91,,,Team Totals,240,.486,.440,.262,.262,17.8,69.6,44.0,48.6,8.3,0.0,13.0,100.0,94.6,113.3,
https://www.basketball-reference.com/boxscores/201610260TOR.html,"7:30 PM, October 26, 2016",Toronto Raptors,Detroit Pistons,109,91,TOR,,,Team Totals,240,41,86,.477,3,18,.167,24,29,.828,14,37,51,17,8,0,12,22,109,,,Team Totals,240,.552,.494,.209,.337,30.4,82.2,56.0,41.5,8.3,0.0,10.8,100.0,113.3,94.6,
https://www.basketball-reference.com/boxscores/201610270ATL.html,"7:30 PM, October 27, 2016",Atlanta Hawks,Washington Wizards,114,99,WAS,,,Team Totals,240,40,94,.426,6,20,.300,13,18,.722,12,28,40,25,14,4,19,20,99,,,Team Totals,240,.486,.457,.213,.191,24.0,66.7,43.5,62.5,13.5,6.5,15.7,100.0,95.7,110.2,
https://www.basketball-reference.com/boxscores/201610270ATL.html,"7:30 PM, October 27, 2016",Atlanta Hawks,Washington Wizards,114,99,ATL,,,Team Totals,240,44,88,.500,12,26,.462,14,18,.778,14,38,52,28,13,7,21,19,114,,,Team Totals,240,.594,.568,.295,.205,33.3,76.0,56.5,63.6,12.6,9.5,18.0,100.0,110.2,95.7,
https://www.basketball-reference.com/boxscores/201610270CHI.html,"8:00 PM, October 27, 2016",Chicago Bulls,Boston Celtics,105,99,BOS,,,Team Totals,240,38,76,.500,8,23,.348,15,24,.625,3,33,36,22,6,6,12,25,99,,,Team Totals,240,.572,.553,.303,.316,7.5,64.7,39.6,57.9,6.3,9.0,12.2,100.0,104.5,110.9,
https://www.basketball-reference.com/boxscores/201610270CHI.html,"8:00 PM, October 27, 2016",Chicago Bulls,Boston Celtics,105,99,CHI,,,Team Totals,240,36,92,.391,11,25,.440,22,30,.733,18,37,55,25,5,1,12,21,105,,,Team Totals,240,.499,.451,.272,.326,35.3,92.5,60.4,69.4,5.3,1.9,10.2,100.0,110.9,104.5,
https://www.basketball-reference.com/boxscores/201610270POR.html,"10:30 PM, October 27, 2016",Portland Trail Blazers,Los Angeles Clippers,106,114,LAC,,,Team Totals,240,37,91,.407,8,29,.276,32,46,.696,15,33,48,12,10,4,8,25,114,,,Team Totals,240,.512,.451,.319,.505,27.8,78.6,50.0,32.4,9.9,6.0,6.7,100.0,112.5,104.6,
https://www.basketball-reference.com/boxscores/201610270POR.html,"10:30 PM, October 27, 2016",Portland Trail Blazers,Los Angeles Clippers,106,114,POR,,,Team Totals,240,39,85,.459,4,18,.222,24,32,.750,9,39,48,18,4,4,14,34,106,,,Team Totals,240,.535,.482,.212,.376,21.4,72.2,50.0,46.2,3.9,6.5,12.4,100.0,104.6,112.5,
https://www.basketball-reference.com/boxscores/201610270SAC.html,"10:30 PM, October 27, 2016",Sacramento Kings,San Antonio Spurs,94,102,SAS,,,Team Totals,240,36,79,.456,6,18,.333,24,27,.889,9,31,40,23,10,8,10,26,102,,,Team Totals,240,.561,.494,.228,.342,20.9,83.8,50.0,63.9,10.9,16.0,9.9,100.0,110.8,102.1,
https://www.basketball-reference.com/boxscores/201610270SAC.html,"10:30 PM, October 27, 2016",Sacramento Kings,San Antonio Spurs,94,102,SAC,,,Team Totals,240,28,70,.400,6,20,.300,32,38,.842,6,34,40,22,7,0,16,21,94,,,Team Totals,240,.542,.443,.286,.543,16.2,79.1,50.0,78.6,7.6,0.0,15.6,100.0,102.1,110.8,
https://www.basketball-reference.com/boxscores/201610280BRK.html,"7:30 PM, October 28, 2016",Brooklyn Nets,Indiana Pacers,103,94,IND,,,Team Totals,240,37,98,.378,7,24,.292,13,20,.650,14,35,49,22,7,6,13,22,94,,,Team Totals,240,.440,.413,.245,.204,25.9,74.5,48.5,59.5,7.0,11.1,10.9,100.0,94.1,103.2,
https://www.basketball-reference.com/boxscores/201610280BRK.html,"7:30 PM, October 28, 2016",Brooklyn Nets,Indiana Pacers,103,94,BRK,,,Team Totals,240,38,87,.437,10,33,.303,17,20,.850,12,40,52,20,6,4,16,23,103,,,Team Totals,240,.538,.494,.379,.230,25.5,74.1,51.5,52.6,6.0,5.4,14.3,100.0,103.2,94.1,
https://www.basketball-reference.com/boxscores/201610280DAL.html,"8:30 PM, October 28, 2016",Dallas Mavericks,Houston Rockets,98,106,HOU,,,Team Totals,240,33,70,.471,15,32,.469,25,31,.806,5,36,41,21,6,1,19,22,106,,,Team Totals,240,.634,.579,.457,.443,15.2,85.7,54.7,63.6,6.4,2.0,18.5,100.0,112.7,104.2,
https://www.basketball-reference.com/boxscores/201610280DAL.html,"8:30 PM, October 28, 2016",Dallas Mavericks,Houston Rockets,98,106,DAL,,,Team Totals,240,35,80,.438,8,29,.276,20,24,.833,6,28,34,13,11,2,10,21,98,,,Team Totals,240,.541,.488,.363,.300,14.3,84.8,45.3,37.1,11.7,5.3,9.9,100.0,104.2,112.7,
https://www.basketball-reference.com/boxscores/201610280DET.html,"7:30 PM, October 28, 2016",Detroit Pistons,Orlando Magic,108,82,ORL,,,Team Totals,240,33,95,.347,8,26,.308,8,12,.667,14,30,44,20,8,3,9,13,82,,,Team Totals,240,.409,.389,.274,.126,24.1,76.9,45.4,60.6,8.4,3.9,8.2,100.0,86.1,113.3,
https://www.basketball-reference.com/boxscores/201610280DET.html,"7:30 PM, October 28, 2016",Detroit Pistons,Orlando Magic,108,82,DET,,,Team Totals,240,48,95,.505,7,19,.368,5,6,.833,9,44,53,27,8,4,12,11,108,,,Team Totals,240,.553,.542,.200,.063,23.1,75.9,54.6,56.3,8.4,5.8,10.9,100.0,113.3,86.1,
https://www.basketball-reference.com/boxscores/201610280MIA.html,"8:00 PM, October 28, 2016",Miami Heat,Charlotte Hornets,91,97,CHO,,,Team Totals,240,35,92,.380,7,22,.318,20,24,.833,13,36,49,20,10,9,8,20,97,,,Team Totals,240,.473,.418,.239,.261,24.1,76.6,48.5,57.1,10.2,17.3,7.2,100.0,99.3,93.1,
https://www.basketball-reference.com/boxscores/201610280MIA.html,"8:00 PM, October 28, 2016",Miami Heat,Charlotte Hornets,91,97,MIA,,,Team Totals,240,32,86,.372,14,34,.412,13,20,.650,11,41,52,19,2,4,20,23,91,,,Team Totals,240,.480,.453,.395,.233,23.4,75.9,51.5,59.4,2.0,5.7,17.4,100.0,93.1,99.3,
https://www.basketball-reference.com/boxscores/201610280NOP.html,"9:30 PM, October 28, 2016",New Orleans Pelicans,Golden State Warriors,114,122,GSW,,,Team Totals,240,44,91,.484,9,28,.321,25,28,.893,9,40,49,32,8,2,14,22,122,,,Team Totals,240,.590,.533,.308,.308,19.6,76.9,50.0,72.7,7.4,2.6,11.9,100.0,112.2,104.8,
https://www.basketball-reference.com/boxscores/201610280NOP.html,"9:30 PM, October 28, 2016",New Orleans Pelicans,Golden State Warriors,114,122,NOP,,,Team Totals,240,47,100,.470,5,22,.227,15,23,.652,12,37,49,29,8,5,15,24,114,,,Team Totals,240,.518,.495,.220,.230,23.1,80.4,50.0,61.7,7.4,7.9,12.0,100.0,104.8,112.2,
https://www.basketball-reference.com/boxscores/201610280OKC.html,"8:00 PM, October 28, 2016",Oklahoma City Thunder,Phoenix Suns,113,110,PHO,,,Team Totals,265,42,94,.447,5,28,.179,21,32,.656,7,37,44,15,11,3,15,29,110,,,Team Totals,265,.509,.473,.298,.340,14.0,72.5,43.6,35.7,9.5,4.0,12.2,100.0,95.3,97.9,
https://www.basketball-reference.com/boxscores/201610280OKC.html,"8:00 PM, October 28, 2016",Oklahoma City Thunder,Phoenix Suns,113,110,OKC,,,Team Totals,265,40,96,.417,5,21,.238,28,38,.737,14,43,57,13,11,3,22,24,113,,,Team Totals,265,.501,.443,.219,.396,27.5,86.0,56.4,32.5,9.5,4.5,16.3,100.0,97.9,95.3,
https://www.basketball-reference.com/boxscores/201610280TOR.html,"7:00 PM, October 28, 2016",Toronto Raptors,Cleveland Cavaliers,91,94,CLE,,,Team Totals,240,33,79,.418,12,32,.375,16,22,.727,9,31,40,20,8,3,18,15,94,,,Team Totals,240,.530,.494,.405,.278,21.4,63.3,44.0,60.6,8.5,4.1,16.9,100.0,99.6,96.4,
https://www.basketball-reference.com/boxscores/201610280TOR.html,"7:00 PM, October 28, 2016",Toronto Raptors,Cleveland Cavaliers,91,94,TOR,,,Team Totals,240,35,90,.389,4,16,.250,17,18,.944,18,33,51,12,9,3,18,20,91,,,Team Totals,240,.465,.411,.178,.200,36.7,78.6,56.0,34.3,9.5,6.4,15.5,100.0,96.4,99.6,
https://www.basketball-reference.com/boxscores/201610280UTA.html,"9:00 PM, October 28, 2016",Utah Jazz,Los Angeles Lakers,96,89,LAL,,,Team Totals,240,32,84,.381,9,23,.391,16,21,.762,11,32,43,16,6,7,17,29,89,,,Team Totals,240,.477,.435,.274,.250,24.4,71.1,47.8,50.0,6.4,14.0,15.4,100.0,95.1,102.6,
https://www.basketball-reference.com/boxscores/201610280UTA.html,"9:00 PM, October 28, 2016",Utah Jazz,Los Angeles Lakers,96,89,UTA,,,Team Totals,240,31,75,.413,6,25,.240,28,40,.700,13,34,47,14,4,7,14,18,96,,,Team Totals,240,.518,.453,.333,.533,28.9,75.6,52.2,45.2,4.3,11.5,13.1,100.0,102.6,95.1,
https://www.basketball-reference.com/boxscores/201610290CHI.html,"8:00 PM, October 29, 2016",Chicago Bulls,Indiana Pacers,118,101,IND,,,Team Totals,240,43,88,.489,7,18,.389,8,9,.889,8,25,33,34,8,7,13,16,101,,,Team Totals,240,.549,.528,.205,.102,19.0,65.8,41.3,79.1,8.6,10.8,12.4,100.0,108.1,126.3,
https://www.basketball-reference.com/boxscores/201610290CHI.html,"8:00 PM, October 29, 2016",Chicago Bulls,Indiana Pacers,118,101,CHI,,,Team Totals,240,45,86,.523,9,21,.429,19,21,.905,13,34,47,34,8,6,12,14,118,,,Team Totals,240,.619,.576,.244,.244,34.2,81.0,58.8,75.6,8.6,8.6,11.2,100.0,126.3,108.1,
https://www.basketball-reference.com/boxscores/201610290CHO.html,"7:00 PM, October 29, 2016",Charlotte Hornets,Boston Celtics,98,104,BOS,,,Team Totals,240,39,81,.481,15,31,.484,11,17,.647,4,38,42,25,4,6,13,26,104,,,Team Totals,240,.588,.574,.383,.210,11.1,86.4,52.5,64.1,4.2,12.8,12.8,100.0,109.4,103.1,
https://www.basketball-reference.com/boxscores/201610290CHO.html,"7:00 PM, October 29, 2016",Charlotte Hornets,Boston Celtics,98,104,CHO,,,Team Totals,240,32,79,.405,9,32,.281,25,33,.758,6,32,38,22,8,6,9,17,98,,,Team Totals,240,.524,.462,.405,.418,13.6,88.9,47.5,68.8,8.4,12.0,8.8,100.0,103.1,109.4,
https://www.basketball-reference.com/boxscores/201610290CLE.html,"7:30 PM, October 29, 2016",Cleveland Cavaliers,Orlando Magic,105,99,ORL,,,Team Totals,240,38,84,.452,8,28,.286,15,26,.577,13,37,50,21,6,5,21,23,99,,,Team Totals,240,.519,.500,.333,.310,32.5,74.0,55.6,55.3,6.2,9.8,18.0,100.0,102.1,108.3,
https://www.basketball-reference.com/boxscores/201610290CLE.html,"7:30 PM, October 29, 2016",Cleveland Cavaliers,Orlando Magic,105,99,CLE,,,Team Totals,240,36,88,.409,11,37,.297,22,30,.733,13,27,40,17,8,6,9,27,105,,,Team Totals,240,.519,.472,.420,.341,26.0,67.5,44.4,47.2,8.3,10.7,8.2,100.0,108.3,102.1,
https://www.basketball-reference.com/boxscores/201610290DEN.html,"9:00 PM, October 29, 2016",Denver Nuggets,Portland Trail Blazers,113,115,POR,,,Team Totals,265,45,98,.459,10,32,.313,15,21,.714,5,40,45,23,10,8,16,30,115,,,Team Totals,265,.536,.510,.327,.214,10.0,71.4,42.5,51.1,8.7,10.4,13.0,100.0,99.8,98.1,
https://www.basketball-reference.com/boxscores/201610290DEN.html,"9:00 PM, October 29, 2016",Denver Nuggets,Portland Trail Blazers,113,115,DEN,,,Team Totals,265,38,100,.380,6,23,.261,31,39,.795,16,45,61,19,10,5,17,21,113,,,Team Totals,265,.482,.410,.230,.390,28.6,90.0,57.5,50.0,8.7,7.6,12.7,100.0,98.1,99.8,
https://www.basketball-reference.com/boxscores/201610290MIL.html,"8:00 PM, October 29, 2016",Milwaukee Bucks,Brooklyn Nets,110,108,BRK,,,Team Totals,240,37,84,.440,11,34,.324,23,28,.821,11,34,45,23,12,6,18,22,108,,,Team Totals,240,.561,.506,.405,.333,23.4,81.0,50.6,62.2,11.8,9.1,15.7,100.0,106.2,108.1,
https://www.basketball-reference.com/boxscores/201610290MIL.html,"8:00 PM, October 29, 2016",Milwaukee Bucks,Brooklyn Nets,110,108,MIL,,,Team Totals,240,41,88,.466,8,22,.364,20,24,.833,8,36,44,25,14,5,14,23,110,,,Team Totals,240,.558,.511,.250,.273,19.0,76.6,49.4,61.0,13.8,10.0,12.4,100.0,108.1,106.2,
https://www.basketball-reference.com/boxscores/201610290NYK.html,"7:30 PM, October 29, 2016",New York Knicks,Memphis Grizzlies,111,104,MEM,,,Team Totals,240,37,86,.430,9,25,.360,21,26,.808,11,29,40,19,3,2,12,30,104,,,Team Totals,240,.534,.483,.291,.302,23.9,82.9,49.4,51.4,3.1,3.6,11.0,100.0,107.3,114.5,
https://www.basketball-reference.com/boxscores/201610290NYK.html,"7:30 PM, October 29, 2016",New York Knicks,Memphis Grizzlies,111,104,NYK,,,Team Totals,240,40,76,.526,6,21,.286,25,39,.641,6,35,41,24,4,4,13,25,111,,,Team Totals,240,.596,.566,.276,.513,17.1,76.1,50.6,60.0,4.1,6.6,12.2,100.0,114.5,107.3,
https://www.basketball-reference.com/boxscores/201610290PHI.html,"12:30 PM, October 29, 2016",Philadelphia 76ers,Atlanta Hawks,72,104,ATL,,,Team Totals,240,42,85,.494,5,20,.250,15,23,.652,6,41,47,31,11,7,12,14,104,,,Team Totals,240,.547,.524,.235,.271,14.6,91.1,54.7,73.8,11.0,11.3,11.2,100.0,103.7,71.8,
https://www.basketball-reference.com/boxscores/201610290PHI.html,"12:30 PM, October 29, 2016",Philadelphia 76ers,Atlanta Hawks,72,104,PHI,,,Team Totals,240,28,80,.350,5,18,.278,11,15,.733,4,35,39,16,9,5,20,20,72,,,Team Totals,240,.416,.381,.225,.188,8.9,85.4,45.3,57.1,9.0,7.7,18.8,100.0,71.8,103.7,
https://www.basketball-reference.com/boxscores/201610290SAC.html,"10:30 PM, October 29, 2016",Sacramento Kings,Minnesota Timberwolves,106,103,MIN,,,Team Totals,240,37,70,.529,7,22,.318,22,31,.710,7,29,36,19,6,5,14,25,103,,,Team Totals,240,.616,.579,.314,.443,25.9,72.5,53.7,51.4,6.6,8.5,14.3,100.0,113.4,116.7,
https://www.basketball-reference.com/boxscores/201610290SAC.html,"10:30 PM, October 29, 2016",Sacramento Kings,Minnesota Timberwolves,106,103,SAC,,,Team Totals,240,39,85,.459,9,26,.346,19,25,.760,11,20,31,24,6,5,13,24,106,,,Team Totals,240,.552,.512,.306,.294,27.5,74.1,46.3,61.5,6.6,10.4,11.9,100.0,116.7,113.4,
https://www.basketball-reference.com/boxscores/201610290SAS.html,"8:00 PM, October 29, 2016",San Antonio Spurs,New Orleans Pelicans,98,79,NOP,,,Team Totals,240,32,86,.372,4,22,.182,11,15,.733,7,38,45,14,6,5,10,19,79,,,Team Totals,240,.427,.395,.256,.174,13.7,86.4,47.4,43.8,6.3,8.5,9.7,100.0,83.5,103.6,
https://www.basketball-reference.com/boxscores/201610290SAS.html,"8:00 PM, October 29, 2016",San Antonio Spurs,New Orleans Pelicans,98,79,SAS,,,Team Totals,240,35,83,.422,10,24,.417,18,23,.783,6,44,50,21,6,7,10,15,98,,,Team Totals,240,.526,.482,.289,.277,13.6,86.3,52.6,60.0,6.3,10.9,9.7,100.0,103.6,83.5,
https://www.basketball-reference.com/boxscores/201610300DET.html,"6:00 PM, October 30, 2016",Detroit Pistons,Milwaukee Bucks,98,83,MIL,,,Team Totals,240,34,87,.391,4,17,.235,11,14,.786,10,30,40,22,10,4,12,16,83,,,Team Totals,240,.445,.414,.195,.161,19.2,65.2,40.8,64.7,10.7,5.9,11.4,100.0,88.6,104.6,
https://www.basketball-reference.com/boxscores/201610300DET.html,"6:00 PM, October 30, 2016",Detroit Pistons,Milwaukee Bucks,98,83,DET,,,Team Totals,240,39,88,.443,5,20,.250,15,20,.750,16,42,58,23,8,4,16,14,98,,,Team Totals,240,.506,.472,.227,.227,34.8,80.8,59.2,59.0,8.5,5.7,14.2,100.0,104.6,88.6,
https://www.basketball-reference.com/boxscores/201610300HOU.html,"8:00 PM, October 30, 2016",Houston Rockets,Dallas Mavericks,93,92,DAL,,,Team Totals,240,32,86,.372,11,31,.355,17,20,.850,13,30,43,17,8,3,13,17,92,,,Team Totals,240,.485,.436,.360,.233,25.5,76.9,47.8,53.1,8.6,6.0,12.1,100.0,98.4,99.4,
https://www.basketball-reference.com/boxscores/201610300HOU.html,"8:00 PM, October 30, 2016",Houston Rockets,Dallas Mavericks,93,92,HOU,,,Team Totals,240,34,81,.420,11,31,.355,14,21,.667,9,38,47,16,5,4,17,21,93,,,Team Totals,240,.515,.488,.383,.259,23.1,74.5,52.2,47.1,5.3,7.3,15.9,100.0,99.4,98.4,
https://www.basketball-reference.com/boxscores/201610300LAC.html,"4:30 PM, October 30, 2016",Los Angeles Clippers,Utah Jazz,88,75,UTA,,,Team Totals,240,29,73,.397,7,19,.368,10,13,.769,7,36,43,18,8,2,18,22,75,,,Team Totals,240,.476,.445,.260,.178,16.7,72.0,46.7,62.1,9.0,3.6,18.6,100.0,84.4,99.1,
https://www.basketball-reference.com/boxscores/201610300LAC.html,"4:30 PM, October 30, 2016",Los Angeles Clippers,Utah Jazz,88,75,LAC,,,Team Totals,240,34,83,.410,6,27,.222,14,20,.700,14,35,49,17,8,4,13,14,88,,,Team Totals,240,.479,.446,.325,.241,28.0,83.3,53.3,50.0,9.0,7.4,12.4,100.0,99.1,84.4,
https://www.basketball-reference.com/boxscores/201610300MEM.html,"8:00 PM, October 30, 2016",Memphis Grizzlies,Washington Wizards,112,103,WAS,,,Team Totals,265,38,86,.442,5,25,.200,22,25,.880,8,32,40,19,8,4,14,23,103,,,Team Totals,265,.531,.471,.291,.291,18.2,74.4,46.0,50.0,8.0,7.0,12.6,100.0,103.2,112.2,
https://www.basketball-reference.com/boxscores/201610300MEM.html,"8:00 PM, October 30, 2016",Memphis Grizzlies,Washington Wizards,112,103,MEM,,,Team Totals,265,39,88,.443,15,31,.484,19,26,.731,11,36,47,24,9,2,14,26,112,,,Team Totals,265,.563,.528,.352,.295,25.6,81.8,54.0,61.5,9.0,3.3,12.3,100.0,112.2,103.2,
https://www.basketball-reference.com/boxscores/201610300MIA.html,"6:00 PM, October 30, 2016",Miami Heat,San Antonio Spurs,99,106,SAS,,,Team Totals,240,37,82,.451,10,18,.556,22,26,.846,14,30,44,20,4,5,15,26,106,,,Team Totals,240,.567,.512,.220,.317,31.8,83.3,55.0,54.1,4.3,8.3,13.8,100.0,113.5,106.0,
https://www.basketball-reference.com/boxscores/201610300MIA.html,"6:00 PM, October 30, 2016",Miami Heat,San Antonio Spurs,99,106,MIA,,,Team Totals,240,37,80,.463,7,20,.350,18,26,.692,6,30,36,19,7,6,12,24,99,,,Team Totals,240,.541,.506,.250,.325,16.7,68.2,45.0,51.4,7.5,9.4,11.6,100.0,106.0,113.5,
https://www.basketball-reference.com/boxscores/201610300OKC.html,"7:00 PM, October 30, 2016",Oklahoma City Thunder,Los Angeles Lakers,113,96,LAL,,,Team Totals,240,35,87,.402,7,32,.219,19,24,.792,11,30,41,20,15,2,22,18,96,,,Team Totals,240,.492,.443,.368,.276,23.9,75.0,47.7,57.1,14.0,2.9,18.4,100.0,89.8,105.7,
https://www.basketball-reference.com/boxscores/201610300OKC.html,"7:00 PM, October 30, 2016",Oklahoma City Thunder,Los Angeles Lakers,113,96,OKC,,,Team Totals,240,45,95,.474,9,26,.346,14,17,.824,10,35,45,29,15,6,20,22,113,,,Team Totals,240,.551,.521,.274,.179,25.0,76.1,52.3,64.4,14.0,10.9,16.3,100.0,105.7,89.8,
https://www.basketball-reference.com/boxscores/201610300PHO.html,"6:00 PM, October 30, 2016",Phoenix Suns,Golden State Warriors,100,106,GSW,,,Team Totals,240,35,83,.422,8,29,.276,28,33,.848,7,36,43,27,6,5,16,23,106,,,Team Totals,240,.543,.470,.349,.398,15.2,76.6,46.2,77.1,5.9,7.5,14.1,100.0,104.4,98.5,
https://www.basketball-reference.com/boxscores/201610300PHO.html,"6:00 PM, October 30, 2016",Phoenix Suns,Golden State Warriors,100,106,PHO,,,Team Totals,240,37,90,.411,8,23,.348,18,25,.720,11,39,50,19,10,6,12,26,100,,,Team Totals,240,.495,.456,.256,.278,23.4,84.8,53.8,51.4,9.8,11.1,10.6,100.0,98.5,104.4,
https://www.basketball-reference.com/boxscores/201610310ATL.html,"7:30 PM, October 31, 2016",Atlanta Hawks,Sacramento Kings,106,95,SAC,,,Team Totals,240,36,75,.480,10,23,.435,13,19,.684,6,32,38,26,10,6,19,34,95,,,Team Totals,240,.570,.547,.307,.253,18.8,65.3,46.9,72.2,10.7,12.2,18.6,100.0,101.3,113.1,
https://www.basketball-reference.com/boxscores/201610310ATL.html,"7:30 PM, October 31, 2016",Atlanta Hawks,Sacramento Kings,106,95,ATL,,,Team Totals,240,33,79,.418,11,30,.367,29,47,.617,17,26,43,24,11,6,13,20,106,,,Team Totals,240,.532,.487,.380,.595,34.7,81.3,53.1,72.7,11.7,11.5,11.5,100.0,113.1,101.3,
https://www.basketball-reference.com/boxscores/201610310BRK.html,"7:30 PM, October 31, 2016",Brooklyn Nets,Chicago Bulls,88,118,CHI,,,Team Totals,240,45,89,.506,11,27,.407,17,18,.944,13,45,58,26,9,9,20,22,118,,,Team Totals,240,.609,.567,.303,.202,31.0,73.8,56.3,57.8,8.9,13.8,17.1,100.0,116.1,86.6,
https://www.basketball-reference.com/boxscores/201610310BRK.html,"7:30 PM, October 31, 2016",Brooklyn Nets,Chicago Bulls,88,118,BRK,,,Team Totals,240,33,96,.344,5,31,.161,17,21,.810,16,29,45,14,12,3,15,15,88,,,Team Totals,240,.418,.370,.323,.219,26.2,69.0,43.7,42.4,11.8,4.8,12.5,100.0,86.6,116.1,
https://www.basketball-reference.com/boxscores/201610310LAC.html,"10:30 PM, October 31, 2016",Los Angeles Clippers,Phoenix Suns,116,98,PHO,,,Team Totals,240,35,84,.417,5,15,.333,23,31,.742,10,34,44,19,11,0,21,33,98,,,Team Totals,240,.502,.446,.179,.369,20.4,87.2,50.0,54.3,10.4,0.0,17.7,100.0,92.3,109.2,
https://www.basketball-reference.com/boxscores/201610310LAC.html,"10:30 PM, October 31, 2016",Los Angeles Clippers,Phoenix Suns,116,98,LAC,,,Team Totals,240,40,80,.500,6,16,.375,30,38,.789,5,39,44,21,8,4,16,23,116,,,Team Totals,240,.600,.538,.200,.475,12.8,79.6,50.0,52.5,7.5,5.8,14.2,100.0,109.2,92.3,
https://www.basketball-reference.com/boxscores/201610310TOR.html,"7:30 PM, October 31, 2016",Toronto Raptors,Denver Nuggets,105,102,DEN,,,Team Totals,240,33,81,.407,9,22,.409,27,35,.771,11,35,46,14,2,9,8,18,102,,,Team Totals,240,.529,.463,.272,.432,25.6,76.1,51.7,42.4,2.2,12.5,7.7,100.0,111.0,114.2,
https://www.basketball-reference.com/boxscores/201610310TOR.html,"7:30 PM, October 31, 2016",Toronto Raptors,Denver Nuggets,105,102,TOR,,,Team Totals,240,41,88,.466,4,16,.250,19,25,.760,11,32,43,16,7,9,8,28,105,,,Team Totals,240,.530,.489,.182,.284,23.9,74.4,48.3,39.0,7.6,15.3,7.5,100.0,114.2,111.0,
https://www.basketball-reference.com/boxscores/201611010CLE.html,"6:00 PM, November 1, 2016",Cleveland Cavaliers,Houston Rockets,128,120,HOU,,,Team Totals,240,43,90,.478,17,44,.386,17,25,.680,11,21,32,30,5,2,7,25,120,,,Team Totals,240,.594,.572,.489,.278,24.4,63.6,41.0,69.8,5.4,3.9,6.5,100.0,129.3,138.0,
https://www.basketball-reference.com/boxscores/201611010CLE.html,"6:00 PM, November 1, 2016",Cleveland Cavaliers,Houston Rockets,128,120,CLE,,,Team Totals,240,43,83,.518,16,32,.500,26,31,.839,12,34,46,22,4,2,11,21,128,,,Team Totals,240,.662,.614,.386,.373,36.4,75.6,59.0,51.2,4.3,4.3,10.2,100.0,138.0,129.3,
https://www.basketball-reference.com/boxscores/201611010DET.html,"7:30 PM, November 1, 2016",Detroit Pistons,New York Knicks,102,89,NYK,,,Team Totals,240,35,86,.407,7,22,.318,12,15,.800,8,35,43,18,6,9,12,20,89,,,Team Totals,240,.481,.448,.256,.174,17.4,77.8,47.3,51.4,6.3,11.8,11.5,100.0,93.0,106.5,
https://www.basketball-reference.com/boxscores/201611010DET.html,"7:30 PM, November 1, 2016",Detroit Pistons,New York Knicks,102,89,DET,,,Team Totals,240,41,89,.461,8,13,.615,12,21,.571,10,38,48,19,7,5,11,16,102,,,Team Totals,240,.519,.506,.146,.236,22.2,82.6,52.7,46.3,7.3,7.8,10.1,100.0,106.5,93.0,
https://www.basketball-reference.com/boxscores/201611010IND.html,"7:00 PM, November 1, 2016",Indiana Pacers,Los Angeles Lakers,115,108,LAL,,,Team Totals,240,40,89,.449,6,28,.214,22,25,.880,11,33,44,14,8,2,20,25,108,,,Team Totals,240,.540,.483,.315,.281,25.6,75.0,50.6,35.0,7.7,3.4,16.7,100.0,103.4,110.1,
https://www.basketball-reference.com/boxscores/201611010IND.html,"7:00 PM, November 1, 2016",Indiana Pacers,Los Angeles Lakers,115,108,IND,,,Team Totals,240,41,87,.471,10,28,.357,23,29,.793,11,32,43,19,10,8,17,20,115,,,Team Totals,240,.576,.529,.322,.333,25.0,74.4,49.4,46.3,9.6,13.1,14.6,100.0,110.1,103.4,
https://www.basketball-reference.com/boxscores/201611010MIA.html,"7:30 PM, November 1, 2016",Miami Heat,Sacramento Kings,108,96,SAC,,,Team Totals,265,34,89,.382,5,23,.217,23,27,.852,9,44,53,12,4,4,15,23,96,,,Team Totals,265,.476,.410,.258,.303,18.8,88.0,54.1,35.3,3.8,7.0,12.9,100.0,90.5,101.9,
https://www.basketball-reference.com/boxscores/201611010MIA.html,"7:30 PM, November 1, 2016",Miami Heat,Sacramento Kings,108,96,MIA,,,Team Totals,265,37,86,.430,13,29,.448,21,29,.724,6,39,45,24,10,9,17,21,108,,,Team Totals,265,.547,.506,.337,.337,12.0,81.3,45.9,64.9,9.4,13.6,14.7,100.0,101.9,90.5,
https://www.basketball-reference.com/boxscores/201611010MIN.html,"8:00 PM, November 1, 2016",Minnesota Timberwolves,Memphis Grizzlies,116,80,MEM,,,Team Totals,240,27,75,.360,4,24,.167,22,29,.759,8,24,32,10,17,4,21,22,80,,,Team Totals,240,.456,.387,.320,.387,16.7,70.6,39.0,37.0,17.3,6.9,19.3,100.0,81.5,118.2,
https://www.basketball-reference.com/boxscores/201611010MIN.html,"8:00 PM, November 1, 2016",Minnesota Timberwolves,Memphis Grizzlies,116,80,MIN,,,Team Totals,240,43,78,.551,12,20,.600,18,23,.783,10,40,50,29,10,5,21,22,116,,,Team Totals,240,.658,.628,.256,.295,29.4,83.3,61.0,67.4,10.2,9.8,19.2,100.0,118.2,81.5,
https://www.basketball-reference.com/boxscores/201611010NOP.html,"8:00 PM, November 1, 2016",New Orleans Pelicans,Milwaukee Bucks,113,117,MIL,,,Team Totals,240,44,91,.484,10,32,.313,19,21,.905,11,38,49,30,9,5,16,25,117,,,Team Totals,240,.584,.538,.352,.231,25.0,80.9,53.8,68.2,8.8,8.9,13.8,100.0,114.3,110.4,
https://www.basketball-reference.com/boxscores/201611010NOP.html,"8:00 PM, November 1, 2016",New Orleans Pelicans,Milwaukee Bucks,113,117,NOP,,,Team Totals,240,36,82,.439,9,26,.346,32,41,.780,9,33,42,23,13,5,13,17,113,,,Team Totals,240,.565,.494,.317,.500,19.1,75.0,46.2,63.9,12.7,8.5,11.5,100.0,110.4,114.3,
https://www.basketball-reference.com/boxscores/201611010PHI.html,"7:00 PM, November 1, 2016",Philadelphia 76ers,Orlando Magic,101,103,ORL,,,Team Totals,240,42,93,.452,6,25,.240,13,17,.765,12,27,39,29,7,6,10,15,103,,,Team Totals,240,.513,.484,.269,.183,25.5,79.4,48.1,69.0,7.4,9.8,9.1,100.0,108.3,106.2,
https://www.basketball-reference.com/boxscores/201611010PHI.html,"7:00 PM, November 1, 2016",Philadelphia 76ers,Orlando Magic,101,103,PHI,,,Team Totals,240,40,81,.494,9,20,.450,12,16,.750,7,35,42,28,5,8,16,20,101,,,Team Totals,240,.574,.549,.247,.198,20.6,74.5,51.9,70.0,5.3,11.8,15.4,100.0,106.2,108.3,
https://www.basketball-reference.com/boxscores/201611010POR.html,"10:00 PM, November 1, 2016",Portland Trail Blazers,Golden State Warriors,104,127,GSW,,,Team Totals,240,50,89,.562,10,26,.385,17,23,.739,7,38,45,36,14,4,16,19,127,,,Team Totals,240,.641,.618,.292,.258,21.2,86.4,58.4,72.0,13.3,8.5,13.9,100.0,120.6,98.8,
https://www.basketball-reference.com/boxscores/201611010POR.html,"10:00 PM, November 1, 2016",Portland Trail Blazers,Golden State Warriors,104,127,POR,,,Team Totals,240,37,86,.430,14,39,.359,16,21,.762,6,26,32,23,12,4,18,17,104,,,Team Totals,240,.546,.512,.453,.244,13.6,78.8,41.6,62.2,11.4,6.3,15.9,100.0,98.8,120.6,
https://www.basketball-reference.com/boxscores/201611010SAS.html,"8:30 PM, November 1, 2016",San Antonio Spurs,Utah Jazz,91,106,UTA,,,Team Totals,240,38,76,.500,15,31,.484,15,18,.833,2,37,39,22,5,8,11,20,106,,,Team Totals,240,.632,.599,.408,.237,6.3,90.2,53.4,57.9,5.5,14.3,11.6,100.0,116.8,100.2,
https://www.basketball-reference.com/boxscores/201611010SAS.html,"8:30 PM, November 1, 2016",San Antonio Spurs,Utah Jazz,91,106,SAS,,,Team Totals,240,33,76,.434,6,20,.300,19,21,.905,4,30,34,19,6,5,10,15,91,,,Team Totals,240,.534,.474,.263,.276,9.8,93.8,46.6,57.6,6.6,11.1,10.5,100.0,100.2,116.8,
https://www.basketball-reference.com/boxscores/201611020ATL.html,"7:30 PM, November 2, 2016",Atlanta Hawks,Los Angeles Lakers,116,123,LAL,,,Team Totals,240,48,90,.533,9,22,.409,18,20,.900,11,31,42,24,11,9,15,25,123,,,Team Totals,240,.622,.583,.244,.222,28.9,75.6,53.2,50.0,10.8,17.0,13.2,100.0,121.1,114.2,
https://www.basketball-reference.com/boxscores/201611020ATL.html,"7:30 PM, November 2, 2016",Atlanta Hawks,Los Angeles Lakers,116,123,ATL,,,Team Totals,240,41,85,.482,11,32,.344,23,29,.793,10,27,37,30,10,1,18,19,116,,,Team Totals,240,.593,.547,.376,.341,24.4,71.1,46.8,73.2,9.8,1.5,15.5,100.0,114.2,121.1,
https://www.basketball-reference.com/boxscores/201611020BOS.html,"8:00 PM, November 2, 2016",Boston Celtics,Chicago Bulls,107,100,CHI,,,Team Totals,240,35,81,.432,7,20,.350,23,31,.742,15,34,49,21,7,7,19,19,100,,,Team Totals,240,.528,.475,.247,.383,34.1,77.3,55.7,60.0,7.4,12.7,16.7,100.0,105.1,112.5,
https://www.basketball-reference.com/boxscores/201611020BOS.html,"8:00 PM, November 2, 2016",Boston Celtics,Chicago Bulls,107,100,BOS,,,Team Totals,240,41,87,.471,14,32,.438,11,17,.647,10,29,39,28,10,4,12,24,107,,,Team Totals,240,.566,.552,.368,.195,22.7,65.9,44.3,68.3,10.5,6.6,11.3,100.0,112.5,105.1,
https://www.basketball-reference.com/boxscores/201611020BRK.html,"7:30 PM, November 2, 2016",Brooklyn Nets,Detroit Pistons,109,101,DET,,,Team Totals,240,37,88,.420,9,25,.360,18,21,.857,10,28,38,21,11,6,13,18,101,,,Team Totals,240,.519,.472,.284,.239,20.0,84.8,45.8,56.8,11.3,12.2,11.8,100.0,103.8,112.0,
https://www.basketball-reference.com/boxscores/201611020BRK.html,"7:30 PM, November 2, 2016",Brooklyn Nets,Detroit Pistons,109,101,BRK,,,Team Totals,240,41,76,.539,13,27,.481,14,17,.824,5,40,45,27,10,3,19,23,109,,,Team Totals,240,.653,.625,.355,.224,15.2,80.0,54.2,65.9,10.3,4.8,18.5,100.0,112.0,103.8,
https://www.basketball-reference.com/boxscores/201611020CHO.html,"7:00 PM, November 2, 2016",Charlotte Hornets,Philadelphia 76ers,109,93,PHI,,,Team Totals,240,34,86,.395,12,38,.316,13,15,.867,8,29,37,23,8,2,19,24,93,,,Team Totals,240,.502,.465,.442,.174,18.6,76.3,45.7,67.6,8.2,4.4,17.0,100.0,95.4,111.8,
https://www.basketball-reference.com/boxscores/201611020CHO.html,"7:00 PM, November 2, 2016",Charlotte Hornets,Philadelphia 76ers,109,93,CHO,,,Team Totals,240,39,79,.494,13,34,.382,18,26,.692,9,35,44,25,8,3,15,17,109,,,Team Totals,240,.603,.576,.430,.329,23.7,81.4,54.3,64.1,8.2,6.3,14.2,100.0,111.8,95.4,
https://www.basketball-reference.com/boxscores/201611020LAC.html,"10:30 PM, November 2, 2016",Los Angeles Clippers,Oklahoma City Thunder,83,85,OKC,,,Team Totals,240,34,84,.405,5,20,.250,12,20,.600,10,42,52,14,8,4,22,24,85,,,Team Totals,240,.458,.435,.238,.238,23.3,84.0,55.9,41.2,7.8,6.2,19.2,100.0,82.7,80.7,
https://www.basketball-reference.com/boxscores/201611020LAC.html,"10:30 PM, November 2, 2016",Los Angeles Clippers,Oklahoma City Thunder,83,85,LAC,,,Team Totals,240,34,87,.391,7,22,.318,8,18,.444,8,33,41,22,13,5,19,19,83,,,Team Totals,240,.437,.431,.253,.207,16.0,76.7,44.1,64.7,12.6,7.8,16.7,100.0,80.7,82.7,
https://www.basketball-reference.com/boxscores/201611020MEM.html,"8:00 PM, November 2, 2016",Memphis Grizzlies,New Orleans Pelicans,89,83,NOP,,,Team Totals,265,30,81,.370,11,34,.324,12,16,.750,5,38,43,17,8,9,22,26,83,,,Team Totals,265,.471,.438,.420,.198,11.4,74.5,45.3,56.7,7.7,13.4,20.0,100.0,79.6,85.3,
https://www.basketball-reference.com/boxscores/201611020MEM.html,"8:00 PM, November 2, 2016",Memphis Grizzlies,New Orleans Pelicans,89,83,MEM,,,Team Totals,265,33,94,.351,8,27,.296,15,20,.750,13,39,52,20,12,5,20,22,89,,,Team Totals,265,.433,.394,.287,.213,25.5,88.6,54.7,60.6,11.5,10.6,16.3,100.0,85.3,79.6,
https://www.basketball-reference.com/boxscores/201611020NYK.html,"7:30 PM, November 2, 2016",New York Knicks,Houston Rockets,99,118,HOU,,,Team Totals,240,42,89,.472,15,40,.375,19,27,.704,19,35,54,25,12,8,20,21,118,,,Team Totals,240,.585,.556,.449,.303,41.3,83.3,61.4,59.5,11.9,12.3,16.5,100.0,117.1,98.3,
https://www.basketball-reference.com/boxscores/201611020NYK.html,"7:30 PM, November 2, 2016",New York Knicks,Houston Rockets,99,118,NYK,,,Team Totals,240,37,85,.435,8,20,.400,17,25,.680,7,27,34,18,10,6,16,22,99,,,Team Totals,240,.516,.482,.235,.294,16.7,58.7,38.6,48.6,9.9,12.2,14.3,100.0,98.3,117.1,
https://www.basketball-reference.com/boxscores/201611020PHO.html,"10:00 PM, November 2, 2016",Phoenix Suns,Portland Trail Blazers,118,115,POR,,,Team Totals,265,42,101,.416,12,33,.364,19,21,.905,10,43,53,25,8,8,15,23,115,,,Team Totals,265,.522,.475,.327,.208,18.2,75.4,47.3,59.5,7.1,9.2,12.0,100.0,102.5,105.2,
https://www.basketball-reference.com/boxscores/201611020PHO.html,"10:00 PM, November 2, 2016",Phoenix Suns,Portland Trail Blazers,118,115,PHO,,,Team Totals,265,44,103,.427,5,16,.313,25,30,.833,14,45,59,15,10,5,12,20,118,,,Team Totals,265,.508,.451,.155,.291,24.6,81.8,52.7,34.1,8.9,7.4,9.4,100.0,105.2,102.5,
https://www.basketball-reference.com/boxscores/201611020UTA.html,"9:00 PM, November 2, 2016",Utah Jazz,Dallas Mavericks,97,81,DAL,,,Team Totals,240,33,77,.429,7,26,.269,8,10,.800,6,30,36,18,4,4,13,20,81,,,Team Totals,240,.498,.474,.338,.130,15.0,81.1,46.8,54.5,4.5,7.7,13.8,100.0,91.1,109.1,
https://www.basketball-reference.com/boxscores/201611020UTA.html,"9:00 PM, November 2, 2016",Utah Jazz,Dallas Mavericks,97,81,UTA,,,Team Totals,240,35,77,.455,12,25,.480,15,26,.577,7,34,41,18,6,3,12,21,97,,,Team Totals,240,.548,.532,.325,.338,18.9,85.0,53.2,51.4,6.7,5.9,11.9,100.0,109.1,91.1,
https://www.basketball-reference.com/boxscores/201611020WAS.html,"7:00 PM, November 2, 2016",Washington Wizards,Toronto Raptors,103,113,TOR,,,Team Totals,240,43,77,.558,10,25,.400,17,25,.680,4,27,31,21,16,2,13,24,113,,,Team Totals,240,.642,.623,.325,.325,11.8,81.8,46.3,48.8,16.6,3.2,12.9,100.0,117.4,107.0,
https://www.basketball-reference.com/boxscores/201611020WAS.html,"7:00 PM, November 2, 2016",Washington Wizards,Toronto Raptors,103,113,WAS,,,Team Totals,240,42,72,.583,3,10,.300,16,24,.667,6,30,36,21,8,5,21,20,103,,,Team Totals,240,.624,.604,.139,.333,18.2,88.2,53.7,50.0,8.3,9.6,20.3,100.0,107.0,117.4,
https://www.basketball-reference.com/boxscores/201611030CLE.html,"8:00 PM, November 3, 2016",Cleveland Cavaliers,Boston Celtics,128,122,BOS,,,Team Totals,240,46,96,.479,11,32,.344,19,22,.864,10,29,39,25,4,6,8,28,122,,,Team Totals,240,.577,.536,.333,.229,22.2,80.6,48.1,54.3,4.0,12.0,7.0,100.0,122.8,128.8,
https://www.basketball-reference.com/boxscores/201611030CLE.html,"8:00 PM, November 3, 2016",Cleveland Cavaliers,Boston Celtics,128,122,CLE,,,Team Totals,240,41,84,.488,14,34,.412,32,37,.865,7,35,42,24,6,6,8,19,128,,,Team Totals,240,.638,.571,.405,.440,19.4,77.8,51.9,58.5,6.0,9.4,7.4,100.0,128.8,122.8,
https://www.basketball-reference.com/boxscores/201611030GSW.html,"10:30 PM, November 3, 2016",Golden State Warriors,Oklahoma City Thunder,122,96,OKC,,,Team Totals,240,35,87,.402,10,27,.370,16,28,.571,13,28,41,20,8,6,16,20,96,,,Team Totals,240,.483,.460,.310,.322,29.5,65.1,47.1,57.1,8.2,10.2,13.9,100.0,98.6,125.3,
https://www.basketball-reference.com/boxscores/201611030GSW.html,"10:30 PM, November 3, 2016",Golden State Warriors,Oklahoma City Thunder,122,96,GSW,,,Team Totals,240,46,89,.517,14,30,.467,16,20,.800,15,31,46,27,9,14,16,18,122,,,Team Totals,240,.624,.596,.337,.225,34.9,70.5,52.9,58.7,9.2,23.3,14.1,100.0,125.3,98.6,
https://www.basketball-reference.com/boxscores/201611030MIL.html,"8:00 PM, November 3, 2016",Milwaukee Bucks,Indiana Pacers,125,107,IND,,,Team Totals,240,38,81,.469,10,23,.435,21,27,.778,10,22,32,29,14,4,21,23,107,,,Team Totals,240,.576,.531,.284,.333,25.6,64.7,43.8,76.3,14.0,7.3,18.4,100.0,106.8,124.8,
https://www.basketball-reference.com/boxscores/201611030MIL.html,"8:00 PM, November 3, 2016",Milwaukee Bucks,Indiana Pacers,125,107,MIL,,,Team Totals,240,47,82,.573,12,27,.444,19,24,.792,12,29,41,32,10,6,21,23,125,,,Team Totals,240,.675,.646,.329,.293,35.3,74.4,56.2,68.1,10.0,10.3,18.5,100.0,124.8,106.8,
https://www.basketball-reference.com/boxscores/201611030MIN.html,"8:00 PM, November 3, 2016",Minnesota Timberwolves,Denver Nuggets,99,102,DEN,,,Team Totals,240,39,81,.481,6,22,.273,18,25,.720,7,37,44,24,10,2,22,24,102,,,Team Totals,240,.554,.519,.272,.309,19.4,72.5,50.6,61.5,9.9,3.0,19.3,100.0,100.6,97.7,
https://www.basketball-reference.com/boxscores/201611030MIN.html,"8:00 PM, November 3, 2016",Minnesota Timberwolves,Denver Nuggets,99,102,MIN,,,Team Totals,240,35,88,.398,9,22,.409,20,25,.800,14,29,43,20,8,4,16,22,99,,,Team Totals,240,.500,.449,.250,.284,27.5,80.6,49.4,57.1,7.9,6.8,13.9,100.0,97.7,100.6,
https://www.basketball-reference.com/boxscores/201611030ORL.html,"7:00 PM, November 3, 2016",Orlando Magic,Sacramento Kings,102,94,SAC,,,Team Totals,240,38,80,.475,7,18,.389,11,17,.647,11,28,39,17,8,1,14,23,94,,,Team Totals,240,.537,.519,.225,.213,26.2,68.3,47.0,44.7,8.9,1.9,13.8,100.0,104.1,112.9,
https://www.basketball-reference.com/boxscores/201611030ORL.html,"7:00 PM, November 3, 2016",Orlando Magic,Sacramento Kings,102,94,ORL,,,Team Totals,240,38,84,.452,10,30,.333,16,23,.696,13,31,44,24,5,4,14,14,102,,,Team Totals,240,.542,.512,.357,.274,31.7,73.8,53.0,63.2,5.5,6.5,12.9,100.0,112.9,104.1,
https://www.basketball-reference.com/boxscores/201611040BRK.html,"7:30 PM, November 4, 2016",Brooklyn Nets,Charlotte Hornets,95,99,CHO,,,Team Totals,240,36,86,.419,10,30,.333,17,24,.708,7,42,49,24,7,3,16,18,99,,,Team Totals,240,.513,.477,.349,.279,15.2,85.7,51.6,66.7,6.8,5.9,14.2,100.0,95.7,91.8,
https://www.basketball-reference.com/boxscores/201611040BRK.html,"7:30 PM, November 4, 2016",Brooklyn Nets,Charlotte Hornets,95,99,BRK,,,Team Totals,240,35,87,.402,9,36,.250,16,21,.762,7,39,46,20,12,4,16,22,95,,,Team Totals,240,.494,.454,.414,.241,14.3,84.8,48.4,57.1,11.6,7.1,14.3,100.0,91.8,95.7,
https://www.basketball-reference.com/boxscores/201611040CHI.html,"8:00 PM, November 4, 2016",Chicago Bulls,New York Knicks,104,117,NYK,,,Team Totals,240,46,89,.517,9,21,.429,16,21,.762,11,29,40,32,7,2,5,23,117,,,Team Totals,240,.595,.567,.236,.236,28.9,65.9,48.8,69.6,7.8,3.3,4.8,100.0,130.2,115.7,
https://www.basketball-reference.com/boxscores/201611040CHI.html,"8:00 PM, November 4, 2016",Chicago Bulls,New York Knicks,104,117,CHI,,,Team Totals,240,37,84,.440,8,23,.348,22,27,.815,15,27,42,15,4,4,13,16,104,,,Team Totals,240,.542,.488,.274,.321,34.1,71.1,51.2,40.5,4.5,5.9,11.9,100.0,115.7,130.2,
https://www.basketball-reference.com/boxscores/201611040DAL.html,"8:30 PM, November 4, 2016",Dallas Mavericks,Portland Trail Blazers,95,105,POR,,,Team Totals,240,36,80,.450,12,31,.387,21,26,.808,7,35,42,21,9,3,14,20,105,,,Team Totals,240,.574,.525,.388,.325,15.9,83.3,48.8,58.3,9.4,5.5,13.3,100.0,109.3,98.9,
https://www.basketball-reference.com/boxscores/201611040DAL.html,"8:30 PM, November 4, 2016",Dallas Mavericks,Portland Trail Blazers,95,105,DAL,,,Team Totals,240,34,83,.410,10,28,.357,17,20,.850,7,37,44,18,5,3,13,21,95,,,Team Totals,240,.517,.470,.337,.241,16.7,84.1,51.2,52.9,5.2,6.1,12.4,100.0,98.9,109.3,
https://www.basketball-reference.com/boxscores/201611040LAL.html,"10:30 PM, November 4, 2016",Los Angeles Lakers,Golden State Warriors,117,97,GSW,,,Team Totals,240,39,86,.453,5,32,.156,14,20,.700,9,31,40,26,13,3,20,13,97,,,Team Totals,240,.512,.483,.372,.233,20.5,66.0,44.0,66.7,12.7,4.6,17.4,100.0,94.7,114.2,
https://www.basketball-reference.com/boxscores/201611040LAL.html,"10:30 PM, November 4, 2016",Los Angeles Lakers,Golden State Warriors,117,97,LAL,,,Team Totals,240,45,95,.474,8,30,.267,19,21,.905,16,35,51,26,9,5,16,19,117,,,Team Totals,240,.561,.516,.316,.221,34.0,79.5,56.0,57.8,8.8,9.3,13.3,100.0,114.2,94.7,
https://www.basketball-reference.com/boxscores/201611040MEM.html,"8:00 PM, November 4, 2016",Memphis Grizzlies,Los Angeles Clippers,88,99,LAC,,,Team Totals,240,32,85,.376,8,27,.296,27,33,.818,11,36,47,19,17,6,12,23,99,,,Team Totals,240,.497,.424,.318,.388,23.9,73.5,49.5,59.4,17.6,10.3,10.8,100.0,102.4,91.0,
https://www.basketball-reference.com/boxscores/201611040MEM.html,"8:00 PM, November 4, 2016",Memphis Grizzlies,Los Angeles Clippers,88,99,MEM,,,Team Totals,240,31,84,.369,9,26,.346,17,22,.773,13,35,48,26,4,9,19,28,88,,,Team Totals,240,.470,.423,.310,.262,26.5,76.1,50.5,83.9,4.1,15.5,16.9,100.0,91.0,102.4,
https://www.basketball-reference.com/boxscores/201611040NOP.html,"8:00 PM, November 4, 2016",New Orleans Pelicans,Phoenix Suns,111,112,PHO,,,Team Totals,265,40,93,.430,8,24,.333,24,28,.857,12,47,59,18,7,2,16,27,112,,,Team Totals,265,.532,.473,.258,.301,24.5,88.7,57.8,45.0,6.5,3.1,13.2,100.0,104.5,103.6,
https://www.basketball-reference.com/boxscores/201611040NOP.html,"8:00 PM, November 4, 2016",New Orleans Pelicans,Phoenix Suns,111,112,NOP,,,Team Totals,265,43,94,.457,10,30,.333,15,28,.536,6,37,43,28,7,13,9,21,111,,,Team Totals,265,.522,.511,.319,.298,11.3,75.5,42.2,65.1,6.5,18.8,7.8,100.0,103.6,104.5,
https://www.basketball-reference.com/boxscores/201611040TOR.html,"7:30 PM, November 4, 2016",Toronto Raptors,Miami Heat,96,87,MIA,,,Team Totals,240,34,88,.386,9,28,.321,10,15,.667,12,31,43,19,10,5,13,22,87,,,Team Totals,240,.460,.438,.318,.170,24.5,70.5,46.2,55.9,10.8,8.5,12.1,100.0,94.0,103.7,
https://www.basketball-reference.com/boxscores/201611040TOR.html,"7:30 PM, November 4, 2016",Toronto Raptors,Miami Heat,96,87,TOR,,,Team Totals,240,37,84,.440,6,25,.240,16,18,.889,13,37,50,14,7,5,16,16,96,,,Team Totals,240,.522,.476,.298,.214,29.5,75.5,53.8,37.8,7.6,8.3,14.8,100.0,103.7,94.0,
https://www.basketball-reference.com/boxscores/201611040UTA.html,"9:00 PM, November 4, 2016",Utah Jazz,San Antonio Spurs,86,100,SAS,,,Team Totals,240,37,83,.446,6,20,.300,20,22,.909,9,40,49,17,9,8,11,25,100,,,Team Totals,240,.539,.482,.241,.265,21.4,81.6,53.8,45.9,9.8,14.8,10.6,100.0,108.7,93.5,
https://www.basketball-reference.com/boxscores/201611040UTA.html,"9:00 PM, November 4, 2016",Utah Jazz,San Antonio Spurs,86,100,UTA,,,Team Totals,240,30,80,.375,11,26,.423,15,24,.625,9,33,42,15,7,4,12,19,86,,,Team Totals,240,.475,.444,.325,.300,18.4,78.6,46.2,50.0,7.6,6.3,11.7,100.0,93.5,108.7,
https://www.basketball-reference.com/boxscores/201611040WAS.html,"7:00 PM, November 4, 2016",Washington Wizards,Atlanta Hawks,95,92,ATL,,,Team Totals,240,32,83,.386,5,25,.200,23,36,.639,10,37,47,22,12,3,18,24,92,,,Team Totals,240,.465,.416,.301,.434,22.2,77.1,50.5,68.8,11.7,5.0,15.4,100.0,90.1,93.0,
https://www.basketball-reference.com/boxscores/201611040WAS.html,"7:00 PM, November 4, 2016",Washington Wizards,Atlanta Hawks,95,92,WAS,,,Team Totals,240,31,80,.388,5,20,.250,28,35,.800,11,35,46,13,7,3,19,23,95,,,Team Totals,240,.498,.419,.250,.438,22.9,77.8,49.5,41.9,6.9,5.2,16.6,100.0,93.0,90.1,
https://www.basketball-reference.com/boxscores/201611050ATL.html,"7:30 PM, November 5, 2016",Atlanta Hawks,Houston Rockets,112,97,HOU,,,Team Totals,240,37,85,.435,12,36,.333,11,13,.846,12,31,43,22,9,7,26,26,97,,,Team Totals,240,.535,.506,.424,.153,27.9,70.5,49.4,59.5,8.8,10.8,22.3,100.0,95.2,109.9,
https://www.basketball-reference.com/boxscores/201611050ATL.html,"7:30 PM, November 5, 2016",Atlanta Hawks,Houston Rockets,112,97,ATL,,,Team Totals,240,45,85,.529,8,20,.400,14,24,.583,13,31,44,29,17,6,20,13,112,,,Team Totals,240,.586,.576,.235,.282,29.5,72.1,50.6,64.4,16.7,12.2,17.3,100.0,109.9,95.2,
https://www.basketball-reference.com/boxscores/201611050DET.html,"7:00 PM, November 5, 2016",Detroit Pistons,Denver Nuggets,103,86,DEN,,,Team Totals,240,31,94,.330,7,25,.280,17,20,.850,16,32,48,15,8,2,16,15,86,,,Team Totals,240,.418,.367,.266,.213,29.6,78.0,50.5,48.4,8.2,3.1,13.5,100.0,88.4,105.9,
https://www.basketball-reference.com/boxscores/201611050DET.html,"7:00 PM, November 5, 2016",Detroit Pistons,Denver Nuggets,103,86,DET,,,Team Totals,240,40,84,.476,7,20,.350,16,22,.727,9,38,47,22,9,9,14,16,103,,,Team Totals,240,.550,.518,.238,.262,22.0,70.4,49.5,55.0,9.3,13.0,13.0,100.0,105.9,88.4,
https://www.basketball-reference.com/boxscores/201611050IND.html,"7:00 PM, November 5, 2016",Indiana Pacers,Chicago Bulls,111,94,CHI,,,Team Totals,240,34,79,.430,6,18,.333,20,25,.800,13,27,40,17,8,5,18,13,94,,,Team Totals,240,.522,.468,.228,.316,31.7,77.1,52.6,50.0,8.7,8.3,16.7,100.0,101.8,120.2,
https://www.basketball-reference.com/boxscores/201611050IND.html,"7:00 PM, November 5, 2016",Indiana Pacers,Chicago Bulls,111,94,IND,,,Team Totals,240,46,86,.535,12,26,.462,7,12,.583,8,28,36,27,8,9,12,20,111,,,Team Totals,240,.608,.605,.302,.140,22.9,68.3,47.4,58.7,8.7,14.8,11.6,100.0,120.2,101.8,
https://www.basketball-reference.com/boxscores/201611050MIL.html,"8:00 PM, November 5, 2016",Milwaukee Bucks,Sacramento Kings,117,91,SAC,,,Team Totals,240,33,84,.393,10,28,.357,15,19,.789,13,23,36,27,8,3,15,19,91,,,Team Totals,240,.493,.452,.333,.226,26.5,57.5,40.4,81.8,8.8,6.1,14.0,100.0,99.7,128.2,
https://www.basketball-reference.com/boxscores/201611050MIL.html,"8:00 PM, November 5, 2016",Milwaukee Bucks,Sacramento Kings,117,91,MIL,,,Team Totals,240,41,82,.500,14,33,.424,21,25,.840,17,36,53,28,12,10,17,22,117,,,Team Totals,240,.629,.585,.402,.305,42.5,73.5,59.6,68.3,13.2,17.9,15.5,100.0,128.2,99.7,
https://www.basketball-reference.com/boxscores/201611050OKC.html,"6:00 PM, November 5, 2016",Oklahoma City Thunder,Minnesota Timberwolves,112,92,MIN,,,Team Totals,240,33,84,.393,4,19,.211,22,29,.759,17,24,41,12,7,8,17,19,92,,,Team Totals,240,.475,.417,.226,.345,36.2,68.6,50.0,36.4,7.5,11.4,14.9,100.0,98.6,120.0,
https://www.basketball-reference.com/boxscores/201611050OKC.html,"6:00 PM, November 5, 2016",Oklahoma City Thunder,Minnesota Timberwolves,112,92,OKC,,,Team Totals,240,45,86,.523,7,16,.438,15,24,.625,11,30,41,24,9,9,12,21,112,,,Team Totals,240,.580,.564,.186,.279,31.4,63.8,50.0,53.3,9.6,13.8,11.1,100.0,120.0,98.6,
https://www.basketball-reference.com/boxscores/201611050ORL.html,"7:00 PM, November 5, 2016",Orlando Magic,Washington Wizards,88,86,WAS,,,Team Totals,240,34,86,.395,6,17,.353,12,17,.706,14,35,49,11,4,5,11,23,86,,,Team Totals,240,.460,.430,.198,.198,29.8,77.8,53.3,32.4,4.6,10.0,10.5,100.0,98.9,101.2,
https://www.basketball-reference.com/boxscores/201611050ORL.html,"7:00 PM, November 5, 2016",Orlando Magic,Washington Wizards,88,86,ORL,,,Team Totals,240,31,78,.397,9,28,.321,17,27,.630,10,33,43,21,4,6,9,16,88,,,Team Totals,240,.490,.455,.359,.346,22.2,70.2,46.7,67.7,4.6,8.7,9.1,100.0,101.2,98.9,
https://www.basketball-reference.com/boxscores/201611050PHI.html,"7:00 PM, November 5, 2016",Philadelphia 76ers,Cleveland Cavaliers,101,102,CLE,,,Team Totals,240,37,91,.407,14,38,.368,14,18,.778,11,38,49,23,10,5,16,15,102,,,Team Totals,240,.516,.484,.418,.198,21.6,88.4,52.1,62.2,9.8,10.2,13.9,100.0,99.7,98.7,
https://www.basketball-reference.com/boxscores/201611050PHI.html,"7:00 PM, November 5, 2016",Philadelphia 76ers,Cleveland Cavaliers,101,102,PHI,,,Team Totals,240,40,87,.460,14,38,.368,7,12,.583,5,40,45,21,9,9,17,23,101,,,Team Totals,240,.547,.540,.437,.138,11.6,78.4,47.9,52.5,8.8,17.0,15.6,100.0,98.7,99.7,
https://www.basketball-reference.com/boxscores/201611050SAS.html,"8:30 PM, November 5, 2016",San Antonio Spurs,Los Angeles Clippers,92,116,LAC,,,Team Totals,240,47,91,.516,9,23,.391,13,14,.929,7,34,41,24,8,6,9,19,116,,,Team Totals,240,.597,.566,.253,.154,17.5,82.9,50.6,51.1,8.5,12.2,8.5,100.0,123.2,97.7,
https://www.basketball-reference.com/boxscores/201611050SAS.html,"8:30 PM, November 5, 2016",San Antonio Spurs,Los Angeles Clippers,92,116,SAS,,,Team Totals,240,30,74,.405,10,25,.400,22,25,.880,7,33,40,19,5,5,15,18,92,,,Team Totals,240,.541,.473,.338,.338,17.1,82.5,49.4,63.3,5.3,7.4,15.0,100.0,97.7,123.2,
https://www.basketball-reference.com/boxscores/201611060BOS.html,"7:30 PM, November 6, 2016",Boston Celtics,Denver Nuggets,107,123,DEN,,,Team Totals,240,44,84,.524,11,23,.478,24,31,.774,9,38,47,21,7,6,18,23,123,,,Team Totals,240,.630,.589,.274,.369,24.3,77.6,54.7,47.7,6.9,9.2,15.6,100.0,121.4,105.6,
https://www.basketball-reference.com/boxscores/201611060BOS.html,"7:30 PM, November 6, 2016",Boston Celtics,Denver Nuggets,107,123,BOS,,,Team Totals,240,41,90,.456,8,25,.320,17,21,.810,11,28,39,31,3,4,12,24,107,,,Team Totals,240,.539,.500,.278,.233,22.4,75.7,45.3,75.6,3.0,6.6,10.8,100.0,105.6,121.4,
https://www.basketball-reference.com/boxscores/201611060DAL.html,"7:00 PM, November 6, 2016",Dallas Mavericks,Milwaukee Bucks,86,75,MIL,,,Team Totals,265,30,82,.366,6,29,.207,9,12,.750,9,42,51,14,11,2,27,26,75,,,Team Totals,265,.430,.402,.354,.146,20.0,80.8,52.6,46.7,11.0,4.0,23.6,100.0,74.9,85.9,
https://www.basketball-reference.com/boxscores/201611060DAL.html,"7:00 PM, November 6, 2016",Dallas Mavericks,Milwaukee Bucks,86,75,DAL,,,Team Totals,265,33,88,.375,9,38,.237,11,12,.917,10,36,46,14,12,2,16,20,86,,,Team Totals,265,.461,.426,.432,.136,19.2,80.0,47.4,42.4,12.0,3.8,14.6,100.0,85.9,74.9,
https://www.basketball-reference.com/boxscores/201611060LAL.html,"9:30 PM, November 6, 2016",Los Angeles Lakers,Phoenix Suns,119,108,PHO,,,Team Totals,240,40,91,.440,6,20,.300,22,28,.786,11,29,40,20,8,2,18,30,108,,,Team Totals,240,.523,.473,.220,.308,22.4,65.9,43.0,50.0,7.5,3.0,14.8,100.0,101.4,111.7,
https://www.basketball-reference.com/boxscores/201611060LAL.html,"9:30 PM, November 6, 2016",Los Angeles Lakers,Phoenix Suns,119,108,LAL,,,Team Totals,240,41,90,.456,10,23,.435,27,35,.771,15,38,53,22,8,5,19,22,119,,,Team Totals,240,.565,.511,.256,.389,34.1,77.6,57.0,53.7,7.5,7.0,15.3,100.0,111.7,101.4,
https://www.basketball-reference.com/boxscores/201611060MEM.html,"3:30 PM, November 6, 2016",Memphis Grizzlies,Portland Trail Blazers,94,100,POR,,,Team Totals,240,32,71,.451,14,33,.424,22,27,.815,5,32,37,19,7,5,15,25,100,,,Team Totals,240,.603,.549,.465,.380,13.5,72.7,45.7,59.4,7.6,9.1,15.3,100.0,109.1,102.5,
https://www.basketball-reference.com/boxscores/201611060MEM.html,"3:30 PM, November 6, 2016",Memphis Grizzlies,Portland Trail Blazers,94,100,MEM,,,Team Totals,240,31,81,.383,6,26,.231,26,32,.813,12,32,44,15,9,5,13,20,94,,,Team Totals,240,.494,.420,.321,.395,27.3,86.5,54.3,48.4,9.8,13.2,12.0,100.0,102.5,109.1,
https://www.basketball-reference.com/boxscores/201611060NYK.html,"12:00 PM, November 6, 2016",New York Knicks,Utah Jazz,109,114,UTA,,,Team Totals,240,38,75,.507,8,25,.320,30,35,.857,7,27,34,21,6,4,11,19,114,,,Team Totals,240,.631,.560,.333,.467,19.4,73.0,46.6,55.3,6.5,6.3,10.8,100.0,123.9,118.4,
https://www.basketball-reference.com/boxscores/201611060NYK.html,"12:00 PM, November 6, 2016",New York Knicks,Utah Jazz,109,114,NYK,,,Team Totals,240,42,83,.506,8,20,.400,17,19,.895,10,29,39,18,8,5,13,26,109,,,Team Totals,240,.597,.554,.241,.229,27.0,80.6,53.4,42.9,8.7,10.0,12.5,100.0,118.4,123.9,
https://www.basketball-reference.com/boxscores/201611060TOR.html,"6:00 PM, November 6, 2016",Toronto Raptors,Sacramento Kings,91,96,SAC,,,Team Totals,240,34,78,.436,5,16,.313,23,31,.742,13,34,47,21,4,5,11,22,96,,,Team Totals,240,.524,.468,.205,.397,30.2,72.3,52.2,61.8,4.6,9.3,10.7,100.0,110.6,104.8,
https://www.basketball-reference.com/boxscores/201611060TOR.html,"6:00 PM, November 6, 2016",Toronto Raptors,Sacramento Kings,91,96,TOR,,,Team Totals,240,30,84,.357,7,30,.233,24,31,.774,13,30,43,22,6,5,6,26,91,,,Team Totals,240,.466,.399,.357,.369,27.7,69.8,47.8,73.3,6.9,8.1,5.8,100.0,104.8,110.6,
https://www.basketball-reference.com/boxscores/201611070CHI.html,"8:00 PM, November 7, 2016",Chicago Bulls,Orlando Magic,112,80,ORL,,,Team Totals,240,33,85,.388,9,30,.300,5,6,.833,6,33,39,28,6,6,15,23,80,,,Team Totals,240,.456,.441,.353,.071,12.8,68.8,41.1,84.8,6.3,8.6,14.6,100.0,84.2,117.9,
https://www.basketball-reference.com/boxscores/201611070CHI.html,"8:00 PM, November 7, 2016",Chicago Bulls,Orlando Magic,112,80,CHI,,,Team Totals,240,42,89,.472,3,19,.158,25,31,.806,15,41,56,26,7,4,9,11,112,,,Team Totals,240,.546,.489,.213,.348,31.3,87.2,58.9,61.9,7.4,7.3,8.1,100.0,117.9,84.2,
https://www.basketball-reference.com/boxscores/201611070CHO.html,"7:00 PM, November 7, 2016",Charlotte Hornets,Indiana Pacers,122,100,IND,,,Team Totals,240,40,94,.426,9,33,.273,11,15,.733,12,40,52,23,8,4,18,25,100,,,Team Totals,240,.497,.473,.351,.160,23.1,93.0,54.7,57.5,7.6,7.7,15.2,100.0,95.1,116.0,
https://www.basketball-reference.com/boxscores/201611070CHO.html,"7:00 PM, November 7, 2016",Charlotte Hornets,Indiana Pacers,122,100,CHO,,,Team Totals,240,41,84,.488,12,32,.375,28,32,.875,3,40,43,30,12,4,12,15,122,,,Team Totals,240,.622,.560,.381,.381,7.0,76.9,45.3,73.2,11.4,6.6,10.9,100.0,116.0,95.1,
https://www.basketball-reference.com/boxscores/201611070GSW.html,"10:30 PM, November 7, 2016",Golden State Warriors,New Orleans Pelicans,116,106,NOP,,,Team Totals,240,39,80,.488,7,21,.333,21,27,.778,11,32,43,26,8,1,20,16,106,,,Team Totals,240,.577,.531,.263,.338,28.2,76.2,53.1,66.7,8.1,1.8,17.9,100.0,107.7,117.9,
https://www.basketball-reference.com/boxscores/201611070GSW.html,"10:30 PM, November 7, 2016",Golden State Warriors,New Orleans Pelicans,116,106,GSW,,,Team Totals,240,45,90,.500,16,35,.457,10,12,.833,10,28,38,35,14,4,15,17,116,,,Team Totals,240,.609,.589,.389,.133,23.8,71.8,46.9,77.8,14.2,6.8,13.6,100.0,117.9,107.7,
https://www.basketball-reference.com/boxscores/201611070LAC.html,"10:30 PM, November 7, 2016",Los Angeles Clippers,Detroit Pistons,114,82,DET,,,Team Totals,240,30,82,.366,4,12,.333,18,26,.692,11,28,39,14,5,2,11,19,82,,,Team Totals,240,.439,.390,.146,.317,20.0,93.3,45.9,46.7,5.4,3.9,10.5,100.0,87.9,122.2,
https://www.basketball-reference.com/boxscores/201611070LAC.html,"10:30 PM, November 7, 2016",Los Angeles Clippers,Detroit Pistons,114,82,LAC,,,Team Totals,240,41,76,.539,13,25,.520,19,22,.864,2,44,46,28,8,7,12,20,114,,,Team Totals,240,.665,.625,.329,.289,6.7,80.0,54.1,68.3,8.6,10.0,12.3,100.0,122.2,87.9,
https://www.basketball-reference.com/boxscores/201611070OKC.html,"8:00 PM, November 7, 2016",Oklahoma City Thunder,Miami Heat,97,85,MIA,,,Team Totals,240,31,84,.369,4,17,.235,19,22,.864,12,29,41,12,8,7,12,16,85,,,Team Totals,240,.454,.393,.202,.262,24.5,74.4,46.6,38.7,8.5,12.3,11.4,100.0,90.6,103.4,
https://www.basketball-reference.com/boxscores/201611070OKC.html,"8:00 PM, November 7, 2016",Oklahoma City Thunder,Miami Heat,97,85,OKC,,,Team Totals,240,37,85,.435,9,28,.321,14,17,.824,10,37,47,24,8,5,18,18,97,,,Team Totals,240,.524,.488,.329,.200,25.6,75.5,53.4,64.9,8.5,7.5,16.3,100.0,103.4,90.6,
https://www.basketball-reference.com/boxscores/201611070PHI.html,"7:00 PM, November 7, 2016",Philadelphia 76ers,Utah Jazz,84,109,UTA,,,Team Totals,240,43,85,.506,11,19,.579,12,20,.600,10,35,45,20,10,11,10,22,109,,,Team Totals,240,.581,.571,.224,.235,23.3,79.5,51.7,46.5,10.7,19.6,9.6,100.0,117.0,90.2,
https://www.basketball-reference.com/boxscores/201611070PHI.html,"7:00 PM, November 7, 2016",Philadelphia 76ers,Utah Jazz,84,109,PHI,,,Team Totals,240,31,77,.403,7,21,.333,15,22,.682,9,33,42,16,5,2,18,19,84,,,Team Totals,240,.485,.448,.273,.286,20.5,76.7,48.3,51.6,5.4,3.0,17.2,100.0,90.2,117.0,
https://www.basketball-reference.com/boxscores/201611070WAS.html,"7:00 PM, November 7, 2016",Washington Wizards,Houston Rockets,106,114,HOU,,,Team Totals,240,41,79,.519,17,37,.459,15,18,.833,6,31,37,28,6,7,18,18,114,,,Team Totals,240,.656,.627,.468,.228,17.1,66.0,45.1,68.3,6.1,10.4,17.2,100.0,116.8,108.6,
https://www.basketball-reference.com/boxscores/201611070WAS.html,"7:00 PM, November 7, 2016",Washington Wizards,Houston Rockets,106,114,WAS,,,Team Totals,240,39,94,.415,10,27,.370,18,20,.900,16,29,45,20,12,5,16,16,106,,,Team Totals,240,.516,.468,.287,.213,34.0,82.9,54.9,51.3,12.3,11.9,13.5,100.0,108.6,116.8,
https://www.basketball-reference.com/boxscores/201611080BRK.html,"7:30 PM, November 8, 2016",Brooklyn Nets,Minnesota Timberwolves,119,110,MIN,,,Team Totals,240,39,92,.424,12,28,.429,20,28,.714,15,26,41,20,11,3,17,21,110,,,Team Totals,240,.527,.489,.304,.304,28.3,83.9,48.8,51.3,10.7,7.0,14.0,100.0,107.0,115.7,
https://www.basketball-reference.com/boxscores/201611080BRK.html,"7:30 PM, November 8, 2016",Brooklyn Nets,Minnesota Timberwolves,119,110,BRK,,,Team Totals,240,42,76,.553,12,33,.364,23,26,.885,5,38,43,20,5,5,21,19,119,,,Team Totals,240,.680,.632,.434,.342,16.1,71.7,51.2,47.6,4.9,7.8,19.4,100.0,115.7,107.0,
https://www.basketball-reference.com/boxscores/201611080CLE.html,"7:00 PM, November 8, 2016",Cleveland Cavaliers,Atlanta Hawks,106,110,ATL,,,Team Totals,240,41,81,.506,11,29,.379,17,24,.708,11,39,50,22,1,4,19,21,110,,,Team Totals,240,.601,.574,.358,.296,29.7,75.0,56.2,53.7,1.0,7.0,17.2,100.0,112.7,108.6,
https://www.basketball-reference.com/boxscores/201611080CLE.html,"7:00 PM, November 8, 2016",Cleveland Cavaliers,Atlanta Hawks,106,110,CLE,,,Team Totals,240,37,99,.374,11,42,.262,21,25,.840,13,26,39,21,12,1,6,20,106,,,Team Totals,240,.482,.429,.424,.253,25.0,70.3,43.8,56.8,12.3,1.9,5.2,100.0,108.6,112.7,
https://www.basketball-reference.com/boxscores/201611080LAL.html,"10:30 PM, November 8, 2016",Los Angeles Lakers,Dallas Mavericks,97,109,DAL,,,Team Totals,240,43,82,.524,10,23,.435,13,15,.867,8,29,37,24,11,4,11,12,109,,,Team Totals,240,.615,.585,.280,.183,21.6,78.4,50.0,55.8,12.1,7.7,11.0,100.0,120.2,107.0,
https://www.basketball-reference.com/boxscores/201611080LAL.html,"10:30 PM, November 8, 2016",Los Angeles Lakers,Dallas Mavericks,97,109,LAL,,,Team Totals,240,38,78,.487,10,26,.385,11,14,.786,8,29,37,20,6,1,17,19,97,,,Team Totals,240,.576,.551,.333,.179,21.6,78.4,50.0,52.6,6.6,1.7,16.8,100.0,107.0,120.2,
https://www.basketball-reference.com/boxscores/201611080MEM.html,"8:00 PM, November 8, 2016",Memphis Grizzlies,Denver Nuggets,108,107,DEN,,,Team Totals,240,35,70,.500,10,24,.417,27,34,.794,6,33,39,24,6,4,22,23,107,,,Team Totals,240,.630,.571,.343,.486,20.0,80.5,54.9,68.6,6.1,6.5,20.6,100.0,108.7,109.7,
https://www.basketball-reference.com/boxscores/201611080MEM.html,"8:00 PM, November 8, 2016",Memphis Grizzlies,Denver Nuggets,108,107,MEM,,,Team Totals,240,44,86,.512,7,24,.292,13,19,.684,8,24,32,29,14,5,14,30,108,,,Team Totals,240,.572,.552,.279,.221,19.5,80.0,45.1,65.9,14.2,10.9,12.9,100.0,109.7,108.7,
https://www.basketball-reference.com/boxscores/201611080POR.html,"10:00 PM, November 8, 2016",Portland Trail Blazers,Phoenix Suns,124,121,PHO,,,Team Totals,240,43,86,.500,7,21,.333,28,33,.848,15,26,41,18,10,2,16,27,121,,,Team Totals,240,.602,.541,.244,.384,34.9,78.8,53.9,41.9,9.8,4.0,13.7,100.0,119.1,122.1,
https://www.basketball-reference.com/boxscores/201611080POR.html,"10:00 PM, November 8, 2016",Portland Trail Blazers,Phoenix Suns,124,121,POR,,,Team Totals,240,45,81,.556,14,31,.452,20,28,.714,7,28,35,22,5,4,20,27,124,,,Team Totals,240,.664,.642,.383,.346,21.2,65.1,46.1,48.9,4.9,6.2,17.6,100.0,122.1,119.1,
https://www.basketball-reference.com/boxscores/201611080SAC.html,"10:30 PM, November 8, 2016",Sacramento Kings,New Orleans Pelicans,102,94,NOP,,,Team Totals,240,38,84,.452,5,21,.238,13,18,.722,7,33,40,23,5,9,11,23,94,,,Team Totals,240,.511,.482,.250,.214,17.1,86.8,50.6,60.5,5.4,16.1,10.7,100.0,100.6,109.2,
https://www.basketball-reference.com/boxscores/201611080SAC.html,"10:30 PM, November 8, 2016",Sacramento Kings,New Orleans Pelicans,102,94,SAC,,,Team Totals,240,39,81,.481,8,25,.320,16,20,.800,5,34,39,24,7,5,10,21,102,,,Team Totals,240,.568,.531,.309,.247,13.2,82.9,49.4,61.5,7.5,7.9,10.0,100.0,109.2,100.6,
https://www.basketball-reference.com/boxscores/201611090ATL.html,"7:30 PM, November 9, 2016",Atlanta Hawks,Chicago Bulls,115,107,CHI,,,Team Totals,240,41,91,.451,9,27,.333,16,21,.762,8,23,31,24,14,3,14,21,107,,,Team Totals,240,.534,.500,.297,.231,18.6,63.9,39.2,58.5,13.7,4.8,12.3,100.0,104.7,112.5,
https://www.basketball-reference.com/boxscores/201611090ATL.html,"7:30 PM, November 9, 2016",Atlanta Hawks,Chicago Bulls,115,107,ATL,,,Team Totals,240,42,83,.506,9,20,.450,22,27,.815,13,35,48,24,8,7,23,20,115,,,Team Totals,240,.606,.560,.241,.325,36.1,81.4,60.8,57.1,7.8,10.9,19.5,100.0,112.5,104.7,
https://www.basketball-reference.com/boxscores/201611090CHO.html,"7:00 PM, November 9, 2016",Charlotte Hornets,Utah Jazz,104,98,UTA,,,Team Totals,240,38,82,.463,8,34,.235,14,18,.778,10,36,46,24,5,6,14,22,98,,,Team Totals,240,.545,.512,.415,.220,23.8,87.8,55.4,63.2,5.3,10.7,13.5,100.0,103.8,110.1,
https://www.basketball-reference.com/boxscores/201611090CHO.html,"7:00 PM, November 9, 2016",Charlotte Hornets,Utah Jazz,104,98,CHO,,,Team Totals,240,38,82,.463,8,26,.308,20,29,.690,5,32,37,24,8,3,9,19,104,,,Team Totals,240,.549,.512,.317,.354,12.2,76.2,44.6,63.2,8.5,6.3,8.7,100.0,110.1,103.8,
https://www.basketball-reference.com/boxscores/201611090GSW.html,"10:30 PM, November 9, 2016",Golden State Warriors,Dallas Mavericks,116,95,DAL,,,Team Totals,240,34,86,.395,6,28,.214,21,28,.750,13,29,42,20,10,2,7,20,95,,,Team Totals,240,.483,.430,.326,.326,27.7,85.3,51.9,58.8,11.0,4.9,6.6,100.0,104.5,127.7,
https://www.basketball-reference.com/boxscores/201611090GSW.html,"10:30 PM, November 9, 2016",Golden State Warriors,Dallas Mavericks,116,95,GSW,,,Team Totals,240,43,74,.581,17,33,.515,13,22,.591,5,34,39,33,3,5,15,22,116,,,Team Totals,240,.693,.696,.446,.297,14.7,72.3,48.1,76.7,3.3,8.6,15.2,100.0,127.7,104.5,
https://www.basketball-reference.com/boxscores/201611090IND.html,"7:00 PM, November 9, 2016",Indiana Pacers,Philadelphia 76ers,122,115,PHI,,,Team Totals,265,46,95,.484,14,36,.389,9,19,.474,10,33,43,23,11,6,17,21,115,,,Team Totals,265,.556,.558,.379,.200,21.7,82.5,50.0,50.0,10.3,8.5,14.1,100.0,107.2,113.7,
https://www.basketball-reference.com/boxscores/201611090IND.html,"7:00 PM, November 9, 2016",Indiana Pacers,Philadelphia 76ers,122,115,IND,,,Team Totals,265,49,90,.544,9,19,.474,15,20,.750,7,36,43,25,9,6,16,17,122,,,Team Totals,265,.617,.594,.211,.222,17.5,78.3,50.0,51.0,8.4,10.2,13.9,100.0,113.7,107.2,
https://www.basketball-reference.com/boxscores/201611090LAC.html,"10:30 PM, November 9, 2016",Los Angeles Clippers,Portland Trail Blazers,111,80,POR,,,Team Totals,240,31,88,.352,6,30,.200,12,14,.857,11,36,47,16,4,3,14,23,80,,,Team Totals,240,.425,.386,.341,.159,21.2,72.0,46.1,51.6,4.3,5.5,12.9,100.0,85.5,118.6,
https://www.basketball-reference.com/boxscores/201611090LAC.html,"10:30 PM, November 9, 2016",Los Angeles Clippers,Portland Trail Blazers,111,80,LAC,,,Team Totals,240,38,87,.437,11,32,.344,24,33,.727,14,41,55,24,9,7,7,15,111,,,Team Totals,240,.547,.500,.368,.379,28.0,78.8,53.9,63.2,9.6,12.1,6.5,100.0,118.6,85.5,
https://www.basketball-reference.com/boxscores/201611090NYK.html,"7:00 PM, November 9, 2016",New York Knicks,Brooklyn Nets,110,96,BRK,,,Team Totals,240,33,79,.418,11,33,.333,19,27,.704,7,33,40,19,9,4,18,20,96,,,Team Totals,240,.528,.487,.418,.342,14.6,78.6,44.4,57.6,8.9,6.5,16.5,100.0,94.9,108.7,
https://www.basketball-reference.com/boxscores/201611090NYK.html,"7:00 PM, November 9, 2016",New York Knicks,Brooklyn Nets,110,96,NYK,,,Team Totals,240,44,92,.478,10,30,.333,12,17,.706,9,41,50,25,11,5,14,21,110,,,Team Totals,240,.553,.533,.326,.185,21.4,85.4,55.6,56.8,10.9,10.9,12.3,100.0,108.7,94.9,
https://www.basketball-reference.com/boxscores/201611090OKC.html,"8:00 PM, November 9, 2016",Oklahoma City Thunder,Toronto Raptors,102,112,TOR,,,Team Totals,240,43,83,.518,11,26,.423,15,22,.682,7,28,35,25,10,6,13,24,112,,,Team Totals,240,.604,.584,.313,.265,20.0,71.8,47.3,58.1,10.5,15.0,12.3,100.0,117.5,107.0,
https://www.basketball-reference.com/boxscores/201611090OKC.html,"8:00 PM, November 9, 2016",Oklahoma City Thunder,Toronto Raptors,102,112,OKC,,,Team Totals,240,31,74,.419,12,34,.353,28,31,.903,11,28,39,18,6,5,21,21,102,,,Team Totals,240,.582,.500,.459,.419,28.2,80.0,52.7,58.1,6.3,8.8,19.3,100.0,107.0,117.5,
https://www.basketball-reference.com/boxscores/201611090ORL.html,"7:00 PM, November 9, 2016",Orlando Magic,Minnesota Timberwolves,107,123,MIN,,,Team Totals,240,45,87,.517,13,23,.565,20,26,.769,10,35,45,27,8,5,7,23,123,,,Team Totals,240,.625,.592,.264,.299,27.0,74.5,53.6,60.0,8.6,8.2,6.6,100.0,132.7,115.4,
https://www.basketball-reference.com/boxscores/201611090ORL.html,"7:00 PM, November 9, 2016",Orlando Magic,Minnesota Timberwolves,107,123,ORL,,,Team Totals,240,38,85,.447,8,24,.333,23,30,.767,12,27,39,20,2,5,9,19,107,,,Team Totals,240,.545,.494,.282,.353,25.5,73.0,46.4,52.6,2.2,7.8,8.4,100.0,115.4,132.7,
https://www.basketball-reference.com/boxscores/201611090PHO.html,"9:00 PM, November 9, 2016",Phoenix Suns,Detroit Pistons,107,100,DET,,,Team Totals,240,32,89,.360,9,22,.409,27,32,.844,9,32,41,20,11,5,12,24,100,,,Team Totals,240,.485,.410,.247,.360,18.8,76.2,45.6,62.5,10.8,8.1,10.4,100.0,97.7,104.6,
https://www.basketball-reference.com/boxscores/201611090PHO.html,"9:00 PM, November 9, 2016",Phoenix Suns,Detroit Pistons,107,100,PHO,,,Team Totals,240,38,84,.452,8,22,.364,23,30,.767,10,39,49,20,7,6,18,20,107,,,Team Totals,240,.550,.500,.262,.357,23.8,81.3,54.4,52.6,6.8,9.0,15.6,100.0,104.6,97.7,
https://www.basketball-reference.com/boxscores/201611090SAS.html,"9:30 PM, November 9, 2016",San Antonio Spurs,Houston Rockets,99,101,HOU,,,Team Totals,240,37,78,.474,10,30,.333,17,22,.773,8,37,45,25,7,4,20,24,101,,,Team Totals,240,.576,.538,.385,.282,21.6,78.7,53.6,67.6,7.3,6.6,18.6,100.0,105.4,103.3,
https://www.basketball-reference.com/boxscores/201611090SAS.html,"9:30 PM, November 9, 2016",San Antonio Spurs,Houston Rockets,99,101,SAS,,,Team Totals,240,33,84,.393,7,23,.304,26,30,.867,10,29,39,22,14,5,10,15,99,,,Team Totals,240,.509,.435,.274,.357,21.3,78.4,46.4,66.7,14.6,10.4,9.3,100.0,103.3,105.4,
https://www.basketball-reference.com/boxscores/201611090WAS.html,"7:00 PM, November 9, 2016",Washington Wizards,Boston Celtics,118,93,BOS,,,Team Totals,240,35,81,.432,10,31,.323,13,22,.591,7,24,31,21,5,4,11,19,93,,,Team Totals,240,.513,.494,.383,.272,16.7,55.8,36.5,60.0,5.5,5.6,10.8,100.0,101.7,129.1,
https://www.basketball-reference.com/boxscores/201611090WAS.html,"7:00 PM, November 9, 2016",Washington Wizards,Boston Celtics,118,93,WAS,,,Team Totals,240,46,92,.500,10,21,.476,16,20,.800,19,35,54,29,9,7,12,26,118,,,Team Totals,240,.585,.554,.228,.217,44.2,83.3,63.5,63.0,9.8,14.0,10.6,100.0,129.1,101.7,
https://www.basketball-reference.com/boxscores/201611100DEN.html,"9:00 PM, November 10, 2016",Denver Nuggets,Golden State Warriors,101,125,GSW,,,Team Totals,240,46,85,.541,14,30,.467,19,20,.950,9,35,44,33,15,6,15,18,125,,,Team Totals,240,.666,.624,.353,.235,25.0,67.3,50.0,71.7,15.2,10.3,13.8,100.0,126.4,102.1,
https://www.basketball-reference.com/boxscores/201611100DEN.html,"9:00 PM, November 10, 2016",Denver Nuggets,Golden State Warriors,101,125,DEN,,,Team Totals,240,38,94,.404,13,36,.361,12,17,.706,17,27,44,26,7,3,19,18,101,,,Team Totals,240,.498,.473,.383,.181,32.7,75.0,50.0,68.4,7.1,5.5,15.8,100.0,102.1,126.4,
https://www.basketball-reference.com/boxscores/201611100MIA.html,"8:00 PM, November 10, 2016",Miami Heat,Chicago Bulls,95,98,CHI,,,Team Totals,240,37,89,.416,6,16,.375,18,20,.900,12,36,48,18,7,2,12,12,98,,,Team Totals,240,.501,.449,.180,.225,27.3,72.0,51.1,48.6,7.6,3.4,10.9,100.0,105.8,102.6,
https://www.basketball-reference.com/boxscores/201611100MIA.html,"8:00 PM, November 10, 2016",Miami Heat,Chicago Bulls,95,98,MIA,,,Team Totals,240,36,88,.409,13,29,.448,10,15,.667,14,32,46,22,8,5,13,19,95,,,Team Totals,240,.502,.483,.330,.170,28.0,72.7,48.9,61.1,8.6,6.8,12.1,100.0,102.6,105.8,
https://www.basketball-reference.com/boxscores/201611100MIL.html,"8:00 PM, November 10, 2016",Milwaukee Bucks,New Orleans Pelicans,106,112,NOP,,,Team Totals,240,39,89,.438,9,25,.360,25,27,.926,11,36,47,22,9,7,10,19,112,,,Team Totals,240,.555,.489,.281,.303,22.9,76.6,49.5,56.4,9.1,9.6,9.0,100.0,113.8,107.7,
https://www.basketball-reference.com/boxscores/201611100MIL.html,"8:00 PM, November 10, 2016",Milwaukee Bucks,New Orleans Pelicans,106,112,MIL,,,Team Totals,240,40,91,.440,6,18,.333,20,25,.800,11,37,48,23,4,5,11,20,106,,,Team Totals,240,.520,.473,.198,.275,23.4,77.1,50.5,57.5,4.1,7.8,9.7,100.0,107.7,113.8,
https://www.basketball-reference.com/boxscores/201611100SAC.html,"10:30 PM, November 10, 2016",Sacramento Kings,Los Angeles Lakers,91,101,LAL,,,Team Totals,240,38,74,.514,9,27,.333,16,22,.727,4,38,42,18,8,2,21,19,101,,,Team Totals,240,.603,.574,.365,.297,11.1,77.6,49.4,47.4,8.2,3.1,20.1,100.0,103.4,93.2,
https://www.basketball-reference.com/boxscores/201611100SAC.html,"10:30 PM, November 10, 2016",Sacramento Kings,Los Angeles Lakers,91,101,SAC,,,Team Totals,240,34,85,.400,8,21,.381,15,20,.750,11,32,43,18,13,3,15,19,91,,,Team Totals,240,.485,.447,.247,.235,22.4,88.9,50.6,52.9,13.3,6.4,13.8,100.0,93.2,103.4,
https://www.basketball-reference.com/boxscores/201611110BOS.html,"7:30 PM, November 11, 2016",Boston Celtics,New York Knicks,115,87,NYK,,,Team Totals,240,33,94,.351,6,23,.261,15,17,.882,21,36,57,19,7,11,25,26,87,,,Team Totals,240,.429,.383,.245,.181,38.2,65.5,51.8,57.6,6.9,17.5,19.8,100.0,85.4,112.9,
https://www.basketball-reference.com/boxscores/201611110BOS.html,"7:30 PM, November 11, 2016",Boston Celtics,New York Knicks,115,87,BOS,,,Team Totals,240,35,90,.389,11,27,.407,34,43,.791,19,34,53,23,16,3,16,18,115,,,Team Totals,240,.528,.450,.300,.478,34.5,61.8,48.2,65.7,15.7,4.2,12.8,100.0,112.9,85.4,
https://www.basketball-reference.com/boxscores/201611110CHO.html,"7:00 PM, November 11, 2016",Charlotte Hornets,Toronto Raptors,111,113,TOR,,,Team Totals,240,43,90,.478,6,22,.273,21,22,.955,8,37,45,18,8,5,5,21,113,,,Team Totals,240,.567,.511,.244,.244,17.0,67.3,44.1,41.9,8.4,9.6,4.8,100.0,118.6,116.5,
https://www.basketball-reference.com/boxscores/201611110CHO.html,"7:00 PM, November 11, 2016",Charlotte Hornets,Toronto Raptors,111,113,CHO,,,Team Totals,240,38,93,.409,17,41,.415,18,24,.750,18,39,57,22,1,4,12,16,111,,,Team Totals,240,.536,.500,.441,.258,32.7,83.0,55.9,57.9,1.0,5.9,10.4,100.0,116.5,118.6,
https://www.basketball-reference.com/boxscores/201611110OKC.html,"8:00 PM, November 11, 2016",Oklahoma City Thunder,Los Angeles Clippers,108,110,LAC,,,Team Totals,240,39,86,.453,11,27,.407,21,35,.600,11,34,45,18,9,3,10,20,110,,,Team Totals,240,.542,.517,.314,.407,23.4,79.1,50.0,46.2,9.0,5.0,9.0,100.0,110.2,108.2,
https://www.basketball-reference.com/boxscores/201611110OKC.html,"8:00 PM, November 11, 2016",Oklahoma City Thunder,Los Angeles Clippers,108,110,OKC,,,Team Totals,240,38,88,.432,16,28,.571,16,19,.842,9,36,45,21,3,1,17,27,108,,,Team Totals,240,.560,.523,.318,.216,20.9,76.6,50.0,55.3,3.0,1.7,15.0,100.0,108.2,110.2,
https://www.basketball-reference.com/boxscores/201611110ORL.html,"7:00 PM, November 11, 2016",Orlando Magic,Utah Jazz,74,87,UTA,,,Team Totals,240,33,81,.407,7,28,.250,14,16,.875,12,40,52,19,9,7,15,18,87,,,Team Totals,240,.494,.451,.346,.198,25.5,83.3,54.7,57.6,10.1,12.1,14.6,100.0,98.0,83.3,
https://www.basketball-reference.com/boxscores/201611110ORL.html,"7:00 PM, November 11, 2016",Orlando Magic,Utah Jazz,74,87,ORL,,,Team Totals,240,26,78,.333,8,20,.400,14,19,.737,8,35,43,13,11,6,12,18,74,,,Team Totals,240,.428,.385,.256,.244,16.7,74.5,45.3,50.0,12.4,11.3,12.2,100.0,83.3,98.0,
https://www.basketball-reference.com/boxscores/201611110PHI.html,"7:00 PM, November 11, 2016",Philadelphia 76ers,Indiana Pacers,109,105,IND,,,Team Totals,265,39,88,.443,5,19,.263,22,23,.957,4,36,40,23,14,3,13,28,105,,,Team Totals,265,.535,.472,.216,.261,8.9,73.5,42.6,59.0,13.3,5.6,11.7,100.0,100.1,103.9,
https://www.basketball-reference.com/boxscores/201611110PHI.html,"7:00 PM, November 11, 2016",Philadelphia 76ers,Indiana Pacers,109,105,PHI,,,Team Totals,265,36,86,.419,11,32,.344,26,31,.839,13,41,54,24,7,6,20,21,109,,,Team Totals,265,.547,.483,.372,.360,26.5,91.1,57.4,66.7,6.7,8.7,16.7,100.0,103.9,100.1,
https://www.basketball-reference.com/boxscores/201611110POR.html,"10:00 PM, November 11, 2016",Portland Trail Blazers,Sacramento Kings,122,120,SAC,,,Team Totals,265,43,88,.489,6,21,.286,28,35,.800,13,35,48,18,7,3,15,21,120,,,Team Totals,265,.580,.523,.239,.398,31.0,83.3,57.1,41.9,6.8,5.7,12.7,100.0,117.3,119.3,
https://www.basketball-reference.com/boxscores/201611110POR.html,"10:00 PM, November 11, 2016",Portland Trail Blazers,Sacramento Kings,122,120,POR,,,Team Totals,265,45,86,.523,13,33,.394,19,27,.704,7,29,36,29,8,4,13,24,122,,,Team Totals,265,.623,.599,.384,.314,16.7,69.0,42.9,64.4,7.8,6.0,11.7,100.0,119.3,117.3,
https://www.basketball-reference.com/boxscores/201611110SAS.html,"8:30 PM, November 11, 2016",San Antonio Spurs,Detroit Pistons,96,86,DET,,,Team Totals,240,32,76,.421,5,25,.200,17,21,.810,9,33,42,14,2,4,13,14,86,,,Team Totals,240,.504,.454,.329,.276,20.5,76.7,48.3,43.8,2.3,6.6,13.2,100.0,99.3,110.9,
https://www.basketball-reference.com/boxscores/201611110SAS.html,"8:30 PM, November 11, 2016",San Antonio Spurs,Detroit Pistons,96,86,SAS,,,Team Totals,240,36,81,.444,9,20,.450,15,19,.789,10,35,45,24,8,2,8,13,96,,,Team Totals,240,.537,.500,.247,.235,23.3,79.5,51.7,66.7,9.2,3.9,8.2,100.0,110.9,99.3,
https://www.basketball-reference.com/boxscores/201611110WAS.html,"7:00 PM, November 11, 2016",Washington Wizards,Cleveland Cavaliers,94,105,CLE,,,Team Totals,240,36,86,.419,14,33,.424,19,26,.731,13,34,47,16,9,6,15,21,105,,,Team Totals,240,.539,.500,.384,.302,26.5,77.3,50.5,44.4,9.2,8.3,13.3,100.0,107.8,96.5,
https://www.basketball-reference.com/boxscores/201611110WAS.html,"7:00 PM, November 11, 2016",Washington Wizards,Cleveland Cavaliers,94,105,WAS,,,Team Totals,240,38,87,.437,3,15,.200,15,19,.789,10,36,46,16,7,5,15,21,94,,,Team Totals,240,.493,.454,.172,.218,22.7,73.5,49.5,42.1,7.2,9.4,13.6,100.0,96.5,107.8,
https://www.basketball-reference.com/boxscores/201611120ATL.html,"7:30 PM, November 12, 2016",Atlanta Hawks,Philadelphia 76ers,117,96,PHI,,,Team Totals,240,36,83,.434,11,29,.379,13,20,.650,10,29,39,21,14,4,19,20,96,,,Team Totals,240,.523,.500,.349,.241,21.3,65.9,42.9,58.3,14.1,6.3,17.1,100.0,96.6,117.7,
https://www.basketball-reference.com/boxscores/201611120ATL.html,"7:30 PM, November 12, 2016",Atlanta Hawks,Philadelphia 76ers,117,96,ATL,,,Team Totals,240,48,95,.505,13,32,.406,8,14,.571,15,37,52,31,10,6,16,14,117,,,Team Totals,240,.578,.574,.337,.147,34.1,78.7,57.1,64.6,10.1,11.1,13.7,100.0,117.7,96.6,
https://www.basketball-reference.com/boxscores/201611120CHI.html,"8:00 PM, November 12, 2016",Chicago Bulls,Washington Wizards,106,95,WAS,,,Team Totals,240,38,91,.418,4,13,.308,15,18,.833,13,36,49,19,3,7,12,22,95,,,Team Totals,240,.480,.440,.143,.198,26.0,70.6,48.5,50.0,3.1,8.5,10.8,100.0,97.8,109.2,
https://www.basketball-reference.com/boxscores/201611120CHI.html,"8:00 PM, November 12, 2016",Chicago Bulls,Washington Wizards,106,95,CHI,,,Team Totals,240,39,97,.402,5,15,.333,23,25,.920,15,37,52,21,7,6,10,20,106,,,Team Totals,240,.491,.428,.155,.258,29.4,74.0,51.5,53.8,7.2,7.7,8.5,100.0,109.2,97.8,
https://www.basketball-reference.com/boxscores/201611120DEN.html,"9:00 PM, November 12, 2016",Denver Nuggets,Detroit Pistons,95,106,DET,,,Team Totals,240,46,90,.511,4,18,.222,10,14,.714,11,26,37,23,11,1,9,16,106,,,Team Totals,240,.551,.533,.200,.156,28.2,65.0,46.8,50.0,12.2,1.7,8.6,100.0,117.2,105.0,
https://www.basketball-reference.com/boxscores/201611120DEN.html,"9:00 PM, November 12, 2016",Denver Nuggets,Detroit Pistons,95,106,DEN,,,Team Totals,240,36,84,.429,9,25,.360,14,19,.737,14,28,42,15,6,4,16,14,95,,,Team Totals,240,.514,.482,.298,.226,35.0,71.8,53.2,41.7,6.6,5.6,14.8,100.0,105.0,117.2,
https://www.basketball-reference.com/boxscores/201611120HOU.html,"8:00 PM, November 12, 2016",Houston Rockets,San Antonio Spurs,100,106,SAS,,,Team Totals,240,41,76,.539,5,18,.278,19,24,.792,2,33,35,21,6,11,12,19,106,,,Team Totals,240,.612,.572,.237,.316,6.3,67.3,43.2,51.2,6.4,26.2,12.2,100.0,113.1,106.7,
https://www.basketball-reference.com/boxscores/201611120HOU.html,"8:00 PM, November 12, 2016",Houston Rockets,San Antonio Spurs,100,106,HOU,,,Team Totals,240,34,89,.382,15,47,.319,17,21,.810,16,30,46,22,6,4,14,19,100,,,Team Totals,240,.509,.466,.528,.236,32.7,93.8,56.8,64.7,6.4,6.9,12.5,100.0,106.7,113.1,
https://www.basketball-reference.com/boxscores/201611120IND.html,"7:00 PM, November 12, 2016",Indiana Pacers,Boston Celtics,99,105,BOS,,,Team Totals,240,35,80,.438,8,25,.320,27,33,.818,15,32,47,22,7,7,14,21,105,,,Team Totals,240,.555,.488,.313,.413,34.1,74.4,54.0,62.9,7.4,11.9,12.9,100.0,111.5,105.2,
https://www.basketball-reference.com/boxscores/201611120IND.html,"7:00 PM, November 12, 2016",Indiana Pacers,Boston Celtics,99,105,IND,,,Team Totals,240,36,86,.419,6,27,.222,21,28,.750,11,29,40,17,9,9,14,22,99,,,Team Totals,240,.503,.453,.314,.326,25.6,65.9,46.0,47.2,9.6,16.4,12.5,100.0,105.2,111.5,
https://www.basketball-reference.com/boxscores/201611120MIA.html,"8:00 PM, November 12, 2016",Miami Heat,Utah Jazz,91,102,UTA,,,Team Totals,240,40,81,.494,6,20,.300,16,19,.842,6,39,45,12,5,4,9,19,102,,,Team Totals,240,.571,.531,.247,.235,14.6,90.7,53.6,30.0,5.4,6.3,9.2,100.0,110.6,98.6,
https://www.basketball-reference.com/boxscores/201611120MIA.html,"8:00 PM, November 12, 2016",Miami Heat,Utah Jazz,91,102,MIA,,,Team Totals,240,38,81,.469,5,17,.294,10,19,.526,4,35,39,21,5,4,9,17,91,,,Team Totals,240,.509,.500,.210,.235,9.3,85.4,46.4,55.3,5.4,6.6,9.2,100.0,98.6,110.6,
https://www.basketball-reference.com/boxscores/201611120MIL.html,"8:30 PM, November 12, 2016",Milwaukee Bucks,Memphis Grizzlies,106,96,MEM,,,Team Totals,240,35,78,.449,6,30,.200,20,21,.952,3,29,32,20,8,4,13,26,96,,,Team Totals,240,.550,.487,.385,.269,9.1,85.3,47.8,57.1,8.6,8.0,13.0,100.0,102.9,113.6,
https://www.basketball-reference.com/boxscores/201611120MIL.html,"8:30 PM, November 12, 2016",Milwaukee Bucks,Memphis Grizzlies,106,96,MIL,,,Team Totals,240,36,68,.529,7,18,.389,27,36,.750,5,30,35,20,9,5,14,20,106,,,Team Totals,240,.632,.581,.265,.529,14.7,90.9,52.2,55.6,9.6,10.4,14.3,100.0,113.6,102.9,
https://www.basketball-reference.com/boxscores/201611120MIN.html,"8:00 PM, November 12, 2016",Minnesota Timberwolves,Los Angeles Clippers,105,119,LAC,,,Team Totals,240,40,76,.526,11,24,.458,28,37,.757,9,33,42,25,7,4,14,19,119,,,Team Totals,240,.645,.599,.316,.487,27.3,68.8,51.9,62.5,7.4,6.0,13.2,100.0,126.4,111.5,
https://www.basketball-reference.com/boxscores/201611120MIN.html,"8:00 PM, November 12, 2016",Minnesota Timberwolves,Los Angeles Clippers,105,119,MIN,,,Team Totals,240,40,89,.449,8,22,.364,17,21,.810,15,24,39,26,11,3,13,31,105,,,Team Totals,240,.534,.494,.247,.236,31.3,72.7,48.1,65.0,11.7,5.8,11.7,100.0,111.5,126.4,
https://www.basketball-reference.com/boxscores/201611120NOP.html,"7:00 PM, November 12, 2016",New Orleans Pelicans,Los Angeles Lakers,99,126,LAL,,,Team Totals,240,52,94,.553,16,30,.533,6,7,.857,10,37,47,36,8,5,10,17,126,,,Team Totals,240,.649,.638,.319,.074,25.0,75.5,52.8,69.2,8.4,7.1,9.3,100.0,132.8,104.3,
https://www.basketball-reference.com/boxscores/201611120NOP.html,"7:00 PM, November 12, 2016",New Orleans Pelicans,Los Angeles Lakers,99,126,NOP,,,Team Totals,240,39,90,.433,6,20,.300,15,19,.789,12,30,42,20,4,5,10,10,99,,,Team Totals,240,.503,.467,.222,.211,24.5,75.0,47.2,51.3,4.2,7.8,9.2,100.0,104.3,132.8,
https://www.basketball-reference.com/boxscores/201611120PHO.html,"9:00 PM, November 12, 2016",Phoenix Suns,Brooklyn Nets,104,122,BRK,,,Team Totals,240,40,84,.476,16,37,.432,26,30,.867,6,49,55,22,6,10,17,19,122,,,Team Totals,240,.628,.571,.440,.357,13.6,74.2,50.0,55.0,5.6,13.5,14.9,100.0,113.2,96.5,
https://www.basketball-reference.com/boxscores/201611120PHO.html,"9:00 PM, November 12, 2016",Phoenix Suns,Brooklyn Nets,104,122,PHO,,,Team Totals,240,40,107,.374,8,33,.242,16,21,.762,17,38,55,23,9,3,12,20,104,,,Team Totals,240,.447,.411,.308,.196,25.8,86.4,50.0,57.5,8.4,6.4,9.4,100.0,96.5,113.2,
https://www.basketball-reference.com/boxscores/201611120TOR.html,"7:30 PM, November 12, 2016",Toronto Raptors,New York Knicks,118,107,NYK,,,Team Totals,240,44,97,.454,7,23,.304,12,16,.750,17,32,49,19,3,2,16,23,107,,,Team Totals,240,.514,.490,.237,.165,34.0,74.4,52.7,43.2,3.0,3.3,13.3,100.0,108.5,119.6,
https://www.basketball-reference.com/boxscores/201611120TOR.html,"7:30 PM, November 12, 2016",Toronto Raptors,New York Knicks,118,107,TOR,,,Team Totals,240,39,83,.470,7,22,.318,33,38,.868,11,33,44,18,10,6,11,20,118,,,Team Totals,240,.592,.512,.265,.458,25.6,66.0,47.3,46.2,10.1,8.1,9.9,100.0,119.6,108.5,
https://www.basketball-reference.com/boxscores/201611130CLE.html,"3:30 PM, November 13, 2016",Cleveland Cavaliers,Charlotte Hornets,100,93,CHO,,,Team Totals,240,36,95,.379,11,29,.379,10,12,.833,10,35,45,23,7,3,5,19,93,,,Team Totals,240,.464,.437,.305,.126,19.6,74.5,45.9,63.9,7.6,5.6,4.7,100.0,100.6,108.1,
https://www.basketball-reference.com/boxscores/201611130CLE.html,"3:30 PM, November 13, 2016",Cleveland Cavaliers,Charlotte Hornets,100,93,CLE,,,Team Totals,240,39,92,.424,14,38,.368,8,15,.533,12,41,53,25,3,8,9,13,100,,,Team Totals,240,.507,.500,.413,.163,25.5,80.4,54.1,64.1,3.2,12.1,8.4,100.0,108.1,100.6,
https://www.basketball-reference.com/boxscores/201611130GSW.html,"8:00 PM, November 13, 2016",Golden State Warriors,Phoenix Suns,133,120,PHO,,,Team Totals,240,46,90,.511,8,24,.333,20,26,.769,8,30,38,27,10,3,13,29,120,,,Team Totals,240,.591,.556,.267,.289,18.6,78.9,46.9,58.7,9.5,5.6,11.4,100.0,114.0,126.3,
https://www.basketball-reference.com/boxscores/201611130GSW.html,"8:00 PM, November 13, 2016",Golden State Warriors,Phoenix Suns,133,120,GSW,,,Team Totals,240,45,87,.517,16,33,.485,27,31,.871,8,35,43,32,8,7,16,20,133,,,Team Totals,240,.661,.609,.379,.356,21.1,81.4,53.1,71.1,7.6,10.6,13.7,100.0,126.3,114.0,
https://www.basketball-reference.com/boxscores/201611130MIN.html,"7:00 PM, November 13, 2016",Minnesota Timberwolves,Los Angeles Lakers,125,99,LAL,,,Team Totals,240,33,71,.465,8,24,.333,25,30,.833,5,34,39,16,6,5,17,31,99,,,Team Totals,240,.588,.521,.338,.423,12.5,79.1,47.0,48.5,6.2,9.4,16.8,100.0,102.5,129.4,
https://www.basketball-reference.com/boxscores/201611130MIN.html,"7:00 PM, November 13, 2016",Minnesota Timberwolves,Los Angeles Lakers,125,99,MIN,,,Team Totals,240,42,80,.525,13,27,.481,28,42,.667,9,35,44,28,10,4,10,19,125,,,Team Totals,240,.635,.606,.338,.525,20.9,87.5,53.0,66.7,10.4,8.5,9.2,100.0,129.4,102.5,
https://www.basketball-reference.com/boxscores/201611130OKC.html,"7:00 PM, November 13, 2016",Oklahoma City Thunder,Orlando Magic,117,119,ORL,,,Team Totals,240,46,86,.535,11,24,.458,16,20,.800,8,30,38,24,4,7,10,20,119,,,Team Totals,240,.628,.599,.279,.233,21.1,71.4,47.5,52.2,4.1,10.4,9.5,100.0,122.3,120.2,
https://www.basketball-reference.com/boxscores/201611130OKC.html,"7:00 PM, November 13, 2016",Oklahoma City Thunder,Orlando Magic,117,119,OKC,,,Team Totals,240,47,92,.511,7,25,.280,16,26,.615,12,30,42,22,4,6,11,19,117,,,Team Totals,240,.566,.549,.272,.283,28.6,78.9,52.5,46.8,4.1,9.7,9.6,100.0,120.2,122.3,
https://www.basketball-reference.com/boxscores/201611130POR.html,"9:00 PM, November 13, 2016",Portland Trail Blazers,Denver Nuggets,112,105,DEN,,,Team Totals,240,36,91,.396,11,29,.379,22,29,.759,16,43,59,11,4,6,18,25,105,,,Team Totals,240,.506,.456,.319,.319,34.8,75.4,57.3,30.6,3.9,8.6,14.8,100.0,102.9,109.7,
https://www.basketball-reference.com/boxscores/201611130POR.html,"9:00 PM, November 13, 2016",Portland Trail Blazers,Denver Nuggets,112,105,POR,,,Team Totals,240,39,99,.394,8,29,.276,26,32,.813,14,30,44,21,8,8,8,23,112,,,Team Totals,240,.495,.434,.293,.323,24.6,65.2,42.7,53.8,7.8,12.9,6.6,100.0,109.7,102.9,
https://www.basketball-reference.com/boxscores/201611140DET.html,"7:30 PM, November 14, 2016",Detroit Pistons,Oklahoma City Thunder,104,88,OKC,,,Team Totals,240,33,88,.375,5,27,.185,17,22,.773,13,38,51,16,3,6,15,21,88,,,Team Totals,240,.450,.403,.307,.250,23.2,90.5,52.0,48.5,3.0,7.9,13.3,100.0,87.3,103.2,
https://www.basketball-reference.com/boxscores/201611140DET.html,"7:30 PM, November 14, 2016",Detroit Pistons,Oklahoma City Thunder,104,88,DET,,,Team Totals,240,43,92,.467,5,16,.313,13,16,.813,4,43,47,25,4,9,10,14,104,,,Team Totals,240,.525,.495,.174,.174,9.5,76.8,48.0,58.1,4.0,14.8,9.2,100.0,103.2,87.3,
https://www.basketball-reference.com/boxscores/201611140HOU.html,"8:00 PM, November 14, 2016",Houston Rockets,Philadelphia 76ers,115,88,PHI,,,Team Totals,240,34,90,.378,5,22,.227,15,17,.882,10,29,39,18,10,7,13,17,88,,,Team Totals,240,.451,.406,.244,.189,20.4,64.4,41.5,52.9,10.2,13.7,11.8,100.0,90.0,117.7,
https://www.basketball-reference.com/boxscores/201611140HOU.html,"8:00 PM, November 14, 2016",Houston Rockets,Philadelphia 76ers,115,88,HOU,,,Team Totals,240,44,91,.484,17,40,.425,10,17,.588,16,39,55,20,6,10,18,19,115,,,Team Totals,240,.584,.577,.440,.187,35.6,79.6,58.5,45.5,6.1,14.7,15.5,100.0,117.7,90.0,
https://www.basketball-reference.com/boxscores/201611140IND.html,"7:00 PM, November 14, 2016",Indiana Pacers,Orlando Magic,88,69,ORL,,,Team Totals,240,27,84,.321,5,25,.200,10,13,.769,9,43,52,12,3,5,16,17,69,,,Team Totals,240,.385,.351,.298,.155,17.6,86.0,51.5,44.4,3.2,7.7,15.1,100.0,72.9,93.0,
https://www.basketball-reference.com/boxscores/201611140IND.html,"7:00 PM, November 14, 2016",Indiana Pacers,Orlando Magic,88,69,IND,,,Team Totals,240,35,90,.389,8,25,.320,10,10,1.000,7,42,49,22,9,9,9,14,88,,,Team Totals,240,.466,.433,.278,.111,14.0,82.4,48.5,62.9,9.5,15.3,8.7,100.0,93.0,72.9,
https://www.basketball-reference.com/boxscores/201611140LAC.html,"10:30 PM, November 14, 2016",Los Angeles Clippers,Brooklyn Nets,127,95,BRK,,,Team Totals,240,34,77,.442,10,33,.303,17,22,.773,9,28,37,18,6,2,22,21,95,,,Team Totals,240,.548,.506,.429,.286,20.9,75.7,46.3,52.9,6.1,3.1,20.2,100.0,96.1,128.5,
https://www.basketball-reference.com/boxscores/201611140LAC.html,"10:30 PM, November 14, 2016",Los Angeles Clippers,Brooklyn Nets,127,95,LAC,,,Team Totals,240,48,90,.533,14,25,.560,17,21,.810,9,34,43,32,17,6,12,22,127,,,Team Totals,240,.640,.611,.278,.233,24.3,79.1,53.8,66.7,17.2,13.6,10.8,100.0,128.5,96.1,
https://www.basketball-reference.com/boxscores/201611140NOP.html,"8:00 PM, November 14, 2016",New Orleans Pelicans,Boston Celtics,106,105,BOS,,,Team Totals,240,38,95,.400,12,41,.293,17,20,.850,11,33,44,19,9,0,12,27,105,,,Team Totals,240,.506,.463,.432,.211,22.4,80.5,48.9,50.0,8.9,0.0,10.4,100.0,103.7,104.7,
https://www.basketball-reference.com/boxscores/201611140NOP.html,"8:00 PM, November 14, 2016",New Orleans Pelicans,Boston Celtics,106,105,NOP,,,Team Totals,240,35,79,.443,6,21,.286,30,36,.833,8,38,46,16,9,4,17,17,106,,,Team Totals,240,.559,.481,.266,.456,19.5,77.6,51.1,45.7,8.9,7.4,15.2,100.0,104.7,103.7,
https://www.basketball-reference.com/boxscores/201611140NYK.html,"7:30 PM, November 14, 2016",New York Knicks,Dallas Mavericks,93,77,DAL,,,Team Totals,240,32,84,.381,5,27,.185,8,11,.727,11,29,40,15,8,7,13,16,77,,,Team Totals,240,.433,.411,.321,.131,22.9,67.4,44.0,46.9,9.1,13.2,12.8,100.0,87.7,106.0,
https://www.basketball-reference.com/boxscores/201611140NYK.html,"7:30 PM, November 14, 2016",New York Knicks,Dallas Mavericks,93,77,NYK,,,Team Totals,240,34,78,.436,9,25,.360,16,18,.889,14,37,51,18,5,5,17,16,93,,,Team Totals,240,.541,.494,.321,.231,32.6,77.1,56.0,52.9,5.7,8.8,16.5,100.0,106.0,87.7,
https://www.basketball-reference.com/boxscores/201611140SAS.html,"8:30 PM, November 14, 2016",San Antonio Spurs,Miami Heat,94,90,MIA,,,Team Totals,240,37,84,.440,4,15,.267,12,21,.571,10,31,41,22,14,8,13,23,90,,,Team Totals,240,.483,.464,.179,.250,20.8,68.9,44.1,59.5,14.9,11.9,12.2,100.0,95.5,99.8,
https://www.basketball-reference.com/boxscores/201611140SAS.html,"8:30 PM, November 14, 2016",San Antonio Spurs,Miami Heat,94,90,SAS,,,Team Totals,240,33,82,.402,8,15,.533,20,27,.741,14,38,52,24,4,7,17,15,94,,,Team Totals,240,.501,.451,.183,.329,31.1,79.2,55.9,72.7,4.2,10.1,15.3,100.0,99.8,95.5,
https://www.basketball-reference.com/boxscores/201611140UTA.html,"9:00 PM, November 14, 2016",Utah Jazz,Memphis Grizzlies,96,102,MEM,,,Team Totals,240,36,76,.474,8,21,.381,22,26,.846,14,30,44,13,4,2,16,26,102,,,Team Totals,240,.583,.526,.276,.342,37.8,83.3,60.3,36.1,4.7,4.4,15.5,100.0,119.8,112.8,
https://www.basketball-reference.com/boxscores/201611140UTA.html,"9:00 PM, November 14, 2016",Utah Jazz,Memphis Grizzlies,96,102,UTA,,,Team Totals,240,35,73,.479,8,28,.286,18,22,.818,6,23,29,17,8,1,9,27,96,,,Team Totals,240,.581,.534,.384,.301,16.7,62.2,39.7,48.6,9.4,1.8,9.8,100.0,112.8,119.8,
https://www.basketball-reference.com/boxscores/201611150CLE.html,"7:00 PM, November 15, 2016",Cleveland Cavaliers,Toronto Raptors,121,117,TOR,,,Team Totals,240,46,96,.479,13,29,.448,12,18,.667,12,28,40,24,11,5,8,25,117,,,Team Totals,240,.563,.547,.302,.188,25.0,73.7,46.5,52.2,11.1,10.0,7.1,100.0,118.2,122.2,
https://www.basketball-reference.com/boxscores/201611150CLE.html,"7:00 PM, November 15, 2016",Cleveland Cavaliers,Toronto Raptors,121,117,CLE,,,Team Totals,240,44,83,.530,13,33,.394,20,28,.714,10,36,46,26,4,7,17,18,121,,,Team Totals,240,.635,.608,.398,.337,26.3,75.0,53.5,59.1,4.0,10.4,15.1,100.0,122.2,118.2,
https://www.basketball-reference.com/boxscores/201611150LAL.html,"10:30 PM, November 15, 2016",Los Angeles Lakers,Brooklyn Nets,125,118,BRK,,,Team Totals,240,45,99,.455,12,41,.293,16,20,.800,9,38,47,23,8,6,14,27,118,,,Team Totals,240,.547,.515,.414,.202,18.0,73.1,46.1,51.1,7.4,9.4,11.5,100.0,108.7,115.2,
https://www.basketball-reference.com/boxscores/201611150LAL.html,"10:30 PM, November 15, 2016",Los Angeles Lakers,Brooklyn Nets,125,118,LAL,,,Team Totals,240,41,92,.446,9,28,.321,34,43,.791,14,41,55,24,9,2,12,17,125,,,Team Totals,240,.563,.495,.304,.467,26.9,82.0,53.9,58.5,8.3,3.4,9.8,100.0,115.2,108.7,
https://www.basketball-reference.com/boxscores/201611150MIA.html,"7:30 PM, November 15, 2016",Miami Heat,Atlanta Hawks,90,93,ATL,,,Team Totals,240,37,80,.463,6,17,.353,13,19,.684,6,29,35,18,14,4,21,13,93,,,Team Totals,240,.526,.500,.213,.238,16.2,63.0,42.2,48.6,14.2,6.1,19.2,100.0,94.0,91.0,
https://www.basketball-reference.com/boxscores/201611150MIA.html,"7:30 PM, November 15, 2016",Miami Heat,Atlanta Hawks,90,93,MIA,,,Team Totals,240,36,89,.404,7,23,.304,11,14,.786,17,31,48,13,11,7,23,23,90,,,Team Totals,240,.473,.444,.258,.157,37.0,83.8,57.8,36.1,11.1,11.1,19.5,100.0,91.0,94.0,
https://www.basketball-reference.com/boxscores/201611150MIN.html,"8:00 PM, November 15, 2016",Minnesota Timberwolves,Charlotte Hornets,108,115,CHO,,,Team Totals,240,43,80,.538,11,24,.458,18,22,.818,4,33,37,25,10,6,13,17,115,,,Team Totals,240,.641,.606,.300,.275,12.1,70.2,46.3,58.1,10.2,11.1,12.7,100.0,117.3,110.1,
https://www.basketball-reference.com/boxscores/201611150MIN.html,"8:00 PM, November 15, 2016",Minnesota Timberwolves,Charlotte Hornets,108,115,MIN,,,Team Totals,240,38,89,.427,15,35,.429,17,21,.810,14,29,43,25,4,5,18,19,108,,,Team Totals,240,.550,.511,.393,.236,29.8,87.9,53.8,65.8,4.1,8.9,15.5,100.0,110.1,117.3,
https://www.basketball-reference.com/boxscores/201611150POR.html,"10:00 PM, November 15, 2016",Portland Trail Blazers,Chicago Bulls,88,113,CHI,,,Team Totals,240,41,98,.418,7,20,.350,24,28,.857,19,48,67,16,7,4,10,19,113,,,Team Totals,240,.512,.454,.204,.286,35.8,76.2,57.8,39.0,7.2,6.6,8.3,100.0,115.9,90.3,
https://www.basketball-reference.com/boxscores/201611150POR.html,"10:00 PM, November 15, 2016",Portland Trail Blazers,Chicago Bulls,88,113,POR,,,Team Totals,240,34,95,.358,9,34,.265,11,18,.611,15,34,49,17,8,4,11,18,88,,,Team Totals,240,.428,.405,.358,.189,23.8,64.2,42.2,50.0,8.2,5.1,9.7,100.0,90.3,115.9,
https://www.basketball-reference.com/boxscores/201611160ATL.html,"7:30 PM, November 16, 2016",Atlanta Hawks,Milwaukee Bucks,107,100,MIL,,,Team Totals,240,39,98,.398,8,32,.250,14,18,.778,15,32,47,25,9,2,15,25,100,,,Team Totals,240,.472,.439,.327,.184,29.4,91.4,54.7,64.1,9.1,5.0,12.4,100.0,100.7,107.7,
https://www.basketball-reference.com/boxscores/201611160ATL.html,"7:30 PM, November 16, 2016",Atlanta Hawks,Milwaukee Bucks,107,100,ATL,,,Team Totals,240,35,72,.486,10,32,.313,27,31,.871,3,36,39,29,6,8,16,17,107,,,Team Totals,240,.625,.556,.444,.431,8.6,70.6,45.3,82.9,6.0,12.1,15.7,100.0,107.7,100.7,
https://www.basketball-reference.com/boxscores/201611160BOS.html,"7:30 PM, November 16, 2016",Boston Celtics,Dallas Mavericks,90,83,DAL,,,Team Totals,240,34,83,.410,8,23,.348,7,10,.700,5,27,32,16,9,3,9,19,83,,,Team Totals,240,.475,.458,.277,.120,11.1,67.5,37.6,47.1,10.0,5.5,9.3,100.0,92.5,100.3,
https://www.basketball-reference.com/boxscores/201611160BOS.html,"7:30 PM, November 16, 2016",Boston Celtics,Dallas Mavericks,90,83,BOS,,,Team Totals,240,33,76,.434,7,21,.333,17,23,.739,13,40,53,18,6,3,19,17,90,,,Team Totals,240,.523,.480,.276,.303,32.5,88.9,62.4,54.5,6.7,5.0,18.1,100.0,100.3,92.5,
https://www.basketball-reference.com/boxscores/201611160DEN.html,"9:00 PM, November 16, 2016",Denver Nuggets,Phoenix Suns,120,104,PHO,,,Team Totals,240,39,79,.494,8,20,.400,18,29,.621,7,28,35,14,8,4,16,29,104,,,Team Totals,240,.567,.544,.253,.367,16.7,66.7,41.7,35.9,8.0,5.3,14.8,100.0,104.6,120.6,
https://www.basketball-reference.com/boxscores/201611160DEN.html,"9:00 PM, November 16, 2016",Denver Nuggets,Phoenix Suns,120,104,DEN,,,Team Totals,240,45,93,.484,8,17,.471,22,24,.917,14,35,49,23,8,4,14,24,120,,,Team Totals,240,.579,.527,.183,.258,33.3,83.3,58.3,51.1,8.0,6.8,11.9,100.0,120.6,104.6,
https://www.basketball-reference.com/boxscores/201611160IND.html,"7:00 PM, November 16, 2016",Indiana Pacers,Cleveland Cavaliers,103,93,CLE,,,Team Totals,240,35,86,.407,11,30,.367,12,20,.600,11,40,51,19,3,5,18,16,93,,,Team Totals,240,.491,.471,.349,.233,23.9,88.9,56.0,54.3,3.1,8.6,16.0,100.0,95.8,106.1,
https://www.basketball-reference.com/boxscores/201611160IND.html,"7:00 PM, November 16, 2016",Indiana Pacers,Cleveland Cavaliers,103,93,IND,,,Team Totals,240,43,86,.500,10,28,.357,7,11,.636,5,35,40,22,8,12,10,16,103,,,Team Totals,240,.567,.558,.326,.128,11.1,76.1,44.0,51.2,8.2,21.4,9.9,100.0,106.1,95.8,
https://www.basketball-reference.com/boxscores/201611160LAC.html,"10:30 PM, November 16, 2016",Los Angeles Clippers,Memphis Grizzlies,107,111,MEM,,,Team Totals,240,40,82,.488,15,26,.577,16,19,.842,9,34,43,24,6,2,17,22,111,,,Team Totals,240,.614,.579,.317,.232,25.0,81.0,55.1,60.0,6.3,3.6,15.8,100.0,117.5,113.2,
https://www.basketball-reference.com/boxscores/201611160LAC.html,"10:30 PM, November 16, 2016",Los Angeles Clippers,Memphis Grizzlies,107,111,LAC,,,Team Totals,240,37,81,.457,9,25,.360,24,34,.706,8,27,35,15,13,7,8,19,107,,,Team Totals,240,.558,.512,.309,.420,19.0,75.0,44.9,40.5,13.8,12.5,7.7,100.0,113.2,117.5,
https://www.basketball-reference.com/boxscores/201611160NYK.html,"7:30 PM, November 16, 2016",New York Knicks,Detroit Pistons,105,102,DET,,,Team Totals,240,42,85,.494,8,23,.348,10,12,.833,8,32,40,19,6,1,11,14,102,,,Team Totals,240,.565,.541,.271,.141,19.5,62.7,43.5,45.2,6.6,1.5,10.9,100.0,112.6,116.0,
https://www.basketball-reference.com/boxscores/201611160NYK.html,"7:30 PM, November 16, 2016",New York Knicks,Detroit Pistons,105,102,NYK,,,Team Totals,240,42,93,.452,9,25,.360,12,19,.632,19,33,52,24,8,9,9,11,105,,,Team Totals,240,.518,.500,.269,.204,37.3,80.5,56.5,57.1,8.8,14.5,8.2,100.0,116.0,112.6,
https://www.basketball-reference.com/boxscores/201611160OKC.html,"8:00 PM, November 16, 2016",Oklahoma City Thunder,Houston Rockets,105,103,HOU,,,Team Totals,240,40,92,.435,14,40,.350,9,14,.643,12,35,47,25,10,4,16,10,103,,,Team Totals,240,.525,.511,.435,.152,23.5,87.5,51.6,62.5,10.0,6.8,14.0,100.0,102.9,104.9,
https://www.basketball-reference.com/boxscores/201611160OKC.html,"8:00 PM, November 16, 2016",Oklahoma City Thunder,Houston Rockets,105,103,OKC,,,Team Totals,240,40,84,.476,12,25,.480,13,14,.929,5,39,44,25,7,7,16,15,105,,,Team Totals,240,.582,.548,.298,.167,12.5,76.5,48.4,62.5,7.0,13.5,15.1,100.0,104.9,102.9,
https://www.basketball-reference.com/boxscores/201611160ORL.html,"7:00 PM, November 16, 2016",Orlando Magic,New Orleans Pelicans,89,82,NOP,,,Team Totals,240,30,82,.366,7,21,.333,15,19,.789,9,39,48,19,5,9,18,16,82,,,Team Totals,240,.454,.409,.256,.232,19.6,75.0,49.0,63.3,5.3,14.8,16.6,100.0,86.4,93.7,
https://www.basketball-reference.com/boxscores/201611160ORL.html,"7:00 PM, November 16, 2016",Orlando Magic,New Orleans Pelicans,89,82,ORL,,,Team Totals,240,34,88,.386,10,27,.370,11,19,.579,13,37,50,17,7,7,12,15,89,,,Team Totals,240,.462,.443,.307,.216,25.0,80.4,51.0,50.0,7.4,11.5,11.1,100.0,93.7,86.4,
https://www.basketball-reference.com/boxscores/201611160PHI.html,"7:00 PM, November 16, 2016",Philadelphia 76ers,Washington Wizards,109,102,WAS,,,Team Totals,240,38,91,.418,8,23,.348,18,25,.720,11,29,40,18,8,1,11,26,102,,,Team Totals,240,.500,.462,.253,.275,23.4,85.3,49.4,47.4,8.2,2.0,9.7,100.0,104.1,111.2,
https://www.basketball-reference.com/boxscores/201611160PHI.html,"7:00 PM, November 16, 2016",Philadelphia 76ers,Washington Wizards,109,102,PHI,,,Team Totals,240,42,77,.545,10,28,.357,15,22,.682,5,36,41,30,6,1,17,26,109,,,Team Totals,240,.629,.610,.364,.286,14.7,76.6,50.6,71.4,6.1,1.5,16.4,100.0,111.2,104.1,
https://www.basketball-reference.com/boxscores/201611160SAC.html,"10:30 PM, November 16, 2016",Sacramento Kings,San Antonio Spurs,105,110,SAS,,,Team Totals,240,43,88,.489,11,30,.367,13,17,.765,9,28,37,29,11,7,11,21,110,,,Team Totals,240,.576,.551,.341,.193,20.0,73.7,44.6,67.4,11.6,12.5,10.3,100.0,115.6,110.3,
https://www.basketball-reference.com/boxscores/201611160SAC.html,"10:30 PM, November 16, 2016",Sacramento Kings,San Antonio Spurs,105,110,SAC,,,Team Totals,240,36,76,.474,9,20,.450,24,31,.774,10,36,46,21,5,3,17,17,105,,,Team Totals,240,.586,.533,.263,.408,26.3,80.0,55.4,58.3,5.3,5.2,15.9,100.0,110.3,115.6,
https://www.basketball-reference.com/boxscores/201611160TOR.html,"8:00 PM, November 16, 2016",Toronto Raptors,Golden State Warriors,121,127,GSW,,,Team Totals,240,44,87,.506,13,36,.361,26,28,.929,7,28,35,33,9,7,12,25,127,,,Team Totals,240,.639,.580,.414,.322,17.5,68.3,43.2,75.0,9.0,12.3,10.8,100.0,126.8,120.8,
https://www.basketball-reference.com/boxscores/201611160TOR.html,"8:00 PM, November 16, 2016",Toronto Raptors,Golden State Warriors,121,127,TOR,,,Team Totals,240,37,82,.451,10,25,.400,37,41,.902,13,33,46,16,8,1,15,22,121,,,Team Totals,240,.605,.512,.305,.500,31.7,82.5,56.8,43.2,8.0,2.0,13.0,100.0,120.8,126.8,
https://www.basketball-reference.com/boxscores/201611170HOU.html,"8:00 PM, November 17, 2016",Houston Rockets,Portland Trail Blazers,126,109,POR,,,Team Totals,240,41,90,.456,10,28,.357,17,21,.810,10,31,41,24,6,4,13,19,109,,,Team Totals,240,.549,.511,.311,.233,21.3,64.6,43.2,58.5,6.0,6.3,11.6,100.0,109.2,126.2,
https://www.basketball-reference.com/boxscores/201611170HOU.html,"8:00 PM, November 17, 2016",Houston Rockets,Portland Trail Blazers,126,109,HOU,,,Team Totals,240,46,95,.484,14,32,.438,20,25,.800,17,37,54,26,6,6,13,17,126,,,Team Totals,240,.594,.558,.337,.263,35.4,78.7,56.8,56.5,6.0,9.7,10.9,100.0,126.2,109.2,
https://www.basketball-reference.com/boxscores/201611170MIA.html,"7:30 PM, November 17, 2016",Miami Heat,Milwaukee Bucks,96,73,MIL,,,Team Totals,240,28,85,.329,7,23,.304,10,13,.769,12,36,48,20,4,8,15,20,73,,,Team Totals,240,.402,.371,.271,.153,22.2,67.9,44.9,71.4,4.3,11.9,14.2,100.0,78.9,103.7,
https://www.basketball-reference.com/boxscores/201611170MIA.html,"7:30 PM, November 17, 2016",Miami Heat,Milwaukee Bucks,96,73,MIA,,,Team Totals,240,39,97,.402,7,30,.233,11,21,.524,17,42,59,19,5,8,8,18,96,,,Team Totals,240,.452,.438,.309,.216,32.1,77.8,55.1,48.7,5.4,12.9,7.0,100.0,103.7,78.9,
https://www.basketball-reference.com/boxscores/201611170MIN.html,"8:00 PM, November 17, 2016",Minnesota Timberwolves,Philadelphia 76ers,110,86,PHI,,,Team Totals,240,31,83,.373,9,32,.281,15,19,.789,13,27,40,15,9,2,17,17,86,,,Team Totals,240,.471,.428,.386,.229,27.7,65.9,45.5,48.4,9.9,3.4,15.7,100.0,94.4,120.7,
https://www.basketball-reference.com/boxscores/201611170MIN.html,"8:00 PM, November 17, 2016",Minnesota Timberwolves,Philadelphia 76ers,110,86,MIN,,,Team Totals,240,43,84,.512,6,25,.240,18,20,.900,14,34,48,18,7,8,13,19,110,,,Team Totals,240,.593,.548,.298,.238,34.1,72.3,54.5,41.9,7.7,15.7,12.3,100.0,120.7,94.4,
https://www.basketball-reference.com/boxscores/201611170UTA.html,"10:30 PM, November 17, 2016",Utah Jazz,Chicago Bulls,77,85,CHI,,,Team Totals,240,33,90,.367,5,17,.294,14,16,.875,14,32,46,8,7,6,8,16,85,,,Team Totals,240,.438,.394,.189,.178,26.9,76.2,48.9,24.2,8.1,11.3,7.6,100.0,98.6,89.4,
https://www.basketball-reference.com/boxscores/201611170UTA.html,"10:30 PM, November 17, 2016",Utah Jazz,Chicago Bulls,77,85,UTA,,,Team Totals,240,30,78,.385,5,25,.200,12,14,.857,10,38,48,11,4,3,13,14,77,,,Team Totals,240,.457,.417,.321,.179,23.8,73.1,51.1,36.7,4.6,4.1,13.4,100.0,89.4,98.6,
https://www.basketball-reference.com/boxscores/201611170WAS.html,"7:00 PM, November 17, 2016",Washington Wizards,New York Knicks,119,112,NYK,,,Team Totals,240,41,86,.477,12,29,.414,18,20,.900,10,26,36,23,9,1,16,20,112,,,Team Totals,240,.591,.547,.337,.233,25.0,78.8,49.3,56.1,9.3,1.8,14.4,100.0,115.6,122.8,
https://www.basketball-reference.com/boxscores/201611170WAS.html,"7:00 PM, November 17, 2016",Washington Wizards,New York Knicks,119,112,WAS,,,Team Totals,240,44,81,.543,15,25,.600,16,18,.889,7,30,37,26,7,2,16,21,119,,,Team Totals,240,.669,.636,.309,.222,21.2,75.0,50.7,59.1,7.2,3.5,15.2,100.0,122.8,115.6,
https://www.basketball-reference.com/boxscores/201611180BOS.html,"8:00 PM, November 18, 2016",Boston Celtics,Golden State Warriors,88,104,GSW,,,Team Totals,240,44,90,.489,9,28,.321,7,12,.583,9,41,50,33,10,7,11,20,104,,,Team Totals,240,.546,.539,.311,.133,20.0,85.4,53.8,75.0,10.4,13.7,10.4,100.0,108.6,91.9,
https://www.basketball-reference.com/boxscores/201611180BOS.html,"8:00 PM, November 18, 2016",Boston Celtics,Golden State Warriors,88,104,BOS,,,Team Totals,240,31,83,.373,11,32,.344,15,19,.789,7,36,43,19,6,3,13,12,88,,,Team Totals,240,.482,.440,.386,.229,14.6,80.0,46.2,61.3,6.3,4.8,12.5,100.0,91.9,108.6,
https://www.basketball-reference.com/boxscores/201611180CHO.html,"7:00 PM, November 18, 2016",Charlotte Hornets,Atlanta Hawks,100,96,ATL,,,Team Totals,240,39,84,.464,7,28,.250,11,17,.647,8,41,49,25,9,6,17,18,96,,,Team Totals,240,.525,.506,.333,.202,18.2,83.7,52.7,64.1,9.0,9.8,15.7,100.0,95.8,99.8,
https://www.basketball-reference.com/boxscores/201611180CHO.html,"7:00 PM, November 18, 2016",Charlotte Hornets,Atlanta Hawks,100,96,CHO,,,Team Totals,240,37,90,.411,10,29,.345,16,24,.667,8,36,44,25,11,4,11,16,100,,,Team Totals,240,.497,.467,.322,.267,16.3,81.8,47.3,67.6,11.0,7.1,9.9,100.0,99.8,95.8,
https://www.basketball-reference.com/boxscores/201611180CLE.html,"7:30 PM, November 18, 2016",Cleveland Cavaliers,Detroit Pistons,104,81,DET,,,Team Totals,240,29,93,.312,6,19,.316,17,20,.850,11,33,44,23,5,4,7,15,81,,,Team Totals,240,.398,.344,.204,.215,19.0,86.8,45.8,79.3,5.2,6.9,6.4,100.0,85.0,109.2,
https://www.basketball-reference.com/boxscores/201611180CLE.html,"7:30 PM, November 18, 2016",Cleveland Cavaliers,Detroit Pistons,104,81,CLE,,,Team Totals,240,40,83,.482,11,25,.440,13,14,.929,5,47,52,26,4,8,13,14,104,,,Team Totals,240,.583,.548,.301,.169,13.2,81.0,54.2,65.0,4.2,10.8,12.7,100.0,109.2,85.0,
https://www.basketball-reference.com/boxscores/201611180DAL.html,"8:30 PM, November 18, 2016",Dallas Mavericks,Memphis Grizzlies,64,80,MEM,,,Team Totals,240,31,77,.403,9,25,.360,9,12,.750,7,41,48,16,7,3,13,25,80,,,Team Totals,240,.486,.461,.325,.156,16.7,80.4,51.6,51.6,8.0,6.3,13.6,100.0,91.7,73.4,
https://www.basketball-reference.com/boxscores/201611180DAL.html,"8:30 PM, November 18, 2016",Dallas Mavericks,Memphis Grizzlies,64,80,DAL,,,Team Totals,240,21,73,.288,5,25,.200,17,22,.773,10,35,45,9,3,7,17,14,64,,,Team Totals,240,.387,.322,.342,.301,19.6,83.3,48.4,42.9,3.4,13.5,17.1,100.0,73.4,91.7,
https://www.basketball-reference.com/boxscores/201611180DEN.html,"9:00 PM, November 18, 2016",Denver Nuggets,Toronto Raptors,111,113,TOR,,,Team Totals,265,43,94,.457,8,23,.348,19,31,.613,6,38,44,23,8,2,11,25,113,,,Team Totals,265,.525,.500,.245,.330,10.7,80.9,42.7,53.5,7.3,3.4,9.3,100.0,102.7,100.8,
https://www.basketball-reference.com/boxscores/201611180DEN.html,"9:00 PM, November 18, 2016",Denver Nuggets,Toronto Raptors,111,113,DEN,,,Team Totals,265,39,83,.470,4,25,.160,29,39,.744,9,50,59,29,7,4,19,26,111,,,Team Totals,265,.554,.494,.301,.470,19.1,89.3,57.3,74.4,6.4,5.6,15.9,100.0,100.8,102.7,
https://www.basketball-reference.com/boxscores/201611180IND.html,"7:00 PM, November 18, 2016",Indiana Pacers,Phoenix Suns,96,116,PHO,,,Team Totals,240,46,97,.474,9,26,.346,15,18,.833,18,28,46,21,14,7,12,28,116,,,Team Totals,240,.553,.521,.268,.186,41.9,73.7,56.8,45.7,14.9,10.1,10.3,100.0,123.6,102.3,
https://www.basketball-reference.com/boxscores/201611180IND.html,"7:00 PM, November 18, 2016",Indiana Pacers,Phoenix Suns,96,116,IND,,,Team Totals,240,36,76,.474,1,7,.143,23,29,.793,10,25,35,18,5,8,18,19,96,,,Team Totals,240,.541,.480,.092,.382,26.3,58.1,43.2,50.0,5.3,11.3,16.9,100.0,102.3,123.6,
https://www.basketball-reference.com/boxscores/201611180LAL.html,"10:30 PM, November 18, 2016",Los Angeles Lakers,San Antonio Spurs,107,116,SAS,,,Team Totals,240,44,78,.564,10,24,.417,18,19,.947,3,31,34,30,8,6,12,18,116,,,Team Totals,240,.672,.628,.308,.244,9.1,67.4,43.0,68.2,8.6,9.7,12.2,100.0,124.1,114.5,
https://www.basketball-reference.com/boxscores/201611180LAL.html,"10:30 PM, November 18, 2016",Los Angeles Lakers,San Antonio Spurs,107,116,LAL,,,Team Totals,240,39,87,.448,12,25,.480,17,21,.810,15,30,45,24,6,1,14,21,107,,,Team Totals,240,.556,.517,.287,.241,32.6,90.9,57.0,61.5,6.4,1.9,12.7,100.0,114.5,124.1,
https://www.basketball-reference.com/boxscores/201611180NOP.html,"8:00 PM, November 18, 2016",New Orleans Pelicans,Portland Trail Blazers,113,101,POR,,,Team Totals,240,33,88,.375,12,34,.353,23,26,.885,13,35,48,19,2,1,14,21,101,,,Team Totals,240,.508,.443,.386,.295,26.5,97.2,56.5,57.6,2.1,1.7,12.3,100.0,103.8,116.1,
https://www.basketball-reference.com/boxscores/201611180NOP.html,"8:00 PM, November 18, 2016",New Orleans Pelicans,Portland Trail Blazers,113,101,NOP,,,Team Totals,240,45,82,.549,9,24,.375,14,20,.700,1,36,37,31,9,12,9,21,113,,,Team Totals,240,.622,.604,.293,.244,2.8,73.5,43.5,68.9,9.2,22.2,9.0,100.0,116.1,103.8,
https://www.basketball-reference.com/boxscores/201611180OKC.html,"8:00 PM, November 18, 2016",Oklahoma City Thunder,Brooklyn Nets,124,105,BRK,,,Team Totals,240,35,83,.422,11,29,.379,24,30,.800,7,23,30,19,6,2,16,19,105,,,Team Totals,240,.546,.488,.349,.361,16.3,69.7,39.5,54.3,5.9,3.2,14.3,100.0,102.8,121.4,
https://www.basketball-reference.com/boxscores/201611180OKC.html,"8:00 PM, November 18, 2016",Oklahoma City Thunder,Brooklyn Nets,124,105,OKC,,,Team Totals,240,49,89,.551,7,26,.269,19,24,.792,10,36,46,23,9,5,16,24,124,,,Team Totals,240,.623,.590,.292,.270,30.3,83.7,60.5,46.9,8.8,9.3,13.8,100.0,121.4,102.8,
https://www.basketball-reference.com/boxscores/201611180SAC.html,"10:30 PM, November 18, 2016",Sacramento Kings,Los Angeles Clippers,115,121,LAC,,,Team Totals,240,40,76,.526,13,29,.448,28,34,.824,5,32,37,27,7,6,14,24,121,,,Team Totals,240,.665,.612,.382,.447,15.2,78.0,50.0,67.5,6.9,10.0,13.3,100.0,120.1,114.1,
https://www.basketball-reference.com/boxscores/201611180SAC.html,"10:30 PM, November 18, 2016",Sacramento Kings,Los Angeles Clippers,115,121,SAC,,,Team Totals,240,38,86,.442,10,26,.385,29,35,.829,9,28,37,21,7,4,15,24,115,,,Team Totals,240,.567,.500,.302,.407,22.0,84.8,50.0,55.3,6.9,8.5,12.9,100.0,114.1,120.1,
https://www.basketball-reference.com/boxscores/201611190DET.html,"7:00 PM, November 19, 2016",Detroit Pistons,Boston Celtics,92,94,BOS,,,Team Totals,240,33,82,.402,12,31,.387,16,17,.941,9,37,46,22,3,7,8,13,94,,,Team Totals,240,.525,.476,.378,.207,18.8,77.1,47.9,66.7,3.4,10.6,8.2,100.0,107.8,105.5,
https://www.basketball-reference.com/boxscores/201611190DET.html,"7:00 PM, November 19, 2016",Detroit Pistons,Boston Celtics,92,94,DET,,,Team Totals,240,37,86,.430,7,20,.350,11,16,.688,11,39,50,22,5,4,7,13,92,,,Team Totals,240,.494,.471,.233,.186,22.9,81.3,52.1,59.5,5.7,7.8,7.0,100.0,105.5,107.8,
https://www.basketball-reference.com/boxscores/201611190HOU.html,"5:00 PM, November 19, 2016",Houston Rockets,Utah Jazz,111,102,UTA,,,Team Totals,240,39,76,.513,12,27,.444,12,17,.706,5,38,43,22,3,5,14,17,102,,,Team Totals,240,.611,.592,.355,.224,14.7,79.2,52.4,56.4,3.2,8.1,14.4,100.0,109.5,119.1,
https://www.basketball-reference.com/boxscores/201611190HOU.html,"5:00 PM, November 19, 2016",Houston Rockets,Utah Jazz,111,102,HOU,,,Team Totals,240,42,94,.447,12,32,.375,15,20,.750,10,29,39,28,8,3,5,16,111,,,Team Totals,240,.540,.511,.340,.213,20.8,85.3,47.6,66.7,8.6,6.1,4.6,100.0,119.1,109.5,
https://www.basketball-reference.com/boxscores/201611190LAC.html,"10:30 PM, November 19, 2016",Los Angeles Clippers,Chicago Bulls,102,95,CHI,,,Team Totals,240,33,77,.429,9,30,.300,20,24,.833,15,26,41,17,7,4,14,20,95,,,Team Totals,240,.542,.487,.390,.312,35.7,70.3,51.9,51.5,8.2,8.0,13.8,100.0,111.8,120.0,
https://www.basketball-reference.com/boxscores/201611190LAC.html,"10:30 PM, November 19, 2016",Los Angeles Clippers,Chicago Bulls,102,95,LAC,,,Team Totals,240,36,77,.468,11,27,.407,19,23,.826,11,27,38,20,6,2,13,20,102,,,Team Totals,240,.585,.539,.351,.299,29.7,64.3,48.1,55.6,7.1,4.3,13.0,100.0,120.0,111.8,
https://www.basketball-reference.com/boxscores/201611190MEM.html,"8:00 PM, November 19, 2016",Memphis Grizzlies,Minnesota Timberwolves,93,71,MIN,,,Team Totals,240,25,64,.391,7,22,.318,14,22,.636,5,29,34,16,5,5,19,25,71,,,Team Totals,240,.482,.445,.344,.344,13.2,69.0,42.5,64.0,5.8,8.6,20.5,100.0,82.6,108.2,
https://www.basketball-reference.com/boxscores/201611190MEM.html,"8:00 PM, November 19, 2016",Memphis Grizzlies,Minnesota Timberwolves,93,71,MEM,,,Team Totals,240,29,76,.382,2,18,.111,33,38,.868,13,33,46,15,8,7,10,19,93,,,Team Totals,240,.502,.395,.237,.500,31.0,86.8,57.5,51.7,9.3,16.7,9.7,100.0,108.2,82.6,
https://www.basketball-reference.com/boxscores/201611190MIL.html,"8:30 PM, November 19, 2016",Milwaukee Bucks,Golden State Warriors,121,124,GSW,,,Team Totals,240,42,95,.442,14,38,.368,26,32,.813,18,27,45,30,8,5,12,25,124,,,Team Totals,240,.568,.516,.400,.337,36.7,73.0,52.3,71.4,8.1,7.2,9.9,100.0,124.9,121.9,
https://www.basketball-reference.com/boxscores/201611190MIL.html,"8:30 PM, November 19, 2016",Milwaukee Bucks,Golden State Warriors,121,124,MIL,,,Team Totals,240,46,89,.517,10,20,.500,19,25,.760,10,31,41,27,7,1,13,23,121,,,Team Totals,240,.605,.573,.225,.281,27.0,63.3,47.7,58.7,7.1,1.8,11.5,100.0,121.9,124.9,
https://www.basketball-reference.com/boxscores/201611190NOP.html,"7:00 PM, November 19, 2016",New Orleans Pelicans,Charlotte Hornets,121,116,CHO,,,Team Totals,265,40,97,.412,15,43,.349,21,28,.750,8,44,52,29,7,5,15,21,116,,,Team Totals,265,.531,.490,.443,.289,15.7,81.5,49.5,72.5,6.3,8.1,12.1,100.0,104.2,108.6,
https://www.basketball-reference.com/boxscores/201611190NOP.html,"7:00 PM, November 19, 2016",New Orleans Pelicans,Charlotte Hornets,121,116,NOP,,,Team Totals,265,43,98,.439,14,36,.389,21,25,.840,10,43,53,27,9,6,12,23,121,,,Team Totals,265,.555,.510,.367,.255,18.5,84.3,50.5,62.8,8.1,11.1,9.9,100.0,108.6,104.2,
https://www.basketball-reference.com/boxscores/201611190ORL.html,"7:00 PM, November 19, 2016",Orlando Magic,Dallas Mavericks,95,87,DAL,,,Team Totals,240,26,77,.338,13,28,.464,22,27,.815,5,29,34,13,8,5,14,16,87,,,Team Totals,240,.489,.422,.364,.351,11.1,74.4,40.5,50.0,8.4,8.8,13.6,100.0,91.4,99.8,
https://www.basketball-reference.com/boxscores/201611190ORL.html,"7:00 PM, November 19, 2016",Orlando Magic,Dallas Mavericks,95,87,ORL,,,Team Totals,240,34,78,.436,8,21,.381,19,22,.864,10,40,50,17,6,8,20,21,95,,,Team Totals,240,.542,.487,.269,.282,25.6,88.9,59.5,50.0,6.3,16.3,18.6,100.0,99.8,91.4,
https://www.basketball-reference.com/boxscores/201611190PHI.html,"7:30 PM, November 19, 2016",Philadelphia 76ers,Phoenix Suns,120,105,PHO,,,Team Totals,240,39,92,.424,6,21,.286,21,34,.618,12,32,44,18,11,7,15,19,105,,,Team Totals,240,.491,.457,.228,.370,24.0,84.2,50.0,46.2,10.3,13.7,12.3,100.0,98.6,112.6,
https://www.basketball-reference.com/boxscores/201611190PHI.html,"7:30 PM, November 19, 2016",Philadelphia 76ers,Phoenix Suns,120,105,PHI,,,Team Totals,240,45,86,.523,17,35,.486,13,20,.650,6,38,44,33,11,9,19,23,120,,,Team Totals,240,.633,.622,.407,.233,15.8,76.0,50.0,73.3,10.3,12.7,16.7,100.0,112.6,98.6,
https://www.basketball-reference.com/boxscores/201611190WAS.html,"7:00 PM, November 19, 2016",Washington Wizards,Miami Heat,111,114,MIA,,,Team Totals,240,43,85,.506,13,27,.481,15,26,.577,17,30,47,21,6,7,17,21,114,,,Team Totals,240,.591,.582,.318,.306,38.6,69.8,54.0,48.8,6.3,11.3,15.0,100.0,120.2,117.1,
https://www.basketball-reference.com/boxscores/201611190WAS.html,"7:00 PM, November 19, 2016",Washington Wizards,Miami Heat,111,114,WAS,,,Team Totals,240,42,89,.472,11,27,.407,16,22,.727,13,27,40,22,9,2,12,22,111,,,Team Totals,240,.562,.534,.303,.247,30.2,61.4,46.0,52.4,9.5,3.4,10.8,100.0,117.1,120.2,
https://www.basketball-reference.com/boxscores/201611200BRK.html,"3:30 PM, November 20, 2016",Brooklyn Nets,Portland Trail Blazers,109,129,POR,,,Team Totals,240,49,85,.576,15,36,.417,16,21,.762,8,42,50,23,4,7,15,30,129,,,Team Totals,240,.684,.665,.424,.247,24.2,79.2,58.1,46.9,4.0,12.1,13.7,100.0,127.7,107.9,
https://www.basketball-reference.com/boxscores/201611200BRK.html,"3:30 PM, November 20, 2016",Brooklyn Nets,Portland Trail Blazers,109,129,BRK,,,Team Totals,240,37,93,.398,10,35,.286,25,31,.806,11,25,36,22,5,3,10,20,109,,,Team Totals,240,.511,.452,.376,.333,20.8,75.8,41.9,59.5,4.9,6.1,8.6,100.0,107.9,127.7,
https://www.basketball-reference.com/boxscores/201611200DEN.html,"9:00 PM, November 20, 2016",Denver Nuggets,Utah Jazz,105,91,UTA,,,Team Totals,240,33,85,.388,7,27,.259,18,23,.783,14,35,49,15,3,6,10,22,91,,,Team Totals,240,.478,.429,.318,.271,27.5,74.5,50.0,45.5,3.3,9.4,9.5,100.0,99.0,114.2,
https://www.basketball-reference.com/boxscores/201611200DEN.html,"9:00 PM, November 20, 2016",Denver Nuggets,Utah Jazz,105,91,DEN,,,Team Totals,240,42,86,.488,8,22,.364,13,30,.433,12,37,49,31,4,3,9,19,105,,,Team Totals,240,.529,.535,.256,.349,25.5,72.5,50.0,73.8,4.4,5.2,8.3,100.0,114.2,99.0,
https://www.basketball-reference.com/boxscores/201611200LAL.html,"9:30 PM, November 20, 2016",Los Angeles Lakers,Chicago Bulls,110,118,CHI,,,Team Totals,240,45,87,.517,8,22,.364,20,28,.714,16,40,56,27,6,3,18,16,118,,,Team Totals,240,.594,.563,.253,.322,37.2,80.0,60.2,60.0,6.0,4.8,15.3,100.0,118.1,110.1,
https://www.basketball-reference.com/boxscores/201611200LAL.html,"9:30 PM, November 20, 2016",Los Angeles Lakers,Chicago Bulls,110,118,LAL,,,Team Totals,240,41,93,.441,13,31,.419,15,21,.714,10,27,37,26,11,3,10,19,110,,,Team Totals,240,.538,.511,.333,.226,20.0,62.8,39.8,63.4,11.0,4.6,8.9,100.0,110.1,118.1,
https://www.basketball-reference.com/boxscores/201611200NYK.html,"12:00 PM, November 20, 2016",New York Knicks,Atlanta Hawks,104,94,ATL,,,Team Totals,240,34,85,.400,6,21,.286,20,29,.690,14,34,48,17,7,6,13,15,94,,,Team Totals,240,.481,.435,.247,.341,26.4,75.6,49.0,50.0,7.3,9.8,11.7,100.0,98.0,108.5,
https://www.basketball-reference.com/boxscores/201611200NYK.html,"12:00 PM, November 20, 2016",New York Knicks,Atlanta Hawks,104,94,NYK,,,Team Totals,240,42,88,.477,10,27,.370,10,14,.714,11,39,50,21,8,1,15,23,104,,,Team Totals,240,.552,.534,.307,.159,24.4,73.6,51.0,50.0,8.3,1.6,13.7,100.0,108.5,98.0,
https://www.basketball-reference.com/boxscores/201611200OKC.html,"7:00 PM, November 20, 2016",Oklahoma City Thunder,Indiana Pacers,111,115,IND,,,Team Totals,265,40,89,.449,11,22,.500,24,31,.774,15,36,51,23,13,2,22,20,115,,,Team Totals,265,.560,.511,.247,.348,30.6,70.6,51.0,57.5,11.9,3.1,17.7,100.0,105.7,102.0,
https://www.basketball-reference.com/boxscores/201611200OKC.html,"7:00 PM, November 20, 2016",Oklahoma City Thunder,Indiana Pacers,111,115,OKC,,,Team Totals,265,44,101,.436,10,36,.278,13,18,.722,15,34,49,28,10,7,20,23,111,,,Team Totals,265,.510,.485,.356,.178,29.4,69.4,49.0,63.6,9.2,10.4,15.5,100.0,102.0,105.7,
https://www.basketball-reference.com/boxscores/201611200SAC.html,"9:00 PM, November 20, 2016",Sacramento Kings,Toronto Raptors,102,99,TOR,,,Team Totals,240,34,85,.400,9,24,.375,22,24,.917,16,32,48,16,7,6,15,21,99,,,Team Totals,240,.518,.453,.282,.282,32.7,88.9,56.5,47.1,7.3,11.1,13.6,100.0,103.4,106.6,
https://www.basketball-reference.com/boxscores/201611200SAC.html,"9:00 PM, November 20, 2016",Sacramento Kings,Toronto Raptors,102,99,SAC,,,Team Totals,240,36,81,.444,11,27,.407,19,25,.760,4,33,37,26,8,8,14,18,102,,,Team Totals,240,.554,.512,.333,.309,11.1,67.3,43.5,72.2,8.4,13.1,13.2,100.0,106.6,103.4,
https://www.basketball-reference.com/boxscores/201611210CHO.html,"7:00 PM, November 21, 2016",Charlotte Hornets,Memphis Grizzlies,90,105,MEM,,,Team Totals,240,40,84,.476,12,26,.462,13,17,.765,6,34,40,24,7,8,10,24,105,,,Team Totals,240,.574,.548,.310,.202,16.2,81.0,50.6,60.0,7.7,19.0,9.9,100.0,115.6,99.1,
https://www.basketball-reference.com/boxscores/201611210CHO.html,"7:00 PM, November 21, 2016",Charlotte Hornets,Memphis Grizzlies,90,105,CHO,,,Team Totals,240,30,73,.411,9,31,.290,21,33,.636,8,31,39,20,6,9,11,13,90,,,Team Totals,240,.514,.473,.425,.452,19.0,83.8,49.4,66.7,6.6,15.5,11.2,100.0,99.1,115.6,
https://www.basketball-reference.com/boxscores/201611210DET.html,"7:30 PM, November 21, 2016",Detroit Pistons,Houston Rockets,96,99,HOU,,,Team Totals,240,35,78,.449,10,31,.323,19,27,.704,12,34,46,22,4,6,18,20,99,,,Team Totals,240,.551,.513,.397,.346,30.8,73.9,54.1,62.9,4.2,8.6,16.7,100.0,104.8,101.6,
https://www.basketball-reference.com/boxscores/201611210DET.html,"7:30 PM, November 21, 2016",Detroit Pistons,Houston Rockets,96,99,DET,,,Team Totals,240,36,87,.414,7,17,.412,17,24,.708,12,27,39,19,7,3,14,20,96,,,Team Totals,240,.492,.454,.195,.276,26.1,69.2,45.9,52.8,7.4,6.4,12.5,100.0,101.6,104.8,
https://www.basketball-reference.com/boxscores/201611210IND.html,"7:00 PM, November 21, 2016",Indiana Pacers,Golden State Warriors,83,120,GSW,,,Team Totals,240,40,90,.444,13,36,.361,27,32,.844,12,48,60,31,9,10,12,17,120,,,Team Totals,240,.576,.517,.400,.356,26.1,76.2,55.0,77.5,8.8,12.5,10.3,100.0,117.8,81.4,
https://www.basketball-reference.com/boxscores/201611210IND.html,"7:00 PM, November 21, 2016",Indiana Pacers,Golden State Warriors,83,120,IND,,,Team Totals,240,33,103,.320,6,23,.261,11,12,.917,15,34,49,13,5,4,13,23,83,,,Team Totals,240,.383,.350,.223,.117,23.8,73.9,45.0,39.4,4.9,7.4,10.7,100.0,81.4,117.8,
https://www.basketball-reference.com/boxscores/201611210LAC.html,"10:30 PM, November 21, 2016",Los Angeles Clippers,Toronto Raptors,123,115,TOR,,,Team Totals,240,40,80,.500,8,19,.421,27,32,.844,4,28,32,19,10,2,11,31,115,,,Team Totals,240,.611,.550,.238,.400,10.0,82.4,43.2,47.5,10.1,4.1,10.5,100.0,115.7,123.8,
https://www.basketball-reference.com/boxscores/201611210LAC.html,"10:30 PM, November 21, 2016",Los Angeles Clippers,Toronto Raptors,123,115,LAC,,,Team Totals,240,39,74,.527,10,25,.400,35,42,.833,6,36,42,23,5,4,15,24,123,,,Team Totals,240,.665,.595,.338,.568,17.6,90.0,56.8,59.0,5.0,6.6,14.0,100.0,123.8,115.7,
https://www.basketball-reference.com/boxscores/201611210MIL.html,"8:00 PM, November 21, 2016",Milwaukee Bucks,Orlando Magic,93,89,ORL,,,Team Totals,240,32,77,.416,7,25,.280,18,24,.750,10,44,54,21,8,5,25,18,89,,,Team Totals,240,.508,.461,.325,.312,25.0,86.3,59.3,65.6,8.0,8.8,22.2,100.0,88.8,92.8,
https://www.basketball-reference.com/boxscores/201611210MIL.html,"8:00 PM, November 21, 2016",Milwaukee Bucks,Orlando Magic,93,89,MIL,,,Team Totals,240,35,86,.407,8,29,.276,15,21,.714,7,30,37,25,16,9,14,22,93,,,Team Totals,240,.488,.453,.337,.244,13.7,75.0,40.7,71.4,16.0,17.3,12.8,100.0,92.8,88.8,
https://www.basketball-reference.com/boxscores/201611210MIN.html,"8:00 PM, November 21, 2016",Minnesota Timberwolves,Boston Celtics,93,99,BOS,,,Team Totals,240,38,84,.452,12,38,.316,11,14,.786,6,33,39,20,5,4,12,21,99,,,Team Totals,240,.549,.524,.452,.167,14.6,67.3,43.3,52.6,5.3,6.5,11.7,100.0,105.4,99.0,
https://www.basketball-reference.com/boxscores/201611210MIN.html,"8:00 PM, November 21, 2016",Minnesota Timberwolves,Boston Celtics,93,99,MIN,,,Team Totals,240,36,86,.419,4,24,.167,17,25,.680,16,35,51,23,5,4,15,19,93,,,Team Totals,240,.479,.442,.279,.291,32.7,85.4,56.7,63.9,5.3,8.7,13.4,100.0,99.0,105.4,
https://www.basketball-reference.com/boxscores/201611210PHI.html,"7:00 PM, November 21, 2016",Philadelphia 76ers,Miami Heat,101,94,MIA,,,Team Totals,240,34,88,.386,7,31,.226,19,28,.679,21,29,50,17,7,6,15,22,94,,,Team Totals,240,.469,.426,.352,.318,38.9,80.6,55.6,50.0,7.6,11.5,13.0,100.0,102.1,109.7,
https://www.basketball-reference.com/boxscores/201611210PHI.html,"7:00 PM, November 21, 2016",Philadelphia 76ers,Miami Heat,101,94,PHI,,,Team Totals,240,37,78,.474,11,26,.423,16,20,.800,7,33,40,21,8,5,15,25,101,,,Team Totals,240,.582,.545,.333,.256,19.4,61.1,44.4,56.8,8.7,8.8,14.7,100.0,109.7,102.1,
https://www.basketball-reference.com/boxscores/201611210SAS.html,"8:30 PM, November 21, 2016",San Antonio Spurs,Dallas Mavericks,96,91,DAL,,,Team Totals,240,35,74,.473,8,27,.296,13,20,.650,10,30,40,16,10,3,17,23,91,,,Team Totals,240,.550,.527,.365,.270,24.4,78.9,50.6,45.7,11.2,5.5,17.0,100.0,101.8,107.4,
https://www.basketball-reference.com/boxscores/201611210SAS.html,"8:30 PM, November 21, 2016",San Antonio Spurs,Dallas Mavericks,96,91,SAS,,,Team Totals,240,35,75,.467,8,20,.400,18,25,.720,8,31,39,24,9,1,14,18,96,,,Team Totals,240,.558,.520,.267,.333,21.1,75.6,49.4,68.6,10.1,2.1,14.0,100.0,107.4,101.8,
https://www.basketball-reference.com/boxscores/201611210WAS.html,"7:00 PM, November 21, 2016",Washington Wizards,Phoenix Suns,106,101,PHO,,,Team Totals,240,39,91,.429,11,27,.407,12,15,.800,13,39,52,22,3,7,21,24,101,,,Team Totals,240,.517,.489,.297,.165,29.5,73.6,53.6,56.4,3.0,11.1,17.7,100.0,99.6,104.5,
https://www.basketball-reference.com/boxscores/201611210WAS.html,"7:00 PM, November 21, 2016",Washington Wizards,Phoenix Suns,106,101,WAS,,,Team Totals,240,37,91,.407,10,28,.357,22,34,.647,14,31,45,25,8,4,12,19,106,,,Team Totals,240,.500,.462,.308,.374,26.4,70.5,46.4,67.6,7.9,6.3,10.2,100.0,104.5,99.6,
https://www.basketball-reference.com/boxscores/201611220ATL.html,"7:30 PM, November 22, 2016",Atlanta Hawks,New Orleans Pelicans,94,112,NOP,,,Team Totals,240,45,86,.523,11,25,.440,11,12,.917,5,35,40,29,11,9,11,16,112,,,Team Totals,240,.613,.587,.291,.140,12.8,85.4,50.0,64.4,11.4,16.1,10.8,100.0,116.1,97.4,
https://www.basketball-reference.com/boxscores/201611220ATL.html,"7:30 PM, November 22, 2016",Atlanta Hawks,New Orleans Pelicans,94,112,ATL,,,Team Totals,240,39,85,.459,10,29,.345,6,10,.600,6,34,40,22,5,6,15,15,94,,,Team Totals,240,.526,.518,.341,.118,14.6,87.2,50.0,56.4,5.2,9.8,14.4,100.0,97.4,116.1,
https://www.basketball-reference.com/boxscores/201611220DEN.html,"9:00 PM, November 22, 2016",Denver Nuggets,Chicago Bulls,110,107,CHI,,,Team Totals,240,43,95,.453,6,18,.333,15,18,.833,10,38,48,22,6,11,7,18,107,,,Team Totals,240,.520,.484,.189,.189,20.8,69.1,46.6,51.2,6.1,14.1,6.4,100.0,109.4,112.5,
https://www.basketball-reference.com/boxscores/201611220DEN.html,"9:00 PM, November 22, 2016",Denver Nuggets,Chicago Bulls,110,107,DEN,,,Team Totals,240,43,100,.430,10,22,.455,14,17,.824,17,38,55,26,5,6,10,14,110,,,Team Totals,240,.512,.480,.220,.170,30.9,79.2,53.4,60.5,5.1,7.8,8.5,100.0,112.5,109.4,
https://www.basketball-reference.com/boxscores/201611220LAL.html,"10:30 PM, November 22, 2016",Los Angeles Lakers,Oklahoma City Thunder,111,109,OKC,,,Team Totals,240,45,92,.489,11,27,.407,8,11,.727,11,29,40,29,11,6,16,14,109,,,Team Totals,240,.563,.549,.293,.120,27.5,82.9,53.3,64.4,11.1,10.7,14.2,100.0,110.4,112.4,
https://www.basketball-reference.com/boxscores/201611220LAL.html,"10:30 PM, November 22, 2016",Los Angeles Lakers,Oklahoma City Thunder,111,109,LAL,,,Team Totals,240,42,83,.506,14,27,.519,13,16,.813,6,29,35,25,8,7,17,17,111,,,Team Totals,240,.616,.590,.325,.193,17.1,72.5,46.7,59.5,8.1,10.8,15.9,100.0,112.4,110.4,
https://www.basketball-reference.com/boxscores/201611220NYK.html,"7:30 PM, November 22, 2016",New York Knicks,Portland Trail Blazers,107,103,POR,,,Team Totals,240,38,86,.442,6,22,.273,21,26,.808,11,33,44,18,5,5,16,13,103,,,Team Totals,240,.529,.477,.256,.302,25.0,76.7,50.6,47.4,5.0,7.5,14.1,100.0,103.5,107.5,
https://www.basketball-reference.com/boxscores/201611220NYK.html,"7:30 PM, November 22, 2016",New York Knicks,Portland Trail Blazers,107,103,NYK,,,Team Totals,240,45,96,.469,9,29,.310,8,8,1.000,10,33,43,26,8,5,13,23,107,,,Team Totals,240,.538,.516,.302,.083,23.3,75.0,49.4,57.8,8.0,7.8,11.6,100.0,107.5,103.5,
https://www.basketball-reference.com/boxscores/201611230BRK.html,"7:30 PM, November 23, 2016",Brooklyn Nets,Boston Celtics,92,111,BOS,,,Team Totals,240,45,98,.459,15,38,.395,6,8,.750,12,39,51,26,13,6,14,22,111,,,Team Totals,240,.547,.536,.388,.082,25.0,81.3,53.1,57.8,12.7,10.9,12.1,100.0,108.6,90.0,
https://www.basketball-reference.com/boxscores/201611230BRK.html,"7:30 PM, November 23, 2016",Brooklyn Nets,Boston Celtics,92,111,BRK,,,Team Totals,240,34,86,.395,10,31,.323,14,22,.636,9,36,45,18,7,7,19,12,92,,,Team Totals,240,.481,.453,.360,.256,18.8,75.0,46.9,52.9,6.8,11.7,16.6,100.0,90.0,108.6,
https://www.basketball-reference.com/boxscores/201611230CHO.html,"7:00 PM, November 23, 2016",Charlotte Hornets,San Antonio Spurs,114,119,SAS,,,Team Totals,240,44,86,.512,13,31,.419,18,20,.900,8,26,34,28,9,8,10,18,119,,,Team Totals,240,.628,.587,.360,.233,20.0,68.4,43.6,63.6,9.4,11.6,9.5,100.0,123.7,118.5,
https://www.basketball-reference.com/boxscores/201611230CHO.html,"7:00 PM, November 23, 2016",Charlotte Hornets,San Antonio Spurs,114,119,CHO,,,Team Totals,240,45,89,.506,11,20,.550,13,18,.722,12,32,44,30,3,3,16,16,114,,,Team Totals,240,.588,.567,.225,.202,31.6,80.0,56.4,66.7,3.1,5.5,14.2,100.0,118.5,123.7,
https://www.basketball-reference.com/boxscores/201611230CLE.html,"7:00 PM, November 23, 2016",Cleveland Cavaliers,Portland Trail Blazers,137,125,POR,,,Team Totals,240,47,90,.522,13,29,.448,18,19,.947,9,29,38,27,6,6,9,23,125,,,Team Totals,240,.635,.594,.322,.211,22.0,76.3,48.1,57.4,6.1,11.1,8.4,100.0,126.5,138.6,
https://www.basketball-reference.com/boxscores/201611230CLE.html,"7:00 PM, November 23, 2016",Cleveland Cavaliers,Portland Trail Blazers,137,125,CLE,,,Team Totals,240,48,90,.533,21,36,.583,20,27,.741,9,32,41,30,6,3,11,15,137,,,Team Totals,240,.672,.650,.400,.300,23.7,78.0,51.9,62.5,6.1,4.9,9.7,100.0,138.6,126.5,
https://www.basketball-reference.com/boxscores/201611230DAL.html,"8:30 PM, November 23, 2016",Dallas Mavericks,Los Angeles Clippers,104,124,LAC,,,Team Totals,240,43,85,.506,15,32,.469,23,31,.742,6,37,43,26,11,4,10,17,124,,,Team Totals,240,.629,.594,.376,.365,15.0,78.7,49.4,60.5,11.1,6.7,9.2,100.0,125.6,105.4,
https://www.basketball-reference.com/boxscores/201611230DAL.html,"8:30 PM, November 23, 2016",Dallas Mavericks,Los Angeles Clippers,104,124,DAL,,,Team Totals,240,38,84,.452,11,24,.458,17,18,.944,10,34,44,23,7,3,16,24,104,,,Team Totals,240,.566,.518,.286,.214,21.3,85.0,50.6,60.5,7.1,5.7,14.8,100.0,105.4,125.6,
https://www.basketball-reference.com/boxscores/201611230DET.html,"7:30 PM, November 23, 2016",Detroit Pistons,Miami Heat,107,84,MIA,,,Team Totals,240,27,75,.360,7,26,.269,23,30,.767,7,30,37,19,5,4,14,22,84,,,Team Totals,240,.476,.407,.347,.400,15.2,75.0,43.0,70.4,5.3,6.5,13.7,100.0,89.7,114.3,
https://www.basketball-reference.com/boxscores/201611230DET.html,"7:30 PM, November 23, 2016",Detroit Pistons,Miami Heat,107,84,DET,,,Team Totals,240,40,81,.494,6,19,.316,21,25,.840,10,39,49,22,8,7,14,19,107,,,Team Totals,240,.582,.531,.235,.309,25.0,84.8,57.0,55.0,8.5,14.3,13.2,100.0,114.3,89.7,
https://www.basketball-reference.com/boxscores/201611230GSW.html,"10:30 PM, November 23, 2016",Golden State Warriors,Los Angeles Lakers,149,106,LAL,,,Team Totals,240,40,93,.430,8,20,.400,18,22,.818,7,30,37,22,5,1,12,25,106,,,Team Totals,240,.516,.473,.215,.237,14.3,83.3,43.5,55.0,4.8,2.0,10.5,100.0,101.0,142.0,
https://www.basketball-reference.com/boxscores/201611230GSW.html,"10:30 PM, November 23, 2016",Golden State Warriors,Los Angeles Lakers,149,106,GSW,,,Team Totals,240,53,86,.616,19,36,.528,24,35,.686,6,42,48,47,7,5,10,20,149,,,Team Totals,240,.735,.727,.419,.407,16.7,85.7,56.5,88.7,6.7,6.8,9.0,100.0,142.0,101.0,
https://www.basketball-reference.com/boxscores/201611230HOU.html,"8:00 PM, November 23, 2016",Houston Rockets,Toronto Raptors,102,115,TOR,,,Team Totals,240,43,88,.489,12,23,.522,17,21,.810,15,23,38,28,14,7,16,15,115,,,Team Totals,240,.591,.557,.261,.239,34.9,67.6,49.4,65.1,14.5,19.4,14.1,100.0,119.4,105.9,
https://www.basketball-reference.com/boxscores/201611230HOU.html,"8:00 PM, November 23, 2016",Houston Rockets,Toronto Raptors,102,115,HOU,,,Team Totals,240,38,78,.487,14,42,.333,12,12,1.000,11,28,39,29,6,7,28,22,102,,,Team Totals,240,.612,.577,.538,.154,32.4,65.1,50.6,76.3,6.2,10.8,25.2,100.0,105.9,119.4,
https://www.basketball-reference.com/boxscores/201611230IND.html,"7:00 PM, November 23, 2016",Indiana Pacers,Atlanta Hawks,85,96,ATL,,,Team Totals,240,36,85,.424,5,20,.250,19,22,.864,17,39,56,17,11,7,22,18,96,,,Team Totals,240,.507,.453,.235,.259,36.2,84.8,60.2,47.2,11.1,12.3,18.9,100.0,96.8,85.7,
https://www.basketball-reference.com/boxscores/201611230IND.html,"7:00 PM, November 23, 2016",Indiana Pacers,Atlanta Hawks,85,96,IND,,,Team Totals,240,34,84,.405,7,27,.259,10,14,.714,7,30,37,16,15,5,20,20,85,,,Team Totals,240,.471,.446,.321,.167,15.2,63.8,39.8,47.1,15.1,7.7,18.2,100.0,85.7,96.8,
https://www.basketball-reference.com/boxscores/201611230NOP.html,"9:30 PM, November 23, 2016",New Orleans Pelicans,Minnesota Timberwolves,117,96,MIN,,,Team Totals,240,33,86,.384,3,17,.176,27,33,.818,8,33,41,23,12,3,17,19,96,,,Team Totals,240,.478,.401,.198,.384,16.3,89.2,47.7,69.7,11.3,5.1,14.5,100.0,90.7,110.5,
https://www.basketball-reference.com/boxscores/201611230NOP.html,"9:30 PM, November 23, 2016",New Orleans Pelicans,Minnesota Timberwolves,117,96,NOP,,,Team Totals,240,45,83,.542,9,24,.375,18,23,.783,4,41,45,27,10,6,17,21,117,,,Team Totals,240,.628,.596,.289,.277,10.8,83.7,52.3,60.0,9.4,8.7,15.4,100.0,110.5,90.7,
https://www.basketball-reference.com/boxscores/201611230ORL.html,"7:00 PM, November 23, 2016",Orlando Magic,Phoenix Suns,87,92,PHO,,,Team Totals,240,33,73,.452,9,22,.409,17,22,.773,6,38,44,15,6,7,17,20,92,,,Team Totals,240,.556,.514,.301,.301,15.4,77.6,50.0,45.5,6.3,10.6,17.1,100.0,97.1,91.8,
https://www.basketball-reference.com/boxscores/201611230ORL.html,"7:00 PM, November 23, 2016",Orlando Magic,Phoenix Suns,87,92,ORL,,,Team Totals,240,33,91,.363,7,25,.280,14,23,.609,11,33,44,17,9,8,11,19,87,,,Team Totals,240,.430,.401,.275,.253,22.4,84.6,50.0,51.5,9.5,15.7,9.8,100.0,91.8,97.1,
https://www.basketball-reference.com/boxscores/201611230PHI.html,"7:00 PM, November 23, 2016",Philadelphia 76ers,Memphis Grizzlies,99,104,MEM,,,Team Totals,290,38,99,.384,10,29,.345,18,24,.750,9,37,46,24,13,9,15,28,104,,,Team Totals,290,.475,.434,.293,.242,15.8,82.2,45.1,63.2,11.2,15.8,12.0,100.0,89.9,85.5,
https://www.basketball-reference.com/boxscores/201611230PHI.html,"7:00 PM, November 23, 2016",Philadelphia 76ers,Memphis Grizzlies,99,104,PHI,,,Team Totals,290,35,93,.376,12,36,.333,17,23,.739,8,48,56,24,9,10,27,32,99,,,Team Totals,290,.480,.441,.387,.247,17.8,84.2,54.9,68.6,7.8,14.3,20.8,100.0,85.5,89.9,
https://www.basketball-reference.com/boxscores/201611230SAC.html,"10:30 PM, November 23, 2016",Sacramento Kings,Oklahoma City Thunder,116,101,OKC,,,Team Totals,240,32,76,.421,7,25,.280,30,38,.789,5,33,38,18,7,7,9,21,101,,,Team Totals,240,.545,.467,.329,.500,12.5,75.0,45.2,56.3,7.3,10.6,8.8,100.0,104.8,120.4,
https://www.basketball-reference.com/boxscores/201611230SAC.html,"10:30 PM, November 23, 2016",Sacramento Kings,Oklahoma City Thunder,116,101,SAC,,,Team Totals,240,44,94,.468,12,28,.429,16,17,.941,11,35,46,26,4,1,11,23,116,,,Team Totals,240,.572,.532,.298,.181,25.0,87.5,54.8,59.1,4.2,2.0,9.8,100.0,120.4,104.8,
https://www.basketball-reference.com/boxscores/201611230UTA.html,"9:00 PM, November 23, 2016",Utah Jazz,Denver Nuggets,108,83,DEN,,,Team Totals,240,28,88,.318,9,27,.333,18,31,.581,14,35,49,14,5,5,10,22,83,,,Team Totals,240,.408,.369,.307,.352,23.0,89.7,49.0,50.0,5.1,9.4,9.0,100.0,84.4,109.8,
https://www.basketball-reference.com/boxscores/201611230UTA.html,"9:00 PM, November 23, 2016",Utah Jazz,Denver Nuggets,108,83,UTA,,,Team Totals,240,39,79,.494,8,26,.308,22,31,.710,4,47,51,19,4,3,14,25,108,,,Team Totals,240,.583,.544,.329,.392,10.3,77.0,51.0,48.7,4.1,4.9,13.1,100.0,109.8,84.4,
https://www.basketball-reference.com/boxscores/201611250BOS.html,"1:00 PM, November 25, 2016",Boston Celtics,San Antonio Spurs,103,109,SAS,,,Team Totals,240,38,81,.469,11,24,.458,22,25,.880,13,32,45,24,4,8,17,12,109,,,Team Totals,240,.592,.537,.296,.309,31.7,80.0,55.6,63.2,4.3,14.0,15.6,100.0,116.3,109.9,
https://www.basketball-reference.com/boxscores/201611250BOS.html,"1:00 PM, November 25, 2016",Boston Celtics,San Antonio Spurs,103,109,BOS,,,Team Totals,240,42,91,.462,12,34,.353,7,9,.778,8,28,36,32,8,4,10,21,103,,,Team Totals,240,.542,.527,.374,.099,20.0,68.3,44.4,76.2,8.5,7.0,9.5,100.0,109.9,116.3,
https://www.basketball-reference.com/boxscores/201611250CLE.html,"7:30 PM, November 25, 2016",Cleveland Cavaliers,Dallas Mavericks,128,90,DAL,,,Team Totals,240,37,91,.407,8,35,.229,8,12,.667,11,28,39,29,5,4,14,21,90,,,Team Totals,240,.467,.451,.385,.132,22.4,75.7,45.3,78.4,5.1,9.5,12.7,100.0,92.5,131.6,
https://www.basketball-reference.com/boxscores/201611250CLE.html,"7:30 PM, November 25, 2016",Cleveland Cavaliers,Dallas Mavericks,128,90,CLE,,,Team Totals,240,43,85,.506,20,43,.465,22,24,.917,9,38,47,30,9,3,14,16,128,,,Team Totals,240,.670,.624,.506,.282,24.3,77.6,54.7,69.8,9.3,5.4,12.8,100.0,131.6,92.5,
https://www.basketball-reference.com/boxscores/201611250DEN.html,"9:00 PM, November 25, 2016",Denver Nuggets,Oklahoma City Thunder,129,132,OKC,,,Team Totals,265,48,96,.500,13,26,.500,23,29,.793,7,33,40,29,11,4,12,21,132,,,Team Totals,265,.607,.568,.271,.302,15.2,71.7,43.5,60.4,9.8,6.0,9.9,100.0,117.6,114.9,
https://www.basketball-reference.com/boxscores/201611250DEN.html,"9:00 PM, November 25, 2016",Denver Nuggets,Oklahoma City Thunder,129,132,DEN,,,Team Totals,265,48,101,.475,12,34,.353,21,27,.778,13,39,52,34,9,7,17,21,129,,,Team Totals,265,.571,.535,.337,.267,28.3,84.8,56.5,70.8,8.0,10.0,13.1,100.0,114.9,117.6,
https://www.basketball-reference.com/boxscores/201611250DET.html,"7:30 PM, November 25, 2016",Detroit Pistons,Los Angeles Clippers,108,97,LAC,,,Team Totals,240,35,73,.479,7,21,.333,20,26,.769,6,27,33,26,4,5,14,16,97,,,Team Totals,240,.574,.527,.288,.356,15.4,75.0,44.0,74.3,4.4,7.0,14.2,100.0,106.3,118.4,
https://www.basketball-reference.com/boxscores/201611250DET.html,"7:30 PM, November 25, 2016",Detroit Pistons,Los Angeles Clippers,108,97,DET,,,Team Totals,240,47,90,.522,9,19,.474,5,7,.714,9,33,42,26,7,0,10,22,108,,,Team Totals,240,.580,.572,.211,.078,25.0,84.6,56.0,55.3,7.7,0.0,9.7,100.0,118.4,106.3,
https://www.basketball-reference.com/boxscores/201611250IND.html,"8:00 PM, November 25, 2016",Indiana Pacers,Brooklyn Nets,118,97,BRK,,,Team Totals,240,36,79,.456,11,34,.324,14,23,.609,9,29,38,24,8,4,20,17,97,,,Team Totals,240,.544,.525,.430,.291,19.1,76.3,44.7,66.7,8.1,6.6,18.3,100.0,98.0,119.2,
https://www.basketball-reference.com/boxscores/201611250IND.html,"8:00 PM, November 25, 2016",Indiana Pacers,Brooklyn Nets,118,97,IND,,,Team Totals,240,48,87,.552,11,26,.423,11,16,.688,9,38,47,25,11,5,15,19,118,,,Team Totals,240,.627,.615,.299,.184,23.7,80.9,55.3,52.1,11.1,11.1,13.8,100.0,119.2,98.0,
https://www.basketball-reference.com/boxscores/201611250LAL.html,"10:30 PM, November 25, 2016",Los Angeles Lakers,Golden State Warriors,85,109,GSW,,,Team Totals,240,43,83,.518,11,28,.393,12,17,.706,4,40,44,31,10,10,18,21,109,,,Team Totals,240,.602,.584,.337,.205,11.4,74.1,49.4,72.1,9.8,14.7,16.6,100.0,106.9,83.3,
https://www.basketball-reference.com/boxscores/201611250LAL.html,"10:30 PM, November 25, 2016",Los Angeles Lakers,Golden State Warriors,85,109,LAL,,,Team Totals,240,32,90,.356,5,22,.227,16,23,.696,14,31,45,20,12,3,18,16,85,,,Team Totals,240,.424,.383,.244,.256,25.9,88.6,50.6,62.5,11.8,5.5,15.2,100.0,83.3,106.9,
https://www.basketball-reference.com/boxscores/201611250MEM.html,"8:00 PM, November 25, 2016",Memphis Grizzlies,Miami Heat,81,90,MIA,,,Team Totals,240,33,85,.388,12,31,.387,12,18,.667,10,34,44,17,8,8,9,21,90,,,Team Totals,240,.484,.459,.365,.212,22.2,68.0,46.3,51.5,8.9,12.7,8.8,100.0,100.1,90.1,
https://www.basketball-reference.com/boxscores/201611250MEM.html,"8:00 PM, November 25, 2016",Memphis Grizzlies,Miami Heat,81,90,MEM,,,Team Totals,240,29,82,.354,4,19,.211,19,23,.826,16,35,51,14,3,14,18,16,81,,,Team Totals,240,.440,.378,.232,.280,32.0,77.8,53.7,48.3,3.3,25.9,16.3,100.0,90.1,100.1,
https://www.basketball-reference.com/boxscores/201611250MIL.html,"8:00 PM, November 25, 2016",Milwaukee Bucks,Toronto Raptors,99,105,TOR,,,Team Totals,240,38,82,.463,14,32,.438,15,19,.789,11,27,38,18,3,5,10,17,105,,,Team Totals,240,.581,.549,.390,.232,26.2,79.4,50.0,47.4,3.5,10.0,10.0,100.0,121.1,114.1,
https://www.basketball-reference.com/boxscores/201611250MIL.html,"8:00 PM, November 25, 2016",Milwaukee Bucks,Toronto Raptors,99,105,MIL,,,Team Totals,240,40,79,.506,12,29,.414,7,12,.583,7,31,38,26,4,2,11,19,99,,,Team Totals,240,.587,.582,.367,.152,20.6,73.8,50.0,65.0,4.6,4.0,11.5,100.0,114.1,121.1,
https://www.basketball-reference.com/boxscores/201611250NYK.html,"7:30 PM, November 25, 2016",New York Knicks,Charlotte Hornets,113,111,CHO,,,Team Totals,265,43,93,.462,8,29,.276,17,27,.630,10,36,46,25,6,4,13,14,111,,,Team Totals,265,.529,.505,.312,.290,19.2,73.5,45.5,58.1,5.7,5.8,11.0,100.0,105.2,107.1,
https://www.basketball-reference.com/boxscores/201611250NYK.html,"7:30 PM, November 25, 2016",New York Knicks,Charlotte Hornets,113,111,NYK,,,Team Totals,265,45,97,.464,11,28,.393,12,13,.923,13,42,55,26,9,8,17,21,113,,,Team Totals,265,.550,.521,.289,.134,26.5,80.8,54.5,57.8,8.5,12.5,14.2,100.0,107.1,105.2,
https://www.basketball-reference.com/boxscores/201611250ORL.html,"7:00 PM, November 25, 2016",Orlando Magic,Washington Wizards,91,94,WAS,,,Team Totals,240,40,88,.455,6,29,.207,8,10,.800,7,30,37,26,10,4,12,17,94,,,Team Totals,240,.509,.489,.330,.114,16.7,68.2,43.0,65.0,10.7,7.0,11.5,100.0,100.5,97.3,
https://www.basketball-reference.com/boxscores/201611250ORL.html,"7:00 PM, November 25, 2016",Orlando Magic,Washington Wizards,91,94,ORL,,,Team Totals,240,35,80,.438,7,23,.304,14,20,.700,14,35,49,18,5,7,19,16,91,,,Team Totals,240,.512,.481,.288,.250,31.8,83.3,57.0,51.4,5.3,11.9,17.6,100.0,97.3,100.5,
https://www.basketball-reference.com/boxscores/201611250PHI.html,"7:30 PM, November 25, 2016",Philadelphia 76ers,Chicago Bulls,89,105,CHI,,,Team Totals,240,40,90,.444,6,21,.286,19,26,.731,11,40,51,24,10,5,14,17,105,,,Team Totals,240,.518,.478,.233,.289,21.6,83.3,51.5,60.0,10.0,8.9,12.1,100.0,104.9,88.9,
https://www.basketball-reference.com/boxscores/201611250PHI.html,"7:30 PM, November 25, 2016",Philadelphia 76ers,Chicago Bulls,89,105,PHI,,,Team Totals,240,31,78,.397,9,22,.409,18,22,.818,8,40,48,18,7,8,19,21,89,,,Team Totals,240,.508,.455,.282,.282,16.7,78.4,48.5,58.1,7.0,11.6,17.8,100.0,88.9,104.9,
https://www.basketball-reference.com/boxscores/201611250PHO.html,"9:00 PM, November 25, 2016",Phoenix Suns,Minnesota Timberwolves,85,98,MIN,,,Team Totals,240,34,85,.400,7,22,.318,23,25,.920,11,28,39,16,15,8,17,27,98,,,Team Totals,240,.510,.441,.259,.294,23.4,70.0,44.8,47.1,15.2,15.1,15.0,100.0,99.2,86.1,
https://www.basketball-reference.com/boxscores/201611250PHO.html,"9:00 PM, November 25, 2016",Phoenix Suns,Minnesota Timberwolves,85,98,PHO,,,Team Totals,240,32,79,.405,6,26,.231,15,21,.714,12,36,48,17,11,6,26,26,85,,,Team Totals,240,.482,.443,.329,.266,30.0,76.6,55.2,53.1,11.1,9.5,22.8,100.0,86.1,99.2,
https://www.basketball-reference.com/boxscores/201611250POR.html,"10:00 PM, November 25, 2016",Portland Trail Blazers,New Orleans Pelicans,119,104,NOP,,,Team Totals,240,36,76,.474,13,23,.565,19,29,.655,2,32,34,20,3,8,14,14,104,,,Team Totals,240,.586,.559,.303,.382,4.8,72.7,39.5,55.6,3.0,11.8,13.6,100.0,103.0,117.9,
https://www.basketball-reference.com/boxscores/201611250POR.html,"10:00 PM, November 25, 2016",Portland Trail Blazers,New Orleans Pelicans,119,104,POR,,,Team Totals,240,47,100,.470,12,32,.375,13,17,.765,12,40,52,30,7,5,11,20,119,,,Team Totals,240,.554,.530,.320,.170,27.3,95.2,60.5,63.8,6.9,9.4,9.3,100.0,117.9,103.0,
https://www.basketball-reference.com/boxscores/201611250SAC.html,"10:30 PM, November 25, 2016",Sacramento Kings,Houston Rockets,104,117,HOU,,,Team Totals,240,40,85,.471,21,50,.420,16,20,.800,8,34,42,27,8,2,16,19,117,,,Team Totals,240,.624,.594,.588,.235,19.5,89.5,53.2,67.5,8.1,4.2,14.6,100.0,118.5,105.4,
https://www.basketball-reference.com/boxscores/201611250SAC.html,"10:30 PM, November 25, 2016",Sacramento Kings,Houston Rockets,104,117,SAC,,,Team Totals,240,39,80,.488,9,32,.281,17,21,.810,4,33,37,24,7,6,14,18,104,,,Team Totals,240,.583,.544,.400,.263,10.5,80.5,46.8,61.5,7.1,17.1,13.6,100.0,105.4,118.5,
https://www.basketball-reference.com/boxscores/201611250UTA.html,"8:00 PM, November 25, 2016",Utah Jazz,Atlanta Hawks,95,68,ATL,,,Team Totals,240,26,83,.313,8,25,.320,8,12,.667,6,34,40,11,8,4,14,16,68,,,Team Totals,240,.385,.361,.301,.145,11.5,79.1,42.1,42.3,8.5,8.7,13.7,100.0,72.4,101.1,
https://www.basketball-reference.com/boxscores/201611250UTA.html,"8:00 PM, November 25, 2016",Utah Jazz,Atlanta Hawks,95,68,UTA,,,Team Totals,240,35,80,.438,10,34,.294,15,18,.833,9,46,55,17,9,9,16,16,95,,,Team Totals,240,.540,.500,.425,.225,20.9,88.5,57.9,48.6,9.6,15.5,15.4,100.0,101.1,72.4,
https://www.basketball-reference.com/boxscores/201611260CHO.html,"7:00 PM, November 26, 2016",Charlotte Hornets,New York Knicks,107,102,NYK,,,Team Totals,240,37,99,.374,12,32,.375,16,20,.800,11,36,47,26,9,6,8,27,102,,,Team Totals,240,.473,.434,.323,.202,20.8,78.3,47.5,70.3,9.1,10.3,6.9,100.0,103.3,108.3,
https://www.basketball-reference.com/boxscores/201611260CHO.html,"7:00 PM, November 26, 2016",Charlotte Hornets,New York Knicks,107,102,CHO,,,Team Totals,240,35,80,.438,8,22,.364,29,42,.690,10,42,52,16,3,9,10,14,107,,,Team Totals,240,.543,.488,.275,.525,21.7,79.2,52.5,45.7,3.0,13.4,9.2,100.0,108.3,103.3,
https://www.basketball-reference.com/boxscores/201611260GSW.html,"10:30 PM, November 26, 2016",Golden State Warriors,Minnesota Timberwolves,115,102,MIN,,,Team Totals,240,41,89,.461,10,35,.286,10,12,.833,8,24,32,22,8,3,14,15,102,,,Team Totals,240,.541,.517,.393,.135,19.5,66.7,41.6,53.7,8.4,5.1,12.9,100.0,107.0,120.6,
https://www.basketball-reference.com/boxscores/201611260GSW.html,"10:30 PM, November 26, 2016",Golden State Warriors,Minnesota Timberwolves,115,102,GSW,,,Team Totals,240,45,81,.556,11,22,.500,14,17,.824,12,33,45,25,9,8,18,14,115,,,Team Totals,240,.650,.623,.272,.210,33.3,80.5,58.4,55.6,9.4,14.8,16.9,100.0,120.6,107.0,
https://www.basketball-reference.com/boxscores/201611260MIA.html,"8:00 PM, November 26, 2016",Miami Heat,Memphis Grizzlies,107,110,MEM,,,Team Totals,240,37,73,.507,9,25,.360,27,33,.818,2,32,34,23,5,5,6,19,110,,,Team Totals,240,.628,.568,.342,.452,6.1,80.0,46.6,62.2,5.5,10.0,6.4,100.0,121.1,117.8,
https://www.basketball-reference.com/boxscores/201611260MIA.html,"8:00 PM, November 26, 2016",Miami Heat,Memphis Grizzlies,107,110,MIA,,,Team Totals,240,40,81,.494,11,31,.355,16,24,.667,8,31,39,18,3,6,10,21,107,,,Team Totals,240,.584,.562,.383,.296,20.0,93.9,53.4,45.0,3.3,12.5,9.8,100.0,117.8,121.1,
https://www.basketball-reference.com/boxscores/201611260OKC.html,"8:00 PM, November 26, 2016",Oklahoma City Thunder,Detroit Pistons,106,88,DET,,,Team Totals,240,37,82,.451,1,19,.053,13,17,.765,6,26,32,11,7,1,9,20,88,,,Team Totals,240,.492,.457,.232,.207,15.4,72.2,42.7,29.7,7.7,1.7,9.1,100.0,96.4,116.1,
https://www.basketball-reference.com/boxscores/201611260OKC.html,"8:00 PM, November 26, 2016",Oklahoma City Thunder,Detroit Pistons,106,88,OKC,,,Team Totals,240,42,83,.506,8,23,.348,14,26,.538,10,33,43,23,4,3,11,16,106,,,Team Totals,240,.561,.554,.277,.313,27.8,84.6,57.3,54.8,4.4,4.8,10.4,100.0,116.1,96.4,
https://www.basketball-reference.com/boxscores/201611260WAS.html,"7:00 PM, November 26, 2016",Washington Wizards,San Antonio Spurs,100,112,SAS,,,Team Totals,240,40,75,.533,9,24,.375,23,29,.793,6,32,38,22,7,6,14,17,112,,,Team Totals,240,.638,.593,.320,.387,17.6,72.7,48.7,55.0,7.4,9.1,13.8,100.0,119.0,106.3,
https://www.basketball-reference.com/boxscores/201611260WAS.html,"7:00 PM, November 26, 2016",Washington Wizards,San Antonio Spurs,100,112,WAS,,,Team Totals,240,42,88,.477,6,22,.273,10,14,.714,12,28,40,21,11,1,14,26,100,,,Team Totals,240,.531,.511,.250,.159,27.3,82.4,51.3,50.0,11.7,2.0,12.9,100.0,106.3,119.0,
https://www.basketball-reference.com/boxscores/201611270BRK.html,"6:00 PM, November 27, 2016",Brooklyn Nets,Sacramento Kings,105,122,SAC,,,Team Totals,240,46,86,.535,13,23,.565,17,22,.773,9,36,45,24,11,3,15,12,122,,,Team Totals,240,.638,.610,.267,.256,21.4,80.0,51.7,52.2,11.1,6.4,13.6,100.0,122.8,105.7,
https://www.basketball-reference.com/boxscores/201611270BRK.html,"6:00 PM, November 27, 2016",Brooklyn Nets,Sacramento Kings,105,122,BRK,,,Team Totals,240,38,87,.437,16,40,.400,13,14,.929,9,33,42,19,7,1,16,21,105,,,Team Totals,240,.564,.529,.460,.161,20.0,78.6,48.3,50.0,7.0,1.6,14.7,100.0,105.7,122.8,
https://www.basketball-reference.com/boxscores/201611270DAL.html,"7:00 PM, November 27, 2016",Dallas Mavericks,New Orleans Pelicans,91,81,NOP,,,Team Totals,240,30,77,.390,5,20,.250,16,18,.889,10,32,42,17,8,3,13,19,81,,,Team Totals,240,.477,.422,.260,.234,22.2,74.4,47.7,56.7,9.4,6.0,13.3,100.0,94.9,106.6,
https://www.basketball-reference.com/boxscores/201611270DAL.html,"7:00 PM, November 27, 2016",Dallas Mavericks,New Orleans Pelicans,91,81,DAL,,,Team Totals,240,32,77,.416,10,27,.370,17,20,.850,11,35,46,19,7,3,12,18,91,,,Team Totals,240,.530,.481,.351,.260,25.6,77.8,52.3,59.4,8.2,5.3,12.3,100.0,106.6,94.9,
https://www.basketball-reference.com/boxscores/201611270IND.html,"6:00 PM, November 27, 2016",Indiana Pacers,Los Angeles Clippers,91,70,LAC,,,Team Totals,240,22,70,.314,4,24,.167,22,27,.815,6,34,40,11,9,4,20,13,70,,,Team Totals,240,.427,.343,.343,.386,13.3,72.3,43.5,50.0,9.6,5.5,19.6,100.0,74.7,97.1,
https://www.basketball-reference.com/boxscores/201611270IND.html,"6:00 PM, November 27, 2016",Indiana Pacers,Los Angeles Clippers,91,70,IND,,,Team Totals,240,40,92,.435,5,19,.263,6,7,.857,13,39,52,26,8,4,14,21,91,,,Team Totals,240,.479,.462,.207,.076,27.7,86.7,56.5,65.0,8.5,8.7,12.8,100.0,97.1,74.7,
https://www.basketball-reference.com/boxscores/201611270LAL.html,"9:30 PM, November 27, 2016",Los Angeles Lakers,Atlanta Hawks,109,94,ATL,,,Team Totals,240,39,88,.443,12,35,.343,4,10,.400,7,31,38,25,5,6,12,19,94,,,Team Totals,240,.509,.511,.398,.114,15.6,67.4,41.8,64.1,5.3,8.0,11.5,100.0,99.3,115.1,
https://www.basketball-reference.com/boxscores/201611270LAL.html,"9:30 PM, November 27, 2016",Los Angeles Lakers,Atlanta Hawks,109,94,LAL,,,Team Totals,240,42,95,.442,8,20,.400,17,20,.850,15,38,53,20,7,2,9,15,109,,,Team Totals,240,.525,.484,.211,.211,32.6,84.4,58.2,47.6,7.4,3.8,8.0,100.0,115.1,99.3,
https://www.basketball-reference.com/boxscores/201611270ORL.html,"6:00 PM, November 27, 2016",Orlando Magic,Milwaukee Bucks,96,104,MIL,,,Team Totals,240,41,86,.477,8,24,.333,14,20,.700,10,43,53,24,6,6,11,16,104,,,Team Totals,240,.549,.523,.279,.233,21.7,81.1,53.5,58.5,6.3,9.4,10.4,100.0,109.2,100.8,
https://www.basketball-reference.com/boxscores/201611270ORL.html,"6:00 PM, November 27, 2016",Orlando Magic,Milwaukee Bucks,96,104,ORL,,,Team Totals,240,38,92,.413,7,28,.250,13,17,.765,10,36,46,24,6,5,8,17,96,,,Team Totals,240,.483,.451,.304,.185,18.9,78.3,46.5,63.2,6.3,8.1,7.4,100.0,100.8,109.2,
https://www.basketball-reference.com/boxscores/201611270PHI.html,"1:00 PM, November 27, 2016",Philadelphia 76ers,Cleveland Cavaliers,108,112,CLE,,,Team Totals,240,38,92,.413,12,40,.300,24,28,.857,14,32,46,19,5,3,10,14,112,,,Team Totals,240,.537,.478,.435,.304,27.5,71.1,47.9,50.0,5.1,5.2,8.7,100.0,115.3,111.2,
https://www.basketball-reference.com/boxscores/201611270PHI.html,"1:00 PM, November 27, 2016",Philadelphia 76ers,Cleveland Cavaliers,108,112,PHI,,,Team Totals,240,43,92,.467,15,34,.441,7,10,.700,13,37,50,29,5,5,16,24,108,,,Team Totals,240,.560,.549,.370,.109,28.9,72.5,52.1,67.4,5.1,9.6,14.2,100.0,111.2,115.3,
https://www.basketball-reference.com/boxscores/201611270PHO.html,"3:30 PM, November 27, 2016",Phoenix Suns,Denver Nuggets,114,120,DEN,,,Team Totals,240,39,89,.438,13,29,.448,29,32,.906,10,39,49,21,5,1,12,25,120,,,Team Totals,240,.582,.511,.326,.360,21.3,81.3,51.6,53.8,4.9,1.6,10.4,100.0,116.4,110.6,
https://www.basketball-reference.com/boxscores/201611270PHO.html,"3:30 PM, November 27, 2016",Phoenix Suns,Denver Nuggets,114,120,PHO,,,Team Totals,240,36,89,.404,11,25,.440,31,36,.861,9,37,46,11,5,7,11,24,114,,,Team Totals,240,.544,.466,.281,.404,18.8,78.7,48.4,30.6,4.9,11.7,9.5,100.0,110.6,116.4,
https://www.basketball-reference.com/boxscores/201611270POR.html,"9:00 PM, November 27, 2016",Portland Trail Blazers,Houston Rockets,114,130,HOU,,,Team Totals,240,46,82,.561,17,36,.472,21,28,.750,7,29,36,26,7,8,11,23,130,,,Team Totals,240,.689,.665,.439,.341,20.6,78.4,50.7,56.5,7.1,16.0,10.4,100.0,132.7,116.4,
https://www.basketball-reference.com/boxscores/201611270POR.html,"9:00 PM, November 27, 2016",Portland Trail Blazers,Houston Rockets,114,130,POR,,,Team Totals,240,40,83,.482,12,33,.364,22,29,.759,8,27,35,24,7,2,15,24,114,,,Team Totals,240,.595,.554,.398,.349,21.6,79.4,49.3,60.0,7.1,4.3,13.5,100.0,116.4,132.7,
https://www.basketball-reference.com/boxscores/201611280GSW.html,"10:30 PM, November 28, 2016",Golden State Warriors,Atlanta Hawks,105,100,ATL,,,Team Totals,240,36,85,.424,7,29,.241,21,30,.700,13,37,50,20,11,4,19,22,100,,,Team Totals,240,.509,.465,.341,.353,27.7,84.1,54.9,55.6,10.8,8.0,16.2,100.0,98.6,103.5,
https://www.basketball-reference.com/boxscores/201611280GSW.html,"10:30 PM, November 28, 2016",Golden State Warriors,Atlanta Hawks,105,100,GSW,,,Team Totals,240,37,85,.435,12,35,.343,19,24,.792,7,34,41,25,6,10,15,20,105,,,Team Totals,240,.549,.506,.412,.282,15.9,72.3,45.1,67.6,5.9,17.9,13.6,100.0,103.5,98.6,
https://www.basketball-reference.com/boxscores/201611280MEM.html,"8:00 PM, November 28, 2016",Memphis Grizzlies,Charlotte Hornets,85,104,CHO,,,Team Totals,240,36,82,.439,9,26,.346,23,31,.742,9,38,47,24,3,4,14,14,104,,,Team Totals,240,.544,.494,.317,.378,20.9,82.6,52.8,66.7,3.1,6.7,12.8,100.0,107.0,87.4,
https://www.basketball-reference.com/boxscores/201611280MEM.html,"8:00 PM, November 28, 2016",Memphis Grizzlies,Charlotte Hornets,85,104,MEM,,,Team Totals,240,36,89,.404,7,29,.241,6,13,.462,8,34,42,21,10,4,12,25,85,,,Team Totals,240,.449,.444,.326,.146,17.4,79.1,47.2,58.3,10.3,7.1,11.2,100.0,87.4,107.0,
https://www.basketball-reference.com/boxscores/201611280MIA.html,"7:30 PM, November 28, 2016",Miami Heat,Boston Celtics,104,112,BOS,,,Team Totals,240,40,83,.482,11,27,.407,21,26,.808,6,34,40,26,4,3,10,27,112,,,Team Totals,240,.593,.548,.325,.313,15.0,82.9,49.4,65.0,4.1,6.0,9.6,100.0,115.1,106.9,
https://www.basketball-reference.com/boxscores/201611280MIA.html,"7:30 PM, November 28, 2016",Miami Heat,Boston Celtics,104,112,MIA,,,Team Totals,240,38,80,.475,6,30,.200,22,32,.688,7,34,41,24,6,2,13,25,104,,,Team Totals,240,.553,.513,.375,.400,17.1,85.0,50.6,63.2,6.2,3.6,12.1,100.0,106.9,115.1,
https://www.basketball-reference.com/boxscores/201611280MIN.html,"8:00 PM, November 28, 2016",Minnesota Timberwolves,Utah Jazz,103,112,UTA,,,Team Totals,240,40,79,.506,4,18,.222,28,34,.824,12,30,42,19,9,3,12,21,112,,,Team Totals,240,.596,.532,.228,.430,29.3,75.0,51.9,47.5,9.7,4.8,11.3,100.0,120.2,110.5,
https://www.basketball-reference.com/boxscores/201611280MIN.html,"8:00 PM, November 28, 2016",Minnesota Timberwolves,Utah Jazz,103,112,MIN,,,Team Totals,240,36,81,.444,7,19,.368,24,25,.960,10,29,39,26,8,2,15,23,103,,,Team Totals,240,.560,.488,.235,.309,25.0,70.7,48.1,72.2,8.6,3.3,14.0,100.0,110.5,120.2,
https://www.basketball-reference.com/boxscores/201611280NYK.html,"7:30 PM, November 28, 2016",New York Knicks,Oklahoma City Thunder,103,112,OKC,,,Team Totals,240,46,92,.500,8,22,.364,12,18,.667,17,36,53,25,4,7,14,22,112,,,Team Totals,240,.560,.543,.239,.196,37.8,75.0,57.0,54.3,4.3,9.7,12.3,100.0,119.7,110.1,
https://www.basketball-reference.com/boxscores/201611280NYK.html,"7:30 PM, November 28, 2016",New York Knicks,Oklahoma City Thunder,103,112,NYK,,,Team Totals,240,36,91,.396,6,19,.316,25,28,.893,12,28,40,20,9,11,5,16,103,,,Team Totals,240,.498,.429,.209,.308,25.0,62.2,43.0,55.6,9.6,15.7,4.6,100.0,110.1,119.7,
https://www.basketball-reference.com/boxscores/201611280TOR.html,"7:30 PM, November 28, 2016",Toronto Raptors,Philadelphia 76ers,122,95,PHI,,,Team Totals,240,36,86,.419,14,34,.412,9,13,.692,12,26,38,27,9,4,16,21,95,,,Team Totals,240,.518,.500,.395,.151,26.1,76.5,47.5,75.0,9.7,6.9,14.9,100.0,102.2,131.3,
https://www.basketball-reference.com/boxscores/201611280TOR.html,"7:30 PM, November 28, 2016",Toronto Raptors,Philadelphia 76ers,122,95,TOR,,,Team Totals,240,42,77,.545,13,19,.684,25,31,.806,8,34,42,22,11,8,12,14,122,,,Team Totals,240,.673,.630,.247,.403,23.5,73.9,52.5,52.4,11.8,15.4,11.7,100.0,131.3,102.2,
https://www.basketball-reference.com/boxscores/201611280WAS.html,"7:00 PM, November 28, 2016",Washington Wizards,Sacramento Kings,101,95,SAC,,,Team Totals,265,38,93,.409,3,21,.143,16,26,.615,13,31,44,20,15,4,20,24,95,,,Team Totals,265,.455,.425,.226,.280,25.5,73.8,47.3,52.6,14.0,6.7,16.1,100.0,88.9,94.5,
https://www.basketball-reference.com/boxscores/201611280WAS.html,"7:00 PM, November 28, 2016",Washington Wizards,Sacramento Kings,101,95,WAS,,,Team Totals,265,35,85,.412,10,25,.400,21,26,.808,11,38,49,22,11,7,24,23,101,,,Team Totals,265,.524,.471,.294,.306,26.2,74.5,52.7,62.9,10.3,9.7,19.9,100.0,94.5,88.9,
https://www.basketball-reference.com/boxscores/201611290BRK.html,"7:30 PM, November 29, 2016",Brooklyn Nets,Los Angeles Clippers,127,122,LAC,,,Team Totals,290,46,109,.422,13,40,.325,17,22,.773,11,45,56,21,10,3,14,29,122,,,Team Totals,290,.514,.482,.367,.202,19.3,84.9,50.9,45.7,8.3,4.5,10.6,100.0,101.4,105.5,
https://www.basketball-reference.com/boxscores/201611290BRK.html,"7:30 PM, November 29, 2016",Brooklyn Nets,Los Angeles Clippers,127,122,BRK,,,Team Totals,290,45,104,.433,13,38,.342,24,36,.667,8,46,54,22,9,3,13,23,127,,,Team Totals,290,.530,.495,.365,.346,15.1,80.7,49.1,48.9,7.5,4.3,9.8,100.0,105.5,101.4,
https://www.basketball-reference.com/boxscores/201611290CHO.html,"7:00 PM, November 29, 2016",Charlotte Hornets,Detroit Pistons,89,112,DET,,,Team Totals,240,45,92,.489,12,28,.429,10,11,.909,9,35,44,21,7,4,12,19,112,,,Team Totals,240,.578,.554,.304,.120,20.5,87.5,52.4,46.7,7.3,7.8,11.0,100.0,117.1,93.1,
https://www.basketball-reference.com/boxscores/201611290CHO.html,"7:00 PM, November 29, 2016",Charlotte Hornets,Detroit Pistons,89,112,CHO,,,Team Totals,240,31,78,.397,9,27,.333,18,21,.857,5,35,40,21,7,5,13,16,89,,,Team Totals,240,.510,.455,.346,.269,12.5,79.5,47.6,67.7,7.3,7.8,13.0,100.0,93.1,117.1,
https://www.basketball-reference.com/boxscores/201611290MIL.html,"8:00 PM, November 29, 2016",Milwaukee Bucks,Cleveland Cavaliers,118,101,CLE,,,Team Totals,240,32,75,.427,14,39,.359,23,31,.742,7,28,35,17,7,6,20,19,101,,,Team Totals,240,.570,.520,.520,.413,17.5,73.7,44.9,53.1,7.0,9.0,18.4,100.0,100.9,117.8,
https://www.basketball-reference.com/boxscores/201611290MIL.html,"8:00 PM, November 29, 2016",Milwaukee Bucks,Cleveland Cavaliers,118,101,MIL,,,Team Totals,240,46,86,.535,7,19,.368,19,23,.826,10,33,43,27,15,6,17,22,118,,,Team Totals,240,.614,.576,.221,.267,26.3,82.5,55.1,58.7,15.0,16.7,15.0,100.0,117.8,100.9,
https://www.basketball-reference.com/boxscores/201611290NOP.html,"8:00 PM, November 29, 2016",New Orleans Pelicans,Los Angeles Lakers,105,88,LAL,,,Team Totals,240,37,87,.425,5,30,.167,9,18,.500,9,38,47,26,8,5,12,17,88,,,Team Totals,240,.464,.454,.345,.207,18.0,74.5,46.5,70.3,8.4,8.8,11.2,100.0,92.7,110.6,
https://www.basketball-reference.com/boxscores/201611290NOP.html,"8:00 PM, November 29, 2016",New Orleans Pelicans,Los Angeles Lakers,105,88,NOP,,,Team Totals,240,38,88,.432,8,31,.258,21,25,.840,13,41,54,24,10,3,9,17,105,,,Team Totals,240,.530,.477,.352,.284,25.5,82.0,53.5,63.2,10.5,5.3,8.3,100.0,110.6,92.7,
https://www.basketball-reference.com/boxscores/201611290SAS.html,"8:30 PM, November 29, 2016",San Antonio Spurs,Orlando Magic,83,95,ORL,,,Team Totals,240,39,86,.453,6,15,.400,11,12,.917,9,31,40,25,12,4,13,21,95,,,Team Totals,240,.520,.488,.174,.140,20.5,75.6,47.1,64.1,12.9,7.1,12.5,100.0,101.9,89.1,
https://www.basketball-reference.com/boxscores/201611290SAS.html,"8:30 PM, November 29, 2016",San Antonio Spurs,Orlando Magic,83,95,SAS,,,Team Totals,240,28,76,.368,5,20,.250,22,26,.846,10,35,45,19,9,4,19,17,83,,,Team Totals,240,.475,.401,.263,.342,24.4,79.5,52.9,67.9,9.7,5.6,17.9,100.0,89.1,101.9,
https://www.basketball-reference.com/boxscores/201611290UTA.html,"9:00 PM, November 29, 2016",Utah Jazz,Houston Rockets,120,101,HOU,,,Team Totals,240,37,91,.407,11,30,.367,16,22,.727,15,23,38,14,5,6,7,20,101,,,Team Totals,240,.502,.467,.330,.242,30.0,82.1,48.7,37.8,5.6,13.0,6.5,100.0,113.5,134.9,
https://www.basketball-reference.com/boxscores/201611290UTA.html,"9:00 PM, November 29, 2016",Utah Jazz,Houston Rockets,120,101,UTA,,,Team Totals,240,41,74,.554,15,28,.536,23,27,.852,5,35,40,23,4,5,10,20,120,,,Team Totals,240,.699,.655,.378,.365,17.9,70.0,51.3,56.1,4.5,8.2,10.4,100.0,134.9,113.5,
https://www.basketball-reference.com/boxscores/201611300BOS.html,"7:30 PM, November 30, 2016",Boston Celtics,Detroit Pistons,114,121,DET,,,Team Totals,240,48,87,.552,9,20,.450,16,21,.762,13,39,52,28,4,8,11,19,121,,,Team Totals,240,.629,.603,.230,.241,35.1,81.3,61.2,58.3,4.3,16.3,10.3,100.0,129.8,122.2,
https://www.basketball-reference.com/boxscores/201611300BOS.html,"7:30 PM, November 30, 2016",Boston Celtics,Detroit Pistons,114,121,BOS,,,Team Totals,240,40,91,.440,15,42,.357,19,20,.950,9,24,33,26,6,3,6,17,114,,,Team Totals,240,.571,.522,.462,.220,18.8,64.9,38.8,65.0,6.4,4.5,5.7,100.0,122.2,129.8,
https://www.basketball-reference.com/boxscores/201611300CHI.html,"8:00 PM, November 30, 2016",Chicago Bulls,Los Angeles Lakers,90,96,LAL,,,Team Totals,240,33,81,.407,2,8,.250,28,41,.683,18,42,60,17,12,3,24,24,96,,,Team Totals,240,.485,.420,.099,.506,36.0,75.0,56.6,51.5,11.8,4.3,19.5,100.0,94.2,88.4,
https://www.basketball-reference.com/boxscores/201611300CHI.html,"8:00 PM, November 30, 2016",Chicago Bulls,Los Angeles Lakers,90,96,CHI,,,Team Totals,240,32,91,.352,4,21,.190,22,29,.759,14,32,46,22,15,11,14,26,90,,,Team Totals,240,.434,.374,.231,.319,25.0,64.0,43.4,68.8,14.7,15.1,11.9,100.0,88.4,94.2,
https://www.basketball-reference.com/boxscores/201611300DAL.html,"8:30 PM, November 30, 2016",Dallas Mavericks,San Antonio Spurs,87,94,SAS,,,Team Totals,240,33,71,.465,11,19,.579,17,24,.708,7,35,42,16,7,6,12,11,94,,,Team Totals,240,.576,.542,.268,.338,19.4,81.4,53.2,48.5,8.2,12.8,12.8,100.0,110.2,102.0,
https://www.basketball-reference.com/boxscores/201611300DAL.html,"8:30 PM, November 30, 2016",Dallas Mavericks,San Antonio Spurs,87,94,DAL,,,Team Totals,240,33,77,.429,10,30,.333,11,14,.786,8,29,37,16,5,3,12,18,87,,,Team Totals,240,.523,.494,.390,.182,18.6,80.6,46.8,48.5,5.9,5.8,12.6,100.0,102.0,110.2,
https://www.basketball-reference.com/boxscores/201611300DEN.html,"9:00 PM, November 30, 2016",Denver Nuggets,Miami Heat,98,106,MIA,,,Team Totals,240,41,93,.441,9,24,.375,15,26,.577,11,37,48,26,14,7,6,25,106,,,Team Totals,240,.507,.489,.258,.280,21.2,72.5,46.6,63.4,13.9,10.1,5.4,100.0,105.1,97.2,
https://www.basketball-reference.com/boxscores/201611300DEN.html,"9:00 PM, November 30, 2016",Denver Nuggets,Miami Heat,98,106,DEN,,,Team Totals,240,38,91,.418,7,22,.318,15,24,.625,14,41,55,28,3,7,19,21,98,,,Team Totals,240,.482,.456,.242,.264,27.5,78.8,53.4,73.7,3.0,10.1,15.8,100.0,97.2,105.1,
https://www.basketball-reference.com/boxscores/201611300MIN.html,"8:00 PM, November 30, 2016",Minnesota Timberwolves,New York Knicks,104,106,NYK,,,Team Totals,240,41,91,.451,13,32,.406,11,15,.733,12,27,39,24,8,3,14,26,106,,,Team Totals,240,.543,.522,.352,.165,29.3,71.1,49.4,58.5,8.4,5.2,12.5,100.0,111.8,109.7,
https://www.basketball-reference.com/boxscores/201611300MIN.html,"8:00 PM, November 30, 2016",Minnesota Timberwolves,New York Knicks,104,106,MIN,,,Team Totals,240,34,77,.442,4,19,.211,32,39,.821,11,29,40,17,9,5,15,17,104,,,Team Totals,240,.552,.468,.247,.506,28.9,70.7,50.6,50.0,9.5,8.5,13.7,100.0,109.7,111.8,
https://www.basketball-reference.com/boxscores/201611300OKC.html,"8:00 PM, November 30, 2016",Oklahoma City Thunder,Washington Wizards,126,115,WAS,,,Team Totals,265,44,98,.449,10,28,.357,17,26,.654,11,37,48,25,8,3,12,25,115,,,Team Totals,265,.525,.500,.286,.265,22.4,80.4,50.5,56.8,7.3,4.6,9.9,100.0,105.2,115.3,
https://www.basketball-reference.com/boxscores/201611300OKC.html,"8:00 PM, November 30, 2016",Oklahoma City Thunder,Washington Wizards,126,115,OKC,,,Team Totals,265,46,95,.484,12,30,.400,22,31,.710,9,38,47,28,10,4,14,22,126,,,Team Totals,265,.580,.547,.316,.326,19.6,77.6,49.5,60.9,9.2,5.7,11.4,100.0,115.3,105.2,
https://www.basketball-reference.com/boxscores/201611300PHO.html,"9:00 PM, November 30, 2016",Phoenix Suns,Atlanta Hawks,109,107,ATL,,,Team Totals,240,45,89,.506,9,25,.360,8,10,.800,7,33,40,20,9,6,22,22,107,,,Team Totals,240,.573,.556,.281,.112,20.0,71.7,49.4,44.4,8.7,8.8,19.1,100.0,103.5,105.4,
https://www.basketball-reference.com/boxscores/201611300PHO.html,"9:00 PM, November 30, 2016",Phoenix Suns,Atlanta Hawks,109,107,PHO,,,Team Totals,240,40,89,.449,10,21,.476,19,25,.760,13,28,41,15,11,4,17,17,109,,,Team Totals,240,.545,.506,.236,.281,28.3,80.0,50.6,37.5,10.6,6.3,14.5,100.0,105.4,103.5,
https://www.basketball-reference.com/boxscores/201611300POR.html,"10:00 PM, November 30, 2016",Portland Trail Blazers,Indiana Pacers,131,109,IND,,,Team Totals,240,36,72,.500,6,14,.429,31,35,.886,4,28,32,19,3,4,17,14,109,,,Team Totals,240,.624,.542,.194,.486,13.3,66.7,44.4,52.8,3.1,6.5,16.3,100.0,114.1,137.1,
https://www.basketball-reference.com/boxscores/201611300POR.html,"10:00 PM, November 30, 2016",Portland Trail Blazers,Indiana Pacers,131,109,POR,,,Team Totals,240,51,94,.543,12,32,.375,17,19,.895,14,26,40,29,13,2,7,23,131,,,Team Totals,240,.640,.606,.340,.202,33.3,86.7,55.6,56.9,13.6,3.4,6.4,100.0,137.1,114.1,
https://www.basketball-reference.com/boxscores/201611300TOR.html,"7:30 PM, November 30, 2016",Toronto Raptors,Memphis Grizzlies,120,105,MEM,,,Team Totals,240,36,82,.439,11,27,.407,22,26,.846,12,18,30,16,13,1,14,25,105,,,Team Totals,240,.562,.506,.329,.317,26.7,64.3,41.1,44.4,14.2,2.7,13.0,100.0,114.4,130.7,
https://www.basketball-reference.com/boxscores/201611300TOR.html,"7:30 PM, November 30, 2016",Toronto Raptors,Memphis Grizzlies,120,105,TOR,,,Team Totals,240,38,69,.551,16,32,.500,28,33,.848,10,33,43,23,7,4,20,25,120,,,Team Totals,240,.718,.667,.464,.478,35.7,73.3,58.9,60.5,7.6,7.3,19.3,100.0,130.7,114.4,
https://www.basketball-reference.com/boxscores/201612010BRK.html,"7:30 PM, December 1, 2016",Brooklyn Nets,Milwaukee Bucks,93,111,MIL,,,Team Totals,240,36,80,.450,15,34,.441,24,29,.828,14,34,48,23,8,10,19,18,111,,,Team Totals,240,.598,.544,.425,.363,33.3,73.9,54.5,63.9,8.3,20.4,17.0,100.0,115.1,96.4,
https://www.basketball-reference.com/boxscores/201612010BRK.html,"7:30 PM, December 1, 2016",Brooklyn Nets,Milwaukee Bucks,93,111,BRK,,,Team Totals,240,34,89,.382,12,40,.300,13,16,.813,12,28,40,20,9,9,18,22,93,,,Team Totals,240,.484,.449,.449,.180,26.1,66.7,45.5,58.8,9.3,19.6,15.8,100.0,96.4,115.1,
https://www.basketball-reference.com/boxscores/201612010CHO.html,"7:00 PM, December 1, 2016",Charlotte Hornets,Dallas Mavericks,97,87,DAL,,,Team Totals,240,32,86,.372,9,31,.290,14,18,.778,9,32,41,18,6,2,13,25,87,,,Team Totals,240,.463,.424,.360,.209,20.5,88.9,51.3,56.3,6.4,3.6,12.2,100.0,93.5,104.2,
https://www.basketball-reference.com/boxscores/201612010CHO.html,"7:00 PM, December 1, 2016",Charlotte Hornets,Dallas Mavericks,97,87,CHO,,,Team Totals,240,35,74,.473,5,18,.278,22,31,.710,4,35,39,24,5,6,10,18,97,,,Team Totals,240,.553,.507,.243,.419,11.1,79.5,48.8,68.6,5.4,10.9,10.2,100.0,104.2,93.5,
https://www.basketball-reference.com/boxscores/201612010CLE.html,"8:00 PM, December 1, 2016",Cleveland Cavaliers,Los Angeles Clippers,94,113,LAC,,,Team Totals,240,42,89,.472,13,31,.419,16,24,.667,14,33,47,33,7,3,12,32,113,,,Team Totals,240,.567,.545,.348,.270,31.8,84.6,56.6,78.6,7.4,6.7,10.8,100.0,118.7,98.7,
https://www.basketball-reference.com/boxscores/201612010CLE.html,"8:00 PM, December 1, 2016",Cleveland Cavaliers,Los Angeles Clippers,94,113,CLE,,,Team Totals,240,28,69,.406,9,24,.375,29,39,.744,6,30,36,12,5,3,18,24,94,,,Team Totals,240,.545,.471,.348,.565,15.4,68.2,43.4,42.9,5.3,5.2,17.3,100.0,98.7,118.7,
https://www.basketball-reference.com/boxscores/201612010GSW.html,"10:30 PM, December 1, 2016",Golden State Warriors,Houston Rockets,127,132,HOU,,,Team Totals,290,48,108,.444,14,44,.318,22,30,.733,15,41,56,26,11,4,21,28,132,,,Team Totals,290,.545,.509,.407,.278,26.8,75.9,50.9,54.2,9.0,6.7,14.8,100.0,108.2,104.1,
https://www.basketball-reference.com/boxscores/201612010GSW.html,"10:30 PM, December 1, 2016",Golden State Warriors,Houston Rockets,127,132,GSW,,,Team Totals,290,43,104,.413,12,44,.273,29,37,.784,13,41,54,31,12,7,17,27,127,,,Team Totals,290,.528,.471,.423,.356,24.1,73.2,49.1,72.1,9.8,10.9,12.4,100.0,104.1,108.2,
https://www.basketball-reference.com/boxscores/201612010MEM.html,"8:00 PM, December 1, 2016",Memphis Grizzlies,Orlando Magic,95,94,ORL,,,Team Totals,240,33,74,.446,6,24,.250,22,31,.710,7,35,42,15,5,9,18,19,94,,,Team Totals,240,.536,.486,.324,.419,18.4,81.4,51.9,45.5,5.3,14.8,17.0,100.0,100.3,101.4,
https://www.basketball-reference.com/boxscores/201612010MEM.html,"8:00 PM, December 1, 2016",Memphis Grizzlies,Orlando Magic,95,94,MEM,,,Team Totals,240,33,79,.418,7,18,.389,22,28,.786,8,31,39,18,9,9,10,25,95,,,Team Totals,240,.520,.462,.228,.354,18.6,81.6,48.1,54.5,9.6,18.0,9.9,100.0,101.4,100.3,
https://www.basketball-reference.com/boxscores/201612010UTA.html,"9:00 PM, December 1, 2016",Utah Jazz,Miami Heat,110,111,MIA,,,Team Totals,240,44,86,.512,8,19,.421,15,19,.789,13,27,40,16,7,2,6,15,111,,,Team Totals,240,.588,.558,.221,.221,33.3,84.4,56.3,36.4,8.2,4.7,6.0,100.0,130.7,129.5,
https://www.basketball-reference.com/boxscores/201612010UTA.html,"9:00 PM, December 1, 2016",Utah Jazz,Miami Heat,110,111,UTA,,,Team Totals,240,40,73,.548,17,30,.567,13,17,.765,5,26,31,24,5,8,11,14,110,,,Team Totals,240,.683,.664,.411,.233,15.6,66.7,43.7,60.0,5.9,11.9,12.0,100.0,129.5,130.7,
https://www.basketball-reference.com/boxscores/201612020ATL.html,"8:00 PM, December 2, 2016",Atlanta Hawks,Detroit Pistons,85,121,DET,,,Team Totals,240,48,89,.539,17,29,.586,8,12,.667,11,43,54,28,4,3,15,15,121,,,Team Totals,240,.642,.635,.326,.135,29.7,87.8,62.8,58.3,4.2,4.7,13.7,100.0,126.4,88.8,
https://www.basketball-reference.com/boxscores/201612020ATL.html,"8:00 PM, December 2, 2016",Atlanta Hawks,Detroit Pistons,85,121,ATL,,,Team Totals,240,32,88,.364,6,24,.250,15,20,.750,6,26,32,22,6,2,7,12,85,,,Team Totals,240,.439,.398,.273,.227,12.2,70.3,37.2,68.8,6.3,3.3,6.7,100.0,88.8,126.4,
https://www.basketball-reference.com/boxscores/201612020BOS.html,"7:30 PM, December 2, 2016",Boston Celtics,Sacramento Kings,97,92,SAC,,,Team Totals,240,33,88,.375,6,26,.231,20,25,.800,14,37,51,22,9,10,14,16,92,,,Team Totals,240,.465,.409,.295,.284,29.2,77.1,53.1,66.7,9.4,16.7,12.4,100.0,96.3,101.5,
https://www.basketball-reference.com/boxscores/201612020BOS.html,"7:30 PM, December 2, 2016",Boston Celtics,Sacramento Kings,97,92,BOS,,,Team Totals,240,36,88,.409,11,28,.393,14,15,.933,11,34,45,25,10,9,15,22,97,,,Team Totals,240,.513,.472,.318,.170,22.9,70.8,46.9,69.4,10.5,14.5,13.7,100.0,101.5,96.3,
https://www.basketball-reference.com/boxscores/201612020CHI.html,"8:00 PM, December 2, 2016",Chicago Bulls,Cleveland Cavaliers,111,105,CLE,,,Team Totals,240,45,83,.542,10,26,.385,5,10,.500,6,27,33,30,5,1,20,15,105,,,Team Totals,240,.601,.602,.313,.120,15.4,62.8,40.2,66.7,5.1,1.3,18.6,100.0,107.1,113.2,
https://www.basketball-reference.com/boxscores/201612020CHI.html,"8:00 PM, December 2, 2016",Chicago Bulls,Cleveland Cavaliers,111,105,CHI,,,Team Totals,240,47,96,.490,3,18,.167,14,17,.824,16,33,49,31,11,4,12,16,111,,,Team Totals,240,.536,.505,.188,.177,37.2,84.6,59.8,66.0,11.2,7.0,10.4,100.0,113.2,107.1,
https://www.basketball-reference.com/boxscores/201612020DEN.html,"10:30 PM, December 2, 2016",Denver Nuggets,Houston Rockets,110,128,HOU,,,Team Totals,240,45,88,.511,17,37,.459,21,25,.840,10,31,41,25,11,7,13,14,128,,,Team Totals,240,.646,.608,.420,.284,25.0,56.4,43.2,55.6,11.1,9.6,11.6,100.0,128.8,110.7,
https://www.basketball-reference.com/boxscores/201612020DEN.html,"10:30 PM, December 2, 2016",Denver Nuggets,Houston Rockets,110,128,DEN,,,Team Totals,240,46,104,.442,9,31,.290,9,16,.563,24,30,54,22,5,4,16,20,110,,,Team Totals,240,.495,.486,.298,.154,43.6,75.0,56.8,47.8,5.0,7.8,12.6,100.0,110.7,128.8,
https://www.basketball-reference.com/boxscores/201612020NOP.html,"8:00 PM, December 2, 2016",New Orleans Pelicans,Los Angeles Clippers,96,114,LAC,,,Team Totals,240,45,88,.511,10,24,.417,14,16,.875,12,35,47,27,6,7,9,18,114,,,Team Totals,240,.600,.568,.273,.182,28.6,77.8,54.0,60.0,6.5,10.8,8.7,100.0,122.8,103.4,
https://www.basketball-reference.com/boxscores/201612020NOP.html,"8:00 PM, December 2, 2016",New Orleans Pelicans,Los Angeles Clippers,96,114,NOP,,,Team Totals,240,39,85,.459,5,20,.250,13,21,.619,10,30,40,21,5,4,13,14,96,,,Team Totals,240,.509,.488,.235,.247,22.2,71.4,46.0,53.8,5.4,6.3,12.1,100.0,103.4,122.8,
https://www.basketball-reference.com/boxscores/201612020NYK.html,"7:30 PM, December 2, 2016",New York Knicks,Minnesota Timberwolves,118,114,MIN,,,Team Totals,240,41,88,.466,10,28,.357,22,24,.917,13,30,43,25,6,6,14,25,114,,,Team Totals,240,.578,.523,.318,.273,28.9,73.2,50.0,61.0,6.1,10.9,12.4,100.0,115.6,119.7,
https://www.basketball-reference.com/boxscores/201612020NYK.html,"7:30 PM, December 2, 2016",New York Knicks,Minnesota Timberwolves,118,114,NYK,,,Team Totals,240,41,86,.477,12,31,.387,24,30,.800,11,32,43,26,9,6,15,18,118,,,Team Totals,240,.595,.547,.360,.349,26.8,71.1,50.0,63.4,9.1,10.0,13.1,100.0,119.7,115.6,
https://www.basketball-reference.com/boxscores/201612020PHI.html,"7:00 PM, December 2, 2016",Philadelphia 76ers,Orlando Magic,88,105,ORL,,,Team Totals,240,37,78,.474,13,26,.500,18,26,.692,7,40,47,24,8,3,12,20,105,,,Team Totals,240,.587,.558,.333,.333,18.4,72.7,50.5,64.9,8.7,4.8,11.8,100.0,114.1,95.6,
https://www.basketball-reference.com/boxscores/201612020PHI.html,"7:00 PM, December 2, 2016",Philadelphia 76ers,Orlando Magic,88,105,PHI,,,Team Totals,240,36,95,.379,9,32,.281,7,10,.700,15,31,46,24,3,6,10,18,88,,,Team Totals,240,.443,.426,.337,.105,27.3,81.6,49.5,66.7,3.3,11.5,9.1,100.0,95.6,114.1,
https://www.basketball-reference.com/boxscores/201612020SAS.html,"8:30 PM, December 2, 2016",San Antonio Spurs,Washington Wizards,107,105,WAS,,,Team Totals,240,41,81,.506,7,11,.636,16,18,.889,9,34,43,25,13,3,20,26,105,,,Team Totals,240,.590,.549,.136,.222,26.5,73.9,53.8,61.0,13.4,5.0,18.4,100.0,108.5,110.5,
https://www.basketball-reference.com/boxscores/201612020SAS.html,"8:30 PM, December 2, 2016",San Antonio Spurs,Washington Wizards,107,105,SAS,,,Team Totals,240,39,80,.488,8,20,.400,21,33,.636,12,25,37,27,11,4,15,17,107,,,Team Totals,240,.566,.538,.250,.413,26.1,73.5,46.3,69.2,11.4,5.7,13.7,100.0,110.5,108.5,
https://www.basketball-reference.com/boxscores/201612020TOR.html,"7:30 PM, December 2, 2016",Toronto Raptors,Los Angeles Lakers,113,80,LAL,,,Team Totals,240,32,93,.344,6,26,.231,10,17,.588,19,27,46,16,6,2,18,18,80,,,Team Totals,240,.398,.376,.280,.183,33.9,79.4,51.1,50.0,6.4,3.7,15.2,100.0,85.8,121.2,
https://www.basketball-reference.com/boxscores/201612020TOR.html,"7:30 PM, December 2, 2016",Toronto Raptors,Los Angeles Lakers,113,80,TOR,,,Team Totals,240,45,83,.542,12,29,.414,11,13,.846,7,37,44,25,8,5,11,18,113,,,Team Totals,240,.637,.614,.349,.157,20.6,66.1,48.9,55.6,8.6,7.5,11.0,100.0,121.2,85.8,
https://www.basketball-reference.com/boxscores/201612030CHO.html,"7:00 PM, December 3, 2016",Charlotte Hornets,Minnesota Timberwolves,120,125,MIN,,,Team Totals,265,48,106,.453,10,27,.370,19,22,.864,14,37,51,32,10,10,11,19,125,,,Team Totals,265,.540,.500,.255,.208,27.5,74.0,50.5,66.7,9.1,15.4,8.7,100.0,114.0,109.4,
https://www.basketball-reference.com/boxscores/201612030CHO.html,"7:00 PM, December 3, 2016",Charlotte Hornets,Minnesota Timberwolves,120,125,CHO,,,Team Totals,265,44,101,.436,14,36,.389,18,26,.692,13,37,50,30,6,8,15,16,120,,,Team Totals,265,.534,.505,.356,.257,26.0,72.5,49.5,68.2,5.5,10.1,11.8,100.0,109.4,114.0,
https://www.basketball-reference.com/boxscores/201612030DAL.html,"8:30 PM, December 3, 2016",Dallas Mavericks,Chicago Bulls,107,82,CHI,,,Team Totals,240,32,71,.451,3,13,.231,15,21,.714,11,32,43,9,4,5,20,22,82,,,Team Totals,240,.511,.472,.183,.296,27.5,71.1,50.6,28.1,4.5,8.9,20.0,100.0,92.3,120.5,
https://www.basketball-reference.com/boxscores/201612030DAL.html,"8:30 PM, December 3, 2016",Dallas Mavericks,Chicago Bulls,107,82,DAL,,,Team Totals,240,40,87,.460,13,31,.419,14,18,.778,13,29,42,31,11,2,10,19,107,,,Team Totals,240,.564,.534,.356,.207,28.9,72.5,49.4,77.5,12.4,3.4,9.5,100.0,120.5,92.3,
https://www.basketball-reference.com/boxscores/201612030GSW.html,"10:30 PM, December 3, 2016",Golden State Warriors,Phoenix Suns,138,109,PHO,,,Team Totals,240,41,91,.451,11,32,.344,16,21,.762,14,22,36,24,8,2,15,29,109,,,Team Totals,240,.544,.511,.352,.231,30.4,78.6,48.6,58.5,8.0,3.5,13.0,100.0,109.0,138.0,
https://www.basketball-reference.com/boxscores/201612030GSW.html,"10:30 PM, December 3, 2016",Golden State Warriors,Phoenix Suns,138,109,GSW,,,Team Totals,240,49,78,.628,14,21,.667,26,34,.765,6,32,38,37,9,5,17,19,138,,,Team Totals,240,.742,.718,.269,.436,21.4,69.6,51.4,75.5,9.0,8.5,15.5,100.0,138.0,109.0,
https://www.basketball-reference.com/boxscores/201612030MEM.html,"8:00 PM, December 3, 2016",Memphis Grizzlies,Los Angeles Lakers,103,100,LAL,,,Team Totals,240,35,81,.432,7,21,.333,23,29,.793,14,30,44,16,7,4,18,18,100,,,Team Totals,240,.533,.475,.259,.358,32.6,68.2,50.6,45.7,7.6,6.9,16.1,100.0,108.4,111.6,
https://www.basketball-reference.com/boxscores/201612030MEM.html,"8:00 PM, December 3, 2016",Memphis Grizzlies,Los Angeles Lakers,103,100,MEM,,,Team Totals,240,41,88,.466,10,30,.333,11,15,.733,14,29,43,32,13,7,12,19,103,,,Team Totals,240,.544,.523,.341,.170,31.8,67.4,49.4,78.0,14.1,11.7,11.3,100.0,111.6,108.4,
https://www.basketball-reference.com/boxscores/201612030MIL.html,"5:00 PM, December 3, 2016",Milwaukee Bucks,Brooklyn Nets,112,103,BRK,,,Team Totals,240,34,91,.374,11,41,.268,24,33,.727,10,36,46,21,6,5,14,26,103,,,Team Totals,240,.488,.434,.451,.363,20.4,83.7,50.0,61.8,5.7,8.2,11.7,100.0,98.4,107.0,
https://www.basketball-reference.com/boxscores/201612030MIL.html,"5:00 PM, December 3, 2016",Milwaukee Bucks,Brooklyn Nets,112,103,MIL,,,Team Totals,240,40,85,.471,6,24,.250,26,36,.722,7,39,46,25,9,10,12,24,112,,,Team Totals,240,.555,.506,.282,.424,16.3,79.6,50.0,62.5,8.6,20.0,10.6,100.0,107.0,98.4,
https://www.basketball-reference.com/boxscores/201612030PHI.html,"7:30 PM, December 3, 2016",Philadelphia 76ers,Boston Celtics,106,107,BOS,,,Team Totals,240,38,76,.500,8,26,.308,23,29,.793,6,31,37,22,5,3,11,21,107,,,Team Totals,240,.603,.553,.342,.382,16.7,79.5,49.3,57.9,5.4,7.0,11.0,100.0,114.9,113.8,
https://www.basketball-reference.com/boxscores/201612030PHI.html,"7:30 PM, December 3, 2016",Philadelphia 76ers,Boston Celtics,106,107,PHI,,,Team Totals,240,35,76,.461,15,33,.455,21,26,.808,8,30,38,20,5,3,17,23,106,,,Team Totals,240,.606,.559,.434,.342,20.5,83.3,50.7,57.1,5.4,6.0,16.3,100.0,113.8,114.9,
https://www.basketball-reference.com/boxscores/201612030POR.html,"10:00 PM, December 3, 2016",Portland Trail Blazers,Miami Heat,99,92,MIA,,,Team Totals,240,38,86,.442,6,22,.273,10,15,.667,8,38,46,23,6,6,14,14,92,,,Team Totals,240,.497,.477,.256,.174,18.6,76.0,49.5,60.5,6.3,9.2,13.1,100.0,96.6,104.0,
https://www.basketball-reference.com/boxscores/201612030POR.html,"10:00 PM, December 3, 2016",Portland Trail Blazers,Miami Heat,99,92,POR,,,Team Totals,240,36,89,.404,9,24,.375,18,24,.750,12,35,47,19,6,9,9,17,99,,,Team Totals,240,.497,.455,.270,.270,24.0,81.4,50.5,52.8,6.3,14.1,8.3,100.0,104.0,96.6,
https://www.basketball-reference.com/boxscores/201612030TOR.html,"7:30 PM, December 3, 2016",Toronto Raptors,Atlanta Hawks,128,84,ATL,,,Team Totals,240,35,88,.398,7,28,.250,7,14,.500,13,25,38,21,7,5,19,13,84,,,Team Totals,240,.446,.438,.318,.159,26.5,67.6,44.2,60.0,7.2,7.4,16.8,100.0,86.0,131.0,
https://www.basketball-reference.com/boxscores/201612030TOR.html,"7:30 PM, December 3, 2016",Toronto Raptors,Atlanta Hawks,128,84,TOR,,,Team Totals,240,53,92,.576,13,24,.542,9,11,.818,12,36,48,28,14,7,15,17,128,,,Team Totals,240,.661,.647,.261,.120,32.4,73.5,55.8,52.8,14.3,11.7,13.4,100.0,131.0,86.0,
https://www.basketball-reference.com/boxscores/201612030UTA.html,"9:00 PM, December 3, 2016",Utah Jazz,Denver Nuggets,105,98,DEN,,,Team Totals,240,37,83,.446,13,24,.542,11,14,.786,7,30,37,19,7,5,14,21,98,,,Team Totals,240,.550,.524,.289,.169,17.5,81.1,48.1,51.4,7.6,9.4,13.6,100.0,106.8,114.5,
https://www.basketball-reference.com/boxscores/201612030UTA.html,"9:00 PM, December 3, 2016",Utah Jazz,Denver Nuggets,105,98,UTA,,,Team Totals,240,35,78,.449,9,25,.360,26,28,.929,7,33,40,20,8,3,9,13,105,,,Team Totals,240,.581,.506,.321,.359,18.9,82.5,51.9,57.1,8.7,5.1,9.1,100.0,114.5,106.8,
https://www.basketball-reference.com/boxscores/201612040DET.html,"6:00 PM, December 4, 2016",Detroit Pistons,Orlando Magic,92,98,ORL,,,Team Totals,240,42,79,.532,7,23,.304,7,14,.500,4,35,39,23,8,7,11,11,98,,,Team Totals,240,.575,.576,.291,.177,10.5,77.8,47.0,54.8,8.7,11.9,11.4,100.0,106.4,99.9,
https://www.basketball-reference.com/boxscores/201612040DET.html,"6:00 PM, December 4, 2016",Detroit Pistons,Orlando Magic,92,98,DET,,,Team Totals,240,38,86,.442,10,27,.370,6,13,.462,10,34,44,16,8,3,13,12,92,,,Team Totals,240,.502,.500,.314,.151,22.2,89.5,53.0,42.1,8.7,5.4,12.4,100.0,99.9,106.4,
https://www.basketball-reference.com/boxscores/201612040LAC.html,"9:30 PM, December 4, 2016",Los Angeles Clippers,Indiana Pacers,102,111,IND,,,Team Totals,240,39,79,.494,5,14,.357,28,35,.800,5,31,36,21,9,2,11,24,111,,,Team Totals,240,.588,.525,.177,.443,12.5,66.0,41.4,53.8,9.3,3.9,10.4,100.0,114.2,104.9,
https://www.basketball-reference.com/boxscores/201612040LAC.html,"9:30 PM, December 4, 2016",Los Angeles Clippers,Indiana Pacers,102,111,LAC,,,Team Totals,240,36,81,.444,10,30,.333,20,28,.714,16,35,51,19,5,7,20,24,102,,,Team Totals,240,.547,.506,.370,.346,34.0,87.5,58.6,52.8,5.1,10.8,17.6,100.0,104.9,114.2,
https://www.basketball-reference.com/boxscores/201612040NYK.html,"7:30 PM, December 4, 2016",New York Knicks,Sacramento Kings,106,98,SAC,,,Team Totals,240,31,97,.320,9,28,.321,27,31,.871,18,33,51,18,13,5,11,17,98,,,Team Totals,240,.443,.366,.289,.320,29.0,70.2,46.8,58.1,12.9,8.5,9.0,100.0,97.6,105.5,
https://www.basketball-reference.com/boxscores/201612040NYK.html,"7:30 PM, December 4, 2016",New York Knicks,Sacramento Kings,106,98,NYK,,,Team Totals,240,39,88,.443,11,29,.379,17,24,.708,14,44,58,20,5,10,19,25,106,,,Team Totals,240,.538,.506,.330,.273,29.8,71.0,53.2,51.3,5.0,14.5,16.2,100.0,105.5,97.6,
https://www.basketball-reference.com/boxscores/201612040OKC.html,"7:00 PM, December 4, 2016",Oklahoma City Thunder,New Orleans Pelicans,101,92,NOP,,,Team Totals,240,36,98,.367,6,28,.214,14,19,.737,12,39,51,15,8,6,11,22,92,,,Team Totals,240,.432,.398,.286,.194,20.0,78.0,46.4,41.7,7.7,9.8,9.4,100.0,88.7,97.4,
https://www.basketball-reference.com/boxscores/201612040OKC.html,"7:00 PM, December 4, 2016",Oklahoma City Thunder,New Orleans Pelicans,101,92,OKC,,,Team Totals,240,41,89,.461,6,28,.214,13,26,.500,11,48,59,24,7,5,16,15,101,,,Team Totals,240,.503,.494,.315,.292,22.0,80.0,53.6,58.5,6.7,7.1,13.7,100.0,97.4,88.7,
https://www.basketball-reference.com/boxscores/201612050ATL.html,"7:30 PM, December 5, 2016",Atlanta Hawks,Oklahoma City Thunder,99,102,OKC,,,Team Totals,240,37,80,.463,10,31,.323,18,28,.643,8,35,43,26,9,5,19,27,102,,,Team Totals,240,.552,.525,.388,.350,21.6,83.3,54.4,70.3,9.0,9.1,17.1,100.0,101.8,98.8,
https://www.basketball-reference.com/boxscores/201612050ATL.html,"7:30 PM, December 5, 2016",Atlanta Hawks,Oklahoma City Thunder,99,102,ATL,,,Team Totals,240,34,77,.442,7,22,.318,24,32,.750,7,29,36,26,13,3,18,24,99,,,Team Totals,240,.543,.487,.286,.416,16.7,78.4,45.6,76.5,13.0,6.1,16.5,100.0,98.8,101.8,
https://www.basketball-reference.com/boxscores/201612050BRK.html,"7:30 PM, December 5, 2016",Brooklyn Nets,Washington Wizards,113,118,WAS,,,Team Totals,240,45,92,.489,14,34,.412,14,18,.778,8,27,35,26,17,5,10,22,118,,,Team Totals,240,.590,.565,.370,.196,17.8,67.5,41.2,57.8,16.9,9.3,9.1,100.0,117.4,112.4,
https://www.basketball-reference.com/boxscores/201612050BRK.html,"7:30 PM, December 5, 2016",Brooklyn Nets,Washington Wizards,113,118,BRK,,,Team Totals,240,40,81,.494,11,27,.407,22,30,.733,13,37,50,25,5,3,22,15,113,,,Team Totals,240,.600,.562,.333,.370,32.5,82.2,58.8,62.5,5.0,5.2,18.9,100.0,112.4,117.4,
https://www.basketball-reference.com/boxscores/201612050CHI.html,"8:00 PM, December 5, 2016",Chicago Bulls,Portland Trail Blazers,110,112,POR,,,Team Totals,240,45,93,.484,9,24,.375,13,18,.722,10,28,38,25,9,8,10,27,112,,,Team Totals,240,.555,.532,.258,.194,22.2,65.1,43.2,55.6,9.3,13.3,9.0,100.0,115.4,113.4,
https://www.basketball-reference.com/boxscores/201612050CHI.html,"8:00 PM, December 5, 2016",Chicago Bulls,Portland Trail Blazers,110,112,CHI,,,Team Totals,240,35,83,.422,7,23,.304,33,38,.868,15,35,50,16,8,11,15,17,110,,,Team Totals,240,.552,.464,.277,.458,34.9,77.8,56.8,45.7,8.2,15.9,13.1,100.0,113.4,115.4,
https://www.basketball-reference.com/boxscores/201612050DAL.html,"8:30 PM, December 5, 2016",Dallas Mavericks,Charlotte Hornets,101,109,CHO,,,Team Totals,240,40,79,.506,3,18,.167,26,28,.929,9,44,53,21,2,5,12,19,109,,,Team Totals,240,.597,.525,.228,.354,25.7,83.0,60.2,52.5,2.2,9.4,11.6,100.0,117.7,109.1,
https://www.basketball-reference.com/boxscores/201612050DAL.html,"8:30 PM, December 5, 2016",Dallas Mavericks,Charlotte Hornets,101,109,DAL,,,Team Totals,240,37,89,.416,13,36,.361,14,18,.778,9,26,35,23,4,2,7,19,101,,,Team Totals,240,.521,.489,.404,.202,17.0,74.3,39.8,62.2,4.3,3.3,6.7,100.0,109.1,117.7,
https://www.basketball-reference.com/boxscores/201612050GSW.html,"10:30 PM, December 5, 2016",Golden State Warriors,Indiana Pacers,142,106,IND,,,Team Totals,240,35,85,.412,3,15,.200,33,35,.943,9,31,40,20,10,5,14,21,106,,,Team Totals,240,.528,.429,.176,.412,19.1,66.0,42.6,57.1,9.5,7.5,12.2,100.0,101.0,135.3,
https://www.basketball-reference.com/boxscores/201612050GSW.html,"10:30 PM, December 5, 2016",Golden State Warriors,Indiana Pacers,142,106,GSW,,,Team Totals,240,54,104,.519,14,37,.378,20,26,.769,16,38,54,45,12,13,11,22,142,,,Team Totals,240,.615,.587,.356,.250,34.0,80.9,57.4,83.3,11.4,18.6,8.7,100.0,135.3,101.0,
https://www.basketball-reference.com/boxscores/201612050HOU.html,"8:00 PM, December 5, 2016",Houston Rockets,Boston Celtics,107,106,BOS,,,Team Totals,240,42,99,.424,11,32,.344,11,12,.917,10,32,42,27,7,4,11,20,106,,,Team Totals,240,.508,.480,.323,.121,20.4,82.1,47.7,64.3,7.0,10.5,9.5,100.0,106.2,107.2,
https://www.basketball-reference.com/boxscores/201612050HOU.html,"8:00 PM, December 5, 2016",Houston Rockets,Boston Celtics,107,106,HOU,,,Team Totals,240,34,76,.447,12,38,.316,27,31,.871,7,39,46,20,8,7,17,14,107,,,Team Totals,240,.597,.526,.500,.408,17.9,79.6,52.3,58.8,8.0,10.4,15.9,100.0,107.2,106.2,
https://www.basketball-reference.com/boxscores/201612050LAL.html,"10:30 PM, December 5, 2016",Los Angeles Lakers,Utah Jazz,101,107,UTA,,,Team Totals,240,38,80,.475,13,32,.406,18,29,.621,11,28,39,26,5,7,12,18,107,,,Team Totals,240,.577,.556,.400,.363,28.2,65.1,47.6,68.4,5.5,9.6,11.5,100.0,118.8,112.1,
https://www.basketball-reference.com/boxscores/201612050LAL.html,"10:30 PM, December 5, 2016",Los Angeles Lakers,Utah Jazz,101,107,LAL,,,Team Totals,240,39,87,.448,5,14,.357,18,23,.783,15,28,43,15,8,1,11,23,101,,,Team Totals,240,.520,.477,.161,.264,34.9,71.8,52.4,38.5,8.9,2.1,10.2,100.0,112.1,118.8,
https://www.basketball-reference.com/boxscores/201612050MIL.html,"8:00 PM, December 5, 2016",Milwaukee Bucks,San Antonio Spurs,96,97,SAS,,,Team Totals,240,40,93,.430,8,28,.286,9,14,.643,12,34,46,26,6,5,15,22,97,,,Team Totals,240,.489,.473,.301,.151,25.0,82.9,51.7,65.0,6.2,10.2,13.1,100.0,101.0,99.9,
https://www.basketball-reference.com/boxscores/201612050MIL.html,"8:00 PM, December 5, 2016",Milwaukee Bucks,San Antonio Spurs,96,97,MIL,,,Team Totals,240,30,73,.411,6,24,.250,30,34,.882,7,36,43,16,4,7,14,16,96,,,Team Totals,240,.546,.452,.329,.466,17.1,75.0,48.3,53.3,4.2,10.8,13.7,100.0,99.9,101.0,
https://www.basketball-reference.com/boxscores/201612050NOP.html,"8:00 PM, December 5, 2016",New Orleans Pelicans,Memphis Grizzlies,108,110,MEM,,,Team Totals,290,42,104,.404,13,34,.382,13,21,.619,13,48,61,23,8,4,14,22,110,,,Team Totals,290,.486,.466,.327,.202,21.3,88.9,53.0,54.8,7.1,6.0,11.0,100.0,97.5,95.8,
https://www.basketball-reference.com/boxscores/201612050NOP.html,"8:00 PM, December 5, 2016",New Orleans Pelicans,Memphis Grizzlies,108,110,NOP,,,Team Totals,290,39,99,.394,10,32,.313,20,21,.952,6,48,54,21,7,7,13,15,108,,,Team Totals,290,.499,.444,.323,.212,11.1,78.7,47.0,53.8,6.2,10.0,10.7,100.0,95.8,97.5,
https://www.basketball-reference.com/boxscores/201612050PHI.html,"7:00 PM, December 5, 2016",Philadelphia 76ers,Denver Nuggets,98,106,DEN,,,Team Totals,240,35,76,.461,10,27,.370,26,34,.765,10,35,45,17,13,8,19,20,106,,,Team Totals,240,.583,.526,.355,.447,23.8,74.5,50.6,48.6,13.1,14.5,17.3,100.0,106.8,98.8,
https://www.basketball-reference.com/boxscores/201612050PHI.html,"7:00 PM, December 5, 2016",Philadelphia 76ers,Denver Nuggets,98,106,PHI,,,Team Totals,240,35,86,.407,11,31,.355,17,23,.739,12,32,44,20,12,10,19,25,98,,,Team Totals,240,.510,.471,.360,.267,25.5,76.2,49.4,57.1,12.1,20.4,16.5,100.0,98.8,106.8,
https://www.basketball-reference.com/boxscores/201612050TOR.html,"7:30 PM, December 5, 2016",Toronto Raptors,Cleveland Cavaliers,112,116,CLE,,,Team Totals,240,40,84,.476,14,32,.438,22,27,.815,13,35,48,21,4,3,16,21,116,,,Team Totals,240,.605,.560,.381,.321,36.1,77.8,59.3,52.5,4.3,5.4,14.3,100.0,123.6,119.3,
https://www.basketball-reference.com/boxscores/201612050TOR.html,"7:30 PM, December 5, 2016",Toronto Raptors,Cleveland Cavaliers,112,116,TOR,,,Team Totals,240,38,88,.432,13,32,.406,23,27,.852,10,23,33,22,8,5,7,22,112,,,Team Totals,240,.561,.506,.364,.307,22.2,63.9,40.7,57.9,8.5,9.6,6.5,100.0,119.3,123.6,
https://www.basketball-reference.com/boxscores/201612060DET.html,"7:30 PM, December 6, 2016",Detroit Pistons,Chicago Bulls,102,91,CHI,,,Team Totals,240,33,75,.440,2,15,.133,23,32,.719,9,36,45,15,6,7,14,20,91,,,Team Totals,240,.511,.453,.200,.427,20.5,80.0,50.6,45.5,6.4,10.4,13.6,100.0,96.9,108.7,
https://www.basketball-reference.com/boxscores/201612060DET.html,"7:30 PM, December 6, 2016",Detroit Pistons,Chicago Bulls,102,91,DET,,,Team Totals,240,40,88,.455,8,21,.381,14,21,.667,9,35,44,24,10,5,9,23,102,,,Team Totals,240,.524,.500,.239,.239,20.0,79.5,49.4,60.0,10.7,8.3,8.5,100.0,108.7,96.9,
https://www.basketball-reference.com/boxscores/201612060MEM.html,"8:00 PM, December 6, 2016",Memphis Grizzlies,Philadelphia 76ers,96,91,PHI,,,Team Totals,240,32,82,.390,14,41,.341,13,26,.500,9,36,45,21,5,7,16,27,91,,,Team Totals,240,.487,.476,.500,.317,18.0,75.0,45.9,65.6,5.1,10.1,14.6,100.0,92.1,97.2,
https://www.basketball-reference.com/boxscores/201612060MEM.html,"8:00 PM, December 6, 2016",Memphis Grizzlies,Philadelphia 76ers,96,91,MEM,,,Team Totals,240,33,86,.384,2,17,.118,28,35,.800,12,41,53,18,8,5,13,25,96,,,Team Totals,240,.473,.395,.198,.407,25.0,82.0,54.1,54.5,8.1,12.2,11.4,100.0,97.2,92.1,
https://www.basketball-reference.com/boxscores/201612060MIA.html,"7:30 PM, December 6, 2016",Miami Heat,New York Knicks,103,114,NYK,,,Team Totals,240,48,98,.490,7,25,.280,11,16,.688,18,35,53,22,6,6,11,18,114,,,Team Totals,240,.543,.526,.255,.163,37.5,68.6,53.5,45.8,6.4,9.4,9.5,100.0,121.3,109.6,
https://www.basketball-reference.com/boxscores/201612060MIA.html,"7:30 PM, December 6, 2016",Miami Heat,New York Knicks,103,114,MIA,,,Team Totals,240,38,89,.427,11,25,.440,16,27,.593,16,30,46,21,8,4,10,16,103,,,Team Totals,240,.511,.489,.281,.303,31.4,62.5,46.5,55.3,8.5,5.5,9.0,100.0,109.6,121.3,
https://www.basketball-reference.com/boxscores/201612060MIN.html,"8:00 PM, December 6, 2016",Minnesota Timberwolves,San Antonio Spurs,91,105,SAS,,,Team Totals,240,39,74,.527,11,24,.458,16,19,.842,3,32,35,21,8,3,11,20,105,,,Team Totals,240,.637,.601,.324,.257,9.1,74.4,46.1,53.8,8.8,4.8,11.8,100.0,116.1,100.7,
https://www.basketball-reference.com/boxscores/201612060MIN.html,"8:00 PM, December 6, 2016",Minnesota Timberwolves,San Antonio Spurs,91,105,MIN,,,Team Totals,240,36,82,.439,7,20,.350,12,18,.667,11,30,41,19,4,2,15,20,91,,,Team Totals,240,.506,.482,.244,.220,25.6,90.9,53.9,52.8,4.4,4.0,14.3,100.0,100.7,116.1,
https://www.basketball-reference.com/boxscores/201612060UTA.html,"9:00 PM, December 6, 2016",Utah Jazz,Phoenix Suns,112,105,PHO,,,Team Totals,240,39,84,.464,6,18,.333,21,25,.840,12,29,41,14,5,0,17,28,105,,,Team Totals,240,.553,.500,.214,.298,29.3,82.9,53.9,35.9,5.2,0.0,15.2,100.0,109.4,116.7,
https://www.basketball-reference.com/boxscores/201612060UTA.html,"9:00 PM, December 6, 2016",Utah Jazz,Phoenix Suns,112,105,UTA,,,Team Totals,240,36,73,.493,12,27,.444,28,32,.875,6,29,35,23,7,7,16,23,112,,,Team Totals,240,.643,.575,.370,.438,17.1,70.7,46.1,63.9,7.3,10.6,15.5,100.0,116.7,109.4,
https://www.basketball-reference.com/boxscores/201612060WAS.html,"7:00 PM, December 6, 2016",Washington Wizards,Orlando Magic,116,124,ORL,,,Team Totals,240,43,83,.518,12,26,.462,26,36,.722,8,35,43,24,7,12,13,18,124,,,Team Totals,240,.627,.590,.313,.434,20.0,77.8,50.6,55.8,6.8,17.1,11.6,100.0,121.1,113.3,
https://www.basketball-reference.com/boxscores/201612060WAS.html,"7:00 PM, December 6, 2016",Washington Wizards,Orlando Magic,116,124,WAS,,,Team Totals,240,44,93,.473,11,23,.478,17,24,.708,10,32,42,20,5,2,12,25,116,,,Team Totals,240,.560,.532,.247,.258,22.2,80.0,49.4,45.5,4.9,3.5,10.4,100.0,113.3,121.1,
https://www.basketball-reference.com/boxscores/201612070ATL.html,"7:30 PM, December 7, 2016",Atlanta Hawks,Miami Heat,103,95,MIA,,,Team Totals,240,34,80,.425,11,27,.407,16,20,.800,8,25,33,20,6,6,17,16,95,,,Team Totals,240,.535,.494,.338,.250,19.5,64.1,41.3,58.8,6.4,8.7,16.1,100.0,102.1,110.7,
https://www.basketball-reference.com/boxscores/201612070ATL.html,"7:30 PM, December 7, 2016",Atlanta Hawks,Miami Heat,103,95,ATL,,,Team Totals,240,43,88,.489,4,19,.211,13,15,.867,14,33,47,27,9,9,14,20,103,,,Team Totals,240,.544,.511,.216,.170,35.9,80.5,58.8,62.8,9.7,17.0,12.9,100.0,110.7,102.1,
https://www.basketball-reference.com/boxscores/201612070BRK.html,"7:30 PM, December 7, 2016",Brooklyn Nets,Denver Nuggets,116,111,DEN,,,Team Totals,240,42,105,.400,11,37,.297,16,21,.762,26,32,58,18,7,2,17,24,111,,,Team Totals,240,.486,.452,.352,.200,44.8,76.2,58.0,42.9,7.0,3.4,13.0,100.0,110.2,115.2,
https://www.basketball-reference.com/boxscores/201612070BRK.html,"7:30 PM, December 7, 2016",Brooklyn Nets,Denver Nuggets,116,111,BRK,,,Team Totals,240,41,85,.482,9,26,.346,25,31,.806,10,32,42,18,11,5,15,19,116,,,Team Totals,240,.588,.535,.306,.365,23.8,55.2,42.0,43.9,10.9,7.4,13.2,100.0,115.2,110.2,
https://www.basketball-reference.com/boxscores/201612070CHO.html,"7:00 PM, December 7, 2016",Charlotte Hornets,Detroit Pistons,87,77,DET,,,Team Totals,240,34,89,.382,4,27,.148,5,8,.625,7,50,57,21,3,8,13,18,77,,,Team Totals,240,.416,.404,.303,.090,13.2,90.9,52.8,61.8,3.0,11.9,12.3,100.0,78.0,88.2,
https://www.basketball-reference.com/boxscores/201612070CHO.html,"7:00 PM, December 7, 2016",Charlotte Hornets,Detroit Pistons,87,77,CHO,,,Team Totals,240,30,88,.341,6,21,.286,21,29,.724,5,46,51,13,7,2,6,11,87,,,Team Totals,240,.432,.375,.239,.330,9.1,86.8,47.2,43.3,7.1,3.2,5.6,100.0,88.2,78.0,
https://www.basketball-reference.com/boxscores/201612070DAL.html,"8:30 PM, December 7, 2016",Dallas Mavericks,Sacramento Kings,89,120,SAC,,,Team Totals,240,47,84,.560,10,22,.455,16,21,.762,6,34,40,28,10,3,14,23,120,,,Team Totals,240,.644,.619,.262,.250,16.2,79.1,50.0,59.6,10.1,6.3,13.1,100.0,120.8,89.6,
https://www.basketball-reference.com/boxscores/201612070DAL.html,"8:30 PM, December 7, 2016",Dallas Mavericks,Sacramento Kings,89,120,DAL,,,Team Totals,240,32,78,.410,10,30,.333,15,20,.750,9,31,40,17,7,5,23,22,89,,,Team Totals,240,.513,.474,.385,.256,20.9,83.8,50.0,53.1,7.0,8.1,20.9,100.0,89.6,120.8,
https://www.basketball-reference.com/boxscores/201612070HOU.html,"8:00 PM, December 7, 2016",Houston Rockets,Los Angeles Lakers,134,95,LAL,,,Team Totals,240,34,87,.391,5,20,.250,22,27,.815,14,25,39,14,13,4,28,22,95,,,Team Totals,240,.480,.420,.230,.310,27.5,62.5,42.9,41.2,12.1,6.9,22.1,100.0,88.2,124.4,
https://www.basketball-reference.com/boxscores/201612070HOU.html,"8:00 PM, December 7, 2016",Houston Rockets,Los Angeles Lakers,134,95,HOU,,,Team Totals,240,51,94,.543,15,36,.417,17,21,.810,15,37,52,35,20,2,20,22,134,,,Team Totals,240,.649,.622,.383,.223,37.5,72.5,57.1,68.6,18.6,3.0,16.2,100.0,124.4,88.2,
https://www.basketball-reference.com/boxscores/201612070LAC.html,"10:30 PM, December 7, 2016",Los Angeles Clippers,Golden State Warriors,98,115,GSW,,,Team Totals,240,42,89,.472,7,31,.226,24,29,.828,12,34,46,32,11,5,10,24,115,,,Team Totals,240,.565,.511,.348,.326,28.6,66.7,49.5,76.2,11.5,7.6,8.9,100.0,120.5,102.7,
https://www.basketball-reference.com/boxscores/201612070LAC.html,"10:30 PM, December 7, 2016",Los Angeles Clippers,Golden State Warriors,98,115,LAC,,,Team Totals,240,36,92,.391,8,26,.308,18,24,.750,17,30,47,15,3,2,13,24,98,,,Team Totals,240,.478,.435,.283,.261,33.3,71.4,50.5,41.7,3.1,3.4,11.2,100.0,102.7,120.5,
https://www.basketball-reference.com/boxscores/201612070MIL.html,"8:00 PM, December 7, 2016",Milwaukee Bucks,Portland Trail Blazers,115,107,POR,,,Team Totals,240,37,85,.435,17,40,.425,16,19,.842,10,34,44,25,7,4,16,22,107,,,Team Totals,240,.573,.535,.471,.224,21.7,87.2,51.8,67.6,7.2,7.5,14.6,100.0,110.2,118.5,
https://www.basketball-reference.com/boxscores/201612070MIL.html,"8:00 PM, December 7, 2016",Milwaukee Bucks,Portland Trail Blazers,115,107,MIL,,,Team Totals,240,40,77,.519,10,24,.417,25,37,.676,5,36,41,19,8,7,10,13,115,,,Team Totals,240,.616,.584,.312,.481,12.8,78.3,48.2,47.5,8.2,15.6,9.7,100.0,118.5,110.2,
https://www.basketball-reference.com/boxscores/201612070NYK.html,"8:00 PM, December 7, 2016",New York Knicks,Cleveland Cavaliers,94,126,CLE,,,Team Totals,240,39,80,.488,22,40,.550,26,31,.839,10,36,46,23,11,4,12,18,126,,,Team Totals,240,.673,.625,.500,.388,25.0,73.5,51.7,59.0,11.7,7.1,11.4,100.0,134.3,100.2,
https://www.basketball-reference.com/boxscores/201612070NYK.html,"8:00 PM, December 7, 2016",New York Knicks,Cleveland Cavaliers,94,126,NYK,,,Team Totals,240,35,87,.402,11,31,.355,13,15,.867,13,30,43,22,6,3,16,22,94,,,Team Totals,240,.502,.466,.356,.172,26.5,75.0,48.3,62.9,6.4,7.5,14.6,100.0,100.2,134.3,
https://www.basketball-reference.com/boxscores/201612070ORL.html,"7:00 PM, December 7, 2016",Orlando Magic,Boston Celtics,87,117,BOS,,,Team Totals,240,43,84,.512,7,26,.269,24,29,.828,11,38,49,29,7,4,10,19,117,,,Team Totals,240,.605,.554,.310,.345,27.5,82.6,57.0,67.4,7.4,7.3,9.4,100.0,124.0,92.2,
https://www.basketball-reference.com/boxscores/201612070ORL.html,"7:00 PM, December 7, 2016",Orlando Magic,Boston Celtics,87,117,ORL,,,Team Totals,240,30,81,.370,11,26,.423,16,24,.667,8,29,37,20,7,1,14,26,87,,,Team Totals,240,.475,.438,.321,.296,17.4,72.5,43.0,66.7,7.4,1.7,13.3,100.0,92.2,124.0,
https://www.basketball-reference.com/boxscores/201612070PHO.html,"9:00 PM, December 7, 2016",Phoenix Suns,Indiana Pacers,94,109,IND,,,Team Totals,240,35,78,.449,7,23,.304,32,41,.780,12,37,49,16,11,3,18,16,109,,,Team Totals,240,.567,.494,.295,.526,27.9,80.4,55.1,45.7,10.9,5.8,15.8,100.0,107.9,93.0,
https://www.basketball-reference.com/boxscores/201612070PHO.html,"9:00 PM, December 7, 2016",Phoenix Suns,Indiana Pacers,94,109,PHO,,,Team Totals,240,34,85,.400,9,33,.273,17,18,.944,9,31,40,17,14,4,21,31,94,,,Team Totals,240,.506,.453,.388,.212,19.6,72.1,44.9,50.0,13.9,7.3,18.4,100.0,93.0,107.9,
https://www.basketball-reference.com/boxscores/201612080CHI.html,"9:30 PM, December 8, 2016",Chicago Bulls,San Antonio Spurs,95,91,SAS,,,Team Totals,240,39,97,.402,9,28,.321,4,5,.800,11,32,43,21,12,8,14,18,91,,,Team Totals,240,.459,.448,.289,.052,21.6,74.4,45.7,53.8,12.1,12.7,12.4,100.0,91.9,95.9,
https://www.basketball-reference.com/boxscores/201612080CHI.html,"9:30 PM, December 8, 2016",Chicago Bulls,San Antonio Spurs,95,91,CHI,,,Team Totals,240,35,80,.438,4,17,.235,21,27,.778,11,40,51,24,7,5,20,13,95,,,Team Totals,240,.517,.463,.213,.338,25.6,78.4,54.3,68.6,7.1,7.2,17.9,100.0,95.9,91.9,
https://www.basketball-reference.com/boxscores/201612080MEM.html,"8:00 PM, December 8, 2016",Memphis Grizzlies,Portland Trail Blazers,88,86,POR,,,Team Totals,240,25,82,.305,7,28,.250,29,40,.725,13,39,52,13,6,3,12,23,86,,,Team Totals,240,.432,.348,.341,.488,23.2,72.2,47.3,52.0,6.3,4.5,10.8,100.0,90.0,92.1,
https://www.basketball-reference.com/boxscores/201612080MEM.html,"8:00 PM, December 8, 2016",Memphis Grizzlies,Portland Trail Blazers,88,86,MEM,,,Team Totals,240,31,87,.356,6,20,.300,20,30,.667,15,43,58,13,8,2,13,28,88,,,Team Totals,240,.439,.391,.230,.345,27.8,76.8,52.7,41.9,8.4,3.7,11.5,100.0,92.1,90.0,
https://www.basketball-reference.com/boxscores/201612080NOP.html,"8:00 PM, December 8, 2016",New Orleans Pelicans,Philadelphia 76ers,88,99,PHI,,,Team Totals,240,39,91,.429,12,40,.300,9,13,.692,11,35,46,27,8,8,10,20,99,,,Team Totals,240,.512,.495,.440,.143,23.4,76.1,49.5,69.2,8.7,13.6,9.4,100.0,107.1,95.2,
https://www.basketball-reference.com/boxscores/201612080NOP.html,"8:00 PM, December 8, 2016",New Orleans Pelicans,Philadelphia 76ers,88,99,NOP,,,Team Totals,240,33,84,.393,7,25,.280,15,22,.682,11,36,47,18,3,2,12,17,88,,,Team Totals,240,.470,.435,.298,.262,23.9,76.6,50.5,54.5,3.2,3.9,11.4,100.0,95.2,107.1,
https://www.basketball-reference.com/boxscores/201612080TOR.html,"7:00 PM, December 8, 2016",Toronto Raptors,Minnesota Timberwolves,124,110,MIN,,,Team Totals,240,45,88,.511,9,28,.321,11,15,.733,16,27,43,19,3,1,14,26,110,,,Team Totals,240,.581,.563,.318,.170,38.1,62.8,50.6,42.2,3.3,1.7,12.9,100.0,120.8,136.1,
https://www.basketball-reference.com/boxscores/201612080TOR.html,"7:00 PM, December 8, 2016",Toronto Raptors,Minnesota Timberwolves,124,110,TOR,,,Team Totals,240,43,87,.494,12,27,.444,26,33,.788,16,26,42,25,5,5,9,19,124,,,Team Totals,240,.611,.563,.310,.379,37.2,61.9,49.4,58.1,5.5,8.3,8.1,100.0,136.1,120.8,
https://www.basketball-reference.com/boxscores/201612080UTA.html,"9:00 PM, December 8, 2016",Utah Jazz,Golden State Warriors,99,106,GSW,,,Team Totals,240,39,80,.488,12,29,.414,16,23,.696,9,38,47,26,10,4,17,23,106,,,Team Totals,240,.588,.563,.363,.288,20.9,76.0,50.5,66.7,10.2,7.8,15.9,100.0,108.1,101.0,
https://www.basketball-reference.com/boxscores/201612080UTA.html,"9:00 PM, December 8, 2016",Utah Jazz,Golden State Warriors,99,106,UTA,,,Team Totals,240,37,89,.416,10,38,.263,15,21,.714,12,34,46,20,8,2,15,22,99,,,Team Totals,240,.504,.472,.427,.236,24.0,79.1,49.5,54.1,8.2,3.9,13.2,100.0,101.0,108.1,
https://www.basketball-reference.com/boxscores/201612080WAS.html,"7:00 PM, December 8, 2016",Washington Wizards,Denver Nuggets,92,85,DEN,,,Team Totals,240,31,76,.408,7,32,.219,16,24,.667,14,31,45,24,8,2,29,24,85,,,Team Totals,240,.491,.454,.421,.316,34.1,79.5,56.3,77.4,8.3,3.4,25.1,100.0,88.3,95.6,
https://www.basketball-reference.com/boxscores/201612080WAS.html,"7:00 PM, December 8, 2016",Washington Wizards,Denver Nuggets,92,85,WAS,,,Team Totals,240,35,78,.449,6,19,.316,16,17,.941,8,27,35,21,11,3,19,20,92,,,Team Totals,240,.538,.487,.244,.218,20.5,65.9,43.8,60.0,11.4,6.8,18.2,100.0,95.6,88.3,
https://www.basketball-reference.com/boxscores/201612090BOS.html,"7:30 PM, December 9, 2016",Boston Celtics,Toronto Raptors,94,101,TOR,,,Team Totals,240,34,82,.415,9,20,.450,24,27,.889,8,42,50,12,9,2,11,22,101,,,Team Totals,240,.538,.470,.244,.329,17.4,84.0,52.1,35.3,9.4,4.9,10.5,100.0,105.3,98.0,
https://www.basketball-reference.com/boxscores/201612090BOS.html,"7:30 PM, December 9, 2016",Boston Celtics,Toronto Raptors,94,101,BOS,,,Team Totals,240,31,83,.373,17,42,.405,15,22,.682,8,38,46,24,5,4,14,18,94,,,Team Totals,240,.507,.476,.506,.265,16.0,82.6,47.9,77.4,5.2,6.5,13.1,100.0,98.0,105.3,
https://www.basketball-reference.com/boxscores/201612090CHO.html,"7:00 PM, December 9, 2016",Charlotte Hornets,Orlando Magic,109,88,ORL,,,Team Totals,240,34,91,.374,9,34,.265,11,14,.786,9,31,40,22,6,2,8,17,88,,,Team Totals,240,.453,.423,.374,.154,16.4,70.5,40.4,64.7,6.4,3.2,7.6,100.0,93.7,116.0,
https://www.basketball-reference.com/boxscores/201612090CHO.html,"7:00 PM, December 9, 2016",Charlotte Hornets,Orlando Magic,109,88,CHO,,,Team Totals,240,41,85,.482,9,22,.409,18,23,.783,13,46,59,23,4,5,13,13,109,,,Team Totals,240,.573,.535,.259,.271,29.5,83.6,59.6,56.1,4.3,8.8,12.0,100.0,116.0,93.7,
https://www.basketball-reference.com/boxscores/201612090CLE.html,"7:30 PM, December 9, 2016",Cleveland Cavaliers,Miami Heat,114,84,MIA,,,Team Totals,240,31,90,.344,6,27,.222,16,21,.762,23,23,46,18,6,3,15,18,84,,,Team Totals,240,.423,.378,.300,.233,39.0,67.6,49.5,58.1,6.8,5.1,13.1,100.0,94.6,128.4,
https://www.basketball-reference.com/boxscores/201612090CLE.html,"7:30 PM, December 9, 2016",Cleveland Cavaliers,Miami Heat,114,84,CLE,,,Team Totals,240,46,83,.554,9,24,.375,13,19,.684,11,36,47,23,7,9,11,16,114,,,Team Totals,240,.624,.608,.289,.229,32.4,61.0,50.5,50.0,7.9,14.3,10.7,100.0,128.4,94.6,
https://www.basketball-reference.com/boxscores/201612090DAL.html,"8:30 PM, December 9, 2016",Dallas Mavericks,Indiana Pacers,111,103,IND,,,Team Totals,240,32,69,.464,14,25,.560,25,26,.962,4,34,38,21,5,4,13,18,103,,,Team Totals,240,.640,.565,.362,.377,12.5,87.2,53.5,65.6,5.5,8.3,13.9,100.0,114.2,123.0,
https://www.basketball-reference.com/boxscores/201612090DAL.html,"8:30 PM, December 9, 2016",Dallas Mavericks,Indiana Pacers,111,103,DAL,,,Team Totals,240,39,80,.488,15,32,.469,18,24,.750,5,28,33,23,8,1,9,19,111,,,Team Totals,240,.613,.581,.400,.300,12.8,87.5,46.5,59.0,8.9,2.3,9.0,100.0,123.0,114.2,
https://www.basketball-reference.com/boxscores/201612090LAL.html,"10:30 PM, December 9, 2016",Los Angeles Lakers,Phoenix Suns,115,119,PHO,,,Team Totals,240,45,95,.474,13,30,.433,16,21,.762,9,35,44,26,8,8,8,24,119,,,Team Totals,240,.571,.542,.316,.221,18.8,77.8,47.3,57.8,7.7,13.1,7.1,100.0,115.1,111.2,
https://www.basketball-reference.com/boxscores/201612090LAL.html,"10:30 PM, December 9, 2016",Los Angeles Lakers,Phoenix Suns,115,119,LAL,,,Team Totals,240,40,87,.460,9,26,.346,26,34,.765,10,39,49,18,4,2,16,21,115,,,Team Totals,240,.564,.511,.299,.391,22.2,81.3,52.7,45.0,3.9,3.1,13.6,100.0,111.2,115.1,
https://www.basketball-reference.com/boxscores/201612090MIL.html,"8:00 PM, December 9, 2016",Milwaukee Bucks,Atlanta Hawks,110,114,ATL,,,Team Totals,240,40,84,.476,12,34,.353,22,29,.759,9,37,46,32,7,8,18,11,114,,,Team Totals,240,.589,.548,.405,.345,20.9,80.4,51.7,80.0,6.7,12.1,15.7,100.0,109.7,105.8,
https://www.basketball-reference.com/boxscores/201612090MIL.html,"8:00 PM, December 9, 2016",Milwaukee Bucks,Atlanta Hawks,110,114,MIL,,,Team Totals,240,44,94,.468,12,28,.429,10,14,.714,9,34,43,26,11,5,15,25,110,,,Team Totals,240,.549,.532,.298,.149,19.6,79.1,48.3,59.1,10.6,10.0,13.0,100.0,105.8,109.7,
https://www.basketball-reference.com/boxscores/201612090MIN.html,"8:00 PM, December 9, 2016",Minnesota Timberwolves,Detroit Pistons,90,117,DET,,,Team Totals,240,42,84,.500,14,29,.483,19,23,.826,11,31,42,23,6,1,7,23,117,,,Team Totals,240,.622,.583,.345,.274,26.8,81.6,53.2,54.8,6.7,1.6,6.9,100.0,131.4,101.1,
https://www.basketball-reference.com/boxscores/201612090MIN.html,"8:00 PM, December 9, 2016",Minnesota Timberwolves,Detroit Pistons,90,117,MIN,,,Team Totals,240,37,78,.474,3,16,.188,13,20,.650,7,30,37,19,4,2,12,16,90,,,Team Totals,240,.518,.494,.205,.256,18.4,73.2,46.8,51.4,4.5,3.6,12.1,100.0,101.1,131.4,
https://www.basketball-reference.com/boxscores/201612090OKC.html,"8:00 PM, December 9, 2016",Oklahoma City Thunder,Houston Rockets,99,102,HOU,,,Team Totals,240,36,92,.391,11,42,.262,19,30,.633,16,36,52,26,9,1,15,24,102,,,Team Totals,240,.485,.451,.457,.326,30.2,80.0,53.1,72.2,8.9,1.9,12.5,100.0,100.9,97.9,
https://www.basketball-reference.com/boxscores/201612090OKC.html,"8:00 PM, December 9, 2016",Oklahoma City Thunder,Houston Rockets,99,102,OKC,,,Team Totals,240,34,81,.420,7,28,.250,24,31,.774,9,37,46,18,9,5,18,19,99,,,Team Totals,240,.523,.463,.346,.383,20.0,69.8,46.9,52.9,8.9,10.0,16.0,100.0,97.9,100.9,
https://www.basketball-reference.com/boxscores/201612090SAC.html,"10:30 PM, December 9, 2016",Sacramento Kings,New York Knicks,100,103,NYK,,,Team Totals,240,36,84,.429,10,29,.345,21,25,.840,12,42,54,22,3,6,17,25,103,,,Team Totals,240,.542,.488,.345,.298,26.7,87.5,58.1,61.1,3.1,10.2,15.2,100.0,105.6,102.5,
https://www.basketball-reference.com/boxscores/201612090SAC.html,"10:30 PM, December 9, 2016",Sacramento Kings,New York Knicks,100,103,SAC,,,Team Totals,240,35,87,.402,7,28,.250,23,27,.852,6,33,39,24,10,1,7,20,100,,,Team Totals,240,.506,.443,.322,.310,12.5,73.3,41.9,68.6,10.2,1.8,6.6,100.0,102.5,105.6,
https://www.basketball-reference.com/boxscores/201612100CHI.html,"8:00 PM, December 10, 2016",Chicago Bulls,Miami Heat,105,100,MIA,,,Team Totals,240,42,91,.462,5,20,.250,11,18,.611,14,29,43,25,5,5,12,22,100,,,Team Totals,240,.505,.489,.220,.198,28.6,70.7,47.8,59.5,5.3,6.6,10.8,100.0,106.3,111.6,
https://www.basketball-reference.com/boxscores/201612100CHI.html,"8:00 PM, December 10, 2016",Chicago Bulls,Miami Heat,105,100,CHI,,,Team Totals,240,38,84,.452,1,8,.125,28,31,.903,12,35,47,17,8,6,11,15,105,,,Team Totals,240,.538,.458,.095,.369,29.3,71.4,52.2,44.7,8.5,8.5,10.1,100.0,111.6,106.3,
https://www.basketball-reference.com/boxscores/201612100CLE.html,"7:30 PM, December 10, 2016",Cleveland Cavaliers,Charlotte Hornets,116,105,CHO,,,Team Totals,240,39,86,.453,10,27,.370,17,24,.708,12,27,39,24,5,0,14,24,105,,,Team Totals,240,.544,.512,.314,.279,26.7,79.4,49.4,61.5,5.2,0.0,12.7,100.0,109.6,121.1,
https://www.basketball-reference.com/boxscores/201612100CLE.html,"7:30 PM, December 10, 2016",Cleveland Cavaliers,Charlotte Hornets,116,105,CLE,,,Team Totals,240,42,73,.575,13,31,.419,19,28,.679,7,33,40,25,8,2,18,24,116,,,Team Totals,240,.680,.664,.425,.384,20.6,73.3,50.6,59.5,8.4,3.4,17.4,100.0,121.1,109.6,
https://www.basketball-reference.com/boxscores/201612100HOU.html,"8:00 PM, December 10, 2016",Houston Rockets,Dallas Mavericks,109,87,DAL,,,Team Totals,240,32,79,.405,11,34,.324,12,14,.857,6,26,32,18,7,3,9,18,87,,,Team Totals,240,.511,.475,.430,.177,13.6,72.2,40.0,56.3,8.1,8.1,9.6,100.0,100.3,125.6,
https://www.basketball-reference.com/boxscores/201612100HOU.html,"8:00 PM, December 10, 2016",Houston Rockets,Dallas Mavericks,109,87,HOU,,,Team Totals,240,37,74,.500,19,37,.514,16,22,.727,10,38,48,31,4,1,15,16,109,,,Team Totals,240,.651,.628,.500,.297,27.8,86.4,60.0,83.8,4.6,2.2,15.2,100.0,125.6,100.3,
https://www.basketball-reference.com/boxscores/201612100IND.html,"7:00 PM, December 10, 2016",Indiana Pacers,Portland Trail Blazers,118,111,POR,,,Team Totals,240,40,82,.488,16,37,.432,15,16,.938,9,32,41,22,6,4,19,20,111,,,Team Totals,240,.623,.585,.451,.195,23.7,76.2,51.3,55.0,6.2,7.4,17.6,100.0,115.0,122.3,
https://www.basketball-reference.com/boxscores/201612100IND.html,"7:00 PM, December 10, 2016",Indiana Pacers,Portland Trail Blazers,118,111,IND,,,Team Totals,240,40,83,.482,15,29,.517,23,28,.821,10,29,39,24,11,9,13,13,118,,,Team Totals,240,.619,.572,.349,.337,23.8,76.3,48.8,60.0,11.4,20.0,12.0,100.0,122.3,115.0,
https://www.basketball-reference.com/boxscores/201612100LAC.html,"10:30 PM, December 10, 2016",Los Angeles Clippers,New Orleans Pelicans,133,105,NOP,,,Team Totals,240,40,83,.482,8,19,.421,17,26,.654,8,26,34,25,3,1,16,15,105,,,Team Totals,240,.556,.530,.229,.313,20.5,74.3,45.9,62.5,3.1,1.7,14.5,100.0,106.8,135.3,
https://www.basketball-reference.com/boxscores/201612100LAC.html,"10:30 PM, December 10, 2016",Los Angeles Clippers,New Orleans Pelicans,133,105,LAC,,,Team Totals,240,54,94,.574,17,36,.472,8,9,.889,9,31,40,34,10,2,10,22,133,,,Team Totals,240,.679,.665,.383,.096,25.7,79.5,54.1,63.0,10.2,3.1,9.3,100.0,135.3,106.8,
https://www.basketball-reference.com/boxscores/201612100MEM.html,"8:00 PM, December 10, 2016",Memphis Grizzlies,Golden State Warriors,110,89,GSW,,,Team Totals,240,34,77,.442,9,27,.333,12,20,.600,10,32,42,15,6,8,23,23,89,,,Team Totals,240,.519,.500,.351,.260,21.7,74.4,47.2,44.1,6.1,13.1,21.1,100.0,91.2,112.7,
https://www.basketball-reference.com/boxscores/201612100MEM.html,"8:00 PM, December 10, 2016",Memphis Grizzlies,Golden State Warriors,110,89,MEM,,,Team Totals,240,38,87,.437,8,26,.308,26,29,.897,11,36,47,23,10,5,12,19,110,,,Team Totals,240,.551,.483,.299,.333,25.6,78.3,52.8,60.5,10.2,10.0,10.7,100.0,112.7,91.2,
https://www.basketball-reference.com/boxscores/201612100ORL.html,"7:00 PM, December 10, 2016",Orlando Magic,Denver Nuggets,113,121,DEN,,,Team Totals,240,47,83,.566,8,19,.421,19,25,.760,9,35,44,25,2,4,12,20,121,,,Team Totals,240,.644,.614,.229,.301,25.7,87.5,58.7,53.2,2.1,6.6,11.3,100.0,126.3,117.9,
https://www.basketball-reference.com/boxscores/201612100ORL.html,"7:00 PM, December 10, 2016",Orlando Magic,Denver Nuggets,113,121,ORL,,,Team Totals,240,43,88,.489,11,27,.407,16,24,.667,5,26,31,27,7,5,5,18,113,,,Team Totals,240,.573,.551,.307,.273,12.5,74.3,41.3,62.8,7.3,7.8,4.8,100.0,117.9,126.3,
https://www.basketball-reference.com/boxscores/201612100SAS.html,"8:30 PM, December 10, 2016",San Antonio Spurs,Brooklyn Nets,130,101,BRK,,,Team Totals,240,36,87,.414,7,27,.259,22,25,.880,11,36,47,21,6,2,16,16,101,,,Team Totals,240,.515,.454,.310,.287,21.2,81.8,49.0,58.3,5.9,2.9,14.0,100.0,99.0,127.4,
https://www.basketball-reference.com/boxscores/201612100SAS.html,"8:30 PM, December 10, 2016",San Antonio Spurs,Brooklyn Nets,130,101,SAS,,,Team Totals,240,50,94,.532,14,26,.538,16,18,.889,8,41,49,38,11,7,10,18,130,,,Team Totals,240,.638,.606,.277,.191,18.2,78.8,51.0,76.0,10.8,11.7,8.9,100.0,127.4,99.0,
https://www.basketball-reference.com/boxscores/201612100UTA.html,"9:00 PM, December 10, 2016",Utah Jazz,Sacramento Kings,104,84,SAC,,,Team Totals,240,34,90,.378,9,26,.346,7,13,.538,12,22,34,17,10,4,10,14,84,,,Team Totals,240,.439,.428,.289,.144,22.6,62.9,38.6,50.0,11.0,8.3,9.5,100.0,92.3,114.3,
https://www.basketball-reference.com/boxscores/201612100UTA.html,"9:00 PM, December 10, 2016",Utah Jazz,Sacramento Kings,104,84,UTA,,,Team Totals,240,37,77,.481,13,29,.448,17,18,.944,13,41,54,23,9,10,22,16,104,,,Team Totals,240,.612,.565,.377,.234,37.1,77.4,61.4,62.2,9.9,15.6,20.6,100.0,114.3,92.3,
https://www.basketball-reference.com/boxscores/201612100WAS.html,"7:00 PM, December 10, 2016",Washington Wizards,Milwaukee Bucks,110,105,MIL,,,Team Totals,240,40,79,.506,13,25,.520,12,15,.800,7,33,40,22,1,3,20,21,105,,,Team Totals,240,.613,.589,.316,.190,20.0,73.3,50.0,55.0,1.0,4.5,18.9,100.0,109.3,114.5,
https://www.basketball-reference.com/boxscores/201612100WAS.html,"7:00 PM, December 10, 2016",Washington Wizards,Milwaukee Bucks,110,105,WAS,,,Team Totals,240,40,88,.455,8,21,.381,22,28,.786,12,28,40,29,10,3,10,17,110,,,Team Totals,240,.548,.500,.239,.318,26.7,80.0,50.0,72.5,10.4,5.6,9.1,100.0,114.5,109.3,
https://www.basketball-reference.com/boxscores/201612110DET.html,"6:00 PM, December 11, 2016",Detroit Pistons,Philadelphia 76ers,79,97,PHI,,,Team Totals,240,38,68,.559,7,17,.412,14,17,.824,5,37,42,24,11,4,20,13,97,,,Team Totals,240,.643,.610,.250,.250,17.2,78.7,55.3,63.2,12.2,6.3,20.9,100.0,107.5,87.5,
https://www.basketball-reference.com/boxscores/201612110DET.html,"6:00 PM, December 11, 2016",Detroit Pistons,Philadelphia 76ers,79,97,DET,,,Team Totals,240,32,82,.390,5,19,.263,10,14,.714,10,24,34,15,15,2,15,18,79,,,Team Totals,240,.448,.421,.232,.171,21.3,82.8,44.7,46.9,16.6,3.9,14.5,100.0,87.5,107.5,
https://www.basketball-reference.com/boxscores/201612110LAL.html,"9:30 PM, December 11, 2016",Los Angeles Lakers,New York Knicks,112,118,NYK,,,Team Totals,240,41,84,.488,10,22,.455,26,31,.839,8,36,44,21,9,11,11,15,118,,,Team Totals,240,.604,.548,.262,.369,20.0,80.0,51.8,51.2,9.0,18.3,10.1,100.0,117.9,111.9,
https://www.basketball-reference.com/boxscores/201612110LAL.html,"9:30 PM, December 11, 2016",Los Angeles Lakers,New York Knicks,112,118,LAL,,,Team Totals,240,42,88,.477,10,28,.357,18,22,.818,9,32,41,26,7,1,15,22,112,,,Team Totals,240,.573,.534,.318,.250,20.0,80.0,48.2,61.9,7.0,1.6,13.3,100.0,111.9,117.9,
https://www.basketball-reference.com/boxscores/201612110MIN.html,"7:00 PM, December 11, 2016",Minnesota Timberwolves,Golden State Warriors,108,116,GSW,,,Team Totals,240,38,83,.458,13,32,.406,27,30,.900,6,31,37,30,9,4,9,24,116,,,Team Totals,240,.603,.536,.386,.361,14.6,66.0,42.0,78.9,9.4,7.0,8.6,100.0,121.5,113.1,
https://www.basketball-reference.com/boxscores/201612110MIN.html,"7:00 PM, December 11, 2016",Minnesota Timberwolves,Golden State Warriors,108,116,MIN,,,Team Totals,240,36,81,.444,9,24,.375,27,36,.750,16,35,51,17,3,2,15,21,108,,,Team Totals,240,.558,.500,.296,.444,34.0,85.4,58.0,47.2,3.1,3.9,13.4,100.0,113.1,121.5,
https://www.basketball-reference.com/boxscores/201612110OKC.html,"7:00 PM, December 11, 2016",Oklahoma City Thunder,Boston Celtics,99,96,BOS,,,Team Totals,240,40,90,.444,11,32,.344,5,8,.625,12,28,40,28,9,4,14,22,96,,,Team Totals,240,.513,.506,.356,.089,26.1,65.1,44.9,70.0,9.8,6.5,13.0,100.0,104.1,107.4,
https://www.basketball-reference.com/boxscores/201612110OKC.html,"7:00 PM, December 11, 2016",Oklahoma City Thunder,Boston Celtics,99,96,OKC,,,Team Totals,240,41,83,.494,3,21,.143,14,27,.519,15,34,49,17,9,7,13,9,99,,,Team Totals,240,.522,.512,.253,.325,34.9,73.9,55.1,41.5,9.8,12.1,12.1,100.0,107.4,104.1,
https://www.basketball-reference.com/boxscores/201612110PHO.html,"8:30 PM, December 11, 2016",Phoenix Suns,New Orleans Pelicans,119,120,NOP,,,Team Totals,265,38,97,.392,16,40,.400,28,35,.800,14,35,49,24,12,4,12,27,120,,,Team Totals,265,.534,.474,.412,.361,24.6,71.4,46.2,63.2,11.2,7.3,9.6,100.0,112.2,111.2,
https://www.basketball-reference.com/boxscores/201612110PHO.html,"8:30 PM, December 11, 2016",Phoenix Suns,New Orleans Pelicans,119,120,PHO,,,Team Totals,265,44,96,.458,14,41,.341,17,26,.654,14,43,57,21,6,3,16,27,119,,,Team Totals,265,.554,.531,.427,.271,28.6,75.4,53.8,47.7,5.6,5.3,13.0,100.0,111.2,112.2,
https://www.basketball-reference.com/boxscores/201612120DAL.html,"8:30 PM, December 12, 2016",Dallas Mavericks,Denver Nuggets,112,92,DEN,,,Team Totals,240,35,83,.422,7,25,.280,15,18,.833,20,23,43,19,6,3,16,15,92,,,Team Totals,240,.506,.464,.301,.217,43.5,74.2,55.8,54.3,7.1,5.9,15.0,100.0,109.6,133.5,
https://www.basketball-reference.com/boxscores/201612120DAL.html,"8:30 PM, December 12, 2016",Dallas Mavericks,Denver Nuggets,112,92,DAL,,,Team Totals,240,45,77,.584,12,26,.462,10,12,.833,8,26,34,22,9,7,11,15,112,,,Team Totals,240,.681,.662,.338,.156,25.8,56.5,44.2,48.9,10.7,12.1,11.8,100.0,133.5,109.6,
https://www.basketball-reference.com/boxscores/201612120HOU.html,"8:00 PM, December 12, 2016",Houston Rockets,Brooklyn Nets,122,118,BRK,,,Team Totals,240,42,80,.525,7,20,.350,27,36,.750,6,35,41,21,9,4,20,27,118,,,Team Totals,240,.616,.569,.250,.450,17.6,76.1,51.3,50.0,8.4,8.3,17.3,100.0,110.2,114.0,
https://www.basketball-reference.com/boxscores/201612120HOU.html,"8:00 PM, December 12, 2016",Houston Rockets,Brooklyn Nets,122,118,HOU,,,Team Totals,240,42,91,.462,17,43,.395,21,36,.583,11,28,39,23,10,5,14,25,122,,,Team Totals,240,.571,.555,.473,.396,23.9,82.4,48.8,54.8,9.3,8.3,11.6,100.0,114.0,110.2,
https://www.basketball-reference.com/boxscores/201612120IND.html,"7:00 PM, December 12, 2016",Indiana Pacers,Charlotte Hornets,110,94,CHO,,,Team Totals,240,28,84,.333,10,26,.385,28,32,.875,9,37,46,16,8,4,13,15,94,,,Team Totals,240,.479,.393,.310,.381,19.6,88.1,52.3,57.1,8.2,7.7,11.7,100.0,96.2,112.6,
https://www.basketball-reference.com/boxscores/201612120IND.html,"7:00 PM, December 12, 2016",Indiana Pacers,Charlotte Hornets,110,94,IND,,,Team Totals,240,43,88,.489,17,36,.472,7,10,.700,5,37,42,24,4,11,11,21,110,,,Team Totals,240,.595,.585,.409,.114,11.9,80.4,47.7,55.8,4.1,19.0,10.6,100.0,112.6,96.2,
https://www.basketball-reference.com/boxscores/201612120LAC.html,"10:30 PM, December 12, 2016",Los Angeles Clippers,Portland Trail Blazers,121,120,POR,,,Team Totals,240,44,87,.506,10,21,.476,22,25,.880,13,29,42,25,6,7,16,24,120,,,Team Totals,240,.612,.563,.241,.287,34.2,69.0,52.5,56.8,6.2,10.6,14.0,100.0,123.1,124.2,
https://www.basketball-reference.com/boxscores/201612120LAC.html,"10:30 PM, December 12, 2016",Los Angeles Clippers,Portland Trail Blazers,121,120,LAC,,,Team Totals,240,42,89,.472,11,23,.478,26,28,.929,13,25,38,26,9,8,13,20,121,,,Team Totals,240,.597,.534,.258,.315,31.0,65.8,47.5,61.9,9.2,12.1,11.4,100.0,124.2,123.1,
https://www.basketball-reference.com/boxscores/201612120MIA.html,"7:30 PM, December 12, 2016",Miami Heat,Washington Wizards,112,101,WAS,,,Team Totals,240,39,84,.464,5,23,.217,18,22,.818,10,27,37,17,8,1,15,22,101,,,Team Totals,240,.539,.494,.274,.262,21.7,71.1,44.0,43.6,8.2,1.6,13.8,100.0,103.8,115.1,
https://www.basketball-reference.com/boxscores/201612120MIA.html,"7:30 PM, December 12, 2016",Miami Heat,Washington Wizards,112,101,MIA,,,Team Totals,240,45,88,.511,9,26,.346,13,19,.684,11,36,47,25,6,3,15,18,112,,,Team Totals,240,.581,.563,.295,.216,28.9,78.3,56.0,55.6,6.2,4.9,13.5,100.0,115.1,103.8,
https://www.basketball-reference.com/boxscores/201612120SAC.html,"10:30 PM, December 12, 2016",Sacramento Kings,Los Angeles Lakers,116,92,LAL,,,Team Totals,240,33,84,.393,10,23,.435,16,21,.762,17,22,39,18,12,3,20,16,92,,,Team Totals,240,.493,.452,.274,.250,33.3,62.9,45.3,54.5,12.4,4.9,17.7,100.0,94.9,119.6,
https://www.basketball-reference.com/boxscores/201612120SAC.html,"10:30 PM, December 12, 2016",Sacramento Kings,Los Angeles Lakers,116,92,SAC,,,Team Totals,240,47,84,.560,10,23,.435,12,21,.571,13,34,47,23,16,6,22,20,116,,,Team Totals,240,.622,.619,.274,.250,37.1,66.7,54.7,48.9,16.5,9.8,19.1,100.0,119.6,94.9,
https://www.basketball-reference.com/boxscores/201612120TOR.html,"7:30 PM, December 12, 2016",Toronto Raptors,Milwaukee Bucks,122,100,MIL,,,Team Totals,240,42,89,.472,4,24,.167,12,17,.706,12,25,37,27,8,3,11,20,100,,,Team Totals,240,.518,.494,.270,.191,27.3,64.1,44.6,64.3,8.7,5.4,10.2,100.0,108.5,132.4,
https://www.basketball-reference.com/boxscores/201612120TOR.html,"7:30 PM, December 12, 2016",Toronto Raptors,Milwaukee Bucks,122,100,TOR,,,Team Totals,240,42,81,.519,14,25,.560,24,28,.857,14,32,46,26,7,2,14,18,122,,,Team Totals,240,.654,.605,.309,.346,35.9,72.7,55.4,61.9,7.6,3.1,13.0,100.0,132.4,108.5,
https://www.basketball-reference.com/boxscores/201612130ATL.html,"7:30 PM, December 13, 2016",Atlanta Hawks,Orlando Magic,120,131,ORL,,,Team Totals,240,51,87,.586,15,34,.441,14,20,.700,5,23,28,36,8,5,9,17,131,,,Team Totals,240,.684,.672,.391,.230,13.5,63.9,38.4,70.6,8.2,8.2,8.6,100.0,134.9,123.6,
https://www.basketball-reference.com/boxscores/201612130ATL.html,"7:30 PM, December 13, 2016",Atlanta Hawks,Orlando Magic,120,131,ATL,,,Team Totals,240,45,89,.506,11,28,.393,19,21,.905,13,32,45,29,6,4,15,16,120,,,Team Totals,240,.611,.567,.315,.236,36.1,86.5,61.6,64.4,6.2,7.5,13.2,100.0,123.6,134.9,
https://www.basketball-reference.com/boxscores/201612130CHI.html,"8:00 PM, December 13, 2016",Chicago Bulls,Minnesota Timberwolves,94,99,MIN,,,Team Totals,240,38,86,.442,6,21,.286,17,22,.773,14,34,48,24,3,8,14,14,99,,,Team Totals,240,.517,.477,.244,.256,32.6,72.3,53.3,63.2,3.3,11.1,12.8,100.0,108.7,103.2,
https://www.basketball-reference.com/boxscores/201612130CHI.html,"8:00 PM, December 13, 2016",Chicago Bulls,Minnesota Timberwolves,94,99,CHI,,,Team Totals,240,38,87,.437,4,15,.267,14,19,.737,13,29,42,20,7,6,10,16,94,,,Team Totals,240,.493,.460,.172,.218,27.7,67.4,46.7,52.6,7.7,9.2,9.5,100.0,103.2,108.7,
https://www.basketball-reference.com/boxscores/201612130CLE.html,"7:00 PM, December 13, 2016",Cleveland Cavaliers,Memphis Grizzlies,103,86,MEM,,,Team Totals,240,35,86,.407,4,22,.182,12,15,.800,11,32,43,19,10,6,16,23,86,,,Team Totals,240,.464,.430,.256,.174,23.4,76.2,48.3,54.3,10.4,12.0,14.7,100.0,89.5,107.2,
https://www.basketball-reference.com/boxscores/201612130CLE.html,"7:00 PM, December 13, 2016",Cleveland Cavaliers,Memphis Grizzlies,103,86,CLE,,,Team Totals,240,37,81,.457,12,31,.387,17,23,.739,10,36,46,21,8,4,18,16,103,,,Team Totals,240,.565,.531,.383,.284,23.8,76.6,51.7,56.8,8.3,6.3,16.5,100.0,107.2,89.5,
https://www.basketball-reference.com/boxscores/201612130NOP.html,"8:00 PM, December 13, 2016",New Orleans Pelicans,Golden State Warriors,109,113,GSW,,,Team Totals,240,42,95,.442,14,34,.412,15,19,.789,9,36,45,30,6,5,12,12,113,,,Team Totals,240,.547,.516,.358,.200,18.8,85.7,50.0,71.4,5.9,10.6,10.4,100.0,110.4,106.4,
https://www.basketball-reference.com/boxscores/201612130NOP.html,"8:00 PM, December 13, 2016",New Orleans Pelicans,Golden State Warriors,109,113,NOP,,,Team Totals,240,39,82,.476,14,35,.400,17,21,.810,6,39,45,26,12,11,17,18,109,,,Team Totals,240,.597,.561,.427,.256,14.3,81.3,50.0,66.7,11.7,18.0,15.7,100.0,106.4,110.4,
https://www.basketball-reference.com/boxscores/201612130PHO.html,"9:00 PM, December 13, 2016",Phoenix Suns,New York Knicks,113,111,NYK,,,Team Totals,265,38,97,.392,7,20,.350,28,38,.737,11,32,43,23,10,4,14,27,111,,,Team Totals,265,.488,.428,.206,.392,19.6,66.7,41.3,60.5,9.2,6.3,11.0,100.0,101.7,103.5,
https://www.basketball-reference.com/boxscores/201612130PHO.html,"9:00 PM, December 13, 2016",Phoenix Suns,New York Knicks,113,111,PHO,,,Team Totals,265,38,93,.409,9,30,.300,28,33,.848,16,45,61,13,9,7,18,28,113,,,Team Totals,265,.525,.457,.323,.355,33.3,80.4,58.7,34.2,8.2,9.1,14.3,100.0,103.5,101.7,
https://www.basketball-reference.com/boxscores/201612130POR.html,"10:30 PM, December 13, 2016",Portland Trail Blazers,Oklahoma City Thunder,114,95,OKC,,,Team Totals,240,33,87,.379,8,27,.296,21,28,.750,16,27,43,18,10,2,21,21,95,,,Team Totals,240,.478,.425,.310,.322,35.6,77.1,53.8,54.5,10.3,3.5,17.5,100.0,97.7,117.3,
https://www.basketball-reference.com/boxscores/201612130POR.html,"10:30 PM, December 13, 2016",Portland Trail Blazers,Oklahoma City Thunder,114,95,POR,,,Team Totals,240,43,80,.538,8,23,.348,20,27,.741,8,29,37,23,11,9,14,26,114,,,Team Totals,240,.620,.588,.288,.338,22.9,64.4,46.3,53.5,11.3,15.0,13.2,100.0,117.3,97.7,
https://www.basketball-reference.com/boxscores/201612140BRK.html,"7:30 PM, December 14, 2016",Brooklyn Nets,Los Angeles Lakers,107,97,LAL,,,Team Totals,240,35,91,.385,6,27,.222,21,34,.618,18,31,49,11,8,6,10,26,97,,,Team Totals,240,.458,.418,.297,.374,30.0,62.0,44.5,31.4,8.3,11.8,8.6,100.0,100.5,110.8,
https://www.basketball-reference.com/boxscores/201612140BRK.html,"7:30 PM, December 14, 2016",Brooklyn Nets,Los Angeles Lakers,107,97,BRK,,,Team Totals,240,33,86,.384,11,35,.314,30,40,.750,19,42,61,19,7,4,16,26,107,,,Team Totals,240,.516,.448,.407,.465,38.0,70.0,55.5,57.6,7.3,6.3,13.4,100.0,110.8,100.5,
https://www.basketball-reference.com/boxscores/201612140DAL.html,"8:30 PM, December 14, 2016",Dallas Mavericks,Detroit Pistons,85,95,DET,,,Team Totals,240,36,71,.507,5,17,.294,18,22,.818,10,40,50,18,4,2,19,19,95,,,Team Totals,240,.589,.542,.239,.310,29.4,87.0,62.5,50.0,4.5,3.8,19.1,100.0,106.9,95.6,
https://www.basketball-reference.com/boxscores/201612140DAL.html,"8:30 PM, December 14, 2016",Dallas Mavericks,Detroit Pistons,85,95,DAL,,,Team Totals,240,32,78,.410,8,25,.320,13,16,.813,6,24,30,19,13,3,12,22,85,,,Team Totals,240,.500,.462,.321,.205,13.0,70.6,37.5,59.4,14.6,5.6,12.4,100.0,95.6,106.9,
https://www.basketball-reference.com/boxscores/201612140HOU.html,"8:00 PM, December 14, 2016",Houston Rockets,Sacramento Kings,132,98,SAC,,,Team Totals,240,39,92,.424,11,32,.344,9,11,.818,12,28,40,27,8,7,16,16,98,,,Team Totals,240,.506,.484,.348,.120,23.5,77.8,46.0,69.2,8.1,16.3,14.2,100.0,98.9,133.2,
https://www.basketball-reference.com/boxscores/201612140HOU.html,"8:00 PM, December 14, 2016",Houston Rockets,Sacramento Kings,132,98,HOU,,,Team Totals,240,50,85,.588,22,42,.524,10,16,.625,8,39,47,40,8,5,16,11,132,,,Team Totals,240,.717,.718,.494,.188,22.2,76.5,54.0,80.0,8.1,8.3,14.8,100.0,133.2,98.9,
https://www.basketball-reference.com/boxscores/201612140MEM.html,"8:00 PM, December 14, 2016",Memphis Grizzlies,Cleveland Cavaliers,93,85,CLE,,,Team Totals,240,28,75,.373,9,25,.360,20,31,.645,7,32,39,10,10,2,11,16,85,,,Team Totals,240,.479,.433,.333,.413,14.6,69.6,41.5,35.7,11.1,3.4,11.0,100.0,94.2,103.1,
https://www.basketball-reference.com/boxscores/201612140MEM.html,"8:00 PM, December 14, 2016",Memphis Grizzlies,Cleveland Cavaliers,93,85,MEM,,,Team Totals,240,35,81,.432,12,23,.522,11,16,.688,14,41,55,22,9,3,17,27,93,,,Team Totals,240,.528,.506,.284,.198,30.4,85.4,58.5,62.9,10.0,6.0,16.2,100.0,103.1,94.2,
https://www.basketball-reference.com/boxscores/201612140MIA.html,"7:00 PM, December 14, 2016",Miami Heat,Indiana Pacers,95,89,IND,,,Team Totals,240,33,89,.371,9,27,.333,14,17,.824,6,32,38,14,8,5,9,21,89,,,Team Totals,240,.461,.421,.303,.191,12.0,69.6,39.6,42.4,8.4,8.8,8.5,100.0,93.7,100.0,
https://www.basketball-reference.com/boxscores/201612140MIA.html,"7:00 PM, December 14, 2016",Miami Heat,Indiana Pacers,95,89,MIA,,,Team Totals,240,37,82,.451,7,25,.280,14,25,.560,14,44,58,23,4,6,15,16,95,,,Team Totals,240,.511,.494,.305,.305,30.4,88.0,60.4,62.2,4.2,9.7,13.9,100.0,100.0,93.7,
https://www.basketball-reference.com/boxscores/201612140ORL.html,"7:00 PM, December 14, 2016",Orlando Magic,Los Angeles Clippers,108,113,LAC,,,Team Totals,240,37,74,.500,13,25,.520,26,37,.703,7,35,42,21,6,5,11,20,113,,,Team Totals,240,.626,.588,.338,.500,20.6,74.5,51.9,56.8,6.5,8.9,10.9,100.0,123.0,117.5,
https://www.basketball-reference.com/boxscores/201612140ORL.html,"7:00 PM, December 14, 2016",Orlando Magic,Los Angeles Clippers,108,113,ORL,,,Team Totals,240,42,89,.472,14,33,.424,10,20,.500,12,27,39,29,5,1,8,29,108,,,Team Totals,240,.552,.551,.371,.225,25.5,79.4,48.1,69.0,5.4,2.0,7.6,100.0,117.5,123.0,
https://www.basketball-reference.com/boxscores/201612140PHI.html,"7:00 PM, December 14, 2016",Philadelphia 76ers,Toronto Raptors,114,123,TOR,,,Team Totals,240,41,87,.471,10,29,.345,31,36,.861,15,24,39,21,9,3,11,20,123,,,Team Totals,240,.598,.529,.333,.414,34.1,63.2,47.6,51.2,9.5,5.3,9.7,100.0,130.4,120.8,
https://www.basketball-reference.com/boxscores/201612140PHI.html,"7:00 PM, December 14, 2016",Philadelphia 76ers,Toronto Raptors,114,123,PHI,,,Team Totals,240,43,86,.500,9,29,.310,19,25,.760,14,29,43,29,5,4,14,27,114,,,Team Totals,240,.588,.552,.337,.291,36.8,65.9,52.4,67.4,5.3,6.9,12.6,100.0,120.8,130.4,
https://www.basketball-reference.com/boxscores/201612140SAS.html,"9:30 PM, December 14, 2016",San Antonio Spurs,Boston Celtics,108,101,BOS,,,Team Totals,240,37,84,.440,10,31,.323,17,20,.850,8,27,35,25,12,3,13,13,101,,,Team Totals,240,.544,.500,.369,.238,19.5,84.4,47.9,67.6,12.6,5.2,12.3,100.0,105.9,113.2,
https://www.basketball-reference.com/boxscores/201612140SAS.html,"9:30 PM, December 14, 2016",San Antonio Spurs,Boston Celtics,108,101,SAS,,,Team Totals,240,44,80,.550,8,22,.364,12,14,.857,5,33,38,33,9,3,16,17,108,,,Team Totals,240,.627,.600,.275,.175,15.6,80.5,52.1,75.0,9.4,5.7,15.7,100.0,113.2,105.9,
https://www.basketball-reference.com/boxscores/201612140UTA.html,"9:00 PM, December 14, 2016",Utah Jazz,Oklahoma City Thunder,109,89,OKC,,,Team Totals,240,30,82,.366,6,19,.316,23,27,.852,13,25,38,14,4,3,10,18,89,,,Team Totals,240,.474,.402,.232,.329,27.7,86.2,50.0,46.7,4.6,6.1,9.6,100.0,101.7,124.6,
https://www.basketball-reference.com/boxscores/201612140UTA.html,"9:00 PM, December 14, 2016",Utah Jazz,Oklahoma City Thunder,109,89,UTA,,,Team Totals,240,42,72,.583,13,23,.565,12,15,.800,4,34,38,22,4,6,14,22,109,,,Team Totals,240,.693,.674,.319,.208,13.8,72.3,50.0,52.4,4.6,9.5,15.1,100.0,124.6,101.7,
https://www.basketball-reference.com/boxscores/201612140WAS.html,"7:00 PM, December 14, 2016",Washington Wizards,Charlotte Hornets,109,106,CHO,,,Team Totals,240,38,74,.514,14,33,.424,16,21,.762,5,28,33,25,7,8,18,18,106,,,Team Totals,240,.637,.608,.446,.284,14.7,70.0,44.6,65.8,7.4,11.6,17.8,100.0,112.1,115.3,
https://www.basketball-reference.com/boxscores/201612140WAS.html,"7:00 PM, December 14, 2016",Washington Wizards,Charlotte Hornets,109,106,WAS,,,Team Totals,240,45,87,.517,5,18,.278,14,17,.824,12,29,41,27,15,3,14,18,109,,,Team Totals,240,.577,.546,.207,.195,30.0,85.3,55.4,60.0,15.9,7.3,12.9,100.0,115.3,112.1,
https://www.basketball-reference.com/boxscores/201612150DEN.html,"9:00 PM, December 15, 2016",Denver Nuggets,Portland Trail Blazers,132,120,POR,,,Team Totals,240,41,88,.466,8,23,.348,30,36,.833,15,26,41,22,6,4,14,25,120,,,Team Totals,240,.578,.511,.261,.409,32.6,83.9,53.2,53.7,5.8,7.5,11.9,100.0,116.5,128.2,
https://www.basketball-reference.com/boxscores/201612150DEN.html,"9:00 PM, December 15, 2016",Denver Nuggets,Portland Trail Blazers,132,120,DEN,,,Team Totals,240,43,84,.512,15,31,.484,31,35,.886,5,31,36,27,10,4,15,28,132,,,Team Totals,240,.664,.601,.369,.417,16.1,67.4,46.8,62.8,9.7,6.2,13.1,100.0,128.2,116.5,
https://www.basketball-reference.com/boxscores/201612150GSW.html,"10:30 PM, December 15, 2016",Golden State Warriors,New York Knicks,103,90,NYK,,,Team Totals,240,38,93,.409,5,21,.238,9,19,.474,14,35,49,19,10,5,13,10,90,,,Team Totals,240,.444,.435,.226,.204,25.0,70.0,46.2,50.0,10.1,7.8,11.4,100.0,90.6,103.7,
https://www.basketball-reference.com/boxscores/201612150GSW.html,"10:30 PM, December 15, 2016",Golden State Warriors,New York Knicks,103,90,GSW,,,Team Totals,240,45,96,.469,9,32,.281,4,8,.500,15,42,57,41,7,10,17,17,103,,,Team Totals,240,.517,.516,.333,.083,30.0,75.0,53.8,91.1,7.0,13.9,14.6,100.0,103.7,90.6,
https://www.basketball-reference.com/boxscores/201612150MIL.html,"8:00 PM, December 15, 2016",Milwaukee Bucks,Chicago Bulls,108,97,CHI,,,Team Totals,240,35,74,.473,5,20,.250,22,29,.759,6,35,41,23,5,3,17,16,97,,,Team Totals,240,.559,.507,.270,.392,17.1,72.9,49.4,65.7,5.3,4.0,16.4,100.0,102.6,114.2,
https://www.basketball-reference.com/boxscores/201612150MIL.html,"8:00 PM, December 15, 2016",Milwaukee Bucks,Chicago Bulls,108,97,MIL,,,Team Totals,240,45,95,.474,11,20,.550,7,13,.538,13,29,42,32,8,5,8,20,108,,,Team Totals,240,.536,.532,.211,.137,27.1,82.9,50.6,71.1,8.5,9.3,7.4,100.0,114.2,102.6,
https://www.basketball-reference.com/boxscores/201612150NOP.html,"8:00 PM, December 15, 2016",New Orleans Pelicans,Indiana Pacers,102,95,IND,,,Team Totals,240,36,87,.414,3,21,.143,20,24,.833,7,39,46,23,6,4,12,21,95,,,Team Totals,240,.487,.431,.241,.276,13.7,78.0,45.5,63.9,5.9,6.9,11.0,100.0,94.2,101.1,
https://www.basketball-reference.com/boxscores/201612150NOP.html,"8:00 PM, December 15, 2016",New Orleans Pelicans,Indiana Pacers,102,95,NOP,,,Team Totals,240,36,85,.424,10,27,.370,20,28,.714,11,44,55,23,7,8,16,16,102,,,Team Totals,240,.524,.482,.318,.329,22.0,86.3,54.5,63.9,6.9,12.1,14.1,100.0,101.1,94.2,
https://www.basketball-reference.com/boxscores/201612150PHO.html,"9:00 PM, December 15, 2016",Phoenix Suns,San Antonio Spurs,92,107,SAS,,,Team Totals,240,39,74,.527,5,16,.313,24,26,.923,9,41,50,19,6,2,20,20,107,,,Team Totals,240,.626,.561,.216,.351,27.3,78.8,58.8,48.7,6.4,3.4,19.0,100.0,113.3,97.4,
https://www.basketball-reference.com/boxscores/201612150PHO.html,"9:00 PM, December 15, 2016",Phoenix Suns,San Antonio Spurs,92,107,PHO,,,Team Totals,240,34,85,.400,10,27,.370,14,18,.778,11,24,35,15,9,3,14,25,92,,,Team Totals,240,.495,.459,.318,.212,21.2,72.7,41.2,44.1,9.5,5.2,13.1,100.0,97.4,113.3,
https://www.basketball-reference.com/boxscores/201612160BOS.html,"7:30 PM, December 16, 2016",Boston Celtics,Charlotte Hornets,96,88,CHO,,,Team Totals,240,32,97,.330,8,30,.267,16,19,.842,16,37,53,21,10,4,12,21,88,,,Team Totals,240,.418,.371,.309,.196,28.1,88.1,53.5,65.6,10.4,8.0,10.2,100.0,91.3,99.5,
https://www.basketball-reference.com/boxscores/201612160BOS.html,"7:30 PM, December 16, 2016",Boston Celtics,Charlotte Hornets,96,88,BOS,,,Team Totals,240,34,78,.436,9,28,.321,19,26,.731,5,41,46,26,7,8,13,15,96,,,Team Totals,240,.537,.494,.359,.333,11.9,71.9,46.5,76.5,7.3,11.9,12.7,100.0,99.5,91.3,
https://www.basketball-reference.com/boxscores/201612160CHI.html,"8:00 PM, December 16, 2016",Chicago Bulls,Milwaukee Bucks,69,95,MIL,,,Team Totals,240,38,82,.463,10,25,.400,9,13,.692,11,42,53,26,7,4,12,14,95,,,Team Totals,240,.541,.524,.305,.159,26.2,68.9,51.5,68.4,8.0,5.6,12.0,100.0,108.2,78.6,
https://www.basketball-reference.com/boxscores/201612160CHI.html,"8:00 PM, December 16, 2016",Chicago Bulls,Milwaukee Bucks,69,95,CHI,,,Team Totals,240,28,92,.304,5,21,.238,8,15,.533,19,31,50,17,7,2,12,14,69,,,Team Totals,240,.350,.332,.228,.163,31.1,73.8,48.5,60.7,8.0,3.5,10.8,100.0,78.6,108.2,
https://www.basketball-reference.com/boxscores/201612160HOU.html,"8:00 PM, December 16, 2016",Houston Rockets,New Orleans Pelicans,122,100,NOP,,,Team Totals,240,40,98,.408,9,27,.333,11,20,.550,13,34,47,17,4,6,11,16,100,,,Team Totals,240,.468,.454,.276,.204,22.8,72.3,45.2,42.5,3.9,18.2,9.3,100.0,98.5,120.2,
https://www.basketball-reference.com/boxscores/201612160HOU.html,"8:00 PM, December 16, 2016",Houston Rockets,New Orleans Pelicans,122,100,HOU,,,Team Totals,240,42,94,.447,24,61,.393,14,19,.737,13,44,57,27,7,4,14,18,122,,,Team Totals,240,.596,.574,.649,.202,27.7,77.2,54.8,64.3,6.9,5.6,12.0,100.0,120.2,98.5,
https://www.basketball-reference.com/boxscores/201612160MEM.html,"8:00 PM, December 16, 2016",Memphis Grizzlies,Sacramento Kings,92,96,SAC,,,Team Totals,240,31,80,.388,7,24,.292,27,37,.730,13,32,45,18,5,6,12,25,96,,,Team Totals,240,.499,.431,.300,.463,27.7,71.1,48.9,58.1,5.5,11.5,11.1,100.0,105.6,101.2,
https://www.basketball-reference.com/boxscores/201612160MEM.html,"8:00 PM, December 16, 2016",Memphis Grizzlies,Sacramento Kings,92,96,MEM,,,Team Totals,240,29,77,.377,5,25,.200,29,36,.806,13,34,47,19,7,8,13,31,92,,,Team Totals,240,.495,.409,.325,.468,28.9,72.3,51.1,65.5,7.7,14.3,12.3,100.0,101.2,105.6,
https://www.basketball-reference.com/boxscores/201612160MIA.html,"8:00 PM, December 16, 2016",Miami Heat,Los Angeles Clippers,98,102,LAC,,,Team Totals,240,36,83,.434,7,25,.280,23,29,.793,7,43,50,17,1,3,10,20,102,,,Team Totals,240,.533,.476,.301,.349,15.9,81.1,51.5,47.2,1.0,4.5,9.5,100.0,104.9,100.8,
https://www.basketball-reference.com/boxscores/201612160MIA.html,"8:00 PM, December 16, 2016",Miami Heat,Los Angeles Clippers,98,102,MIA,,,Team Totals,240,38,93,.409,6,27,.222,16,25,.640,10,37,47,20,5,5,6,23,98,,,Team Totals,240,.471,.441,.290,.269,18.9,84.1,48.5,52.6,5.1,8.6,5.5,100.0,100.8,104.9,
https://www.basketball-reference.com/boxscores/201612160ORL.html,"7:00 PM, December 16, 2016",Orlando Magic,Brooklyn Nets,118,111,BRK,,,Team Totals,240,39,83,.470,11,27,.407,22,26,.846,6,39,45,21,5,6,17,32,111,,,Team Totals,240,.588,.536,.325,.313,14.3,75.0,47.9,53.8,4.8,8.8,15.3,100.0,106.2,112.9,
https://www.basketball-reference.com/boxscores/201612160ORL.html,"7:00 PM, December 16, 2016",Orlando Magic,Brooklyn Nets,118,111,ORL,,,Team Totals,240,39,97,.402,7,29,.241,33,42,.786,13,36,49,22,8,11,7,17,118,,,Team Totals,240,.511,.438,.299,.433,25.0,85.7,52.1,56.4,7.7,19.6,5.7,100.0,112.9,106.2,
https://www.basketball-reference.com/boxscores/201612160PHI.html,"8:00 PM, December 16, 2016",Philadelphia 76ers,Los Angeles Lakers,89,100,LAL,,,Team Totals,240,36,79,.456,9,30,.300,19,22,.864,8,38,46,19,10,4,20,21,100,,,Team Totals,240,.564,.513,.380,.278,20.0,70.4,48.9,52.8,10.2,7.0,18.4,100.0,102.3,91.1,
https://www.basketball-reference.com/boxscores/201612160PHI.html,"8:00 PM, December 16, 2016",Philadelphia 76ers,Los Angeles Lakers,89,100,PHI,,,Team Totals,240,32,88,.364,6,31,.194,19,24,.792,16,32,48,22,7,4,17,17,89,,,Team Totals,240,.452,.398,.352,.273,29.6,80.0,51.1,68.8,7.2,8.2,14.7,100.0,91.1,102.3,
https://www.basketball-reference.com/boxscores/201612160TOR.html,"7:30 PM, December 16, 2016",Toronto Raptors,Atlanta Hawks,121,125,ATL,,,Team Totals,240,46,86,.535,11,25,.440,22,32,.688,15,29,44,26,6,6,14,22,125,,,Team Totals,240,.625,.599,.291,.372,42.9,78.4,61.1,56.5,6.3,9.2,12.3,100.0,130.3,126.2,
https://www.basketball-reference.com/boxscores/201612160TOR.html,"7:30 PM, December 16, 2016",Toronto Raptors,Atlanta Hawks,121,125,TOR,,,Team Totals,240,47,86,.547,10,21,.476,17,26,.654,8,20,28,20,7,5,10,27,121,,,Team Totals,240,.621,.605,.244,.302,21.6,57.1,38.9,42.6,7.3,8.2,9.3,100.0,126.2,130.3,
https://www.basketball-reference.com/boxscores/201612160UTA.html,"10:30 PM, December 16, 2016",Utah Jazz,Dallas Mavericks,103,100,DAL,,,Team Totals,240,35,77,.455,12,28,.429,18,21,.857,7,20,27,18,9,0,7,24,100,,,Team Totals,240,.580,.532,.364,.273,17.5,71.4,39.7,51.4,10.7,0.0,7.5,100.0,119.2,122.8,
https://www.basketball-reference.com/boxscores/201612160UTA.html,"10:30 PM, December 16, 2016",Utah Jazz,Dallas Mavericks,103,100,UTA,,,Team Totals,240,37,65,.569,8,22,.364,21,27,.778,8,33,41,18,4,3,16,23,103,,,Team Totals,240,.670,.631,.338,.415,28.6,82.5,60.3,48.6,4.8,6.1,17.2,100.0,122.8,119.2,
https://www.basketball-reference.com/boxscores/201612160WAS.html,"7:00 PM, December 16, 2016",Washington Wizards,Detroit Pistons,122,108,DET,,,Team Totals,240,42,86,.488,10,28,.357,14,21,.667,10,30,40,22,3,1,9,19,108,,,Team Totals,240,.567,.547,.326,.244,23.3,90.9,52.6,52.4,3.3,1.9,8.6,100.0,118.0,133.3,
https://www.basketball-reference.com/boxscores/201612160WAS.html,"7:00 PM, December 16, 2016",Washington Wizards,Detroit Pistons,122,108,WAS,,,Team Totals,240,44,77,.571,12,25,.480,22,27,.815,3,33,36,30,6,1,6,23,122,,,Team Totals,240,.686,.649,.325,.351,9.1,76.7,47.4,68.2,6.6,1.7,6.3,100.0,133.3,118.0,
https://www.basketball-reference.com/boxscores/201612170ATL.html,"7:30 PM, December 17, 2016",Atlanta Hawks,Charlotte Hornets,99,107,CHO,,,Team Totals,240,43,88,.489,12,27,.444,9,13,.692,7,36,43,26,8,3,12,17,107,,,Team Totals,240,.571,.557,.307,.148,15.6,80.0,47.8,60.5,8.3,5.0,11.4,100.0,111.3,103.0,
https://www.basketball-reference.com/boxscores/201612170ATL.html,"7:30 PM, December 17, 2016",Atlanta Hawks,Charlotte Hornets,99,107,ATL,,,Team Totals,240,40,86,.465,10,26,.385,9,16,.563,9,38,47,26,4,2,12,18,99,,,Team Totals,240,.532,.523,.302,.186,20.0,84.4,52.2,65.0,4.2,3.3,11.4,100.0,103.0,111.3,
https://www.basketball-reference.com/boxscores/201612170CLE.html,"7:30 PM, December 17, 2016",Cleveland Cavaliers,Los Angeles Lakers,119,108,LAL,,,Team Totals,240,41,86,.477,16,37,.432,10,13,.769,10,31,41,30,3,2,12,16,108,,,Team Totals,240,.589,.570,.430,.151,23.3,73.8,48.2,73.2,3.3,3.6,11.6,100.0,117.3,129.2,
https://www.basketball-reference.com/boxscores/201612170CLE.html,"7:30 PM, December 17, 2016",Cleveland Cavaliers,Los Angeles Lakers,119,108,CLE,,,Team Totals,240,46,89,.517,15,33,.455,12,18,.667,11,33,44,30,8,3,8,12,119,,,Team Totals,240,.614,.601,.371,.202,26.2,76.7,51.8,65.2,8.7,6.1,7.6,100.0,129.2,117.3,
https://www.basketball-reference.com/boxscores/201612170DEN.html,"9:00 PM, December 17, 2016",Denver Nuggets,New York Knicks,127,114,NYK,,,Team Totals,240,35,80,.438,8,23,.348,36,39,.923,9,26,35,18,6,4,13,27,114,,,Team Totals,240,.587,.488,.288,.488,23.1,70.3,46.1,51.4,6.1,6.3,11.8,100.0,116.1,129.4,
https://www.basketball-reference.com/boxscores/201612170DEN.html,"9:00 PM, December 17, 2016",Denver Nuggets,New York Knicks,127,114,DEN,,,Team Totals,240,50,90,.556,10,27,.370,17,29,.586,11,30,41,26,6,7,10,27,127,,,Team Totals,240,.618,.611,.300,.322,29.7,76.9,53.9,52.0,6.1,12.3,8.9,100.0,129.4,116.1,
https://www.basketball-reference.com/boxscores/201612170DET.html,"7:00 PM, December 17, 2016",Detroit Pistons,Indiana Pacers,90,105,IND,,,Team Totals,240,40,83,.482,6,19,.316,19,25,.760,9,42,51,20,6,3,9,16,105,,,Team Totals,240,.559,.518,.229,.301,23.1,80.8,56.0,50.0,6.6,5.6,8.7,100.0,115.1,98.6,
https://www.basketball-reference.com/boxscores/201612170DET.html,"7:00 PM, December 17, 2016",Detroit Pistons,Indiana Pacers,90,105,DET,,,Team Totals,240,32,84,.381,10,30,.333,16,22,.727,10,30,40,22,6,1,9,18,90,,,Team Totals,240,.480,.440,.357,.262,19.2,76.9,44.0,68.8,6.6,1.6,8.8,100.0,98.6,115.1,
https://www.basketball-reference.com/boxscores/201612170GSW.html,"10:30 PM, December 17, 2016",Golden State Warriors,Portland Trail Blazers,135,90,POR,,,Team Totals,240,34,86,.395,8,28,.286,14,20,.700,7,24,31,16,7,4,11,19,90,,,Team Totals,240,.475,.442,.326,.233,13.0,72.7,35.6,47.1,7.0,6.8,10.4,100.0,90.1,135.2,
https://www.basketball-reference.com/boxscores/201612170GSW.html,"10:30 PM, December 17, 2016",Golden State Warriors,Portland Trail Blazers,135,90,GSW,,,Team Totals,240,51,87,.586,14,28,.500,19,26,.731,9,47,56,36,7,5,15,16,135,,,Team Totals,240,.686,.667,.322,.299,27.3,87.0,64.4,70.6,7.0,8.6,13.2,100.0,135.2,90.1,
https://www.basketball-reference.com/boxscores/201612170MIN.html,"8:00 PM, December 17, 2016",Minnesota Timberwolves,Houston Rockets,109,111,HOU,,,Team Totals,265,39,96,.406,17,51,.333,16,20,.800,10,37,47,25,14,4,17,22,111,,,Team Totals,265,.530,.495,.531,.208,19.2,74.0,46.1,64.1,12.7,5.6,14.0,100.0,101.0,99.1,
https://www.basketball-reference.com/boxscores/201612170MIN.html,"8:00 PM, December 17, 2016",Minnesota Timberwolves,Houston Rockets,109,111,MIN,,,Team Totals,265,41,92,.446,7,21,.333,20,27,.741,13,42,55,29,9,6,22,21,109,,,Team Totals,265,.525,.484,.228,.293,26.0,80.8,53.9,70.7,8.2,13.3,17.5,100.0,99.1,101.0,
https://www.basketball-reference.com/boxscores/201612170OKC.html,"5:00 PM, December 17, 2016",Oklahoma City Thunder,Phoenix Suns,114,101,PHO,,,Team Totals,240,39,90,.433,8,22,.364,15,20,.750,16,27,43,16,5,5,18,23,101,,,Team Totals,240,.511,.478,.244,.222,33.3,73.0,50.6,41.0,5.1,7.7,15.4,100.0,103.7,117.0,
https://www.basketball-reference.com/boxscores/201612170OKC.html,"5:00 PM, December 17, 2016",Oklahoma City Thunder,Phoenix Suns,114,101,OKC,,,Team Totals,240,41,81,.506,7,16,.438,25,34,.735,10,32,42,28,12,4,14,21,114,,,Team Totals,240,.594,.549,.198,.420,27.0,66.7,49.4,68.3,12.3,5.9,12.7,100.0,117.0,103.7,
https://www.basketball-reference.com/boxscores/201612180DAL.html,"4:00 PM, December 18, 2016",Dallas Mavericks,Sacramento Kings,99,79,SAC,,,Team Totals,240,30,76,.395,8,31,.258,11,17,.647,6,36,42,16,7,4,16,21,79,,,Team Totals,240,.473,.447,.408,.224,13.6,85.7,48.8,53.3,7.7,9.1,16.1,100.0,86.7,108.6,
https://www.basketball-reference.com/boxscores/201612180DAL.html,"4:00 PM, December 18, 2016",Dallas Mavericks,Sacramento Kings,99,79,DAL,,,Team Totals,240,34,77,.442,13,33,.394,18,22,.818,6,38,44,20,10,6,11,13,99,,,Team Totals,240,.571,.526,.429,.286,14.3,86.4,51.2,58.8,11.0,13.3,11.3,100.0,108.6,86.7,
https://www.basketball-reference.com/boxscores/201612180MEM.html,"6:00 PM, December 18, 2016",Memphis Grizzlies,Utah Jazz,73,82,UTA,,,Team Totals,240,30,66,.455,8,27,.296,14,25,.560,5,37,42,18,4,11,15,20,82,,,Team Totals,240,.532,.515,.409,.379,14.7,66.1,46.7,60.0,4.6,15.7,16.3,100.0,94.8,84.4,
https://www.basketball-reference.com/boxscores/201612180MEM.html,"6:00 PM, December 18, 2016",Memphis Grizzlies,Utah Jazz,73,82,MEM,,,Team Totals,240,28,93,.301,2,23,.087,15,18,.833,19,29,48,12,8,1,11,28,73,,,Team Totals,240,.362,.312,.247,.194,33.9,85.3,53.3,42.9,9.3,2.6,9.8,100.0,84.4,94.8,
https://www.basketball-reference.com/boxscores/201612180MIA.html,"6:00 PM, December 18, 2016",Miami Heat,Boston Celtics,95,105,BOS,,,Team Totals,240,41,90,.456,9,28,.321,14,19,.737,11,26,37,21,13,2,13,16,105,,,Team Totals,240,.534,.506,.311,.211,23.9,81.3,47.4,51.2,13.4,4.4,11.7,100.0,108.6,98.2,
https://www.basketball-reference.com/boxscores/201612180MIA.html,"6:00 PM, December 18, 2016",Miami Heat,Boston Celtics,95,105,MIA,,,Team Totals,240,36,69,.522,9,24,.375,14,25,.560,6,35,41,23,7,5,23,20,95,,,Team Totals,240,.594,.587,.348,.362,18.8,76.1,52.6,63.9,7.2,8.1,22.3,100.0,98.2,108.6,
https://www.basketball-reference.com/boxscores/201612180ORL.html,"6:00 PM, December 18, 2016",Orlando Magic,Toronto Raptors,79,109,TOR,,,Team Totals,240,43,87,.494,7,27,.259,16,21,.762,10,37,47,20,10,7,11,16,109,,,Team Totals,240,.566,.534,.310,.241,23.8,78.7,52.8,46.5,10.5,11.3,10.3,100.0,114.4,82.9,
https://www.basketball-reference.com/boxscores/201612180ORL.html,"6:00 PM, December 18, 2016",Orlando Magic,Toronto Raptors,79,109,ORL,,,Team Totals,240,34,83,.410,3,21,.143,8,9,.889,10,32,42,13,5,3,20,17,79,,,Team Totals,240,.454,.428,.253,.108,21.3,76.2,47.2,38.2,5.2,5.0,18.7,100.0,82.9,114.4,
https://www.basketball-reference.com/boxscores/201612180PHI.html,"6:00 PM, December 18, 2016",Philadelphia 76ers,Brooklyn Nets,108,107,BRK,,,Team Totals,240,36,81,.444,12,34,.353,23,31,.742,7,36,43,26,8,5,16,20,107,,,Team Totals,240,.565,.519,.420,.383,17.1,73.5,47.8,72.2,8.0,8.3,14.5,100.0,106.4,107.4,
https://www.basketball-reference.com/boxscores/201612180PHI.html,"6:00 PM, December 18, 2016",Philadelphia 76ers,Brooklyn Nets,108,107,PHI,,,Team Totals,240,38,88,.432,12,28,.429,20,23,.870,13,34,47,23,5,5,17,18,108,,,Team Totals,240,.550,.500,.318,.261,26.5,82.9,52.2,60.5,5.0,10.6,14.8,100.0,107.4,106.4,
https://www.basketball-reference.com/boxscores/201612180SAS.html,"7:00 PM, December 18, 2016",San Antonio Spurs,New Orleans Pelicans,113,100,NOP,,,Team Totals,240,41,89,.461,10,26,.385,8,14,.571,8,29,37,29,8,6,12,17,100,,,Team Totals,240,.525,.517,.292,.157,17.8,70.7,43.0,70.7,8.3,9.4,11.2,100.0,103.9,117.4,
https://www.basketball-reference.com/boxscores/201612180SAS.html,"7:00 PM, December 18, 2016",San Antonio Spurs,New Orleans Pelicans,113,100,SAS,,,Team Totals,240,42,86,.488,11,22,.500,18,22,.818,12,37,49,31,6,6,14,15,113,,,Team Totals,240,.591,.552,.256,.256,29.3,82.2,57.0,73.8,6.2,9.5,12.8,100.0,117.4,103.9,
https://www.basketball-reference.com/boxscores/201612180WAS.html,"3:30 PM, December 18, 2016",Washington Wizards,Los Angeles Clippers,117,110,LAC,,,Team Totals,240,43,87,.494,7,24,.292,17,24,.708,12,28,40,28,7,1,15,23,110,,,Team Totals,240,.564,.534,.276,.276,33.3,75.7,54.8,65.1,7.2,1.6,13.3,100.0,113.4,120.6,
https://www.basketball-reference.com/boxscores/201612180WAS.html,"3:30 PM, December 18, 2016",Washington Wizards,Los Angeles Clippers,117,110,WAS,,,Team Totals,240,43,81,.531,10,19,.526,21,30,.700,9,24,33,24,10,4,15,24,117,,,Team Totals,240,.621,.593,.235,.370,24.3,66.7,45.2,55.8,10.3,6.3,13.7,100.0,120.6,113.4,
https://www.basketball-reference.com/boxscores/201612190CHI.html,"8:00 PM, December 19, 2016",Chicago Bulls,Detroit Pistons,113,82,DET,,,Team Totals,240,34,83,.410,3,23,.130,11,13,.846,10,22,32,19,8,3,11,8,82,,,Team Totals,240,.462,.428,.277,.157,21.3,71.0,41.0,55.9,9.1,4.5,11.0,100.0,93.4,128.7,
https://www.basketball-reference.com/boxscores/201612190CHI.html,"8:00 PM, December 19, 2016",Chicago Bulls,Detroit Pistons,113,82,CHI,,,Team Totals,240,49,82,.598,8,16,.500,7,7,1.000,9,37,46,34,9,5,13,13,113,,,Team Totals,240,.664,.646,.195,.085,29.0,78.7,59.0,69.4,10.3,8.3,13.3,100.0,128.7,93.4,
https://www.basketball-reference.com/boxscores/201612190DEN.html,"9:00 PM, December 19, 2016",Denver Nuggets,Dallas Mavericks,117,107,DAL,,,Team Totals,240,43,80,.538,14,25,.560,7,9,.778,4,25,29,21,4,4,12,17,107,,,Team Totals,240,.637,.625,.313,.113,10.5,78.1,41.4,48.8,4.4,7.3,12.5,100.0,117.3,128.3,
https://www.basketball-reference.com/boxscores/201612190DEN.html,"9:00 PM, December 19, 2016",Denver Nuggets,Dallas Mavericks,117,107,DEN,,,Team Totals,240,45,80,.563,13,25,.520,14,18,.778,7,34,41,32,7,0,12,13,117,,,Team Totals,240,.665,.644,.313,.225,21.9,89.5,58.6,71.1,7.7,0.0,12.0,100.0,128.3,117.3,
https://www.basketball-reference.com/boxscores/201612190IND.html,"7:00 PM, December 19, 2016",Indiana Pacers,Washington Wizards,107,105,WAS,,,Team Totals,240,38,88,.432,8,33,.242,21,26,.808,14,35,49,19,5,6,15,22,105,,,Team Totals,240,.528,.477,.375,.295,30.4,79.5,54.4,50.0,5.1,9.1,13.1,100.0,106.4,108.4,
https://www.basketball-reference.com/boxscores/201612190IND.html,"7:00 PM, December 19, 2016",Indiana Pacers,Washington Wizards,107,105,IND,,,Team Totals,240,41,87,.471,7,21,.333,18,21,.857,9,32,41,18,6,5,15,20,107,,,Team Totals,240,.556,.511,.241,.241,20.5,69.6,45.6,43.9,6.1,9.1,13.5,100.0,108.4,106.4,
https://www.basketball-reference.com/boxscores/201612190MIN.html,"8:00 PM, December 19, 2016",Minnesota Timberwolves,Phoenix Suns,115,108,PHO,,,Team Totals,240,37,82,.451,9,21,.429,25,35,.714,8,26,34,16,11,5,17,23,108,,,Team Totals,240,.554,.506,.256,.427,21.1,70.3,45.3,43.2,10.8,7.5,14.9,100.0,106.0,112.8,
https://www.basketball-reference.com/boxscores/201612190MIN.html,"8:00 PM, December 19, 2016",Minnesota Timberwolves,Phoenix Suns,115,108,MIN,,,Team Totals,240,42,86,.488,7,19,.368,24,25,.960,11,30,41,26,8,7,19,25,115,,,Team Totals,240,.593,.529,.221,.291,29.7,78.9,54.7,61.9,7.8,11.5,16.4,100.0,112.8,106.0,
https://www.basketball-reference.com/boxscores/201612190OKC.html,"8:00 PM, December 19, 2016",Oklahoma City Thunder,Atlanta Hawks,108,110,ATL,,,Team Totals,240,41,75,.547,9,23,.391,19,24,.792,5,30,35,24,5,2,15,20,110,,,Team Totals,240,.643,.607,.307,.320,14.7,66.7,44.3,58.5,5.4,3.8,14.9,100.0,117.9,115.8,
https://www.basketball-reference.com/boxscores/201612190OKC.html,"8:00 PM, December 19, 2016",Oklahoma City Thunder,Atlanta Hawks,108,110,OKC,,,Team Totals,240,39,87,.448,10,35,.286,20,26,.769,15,29,44,13,8,3,12,18,108,,,Team Totals,240,.549,.506,.402,.299,33.3,85.3,55.7,33.3,8.6,5.8,10.9,100.0,115.8,117.9,
https://www.basketball-reference.com/boxscores/201612200CHO.html,"7:00 PM, December 20, 2016",Charlotte Hornets,Los Angeles Lakers,117,113,LAL,,,Team Totals,240,44,90,.489,16,33,.485,9,11,.818,10,30,40,29,5,12,12,20,113,,,Team Totals,240,.596,.578,.367,.122,26.3,65.2,47.6,65.9,5.3,17.4,11.2,100.0,120.2,124.4,
https://www.basketball-reference.com/boxscores/201612200CHO.html,"7:00 PM, December 20, 2016",Charlotte Hornets,Los Angeles Lakers,117,113,CHO,,,Team Totals,240,43,94,.457,11,25,.440,20,24,.833,16,28,44,30,5,2,10,13,117,,,Team Totals,240,.559,.516,.266,.255,34.8,73.7,52.4,69.8,5.3,3.5,8.7,100.0,124.4,120.2,
https://www.basketball-reference.com/boxscores/201612200GSW.html,"10:30 PM, December 20, 2016",Golden State Warriors,Utah Jazz,104,74,UTA,,,Team Totals,240,27,76,.355,9,30,.300,11,20,.550,10,34,44,13,5,3,23,17,74,,,Team Totals,240,.436,.414,.395,.263,19.6,79.1,46.8,48.1,5.2,4.5,21.3,100.0,77.0,108.2,
https://www.basketball-reference.com/boxscores/201612200GSW.html,"10:30 PM, December 20, 2016",Golden State Warriors,Utah Jazz,104,74,GSW,,,Team Totals,240,40,90,.444,9,23,.391,15,17,.882,9,41,50,24,13,3,10,18,104,,,Team Totals,240,.533,.494,.256,.189,20.9,80.4,53.2,60.0,13.5,6.5,9.3,100.0,108.2,77.0,
https://www.basketball-reference.com/boxscores/201612200HOU.html,"8:00 PM, December 20, 2016",Houston Rockets,San Antonio Spurs,100,102,SAS,,,Team Totals,240,36,77,.468,12,23,.522,18,25,.720,10,33,43,21,13,5,19,17,102,,,Team Totals,240,.580,.545,.299,.325,24.4,62.3,45.7,58.3,13.5,9.3,17.8,100.0,106.2,104.1,
https://www.basketball-reference.com/boxscores/201612200HOU.html,"8:00 PM, December 20, 2016",Houston Rockets,San Antonio Spurs,100,102,HOU,,,Team Totals,240,35,92,.380,6,38,.158,24,27,.889,20,31,51,22,10,5,17,17,100,,,Team Totals,240,.481,.413,.413,.293,37.7,75.6,54.3,62.9,10.4,9.3,14.1,100.0,104.1,106.2,
https://www.basketball-reference.com/boxscores/201612200LAC.html,"10:30 PM, December 20, 2016",Los Angeles Clippers,Denver Nuggets,119,102,DEN,,,Team Totals,240,39,90,.433,11,39,.282,13,20,.650,15,31,46,22,5,1,13,15,102,,,Team Totals,240,.516,.494,.433,.222,31.9,86.1,55.4,56.4,5.2,2.0,11.6,100.0,106.3,124.0,
https://www.basketball-reference.com/boxscores/201612200LAC.html,"10:30 PM, December 20, 2016",Los Angeles Clippers,Denver Nuggets,119,102,LAC,,,Team Totals,240,47,86,.547,16,36,.444,9,13,.692,5,32,37,32,7,2,13,13,119,,,Team Totals,240,.649,.640,.419,.151,13.9,68.1,44.6,68.1,7.3,3.9,12.4,100.0,124.0,106.3,
https://www.basketball-reference.com/boxscores/201612200MEM.html,"8:00 PM, December 20, 2016",Memphis Grizzlies,Boston Celtics,109,112,BOS,,,Team Totals,265,33,81,.407,12,37,.324,34,38,.895,8,33,41,22,7,5,13,22,112,,,Team Totals,265,.573,.481,.457,.469,18.6,66.0,44.1,66.7,7.1,7.8,11.7,100.0,113.9,110.8,
https://www.basketball-reference.com/boxscores/201612200MEM.html,"8:00 PM, December 20, 2016",Memphis Grizzlies,Boston Celtics,109,112,MEM,,,Team Totals,265,38,94,.404,12,30,.400,21,26,.808,17,35,52,23,10,3,13,30,109,,,Team Totals,265,.517,.468,.319,.277,34.0,81.4,55.9,60.5,10.2,6.8,11.0,100.0,110.8,113.9,
https://www.basketball-reference.com/boxscores/201612200MIA.html,"7:30 PM, December 20, 2016",Miami Heat,Orlando Magic,130,136,ORL,,,Team Totals,290,52,105,.495,11,22,.500,21,31,.677,6,41,47,24,3,5,11,25,136,,,Team Totals,290,.573,.548,.210,.295,13.3,82.0,49.5,46.2,2.5,6.4,8.5,100.0,113.3,108.3,
https://www.basketball-reference.com/boxscores/201612200MIA.html,"7:30 PM, December 20, 2016",Miami Heat,Orlando Magic,130,136,MIA,,,Team Totals,290,50,108,.463,12,30,.400,18,26,.692,9,39,48,22,4,6,12,30,130,,,Team Totals,290,.544,.519,.278,.241,18.0,86.7,50.5,44.0,3.3,7.2,9.1,100.0,108.3,113.3,
https://www.basketball-reference.com/boxscores/201612200MIL.html,"8:00 PM, December 20, 2016",Milwaukee Bucks,Cleveland Cavaliers,108,114,CLE,,,Team Totals,265,37,91,.407,17,40,.425,23,27,.852,9,34,43,19,5,2,10,21,114,,,Team Totals,265,.554,.500,.440,.297,18.4,75.6,45.7,51.4,4.9,3.3,8.9,100.0,112.6,106.7,
https://www.basketball-reference.com/boxscores/201612200MIL.html,"8:00 PM, December 20, 2016",Milwaukee Bucks,Cleveland Cavaliers,108,114,MIL,,,Team Totals,265,40,87,.460,7,27,.259,21,29,.724,11,40,51,22,6,6,15,21,108,,,Team Totals,265,.541,.500,.310,.333,24.4,81.6,54.3,55.0,5.9,11.8,13.1,100.0,106.7,112.6,
https://www.basketball-reference.com/boxscores/201612200NYK.html,"7:30 PM, December 20, 2016",New York Knicks,Indiana Pacers,118,111,IND,,,Team Totals,240,39,91,.429,6,23,.261,27,33,.818,11,33,44,22,10,5,9,14,111,,,Team Totals,240,.526,.462,.253,.363,21.2,89.2,49.4,56.4,9.6,7.7,7.9,100.0,106.9,113.6,
https://www.basketball-reference.com/boxscores/201612200NYK.html,"7:30 PM, December 20, 2016",New York Knicks,Indiana Pacers,118,111,NYK,,,Team Totals,240,44,88,.500,13,23,.565,17,21,.810,4,41,45,24,6,8,15,18,118,,,Team Totals,240,.607,.574,.261,.239,10.8,78.8,50.6,54.5,5.8,11.8,13.4,100.0,113.6,106.9,
https://www.basketball-reference.com/boxscores/201612200PHI.html,"7:00 PM, December 20, 2016",Philadelphia 76ers,New Orleans Pelicans,93,108,NOP,,,Team Totals,240,40,93,.430,10,17,.588,18,26,.692,16,40,56,28,2,3,12,16,108,,,Team Totals,240,.517,.484,.183,.280,30.2,87.0,56.6,70.0,2.1,6.1,10.3,100.0,110.9,95.5,
https://www.basketball-reference.com/boxscores/201612200PHI.html,"7:00 PM, December 20, 2016",Philadelphia 76ers,New Orleans Pelicans,93,108,PHI,,,Team Totals,240,33,82,.402,11,33,.333,16,21,.762,6,37,43,18,6,8,13,20,93,,,Team Totals,240,.510,.470,.402,.256,13.0,69.8,43.4,54.5,6.2,10.5,12.5,100.0,95.5,110.9,
https://www.basketball-reference.com/boxscores/201612200SAC.html,"10:30 PM, December 20, 2016",Sacramento Kings,Portland Trail Blazers,126,121,POR,,,Team Totals,240,44,86,.512,4,28,.143,29,40,.725,15,26,41,30,5,4,9,31,121,,,Team Totals,240,.584,.535,.326,.465,35.7,86.7,56.9,68.2,5.3,8.2,8.0,100.0,127.6,132.9,
https://www.basketball-reference.com/boxscores/201612200SAC.html,"10:30 PM, December 20, 2016",Sacramento Kings,Portland Trail Blazers,126,121,SAC,,,Team Totals,240,40,72,.556,10,23,.435,36,43,.837,4,27,31,20,3,4,10,28,126,,,Team Totals,240,.693,.625,.319,.597,13.3,64.3,43.1,50.0,3.2,6.9,9.9,100.0,132.9,127.6,
https://www.basketball-reference.com/boxscores/201612200TOR.html,"7:30 PM, December 20, 2016",Toronto Raptors,Brooklyn Nets,116,104,BRK,,,Team Totals,240,36,91,.396,10,35,.286,22,28,.786,14,38,52,20,9,5,17,23,104,,,Team Totals,240,.503,.451,.385,.308,28.0,76.0,52.0,55.6,8.7,6.8,14.1,100.0,100.7,112.3,
https://www.basketball-reference.com/boxscores/201612200TOR.html,"7:30 PM, December 20, 2016",Toronto Raptors,Brooklyn Nets,116,104,TOR,,,Team Totals,240,42,91,.462,8,18,.444,24,31,.774,12,36,48,19,13,9,13,21,116,,,Team Totals,240,.554,.505,.198,.341,24.0,72.0,48.0,45.2,12.6,16.1,11.1,100.0,112.3,100.7,
https://www.basketball-reference.com/boxscores/201612210ATL.html,"7:30 PM, December 21, 2016",Atlanta Hawks,Minnesota Timberwolves,84,92,MIN,,,Team Totals,240,35,83,.422,9,29,.310,13,14,.929,15,37,52,21,6,6,17,11,92,,,Team Totals,240,.516,.476,.349,.169,35.7,82.2,59.8,60.0,6.8,10.7,16.0,100.0,104.9,95.8,
https://www.basketball-reference.com/boxscores/201612210ATL.html,"7:30 PM, December 21, 2016",Atlanta Hawks,Minnesota Timberwolves,84,92,ATL,,,Team Totals,240,34,82,.415,7,26,.269,9,13,.692,8,27,35,19,9,8,10,15,84,,,Team Totals,240,.479,.457,.317,.159,17.8,64.3,40.2,55.9,10.3,14.8,10.2,100.0,95.8,104.9,
https://www.basketball-reference.com/boxscores/201612210CHI.html,"8:00 PM, December 21, 2016",Chicago Bulls,Washington Wizards,97,107,WAS,,,Team Totals,240,43,82,.524,3,18,.167,18,25,.720,6,38,44,23,7,3,10,20,107,,,Team Totals,240,.575,.543,.220,.305,15.8,69.1,47.3,53.5,7.2,4.1,9.7,100.0,110.2,99.9,
https://www.basketball-reference.com/boxscores/201612210CHI.html,"8:00 PM, December 21, 2016",Chicago Bulls,Washington Wizards,97,107,CHI,,,Team Totals,240,38,95,.400,6,21,.286,15,19,.789,17,32,49,25,4,5,15,18,97,,,Team Totals,240,.469,.432,.221,.200,30.9,84.2,52.7,65.8,4.1,7.8,12.7,100.0,99.9,110.2,
https://www.basketball-reference.com/boxscores/201612210CLE.html,"7:00 PM, December 21, 2016",Cleveland Cavaliers,Milwaukee Bucks,113,102,MIL,,,Team Totals,240,36,77,.468,9,22,.409,21,29,.724,6,33,39,24,7,8,9,21,102,,,Team Totals,240,.568,.526,.286,.377,15.4,78.6,48.1,66.7,7.5,13.3,9.1,100.0,108.9,120.6,
https://www.basketball-reference.com/boxscores/201612210CLE.html,"7:00 PM, December 21, 2016",Cleveland Cavaliers,Milwaukee Bucks,113,102,CLE,,,Team Totals,240,43,87,.494,15,27,.556,12,19,.632,9,33,42,30,3,7,12,20,113,,,Team Totals,240,.592,.580,.310,.218,21.4,84.6,51.9,69.8,3.2,12.7,11.2,100.0,120.6,108.9,
https://www.basketball-reference.com/boxscores/201612210DET.html,"7:30 PM, December 21, 2016",Detroit Pistons,Memphis Grizzlies,86,98,MEM,,,Team Totals,240,35,82,.427,12,30,.400,16,19,.842,7,31,38,25,9,4,9,26,98,,,Team Totals,240,.542,.500,.366,.232,16.3,75.6,45.2,71.4,9.9,8.2,9.1,100.0,107.6,94.4,
https://www.basketball-reference.com/boxscores/201612210DET.html,"7:30 PM, December 21, 2016",Detroit Pistons,Memphis Grizzlies,86,98,DET,,,Team Totals,240,26,72,.361,6,23,.261,28,37,.757,10,36,46,17,2,3,17,18,86,,,Team Totals,240,.487,.403,.319,.514,24.4,83.7,54.8,65.4,2.2,5.8,16.1,100.0,94.4,107.6,
https://www.basketball-reference.com/boxscores/201612210NOP.html,"8:00 PM, December 21, 2016",New Orleans Pelicans,Oklahoma City Thunder,110,121,OKC,,,Team Totals,240,45,88,.511,11,28,.393,20,24,.833,13,36,49,22,8,6,10,20,121,,,Team Totals,240,.614,.574,.318,.273,32.5,85.7,59.8,48.9,8.3,8.8,9.2,100.0,126.2,114.7,
https://www.basketball-reference.com/boxscores/201612210NOP.html,"8:00 PM, December 21, 2016",New Orleans Pelicans,Oklahoma City Thunder,110,121,NOP,,,Team Totals,240,42,88,.477,8,20,.400,18,23,.783,6,27,33,25,4,3,9,18,110,,,Team Totals,240,.561,.523,.227,.261,14.3,67.5,40.2,59.5,4.2,5.0,8.4,100.0,114.7,126.2,
https://www.basketball-reference.com/boxscores/201612210PHO.html,"9:00 PM, December 21, 2016",Phoenix Suns,Houston Rockets,111,125,HOU,,,Team Totals,240,46,86,.535,18,38,.474,15,26,.577,9,28,37,30,4,8,12,22,125,,,Team Totals,240,.641,.640,.442,.302,23.1,66.7,45.7,65.2,4.2,11.8,11.0,100.0,130.9,116.2,
https://www.basketball-reference.com/boxscores/201612210PHO.html,"9:00 PM, December 21, 2016",Phoenix Suns,Houston Rockets,111,125,PHO,,,Team Totals,240,44,93,.473,9,25,.360,14,20,.700,14,30,44,20,7,6,9,23,111,,,Team Totals,240,.545,.522,.269,.215,33.3,76.9,54.3,45.5,7.3,12.5,8.1,100.0,116.2,130.9,
https://www.basketball-reference.com/boxscores/201612210POR.html,"10:00 PM, December 21, 2016",Portland Trail Blazers,Dallas Mavericks,95,96,DAL,,,Team Totals,240,35,83,.422,7,31,.226,19,23,.826,10,28,38,14,12,5,11,20,96,,,Team Totals,240,.515,.464,.373,.277,22.7,75.7,46.9,40.0,13.2,11.1,10.6,100.0,105.9,104.8,
https://www.basketball-reference.com/boxscores/201612210POR.html,"10:00 PM, December 21, 2016",Portland Trail Blazers,Dallas Mavericks,95,96,POR,,,Team Totals,240,32,72,.444,10,27,.370,21,28,.750,9,34,43,15,6,4,17,20,95,,,Team Totals,240,.563,.514,.375,.389,24.3,77.3,53.1,46.9,6.6,7.7,16.8,100.0,104.8,105.9,
https://www.basketball-reference.com/boxscores/201612210UTA.html,"9:00 PM, December 21, 2016",Utah Jazz,Sacramento Kings,93,94,SAC,,,Team Totals,240,34,74,.459,10,21,.476,16,24,.667,8,33,41,13,5,3,11,19,94,,,Team Totals,240,.556,.527,.284,.324,18.2,82.5,48.8,38.2,5.8,6.4,11.5,100.0,108.7,107.6,
https://www.basketball-reference.com/boxscores/201612210UTA.html,"9:00 PM, December 21, 2016",Utah Jazz,Sacramento Kings,93,94,UTA,,,Team Totals,240,33,74,.446,9,27,.333,18,22,.818,7,36,43,19,7,6,11,22,93,,,Team Totals,240,.556,.507,.365,.297,17.5,81.8,51.2,57.6,8.1,11.3,11.6,100.0,107.6,108.7,
https://www.basketball-reference.com/boxscores/201612220BRK.html,"7:30 PM, December 22, 2016",Brooklyn Nets,Golden State Warriors,101,117,GSW,,,Team Totals,240,47,104,.452,12,37,.324,11,14,.786,11,40,51,29,19,7,13,19,117,,,Team Totals,240,.531,.510,.356,.135,22.0,85.1,52.6,61.7,17.3,13.7,10.6,100.0,106.4,91.8,
https://www.basketball-reference.com/boxscores/201612220BRK.html,"7:30 PM, December 22, 2016",Brooklyn Nets,Golden State Warriors,101,117,BRK,,,Team Totals,240,38,86,.442,13,35,.371,12,16,.750,7,39,46,22,6,6,26,15,101,,,Team Totals,240,.543,.517,.407,.186,14.9,78.0,47.4,57.9,5.5,9.0,21.8,100.0,91.8,106.4,
https://www.basketball-reference.com/boxscores/201612220IND.html,"7:00 PM, December 22, 2016",Indiana Pacers,Boston Celtics,102,109,BOS,,,Team Totals,240,38,92,.413,10,39,.256,23,27,.852,9,35,44,19,10,2,10,27,109,,,Team Totals,240,.525,.467,.424,.293,17.6,81.4,46.8,50.0,9.7,3.4,8.8,100.0,105.9,99.1,
https://www.basketball-reference.com/boxscores/201612220IND.html,"7:00 PM, December 22, 2016",Indiana Pacers,Boston Celtics,102,109,IND,,,Team Totals,240,35,82,.427,7,23,.304,25,29,.862,8,42,50,20,5,3,19,21,102,,,Team Totals,240,.538,.470,.280,.354,18.6,82.4,53.2,57.1,4.9,5.7,16.7,100.0,99.1,105.9,
https://www.basketball-reference.com/boxscores/201612220LAC.html,"10:30 PM, December 22, 2016",Los Angeles Clippers,San Antonio Spurs,106,101,SAS,,,Team Totals,240,37,92,.402,6,19,.316,21,25,.840,18,37,55,19,8,7,13,23,101,,,Team Totals,240,.490,.435,.207,.272,34.6,86.0,57.9,51.4,8.3,12.7,11.2,100.0,105.3,110.5,
https://www.basketball-reference.com/boxscores/201612220LAC.html,"10:30 PM, December 22, 2016",Los Angeles Clippers,San Antonio Spurs,106,101,LAC,,,Team Totals,240,39,83,.470,11,28,.393,17,22,.773,6,34,40,18,8,6,12,22,106,,,Team Totals,240,.572,.536,.337,.265,14.0,65.4,42.1,46.2,8.3,8.2,11.5,100.0,110.5,105.3,
https://www.basketball-reference.com/boxscores/201612220MIA.html,"8:00 PM, December 22, 2016",Miami Heat,Los Angeles Lakers,115,107,LAL,,,Team Totals,240,40,90,.444,14,38,.368,13,15,.867,9,31,40,18,7,2,14,14,107,,,Team Totals,240,.554,.522,.422,.167,19.6,75.6,46.0,45.0,7.2,3.2,12.7,100.0,109.9,118.1,
https://www.basketball-reference.com/boxscores/201612220MIA.html,"8:00 PM, December 22, 2016",Miami Heat,Los Angeles Lakers,115,107,MIA,,,Team Totals,240,45,84,.536,11,22,.500,14,21,.667,10,37,47,25,7,6,13,15,115,,,Team Totals,240,.617,.601,.262,.250,24.4,80.4,54.0,55.6,7.2,11.5,12.2,100.0,118.1,109.9,
https://www.basketball-reference.com/boxscores/201612220NYK.html,"7:30 PM, December 22, 2016",New York Knicks,Orlando Magic,106,95,ORL,,,Team Totals,240,39,90,.433,5,27,.185,12,16,.750,10,31,41,21,7,7,16,14,95,,,Team Totals,240,.489,.461,.300,.178,22.7,63.3,44.1,53.8,7.1,9.2,14.2,100.0,96.9,108.1,
https://www.basketball-reference.com/boxscores/201612220NYK.html,"7:30 PM, December 22, 2016",New York Knicks,Orlando Magic,106,95,NYK,,,Team Totals,240,41,96,.427,9,20,.450,15,17,.882,18,34,52,26,9,9,15,18,106,,,Team Totals,240,.512,.474,.208,.177,36.7,77.3,55.9,63.4,9.2,14.3,12.7,100.0,108.1,96.9,
https://www.basketball-reference.com/boxscores/201612230BOS.html,"7:30 PM, December 23, 2016",Boston Celtics,Oklahoma City Thunder,112,117,OKC,,,Team Totals,240,41,80,.513,11,26,.423,24,36,.667,10,34,44,27,5,6,13,21,117,,,Team Totals,240,.610,.581,.325,.450,25.6,77.3,53.0,65.9,5.0,9.2,11.9,100.0,116.7,111.7,
https://www.basketball-reference.com/boxscores/201612230BOS.html,"7:30 PM, December 23, 2016",Boston Celtics,Oklahoma City Thunder,112,117,BOS,,,Team Totals,240,41,93,.441,9,28,.321,21,26,.808,10,29,39,29,8,2,13,29,112,,,Team Totals,240,.536,.489,.301,.280,22.7,74.4,47.0,70.7,8.0,3.7,11.1,100.0,111.7,116.7,
https://www.basketball-reference.com/boxscores/201612230CHO.html,"7:00 PM, December 23, 2016",Charlotte Hornets,Chicago Bulls,103,91,CHI,,,Team Totals,240,38,96,.396,7,22,.318,8,10,.800,17,35,52,20,5,6,9,20,91,,,Team Totals,240,.453,.432,.229,.104,32.1,74.5,52.0,52.6,5.5,9.1,8.2,100.0,100.3,113.5,
https://www.basketball-reference.com/boxscores/201612230CHO.html,"7:00 PM, December 23, 2016",Charlotte Hornets,Chicago Bulls,103,91,CHO,,,Team Totals,240,37,84,.440,5,18,.278,24,28,.857,12,36,48,25,6,13,10,8,103,,,Team Totals,240,.535,.470,.214,.333,25.5,67.9,48.0,67.6,6.6,17.6,9.4,100.0,113.5,100.3,
https://www.basketball-reference.com/boxscores/201612230CLE.html,"7:30 PM, December 23, 2016",Cleveland Cavaliers,Brooklyn Nets,119,99,BRK,,,Team Totals,240,38,85,.447,8,30,.267,15,18,.833,7,37,44,22,6,7,19,22,99,,,Team Totals,240,.533,.494,.353,.212,14.9,77.1,46.3,57.9,5.7,10.9,17.0,100.0,94.3,113.3,
https://www.basketball-reference.com/boxscores/201612230CLE.html,"7:30 PM, December 23, 2016",Cleveland Cavaliers,Brooklyn Nets,119,99,CLE,,,Team Totals,240,45,99,.455,8,35,.229,21,24,.875,11,40,51,28,12,4,11,20,119,,,Team Totals,240,.543,.495,.354,.242,22.9,85.1,53.7,62.2,11.4,7.3,9.1,100.0,113.3,94.3,
https://www.basketball-reference.com/boxscores/201612230DEN.html,"9:00 PM, December 23, 2016",Denver Nuggets,Atlanta Hawks,108,109,ATL,,,Team Totals,240,37,86,.430,8,25,.320,27,33,.818,9,31,40,26,10,4,8,25,109,,,Team Totals,240,.542,.477,.291,.384,18.8,81.6,46.5,70.3,10.2,7.5,7.4,100.0,111.1,110.0,
https://www.basketball-reference.com/boxscores/201612230DEN.html,"9:00 PM, December 23, 2016",Denver Nuggets,Atlanta Hawks,108,109,DEN,,,Team Totals,240,37,78,.474,8,25,.320,26,35,.743,7,39,46,27,3,7,15,29,108,,,Team Totals,240,.578,.526,.321,.449,18.4,81.3,53.5,73.0,3.1,11.5,13.8,100.0,110.0,111.1,
https://www.basketball-reference.com/boxscores/201612230DET.html,"7:30 PM, December 23, 2016",Detroit Pistons,Golden State Warriors,113,119,GSW,,,Team Totals,240,43,77,.558,11,27,.407,22,24,.917,4,37,41,35,9,2,23,21,119,,,Team Totals,240,.680,.630,.351,.312,11.4,88.1,53.2,81.4,8.6,3.6,20.8,100.0,113.2,107.5,
https://www.basketball-reference.com/boxscores/201612230DET.html,"7:30 PM, December 23, 2016",Detroit Pistons,Golden State Warriors,113,119,DET,,,Team Totals,240,43,85,.506,10,29,.345,17,28,.607,5,31,36,22,12,3,14,22,113,,,Team Totals,240,.581,.565,.341,.329,11.9,88.6,46.8,51.2,11.4,6.0,12.6,100.0,107.5,113.2,
https://www.basketball-reference.com/boxscores/201612230LAC.html,"10:30 PM, December 23, 2016",Los Angeles Clippers,Dallas Mavericks,88,90,DAL,,,Team Totals,240,37,87,.425,7,29,.241,9,15,.600,14,28,42,21,13,4,12,14,90,,,Team Totals,240,.481,.466,.333,.172,28.6,82.4,50.6,56.8,14.4,8.9,11.4,100.0,99.7,97.5,
https://www.basketball-reference.com/boxscores/201612230LAC.html,"10:30 PM, December 23, 2016",Los Angeles Clippers,Dallas Mavericks,88,90,LAC,,,Team Totals,240,34,74,.459,13,29,.448,7,11,.636,6,35,41,17,9,4,20,16,88,,,Team Totals,240,.558,.547,.392,.149,17.6,71.4,49.4,50.0,10.0,6.9,20.2,100.0,97.5,99.7,
https://www.basketball-reference.com/boxscores/201612230MEM.html,"8:00 PM, December 23, 2016",Memphis Grizzlies,Houston Rockets,115,109,HOU,,,Team Totals,240,38,89,.427,20,52,.385,13,15,.867,10,30,40,27,5,3,14,22,109,,,Team Totals,240,.570,.539,.584,.169,25.6,76.9,51.3,71.1,5.3,5.4,12.8,100.0,115.9,122.3,
https://www.basketball-reference.com/boxscores/201612230MEM.html,"8:00 PM, December 23, 2016",Memphis Grizzlies,Houston Rockets,115,109,MEM,,,Team Totals,240,41,81,.506,13,25,.520,20,25,.800,9,29,38,23,8,3,12,16,115,,,Team Totals,240,.625,.586,.309,.309,23.1,74.4,48.7,56.1,8.5,8.1,11.5,100.0,122.3,115.9,
https://www.basketball-reference.com/boxscores/201612230MIL.html,"8:00 PM, December 23, 2016",Milwaukee Bucks,Washington Wizards,123,96,WAS,,,Team Totals,240,37,79,.468,7,24,.292,15,18,.833,5,25,30,24,2,2,15,21,96,,,Team Totals,240,.552,.513,.304,.228,13.2,75.8,42.3,64.9,2.1,3.6,14.7,100.0,101.6,130.2,
https://www.basketball-reference.com/boxscores/201612230MIL.html,"8:00 PM, December 23, 2016",Milwaukee Bucks,Washington Wizards,123,96,MIL,,,Team Totals,240,45,80,.563,9,25,.360,24,27,.889,8,33,41,29,8,6,12,16,123,,,Team Totals,240,.669,.619,.313,.338,24.2,86.8,57.7,64.4,8.5,10.9,11.6,100.0,130.2,101.6,
https://www.basketball-reference.com/boxscores/201612230MIN.html,"8:00 PM, December 23, 2016",Minnesota Timberwolves,Sacramento Kings,105,109,SAC,,,Team Totals,240,42,80,.525,15,29,.517,10,14,.714,6,28,34,27,7,3,11,23,109,,,Team Totals,240,.633,.619,.363,.175,16.7,70.0,44.7,64.3,7.8,6.4,11.3,100.0,122.2,117.7,
https://www.basketball-reference.com/boxscores/201612230MIN.html,"8:00 PM, December 23, 2016",Minnesota Timberwolves,Sacramento Kings,105,109,MIN,,,Team Totals,240,36,79,.456,12,32,.375,21,26,.808,12,30,42,18,5,4,13,21,105,,,Team Totals,240,.580,.532,.405,.329,30.0,83.3,55.3,50.0,5.6,7.8,12.6,100.0,117.7,122.2,
https://www.basketball-reference.com/boxscores/201612230NOP.html,"8:00 PM, December 23, 2016",New Orleans Pelicans,Miami Heat,91,87,MIA,,,Team Totals,240,36,87,.414,8,20,.400,7,13,.538,11,48,59,19,4,4,17,20,87,,,Team Totals,240,.469,.460,.230,.149,21.6,81.4,53.6,52.8,4.1,6.6,15.5,100.0,89.8,94.0,
https://www.basketball-reference.com/boxscores/201612230NOP.html,"8:00 PM, December 23, 2016",New Orleans Pelicans,Miami Heat,91,87,NOP,,,Team Totals,240,33,89,.371,11,28,.393,14,21,.667,11,40,51,17,9,7,10,20,91,,,Team Totals,240,.463,.433,.315,.236,18.6,78.4,46.4,51.5,9.3,10.4,9.2,100.0,94.0,89.8,
https://www.basketball-reference.com/boxscores/201612230ORL.html,"7:00 PM, December 23, 2016",Orlando Magic,Los Angeles Lakers,109,90,LAL,,,Team Totals,240,31,87,.356,8,23,.348,20,24,.833,12,34,46,16,8,6,18,14,90,,,Team Totals,240,.461,.402,.264,.276,23.1,82.9,49.5,51.6,7.9,9.7,15.6,100.0,89.4,108.3,
https://www.basketball-reference.com/boxscores/201612230ORL.html,"7:00 PM, December 23, 2016",Orlando Magic,Los Angeles Lakers,109,90,ORL,,,Team Totals,240,45,89,.506,11,27,.407,8,14,.571,7,40,47,25,10,11,14,20,109,,,Team Totals,240,.573,.567,.303,.157,17.1,76.9,50.5,55.6,9.9,17.2,12.8,100.0,108.3,89.4,
https://www.basketball-reference.com/boxscores/201612230PHO.html,"9:00 PM, December 23, 2016",Phoenix Suns,Philadelphia 76ers,123,116,PHI,,,Team Totals,240,42,83,.506,13,31,.419,19,22,.864,8,20,28,23,7,6,20,31,116,,,Team Totals,240,.626,.584,.373,.265,20.0,64.5,39.4,54.8,6.9,11.3,17.7,100.0,114.4,121.3,
https://www.basketball-reference.com/boxscores/201612230PHO.html,"9:00 PM, December 23, 2016",Phoenix Suns,Philadelphia 76ers,123,116,PHO,,,Team Totals,240,42,79,.532,12,26,.462,27,37,.730,11,32,43,25,7,6,20,24,123,,,Team Totals,240,.645,.608,.329,.468,35.5,80.0,60.6,59.5,6.9,11.5,17.3,100.0,121.3,114.4,
https://www.basketball-reference.com/boxscores/201612230POR.html,"10:00 PM, December 23, 2016",Portland Trail Blazers,San Antonio Spurs,90,110,SAS,,,Team Totals,240,39,78,.500,12,20,.600,20,21,.952,13,32,45,19,9,3,12,17,110,,,Team Totals,240,.630,.577,.256,.269,36.1,76.2,57.7,48.7,10.3,6.1,12.1,100.0,126.1,103.1,
https://www.basketball-reference.com/boxscores/201612230POR.html,"10:00 PM, December 23, 2016",Portland Trail Blazers,San Antonio Spurs,90,110,POR,,,Team Totals,240,35,79,.443,12,30,.400,8,16,.500,10,23,33,21,8,2,17,19,90,,,Team Totals,240,.523,.519,.380,.203,23.8,63.9,42.3,60.0,9.2,3.4,16.5,100.0,103.1,126.1,
https://www.basketball-reference.com/boxscores/201612230UTA.html,"9:00 PM, December 23, 2016",Utah Jazz,Toronto Raptors,98,104,TOR,,,Team Totals,240,43,81,.531,8,21,.381,10,15,.667,5,31,36,12,12,4,10,19,104,,,Team Totals,240,.594,.580,.259,.185,13.9,77.5,47.4,27.9,12.9,7.7,10.2,100.0,111.7,105.3,
https://www.basketball-reference.com/boxscores/201612230UTA.html,"9:00 PM, December 23, 2016",Utah Jazz,Toronto Raptors,98,104,UTA,,,Team Totals,240,35,79,.443,10,27,.370,18,21,.857,9,31,40,21,7,2,18,16,98,,,Team Totals,240,.555,.506,.342,.266,22.5,86.1,52.6,60.0,7.5,3.3,16.9,100.0,105.3,111.7,
https://www.basketball-reference.com/boxscores/201612250CLE.html,"2:30 PM, December 25, 2016",Cleveland Cavaliers,Golden State Warriors,109,108,GSW,,,Team Totals,240,37,77,.481,9,30,.300,25,29,.862,5,37,42,25,8,4,20,24,108,,,Team Totals,240,.602,.539,.390,.377,16.1,67.3,48.8,67.6,8.0,6.7,18.2,100.0,107.4,108.4,
https://www.basketball-reference.com/boxscores/201612250CLE.html,"2:30 PM, December 25, 2016",Cleveland Cavaliers,Golden State Warriors,109,108,CLE,,,Team Totals,240,37,95,.389,12,35,.343,23,32,.719,18,26,44,20,14,2,12,19,109,,,Team Totals,240,.500,.453,.368,.337,32.7,83.9,51.2,54.1,13.9,4.3,9.9,100.0,108.4,107.4,
https://www.basketball-reference.com/boxscores/201612250LAL.html,"10:30 PM, December 25, 2016",Los Angeles Lakers,Los Angeles Clippers,111,102,LAC,,,Team Totals,240,37,85,.435,10,29,.345,18,22,.818,10,32,42,24,9,5,16,20,102,,,Team Totals,240,.539,.494,.341,.259,22.2,71.1,46.7,64.9,9.2,8.5,14.5,100.0,104.7,114.0,
https://www.basketball-reference.com/boxscores/201612250LAL.html,"10:30 PM, December 25, 2016",Los Angeles Lakers,Los Angeles Clippers,111,102,LAL,,,Team Totals,240,40,84,.476,8,25,.320,23,30,.767,13,35,48,18,7,3,14,21,111,,,Team Totals,240,.571,.524,.298,.357,28.9,77.8,53.3,45.0,7.2,5.4,12.6,100.0,114.0,104.7,
https://www.basketball-reference.com/boxscores/201612250NYK.html,"12:00 PM, December 25, 2016",New York Knicks,Boston Celtics,114,119,BOS,,,Team Totals,240,45,93,.484,14,36,.389,15,20,.750,12,27,39,25,10,2,7,20,119,,,Team Totals,240,.584,.559,.387,.215,27.3,61.4,44.3,55.6,10.5,3.1,6.4,100.0,125.4,120.1,
https://www.basketball-reference.com/boxscores/201612250NYK.html,"12:00 PM, December 25, 2016",New York Knicks,Boston Celtics,114,119,NYK,,,Team Totals,240,41,87,.471,8,23,.348,24,27,.889,17,32,49,11,5,6,17,23,114,,,Team Totals,240,.576,.517,.264,.310,38.6,72.7,55.7,26.8,5.3,10.5,14.7,100.0,120.1,125.4,
https://www.basketball-reference.com/boxscores/201612250OKC.html,"8:00 PM, December 25, 2016",Oklahoma City Thunder,Minnesota Timberwolves,112,100,MIN,,,Team Totals,240,39,83,.470,4,12,.333,18,23,.783,11,25,36,19,11,2,13,21,100,,,Team Totals,240,.537,.494,.145,.277,25.0,73.5,46.2,48.7,11.7,3.4,12.3,100.0,106.0,118.7,
https://www.basketball-reference.com/boxscores/201612250OKC.html,"8:00 PM, December 25, 2016",Oklahoma City Thunder,Minnesota Timberwolves,112,100,OKC,,,Team Totals,240,42,82,.512,8,24,.333,20,24,.833,9,33,42,26,8,4,15,24,112,,,Team Totals,240,.605,.561,.293,.293,26.5,75.0,53.8,61.9,8.5,5.6,13.9,100.0,118.7,106.0,
https://www.basketball-reference.com/boxscores/201612250SAS.html,"5:00 PM, December 25, 2016",San Antonio Spurs,Chicago Bulls,119,100,CHI,,,Team Totals,240,39,86,.453,7,18,.389,15,20,.750,14,24,38,20,9,1,14,19,100,,,Team Totals,240,.527,.494,.209,.233,30.4,68.6,46.9,51.3,9.7,1.5,12.9,100.0,107.6,128.1,
https://www.basketball-reference.com/boxscores/201612250SAS.html,"5:00 PM, December 25, 2016",San Antonio Spurs,Chicago Bulls,119,100,SAS,,,Team Totals,240,48,85,.565,9,18,.500,14,19,.737,11,32,43,30,7,3,13,19,119,,,Team Totals,240,.637,.618,.212,.224,31.4,69.6,53.1,62.5,7.5,4.4,12.2,100.0,128.1,107.6,
https://www.basketball-reference.com/boxscores/201612260BRK.html,"7:30 PM, December 26, 2016",Brooklyn Nets,Charlotte Hornets,120,118,CHO,,,Team Totals,240,44,94,.468,8,26,.308,22,25,.880,12,32,44,23,11,3,11,24,118,,,Team Totals,240,.562,.511,.277,.266,25.5,88.9,53.0,52.3,11.0,6.8,9.5,100.0,118.2,120.3,
https://www.basketball-reference.com/boxscores/201612260BRK.html,"7:30 PM, December 26, 2016",Brooklyn Nets,Charlotte Hornets,120,118,BRK,,,Team Totals,240,40,75,.533,15,31,.484,25,31,.806,4,35,39,26,4,8,15,21,120,,,Team Totals,240,.677,.633,.413,.413,11.1,74.5,47.0,65.0,4.0,11.8,14.5,100.0,120.3,118.2,
https://www.basketball-reference.com/boxscores/201612260CHI.html,"8:00 PM, December 26, 2016",Chicago Bulls,Indiana Pacers,90,85,IND,,,Team Totals,240,34,81,.420,9,25,.360,8,10,.800,9,31,40,26,5,5,16,21,85,,,Team Totals,240,.498,.475,.309,.123,22.0,66.0,45.5,76.5,5.6,8.6,15.8,100.0,94.7,100.2,
https://www.basketball-reference.com/boxscores/201612260CHI.html,"8:00 PM, December 26, 2016",Chicago Bulls,Indiana Pacers,90,85,CHI,,,Team Totals,240,32,83,.386,6,25,.240,20,28,.714,16,32,48,17,10,3,14,15,90,,,Team Totals,240,.472,.422,.301,.337,34.0,78.0,54.5,53.1,11.1,5.4,12.8,100.0,100.2,94.7,
https://www.basketball-reference.com/boxscores/201612260DET.html,"7:30 PM, December 26, 2016",Detroit Pistons,Cleveland Cavaliers,106,90,CLE,,,Team Totals,240,30,79,.380,11,28,.393,19,23,.826,10,37,47,19,8,3,22,23,90,,,Team Totals,240,.505,.449,.354,.291,22.2,78.7,51.1,63.3,8.1,4.7,19.8,100.0,91.4,107.6,
https://www.basketball-reference.com/boxscores/201612260DET.html,"7:30 PM, December 26, 2016",Detroit Pistons,Cleveland Cavaliers,106,90,DET,,,Team Totals,240,41,92,.446,16,28,.571,8,15,.533,10,35,45,25,12,4,12,19,106,,,Team Totals,240,.538,.533,.304,.163,21.3,77.8,48.9,61.0,12.2,7.8,10.8,100.0,107.6,91.4,
https://www.basketball-reference.com/boxscores/201612260HOU.html,"8:00 PM, December 26, 2016",Houston Rockets,Phoenix Suns,131,115,PHO,,,Team Totals,240,43,101,.426,7,30,.233,22,27,.815,16,37,53,17,14,6,19,25,115,,,Team Totals,240,.509,.460,.297,.267,30.2,78.7,53.0,39.5,12.4,12.2,14.4,100.0,102.0,116.1,
https://www.basketball-reference.com/boxscores/201612260HOU.html,"8:00 PM, December 26, 2016",Houston Rockets,Phoenix Suns,131,115,HOU,,,Team Totals,240,46,92,.500,15,43,.349,24,30,.800,10,37,47,28,11,4,20,22,131,,,Team Totals,240,.623,.582,.467,.326,21.3,69.8,47.0,60.9,9.8,5.6,16.0,100.0,116.1,102.0,
https://www.basketball-reference.com/boxscores/201612260LAC.html,"10:30 PM, December 26, 2016",Los Angeles Clippers,Denver Nuggets,102,106,DEN,,,Team Totals,240,36,82,.439,11,31,.355,23,28,.821,11,40,51,22,10,1,16,18,106,,,Team Totals,240,.562,.506,.378,.341,24.4,90.9,57.3,61.1,10.1,1.7,14.5,100.0,107.2,103.1,
https://www.basketball-reference.com/boxscores/201612260LAC.html,"10:30 PM, December 26, 2016",Los Angeles Clippers,Denver Nuggets,102,106,LAC,,,Team Totals,240,39,84,.464,9,25,.360,15,20,.750,4,34,38,22,6,6,13,19,102,,,Team Totals,240,.550,.518,.298,.238,9.1,75.6,42.7,56.4,6.1,11.8,12.3,100.0,103.1,107.2,
https://www.basketball-reference.com/boxscores/201612260MIN.html,"8:00 PM, December 26, 2016",Minnesota Timberwolves,Atlanta Hawks,104,90,ATL,,,Team Totals,240,35,83,.422,8,32,.250,12,17,.706,17,29,46,20,8,7,19,19,90,,,Team Totals,240,.497,.470,.386,.205,37.0,72.5,53.5,57.1,8.9,13.7,17.4,100.0,99.6,115.1,
https://www.basketball-reference.com/boxscores/201612260MIN.html,"8:00 PM, December 26, 2016",Minnesota Timberwolves,Atlanta Hawks,104,90,MIN,,,Team Totals,240,37,82,.451,15,31,.484,15,18,.833,11,29,40,26,11,3,15,19,104,,,Team Totals,240,.578,.543,.378,.220,27.5,63.0,46.5,70.3,12.2,5.9,14.3,100.0,115.1,99.6,
https://www.basketball-reference.com/boxscores/201612260NOP.html,"8:00 PM, December 26, 2016",New Orleans Pelicans,Dallas Mavericks,111,104,DAL,,,Team Totals,240,37,75,.493,13,32,.406,17,22,.773,4,28,32,27,4,1,11,22,104,,,Team Totals,240,.614,.580,.427,.293,10.0,84.8,43.8,73.0,4.5,2.2,11.5,100.0,116.6,124.5,
https://www.basketball-reference.com/boxscores/201612260NOP.html,"8:00 PM, December 26, 2016",New Orleans Pelicans,Dallas Mavericks,111,104,NOP,,,Team Totals,240,37,70,.529,12,25,.480,25,30,.833,5,36,41,24,6,3,11,19,111,,,Team Totals,240,.667,.614,.357,.429,15.2,90.0,56.2,64.9,6.7,7.0,11.7,100.0,124.5,116.6,
https://www.basketball-reference.com/boxscores/201612260ORL.html,"7:00 PM, December 26, 2016",Orlando Magic,Memphis Grizzlies,112,102,MEM,,,Team Totals,240,35,76,.461,10,25,.400,22,28,.786,3,32,35,17,7,4,6,19,102,,,Team Totals,240,.577,.526,.329,.368,7.9,80.0,44.9,48.6,7.7,6.7,6.4,100.0,112.0,123.0,
https://www.basketball-reference.com/boxscores/201612260ORL.html,"7:00 PM, December 26, 2016",Orlando Magic,Memphis Grizzlies,112,102,ORL,,,Team Totals,240,44,86,.512,13,26,.500,11,16,.688,8,35,43,23,5,3,9,21,112,,,Team Totals,240,.602,.587,.302,.186,20.0,92.1,55.1,52.3,5.5,5.9,8.8,100.0,123.0,112.0,
https://www.basketball-reference.com/boxscores/201612260POR.html,"10:00 PM, December 26, 2016",Portland Trail Blazers,Toronto Raptors,91,95,TOR,,,Team Totals,240,32,95,.337,12,34,.353,19,24,.792,14,38,52,17,11,4,12,12,95,,,Team Totals,240,.450,.400,.358,.253,24.6,77.6,49.1,53.1,11.2,6.7,10.2,100.0,96.6,92.5,
https://www.basketball-reference.com/boxscores/201612260POR.html,"10:00 PM, December 26, 2016",Portland Trail Blazers,Toronto Raptors,91,95,POR,,,Team Totals,240,35,83,.422,8,23,.348,13,18,.722,11,43,54,22,8,4,18,22,91,,,Team Totals,240,.500,.470,.277,.217,22.4,75.4,50.9,62.9,8.1,6.6,16.5,100.0,92.5,96.6,
https://www.basketball-reference.com/boxscores/201612260SAC.html,"10:30 PM, December 26, 2016",Sacramento Kings,Philadelphia 76ers,102,100,PHI,,,Team Totals,240,39,79,.494,9,25,.360,13,18,.722,8,30,38,20,13,5,22,23,100,,,Team Totals,240,.575,.551,.316,.228,21.6,69.8,47.5,51.3,13.1,8.1,20.2,100.0,101.1,103.1,
https://www.basketball-reference.com/boxscores/201612260SAC.html,"10:30 PM, December 26, 2016",Sacramento Kings,Philadelphia 76ers,102,100,SAC,,,Team Totals,240,39,87,.448,7,25,.280,17,21,.810,13,29,42,24,11,4,19,19,102,,,Team Totals,240,.530,.489,.287,.241,30.2,78.4,52.5,61.5,11.1,7.4,16.5,100.0,103.1,101.1,
https://www.basketball-reference.com/boxscores/201612260WAS.html,"7:00 PM, December 26, 2016",Washington Wizards,Milwaukee Bucks,107,102,MIL,,,Team Totals,240,40,87,.460,6,20,.300,16,23,.696,12,30,42,27,8,2,14,19,102,,,Team Totals,240,.525,.494,.230,.264,26.7,81.1,51.2,67.5,8.3,4.0,12.6,100.0,105.8,110.9,
https://www.basketball-reference.com/boxscores/201612260WAS.html,"7:00 PM, December 26, 2016",Washington Wizards,Milwaukee Bucks,107,102,WAS,,,Team Totals,240,40,79,.506,12,29,.414,15,20,.750,7,33,40,29,7,6,17,16,107,,,Team Totals,240,.609,.582,.367,.253,18.9,73.3,48.8,72.5,7.3,9.0,16.2,100.0,110.9,105.8,
https://www.basketball-reference.com/boxscores/201612270BOS.html,"7:30 PM, December 27, 2016",Boston Celtics,Memphis Grizzlies,113,103,MEM,,,Team Totals,240,37,88,.420,9,30,.300,20,29,.690,13,24,37,22,14,5,11,18,103,,,Team Totals,240,.511,.472,.341,.330,28.3,63.2,44.0,59.5,14.8,9.3,9.8,100.0,108.9,119.4,
https://www.basketball-reference.com/boxscores/201612270BOS.html,"7:30 PM, December 27, 2016",Boston Celtics,Memphis Grizzlies,113,103,BOS,,,Team Totals,240,41,85,.482,12,31,.387,19,21,.905,14,33,47,30,6,7,18,24,113,,,Team Totals,240,.600,.553,.365,.247,36.8,71.7,56.0,73.2,6.3,12.1,16.0,100.0,119.4,108.9,
https://www.basketball-reference.com/boxscores/201612270DAL.html,"8:30 PM, December 27, 2016",Dallas Mavericks,Houston Rockets,107,123,HOU,,,Team Totals,240,41,78,.526,17,32,.531,24,28,.857,10,37,47,23,7,5,17,22,123,,,Team Totals,240,.681,.635,.410,.359,27.8,75.5,55.3,56.1,7.4,10.2,15.8,100.0,130.3,113.3,
https://www.basketball-reference.com/boxscores/201612270DAL.html,"8:30 PM, December 27, 2016",Dallas Mavericks,Houston Rockets,107,123,DAL,,,Team Totals,240,36,87,.414,15,38,.395,20,25,.800,12,26,38,22,6,5,10,18,107,,,Team Totals,240,.546,.500,.437,.287,24.5,72.2,44.7,61.1,6.4,10.9,9.3,100.0,113.3,130.3,
https://www.basketball-reference.com/boxscores/201612270LAL.html,"10:30 PM, December 27, 2016",Los Angeles Lakers,Utah Jazz,100,102,UTA,,,Team Totals,240,38,75,.507,9,26,.346,17,24,.708,14,25,39,19,6,4,20,18,102,,,Team Totals,240,.596,.567,.347,.320,35.9,62.5,49.4,50.0,6.6,6.0,18.9,100.0,113.0,110.8,
https://www.basketball-reference.com/boxscores/201612270LAL.html,"10:30 PM, December 27, 2016",Los Angeles Lakers,Utah Jazz,100,102,LAL,,,Team Totals,240,39,83,.470,4,16,.250,18,22,.818,15,25,40,19,8,3,16,21,100,,,Team Totals,240,.539,.494,.193,.265,37.5,64.1,50.6,48.7,8.9,6.1,14.7,100.0,110.8,113.0,
https://www.basketball-reference.com/boxscores/201612270MIA.html,"7:30 PM, December 27, 2016",Miami Heat,Oklahoma City Thunder,94,106,OKC,,,Team Totals,240,42,82,.512,5,19,.263,17,25,.680,14,32,46,21,3,4,17,21,106,,,Team Totals,240,.570,.543,.232,.305,37.8,78.0,59.0,50.0,3.2,6.7,15.5,100.0,114.3,101.4,
https://www.basketball-reference.com/boxscores/201612270MIA.html,"7:30 PM, December 27, 2016",Miami Heat,Oklahoma City Thunder,94,106,MIA,,,Team Totals,240,36,82,.439,7,22,.318,15,21,.714,9,23,32,14,10,4,13,23,94,,,Team Totals,240,.515,.482,.268,.256,22.0,62.2,41.0,38.9,10.8,6.3,12.5,100.0,101.4,114.3,
https://www.basketball-reference.com/boxscores/201612280ATL.html,"7:30 PM, December 28, 2016",Atlanta Hawks,New York Knicks,102,98,NYK,,,Team Totals,265,35,93,.376,7,27,.259,21,26,.808,14,41,55,20,8,7,18,23,98,,,Team Totals,265,.469,.414,.290,.280,26.9,70.7,50.0,57.1,7.6,9.5,14.7,100.0,92.7,96.5,
https://www.basketball-reference.com/boxscores/201612280ATL.html,"7:30 PM, December 28, 2016",Atlanta Hawks,New York Knicks,102,98,ATL,,,Team Totals,265,37,101,.366,7,27,.259,21,27,.778,17,38,55,19,8,3,15,19,102,,,Team Totals,265,.452,.401,.267,.267,29.3,73.1,50.0,51.4,7.6,4.5,11.7,100.0,96.5,92.7,
https://www.basketball-reference.com/boxscores/201612280CHI.html,"8:00 PM, December 28, 2016",Chicago Bulls,Brooklyn Nets,101,99,BRK,,,Team Totals,240,37,86,.430,13,32,.406,12,16,.750,9,28,37,21,9,6,16,22,99,,,Team Totals,240,.532,.506,.372,.186,19.6,62.2,40.7,56.8,9.3,8.0,14.7,100.0,101.9,104.0,
https://www.basketball-reference.com/boxscores/201612280CHI.html,"8:00 PM, December 28, 2016",Chicago Bulls,Brooklyn Nets,101,99,CHI,,,Team Totals,240,35,88,.398,3,13,.231,28,29,.966,17,37,54,20,8,8,18,17,101,,,Team Totals,240,.501,.415,.148,.330,37.8,80.4,59.3,57.1,8.2,14.8,15.2,100.0,104.0,101.9,
https://www.basketball-reference.com/boxscores/201612280DEN.html,"9:00 PM, December 28, 2016",Denver Nuggets,Minnesota Timberwolves,105,103,MIN,,,Team Totals,240,42,94,.447,7,25,.280,12,17,.706,16,27,43,29,8,3,8,15,103,,,Team Totals,240,.507,.484,.266,.181,34.8,77.1,53.1,69.0,8.8,5.7,7.3,100.0,113.5,115.7,
https://www.basketball-reference.com/boxscores/201612280DEN.html,"9:00 PM, December 28, 2016",Denver Nuggets,Minnesota Timberwolves,105,103,DEN,,,Team Totals,240,42,81,.519,10,28,.357,11,14,.786,8,30,38,29,6,4,15,17,105,,,Team Totals,240,.602,.580,.346,.173,22.9,65.2,46.9,69.0,6.6,5.8,14.7,100.0,115.7,113.5,
https://www.basketball-reference.com/boxscores/201612280DET.html,"7:30 PM, December 28, 2016",Detroit Pistons,Milwaukee Bucks,94,119,MIL,,,Team Totals,240,48,84,.571,11,22,.500,12,16,.750,3,35,38,36,8,5,7,14,119,,,Team Totals,240,.654,.637,.262,.190,8.3,76.1,46.3,75.0,8.6,7.8,7.1,100.0,127.2,100.5,
https://www.basketball-reference.com/boxscores/201612280DET.html,"7:30 PM, December 28, 2016",Detroit Pistons,Milwaukee Bucks,94,119,DET,,,Team Totals,240,39,88,.443,6,24,.250,10,16,.625,11,33,44,28,4,1,11,12,94,,,Team Totals,240,.495,.477,.273,.182,23.9,91.7,53.7,71.8,4.3,1.6,10.4,100.0,100.5,127.2,
https://www.basketball-reference.com/boxscores/201612280GSW.html,"10:30 PM, December 28, 2016",Golden State Warriors,Toronto Raptors,121,111,TOR,,,Team Totals,240,40,103,.388,13,35,.371,18,22,.818,19,26,45,24,13,6,7,18,111,,,Team Totals,240,.493,.451,.340,.214,31.1,74.3,46.9,60.0,13.2,10.3,5.8,100.0,113.0,123.2,
https://www.basketball-reference.com/boxscores/201612280GSW.html,"10:30 PM, December 28, 2016",Golden State Warriors,Toronto Raptors,121,111,GSW,,,Team Totals,240,46,81,.568,14,23,.609,15,18,.833,9,42,51,33,4,9,20,16,121,,,Team Totals,240,.680,.654,.284,.222,25.7,68.9,53.1,71.7,4.1,13.2,18.4,100.0,123.2,113.0,
https://www.basketball-reference.com/boxscores/201612280NOP.html,"8:00 PM, December 28, 2016",New Orleans Pelicans,Los Angeles Clippers,102,98,LAC,,,Team Totals,240,37,94,.394,11,37,.297,13,18,.722,16,42,58,15,6,4,13,20,98,,,Team Totals,240,.481,.452,.394,.191,30.2,84.0,56.3,40.5,6.3,6.9,11.3,100.0,103.1,107.3,
https://www.basketball-reference.com/boxscores/201612280NOP.html,"8:00 PM, December 28, 2016",New Orleans Pelicans,Los Angeles Clippers,102,98,NOP,,,Team Totals,240,40,87,.460,10,29,.345,12,21,.571,8,37,45,23,11,5,7,16,102,,,Team Totals,240,.530,.517,.333,.241,16.0,69.8,43.7,57.5,11.6,8.8,6.8,100.0,107.3,103.1,
https://www.basketball-reference.com/boxscores/201612280ORL.html,"7:00 PM, December 28, 2016",Orlando Magic,Charlotte Hornets,101,120,CHO,,,Team Totals,240,46,84,.548,10,24,.417,18,19,.947,10,36,46,25,7,3,14,13,120,,,Team Totals,240,.650,.607,.286,.226,29.4,80.0,58.2,54.3,7.5,5.8,13.2,100.0,128.2,107.9,
https://www.basketball-reference.com/boxscores/201612280ORL.html,"7:00 PM, December 28, 2016",Orlando Magic,Charlotte Hornets,101,120,ORL,,,Team Totals,240,42,86,.488,9,34,.265,8,10,.800,9,24,33,25,7,7,13,15,101,,,Team Totals,240,.559,.541,.395,.116,20.0,70.6,41.8,59.5,7.5,11.7,12.6,100.0,107.9,128.2,
https://www.basketball-reference.com/boxscores/201612280POR.html,"10:00 PM, December 28, 2016",Portland Trail Blazers,Sacramento Kings,102,89,SAC,,,Team Totals,240,31,79,.392,9,28,.321,18,23,.783,6,33,39,20,8,3,11,20,89,,,Team Totals,240,.499,.449,.354,.291,13.0,86.8,46.4,64.5,8.6,6.1,11.0,100.0,95.8,109.8,
https://www.basketball-reference.com/boxscores/201612280POR.html,"10:00 PM, December 28, 2016",Portland Trail Blazers,Sacramento Kings,102,89,POR,,,Team Totals,240,35,74,.473,12,25,.480,20,22,.909,5,40,45,19,6,4,16,16,102,,,Team Totals,240,.609,.554,.338,.297,13.2,87.0,53.6,54.3,6.5,7.8,16.1,100.0,109.8,95.8,
https://www.basketball-reference.com/boxscores/201612280SAS.html,"8:30 PM, December 28, 2016",San Antonio Spurs,Phoenix Suns,119,98,PHO,,,Team Totals,240,36,74,.486,7,16,.438,19,24,.792,7,26,33,20,11,4,22,25,98,,,Team Totals,240,.579,.534,.216,.324,18.9,61.9,41.8,55.6,11.3,5.7,20.6,100.0,100.7,122.3,
https://www.basketball-reference.com/boxscores/201612280SAS.html,"8:30 PM, December 28, 2016",San Antonio Spurs,Phoenix Suns,119,98,SAS,,,Team Totals,240,47,87,.540,5,17,.294,20,25,.800,16,30,46,20,11,7,16,20,119,,,Team Totals,240,.607,.569,.195,.287,38.1,81.1,58.2,42.6,11.3,12.1,14.0,100.0,122.3,100.7,
https://www.basketball-reference.com/boxscores/201612280WAS.html,"7:00 PM, December 28, 2016",Washington Wizards,Indiana Pacers,111,105,IND,,,Team Totals,240,35,79,.443,11,28,.393,24,29,.828,5,29,34,24,10,4,13,29,105,,,Team Totals,240,.572,.513,.354,.367,11.4,65.9,38.6,68.6,10.3,7.1,12.4,100.0,108.0,114.2,
https://www.basketball-reference.com/boxscores/201612280WAS.html,"7:00 PM, December 28, 2016",Washington Wizards,Indiana Pacers,111,105,WAS,,,Team Totals,240,38,78,.487,8,22,.364,27,37,.730,15,39,54,21,8,1,18,27,111,,,Team Totals,240,.589,.538,.282,.474,34.1,88.6,61.4,55.3,8.2,2.0,16.0,100.0,114.2,108.0,
https://www.basketball-reference.com/boxscores/201612290CHO.html,"7:00 PM, December 29, 2016",Charlotte Hornets,Miami Heat,91,82,MIA,,,Team Totals,240,33,82,.402,10,28,.357,6,13,.462,4,42,46,26,6,10,17,19,82,,,Team Totals,240,.467,.463,.341,.159,8.5,79.2,46.0,78.8,6.1,14.9,16.2,100.0,83.6,92.7,
https://www.basketball-reference.com/boxscores/201612290CHO.html,"7:00 PM, December 29, 2016",Charlotte Hornets,Miami Heat,91,82,CHO,,,Team Totals,240,36,93,.387,5,26,.192,14,18,.778,11,43,54,18,9,8,9,11,91,,,Team Totals,240,.451,.414,.280,.194,20.8,91.5,54.0,50.0,9.2,14.8,8.2,100.0,92.7,83.6,
https://www.basketball-reference.com/boxscores/201612290CLE.html,"8:00 PM, December 29, 2016",Cleveland Cavaliers,Boston Celtics,124,118,BOS,,,Team Totals,240,43,85,.506,12,37,.324,20,21,.952,6,23,29,26,15,4,11,23,118,,,Team Totals,240,.626,.576,.435,.247,15.4,63.9,38.7,60.5,15.3,8.9,10.5,100.0,120.3,126.4,
https://www.basketball-reference.com/boxscores/201612290CLE.html,"8:00 PM, December 29, 2016",Cleveland Cavaliers,Boston Celtics,124,118,CLE,,,Team Totals,240,43,83,.518,14,38,.368,24,33,.727,13,33,46,29,7,3,18,16,124,,,Team Totals,240,.636,.602,.458,.398,36.1,84.6,61.3,67.4,7.1,6.3,15.6,100.0,126.4,120.3,
https://www.basketball-reference.com/boxscores/201612290LAL.html,"10:30 PM, December 29, 2016",Los Angeles Lakers,Dallas Mavericks,89,101,DAL,,,Team Totals,240,38,77,.494,14,31,.452,11,14,.786,10,32,42,24,8,2,17,17,101,,,Team Totals,240,.607,.584,.403,.182,27.0,82.1,55.3,63.2,9.2,4.1,17.0,100.0,115.8,102.1,
https://www.basketball-reference.com/boxscores/201612290LAL.html,"10:30 PM, December 29, 2016",Los Angeles Lakers,Dallas Mavericks,89,101,LAL,,,Team Totals,240,32,68,.471,7,19,.368,18,25,.720,7,27,34,15,8,1,15,18,89,,,Team Totals,240,.563,.522,.279,.368,17.9,73.0,44.7,46.9,9.2,2.2,16.0,100.0,102.1,115.8,
https://www.basketball-reference.com/boxscores/201612290MEM.html,"8:00 PM, December 29, 2016",Memphis Grizzlies,Oklahoma City Thunder,114,80,OKC,,,Team Totals,240,25,74,.338,4,22,.182,26,38,.684,14,25,39,9,5,7,19,18,80,,,Team Totals,240,.441,.365,.297,.514,33.3,69.4,50.0,36.0,5.5,11.7,17.3,100.0,87.9,125.3,
https://www.basketball-reference.com/boxscores/201612290MEM.html,"8:00 PM, December 29, 2016",Memphis Grizzlies,Oklahoma City Thunder,114,80,MEM,,,Team Totals,240,43,82,.524,13,22,.591,15,20,.750,11,28,39,24,8,9,14,27,114,,,Team Totals,240,.628,.604,.268,.244,30.6,66.7,50.0,55.8,8.8,17.3,13.4,100.0,125.3,87.9,
https://www.basketball-reference.com/boxscores/201612290PHO.html,"9:00 PM, December 29, 2016",Phoenix Suns,Toronto Raptors,99,91,TOR,,,Team Totals,240,30,75,.400,7,27,.259,24,29,.828,9,34,43,10,12,5,19,24,91,,,Team Totals,240,.518,.447,.360,.387,20.5,73.9,47.8,33.3,12.3,8.1,17.8,100.0,93.3,101.5,
https://www.basketball-reference.com/boxscores/201612290PHO.html,"9:00 PM, December 29, 2016",Phoenix Suns,Toronto Raptors,99,91,PHO,,,Team Totals,240,37,83,.446,9,21,.429,16,23,.696,12,35,47,20,10,4,20,28,99,,,Team Totals,240,.532,.500,.253,.277,26.1,79.5,52.2,54.1,10.3,8.3,17.7,100.0,101.5,93.3,
https://www.basketball-reference.com/boxscores/201612290UTA.html,"9:00 PM, December 29, 2016",Utah Jazz,Philadelphia 76ers,100,83,PHI,,,Team Totals,240,35,87,.402,6,24,.250,7,8,.875,13,28,41,16,6,1,16,16,83,,,Team Totals,240,.458,.437,.276,.092,27.7,75.7,48.8,45.7,6.7,2.1,15.0,100.0,92.2,111.0,
https://www.basketball-reference.com/boxscores/201612290UTA.html,"9:00 PM, December 29, 2016",Utah Jazz,Philadelphia 76ers,100,83,UTA,,,Team Totals,240,35,73,.479,15,26,.577,15,28,.536,9,34,43,21,9,6,15,11,100,,,Team Totals,240,.586,.582,.356,.384,24.3,72.3,51.2,60.0,10.0,9.5,15.0,100.0,111.0,92.2,
https://www.basketball-reference.com/boxscores/201612300ATL.html,"8:00 PM, December 30, 2016",Atlanta Hawks,Detroit Pistons,105,98,DET,,,Team Totals,240,35,84,.417,9,31,.290,19,21,.905,14,29,43,22,9,7,18,24,98,,,Team Totals,240,.526,.470,.369,.250,30.4,70.7,49.4,62.9,9.4,11.3,16.2,100.0,102.0,109.3,
https://www.basketball-reference.com/boxscores/201612300ATL.html,"8:00 PM, December 30, 2016",Atlanta Hawks,Detroit Pistons,105,98,ATL,,,Team Totals,240,39,88,.443,8,26,.308,19,25,.760,12,32,44,29,10,2,15,21,105,,,Team Totals,240,.530,.489,.295,.284,29.3,69.6,50.6,74.4,10.4,3.8,13.2,100.0,109.3,102.0,
https://www.basketball-reference.com/boxscores/201612300BOS.html,"7:30 PM, December 30, 2016",Boston Celtics,Miami Heat,117,114,MIA,,,Team Totals,240,48,90,.533,11,28,.393,7,10,.700,9,30,39,35,7,8,12,20,114,,,Team Totals,240,.604,.594,.311,.111,26.5,85.7,56.5,72.9,7.4,19.0,11.3,100.0,121.1,124.3,
https://www.basketball-reference.com/boxscores/201612300BOS.html,"7:30 PM, December 30, 2016",Boston Celtics,Miami Heat,117,114,BOS,,,Team Totals,240,38,74,.514,17,32,.531,24,29,.828,5,25,30,28,6,2,14,11,117,,,Team Totals,240,.674,.628,.432,.392,14.3,73.5,43.5,73.7,6.4,3.2,13.9,100.0,124.3,121.1,
https://www.basketball-reference.com/boxscores/201612300DEN.html,"9:00 PM, December 30, 2016",Denver Nuggets,Philadelphia 76ers,122,124,PHI,,,Team Totals,240,38,87,.437,16,33,.485,32,40,.800,15,29,44,25,5,5,11,33,124,,,Team Totals,240,.593,.529,.379,.460,30.6,72.5,49.4,65.8,5.1,8.8,9.5,100.0,126.5,124.4,
https://www.basketball-reference.com/boxscores/201612300DEN.html,"9:00 PM, December 30, 2016",Denver Nuggets,Philadelphia 76ers,122,124,DEN,,,Team Totals,240,39,84,.464,11,27,.407,33,41,.805,11,34,45,29,5,1,11,26,122,,,Team Totals,240,.598,.530,.321,.488,27.5,69.4,50.6,74.4,5.1,1.9,9.7,100.0,124.4,126.5,
https://www.basketball-reference.com/boxscores/201612300GSW.html,"10:30 PM, December 30, 2016",Golden State Warriors,Dallas Mavericks,108,99,DAL,,,Team Totals,240,39,93,.419,8,32,.250,13,15,.867,11,29,40,22,11,7,10,12,99,,,Team Totals,240,.497,.462,.344,.161,22.0,87.9,48.2,56.4,11.3,13.7,9.1,100.0,102.1,111.4,
https://www.basketball-reference.com/boxscores/201612300GSW.html,"10:30 PM, December 30, 2016",Golden State Warriors,Dallas Mavericks,108,99,GSW,,,Team Totals,240,42,84,.500,11,33,.333,13,15,.867,4,39,43,31,5,4,13,12,108,,,Team Totals,240,.596,.565,.393,.179,12.1,78.0,51.8,73.8,5.2,6.6,12.5,100.0,111.4,102.1,
https://www.basketball-reference.com/boxscores/201612300HOU.html,"8:00 PM, December 30, 2016",Houston Rockets,Los Angeles Clippers,140,116,LAC,,,Team Totals,240,45,96,.469,13,33,.394,13,16,.813,11,27,38,22,8,4,15,25,116,,,Team Totals,240,.563,.536,.344,.167,23.4,75.0,45.8,48.9,7.8,9.8,12.7,100.0,112.5,135.8,
https://www.basketball-reference.com/boxscores/201612300HOU.html,"8:00 PM, December 30, 2016",Houston Rockets,Los Angeles Clippers,140,116,HOU,,,Team Totals,240,45,81,.556,14,40,.350,36,43,.837,9,36,45,29,12,5,13,17,140,,,Team Totals,240,.701,.642,.494,.531,25.0,76.6,54.2,64.4,11.6,7.9,11.5,100.0,135.8,112.5,
https://www.basketball-reference.com/boxscores/201612300IND.html,"4:00 PM, December 30, 2016",Indiana Pacers,Chicago Bulls,111,101,CHI,,,Team Totals,240,35,84,.417,6,23,.261,25,31,.806,15,32,47,17,8,5,13,23,101,,,Team Totals,240,.517,.452,.274,.369,30.6,80.0,52.8,48.6,8.5,8.1,11.7,100.0,107.2,117.9,
https://www.basketball-reference.com/boxscores/201612300IND.html,"4:00 PM, December 30, 2016",Indiana Pacers,Chicago Bulls,111,101,IND,,,Team Totals,240,39,81,.481,7,19,.368,26,30,.867,8,34,42,26,7,6,11,22,111,,,Team Totals,240,.589,.525,.235,.370,20.0,69.4,47.2,66.7,7.4,9.8,10.5,100.0,117.9,107.2,
https://www.basketball-reference.com/boxscores/201612300MIN.html,"8:00 PM, December 30, 2016",Minnesota Timberwolves,Milwaukee Bucks,116,99,MIL,,,Team Totals,240,40,74,.541,8,18,.444,11,17,.647,7,22,29,22,4,4,14,19,99,,,Team Totals,240,.608,.595,.243,.230,21.2,73.3,46.0,55.0,4.6,7.7,14.7,100.0,113.9,133.5,
https://www.basketball-reference.com/boxscores/201612300MIN.html,"8:00 PM, December 30, 2016",Minnesota Timberwolves,Milwaukee Bucks,116,99,MIN,,,Team Totals,240,43,77,.558,13,25,.520,17,21,.810,8,26,34,30,8,5,11,17,116,,,Team Totals,240,.673,.643,.325,.273,26.7,78.8,54.0,69.8,9.2,8.9,11.3,100.0,133.5,113.9,
https://www.basketball-reference.com/boxscores/201612300NOP.html,"8:00 PM, December 30, 2016",New Orleans Pelicans,New York Knicks,104,92,NYK,,,Team Totals,240,35,93,.376,7,23,.304,15,16,.938,10,40,50,18,7,6,14,18,92,,,Team Totals,240,.460,.414,.247,.172,20.0,95.2,54.3,51.4,6.9,10.7,12.3,100.0,90.5,102.3,
https://www.basketball-reference.com/boxscores/201612300NOP.html,"8:00 PM, December 30, 2016",New Orleans Pelicans,New York Knicks,104,92,NOP,,,Team Totals,240,38,85,.447,12,29,.414,16,17,.941,2,40,42,22,4,5,13,12,104,,,Team Totals,240,.562,.518,.341,.200,4.8,80.0,45.7,57.9,3.9,7.1,12.3,100.0,102.3,90.5,
https://www.basketball-reference.com/boxscores/201612300SAS.html,"8:30 PM, December 30, 2016",San Antonio Spurs,Portland Trail Blazers,110,94,POR,,,Team Totals,240,35,77,.455,6,20,.300,18,21,.857,2,23,25,19,10,3,11,23,94,,,Team Totals,240,.545,.494,.260,.273,5.1,67.6,34.2,54.3,10.8,5.4,11.3,100.0,101.3,118.5,
https://www.basketball-reference.com/boxscores/201612300SAS.html,"8:30 PM, December 30, 2016",San Antonio Spurs,Portland Trail Blazers,110,94,SAS,,,Team Totals,240,39,78,.500,11,22,.500,21,25,.840,11,37,48,22,7,5,17,18,110,,,Team Totals,240,.618,.571,.282,.321,32.4,94.9,65.8,56.4,7.5,8.8,16.0,100.0,118.5,101.3,
https://www.basketball-reference.com/boxscores/201612300WAS.html,"7:00 PM, December 30, 2016",Washington Wizards,Brooklyn Nets,118,95,BRK,,,Team Totals,240,32,74,.432,10,25,.400,21,25,.840,6,26,32,18,9,0,21,16,95,,,Team Totals,240,.559,.500,.338,.338,14.3,76.5,42.1,56.3,9.1,0.0,19.8,100.0,95.9,119.1,
https://www.basketball-reference.com/boxscores/201612300WAS.html,"7:00 PM, December 30, 2016",Washington Wizards,Brooklyn Nets,118,95,WAS,,,Team Totals,240,47,83,.566,11,22,.500,13,14,.929,8,36,44,28,12,7,20,21,118,,,Team Totals,240,.662,.633,.265,.169,23.5,85.7,57.9,59.6,12.1,14.3,18.3,100.0,119.1,95.9,
https://www.basketball-reference.com/boxscores/201612310CHI.html,"7:00 PM, December 31, 2016",Chicago Bulls,Milwaukee Bucks,96,116,MIL,,,Team Totals,240,43,76,.566,9,15,.600,21,27,.778,8,34,42,29,7,8,12,19,116,,,Team Totals,240,.660,.625,.197,.355,25.8,70.8,53.2,67.4,7.8,14.3,12.0,100.0,129.4,107.1,
https://www.basketball-reference.com/boxscores/201612310CHI.html,"7:00 PM, December 31, 2016",Chicago Bulls,Milwaukee Bucks,96,116,CHI,,,Team Totals,240,33,83,.398,10,27,.370,20,28,.714,14,23,37,23,9,5,11,21,96,,,Team Totals,240,.504,.458,.325,.337,29.2,74.2,46.8,69.7,10.0,8.2,10.3,100.0,107.1,129.4,
https://www.basketball-reference.com/boxscores/201612310CHO.html,"7:00 PM, December 31, 2016",Charlotte Hornets,Cleveland Cavaliers,109,121,CLE,,,Team Totals,240,43,85,.506,14,31,.452,21,25,.840,8,27,35,17,6,1,6,17,121,,,Team Totals,240,.630,.588,.365,.294,21.6,73.0,47.3,39.5,6.6,1.9,5.9,100.0,134.1,120.8,
https://www.basketball-reference.com/boxscores/201612310CHO.html,"7:00 PM, December 31, 2016",Charlotte Hornets,Cleveland Cavaliers,109,121,CHO,,,Team Totals,240,40,78,.513,9,24,.375,20,23,.870,10,29,39,24,3,7,13,19,109,,,Team Totals,240,.618,.571,.308,.295,27.0,78.4,52.7,60.0,3.3,13.0,12.9,100.0,120.8,134.1,
https://www.basketball-reference.com/boxscores/201612310HOU.html,"8:00 PM, December 31, 2016",Houston Rockets,New York Knicks,129,122,NYK,,,Team Totals,240,47,105,.448,10,32,.313,18,25,.720,13,35,48,21,7,3,7,20,122,,,Team Totals,240,.526,.495,.305,.238,26.5,77.8,51.1,44.7,6.7,8.1,5.7,100.0,116.1,122.7,
https://www.basketball-reference.com/boxscores/201612310HOU.html,"8:00 PM, December 31, 2016",Houston Rockets,New York Knicks,129,122,HOU,,,Team Totals,240,42,92,.457,21,55,.382,24,29,.828,10,36,46,30,3,2,13,20,129,,,Team Totals,240,.616,.571,.598,.315,22.2,73.5,48.9,71.4,2.9,2.7,11.0,100.0,122.7,116.1,
https://www.basketball-reference.com/boxscores/201612310OKC.html,"8:00 PM, December 31, 2016",Oklahoma City Thunder,Los Angeles Clippers,114,88,LAC,,,Team Totals,240,31,75,.413,8,30,.267,18,21,.857,7,31,38,14,4,4,17,25,88,,,Team Totals,240,.522,.467,.400,.280,16.3,79.5,46.3,45.2,4.3,8.2,16.8,100.0,95.3,123.4,
https://www.basketball-reference.com/boxscores/201612310OKC.html,"8:00 PM, December 31, 2016",Oklahoma City Thunder,Los Angeles Clippers,114,88,OKC,,,Team Totals,240,37,78,.474,10,29,.345,30,35,.857,8,36,44,25,9,6,9,20,114,,,Team Totals,240,.610,.538,.372,.449,20.5,83.7,53.7,67.6,9.7,13.3,8.8,100.0,123.4,95.3,
https://www.basketball-reference.com/boxscores/201612310SAC.html,"5:00 PM, December 31, 2016",Sacramento Kings,Memphis Grizzlies,98,112,MEM,,,Team Totals,240,44,87,.506,17,35,.486,7,9,.778,12,28,40,25,6,3,7,20,112,,,Team Totals,240,.616,.603,.402,.103,30.0,71.8,50.6,56.8,7.2,6.8,7.1,100.0,133.6,116.9,
https://www.basketball-reference.com/boxscores/201612310SAC.html,"5:00 PM, December 31, 2016",Sacramento Kings,Memphis Grizzlies,98,112,SAC,,,Team Totals,240,31,72,.431,11,28,.393,25,28,.893,11,28,39,17,6,3,13,12,98,,,Team Totals,240,.581,.507,.389,.389,28.2,70.0,49.4,54.8,7.2,5.8,13.4,100.0,116.9,133.6,
https://www.basketball-reference.com/boxscores/201612310UTA.html,"8:00 PM, December 31, 2016",Utah Jazz,Phoenix Suns,91,86,PHO,,,Team Totals,240,36,87,.414,7,17,.412,7,10,.700,9,32,41,9,6,2,11,21,86,,,Team Totals,240,.470,.454,.195,.115,18.4,84.2,47.1,25.0,6.6,3.8,10.7,100.0,94.7,100.2,
https://www.basketball-reference.com/boxscores/201612310UTA.html,"8:00 PM, December 31, 2016",Utah Jazz,Phoenix Suns,91,86,UTA,,,Team Totals,240,35,73,.479,8,20,.400,13,20,.650,6,40,46,17,3,4,15,16,91,,,Team Totals,240,.556,.534,.274,.274,15.8,81.6,52.9,48.6,3.3,5.7,15.5,100.0,100.2,94.7,
https://www.basketball-reference.com/boxscores/201701010ATL.html,"6:00 PM, January 1, 2017",Atlanta Hawks,San Antonio Spurs,114,112,SAS,,,Team Totals,265,42,90,.467,9,27,.333,19,22,.864,9,38,47,27,5,6,12,21,112,,,Team Totals,265,.562,.517,.300,.244,20.5,77.6,50.5,64.3,4.9,9.4,10.7,100.0,110.3,112.3,
https://www.basketball-reference.com/boxscores/201701010ATL.html,"6:00 PM, January 1, 2017",Atlanta Hawks,San Antonio Spurs,114,112,ATL,,,Team Totals,265,42,92,.457,14,28,.500,16,27,.593,11,35,46,25,6,6,12,21,114,,,Team Totals,265,.549,.533,.304,.293,22.4,79.5,49.5,59.5,5.9,9.5,10.4,100.0,112.3,110.3,
https://www.basketball-reference.com/boxscores/201701010IND.html,"6:00 PM, January 1, 2017",Indiana Pacers,Orlando Magic,117,104,ORL,,,Team Totals,240,42,97,.433,10,38,.263,10,11,.909,10,32,42,25,6,7,10,22,104,,,Team Totals,240,.511,.485,.392,.113,20.8,80.0,47.7,59.5,6.1,10.9,8.9,100.0,105.8,119.1,
https://www.basketball-reference.com/boxscores/201701010IND.html,"6:00 PM, January 1, 2017",Indiana Pacers,Orlando Magic,117,104,IND,,,Team Totals,240,43,86,.500,9,22,.409,22,24,.917,8,38,46,28,5,5,11,16,117,,,Team Totals,240,.606,.552,.256,.279,20.0,79.2,52.3,65.1,5.1,8.5,10.2,100.0,119.1,105.8,
https://www.basketball-reference.com/boxscores/201701010LAL.html,"9:30 PM, January 1, 2017",Los Angeles Lakers,Toronto Raptors,114,123,TOR,,,Team Totals,240,42,75,.560,10,17,.588,29,32,.906,5,35,40,18,5,9,16,25,123,,,Team Totals,240,.690,.627,.227,.427,15.6,68.6,48.2,42.9,5.2,15.0,15.2,100.0,128.0,118.6,
https://www.basketball-reference.com/boxscores/201701010LAL.html,"9:30 PM, January 1, 2017",Los Angeles Lakers,Toronto Raptors,114,123,LAL,,,Team Totals,240,37,92,.402,15,32,.469,25,31,.806,16,27,43,19,8,3,8,21,114,,,Team Totals,240,.540,.484,.348,.337,31.4,84.4,51.8,51.4,8.3,5.2,7.0,100.0,118.6,128.0,
https://www.basketball-reference.com/boxscores/201701010MIA.html,"6:00 PM, January 1, 2017",Miami Heat,Detroit Pistons,98,107,DET,,,Team Totals,240,42,86,.488,9,22,.409,14,22,.636,10,38,48,16,7,5,13,18,107,,,Team Totals,240,.559,.541,.256,.256,24.4,92.7,58.5,38.1,7.4,9.8,12.0,100.0,113.1,103.6,
https://www.basketball-reference.com/boxscores/201701010MIA.html,"6:00 PM, January 1, 2017",Miami Heat,Detroit Pistons,98,107,MIA,,,Team Totals,240,35,77,.455,14,26,.538,14,18,.778,3,31,34,25,6,4,12,22,98,,,Team Totals,240,.577,.545,.338,.234,7.3,75.6,41.5,71.4,6.3,6.3,12.4,100.0,103.6,113.1,
https://www.basketball-reference.com/boxscores/201701010MIN.html,"7:00 PM, January 1, 2017",Minnesota Timberwolves,Portland Trail Blazers,89,95,POR,,,Team Totals,240,36,73,.493,6,22,.273,17,28,.607,4,37,41,13,10,8,14,19,95,,,Team Totals,240,.557,.534,.301,.384,10.5,74.0,46.6,36.1,10.5,12.5,14.1,100.0,99.6,93.3,
https://www.basketball-reference.com/boxscores/201701010MIN.html,"7:00 PM, January 1, 2017",Minnesota Timberwolves,Portland Trail Blazers,89,95,MIN,,,Team Totals,240,35,87,.402,7,23,.304,12,18,.667,13,34,47,21,11,5,17,25,89,,,Team Totals,240,.469,.443,.264,.207,26.0,89.5,53.4,60.0,11.5,9.8,15.2,100.0,93.3,99.6,
https://www.basketball-reference.com/boxscores/201701020BRK.html,"7:30 PM, January 2, 2017",Brooklyn Nets,Utah Jazz,89,101,UTA,,,Team Totals,240,39,93,.419,7,24,.292,16,20,.800,12,34,46,11,9,5,9,19,101,,,Team Totals,240,.496,.457,.258,.215,25.0,81.0,51.1,28.2,9.5,9.8,8.1,100.0,107.1,94.4,
https://www.basketball-reference.com/boxscores/201701020BRK.html,"7:30 PM, January 2, 2017",Brooklyn Nets,Utah Jazz,89,101,BRK,,,Team Totals,240,33,78,.423,6,27,.222,17,23,.739,8,36,44,13,5,5,15,20,89,,,Team Totals,240,.505,.462,.346,.295,19.0,75.0,48.9,39.4,5.3,7.2,14.5,100.0,94.4,107.1,
https://www.basketball-reference.com/boxscores/201701020CHI.html,"8:00 PM, January 2, 2017",Chicago Bulls,Charlotte Hornets,118,111,CHO,,,Team Totals,240,41,83,.494,9,19,.474,20,22,.909,7,27,34,24,7,3,16,19,111,,,Team Totals,240,.599,.548,.229,.265,18.9,64.3,43.0,58.5,7.2,4.5,14.7,100.0,114.1,121.3,
https://www.basketball-reference.com/boxscores/201701020CHI.html,"8:00 PM, January 2, 2017",Chicago Bulls,Charlotte Hornets,118,111,CHI,,,Team Totals,240,42,90,.467,7,23,.304,27,29,.931,15,30,45,23,10,9,12,17,118,,,Team Totals,240,.574,.506,.256,.322,35.7,81.1,57.0,54.8,10.3,14.1,10.5,100.0,121.3,114.1,
https://www.basketball-reference.com/boxscores/201701020CLE.html,"7:00 PM, January 2, 2017",Cleveland Cavaliers,New Orleans Pelicans,90,82,NOP,,,Team Totals,240,32,88,.364,11,26,.423,7,10,.700,8,37,45,26,6,6,13,18,82,,,Team Totals,240,.444,.426,.295,.114,15.1,77.1,44.6,81.3,6.2,10.2,12.3,100.0,84.5,92.8,
https://www.basketball-reference.com/boxscores/201701020CLE.html,"7:00 PM, January 2, 2017",Cleveland Cavaliers,New Orleans Pelicans,90,82,CLE,,,Team Totals,240,34,90,.378,6,31,.194,16,22,.727,11,45,56,16,9,4,13,13,90,,,Team Totals,240,.451,.411,.344,.244,22.9,84.9,55.4,47.1,9.3,6.5,11.5,100.0,92.8,84.5,
https://www.basketball-reference.com/boxscores/201701020GSW.html,"10:30 PM, January 2, 2017",Golden State Warriors,Denver Nuggets,127,119,DEN,,,Team Totals,240,48,101,.475,9,35,.257,14,18,.778,16,32,48,33,10,2,15,21,119,,,Team Totals,240,.546,.520,.347,.178,34.0,72.7,52.7,68.8,9.7,2.9,12.1,100.0,114.9,122.6,
https://www.basketball-reference.com/boxscores/201701020GSW.html,"10:30 PM, January 2, 2017",Golden State Warriors,Denver Nuggets,127,119,GSW,,,Team Totals,240,50,95,.526,11,25,.440,16,21,.762,12,31,43,33,7,2,13,14,127,,,Team Totals,240,.609,.584,.263,.221,27.3,66.0,47.3,66.0,6.8,3.0,11.1,100.0,122.6,114.9,
https://www.basketball-reference.com/boxscores/201701020HOU.html,"8:00 PM, January 2, 2017",Houston Rockets,Washington Wizards,101,91,WAS,,,Team Totals,240,38,87,.437,6,26,.231,9,12,.750,7,38,45,23,9,2,17,21,91,,,Team Totals,240,.493,.471,.299,.138,17.1,84.4,52.3,60.5,9.0,4.3,15.6,100.0,90.5,100.5,
https://www.basketball-reference.com/boxscores/201701020HOU.html,"8:00 PM, January 2, 2017",Houston Rockets,Washington Wizards,101,91,HOU,,,Team Totals,240,37,86,.430,12,39,.308,15,21,.714,7,34,41,25,9,9,15,12,101,,,Team Totals,240,.530,.500,.453,.244,15.6,82.9,47.7,67.6,9.0,14.8,13.6,100.0,100.5,90.5,
https://www.basketball-reference.com/boxscores/201701020LAC.html,"10:30 PM, January 2, 2017",Los Angeles Clippers,Phoenix Suns,109,98,PHO,,,Team Totals,240,39,102,.382,2,15,.133,18,22,.818,19,29,48,22,11,4,12,29,98,,,Team Totals,240,.439,.392,.147,.216,32.8,70.7,48.5,56.4,10.9,6.3,9.7,100.0,97.3,108.2,
https://www.basketball-reference.com/boxscores/201701020LAC.html,"10:30 PM, January 2, 2017",Los Angeles Clippers,Phoenix Suns,109,98,LAC,,,Team Totals,240,37,80,.463,7,16,.438,28,38,.737,12,39,51,17,1,11,19,21,109,,,Team Totals,240,.563,.506,.200,.475,29.3,67.2,51.5,45.9,1.0,12.6,16.4,100.0,108.2,97.3,
https://www.basketball-reference.com/boxscores/201701020MIL.html,"7:00 PM, January 2, 2017",Milwaukee Bucks,Oklahoma City Thunder,98,94,OKC,,,Team Totals,240,36,78,.462,9,27,.333,13,19,.684,8,32,40,20,7,5,11,20,94,,,Team Totals,240,.544,.519,.346,.244,20.0,82.1,50.6,55.6,7.8,8.3,11.3,100.0,104.2,108.7,
https://www.basketball-reference.com/boxscores/201701020MIL.html,"7:00 PM, January 2, 2017",Milwaukee Bucks,Oklahoma City Thunder,98,94,MIL,,,Team Totals,240,38,79,.481,7,19,.368,15,24,.625,7,32,39,21,4,4,12,17,98,,,Team Totals,240,.547,.525,.241,.304,17.9,80.0,49.4,55.3,4.4,7.8,11.8,100.0,108.7,104.2,
https://www.basketball-reference.com/boxscores/201701020NYK.html,"7:30 PM, January 2, 2017",New York Knicks,Orlando Magic,103,115,ORL,,,Team Totals,240,45,91,.495,15,31,.484,10,14,.714,13,26,39,35,10,4,13,20,115,,,Team Totals,240,.592,.577,.341,.154,30.2,61.9,45.9,77.8,10.6,6.5,11.8,100.0,121.4,108.8,
https://www.basketball-reference.com/boxscores/201701020NYK.html,"7:30 PM, January 2, 2017",New York Knicks,Orlando Magic,103,115,NYK,,,Team Totals,240,39,83,.470,8,21,.381,17,24,.708,16,30,46,18,7,5,20,17,103,,,Team Totals,240,.550,.518,.253,.289,38.1,69.8,54.1,46.2,7.4,8.3,17.6,100.0,108.8,121.4,
https://www.basketball-reference.com/boxscores/201701030BOS.html,"7:30 PM, January 3, 2017",Boston Celtics,Utah Jazz,115,104,UTA,,,Team Totals,240,38,82,.463,11,26,.423,17,21,.810,8,27,35,27,7,3,11,17,104,,,Team Totals,240,.570,.530,.317,.256,22.2,87.1,52.2,71.1,7.7,7.0,10.8,100.0,114.8,126.9,
https://www.basketball-reference.com/boxscores/201701030BOS.html,"7:30 PM, January 3, 2017",Boston Celtics,Utah Jazz,115,104,BOS,,,Team Totals,240,41,74,.554,17,31,.548,16,17,.941,4,28,32,31,5,6,14,22,115,,,Team Totals,240,.706,.669,.419,.230,12.9,77.8,47.8,75.6,5.5,10.7,14.7,100.0,126.9,114.8,
https://www.basketball-reference.com/boxscores/201701030DAL.html,"8:30 PM, January 3, 2017",Dallas Mavericks,Washington Wizards,113,105,WAS,,,Team Totals,240,41,92,.446,11,30,.367,12,14,.857,5,33,38,27,6,7,10,19,105,,,Team Totals,240,.535,.505,.326,.152,11.1,94.3,47.5,65.9,6.0,15.2,9.2,100.0,104.2,112.1,
https://www.basketball-reference.com/boxscores/201701030DAL.html,"8:30 PM, January 3, 2017",Dallas Mavericks,Washington Wizards,113,105,DAL,,,Team Totals,240,37,78,.474,17,32,.531,22,24,.917,2,40,42,20,4,3,15,21,113,,,Team Totals,240,.638,.583,.410,.308,5.7,88.9,52.5,54.1,4.0,4.8,14.5,100.0,112.1,104.2,
https://www.basketball-reference.com/boxscores/201701030DEN.html,"9:00 PM, January 3, 2017",Denver Nuggets,Sacramento Kings,113,120,SAC,,,Team Totals,240,46,88,.523,11,29,.379,17,18,.944,5,28,33,26,7,2,8,13,120,,,Team Totals,240,.626,.585,.330,.205,15.2,87.5,50.8,56.5,7.3,4.5,7.7,100.0,124.9,117.6,
https://www.basketball-reference.com/boxscores/201701030DEN.html,"9:00 PM, January 3, 2017",Denver Nuggets,Sacramento Kings,113,120,DEN,,,Team Totals,240,41,82,.500,18,38,.474,13,13,1.000,4,28,32,29,6,4,14,18,113,,,Team Totals,240,.644,.610,.463,.159,12.5,84.8,49.2,70.7,6.2,6.8,13.8,100.0,117.6,124.9,
https://www.basketball-reference.com/boxscores/201701030DET.html,"7:30 PM, January 3, 2017",Detroit Pistons,Indiana Pacers,116,121,IND,,,Team Totals,240,43,74,.581,9,16,.563,26,30,.867,6,28,34,26,7,7,11,8,121,,,Team Totals,240,.694,.642,.216,.405,18.8,63.6,44.7,60.5,7.6,10.3,11.2,100.0,131.9,126.4,
https://www.basketball-reference.com/boxscores/201701030DET.html,"7:30 PM, January 3, 2017",Detroit Pistons,Indiana Pacers,116,121,DET,,,Team Totals,240,48,97,.495,10,29,.345,10,12,.833,16,26,42,31,5,5,10,19,116,,,Team Totals,240,.567,.546,.299,.124,36.4,81.3,55.3,64.6,5.4,8.6,8.9,100.0,126.4,131.9,
https://www.basketball-reference.com/boxscores/201701030LAL.html,"10:30 PM, January 3, 2017",Los Angeles Lakers,Memphis Grizzlies,116,102,MEM,,,Team Totals,240,30,77,.390,10,31,.323,32,35,.914,5,34,39,18,6,1,10,16,102,,,Team Totals,240,.552,.455,.403,.455,12.8,79.1,47.6,60.0,6.4,2.0,9.8,100.0,108.1,122.9,
https://www.basketball-reference.com/boxscores/201701030LAL.html,"10:30 PM, January 3, 2017",Los Angeles Lakers,Memphis Grizzlies,116,102,LAL,,,Team Totals,240,42,82,.512,17,33,.515,15,28,.536,9,34,43,34,5,2,10,23,116,,,Team Totals,240,.615,.616,.402,.341,20.9,87.2,52.4,81.0,5.3,4.3,9.6,100.0,122.9,108.1,
https://www.basketball-reference.com/boxscores/201701030PHI.html,"7:00 PM, January 3, 2017",Philadelphia 76ers,Minnesota Timberwolves,93,91,MIN,,,Team Totals,240,33,82,.402,7,24,.292,18,20,.900,9,38,47,20,7,6,18,24,91,,,Team Totals,240,.501,.445,.293,.244,20.0,76.0,49.5,60.6,7.2,11.3,16.5,100.0,93.3,95.3,
https://www.basketball-reference.com/boxscores/201701030PHI.html,"7:00 PM, January 3, 2017",Philadelphia 76ers,Minnesota Timberwolves,93,91,PHI,,,Team Totals,240,33,85,.388,7,32,.219,20,25,.800,12,36,48,19,10,7,16,21,93,,,Team Totals,240,.484,.429,.376,.294,24.0,80.0,50.5,57.6,10.2,12.1,14.3,100.0,95.3,93.3,
https://www.basketball-reference.com/boxscores/201701030PHO.html,"9:00 PM, January 3, 2017",Phoenix Suns,Miami Heat,99,90,MIA,,,Team Totals,240,36,91,.396,6,23,.261,12,16,.750,15,28,43,18,8,4,13,23,90,,,Team Totals,240,.459,.429,.253,.176,29.4,68.3,46.7,50.0,8.7,7.4,11.7,100.0,98.4,108.2,
https://www.basketball-reference.com/boxscores/201701030PHO.html,"9:00 PM, January 3, 2017",Phoenix Suns,Miami Heat,99,90,PHO,,,Team Totals,240,36,77,.468,9,23,.391,18,22,.818,13,36,49,21,7,7,18,23,99,,,Team Totals,240,.571,.526,.299,.286,31.7,70.6,53.3,58.3,7.7,10.3,17.2,100.0,108.2,98.4,
https://www.basketball-reference.com/boxscores/201701030SAS.html,"8:30 PM, January 3, 2017",San Antonio Spurs,Toronto Raptors,110,82,TOR,,,Team Totals,240,31,83,.373,4,18,.222,16,22,.727,14,29,43,8,8,4,14,17,82,,,Team Totals,240,.442,.398,.217,.265,27.5,82.9,50.0,25.8,8.7,7.4,13.1,100.0,89.6,120.1,
https://www.basketball-reference.com/boxscores/201701030SAS.html,"8:30 PM, January 3, 2017",San Antonio Spurs,Toronto Raptors,110,82,SAS,,,Team Totals,240,43,78,.551,13,24,.542,11,15,.733,6,37,43,32,7,15,15,18,110,,,Team Totals,240,.650,.635,.308,.192,17.1,72.5,50.0,74.4,7.6,23.1,15.1,100.0,120.1,89.6,
https://www.basketball-reference.com/boxscores/201701040CHO.html,"7:00 PM, January 4, 2017",Charlotte Hornets,Oklahoma City Thunder,123,112,OKC,,,Team Totals,240,42,96,.438,9,30,.300,19,23,.826,14,37,51,22,6,3,14,31,112,,,Team Totals,240,.528,.484,.313,.240,29.8,78.7,54.3,52.4,5.9,5.4,11.7,100.0,110.5,121.3,
https://www.basketball-reference.com/boxscores/201701040CHO.html,"7:00 PM, January 4, 2017",Charlotte Hornets,Oklahoma City Thunder,123,112,CHO,,,Team Totals,240,37,80,.463,9,24,.375,40,49,.816,10,33,43,25,8,10,11,21,123,,,Team Totals,240,.606,.519,.300,.613,21.3,70.2,45.7,67.6,7.9,15.2,9.8,100.0,121.3,110.5,
https://www.basketball-reference.com/boxscores/201701040CLE.html,"8:00 PM, January 4, 2017",Cleveland Cavaliers,Chicago Bulls,94,106,CHI,,,Team Totals,240,41,85,.482,13,30,.433,11,15,.733,12,31,43,23,8,3,13,18,106,,,Team Totals,240,.579,.559,.353,.176,30.0,66.0,49.4,56.1,8.9,5.2,12.4,100.0,118.0,104.7,
https://www.basketball-reference.com/boxscores/201701040CLE.html,"8:00 PM, January 4, 2017",Cleveland Cavaliers,Chicago Bulls,94,106,CLE,,,Team Totals,240,34,83,.410,8,25,.320,18,24,.750,16,28,44,13,6,2,15,16,94,,,Team Totals,240,.502,.458,.301,.289,34.0,70.0,50.6,38.2,6.7,3.6,13.8,100.0,104.7,118.0,
https://www.basketball-reference.com/boxscores/201701040GSW.html,"10:30 PM, January 4, 2017",Golden State Warriors,Portland Trail Blazers,125,117,POR,,,Team Totals,240,40,89,.449,12,26,.462,25,28,.893,11,33,44,23,8,5,17,26,117,,,Team Totals,240,.577,.517,.292,.315,26.2,80.5,53.0,57.5,7.7,9.8,14.4,100.0,112.5,120.1,
https://www.basketball-reference.com/boxscores/201701040GSW.html,"10:30 PM, January 4, 2017",Golden State Warriors,Portland Trail Blazers,125,117,GSW,,,Team Totals,240,44,87,.506,13,36,.361,24,29,.828,8,31,39,31,14,9,15,20,125,,,Team Totals,240,.627,.580,.414,.333,19.5,73.8,47.0,70.5,13.5,14.3,13.1,100.0,120.1,112.5,
https://www.basketball-reference.com/boxscores/201701040LAC.html,"10:30 PM, January 4, 2017",Los Angeles Clippers,Memphis Grizzlies,115,106,MEM,,,Team Totals,240,38,88,.432,11,28,.393,19,25,.760,12,31,43,30,6,5,9,31,106,,,Team Totals,240,.535,.494,.318,.284,24.5,79.5,48.9,78.9,6.3,10.0,8.3,100.0,111.6,121.1,
https://www.basketball-reference.com/boxscores/201701040LAC.html,"10:30 PM, January 4, 2017",Los Angeles Clippers,Memphis Grizzlies,115,106,LAC,,,Team Totals,240,37,73,.507,9,23,.391,32,45,.711,8,37,45,23,5,5,13,23,115,,,Team Totals,240,.620,.568,.315,.616,20.5,75.5,51.1,62.2,5.3,8.3,12.3,100.0,121.1,111.6,
https://www.basketball-reference.com/boxscores/201701040NYK.html,"7:30 PM, January 4, 2017",New York Knicks,Milwaukee Bucks,104,105,MIL,,,Team Totals,240,37,78,.474,9,28,.321,22,31,.710,7,35,42,20,7,5,13,15,105,,,Team Totals,240,.573,.532,.359,.397,18.4,70.0,47.7,54.1,7.4,7.6,12.4,100.0,110.3,109.2,
https://www.basketball-reference.com/boxscores/201701040NYK.html,"7:30 PM, January 4, 2017",New York Knicks,Milwaukee Bucks,104,105,NYK,,,Team Totals,240,42,94,.447,13,28,.464,7,12,.583,15,31,46,26,9,3,13,19,104,,,Team Totals,240,.524,.516,.298,.128,30.0,81.6,52.3,61.9,9.5,6.0,11.6,100.0,109.2,110.3,
https://www.basketball-reference.com/boxscores/201701040ORL.html,"7:00 PM, January 4, 2017",Orlando Magic,Atlanta Hawks,92,111,ATL,,,Team Totals,240,44,81,.543,10,19,.526,13,18,.722,3,36,39,27,12,3,14,12,111,,,Team Totals,240,.624,.605,.235,.222,9.1,78.3,49.4,61.4,12.4,5.2,13.6,100.0,114.3,94.7,
https://www.basketball-reference.com/boxscores/201701040ORL.html,"7:00 PM, January 4, 2017",Orlando Magic,Atlanta Hawks,92,111,ORL,,,Team Totals,240,37,86,.430,9,28,.321,9,10,.900,10,30,40,19,9,6,17,17,92,,,Team Totals,240,.509,.483,.326,.116,21.7,90.9,50.6,51.4,9.3,9.7,15.8,100.0,94.7,114.3,
https://www.basketball-reference.com/boxscores/201701040SAC.html,"10:30 PM, January 4, 2017",Sacramento Kings,Miami Heat,102,107,MIA,,,Team Totals,240,35,72,.486,12,28,.429,25,29,.862,7,32,39,24,8,9,19,20,107,,,Team Totals,240,.631,.569,.389,.403,24.1,88.9,60.0,68.6,8.4,15.5,18.3,100.0,112.4,107.2,
https://www.basketball-reference.com/boxscores/201701040SAC.html,"10:30 PM, January 4, 2017",Sacramento Kings,Miami Heat,102,107,SAC,,,Team Totals,240,40,78,.513,8,20,.400,14,17,.824,4,22,26,26,8,3,17,28,102,,,Team Totals,240,.597,.564,.256,.218,11.1,75.9,40.0,65.0,8.4,6.8,16.6,100.0,107.2,112.4,
https://www.basketball-reference.com/boxscores/201701050DAL.html,"8:30 PM, January 5, 2017",Dallas Mavericks,Phoenix Suns,95,102,PHO,,,Team Totals,240,38,85,.447,7,17,.412,19,22,.864,18,35,53,15,4,3,16,21,102,,,Team Totals,240,.539,.488,.200,.259,42.9,83.3,63.1,39.5,4.5,6.0,14.5,100.0,115.0,107.1,
https://www.basketball-reference.com/boxscores/201701050DAL.html,"8:30 PM, January 5, 2017",Dallas Mavericks,Phoenix Suns,95,102,DAL,,,Team Totals,240,36,79,.456,9,29,.310,14,17,.824,7,24,31,18,6,7,11,20,95,,,Team Totals,240,.549,.513,.367,.215,16.7,57.1,36.9,50.0,6.8,10.3,11.3,100.0,107.1,115.0,
https://www.basketball-reference.com/boxscores/201701050DEN.html,"9:00 PM, January 5, 2017",Denver Nuggets,San Antonio Spurs,99,127,SAS,,,Team Totals,240,51,90,.567,12,24,.500,13,17,.765,7,34,41,34,5,8,8,15,127,,,Team Totals,240,.651,.633,.267,.189,20.6,75.6,51.9,66.7,5.3,13.1,7.6,100.0,133.9,104.4,
https://www.basketball-reference.com/boxscores/201701050DEN.html,"9:00 PM, January 5, 2017",Denver Nuggets,San Antonio Spurs,99,127,DEN,,,Team Totals,240,39,86,.453,7,25,.280,14,17,.824,11,27,38,25,7,3,13,17,99,,,Team Totals,240,.530,.494,.291,.198,24.4,79.4,48.1,64.1,7.4,4.5,12.2,100.0,104.4,133.9,
https://www.basketball-reference.com/boxscores/201701050DET.html,"7:30 PM, January 5, 2017",Detroit Pistons,Charlotte Hornets,115,114,CHO,,,Team Totals,240,37,91,.407,10,26,.385,30,34,.882,8,41,49,20,4,5,5,23,114,,,Team Totals,240,.538,.462,.286,.374,16.7,71.9,46.7,54.1,4.0,7.2,4.5,100.0,114.4,115.4,
https://www.basketball-reference.com/boxscores/201701050DET.html,"7:30 PM, January 5, 2017",Detroit Pistons,Charlotte Hornets,115,114,DET,,,Team Totals,240,39,97,.402,10,28,.357,27,32,.844,16,40,56,24,2,6,7,23,115,,,Team Totals,240,.518,.454,.289,.330,28.1,83.3,53.3,61.5,2.0,9.2,5.9,100.0,115.4,114.4,
https://www.basketball-reference.com/boxscores/201701050HOU.html,"8:00 PM, January 5, 2017",Houston Rockets,Oklahoma City Thunder,118,116,OKC,,,Team Totals,240,41,91,.451,12,30,.400,22,27,.815,16,38,54,15,6,9,9,21,116,,,Team Totals,240,.564,.516,.330,.297,32.0,80.9,55.7,36.6,6.2,19.1,8.0,100.0,120.5,122.6,
https://www.basketball-reference.com/boxscores/201701050HOU.html,"8:00 PM, January 5, 2017",Houston Rockets,Oklahoma City Thunder,118,116,HOU,,,Team Totals,240,41,86,.477,15,39,.385,21,30,.700,9,34,43,27,6,3,10,20,118,,,Team Totals,240,.595,.564,.453,.349,19.1,68.0,44.3,65.9,6.2,4.9,9.2,100.0,122.6,120.5,
https://www.basketball-reference.com/boxscores/201701050IND.html,"7:00 PM, January 5, 2017",Indiana Pacers,Brooklyn Nets,121,109,BRK,,,Team Totals,240,41,90,.456,17,38,.447,10,13,.769,8,37,45,22,5,8,13,17,109,,,Team Totals,240,.569,.550,.422,.144,17.8,84.1,50.6,53.7,5.1,11.3,12.0,100.0,110.2,122.3,
https://www.basketball-reference.com/boxscores/201701050IND.html,"7:00 PM, January 5, 2017",Indiana Pacers,Brooklyn Nets,121,109,IND,,,Team Totals,240,48,93,.516,10,22,.455,15,19,.789,7,37,44,23,7,9,6,12,121,,,Team Totals,240,.597,.570,.237,.204,15.9,82.2,49.4,47.9,7.1,17.3,5.6,100.0,122.3,110.2,
https://www.basketball-reference.com/boxscores/201701050NOP.html,"8:00 PM, January 5, 2017",New Orleans Pelicans,Atlanta Hawks,94,99,ATL,,,Team Totals,240,38,90,.422,9,23,.391,14,17,.824,12,43,55,23,9,6,15,14,99,,,Team Totals,240,.508,.472,.256,.189,24.5,74.1,51.4,60.5,9.2,10.3,13.3,100.0,101.3,96.2,
https://www.basketball-reference.com/boxscores/201701050NOP.html,"8:00 PM, January 5, 2017",New Orleans Pelicans,Atlanta Hawks,94,99,NOP,,,Team Totals,240,34,93,.366,15,35,.429,11,14,.786,15,37,52,19,8,4,15,18,94,,,Team Totals,240,.474,.446,.376,.151,25.9,75.5,48.6,55.9,8.2,6.0,13.1,100.0,96.2,101.3,
https://www.basketball-reference.com/boxscores/201701050POR.html,"10:30 PM, January 5, 2017",Portland Trail Blazers,Los Angeles Lakers,118,109,LAL,,,Team Totals,240,36,86,.419,10,31,.323,27,33,.818,10,30,40,15,7,3,11,25,109,,,Team Totals,240,.542,.477,.360,.384,20.4,78.9,46.0,41.7,7.1,6.3,9.9,100.0,110.8,120.0,
https://www.basketball-reference.com/boxscores/201701050POR.html,"10:30 PM, January 5, 2017",Portland Trail Blazers,Los Angeles Lakers,118,109,POR,,,Team Totals,240,43,81,.531,12,33,.364,20,30,.667,8,39,47,29,6,5,13,21,118,,,Team Totals,240,.626,.605,.407,.370,21.1,79.6,54.0,67.4,6.1,9.1,12.1,100.0,120.0,110.8,
https://www.basketball-reference.com/boxscores/201701050TOR.html,"7:30 PM, January 5, 2017",Toronto Raptors,Utah Jazz,101,93,UTA,,,Team Totals,240,34,73,.466,7,20,.350,18,21,.857,12,34,46,16,2,4,19,22,93,,,Team Totals,240,.565,.514,.274,.288,33.3,61.8,50.5,47.1,2.3,5.7,18.8,100.0,109.3,118.7,
https://www.basketball-reference.com/boxscores/201701050TOR.html,"7:30 PM, January 5, 2017",Toronto Raptors,Utah Jazz,101,93,TOR,,,Team Totals,240,36,91,.396,8,21,.381,21,28,.750,21,24,45,14,10,6,4,19,101,,,Team Totals,240,.489,.440,.231,.308,38.2,66.7,49.5,38.9,11.7,11.3,3.7,100.0,118.7,109.3,
https://www.basketball-reference.com/boxscores/201701060BOS.html,"7:30 PM, January 6, 2017",Boston Celtics,Philadelphia 76ers,110,106,PHI,,,Team Totals,240,37,79,.468,9,28,.321,23,26,.885,4,37,41,30,9,11,15,23,106,,,Team Totals,240,.586,.525,.354,.329,11.8,75.5,49.4,81.1,9.0,23.4,14.2,100.0,105.7,109.7,
https://www.basketball-reference.com/boxscores/201701060BOS.html,"7:30 PM, January 6, 2017",Boston Celtics,Philadelphia 76ers,110,106,BOS,,,Team Totals,240,35,87,.402,19,40,.475,21,25,.840,12,30,42,28,6,11,18,22,110,,,Team Totals,240,.561,.511,.460,.287,24.5,88.2,50.6,80.0,6.0,21.6,15.5,100.0,109.7,105.7,
https://www.basketball-reference.com/boxscores/201701060BRK.html,"7:30 PM, January 6, 2017",Brooklyn Nets,Cleveland Cavaliers,108,116,CLE,,,Team Totals,240,38,88,.432,9,33,.273,31,43,.721,5,41,46,19,14,3,12,16,116,,,Team Totals,240,.542,.483,.375,.489,10.6,80.4,46.9,50.0,12.8,4.9,10.1,100.0,106.1,98.8,
https://www.basketball-reference.com/boxscores/201701060BRK.html,"7:30 PM, January 6, 2017",Brooklyn Nets,Cleveland Cavaliers,108,116,BRK,,,Team Totals,240,41,91,.451,9,30,.300,17,19,.895,10,42,52,21,6,1,19,34,108,,,Team Totals,240,.543,.500,.330,.209,19.6,89.4,53.1,51.2,5.5,1.8,16.1,100.0,98.8,106.1,
https://www.basketball-reference.com/boxscores/201701060GSW.html,"10:30 PM, January 6, 2017",Golden State Warriors,Memphis Grizzlies,119,128,MEM,,,Team Totals,265,50,103,.485,13,33,.394,15,19,.789,14,33,47,29,13,0,12,28,128,,,Team Totals,265,.575,.549,.320,.184,27.5,82.5,51.6,58.0,12.2,0.0,9.7,100.0,119.8,111.3,
https://www.basketball-reference.com/boxscores/201701060GSW.html,"10:30 PM, January 6, 2017",Golden State Warriors,Memphis Grizzlies,119,128,GSW,,,Team Totals,265,41,83,.494,8,30,.267,29,39,.744,7,37,44,23,7,5,16,21,119,,,Team Totals,265,.594,.542,.361,.470,17.5,72.5,48.4,56.1,6.5,7.1,13.8,100.0,111.3,119.8,
https://www.basketball-reference.com/boxscores/201701060LAL.html,"10:30 PM, January 6, 2017",Los Angeles Lakers,Miami Heat,127,100,MIA,,,Team Totals,240,38,92,.413,8,32,.250,16,27,.593,11,30,41,17,5,7,10,23,100,,,Team Totals,240,.481,.457,.348,.293,20.0,62.5,39.8,44.7,4.9,10.3,8.8,100.0,98.7,125.4,
https://www.basketball-reference.com/boxscores/201701060LAL.html,"10:30 PM, January 6, 2017",Los Angeles Lakers,Miami Heat,127,100,LAL,,,Team Totals,240,48,96,.500,10,28,.357,21,29,.724,18,44,62,22,6,2,13,22,127,,,Team Totals,240,.584,.552,.292,.302,37.5,80.0,60.2,45.8,5.9,3.3,10.7,100.0,125.4,98.7,
https://www.basketball-reference.com/boxscores/201701060MIL.html,"8:00 PM, January 6, 2017",Milwaukee Bucks,New York Knicks,111,116,NYK,,,Team Totals,240,41,83,.494,13,23,.565,21,27,.778,11,29,40,29,5,6,16,21,116,,,Team Totals,240,.611,.572,.277,.325,27.5,82.9,53.3,70.7,5.1,10.7,14.4,100.0,119.3,114.1,
https://www.basketball-reference.com/boxscores/201701060MIL.html,"8:00 PM, January 6, 2017",Milwaukee Bucks,New York Knicks,111,116,MIL,,,Team Totals,240,39,78,.500,12,22,.545,21,28,.750,6,29,35,24,9,11,15,19,111,,,Team Totals,240,.614,.577,.282,.359,17.1,72.5,46.7,61.5,9.3,18.3,14.2,100.0,114.1,119.3,
https://www.basketball-reference.com/boxscores/201701060ORL.html,"7:00 PM, January 6, 2017",Orlando Magic,Houston Rockets,93,100,HOU,,,Team Totals,240,39,86,.453,15,49,.306,7,12,.583,12,33,45,26,12,1,16,15,100,,,Team Totals,240,.548,.541,.570,.140,28.6,63.5,47.9,66.7,13.1,1.5,14.9,100.0,109.3,101.7,
https://www.basketball-reference.com/boxscores/201701060ORL.html,"7:00 PM, January 6, 2017",Orlando Magic,Houston Rockets,93,100,ORL,,,Team Totals,240,38,91,.418,8,23,.348,9,13,.692,19,30,49,18,8,2,15,14,93,,,Team Totals,240,.481,.462,.253,.143,36.5,71.4,52.1,47.4,8.7,5.4,13.4,100.0,101.7,109.3,
https://www.basketball-reference.com/boxscores/201701060SAC.html,"10:30 PM, January 6, 2017",Sacramento Kings,Los Angeles Clippers,98,106,LAC,,,Team Totals,240,39,84,.464,13,31,.419,15,21,.714,8,37,45,28,6,5,8,13,106,,,Team Totals,240,.568,.542,.369,.250,17.4,75.5,47.4,71.8,6.6,8.8,7.9,100.0,116.8,108.0,
https://www.basketball-reference.com/boxscores/201701060SAC.html,"10:30 PM, January 6, 2017",Sacramento Kings,Los Angeles Clippers,98,106,SAC,,,Team Totals,240,36,87,.414,9,30,.300,17,22,.773,12,38,50,23,4,3,7,18,98,,,Team Totals,240,.507,.466,.345,.253,24.5,82.6,52.6,63.9,4.4,5.7,6.8,100.0,108.0,116.8,
https://www.basketball-reference.com/boxscores/201701060WAS.html,"7:00 PM, January 6, 2017",Washington Wizards,Minnesota Timberwolves,112,105,MIN,,,Team Totals,240,42,88,.477,7,18,.389,14,17,.824,12,26,38,22,6,2,10,15,105,,,Team Totals,240,.550,.517,.205,.193,30.0,83.9,53.5,52.4,6.7,3.5,9.5,100.0,116.7,124.5,
https://www.basketball-reference.com/boxscores/201701060WAS.html,"7:00 PM, January 6, 2017",Washington Wizards,Minnesota Timberwolves,112,105,WAS,,,Team Totals,240,46,79,.582,12,22,.545,8,9,.889,5,28,33,31,3,7,13,18,112,,,Team Totals,240,.675,.658,.278,.114,16.1,70.0,46.5,67.4,3.3,10.0,13.5,100.0,124.5,116.7,
https://www.basketball-reference.com/boxscores/201701070BOS.html,"7:30 PM, January 7, 2017",Boston Celtics,New Orleans Pelicans,117,108,NOP,,,Team Totals,240,40,85,.471,10,31,.323,18,23,.783,9,33,42,22,7,7,12,20,108,,,Team Totals,240,.568,.529,.365,.271,22.0,68.8,47.2,55.0,7.4,12.3,11.2,100.0,114.1,123.6,
https://www.basketball-reference.com/boxscores/201701070BOS.html,"7:30 PM, January 7, 2017",Boston Celtics,New Orleans Pelicans,117,108,BOS,,,Team Totals,240,40,93,.430,18,36,.500,19,21,.905,15,32,47,26,6,5,10,22,117,,,Team Totals,240,.572,.527,.387,.226,31.3,78.0,52.8,65.0,6.3,9.3,8.9,100.0,123.6,114.1,
https://www.basketball-reference.com/boxscores/201701070CHI.html,"8:00 PM, January 7, 2017",Chicago Bulls,Toronto Raptors,123,118,TOR,,,Team Totals,265,37,85,.435,8,31,.258,36,43,.837,6,35,41,20,11,5,11,22,118,,,Team Totals,265,.568,.482,.365,.506,12.2,67.3,40.6,54.1,10.3,7.2,9.6,100.0,110.9,115.6,
https://www.basketball-reference.com/boxscores/201701070CHI.html,"8:00 PM, January 7, 2017",Chicago Bulls,Toronto Raptors,123,118,CHI,,,Team Totals,265,38,97,.392,11,28,.393,36,39,.923,17,43,60,25,5,2,14,27,123,,,Team Totals,265,.539,.448,.289,.402,32.7,87.8,59.4,65.8,4.7,3.7,10.9,100.0,115.6,110.9,
https://www.basketball-reference.com/boxscores/201701070DAL.html,"8:30 PM, January 7, 2017",Dallas Mavericks,Atlanta Hawks,82,97,ATL,,,Team Totals,240,30,74,.405,11,22,.500,26,32,.813,6,41,47,19,8,1,10,15,97,,,Team Totals,240,.551,.480,.297,.432,14.6,87.2,53.4,63.3,8.7,2.2,10.2,100.0,106.0,89.6,
https://www.basketball-reference.com/boxscores/201701070DAL.html,"8:30 PM, January 7, 2017",Dallas Mavericks,Atlanta Hawks,82,97,DAL,,,Team Totals,240,32,82,.390,9,36,.250,9,10,.900,6,35,41,18,7,3,14,25,82,,,Team Totals,240,.475,.445,.439,.122,12.8,85.4,46.6,56.3,7.6,5.8,13.9,100.0,89.6,106.0,
https://www.basketball-reference.com/boxscores/201701070IND.html,"7:00 PM, January 7, 2017",Indiana Pacers,New York Knicks,123,109,NYK,,,Team Totals,240,40,87,.460,12,31,.387,17,24,.708,6,26,32,25,9,7,17,24,109,,,Team Totals,240,.559,.529,.356,.276,12.8,68.4,37.6,62.5,8.6,11.3,14.8,100.0,103.9,117.2,
https://www.basketball-reference.com/boxscores/201701070IND.html,"7:00 PM, January 7, 2017",Indiana Pacers,New York Knicks,123,109,IND,,,Team Totals,240,43,86,.500,11,24,.458,26,28,.929,12,41,53,25,11,0,20,23,123,,,Team Totals,240,.626,.564,.279,.326,31.6,87.2,62.4,58.1,10.5,0.0,16.9,100.0,117.2,103.9,
https://www.basketball-reference.com/boxscores/201701070MIN.html,"8:00 PM, January 7, 2017",Minnesota Timberwolves,Utah Jazz,92,94,UTA,,,Team Totals,240,32,77,.416,8,23,.348,22,28,.786,10,29,39,23,12,6,10,19,94,,,Team Totals,240,.526,.468,.299,.364,22.7,67.4,44.8,71.9,13.6,10.0,10.1,100.0,106.8,104.6,
https://www.basketball-reference.com/boxscores/201701070MIN.html,"8:00 PM, January 7, 2017",Minnesota Timberwolves,Utah Jazz,92,94,MIN,,,Team Totals,240,35,80,.438,7,20,.350,15,21,.714,14,34,48,23,3,3,16,21,92,,,Team Totals,240,.515,.481,.250,.263,32.6,77.3,55.2,65.7,3.4,5.6,15.2,100.0,104.6,106.8,
https://www.basketball-reference.com/boxscores/201701070OKC.html,"8:00 PM, January 7, 2017",Oklahoma City Thunder,Denver Nuggets,121,106,DEN,,,Team Totals,240,40,99,.404,9,24,.375,17,24,.708,15,38,53,18,7,4,12,23,106,,,Team Totals,240,.484,.449,.242,.242,25.9,86.4,52.0,45.0,6.7,7.5,9.9,100.0,100.9,115.1,
https://www.basketball-reference.com/boxscores/201701070OKC.html,"8:00 PM, January 7, 2017",Oklahoma City Thunder,Denver Nuggets,121,106,OKC,,,Team Totals,240,43,89,.483,12,36,.333,23,29,.793,6,43,49,23,8,11,12,20,121,,,Team Totals,240,.595,.551,.404,.326,13.6,74.1,48.0,53.5,7.6,14.7,10.5,100.0,115.1,100.9,
https://www.basketball-reference.com/boxscores/201701070SAS.html,"8:30 PM, January 7, 2017",San Antonio Spurs,Charlotte Hornets,102,85,CHO,,,Team Totals,240,30,75,.400,4,21,.190,21,25,.840,8,40,48,18,5,4,16,14,85,,,Team Totals,240,.494,.427,.280,.333,19.0,81.6,52.7,60.0,5.4,7.3,15.7,100.0,91.7,110.0,
https://www.basketball-reference.com/boxscores/201701070SAS.html,"8:30 PM, January 7, 2017",San Antonio Spurs,Charlotte Hornets,102,85,SAS,,,Team Totals,240,36,89,.404,13,34,.382,17,20,.850,9,34,43,29,9,8,7,21,102,,,Team Totals,240,.521,.478,.382,.225,18.4,81.0,47.3,80.6,9.7,14.8,6.7,100.0,110.0,91.7,
https://www.basketball-reference.com/boxscores/201701080BRK.html,"12:00 PM, January 8, 2017",Brooklyn Nets,Philadelphia 76ers,95,105,PHI,,,Team Totals,240,37,94,.394,8,27,.296,23,27,.852,6,40,46,19,11,5,13,17,105,,,Team Totals,240,.496,.436,.287,.287,14.3,90.9,53.5,51.4,10.4,9.8,10.9,100.0,99.1,89.7,
https://www.basketball-reference.com/boxscores/201701080BRK.html,"12:00 PM, January 8, 2017",Brooklyn Nets,Philadelphia 76ers,95,105,BRK,,,Team Totals,240,36,78,.462,10,27,.370,13,17,.765,4,36,40,21,6,8,22,23,95,,,Team Totals,240,.556,.526,.346,.218,9.1,85.7,46.5,58.3,5.7,11.9,20.5,100.0,89.7,99.1,
https://www.basketball-reference.com/boxscores/201701080LAC.html,"3:30 PM, January 8, 2017",Los Angeles Clippers,Miami Heat,98,86,MIA,,,Team Totals,240,31,84,.369,7,27,.259,17,21,.810,11,39,50,14,6,5,15,21,86,,,Team Totals,240,.461,.411,.321,.250,20.8,81.3,49.5,45.2,6.2,8.9,13.9,100.0,89.3,101.8,
https://www.basketball-reference.com/boxscores/201701080LAC.html,"3:30 PM, January 8, 2017",Los Angeles Clippers,Miami Heat,98,86,LAC,,,Team Totals,240,36,86,.419,9,30,.300,17,25,.680,9,42,51,27,8,3,11,20,98,,,Team Totals,240,.505,.471,.349,.291,18.8,79.2,50.5,75.0,8.3,5.3,10.2,100.0,101.8,89.3,
https://www.basketball-reference.com/boxscores/201701080LAL.html,"9:30 PM, January 8, 2017",Los Angeles Lakers,Orlando Magic,111,95,ORL,,,Team Totals,240,34,90,.378,7,26,.269,20,29,.690,18,36,54,24,5,3,18,20,95,,,Team Totals,240,.462,.417,.289,.322,30.5,85.7,53.5,70.6,4.9,5.5,14.9,100.0,93.1,108.8,
https://www.basketball-reference.com/boxscores/201701080LAL.html,"9:30 PM, January 8, 2017",Los Angeles Lakers,Orlando Magic,111,95,LAL,,,Team Totals,240,42,87,.483,8,32,.250,19,24,.792,6,41,47,23,8,5,13,21,111,,,Team Totals,240,.569,.529,.368,.276,14.3,69.5,46.5,54.8,7.8,7.8,11.8,100.0,108.8,93.1,
https://www.basketball-reference.com/boxscores/201701080MEM.html,"8:00 PM, January 8, 2017",Memphis Grizzlies,Utah Jazz,88,79,UTA,,,Team Totals,240,28,72,.389,9,23,.391,14,23,.609,11,32,43,14,8,3,17,19,79,,,Team Totals,240,.481,.451,.319,.319,25.6,86.5,53.8,50.0,9.0,5.6,17.2,100.0,89.1,99.2,
https://www.basketball-reference.com/boxscores/201701080MEM.html,"8:00 PM, January 8, 2017",Memphis Grizzlies,Utah Jazz,88,79,MEM,,,Team Totals,240,34,78,.436,9,24,.375,11,14,.786,5,32,37,19,11,2,14,23,88,,,Team Totals,240,.523,.494,.308,.179,13.5,74.4,46.3,55.9,12.4,4.1,14.3,100.0,99.2,89.1,
https://www.basketball-reference.com/boxscores/201701080MIL.html,"2:00 PM, January 8, 2017",Milwaukee Bucks,Washington Wizards,101,107,WAS,,,Team Totals,240,41,84,.488,10,32,.313,15,18,.833,13,36,49,23,10,4,21,22,107,,,Team Totals,240,.582,.548,.381,.214,32.5,87.8,60.5,56.1,10.2,7.0,18.6,100.0,109.4,103.3,
https://www.basketball-reference.com/boxscores/201701080MIL.html,"2:00 PM, January 8, 2017",Milwaukee Bucks,Washington Wizards,101,107,MIL,,,Team Totals,240,37,80,.463,9,23,.391,18,20,.900,5,27,32,25,14,3,16,20,101,,,Team Totals,240,.569,.519,.288,.250,12.2,67.5,39.5,67.6,14.3,5.8,15.3,100.0,103.3,109.4,
https://www.basketball-reference.com/boxscores/201701080PHO.html,"8:30 PM, January 8, 2017",Phoenix Suns,Cleveland Cavaliers,116,120,CLE,,,Team Totals,240,44,82,.537,15,34,.441,17,19,.895,13,25,38,15,8,5,20,12,120,,,Team Totals,240,.664,.628,.415,.232,36.1,65.8,51.4,34.1,8.5,8.3,18.1,100.0,127.3,123.1,
https://www.basketball-reference.com/boxscores/201701080PHO.html,"8:30 PM, January 8, 2017",Phoenix Suns,Cleveland Cavaliers,116,120,PHO,,,Team Totals,240,46,87,.529,9,27,.333,15,19,.789,13,23,36,23,12,7,14,19,116,,,Team Totals,240,.608,.580,.310,.218,34.2,63.9,48.6,50.0,12.7,14.6,12.8,100.0,123.1,127.3,
https://www.basketball-reference.com/boxscores/201701080POR.html,"9:00 PM, January 8, 2017",Portland Trail Blazers,Detroit Pistons,124,125,DET,,,Team Totals,290,54,105,.514,8,25,.320,9,12,.750,6,35,41,19,14,3,10,16,125,,,Team Totals,290,.567,.552,.238,.114,14.6,83.3,49.4,35.2,12.4,4.8,8.3,100.0,111.0,110.1,
https://www.basketball-reference.com/boxscores/201701080POR.html,"9:00 PM, January 8, 2017",Portland Trail Blazers,Detroit Pistons,124,125,POR,,,Team Totals,290,51,98,.520,15,35,.429,7,12,.583,7,35,42,36,5,5,19,11,124,,,Team Totals,290,.600,.597,.357,.122,16.7,85.4,50.6,70.6,4.4,6.3,15.5,100.0,110.1,111.0,
https://www.basketball-reference.com/boxscores/201701080SAC.html,"9:00 PM, January 8, 2017",Sacramento Kings,Golden State Warriors,106,117,GSW,,,Team Totals,240,45,89,.506,10,29,.345,17,20,.850,13,33,46,33,11,6,17,22,117,,,Team Totals,240,.598,.562,.326,.225,30.2,97.1,59.7,73.3,10.8,13.0,14.8,100.0,115.2,104.3,
https://www.basketball-reference.com/boxscores/201701080SAC.html,"9:00 PM, January 8, 2017",Sacramento Kings,Golden State Warriors,106,117,SAC,,,Team Totals,240,36,74,.486,11,28,.393,23,29,.793,1,30,31,21,13,5,19,17,106,,,Team Totals,240,.611,.561,.378,.392,2.9,69.8,40.3,58.3,12.8,8.3,18.0,100.0,104.3,115.2,
https://www.basketball-reference.com/boxscores/201701080TOR.html,"6:00 PM, January 8, 2017",Toronto Raptors,Houston Rockets,122,129,HOU,,,Team Totals,240,46,89,.517,11,38,.289,26,31,.839,10,29,39,27,9,6,15,22,129,,,Team Totals,240,.628,.579,.427,.348,22.2,87.9,50.0,58.7,8.6,11.3,12.8,100.0,122.6,115.9,
https://www.basketball-reference.com/boxscores/201701080TOR.html,"6:00 PM, January 8, 2017",Toronto Raptors,Houston Rockets,122,129,TOR,,,Team Totals,240,42,78,.538,11,25,.440,27,30,.900,4,35,39,19,7,3,19,25,122,,,Team Totals,240,.669,.609,.321,.385,12.1,77.8,50.0,45.2,6.7,5.9,17.2,100.0,115.9,122.6,
https://www.basketball-reference.com/boxscores/201701090CHI.html,"8:00 PM, January 9, 2017",Chicago Bulls,Oklahoma City Thunder,94,109,OKC,,,Team Totals,240,47,83,.566,7,24,.292,8,11,.727,6,36,42,30,5,5,12,17,109,,,Team Totals,240,.620,.608,.289,.133,17.1,80.0,52.5,63.8,5.4,7.8,12.0,100.0,117.8,101.6,
https://www.basketball-reference.com/boxscores/201701090CHI.html,"8:00 PM, January 9, 2017",Chicago Bulls,Oklahoma City Thunder,94,109,CHI,,,Team Totals,240,34,83,.410,7,19,.368,19,22,.864,9,29,38,18,7,2,11,13,94,,,Team Totals,240,.507,.452,.229,.265,20.0,82.9,47.5,52.9,7.6,3.4,10.6,100.0,101.6,117.8,
https://www.basketball-reference.com/boxscores/201701090MIN.html,"8:00 PM, January 9, 2017",Minnesota Timberwolves,Dallas Mavericks,101,92,DAL,,,Team Totals,240,36,78,.462,13,28,.464,7,9,.778,5,20,25,24,3,2,14,21,92,,,Team Totals,240,.561,.545,.359,.115,13.2,69.0,37.3,66.7,3.4,3.6,14.6,100.0,103.5,113.6,
https://www.basketball-reference.com/boxscores/201701090MIN.html,"8:00 PM, January 9, 2017",Minnesota Timberwolves,Dallas Mavericks,101,92,MIN,,,Team Totals,240,40,71,.563,6,16,.375,15,21,.714,9,33,42,30,11,4,19,24,101,,,Team Totals,240,.629,.606,.225,.296,31.0,86.8,62.7,75.0,12.4,8.0,19.1,100.0,113.6,103.5,
https://www.basketball-reference.com/boxscores/201701090NYK.html,"7:30 PM, January 9, 2017",New York Knicks,New Orleans Pelicans,96,110,NOP,,,Team Totals,240,41,84,.488,12,27,.444,16,19,.842,8,31,39,24,11,7,11,14,110,,,Team Totals,240,.595,.560,.321,.226,19.5,72.1,46.4,58.5,11.9,12.5,10.6,100.0,118.7,103.6,
https://www.basketball-reference.com/boxscores/201701090NYK.html,"7:30 PM, January 9, 2017",New York Knicks,New Orleans Pelicans,96,110,NYK,,,Team Totals,240,36,85,.424,11,29,.379,13,16,.813,12,33,45,17,5,4,15,18,96,,,Team Totals,240,.522,.488,.341,.188,27.9,80.5,53.6,47.2,5.4,7.0,14.0,100.0,103.6,118.7,
https://www.basketball-reference.com/boxscores/201701100BRK.html,"7:30 PM, January 10, 2017",Brooklyn Nets,Atlanta Hawks,97,117,ATL,,,Team Totals,240,44,92,.478,7,23,.304,22,38,.579,15,38,53,25,11,12,12,17,117,,,Team Totals,240,.538,.516,.250,.413,30.6,73.1,52.5,56.8,10.9,20.7,9.9,100.0,115.4,95.7,
https://www.basketball-reference.com/boxscores/201701100BRK.html,"7:30 PM, January 10, 2017",Brooklyn Nets,Atlanta Hawks,97,117,BRK,,,Team Totals,240,35,87,.402,10,29,.345,17,23,.739,14,34,48,22,5,4,18,24,97,,,Team Totals,240,.499,.460,.333,.264,26.9,69.4,47.5,62.9,4.9,5.8,15.6,100.0,95.7,115.4,
https://www.basketball-reference.com/boxscores/201701100GSW.html,"10:30 PM, January 10, 2017",Golden State Warriors,Miami Heat,107,95,MIA,,,Team Totals,240,38,90,.422,6,30,.200,13,17,.765,6,40,46,25,6,4,11,22,95,,,Team Totals,240,.487,.456,.333,.189,12.2,88.9,48.9,65.8,6.0,6.8,10.1,100.0,94.4,106.4,
https://www.basketball-reference.com/boxscores/201701100GSW.html,"10:30 PM, January 10, 2017",Golden State Warriors,Miami Heat,107,95,GSW,,,Team Totals,240,39,86,.453,11,27,.407,18,22,.818,5,43,48,28,6,7,11,16,107,,,Team Totals,240,.559,.517,.314,.256,11.1,87.8,51.1,71.8,6.0,11.7,10.3,100.0,106.4,94.4,
https://www.basketball-reference.com/boxscores/201701100HOU.html,"8:00 PM, January 10, 2017",Houston Rockets,Charlotte Hornets,121,114,CHO,,,Team Totals,240,44,92,.478,19,43,.442,7,9,.778,5,38,43,30,3,4,11,21,114,,,Team Totals,240,.594,.582,.467,.098,11.6,86.4,49.4,68.2,3.0,9.3,10.3,100.0,114.2,121.2,
https://www.basketball-reference.com/boxscores/201701100HOU.html,"8:00 PM, January 10, 2017",Houston Rockets,Charlotte Hornets,121,114,HOU,,,Team Totals,240,40,82,.488,17,39,.436,24,33,.727,6,38,44,25,8,5,10,17,121,,,Team Totals,240,.627,.591,.476,.402,13.6,88.4,50.6,62.5,8.0,10.2,9.4,100.0,121.2,114.2,
https://www.basketball-reference.com/boxscores/201701100LAL.html,"10:30 PM, January 10, 2017",Los Angeles Lakers,Portland Trail Blazers,87,108,POR,,,Team Totals,240,43,85,.506,7,21,.333,15,20,.750,9,41,50,25,6,9,12,21,108,,,Team Totals,240,.576,.547,.247,.235,23.7,82.0,56.8,58.1,6.4,15.3,11.3,100.0,114.9,92.6,
https://www.basketball-reference.com/boxscores/201701100LAL.html,"10:30 PM, January 10, 2017",Los Angeles Lakers,Portland Trail Blazers,87,108,LAL,,,Team Totals,240,32,83,.386,9,24,.375,14,26,.538,9,29,38,18,7,5,10,18,87,,,Team Totals,240,.461,.440,.289,.313,18.0,76.3,43.2,56.3,7.4,7.8,9.6,100.0,92.6,114.9,
https://www.basketball-reference.com/boxscores/201701100SAC.html,"10:30 PM, January 10, 2017",Sacramento Kings,Detroit Pistons,100,94,DET,,,Team Totals,240,36,82,.439,12,27,.444,10,16,.625,8,27,35,14,12,9,12,24,94,,,Team Totals,240,.528,.512,.329,.195,19.5,69.2,43.8,38.9,13.4,18.0,11.9,100.0,105.1,111.8,
https://www.basketball-reference.com/boxscores/201701100SAC.html,"10:30 PM, January 10, 2017",Sacramento Kings,Detroit Pistons,100,94,SAC,,,Team Totals,240,32,73,.438,13,23,.565,23,29,.793,12,33,45,21,6,3,17,17,100,,,Team Totals,240,.583,.527,.315,.397,30.8,80.5,56.3,65.6,6.7,5.5,16.5,100.0,111.8,105.1,
https://www.basketball-reference.com/boxscores/201701100SAS.html,"8:30 PM, January 10, 2017",San Antonio Spurs,Milwaukee Bucks,107,109,MIL,,,Team Totals,240,44,84,.524,10,19,.526,11,13,.846,11,27,38,32,8,6,12,18,109,,,Team Totals,240,.607,.583,.226,.155,28.2,67.5,48.1,72.7,8.8,10.3,11.8,100.0,120.0,117.8,
https://www.basketball-reference.com/boxscores/201701100SAS.html,"8:30 PM, January 10, 2017",San Antonio Spurs,Milwaukee Bucks,107,109,SAS,,,Team Totals,240,42,88,.477,12,30,.400,11,14,.786,13,28,41,22,5,7,15,10,107,,,Team Totals,240,.568,.545,.341,.159,32.5,71.8,51.9,52.4,5.5,10.8,13.7,100.0,117.8,120.0,
https://www.basketball-reference.com/boxscores/201701100TOR.html,"7:30 PM, January 10, 2017",Toronto Raptors,Boston Celtics,114,106,BOS,,,Team Totals,240,40,85,.471,9,27,.333,17,20,.850,6,27,33,21,7,3,15,20,106,,,Team Totals,240,.565,.524,.318,.235,15.4,61.4,39.8,52.5,7.1,4.6,13.8,100.0,107.4,115.5,
https://www.basketball-reference.com/boxscores/201701100TOR.html,"7:30 PM, January 10, 2017",Toronto Raptors,Boston Celtics,114,106,TOR,,,Team Totals,240,41,87,.471,10,22,.455,22,27,.815,17,33,50,17,9,7,18,21,114,,,Team Totals,240,.576,.529,.253,.310,38.6,84.6,60.2,41.5,9.1,12.1,15.4,100.0,115.5,107.4,
https://www.basketball-reference.com/boxscores/201701100UTA.html,"9:00 PM, January 10, 2017",Utah Jazz,Cleveland Cavaliers,100,92,CLE,,,Team Totals,240,31,85,.365,9,31,.290,21,25,.840,13,29,42,15,6,2,18,19,92,,,Team Totals,240,.479,.418,.365,.294,27.1,72.5,47.7,48.4,6.3,4.4,15.8,100.0,95.9,104.2,
https://www.basketball-reference.com/boxscores/201701100UTA.html,"9:00 PM, January 10, 2017",Utah Jazz,Cleveland Cavaliers,100,92,UTA,,,Team Totals,240,38,79,.481,13,34,.382,11,19,.579,11,35,46,22,8,4,20,21,100,,,Team Totals,240,.572,.563,.430,.241,27.5,72.9,52.3,57.9,8.3,7.4,18.6,100.0,104.2,95.9,
https://www.basketball-reference.com/boxscores/201701100WAS.html,"7:00 PM, January 10, 2017",Washington Wizards,Chicago Bulls,101,99,CHI,,,Team Totals,240,35,88,.398,10,27,.370,19,21,.905,12,32,44,19,10,2,18,18,99,,,Team Totals,240,.509,.455,.307,.239,25.5,82.1,51.2,54.3,10.0,3.3,15.6,100.0,99.2,101.2,
https://www.basketball-reference.com/boxscores/201701100WAS.html,"7:00 PM, January 10, 2017",Washington Wizards,Chicago Bulls,101,99,WAS,,,Team Totals,240,42,83,.506,11,22,.500,6,9,.667,7,35,42,24,8,6,21,24,101,,,Team Totals,240,.581,.572,.265,.108,17.9,74.5,48.8,57.1,8.0,9.8,19.5,100.0,101.2,99.2,
https://www.basketball-reference.com/boxscores/201701110BOS.html,"8:00 PM, January 11, 2017",Boston Celtics,Washington Wizards,117,108,WAS,,,Team Totals,240,45,105,.429,10,26,.385,8,12,.667,16,28,44,28,10,3,8,13,108,,,Team Totals,240,.490,.476,.248,.114,31.4,73.7,49.4,62.2,10.4,6.8,6.8,100.0,112.5,121.9,
https://www.basketball-reference.com/boxscores/201701110BOS.html,"8:00 PM, January 11, 2017",Boston Celtics,Washington Wizards,117,108,BOS,,,Team Totals,240,43,85,.506,17,41,.415,14,18,.778,10,35,45,20,5,7,14,10,117,,,Team Totals,240,.630,.606,.482,.212,26.3,68.6,50.6,46.5,5.2,8.9,13.1,100.0,121.9,112.5,
https://www.basketball-reference.com/boxscores/201701110LAC.html,"10:30 PM, January 11, 2017",Los Angeles Clippers,Orlando Magic,105,96,ORL,,,Team Totals,240,39,92,.424,6,27,.222,12,18,.667,6,29,35,21,8,3,13,21,96,,,Team Totals,240,.480,.457,.293,.196,13.0,76.3,41.7,53.8,7.9,6.0,11.5,100.0,94.7,103.5,
https://www.basketball-reference.com/boxscores/201701110LAC.html,"10:30 PM, January 11, 2017",Los Angeles Clippers,Orlando Magic,105,96,LAC,,,Team Totals,240,39,76,.513,9,26,.346,18,26,.692,9,40,49,23,11,5,21,20,105,,,Team Totals,240,.600,.572,.342,.342,23.7,87.0,58.3,59.0,10.8,7.7,19.4,100.0,103.5,94.7,
https://www.basketball-reference.com/boxscores/201701110MIN.html,"8:00 PM, January 11, 2017",Minnesota Timberwolves,Houston Rockets,119,105,HOU,,,Team Totals,240,36,87,.414,15,42,.357,18,22,.818,7,25,32,23,7,4,16,23,105,,,Team Totals,240,.543,.500,.483,.253,14.9,73.5,39.5,63.9,6.9,6.9,14.2,100.0,103.9,117.7,
https://www.basketball-reference.com/boxscores/201701110MIN.html,"8:00 PM, January 11, 2017",Minnesota Timberwolves,Houston Rockets,119,105,MIN,,,Team Totals,240,44,81,.543,8,23,.348,23,25,.920,9,40,49,31,8,9,18,19,119,,,Team Totals,240,.647,.593,.284,.309,26.5,85.1,60.5,70.5,7.9,20.0,16.4,100.0,117.7,103.9,
https://www.basketball-reference.com/boxscores/201701110OKC.html,"8:00 PM, January 11, 2017",Oklahoma City Thunder,Memphis Grizzlies,103,95,MEM,,,Team Totals,240,38,92,.413,7,24,.292,12,21,.571,13,26,39,18,11,5,10,26,95,,,Team Totals,240,.469,.451,.261,.228,23.6,70.3,42.4,47.4,11.5,9.1,9.0,100.0,99.5,107.8,
https://www.basketball-reference.com/boxscores/201701110OKC.html,"8:00 PM, January 11, 2017",Oklahoma City Thunder,Memphis Grizzlies,103,95,OKC,,,Team Totals,240,36,81,.444,8,26,.308,23,29,.793,11,42,53,21,5,4,16,18,103,,,Team Totals,240,.549,.494,.321,.358,29.7,76.4,57.6,58.3,5.2,5.9,14.6,100.0,107.8,99.5,
https://www.basketball-reference.com/boxscores/201701110PHI.html,"7:00 PM, January 11, 2017",Philadelphia 76ers,New York Knicks,98,97,NYK,,,Team Totals,240,42,86,.488,4,22,.182,9,10,.900,8,32,40,20,7,8,15,22,97,,,Team Totals,240,.537,.512,.256,.116,21.6,64.0,46.0,47.6,7.4,11.9,14.2,100.0,102.2,103.2,
https://www.basketball-reference.com/boxscores/201701110PHI.html,"7:00 PM, January 11, 2017",Philadelphia 76ers,New York Knicks,98,97,PHI,,,Team Totals,240,37,95,.389,7,28,.250,17,21,.810,18,29,47,27,7,1,14,12,98,,,Team Totals,240,.470,.426,.295,.221,36.0,78.4,54.0,73.0,7.4,1.6,11.8,100.0,103.2,102.2,
https://www.basketball-reference.com/boxscores/201701110POR.html,"10:30 PM, January 11, 2017",Portland Trail Blazers,Cleveland Cavaliers,102,86,CLE,,,Team Totals,240,28,82,.341,9,30,.300,21,28,.750,13,35,48,14,5,4,16,20,86,,,Team Totals,240,.456,.396,.366,.341,25.5,72.9,48.5,50.0,5.2,6.3,14.5,100.0,90.3,107.1,
https://www.basketball-reference.com/boxscores/201701110POR.html,"10:30 PM, January 11, 2017",Portland Trail Blazers,Cleveland Cavaliers,102,86,POR,,,Team Totals,240,40,93,.430,10,30,.333,12,16,.750,13,38,51,29,6,9,12,17,102,,,Team Totals,240,.510,.484,.323,.172,27.1,74.5,51.5,72.5,6.3,17.3,10.7,100.0,107.1,90.3,
https://www.basketball-reference.com/boxscores/201701120BRK.html,"7:30 PM, January 12, 2017",Brooklyn Nets,New Orleans Pelicans,95,104,NOP,,,Team Totals,240,38,90,.422,11,32,.344,17,25,.680,9,41,50,16,12,4,17,16,104,,,Team Totals,240,.515,.483,.356,.278,17.3,85.4,50.0,42.1,11.1,7.3,14.4,100.0,96.4,88.0,
https://www.basketball-reference.com/boxscores/201701120BRK.html,"7:30 PM, January 12, 2017",Brooklyn Nets,New Orleans Pelicans,95,104,BRK,,,Team Totals,240,40,97,.412,9,42,.214,6,11,.545,7,43,50,22,10,6,16,20,95,,,Team Totals,240,.466,.459,.433,.113,14.6,82.7,50.0,55.0,9.3,10.3,13.6,100.0,88.0,96.4,
https://www.basketball-reference.com/boxscores/201701120DEN.html,"3:00 PM, January 12, 2017",Denver Nuggets,Indiana Pacers,140,112,IND,,,Team Totals,240,44,94,.468,12,29,.414,12,13,.923,12,22,34,26,9,4,16,15,112,,,Team Totals,240,.562,.532,.309,.138,25.5,64.7,42.0,59.1,8.9,6.9,13.8,100.0,111.2,139.0,
https://www.basketball-reference.com/boxscores/201701120DEN.html,"3:00 PM, January 12, 2017",Denver Nuggets,Indiana Pacers,140,112,DEN,,,Team Totals,240,52,90,.578,15,32,.469,21,23,.913,12,35,47,37,10,5,15,16,140,,,Team Totals,240,.699,.661,.356,.256,35.3,74.5,58.0,71.2,9.9,7.7,13.0,100.0,139.0,111.2,
https://www.basketball-reference.com/boxscores/201701120GSW.html,"10:30 PM, January 12, 2017",Golden State Warriors,Detroit Pistons,127,107,DET,,,Team Totals,240,43,88,.489,6,28,.214,15,20,.750,9,31,40,20,10,4,20,19,107,,,Team Totals,240,.553,.523,.318,.227,22.5,83.8,51.9,46.5,9.4,6.7,17.1,100.0,100.7,119.5,
https://www.basketball-reference.com/boxscores/201701120GSW.html,"10:30 PM, January 12, 2017",Golden State Warriors,Detroit Pistons,127,107,GSW,,,Team Totals,240,50,89,.562,15,29,.517,12,18,.667,6,31,37,39,14,4,18,14,127,,,Team Totals,240,.655,.646,.326,.202,16.2,77.5,48.1,78.0,13.2,6.7,15.7,100.0,119.5,100.7,
https://www.basketball-reference.com/boxscores/201701120NYK.html,"8:00 PM, January 12, 2017",New York Knicks,Chicago Bulls,104,89,CHI,,,Team Totals,240,35,89,.393,3,18,.167,16,21,.762,14,29,43,20,5,4,13,12,89,,,Team Totals,240,.453,.410,.202,.236,31.1,63.0,47.3,57.1,5.5,5.8,11.7,100.0,97.9,114.4,
https://www.basketball-reference.com/boxscores/201701120NYK.html,"8:00 PM, January 12, 2017",New York Knicks,Chicago Bulls,104,89,NYK,,,Team Totals,240,44,92,.478,7,23,.304,9,11,.818,17,31,48,21,3,7,12,17,104,,,Team Totals,240,.537,.516,.250,.120,37.0,68.9,52.7,47.7,3.3,9.9,11.0,100.0,114.4,97.9,
https://www.basketball-reference.com/boxscores/201701120PHO.html,"10:00 PM, January 12, 2017",Phoenix Suns,Dallas Mavericks,108,113,DAL,,,Team Totals,240,43,89,.483,15,34,.441,12,17,.706,8,24,32,29,11,7,10,20,113,,,Team Totals,240,.586,.567,.382,.191,19.0,64.9,40.5,67.4,11.6,11.7,9.4,100.0,118.8,113.6,
https://www.basketball-reference.com/boxscores/201701120PHO.html,"10:00 PM, January 12, 2017",Phoenix Suns,Dallas Mavericks,108,113,PHO,,,Team Totals,240,38,78,.487,10,18,.556,22,27,.815,13,34,47,15,2,4,20,23,108,,,Team Totals,240,.601,.551,.231,.346,35.1,81.0,59.5,39.5,2.1,7.3,18.2,100.0,113.6,118.8,
https://www.basketball-reference.com/boxscores/201701120SAS.html,"8:30 PM, January 12, 2017",San Antonio Spurs,Los Angeles Lakers,134,94,LAL,,,Team Totals,240,35,85,.412,6,20,.300,18,25,.720,9,20,29,23,6,3,9,25,94,,,Team Totals,240,.490,.447,.235,.294,18.8,74.1,38.7,65.7,6.3,5.0,8.6,100.0,99.1,141.3,
https://www.basketball-reference.com/boxscores/201701120SAS.html,"8:30 PM, January 12, 2017",San Antonio Spurs,Los Angeles Lakers,134,94,SAS,,,Team Totals,240,49,81,.605,10,21,.476,26,29,.897,7,39,46,32,5,5,12,20,134,,,Team Totals,240,.715,.667,.259,.358,25.9,81.3,61.3,65.3,5.3,7.7,11.3,100.0,141.3,99.1,
https://www.basketball-reference.com/boxscores/201701130ATL.html,"8:00 PM, January 13, 2017",Atlanta Hawks,Boston Celtics,101,103,BOS,,,Team Totals,240,36,83,.434,17,44,.386,14,19,.737,9,34,43,22,7,3,12,16,103,,,Team Totals,240,.564,.536,.530,.229,22.5,73.9,50.0,61.1,7.7,5.6,11.6,100.0,113.0,110.8,
https://www.basketball-reference.com/boxscores/201701130ATL.html,"8:00 PM, January 13, 2017",Atlanta Hawks,Boston Celtics,101,103,ATL,,,Team Totals,240,36,84,.429,11,30,.367,18,21,.857,12,31,43,22,5,5,12,17,101,,,Team Totals,240,.542,.494,.357,.250,26.1,77.5,50.0,61.1,5.5,12.8,11.4,100.0,110.8,113.0,
https://www.basketball-reference.com/boxscores/201701130HOU.html,"8:00 PM, January 13, 2017",Houston Rockets,Memphis Grizzlies,105,110,MEM,,,Team Totals,240,41,76,.539,10,27,.370,18,27,.667,8,37,45,25,8,3,22,29,110,,,Team Totals,240,.626,.605,.355,.355,27.6,78.7,59.2,61.0,8.2,7.3,20.0,100.0,112.4,107.3,
https://www.basketball-reference.com/boxscores/201701130HOU.html,"8:00 PM, January 13, 2017",Houston Rockets,Memphis Grizzlies,105,110,HOU,,,Team Totals,240,33,82,.402,10,41,.244,29,36,.806,10,21,31,19,9,2,12,20,105,,,Team Totals,240,.537,.463,.500,.439,21.3,72.4,40.8,57.6,9.2,4.1,10.9,100.0,107.3,112.4,
https://www.basketball-reference.com/boxscores/201701130MIL.html,"8:00 PM, January 13, 2017",Milwaukee Bucks,Miami Heat,116,108,MIA,,,Team Totals,240,41,83,.494,12,32,.375,14,18,.778,4,23,27,33,6,8,8,21,108,,,Team Totals,240,.594,.566,.386,.217,10.8,63.9,37.0,80.5,6.5,12.3,8.1,100.0,117.8,126.6,
https://www.basketball-reference.com/boxscores/201701130MIL.html,"8:00 PM, January 13, 2017",Milwaukee Bucks,Miami Heat,116,108,MIL,,,Team Totals,240,40,80,.500,9,15,.600,27,31,.871,13,33,46,28,8,6,13,18,116,,,Team Totals,240,.619,.556,.188,.388,36.1,89.2,63.0,70.0,8.7,11.8,12.2,100.0,126.6,117.8,
https://www.basketball-reference.com/boxscores/201701130MIN.html,"8:00 PM, January 13, 2017",Minnesota Timberwolves,Oklahoma City Thunder,96,86,OKC,,,Team Totals,240,33,85,.388,3,20,.150,17,21,.810,16,31,47,19,10,2,19,21,86,,,Team Totals,240,.456,.406,.235,.247,32.7,77.5,52.8,57.6,10.5,2.9,16.8,100.0,90.3,100.8,
https://www.basketball-reference.com/boxscores/201701130MIN.html,"8:00 PM, January 13, 2017",Minnesota Timberwolves,Oklahoma City Thunder,96,86,MIN,,,Team Totals,240,39,86,.453,5,18,.278,13,14,.929,9,33,42,21,11,6,16,22,96,,,Team Totals,240,.521,.483,.209,.163,22.5,67.3,47.2,53.8,11.5,9.2,14.8,100.0,100.8,90.3,
https://www.basketball-reference.com/boxscores/201701130PHI.html,"7:00 PM, January 13, 2017",Philadelphia 76ers,Charlotte Hornets,102,93,CHO,,,Team Totals,240,28,85,.329,6,23,.261,31,32,.969,16,25,41,11,12,2,19,19,93,,,Team Totals,240,.469,.365,.271,.376,36.4,71.4,51.9,39.3,12.7,5.3,16.1,100.0,98.2,107.7,
https://www.basketball-reference.com/boxscores/201701130PHI.html,"7:00 PM, January 13, 2017",Philadelphia 76ers,Charlotte Hornets,102,93,PHI,,,Team Totals,240,36,76,.474,14,38,.368,16,20,.800,10,28,38,26,12,9,23,27,102,,,Team Totals,240,.601,.566,.500,.263,28.6,63.6,48.1,72.2,12.7,14.5,21.3,100.0,107.7,98.2,
https://www.basketball-reference.com/boxscores/201701130POR.html,"10:00 PM, January 13, 2017",Portland Trail Blazers,Orlando Magic,109,115,ORL,,,Team Totals,240,41,83,.494,10,18,.556,23,26,.885,9,36,45,21,5,5,15,19,115,,,Team Totals,240,.609,.554,.217,.313,22.5,75.0,51.1,51.2,5.0,7.9,13.7,100.0,115.1,109.1,
https://www.basketball-reference.com/boxscores/201701130POR.html,"10:00 PM, January 13, 2017",Portland Trail Blazers,Orlando Magic,109,115,POR,,,Team Totals,240,39,97,.402,10,34,.294,21,25,.840,12,31,43,19,6,9,10,20,109,,,Team Totals,240,.505,.454,.351,.258,25.0,77.5,48.9,48.7,6.0,13.8,8.5,100.0,109.1,115.1,
https://www.basketball-reference.com/boxscores/201701130SAC.html,"10:30 PM, January 13, 2017",Sacramento Kings,Cleveland Cavaliers,108,120,CLE,,,Team Totals,240,44,87,.506,15,37,.405,17,22,.773,10,29,39,27,11,3,12,20,120,,,Team Totals,240,.621,.592,.425,.253,24.4,72.5,48.1,61.4,11.3,5.5,11.0,100.0,123.7,111.3,
https://www.basketball-reference.com/boxscores/201701130SAC.html,"10:30 PM, January 13, 2017",Sacramento Kings,Cleveland Cavaliers,108,120,SAC,,,Team Totals,240,42,80,.525,9,25,.360,15,19,.789,11,31,42,23,7,5,21,22,108,,,Team Totals,240,.611,.581,.313,.238,27.5,75.6,51.9,54.8,7.2,10.0,19.2,100.0,111.3,123.7,
https://www.basketball-reference.com/boxscores/201701130TOR.html,"7:30 PM, January 13, 2017",Toronto Raptors,Brooklyn Nets,132,113,BRK,,,Team Totals,240,40,86,.465,17,36,.472,16,20,.800,4,31,35,26,5,1,12,16,113,,,Team Totals,240,.596,.564,.419,.233,10.0,70.5,41.7,65.0,5.0,1.4,11.2,100.0,112.9,131.8,
https://www.basketball-reference.com/boxscores/201701130TOR.html,"7:30 PM, January 13, 2017",Toronto Raptors,Brooklyn Nets,132,113,TOR,,,Team Totals,240,52,97,.536,11,28,.393,17,21,.810,13,36,49,21,7,9,8,17,132,,,Team Totals,240,.621,.593,.289,.216,29.5,90.0,58.3,40.4,7.0,18.0,7.0,100.0,131.8,112.9,
https://www.basketball-reference.com/boxscores/201701130UTA.html,"10:30 PM, January 13, 2017",Utah Jazz,Detroit Pistons,110,77,DET,,,Team Totals,240,30,76,.395,6,17,.353,11,16,.688,3,32,35,15,5,4,13,16,77,,,Team Totals,240,.464,.434,.224,.211,7.0,82.1,42.7,50.0,5.5,8.2,13.5,100.0,84.1,120.2,
https://www.basketball-reference.com/boxscores/201701130UTA.html,"10:30 PM, January 13, 2017",Utah Jazz,Detroit Pistons,110,77,UTA,,,Team Totals,240,43,80,.538,16,31,.516,8,13,.615,7,40,47,22,10,6,13,14,110,,,Team Totals,240,.642,.638,.388,.163,17.9,93.0,57.3,51.2,10.9,10.2,13.2,100.0,120.2,84.1,
https://www.basketball-reference.com/boxscores/201701140CHI.html,"5:00 PM, January 14, 2017",Chicago Bulls,New Orleans Pelicans,107,99,NOP,,,Team Totals,240,39,84,.464,7,23,.304,14,21,.667,6,36,42,27,3,6,11,19,99,,,Team Totals,240,.531,.506,.274,.250,12.5,63.2,40.0,69.2,3.1,7.4,10.6,100.0,101.7,109.9,
https://www.basketball-reference.com/boxscores/201701140CHI.html,"5:00 PM, January 14, 2017",Chicago Bulls,New Orleans Pelicans,107,99,CHI,,,Team Totals,240,43,101,.426,8,20,.400,13,23,.565,21,42,63,22,10,6,10,20,107,,,Team Totals,240,.481,.465,.198,.228,36.8,87.5,60.0,51.2,10.3,9.8,8.3,100.0,109.9,101.7,
https://www.basketball-reference.com/boxscores/201701140LAC.html,"3:30 PM, January 14, 2017",Los Angeles Clippers,Los Angeles Lakers,113,97,LAL,,,Team Totals,240,36,80,.450,10,21,.476,15,27,.556,6,34,40,21,3,2,15,20,97,,,Team Totals,240,.528,.513,.263,.338,14.6,82.9,48.8,58.3,3.1,3.1,14.0,100.0,100.0,116.5,
https://www.basketball-reference.com/boxscores/201701140LAC.html,"3:30 PM, January 14, 2017",Los Angeles Clippers,Los Angeles Lakers,113,97,LAC,,,Team Totals,240,48,92,.522,10,28,.357,7,8,.875,7,35,42,28,6,6,8,24,113,,,Team Totals,240,.591,.576,.304,.087,17.1,85.4,51.2,58.3,6.2,10.2,7.7,100.0,116.5,100.0,
https://www.basketball-reference.com/boxscores/201701140PHO.html,"6:00 PM, January 14, 2017",Phoenix Suns,San Antonio Spurs,108,105,SAS,,,Team Totals,240,36,71,.507,9,20,.450,24,34,.706,6,27,33,15,8,1,16,18,105,,,Team Totals,240,.611,.570,.282,.479,16.7,64.3,42.3,41.7,8.6,1.6,15.7,100.0,112.7,115.9,
https://www.basketball-reference.com/boxscores/201701140PHO.html,"6:00 PM, January 14, 2017",Phoenix Suns,San Antonio Spurs,108,105,PHO,,,Team Totals,240,39,85,.459,8,21,.381,22,24,.917,15,30,45,18,10,0,15,30,108,,,Team Totals,240,.565,.506,.247,.282,35.7,83.3,57.7,46.2,10.7,0.0,13.6,100.0,115.9,112.7,
https://www.basketball-reference.com/boxscores/201701140UTA.html,"9:00 PM, January 14, 2017",Utah Jazz,Orlando Magic,114,107,ORL,,,Team Totals,240,38,82,.463,12,34,.353,19,27,.704,7,33,40,23,10,2,15,28,107,,,Team Totals,240,.570,.537,.415,.329,16.7,78.6,47.6,60.5,10.0,3.5,13.8,100.0,106.6,113.6,
https://www.basketball-reference.com/boxscores/201701140UTA.html,"9:00 PM, January 14, 2017",Utah Jazz,Orlando Magic,114,107,UTA,,,Team Totals,240,41,83,.494,7,26,.269,25,36,.694,9,35,44,28,6,2,13,20,114,,,Team Totals,240,.577,.536,.313,.434,21.4,83.3,52.4,68.3,6.0,4.2,11.6,100.0,113.6,106.6,
https://www.basketball-reference.com/boxscores/201701140WAS.html,"8:00 PM, January 14, 2017",Washington Wizards,Philadelphia 76ers,109,93,PHI,,,Team Totals,240,36,87,.414,10,31,.323,11,21,.524,15,34,49,20,6,2,16,19,93,,,Team Totals,240,.483,.471,.356,.241,28.3,73.9,49.5,55.6,6.2,2.7,14.3,100.0,96.9,113.5,
https://www.basketball-reference.com/boxscores/201701140WAS.html,"8:00 PM, January 14, 2017",Washington Wizards,Philadelphia 76ers,109,93,WAS,,,Team Totals,240,44,91,.484,8,17,.471,13,18,.722,12,38,50,18,9,2,11,18,109,,,Team Totals,240,.551,.527,.187,.198,26.1,71.7,50.5,40.9,9.4,3.6,10.0,100.0,113.5,96.9,
https://www.basketball-reference.com/boxscores/201701150ATL.html,"3:00 PM, January 15, 2017",Atlanta Hawks,Milwaukee Bucks,111,98,MIL,,,Team Totals,240,39,79,.494,6,19,.316,14,18,.778,13,23,36,25,11,4,17,25,98,,,Team Totals,240,.564,.532,.241,.228,36.1,62.2,49.3,64.1,12.3,7.4,16.4,100.0,109.8,124.3,
https://www.basketball-reference.com/boxscores/201701150ATL.html,"3:00 PM, January 15, 2017",Atlanta Hawks,Milwaukee Bucks,111,98,ATL,,,Team Totals,240,42,80,.525,13,26,.500,14,18,.778,14,23,37,29,9,4,19,20,111,,,Team Totals,240,.631,.606,.325,.225,37.8,63.9,50.7,69.0,10.1,6.7,17.8,100.0,124.3,109.8,
https://www.basketball-reference.com/boxscores/201701150BRK.html,"6:00 PM, January 15, 2017",Brooklyn Nets,Houston Rockets,112,137,HOU,,,Team Totals,240,46,92,.500,21,44,.477,24,32,.750,13,39,52,30,9,3,14,21,137,,,Team Totals,240,.646,.614,.478,.348,31.0,81.3,57.8,65.2,8.5,6.1,11.7,100.0,129.4,105.8,
https://www.basketball-reference.com/boxscores/201701150BRK.html,"6:00 PM, January 15, 2017",Brooklyn Nets,Houston Rockets,112,137,BRK,,,Team Totals,240,41,93,.441,15,44,.341,15,19,.789,9,29,38,29,9,5,18,25,112,,,Team Totals,240,.552,.522,.473,.204,18.8,69.0,42.2,70.7,8.5,10.4,15.1,100.0,105.8,129.4,
https://www.basketball-reference.com/boxscores/201701150DAL.html,"2:00 PM, January 15, 2017",Dallas Mavericks,Minnesota Timberwolves,98,87,MIN,,,Team Totals,240,35,80,.438,5,21,.238,12,18,.667,10,34,44,20,7,1,12,16,87,,,Team Totals,240,.495,.469,.263,.225,22.2,85.0,51.8,57.1,7.9,2.1,12.0,100.0,98.0,110.4,
https://www.basketball-reference.com/boxscores/201701150DAL.html,"2:00 PM, January 15, 2017",Dallas Mavericks,Minnesota Timberwolves,98,87,DAL,,,Team Totals,240,36,77,.468,12,29,.414,14,19,.737,6,35,41,21,8,8,11,18,98,,,Team Totals,240,.574,.545,.377,.247,15.0,77.8,48.2,58.3,9.0,13.6,11.4,100.0,110.4,98.0,
https://www.basketball-reference.com/boxscores/201701150LAL.html,"9:30 PM, January 15, 2017",Los Angeles Lakers,Detroit Pistons,97,102,DET,,,Team Totals,240,41,95,.432,9,25,.360,11,16,.688,10,36,46,24,6,6,7,22,102,,,Team Totals,240,.500,.479,.263,.168,19.6,80.0,47.9,58.5,6.2,10.5,6.4,100.0,104.8,99.7,
https://www.basketball-reference.com/boxscores/201701150LAL.html,"9:30 PM, January 15, 2017",Los Angeles Lakers,Detroit Pistons,97,102,LAL,,,Team Totals,240,36,83,.434,6,26,.231,19,24,.792,9,41,50,19,2,4,15,18,97,,,Team Totals,240,.518,.470,.313,.289,20.0,80.4,52.1,52.8,2.1,5.7,13.8,100.0,99.7,104.8,
https://www.basketball-reference.com/boxscores/201701150MEM.html,"9:00 PM, January 15, 2017",Memphis Grizzlies,Chicago Bulls,104,108,CHI,,,Team Totals,240,40,78,.513,4,17,.235,24,35,.686,6,41,47,18,8,5,12,14,108,,,Team Totals,240,.578,.538,.218,.449,14.0,75.9,48.5,45.0,8.2,7.9,11.4,100.0,111.1,107.0,
https://www.basketball-reference.com/boxscores/201701150MEM.html,"9:00 PM, January 15, 2017",Memphis Grizzlies,Chicago Bulls,104,108,MEM,,,Team Totals,240,40,95,.421,11,32,.344,13,13,1.000,13,37,50,24,6,3,10,22,104,,,Team Totals,240,.516,.479,.337,.137,24.1,86.0,51.5,60.0,6.2,4.9,9.0,100.0,107.0,111.1,
https://www.basketball-reference.com/boxscores/201701150SAC.html,"9:00 PM, January 15, 2017",Sacramento Kings,Oklahoma City Thunder,118,122,OKC,,,Team Totals,240,40,90,.444,9,28,.321,33,41,.805,17,27,44,20,14,4,19,28,122,,,Team Totals,240,.565,.494,.311,.456,36.2,65.9,50.0,50.0,13.4,7.1,15.0,100.0,116.8,112.9,
https://www.basketball-reference.com/boxscores/201701150SAC.html,"9:00 PM, January 15, 2017",Sacramento Kings,Oklahoma City Thunder,118,122,SAC,,,Team Totals,240,37,81,.457,9,25,.360,35,40,.875,14,30,44,24,13,6,22,29,118,,,Team Totals,240,.598,.512,.309,.494,34.1,63.8,50.0,64.9,12.4,9.7,18.2,100.0,112.9,116.8,
https://www.basketball-reference.com/boxscores/201701150TOR.html,"3:00 PM, January 15, 2017",Toronto Raptors,New York Knicks,116,101,NYK,,,Team Totals,240,35,84,.417,12,29,.414,19,27,.704,11,30,41,21,7,7,16,16,101,,,Team Totals,240,.527,.488,.345,.321,25.6,75.0,49.4,60.0,7.2,10.4,14.3,100.0,103.8,119.2,
https://www.basketball-reference.com/boxscores/201701150TOR.html,"3:00 PM, January 15, 2017",Toronto Raptors,New York Knicks,116,101,TOR,,,Team Totals,240,44,89,.494,8,22,.364,20,23,.870,10,32,42,21,9,4,11,20,116,,,Team Totals,240,.585,.539,.247,.258,25.0,74.4,50.6,47.7,9.3,7.3,10.0,100.0,119.2,103.8,
https://www.basketball-reference.com/boxscores/201701160BOS.html,"7:30 PM, January 16, 2017",Boston Celtics,Charlotte Hornets,108,98,CHO,,,Team Totals,240,38,86,.442,8,25,.320,14,17,.824,10,32,42,25,4,4,11,15,98,,,Team Totals,240,.524,.488,.291,.198,21.7,80.0,48.8,65.8,4.4,8.9,10.5,100.0,106.7,117.6,
https://www.basketball-reference.com/boxscores/201701160BOS.html,"7:30 PM, January 16, 2017",Boston Celtics,Charlotte Hornets,108,98,BOS,,,Team Totals,240,42,84,.500,15,39,.385,9,10,.900,8,36,44,29,6,3,12,11,108,,,Team Totals,240,.611,.589,.464,.119,20.0,78.3,51.2,69.0,6.5,4.9,12.0,100.0,117.6,106.7,
https://www.basketball-reference.com/boxscores/201701160DEN.html,"5:00 PM, January 16, 2017",Denver Nuggets,Orlando Magic,125,112,ORL,,,Team Totals,240,45,88,.511,8,25,.320,14,18,.778,7,27,34,28,6,1,14,10,112,,,Team Totals,240,.584,.557,.284,.205,18.9,75.0,46.6,62.2,6.0,1.6,12.7,100.0,111.7,124.6,
https://www.basketball-reference.com/boxscores/201701160DEN.html,"5:00 PM, January 16, 2017",Denver Nuggets,Orlando Magic,125,112,DEN,,,Team Totals,240,52,89,.584,9,27,.333,12,15,.800,9,30,39,33,11,3,15,17,125,,,Team Totals,240,.654,.635,.303,.169,25.0,81.1,53.4,63.5,11.0,4.8,13.6,100.0,124.6,111.7,
https://www.basketball-reference.com/boxscores/201701160GSW.html,"8:00 PM, January 16, 2017",Golden State Warriors,Cleveland Cavaliers,126,91,CLE,,,Team Totals,240,31,88,.352,9,34,.265,20,27,.741,7,28,35,11,7,4,15,21,91,,,Team Totals,240,.456,.403,.386,.307,13.0,71.8,37.6,35.5,6.7,7.0,13.1,100.0,86.7,120.0,
https://www.basketball-reference.com/boxscores/201701160GSW.html,"8:00 PM, January 16, 2017",Golden State Warriors,Cleveland Cavaliers,126,91,GSW,,,Team Totals,240,46,91,.505,15,34,.441,19,24,.792,11,47,58,37,10,11,17,22,126,,,Team Totals,240,.620,.588,.374,.264,28.2,87.0,62.4,80.4,9.5,20.4,14.3,100.0,120.0,86.7,
https://www.basketball-reference.com/boxscores/201701160IND.html,"4:00 PM, January 16, 2017",Indiana Pacers,New Orleans Pelicans,98,95,NOP,,,Team Totals,240,36,83,.434,10,25,.400,13,18,.722,8,30,38,18,7,6,14,17,95,,,Team Totals,240,.522,.494,.301,.217,16.7,85.7,45.8,50.0,7.2,9.7,13.3,100.0,98.4,101.5,
https://www.basketball-reference.com/boxscores/201701160IND.html,"4:00 PM, January 16, 2017",Indiana Pacers,New Orleans Pelicans,98,95,IND,,,Team Totals,240,41,81,.506,5,19,.263,11,16,.688,5,40,45,26,11,6,16,18,98,,,Team Totals,240,.557,.537,.235,.198,14.3,83.3,54.2,63.4,11.4,10.3,15.4,100.0,101.5,98.4,
https://www.basketball-reference.com/boxscores/201701160LAC.html,"10:30 PM, January 16, 2017",Los Angeles Clippers,Oklahoma City Thunder,120,98,OKC,,,Team Totals,240,36,85,.424,10,30,.333,16,19,.842,9,27,36,18,10,4,15,15,98,,,Team Totals,240,.525,.482,.353,.224,19.6,73.0,43.4,50.0,10.3,7.4,13.8,100.0,101.3,124.1,
https://www.basketball-reference.com/boxscores/201701160LAC.html,"10:30 PM, January 16, 2017",Los Angeles Clippers,Oklahoma City Thunder,120,98,LAC,,,Team Totals,240,45,82,.549,12,28,.429,18,22,.818,10,37,47,27,9,5,16,15,120,,,Team Totals,240,.654,.622,.341,.268,27.0,80.4,56.6,60.0,9.3,9.1,14.9,100.0,124.1,101.3,
https://www.basketball-reference.com/boxscores/201701160MIL.html,"3:30 PM, January 16, 2017",Milwaukee Bucks,Philadelphia 76ers,104,113,PHI,,,Team Totals,240,35,78,.449,14,37,.378,29,36,.806,13,38,51,25,8,9,19,23,113,,,Team Totals,240,.602,.538,.474,.462,31.7,79.2,57.3,71.4,8.1,12.0,16.8,100.0,114.6,105.5,
https://www.basketball-reference.com/boxscores/201701160MIL.html,"3:30 PM, January 16, 2017",Milwaukee Bucks,Philadelphia 76ers,104,113,MIL,,,Team Totals,240,42,89,.472,5,14,.357,15,22,.682,10,28,38,23,8,5,13,23,104,,,Team Totals,240,.527,.500,.157,.247,20.8,68.3,42.7,54.8,8.1,12.2,11.6,100.0,105.5,114.6,
https://www.basketball-reference.com/boxscores/201701160NYK.html,"1:00 PM, January 16, 2017",New York Knicks,Atlanta Hawks,107,108,ATL,,,Team Totals,240,40,87,.460,12,32,.375,16,23,.696,8,28,36,26,11,3,10,15,108,,,Team Totals,240,.556,.529,.368,.264,17.4,65.1,40.4,65.0,11.4,5.1,9.3,100.0,111.6,110.5,
https://www.basketball-reference.com/boxscores/201701160NYK.html,"1:00 PM, January 16, 2017",New York Knicks,Atlanta Hawks,107,108,NYK,,,Team Totals,240,42,85,.494,8,26,.308,15,23,.652,15,38,53,21,8,3,18,22,107,,,Team Totals,240,.562,.541,.306,.271,34.9,82.6,59.6,50.0,8.3,5.5,15.9,100.0,110.5,111.6,
https://www.basketball-reference.com/boxscores/201701160PHO.html,"9:00 PM, January 16, 2017",Phoenix Suns,Utah Jazz,101,106,UTA,,,Team Totals,240,41,89,.461,8,23,.348,16,24,.667,14,32,46,22,4,6,8,16,106,,,Team Totals,240,.532,.506,.258,.270,29.8,84.2,54.1,53.7,4.4,10.2,7.4,100.0,116.4,110.9,
https://www.basketball-reference.com/boxscores/201701160PHO.html,"9:00 PM, January 16, 2017",Phoenix Suns,Utah Jazz,101,106,PHO,,,Team Totals,240,40,81,.494,5,22,.227,16,17,.941,6,33,39,13,4,5,10,21,101,,,Team Totals,240,.571,.525,.272,.210,15.8,70.2,45.9,32.5,4.4,7.6,10.2,100.0,110.9,116.4,
https://www.basketball-reference.com/boxscores/201701160WAS.html,"2:00 PM, January 16, 2017",Washington Wizards,Portland Trail Blazers,120,101,POR,,,Team Totals,240,37,88,.420,8,26,.308,19,25,.760,14,31,45,22,6,5,15,20,101,,,Team Totals,240,.510,.466,.295,.284,26.4,72.1,46.9,59.5,6.2,7.9,13.2,100.0,104.4,124.1,
https://www.basketball-reference.com/boxscores/201701160WAS.html,"2:00 PM, January 16, 2017",Washington Wizards,Portland Trail Blazers,120,101,WAS,,,Team Totals,240,42,86,.488,13,23,.565,23,25,.920,12,39,51,26,10,5,12,18,120,,,Team Totals,240,.619,.564,.267,.291,27.9,73.6,53.1,61.9,10.3,8.1,11.0,100.0,124.1,104.4,
https://www.basketball-reference.com/boxscores/201701170BRK.html,"7:30 PM, January 17, 2017",Brooklyn Nets,Toronto Raptors,109,119,TOR,,,Team Totals,240,48,92,.522,10,19,.526,13,16,.813,10,34,44,18,8,6,10,19,119,,,Team Totals,240,.601,.576,.207,.174,25.0,75.6,51.8,37.5,8.2,9.5,9.2,100.0,121.8,111.6,
https://www.basketball-reference.com/boxscores/201701170BRK.html,"7:30 PM, January 17, 2017",Brooklyn Nets,Toronto Raptors,109,119,BRK,,,Team Totals,240,40,89,.449,7,26,.269,22,24,.917,11,30,41,20,7,6,13,19,109,,,Team Totals,240,.547,.489,.292,.270,24.4,75.0,48.2,50.0,7.2,8.2,11.5,100.0,111.6,121.8,
https://www.basketball-reference.com/boxscores/201701170CHI.html,"8:00 PM, January 17, 2017",Chicago Bulls,Dallas Mavericks,98,99,DAL,,,Team Totals,240,37,78,.474,11,28,.393,14,18,.778,6,30,36,27,5,2,12,21,99,,,Team Totals,240,.576,.545,.359,.231,15.8,73.2,45.6,73.0,5.5,2.9,12.3,100.0,109.3,108.2,
https://www.basketball-reference.com/boxscores/201701170CHI.html,"8:00 PM, January 17, 2017",Chicago Bulls,Dallas Mavericks,98,99,CHI,,,Team Totals,240,37,82,.451,6,14,.429,18,22,.818,11,32,43,23,6,3,13,22,98,,,Team Totals,240,.534,.488,.171,.268,26.8,84.2,54.4,62.2,6.6,6.0,12.4,100.0,108.2,109.3,
https://www.basketball-reference.com/boxscores/201701170LAL.html,"10:30 PM, January 17, 2017",Los Angeles Lakers,Denver Nuggets,121,127,DEN,,,Team Totals,240,50,88,.568,11,26,.423,16,26,.615,13,32,45,29,5,9,17,17,127,,,Team Totals,240,.639,.631,.295,.295,36.1,61.5,51.1,58.0,4.9,11.5,14.6,100.0,125.2,119.3,
https://www.basketball-reference.com/boxscores/201701170LAL.html,"10:30 PM, January 17, 2017",Los Angeles Lakers,Denver Nuggets,121,127,LAL,,,Team Totals,240,47,108,.435,11,30,.367,16,18,.889,20,23,43,28,11,5,12,21,121,,,Team Totals,240,.522,.486,.278,.167,38.5,63.9,48.9,59.6,10.8,8.1,9.4,100.0,119.3,125.2,
https://www.basketball-reference.com/boxscores/201701170MIA.html,"7:30 PM, January 17, 2017",Miami Heat,Houston Rockets,109,103,HOU,,,Team Totals,240,36,90,.400,9,39,.231,22,28,.786,11,38,49,21,8,3,18,16,103,,,Team Totals,240,.503,.450,.433,.311,21.2,77.6,48.5,58.3,7.6,4.9,15.0,100.0,97.6,103.3,
https://www.basketball-reference.com/boxscores/201701170MIA.html,"7:30 PM, January 17, 2017",Miami Heat,Houston Rockets,109,103,MIA,,,Team Totals,240,42,90,.467,9,29,.310,16,24,.667,11,41,52,21,11,1,16,24,109,,,Team Totals,240,.542,.517,.322,.267,22.4,78.8,51.5,50.0,10.4,2.0,13.7,100.0,103.3,97.6,
https://www.basketball-reference.com/boxscores/201701170SAS.html,"8:30 PM, January 17, 2017",San Antonio Spurs,Minnesota Timberwolves,122,114,MIN,,,Team Totals,240,36,73,.493,6,13,.462,36,41,.878,6,33,39,26,5,6,18,22,114,,,Team Totals,240,.626,.534,.178,.562,17.6,84.6,53.4,72.2,5.0,9.1,16.5,100.0,114.8,122.8,
https://www.basketball-reference.com/boxscores/201701170SAS.html,"8:30 PM, January 17, 2017",San Antonio Spurs,Minnesota Timberwolves,122,114,SAS,,,Team Totals,240,43,84,.512,8,18,.444,28,35,.800,6,28,34,27,9,3,7,29,122,,,Team Totals,240,.614,.560,.214,.417,15.4,82.4,46.6,62.8,9.1,5.0,6.6,100.0,122.8,114.8,
https://www.basketball-reference.com/boxscores/201701180BOS.html,"7:30 PM, January 18, 2017",Boston Celtics,New York Knicks,106,117,NYK,,,Team Totals,240,46,91,.505,10,25,.400,15,18,.833,18,39,57,27,2,8,16,24,117,,,Team Totals,240,.591,.560,.275,.198,42.9,81.3,63.3,58.7,2.1,13.8,13.9,100.0,124.5,112.8,
https://www.basketball-reference.com/boxscores/201701180BOS.html,"7:30 PM, January 18, 2017",Boston Celtics,New York Knicks,106,117,BOS,,,Team Totals,240,35,91,.385,9,33,.273,27,29,.931,9,24,33,25,8,8,3,15,106,,,Team Totals,240,.511,.434,.363,.319,18.8,57.1,36.7,71.4,8.5,12.1,2.8,100.0,112.8,124.5,
https://www.basketball-reference.com/boxscores/201701180CHO.html,"7:00 PM, January 18, 2017",Charlotte Hornets,Portland Trail Blazers,107,85,POR,,,Team Totals,240,33,94,.351,8,31,.258,11,11,1.000,15,35,50,18,10,12,16,11,85,,,Team Totals,240,.430,.394,.330,.117,25.9,81.4,49.5,54.5,10.3,19.7,13.9,100.0,87.6,110.2,
https://www.basketball-reference.com/boxscores/201701180CHO.html,"7:00 PM, January 18, 2017",Charlotte Hornets,Portland Trail Blazers,107,85,CHO,,,Team Totals,240,41,87,.471,11,26,.423,14,17,.824,8,43,51,28,11,7,12,13,107,,,Team Totals,240,.566,.534,.299,.195,18.6,74.1,50.5,68.3,11.3,11.1,11.3,100.0,110.2,87.6,
https://www.basketball-reference.com/boxscores/201701180DET.html,"8:00 PM, January 18, 2017",Detroit Pistons,Atlanta Hawks,118,95,ATL,,,Team Totals,240,30,78,.385,6,25,.240,29,37,.784,8,24,32,22,1,4,13,21,95,,,Team Totals,240,.504,.423,.321,.474,16.0,57.1,34.8,73.3,1.0,6.1,12.1,100.0,99.1,123.1,
https://www.basketball-reference.com/boxscores/201701180DET.html,"8:00 PM, January 18, 2017",Detroit Pistons,Atlanta Hawks,118,95,DET,,,Team Totals,240,45,91,.495,10,25,.400,18,28,.643,18,42,60,27,6,0,13,29,118,,,Team Totals,240,.571,.549,.275,.308,42.9,84.0,65.2,60.0,6.3,0.0,11.2,100.0,123.1,99.1,
https://www.basketball-reference.com/boxscores/201701180GSW.html,"10:30 PM, January 18, 2017",Golden State Warriors,Oklahoma City Thunder,121,100,OKC,,,Team Totals,240,38,90,.422,8,28,.286,16,19,.842,13,23,36,23,11,6,19,22,100,,,Team Totals,240,.508,.467,.311,.211,27.1,67.6,43.9,60.5,10.9,9.4,16.2,100.0,99.1,119.9,
https://www.basketball-reference.com/boxscores/201701180GSW.html,"10:30 PM, January 18, 2017",Golden State Warriors,Oklahoma City Thunder,121,100,GSW,,,Team Totals,240,46,85,.541,10,21,.476,19,27,.704,11,35,46,35,11,8,18,16,121,,,Team Totals,240,.624,.600,.247,.318,32.4,72.9,56.1,76.1,10.9,12.9,15.7,100.0,119.9,99.1,
https://www.basketball-reference.com/boxscores/201701180HOU.html,"8:00 PM, January 18, 2017",Houston Rockets,Milwaukee Bucks,111,92,MIL,,,Team Totals,240,37,93,.398,7,28,.250,11,14,.786,15,35,50,26,8,8,18,14,92,,,Team Totals,240,.464,.435,.301,.151,31.3,72.9,52.1,70.3,8.3,15.7,15.4,100.0,94.9,114.5,
https://www.basketball-reference.com/boxscores/201701180HOU.html,"8:00 PM, January 18, 2017",Houston Rockets,Milwaukee Bucks,111,92,HOU,,,Team Totals,240,43,95,.453,14,44,.318,11,15,.733,13,33,46,25,9,12,10,17,111,,,Team Totals,240,.546,.526,.463,.158,27.1,68.8,47.9,58.1,9.3,18.5,9.0,100.0,114.5,94.9,
https://www.basketball-reference.com/boxscores/201701180NOP.html,"8:00 PM, January 18, 2017",New Orleans Pelicans,Orlando Magic,118,98,ORL,,,Team Totals,240,39,88,.443,11,32,.344,9,11,.818,4,43,47,18,6,5,18,14,98,,,Team Totals,240,.528,.506,.364,.125,9.3,87.8,51.1,46.2,5.8,8.8,16.2,100.0,94.5,113.8,
https://www.basketball-reference.com/boxscores/201701180NOP.html,"8:00 PM, January 18, 2017",New Orleans Pelicans,Orlando Magic,118,98,NOP,,,Team Totals,240,46,93,.495,15,36,.417,11,15,.733,6,39,45,28,11,5,9,13,118,,,Team Totals,240,.592,.575,.387,.161,12.2,90.7,48.9,60.9,10.6,8.9,8.3,100.0,113.8,94.5,
https://www.basketball-reference.com/boxscores/201701180PHI.html,"7:00 PM, January 18, 2017",Philadelphia 76ers,Toronto Raptors,94,89,TOR,,,Team Totals,240,34,86,.395,6,24,.250,15,23,.652,12,31,43,17,10,2,11,24,89,,,Team Totals,240,.463,.430,.279,.267,22.6,86.1,48.3,50.0,10.4,4.4,10.3,100.0,92.8,98.0,
https://www.basketball-reference.com/boxscores/201701180PHI.html,"7:00 PM, January 18, 2017",Philadelphia 76ers,Toronto Raptors,94,89,PHI,,,Team Totals,240,31,69,.449,8,24,.333,24,32,.750,5,41,46,20,5,7,22,21,94,,,Team Totals,240,.566,.507,.348,.464,13.9,77.4,51.7,64.5,5.2,11.3,20.9,100.0,98.0,92.8,
https://www.basketball-reference.com/boxscores/201701180SAC.html,"10:30 PM, January 18, 2017",Sacramento Kings,Indiana Pacers,100,106,IND,,,Team Totals,240,39,75,.520,7,21,.333,21,25,.840,8,24,32,22,11,3,15,21,106,,,Team Totals,240,.616,.567,.280,.333,23.5,70.6,47.1,56.4,12.0,5.9,14.9,100.0,115.8,109.2,
https://www.basketball-reference.com/boxscores/201701180SAC.html,"10:30 PM, January 18, 2017",Sacramento Kings,Indiana Pacers,100,106,SAC,,,Team Totals,240,35,72,.486,9,21,.429,21,27,.778,10,26,36,28,9,5,21,22,100,,,Team Totals,240,.596,.549,.292,.375,29.4,76.5,52.9,80.0,9.8,9.3,20.0,100.0,109.2,115.8,
https://www.basketball-reference.com/boxscores/201701180WAS.html,"7:00 PM, January 18, 2017",Washington Wizards,Memphis Grizzlies,104,101,MEM,,,Team Totals,240,33,83,.398,8,25,.320,27,34,.794,17,28,45,20,8,1,12,20,101,,,Team Totals,240,.516,.446,.301,.410,34.0,70.0,50.0,60.6,9.0,2.0,10.9,100.0,113.0,116.4,
https://www.basketball-reference.com/boxscores/201701180WAS.html,"7:00 PM, January 18, 2017",Washington Wizards,Memphis Grizzlies,104,101,WAS,,,Team Totals,240,36,80,.450,8,29,.276,24,26,.923,12,33,45,27,7,3,12,25,104,,,Team Totals,240,.569,.500,.363,.325,30.0,66.0,50.0,75.0,7.8,5.2,11.6,100.0,116.4,113.0,
https://www.basketball-reference.com/boxscores/201701190CLE.html,"7:00 PM, January 19, 2017",Cleveland Cavaliers,Phoenix Suns,118,103,PHO,,,Team Totals,240,37,85,.435,4,19,.211,25,31,.806,15,31,46,23,10,4,16,22,103,,,Team Totals,240,.522,.459,.224,.365,31.9,88.6,56.1,62.2,10.2,9.3,14.0,100.0,104.8,120.1,
https://www.basketball-reference.com/boxscores/201701190CLE.html,"7:00 PM, January 19, 2017",Cleveland Cavaliers,Phoenix Suns,118,103,CLE,,,Team Totals,240,43,85,.506,19,42,.452,13,19,.684,4,32,36,29,7,6,12,24,118,,,Team Totals,240,.632,.618,.494,.224,11.4,68.1,43.9,67.4,7.1,9.1,11.4,100.0,120.1,104.8,
https://www.basketball-reference.com/boxscores/201701190LAC.html,"10:30 PM, January 19, 2017",Los Angeles Clippers,Minnesota Timberwolves,101,104,MIN,,,Team Totals,240,40,84,.476,5,16,.313,19,25,.760,13,30,43,25,3,2,14,21,104,,,Team Totals,240,.547,.506,.190,.298,32.5,68.2,51.2,62.5,3.2,3.1,12.8,100.0,112.4,109.2,
https://www.basketball-reference.com/boxscores/201701190LAC.html,"10:30 PM, January 19, 2017",Los Angeles Clippers,Minnesota Timberwolves,101,104,LAC,,,Team Totals,240,42,87,.483,4,22,.182,13,24,.542,14,27,41,24,9,6,11,21,101,,,Team Totals,240,.518,.506,.253,.276,31.8,67.5,48.8,57.1,9.7,8.8,10.1,100.0,109.2,112.4,
https://www.basketball-reference.com/boxscores/201701190MIA.html,"7:30 PM, January 19, 2017",Miami Heat,Dallas Mavericks,99,95,DAL,,,Team Totals,240,37,82,.451,14,36,.389,7,11,.636,5,28,33,17,4,3,10,20,95,,,Team Totals,240,.547,.537,.439,.134,12.8,82.4,45.2,45.9,4.4,5.7,10.3,100.0,105.2,109.6,
https://www.basketball-reference.com/boxscores/201701190MIA.html,"7:30 PM, January 19, 2017",Miami Heat,Dallas Mavericks,99,95,MIA,,,Team Totals,240,35,73,.479,9,20,.450,20,29,.690,6,34,40,16,4,1,13,15,99,,,Team Totals,240,.577,.541,.274,.397,17.6,87.2,54.8,45.7,4.4,2.2,13.2,100.0,109.6,105.2,
https://www.basketball-reference.com/boxscores/201701190NYK.html,"8:00 PM, January 19, 2017",New York Knicks,Washington Wizards,110,113,WAS,,,Team Totals,240,44,88,.500,13,32,.406,12,14,.857,10,30,40,29,7,5,15,19,113,,,Team Totals,240,.600,.574,.364,.159,27.0,68.2,49.4,65.9,7.4,7.6,13.7,100.0,119.4,116.2,
https://www.basketball-reference.com/boxscores/201701190NYK.html,"8:00 PM, January 19, 2017",New York Knicks,Washington Wizards,110,113,NYK,,,Team Totals,240,42,90,.467,7,24,.292,19,22,.864,14,27,41,20,7,4,11,14,110,,,Team Totals,240,.552,.506,.267,.244,31.8,73.0,50.6,47.6,7.4,7.1,9.9,100.0,116.2,119.4,
https://www.basketball-reference.com/boxscores/201701190SAS.html,"8:30 PM, January 19, 2017",San Antonio Spurs,Denver Nuggets,118,104,DEN,,,Team Totals,240,37,91,.407,10,31,.323,20,26,.769,11,32,43,27,5,7,15,19,104,,,Team Totals,240,.508,.462,.341,.286,22.9,84.2,50.0,73.0,5.0,10.9,12.8,100.0,104.0,118.0,
https://www.basketball-reference.com/boxscores/201701190SAS.html,"8:30 PM, January 19, 2017",San Antonio Spurs,Denver Nuggets,118,104,SAS,,,Team Totals,240,44,86,.512,9,22,.409,21,25,.840,6,37,43,28,12,5,8,19,118,,,Team Totals,240,.608,.564,.256,.291,15.8,77.1,50.0,63.6,12.0,8.3,7.6,100.0,118.0,104.0,
https://www.basketball-reference.com/boxscores/201701200ATL.html,"8:00 PM, January 20, 2017",Atlanta Hawks,Chicago Bulls,102,93,CHI,,,Team Totals,240,34,81,.420,7,28,.250,18,19,.947,12,29,41,18,12,5,25,17,93,,,Team Totals,240,.520,.463,.346,.235,28.6,74.4,50.6,52.9,12.2,8.3,21.9,100.0,94.4,103.5,
https://www.basketball-reference.com/boxscores/201701200ATL.html,"8:00 PM, January 20, 2017",Atlanta Hawks,Chicago Bulls,102,93,ATL,,,Team Totals,240,39,82,.476,9,22,.409,15,19,.789,10,30,40,23,16,3,20,19,102,,,Team Totals,240,.564,.530,.268,.232,25.6,71.4,49.4,59.0,16.2,5.7,18.1,100.0,103.5,94.4,
https://www.basketball-reference.com/boxscores/201701200CHO.html,"7:00 PM, January 20, 2017",Charlotte Hornets,Toronto Raptors,113,78,TOR,,,Team Totals,240,29,86,.337,7,30,.233,13,14,.929,8,25,33,10,7,5,12,20,78,,,Team Totals,240,.423,.378,.349,.163,16.7,69.4,39.3,34.5,7.5,9.1,11.5,100.0,83.7,121.3,
https://www.basketball-reference.com/boxscores/201701200CHO.html,"7:00 PM, January 20, 2017",Charlotte Hornets,Toronto Raptors,113,78,CHO,,,Team Totals,240,40,80,.500,12,25,.480,21,25,.840,11,40,51,24,9,4,16,13,113,,,Team Totals,240,.621,.575,.313,.313,30.6,83.3,60.7,60.0,9.7,7.1,15.0,100.0,121.3,83.7,
https://www.basketball-reference.com/boxscores/201701200DAL.html,"8:30 PM, January 20, 2017",Dallas Mavericks,Utah Jazz,107,112,UTA,,,Team Totals,265,38,83,.458,8,23,.348,28,39,.718,15,38,53,17,8,5,16,26,112,,,Team Totals,265,.559,.506,.277,.470,30.6,80.9,55.2,44.7,8.0,7.8,13.8,100.0,111.3,106.3,
https://www.basketball-reference.com/boxscores/201701200DAL.html,"8:30 PM, January 20, 2017",Dallas Mavericks,Utah Jazz,107,112,DAL,,,Team Totals,265,39,87,.448,8,23,.348,21,28,.750,9,34,43,21,4,2,13,26,107,,,Team Totals,265,.539,.494,.264,.322,19.1,69.4,44.8,53.8,4.0,3.3,11.6,100.0,106.3,111.3,
https://www.basketball-reference.com/boxscores/201701200HOU.html,"8:00 PM, January 20, 2017",Houston Rockets,Golden State Warriors,108,125,GSW,,,Team Totals,240,47,89,.528,15,38,.395,16,21,.762,8,33,41,30,8,7,15,18,125,,,Team Totals,240,.636,.612,.427,.236,22.2,71.7,50.0,63.8,7.8,11.5,13.2,100.0,122.2,105.6,
https://www.basketball-reference.com/boxscores/201701200HOU.html,"8:00 PM, January 20, 2017",Houston Rockets,Golden State Warriors,108,125,HOU,,,Team Totals,240,43,96,.448,7,35,.200,15,18,.833,13,28,41,26,8,3,15,17,108,,,Team Totals,240,.520,.484,.365,.188,28.3,77.8,50.0,60.5,7.8,5.9,12.6,100.0,105.6,122.2,
https://www.basketball-reference.com/boxscores/201701200LAL.html,"10:30 PM, January 20, 2017",Los Angeles Lakers,Indiana Pacers,108,95,IND,,,Team Totals,240,34,80,.425,9,23,.391,18,25,.720,8,29,37,24,17,6,21,12,95,,,Team Totals,240,.522,.481,.288,.313,18.6,64.4,42.0,70.6,16.9,11.1,18.8,100.0,94.4,107.3,
https://www.basketball-reference.com/boxscores/201701200LAL.html,"10:30 PM, January 20, 2017",Los Angeles Lakers,Indiana Pacers,108,95,LAL,,,Team Totals,240,41,87,.471,14,33,.424,12,15,.800,16,35,51,27,15,3,24,20,108,,,Team Totals,240,.577,.552,.379,.172,35.6,81.4,58.0,65.9,14.9,5.3,20.4,100.0,107.3,94.4,
https://www.basketball-reference.com/boxscores/201701200MEM.html,"8:00 PM, January 20, 2017",Memphis Grizzlies,Sacramento Kings,107,91,SAC,,,Team Totals,240,31,76,.408,6,29,.207,23,32,.719,5,30,35,18,9,6,10,21,91,,,Team Totals,240,.505,.447,.382,.421,10.4,66.7,37.6,58.1,9.7,10.9,10.0,100.0,98.0,115.2,
https://www.basketball-reference.com/boxscores/201701200MEM.html,"8:00 PM, January 20, 2017",Memphis Grizzlies,Sacramento Kings,107,91,MEM,,,Team Totals,240,38,83,.458,11,28,.393,20,25,.800,15,43,58,21,6,4,15,24,107,,,Team Totals,240,.569,.524,.337,.301,33.3,89.6,62.4,55.3,6.5,8.5,13.8,100.0,115.2,98.0,
https://www.basketball-reference.com/boxscores/201701200NOP.html,"8:00 PM, January 20, 2017",New Orleans Pelicans,Brooklyn Nets,114,143,BRK,,,Team Totals,240,48,83,.578,15,30,.500,32,35,.914,9,43,52,24,5,6,16,20,143,,,Team Totals,240,.727,.669,.361,.422,23.7,70.5,52.5,50.0,4.8,8.5,14.0,100.0,137.7,109.7,
https://www.basketball-reference.com/boxscores/201701200NOP.html,"8:00 PM, January 20, 2017",New Orleans Pelicans,Brooklyn Nets,114,143,NOP,,,Team Totals,240,43,105,.410,11,34,.324,17,23,.739,18,29,47,21,8,8,9,24,114,,,Team Totals,240,.495,.462,.324,.219,29.5,76.3,47.5,48.8,7.7,15.1,7.3,100.0,109.7,137.7,
https://www.basketball-reference.com/boxscores/201701200ORL.html,"7:00 PM, January 20, 2017",Orlando Magic,Milwaukee Bucks,112,96,MIL,,,Team Totals,240,34,83,.410,10,25,.400,18,26,.692,10,30,40,21,6,3,12,25,96,,,Team Totals,240,.508,.470,.301,.313,20.4,68.2,43.0,61.8,6.4,5.1,11.3,100.0,102.1,119.1,
https://www.basketball-reference.com/boxscores/201701200ORL.html,"7:00 PM, January 20, 2017",Orlando Magic,Milwaukee Bucks,112,96,ORL,,,Team Totals,240,40,87,.460,8,28,.286,24,31,.774,14,39,53,25,9,6,10,24,112,,,Team Totals,240,.556,.506,.322,.356,31.8,79.6,57.0,62.5,9.6,10.3,9.0,100.0,119.1,102.1,
https://www.basketball-reference.com/boxscores/201701200PHI.html,"7:00 PM, January 20, 2017",Philadelphia 76ers,Portland Trail Blazers,93,92,POR,,,Team Totals,240,33,89,.371,6,19,.316,20,28,.714,12,34,46,16,8,6,13,20,92,,,Team Totals,240,.454,.404,.213,.315,23.1,72.3,46.5,48.5,8.0,9.5,11.4,100.0,91.9,92.9,
https://www.basketball-reference.com/boxscores/201701200PHI.html,"7:00 PM, January 20, 2017",Philadelphia 76ers,Portland Trail Blazers,93,92,PHI,,,Team Totals,240,36,92,.391,12,29,.414,9,16,.563,13,40,53,25,6,8,19,21,93,,,Team Totals,240,.470,.457,.315,.174,27.7,76.9,53.5,69.4,6.0,11.4,16.1,100.0,92.9,91.9,
https://www.basketball-reference.com/boxscores/201701210ATL.html,"7:00 PM, January 21, 2017",Atlanta Hawks,Philadelphia 76ers,110,93,PHI,,,Team Totals,240,33,78,.423,12,29,.414,15,18,.833,7,32,39,27,8,6,22,19,93,,,Team Totals,240,.541,.500,.372,.231,16.3,74.4,45.3,81.8,8.0,8.5,20.4,100.0,92.6,109.5,
https://www.basketball-reference.com/boxscores/201701210ATL.html,"7:00 PM, January 21, 2017",Atlanta Hawks,Philadelphia 76ers,110,93,ATL,,,Team Totals,240,45,91,.495,7,20,.350,13,23,.565,11,36,47,24,8,5,14,18,110,,,Team Totals,240,.544,.533,.220,.253,25.6,83.7,54.7,53.3,8.0,10.2,12.2,100.0,109.5,92.6,
https://www.basketball-reference.com/boxscores/201701210BOS.html,"5:00 PM, January 21, 2017",Boston Celtics,Portland Trail Blazers,123,127,POR,,,Team Totals,265,43,92,.467,10,25,.400,31,36,.861,9,28,37,26,12,4,14,26,127,,,Team Totals,265,.589,.522,.272,.391,21.4,66.7,44.0,60.5,11.1,7.0,11.5,100.0,117.2,113.5,
https://www.basketball-reference.com/boxscores/201701210BOS.html,"5:00 PM, January 21, 2017",Boston Celtics,Portland Trail Blazers,123,127,BOS,,,Team Totals,265,42,92,.457,13,35,.371,26,31,.839,14,33,47,26,6,2,21,29,123,,,Team Totals,265,.582,.527,.380,.337,33.3,78.6,56.0,61.9,5.5,3.0,16.6,100.0,113.5,117.2,
https://www.basketball-reference.com/boxscores/201701210CHI.html,"9:00 PM, January 21, 2017",Chicago Bulls,Sacramento Kings,102,99,SAC,,,Team Totals,240,37,84,.440,9,26,.346,16,21,.762,9,31,40,20,7,5,10,23,99,,,Team Totals,240,.531,.494,.310,.250,20.9,68.9,45.5,54.1,7.7,7.6,9.7,100.0,108.3,111.6,
https://www.basketball-reference.com/boxscores/201701210CHI.html,"9:00 PM, January 21, 2017",Chicago Bulls,Sacramento Kings,102,99,CHI,,,Team Totals,240,34,83,.410,6,17,.353,28,33,.848,14,34,48,22,7,7,11,18,102,,,Team Totals,240,.523,.446,.205,.398,31.1,79.1,54.5,64.7,7.7,12.1,10.1,100.0,111.6,108.3,
https://www.basketball-reference.com/boxscores/201701210CHO.html,"7:00 PM, January 21, 2017",Charlotte Hornets,Brooklyn Nets,112,105,BRK,,,Team Totals,240,38,88,.432,17,41,.415,12,15,.800,4,36,40,30,9,3,14,17,105,,,Team Totals,240,.555,.528,.466,.170,9.1,85.7,46.5,78.9,9.0,5.8,12.9,100.0,104.8,111.8,
https://www.basketball-reference.com/boxscores/201701210CHO.html,"7:00 PM, January 21, 2017",Charlotte Hornets,Brooklyn Nets,112,105,CHO,,,Team Totals,240,39,82,.476,14,30,.467,20,22,.909,6,40,46,26,7,4,13,18,112,,,Team Totals,240,.611,.561,.366,.268,14.3,90.9,53.5,66.7,7.0,8.5,12.4,100.0,111.8,104.8,
https://www.basketball-reference.com/boxscores/201701210CLE.html,"8:30 PM, January 21, 2017",Cleveland Cavaliers,San Antonio Spurs,115,118,SAS,,,Team Totals,265,48,96,.500,10,26,.385,12,14,.857,10,36,46,32,6,6,14,22,118,,,Team Totals,265,.578,.552,.271,.146,21.7,76.6,49.5,66.7,5.7,10.5,12.1,100.0,112.0,109.2,
https://www.basketball-reference.com/boxscores/201701210CLE.html,"8:30 PM, January 21, 2017",Cleveland Cavaliers,San Antonio Spurs,115,118,CLE,,,Team Totals,265,45,91,.495,13,34,.382,12,22,.545,11,36,47,25,7,1,18,16,115,,,Team Totals,265,.571,.566,.374,.242,23.4,78.3,50.5,55.6,6.6,1.4,15.2,100.0,109.2,112.0,
https://www.basketball-reference.com/boxscores/201701210DEN.html,"9:00 PM, January 21, 2017",Denver Nuggets,Los Angeles Clippers,123,98,LAC,,,Team Totals,240,40,96,.417,10,32,.313,8,8,1.000,10,25,35,23,5,2,9,23,98,,,Team Totals,240,.492,.469,.333,.083,22.2,71.4,43.8,57.5,5.3,3.2,8.3,100.0,103.3,129.6,
https://www.basketball-reference.com/boxscores/201701210DEN.html,"9:00 PM, January 21, 2017",Denver Nuggets,Los Angeles Clippers,123,98,DEN,,,Team Totals,240,46,87,.529,10,24,.417,21,26,.808,10,35,45,30,4,0,10,16,123,,,Team Totals,240,.625,.586,.276,.299,28.6,77.8,56.3,65.2,4.2,0.0,9.2,100.0,129.6,103.3,
https://www.basketball-reference.com/boxscores/201701210DET.html,"6:00 PM, January 21, 2017",Detroit Pistons,Washington Wizards,113,112,WAS,,,Team Totals,240,39,91,.429,8,26,.308,26,33,.788,13,34,47,23,12,3,11,22,112,,,Team Totals,240,.531,.473,.286,.363,26.5,72.3,49.0,59.0,11.8,5.1,9.4,100.0,110.2,111.2,
https://www.basketball-reference.com/boxscores/201701210DET.html,"6:00 PM, January 21, 2017",Detroit Pistons,Washington Wizards,113,112,DET,,,Team Totals,240,43,87,.494,11,28,.393,16,22,.727,13,36,49,25,9,4,20,27,113,,,Team Totals,240,.584,.557,.322,.253,27.7,73.5,51.0,58.1,8.9,6.2,17.1,100.0,111.2,110.2,
https://www.basketball-reference.com/boxscores/201701210MEM.html,"8:00 PM, January 21, 2017",Memphis Grizzlies,Houston Rockets,95,119,HOU,,,Team Totals,240,41,80,.513,16,42,.381,21,25,.840,6,40,46,27,11,6,13,25,119,,,Team Totals,240,.654,.613,.525,.313,18.2,74.1,52.9,65.9,11.5,10.9,12.5,100.0,123.9,98.9,
https://www.basketball-reference.com/boxscores/201701210MEM.html,"8:00 PM, January 21, 2017",Memphis Grizzlies,Houston Rockets,95,119,MEM,,,Team Totals,240,33,89,.371,9,34,.265,20,28,.714,14,27,41,19,10,4,12,17,95,,,Team Totals,240,.469,.421,.382,.315,25.9,81.8,47.1,57.6,10.4,10.5,10.6,100.0,98.9,123.9,
https://www.basketball-reference.com/boxscores/201701210MIA.html,"7:30 PM, January 21, 2017",Miami Heat,Milwaukee Bucks,109,97,MIL,,,Team Totals,240,33,79,.418,6,18,.333,25,32,.781,12,29,41,17,6,2,11,18,97,,,Team Totals,240,.521,.456,.228,.405,26.1,85.3,51.3,51.5,6.6,4.3,10.6,100.0,106.5,119.7,
https://www.basketball-reference.com/boxscores/201701210MIA.html,"7:30 PM, January 21, 2017",Miami Heat,Milwaukee Bucks,109,97,MIA,,,Team Totals,240,41,77,.532,13,30,.433,14,22,.636,5,34,39,18,8,3,12,24,109,,,Team Totals,240,.629,.617,.390,.286,14.7,73.9,48.8,43.9,8.8,4.9,12.2,100.0,119.7,106.5,
https://www.basketball-reference.com/boxscores/201701210NYK.html,"7:30 PM, January 21, 2017",New York Knicks,Phoenix Suns,105,107,PHO,,,Team Totals,240,37,85,.435,9,24,.375,24,27,.889,14,30,44,15,9,4,13,18,107,,,Team Totals,240,.552,.488,.282,.318,31.1,66.7,48.9,40.5,9.8,5.9,11.8,100.0,116.5,114.3,
https://www.basketball-reference.com/boxscores/201701210NYK.html,"7:30 PM, January 21, 2017",New York Knicks,Phoenix Suns,105,107,NYK,,,Team Totals,240,40,89,.449,11,21,.524,14,16,.875,15,31,46,20,6,3,13,20,105,,,Team Totals,240,.547,.511,.236,.180,33.3,68.9,51.1,50.0,6.5,4.9,11.9,100.0,114.3,116.5,
https://www.basketball-reference.com/boxscores/201701210UTA.html,"9:00 PM, January 21, 2017",Utah Jazz,Indiana Pacers,109,100,IND,,,Team Totals,240,39,77,.506,10,20,.500,12,17,.706,4,32,36,17,10,3,17,23,100,,,Team Totals,240,.592,.571,.260,.221,11.1,76.2,46.2,43.6,10.2,5.0,16.8,100.0,102.2,111.4,
https://www.basketball-reference.com/boxscores/201701210UTA.html,"9:00 PM, January 21, 2017",Utah Jazz,Indiana Pacers,109,100,UTA,,,Team Totals,240,39,84,.464,6,24,.250,25,32,.781,10,32,42,24,11,3,14,15,109,,,Team Totals,240,.556,.500,.286,.381,23.8,88.9,53.8,61.5,11.2,5.3,12.5,100.0,111.4,102.2,
https://www.basketball-reference.com/boxscores/201701220DAL.html,"3:30 PM, January 22, 2017",Dallas Mavericks,Los Angeles Lakers,122,73,LAL,,,Team Totals,240,28,73,.384,3,21,.143,14,17,.824,5,27,32,11,3,4,18,20,73,,,Team Totals,240,.454,.404,.288,.233,12.2,67.5,39.5,39.3,3.3,8.3,18.3,100.0,80.6,134.6,
https://www.basketball-reference.com/boxscores/201701220DAL.html,"3:30 PM, January 22, 2017",Dallas Mavericks,Los Angeles Lakers,122,73,DAL,,,Team Totals,240,43,87,.494,17,39,.436,19,19,1.000,13,36,49,27,9,4,10,15,122,,,Team Totals,240,.640,.592,.448,.218,32.5,87.8,60.5,62.8,9.9,7.7,9.5,100.0,134.6,80.6,
https://www.basketball-reference.com/boxscores/201701220MIN.html,"7:00 PM, January 22, 2017",Minnesota Timberwolves,Denver Nuggets,111,108,DEN,,,Team Totals,240,42,82,.512,7,24,.292,17,21,.810,12,29,41,26,6,7,18,19,108,,,Team Totals,240,.592,.555,.293,.256,30.0,78.4,53.2,61.9,6.2,10.0,16.5,100.0,110.9,114.0,
https://www.basketball-reference.com/boxscores/201701220MIN.html,"7:00 PM, January 22, 2017",Minnesota Timberwolves,Denver Nuggets,111,108,MIN,,,Team Totals,240,45,85,.529,6,15,.400,15,21,.714,8,28,36,29,11,8,15,24,111,,,Team Totals,240,.589,.565,.176,.247,21.6,70.0,46.8,64.4,11.3,13.8,13.7,100.0,114.0,110.9,
https://www.basketball-reference.com/boxscores/201701220ORL.html,"12:00 PM, January 22, 2017",Orlando Magic,Golden State Warriors,98,118,GSW,,,Team Totals,240,42,89,.472,19,42,.452,15,19,.789,13,39,52,27,8,4,19,15,118,,,Team Totals,240,.606,.579,.472,.213,31.0,76.5,55.9,64.3,8.0,5.9,16.3,100.0,117.5,97.6,
https://www.basketball-reference.com/boxscores/201701220ORL.html,"12:00 PM, January 22, 2017",Orlando Magic,Golden State Warriors,98,118,ORL,,,Team Totals,240,42,96,.438,7,28,.250,7,16,.438,12,29,41,25,9,7,12,21,98,,,Team Totals,240,.476,.474,.292,.167,23.5,69.0,44.1,59.5,9.0,14.9,10.4,100.0,97.6,117.5,
https://www.basketball-reference.com/boxscores/201701220TOR.html,"6:00 PM, January 22, 2017",Toronto Raptors,Phoenix Suns,103,115,PHO,,,Team Totals,240,40,79,.506,9,22,.409,26,28,.929,7,38,45,20,6,1,15,28,115,,,Team Totals,240,.630,.563,.278,.354,20.0,84.4,56.3,50.0,6.1,1.8,14.1,100.0,117.6,105.4,
https://www.basketball-reference.com/boxscores/201701220TOR.html,"6:00 PM, January 22, 2017",Toronto Raptors,Phoenix Suns,103,115,TOR,,,Team Totals,240,33,83,.398,7,27,.259,30,35,.857,7,28,35,19,9,8,10,20,103,,,Team Totals,240,.523,.440,.325,.422,15.6,80.0,43.8,57.6,9.2,14.0,9.2,100.0,105.4,117.6,
https://www.basketball-reference.com/boxscores/201701230ATL.html,"7:30 PM, January 23, 2017",Atlanta Hawks,Los Angeles Clippers,105,115,LAC,,,Team Totals,240,42,84,.500,14,24,.583,17,22,.773,10,36,46,23,4,8,11,19,115,,,Team Totals,240,.614,.583,.286,.262,23.8,81.8,53.5,54.8,4.2,13.6,10.5,100.0,121.3,110.8,
https://www.basketball-reference.com/boxscores/201701230ATL.html,"7:30 PM, January 23, 2017",Atlanta Hawks,Los Angeles Clippers,105,115,ATL,,,Team Totals,240,37,88,.420,9,29,.310,22,26,.846,8,32,40,28,8,2,8,17,105,,,Team Totals,240,.528,.472,.330,.295,18.2,76.2,46.5,75.7,8.4,3.3,7.4,100.0,110.8,121.3,
https://www.basketball-reference.com/boxscores/201701230BRK.html,"7:30 PM, January 23, 2017",Brooklyn Nets,San Antonio Spurs,86,112,SAS,,,Team Totals,240,45,95,.474,9,22,.409,13,16,.813,13,37,50,22,7,5,9,17,112,,,Team Totals,240,.549,.521,.232,.168,28.3,88.1,56.8,48.9,7.2,8.9,8.1,100.0,115.3,88.6,
https://www.basketball-reference.com/boxscores/201701230BRK.html,"7:30 PM, January 23, 2017",Brooklyn Nets,San Antonio Spurs,86,112,BRK,,,Team Totals,240,32,81,.395,5,25,.200,17,18,.944,5,33,38,14,2,5,17,18,86,,,Team Totals,240,.484,.426,.309,.222,11.9,71.7,43.2,43.8,2.1,6.8,16.0,100.0,88.6,115.3,
https://www.basketball-reference.com/boxscores/201701230CHO.html,"7:00 PM, January 23, 2017",Charlotte Hornets,Washington Wizards,99,109,WAS,,,Team Totals,240,43,80,.538,10,25,.400,13,17,.765,5,42,47,22,5,3,15,23,109,,,Team Totals,240,.623,.600,.313,.213,13.9,77.8,52.2,51.2,5.2,5.2,14.6,100.0,114.0,103.5,
https://www.basketball-reference.com/boxscores/201701230CHO.html,"7:00 PM, January 23, 2017",Charlotte Hornets,Washington Wizards,99,109,CHO,,,Team Totals,240,35,90,.389,8,32,.250,21,25,.840,12,31,43,24,7,5,8,19,99,,,Team Totals,240,.490,.433,.356,.278,22.2,86.1,47.8,68.6,7.3,9.1,7.3,100.0,103.5,114.0,
https://www.basketball-reference.com/boxscores/201701230DET.html,"7:30 PM, January 23, 2017",Detroit Pistons,Sacramento Kings,104,109,SAC,,,Team Totals,240,40,82,.488,9,21,.429,20,26,.769,10,33,43,25,10,3,14,15,109,,,Team Totals,240,.583,.543,.256,.317,23.8,84.6,53.1,62.5,10.3,5.6,13.0,100.0,112.5,107.4,
https://www.basketball-reference.com/boxscores/201701230DET.html,"7:30 PM, January 23, 2017",Detroit Pistons,Sacramento Kings,104,109,DET,,,Team Totals,240,41,82,.500,10,28,.357,12,17,.706,6,32,38,27,8,1,16,21,104,,,Team Totals,240,.581,.561,.341,.207,15.4,76.2,46.9,65.9,8.3,1.6,15.2,100.0,107.4,112.5,
https://www.basketball-reference.com/boxscores/201701230IND.html,"8:00 PM, January 23, 2017",Indiana Pacers,New York Knicks,103,109,NYK,,,Team Totals,240,35,76,.461,8,22,.364,31,35,.886,6,37,43,19,8,7,15,21,109,,,Team Totals,240,.596,.513,.289,.461,16.7,84.1,53.8,54.3,8.1,11.7,14.1,100.0,110.9,104.8,
https://www.basketball-reference.com/boxscores/201701230IND.html,"8:00 PM, January 23, 2017",Indiana Pacers,New York Knicks,103,109,IND,,,Team Totals,240,38,86,.442,7,26,.269,20,25,.800,7,30,37,18,7,4,11,20,103,,,Team Totals,240,.531,.483,.302,.291,15.9,83.3,46.3,47.4,7.1,7.4,10.2,100.0,104.8,110.9,
https://www.basketball-reference.com/boxscores/201701230MIA.html,"7:30 PM, January 23, 2017",Miami Heat,Golden State Warriors,105,102,GSW,,,Team Totals,240,41,88,.466,8,30,.267,12,20,.600,7,36,43,27,9,4,14,20,102,,,Team Totals,240,.527,.511,.341,.227,17.1,76.6,48.9,65.9,8.9,7.1,12.6,100.0,101.4,104.4,
https://www.basketball-reference.com/boxscores/201701230MIA.html,"7:30 PM, January 23, 2017",Miami Heat,Golden State Warriors,105,102,MIA,,,Team Totals,240,38,86,.442,13,30,.433,16,27,.593,11,34,45,20,9,4,15,19,105,,,Team Totals,240,.536,.517,.349,.314,23.4,82.9,51.1,52.6,8.9,6.9,13.3,100.0,104.4,101.4,
https://www.basketball-reference.com/boxscores/201701230MIL.html,"8:00 PM, January 23, 2017",Milwaukee Bucks,Houston Rockets,127,114,HOU,,,Team Totals,240,39,77,.506,14,35,.400,22,28,.786,5,23,28,26,11,4,22,22,114,,,Team Totals,240,.638,.597,.455,.364,14.3,76.7,43.1,66.7,10.7,7.0,19.8,100.0,110.7,123.3,
https://www.basketball-reference.com/boxscores/201701230MIL.html,"8:00 PM, January 23, 2017",Milwaukee Bucks,Houston Rockets,127,114,MIL,,,Team Totals,240,47,80,.588,11,23,.478,22,27,.815,7,30,37,31,17,6,19,20,127,,,Team Totals,240,.691,.656,.288,.338,23.3,85.7,56.9,66.0,16.5,14.3,17.1,100.0,123.3,110.7,
https://www.basketball-reference.com/boxscores/201701230NOP.html,"8:00 PM, January 23, 2017",New Orleans Pelicans,Cleveland Cavaliers,124,122,CLE,,,Team Totals,240,43,93,.462,15,37,.405,21,25,.840,11,34,45,24,6,3,12,20,122,,,Team Totals,240,.587,.543,.398,.269,23.9,82.9,51.7,55.8,6.0,6.3,10.3,100.0,121.3,123.3,
https://www.basketball-reference.com/boxscores/201701230NOP.html,"8:00 PM, January 23, 2017",New Orleans Pelicans,Cleveland Cavaliers,124,122,NOP,,,Team Totals,240,43,87,.494,16,39,.410,22,30,.733,7,35,42,26,8,11,8,22,124,,,Team Totals,240,.619,.586,.448,.345,17.1,76.1,48.3,60.5,8.0,19.6,7.4,100.0,123.3,121.3,
https://www.basketball-reference.com/boxscores/201701230UTA.html,"9:00 PM, January 23, 2017",Utah Jazz,Oklahoma City Thunder,95,97,OKC,,,Team Totals,240,36,83,.434,6,20,.300,19,25,.760,8,37,45,17,6,6,11,23,97,,,Team Totals,240,.516,.470,.241,.301,19.0,82.2,51.7,47.2,6.3,9.5,10.5,100.0,102.3,100.2,
https://www.basketball-reference.com/boxscores/201701230UTA.html,"9:00 PM, January 23, 2017",Utah Jazz,Oklahoma City Thunder,95,97,UTA,,,Team Totals,240,36,84,.429,5,21,.238,18,26,.692,8,34,42,16,10,7,10,18,95,,,Team Totals,240,.498,.458,.250,.310,17.8,81.0,48.3,44.4,10.5,11.1,9.5,100.0,100.2,102.3,
https://www.basketball-reference.com/boxscores/201701240DEN.html,"9:00 PM, January 24, 2017",Denver Nuggets,Utah Jazz,103,93,UTA,,,Team Totals,240,35,85,.412,7,22,.318,16,21,.762,8,32,40,19,6,3,12,21,93,,,Team Totals,240,.493,.453,.259,.247,18.2,82.1,48.2,54.3,6.3,6.0,11.3,100.0,97.8,108.3,
https://www.basketball-reference.com/boxscores/201701240DEN.html,"9:00 PM, January 24, 2017",Denver Nuggets,Utah Jazz,103,93,DEN,,,Team Totals,240,35,76,.461,10,26,.385,23,31,.742,7,36,43,28,7,6,14,15,103,,,Team Totals,240,.575,.526,.342,.408,17.9,81.8,51.8,80.0,7.4,9.5,13.5,100.0,108.3,97.8,
https://www.basketball-reference.com/boxscores/201701240ORL.html,"7:00 PM, January 24, 2017",Orlando Magic,Chicago Bulls,92,100,CHI,,,Team Totals,240,35,77,.455,7,22,.318,23,30,.767,6,38,44,12,13,6,13,19,100,,,Team Totals,240,.554,.500,.286,.390,14.3,76.0,47.8,34.3,13.4,9.5,12.6,100.0,102.7,94.5,
https://www.basketball-reference.com/boxscores/201701240ORL.html,"7:00 PM, January 24, 2017",Orlando Magic,Chicago Bulls,92,100,ORL,,,Team Totals,240,35,85,.412,7,22,.318,15,20,.750,12,36,48,18,7,2,19,18,92,,,Team Totals,240,.490,.453,.259,.235,24.0,85.7,52.2,51.4,7.2,3.6,16.8,100.0,94.5,102.7,
https://www.basketball-reference.com/boxscores/201701240PHI.html,"7:00 PM, January 24, 2017",Philadelphia 76ers,Los Angeles Clippers,121,110,LAC,,,Team Totals,240,33,71,.465,18,34,.529,26,41,.634,11,35,46,17,4,1,19,22,110,,,Team Totals,240,.618,.592,.479,.577,25.6,85.4,54.8,51.5,4.1,1.6,17.6,100.0,113.5,124.9,
https://www.basketball-reference.com/boxscores/201701240PHI.html,"7:00 PM, January 24, 2017",Philadelphia 76ers,Los Angeles Clippers,121,110,PHI,,,Team Totals,240,45,90,.500,10,29,.345,21,22,.955,6,32,38,35,8,7,6,27,121,,,Team Totals,240,.607,.556,.322,.244,14.6,74.4,45.2,77.8,8.3,18.9,5.7,100.0,124.9,113.5,
https://www.basketball-reference.com/boxscores/201701240PHO.html,"9:00 PM, January 24, 2017",Phoenix Suns,Minnesota Timberwolves,111,112,MIN,,,Team Totals,240,44,84,.524,6,17,.353,18,24,.750,10,32,42,24,8,4,15,21,112,,,Team Totals,240,.592,.560,.202,.286,24.4,71.1,48.8,54.5,8.1,6.0,13.7,100.0,113.6,112.6,
https://www.basketball-reference.com/boxscores/201701240PHO.html,"9:00 PM, January 24, 2017",Phoenix Suns,Minnesota Timberwolves,111,112,PHO,,,Team Totals,240,38,86,.442,7,19,.368,28,32,.875,13,31,44,20,7,4,15,23,111,,,Team Totals,240,.555,.483,.221,.372,28.9,75.6,51.2,52.6,7.1,6.0,13.0,100.0,112.6,113.6,
https://www.basketball-reference.com/boxscores/201701240TOR.html,"7:00 PM, January 24, 2017",Toronto Raptors,San Antonio Spurs,106,108,SAS,,,Team Totals,240,38,85,.447,7,24,.292,25,33,.758,6,30,36,20,7,6,12,18,108,,,Team Totals,240,.543,.488,.282,.388,14.6,75.0,44.4,52.6,7.0,10.2,10.8,100.0,108.7,106.7,
https://www.basketball-reference.com/boxscores/201701240TOR.html,"7:00 PM, January 24, 2017",Toronto Raptors,San Antonio Spurs,106,108,TOR,,,Team Totals,240,38,84,.452,6,25,.240,24,28,.857,10,35,45,10,9,8,13,25,106,,,Team Totals,240,.550,.488,.298,.333,25.0,85.4,55.6,26.3,9.1,13.1,11.9,100.0,106.7,108.7,
https://www.basketball-reference.com/boxscores/201701240WAS.html,"7:00 PM, January 24, 2017",Washington Wizards,Boston Celtics,123,108,BOS,,,Team Totals,240,38,84,.452,10,33,.303,22,24,.917,8,24,32,24,10,3,14,20,108,,,Team Totals,240,.571,.512,.393,.286,18.6,75.0,42.7,63.2,10.1,4.7,12.9,100.0,109.5,124.7,
https://www.basketball-reference.com/boxscores/201701240WAS.html,"7:00 PM, January 24, 2017",Washington Wizards,Boston Celtics,123,108,WAS,,,Team Totals,240,48,84,.571,9,20,.450,18,21,.857,8,35,43,21,7,4,16,18,123,,,Team Totals,240,.660,.625,.238,.250,25.0,81.4,57.3,43.8,7.1,7.8,14.6,100.0,124.7,109.5,
https://www.basketball-reference.com/boxscores/201701250BOS.html,"7:30 PM, January 25, 2017",Boston Celtics,Houston Rockets,120,109,HOU,,,Team Totals,240,36,77,.468,10,31,.323,27,38,.711,6,24,30,28,8,5,17,18,109,,,Team Totals,240,.582,.532,.403,.494,14.3,66.7,38.5,77.8,7.9,8.5,15.4,100.0,107.6,118.4,
https://www.basketball-reference.com/boxscores/201701250BOS.html,"7:30 PM, January 25, 2017",Boston Celtics,Houston Rockets,120,109,BOS,,,Team Totals,240,47,91,.516,11,32,.344,15,16,.938,12,36,48,33,10,3,18,27,120,,,Team Totals,240,.612,.577,.352,.176,33.3,85.7,61.5,70.2,9.9,6.5,15.5,100.0,118.4,107.6,
https://www.basketball-reference.com/boxscores/201701250BRK.html,"7:30 PM, January 25, 2017",Brooklyn Nets,Miami Heat,106,109,MIA,,,Team Totals,240,40,83,.482,11,23,.478,18,25,.720,6,34,40,23,7,6,13,25,109,,,Team Totals,240,.580,.548,.277,.301,17.1,89.5,54.8,57.5,7.1,13.3,12.1,100.0,109.9,106.8,
https://www.basketball-reference.com/boxscores/201701250BRK.html,"7:30 PM, January 25, 2017",Brooklyn Nets,Miami Heat,106,109,BRK,,,Team Totals,240,35,80,.438,13,35,.371,23,26,.885,4,29,33,20,3,4,15,25,106,,,Team Totals,240,.580,.519,.438,.325,10.5,82.9,45.2,57.1,3.0,6.7,14.1,100.0,106.8,109.9,
https://www.basketball-reference.com/boxscores/201701250CHI.html,"8:00 PM, January 25, 2017",Chicago Bulls,Atlanta Hawks,114,119,ATL,,,Team Totals,240,43,83,.518,17,30,.567,16,19,.842,6,33,39,29,5,5,14,20,119,,,Team Totals,240,.651,.620,.361,.229,17.1,73.3,48.8,67.4,5.2,7.5,13.3,100.0,122.6,117.5,
https://www.basketball-reference.com/boxscores/201701250CHI.html,"8:00 PM, January 25, 2017",Chicago Bulls,Atlanta Hawks,114,119,CHI,,,Team Totals,240,43,94,.457,8,27,.296,20,26,.769,12,29,41,18,6,5,7,16,114,,,Team Totals,240,.541,.500,.287,.277,26.7,82.9,51.3,41.9,6.2,9.4,6.2,100.0,117.5,122.6,
https://www.basketball-reference.com/boxscores/201701250CHO.html,"8:00 PM, January 25, 2017",Charlotte Hornets,Golden State Warriors,103,113,GSW,,,Team Totals,240,39,82,.476,11,28,.393,24,27,.889,5,36,41,23,7,14,12,19,113,,,Team Totals,240,.602,.543,.341,.329,13.9,75.0,48.8,59.0,7.0,20.3,11.3,100.0,113.4,103.3,
https://www.basketball-reference.com/boxscores/201701250CHO.html,"8:00 PM, January 25, 2017",Charlotte Hornets,Golden State Warriors,103,113,CHO,,,Team Totals,240,38,92,.413,7,23,.304,20,21,.952,12,31,43,26,6,6,15,18,103,,,Team Totals,240,.509,.451,.250,.228,25.0,86.1,51.2,68.4,6.0,11.1,12.9,100.0,103.3,113.4,
https://www.basketball-reference.com/boxscores/201701250CLE.html,"7:00 PM, January 25, 2017",Cleveland Cavaliers,Sacramento Kings,112,116,SAC,,,Team Totals,265,43,95,.453,11,31,.355,19,22,.864,11,36,47,29,13,3,12,28,116,,,Team Totals,265,.554,.511,.326,.232,24.4,73.5,50.0,67.4,12.8,6.8,10.3,100.0,113.8,109.9,
https://www.basketball-reference.com/boxscores/201701250CLE.html,"7:00 PM, January 25, 2017",Cleveland Cavaliers,Sacramento Kings,112,116,CLE,,,Team Totals,265,40,82,.488,15,38,.395,17,34,.500,13,34,47,29,9,6,18,21,112,,,Team Totals,265,.578,.579,.463,.415,26.5,75.6,50.0,72.5,8.8,9.4,15.7,100.0,109.9,113.8,
https://www.basketball-reference.com/boxscores/201701250DAL.html,"8:30 PM, January 25, 2017",Dallas Mavericks,New York Knicks,103,95,NYK,,,Team Totals,240,39,92,.424,7,23,.304,10,12,.833,18,37,55,17,4,2,18,21,95,,,Team Totals,240,.488,.462,.250,.130,38.3,84.1,60.4,43.6,4.3,3.5,15.6,100.0,102.6,111.2,
https://www.basketball-reference.com/boxscores/201701250DAL.html,"8:30 PM, January 25, 2017",Dallas Mavericks,New York Knicks,103,95,DAL,,,Team Totals,240,39,83,.470,6,26,.231,19,24,.792,7,29,36,19,10,7,7,12,103,,,Team Totals,240,.550,.506,.313,.289,15.9,61.7,39.6,48.7,10.8,10.1,7.0,100.0,111.2,102.6,
https://www.basketball-reference.com/boxscores/201701250MEM.html,"8:00 PM, January 25, 2017",Memphis Grizzlies,Toronto Raptors,101,99,TOR,,,Team Totals,240,39,92,.424,10,34,.294,11,19,.579,13,32,45,16,6,4,9,22,99,,,Team Totals,240,.493,.478,.370,.207,26.5,78.0,50.0,41.0,6.6,7.1,8.2,100.0,109.0,111.2,
https://www.basketball-reference.com/boxscores/201701250MEM.html,"8:00 PM, January 25, 2017",Memphis Grizzlies,Toronto Raptors,101,99,MEM,,,Team Totals,240,36,78,.462,10,22,.455,19,25,.760,9,36,45,18,3,7,10,17,101,,,Team Totals,240,.567,.526,.282,.321,22.0,73.5,50.0,50.0,3.3,12.1,10.1,100.0,111.2,109.0,
https://www.basketball-reference.com/boxscores/201701250MIL.html,"8:00 PM, January 25, 2017",Milwaukee Bucks,Philadelphia 76ers,109,114,PHI,,,Team Totals,240,40,75,.533,12,26,.462,22,25,.880,9,34,43,32,9,4,24,21,114,,,Team Totals,240,.663,.613,.347,.333,29.0,69.4,53.8,80.0,8.9,6.3,21.8,100.0,113.3,108.3,
https://www.basketball-reference.com/boxscores/201701250MIL.html,"8:00 PM, January 25, 2017",Milwaukee Bucks,Philadelphia 76ers,109,114,MIL,,,Team Totals,240,42,91,.462,7,28,.250,18,23,.783,15,22,37,26,11,4,19,22,109,,,Team Totals,240,.539,.500,.308,.253,30.6,71.0,46.3,61.9,10.9,8.2,15.8,100.0,108.3,113.3,
https://www.basketball-reference.com/boxscores/201701250NOP.html,"8:00 PM, January 25, 2017",New Orleans Pelicans,Oklahoma City Thunder,105,114,OKC,,,Team Totals,240,42,91,.462,10,27,.370,20,28,.714,12,43,55,24,6,11,16,18,114,,,Team Totals,240,.552,.516,.297,.308,24.5,82.7,54.5,57.1,5.7,15.9,13.4,100.0,108.2,99.6,
https://www.basketball-reference.com/boxscores/201701250NOP.html,"8:00 PM, January 25, 2017",New Orleans Pelicans,Oklahoma City Thunder,105,114,NOP,,,Team Totals,240,41,96,.427,11,27,.407,12,19,.632,9,37,46,23,7,9,12,23,105,,,Team Totals,240,.503,.484,.281,.198,17.3,75.5,45.5,56.1,6.6,14.1,10.3,100.0,99.6,108.2,
https://www.basketball-reference.com/boxscores/201701250POR.html,"10:30 PM, January 25, 2017",Portland Trail Blazers,Los Angeles Lakers,105,98,LAL,,,Team Totals,240,37,94,.394,11,30,.367,13,14,.929,14,37,51,16,5,9,15,17,98,,,Team Totals,240,.489,.452,.319,.149,25.9,80.4,51.0,43.2,5.1,12.0,13.0,100.0,99.0,106.1,
https://www.basketball-reference.com/boxscores/201701250POR.html,"10:30 PM, January 25, 2017",Portland Trail Blazers,Los Angeles Lakers,105,98,POR,,,Team Totals,240,43,90,.478,4,15,.267,15,20,.750,9,40,49,17,5,4,11,12,105,,,Team Totals,240,.531,.500,.167,.222,19.6,74.1,49.0,39.5,5.1,6.3,10.0,100.0,106.1,99.0,
https://www.basketball-reference.com/boxscores/201701260DEN.html,"9:00 PM, January 26, 2017",Denver Nuggets,Phoenix Suns,127,120,PHO,,,Team Totals,240,48,89,.539,10,24,.417,14,17,.824,8,20,28,21,8,2,11,26,120,,,Team Totals,240,.622,.596,.270,.191,22.9,51.3,37.8,43.8,8.4,3.2,10.2,100.0,126.4,133.8,
https://www.basketball-reference.com/boxscores/201701260DEN.html,"9:00 PM, January 26, 2017",Denver Nuggets,Phoenix Suns,127,120,DEN,,,Team Totals,240,44,86,.512,9,23,.391,30,35,.857,19,27,46,29,5,6,15,15,127,,,Team Totals,240,.626,.564,.267,.407,48.7,77.1,62.2,65.9,5.3,9.2,12.9,100.0,133.8,126.4,
https://www.basketball-reference.com/boxscores/201701260MIN.html,"8:00 PM, January 26, 2017",Minnesota Timberwolves,Indiana Pacers,103,109,IND,,,Team Totals,240,42,81,.519,10,18,.556,15,17,.882,6,38,44,21,7,4,19,22,109,,,Team Totals,240,.616,.580,.222,.210,17.6,86.4,56.4,50.0,7.1,7.4,17.7,100.0,110.3,104.2,
https://www.basketball-reference.com/boxscores/201701260MIN.html,"8:00 PM, January 26, 2017",Minnesota Timberwolves,Indiana Pacers,103,109,MIN,,,Team Totals,240,36,81,.444,10,27,.370,21,27,.778,6,28,34,27,13,5,13,20,103,,,Team Totals,240,.554,.506,.333,.333,13.6,82.4,43.6,75.0,13.2,7.9,12.3,100.0,104.2,110.3,
https://www.basketball-reference.com/boxscores/201701260OKC.html,"8:00 PM, January 26, 2017",Oklahoma City Thunder,Dallas Mavericks,109,98,DAL,,,Team Totals,240,38,84,.452,11,26,.423,11,13,.846,8,28,36,17,10,2,12,26,98,,,Team Totals,240,.546,.518,.310,.155,18.2,80.0,45.6,44.7,10.6,4.0,11.8,100.0,104.2,115.9,
https://www.basketball-reference.com/boxscores/201701260OKC.html,"8:00 PM, January 26, 2017",Oklahoma City Thunder,Dallas Mavericks,109,98,OKC,,,Team Totals,240,37,72,.514,9,22,.409,26,36,.722,7,36,43,13,7,2,17,17,109,,,Team Totals,240,.620,.576,.306,.500,20.0,81.8,54.4,35.1,7.4,3.4,16.2,100.0,115.9,104.2,
https://www.basketball-reference.com/boxscores/201701260UTA.html,"10:30 PM, January 26, 2017",Utah Jazz,Los Angeles Lakers,96,88,LAL,,,Team Totals,240,36,84,.429,4,14,.286,12,13,.923,10,38,48,13,5,2,13,24,88,,,Team Totals,240,.490,.452,.167,.155,22.7,79.2,52.2,36.1,5.6,3.6,12.7,100.0,97.8,106.7,
https://www.basketball-reference.com/boxscores/201701260UTA.html,"10:30 PM, January 26, 2017",Utah Jazz,Los Angeles Lakers,96,88,UTA,,,Team Totals,240,33,81,.407,6,26,.231,24,28,.857,10,34,44,13,7,6,8,10,96,,,Team Totals,240,.514,.444,.321,.346,20.8,77.3,47.8,39.4,7.8,8.6,7.9,100.0,106.7,97.8,
https://www.basketball-reference.com/boxscores/201701270ATL.html,"8:00 PM, January 27, 2017",Atlanta Hawks,Washington Wizards,86,112,WAS,,,Team Totals,240,43,89,.483,13,31,.419,13,19,.684,13,39,52,26,12,10,20,24,112,,,Team Totals,240,.575,.556,.348,.213,28.3,83.0,55.9,60.5,11.6,19.2,17.0,100.0,108.7,83.5,
https://www.basketball-reference.com/boxscores/201701270ATL.html,"8:00 PM, January 27, 2017",Atlanta Hawks,Washington Wizards,86,112,ATL,,,Team Totals,240,30,83,.361,9,31,.290,17,25,.680,8,33,41,18,9,8,20,16,86,,,Team Totals,240,.457,.416,.373,.301,17.0,71.7,44.1,60.0,8.7,13.8,17.5,100.0,83.5,108.7,
https://www.basketball-reference.com/boxscores/201701270BOS.html,"7:30 PM, January 27, 2017",Boston Celtics,Orlando Magic,128,98,ORL,,,Team Totals,240,38,87,.437,9,25,.360,13,18,.722,7,31,38,29,7,2,12,15,98,,,Team Totals,240,.516,.489,.287,.207,14.9,81.6,44.7,76.3,7.2,3.6,11.2,100.0,100.2,130.8,
https://www.basketball-reference.com/boxscores/201701270BOS.html,"7:30 PM, January 27, 2017",Boston Celtics,Orlando Magic,128,98,BOS,,,Team Totals,240,50,89,.562,16,34,.471,12,15,.800,7,40,47,39,8,5,10,17,128,,,Team Totals,240,.669,.652,.382,.169,18.4,85.1,55.3,78.0,8.2,8.1,9.5,100.0,130.8,100.2,
https://www.basketball-reference.com/boxscores/201701270CHI.html,"8:00 PM, January 27, 2017",Chicago Bulls,Miami Heat,88,100,MIA,,,Team Totals,240,41,89,.461,9,24,.375,9,11,.818,7,33,40,25,14,2,12,17,100,,,Team Totals,240,.533,.511,.270,.124,17.1,78.6,48.2,61.0,14.3,3.1,11.3,100.0,102.4,90.1,
https://www.basketball-reference.com/boxscores/201701270CHI.html,"8:00 PM, January 27, 2017",Chicago Bulls,Miami Heat,88,100,CHI,,,Team Totals,240,33,78,.423,3,13,.231,19,25,.760,9,34,43,19,7,9,21,12,88,,,Team Totals,240,.494,.442,.167,.321,21.4,82.9,51.8,57.6,7.2,13.8,19.1,100.0,90.1,102.4,
https://www.basketball-reference.com/boxscores/201701270CLE.html,"7:30 PM, January 27, 2017",Cleveland Cavaliers,Brooklyn Nets,124,116,BRK,,,Team Totals,240,43,87,.494,16,33,.485,14,16,.875,4,33,37,23,9,2,11,15,116,,,Team Totals,240,.617,.586,.379,.184,9.5,78.6,44.0,53.5,8.8,3.6,10.5,100.0,113.7,121.5,
https://www.basketball-reference.com/boxscores/201701270CLE.html,"7:30 PM, January 27, 2017",Cleveland Cavaliers,Brooklyn Nets,124,116,CLE,,,Team Totals,240,49,92,.533,13,36,.361,13,20,.650,9,38,47,26,4,5,14,14,124,,,Team Totals,240,.615,.603,.391,.217,21.4,90.5,56.0,53.1,3.9,9.3,12.2,100.0,121.5,113.7,
https://www.basketball-reference.com/boxscores/201701270IND.html,"7:00 PM, January 27, 2017",Indiana Pacers,Sacramento Kings,115,111,SAC,,,Team Totals,265,35,70,.500,13,25,.520,28,36,.778,10,33,43,22,7,1,19,30,111,,,Team Totals,265,.647,.593,.357,.514,31.3,82.5,59.7,62.9,7.6,2.0,18.1,100.0,119.7,124.1,
https://www.basketball-reference.com/boxscores/201701270IND.html,"7:00 PM, January 27, 2017",Indiana Pacers,Sacramento Kings,115,111,IND,,,Team Totals,265,38,78,.487,10,28,.357,29,33,.879,7,22,29,19,14,4,10,24,115,,,Team Totals,265,.621,.551,.359,.423,17.5,68.8,40.3,50.0,15.1,8.9,9.8,100.0,124.1,119.7,
https://www.basketball-reference.com/boxscores/201701270NOP.html,"8:00 PM, January 27, 2017",New Orleans Pelicans,San Antonio Spurs,119,103,SAS,,,Team Totals,240,33,85,.388,12,28,.429,25,29,.862,12,32,44,20,10,4,12,13,103,,,Team Totals,240,.527,.459,.329,.341,23.5,69.6,45.4,60.6,10.3,6.3,10.9,100.0,106.5,123.0,
https://www.basketball-reference.com/boxscores/201701270NOP.html,"8:00 PM, January 27, 2017",New Orleans Pelicans,San Antonio Spurs,119,103,NOP,,,Team Totals,240,48,93,.516,13,30,.433,10,14,.714,14,39,53,29,8,6,14,20,119,,,Team Totals,240,.600,.586,.323,.151,30.4,76.5,54.6,60.4,8.3,10.5,12.4,100.0,123.0,106.5,
https://www.basketball-reference.com/boxscores/201701270NYK.html,"7:30 PM, January 27, 2017",New York Knicks,Charlotte Hornets,110,107,CHO,,,Team Totals,240,40,90,.444,13,37,.351,14,15,.933,9,38,47,18,5,4,13,16,107,,,Team Totals,240,.554,.517,.411,.167,19.6,77.6,49.5,45.0,5.1,5.8,11.9,100.0,108.2,111.3,
https://www.basketball-reference.com/boxscores/201701270NYK.html,"7:30 PM, January 27, 2017",New York Knicks,Charlotte Hornets,110,107,NYK,,,Team Totals,240,46,96,.479,9,27,.333,9,13,.692,11,37,48,22,8,9,10,18,110,,,Team Totals,240,.541,.526,.281,.135,22.4,80.4,50.5,47.8,8.1,17.0,9.0,100.0,111.3,108.2,
https://www.basketball-reference.com/boxscores/201701270PHI.html,"8:00 PM, January 27, 2017",Philadelphia 76ers,Houston Rockets,118,123,HOU,,,Team Totals,240,42,81,.519,12,31,.387,27,28,.964,6,35,41,25,10,4,25,29,123,,,Team Totals,240,.659,.593,.383,.346,18.8,92.1,58.6,59.5,9.1,7.5,21.1,100.0,112.3,107.7,
https://www.basketball-reference.com/boxscores/201701270PHI.html,"8:00 PM, January 27, 2017",Philadelphia 76ers,Houston Rockets,118,123,PHI,,,Team Totals,240,42,78,.538,10,25,.400,24,32,.750,3,26,29,29,14,6,22,25,118,,,Team Totals,240,.641,.603,.321,.410,7.9,81.3,41.4,69.0,12.8,12.0,19.3,100.0,107.7,112.3,
https://www.basketball-reference.com/boxscores/201701270POR.html,"10:00 PM, January 27, 2017",Portland Trail Blazers,Memphis Grizzlies,112,109,MEM,,,Team Totals,240,37,77,.481,9,26,.346,26,33,.788,10,32,42,24,6,5,11,19,109,,,Team Totals,240,.595,.539,.338,.429,28.6,80.0,56.0,64.9,6.6,10.9,10.7,100.0,120.3,123.6,
https://www.basketball-reference.com/boxscores/201701270POR.html,"10:00 PM, January 27, 2017",Portland Trail Blazers,Memphis Grizzlies,112,109,POR,,,Team Totals,240,38,81,.469,16,35,.457,20,21,.952,8,25,33,24,2,3,12,26,112,,,Team Totals,240,.621,.568,.432,.259,20.0,71.4,44.0,63.2,2.2,5.9,11.7,100.0,123.6,120.3,
https://www.basketball-reference.com/boxscores/201701270TOR.html,"7:30 PM, January 27, 2017",Toronto Raptors,Milwaukee Bucks,102,86,MIL,,,Team Totals,240,31,80,.388,7,23,.304,17,24,.708,12,31,43,19,6,7,19,22,86,,,Team Totals,240,.475,.431,.288,.300,25.5,72.1,47.8,61.3,6.3,11.9,17.3,100.0,90.3,107.2,
https://www.basketball-reference.com/boxscores/201701270TOR.html,"7:30 PM, January 27, 2017",Toronto Raptors,Milwaukee Bucks,102,86,TOR,,,Team Totals,240,37,84,.440,10,25,.400,18,23,.783,12,35,47,20,9,10,16,19,102,,,Team Totals,240,.542,.500,.298,.274,27.9,74.5,52.2,54.1,9.5,17.5,14.5,100.0,107.2,90.3,
https://www.basketball-reference.com/boxscores/201701280CHO.html,"7:00 PM, January 28, 2017",Charlotte Hornets,Sacramento Kings,106,109,SAC,,,Team Totals,240,41,79,.519,11,27,.407,16,26,.615,8,30,38,27,6,5,10,23,109,,,Team Totals,240,.603,.589,.342,.329,22.9,81.1,52.8,65.9,6.7,13.2,10.0,100.0,122.6,119.2,
https://www.basketball-reference.com/boxscores/201701280CHO.html,"7:00 PM, January 28, 2017",Charlotte Hornets,Sacramento Kings,106,109,CHO,,,Team Totals,240,36,75,.480,12,37,.324,22,24,.917,7,27,34,24,4,7,11,25,106,,,Team Totals,240,.619,.560,.493,.320,18.9,77.1,47.2,66.7,4.5,13.5,11.4,100.0,119.2,122.6,
https://www.basketball-reference.com/boxscores/201701280GSW.html,"8:30 PM, January 28, 2017",Golden State Warriors,Los Angeles Clippers,144,98,LAC,,,Team Totals,240,36,82,.439,12,28,.429,14,22,.636,8,24,32,24,7,2,14,18,98,,,Team Totals,240,.534,.512,.341,.268,17.0,72.7,40.0,66.7,7.2,3.4,13.2,100.0,100.2,147.2,
https://www.basketball-reference.com/boxscores/201701280GSW.html,"8:30 PM, January 28, 2017",Golden State Warriors,Los Angeles Clippers,144,98,GSW,,,Team Totals,240,57,92,.620,17,34,.500,13,16,.813,9,39,48,35,9,7,11,17,144,,,Team Totals,240,.727,.712,.370,.174,27.3,83.0,60.0,61.4,9.2,13.0,10.0,100.0,147.2,100.2,
https://www.basketball-reference.com/boxscores/201701280MIA.html,"7:30 PM, January 28, 2017",Miami Heat,Detroit Pistons,116,103,DET,,,Team Totals,240,46,89,.517,4,12,.333,7,12,.583,13,29,42,11,6,3,12,16,103,,,Team Totals,240,.546,.539,.135,.135,31.0,76.3,52.5,23.9,6.6,5.8,11.3,100.0,113.1,127.4,
https://www.basketball-reference.com/boxscores/201701280MIA.html,"7:30 PM, January 28, 2017",Miami Heat,Detroit Pistons,116,103,MIA,,,Team Totals,240,42,80,.525,14,28,.500,18,23,.783,9,29,38,18,6,6,11,19,116,,,Team Totals,240,.644,.613,.350,.288,23.7,69.0,47.5,42.9,6.6,7.8,10.9,100.0,127.4,113.1,
https://www.basketball-reference.com/boxscores/201701280MIL.html,"8:00 PM, January 28, 2017",Milwaukee Bucks,Boston Celtics,108,112,BOS,,,Team Totals,265,37,89,.416,14,41,.341,24,30,.800,9,35,44,26,6,7,13,23,112,,,Team Totals,265,.548,.494,.461,.337,19.1,79.5,48.4,70.3,5.8,10.6,11.3,100.0,107.6,103.7,
https://www.basketball-reference.com/boxscores/201701280MIL.html,"8:00 PM, January 28, 2017",Milwaukee Bucks,Boston Celtics,108,112,MIL,,,Team Totals,265,37,87,.425,9,21,.429,25,32,.781,9,38,47,23,6,6,16,25,108,,,Team Totals,265,.534,.477,.241,.368,20.5,80.9,51.6,62.2,5.8,12.5,13.7,100.0,103.7,107.6,
https://www.basketball-reference.com/boxscores/201701280MIN.html,"9:00 PM, January 28, 2017",Minnesota Timberwolves,Brooklyn Nets,129,109,BRK,,,Team Totals,240,41,85,.482,7,21,.333,20,25,.800,5,35,40,20,6,6,15,18,109,,,Team Totals,240,.568,.524,.247,.294,12.2,72.9,44.9,48.8,5.8,8.2,13.5,100.0,104.9,124.2,
https://www.basketball-reference.com/boxscores/201701280MIN.html,"9:00 PM, January 28, 2017",Minnesota Timberwolves,Brooklyn Nets,129,109,MIN,,,Team Totals,240,47,93,.505,9,20,.450,26,32,.813,13,36,49,27,8,8,11,21,129,,,Team Totals,240,.602,.554,.215,.344,27.1,87.8,55.1,57.4,7.7,12.5,9.3,100.0,124.2,104.9,
https://www.basketball-reference.com/boxscores/201701280PHO.html,"9:00 PM, January 28, 2017",Phoenix Suns,Denver Nuggets,112,123,DEN,,,Team Totals,240,39,80,.488,8,25,.320,37,42,.881,9,39,48,17,7,3,15,25,123,,,Team Totals,240,.624,.538,.313,.525,22.0,78.0,52.7,43.6,6.8,4.3,13.2,100.0,119.9,109.2,
https://www.basketball-reference.com/boxscores/201701280PHO.html,"9:00 PM, January 28, 2017",Phoenix Suns,Denver Nuggets,112,123,PHO,,,Team Totals,240,41,91,.451,6,21,.286,24,32,.750,11,32,43,20,9,3,11,36,112,,,Team Totals,240,.533,.484,.231,.352,22.0,78.0,47.3,48.8,8.8,5.5,9.5,100.0,109.2,119.9,
https://www.basketball-reference.com/boxscores/201701280UTA.html,"9:00 PM, January 28, 2017",Utah Jazz,Memphis Grizzlies,95,102,MEM,,,Team Totals,240,41,80,.513,11,26,.423,9,10,.900,7,24,31,13,8,1,7,23,102,,,Team Totals,240,.604,.581,.325,.125,20.6,85.7,50.0,31.7,9.8,2.7,7.7,100.0,124.4,115.9,
https://www.basketball-reference.com/boxscores/201701280UTA.html,"9:00 PM, January 28, 2017",Utah Jazz,Memphis Grizzlies,95,102,UTA,,,Team Totals,240,29,62,.468,10,25,.400,27,29,.931,4,27,31,19,3,4,13,18,95,,,Team Totals,240,.635,.548,.403,.468,14.3,79.4,50.0,65.5,3.7,7.4,14.8,100.0,115.9,124.4,
https://www.basketball-reference.com/boxscores/201701290ATL.html,"3:00 PM, January 29, 2017",Atlanta Hawks,New York Knicks,142,139,NYK,,,Team Totals,340,51,128,.398,18,51,.353,19,23,.826,15,48,63,32,9,11,14,39,139,,,Team Totals,340,.503,.469,.398,.180,24.2,73.8,49.6,62.7,6.9,12.5,9.2,100.0,106.3,108.6,
https://www.basketball-reference.com/boxscores/201701290ATL.html,"3:00 PM, January 29, 2017",Atlanta Hawks,New York Knicks,142,139,ATL,,,Team Totals,340,52,119,.437,10,31,.323,28,40,.700,17,47,64,36,4,2,14,24,142,,,Team Totals,340,.520,.479,.261,.336,26.2,75.8,50.4,69.2,3.1,2.6,9.3,100.0,108.6,106.3,
https://www.basketball-reference.com/boxscores/201701290CHI.html,"7:00 PM, January 29, 2017",Chicago Bulls,Philadelphia 76ers,121,108,PHI,,,Team Totals,240,44,99,.444,10,28,.357,10,14,.714,11,32,43,26,8,8,13,22,108,,,Team Totals,240,.514,.495,.283,.141,22.0,76.2,46.7,59.1,7.8,10.7,11.0,100.0,105.0,117.7,
https://www.basketball-reference.com/boxscores/201701290CHI.html,"7:00 PM, January 29, 2017",Chicago Bulls,Philadelphia 76ers,121,108,CHI,,,Team Totals,240,45,89,.506,8,14,.571,23,28,.821,10,39,49,29,8,5,12,11,121,,,Team Totals,240,.597,.551,.157,.315,23.8,78.0,53.3,64.4,7.8,7.0,10.6,100.0,117.7,105.0,
https://www.basketball-reference.com/boxscores/201701290CLE.html,"3:30 PM, January 29, 2017",Cleveland Cavaliers,Oklahoma City Thunder,107,91,OKC,,,Team Totals,240,37,100,.370,6,26,.231,11,16,.688,13,42,55,20,5,4,16,19,91,,,Team Totals,240,.425,.400,.260,.160,23.2,84.0,51.9,54.1,4.8,6.3,13.0,100.0,87.2,102.5,
https://www.basketball-reference.com/boxscores/201701290CLE.html,"3:30 PM, January 29, 2017",Cleveland Cavaliers,Oklahoma City Thunder,107,91,CLE,,,Team Totals,240,41,92,.446,8,29,.276,17,22,.773,8,43,51,22,9,6,10,16,107,,,Team Totals,240,.526,.489,.315,.239,16.0,76.8,48.1,53.7,8.6,8.1,9.0,100.0,102.5,87.2,
https://www.basketball-reference.com/boxscores/201701290IND.html,"6:00 PM, January 29, 2017",Indiana Pacers,Houston Rockets,120,101,HOU,,,Team Totals,240,34,83,.410,11,39,.282,22,25,.880,11,30,41,21,7,6,15,24,101,,,Team Totals,240,.537,.476,.470,.301,23.9,81.1,49.4,61.8,7.2,9.1,13.8,100.0,103.7,123.2,
https://www.basketball-reference.com/boxscores/201701290IND.html,"6:00 PM, January 29, 2017",Indiana Pacers,Houston Rockets,120,101,IND,,,Team Totals,240,47,87,.540,5,21,.238,21,26,.808,7,35,42,28,9,7,10,21,120,,,Team Totals,240,.610,.569,.241,.299,18.9,76.1,50.6,59.6,9.2,15.9,9.2,100.0,123.2,103.7,
https://www.basketball-reference.com/boxscores/201701290NOP.html,"6:00 PM, January 29, 2017",New Orleans Pelicans,Washington Wizards,94,107,WAS,,,Team Totals,240,45,89,.506,10,21,.476,7,10,.700,10,35,45,28,9,3,11,17,107,,,Team Totals,240,.573,.562,.236,.112,23.8,77.8,51.7,62.2,9.6,5.8,10.5,100.0,114.5,100.6,
https://www.basketball-reference.com/boxscores/201701290NOP.html,"6:00 PM, January 29, 2017",New Orleans Pelicans,Washington Wizards,94,107,NOP,,,Team Totals,240,38,84,.452,10,32,.313,8,15,.533,10,32,42,25,8,3,15,12,94,,,Team Totals,240,.519,.512,.381,.179,22.2,76.2,48.3,65.8,8.6,4.4,14.2,100.0,100.6,114.5,
https://www.basketball-reference.com/boxscores/201701290POR.html,"9:00 PM, January 29, 2017",Portland Trail Blazers,Golden State Warriors,111,113,GSW,,,Team Totals,240,36,79,.456,8,26,.308,33,39,.846,8,31,39,28,13,6,18,18,113,,,Team Totals,240,.588,.506,.329,.494,19.5,77.5,48.1,77.8,12.5,9.1,15.8,100.0,108.6,106.7,
https://www.basketball-reference.com/boxscores/201701290POR.html,"9:00 PM, January 29, 2017",Portland Trail Blazers,Golden State Warriors,111,113,POR,,,Team Totals,240,46,93,.495,10,27,.370,9,12,.750,9,33,42,26,11,2,18,24,111,,,Team Totals,240,.565,.548,.290,.129,22.5,80.5,51.9,56.5,10.6,3.8,15.5,100.0,106.7,108.6,
https://www.basketball-reference.com/boxscores/201701290SAS.html,"7:00 PM, January 29, 2017",San Antonio Spurs,Dallas Mavericks,101,105,DAL,,,Team Totals,240,39,87,.448,12,34,.353,15,16,.938,6,35,41,20,6,5,7,19,105,,,Team Totals,240,.558,.517,.391,.184,13.0,87.5,47.7,51.3,6.3,8.2,6.9,100.0,109.9,105.8,
https://www.basketball-reference.com/boxscores/201701290SAS.html,"7:00 PM, January 29, 2017",San Antonio Spurs,Dallas Mavericks,101,105,SAS,,,Team Totals,240,39,83,.470,8,22,.364,15,23,.652,5,40,45,26,2,4,11,20,101,,,Team Totals,240,.542,.518,.265,.277,12.5,87.0,52.3,66.7,2.1,7.5,10.6,100.0,105.8,109.9,
https://www.basketball-reference.com/boxscores/201701290TOR.html,"6:00 PM, January 29, 2017",Toronto Raptors,Orlando Magic,113,114,ORL,,,Team Totals,240,42,79,.532,10,23,.435,20,26,.769,6,30,36,25,6,6,12,28,114,,,Team Totals,240,.630,.595,.291,.329,16.2,76.9,47.4,59.5,6.3,11.8,11.7,100.0,119.5,118.5,
https://www.basketball-reference.com/boxscores/201701290TOR.html,"6:00 PM, January 29, 2017",Toronto Raptors,Orlando Magic,113,114,TOR,,,Team Totals,240,36,79,.456,12,28,.429,29,36,.806,9,31,40,19,8,3,13,20,113,,,Team Totals,240,.596,.532,.354,.456,23.1,83.8,52.6,52.8,8.4,5.4,12.1,100.0,118.5,119.5,
https://www.basketball-reference.com/boxscores/201701300BOS.html,"8:00 PM, January 30, 2017",Boston Celtics,Detroit Pistons,113,109,DET,,,Team Totals,240,43,97,.443,3,27,.111,20,29,.690,12,39,51,18,6,7,7,23,109,,,Team Totals,240,.497,.459,.278,.299,24.0,86.7,53.7,41.9,6.0,14.0,6.0,100.0,108.8,112.8,
https://www.basketball-reference.com/boxscores/201701300BOS.html,"8:00 PM, January 30, 2017",Boston Celtics,Detroit Pistons,113,109,BOS,,,Team Totals,240,36,82,.439,13,32,.406,28,33,.848,6,38,44,23,6,5,10,18,113,,,Team Totals,240,.585,.518,.390,.402,13.3,76.0,46.3,63.9,6.0,7.1,9.4,100.0,112.8,108.8,
https://www.basketball-reference.com/boxscores/201701300DAL.html,"8:30 PM, January 30, 2017",Dallas Mavericks,Cleveland Cavaliers,104,97,CLE,,,Team Totals,240,35,75,.467,12,32,.375,15,21,.714,6,36,42,17,6,3,17,17,97,,,Team Totals,240,.576,.547,.427,.280,16.2,80.0,51.2,48.6,6.5,5.6,16.8,100.0,104.5,112.1,
https://www.basketball-reference.com/boxscores/201701300DAL.html,"8:30 PM, January 30, 2017",Dallas Mavericks,Cleveland Cavaliers,104,97,DAL,,,Team Totals,240,39,86,.453,9,32,.281,17,18,.944,9,31,40,19,11,2,9,17,104,,,Team Totals,240,.554,.506,.372,.209,20.0,83.8,48.8,48.7,11.9,4.7,8.7,100.0,112.1,104.5,
https://www.basketball-reference.com/boxscores/201701300MIA.html,"7:30 PM, January 30, 2017",Miami Heat,Brooklyn Nets,104,96,BRK,,,Team Totals,240,37,87,.425,4,26,.154,18,22,.818,15,38,53,16,7,4,16,23,96,,,Team Totals,240,.496,.448,.299,.253,34.1,88.4,60.9,43.2,7.4,7.1,14.2,100.0,100.8,109.2,
https://www.basketball-reference.com/boxscores/201701300MIA.html,"7:30 PM, January 30, 2017",Miami Heat,Brooklyn Nets,104,96,MIA,,,Team Totals,240,39,82,.476,11,26,.423,15,23,.652,5,29,34,22,9,8,11,18,104,,,Team Totals,240,.564,.543,.317,.280,11.6,65.9,39.1,56.4,9.5,13.1,10.7,100.0,109.2,100.8,
https://www.basketball-reference.com/boxscores/201701300MIN.html,"8:00 PM, January 30, 2017",Minnesota Timberwolves,Orlando Magic,111,105,ORL,,,Team Totals,265,41,96,.427,10,35,.286,13,19,.684,11,37,48,22,7,3,11,25,105,,,Team Totals,265,.503,.479,.365,.198,21.2,80.4,49.0,53.7,6.8,4.8,9.5,100.0,102.5,108.4,
https://www.basketball-reference.com/boxscores/201701300MIN.html,"8:00 PM, January 30, 2017",Minnesota Timberwolves,Orlando Magic,111,105,MIN,,,Team Totals,265,40,91,.440,12,29,.414,19,26,.731,9,41,50,29,3,11,12,20,111,,,Team Totals,265,.542,.505,.319,.286,19.6,78.8,51.0,72.5,2.9,18.0,10.5,100.0,108.4,102.5,
https://www.basketball-reference.com/boxscores/201701300PHI.html,"6:00 PM, January 30, 2017",Philadelphia 76ers,Sacramento Kings,122,119,SAC,,,Team Totals,240,41,74,.554,13,29,.448,24,29,.828,9,24,33,31,7,3,21,28,119,,,Team Totals,240,.686,.642,.392,.392,31.0,72.7,53.2,75.6,7.2,5.8,19.5,100.0,122.7,125.8,
https://www.basketball-reference.com/boxscores/201701300PHI.html,"6:00 PM, January 30, 2017",Philadelphia 76ers,Sacramento Kings,122,119,PHI,,,Team Totals,240,45,83,.542,11,31,.355,21,26,.808,9,20,29,32,13,2,16,18,122,,,Team Totals,240,.646,.608,.373,.313,27.3,69.0,46.8,71.1,13.4,4.4,14.5,100.0,125.8,122.7,
https://www.basketball-reference.com/boxscores/201701300PHO.html,"10:30 PM, January 30, 2017",Phoenix Suns,Memphis Grizzlies,96,115,MEM,,,Team Totals,240,39,80,.488,16,28,.571,21,24,.875,10,34,44,25,13,2,18,27,115,,,Team Totals,240,.635,.588,.350,.300,25.6,72.3,51.2,64.1,13.7,3.6,16.6,100.0,120.9,100.9,
https://www.basketball-reference.com/boxscores/201701300PHO.html,"10:30 PM, January 30, 2017",Phoenix Suns,Memphis Grizzlies,96,115,PHO,,,Team Totals,240,31,74,.419,5,19,.263,29,39,.744,13,29,42,11,8,8,17,19,96,,,Team Totals,240,.527,.453,.257,.527,27.7,74.4,48.8,35.5,8.4,15.4,15.7,100.0,100.9,120.9,
https://www.basketball-reference.com/boxscores/201701310HOU.html,"8:00 PM, January 31, 2017",Houston Rockets,Sacramento Kings,105,83,SAC,,,Team Totals,240,30,86,.349,8,29,.276,15,26,.577,10,35,45,22,9,7,11,17,83,,,Team Totals,240,.426,.395,.337,.302,16.9,76.1,42.9,73.3,9.3,17.5,10.1,100.0,86.0,108.8,
https://www.basketball-reference.com/boxscores/201701310HOU.html,"8:00 PM, January 31, 2017",Houston Rockets,Sacramento Kings,105,83,HOU,,,Team Totals,240,38,85,.447,14,45,.311,15,22,.682,11,49,60,28,4,4,14,24,105,,,Team Totals,240,.554,.529,.529,.259,23.9,83.1,57.1,73.7,4.1,7.0,12.9,100.0,108.8,86.0,
https://www.basketball-reference.com/boxscores/201701310LAL.html,"10:30 PM, January 31, 2017",Los Angeles Lakers,Denver Nuggets,120,116,DEN,,,Team Totals,240,41,99,.414,15,27,.556,19,23,.826,20,31,51,26,12,5,11,18,116,,,Team Totals,240,.532,.490,.273,.232,37.0,75.6,53.7,63.4,12.2,7.9,9.2,100.0,118.1,122.2,
https://www.basketball-reference.com/boxscores/201701310LAL.html,"10:30 PM, January 31, 2017",Los Angeles Lakers,Denver Nuggets,120,116,LAL,,,Team Totals,240,47,89,.528,12,26,.462,14,18,.778,10,34,44,25,7,10,15,16,120,,,Team Totals,240,.619,.596,.292,.202,24.4,63.0,46.3,53.2,7.1,13.9,13.4,100.0,122.2,118.1,
https://www.basketball-reference.com/boxscores/201701310POR.html,"10:00 PM, January 31, 2017",Portland Trail Blazers,Charlotte Hornets,115,98,CHO,,,Team Totals,240,33,83,.398,11,31,.355,21,25,.840,3,39,42,20,3,6,10,13,98,,,Team Totals,240,.521,.464,.373,.301,7.0,78.0,45.2,60.6,3.0,9.7,9.6,100.0,99.3,116.5,
https://www.basketball-reference.com/boxscores/201701310POR.html,"10:00 PM, January 31, 2017",Portland Trail Blazers,Charlotte Hornets,115,98,POR,,,Team Totals,240,42,93,.452,11,31,.355,20,23,.870,11,40,51,23,8,2,8,18,115,,,Team Totals,240,.558,.511,.333,.247,22.0,93.0,54.8,54.8,8.1,3.8,7.2,100.0,116.5,99.3,
https://www.basketball-reference.com/boxscores/201701310SAS.html,"8:30 PM, January 31, 2017",San Antonio Spurs,Oklahoma City Thunder,108,94,OKC,,,Team Totals,240,30,85,.353,7,28,.250,27,32,.844,12,38,50,21,12,7,20,30,94,,,Team Totals,240,.474,.394,.329,.376,23.1,79.2,50.0,70.0,11.3,10.8,16.8,100.0,88.9,102.1,
https://www.basketball-reference.com/boxscores/201701310SAS.html,"8:30 PM, January 31, 2017",San Antonio Spurs,Oklahoma City Thunder,108,94,SAS,,,Team Totals,240,37,86,.430,7,21,.333,27,38,.711,10,40,50,16,12,13,17,25,108,,,Team Totals,240,.526,.471,.244,.442,20.8,76.9,50.0,43.2,11.3,22.8,14.2,100.0,102.1,88.9,
https://www.basketball-reference.com/boxscores/201701310TOR.html,"7:00 PM, January 31, 2017",Toronto Raptors,New Orleans Pelicans,108,106,NOP,,,Team Totals,265,40,94,.426,12,30,.400,14,19,.737,13,34,47,17,11,7,13,16,106,,,Team Totals,265,.518,.489,.319,.202,24.1,72.3,46.5,42.5,11.0,11.1,11.3,100.0,105.7,107.7,
https://www.basketball-reference.com/boxscores/201701310TOR.html,"7:00 PM, January 31, 2017",Toronto Raptors,New Orleans Pelicans,108,106,TOR,,,Team Totals,265,43,94,.457,10,31,.323,12,15,.800,13,41,54,19,5,6,15,19,108,,,Team Totals,265,.537,.511,.330,.160,27.7,75.9,53.5,44.2,5.0,9.4,13.0,100.0,107.7,105.7,
https://www.basketball-reference.com/boxscores/201701310WAS.html,"7:00 PM, January 31, 2017",Washington Wizards,New York Knicks,117,101,NYK,,,Team Totals,240,34,93,.366,5,24,.208,28,35,.800,22,29,51,18,8,2,12,17,101,,,Team Totals,240,.466,.392,.258,.376,37.3,76.3,52.6,52.9,8.4,3.0,10.0,100.0,105.4,122.1,
https://www.basketball-reference.com/boxscores/201701310WAS.html,"7:00 PM, January 31, 2017",Washington Wizards,New York Knicks,117,101,WAS,,,Team Totals,240,49,88,.557,7,22,.318,12,15,.800,9,37,46,27,4,4,12,25,117,,,Team Totals,240,.618,.597,.250,.170,23.7,62.7,47.4,55.1,4.2,5.8,11.3,100.0,122.1,105.4,
https://www.basketball-reference.com/boxscores/201702010BOS.html,"7:30 PM, February 1, 2017",Boston Celtics,Toronto Raptors,109,104,TOR,,,Team Totals,240,41,78,.526,8,31,.258,14,25,.560,8,33,41,17,6,5,16,29,104,,,Team Totals,240,.584,.577,.397,.321,22.9,73.3,51.3,41.5,6.3,9.8,15.2,100.0,109.8,115.1,
https://www.basketball-reference.com/boxscores/201702010BOS.html,"7:30 PM, February 1, 2017",Boston Celtics,Toronto Raptors,109,104,BOS,,,Team Totals,240,36,87,.414,12,36,.333,25,30,.833,12,27,39,24,6,2,10,21,109,,,Team Totals,240,.544,.483,.414,.345,26.7,77.1,48.8,66.7,6.3,4.3,9.1,100.0,115.1,109.8,
https://www.basketball-reference.com/boxscores/201702010BRK.html,"7:30 PM, February 1, 2017",Brooklyn Nets,New York Knicks,90,95,NYK,,,Team Totals,240,35,99,.354,6,27,.222,19,31,.613,21,37,58,23,16,7,13,18,95,,,Team Totals,240,.422,.384,.273,.313,36.2,75.5,54.2,65.7,15.9,11.1,10.3,100.0,94.2,89.3,
https://www.basketball-reference.com/boxscores/201702010BRK.html,"7:30 PM, February 1, 2017",Brooklyn Nets,New York Knicks,90,95,BRK,,,Team Totals,240,37,88,.420,5,25,.200,11,16,.688,12,37,49,17,4,7,21,24,90,,,Team Totals,240,.473,.449,.284,.182,24.5,63.8,45.8,45.9,4.0,9.7,18.1,100.0,89.3,94.2,
https://www.basketball-reference.com/boxscores/201702010CLE.html,"7:00 PM, February 1, 2017",Cleveland Cavaliers,Minnesota Timberwolves,125,97,MIN,,,Team Totals,240,41,94,.436,7,21,.333,8,10,.800,12,26,38,26,7,3,13,19,97,,,Team Totals,240,.493,.473,.223,.106,25.0,68.4,44.2,63.4,7.3,5.8,11.7,100.0,101.7,131.0,
https://www.basketball-reference.com/boxscores/201702010CLE.html,"7:00 PM, February 1, 2017",Cleveland Cavaliers,Minnesota Timberwolves,125,97,CLE,,,Team Totals,240,48,89,.539,15,37,.405,14,22,.636,12,36,48,37,10,10,10,13,125,,,Team Totals,240,.633,.624,.416,.247,31.6,75.0,55.8,77.1,10.5,13.7,9.2,100.0,131.0,101.7,
https://www.basketball-reference.com/boxscores/201702010DAL.html,"8:30 PM, February 1, 2017",Dallas Mavericks,Philadelphia 76ers,113,95,PHI,,,Team Totals,240,35,77,.455,6,22,.273,19,26,.731,5,34,39,21,5,2,13,21,95,,,Team Totals,240,.537,.494,.286,.338,12.2,69.4,43.3,60.0,5.3,3.3,12.8,100.0,101.0,120.2,
https://www.basketball-reference.com/boxscores/201702010DAL.html,"8:30 PM, February 1, 2017",Dallas Mavericks,Philadelphia 76ers,113,95,DAL,,,Team Totals,240,40,86,.465,10,26,.385,23,28,.821,15,36,51,22,10,4,11,19,113,,,Team Totals,240,.575,.523,.302,.326,30.6,87.8,56.7,55.0,10.6,7.3,10.1,100.0,120.2,101.0,
https://www.basketball-reference.com/boxscores/201702010DEN.html,"9:00 PM, February 1, 2017",Denver Nuggets,Memphis Grizzlies,99,119,MEM,,,Team Totals,240,45,92,.489,14,30,.467,15,20,.750,11,35,46,28,6,4,8,24,119,,,Team Totals,240,.590,.565,.326,.217,24.4,76.1,50.5,62.2,6.2,7.3,7.4,100.0,122.4,101.8,
https://www.basketball-reference.com/boxscores/201702010DEN.html,"9:00 PM, February 1, 2017",Denver Nuggets,Memphis Grizzlies,99,119,DEN,,,Team Totals,240,32,80,.400,9,25,.360,26,35,.743,11,34,45,25,7,2,17,17,99,,,Team Totals,240,.519,.456,.313,.438,23.9,75.6,49.5,78.1,7.2,3.2,15.1,100.0,101.8,122.4,
https://www.basketball-reference.com/boxscores/201702010DET.html,"7:30 PM, February 1, 2017",Detroit Pistons,New Orleans Pelicans,118,98,NOP,,,Team Totals,240,41,82,.500,5,21,.238,11,14,.786,3,32,35,21,6,5,15,15,98,,,Team Totals,240,.556,.530,.256,.171,7.5,86.5,45.5,51.2,6.1,8.1,14.5,100.0,98.8,119.0,
https://www.basketball-reference.com/boxscores/201702010DET.html,"7:30 PM, February 1, 2017",Detroit Pistons,New Orleans Pelicans,118,98,DET,,,Team Totals,240,48,88,.545,10,26,.385,12,17,.706,5,37,42,28,9,0,10,13,118,,,Team Totals,240,.618,.602,.295,.193,13.5,92.5,54.5,58.3,9.1,0.0,9.5,100.0,119.0,98.8,
https://www.basketball-reference.com/boxscores/201702010GSW.html,"10:30 PM, February 1, 2017",Golden State Warriors,Charlotte Hornets,126,111,CHO,,,Team Totals,240,39,88,.443,9,31,.290,24,26,.923,6,39,45,33,4,3,10,14,111,,,Team Totals,240,.558,.494,.352,.295,13.6,81.3,48.9,84.6,3.9,6.3,9.1,100.0,109.3,124.1,
https://www.basketball-reference.com/boxscores/201702010GSW.html,"10:30 PM, February 1, 2017",Golden State Warriors,Charlotte Hornets,126,111,GSW,,,Team Totals,240,47,96,.490,21,48,.438,11,14,.786,9,38,47,35,9,13,10,18,126,,,Team Totals,240,.617,.599,.500,.146,18.8,86.4,51.1,74.5,8.9,22.8,8.9,100.0,124.1,109.3,
https://www.basketball-reference.com/boxscores/201702010MIA.html,"7:30 PM, February 1, 2017",Miami Heat,Atlanta Hawks,116,93,ATL,,,Team Totals,240,34,86,.395,7,26,.269,18,21,.857,9,34,43,13,10,6,16,14,93,,,Team Totals,240,.488,.436,.302,.244,19.6,77.3,47.8,38.2,9.9,9.8,14.4,100.0,92.3,115.2,
https://www.basketball-reference.com/boxscores/201702010MIA.html,"7:30 PM, February 1, 2017",Miami Heat,Atlanta Hawks,116,93,MIA,,,Team Totals,240,45,93,.484,12,32,.375,14,19,.737,10,37,47,23,10,11,13,18,116,,,Team Totals,240,.572,.548,.344,.204,22.7,80.4,52.2,51.1,9.9,18.3,11.4,100.0,115.2,92.3,
https://www.basketball-reference.com/boxscores/201702010OKC.html,"9:30 PM, February 1, 2017",Oklahoma City Thunder,Chicago Bulls,100,128,CHI,,,Team Totals,240,49,81,.605,6,15,.400,24,30,.800,4,38,42,25,7,2,9,19,128,,,Team Totals,240,.679,.642,.185,.370,13.3,77.6,53.2,51.0,7.1,3.2,8.7,100.0,129.1,100.8,
https://www.basketball-reference.com/boxscores/201702010OKC.html,"9:30 PM, February 1, 2017",Oklahoma City Thunder,Chicago Bulls,100,128,OKC,,,Team Totals,240,38,100,.380,10,37,.270,14,17,.824,11,26,37,17,6,4,9,23,100,,,Team Totals,240,.465,.430,.370,.170,22.4,86.7,46.8,44.7,6.1,6.1,7.7,100.0,100.8,129.1,
https://www.basketball-reference.com/boxscores/201702010ORL.html,"7:00 PM, February 1, 2017",Orlando Magic,Indiana Pacers,88,98,IND,,,Team Totals,240,33,69,.478,9,20,.450,23,26,.885,5,33,38,25,5,1,18,23,98,,,Team Totals,240,.609,.543,.290,.377,15.2,82.5,52.1,75.8,5.3,1.9,18.3,100.0,104.7,94.0,
https://www.basketball-reference.com/boxscores/201702010ORL.html,"7:00 PM, February 1, 2017",Orlando Magic,Indiana Pacers,88,98,ORL,,,Team Totals,240,31,77,.403,6,24,.250,20,28,.714,7,28,35,17,12,3,16,22,88,,,Team Totals,240,.493,.442,.312,.364,17.5,84.8,47.9,54.8,12.8,6.1,15.2,100.0,94.0,104.7,
https://www.basketball-reference.com/boxscores/201702010PHO.html,"9:00 PM, February 1, 2017",Phoenix Suns,Los Angeles Clippers,114,124,LAC,,,Team Totals,240,44,85,.518,5,19,.263,31,38,.816,8,38,46,20,9,8,10,28,124,,,Team Totals,240,.610,.547,.224,.447,22.9,69.1,51.1,45.5,8.9,10.5,9.0,100.0,122.0,112.1,
https://www.basketball-reference.com/boxscores/201702010PHO.html,"9:00 PM, February 1, 2017",Phoenix Suns,Los Angeles Clippers,114,124,PHO,,,Team Totals,240,39,96,.406,7,20,.350,29,35,.829,17,27,44,21,5,3,12,27,114,,,Team Totals,240,.512,.443,.208,.365,30.9,77.1,48.9,53.8,4.9,4.5,9.7,100.0,112.1,122.0,
https://www.basketball-reference.com/boxscores/201702010UTA.html,"9:00 PM, February 1, 2017",Utah Jazz,Milwaukee Bucks,104,88,MIL,,,Team Totals,240,32,73,.438,9,23,.391,15,25,.600,9,30,39,19,10,7,17,21,88,,,Team Totals,240,.524,.500,.315,.342,20.5,73.2,45.9,59.4,10.9,14.3,16.8,100.0,95.8,113.2,
https://www.basketball-reference.com/boxscores/201702010UTA.html,"9:00 PM, February 1, 2017",Utah Jazz,Milwaukee Bucks,104,88,UTA,,,Team Totals,240,36,78,.462,11,29,.379,21,27,.778,11,35,46,22,11,2,16,23,104,,,Team Totals,240,.579,.532,.372,.346,26.8,79.5,54.1,61.1,12.0,4.0,15.1,100.0,113.2,95.8,
https://www.basketball-reference.com/boxscores/201702020HOU.html,"8:00 PM, February 2, 2017",Houston Rockets,Atlanta Hawks,108,113,ATL,,,Team Totals,240,44,85,.518,8,30,.267,17,23,.739,8,48,56,26,8,5,21,20,113,,,Team Totals,240,.594,.565,.353,.271,21.1,87.3,60.2,59.1,7.5,11.9,18.1,100.0,106.0,101.3,
https://www.basketball-reference.com/boxscores/201702020HOU.html,"8:00 PM, February 2, 2017",Houston Rockets,Atlanta Hawks,108,113,HOU,,,Team Totals,240,35,93,.376,13,51,.255,25,33,.758,7,30,37,19,11,4,9,20,108,,,Team Totals,240,.502,.446,.548,.355,12.7,78.9,39.8,54.3,10.3,7.3,7.7,100.0,101.3,106.0,
https://www.basketball-reference.com/boxscores/201702020LAC.html,"10:30 PM, February 2, 2017",Los Angeles Clippers,Golden State Warriors,120,133,GSW,,,Team Totals,240,52,99,.525,14,34,.412,15,18,.833,15,31,46,38,10,2,12,26,133,,,Team Totals,240,.622,.596,.343,.182,34.9,77.5,55.4,73.1,9.9,3.6,10.1,100.0,131.9,119.0,
https://www.basketball-reference.com/boxscores/201702020LAC.html,"10:30 PM, February 2, 2017",Los Angeles Clippers,Golden State Warriors,120,133,LAC,,,Team Totals,240,40,80,.500,10,25,.400,30,39,.769,9,28,37,24,7,7,15,18,120,,,Team Totals,240,.618,.563,.313,.488,22.5,65.1,44.6,60.0,6.9,10.8,13.4,100.0,119.0,131.9,
https://www.basketball-reference.com/boxscores/201702020SAS.html,"8:30 PM, February 2, 2017",San Antonio Spurs,Philadelphia 76ers,102,86,PHI,,,Team Totals,240,30,88,.341,9,25,.360,17,23,.739,12,34,46,21,10,5,22,23,86,,,Team Totals,240,.438,.392,.284,.261,21.1,70.8,43.8,70.0,9.6,7.4,18.3,100.0,82.3,97.6,
https://www.basketball-reference.com/boxscores/201702020SAS.html,"8:30 PM, February 2, 2017",San Antonio Spurs,Philadelphia 76ers,102,86,SAS,,,Team Totals,240,38,89,.427,6,21,.286,20,27,.741,14,45,59,26,13,9,19,20,102,,,Team Totals,240,.506,.461,.236,.303,29.2,78.9,56.2,68.4,12.4,14.3,15.8,100.0,97.6,82.3,
https://www.basketball-reference.com/boxscores/201702020WAS.html,"7:00 PM, February 2, 2017",Washington Wizards,Los Angeles Lakers,116,108,LAL,,,Team Totals,240,40,87,.460,12,39,.308,16,22,.727,12,35,47,19,6,8,20,23,108,,,Team Totals,240,.559,.529,.448,.253,26.7,74.5,51.1,47.5,5.9,12.7,17.1,100.0,105.6,113.4,
https://www.basketball-reference.com/boxscores/201702020WAS.html,"7:00 PM, February 2, 2017",Washington Wizards,Los Angeles Lakers,116,108,WAS,,,Team Totals,240,44,96,.458,12,33,.364,16,21,.762,12,33,45,27,11,6,12,19,116,,,Team Totals,240,.551,.521,.344,.219,25.5,73.3,48.9,61.4,10.8,12.5,10.2,100.0,113.4,105.6,
https://www.basketball-reference.com/boxscores/201702030BOS.html,"8:00 PM, February 3, 2017",Boston Celtics,Los Angeles Lakers,113,107,LAL,,,Team Totals,240,37,94,.394,14,38,.368,19,26,.731,15,37,52,24,9,3,12,23,107,,,Team Totals,240,.507,.468,.404,.277,27.3,84.1,52.5,64.9,8.9,6.4,10.2,100.0,106.1,112.1,
https://www.basketball-reference.com/boxscores/201702030BOS.html,"8:00 PM, February 3, 2017",Boston Celtics,Los Angeles Lakers,113,107,BOS,,,Team Totals,240,39,82,.476,13,35,.371,22,28,.786,7,40,47,28,8,1,16,19,113,,,Team Totals,240,.599,.555,.427,.341,15.9,72.7,47.5,71.8,7.9,1.8,14.5,100.0,112.1,106.1,
https://www.basketball-reference.com/boxscores/201702030BRK.html,"7:30 PM, February 3, 2017",Brooklyn Nets,Indiana Pacers,97,106,IND,,,Team Totals,240,37,86,.430,8,20,.400,24,31,.774,12,37,49,20,11,10,17,19,106,,,Team Totals,240,.532,.477,.233,.360,25.5,80.4,52.7,54.1,10.7,17.2,14.6,100.0,103.5,94.7,
https://www.basketball-reference.com/boxscores/201702030BRK.html,"7:30 PM, February 3, 2017",Brooklyn Nets,Indiana Pacers,97,106,BRK,,,Team Totals,240,32,86,.372,11,28,.393,22,23,.957,9,35,44,20,7,4,19,22,97,,,Team Totals,240,.505,.436,.326,.267,19.6,74.5,47.3,62.5,6.8,6.1,16.5,100.0,94.7,103.5,
https://www.basketball-reference.com/boxscores/201702030DEN.html,"9:00 PM, February 3, 2017",Denver Nuggets,Milwaukee Bucks,121,117,MIL,,,Team Totals,240,45,83,.542,9,24,.375,18,23,.783,6,32,38,26,9,13,18,26,117,,,Team Totals,240,.628,.596,.289,.277,16.7,64.0,44.2,57.8,8.7,21.3,16.2,100.0,113.5,117.4,
https://www.basketball-reference.com/boxscores/201702030DEN.html,"9:00 PM, February 3, 2017",Denver Nuggets,Milwaukee Bucks,121,117,DEN,,,Team Totals,240,40,89,.449,9,28,.321,32,44,.727,18,30,48,31,8,5,15,13,121,,,Team Totals,240,.558,.500,.315,.494,36.0,83.3,55.8,77.5,7.8,8.5,12.2,100.0,117.4,113.5,
https://www.basketball-reference.com/boxscores/201702030DET.html,"7:30 PM, February 3, 2017",Detroit Pistons,Minnesota Timberwolves,116,108,MIN,,,Team Totals,240,44,89,.494,5,17,.294,15,19,.789,11,29,40,25,5,6,13,19,108,,,Team Totals,240,.555,.522,.191,.213,26.2,61.7,44.9,56.8,5.2,8.3,11.8,100.0,112.1,120.4,
https://www.basketball-reference.com/boxscores/201702030DET.html,"7:30 PM, February 3, 2017",Detroit Pistons,Minnesota Timberwolves,116,108,DET,,,Team Totals,240,44,98,.449,11,26,.423,17,22,.773,18,31,49,24,7,4,11,14,116,,,Team Totals,240,.539,.505,.265,.224,38.3,73.8,55.1,54.5,7.3,5.6,9.3,100.0,120.4,112.1,
https://www.basketball-reference.com/boxscores/201702030HOU.html,"8:00 PM, February 3, 2017",Houston Rockets,Chicago Bulls,121,117,CHI,,,Team Totals,265,48,100,.480,8,25,.320,13,18,.722,14,39,53,30,7,7,15,23,117,,,Team Totals,265,.542,.520,.250,.180,25.9,83.0,52.5,62.5,6.4,12.7,12.2,100.0,107.4,111.0,
https://www.basketball-reference.com/boxscores/201702030HOU.html,"8:00 PM, February 3, 2017",Houston Rockets,Chicago Bulls,121,117,HOU,,,Team Totals,265,44,98,.449,16,43,.372,17,25,.680,8,40,48,24,7,3,12,23,121,,,Team Totals,265,.555,.531,.439,.255,17.0,74.1,47.5,54.5,6.4,4.0,9.9,100.0,111.0,107.4,
https://www.basketball-reference.com/boxscores/201702030OKC.html,"8:00 PM, February 3, 2017",Oklahoma City Thunder,Memphis Grizzlies,114,102,MEM,,,Team Totals,240,40,83,.482,3,19,.158,19,22,.864,8,21,29,21,10,5,12,28,102,,,Team Totals,240,.550,.500,.229,.265,20.5,56.8,38.2,52.5,10.6,9.3,11.5,100.0,108.4,121.2,
https://www.basketball-reference.com/boxscores/201702030OKC.html,"8:00 PM, February 3, 2017",Oklahoma City Thunder,Memphis Grizzlies,114,102,OKC,,,Team Totals,240,38,80,.475,13,26,.500,25,33,.758,16,31,47,21,7,3,20,21,114,,,Team Totals,240,.603,.556,.325,.413,43.2,79.5,61.8,55.3,7.4,4.7,17.5,100.0,121.2,108.4,
https://www.basketball-reference.com/boxscores/201702030ORL.html,"7:00 PM, February 3, 2017",Orlando Magic,Toronto Raptors,102,94,TOR,,,Team Totals,240,34,87,.391,10,28,.357,16,21,.762,13,31,44,15,5,5,13,21,94,,,Team Totals,240,.488,.448,.322,.241,27.1,73.8,48.9,44.1,5.4,7.6,11.9,100.0,101.7,110.4,
https://www.basketball-reference.com/boxscores/201702030ORL.html,"7:00 PM, February 3, 2017",Orlando Magic,Toronto Raptors,102,94,ORL,,,Team Totals,240,37,80,.463,5,14,.357,23,32,.719,11,35,46,22,4,7,11,16,102,,,Team Totals,240,.542,.494,.175,.400,26.2,72.9,51.1,59.5,4.3,11.9,10.5,100.0,110.4,101.7,
https://www.basketball-reference.com/boxscores/201702030POR.html,"10:30 PM, February 3, 2017",Portland Trail Blazers,Dallas Mavericks,104,108,DAL,,,Team Totals,240,36,76,.474,17,31,.548,19,23,.826,2,34,36,15,3,4,7,24,108,,,Team Totals,240,.627,.586,.408,.303,5.9,73.9,45.0,41.7,3.3,6.9,7.5,100.0,119.2,114.7,
https://www.basketball-reference.com/boxscores/201702030POR.html,"10:30 PM, February 3, 2017",Portland Trail Blazers,Dallas Mavericks,104,108,POR,,,Team Totals,240,40,88,.455,9,30,.300,15,20,.750,12,32,44,16,3,4,9,19,104,,,Team Totals,240,.537,.506,.341,.227,26.1,94.1,55.0,40.0,3.3,8.9,8.5,100.0,114.7,119.2,
https://www.basketball-reference.com/boxscores/201702030SAC.html,"10:30 PM, February 3, 2017",Sacramento Kings,Phoenix Suns,103,105,PHO,,,Team Totals,240,32,77,.416,12,29,.414,29,35,.829,6,33,39,11,7,3,12,21,105,,,Team Totals,240,.568,.494,.377,.455,14.0,84.6,47.6,34.4,7.2,5.2,11.5,100.0,107.5,105.5,
https://www.basketball-reference.com/boxscores/201702030SAC.html,"10:30 PM, February 3, 2017",Sacramento Kings,Phoenix Suns,103,105,SAC,,,Team Totals,240,38,85,.447,10,27,.370,17,22,.773,6,37,43,23,5,4,13,25,103,,,Team Totals,240,.544,.506,.318,.259,15.4,86.0,52.4,60.5,5.1,8.3,12.1,100.0,105.5,107.5,
https://www.basketball-reference.com/boxscores/201702040ATL.html,"7:00 PM, February 4, 2017",Atlanta Hawks,Orlando Magic,113,86,ORL,,,Team Totals,240,27,78,.346,7,27,.259,25,28,.893,7,26,33,17,8,4,14,19,86,,,Team Totals,240,.476,.391,.346,.359,15.6,72.2,40.7,63.0,8.4,8.0,13.4,100.0,90.8,119.3,
https://www.basketball-reference.com/boxscores/201702040ATL.html,"7:00 PM, February 4, 2017",Atlanta Hawks,Orlando Magic,113,86,ATL,,,Team Totals,240,41,78,.526,10,28,.357,21,27,.778,10,38,48,28,8,2,17,20,113,,,Team Totals,240,.629,.590,.359,.346,27.8,84.4,59.3,68.3,8.4,3.9,15.9,100.0,119.3,90.8,
https://www.basketball-reference.com/boxscores/201702040IND.html,"7:00 PM, February 4, 2017",Indiana Pacers,Detroit Pistons,105,84,DET,,,Team Totals,240,31,75,.413,6,17,.353,16,20,.800,8,35,43,18,2,6,21,13,84,,,Team Totals,240,.501,.453,.227,.267,19.0,83.3,51.2,58.1,2.1,9.0,20.0,100.0,88.6,110.7,
https://www.basketball-reference.com/boxscores/201702040IND.html,"7:00 PM, February 4, 2017",Indiana Pacers,Detroit Pistons,105,84,IND,,,Team Totals,240,44,91,.484,7,24,.292,10,15,.667,7,34,41,22,11,4,6,17,105,,,Team Totals,240,.538,.522,.264,.165,16.7,81.0,48.8,50.0,11.6,6.9,5.8,100.0,110.7,88.6,
https://www.basketball-reference.com/boxscores/201702040MIA.html,"7:30 PM, February 4, 2017",Miami Heat,Philadelphia 76ers,125,102,PHI,,,Team Totals,240,35,84,.417,6,23,.261,26,31,.839,6,27,33,20,10,1,15,21,102,,,Team Totals,240,.522,.452,.274,.369,13.3,73.0,40.2,57.1,9.7,1.7,13.3,100.0,98.7,120.9,
https://www.basketball-reference.com/boxscores/201702040MIA.html,"7:30 PM, February 4, 2017",Miami Heat,Philadelphia 76ers,125,102,MIA,,,Team Totals,240,48,82,.585,12,22,.545,17,23,.739,10,39,49,28,6,5,21,24,125,,,Team Totals,240,.678,.659,.268,.280,27.0,86.7,59.8,58.3,5.8,8.2,18.6,100.0,120.9,98.7,
https://www.basketball-reference.com/boxscores/201702040MIN.html,"9:00 PM, February 4, 2017",Minnesota Timberwolves,Memphis Grizzlies,99,107,MEM,,,Team Totals,240,32,77,.416,10,28,.357,33,39,.846,13,29,42,17,7,3,10,25,107,,,Team Totals,240,.568,.481,.364,.506,31.0,64.4,48.3,53.1,8.0,5.2,9.6,100.0,121.8,112.7,
https://www.basketball-reference.com/boxscores/201702040MIN.html,"9:00 PM, February 4, 2017",Minnesota Timberwolves,Memphis Grizzlies,99,107,MIN,,,Team Totals,240,35,84,.417,10,26,.385,19,24,.792,16,29,45,22,4,3,13,27,99,,,Team Totals,240,.523,.476,.310,.286,35.6,69.0,51.7,62.9,4.6,6.1,12.1,100.0,112.7,121.8,
https://www.basketball-reference.com/boxscores/201702040NYK.html,"8:30 PM, February 4, 2017",New York Knicks,Cleveland Cavaliers,104,111,CLE,,,Team Totals,240,41,84,.488,16,40,.400,13,18,.722,12,37,49,20,3,0,17,19,111,,,Team Totals,240,.604,.583,.476,.214,29.3,74.0,53.8,48.8,3.2,0.0,15.6,100.0,116.9,109.6,
https://www.basketball-reference.com/boxscores/201702040NYK.html,"8:30 PM, February 4, 2017",New York Knicks,Cleveland Cavaliers,104,111,NYK,,,Team Totals,240,39,86,.453,12,31,.387,14,28,.500,13,29,42,23,9,7,11,20,104,,,Team Totals,240,.529,.523,.360,.326,26.0,70.7,46.2,59.0,9.5,15.9,10.1,100.0,109.6,116.9,
https://www.basketball-reference.com/boxscores/201702040PHO.html,"9:00 PM, February 4, 2017",Phoenix Suns,Milwaukee Bucks,112,137,MIL,,,Team Totals,240,52,82,.634,7,17,.412,26,35,.743,9,35,44,29,9,11,16,25,137,,,Team Totals,240,.703,.677,.207,.427,25.7,71.4,52.4,55.8,8.7,17.5,14.1,100.0,132.0,107.9,
https://www.basketball-reference.com/boxscores/201702040PHO.html,"9:00 PM, February 4, 2017",Phoenix Suns,Milwaukee Bucks,112,137,PHO,,,Team Totals,240,38,91,.418,11,28,.393,25,30,.833,14,26,40,22,9,3,17,28,112,,,Team Totals,240,.537,.478,.308,.330,28.6,74.3,47.6,57.9,8.7,4.6,14.0,100.0,107.9,132.0,
https://www.basketball-reference.com/boxscores/201702040SAC.html,"10:30 PM, February 4, 2017",Sacramento Kings,Golden State Warriors,109,106,GSW,,,Team Totals,265,36,87,.414,15,44,.341,19,24,.792,7,33,40,22,10,10,18,17,106,,,Team Totals,265,.543,.500,.506,.276,15.6,80.5,46.5,61.1,9.5,15.4,15.6,100.0,100.3,103.2,
https://www.basketball-reference.com/boxscores/201702040SAC.html,"10:30 PM, February 4, 2017",Sacramento Kings,Golden State Warriors,109,106,SAC,,,Team Totals,265,43,88,.489,7,23,.304,16,19,.842,8,38,46,25,11,4,19,18,109,,,Team Totals,265,.566,.528,.261,.216,19.5,84.4,53.5,58.1,10.4,9.3,16.5,100.0,103.2,100.3,
https://www.basketball-reference.com/boxscores/201702040SAS.html,"9:00 PM, February 4, 2017",San Antonio Spurs,Denver Nuggets,121,97,DEN,,,Team Totals,240,41,92,.446,10,26,.385,5,10,.500,16,26,42,22,7,1,22,19,97,,,Team Totals,240,.503,.500,.283,.109,34.0,78.8,52.5,53.7,7.2,1.7,18.6,100.0,99.4,124.0,
https://www.basketball-reference.com/boxscores/201702040SAS.html,"9:00 PM, February 4, 2017",San Antonio Spurs,Denver Nuggets,121,97,SAS,,,Team Totals,240,45,79,.570,10,21,.476,21,26,.808,7,31,38,29,13,8,14,15,121,,,Team Totals,240,.669,.633,.266,.329,21.2,66.0,47.5,64.4,13.3,12.1,13.4,100.0,124.0,99.4,
https://www.basketball-reference.com/boxscores/201702040UTA.html,"9:00 PM, February 4, 2017",Utah Jazz,Charlotte Hornets,105,98,CHO,,,Team Totals,240,35,82,.427,13,33,.394,15,18,.833,3,35,38,20,7,3,10,20,98,,,Team Totals,240,.545,.506,.402,.220,7.0,76.1,42.7,57.1,7.4,6.3,10.0,100.0,103.5,110.9,
https://www.basketball-reference.com/boxscores/201702040UTA.html,"9:00 PM, February 4, 2017",Utah Jazz,Charlotte Hornets,105,98,UTA,,,Team Totals,240,38,81,.469,13,33,.394,16,24,.667,11,40,51,16,5,4,14,18,105,,,Team Totals,240,.573,.549,.407,.296,23.9,93.0,57.3,42.1,5.3,8.2,13.3,100.0,110.9,103.5,
https://www.basketball-reference.com/boxscores/201702040WAS.html,"7:00 PM, February 4, 2017",Washington Wizards,New Orleans Pelicans,105,91,NOP,,,Team Totals,240,37,84,.440,5,17,.294,12,22,.545,9,33,42,18,4,6,15,16,91,,,Team Totals,240,.486,.470,.202,.262,18.8,82.5,47.7,48.6,4.1,11.5,13.8,100.0,93.5,107.8,
https://www.basketball-reference.com/boxscores/201702040WAS.html,"7:00 PM, February 4, 2017",Washington Wizards,New Orleans Pelicans,105,91,WAS,,,Team Totals,240,38,83,.458,10,31,.323,19,22,.864,7,39,46,20,10,6,13,19,105,,,Team Totals,240,.566,.518,.373,.265,17.5,81.3,52.3,52.6,10.3,9.0,12.3,100.0,107.8,93.5,
https://www.basketball-reference.com/boxscores/201702050BOS.html,"2:00 PM, February 5, 2017",Boston Celtics,Los Angeles Clippers,107,102,LAC,,,Team Totals,240,35,84,.417,10,29,.345,22,28,.786,8,38,46,22,4,0,13,13,102,,,Team Totals,240,.529,.476,.345,.333,18.2,80.9,50.5,62.9,4.1,0.0,11.9,100.0,104.5,109.6,
https://www.basketball-reference.com/boxscores/201702050BOS.html,"2:00 PM, February 5, 2017",Boston Celtics,Los Angeles Clippers,107,102,BOS,,,Team Totals,240,37,88,.420,16,52,.308,17,20,.850,9,36,45,24,9,3,11,21,107,,,Team Totals,240,.553,.511,.591,.227,19.1,81.8,49.5,64.9,9.2,5.5,10.2,100.0,109.6,104.5,
https://www.basketball-reference.com/boxscores/201702050BRK.html,"12:00 PM, February 5, 2017",Brooklyn Nets,Toronto Raptors,95,103,TOR,,,Team Totals,240,40,87,.460,5,19,.263,18,20,.900,8,37,45,21,8,4,12,18,103,,,Team Totals,240,.538,.489,.218,.230,18.6,84.1,51.7,52.5,8.1,9.5,11.1,100.0,104.8,96.7,
https://www.basketball-reference.com/boxscores/201702050BRK.html,"12:00 PM, February 5, 2017",Brooklyn Nets,Toronto Raptors,95,103,BRK,,,Team Totals,240,32,76,.421,13,34,.382,18,21,.857,7,35,42,19,8,7,22,19,95,,,Team Totals,240,.557,.507,.447,.276,15.9,81.4,48.3,59.4,8.1,10.3,20.5,100.0,96.7,104.8,
https://www.basketball-reference.com/boxscores/201702050OKC.html,"3:00 PM, February 5, 2017",Oklahoma City Thunder,Portland Trail Blazers,105,99,POR,,,Team Totals,240,35,87,.402,10,28,.357,19,21,.905,11,33,44,15,6,4,13,22,99,,,Team Totals,240,.514,.460,.322,.241,22.0,66.0,44.0,42.9,6.1,5.0,11.9,100.0,100.9,107.0,
https://www.basketball-reference.com/boxscores/201702050OKC.html,"3:00 PM, February 5, 2017",Oklahoma City Thunder,Portland Trail Blazers,105,99,OKC,,,Team Totals,240,40,98,.408,4,18,.222,21,28,.750,17,39,56,18,9,5,12,17,105,,,Team Totals,240,.476,.429,.184,.286,34.0,78.0,56.0,45.0,9.2,8.5,9.8,100.0,107.0,100.9,
https://www.basketball-reference.com/boxscores/201702060ATL.html,"7:30 PM, February 6, 2017",Atlanta Hawks,Utah Jazz,95,120,UTA,,,Team Totals,240,49,80,.613,10,26,.385,12,18,.667,9,35,44,31,9,7,12,23,120,,,Team Totals,240,.682,.675,.325,.225,28.1,83.3,59.5,63.3,9.9,12.3,12.0,100.0,132.3,104.8,
https://www.basketball-reference.com/boxscores/201702060ATL.html,"7:30 PM, February 6, 2017",Atlanta Hawks,Utah Jazz,95,120,ATL,,,Team Totals,240,33,74,.446,6,17,.353,23,32,.719,7,23,30,16,6,3,12,18,95,,,Team Totals,240,.539,.486,.230,.432,16.7,71.9,40.5,48.5,6.6,5.6,12.0,100.0,104.8,132.3,
https://www.basketball-reference.com/boxscores/201702060DEN.html,"9:00 PM, February 6, 2017",Denver Nuggets,Dallas Mavericks,110,87,DAL,,,Team Totals,240,34,79,.430,8,26,.308,11,17,.647,3,26,29,25,8,3,11,18,87,,,Team Totals,240,.503,.481,.329,.215,7.1,72.2,37.2,73.5,8.6,5.4,11.3,100.0,93.4,118.1,
https://www.basketball-reference.com/boxscores/201702060DEN.html,"9:00 PM, February 6, 2017",Denver Nuggets,Dallas Mavericks,110,87,DEN,,,Team Totals,240,42,84,.500,11,28,.393,15,16,.938,10,39,49,28,7,10,15,19,110,,,Team Totals,240,.604,.565,.333,.190,27.8,92.9,62.8,66.7,7.5,18.9,14.1,100.0,118.1,93.4,
https://www.basketball-reference.com/boxscores/201702060DET.html,"7:30 PM, February 6, 2017",Detroit Pistons,Philadelphia 76ers,113,96,PHI,,,Team Totals,240,36,85,.424,5,28,.179,19,28,.679,11,30,41,19,8,0,13,17,96,,,Team Totals,240,.493,.453,.329,.329,21.2,61.2,40.6,52.8,8.2,0.0,11.8,100.0,98.5,115.9,
https://www.basketball-reference.com/boxscores/201702060DET.html,"7:30 PM, February 6, 2017",Detroit Pistons,Philadelphia 76ers,113,96,DET,,,Team Totals,240,46,99,.465,5,22,.227,16,17,.941,19,41,60,22,8,4,13,19,113,,,Team Totals,240,.531,.490,.222,.172,38.8,78.8,59.4,47.8,8.2,7.0,10.9,100.0,115.9,98.5,
https://www.basketball-reference.com/boxscores/201702060IND.html,"7:00 PM, February 6, 2017",Indiana Pacers,Oklahoma City Thunder,93,90,OKC,,,Team Totals,240,34,88,.386,7,28,.250,15,21,.714,20,41,61,17,6,11,16,21,90,,,Team Totals,240,.463,.426,.318,.239,45.5,75.9,62.2,50.0,6.6,18.0,14.1,100.0,99.5,102.9,
https://www.basketball-reference.com/boxscores/201702060IND.html,"7:00 PM, February 6, 2017",Indiana Pacers,Oklahoma City Thunder,93,90,IND,,,Team Totals,240,33,87,.379,8,26,.308,19,29,.655,13,24,37,19,7,10,10,17,93,,,Team Totals,240,.466,.425,.299,.333,24.1,54.5,37.8,57.6,7.7,16.7,9.1,100.0,102.9,99.5,
https://www.basketball-reference.com/boxscores/201702060MEM.html,"9:30 PM, February 6, 2017",Memphis Grizzlies,San Antonio Spurs,89,74,SAS,,,Team Totals,240,30,82,.366,4,19,.211,10,18,.556,11,33,44,11,8,6,17,20,74,,,Team Totals,240,.411,.390,.232,.220,23.9,68.8,46.8,36.7,8.9,9.7,15.9,100.0,82.0,98.6,
https://www.basketball-reference.com/boxscores/201702060MEM.html,"9:30 PM, February 6, 2017",Memphis Grizzlies,San Antonio Spurs,89,74,MEM,,,Team Totals,240,32,81,.395,4,19,.211,21,25,.840,15,35,50,18,8,11,13,17,89,,,Team Totals,240,.484,.420,.235,.309,31.3,76.1,53.2,56.3,8.9,17.5,12.4,100.0,98.6,82.0,
https://www.basketball-reference.com/boxscores/201702060MIN.html,"8:00 PM, February 6, 2017",Minnesota Timberwolves,Miami Heat,113,115,MIA,,,Team Totals,240,45,86,.523,15,28,.536,10,14,.714,13,25,38,27,5,5,17,21,115,,,Team Totals,240,.624,.610,.326,.163,33.3,75.8,52.8,60.0,5.4,7.2,15.6,100.0,123.3,121.1,
https://www.basketball-reference.com/boxscores/201702060MIN.html,"8:00 PM, February 6, 2017",Minnesota Timberwolves,Miami Heat,113,115,MIN,,,Team Totals,240,43,80,.538,5,11,.455,22,28,.786,8,26,34,25,13,1,11,15,113,,,Team Totals,240,.612,.569,.138,.350,24.2,66.7,47.2,58.1,13.9,1.7,10.6,100.0,121.1,123.3,
https://www.basketball-reference.com/boxscores/201702060NOP.html,"8:00 PM, February 6, 2017",New Orleans Pelicans,Phoenix Suns,111,106,PHO,,,Team Totals,240,40,93,.430,5,27,.185,21,25,.840,9,40,49,26,7,10,16,23,106,,,Team Totals,240,.510,.457,.290,.269,18.8,81.6,50.5,65.0,6.6,15.2,13.3,100.0,99.8,104.5,
https://www.basketball-reference.com/boxscores/201702060NOP.html,"8:00 PM, February 6, 2017",New Orleans Pelicans,Phoenix Suns,111,106,NOP,,,Team Totals,240,42,92,.457,9,26,.346,18,22,.818,9,39,48,20,11,11,13,25,111,,,Team Totals,240,.546,.505,.283,.239,18.4,81.3,49.5,47.6,10.4,16.7,11.3,100.0,104.5,99.8,
https://www.basketball-reference.com/boxscores/201702060NYK.html,"7:00 PM, February 6, 2017",New York Knicks,Los Angeles Lakers,107,121,LAL,,,Team Totals,240,44,102,.431,8,28,.286,25,31,.806,20,35,55,19,9,5,8,28,121,,,Team Totals,240,.523,.471,.275,.304,37.0,85.4,57.9,43.2,8.8,8.2,6.5,100.0,118.9,105.1,
https://www.basketball-reference.com/boxscores/201702060NYK.html,"7:00 PM, February 6, 2017",New York Knicks,Los Angeles Lakers,107,121,NYK,,,Team Totals,240,37,82,.451,7,21,.333,26,33,.788,6,34,40,16,4,4,16,24,107,,,Team Totals,240,.554,.494,.256,.402,14.6,63.0,42.1,43.2,3.9,5.4,14.2,100.0,105.1,118.9,
https://www.basketball-reference.com/boxscores/201702060SAC.html,"10:30 PM, February 6, 2017",Sacramento Kings,Chicago Bulls,107,112,CHI,,,Team Totals,240,43,81,.531,6,19,.316,20,31,.645,8,27,35,21,10,3,8,17,112,,,Team Totals,240,.592,.568,.235,.383,20.5,75.0,46.7,48.8,10.8,5.9,7.8,100.0,120.9,115.5,
https://www.basketball-reference.com/boxscores/201702060SAC.html,"10:30 PM, February 6, 2017",Sacramento Kings,Chicago Bulls,107,112,SAC,,,Team Totals,240,41,79,.519,11,28,.393,14,16,.875,9,31,40,27,4,5,17,25,107,,,Team Totals,240,.622,.589,.354,.203,25.0,79.5,53.3,65.9,4.3,8.1,16.5,100.0,115.5,120.9,
https://www.basketball-reference.com/boxscores/201702060TOR.html,"7:30 PM, February 6, 2017",Toronto Raptors,Los Angeles Clippers,118,109,LAC,,,Team Totals,240,42,90,.467,13,35,.371,12,18,.667,9,30,39,24,7,5,9,19,109,,,Team Totals,240,.557,.539,.389,.200,20.0,73.2,45.3,57.1,7.4,8.3,8.4,100.0,114.6,124.1,
https://www.basketball-reference.com/boxscores/201702060TOR.html,"7:30 PM, February 6, 2017",Toronto Raptors,Los Angeles Clippers,118,109,TOR,,,Team Totals,240,41,84,.488,10,24,.417,26,29,.897,11,36,47,20,6,1,11,23,118,,,Team Totals,240,.610,.548,.286,.345,26.8,80.0,54.7,48.8,6.3,1.8,10.2,100.0,124.1,114.6,
https://www.basketball-reference.com/boxscores/201702060WAS.html,"7:00 PM, February 6, 2017",Washington Wizards,Cleveland Cavaliers,135,140,CLE,,,Team Totals,265,49,92,.533,19,38,.500,23,28,.821,12,34,46,31,7,2,20,26,140,,,Team Totals,265,.671,.636,.413,.304,27.3,75.6,51.7,63.3,6.4,2.9,16.1,100.0,127.7,123.2,
https://www.basketball-reference.com/boxscores/201702060WAS.html,"7:00 PM, February 6, 2017",Washington Wizards,Cleveland Cavaliers,135,140,WAS,,,Team Totals,265,50,99,.505,12,29,.414,23,26,.885,11,32,43,29,9,5,12,25,135,,,Team Totals,265,.611,.566,.293,.263,24.4,72.7,48.3,58.0,8.2,9.3,9.8,100.0,123.2,127.7,
https://www.basketball-reference.com/boxscores/201702070CHO.html,"7:00 PM, February 7, 2017",Charlotte Hornets,Brooklyn Nets,111,107,BRK,,,Team Totals,240,39,86,.453,12,36,.333,17,21,.810,4,41,45,26,3,8,18,23,107,,,Team Totals,240,.562,.523,.419,.244,9.3,77.4,46.9,66.7,2.8,10.5,15.9,100.0,100.3,104.1,
https://www.basketball-reference.com/boxscores/201702070CHO.html,"7:00 PM, February 7, 2017",Charlotte Hornets,Brooklyn Nets,111,107,CHO,,,Team Totals,240,40,102,.392,7,26,.269,24,29,.828,12,39,51,19,6,7,7,17,111,,,Team Totals,240,.484,.426,.255,.284,22.6,90.7,53.1,47.5,5.6,14.0,5.7,100.0,104.1,100.3,
https://www.basketball-reference.com/boxscores/201702070DAL.html,"8:30 PM, February 7, 2017",Dallas Mavericks,Portland Trail Blazers,113,114,POR,,,Team Totals,240,42,86,.488,11,28,.393,19,24,.792,18,37,55,17,6,2,15,26,114,,,Team Totals,240,.590,.552,.326,.279,39.1,94.9,64.7,40.5,6.5,4.3,13.4,100.0,123.3,122.2,
https://www.basketball-reference.com/boxscores/201702070DAL.html,"8:30 PM, February 7, 2017",Dallas Mavericks,Portland Trail Blazers,113,114,DAL,,,Team Totals,240,37,75,.493,12,28,.429,27,32,.844,2,28,30,16,6,6,7,22,113,,,Team Totals,240,.634,.573,.373,.427,5.1,60.9,35.3,43.2,6.5,10.3,7.3,100.0,122.2,123.3,
https://www.basketball-reference.com/boxscores/201702070HOU.html,"8:00 PM, February 7, 2017",Houston Rockets,Orlando Magic,128,104,ORL,,,Team Totals,240,42,88,.477,6,25,.240,14,20,.700,10,37,47,28,7,4,16,23,104,,,Team Totals,240,.537,.511,.284,.227,23.8,78.7,52.8,66.7,6.8,7.8,14.2,100.0,101.7,125.2,
https://www.basketball-reference.com/boxscores/201702070HOU.html,"8:00 PM, February 7, 2017",Houston Rockets,Orlando Magic,128,104,HOU,,,Team Totals,240,44,89,.494,16,38,.421,24,36,.667,10,32,42,31,9,2,11,15,128,,,Team Totals,240,.610,.584,.427,.404,21.3,76.2,47.2,70.5,8.8,3.2,9.5,100.0,125.2,101.7,
https://www.basketball-reference.com/boxscores/201702080ATL.html,"7:30 PM, February 8, 2017",Atlanta Hawks,Denver Nuggets,117,106,DEN,,,Team Totals,240,40,100,.400,13,44,.295,13,21,.619,21,28,49,25,8,4,10,20,106,,,Team Totals,240,.485,.465,.440,.210,36.8,70.0,50.5,62.5,8.4,6.1,8.4,100.0,110.9,122.4,
https://www.basketball-reference.com/boxscores/201702080ATL.html,"7:30 PM, February 8, 2017",Atlanta Hawks,Denver Nuggets,117,106,ATL,,,Team Totals,240,47,93,.505,8,27,.296,15,18,.833,12,36,48,31,6,4,11,18,117,,,Team Totals,240,.580,.548,.290,.194,30.0,63.2,49.5,66.0,6.3,7.1,9.8,100.0,122.4,110.9,
https://www.basketball-reference.com/boxscores/201702080BRK.html,"7:30 PM, February 8, 2017",Brooklyn Nets,Washington Wizards,110,114,WAS,,,Team Totals,265,40,97,.412,9,25,.360,25,33,.758,17,37,54,21,9,5,13,26,114,,,Team Totals,265,.511,.459,.258,.340,29.8,71.2,49.5,52.5,8.5,8.6,10.4,100.0,108.0,104.2,
https://www.basketball-reference.com/boxscores/201702080BRK.html,"7:30 PM, February 8, 2017",Brooklyn Nets,Washington Wizards,110,114,BRK,,,Team Totals,265,38,91,.418,9,33,.273,25,36,.694,15,40,55,20,6,5,17,24,110,,,Team Totals,265,.515,.467,.363,.396,28.8,70.2,50.5,52.6,5.7,6.9,13.7,100.0,104.2,108.0,
https://www.basketball-reference.com/boxscores/201702080DET.html,"7:30 PM, February 8, 2017",Detroit Pistons,Los Angeles Lakers,121,102,LAL,,,Team Totals,240,37,86,.430,6,23,.261,22,26,.846,7,34,41,21,7,3,21,21,102,,,Team Totals,240,.523,.465,.267,.302,15.6,70.8,44.1,56.8,6.5,3.7,17.7,100.0,94.2,111.8,
https://www.basketball-reference.com/boxscores/201702080DET.html,"7:30 PM, February 8, 2017",Detroit Pistons,Los Angeles Lakers,121,102,DET,,,Team Totals,240,51,97,.526,4,16,.250,15,24,.625,14,38,52,32,11,6,15,14,121,,,Team Totals,240,.562,.546,.165,.247,29.2,84.4,55.9,62.7,10.2,9.5,12.2,100.0,111.8,94.2,
https://www.basketball-reference.com/boxscores/201702080GSW.html,"10:30 PM, February 8, 2017",Golden State Warriors,Chicago Bulls,123,92,CHI,,,Team Totals,240,37,92,.402,4,24,.167,14,19,.737,15,29,44,25,7,2,15,17,92,,,Team Totals,240,.458,.424,.261,.207,27.3,85.3,49.4,67.6,7.1,3.5,13.0,100.0,93.9,125.6,
https://www.basketball-reference.com/boxscores/201702080GSW.html,"10:30 PM, February 8, 2017",Golden State Warriors,Chicago Bulls,123,92,GSW,,,Team Totals,240,48,85,.565,15,28,.536,12,13,.923,5,40,45,37,9,5,13,17,123,,,Team Totals,240,.678,.653,.329,.153,14.7,72.7,50.6,77.1,9.2,7.4,12.5,100.0,125.6,93.9,
https://www.basketball-reference.com/boxscores/201702080IND.html,"7:00 PM, February 8, 2017",Indiana Pacers,Cleveland Cavaliers,117,132,CLE,,,Team Totals,240,46,84,.548,16,36,.444,24,26,.923,5,34,39,24,7,5,10,16,132,,,Team Totals,240,.692,.643,.429,.310,13.9,82.9,50.6,52.2,7.2,8.8,9.5,100.0,134.9,119.6,
https://www.basketball-reference.com/boxscores/201702080IND.html,"7:00 PM, February 8, 2017",Indiana Pacers,Cleveland Cavaliers,117,132,IND,,,Team Totals,240,41,82,.500,13,25,.520,22,26,.846,7,31,38,24,7,2,12,18,117,,,Team Totals,240,.626,.579,.305,.317,17.1,86.1,49.4,58.5,7.2,4.2,11.4,100.0,119.6,134.9,
https://www.basketball-reference.com/boxscores/201702080MEM.html,"8:00 PM, February 8, 2017",Memphis Grizzlies,Phoenix Suns,110,91,PHO,,,Team Totals,240,29,87,.333,5,23,.217,28,34,.824,18,28,46,13,12,5,16,27,91,,,Team Totals,240,.446,.362,.264,.391,37.5,71.8,52.9,44.8,12.6,10.4,13.6,100.0,95.9,115.9,
https://www.basketball-reference.com/boxscores/201702080MEM.html,"8:00 PM, February 8, 2017",Memphis Grizzlies,Phoenix Suns,110,91,MEM,,,Team Totals,240,35,72,.486,14,24,.583,26,34,.765,11,30,41,24,6,8,22,25,110,,,Team Totals,240,.632,.583,.333,.472,28.2,62.5,47.1,68.6,6.3,12.5,20.2,100.0,115.9,95.9,
https://www.basketball-reference.com/boxscores/201702080MIL.html,"8:00 PM, February 8, 2017",Milwaukee Bucks,Miami Heat,88,106,MIA,,,Team Totals,240,41,86,.477,11,33,.333,13,18,.722,14,34,48,23,5,5,16,21,106,,,Team Totals,240,.564,.541,.384,.209,33.3,87.2,59.3,56.1,5.5,8.9,14.6,100.0,115.8,96.1,
https://www.basketball-reference.com/boxscores/201702080MIL.html,"8:00 PM, February 8, 2017",Milwaukee Bucks,Miami Heat,88,106,MIL,,,Team Totals,240,33,71,.465,6,15,.400,16,28,.571,5,28,33,18,10,4,13,18,88,,,Team Totals,240,.528,.507,.211,.394,12.8,66.7,40.7,54.5,10.9,7.5,13.5,100.0,96.1,115.8,
https://www.basketball-reference.com/boxscores/201702080MIN.html,"8:00 PM, February 8, 2017",Minnesota Timberwolves,Toronto Raptors,112,109,TOR,,,Team Totals,240,42,79,.532,11,28,.393,14,20,.700,10,26,36,19,6,3,13,22,109,,,Team Totals,240,.621,.601,.354,.253,28.6,70.3,50.0,45.2,6.8,4.9,12.9,100.0,124.1,127.5,
https://www.basketball-reference.com/boxscores/201702080MIN.html,"8:00 PM, February 8, 2017",Minnesota Timberwolves,Toronto Raptors,112,109,MIN,,,Team Totals,240,39,80,.488,7,19,.368,27,30,.900,11,25,36,22,8,3,8,20,112,,,Team Totals,240,.601,.531,.238,.375,29.7,71.4,50.0,56.4,9.1,5.9,7.9,100.0,127.5,124.1,
https://www.basketball-reference.com/boxscores/201702080NOP.html,"8:00 PM, February 8, 2017",New Orleans Pelicans,Utah Jazz,94,127,UTA,,,Team Totals,240,48,88,.545,14,32,.438,17,21,.810,12,36,48,25,9,2,8,19,127,,,Team Totals,240,.653,.625,.364,.239,28.6,83.7,56.5,52.1,9.7,3.8,7.6,100.0,137.4,101.7,
https://www.basketball-reference.com/boxscores/201702080NOP.html,"8:00 PM, February 8, 2017",New Orleans Pelicans,Utah Jazz,94,127,NOP,,,Team Totals,240,35,77,.455,5,24,.208,19,25,.760,7,30,37,17,6,6,13,17,94,,,Team Totals,240,.534,.487,.312,.325,16.3,71.4,43.5,48.6,6.5,10.7,12.9,100.0,101.7,137.4,
https://www.basketball-reference.com/boxscores/201702080NYK.html,"8:00 PM, February 8, 2017",New York Knicks,Los Angeles Clippers,115,119,LAC,,,Team Totals,240,45,92,.489,10,25,.400,19,28,.679,14,33,47,22,8,3,11,20,119,,,Team Totals,240,.570,.543,.272,.304,32.6,73.3,53.4,48.9,8.2,4.6,9.5,100.0,121.5,117.4,
https://www.basketball-reference.com/boxscores/201702080NYK.html,"8:00 PM, February 8, 2017",New York Knicks,Los Angeles Clippers,115,119,NYK,,,Team Totals,240,46,92,.500,8,27,.296,15,18,.833,12,29,41,25,9,5,12,22,115,,,Team Totals,240,.575,.543,.293,.196,26.7,67.4,46.6,54.3,9.2,7.5,10.7,100.0,117.4,121.5,
https://www.basketball-reference.com/boxscores/201702080PHI.html,"7:00 PM, February 8, 2017",Philadelphia 76ers,San Antonio Spurs,103,111,SAS,,,Team Totals,240,39,74,.527,11,22,.500,22,25,.880,6,42,48,24,2,6,15,22,111,,,Team Totals,240,.653,.601,.297,.338,17.6,85.7,57.8,61.5,2.1,12.0,15.0,100.0,118.5,110.0,
https://www.basketball-reference.com/boxscores/201702080PHI.html,"7:00 PM, February 8, 2017",Philadelphia 76ers,San Antonio Spurs,103,111,PHI,,,Team Totals,240,34,84,.405,13,34,.382,22,29,.759,7,28,35,23,8,2,7,19,103,,,Team Totals,240,.532,.482,.405,.345,14.3,82.4,42.2,67.6,8.5,3.8,6.7,100.0,110.0,118.5,
https://www.basketball-reference.com/boxscores/201702080SAC.html,"10:30 PM, February 8, 2017",Sacramento Kings,Boston Celtics,108,92,BOS,,,Team Totals,240,29,73,.397,10,32,.313,24,27,.889,7,32,39,18,8,2,18,19,92,,,Team Totals,240,.542,.466,.438,.370,16.3,88.9,49.4,62.1,8.3,3.4,17.5,100.0,95.3,111.8,
https://www.basketball-reference.com/boxscores/201702080SAC.html,"10:30 PM, February 8, 2017",Sacramento Kings,Boston Celtics,108,92,SAC,,,Team Totals,240,42,84,.500,10,25,.400,14,15,.933,4,36,40,24,11,1,14,18,108,,,Team Totals,240,.596,.560,.298,.179,11.1,83.7,50.6,57.1,11.4,2.4,13.4,100.0,111.8,95.3,
https://www.basketball-reference.com/boxscores/201702090CHO.html,"7:00 PM, February 9, 2017",Charlotte Hornets,Houston Rockets,95,107,HOU,,,Team Totals,240,39,87,.448,13,40,.325,16,20,.800,9,33,42,22,13,5,17,19,107,,,Team Totals,240,.558,.523,.460,.230,19.6,76.7,47.2,56.4,12.8,8.5,15.1,100.0,105.6,93.8,
https://www.basketball-reference.com/boxscores/201702090CHO.html,"7:00 PM, February 9, 2017",Charlotte Hornets,Houston Rockets,95,107,CHO,,,Team Totals,240,37,85,.435,8,26,.308,13,14,.929,10,37,47,26,8,5,22,17,95,,,Team Totals,240,.521,.482,.306,.165,23.3,80.4,52.8,70.3,7.9,10.6,19.4,100.0,93.8,105.6,
https://www.basketball-reference.com/boxscores/201702090DAL.html,"8:30 PM, February 9, 2017",Dallas Mavericks,Utah Jazz,112,105,UTA,,,Team Totals,265,39,85,.459,13,29,.448,14,17,.824,11,32,43,26,8,3,21,26,105,,,Team Totals,265,.568,.535,.341,.200,26.2,84.2,53.8,66.7,7.9,4.5,18.5,100.0,104.1,111.1,
https://www.basketball-reference.com/boxscores/201702090DAL.html,"8:30 PM, February 9, 2017",Dallas Mavericks,Utah Jazz,112,105,DAL,,,Team Totals,265,44,87,.506,5,20,.250,19,25,.760,6,31,37,21,12,3,12,19,112,,,Team Totals,265,.571,.534,.230,.287,15.8,73.8,46.3,47.7,11.9,5.4,10.9,100.0,111.1,104.1,
https://www.basketball-reference.com/boxscores/201702090OKC.html,"8:00 PM, February 9, 2017",Oklahoma City Thunder,Cleveland Cavaliers,118,109,CLE,,,Team Totals,240,38,79,.481,10,21,.476,23,30,.767,5,30,35,14,9,6,16,14,109,,,Team Totals,240,.591,.544,.266,.380,12.8,63.8,40.7,36.8,8.8,7.6,14.8,100.0,106.4,115.2,
https://www.basketball-reference.com/boxscores/201702090OKC.html,"8:00 PM, February 9, 2017",Oklahoma City Thunder,Cleveland Cavaliers,118,109,OKC,,,Team Totals,240,50,106,.472,8,27,.296,10,13,.769,17,34,51,24,10,5,14,23,118,,,Team Totals,240,.528,.509,.255,.123,36.2,87.2,59.3,48.0,9.8,8.6,11.1,100.0,115.2,106.4,
https://www.basketball-reference.com/boxscores/201702090ORL.html,"7:00 PM, February 9, 2017",Orlando Magic,Philadelphia 76ers,111,112,PHI,,,Team Totals,240,40,95,.421,11,28,.393,21,27,.778,13,32,45,25,13,5,15,19,112,,,Team Totals,240,.524,.479,.295,.284,24.5,82.1,48.9,62.5,12.2,7.9,12.3,100.0,105.3,104.4,
https://www.basketball-reference.com/boxscores/201702090ORL.html,"7:00 PM, February 9, 2017",Orlando Magic,Philadelphia 76ers,111,112,ORL,,,Team Totals,240,41,84,.488,10,21,.476,19,24,.792,7,40,47,27,4,8,21,20,111,,,Team Totals,240,.587,.548,.250,.286,17.9,75.5,51.1,65.9,3.8,11.9,18.2,100.0,104.4,105.3,
https://www.basketball-reference.com/boxscores/201702090POR.html,"10:30 PM, February 9, 2017",Portland Trail Blazers,Boston Celtics,111,120,BOS,,,Team Totals,240,44,91,.484,10,30,.333,22,27,.815,14,29,43,23,8,1,8,21,120,,,Team Totals,240,.583,.538,.330,.297,31.1,74.4,51.2,52.3,8.5,2.0,7.2,100.0,126.9,117.4,
https://www.basketball-reference.com/boxscores/201702090POR.html,"10:30 PM, February 9, 2017",Portland Trail Blazers,Boston Celtics,111,120,POR,,,Team Totals,240,39,77,.506,9,26,.346,24,31,.774,10,31,41,23,4,6,16,23,111,,,Team Totals,240,.612,.565,.338,.403,25.6,68.9,48.8,59.0,4.2,9.8,15.0,100.0,117.4,126.9,
https://www.basketball-reference.com/boxscores/201702100BRK.html,"7:30 PM, February 10, 2017",Brooklyn Nets,Miami Heat,99,108,MIA,,,Team Totals,240,41,92,.446,7,23,.304,19,21,.905,13,33,46,16,11,7,14,21,108,,,Team Totals,240,.533,.484,.250,.228,28.3,68.8,48.9,39.0,11.1,11.5,12.1,100.0,109.2,100.1,
https://www.basketball-reference.com/boxscores/201702100BRK.html,"7:30 PM, February 10, 2017",Brooklyn Nets,Miami Heat,99,108,BRK,,,Team Totals,240,35,81,.432,8,20,.400,21,28,.750,15,33,48,19,4,6,22,18,99,,,Team Totals,240,.530,.481,.247,.346,31.3,71.7,51.1,54.3,4.0,8.7,19.1,100.0,100.1,109.2,
https://www.basketball-reference.com/boxscores/201702100DET.html,"7:30 PM, February 10, 2017",Detroit Pistons,San Antonio Spurs,92,103,SAS,,,Team Totals,240,41,82,.500,9,19,.474,12,15,.800,11,41,52,27,4,5,20,18,103,,,Team Totals,240,.581,.555,.232,.183,28.2,85.4,59.8,65.9,4.1,6.7,18.4,100.0,105.9,94.6,
https://www.basketball-reference.com/boxscores/201702100DET.html,"7:30 PM, February 10, 2017",Detroit Pistons,San Antonio Spurs,92,103,DET,,,Team Totals,240,39,92,.424,5,17,.294,9,13,.692,7,28,35,22,8,3,10,15,92,,,Team Totals,240,.471,.451,.185,.141,14.6,71.8,40.2,56.4,8.2,4.8,9.3,100.0,94.6,105.9,
https://www.basketball-reference.com/boxscores/201702100MEM.html,"8:00 PM, February 10, 2017",Memphis Grizzlies,Golden State Warriors,107,122,GSW,,,Team Totals,240,39,77,.506,15,33,.455,29,38,.763,5,29,34,31,14,13,12,26,122,,,Team Totals,240,.651,.604,.429,.494,14.7,61.7,42.0,79.5,14.2,21.3,11.4,100.0,123.7,108.5,
https://www.basketball-reference.com/boxscores/201702100MEM.html,"8:00 PM, February 10, 2017",Memphis Grizzlies,Golden State Warriors,107,122,MEM,,,Team Totals,240,34,87,.391,9,26,.346,30,37,.811,18,29,47,20,6,4,19,28,107,,,Team Totals,240,.518,.443,.299,.425,38.3,85.3,58.0,58.8,6.1,9.1,15.5,100.0,108.5,123.7,
https://www.basketball-reference.com/boxscores/201702100MIL.html,"8:00 PM, February 10, 2017",Milwaukee Bucks,Los Angeles Lakers,114,122,LAL,,,Team Totals,240,39,75,.520,15,31,.484,29,35,.829,6,27,33,25,9,3,19,24,122,,,Team Totals,240,.675,.620,.413,.467,16.7,87.1,49.3,64.1,8.8,6.3,17.4,100.0,119.0,111.2,
https://www.basketball-reference.com/boxscores/201702100MIL.html,"8:00 PM, February 10, 2017",Milwaukee Bucks,Los Angeles Lakers,114,122,MIL,,,Team Totals,240,40,76,.526,8,28,.286,26,31,.839,4,30,34,27,11,5,20,29,114,,,Team Totals,240,.636,.579,.368,.408,12.9,83.3,50.7,67.5,10.7,11.4,18.2,100.0,111.2,119.0,
https://www.basketball-reference.com/boxscores/201702100MIN.html,"8:00 PM, February 10, 2017",Minnesota Timberwolves,New Orleans Pelicans,106,122,NOP,,,Team Totals,240,45,75,.600,12,25,.480,20,27,.741,8,35,43,27,8,3,21,23,122,,,Team Totals,240,.702,.680,.333,.360,26.7,74.5,55.8,60.0,8.2,5.5,19.5,100.0,125.8,109.3,
https://www.basketball-reference.com/boxscores/201702100MIN.html,"8:00 PM, February 10, 2017",Minnesota Timberwolves,New Orleans Pelicans,106,122,MIN,,,Team Totals,240,38,82,.463,6,27,.222,24,32,.750,12,22,34,22,11,0,13,21,106,,,Team Totals,240,.552,.500,.329,.390,25.5,73.3,44.2,57.9,11.3,0.0,11.9,100.0,109.3,125.8,
https://www.basketball-reference.com/boxscores/201702100NYK.html,"7:30 PM, February 10, 2017",New York Knicks,Denver Nuggets,123,131,DEN,,,Team Totals,240,54,95,.568,16,32,.500,7,10,.700,16,28,44,30,6,5,15,11,131,,,Team Totals,240,.659,.653,.337,.105,41.0,73.7,57.1,55.6,6.3,9.1,13.1,100.0,137.6,129.2,
https://www.basketball-reference.com/boxscores/201702100NYK.html,"7:30 PM, February 10, 2017",New York Knicks,Denver Nuggets,123,131,NYK,,,Team Totals,240,52,93,.559,16,38,.421,3,5,.600,10,23,33,36,10,5,11,14,123,,,Team Totals,240,.646,.645,.409,.054,26.3,59.0,42.9,69.2,10.5,7.9,10.4,100.0,129.2,137.6,
https://www.basketball-reference.com/boxscores/201702100PHO.html,"10:30 PM, February 10, 2017",Phoenix Suns,Chicago Bulls,115,97,CHI,,,Team Totals,240,37,86,.430,5,19,.263,18,22,.818,12,29,41,20,7,5,11,16,97,,,Team Totals,240,.507,.459,.221,.256,28.6,69.0,48.8,54.1,7.6,6.6,10.3,100.0,105.2,124.7,
https://www.basketball-reference.com/boxscores/201702100PHO.html,"10:30 PM, February 10, 2017",Phoenix Suns,Chicago Bulls,115,97,PHO,,,Team Totals,240,48,95,.505,8,19,.421,11,13,.846,13,30,43,25,4,8,9,18,115,,,Team Totals,240,.571,.547,.200,.137,31.0,71.4,51.2,52.1,4.3,11.9,8.2,100.0,124.7,105.2,
https://www.basketball-reference.com/boxscores/201702100SAC.html,"10:30 PM, February 10, 2017",Sacramento Kings,Atlanta Hawks,108,107,ATL,,,Team Totals,240,36,71,.507,11,30,.367,24,31,.774,3,34,37,19,6,5,17,17,107,,,Team Totals,240,.632,.585,.423,.437,8.8,81.0,48.7,52.8,6.2,11.4,16.7,100.0,109.8,110.8,
https://www.basketball-reference.com/boxscores/201702100SAC.html,"10:30 PM, February 10, 2017",Sacramento Kings,Atlanta Hawks,108,107,SAC,,,Team Totals,240,38,80,.475,18,36,.500,14,21,.667,8,31,39,27,12,2,18,27,108,,,Team Totals,240,.605,.588,.450,.263,19.0,91.2,51.3,71.1,12.3,4.9,16.8,100.0,110.8,109.8,
https://www.basketball-reference.com/boxscores/201702100WAS.html,"8:00 PM, February 10, 2017",Washington Wizards,Indiana Pacers,112,107,IND,,,Team Totals,240,45,92,.489,4,21,.190,13,15,.867,10,32,42,29,3,5,11,22,107,,,Team Totals,240,.543,.511,.228,.163,23.8,69.6,47.7,64.4,3.1,8.5,10.0,100.0,111.0,116.2,
https://www.basketball-reference.com/boxscores/201702100WAS.html,"8:00 PM, February 10, 2017",Washington Wizards,Indiana Pacers,112,107,WAS,,,Team Totals,240,41,88,.466,10,29,.345,20,30,.667,14,32,46,29,8,4,11,13,112,,,Team Totals,240,.553,.523,.330,.341,30.4,76.2,52.3,70.7,8.3,5.6,9.8,100.0,116.2,111.0,
https://www.basketball-reference.com/boxscores/201702110CHO.html,"5:00 PM, February 11, 2017",Charlotte Hornets,Los Angeles Clippers,102,107,LAC,,,Team Totals,240,40,85,.471,14,34,.412,13,20,.650,10,40,50,26,3,6,14,21,107,,,Team Totals,240,.570,.553,.400,.235,23.8,83.3,55.6,65.0,3.2,12.5,13.0,100.0,113.8,108.5,
https://www.basketball-reference.com/boxscores/201702110CHO.html,"5:00 PM, February 11, 2017",Charlotte Hornets,Los Angeles Clippers,102,107,CHO,,,Team Totals,240,37,85,.435,13,37,.351,15,20,.750,8,32,40,24,6,4,8,20,102,,,Team Totals,240,.544,.512,.435,.235,16.7,76.2,44.4,64.9,6.4,7.8,7.9,100.0,108.5,113.8,
https://www.basketball-reference.com/boxscores/201702110CLE.html,"7:30 PM, February 11, 2017",Cleveland Cavaliers,Denver Nuggets,125,109,DEN,,,Team Totals,240,39,97,.402,12,37,.324,19,22,.864,17,28,45,23,8,4,12,22,109,,,Team Totals,240,.511,.464,.381,.227,31.5,77.8,50.0,59.0,8.1,7.4,10.1,100.0,110.1,126.2,
https://www.basketball-reference.com/boxscores/201702110CLE.html,"7:30 PM, February 11, 2017",Cleveland Cavaliers,Denver Nuggets,125,109,CLE,,,Team Totals,240,46,84,.548,15,30,.500,18,22,.818,8,37,45,30,9,3,16,16,125,,,Team Totals,240,.667,.637,.357,.262,22.2,68.5,50.0,65.2,9.1,5.0,14.6,100.0,126.2,110.1,
https://www.basketball-reference.com/boxscores/201702110DAL.html,"9:00 PM, February 11, 2017",Dallas Mavericks,Orlando Magic,112,80,ORL,,,Team Totals,240,32,82,.390,3,23,.130,13,18,.722,11,29,40,16,8,5,15,16,80,,,Team Totals,240,.445,.409,.280,.220,22.0,70.7,44.0,50.0,8.6,8.9,14.3,100.0,86.3,120.8,
https://www.basketball-reference.com/boxscores/201702110DAL.html,"9:00 PM, February 11, 2017",Dallas Mavericks,Orlando Magic,112,80,DAL,,,Team Totals,240,45,91,.495,17,35,.486,5,6,.833,12,39,51,32,10,3,14,17,112,,,Team Totals,240,.598,.588,.385,.066,29.3,78.0,56.0,71.1,10.8,5.1,13.0,100.0,120.8,86.3,
https://www.basketball-reference.com/boxscores/201702110HOU.html,"9:00 PM, February 11, 2017",Houston Rockets,Phoenix Suns,133,102,PHO,,,Team Totals,240,37,94,.394,8,22,.364,20,26,.769,12,30,42,20,8,4,19,28,102,,,Team Totals,240,.484,.436,.234,.277,23.5,65.2,43.3,54.1,7.5,8.2,15.3,100.0,95.0,123.9,
https://www.basketball-reference.com/boxscores/201702110HOU.html,"9:00 PM, February 11, 2017",Houston Rockets,Phoenix Suns,133,102,HOU,,,Team Totals,240,42,85,.494,18,36,.500,31,39,.795,16,39,55,27,8,4,21,23,133,,,Team Totals,240,.651,.600,.424,.459,34.8,76.5,56.7,64.3,7.5,5.6,17.1,100.0,123.9,95.0,
https://www.basketball-reference.com/boxscores/201702110IND.html,"7:00 PM, February 11, 2017",Indiana Pacers,Milwaukee Bucks,100,116,MIL,,,Team Totals,240,35,73,.479,17,31,.548,29,37,.784,8,29,37,28,7,6,7,18,116,,,Team Totals,240,.650,.596,.425,.507,22.2,78.4,50.7,80.0,8.1,11.8,7.3,100.0,133.7,115.2,
https://www.basketball-reference.com/boxscores/201702110IND.html,"7:00 PM, February 11, 2017",Indiana Pacers,Milwaukee Bucks,100,116,IND,,,Team Totals,240,35,73,.479,10,22,.455,20,24,.833,8,28,36,19,2,6,14,25,100,,,Team Totals,240,.598,.548,.301,.329,21.6,77.8,49.3,54.3,2.3,14.3,14.4,100.0,115.2,133.7,
https://www.basketball-reference.com/boxscores/201702110OKC.html,"8:30 PM, February 11, 2017",Oklahoma City Thunder,Golden State Warriors,114,130,GSW,,,Team Totals,240,46,87,.529,13,31,.419,25,35,.714,10,30,40,28,10,3,12,22,130,,,Team Totals,240,.635,.603,.356,.402,24.4,71.4,48.2,60.9,9.7,5.1,10.5,100.0,126.5,110.9,
https://www.basketball-reference.com/boxscores/201702110OKC.html,"8:30 PM, February 11, 2017",Oklahoma City Thunder,Golden State Warriors,114,130,OKC,,,Team Totals,240,40,83,.482,6,24,.250,28,36,.778,12,31,43,20,7,8,19,23,114,,,Team Totals,240,.577,.518,.289,.434,28.6,75.6,51.8,50.0,6.8,14.3,16.1,100.0,110.9,126.5,
https://www.basketball-reference.com/boxscores/201702110PHI.html,"7:30 PM, February 11, 2017",Philadelphia 76ers,Miami Heat,117,109,MIA,,,Team Totals,240,39,85,.459,7,24,.292,24,28,.857,11,38,49,15,4,4,20,27,109,,,Team Totals,240,.560,.500,.282,.329,28.9,77.6,56.3,38.5,4.0,6.6,17.0,100.0,108.0,115.9,
https://www.basketball-reference.com/boxscores/201702110PHI.html,"7:30 PM, February 11, 2017",Philadelphia 76ers,Miami Heat,117,109,PHI,,,Team Totals,240,39,86,.453,9,25,.360,30,38,.789,11,27,38,27,15,8,10,21,117,,,Team Totals,240,.570,.506,.291,.442,22.4,71.1,43.7,69.2,14.9,13.1,8.9,100.0,115.9,108.0,
https://www.basketball-reference.com/boxscores/201702110UTA.html,"10:00 PM, February 11, 2017",Utah Jazz,Boston Celtics,104,112,BOS,,,Team Totals,240,42,71,.592,13,30,.433,15,23,.652,3,34,37,20,6,4,16,24,112,,,Team Totals,240,.690,.683,.423,.324,10.3,72.3,48.7,47.6,6.4,7.3,16.5,100.0,119.9,111.3,
https://www.basketball-reference.com/boxscores/201702110UTA.html,"10:00 PM, February 11, 2017",Utah Jazz,Boston Celtics,104,112,UTA,,,Team Totals,240,35,86,.407,8,31,.258,26,30,.867,13,26,39,16,9,2,11,19,104,,,Team Totals,240,.524,.453,.360,.349,27.7,89.7,51.3,45.7,9.6,4.9,10.0,100.0,111.3,119.9,
https://www.basketball-reference.com/boxscores/201702120MIN.html,"3:30 PM, February 12, 2017",Minnesota Timberwolves,Chicago Bulls,117,89,CHI,,,Team Totals,240,35,84,.417,10,25,.400,9,13,.692,9,26,35,22,7,2,18,24,89,,,Team Totals,240,.496,.476,.298,.155,20.0,72.2,43.2,62.9,7.3,3.5,16.7,100.0,92.7,121.8,
https://www.basketball-reference.com/boxscores/201702120MIN.html,"3:30 PM, February 12, 2017",Minnesota Timberwolves,Chicago Bulls,117,89,MIN,,,Team Totals,240,44,81,.543,6,24,.250,23,26,.885,10,36,46,27,11,4,15,14,117,,,Team Totals,240,.633,.580,.296,.321,27.8,80.0,56.8,61.4,11.5,6.8,14.0,100.0,121.8,92.7,
https://www.basketball-reference.com/boxscores/201702120NYK.html,"3:30 PM, February 12, 2017",New York Knicks,San Antonio Spurs,94,90,SAS,,,Team Totals,240,33,91,.363,6,29,.207,18,22,.818,21,25,46,17,11,1,11,16,90,,,Team Totals,240,.447,.396,.319,.242,35.0,83.3,51.1,51.5,12.3,1.9,9.8,100.0,100.3,104.8,
https://www.basketball-reference.com/boxscores/201702120NYK.html,"3:30 PM, February 12, 2017",New York Knicks,San Antonio Spurs,94,90,NYK,,,Team Totals,240,34,68,.500,9,14,.643,17,21,.810,5,39,44,18,5,8,20,19,94,,,Team Totals,240,.608,.566,.206,.309,16.7,65.0,48.9,52.9,5.6,12.9,20.6,100.0,104.8,100.3,
https://www.basketball-reference.com/boxscores/201702120SAC.html,"9:00 PM, February 12, 2017",Sacramento Kings,New Orleans Pelicans,105,99,NOP,,,Team Totals,240,34,82,.415,13,31,.419,18,21,.857,6,30,36,23,10,2,18,23,99,,,Team Totals,240,.543,.494,.378,.256,13.6,78.9,43.9,67.6,10.0,4.3,16.5,100.0,98.7,104.7,
https://www.basketball-reference.com/boxscores/201702120SAC.html,"9:00 PM, February 12, 2017",Sacramento Kings,New Orleans Pelicans,105,99,SAC,,,Team Totals,240,35,78,.449,11,31,.355,24,27,.889,8,38,46,23,11,5,20,18,105,,,Team Totals,240,.584,.519,.397,.346,21.1,86.4,56.1,65.7,11.0,9.8,18.2,100.0,104.7,98.7,
https://www.basketball-reference.com/boxscores/201702120TOR.html,"6:00 PM, February 12, 2017",Toronto Raptors,Detroit Pistons,101,102,DET,,,Team Totals,240,36,84,.429,8,31,.258,22,29,.759,11,30,41,12,8,5,7,18,102,,,Team Totals,240,.527,.476,.369,.345,25.6,83.3,51.9,33.3,8.9,8.5,6.7,100.0,114.1,112.9,
https://www.basketball-reference.com/boxscores/201702120TOR.html,"6:00 PM, February 12, 2017",Toronto Raptors,Detroit Pistons,101,102,TOR,,,Team Totals,240,38,75,.507,8,16,.500,17,25,.680,6,32,38,18,4,5,11,18,101,,,Team Totals,240,.587,.560,.213,.333,16.7,74.4,48.1,47.4,4.5,9.4,11.3,100.0,112.9,114.1,
https://www.basketball-reference.com/boxscores/201702130BRK.html,"7:30 PM, February 13, 2017",Brooklyn Nets,Memphis Grizzlies,103,112,MEM,,,Team Totals,240,39,77,.506,9,22,.409,25,27,.926,5,36,41,25,7,1,12,16,112,,,Team Totals,240,.630,.565,.286,.351,16.1,85.7,56.2,64.1,7.5,2.2,11.9,100.0,119.3,109.7,
https://www.basketball-reference.com/boxscores/201702130BRK.html,"7:30 PM, February 13, 2017",Brooklyn Nets,Memphis Grizzlies,103,112,BRK,,,Team Totals,240,38,82,.463,12,37,.324,15,18,.833,6,26,32,23,8,0,12,24,103,,,Team Totals,240,.573,.537,.451,.220,14.3,83.9,43.8,60.5,8.5,0.0,11.8,100.0,109.7,119.3,
https://www.basketball-reference.com/boxscores/201702130CHO.html,"7:00 PM, February 13, 2017",Charlotte Hornets,Philadelphia 76ers,99,105,PHI,,,Team Totals,240,41,86,.477,12,33,.364,11,17,.647,9,42,51,24,9,5,19,21,105,,,Team Totals,240,.562,.547,.384,.198,23.1,93.3,60.7,58.5,9.0,10.6,16.9,100.0,104.5,98.5,
https://www.basketball-reference.com/boxscores/201702130CHO.html,"7:00 PM, February 13, 2017",Charlotte Hornets,Philadelphia 76ers,99,105,CHO,,,Team Totals,240,34,78,.436,11,31,.355,20,26,.769,3,30,33,19,11,5,15,17,99,,,Team Totals,240,.553,.506,.397,.333,6.7,76.9,39.3,55.9,10.9,9.4,14.4,100.0,98.5,104.5,
https://www.basketball-reference.com/boxscores/201702130DAL.html,"8:30 PM, February 13, 2017",Dallas Mavericks,Boston Celtics,98,111,BOS,,,Team Totals,240,40,81,.494,16,34,.471,15,18,.833,7,34,41,28,5,3,12,25,111,,,Team Totals,240,.624,.593,.420,.222,17.5,89.5,52.6,70.0,5.4,6.0,11.9,100.0,118.8,104.9,
https://www.basketball-reference.com/boxscores/201702130DAL.html,"8:30 PM, February 13, 2017",Dallas Mavericks,Boston Celtics,98,111,DAL,,,Team Totals,240,35,77,.455,9,27,.333,19,25,.760,4,33,37,21,7,2,12,16,98,,,Team Totals,240,.557,.513,.351,.325,10.5,82.5,47.4,60.0,7.5,4.3,12.0,100.0,104.9,118.8,
https://www.basketball-reference.com/boxscores/201702130DEN.html,"9:00 PM, February 13, 2017",Denver Nuggets,Golden State Warriors,132,110,GSW,,,Team Totals,240,45,92,.489,8,32,.250,12,13,.923,4,23,27,25,12,6,9,13,110,,,Team Totals,240,.563,.533,.348,.141,9.5,62.2,34.2,55.6,11.9,12.8,8.4,100.0,109.1,130.9,
https://www.basketball-reference.com/boxscores/201702130DEN.html,"9:00 PM, February 13, 2017",Denver Nuggets,Golden State Warriors,132,110,DEN,,,Team Totals,240,48,88,.545,24,41,.585,12,16,.750,14,38,52,34,6,1,22,14,132,,,Team Totals,240,.694,.682,.466,.182,37.8,90.5,65.8,70.8,6.0,1.7,18.8,100.0,130.9,109.1,
https://www.basketball-reference.com/boxscores/201702130IND.html,"7:00 PM, February 13, 2017",Indiana Pacers,San Antonio Spurs,106,110,SAS,,,Team Totals,240,40,87,.460,7,15,.467,23,27,.852,12,37,49,18,7,4,11,22,110,,,Team Totals,240,.556,.500,.172,.310,27.9,86.0,57.0,45.0,7.4,6.9,10.0,100.0,115.9,111.7,
https://www.basketball-reference.com/boxscores/201702130IND.html,"7:00 PM, February 13, 2017",Indiana Pacers,San Antonio Spurs,106,110,IND,,,Team Totals,240,38,78,.487,9,20,.450,21,30,.700,6,31,37,21,8,3,11,23,106,,,Team Totals,240,.581,.545,.256,.385,14.0,72.1,43.0,55.3,8.4,4.2,10.8,100.0,111.7,115.9,
https://www.basketball-reference.com/boxscores/201702130MIA.html,"7:30 PM, February 13, 2017",Miami Heat,Orlando Magic,107,116,ORL,,,Team Totals,240,44,90,.489,8,14,.571,20,29,.690,15,37,52,18,9,3,14,22,116,,,Team Totals,240,.564,.533,.156,.322,32.6,86.0,58.4,40.9,8.9,4.9,12.0,100.0,115.0,106.1,
https://www.basketball-reference.com/boxscores/201702130MIA.html,"7:30 PM, February 13, 2017",Miami Heat,Orlando Magic,107,116,MIA,,,Team Totals,240,39,83,.470,6,22,.273,23,27,.852,6,31,37,14,7,7,15,25,107,,,Team Totals,240,.564,.506,.265,.325,14.0,67.4,41.6,35.9,6.9,9.2,13.7,100.0,106.1,115.0,
https://www.basketball-reference.com/boxscores/201702130MIL.html,"8:00 PM, February 13, 2017",Milwaukee Bucks,Detroit Pistons,102,89,DET,,,Team Totals,240,34,78,.436,7,21,.333,14,19,.737,12,32,44,17,4,1,17,18,89,,,Team Totals,240,.515,.481,.269,.244,30.0,86.5,57.1,50.0,4.5,1.7,16.4,100.0,99.3,113.8,
https://www.basketball-reference.com/boxscores/201702130MIL.html,"8:00 PM, February 13, 2017",Milwaukee Bucks,Detroit Pistons,102,89,MIL,,,Team Totals,240,40,79,.506,6,21,.286,16,16,1.000,5,28,33,26,9,2,11,17,102,,,Team Totals,240,.593,.544,.266,.203,13.5,70.0,42.9,65.0,10.0,3.5,11.3,100.0,113.8,99.3,
https://www.basketball-reference.com/boxscores/201702130PHO.html,"9:00 PM, February 13, 2017",Phoenix Suns,New Orleans Pelicans,108,110,NOP,,,Team Totals,240,37,78,.474,8,28,.286,28,35,.800,5,32,37,19,8,5,16,23,110,,,Team Totals,240,.589,.526,.359,.449,14.3,71.1,46.3,51.4,7.7,7.1,14.6,100.0,106.3,104.4,
https://www.basketball-reference.com/boxscores/201702130PHO.html,"9:00 PM, February 13, 2017",Phoenix Suns,New Orleans Pelicans,108,110,PHO,,,Team Totals,240,40,93,.430,8,23,.348,20,24,.833,13,30,43,14,7,3,19,25,108,,,Team Totals,240,.521,.473,.247,.258,28.9,85.7,53.8,35.0,6.8,6.0,15.5,100.0,104.4,106.3,
https://www.basketball-reference.com/boxscores/201702130POR.html,"10:30 PM, February 13, 2017",Portland Trail Blazers,Atlanta Hawks,104,109,ATL,,,Team Totals,265,32,83,.386,8,28,.286,37,48,.771,7,45,52,20,9,11,9,23,109,,,Team Totals,265,.523,.434,.337,.578,13.7,67.2,44.1,62.5,8.6,18.0,8.0,100.0,103.6,98.8,
https://www.basketball-reference.com/boxscores/201702130POR.html,"10:30 PM, February 13, 2017",Portland Trail Blazers,Atlanta Hawks,104,109,POR,,,Team Totals,265,37,103,.359,16,42,.381,14,25,.560,22,44,66,22,4,4,17,34,104,,,Team Totals,265,.456,.437,.408,.243,32.8,86.3,55.9,59.5,3.8,7.3,13.0,100.0,98.8,103.6,
https://www.basketball-reference.com/boxscores/201702130UTA.html,"9:00 PM, February 13, 2017",Utah Jazz,Los Angeles Clippers,72,88,LAC,,,Team Totals,240,36,81,.444,9,25,.360,7,11,.636,6,43,49,16,7,7,13,19,88,,,Team Totals,240,.513,.500,.309,.136,14.0,78.2,50.0,44.4,7.6,10.9,13.2,100.0,96.1,78.6,
https://www.basketball-reference.com/boxscores/201702130UTA.html,"9:00 PM, February 13, 2017",Utah Jazz,Los Angeles Clippers,72,88,UTA,,,Team Totals,240,28,87,.322,4,23,.174,12,18,.667,12,37,49,14,5,4,11,11,72,,,Team Totals,240,.379,.345,.264,.207,21.8,86.0,50.0,50.0,5.5,7.1,10.4,100.0,78.6,96.1,
https://www.basketball-reference.com/boxscores/201702130WAS.html,"8:00 PM, February 13, 2017",Washington Wizards,Oklahoma City Thunder,120,98,OKC,,,Team Totals,240,34,96,.354,7,34,.206,23,30,.767,20,27,47,16,10,2,15,22,98,,,Team Totals,240,.449,.391,.354,.313,37.0,81.8,54.0,47.1,10.0,3.8,12.1,100.0,98.2,120.2,
https://www.basketball-reference.com/boxscores/201702130WAS.html,"8:00 PM, February 13, 2017",Washington Wizards,Oklahoma City Thunder,120,98,WAS,,,Team Totals,240,42,73,.575,13,20,.650,23,28,.821,6,34,40,27,4,9,23,24,120,,,Team Totals,240,.703,.664,.274,.384,18.2,63.0,46.0,64.3,4.0,14.5,21.2,100.0,120.2,98.2,
https://www.basketball-reference.com/boxscores/201702140CHI.html,"8:00 PM, February 14, 2017",Chicago Bulls,Toronto Raptors,105,94,TOR,,,Team Totals,240,35,77,.455,5,20,.250,19,24,.792,8,26,34,15,9,1,18,26,94,,,Team Totals,240,.537,.487,.260,.312,21.1,78.8,47.9,42.9,9.4,1.8,17.1,100.0,98.7,110.2,
https://www.basketball-reference.com/boxscores/201702140CHI.html,"8:00 PM, February 14, 2017",Chicago Bulls,Toronto Raptors,105,94,CHI,,,Team Totals,240,35,73,.479,7,17,.412,28,35,.800,7,30,37,22,8,5,17,23,105,,,Team Totals,240,.594,.527,.233,.479,21.2,78.9,52.1,62.9,8.4,8.8,16.1,100.0,110.2,98.7,
https://www.basketball-reference.com/boxscores/201702140LAL.html,"10:30 PM, February 14, 2017",Los Angeles Lakers,Sacramento Kings,96,97,SAC,,,Team Totals,240,36,73,.493,7,24,.292,18,25,.720,7,31,38,23,9,3,17,12,97,,,Team Totals,240,.577,.541,.329,.342,18.9,70.5,46.9,63.9,9.8,5.6,16.8,100.0,105.3,104.2,
https://www.basketball-reference.com/boxscores/201702140LAL.html,"10:30 PM, February 14, 2017",Los Angeles Lakers,Sacramento Kings,96,97,LAL,,,Team Totals,240,38,83,.458,12,29,.414,8,15,.533,13,30,43,22,10,3,17,21,96,,,Team Totals,240,.536,.530,.349,.181,29.5,81.1,53.1,57.9,10.9,6.1,15.9,100.0,104.2,105.3,
https://www.basketball-reference.com/boxscores/201702140MIN.html,"8:00 PM, February 14, 2017",Minnesota Timberwolves,Cleveland Cavaliers,108,116,CLE,,,Team Totals,240,44,86,.512,13,39,.333,15,22,.682,9,34,43,27,3,4,10,18,116,,,Team Totals,240,.606,.587,.453,.256,21.4,81.0,51.2,61.4,3.1,6.3,9.5,100.0,121.6,113.2,
https://www.basketball-reference.com/boxscores/201702140MIN.html,"8:00 PM, February 14, 2017",Minnesota Timberwolves,Cleveland Cavaliers,108,116,MIN,,,Team Totals,240,42,86,.488,9,23,.391,15,19,.789,8,33,41,27,6,2,11,18,108,,,Team Totals,240,.572,.541,.267,.221,19.0,78.6,48.8,64.3,6.3,4.3,10.4,100.0,113.2,121.6,
https://www.basketball-reference.com/boxscores/201702150BOS.html,"7:30 PM, February 15, 2017",Boston Celtics,Philadelphia 76ers,116,108,PHI,,,Team Totals,240,44,93,.473,8,31,.258,12,18,.667,12,35,47,23,16,5,22,23,108,,,Team Totals,240,.535,.516,.333,.194,26.7,85.4,54.7,52.3,14.5,9.6,17.9,100.0,98.2,105.4,
https://www.basketball-reference.com/boxscores/201702150BOS.html,"7:30 PM, February 15, 2017",Boston Celtics,Philadelphia 76ers,116,108,BOS,,,Team Totals,240,38,80,.475,13,28,.464,27,36,.750,6,33,39,21,13,4,24,18,116,,,Team Totals,240,.605,.556,.350,.450,14.6,73.3,45.3,55.3,11.8,6.5,20.0,100.0,105.4,98.2,
https://www.basketball-reference.com/boxscores/201702150BRK.html,"7:30 PM, February 15, 2017",Brooklyn Nets,Milwaukee Bucks,125,129,MIL,,,Team Totals,240,50,88,.568,7,15,.467,22,32,.688,7,32,39,27,16,3,10,19,129,,,Team Totals,240,.632,.608,.170,.364,17.5,78.0,48.1,54.0,15.4,5.8,8.9,100.0,124.0,120.2,
https://www.basketball-reference.com/boxscores/201702150BRK.html,"7:30 PM, February 15, 2017",Brooklyn Nets,Milwaukee Bucks,125,129,BRK,,,Team Totals,240,46,88,.523,14,36,.389,19,23,.826,9,33,42,30,7,8,17,21,125,,,Team Totals,240,.637,.602,.409,.261,22.0,82.5,51.9,65.2,6.7,11.0,14.8,100.0,120.2,124.0,
https://www.basketball-reference.com/boxscores/201702150CLE.html,"7:00 PM, February 15, 2017",Cleveland Cavaliers,Indiana Pacers,113,104,IND,,,Team Totals,240,40,86,.465,12,24,.500,12,14,.857,13,30,43,30,2,1,12,17,104,,,Team Totals,240,.564,.535,.279,.163,29.5,76.9,51.8,75.0,2.3,2.3,11.5,100.0,118.2,128.4,
https://www.basketball-reference.com/boxscores/201702150CLE.html,"7:00 PM, February 15, 2017",Cleveland Cavaliers,Indiana Pacers,113,104,CLE,,,Team Totals,240,39,82,.476,18,39,.462,17,19,.895,9,31,40,23,6,2,8,19,113,,,Team Totals,240,.625,.585,.476,.232,23.1,70.5,48.2,59.0,6.8,3.2,8.1,100.0,128.4,118.2,
https://www.basketball-reference.com/boxscores/201702150DEN.html,"9:00 PM, February 15, 2017",Denver Nuggets,Minnesota Timberwolves,99,112,MIN,,,Team Totals,240,41,86,.477,6,18,.333,24,28,.857,9,36,45,20,12,4,7,15,112,,,Team Totals,240,.570,.512,.209,.326,20.5,72.0,47.9,48.8,12.4,6.7,6.6,100.0,115.6,102.2,
https://www.basketball-reference.com/boxscores/201702150DEN.html,"9:00 PM, February 15, 2017",Denver Nuggets,Minnesota Timberwolves,99,112,DEN,,,Team Totals,240,38,94,.404,11,34,.324,12,18,.667,14,35,49,25,4,5,15,19,99,,,Team Totals,240,.486,.463,.362,.191,28.0,79.5,52.1,65.8,4.1,7.4,12.8,100.0,102.2,115.6,
https://www.basketball-reference.com/boxscores/201702150DET.html,"7:30 PM, February 15, 2017",Detroit Pistons,Dallas Mavericks,98,91,DAL,,,Team Totals,240,35,92,.380,10,37,.270,11,11,1.000,5,34,39,22,10,2,6,21,91,,,Team Totals,240,.470,.435,.402,.120,9.8,79.1,41.5,62.9,10.4,3.2,5.8,100.0,94.8,102.1,
https://www.basketball-reference.com/boxscores/201702150DET.html,"7:30 PM, February 15, 2017",Detroit Pistons,Dallas Mavericks,98,91,DET,,,Team Totals,240,36,82,.439,6,19,.316,20,22,.909,9,46,55,15,2,4,15,16,98,,,Team Totals,240,.534,.476,.232,.268,20.9,90.2,58.5,41.7,2.1,7.3,14.1,100.0,102.1,94.8,
https://www.basketball-reference.com/boxscores/201702150GSW.html,"10:30 PM, February 15, 2017",Golden State Warriors,Sacramento Kings,109,86,SAC,,,Team Totals,240,33,89,.371,7,24,.292,13,17,.765,12,38,50,23,4,6,18,17,86,,,Team Totals,240,.446,.410,.270,.191,23.1,86.4,52.1,69.7,4.1,12.5,15.7,100.0,88.6,112.3,
https://www.basketball-reference.com/boxscores/201702150GSW.html,"10:30 PM, February 15, 2017",Golden State Warriors,Sacramento Kings,109,86,GSW,,,Team Totals,240,41,84,.488,13,36,.361,14,21,.667,6,40,46,32,10,10,8,16,109,,,Team Totals,240,.585,.565,.429,.250,13.6,76.9,47.9,78.0,10.3,15.4,7.9,100.0,112.3,88.6,
https://www.basketball-reference.com/boxscores/201702150HOU.html,"8:00 PM, February 15, 2017",Houston Rockets,Miami Heat,109,117,MIA,,,Team Totals,240,44,84,.524,13,35,.371,16,24,.667,12,34,46,27,3,7,12,20,117,,,Team Totals,240,.619,.601,.417,.286,31.6,69.4,52.9,61.4,3.3,14.9,11.3,100.0,128.0,119.3,
https://www.basketball-reference.com/boxscores/201702150HOU.html,"8:00 PM, February 15, 2017",Houston Rockets,Miami Heat,109,117,HOU,,,Team Totals,240,36,87,.414,13,40,.325,24,31,.774,15,26,41,22,6,1,8,23,109,,,Team Totals,240,.542,.489,.460,.356,30.6,68.4,47.1,61.1,6.6,2.0,7.4,100.0,119.3,128.0,
https://www.basketball-reference.com/boxscores/201702150LAC.html,"10:30 PM, February 15, 2017",Los Angeles Clippers,Atlanta Hawks,99,84,ATL,,,Team Totals,240,32,79,.405,7,26,.269,13,19,.684,10,35,45,20,5,1,23,13,84,,,Team Totals,240,.481,.449,.329,.241,22.2,87.5,52.9,62.5,5.2,2.4,20.8,100.0,87.2,102.8,
https://www.basketball-reference.com/boxscores/201702150LAC.html,"10:30 PM, February 15, 2017",Los Angeles Clippers,Atlanta Hawks,99,84,LAC,,,Team Totals,240,37,79,.468,14,37,.378,11,12,.917,5,35,40,24,18,3,16,17,99,,,Team Totals,240,.587,.557,.468,.152,12.5,77.8,47.1,64.9,18.7,5.7,16.0,100.0,102.8,87.2,
https://www.basketball-reference.com/boxscores/201702150MEM.html,"8:00 PM, February 15, 2017",Memphis Grizzlies,New Orleans Pelicans,91,95,NOP,,,Team Totals,240,37,75,.493,8,18,.444,13,22,.591,4,34,38,18,10,5,12,23,95,,,Team Totals,240,.561,.547,.240,.293,10.3,72.3,44.2,48.6,10.6,8.9,12.4,100.0,100.5,96.3,
https://www.basketball-reference.com/boxscores/201702150MEM.html,"8:00 PM, February 15, 2017",Memphis Grizzlies,New Orleans Pelicans,91,95,MEM,,,Team Totals,240,33,89,.371,6,33,.182,19,25,.760,13,35,48,22,8,3,15,19,91,,,Team Totals,240,.455,.404,.371,.281,27.7,89.7,55.8,66.7,8.5,5.3,13.0,100.0,96.3,100.5,
https://www.basketball-reference.com/boxscores/201702150OKC.html,"9:30 PM, February 15, 2017",Oklahoma City Thunder,New York Knicks,116,105,NYK,,,Team Totals,240,41,86,.477,11,21,.524,12,14,.857,6,33,39,19,8,12,15,21,105,,,Team Totals,240,.570,.541,.244,.163,14.3,73.3,44.8,46.3,8.1,18.5,14.0,100.0,105.7,116.8,
https://www.basketball-reference.com/boxscores/201702150OKC.html,"9:30 PM, February 15, 2017",Oklahoma City Thunder,New York Knicks,116,105,OKC,,,Team Totals,240,41,88,.466,12,23,.522,22,31,.710,12,36,48,21,10,4,12,13,116,,,Team Totals,240,.571,.534,.261,.352,26.7,85.7,55.2,51.2,10.1,6.2,10.6,100.0,116.8,105.7,
https://www.basketball-reference.com/boxscores/201702150ORL.html,"7:00 PM, February 15, 2017",Orlando Magic,San Antonio Spurs,79,107,SAS,,,Team Totals,240,42,89,.472,8,31,.258,15,19,.789,11,39,50,25,12,8,13,16,107,,,Team Totals,240,.550,.517,.348,.213,28.2,88.6,60.2,59.5,12.6,13.8,11.8,100.0,112.4,83.0,
https://www.basketball-reference.com/boxscores/201702150ORL.html,"7:00 PM, February 15, 2017",Orlando Magic,San Antonio Spurs,79,107,ORL,,,Team Totals,240,30,76,.395,4,18,.222,15,19,.789,5,28,33,15,5,5,17,19,79,,,Team Totals,240,.468,.421,.237,.250,11.4,71.8,39.8,50.0,5.3,8.6,16.8,100.0,83.0,112.4,
https://www.basketball-reference.com/boxscores/201702150PHO.html,"9:00 PM, February 15, 2017",Phoenix Suns,Los Angeles Lakers,137,101,LAL,,,Team Totals,240,35,93,.376,9,26,.346,22,28,.786,7,29,36,16,9,3,12,27,101,,,Team Totals,240,.479,.425,.280,.301,13.0,70.7,37.9,45.7,8.5,4.7,10.2,100.0,95.0,128.9,
https://www.basketball-reference.com/boxscores/201702150PHO.html,"9:00 PM, February 15, 2017",Phoenix Suns,Los Angeles Lakers,137,101,PHO,,,Team Totals,240,49,88,.557,10,24,.417,29,34,.853,12,47,59,32,7,10,15,20,137,,,Team Totals,240,.665,.614,.273,.386,29.3,87.0,62.1,65.3,6.6,14.9,12.7,100.0,128.9,95.0,
https://www.basketball-reference.com/boxscores/201702150TOR.html,"7:30 PM, February 15, 2017",Toronto Raptors,Charlotte Hornets,90,85,CHO,,,Team Totals,240,32,76,.421,13,38,.342,8,9,.889,5,39,44,21,9,6,18,18,85,,,Team Totals,240,.532,.507,.500,.118,11.6,83.0,48.9,65.6,9.5,11.5,18.4,100.0,89.4,94.6,
https://www.basketball-reference.com/boxscores/201702150TOR.html,"7:30 PM, February 15, 2017",Toronto Raptors,Charlotte Hornets,90,85,TOR,,,Team Totals,240,32,84,.381,12,32,.375,14,19,.737,8,38,46,19,8,4,16,13,90,,,Team Totals,240,.487,.452,.381,.226,17.0,88.4,51.1,59.4,8.4,10.5,14.8,100.0,94.6,89.4,
https://www.basketball-reference.com/boxscores/201702150UTA.html,"9:00 PM, February 15, 2017",Utah Jazz,Portland Trail Blazers,111,88,POR,,,Team Totals,240,32,79,.405,9,22,.409,15,20,.750,9,32,41,14,9,3,17,21,88,,,Team Totals,240,.501,.462,.278,.253,19.6,78.0,47.1,43.8,9.5,5.1,16.2,100.0,93.0,117.3,
https://www.basketball-reference.com/boxscores/201702150UTA.html,"9:00 PM, February 15, 2017",Utah Jazz,Portland Trail Blazers,111,88,UTA,,,Team Totals,240,42,81,.519,11,22,.500,16,23,.696,9,37,46,19,9,5,14,17,111,,,Team Totals,240,.609,.586,.272,.284,22.0,80.4,52.9,45.2,9.5,8.8,13.3,100.0,117.3,93.0,
https://www.basketball-reference.com/boxscores/201702160CHI.html,"8:00 PM, February 16, 2017",Chicago Bulls,Boston Celtics,104,103,BOS,,,Team Totals,240,36,77,.468,14,37,.378,17,20,.850,4,27,31,24,2,4,7,18,103,,,Team Totals,240,.600,.558,.481,.260,10.0,64.3,37.8,66.7,2.3,6.2,7.5,100.0,118.0,119.2,
https://www.basketball-reference.com/boxscores/201702160CHI.html,"8:00 PM, February 16, 2017",Chicago Bulls,Boston Celtics,104,103,CHI,,,Team Totals,240,38,90,.422,6,25,.240,22,22,1.000,15,36,51,23,2,6,8,13,104,,,Team Totals,240,.522,.456,.278,.244,35.7,90.0,62.2,60.5,2.3,15.0,7.4,100.0,119.2,118.0,
https://www.basketball-reference.com/boxscores/201702160IND.html,"7:00 PM, February 16, 2017",Indiana Pacers,Washington Wizards,98,111,WAS,,,Team Totals,240,43,83,.518,15,29,.517,10,15,.667,8,31,39,23,5,3,11,19,111,,,Team Totals,240,.619,.608,.349,.181,21.1,86.1,52.7,53.5,5.4,4.8,10.9,100.0,120.5,106.4,
https://www.basketball-reference.com/boxscores/201702160IND.html,"7:00 PM, February 16, 2017",Indiana Pacers,Washington Wizards,98,111,IND,,,Team Totals,240,40,80,.500,4,18,.222,14,18,.778,5,30,35,21,7,1,12,12,98,,,Team Totals,240,.557,.525,.225,.225,13.9,78.9,47.3,52.5,7.6,1.9,12.0,100.0,106.4,120.5,
https://www.basketball-reference.com/boxscores/201702230CLE.html,"8:00 PM, February 23, 2017",Cleveland Cavaliers,New York Knicks,119,104,NYK,,,Team Totals,240,42,101,.416,8,26,.308,12,17,.706,16,34,50,24,4,7,13,19,104,,,Team Totals,240,.479,.455,.257,.168,30.8,81.0,53.2,57.1,4.0,14.3,10.7,100.0,104.5,119.6,
https://www.basketball-reference.com/boxscores/201702230CLE.html,"8:00 PM, February 23, 2017",Cleveland Cavaliers,New York Knicks,119,104,CLE,,,Team Totals,240,46,87,.529,15,38,.395,12,15,.800,8,36,44,29,5,10,13,16,119,,,Team Totals,240,.636,.615,.437,.172,19.0,69.2,46.8,63.0,5.0,13.3,12.2,100.0,119.6,104.5,
https://www.basketball-reference.com/boxscores/201702230DET.html,"7:30 PM, February 23, 2017",Detroit Pistons,Charlotte Hornets,114,108,CHO,,,Team Totals,265,38,92,.413,7,30,.233,25,26,.962,5,45,50,19,5,7,8,15,108,,,Team Totals,265,.522,.451,.326,.283,9.6,81.8,46.7,50.0,4.7,10.0,7.2,100.0,101.2,106.8,
https://www.basketball-reference.com/boxscores/201702230DET.html,"7:30 PM, February 23, 2017",Detroit Pistons,Charlotte Hornets,114,108,DET,,,Team Totals,265,44,107,.411,15,37,.405,11,12,.917,10,47,57,29,5,2,9,17,114,,,Team Totals,265,.508,.481,.346,.112,18.2,90.4,53.3,65.9,4.7,3.2,7.4,100.0,106.8,101.2,
https://www.basketball-reference.com/boxscores/201702230GSW.html,"10:30 PM, February 23, 2017",Golden State Warriors,Los Angeles Clippers,123,113,LAC,,,Team Totals,240,38,93,.409,11,28,.393,26,37,.703,10,28,38,23,11,0,15,16,113,,,Team Totals,240,.517,.468,.301,.398,18.9,73.7,41.8,60.5,10.3,0.0,12.1,100.0,105.9,115.3,
https://www.basketball-reference.com/boxscores/201702230GSW.html,"10:30 PM, February 23, 2017",Golden State Warriors,Los Angeles Clippers,123,113,GSW,,,Team Totals,240,43,81,.531,13,25,.520,24,26,.923,10,43,53,31,11,11,21,27,123,,,Team Totals,240,.665,.611,.309,.321,26.3,81.1,58.2,72.1,10.3,16.9,18.5,100.0,115.3,105.9,
https://www.basketball-reference.com/boxscores/201702230NOP.html,"8:00 PM, February 23, 2017",New Orleans Pelicans,Houston Rockets,99,129,HOU,,,Team Totals,240,45,91,.495,20,51,.392,19,24,.792,12,36,48,28,12,5,17,25,129,,,Team Totals,240,.635,.604,.560,.264,26.7,76.6,52.2,62.2,11.5,9.1,14.3,100.0,123.8,95.0,
https://www.basketball-reference.com/boxscores/201702230NOP.html,"8:00 PM, February 23, 2017",New Orleans Pelicans,Houston Rockets,99,129,NOP,,,Team Totals,240,36,86,.419,6,31,.194,21,26,.808,11,33,44,24,10,8,20,21,99,,,Team Totals,240,.508,.453,.360,.302,23.4,73.3,47.8,66.7,9.6,20.0,17.0,100.0,95.0,123.8,
https://www.basketball-reference.com/boxscores/201702230ORL.html,"7:00 PM, February 23, 2017",Orlando Magic,Portland Trail Blazers,103,112,POR,,,Team Totals,240,41,81,.506,9,18,.500,21,27,.778,9,36,45,20,8,7,20,25,112,,,Team Totals,240,.603,.562,.222,.333,25.0,73.5,52.9,48.8,7.9,10.9,17.7,100.0,110.9,102.0,
https://www.basketball-reference.com/boxscores/201702230ORL.html,"7:00 PM, February 23, 2017",Orlando Magic,Portland Trail Blazers,103,112,ORL,,,Team Totals,240,34,86,.395,7,22,.318,28,39,.718,13,27,40,18,8,4,14,21,103,,,Team Totals,240,.499,.436,.256,.453,26.5,75.0,47.1,52.9,7.9,6.3,11.9,100.0,102.0,110.9,
https://www.basketball-reference.com/boxscores/201702230SAC.html,"10:30 PM, February 23, 2017",Sacramento Kings,Denver Nuggets,116,100,DEN,,,Team Totals,240,39,88,.443,12,35,.343,10,14,.714,10,33,43,23,10,2,16,18,100,,,Team Totals,240,.531,.511,.398,.159,21.3,78.6,48.3,59.0,10.1,2.7,14.5,100.0,100.8,116.9,
https://www.basketball-reference.com/boxscores/201702230SAC.html,"10:30 PM, February 23, 2017",Sacramento Kings,Denver Nuggets,116,100,SAC,,,Team Totals,240,46,88,.523,7,14,.500,17,19,.895,9,37,46,26,8,4,14,16,116,,,Team Totals,240,.602,.563,.159,.216,21.4,78.7,51.7,56.5,8.1,7.5,12.7,100.0,116.9,100.8,
https://www.basketball-reference.com/boxscores/201702240ATL.html,"8:00 PM, February 24, 2017",Atlanta Hawks,Miami Heat,90,108,MIA,,,Team Totals,240,40,99,.404,17,37,.459,11,13,.846,15,39,54,30,7,5,13,27,108,,,Team Totals,240,.516,.490,.374,.131,28.8,83.0,54.5,75.0,7.2,8.5,11.0,100.0,111.6,93.0,
https://www.basketball-reference.com/boxscores/201702240ATL.html,"8:00 PM, February 24, 2017",Atlanta Hawks,Miami Heat,90,108,ATL,,,Team Totals,240,30,79,.380,6,20,.300,24,36,.667,8,37,45,14,7,6,10,12,90,,,Team Totals,240,.474,.418,.253,.456,17.0,71.2,45.5,46.7,7.2,9.7,9.5,100.0,93.0,111.6,
https://www.basketball-reference.com/boxscores/201702240CHI.html,"8:00 PM, February 24, 2017",Chicago Bulls,Phoenix Suns,128,121,PHO,,,Team Totals,265,49,93,.527,8,24,.333,15,25,.600,8,35,43,27,8,6,19,23,121,,,Team Totals,265,.582,.570,.258,.269,18.6,76.1,48.3,55.1,7.2,8.3,15.4,100.0,108.8,115.1,
https://www.basketball-reference.com/boxscores/201702240CHI.html,"8:00 PM, February 24, 2017",Chicago Bulls,Phoenix Suns,128,121,CHI,,,Team Totals,265,46,98,.469,12,26,.462,24,31,.774,11,35,46,31,14,4,12,21,128,,,Team Totals,265,.573,.531,.265,.316,23.9,81.4,51.7,67.4,12.6,5.8,9.7,100.0,115.1,108.8,
https://www.basketball-reference.com/boxscores/201702240DEN.html,"9:00 PM, February 24, 2017",Denver Nuggets,Brooklyn Nets,129,109,BRK,,,Team Totals,240,41,83,.494,10,30,.333,17,31,.548,7,35,42,27,7,4,19,23,109,,,Team Totals,240,.564,.554,.361,.373,14.9,76.1,45.2,65.9,6.5,6.1,16.4,100.0,100.9,119.4,
https://www.basketball-reference.com/boxscores/201702240DEN.html,"9:00 PM, February 24, 2017",Denver Nuggets,Brooklyn Nets,129,109,DEN,,,Team Totals,240,49,97,.505,14,31,.452,17,24,.708,11,40,51,32,11,2,14,24,129,,,Team Totals,240,.600,.577,.320,.247,23.9,85.1,54.8,65.3,10.2,3.8,11.5,100.0,119.4,100.9,
https://www.basketball-reference.com/boxscores/201702240IND.html,"7:00 PM, February 24, 2017",Indiana Pacers,Memphis Grizzlies,102,92,MEM,,,Team Totals,240,35,84,.417,9,27,.333,13,23,.565,12,27,39,20,11,5,11,15,92,,,Team Totals,240,.489,.470,.321,.274,22.2,77.1,43.8,57.1,12.0,9.6,10.5,100.0,100.7,111.7,
https://www.basketball-reference.com/boxscores/201702240IND.html,"7:00 PM, February 24, 2017",Indiana Pacers,Memphis Grizzlies,102,92,IND,,,Team Totals,240,40,78,.513,11,26,.423,11,11,1.000,8,42,50,23,8,7,17,19,102,,,Team Totals,240,.616,.583,.333,.141,22.9,77.8,56.2,57.5,8.8,12.3,17.0,100.0,111.7,100.7,
https://www.basketball-reference.com/boxscores/201702240LAC.html,"10:30 PM, February 24, 2017",Los Angeles Clippers,San Antonio Spurs,97,105,SAS,,,Team Totals,240,35,82,.427,9,26,.346,26,30,.867,15,36,51,23,9,7,15,21,105,,,Team Totals,240,.551,.482,.317,.366,34.9,81.8,58.6,65.7,9.8,12.5,13.6,100.0,114.4,105.7,
https://www.basketball-reference.com/boxscores/201702240LAC.html,"10:30 PM, February 24, 2017",Los Angeles Clippers,San Antonio Spurs,97,105,LAC,,,Team Totals,240,35,79,.443,7,23,.304,20,24,.833,8,28,36,18,9,2,12,26,97,,,Team Totals,240,.542,.487,.291,.304,18.2,65.1,41.4,51.4,9.8,3.6,11.8,100.0,105.7,114.4,
https://www.basketball-reference.com/boxscores/201702240MIL.html,"8:00 PM, February 24, 2017",Milwaukee Bucks,Utah Jazz,95,109,UTA,,,Team Totals,240,37,74,.500,8,23,.348,27,30,.900,9,32,41,23,8,5,16,26,109,,,Team Totals,240,.625,.554,.311,.405,26.5,76.2,53.9,62.2,8.8,8.9,15.5,100.0,120.2,104.7,
https://www.basketball-reference.com/boxscores/201702240MIL.html,"8:00 PM, February 24, 2017",Milwaukee Bucks,Utah Jazz,95,109,MIL,,,Team Totals,240,32,74,.432,7,18,.389,24,29,.828,10,25,35,15,5,1,15,27,95,,,Team Totals,240,.547,.480,.243,.392,23.8,73.5,46.1,46.9,5.5,2.0,14.7,100.0,104.7,120.2,
https://www.basketball-reference.com/boxscores/201702240MIN.html,"8:00 PM, February 24, 2017",Minnesota Timberwolves,Dallas Mavericks,97,84,DAL,,,Team Totals,240,35,83,.422,8,33,.242,6,9,.667,8,27,35,16,9,5,16,19,84,,,Team Totals,240,.483,.470,.398,.108,18.6,75.0,44.3,45.7,9.8,7.7,15.5,100.0,91.9,106.2,
https://www.basketball-reference.com/boxscores/201702240MIN.html,"8:00 PM, February 24, 2017",Minnesota Timberwolves,Dallas Mavericks,97,84,MIN,,,Team Totals,240,41,78,.526,5,13,.385,10,14,.714,9,35,44,24,9,4,16,12,97,,,Team Totals,240,.576,.558,.167,.179,25.0,81.4,55.7,58.5,9.8,8.0,16.0,100.0,106.2,91.9,
https://www.basketball-reference.com/boxscores/201702240OKC.html,"8:00 PM, February 24, 2017",Oklahoma City Thunder,Los Angeles Lakers,110,93,LAL,,,Team Totals,240,40,101,.396,7,35,.200,6,14,.429,15,36,51,23,15,8,13,19,93,,,Team Totals,240,.434,.431,.347,.139,25.0,72.0,46.4,57.5,14.4,11.0,10.8,100.0,89.3,105.7,
https://www.basketball-reference.com/boxscores/201702240OKC.html,"8:00 PM, February 24, 2017",Oklahoma City Thunder,Los Angeles Lakers,110,93,OKC,,,Team Totals,240,44,97,.454,10,24,.417,12,17,.706,14,45,59,28,9,6,17,14,110,,,Team Totals,240,.526,.505,.247,.175,28.0,75.0,53.6,63.6,8.6,9.1,14.0,100.0,105.7,89.3,
https://www.basketball-reference.com/boxscores/201702240PHI.html,"7:00 PM, February 24, 2017",Philadelphia 76ers,Washington Wizards,120,112,WAS,,,Team Totals,240,38,90,.422,5,24,.208,31,40,.775,12,31,43,19,8,6,17,25,112,,,Team Totals,240,.520,.450,.267,.444,23.1,79.5,47.3,50.0,7.4,10.3,13.6,100.0,103.5,110.9,
https://www.basketball-reference.com/boxscores/201702240PHI.html,"7:00 PM, February 24, 2017",Philadelphia 76ers,Washington Wizards,120,112,PHI,,,Team Totals,240,43,87,.494,10,29,.345,24,30,.800,8,40,48,28,9,7,17,26,120,,,Team Totals,240,.599,.552,.333,.345,20.5,76.9,52.7,65.1,8.3,10.6,14.5,100.0,110.9,103.5,
https://www.basketball-reference.com/boxscores/201702240TOR.html,"8:00 PM, February 24, 2017",Toronto Raptors,Boston Celtics,107,97,BOS,,,Team Totals,240,33,78,.423,12,38,.316,19,22,.864,7,29,36,19,4,3,12,21,97,,,Team Totals,240,.553,.500,.487,.282,18.4,74.4,46.8,57.6,4.4,4.5,12.0,100.0,106.4,117.4,
https://www.basketball-reference.com/boxscores/201702240TOR.html,"8:00 PM, February 24, 2017",Toronto Raptors,Boston Celtics,107,97,TOR,,,Team Totals,240,40,81,.494,5,15,.333,22,29,.759,10,31,41,15,7,4,11,21,107,,,Team Totals,240,.571,.525,.185,.358,25.6,81.6,53.2,37.5,7.7,10.0,10.5,100.0,117.4,106.4,
https://www.basketball-reference.com/boxscores/201702250CLE.html,"8:30 PM, February 25, 2017",Cleveland Cavaliers,Chicago Bulls,99,117,CHI,,,Team Totals,240,46,93,.495,15,30,.500,10,16,.625,10,37,47,34,6,0,7,13,117,,,Team Totals,240,.585,.575,.323,.172,21.7,90.2,54.0,73.9,6.3,0.0,6.5,100.0,123.8,104.8,
https://www.basketball-reference.com/boxscores/201702250CLE.html,"8:30 PM, February 25, 2017",Cleveland Cavaliers,Chicago Bulls,99,117,CLE,,,Team Totals,240,37,80,.463,14,37,.378,11,15,.733,4,36,40,24,5,3,12,17,99,,,Team Totals,240,.572,.550,.463,.188,9.8,78.3,46.0,64.9,5.3,4.8,12.2,100.0,104.8,123.8,
https://www.basketball-reference.com/boxscores/201702250DAL.html,"8:30 PM, February 25, 2017",Dallas Mavericks,New Orleans Pelicans,96,83,NOP,,,Team Totals,240,31,78,.397,5,24,.208,16,25,.640,9,36,45,21,7,2,20,19,83,,,Team Totals,240,.466,.429,.308,.321,20.0,83.7,51.1,67.7,7.3,3.8,18.3,100.0,86.0,99.5,
https://www.basketball-reference.com/boxscores/201702250DAL.html,"8:30 PM, February 25, 2017",Dallas Mavericks,New Orleans Pelicans,96,83,DAL,,,Team Totals,240,36,78,.462,12,26,.462,12,16,.750,7,36,43,24,12,4,18,25,96,,,Team Totals,240,.564,.538,.333,.205,16.3,80.0,48.9,66.7,12.4,7.4,17.5,100.0,99.5,86.0,
https://www.basketball-reference.com/boxscores/201702250GSW.html,"10:30 PM, February 25, 2017",Golden State Warriors,Brooklyn Nets,112,95,BRK,,,Team Totals,240,38,94,.404,8,28,.286,11,17,.647,11,41,52,25,8,3,18,20,95,,,Team Totals,240,.468,.447,.298,.181,22.0,75.9,50.0,65.8,7.6,4.3,15.1,100.0,90.3,106.4,
https://www.basketball-reference.com/boxscores/201702250GSW.html,"10:30 PM, February 25, 2017",Golden State Warriors,Brooklyn Nets,112,95,GSW,,,Team Totals,240,42,100,.420,11,31,.355,17,22,.773,13,39,52,30,10,11,11,17,112,,,Team Totals,240,.511,.475,.310,.220,24.1,78.0,50.0,71.4,9.5,16.7,9.1,100.0,106.4,90.3,
https://www.basketball-reference.com/boxscores/201702250HOU.html,"9:00 PM, February 25, 2017",Houston Rockets,Minnesota Timberwolves,142,130,MIN,,,Team Totals,240,49,94,.521,9,26,.346,23,28,.821,21,37,58,28,10,2,25,26,130,,,Team Totals,240,.611,.569,.277,.298,52.5,74.0,64.4,57.1,9.3,5.6,19.0,100.0,121.0,132.2,
https://www.basketball-reference.com/boxscores/201702250HOU.html,"9:00 PM, February 25, 2017",Houston Rockets,Minnesota Timberwolves,142,130,HOU,,,Team Totals,240,44,94,.468,22,58,.379,32,42,.762,13,19,32,32,15,6,13,21,142,,,Team Totals,240,.631,.585,.617,.447,26.0,47.5,35.6,72.7,14.0,8.8,10.4,100.0,132.2,121.0,
https://www.basketball-reference.com/boxscores/201702250MIA.html,"8:00 PM, February 25, 2017",Miami Heat,Indiana Pacers,113,95,IND,,,Team Totals,240,34,85,.400,4,12,.333,23,26,.885,13,30,43,21,8,4,15,24,95,,,Team Totals,240,.493,.424,.141,.306,28.9,73.2,50.0,61.8,8.4,8.5,13.5,100.0,99.7,118.6,
https://www.basketball-reference.com/boxscores/201702250MIA.html,"8:00 PM, February 25, 2017",Miami Heat,Indiana Pacers,113,95,MIA,,,Team Totals,240,38,78,.487,13,31,.419,24,31,.774,11,32,43,23,9,5,17,19,113,,,Team Totals,240,.617,.571,.397,.397,26.8,71.1,50.0,60.5,9.4,6.8,15.6,100.0,118.6,99.7,
https://www.basketball-reference.com/boxscores/201702250NYK.html,"7:30 PM, February 25, 2017",New York Knicks,Philadelphia 76ers,110,109,PHI,,,Team Totals,240,40,95,.421,7,31,.226,22,27,.815,16,34,50,19,6,5,12,21,109,,,Team Totals,240,.510,.458,.326,.284,32.0,77.3,53.2,47.5,6.0,7.1,10.1,100.0,109.3,110.3,
https://www.basketball-reference.com/boxscores/201702250NYK.html,"7:30 PM, February 25, 2017",New York Knicks,Philadelphia 76ers,110,109,NYK,,,Team Totals,240,43,91,.473,6,21,.286,18,23,.783,10,34,44,21,6,7,12,22,110,,,Team Totals,240,.544,.505,.231,.253,22.7,68.0,46.8,48.8,6.0,10.9,10.6,100.0,110.3,109.3,
https://www.basketball-reference.com/boxscores/201702250ORL.html,"7:00 PM, February 25, 2017",Orlando Magic,Atlanta Hawks,105,86,ATL,,,Team Totals,240,32,85,.376,8,25,.320,14,26,.538,12,36,48,21,4,4,18,19,86,,,Team Totals,240,.446,.424,.294,.306,23.1,83.7,50.5,65.6,4.1,7.4,15.7,100.0,87.2,106.5,
https://www.basketball-reference.com/boxscores/201702250ORL.html,"7:00 PM, February 25, 2017",Orlando Magic,Atlanta Hawks,105,86,ORL,,,Team Totals,240,37,81,.457,8,27,.296,23,24,.958,7,40,47,21,11,8,14,23,105,,,Team Totals,240,.573,.506,.333,.296,16.3,76.9,49.5,56.8,11.2,13.3,13.3,100.0,106.5,87.2,
https://www.basketball-reference.com/boxscores/201702250SAC.html,"5:00 PM, February 25, 2017",Sacramento Kings,Charlotte Hornets,85,99,CHO,,,Team Totals,240,34,85,.400,14,38,.368,17,18,.944,13,37,50,26,10,3,11,13,99,,,Team Totals,240,.533,.482,.447,.212,28.9,80.4,54.9,76.5,11.3,5.9,10.6,100.0,112.3,96.4,
https://www.basketball-reference.com/boxscores/201702250SAC.html,"5:00 PM, February 25, 2017",Sacramento Kings,Charlotte Hornets,85,99,SAC,,,Team Totals,240,31,79,.392,11,28,.393,12,15,.800,9,32,41,18,3,6,14,19,85,,,Team Totals,240,.496,.462,.354,.190,19.6,71.1,45.1,58.1,3.4,12.8,14.1,100.0,96.4,112.3,
https://www.basketball-reference.com/boxscores/201702260DEN.html,"5:00 PM, February 26, 2017",Denver Nuggets,Memphis Grizzlies,98,105,MEM,,,Team Totals,240,36,80,.450,11,33,.333,22,25,.880,13,36,49,21,9,2,15,20,105,,,Team Totals,240,.577,.519,.413,.313,31.0,78.3,55.7,58.3,9.8,4.0,14.2,100.0,114.6,106.9,
https://www.basketball-reference.com/boxscores/201702260DEN.html,"5:00 PM, February 26, 2017",Denver Nuggets,Memphis Grizzlies,98,105,DEN,,,Team Totals,240,37,84,.440,11,34,.324,13,17,.765,10,29,39,26,9,3,13,23,98,,,Team Totals,240,.536,.506,.405,.202,21.7,69.0,44.3,70.3,9.8,6.4,12.4,100.0,106.9,114.6,
https://www.basketball-reference.com/boxscores/201702260DET.html,"6:00 PM, February 26, 2017",Detroit Pistons,Boston Celtics,98,104,BOS,,,Team Totals,240,34,85,.400,12,35,.343,24,30,.800,9,43,52,22,9,1,16,26,104,,,Team Totals,240,.530,.471,.412,.353,20.9,79.6,53.6,64.7,8.8,2.1,14.0,100.0,102.2,96.3,
https://www.basketball-reference.com/boxscores/201702260DET.html,"6:00 PM, February 26, 2017",Detroit Pistons,Boston Celtics,98,104,DET,,,Team Totals,240,35,81,.432,12,33,.364,16,35,.457,11,34,45,22,8,4,17,24,98,,,Team Totals,240,.508,.506,.407,.432,20.4,79.1,46.4,62.9,7.9,8.0,15.0,100.0,96.3,102.2,
https://www.basketball-reference.com/boxscores/201702260LAC.html,"9:30 PM, February 26, 2017",Los Angeles Clippers,Charlotte Hornets,124,121,CHO,,,Team Totals,265,38,80,.475,18,40,.450,27,30,.900,5,38,43,16,1,1,16,32,121,,,Team Totals,265,.649,.588,.500,.375,13.5,71.7,47.8,42.1,1.0,1.5,14.7,100.0,117.6,120.5,
https://www.basketball-reference.com/boxscores/201702260LAC.html,"9:30 PM, February 26, 2017",Los Angeles Clippers,Charlotte Hornets,124,121,LAC,,,Team Totals,265,45,97,.464,10,32,.313,24,34,.706,15,32,47,27,14,3,9,25,124,,,Team Totals,265,.554,.515,.330,.351,28.3,86.5,52.2,60.0,13.6,7.5,7.4,100.0,120.5,117.6,
https://www.basketball-reference.com/boxscores/201702260LAL.html,"3:30 PM, February 26, 2017",Los Angeles Lakers,San Antonio Spurs,98,119,SAS,,,Team Totals,240,49,94,.521,10,21,.476,11,13,.846,13,33,46,37,12,5,12,15,119,,,Team Totals,240,.597,.574,.223,.138,29.5,71.7,51.1,75.5,12.2,7.7,10.7,100.0,121.5,100.0,
https://www.basketball-reference.com/boxscores/201702260LAL.html,"3:30 PM, February 26, 2017",Los Angeles Lakers,San Antonio Spurs,98,119,LAL,,,Team Totals,240,40,87,.460,7,22,.318,11,18,.611,13,31,44,16,8,2,19,18,98,,,Team Totals,240,.516,.500,.253,.207,28.3,70.5,48.9,40.0,8.2,2.7,16.7,100.0,100.0,121.5,
https://www.basketball-reference.com/boxscores/201702260MIL.html,"3:30 PM, February 26, 2017",Milwaukee Bucks,Phoenix Suns,100,96,PHO,,,Team Totals,240,40,83,.482,5,14,.357,11,16,.688,12,30,42,26,12,5,21,22,96,,,Team Totals,240,.533,.512,.169,.193,30.8,83.3,56.0,65.0,12.4,8.9,18.9,100.0,99.6,103.7,
https://www.basketball-reference.com/boxscores/201702260MIL.html,"3:30 PM, February 26, 2017",Milwaukee Bucks,Phoenix Suns,100,96,MIL,,,Team Totals,240,39,76,.513,6,20,.300,16,18,.889,6,27,33,26,10,6,20,21,100,,,Team Totals,240,.596,.553,.263,.237,16.7,69.2,44.0,66.7,10.4,8.7,19.2,100.0,103.7,99.6,
https://www.basketball-reference.com/boxscores/201702260OKC.html,"7:00 PM, February 26, 2017",Oklahoma City Thunder,New Orleans Pelicans,118,110,NOP,,,Team Totals,240,36,80,.450,8,21,.381,30,37,.811,7,28,35,17,10,1,10,26,110,,,Team Totals,240,.571,.500,.263,.463,15.9,63.6,39.8,47.2,10.2,1.5,9.4,100.0,112.7,120.9,
https://www.basketball-reference.com/boxscores/201702260OKC.html,"7:00 PM, February 26, 2017",Oklahoma City Thunder,New Orleans Pelicans,118,110,OKC,,,Team Totals,240,42,88,.477,6,21,.286,28,37,.757,16,37,53,17,4,0,13,29,118,,,Team Totals,240,.566,.511,.239,.420,36.4,84.1,60.2,40.5,4.1,0.0,11.1,100.0,120.9,112.7,
https://www.basketball-reference.com/boxscores/201702260TOR.html,"6:00 PM, February 26, 2017",Toronto Raptors,Portland Trail Blazers,112,106,POR,,,Team Totals,240,35,79,.443,9,21,.429,27,35,.771,8,31,39,16,6,5,11,26,106,,,Team Totals,240,.561,.500,.266,.443,19.0,86.1,50.0,45.7,6.4,8.6,10.4,100.0,112.5,118.8,
https://www.basketball-reference.com/boxscores/201702260TOR.html,"6:00 PM, February 26, 2017",Toronto Raptors,Portland Trail Blazers,112,106,TOR,,,Team Totals,240,42,78,.538,7,20,.350,21,27,.778,5,34,39,16,7,5,10,24,112,,,Team Totals,240,.623,.583,.256,.346,13.9,81.0,50.0,38.1,7.4,8.6,10.0,100.0,118.8,112.5,
https://www.basketball-reference.com/boxscores/201702260WAS.html,"5:00 PM, February 26, 2017",Washington Wizards,Utah Jazz,92,102,UTA,,,Team Totals,240,34,72,.472,11,24,.458,23,32,.719,9,41,50,18,10,11,25,19,102,,,Team Totals,240,.592,.549,.333,.444,29.0,87.2,64.1,52.9,10.0,16.9,22.5,100.0,102.3,92.3,
https://www.basketball-reference.com/boxscores/201702260WAS.html,"5:00 PM, February 26, 2017",Washington Wizards,Utah Jazz,92,102,WAS,,,Team Totals,240,37,87,.425,8,22,.364,10,13,.769,6,22,28,21,16,1,16,27,92,,,Team Totals,240,.496,.471,.253,.149,12.8,71.0,35.9,56.8,16.1,2.1,14.7,100.0,92.3,102.3,
https://www.basketball-reference.com/boxscores/201702270BOS.html,"7:30 PM, February 27, 2017",Boston Celtics,Atlanta Hawks,98,114,ATL,,,Team Totals,240,46,95,.484,6,25,.240,16,20,.800,13,42,55,22,10,10,14,19,114,,,Team Totals,240,.549,.516,.263,.211,29.5,82.4,57.9,47.8,9.7,18.9,11.9,100.0,110.4,94.9,
https://www.basketball-reference.com/boxscores/201702270BOS.html,"7:30 PM, February 27, 2017",Boston Celtics,Atlanta Hawks,98,114,BOS,,,Team Totals,240,34,87,.391,10,34,.294,20,25,.800,9,31,40,21,9,7,18,20,98,,,Team Totals,240,.500,.448,.391,.287,17.6,70.5,42.1,61.8,8.7,10.0,15.5,100.0,94.9,110.4,
https://www.basketball-reference.com/boxscores/201702270CLE.html,"7:00 PM, February 27, 2017",Cleveland Cavaliers,Milwaukee Bucks,102,95,MIL,,,Team Totals,240,37,83,.446,11,30,.367,10,16,.625,5,28,33,27,3,5,8,23,95,,,Team Totals,240,.528,.512,.361,.193,10.9,87.5,42.3,73.0,3.3,11.9,8.2,100.0,103.4,111.0,
https://www.basketball-reference.com/boxscores/201702270CLE.html,"7:00 PM, February 27, 2017",Cleveland Cavaliers,Milwaukee Bucks,102,95,CLE,,,Team Totals,240,35,70,.500,10,28,.357,22,26,.846,4,41,45,20,4,2,16,11,102,,,Team Totals,240,.626,.571,.400,.371,12.5,89.1,57.7,57.1,4.4,3.8,16.4,100.0,111.0,103.4,
https://www.basketball-reference.com/boxscores/201702270DAL.html,"8:30 PM, February 27, 2017",Dallas Mavericks,Miami Heat,96,89,MIA,,,Team Totals,240,37,83,.446,9,26,.346,6,13,.462,13,32,45,21,11,4,14,18,89,,,Team Totals,240,.502,.500,.313,.157,29.5,74.4,51.7,56.8,12.6,6.9,13.6,100.0,102.2,110.3,
https://www.basketball-reference.com/boxscores/201702270DAL.html,"8:30 PM, February 27, 2017",Dallas Mavericks,Miami Heat,96,89,DAL,,,Team Totals,240,33,76,.434,9,18,.500,21,23,.913,11,31,42,18,5,2,13,13,96,,,Team Totals,240,.557,.493,.237,.303,25.6,70.5,48.3,54.5,5.7,3.5,13.1,100.0,110.3,102.2,
https://www.basketball-reference.com/boxscores/201702270HOU.html,"9:30 PM, February 27, 2017",Houston Rockets,Indiana Pacers,108,117,IND,,,Team Totals,240,41,91,.451,13,30,.433,22,25,.880,13,42,55,29,7,5,15,26,117,,,Team Totals,240,.574,.522,.330,.275,32.5,77.8,58.5,70.7,7.0,11.6,12.8,100.0,116.4,107.4,
https://www.basketball-reference.com/boxscores/201702270HOU.html,"9:30 PM, February 27, 2017",Houston Rockets,Indiana Pacers,108,117,HOU,,,Team Totals,240,32,88,.364,10,45,.222,34,42,.810,12,27,39,22,8,5,11,22,108,,,Team Totals,240,.507,.420,.511,.477,22.2,67.5,41.5,68.8,8.0,8.2,9.4,100.0,107.4,116.4,
https://www.basketball-reference.com/boxscores/201702270NYK.html,"7:00 PM, February 27, 2017",New York Knicks,Toronto Raptors,91,92,TOR,,,Team Totals,240,33,78,.423,7,26,.269,19,23,.826,11,30,41,12,9,3,12,18,92,,,Team Totals,240,.522,.468,.333,.295,25.6,78.9,50.6,36.4,10.2,6.1,12.0,100.0,104.3,103.1,
https://www.basketball-reference.com/boxscores/201702270NYK.html,"7:00 PM, February 27, 2017",New York Knicks,Toronto Raptors,91,92,NYK,,,Team Totals,240,33,73,.452,9,24,.375,16,19,.842,8,32,40,17,10,6,18,19,91,,,Team Totals,240,.559,.514,.329,.260,21.1,74.4,49.4,51.5,11.3,11.5,18.1,100.0,103.1,104.3,
https://www.basketball-reference.com/boxscores/201702270PHI.html,"7:00 PM, February 27, 2017",Philadelphia 76ers,Golden State Warriors,108,119,GSW,,,Team Totals,240,40,89,.449,6,29,.207,33,39,.846,16,29,45,31,14,4,14,18,119,,,Team Totals,240,.560,.483,.326,.438,34.8,70.7,51.7,77.5,13.9,8.3,11.7,100.0,117.8,106.9,
https://www.basketball-reference.com/boxscores/201702270PHI.html,"7:00 PM, February 27, 2017",Philadelphia 76ers,Golden State Warriors,108,119,PHI,,,Team Totals,240,37,82,.451,10,34,.294,24,27,.889,12,30,42,24,11,3,23,25,108,,,Team Totals,240,.575,.512,.415,.329,29.3,65.2,48.3,64.9,10.9,5.0,19.7,100.0,106.9,117.8,
https://www.basketball-reference.com/boxscores/201702270SAC.html,"10:30 PM, February 27, 2017",Sacramento Kings,Minnesota Timberwolves,88,102,MIN,,,Team Totals,240,40,95,.421,8,23,.348,14,20,.700,16,36,52,25,11,7,10,15,102,,,Team Totals,240,.491,.463,.242,.211,31.4,83.7,55.3,62.5,11.4,10.8,8.8,100.0,106.0,91.4,
https://www.basketball-reference.com/boxscores/201702270SAC.html,"10:30 PM, February 27, 2017",Sacramento Kings,Minnesota Timberwolves,88,102,SAC,,,Team Totals,240,36,82,.439,6,17,.353,10,15,.667,7,35,42,23,6,4,18,18,88,,,Team Totals,240,.497,.476,.207,.183,16.3,68.6,44.7,63.9,6.2,5.6,16.9,100.0,91.4,106.0,
https://www.basketball-reference.com/boxscores/201702280CHI.html,"8:00 PM, February 28, 2017",Chicago Bulls,Denver Nuggets,107,125,DEN,,,Team Totals,240,45,80,.563,13,30,.433,22,24,.917,6,39,45,26,6,2,16,16,125,,,Team Totals,240,.690,.644,.375,.300,20.0,78.0,56.3,57.8,6.1,2.9,15.0,100.0,126.3,108.2,
https://www.basketball-reference.com/boxscores/201702280CHI.html,"8:00 PM, February 28, 2017",Chicago Bulls,Denver Nuggets,107,125,CHI,,,Team Totals,240,44,96,.458,10,26,.385,9,10,.900,11,24,35,26,10,3,12,19,107,,,Team Totals,240,.533,.510,.271,.104,22.0,80.0,43.8,59.1,10.1,6.0,10.7,100.0,108.2,126.3,
https://www.basketball-reference.com/boxscores/201702280DET.html,"7:30 PM, February 28, 2017",Detroit Pistons,Portland Trail Blazers,120,113,POR,,,Team Totals,265,44,84,.524,10,25,.400,15,22,.682,8,42,50,25,5,5,24,25,113,,,Team Totals,265,.603,.583,.298,.262,20.0,72.4,51.0,56.8,4.6,6.3,20.4,100.0,105.0,111.5,
https://www.basketball-reference.com/boxscores/201702280DET.html,"7:30 PM, February 28, 2017",Detroit Pistons,Portland Trail Blazers,120,113,DET,,,Team Totals,265,45,104,.433,7,25,.280,23,31,.742,16,32,48,23,13,2,8,19,120,,,Team Totals,265,.510,.466,.240,.298,27.6,80.0,49.0,51.1,12.1,3.4,6.4,100.0,111.5,105.0,
https://www.basketball-reference.com/boxscores/201702280LAL.html,"10:30 PM, February 28, 2017",Los Angeles Lakers,Charlotte Hornets,104,109,CHO,,,Team Totals,240,38,85,.447,16,39,.410,17,24,.708,11,34,45,25,3,5,12,11,109,,,Team Totals,240,.570,.541,.459,.282,25.0,85.0,53.6,65.8,3.2,9.6,11.2,100.0,114.5,109.3,
https://www.basketball-reference.com/boxscores/201702280LAL.html,"10:30 PM, February 28, 2017",Los Angeles Lakers,Charlotte Hornets,104,109,LAL,,,Team Totals,240,41,84,.488,12,32,.375,10,13,.769,6,33,39,22,9,5,14,23,104,,,Team Totals,240,.580,.560,.381,.155,15.0,75.0,46.4,53.7,9.5,10.9,13.5,100.0,109.3,114.5,
https://www.basketball-reference.com/boxscores/201702280MEM.html,"8:00 PM, February 28, 2017",Memphis Grizzlies,Phoenix Suns,130,112,PHO,,,Team Totals,240,43,83,.518,7,21,.333,19,24,.792,8,24,32,22,6,5,13,25,112,,,Team Totals,240,.599,.560,.253,.289,22.9,66.7,45.1,51.2,6.3,8.2,12.2,100.0,118.0,136.9,
https://www.basketball-reference.com/boxscores/201702280MEM.html,"8:00 PM, February 28, 2017",Memphis Grizzlies,Phoenix Suns,130,112,MEM,,,Team Totals,240,48,86,.558,12,25,.480,22,29,.759,12,27,39,24,6,3,10,19,130,,,Team Totals,240,.658,.628,.291,.337,33.3,77.1,54.9,50.0,6.3,4.8,9.2,100.0,136.9,118.0,
https://www.basketball-reference.com/boxscores/201702280OKC.html,"8:00 PM, February 28, 2017",Oklahoma City Thunder,Utah Jazz,109,106,UTA,,,Team Totals,240,43,93,.462,9,22,.409,11,13,.846,8,25,33,22,8,4,7,18,106,,,Team Totals,240,.537,.511,.237,.140,18.2,80.6,44.0,51.2,8.6,7.4,6.6,100.0,113.4,116.6,
https://www.basketball-reference.com/boxscores/201702280OKC.html,"8:00 PM, February 28, 2017",Oklahoma City Thunder,Utah Jazz,109,106,OKC,,,Team Totals,240,39,76,.513,15,22,.682,16,23,.696,6,36,42,20,5,7,14,17,109,,,Team Totals,240,.633,.612,.289,.303,19.4,81.8,56.0,51.3,5.3,9.9,14.0,100.0,116.6,113.4,
https://www.basketball-reference.com/boxscores/201702280WAS.html,"7:00 PM, February 28, 2017",Washington Wizards,Golden State Warriors,112,108,GSW,,,Team Totals,240,39,84,.464,8,29,.276,22,27,.815,13,28,41,28,10,6,19,23,108,,,Team Totals,240,.563,.512,.345,.321,31.0,62.2,47.1,71.8,10.1,9.5,16.5,100.0,109.3,113.3,
https://www.basketball-reference.com/boxscores/201702280WAS.html,"7:00 PM, February 28, 2017",Washington Wizards,Golden State Warriors,112,108,WAS,,,Team Totals,240,41,91,.451,12,28,.429,18,20,.900,17,29,46,29,11,6,20,22,112,,,Team Totals,240,.561,.516,.308,.220,37.8,69.0,52.9,70.7,11.1,10.9,16.7,100.0,113.3,109.3,
https://www.basketball-reference.com/boxscores/201703010ATL.html,"7:30 PM, March 1, 2017",Atlanta Hawks,Dallas Mavericks,100,95,DAL,,,Team Totals,240,35,77,.455,14,33,.424,11,13,.846,10,23,33,22,10,5,22,20,95,,,Team Totals,240,.574,.545,.429,.169,25.0,85.2,49.3,62.9,10.8,11.6,21.0,100.0,102.6,108.0,
https://www.basketball-reference.com/boxscores/201703010ATL.html,"7:30 PM, March 1, 2017",Atlanta Hawks,Dallas Mavericks,100,95,ATL,,,Team Totals,240,36,64,.563,10,21,.476,18,24,.750,4,30,34,24,12,4,23,19,100,,,Team Totals,240,.671,.641,.328,.375,14.8,75.0,50.7,66.7,13.0,9.1,23.6,100.0,108.0,102.6,
https://www.basketball-reference.com/boxscores/201703010BOS.html,"8:00 PM, March 1, 2017",Boston Celtics,Cleveland Cavaliers,103,99,CLE,,,Team Totals,240,37,91,.407,10,33,.303,15,22,.682,12,29,41,20,3,5,11,21,99,,,Team Totals,240,.492,.462,.363,.242,23.5,78.4,46.6,54.1,3.2,10.6,9.8,100.0,106.1,110.3,
https://www.basketball-reference.com/boxscores/201703010BOS.html,"8:00 PM, March 1, 2017",Boston Celtics,Cleveland Cavaliers,103,99,BOS,,,Team Totals,240,36,78,.462,13,31,.419,18,23,.783,8,39,47,28,4,6,12,21,103,,,Team Totals,240,.584,.545,.397,.295,21.6,76.5,53.4,77.8,4.3,10.3,12.0,100.0,110.3,106.1,
https://www.basketball-reference.com/boxscores/201703010LAC.html,"10:30 PM, March 1, 2017",Los Angeles Clippers,Houston Rockets,103,122,HOU,,,Team Totals,240,37,87,.425,20,52,.385,28,33,.848,19,43,62,21,3,2,17,17,122,,,Team Totals,240,.601,.540,.598,.379,42.2,81.1,63.3,56.8,3.1,3.3,14.3,100.0,127.5,107.7,
https://www.basketball-reference.com/boxscores/201703010LAC.html,"10:30 PM, March 1, 2017",Los Angeles Clippers,Houston Rockets,103,122,LAC,,,Team Totals,240,42,94,.447,12,34,.353,7,13,.538,10,26,36,26,8,3,8,23,103,,,Team Totals,240,.516,.511,.362,.138,18.9,57.8,36.7,61.9,8.4,8.6,7.4,100.0,107.7,127.5,
https://www.basketball-reference.com/boxscores/201703010MIA.html,"7:30 PM, March 1, 2017",Miami Heat,Philadelphia 76ers,125,98,PHI,,,Team Totals,240,37,85,.435,6,17,.353,18,22,.818,10,30,40,16,7,4,19,22,98,,,Team Totals,240,.518,.471,.200,.259,22.7,78.9,48.8,43.2,6.9,6.7,16.7,100.0,96.4,123.0,
https://www.basketball-reference.com/boxscores/201703010MIA.html,"7:30 PM, March 1, 2017",Miami Heat,Philadelphia 76ers,125,98,MIA,,,Team Totals,240,49,90,.544,13,30,.433,14,21,.667,8,34,42,24,9,12,13,18,125,,,Team Totals,240,.630,.617,.333,.233,21.1,77.3,51.2,49.0,8.9,17.6,11.6,100.0,123.0,96.4,
https://www.basketball-reference.com/boxscores/201703010MIL.html,"8:00 PM, March 1, 2017",Milwaukee Bucks,Denver Nuggets,98,110,DEN,,,Team Totals,240,41,84,.488,10,33,.303,18,20,.900,14,31,45,21,8,2,14,15,110,,,Team Totals,240,.593,.548,.393,.238,36.8,75.6,57.0,51.2,8.9,3.1,13.1,100.0,122.0,108.7,
https://www.basketball-reference.com/boxscores/201703010MIL.html,"8:00 PM, March 1, 2017",Milwaukee Bucks,Denver Nuggets,98,110,MIL,,,Team Totals,240,38,83,.458,9,18,.500,13,15,.867,10,24,34,26,8,5,14,19,98,,,Team Totals,240,.547,.512,.217,.181,24.4,63.2,43.0,68.4,8.9,9.8,13.5,100.0,108.7,122.0,
https://www.basketball-reference.com/boxscores/201703010NOP.html,"8:00 PM, March 1, 2017",New Orleans Pelicans,Detroit Pistons,109,86,DET,,,Team Totals,240,40,103,.388,3,23,.130,3,17,.176,23,27,50,13,11,3,7,17,86,,,Team Totals,240,.389,.403,.223,.165,33.8,77.1,48.5,32.5,11.8,5.7,6.0,100.0,92.6,117.4,
https://www.basketball-reference.com/boxscores/201703010NOP.html,"8:00 PM, March 1, 2017",New Orleans Pelicans,Detroit Pistons,109,86,NOP,,,Team Totals,240,39,78,.500,9,25,.360,22,23,.957,8,45,53,18,6,4,14,15,109,,,Team Totals,240,.618,.558,.321,.295,22.9,66.2,51.5,46.2,6.5,5.0,13.7,100.0,117.4,92.6,
https://www.basketball-reference.com/boxscores/201703010ORL.html,"7:00 PM, March 1, 2017",Orlando Magic,New York Knicks,90,101,NYK,,,Team Totals,240,34,81,.420,8,29,.276,25,31,.806,13,37,50,21,9,3,11,16,101,,,Team Totals,240,.534,.469,.358,.383,27.7,80.4,53.8,61.8,9.7,5.2,10.4,100.0,109.2,97.3,
https://www.basketball-reference.com/boxscores/201703010ORL.html,"7:00 PM, March 1, 2017",Orlando Magic,New York Knicks,90,101,ORL,,,Team Totals,240,34,83,.410,5,25,.200,17,22,.773,9,34,43,11,3,3,13,25,90,,,Team Totals,240,.486,.440,.301,.265,19.6,72.3,46.2,32.4,3.2,5.8,12.3,100.0,97.3,109.2,
https://www.basketball-reference.com/boxscores/201703010SAC.html,"10:30 PM, March 1, 2017",Sacramento Kings,Brooklyn Nets,100,109,BRK,,,Team Totals,240,34,74,.459,11,28,.393,30,36,.833,10,33,43,16,8,2,19,25,109,,,Team Totals,240,.607,.534,.378,.486,26.3,76.7,53.1,47.1,8.4,3.4,17.5,100.0,115.0,105.5,
https://www.basketball-reference.com/boxscores/201703010SAC.html,"10:30 PM, March 1, 2017",Sacramento Kings,Brooklyn Nets,100,109,SAC,,,Team Totals,240,35,81,.432,11,22,.500,19,22,.864,10,28,38,12,8,3,15,28,100,,,Team Totals,240,.551,.500,.272,.272,23.3,73.7,46.9,34.3,8.4,6.5,14.2,100.0,105.5,115.0,
https://www.basketball-reference.com/boxscores/201703010SAS.html,"8:30 PM, March 1, 2017",San Antonio Spurs,Indiana Pacers,100,99,IND,,,Team Totals,240,37,81,.457,7,23,.304,18,25,.720,13,28,41,22,13,1,18,26,99,,,Team Totals,240,.538,.500,.284,.309,30.2,82.4,53.2,59.5,13.8,2.2,16.4,100.0,104.8,105.8,
https://www.basketball-reference.com/boxscores/201703010SAS.html,"8:30 PM, March 1, 2017",San Antonio Spurs,Indiana Pacers,100,99,SAS,,,Team Totals,240,35,74,.473,9,29,.310,21,24,.875,6,30,36,20,8,7,18,21,100,,,Team Totals,240,.591,.534,.392,.324,17.6,69.8,46.8,57.1,8.5,12.1,17.6,100.0,105.8,104.8,
https://www.basketball-reference.com/boxscores/201703010TOR.html,"7:30 PM, March 1, 2017",Toronto Raptors,Washington Wizards,96,105,WAS,,,Team Totals,240,40,84,.476,9,25,.360,16,19,.842,7,37,44,32,6,6,12,21,105,,,Team Totals,240,.568,.530,.298,.226,17.1,69.8,46.8,80.0,6.3,8.6,11.5,100.0,110.8,101.3,
https://www.basketball-reference.com/boxscores/201703010TOR.html,"7:30 PM, March 1, 2017",Toronto Raptors,Washington Wizards,96,105,TOR,,,Team Totals,240,33,90,.367,7,20,.350,23,26,.885,16,34,50,11,8,4,12,18,96,,,Team Totals,240,.473,.406,.222,.289,30.2,82.9,53.2,33.3,8.4,6.8,10.6,100.0,101.3,110.8,
https://www.basketball-reference.com/boxscores/201703010UTA.html,"9:00 PM, March 1, 2017",Utah Jazz,Minnesota Timberwolves,80,107,MIN,,,Team Totals,240,39,78,.500,8,16,.500,21,26,.808,10,38,48,23,11,7,12,15,107,,,Team Totals,240,.598,.551,.205,.333,25.0,70.4,51.1,59.0,12.2,9.9,11.8,100.0,118.3,88.4,
https://www.basketball-reference.com/boxscores/201703010UTA.html,"9:00 PM, March 1, 2017",Utah Jazz,Minnesota Timberwolves,80,107,UTA,,,Team Totals,240,35,90,.389,4,19,.211,6,11,.545,16,30,46,18,6,5,14,23,80,,,Team Totals,240,.422,.411,.211,.122,29.6,75.0,48.9,51.4,6.6,8.1,12.9,100.0,88.4,118.3,
https://www.basketball-reference.com/boxscores/201703020CHI.html,"8:00 PM, March 2, 2017",Chicago Bulls,Golden State Warriors,94,87,GSW,,,Team Totals,240,34,88,.386,6,30,.200,13,14,.929,6,35,41,23,10,6,15,18,87,,,Team Totals,240,.462,.420,.341,.159,12.5,83.3,45.6,67.6,10.0,9.5,13.7,100.0,87.2,94.2,
https://www.basketball-reference.com/boxscores/201703020CHI.html,"8:00 PM, March 2, 2017",Chicago Bulls,Golden State Warriors,94,87,CHI,,,Team Totals,240,36,82,.439,5,19,.263,17,21,.810,7,42,49,19,9,5,16,15,94,,,Team Totals,240,.515,.470,.232,.256,16.7,87.5,54.4,52.8,9.0,8.6,14.9,100.0,94.2,87.2,
https://www.basketball-reference.com/boxscores/201703020PHO.html,"9:00 PM, March 2, 2017",Phoenix Suns,Charlotte Hornets,120,103,CHO,,,Team Totals,240,35,89,.393,10,34,.294,23,28,.821,9,25,34,19,14,1,16,20,103,,,Team Totals,240,.508,.449,.382,.315,19.1,86.2,44.7,54.3,13.6,1.7,13.6,100.0,99.7,116.2,
https://www.basketball-reference.com/boxscores/201703020PHO.html,"9:00 PM, March 2, 2017",Phoenix Suns,Charlotte Hornets,120,103,PHO,,,Team Totals,240,46,77,.597,7,19,.368,21,25,.840,4,38,42,30,8,7,19,23,120,,,Team Totals,240,.682,.643,.247,.325,13.8,80.9,55.3,65.2,7.7,12.7,17.8,100.0,116.2,99.7,
https://www.basketball-reference.com/boxscores/201703020POR.html,"10:30 PM, March 2, 2017",Portland Trail Blazers,Oklahoma City Thunder,114,109,OKC,,,Team Totals,240,34,86,.395,11,29,.379,30,32,.938,12,28,40,11,9,7,12,25,109,,,Team Totals,240,.545,.459,.337,.372,25.0,75.7,47.1,32.4,9.3,13.0,10.7,100.0,112.7,117.8,
https://www.basketball-reference.com/boxscores/201703020POR.html,"10:30 PM, March 2, 2017",Portland Trail Blazers,Oklahoma City Thunder,114,109,POR,,,Team Totals,240,39,79,.494,10,25,.400,26,35,.743,9,36,45,19,9,7,14,19,114,,,Team Totals,240,.604,.557,.316,.443,24.3,75.0,52.9,48.7,9.3,12.3,12.9,100.0,117.8,112.7,
https://www.basketball-reference.com/boxscores/201703030ATL.html,"7:00 PM, March 3, 2017",Atlanta Hawks,Cleveland Cavaliers,130,135,CLE,,,Team Totals,240,47,86,.547,25,46,.543,16,20,.800,5,28,33,31,7,5,14,24,135,,,Team Totals,240,.712,.692,.535,.233,13.5,71.8,43.4,66.0,6.8,7.7,12.9,100.0,131.9,127.0,
https://www.basketball-reference.com/boxscores/201703030ATL.html,"7:00 PM, March 3, 2017",Atlanta Hawks,Cleveland Cavaliers,130,135,ATL,,,Team Totals,240,49,91,.538,10,26,.385,22,30,.733,11,32,43,30,7,4,12,15,130,,,Team Totals,240,.624,.593,.286,.330,28.2,86.5,56.6,61.2,6.8,10.0,10.3,100.0,127.0,131.9,
https://www.basketball-reference.com/boxscores/201703030DAL.html,"8:30 PM, March 3, 2017",Dallas Mavericks,Memphis Grizzlies,104,100,MEM,,,Team Totals,240,38,82,.463,9,28,.321,15,22,.682,7,32,39,16,4,0,10,23,100,,,Team Totals,240,.545,.518,.341,.268,15.9,80.0,46.4,42.1,4.3,0.0,9.8,100.0,107.6,111.9,
https://www.basketball-reference.com/boxscores/201703030DAL.html,"8:30 PM, March 3, 2017",Dallas Mavericks,Memphis Grizzlies,104,100,DAL,,,Team Totals,240,39,82,.476,5,27,.185,21,27,.778,8,37,45,23,5,3,9,20,104,,,Team Totals,240,.554,.506,.329,.329,20.0,84.1,53.6,59.0,5.4,5.6,8.7,100.0,111.9,107.6,
https://www.basketball-reference.com/boxscores/201703030LAL.html,"10:30 PM, March 3, 2017",Los Angeles Lakers,Boston Celtics,95,115,BOS,,,Team Totals,240,43,84,.512,10,33,.303,19,25,.760,6,40,46,30,7,2,18,17,115,,,Team Totals,240,.605,.571,.393,.298,17.6,87.0,57.5,69.8,6.8,3.2,15.9,100.0,111.5,92.1,
https://www.basketball-reference.com/boxscores/201703030LAL.html,"10:30 PM, March 3, 2017",Los Angeles Lakers,Boston Celtics,95,115,LAL,,,Team Totals,240,37,87,.425,6,24,.250,15,20,.750,6,28,34,23,11,7,14,21,95,,,Team Totals,240,.496,.460,.276,.230,13.0,82.4,42.5,62.2,10.7,13.7,12.8,100.0,92.1,111.5,
https://www.basketball-reference.com/boxscores/201703030MIL.html,"8:00 PM, March 3, 2017",Milwaukee Bucks,Los Angeles Clippers,112,101,LAC,,,Team Totals,240,36,64,.563,8,19,.421,21,36,.583,7,31,38,23,4,1,23,18,101,,,Team Totals,240,.633,.625,.297,.563,24.1,91.2,60.3,63.9,4.2,1.8,22.4,100.0,107.0,118.7,
https://www.basketball-reference.com/boxscores/201703030MIL.html,"8:00 PM, March 3, 2017",Milwaukee Bucks,Los Angeles Clippers,112,101,MIL,,,Team Totals,240,44,80,.550,10,25,.400,14,15,.933,3,22,25,35,11,4,12,27,112,,,Team Totals,240,.647,.613,.313,.188,8.8,75.9,39.7,79.5,11.7,8.9,12.2,100.0,118.7,107.0,
https://www.basketball-reference.com/boxscores/201703030NOP.html,"9:30 PM, March 3, 2017",New Orleans Pelicans,San Antonio Spurs,98,101,SAS,,,Team Totals,265,40,95,.421,6,27,.222,15,25,.600,11,42,53,20,6,4,11,22,101,,,Team Totals,265,.476,.453,.284,.263,21.6,84.0,52.5,50.0,5.7,6.1,9.4,100.0,95.6,92.8,
https://www.basketball-reference.com/boxscores/201703030NOP.html,"9:30 PM, March 3, 2017",New Orleans Pelicans,San Antonio Spurs,98,101,NOP,,,Team Totals,265,35,91,.385,8,25,.320,20,24,.833,8,40,48,20,2,2,17,22,98,,,Team Totals,265,.482,.429,.275,.264,16.0,78.4,47.5,57.1,1.9,2.9,14.3,100.0,92.8,95.6,
https://www.basketball-reference.com/boxscores/201703030ORL.html,"7:00 PM, March 3, 2017",Orlando Magic,Miami Heat,110,99,MIA,,,Team Totals,240,35,91,.385,8,28,.286,21,25,.840,13,33,46,20,7,5,9,16,99,,,Team Totals,240,.485,.429,.308,.275,25.0,80.5,49.5,57.1,7.3,6.8,8.1,100.0,103.0,114.4,
https://www.basketball-reference.com/boxscores/201703030ORL.html,"7:00 PM, March 3, 2017",Orlando Magic,Miami Heat,110,99,ORL,,,Team Totals,240,45,90,.500,5,17,.294,15,19,.789,8,39,47,27,7,6,9,13,110,,,Team Totals,240,.559,.528,.189,.211,19.5,75.0,50.5,60.0,7.3,9.5,8.4,100.0,114.4,103.0,
https://www.basketball-reference.com/boxscores/201703030PHI.html,"7:00 PM, March 3, 2017",Philadelphia 76ers,New York Knicks,105,102,NYK,,,Team Totals,240,33,84,.393,7,21,.333,29,33,.879,9,32,41,14,10,3,12,20,102,,,Team Totals,240,.518,.435,.250,.393,19.1,72.7,45.1,42.4,10.2,5.5,10.9,100.0,103.9,106.9,
https://www.basketball-reference.com/boxscores/201703030PHI.html,"7:00 PM, March 3, 2017",Philadelphia 76ers,New York Knicks,105,102,PHI,,,Team Totals,240,36,83,.434,9,28,.321,24,31,.774,12,38,50,20,5,9,16,21,105,,,Team Totals,240,.543,.488,.337,.373,27.3,80.9,54.9,55.6,5.1,14.3,14.2,100.0,106.9,103.9,
https://www.basketball-reference.com/boxscores/201703030PHO.html,"9:00 PM, March 3, 2017",Phoenix Suns,Oklahoma City Thunder,118,111,OKC,,,Team Totals,240,37,87,.425,9,35,.257,28,35,.800,11,36,47,14,10,5,19,30,111,,,Team Totals,240,.542,.477,.402,.402,23.4,80.0,51.1,37.8,9.2,7.4,15.7,100.0,102.7,109.1,
https://www.basketball-reference.com/boxscores/201703030PHO.html,"9:00 PM, March 3, 2017",Phoenix Suns,Oklahoma City Thunder,118,111,PHO,,,Team Totals,240,44,89,.494,5,21,.238,25,31,.806,9,36,45,28,10,7,17,26,118,,,Team Totals,240,.575,.522,.236,.348,20.0,76.6,48.9,63.6,9.2,13.5,14.2,100.0,109.1,102.7,
https://www.basketball-reference.com/boxscores/201703030UTA.html,"9:00 PM, March 3, 2017",Utah Jazz,Brooklyn Nets,112,97,BRK,,,Team Totals,240,36,89,.404,7,30,.233,18,24,.750,9,33,42,12,6,3,12,24,97,,,Team Totals,240,.487,.444,.337,.270,18.4,86.8,48.3,33.3,6.1,6.3,10.8,100.0,98.6,113.9,
https://www.basketball-reference.com/boxscores/201703030UTA.html,"9:00 PM, March 3, 2017",Utah Jazz,Brooklyn Nets,112,97,UTA,,,Team Totals,240,38,74,.514,12,26,.462,24,34,.706,5,40,45,25,7,5,14,25,112,,,Team Totals,240,.629,.595,.351,.459,13.2,81.6,51.7,65.8,7.1,8.5,13.6,100.0,113.9,98.6,
https://www.basketball-reference.com/boxscores/201703030WAS.html,"7:00 PM, March 3, 2017",Washington Wizards,Toronto Raptors,106,114,TOR,,,Team Totals,240,41,81,.506,11,25,.440,21,27,.778,11,40,51,16,5,9,18,23,114,,,Team Totals,240,.614,.574,.309,.333,26.8,72.7,53.1,39.0,5.1,14.5,16.2,100.0,115.6,107.5,
https://www.basketball-reference.com/boxscores/201703030WAS.html,"7:00 PM, March 3, 2017",Washington Wizards,Toronto Raptors,106,114,WAS,,,Team Totals,240,34,92,.370,10,30,.333,28,32,.875,15,30,45,23,8,6,11,21,106,,,Team Totals,240,.500,.424,.326,.348,27.3,73.2,46.9,67.6,8.1,10.7,9.4,100.0,107.5,115.6,
https://www.basketball-reference.com/boxscores/201703040CHI.html,"8:30 PM, March 4, 2017",Chicago Bulls,Los Angeles Clippers,91,101,LAC,,,Team Totals,240,41,85,.482,6,25,.240,13,16,.813,11,26,37,20,7,5,14,17,101,,,Team Totals,240,.549,.518,.294,.188,26.2,65.0,45.1,48.8,7.6,7.6,13.2,100.0,109.1,98.3,
https://www.basketball-reference.com/boxscores/201703040CHI.html,"8:30 PM, March 4, 2017",Chicago Bulls,Los Angeles Clippers,91,101,CHI,,,Team Totals,240,35,83,.422,6,17,.353,15,20,.750,14,31,45,26,11,0,19,24,91,,,Team Totals,240,.496,.458,.205,.241,35.0,73.8,54.9,74.3,11.9,0.0,17.1,100.0,98.3,109.1,
https://www.basketball-reference.com/boxscores/201703040DEN.html,"9:00 PM, March 4, 2017",Denver Nuggets,Charlotte Hornets,102,112,CHO,,,Team Totals,240,41,90,.456,16,27,.593,14,17,.824,13,30,43,25,8,6,6,18,112,,,Team Totals,240,.574,.544,.300,.189,27.7,73.2,48.9,61.0,9.0,12.0,5.8,100.0,125.4,114.2,
https://www.basketball-reference.com/boxscores/201703040DEN.html,"9:00 PM, March 4, 2017",Denver Nuggets,Charlotte Hornets,102,112,DEN,,,Team Totals,240,36,80,.450,9,30,.300,21,25,.840,11,34,45,21,5,3,13,20,102,,,Team Totals,240,.560,.506,.375,.313,26.8,72.3,51.1,58.3,5.6,4.8,12.5,100.0,114.2,125.4,
https://www.basketball-reference.com/boxscores/201703040HOU.html,"9:00 PM, March 4, 2017",Houston Rockets,Memphis Grizzlies,123,108,MEM,,,Team Totals,240,43,97,.443,8,28,.286,14,21,.667,17,29,46,26,8,6,13,24,108,,,Team Totals,240,.508,.485,.289,.216,34.0,74.4,51.7,60.5,8.2,16.7,10.9,100.0,111.1,126.5,
https://www.basketball-reference.com/boxscores/201703040HOU.html,"9:00 PM, March 4, 2017",Houston Rockets,Memphis Grizzlies,123,108,HOU,,,Team Totals,240,39,78,.500,18,42,.429,27,36,.750,10,33,43,25,10,4,14,20,123,,,Team Totals,240,.655,.615,.538,.462,25.6,66.0,48.3,64.1,10.3,5.8,13.0,100.0,126.5,111.1,
https://www.basketball-reference.com/boxscores/201703040MIA.html,"8:00 PM, March 4, 2017",Miami Heat,Cleveland Cavaliers,120,92,CLE,,,Team Totals,240,35,73,.479,11,27,.407,11,18,.611,8,25,33,20,4,1,16,16,92,,,Team Totals,240,.568,.555,.370,.247,19.5,62.5,40.7,57.1,4.6,1.9,16.5,100.0,105.0,137.0,
https://www.basketball-reference.com/boxscores/201703040MIA.html,"8:00 PM, March 4, 2017",Miami Heat,Cleveland Cavaliers,120,92,MIA,,,Team Totals,240,46,88,.523,18,34,.529,10,12,.833,15,33,48,20,6,4,11,19,120,,,Team Totals,240,.643,.625,.386,.136,37.5,80.5,59.3,43.5,6.8,8.7,10.5,100.0,137.0,105.0,
https://www.basketball-reference.com/boxscores/201703040MIL.html,"8:00 PM, March 4, 2017",Milwaukee Bucks,Toronto Raptors,101,94,TOR,,,Team Totals,240,35,75,.467,7,21,.333,17,20,.850,3,33,36,20,2,4,12,23,94,,,Team Totals,240,.561,.513,.280,.267,8.3,78.6,46.2,57.1,2.2,6.7,12.5,100.0,103.1,110.7,
https://www.basketball-reference.com/boxscores/201703040MIL.html,"8:00 PM, March 4, 2017",Milwaukee Bucks,Toronto Raptors,101,94,MIL,,,Team Totals,240,38,87,.437,6,27,.222,19,23,.826,9,33,42,16,3,4,6,18,101,,,Team Totals,240,.520,.471,.310,.264,21.4,91.7,53.8,42.1,3.3,7.4,5.8,100.0,110.7,103.1,
https://www.basketball-reference.com/boxscores/201703040PHI.html,"6:00 PM, March 4, 2017",Philadelphia 76ers,Detroit Pistons,106,136,DET,,,Team Totals,240,54,95,.568,10,23,.435,18,21,.857,10,34,44,26,11,10,8,9,136,,,Team Totals,240,.652,.621,.242,.221,25.0,85.0,55.0,48.1,10.8,18.5,7.1,100.0,133.3,103.9,
https://www.basketball-reference.com/boxscores/201703040PHI.html,"6:00 PM, March 4, 2017",Philadelphia 76ers,Detroit Pistons,106,136,PHI,,,Team Totals,240,43,88,.489,14,34,.412,6,7,.857,6,30,36,30,5,2,20,18,106,,,Team Totals,240,.582,.568,.386,.080,15.0,75.0,45.0,69.8,4.9,2.8,18.0,100.0,103.9,133.3,
https://www.basketball-reference.com/boxscores/201703040POR.html,"10:00 PM, March 4, 2017",Portland Trail Blazers,Brooklyn Nets,130,116,BRK,,,Team Totals,240,45,86,.523,14,30,.467,12,17,.706,8,23,31,24,7,6,14,22,116,,,Team Totals,240,.620,.605,.349,.198,20.5,79.3,45.6,53.3,7.1,9.8,13.0,100.0,117.5,131.7,
https://www.basketball-reference.com/boxscores/201703040POR.html,"10:00 PM, March 4, 2017",Portland Trail Blazers,Brooklyn Nets,130,116,POR,,,Team Totals,240,49,86,.570,16,25,.640,16,22,.727,6,31,37,29,9,6,13,13,130,,,Team Totals,240,.679,.663,.291,.256,20.7,79.5,54.4,59.2,9.1,10.7,12.0,100.0,131.7,117.5,
https://www.basketball-reference.com/boxscores/201703040SAS.html,"9:00 PM, March 4, 2017",San Antonio Spurs,Minnesota Timberwolves,97,90,MIN,,,Team Totals,265,35,89,.393,4,16,.250,16,22,.727,16,39,55,24,6,3,18,20,90,,,Team Totals,265,.456,.416,.180,.247,33.3,69.6,52.9,68.6,6.2,4.3,15.4,100.0,92.3,99.5,
https://www.basketball-reference.com/boxscores/201703040SAS.html,"9:00 PM, March 4, 2017",San Antonio Spurs,Minnesota Timberwolves,97,90,SAS,,,Team Totals,265,38,94,.404,6,24,.250,15,24,.625,17,32,49,16,10,8,13,17,97,,,Team Totals,265,.464,.436,.255,.255,30.4,66.7,47.1,42.1,10.3,11.0,11.1,100.0,99.5,92.3,
https://www.basketball-reference.com/boxscores/201703050ATL.html,"1:00 PM, March 5, 2017",Atlanta Hawks,Indiana Pacers,96,97,IND,,,Team Totals,240,35,78,.449,15,33,.455,12,21,.571,9,35,44,24,6,4,15,22,97,,,Team Totals,240,.556,.545,.423,.269,21.4,76.1,50.0,68.6,6.5,8.0,14.7,100.0,104.9,103.8,
https://www.basketball-reference.com/boxscores/201703050ATL.html,"1:00 PM, March 5, 2017",Atlanta Hawks,Indiana Pacers,96,97,ATL,,,Team Totals,240,34,77,.442,9,27,.333,19,31,.613,11,33,44,21,12,1,15,19,96,,,Team Totals,240,.530,.500,.351,.403,23.9,78.6,50.0,61.8,13.0,2.2,14.2,100.0,103.8,104.9,
https://www.basketball-reference.com/boxscores/201703050DAL.html,"8:30 PM, March 5, 2017",Dallas Mavericks,Oklahoma City Thunder,104,89,OKC,,,Team Totals,240,33,82,.402,2,22,.091,21,30,.700,13,36,49,19,4,2,15,21,89,,,Team Totals,240,.467,.415,.268,.366,28.9,87.8,57.0,57.6,4.2,3.3,13.6,100.0,94.4,110.3,
https://www.basketball-reference.com/boxscores/201703050DAL.html,"8:30 PM, March 5, 2017",Dallas Mavericks,Oklahoma City Thunder,104,89,DAL,,,Team Totals,240,42,86,.488,7,25,.280,13,16,.813,5,32,37,24,6,2,8,20,104,,,Team Totals,240,.559,.529,.291,.186,12.2,71.1,43.0,57.1,6.4,3.3,7.9,100.0,110.3,94.4,
https://www.basketball-reference.com/boxscores/201703050LAL.html,"9:30 PM, March 5, 2017",Los Angeles Lakers,New Orleans Pelicans,97,105,NOP,,,Team Totals,240,36,89,.404,9,24,.375,24,35,.686,13,31,44,23,12,5,13,12,105,,,Team Totals,240,.503,.455,.270,.393,25.5,73.8,47.3,63.9,11.8,9.1,11.1,100.0,103.5,95.6,
https://www.basketball-reference.com/boxscores/201703050LAL.html,"9:30 PM, March 5, 2017",Los Angeles Lakers,New Orleans Pelicans,97,105,LAL,,,Team Totals,240,38,83,.458,10,28,.357,11,15,.733,11,38,49,22,7,5,25,24,97,,,Team Totals,240,.541,.518,.337,.181,26.2,74.5,52.7,57.9,6.9,7.7,21.8,100.0,95.6,103.5,
https://www.basketball-reference.com/boxscores/201703050NYK.html,"3:30 PM, March 5, 2017",New York Knicks,Golden State Warriors,105,112,GSW,,,Team Totals,240,40,88,.455,13,35,.371,19,23,.826,11,24,35,21,11,3,8,18,112,,,Team Totals,240,.571,.528,.398,.261,23.9,66.7,42.7,52.5,11.9,4.9,7.5,100.0,120.9,113.4,
https://www.basketball-reference.com/boxscores/201703050NYK.html,"3:30 PM, March 5, 2017",New York Knicks,Golden State Warriors,105,112,NYK,,,Team Totals,240,39,83,.470,7,22,.318,20,25,.800,12,35,47,18,5,6,15,20,105,,,Team Totals,240,.559,.512,.265,.301,33.3,76.1,57.3,46.2,5.4,11.3,13.8,100.0,113.4,120.9,
https://www.basketball-reference.com/boxscores/201703050PHO.html,"5:00 PM, March 5, 2017",Phoenix Suns,Boston Celtics,109,106,BOS,,,Team Totals,240,32,85,.376,13,37,.351,29,40,.725,14,40,54,19,6,6,14,28,106,,,Team Totals,240,.517,.453,.435,.471,25.9,80.0,51.9,59.4,5.9,8.1,12.0,100.0,103.6,106.6,
https://www.basketball-reference.com/boxscores/201703050PHO.html,"5:00 PM, March 5, 2017",Phoenix Suns,Boston Celtics,109,106,PHO,,,Team Totals,240,42,94,.447,4,20,.200,21,26,.808,10,40,50,16,7,10,11,29,109,,,Team Totals,240,.517,.468,.213,.277,20.0,74.1,48.1,38.1,6.8,20.8,9.4,100.0,106.6,103.6,
https://www.basketball-reference.com/boxscores/201703050SAC.html,"6:00 PM, March 5, 2017",Sacramento Kings,Utah Jazz,109,110,UTA,,,Team Totals,265,41,90,.456,10,33,.303,18,27,.667,12,35,47,24,8,3,14,15,110,,,Team Totals,265,.540,.511,.367,.300,27.3,87.5,56.0,58.5,8.0,4.5,12.1,100.0,110.5,109.5,
https://www.basketball-reference.com/boxscores/201703050SAC.html,"6:00 PM, March 5, 2017",Sacramento Kings,Utah Jazz,109,110,SAC,,,Team Totals,265,43,83,.518,8,17,.471,15,20,.750,5,32,37,24,8,3,13,21,109,,,Team Totals,265,.594,.566,.205,.241,12.5,72.7,44.0,55.8,8.0,5.3,12.4,100.0,109.5,110.5,
https://www.basketball-reference.com/boxscores/201703050WAS.html,"5:00 PM, March 5, 2017",Washington Wizards,Orlando Magic,115,114,ORL,,,Team Totals,240,44,89,.494,14,35,.400,12,19,.632,13,30,43,16,9,3,15,18,114,,,Team Totals,240,.585,.573,.393,.213,31.7,75.0,53.1,36.4,9.6,5.5,13.3,100.0,121.2,122.3,
https://www.basketball-reference.com/boxscores/201703050WAS.html,"5:00 PM, March 5, 2017",Washington Wizards,Orlando Magic,115,114,WAS,,,Team Totals,240,39,81,.481,14,26,.538,23,25,.920,10,28,38,26,9,6,12,16,115,,,Team Totals,240,.625,.568,.321,.309,25.0,68.3,46.9,66.7,9.6,11.1,11.5,100.0,122.3,121.2,
https://www.basketball-reference.com/boxscores/201703060ATL.html,"7:30 PM, March 6, 2017",Atlanta Hawks,Golden State Warriors,111,119,GSW,,,Team Totals,240,41,87,.471,20,44,.455,17,22,.773,13,30,43,33,10,4,16,22,119,,,Team Totals,240,.615,.586,.506,.253,28.3,68.2,47.8,80.5,10.2,7.4,14.2,100.0,121.2,113.1,
https://www.basketball-reference.com/boxscores/201703060ATL.html,"7:30 PM, March 6, 2017",Atlanta Hawks,Golden State Warriors,111,119,ATL,,,Team Totals,240,38,82,.463,13,28,.464,22,31,.710,14,33,47,19,6,6,19,23,111,,,Team Totals,240,.580,.543,.341,.378,31.8,71.7,52.2,50.0,6.1,14.0,16.6,100.0,113.1,121.2,
https://www.basketball-reference.com/boxscores/201703060CHO.html,"8:00 PM, March 6, 2017",Charlotte Hornets,Indiana Pacers,100,88,IND,,,Team Totals,240,37,81,.457,12,30,.400,2,3,.667,6,35,41,29,3,5,16,17,88,,,Team Totals,240,.534,.531,.370,.037,14.0,72.9,45.1,78.4,3.3,9.1,16.3,100.0,96.0,109.1,
https://www.basketball-reference.com/boxscores/201703060CHO.html,"8:00 PM, March 6, 2017",Charlotte Hornets,Indiana Pacers,100,88,CHO,,,Team Totals,240,35,86,.407,11,31,.355,19,21,.905,13,37,50,21,10,2,12,8,100,,,Team Totals,240,.525,.471,.360,.244,27.1,86.0,54.9,60.0,10.9,3.9,11.2,100.0,109.1,96.0,
https://www.basketball-reference.com/boxscores/201703060CLE.html,"7:00 PM, March 6, 2017",Cleveland Cavaliers,Miami Heat,98,106,MIA,,,Team Totals,240,39,91,.429,16,35,.457,12,14,.857,8,30,38,23,7,6,8,19,106,,,Team Totals,240,.545,.516,.385,.154,16.3,73.2,42.2,59.0,7.4,11.8,7.6,100.0,111.7,103.3,
https://www.basketball-reference.com/boxscores/201703060CLE.html,"7:00 PM, March 6, 2017",Cleveland Cavaliers,Miami Heat,98,106,CLE,,,Team Totals,240,35,78,.449,9,27,.333,19,29,.655,11,41,52,15,3,6,17,15,98,,,Team Totals,240,.540,.506,.346,.372,26.8,83.7,57.8,42.9,3.2,10.7,15.8,100.0,103.3,111.7,
https://www.basketball-reference.com/boxscores/201703060DEN.html,"9:00 PM, March 6, 2017",Denver Nuggets,Sacramento Kings,108,96,SAC,,,Team Totals,240,36,83,.434,6,16,.375,18,21,.857,11,29,40,20,9,1,16,18,96,,,Team Totals,240,.520,.470,.193,.253,25.0,80.6,50.0,55.6,9.4,2.3,14.8,100.0,100.4,112.9,
https://www.basketball-reference.com/boxscores/201703060DEN.html,"9:00 PM, March 6, 2017",Denver Nuggets,Sacramento Kings,108,96,DEN,,,Team Totals,240,37,74,.500,13,30,.433,21,28,.750,7,33,40,28,11,2,19,18,108,,,Team Totals,240,.626,.588,.405,.378,19.4,75.0,50.0,75.7,11.5,3.0,18.0,100.0,112.9,100.4,
https://www.basketball-reference.com/boxscores/201703060DET.html,"7:30 PM, March 6, 2017",Detroit Pistons,Chicago Bulls,109,95,CHI,,,Team Totals,240,34,83,.410,8,28,.286,19,21,.905,7,30,37,21,3,5,10,20,95,,,Team Totals,240,.515,.458,.337,.253,15.6,75.0,43.5,61.8,3.2,7.0,9.8,100.0,101.2,116.2,
https://www.basketball-reference.com/boxscores/201703060DET.html,"7:30 PM, March 6, 2017",Detroit Pistons,Chicago Bulls,109,95,DET,,,Team Totals,240,45,92,.489,6,21,.286,13,20,.650,10,38,48,26,7,3,7,19,109,,,Team Totals,240,.541,.522,.228,.217,25.0,84.4,56.5,57.8,7.5,5.5,6.5,100.0,116.2,101.2,
https://www.basketball-reference.com/boxscores/201703060LAC.html,"10:30 PM, March 6, 2017",Los Angeles Clippers,Boston Celtics,116,102,BOS,,,Team Totals,240,34,83,.410,10,35,.286,24,29,.828,7,30,37,22,9,2,11,31,102,,,Team Totals,240,.533,.470,.422,.349,15.2,78.9,44.0,64.7,9.2,3.8,10.3,100.0,104.7,119.1,
https://www.basketball-reference.com/boxscores/201703060LAC.html,"10:30 PM, March 6, 2017",Los Angeles Clippers,Boston Celtics,116,102,LAC,,,Team Totals,240,39,73,.534,9,20,.450,29,47,.617,8,39,47,23,7,5,13,24,116,,,Team Totals,240,.619,.596,.274,.644,21.1,84.8,56.0,59.0,7.2,10.4,12.2,100.0,119.1,104.7,
https://www.basketball-reference.com/boxscores/201703060MEM.html,"8:00 PM, March 6, 2017",Memphis Grizzlies,Brooklyn Nets,109,122,BRK,,,Team Totals,240,39,73,.534,14,30,.467,30,38,.789,7,34,41,16,12,5,17,27,122,,,Team Totals,240,.680,.630,.411,.521,19.4,81.0,52.6,41.0,12.1,9.6,15.9,100.0,123.3,110.1,
https://www.basketball-reference.com/boxscores/201703060MEM.html,"8:00 PM, March 6, 2017",Memphis Grizzlies,Brooklyn Nets,109,122,MEM,,,Team Totals,240,34,77,.442,10,25,.400,31,39,.795,8,29,37,23,7,2,16,29,109,,,Team Totals,240,.579,.506,.325,.506,19.0,80.6,47.4,67.6,7.1,4.7,14.5,100.0,110.1,123.3,
https://www.basketball-reference.com/boxscores/201703060ORL.html,"7:00 PM, March 6, 2017",Orlando Magic,New York Knicks,105,113,NYK,,,Team Totals,240,40,86,.465,6,14,.429,27,28,.964,12,33,45,26,6,1,9,23,113,,,Team Totals,240,.575,.500,.163,.326,27.9,75.0,51.7,65.0,6.4,1.9,8.4,100.0,120.2,111.7,
https://www.basketball-reference.com/boxscores/201703060ORL.html,"7:00 PM, March 6, 2017",Orlando Magic,New York Knicks,105,113,ORL,,,Team Totals,240,40,85,.471,9,32,.281,16,24,.667,11,31,42,23,4,5,13,23,105,,,Team Totals,240,.549,.524,.376,.282,25.0,72.1,48.3,57.5,4.3,6.9,12.0,100.0,111.7,120.2,
https://www.basketball-reference.com/boxscores/201703060PHI.html,"7:00 PM, March 6, 2017",Philadelphia 76ers,Milwaukee Bucks,98,112,MIL,,,Team Totals,240,41,83,.494,14,33,.424,16,20,.800,9,32,41,28,7,7,15,16,112,,,Team Totals,240,.610,.578,.398,.241,24.3,69.6,49.4,68.3,7.4,11.9,14.0,100.0,118.3,103.5,
https://www.basketball-reference.com/boxscores/201703060PHI.html,"7:00 PM, March 6, 2017",Philadelphia 76ers,Milwaukee Bucks,98,112,PHI,,,Team Totals,240,39,89,.438,8,30,.267,12,19,.632,14,28,42,30,5,3,14,20,98,,,Team Totals,240,.503,.483,.337,.213,30.4,75.7,50.6,76.9,5.3,6.0,12.6,100.0,103.5,118.3,
https://www.basketball-reference.com/boxscores/201703060SAS.html,"8:30 PM, March 6, 2017",San Antonio Spurs,Houston Rockets,112,110,HOU,,,Team Totals,240,41,88,.466,14,39,.359,14,17,.824,7,36,43,19,3,3,12,20,110,,,Team Totals,240,.576,.545,.443,.193,16.7,80.0,49.4,46.3,3.1,5.0,11.2,100.0,112.6,114.7,
https://www.basketball-reference.com/boxscores/201703060SAS.html,"8:30 PM, March 6, 2017",San Antonio Spurs,Houston Rockets,112,110,SAS,,,Team Totals,240,40,88,.455,11,28,.393,21,23,.913,9,35,44,24,6,6,10,13,112,,,Team Totals,240,.571,.517,.318,.261,20.0,83.3,50.6,60.0,6.1,12.2,9.2,100.0,114.7,112.6,
https://www.basketball-reference.com/boxscores/201703060UTA.html,"9:00 PM, March 6, 2017",Utah Jazz,New Orleans Pelicans,88,83,NOP,,,Team Totals,240,30,84,.357,10,33,.303,13,18,.722,13,34,47,16,11,3,20,15,83,,,Team Totals,240,.451,.417,.393,.214,27.7,73.9,50.5,53.3,11.7,5.6,17.9,100.0,88.4,93.7,
https://www.basketball-reference.com/boxscores/201703060UTA.html,"9:00 PM, March 6, 2017",Utah Jazz,New Orleans Pelicans,88,83,UTA,,,Team Totals,240,33,81,.407,10,27,.370,12,15,.800,12,34,46,16,10,2,19,17,88,,,Team Totals,240,.502,.469,.333,.185,26.1,72.3,49.5,48.5,10.6,3.9,17.8,100.0,93.7,88.4,
https://www.basketball-reference.com/boxscores/201703070DAL.html,"8:30 PM, March 7, 2017",Dallas Mavericks,Los Angeles Lakers,122,111,LAL,,,Team Totals,240,42,90,.467,11,30,.367,16,22,.727,11,33,44,25,9,3,11,20,111,,,Team Totals,240,.557,.528,.333,.244,23.9,84.6,51.8,59.5,9.2,5.8,9.9,100.0,113.3,124.6,
https://www.basketball-reference.com/boxscores/201703070DAL.html,"8:30 PM, March 7, 2017",Dallas Mavericks,Los Angeles Lakers,122,111,DAL,,,Team Totals,240,45,83,.542,17,31,.548,15,19,.789,6,35,41,25,5,5,14,17,122,,,Team Totals,240,.668,.645,.373,.229,15.4,76.1,48.2,55.6,5.1,8.3,13.3,100.0,124.6,113.3,
https://www.basketball-reference.com/boxscores/201703070OKC.html,"8:00 PM, March 7, 2017",Oklahoma City Thunder,Portland Trail Blazers,121,126,POR,,,Team Totals,240,47,85,.553,11,23,.478,21,27,.778,12,24,36,24,7,5,12,23,126,,,Team Totals,240,.650,.618,.271,.318,30.8,66.7,48.0,51.1,7.2,8.3,11.0,100.0,129.5,124.3,
https://www.basketball-reference.com/boxscores/201703070OKC.html,"8:00 PM, March 7, 2017",Oklahoma City Thunder,Portland Trail Blazers,121,126,OKC,,,Team Totals,240,44,85,.518,10,25,.400,23,30,.767,12,27,39,16,4,1,17,25,121,,,Team Totals,240,.616,.576,.294,.353,33.3,69.2,52.0,36.4,4.1,1.6,14.8,100.0,124.3,129.5,
https://www.basketball-reference.com/boxscores/201703070PHO.html,"9:00 PM, March 7, 2017",Phoenix Suns,Washington Wizards,127,131,WAS,,,Team Totals,240,41,90,.456,7,18,.389,42,53,.792,9,35,44,19,15,4,11,21,131,,,Team Totals,240,.578,.494,.200,.589,18.4,79.5,47.3,46.3,13.4,6.6,8.8,100.0,117.4,113.8,
https://www.basketball-reference.com/boxscores/201703070PHO.html,"9:00 PM, March 7, 2017",Phoenix Suns,Washington Wizards,127,131,PHO,,,Team Totals,240,44,88,.500,13,27,.481,26,33,.788,9,40,49,23,5,8,19,32,127,,,Team Totals,240,.619,.574,.307,.375,20.5,81.6,52.7,52.3,4.5,11.1,15.6,100.0,113.8,117.4,
https://www.basketball-reference.com/boxscores/201703080ATL.html,"7:30 PM, March 8, 2017",Atlanta Hawks,Brooklyn Nets,110,105,BRK,,,Team Totals,240,37,80,.463,11,33,.333,20,25,.800,5,35,40,28,7,11,23,25,105,,,Team Totals,240,.577,.531,.413,.313,12.2,76.1,46.0,75.7,6.4,14.7,20.2,100.0,96.6,101.2,
https://www.basketball-reference.com/boxscores/201703080ATL.html,"7:30 PM, March 8, 2017",Atlanta Hawks,Brooklyn Nets,110,105,ATL,,,Team Totals,240,41,95,.432,4,20,.200,24,32,.750,11,36,47,19,12,7,16,22,110,,,Team Totals,240,.504,.453,.211,.337,23.9,87.8,54.0,46.3,11.0,14.9,12.8,100.0,101.2,96.6,
https://www.basketball-reference.com/boxscores/201703080DEN.html,"9:00 PM, March 8, 2017",Denver Nuggets,Washington Wizards,113,123,WAS,,,Team Totals,240,50,88,.568,11,26,.423,12,19,.632,8,35,43,31,10,0,12,16,123,,,Team Totals,240,.638,.631,.295,.216,21.6,77.8,52.4,62.0,10.1,0.0,11.1,100.0,123.7,113.6,
https://www.basketball-reference.com/boxscores/201703080DEN.html,"9:00 PM, March 8, 2017",Denver Nuggets,Washington Wizards,113,123,DEN,,,Team Totals,240,46,87,.529,13,28,.464,8,17,.471,10,29,39,31,6,2,16,16,113,,,Team Totals,240,.598,.603,.322,.195,22.2,78.4,47.6,67.4,6.0,3.2,14.5,100.0,113.6,123.7,
https://www.basketball-reference.com/boxscores/201703080GSW.html,"10:30 PM, March 8, 2017",Golden State Warriors,Boston Celtics,86,99,BOS,,,Team Totals,240,37,84,.440,10,29,.345,15,19,.789,9,36,45,28,12,1,14,10,99,,,Team Totals,240,.536,.500,.345,.226,20.9,75.0,49.5,75.7,12.8,1.9,13.2,100.0,105.3,91.4,
https://www.basketball-reference.com/boxscores/201703080GSW.html,"10:30 PM, March 8, 2017",Golden State Warriors,Boston Celtics,86,99,GSW,,,Team Totals,240,37,84,.440,6,30,.200,6,9,.667,12,34,46,23,8,12,18,20,86,,,Team Totals,240,.489,.476,.357,.107,25.0,79.1,50.5,62.2,8.5,21.8,17.0,100.0,91.4,105.3,
https://www.basketball-reference.com/boxscores/201703080HOU.html,"8:00 PM, March 8, 2017",Houston Rockets,Utah Jazz,108,115,UTA,,,Team Totals,240,41,76,.539,12,31,.387,21,24,.875,10,35,45,21,2,4,19,23,115,,,Team Totals,240,.664,.618,.408,.316,32.3,77.8,59.2,51.2,2.2,8.5,18.0,100.0,124.3,116.7,
https://www.basketball-reference.com/boxscores/201703080HOU.html,"8:00 PM, March 8, 2017",Houston Rockets,Utah Jazz,108,115,HOU,,,Team Totals,240,35,79,.443,8,32,.250,30,40,.750,10,21,31,22,9,4,8,20,108,,,Team Totals,240,.559,.494,.405,.506,22.2,67.7,40.8,62.9,9.7,8.9,7.6,100.0,116.7,124.3,
https://www.basketball-reference.com/boxscores/201703080IND.html,"8:00 PM, March 8, 2017",Indiana Pacers,Detroit Pistons,115,98,DET,,,Team Totals,240,39,89,.438,7,26,.269,13,22,.591,11,34,45,20,4,4,10,18,98,,,Team Totals,240,.497,.478,.292,.247,22.9,79.1,49.5,51.3,4.3,6.2,9.2,100.0,105.2,123.5,
https://www.basketball-reference.com/boxscores/201703080IND.html,"8:00 PM, March 8, 2017",Indiana Pacers,Detroit Pistons,115,98,IND,,,Team Totals,240,44,88,.500,11,23,.478,16,19,.842,9,37,46,27,3,2,5,18,115,,,Team Totals,240,.597,.563,.261,.216,20.9,77.1,50.5,61.4,3.2,3.2,4.9,100.0,123.5,105.2,
https://www.basketball-reference.com/boxscores/201703080MIA.html,"7:30 PM, March 8, 2017",Miami Heat,Charlotte Hornets,108,101,CHO,,,Team Totals,240,37,80,.463,7,21,.333,20,21,.952,6,33,39,14,7,8,12,17,101,,,Team Totals,240,.566,.506,.263,.263,15.4,71.7,45.9,37.8,7.5,18.2,11.9,100.0,108.4,115.9,
https://www.basketball-reference.com/boxscores/201703080MIA.html,"7:30 PM, March 8, 2017",Miami Heat,Charlotte Hornets,108,101,MIA,,,Team Totals,240,37,85,.435,17,41,.415,17,24,.708,13,33,46,22,8,7,13,18,108,,,Team Totals,240,.565,.535,.482,.282,28.3,84.6,54.1,59.5,8.6,11.9,12.0,100.0,115.9,108.4,
https://www.basketball-reference.com/boxscores/201703080MIL.html,"8:00 PM, March 8, 2017",Milwaukee Bucks,New York Knicks,104,93,NYK,,,Team Totals,240,39,84,.464,7,21,.333,8,12,.667,10,33,43,22,4,6,16,20,93,,,Team Totals,240,.521,.506,.250,.143,22.7,73.3,48.3,56.4,4.3,10.0,15.2,100.0,100.5,112.4,
https://www.basketball-reference.com/boxscores/201703080MIL.html,"8:00 PM, March 8, 2017",Milwaukee Bucks,New York Knicks,104,93,MIL,,,Team Totals,240,37,86,.430,8,26,.308,22,28,.786,12,34,46,26,9,4,8,13,104,,,Team Totals,240,.529,.477,.302,.326,26.7,77.3,51.7,70.3,9.7,6.3,7.5,100.0,112.4,100.5,
https://www.basketball-reference.com/boxscores/201703080MIN.html,"8:00 PM, March 8, 2017",Minnesota Timberwolves,Los Angeles Clippers,107,91,LAC,,,Team Totals,240,35,83,.422,9,24,.375,12,18,.667,10,26,36,18,9,3,17,18,91,,,Team Totals,240,.500,.476,.289,.217,21.7,65.0,41.9,51.4,9.6,4.5,15.8,100.0,97.0,114.1,
https://www.basketball-reference.com/boxscores/201703080MIN.html,"8:00 PM, March 8, 2017",Minnesota Timberwolves,Los Angeles Clippers,107,91,MIN,,,Team Totals,240,42,86,.488,5,20,.250,18,20,.900,14,36,50,26,10,4,14,23,107,,,Team Totals,240,.564,.517,.233,.233,35.0,78.3,58.1,61.9,10.7,6.8,12.9,100.0,114.1,97.0,
https://www.basketball-reference.com/boxscores/201703080NOP.html,"8:00 PM, March 8, 2017",New Orleans Pelicans,Toronto Raptors,87,94,TOR,,,Team Totals,240,36,76,.474,8,21,.381,14,23,.609,8,34,42,21,6,6,12,18,94,,,Team Totals,240,.546,.526,.276,.303,20.0,81.0,51.2,58.3,6.7,11.8,12.2,100.0,105.3,97.5,
https://www.basketball-reference.com/boxscores/201703080NOP.html,"8:00 PM, March 8, 2017",New Orleans Pelicans,Toronto Raptors,87,94,NOP,,,Team Totals,240,34,80,.425,9,29,.310,10,13,.769,8,32,40,22,6,3,14,20,87,,,Team Totals,240,.507,.481,.363,.163,19.0,80.0,48.8,64.7,6.7,5.5,14.0,100.0,97.5,105.3,
https://www.basketball-reference.com/boxscores/201703080ORL.html,"7:00 PM, March 8, 2017",Orlando Magic,Chicago Bulls,98,91,CHI,,,Team Totals,240,36,81,.444,12,28,.429,7,11,.636,9,35,44,24,3,4,18,16,91,,,Team Totals,240,.530,.519,.346,.136,21.4,70.0,47.8,66.7,3.3,6.3,17.3,100.0,99.0,106.6,
https://www.basketball-reference.com/boxscores/201703080ORL.html,"7:00 PM, March 8, 2017",Orlando Magic,Chicago Bulls,98,91,ORL,,,Team Totals,240,37,89,.416,7,25,.280,17,21,.810,15,33,48,21,10,4,10,17,98,,,Team Totals,240,.499,.455,.281,.236,30.0,78.6,52.2,56.8,10.9,7.5,9.2,100.0,106.6,99.0,
https://www.basketball-reference.com/boxscores/201703080SAS.html,"8:30 PM, March 8, 2017",San Antonio Spurs,Sacramento Kings,114,104,SAC,,,Team Totals,240,42,86,.488,7,19,.368,13,16,.813,5,37,42,20,7,3,14,22,104,,,Team Totals,240,.559,.529,.221,.186,11.9,86.0,49.4,47.6,7.0,5.5,13.1,100.0,104.6,114.6,
https://www.basketball-reference.com/boxscores/201703080SAS.html,"8:30 PM, March 8, 2017",San Antonio Spurs,Sacramento Kings,114,104,SAS,,,Team Totals,240,42,84,.500,14,29,.483,16,21,.762,6,37,43,33,9,5,12,15,114,,,Team Totals,240,.611,.583,.345,.250,14.0,88.1,50.6,78.6,9.0,7.5,11.4,100.0,114.6,104.6,
https://www.basketball-reference.com/boxscores/201703090DET.html,"7:30 PM, March 9, 2017",Detroit Pistons,Cleveland Cavaliers,106,101,CLE,,,Team Totals,240,39,84,.464,11,39,.282,12,19,.632,8,34,42,24,4,1,10,17,101,,,Team Totals,240,.547,.530,.464,.226,19.0,75.6,48.3,61.5,4.4,1.6,9.8,100.0,109.9,115.4,
https://www.basketball-reference.com/boxscores/201703090DET.html,"7:30 PM, March 9, 2017",Detroit Pistons,Cleveland Cavaliers,106,101,DET,,,Team Totals,240,41,88,.466,9,26,.346,15,19,.789,11,34,45,22,6,1,8,15,106,,,Team Totals,240,.550,.517,.295,.216,24.4,81.0,51.7,53.7,6.5,2.2,7.7,100.0,115.4,109.9,
https://www.basketball-reference.com/boxscores/201703090MEM.html,"8:00 PM, March 9, 2017",Memphis Grizzlies,Los Angeles Clippers,98,114,LAC,,,Team Totals,240,40,78,.513,11,30,.367,23,28,.821,7,40,47,24,2,4,14,18,114,,,Team Totals,240,.631,.583,.385,.359,20.0,87.0,58.0,60.0,2.1,6.3,13.4,100.0,120.3,103.5,
https://www.basketball-reference.com/boxscores/201703090MEM.html,"8:00 PM, March 9, 2017",Memphis Grizzlies,Los Angeles Clippers,98,114,MEM,,,Team Totals,240,37,83,.446,7,20,.350,17,22,.773,6,28,34,26,6,2,9,22,98,,,Team Totals,240,.529,.488,.241,.265,13.0,80.0,42.0,70.3,6.3,4.2,8.9,100.0,103.5,120.3,
https://www.basketball-reference.com/boxscores/201703090OKC.html,"8:00 PM, March 9, 2017",Oklahoma City Thunder,San Antonio Spurs,102,92,SAS,,,Team Totals,240,35,84,.417,6,19,.316,16,20,.800,13,28,41,15,8,8,15,16,92,,,Team Totals,240,.496,.452,.226,.238,28.3,65.1,46.1,42.9,8.8,11.6,13.9,100.0,100.7,111.7,
https://www.basketball-reference.com/boxscores/201703090OKC.html,"8:00 PM, March 9, 2017",Oklahoma City Thunder,San Antonio Spurs,102,92,OKC,,,Team Totals,240,41,89,.461,6,20,.300,14,21,.667,15,33,48,23,10,3,11,22,102,,,Team Totals,240,.519,.494,.225,.236,34.9,71.7,53.9,56.1,10.9,4.6,10.1,100.0,111.7,100.7,
https://www.basketball-reference.com/boxscores/201703090PHO.html,"10:30 PM, March 9, 2017",Phoenix Suns,Los Angeles Lakers,110,122,LAL,,,Team Totals,240,47,98,.480,12,27,.444,16,24,.667,14,28,42,21,11,7,9,20,122,,,Team Totals,240,.562,.541,.276,.245,28.0,60.9,43.8,44.7,10.9,9.7,7.7,100.0,120.9,109.0,
https://www.basketball-reference.com/boxscores/201703090PHO.html,"10:30 PM, March 9, 2017",Phoenix Suns,Los Angeles Lakers,110,122,PHO,,,Team Totals,240,42,91,.462,6,19,.316,20,25,.800,18,36,54,20,7,10,20,24,110,,,Team Totals,240,.539,.495,.209,.275,39.1,72.0,56.3,47.6,6.9,14.1,16.4,100.0,109.0,120.9,
https://www.basketball-reference.com/boxscores/201703090POR.html,"10:00 PM, March 9, 2017",Portland Trail Blazers,Philadelphia 76ers,114,108,PHI,,,Team Totals,265,41,94,.436,11,29,.379,15,20,.750,12,32,44,18,10,3,17,29,108,,,Team Totals,265,.525,.495,.309,.213,23.5,66.7,44.4,43.9,9.6,4.5,14.2,100.0,103.5,109.2,
https://www.basketball-reference.com/boxscores/201703090POR.html,"10:00 PM, March 9, 2017",Portland Trail Blazers,Philadelphia 76ers,114,108,POR,,,Team Totals,265,40,88,.455,6,21,.286,28,33,.848,16,39,55,25,8,12,19,22,114,,,Team Totals,265,.556,.489,.239,.375,33.3,76.5,55.6,62.5,7.7,18.5,15.6,100.0,109.2,103.5,
https://www.basketball-reference.com/boxscores/201703100ATL.html,"8:00 PM, March 10, 2017",Atlanta Hawks,Toronto Raptors,105,99,TOR,,,Team Totals,240,37,92,.402,4,25,.160,21,27,.778,16,30,46,19,17,5,12,28,99,,,Team Totals,240,.477,.424,.272,.293,30.2,78.9,50.5,51.4,17.3,9.4,10.4,100.0,100.8,106.9,
https://www.basketball-reference.com/boxscores/201703100ATL.html,"8:00 PM, March 10, 2017",Atlanta Hawks,Toronto Raptors,105,99,ATL,,,Team Totals,240,39,75,.520,8,22,.364,19,29,.655,8,37,45,24,8,6,21,20,105,,,Team Totals,240,.598,.573,.293,.387,21.1,69.8,49.5,61.5,8.1,9.0,19.3,100.0,106.9,100.8,
https://www.basketball-reference.com/boxscores/201703100CHI.html,"8:00 PM, March 10, 2017",Chicago Bulls,Houston Rockets,94,115,HOU,,,Team Totals,240,37,89,.416,15,47,.319,26,32,.813,11,43,54,26,11,4,17,15,115,,,Team Totals,240,.558,.500,.528,.360,22.4,79.6,52.4,70.3,10.3,6.8,14.2,100.0,107.5,87.8,
https://www.basketball-reference.com/boxscores/201703100CHI.html,"8:00 PM, March 10, 2017",Chicago Bulls,Houston Rockets,94,115,CHI,,,Team Totals,240,38,98,.388,9,39,.231,9,12,.750,11,38,49,24,9,4,18,21,94,,,Team Totals,240,.455,.434,.398,.122,20.4,77.6,47.6,63.2,8.4,9.5,14.8,100.0,87.8,107.5,
https://www.basketball-reference.com/boxscores/201703100CHO.html,"7:00 PM, March 10, 2017",Charlotte Hornets,Orlando Magic,121,81,ORL,,,Team Totals,240,31,76,.408,5,27,.185,14,22,.636,8,23,31,19,4,2,11,24,81,,,Team Totals,240,.473,.441,.355,.289,17.8,79.3,41.9,61.3,4.6,3.4,11.4,100.0,93.0,139.0,
https://www.basketball-reference.com/boxscores/201703100CHO.html,"7:00 PM, March 10, 2017",Charlotte Hornets,Orlando Magic,121,81,CHO,,,Team Totals,240,47,79,.595,10,21,.476,17,20,.850,6,37,43,34,6,5,7,17,121,,,Team Totals,240,.689,.658,.266,.253,20.7,82.2,58.1,72.3,6.9,10.2,7.4,100.0,139.0,93.0,
https://www.basketball-reference.com/boxscores/201703100DAL.html,"9:00 PM, March 10, 2017",Dallas Mavericks,Brooklyn Nets,105,96,BRK,,,Team Totals,240,34,78,.436,9,31,.290,19,23,.826,4,31,35,23,9,2,12,28,96,,,Team Totals,240,.545,.494,.397,.295,9.1,81.6,42.7,67.6,9.4,4.4,12.0,100.0,100.4,109.8,
https://www.basketball-reference.com/boxscores/201703100DAL.html,"9:00 PM, March 10, 2017",Dallas Mavericks,Brooklyn Nets,105,96,DAL,,,Team Totals,240,33,78,.423,14,33,.424,25,28,.893,7,40,47,16,5,0,16,18,105,,,Team Totals,240,.581,.513,.423,.359,18.4,90.9,57.3,48.5,5.2,0.0,15.0,100.0,109.8,100.4,
https://www.basketball-reference.com/boxscores/201703100DEN.html,"9:00 PM, March 10, 2017",Denver Nuggets,Boston Celtics,119,99,BOS,,,Team Totals,240,34,81,.420,12,33,.364,19,23,.826,9,25,34,19,11,2,18,23,99,,,Team Totals,240,.543,.494,.407,.284,18.8,69.4,40.5,55.9,11.1,3.7,16.5,100.0,99.8,119.9,
https://www.basketball-reference.com/boxscores/201703100DEN.html,"9:00 PM, March 10, 2017",Denver Nuggets,Boston Celtics,119,99,DEN,,,Team Totals,240,45,85,.529,12,31,.387,17,22,.773,11,39,50,24,11,4,19,18,119,,,Team Totals,240,.628,.600,.365,.259,30.6,81.3,59.5,53.3,11.1,8.3,16.7,100.0,119.9,99.8,
https://www.basketball-reference.com/boxscores/201703100MIL.html,"8:00 PM, March 10, 2017",Milwaukee Bucks,Indiana Pacers,99,85,IND,,,Team Totals,240,33,75,.440,2,18,.111,17,22,.773,8,28,36,15,14,3,20,24,85,,,Team Totals,240,.502,.453,.240,.293,21.6,84.8,51.4,45.5,15.0,6.4,19.1,100.0,90.9,105.8,
https://www.basketball-reference.com/boxscores/201703100MIL.html,"8:00 PM, March 10, 2017",Milwaukee Bucks,Indiana Pacers,99,85,MIL,,,Team Totals,240,33,64,.516,7,17,.412,26,30,.867,5,29,34,17,13,6,22,21,99,,,Team Totals,240,.641,.570,.266,.469,15.2,78.4,48.6,51.5,13.9,10.5,22.2,100.0,105.8,90.9,
https://www.basketball-reference.com/boxscores/201703100MIN.html,"8:00 PM, March 10, 2017",Minnesota Timberwolves,Golden State Warriors,103,102,GSW,,,Team Totals,240,41,88,.466,7,24,.292,13,17,.765,12,31,43,25,9,5,12,21,102,,,Team Totals,240,.534,.506,.273,.193,27.3,68.9,48.3,61.0,9.6,6.8,11.2,100.0,109.3,110.4,
https://www.basketball-reference.com/boxscores/201703100MIN.html,"8:00 PM, March 10, 2017",Minnesota Timberwolves,Golden State Warriors,103,102,MIN,,,Team Totals,240,39,88,.443,4,14,.286,21,27,.778,14,32,46,21,6,3,11,18,103,,,Team Totals,240,.516,.466,.159,.307,31.1,72.7,51.7,53.8,6.4,4.7,9.9,100.0,110.4,109.3,
https://www.basketball-reference.com/boxscores/201703100SAC.html,"10:30 PM, March 10, 2017",Sacramento Kings,Washington Wizards,122,130,WAS,,,Team Totals,265,52,104,.500,9,26,.346,17,19,.895,12,40,52,29,7,5,11,22,130,,,Team Totals,265,.578,.543,.250,.183,27.3,83.3,56.5,55.8,6.6,7.2,8.9,100.0,122.0,114.5,
https://www.basketball-reference.com/boxscores/201703100SAC.html,"10:30 PM, March 10, 2017",Sacramento Kings,Washington Wizards,122,130,SAC,,,Team Totals,265,44,92,.478,12,23,.522,22,28,.786,8,32,40,27,5,1,11,21,122,,,Team Totals,265,.585,.543,.250,.304,16.7,72.7,43.5,61.4,4.7,1.3,9.5,100.0,114.5,122.0,
https://www.basketball-reference.com/boxscores/201703110CHO.html,"7:00 PM, March 11, 2017",Charlotte Hornets,New Orleans Pelicans,122,125,NOP,,,Team Totals,265,50,99,.505,14,34,.412,11,16,.688,9,38,47,33,4,4,10,16,125,,,Team Totals,265,.589,.576,.343,.162,18.8,77.6,48.5,66.0,3.8,7.1,8.6,100.0,117.9,115.0,
https://www.basketball-reference.com/boxscores/201703110CHO.html,"7:00 PM, March 11, 2017",Charlotte Hornets,New Orleans Pelicans,122,125,CHO,,,Team Totals,265,46,102,.451,13,46,.283,17,20,.850,11,39,50,32,5,1,10,14,122,,,Team Totals,265,.551,.515,.451,.196,22.4,81.3,51.5,69.6,4.7,1.5,8.3,100.0,115.0,117.9,
https://www.basketball-reference.com/boxscores/201703110DAL.html,"9:00 PM, March 11, 2017",Dallas Mavericks,Phoenix Suns,98,100,PHO,,,Team Totals,240,38,83,.458,6,21,.286,18,20,.900,5,35,40,18,5,7,11,24,100,,,Team Totals,240,.545,.494,.253,.241,11.6,77.8,45.5,47.4,5.4,14.6,10.7,100.0,107.0,104.9,
https://www.basketball-reference.com/boxscores/201703110DAL.html,"9:00 PM, March 11, 2017",Dallas Mavericks,Phoenix Suns,98,100,DAL,,,Team Totals,240,28,74,.378,9,26,.346,33,36,.917,10,38,48,17,2,4,13,17,98,,,Team Totals,240,.545,.439,.351,.486,22.2,88.4,54.5,60.7,2.1,6.5,12.6,100.0,104.9,107.0,
https://www.basketball-reference.com/boxscores/201703110DET.html,"5:00 PM, March 11, 2017",Detroit Pistons,New York Knicks,112,92,NYK,,,Team Totals,240,36,82,.439,13,30,.433,7,11,.636,8,36,44,26,4,7,18,18,92,,,Team Totals,240,.530,.518,.366,.134,17.8,72.0,46.3,72.2,4.2,10.1,17.2,100.0,96.2,117.1,
https://www.basketball-reference.com/boxscores/201703110DET.html,"5:00 PM, March 11, 2017",Detroit Pistons,New York Knicks,112,92,DET,,,Team Totals,240,46,96,.479,9,27,.333,11,19,.579,14,37,51,27,14,6,7,15,112,,,Team Totals,240,.537,.526,.281,.198,28.0,82.2,53.7,58.7,14.6,11.5,6.3,100.0,117.1,96.2,
https://www.basketball-reference.com/boxscores/201703110LAC.html,"3:30 PM, March 11, 2017",Los Angeles Clippers,Philadelphia 76ers,112,100,PHI,,,Team Totals,240,40,84,.476,10,30,.333,10,14,.714,7,34,41,28,11,1,16,23,100,,,Team Totals,240,.555,.536,.357,.167,17.5,81.0,50.0,70.0,11.3,1.8,15.1,100.0,102.8,115.1,
https://www.basketball-reference.com/boxscores/201703110LAC.html,"3:30 PM, March 11, 2017",Los Angeles Clippers,Philadelphia 76ers,112,100,LAC,,,Team Totals,240,40,81,.494,8,25,.320,24,29,.828,8,33,41,25,13,3,13,13,112,,,Team Totals,240,.597,.543,.309,.358,19.0,82.5,50.0,62.5,13.4,5.6,12.2,100.0,115.1,102.8,
https://www.basketball-reference.com/boxscores/201703110MEM.html,"9:00 PM, March 11, 2017",Memphis Grizzlies,Atlanta Hawks,90,107,ATL,,,Team Totals,240,36,72,.500,15,30,.500,20,26,.769,6,40,46,22,9,6,18,23,107,,,Team Totals,240,.641,.604,.417,.361,17.6,75.5,52.9,61.1,9.4,9.8,17.7,100.0,112.0,94.2,
https://www.basketball-reference.com/boxscores/201703110MEM.html,"9:00 PM, March 11, 2017",Memphis Grizzlies,Atlanta Hawks,90,107,MEM,,,Team Totals,240,34,90,.378,5,29,.172,17,23,.739,13,28,41,22,11,3,13,21,90,,,Team Totals,240,.449,.406,.322,.256,24.5,82.4,47.1,64.7,11.5,7.1,11.5,100.0,94.2,112.0,
https://www.basketball-reference.com/boxscores/201703110MIA.html,"8:00 PM, March 11, 2017",Miami Heat,Toronto Raptors,104,89,TOR,,,Team Totals,240,33,88,.375,2,15,.133,21,25,.840,16,32,48,7,6,5,13,20,89,,,Team Totals,240,.449,.386,.170,.284,33.3,91.4,57.8,21.2,6.5,11.4,11.6,100.0,96.1,112.3,
https://www.basketball-reference.com/boxscores/201703110MIA.html,"8:00 PM, March 11, 2017",Miami Heat,Toronto Raptors,104,89,MIA,,,Team Totals,240,35,72,.486,11,28,.393,23,33,.697,3,32,35,21,8,10,12,19,104,,,Team Totals,240,.601,.563,.389,.458,8.6,66.7,42.2,60.0,8.6,13.7,12.2,100.0,112.3,96.1,
https://www.basketball-reference.com/boxscores/201703110MIL.html,"8:00 PM, March 11, 2017",Milwaukee Bucks,Minnesota Timberwolves,102,95,MIN,,,Team Totals,240,37,81,.457,5,13,.385,16,21,.762,11,27,38,21,4,4,13,22,95,,,Team Totals,240,.526,.488,.160,.259,27.5,71.1,48.7,56.8,4.5,6.7,12.6,100.0,106.5,114.4,
https://www.basketball-reference.com/boxscores/201703110MIL.html,"8:00 PM, March 11, 2017",Milwaukee Bucks,Minnesota Timberwolves,102,95,MIL,,,Team Totals,240,37,80,.463,8,20,.400,20,23,.870,11,29,40,19,5,6,13,23,102,,,Team Totals,240,.566,.513,.250,.288,28.9,72.5,51.3,51.4,5.6,8.8,12.6,100.0,114.4,106.5,
https://www.basketball-reference.com/boxscores/201703110OKC.html,"3:00 PM, March 11, 2017",Oklahoma City Thunder,Utah Jazz,112,104,UTA,,,Team Totals,240,36,75,.480,9,20,.450,23,28,.821,7,29,36,15,9,2,13,17,104,,,Team Totals,240,.596,.540,.267,.373,18.4,70.7,45.6,41.7,9.7,3.2,13.0,100.0,112.0,120.7,
https://www.basketball-reference.com/boxscores/201703110OKC.html,"3:00 PM, March 11, 2017",Oklahoma City Thunder,Utah Jazz,112,104,OKC,,,Team Totals,240,43,86,.500,8,23,.348,18,24,.750,12,31,43,23,7,7,12,20,112,,,Team Totals,240,.580,.547,.267,.279,29.3,81.6,54.4,53.5,7.5,12.7,11.1,100.0,120.7,112.0,
https://www.basketball-reference.com/boxscores/201703110ORL.html,"7:00 PM, March 11, 2017",Orlando Magic,Cleveland Cavaliers,104,116,CLE,,,Team Totals,240,43,86,.500,15,39,.385,15,25,.600,9,43,52,30,1,6,9,18,116,,,Team Totals,240,.598,.587,.453,.291,19.1,75.4,50.0,69.8,1.0,8.0,8.5,100.0,120.1,107.7,
https://www.basketball-reference.com/boxscores/201703110ORL.html,"7:00 PM, March 11, 2017",Orlando Magic,Cleveland Cavaliers,104,116,ORL,,,Team Totals,240,38,96,.396,4,21,.190,24,28,.857,14,38,52,17,6,1,5,21,104,,,Team Totals,240,.480,.417,.219,.292,24.6,80.9,50.0,44.7,6.2,2.1,4.4,100.0,107.7,120.1,
https://www.basketball-reference.com/boxscores/201703110POR.html,"10:00 PM, March 11, 2017",Portland Trail Blazers,Washington Wizards,124,125,WAS,,,Team Totals,265,47,90,.522,12,25,.480,19,28,.679,9,37,46,27,5,4,13,20,125,,,Team Totals,265,.611,.589,.278,.311,20.0,84.1,51.7,57.4,4.7,6.5,11.3,100.0,117.6,116.7,
https://www.basketball-reference.com/boxscores/201703110POR.html,"10:00 PM, March 11, 2017",Portland Trail Blazers,Washington Wizards,124,125,POR,,,Team Totals,265,48,94,.511,16,32,.500,12,16,.750,7,36,43,26,4,5,15,19,124,,,Team Totals,265,.614,.596,.340,.170,15.9,80.0,48.3,54.2,3.8,7.7,12.9,100.0,116.7,117.6,
https://www.basketball-reference.com/boxscores/201703110SAC.html,"10:30 PM, March 11, 2017",Sacramento Kings,Denver Nuggets,92,105,DEN,,,Team Totals,240,40,85,.471,9,34,.265,16,18,.889,9,35,44,21,8,8,9,16,105,,,Team Totals,240,.565,.524,.400,.212,22.5,77.8,51.8,52.5,8.8,13.6,8.8,100.0,115.1,100.9,
https://www.basketball-reference.com/boxscores/201703110SAC.html,"10:30 PM, March 11, 2017",Sacramento Kings,Denver Nuggets,92,105,SAC,,,Team Totals,240,36,82,.439,8,23,.348,12,20,.600,10,31,41,24,4,2,13,15,92,,,Team Totals,240,.507,.488,.280,.244,22.2,77.5,48.2,66.7,4.4,3.9,12.5,100.0,100.9,115.1,
https://www.basketball-reference.com/boxscores/201703110SAS.html,"8:30 PM, March 11, 2017",San Antonio Spurs,Golden State Warriors,107,85,GSW,,,Team Totals,240,33,92,.359,5,17,.294,14,23,.609,20,29,49,19,10,4,15,16,85,,,Team Totals,240,.416,.386,.185,.250,33.9,80.6,51.6,57.6,10.5,8.0,12.8,100.0,88.9,111.9,
https://www.basketball-reference.com/boxscores/201703110SAS.html,"8:30 PM, March 11, 2017",San Antonio Spurs,Golden State Warriors,107,85,SAS,,,Team Totals,240,40,77,.519,12,27,.444,15,18,.833,7,39,46,27,6,7,20,18,107,,,Team Totals,240,.630,.597,.351,.234,19.4,66.1,48.4,67.5,6.3,9.3,19.1,100.0,111.9,88.9,
https://www.basketball-reference.com/boxscores/201703120BOS.html,"3:30 PM, March 12, 2017",Boston Celtics,Chicago Bulls,100,80,CHI,,,Team Totals,240,33,87,.379,7,25,.280,7,9,.778,12,28,40,18,13,3,19,10,80,,,Team Totals,240,.440,.420,.287,.103,23.5,70.0,44.0,54.5,13.7,6.1,17.3,100.0,84.3,105.4,
https://www.basketball-reference.com/boxscores/201703120BOS.html,"3:30 PM, March 12, 2017",Boston Celtics,Chicago Bulls,100,80,BOS,,,Team Totals,240,40,86,.465,16,37,.432,4,4,1.000,12,39,51,22,14,5,21,14,100,,,Team Totals,240,.570,.558,.430,.047,30.0,76.5,56.0,55.0,14.7,8.1,19.3,100.0,105.4,84.3,
https://www.basketball-reference.com/boxscores/201703120BRK.html,"6:00 PM, March 12, 2017",Brooklyn Nets,New York Knicks,120,112,NYK,,,Team Totals,240,39,94,.415,8,23,.348,26,32,.813,11,32,43,22,5,8,9,20,112,,,Team Totals,240,.518,.457,.245,.340,20.8,71.1,43.9,56.4,4.9,16.3,7.7,100.0,110.0,117.8,
https://www.basketball-reference.com/boxscores/201703120BRK.html,"6:00 PM, March 12, 2017",Brooklyn Nets,New York Knicks,120,112,BRK,,,Team Totals,240,40,87,.460,19,38,.500,21,29,.724,13,42,55,23,7,3,16,23,120,,,Team Totals,240,.601,.569,.437,.333,28.9,79.2,56.1,57.5,6.9,4.2,13.8,100.0,117.8,110.0,
https://www.basketball-reference.com/boxscores/201703120HOU.html,"9:00 PM, March 12, 2017",Houston Rockets,Cleveland Cavaliers,117,112,CLE,,,Team Totals,240,42,80,.525,17,43,.395,11,13,.846,4,34,38,24,3,7,15,23,112,,,Team Totals,240,.653,.631,.538,.163,11.1,63.0,42.2,57.1,3.2,13.7,14.9,100.0,119.7,125.1,
https://www.basketball-reference.com/boxscores/201703120HOU.html,"9:00 PM, March 12, 2017",Houston Rockets,Cleveland Cavaliers,117,112,HOU,,,Team Totals,240,41,96,.427,16,45,.356,19,28,.679,20,32,52,25,10,4,6,17,117,,,Team Totals,240,.540,.510,.469,.292,37.0,88.9,57.8,61.0,10.7,10.8,5.2,100.0,125.1,119.7,
https://www.basketball-reference.com/boxscores/201703120IND.html,"6:00 PM, March 12, 2017",Indiana Pacers,Miami Heat,102,98,MIA,,,Team Totals,240,39,94,.415,9,32,.281,11,16,.688,19,35,54,18,4,4,12,22,98,,,Team Totals,240,.485,.463,.340,.170,35.2,76.1,54.0,46.2,4.4,6.0,10.6,100.0,106.8,111.2,
https://www.basketball-reference.com/boxscores/201703120IND.html,"6:00 PM, March 12, 2017",Indiana Pacers,Miami Heat,102,98,IND,,,Team Totals,240,35,82,.427,5,15,.333,27,32,.844,11,35,46,12,2,4,9,15,102,,,Team Totals,240,.531,.457,.183,.390,23.9,64.8,46.0,34.3,2.2,6.5,8.6,100.0,111.2,106.8,
https://www.basketball-reference.com/boxscores/201703120LAL.html,"9:30 PM, March 12, 2017",Los Angeles Lakers,Philadelphia 76ers,116,118,PHI,,,Team Totals,240,41,79,.519,10,24,.417,26,32,.813,4,30,34,28,8,4,16,24,118,,,Team Totals,240,.634,.582,.304,.405,10.8,81.1,45.9,68.3,7.7,5.9,14.7,100.0,113.1,111.2,
https://www.basketball-reference.com/boxscores/201703120LAL.html,"9:30 PM, March 12, 2017",Los Angeles Lakers,Philadelphia 76ers,116,118,LAL,,,Team Totals,240,44,88,.500,4,20,.200,24,28,.857,7,33,40,24,10,10,15,21,116,,,Team Totals,240,.578,.523,.227,.318,18.9,89.2,54.1,54.5,9.6,18.2,13.0,100.0,111.2,113.1,
https://www.basketball-reference.com/boxscores/201703120PHO.html,"9:00 PM, March 12, 2017",Phoenix Suns,Portland Trail Blazers,101,110,POR,,,Team Totals,240,43,86,.500,7,22,.318,17,25,.680,9,40,49,14,7,5,14,24,110,,,Team Totals,240,.567,.541,.256,.291,20.5,87.0,54.4,32.6,6.9,6.3,12.6,100.0,107.7,98.9,
https://www.basketball-reference.com/boxscores/201703120PHO.html,"9:00 PM, March 12, 2017",Phoenix Suns,Portland Trail Blazers,101,110,PHO,,,Team Totals,240,41,93,.441,5,14,.357,14,20,.700,6,35,41,20,5,3,10,21,101,,,Team Totals,240,.496,.468,.151,.215,13.0,79.5,45.6,48.8,4.9,4.7,8.9,100.0,98.9,107.7,
https://www.basketball-reference.com/boxscores/201703130CHO.html,"7:00 PM, March 13, 2017",Charlotte Hornets,Chicago Bulls,109,115,CHI,,,Team Totals,240,41,92,.446,14,40,.350,19,22,.864,12,38,50,29,6,5,10,20,115,,,Team Totals,240,.565,.522,.435,.239,26.7,77.6,53.2,70.7,6.3,7.8,9.0,100.0,120.5,114.2,
https://www.basketball-reference.com/boxscores/201703130CHO.html,"7:00 PM, March 13, 2017",Charlotte Hornets,Chicago Bulls,109,115,CHO,,,Team Totals,240,43,93,.462,7,29,.241,16,19,.842,11,33,44,25,4,3,6,18,109,,,Team Totals,240,.538,.500,.312,.204,22.4,73.3,46.8,58.1,4.2,5.8,5.6,100.0,114.2,120.5,
https://www.basketball-reference.com/boxscores/201703130DEN.html,"10:30 PM, March 13, 2017",Denver Nuggets,Los Angeles Lakers,129,101,LAL,,,Team Totals,240,42,97,.433,6,20,.300,11,19,.579,16,30,46,17,10,3,16,21,101,,,Team Totals,240,.479,.464,.206,.196,30.8,83.3,52.3,40.5,9.7,6.5,13.2,100.0,98.3,125.5,
https://www.basketball-reference.com/boxscores/201703130DEN.html,"10:30 PM, March 13, 2017",Denver Nuggets,Los Angeles Lakers,129,101,DEN,,,Team Totals,240,45,84,.536,17,38,.447,22,25,.880,6,36,42,36,9,7,16,18,129,,,Team Totals,240,.679,.637,.452,.298,16.7,69.2,47.7,80.0,8.8,9.1,14.4,100.0,125.5,98.3,
https://www.basketball-reference.com/boxscores/201703130MEM.html,"8:00 PM, March 13, 2017",Memphis Grizzlies,Milwaukee Bucks,113,93,MIL,,,Team Totals,240,31,67,.463,14,26,.538,17,20,.850,8,24,32,21,6,5,17,21,93,,,Team Totals,240,.613,.567,.388,.299,23.5,68.6,46.4,67.7,7.0,9.6,18.3,100.0,109.2,132.7,
https://www.basketball-reference.com/boxscores/201703130MEM.html,"8:00 PM, March 13, 2017",Memphis Grizzlies,Milwaukee Bucks,113,93,MEM,,,Team Totals,240,41,79,.519,14,27,.519,17,23,.739,11,26,37,30,11,0,12,20,113,,,Team Totals,240,.634,.608,.342,.291,31.4,76.5,53.6,73.2,12.9,0.0,11.9,100.0,132.7,109.2,
https://www.basketball-reference.com/boxscores/201703130MIN.html,"8:00 PM, March 13, 2017",Minnesota Timberwolves,Washington Wizards,119,104,WAS,,,Team Totals,240,36,84,.429,7,26,.269,25,31,.806,8,30,38,15,10,2,15,25,104,,,Team Totals,240,.533,.470,.310,.369,17.4,78.9,45.2,41.7,9.9,3.1,13.3,100.0,102.4,117.2,
https://www.basketball-reference.com/boxscores/201703130MIN.html,"8:00 PM, March 13, 2017",Minnesota Timberwolves,Washington Wizards,119,104,MIN,,,Team Totals,240,45,86,.523,10,21,.476,19,22,.864,8,38,46,27,8,7,15,24,119,,,Team Totals,240,.622,.581,.244,.256,21.1,82.6,54.8,60.0,7.9,12.1,13.6,100.0,117.2,102.4,
https://www.basketball-reference.com/boxscores/201703130SAC.html,"10:30 PM, March 13, 2017",Sacramento Kings,Orlando Magic,120,115,ORL,,,Team Totals,240,45,98,.459,13,34,.382,12,12,1.000,9,35,44,32,10,4,12,18,115,,,Team Totals,240,.557,.526,.347,.122,18.8,94.6,51.8,71.1,9.6,7.7,10.4,100.0,110.9,115.7,
https://www.basketball-reference.com/boxscores/201703130SAC.html,"10:30 PM, March 13, 2017",Sacramento Kings,Orlando Magic,120,115,SAC,,,Team Totals,240,44,82,.537,16,30,.533,16,21,.762,2,39,41,24,8,6,15,14,120,,,Team Totals,240,.658,.634,.366,.256,5.4,81.3,48.2,54.5,7.7,9.4,14.1,100.0,115.7,110.9,
https://www.basketball-reference.com/boxscores/201703130SAS.html,"8:00 PM, March 13, 2017",San Antonio Spurs,Atlanta Hawks,107,99,ATL,,,Team Totals,240,37,81,.457,6,22,.273,19,30,.633,6,30,36,27,13,3,16,20,99,,,Team Totals,240,.525,.494,.272,.370,14.0,81.1,45.0,73.0,12.7,6.4,14.5,100.0,96.7,104.5,
https://www.basketball-reference.com/boxscores/201703130SAS.html,"8:00 PM, March 13, 2017",San Antonio Spurs,Atlanta Hawks,107,99,SAS,,,Team Totals,240,39,81,.481,16,34,.471,13,17,.765,7,37,44,31,6,9,23,22,107,,,Team Totals,240,.605,.580,.420,.210,18.9,86.0,55.0,79.5,5.9,15.3,20.6,100.0,104.5,96.7,
https://www.basketball-reference.com/boxscores/201703130TOR.html,"7:30 PM, March 13, 2017",Toronto Raptors,Dallas Mavericks,100,78,DAL,,,Team Totals,240,31,85,.365,7,25,.280,9,13,.692,7,27,34,21,4,6,7,19,78,,,Team Totals,240,.430,.406,.294,.153,13.2,75.0,38.2,67.7,4.5,11.3,7.2,100.0,87.7,112.5,
https://www.basketball-reference.com/boxscores/201703130TOR.html,"7:30 PM, March 13, 2017",Toronto Raptors,Dallas Mavericks,100,78,TOR,,,Team Totals,240,37,78,.474,9,25,.360,17,18,.944,9,46,55,19,7,6,14,16,100,,,Team Totals,240,.582,.532,.321,.231,25.0,86.8,61.8,51.4,7.9,10.0,14.0,100.0,112.5,87.7,
https://www.basketball-reference.com/boxscores/201703130UTA.html,"9:00 PM, March 13, 2017",Utah Jazz,Los Angeles Clippers,114,108,LAC,,,Team Totals,240,39,78,.500,12,30,.400,18,23,.783,3,25,28,16,4,2,6,22,108,,,Team Totals,240,.613,.577,.385,.295,8.1,75.8,40.0,41.0,4.5,3.5,6.4,100.0,122.7,129.5,
https://www.basketball-reference.com/boxscores/201703130UTA.html,"9:00 PM, March 13, 2017",Utah Jazz,Los Angeles Clippers,114,108,UTA,,,Team Totals,240,41,78,.526,14,21,.667,18,22,.818,8,34,42,22,1,3,9,22,114,,,Team Totals,240,.650,.615,.269,.282,24.2,91.9,60.0,53.7,1.1,6.3,9.3,100.0,129.5,122.7,
https://www.basketball-reference.com/boxscores/201703140BRK.html,"7:30 PM, March 14, 2017",Brooklyn Nets,Oklahoma City Thunder,104,122,OKC,,,Team Totals,240,44,89,.494,10,22,.455,24,34,.706,13,31,44,30,13,6,13,27,122,,,Team Totals,240,.587,.551,.247,.382,31.7,88.6,57.9,68.2,13.1,12.8,11.1,100.0,122.8,104.7,
https://www.basketball-reference.com/boxscores/201703140BRK.html,"7:30 PM, March 14, 2017",Brooklyn Nets,Oklahoma City Thunder,104,122,BRK,,,Team Totals,240,33,71,.465,12,24,.500,26,30,.867,4,28,32,20,6,6,20,23,104,,,Team Totals,240,.618,.549,.338,.423,11.4,68.3,42.1,60.6,6.0,9.0,19.2,100.0,104.7,122.8,
https://www.basketball-reference.com/boxscores/201703140CLE.html,"7:00 PM, March 14, 2017",Cleveland Cavaliers,Detroit Pistons,128,96,DET,,,Team Totals,240,37,99,.374,4,19,.211,18,19,.947,16,29,45,20,6,1,8,19,96,,,Team Totals,240,.447,.394,.192,.192,29.6,90.6,52.3,54.1,6.4,2.1,6.9,100.0,102.7,136.9,
https://www.basketball-reference.com/boxscores/201703140CLE.html,"7:00 PM, March 14, 2017",Cleveland Cavaliers,Detroit Pistons,128,96,CLE,,,Team Totals,240,46,77,.597,19,30,.633,17,23,.739,3,38,41,29,4,3,9,18,128,,,Team Totals,240,.735,.721,.390,.299,9.4,70.4,47.7,63.0,4.3,3.8,9.4,100.0,136.9,102.7,
https://www.basketball-reference.com/boxscores/201703140GSW.html,"10:30 PM, March 14, 2017",Golden State Warriors,Philadelphia 76ers,106,104,PHI,,,Team Totals,240,39,89,.438,8,27,.296,18,27,.667,13,39,52,28,10,10,23,26,104,,,Team Totals,240,.515,.483,.303,.303,30.2,75.0,54.7,71.8,9.4,17.9,18.6,100.0,98.3,100.2,
https://www.basketball-reference.com/boxscores/201703140GSW.html,"10:30 PM, March 14, 2017",Golden State Warriors,Philadelphia 76ers,106,104,GSW,,,Team Totals,240,32,88,.364,14,32,.438,28,35,.800,13,30,43,24,12,11,18,24,106,,,Team Totals,240,.513,.443,.364,.398,25.0,69.8,45.3,75.0,11.3,17.7,14.8,100.0,100.2,98.3,
https://www.basketball-reference.com/boxscores/201703140NOP.html,"8:00 PM, March 14, 2017",New Orleans Pelicans,Portland Trail Blazers,100,77,POR,,,Team Totals,240,23,76,.303,11,32,.344,20,26,.769,8,40,48,13,3,1,16,20,77,,,Team Totals,240,.440,.375,.421,.342,15.1,90.9,49.5,56.5,3.2,1.7,15.5,100.0,82.5,107.1,
https://www.basketball-reference.com/boxscores/201703140NOP.html,"8:00 PM, March 14, 2017",New Orleans Pelicans,Portland Trail Blazers,100,77,NOP,,,Team Totals,240,38,80,.475,6,21,.286,18,30,.600,4,45,49,19,10,8,5,18,100,,,Team Totals,240,.536,.513,.263,.375,9.1,84.9,50.5,50.0,10.7,18.2,5.1,100.0,107.1,82.5,
https://www.basketball-reference.com/boxscores/201703140NYK.html,"7:30 PM, March 14, 2017",New York Knicks,Indiana Pacers,87,81,IND,,,Team Totals,240,32,87,.368,8,29,.276,9,15,.600,14,39,53,16,6,3,16,14,81,,,Team Totals,240,.433,.414,.333,.172,25.5,78.0,50.5,50.0,6.5,5.5,14.6,100.0,87.1,93.6,
https://www.basketball-reference.com/boxscores/201703140NYK.html,"7:30 PM, March 14, 2017",New York Knicks,Indiana Pacers,87,81,NYK,,,Team Totals,240,35,83,.422,9,28,.321,8,13,.615,11,41,52,21,8,4,15,15,87,,,Team Totals,240,.490,.476,.337,.157,22.0,74.5,49.5,60.0,8.6,6.9,14.5,100.0,93.6,87.1,
https://www.basketball-reference.com/boxscores/201703150BOS.html,"7:30 PM, March 15, 2017",Boston Celtics,Minnesota Timberwolves,117,104,MIN,,,Team Totals,240,40,91,.440,8,27,.296,16,20,.800,15,27,42,26,4,1,8,21,104,,,Team Totals,240,.521,.484,.297,.220,31.9,84.4,53.2,65.0,4.4,2.2,7.4,100.0,114.9,129.3,
https://www.basketball-reference.com/boxscores/201703150BOS.html,"7:30 PM, March 15, 2017",Boston Celtics,Minnesota Timberwolves,117,104,BOS,,,Team Totals,240,43,79,.544,13,33,.394,18,21,.857,5,32,37,34,2,5,10,16,117,,,Team Totals,240,.663,.627,.418,.266,15.6,68.1,46.8,79.1,2.2,7.8,10.2,100.0,129.3,114.9,
https://www.basketball-reference.com/boxscores/201703150CHI.html,"8:00 PM, March 15, 2017",Chicago Bulls,Memphis Grizzlies,91,98,MEM,,,Team Totals,240,36,85,.424,11,31,.355,15,18,.833,14,38,52,26,2,3,11,19,98,,,Team Totals,240,.527,.488,.365,.212,31.1,73.1,53.6,72.2,2.3,4.8,10.6,100.0,113.0,104.9,
https://www.basketball-reference.com/boxscores/201703150CHI.html,"8:00 PM, March 15, 2017",Chicago Bulls,Memphis Grizzlies,91,98,CHI,,,Team Totals,240,34,91,.374,11,28,.393,12,15,.800,14,31,45,22,6,6,6,19,91,,,Team Totals,240,.466,.434,.308,.165,26.9,68.9,46.4,64.7,6.9,11.1,5.8,100.0,104.9,113.0,
https://www.basketball-reference.com/boxscores/201703150DET.html,"7:30 PM, March 15, 2017",Detroit Pistons,Utah Jazz,83,97,UTA,,,Team Totals,240,36,77,.468,13,28,.464,12,16,.750,6,37,43,28,6,5,17,15,97,,,Team Totals,240,.577,.552,.364,.208,16.2,82.2,52.4,77.8,6.5,6.8,16.8,100.0,105.7,90.4,
https://www.basketball-reference.com/boxscores/201703150DET.html,"7:30 PM, March 15, 2017",Detroit Pistons,Utah Jazz,83,97,DET,,,Team Totals,240,36,86,.419,3,13,.231,8,12,.667,8,31,39,14,6,4,9,18,83,,,Team Totals,240,.455,.436,.151,.140,17.8,83.8,47.6,38.9,6.5,8.2,9.0,100.0,90.4,105.7,
https://www.basketball-reference.com/boxscores/201703150HOU.html,"8:00 PM, March 15, 2017",Houston Rockets,Los Angeles Lakers,139,100,LAL,,,Team Totals,240,42,91,.462,3,25,.120,13,18,.722,9,29,38,16,10,0,23,25,100,,,Team Totals,240,.505,.478,.275,.198,19.6,69.0,43.2,38.1,9.0,0.0,18.9,100.0,90.0,125.1,
https://www.basketball-reference.com/boxscores/201703150HOU.html,"8:00 PM, March 15, 2017",Houston Rockets,Los Angeles Lakers,139,100,HOU,,,Team Totals,240,50,91,.549,18,43,.419,21,32,.656,13,37,50,37,13,4,21,21,139,,,Team Totals,240,.661,.648,.473,.352,31.0,80.4,56.8,74.0,11.7,6.1,16.7,100.0,125.1,90.0,
https://www.basketball-reference.com/boxscores/201703150IND.html,"7:00 PM, March 15, 2017",Indiana Pacers,Charlotte Hornets,98,77,CHO,,,Team Totals,240,32,80,.400,3,23,.130,10,13,.769,3,27,30,15,9,4,10,13,77,,,Team Totals,240,.449,.419,.288,.163,7.1,90.0,41.7,46.9,10.0,8.9,10.4,100.0,85.8,109.2,
https://www.basketball-reference.com/boxscores/201703150IND.html,"7:00 PM, March 15, 2017",Indiana Pacers,Charlotte Hornets,98,77,IND,,,Team Totals,240,39,73,.534,12,28,.429,8,9,.889,3,39,42,26,8,6,15,15,98,,,Team Totals,240,.637,.616,.384,.123,10.0,92.9,58.3,66.7,8.9,10.5,16.3,100.0,109.2,85.8,
https://www.basketball-reference.com/boxscores/201703150LAC.html,"10:30 PM, March 15, 2017",Los Angeles Clippers,Milwaukee Bucks,96,97,MIL,,,Team Totals,240,34,76,.447,10,29,.345,19,25,.760,4,32,36,22,8,2,11,25,97,,,Team Totals,240,.557,.513,.382,.329,10.0,84.2,46.2,64.7,8.5,3.9,11.2,100.0,103.0,101.9,
https://www.basketball-reference.com/boxscores/201703150LAC.html,"10:30 PM, March 15, 2017",Los Angeles Clippers,Milwaukee Bucks,96,97,LAC,,,Team Totals,240,35,75,.467,5,24,.208,21,29,.724,6,36,42,23,3,4,16,20,96,,,Team Totals,240,.547,.500,.320,.387,15.8,90.0,53.8,65.7,3.2,8.5,15.4,100.0,101.9,103.0,
https://www.basketball-reference.com/boxscores/201703150MIA.html,"7:30 PM, March 15, 2017",Miami Heat,New Orleans Pelicans,120,112,NOP,,,Team Totals,240,42,88,.477,9,22,.409,19,28,.679,8,30,38,21,9,5,15,13,112,,,Team Totals,240,.558,.528,.250,.318,19.5,71.4,45.8,50.0,8.9,9.6,13.0,100.0,110.9,118.8,
https://www.basketball-reference.com/boxscores/201703150MIA.html,"7:30 PM, March 15, 2017",Miami Heat,New Orleans Pelicans,120,112,MIA,,,Team Totals,240,44,87,.506,16,35,.457,16,19,.842,12,33,45,23,9,3,16,22,120,,,Team Totals,240,.629,.598,.402,.218,28.6,80.5,54.2,52.3,8.9,4.5,14.4,100.0,118.8,110.9,
https://www.basketball-reference.com/boxscores/201703150PHO.html,"10:00 PM, March 15, 2017",Phoenix Suns,Sacramento Kings,101,107,SAC,,,Team Totals,240,38,79,.481,6,14,.429,25,34,.735,8,40,48,22,8,11,18,18,107,,,Team Totals,240,.569,.519,.177,.430,20.5,71.4,50.5,57.9,7.7,13.4,16.1,100.0,103.1,97.3,
https://www.basketball-reference.com/boxscores/201703150PHO.html,"10:00 PM, March 15, 2017",Phoenix Suns,Sacramento Kings,101,107,PHO,,,Team Totals,240,43,107,.402,6,25,.240,9,14,.643,16,31,47,24,9,11,13,25,101,,,Team Totals,240,.446,.430,.234,.131,28.6,79.5,49.5,55.8,8.7,16.9,10.3,100.0,97.3,103.1,
https://www.basketball-reference.com/boxscores/201703150SAS.html,"8:00 PM, March 15, 2017",San Antonio Spurs,Portland Trail Blazers,106,110,POR,,,Team Totals,240,38,80,.475,9,22,.409,25,28,.893,8,31,39,21,10,1,11,16,110,,,Team Totals,240,.596,.531,.275,.350,20.5,75.6,48.8,55.3,10.6,1.6,10.6,100.0,116.4,112.2,
https://www.basketball-reference.com/boxscores/201703150SAS.html,"8:00 PM, March 15, 2017",San Antonio Spurs,Portland Trail Blazers,106,110,SAS,,,Team Totals,240,42,88,.477,11,26,.423,11,15,.733,10,31,41,28,7,5,14,20,106,,,Team Totals,240,.560,.540,.295,.170,24.4,79.5,51.3,66.7,7.4,8.6,12.9,100.0,112.2,116.4,
https://www.basketball-reference.com/boxscores/201703150WAS.html,"7:00 PM, March 15, 2017",Washington Wizards,Dallas Mavericks,107,112,DAL,,,Team Totals,240,40,79,.506,14,32,.438,18,25,.720,5,35,40,24,5,1,10,22,112,,,Team Totals,240,.622,.595,.405,.316,11.9,87.5,48.8,60.0,5.2,1.9,10.0,100.0,117.4,112.2,
https://www.basketball-reference.com/boxscores/201703150WAS.html,"7:00 PM, March 15, 2017",Washington Wizards,Dallas Mavericks,107,112,WAS,,,Team Totals,240,40,82,.488,12,30,.400,15,21,.714,5,37,42,30,4,1,12,23,107,,,Team Totals,240,.586,.561,.366,.256,12.5,88.1,51.2,75.0,4.2,2.1,11.6,100.0,112.2,117.4,
https://www.basketball-reference.com/boxscores/201703160ATL.html,"7:30 PM, March 16, 2017",Atlanta Hawks,Memphis Grizzlies,91,103,MEM,,,Team Totals,240,39,92,.424,10,28,.357,15,18,.833,16,32,48,29,7,5,12,25,103,,,Team Totals,240,.515,.478,.304,.196,34.8,80.0,55.8,74.4,7.6,11.4,10.7,100.0,111.3,98.3,
https://www.basketball-reference.com/boxscores/201703160ATL.html,"7:30 PM, March 16, 2017",Atlanta Hawks,Memphis Grizzlies,91,103,ATL,,,Team Totals,240,29,71,.408,8,27,.296,25,34,.735,8,30,38,19,6,9,18,17,91,,,Team Totals,240,.529,.465,.380,.479,20.0,65.2,44.2,65.5,6.5,14.1,17.3,100.0,98.3,111.3,
https://www.basketball-reference.com/boxscores/201703160CLE.html,"7:00 PM, March 16, 2017",Cleveland Cavaliers,Utah Jazz,91,83,UTA,,,Team Totals,240,34,82,.415,5,21,.238,10,14,.714,10,37,47,18,6,3,17,16,83,,,Team Totals,240,.471,.445,.256,.171,19.6,77.1,47.5,52.9,6.4,5.7,16.2,100.0,88.4,96.9,
https://www.basketball-reference.com/boxscores/201703160CLE.html,"7:00 PM, March 16, 2017",Cleveland Cavaliers,Utah Jazz,91,83,CLE,,,Team Totals,240,36,86,.419,9,33,.273,10,19,.526,11,41,52,14,6,2,12,12,91,,,Team Totals,240,.482,.471,.384,.221,22.9,80.4,52.5,38.9,6.4,3.3,11.3,100.0,96.9,88.4,
https://www.basketball-reference.com/boxscores/201703160DEN.html,"9:00 PM, March 16, 2017",Denver Nuggets,Los Angeles Clippers,129,114,LAC,,,Team Totals,240,44,84,.524,16,32,.500,10,15,.667,4,30,34,26,5,4,9,19,114,,,Team Totals,240,.629,.619,.381,.179,9.8,73.2,41.5,59.1,5.2,6.9,9.0,100.0,119.5,135.3,
https://www.basketball-reference.com/boxscores/201703160DEN.html,"9:00 PM, March 16, 2017",Denver Nuggets,Los Angeles Clippers,129,114,DEN,,,Team Totals,240,46,86,.535,15,28,.536,22,26,.846,11,37,48,31,7,2,11,14,129,,,Team Totals,240,.662,.622,.326,.302,26.8,90.2,58.5,67.4,7.3,3.8,10.1,100.0,135.3,119.5,
https://www.basketball-reference.com/boxscores/201703160GSW.html,"10:30 PM, March 16, 2017",Golden State Warriors,Orlando Magic,122,92,ORL,,,Team Totals,240,35,94,.372,7,27,.259,15,21,.714,16,33,49,15,7,4,21,21,92,,,Team Totals,240,.446,.410,.287,.223,28.6,82.5,51.0,42.9,6.7,6.6,16.9,100.0,88.6,117.5,
https://www.basketball-reference.com/boxscores/201703160GSW.html,"10:30 PM, March 16, 2017",Golden State Warriors,Orlando Magic,122,92,GSW,,,Team Totals,240,50,87,.575,10,26,.385,12,23,.522,7,40,47,36,14,9,13,18,122,,,Team Totals,240,.628,.632,.299,.264,17.5,71.4,49.0,72.0,13.5,13.4,11.8,100.0,117.5,88.6,
https://www.basketball-reference.com/boxscores/201703160NYK.html,"7:30 PM, March 16, 2017",New York Knicks,Brooklyn Nets,110,121,BRK,,,Team Totals,240,41,86,.477,10,32,.313,29,35,.829,13,38,51,19,5,2,15,23,121,,,Team Totals,240,.597,.535,.372,.407,31.0,88.4,60.0,46.3,5.0,2.9,12.9,100.0,121.2,110.2,
https://www.basketball-reference.com/boxscores/201703160NYK.html,"7:30 PM, March 16, 2017",New York Knicks,Brooklyn Nets,110,121,NYK,,,Team Totals,240,41,88,.466,3,18,.167,25,26,.962,5,29,34,20,6,4,7,26,110,,,Team Totals,240,.553,.483,.205,.295,11.6,69.0,40.0,48.8,6.0,7.4,6.6,100.0,110.2,121.2,
https://www.basketball-reference.com/boxscores/201703160TOR.html,"7:00 PM, March 16, 2017",Toronto Raptors,Oklahoma City Thunder,102,123,OKC,,,Team Totals,240,47,88,.534,14,25,.560,15,19,.789,10,37,47,33,10,1,18,22,123,,,Team Totals,240,.638,.614,.284,.216,27.8,86.0,59.5,70.2,9.9,1.6,15.7,100.0,121.9,101.1,
https://www.basketball-reference.com/boxscores/201703160TOR.html,"7:00 PM, March 16, 2017",Toronto Raptors,Oklahoma City Thunder,102,123,TOR,,,Team Totals,240,37,81,.457,5,20,.250,23,30,.767,6,26,32,15,10,10,14,20,102,,,Team Totals,240,.541,.488,.247,.370,14.0,72.2,40.5,40.5,9.9,15.9,12.9,100.0,101.1,121.9,
https://www.basketball-reference.com/boxscores/201703170BRK.html,"7:30 PM, March 17, 2017",Brooklyn Nets,Boston Celtics,95,98,BOS,,,Team Totals,240,34,85,.400,7,29,.241,23,29,.793,8,43,51,20,7,6,13,23,98,,,Team Totals,240,.501,.441,.341,.341,18.6,87.8,55.4,58.8,7.1,12.5,11.7,100.0,99.2,96.2,
https://www.basketball-reference.com/boxscores/201703170BRK.html,"7:30 PM, March 17, 2017",Brooklyn Nets,Boston Celtics,95,98,BRK,,,Team Totals,240,30,83,.361,11,35,.314,24,30,.800,6,35,41,23,7,7,10,25,95,,,Team Totals,240,.494,.428,.422,.361,12.2,81.4,44.6,76.7,7.1,12.5,9.4,100.0,96.2,99.2,
https://www.basketball-reference.com/boxscores/201703170DET.html,"7:30 PM, March 17, 2017",Detroit Pistons,Toronto Raptors,75,87,TOR,,,Team Totals,240,30,78,.385,9,27,.333,18,20,.900,8,45,53,19,5,2,12,21,87,,,Team Totals,240,.501,.442,.346,.256,17.8,78.9,52.0,63.3,5.5,3.2,12.1,100.0,96.1,82.8,
https://www.basketball-reference.com/boxscores/201703170DET.html,"7:30 PM, March 17, 2017",Detroit Pistons,Toronto Raptors,75,87,DET,,,Team Totals,240,29,83,.349,3,20,.150,14,21,.667,12,37,49,14,5,5,13,17,75,,,Team Totals,240,.407,.367,.241,.253,21.1,82.2,48.0,48.3,5.5,9.8,12.4,100.0,82.8,96.1,
https://www.basketball-reference.com/boxscores/201703170LAL.html,"10:30 PM, March 17, 2017",Los Angeles Lakers,Milwaukee Bucks,103,107,MIL,,,Team Totals,240,40,82,.488,4,24,.167,23,30,.767,10,33,43,22,7,9,15,25,107,,,Team Totals,240,.562,.512,.293,.366,25.6,75.0,51.8,55.0,7.2,16.4,13.6,100.0,110.0,105.9,
https://www.basketball-reference.com/boxscores/201703170LAL.html,"10:30 PM, March 17, 2017",Los Angeles Lakers,Milwaukee Bucks,103,107,LAL,,,Team Totals,240,38,84,.452,11,29,.379,16,26,.615,11,29,40,24,7,4,15,20,103,,,Team Totals,240,.540,.518,.345,.310,25.0,74.4,48.2,63.2,7.2,6.9,13.6,100.0,105.9,110.0,
https://www.basketball-reference.com/boxscores/201703170MIA.html,"8:00 PM, March 17, 2017",Miami Heat,Minnesota Timberwolves,123,105,MIN,,,Team Totals,240,41,82,.500,2,12,.167,21,22,.955,9,19,28,14,6,6,11,21,105,,,Team Totals,240,.573,.512,.146,.268,23.1,65.5,41.2,34.1,6.4,10.2,10.7,100.0,112.7,132.0,
https://www.basketball-reference.com/boxscores/201703170MIA.html,"8:00 PM, March 17, 2017",Miami Heat,Minnesota Timberwolves,123,105,MIA,,,Team Totals,240,50,85,.588,8,26,.308,15,19,.789,10,30,40,29,6,9,15,16,123,,,Team Totals,240,.659,.635,.306,.224,34.5,76.9,58.8,58.0,6.4,12.9,13.8,100.0,132.0,112.7,
https://www.basketball-reference.com/boxscores/201703170NOP.html,"8:00 PM, March 17, 2017",New Orleans Pelicans,Houston Rockets,128,112,HOU,,,Team Totals,240,37,91,.407,13,40,.325,25,32,.781,10,36,46,18,6,3,13,19,112,,,Team Totals,240,.533,.478,.440,.352,18.2,80.0,46.0,48.6,5.7,5.2,11.0,100.0,105.8,120.9,
https://www.basketball-reference.com/boxscores/201703170NOP.html,"8:00 PM, March 17, 2017",New Orleans Pelicans,Houston Rockets,128,112,NOP,,,Team Totals,240,49,92,.533,12,34,.353,18,24,.750,9,45,54,29,8,7,13,20,128,,,Team Totals,240,.624,.598,.370,.261,20.0,81.8,54.0,59.2,7.6,13.7,11.2,100.0,120.9,105.8,
https://www.basketball-reference.com/boxscores/201703170PHI.html,"7:00 PM, March 17, 2017",Philadelphia 76ers,Dallas Mavericks,116,74,DAL,,,Team Totals,240,30,87,.345,5,23,.217,9,17,.529,5,29,34,21,6,4,13,20,74,,,Team Totals,240,.392,.374,.264,.195,9.8,76.3,38.2,70.0,6.1,7.8,12.1,100.0,75.4,118.1,
https://www.basketball-reference.com/boxscores/201703170PHI.html,"7:00 PM, March 17, 2017",Philadelphia 76ers,Dallas Mavericks,116,74,PHI,,,Team Totals,240,42,80,.525,12,29,.414,20,23,.870,9,46,55,32,8,6,16,21,116,,,Team Totals,240,.644,.600,.363,.288,23.7,90.2,61.8,76.2,8.1,9.4,15.1,100.0,118.1,75.4,
https://www.basketball-reference.com/boxscores/201703170PHO.html,"10:00 PM, March 17, 2017",Phoenix Suns,Orlando Magic,103,109,ORL,,,Team Totals,240,42,96,.438,7,23,.304,18,21,.857,8,35,43,21,10,4,13,27,109,,,Team Totals,240,.518,.474,.240,.219,17.8,74.5,46.7,50.0,9.6,5.5,11.0,100.0,104.4,98.7,
https://www.basketball-reference.com/boxscores/201703170PHO.html,"10:00 PM, March 17, 2017",Phoenix Suns,Orlando Magic,103,109,PHO,,,Team Totals,240,38,87,.437,2,14,.143,25,30,.833,12,37,49,18,9,8,16,22,103,,,Team Totals,240,.514,.448,.161,.345,25.5,82.2,53.3,47.4,8.6,11.0,13.8,100.0,98.7,104.4,
https://www.basketball-reference.com/boxscores/201703170WAS.html,"7:00 PM, March 17, 2017",Washington Wizards,Chicago Bulls,112,107,CHI,,,Team Totals,240,44,88,.500,7,27,.259,12,18,.667,15,38,53,28,5,5,19,19,107,,,Team Totals,240,.558,.540,.307,.205,35.7,74.5,57.0,63.6,5.0,6.7,16.5,100.0,108.0,113.0,
https://www.basketball-reference.com/boxscores/201703170WAS.html,"7:00 PM, March 17, 2017",Washington Wizards,Chicago Bulls,112,107,WAS,,,Team Totals,240,46,101,.455,10,26,.385,10,12,.833,13,27,40,34,5,6,10,17,112,,,Team Totals,240,.527,.505,.257,.119,25.5,64.3,43.0,73.9,5.0,9.8,8.6,100.0,113.0,108.0,
https://www.basketball-reference.com/boxscores/201703180ATL.html,"6:00 PM, March 18, 2017",Atlanta Hawks,Portland Trail Blazers,97,113,POR,,,Team Totals,240,44,87,.506,8,18,.444,17,19,.895,13,41,54,23,9,9,22,22,113,,,Team Totals,240,.592,.552,.207,.218,36.1,77.4,60.7,52.3,9.0,14.5,18.7,100.0,112.9,96.9,
https://www.basketball-reference.com/boxscores/201703180ATL.html,"6:00 PM, March 18, 2017",Atlanta Hawks,Portland Trail Blazers,97,113,ATL,,,Team Totals,240,32,88,.364,7,26,.269,26,32,.813,12,23,35,22,13,7,13,12,97,,,Team Totals,240,.475,.403,.295,.364,22.6,63.9,39.3,68.8,13.0,10.1,11.3,100.0,96.9,112.9,
https://www.basketball-reference.com/boxscores/201703180CHI.html,"9:00 PM, March 18, 2017",Chicago Bulls,Utah Jazz,95,86,UTA,,,Team Totals,240,31,81,.383,7,25,.280,17,25,.680,17,32,49,15,6,8,15,12,86,,,Team Totals,240,.467,.426,.309,.309,34.7,82.1,55.7,48.4,6.8,13.1,14.0,100.0,97.7,108.0,
https://www.basketball-reference.com/boxscores/201703180CHI.html,"9:00 PM, March 18, 2017",Chicago Bulls,Utah Jazz,95,86,CHI,,,Team Totals,240,38,80,.475,7,19,.368,12,14,.857,7,32,39,24,7,9,11,18,95,,,Team Totals,240,.551,.519,.238,.175,17.9,65.3,44.3,63.2,8.0,16.1,11.3,100.0,108.0,97.7,
https://www.basketball-reference.com/boxscores/201703180CHO.html,"7:00 PM, March 18, 2017",Charlotte Hornets,Washington Wizards,98,93,WAS,,,Team Totals,240,29,79,.367,11,33,.333,24,31,.774,8,36,44,21,6,7,13,21,93,,,Team Totals,240,.502,.437,.418,.392,18.6,85.7,51.8,72.4,6.4,12.1,12.3,100.0,98.9,104.2,
https://www.basketball-reference.com/boxscores/201703180CHO.html,"7:00 PM, March 18, 2017",Charlotte Hornets,Washington Wizards,98,93,CHO,,,Team Totals,240,35,82,.427,9,24,.375,19,27,.704,6,35,41,23,8,8,8,20,98,,,Team Totals,240,.522,.482,.293,.329,14.3,81.4,48.2,65.7,8.5,17.4,7.9,100.0,104.2,98.9,
https://www.basketball-reference.com/boxscores/201703180DEN.html,"9:30 PM, March 18, 2017",Denver Nuggets,Houston Rockets,105,109,HOU,,,Team Totals,240,38,83,.458,5,24,.208,28,35,.800,10,38,48,20,5,5,14,24,109,,,Team Totals,240,.554,.488,.289,.422,23.8,74.5,51.6,52.6,5.0,8.6,12.5,100.0,108.7,104.7,
https://www.basketball-reference.com/boxscores/201703180DEN.html,"9:30 PM, March 18, 2017",Denver Nuggets,Houston Rockets,105,109,DEN,,,Team Totals,240,38,89,.427,10,31,.323,19,30,.633,13,32,45,28,9,3,14,24,105,,,Team Totals,240,.514,.483,.348,.337,25.5,76.2,48.4,73.7,9.0,5.1,12.0,100.0,104.7,108.7,
https://www.basketball-reference.com/boxscores/201703180GSW.html,"10:30 PM, March 18, 2017",Golden State Warriors,Milwaukee Bucks,117,92,MIL,,,Team Totals,240,36,89,.404,9,27,.333,11,14,.786,12,23,35,19,8,7,11,17,92,,,Team Totals,240,.483,.455,.303,.157,24.0,79.3,44.3,52.8,8.8,13.5,10.4,100.0,101.1,128.6,
https://www.basketball-reference.com/boxscores/201703180GSW.html,"10:30 PM, March 18, 2017",Golden State Warriors,Milwaukee Bucks,117,92,GSW,,,Team Totals,240,45,75,.600,12,23,.522,15,19,.789,6,38,44,30,5,6,14,16,117,,,Team Totals,240,.702,.680,.307,.253,20.7,76.0,55.7,66.7,5.5,9.7,14.4,100.0,128.6,101.1,
https://www.basketball-reference.com/boxscores/201703180LAC.html,"8:30 PM, March 18, 2017",Los Angeles Clippers,Cleveland Cavaliers,108,78,CLE,,,Team Totals,240,32,83,.386,5,27,.185,9,13,.692,4,36,40,15,5,0,12,24,78,,,Team Totals,240,.440,.416,.325,.157,7.8,83.7,42.6,46.9,5.2,0.0,11.9,100.0,80.5,111.4,
https://www.basketball-reference.com/boxscores/201703180LAC.html,"8:30 PM, March 18, 2017",Los Angeles Clippers,Cleveland Cavaliers,108,78,LAC,,,Team Totals,240,40,78,.513,8,26,.308,20,29,.690,7,47,54,27,4,3,15,15,108,,,Team Totals,240,.595,.564,.333,.372,16.3,92.2,57.4,67.5,4.1,5.4,14.2,100.0,111.4,80.5,
https://www.basketball-reference.com/boxscores/201703180MEM.html,"9:00 PM, March 18, 2017",Memphis Grizzlies,San Antonio Spurs,104,96,SAS,,,Team Totals,240,33,75,.440,9,28,.321,21,22,.955,9,33,42,18,2,5,15,25,96,,,Team Totals,240,.567,.500,.373,.293,24.3,82.5,54.5,54.5,2.2,10.9,15.0,100.0,107.8,116.8,
https://www.basketball-reference.com/boxscores/201703180MEM.html,"9:00 PM, March 18, 2017",Memphis Grizzlies,San Antonio Spurs,104,96,MEM,,,Team Totals,240,32,76,.421,13,30,.433,27,31,.871,7,28,35,20,7,3,10,18,104,,,Team Totals,240,.580,.507,.395,.408,17.5,75.7,45.5,62.5,7.9,6.4,10.0,100.0,116.8,107.8,
https://www.basketball-reference.com/boxscores/201703180OKC.html,"3:00 PM, March 18, 2017",Oklahoma City Thunder,Sacramento Kings,110,94,SAC,,,Team Totals,240,35,85,.412,5,21,.238,19,23,.826,9,26,35,16,9,2,14,22,94,,,Team Totals,240,.494,.441,.247,.271,20.0,66.7,41.7,45.7,9.4,3.6,12.8,100.0,98.5,115.3,
https://www.basketball-reference.com/boxscores/201703180OKC.html,"3:00 PM, March 18, 2017",Oklahoma City Thunder,Sacramento Kings,110,94,OKC,,,Team Totals,240,41,82,.500,10,26,.385,18,25,.720,13,36,49,23,7,4,16,21,110,,,Team Totals,240,.591,.561,.317,.305,33.3,80.0,58.3,56.1,7.3,6.3,14.7,100.0,115.3,98.5,
https://www.basketball-reference.com/boxscores/201703190BRK.html,"12:00 PM, March 19, 2017",Brooklyn Nets,Dallas Mavericks,104,111,DAL,,,Team Totals,240,41,76,.539,10,25,.400,19,25,.760,2,31,33,20,8,3,10,24,111,,,Team Totals,240,.638,.605,.329,.329,5.9,77.5,44.6,48.8,8.6,7.3,10.3,100.0,119.3,111.8,
https://www.basketball-reference.com/boxscores/201703190BRK.html,"12:00 PM, March 19, 2017",Brooklyn Nets,Dallas Mavericks,104,111,BRK,,,Team Totals,240,31,72,.431,13,31,.419,29,38,.763,9,32,41,16,2,1,15,22,104,,,Team Totals,240,.586,.521,.431,.528,22.5,94.1,55.4,51.6,2.1,2.0,14.5,100.0,111.8,119.3,
https://www.basketball-reference.com/boxscores/201703190DET.html,"4:30 PM, March 19, 2017",Detroit Pistons,Phoenix Suns,112,95,PHO,,,Team Totals,240,35,99,.354,6,22,.273,19,30,.633,11,36,47,16,10,4,4,21,95,,,Team Totals,240,.423,.384,.222,.303,17.7,75.0,42.7,45.7,9.8,6.0,3.4,100.0,92.7,109.3,
https://www.basketball-reference.com/boxscores/201703190DET.html,"4:30 PM, March 19, 2017",Detroit Pistons,Phoenix Suns,112,95,DET,,,Team Totals,240,40,92,.435,12,25,.480,20,30,.667,12,51,63,26,2,4,12,21,112,,,Team Totals,240,.532,.500,.272,.326,25.0,82.3,57.3,65.0,2.0,5.2,10.2,100.0,109.3,92.7,
https://www.basketball-reference.com/boxscores/201703190LAL.html,"9:30 PM, March 19, 2017",Los Angeles Lakers,Cleveland Cavaliers,120,125,CLE,,,Team Totals,240,45,85,.529,13,36,.361,22,27,.815,10,34,44,19,4,2,10,16,125,,,Team Totals,240,.645,.606,.424,.318,25.0,77.3,52.4,42.2,4.2,3.1,9.4,100.0,132.3,127.0,
https://www.basketball-reference.com/boxscores/201703190LAL.html,"9:30 PM, March 19, 2017",Los Angeles Lakers,Cleveland Cavaliers,120,125,LAL,,,Team Totals,240,47,91,.516,11,27,.407,15,19,.789,10,30,40,23,5,1,6,25,120,,,Team Totals,240,.604,.577,.297,.209,22.7,75.0,47.6,48.9,5.3,2.0,5.7,100.0,127.0,132.3,
https://www.basketball-reference.com/boxscores/201703190MIA.html,"6:00 PM, March 19, 2017",Miami Heat,Portland Trail Blazers,104,115,POR,,,Team Totals,240,42,83,.506,13,26,.500,18,24,.750,13,30,43,13,4,6,12,20,115,,,Team Totals,240,.615,.584,.313,.289,33.3,69.8,52.4,31.0,4.5,10.3,11.4,100.0,127.9,115.7,
https://www.basketball-reference.com/boxscores/201703190MIA.html,"6:00 PM, March 19, 2017",Miami Heat,Portland Trail Blazers,104,115,MIA,,,Team Totals,240,41,88,.466,9,30,.300,13,20,.650,13,26,39,18,8,8,9,22,104,,,Team Totals,240,.537,.517,.341,.227,30.2,66.7,47.6,43.9,8.9,14.0,8.5,100.0,115.7,127.9,
https://www.basketball-reference.com/boxscores/201703190NOP.html,"6:00 PM, March 19, 2017",New Orleans Pelicans,Minnesota Timberwolves,123,109,MIN,,,Team Totals,240,44,86,.512,9,25,.360,12,17,.706,8,27,35,30,11,6,15,14,109,,,Team Totals,240,.583,.564,.291,.198,19.0,75.0,44.9,68.2,11.0,10.0,13.8,100.0,108.9,122.8,
https://www.basketball-reference.com/boxscores/201703190NOP.html,"6:00 PM, March 19, 2017",New Orleans Pelicans,Minnesota Timberwolves,123,109,NOP,,,Team Totals,240,49,90,.544,14,30,.467,11,15,.733,9,34,43,31,7,2,16,15,123,,,Team Totals,240,.637,.622,.333,.167,25.0,81.0,55.1,63.3,7.0,3.3,14.2,100.0,122.8,108.9,
https://www.basketball-reference.com/boxscores/201703190PHI.html,"1:00 PM, March 19, 2017",Philadelphia 76ers,Boston Celtics,105,99,BOS,,,Team Totals,240,34,84,.405,6,29,.207,25,29,.862,8,33,41,27,8,5,18,15,99,,,Team Totals,240,.512,.440,.345,.345,18.6,80.5,48.8,79.4,7.8,9.1,15.7,100.0,97.1,103.0,
https://www.basketball-reference.com/boxscores/201703190PHI.html,"1:00 PM, March 19, 2017",Philadelphia 76ers,Boston Celtics,105,99,PHI,,,Team Totals,240,41,88,.466,12,33,.364,11,15,.733,8,35,43,29,9,7,16,23,105,,,Team Totals,240,.555,.534,.375,.170,19.5,81.4,51.2,70.7,8.8,12.7,14.5,100.0,103.0,97.1,
https://www.basketball-reference.com/boxscores/201703190SAS.html,"7:00 PM, March 19, 2017",San Antonio Spurs,Sacramento Kings,118,102,SAC,,,Team Totals,240,41,83,.494,7,10,.700,13,17,.765,9,31,40,29,4,4,11,20,102,,,Team Totals,240,.564,.536,.120,.205,23.1,67.4,47.1,70.7,4.4,6.8,10.8,100.0,112.8,130.5,
https://www.basketball-reference.com/boxscores/201703190SAS.html,"7:00 PM, March 19, 2017",San Antonio Spurs,Sacramento Kings,118,102,SAS,,,Team Totals,240,43,87,.494,11,28,.393,21,27,.778,15,30,45,31,9,3,8,20,118,,,Team Totals,240,.597,.557,.322,.310,32.6,76.9,52.9,72.1,10.0,4.1,7.5,100.0,130.5,112.8,
https://www.basketball-reference.com/boxscores/201703190TOR.html,"6:00 PM, March 19, 2017",Toronto Raptors,Indiana Pacers,116,91,IND,,,Team Totals,240,33,80,.413,6,23,.261,19,26,.731,9,24,33,22,7,2,14,23,91,,,Team Totals,240,.498,.450,.288,.325,19.6,63.2,39.3,66.7,7.3,3.1,13.3,100.0,95.4,121.6,
https://www.basketball-reference.com/boxscores/201703190TOR.html,"6:00 PM, March 19, 2017",Toronto Raptors,Indiana Pacers,116,91,TOR,,,Team Totals,240,45,91,.495,12,27,.444,14,16,.875,14,37,51,25,7,7,17,20,116,,,Team Totals,240,.592,.560,.297,.176,36.8,80.4,60.7,55.6,7.3,12.3,14.8,100.0,121.6,95.4,
https://www.basketball-reference.com/boxscores/201703200BOS.html,"7:30 PM, March 20, 2017",Boston Celtics,Washington Wizards,110,102,WAS,,,Team Totals,240,37,86,.430,8,35,.229,20,26,.769,8,31,39,24,6,4,18,28,102,,,Team Totals,240,.523,.477,.407,.302,19.0,62.0,42.4,64.9,5.9,6.7,15.6,100.0,101.0,108.9,
https://www.basketball-reference.com/boxscores/201703200BOS.html,"7:30 PM, March 20, 2017",Boston Celtics,Washington Wizards,110,102,BOS,,,Team Totals,240,40,93,.430,10,33,.303,20,28,.714,19,34,53,19,10,6,15,24,110,,,Team Totals,240,.522,.484,.355,.301,38.0,81.0,57.6,47.5,9.9,11.8,12.5,100.0,108.9,101.0,
https://www.basketball-reference.com/boxscores/201703200CHO.html,"7:00 PM, March 20, 2017",Charlotte Hornets,Atlanta Hawks,105,90,ATL,,,Team Totals,240,37,84,.440,12,37,.324,4,10,.400,12,33,45,26,3,5,18,17,90,,,Team Totals,240,.509,.512,.440,.119,30.0,86.8,57.7,70.3,3.3,10.0,16.9,100.0,99.3,115.8,
https://www.basketball-reference.com/boxscores/201703200CHO.html,"7:00 PM, March 20, 2017",Charlotte Hornets,Atlanta Hawks,105,90,CHO,,,Team Totals,240,40,80,.500,12,30,.400,13,20,.650,5,28,33,28,12,4,8,13,105,,,Team Totals,240,.591,.575,.375,.250,13.2,70.0,42.3,70.0,13.2,8.5,8.3,100.0,115.8,99.3,
https://www.basketball-reference.com/boxscores/201703200HOU.html,"8:00 PM, March 20, 2017",Houston Rockets,Denver Nuggets,125,124,DEN,,,Team Totals,240,44,86,.512,12,29,.414,24,26,.923,8,40,48,26,7,3,21,18,124,,,Team Totals,240,.636,.581,.337,.302,21.6,87.0,57.8,59.1,6.6,5.9,17.7,100.0,117.1,118.1,
https://www.basketball-reference.com/boxscores/201703200HOU.html,"8:00 PM, March 20, 2017",Houston Rockets,Denver Nuggets,125,124,HOU,,,Team Totals,240,45,89,.506,17,38,.447,18,23,.783,6,29,35,27,12,2,12,22,125,,,Team Totals,240,.631,.601,.427,.258,13.0,78.4,42.2,60.0,11.3,3.5,10.8,100.0,118.1,117.1,
https://www.basketball-reference.com/boxscores/201703200IND.html,"7:00 PM, March 20, 2017",Indiana Pacers,Utah Jazz,107,100,UTA,,,Team Totals,240,40,88,.455,6,25,.240,14,20,.700,13,36,49,20,5,11,11,17,100,,,Team Totals,240,.517,.489,.284,.227,28.3,78.3,53.3,50.0,5.4,16.4,10.2,100.0,107.9,115.5,
https://www.basketball-reference.com/boxscores/201703200IND.html,"7:00 PM, March 20, 2017",Indiana Pacers,Utah Jazz,107,100,IND,,,Team Totals,240,38,87,.437,10,20,.500,21,23,.913,10,33,43,21,9,9,8,19,107,,,Team Totals,240,.551,.494,.230,.264,21.7,71.7,46.7,55.3,9.7,14.3,7.6,100.0,115.5,107.9,
https://www.basketball-reference.com/boxscores/201703200LAC.html,"10:30 PM, March 20, 2017",Los Angeles Clippers,New York Knicks,114,105,NYK,,,Team Totals,240,40,89,.449,6,24,.250,19,24,.792,14,34,48,24,6,1,12,19,105,,,Team Totals,240,.527,.483,.270,.270,29.2,79.1,52.7,60.0,6.2,1.8,10.8,100.0,109.3,118.7,
https://www.basketball-reference.com/boxscores/201703200LAC.html,"10:30 PM, March 20, 2017",Los Angeles Clippers,New York Knicks,114,105,LAC,,,Team Totals,240,43,87,.494,10,31,.323,18,24,.750,9,34,43,25,8,4,10,19,114,,,Team Totals,240,.584,.552,.356,.276,20.9,70.8,47.3,58.1,8.3,6.2,9.3,100.0,118.7,109.3,
https://www.basketball-reference.com/boxscores/201703200OKC.html,"8:00 PM, March 20, 2017",Oklahoma City Thunder,Golden State Warriors,95,111,GSW,,,Team Totals,240,40,83,.482,15,33,.455,16,21,.762,9,37,46,28,8,8,17,22,111,,,Team Totals,240,.602,.572,.398,.253,24.3,75.5,53.5,70.0,8.2,12.1,15.6,100.0,114.1,97.7,
https://www.basketball-reference.com/boxscores/201703200OKC.html,"8:00 PM, March 20, 2017",Oklahoma City Thunder,Golden State Warriors,95,111,OKC,,,Team Totals,240,37,87,.425,4,21,.190,17,31,.548,12,28,40,18,10,2,11,19,95,,,Team Totals,240,.472,.448,.241,.356,24.5,75.7,46.5,48.6,10.3,4.0,9.9,100.0,97.7,114.1,
https://www.basketball-reference.com/boxscores/201703200ORL.html,"7:00 PM, March 20, 2017",Orlando Magic,Philadelphia 76ers,112,109,PHI,,,Team Totals,265,39,102,.382,9,34,.265,22,24,.917,13,40,53,26,15,7,16,34,109,,,Team Totals,265,.484,.426,.333,.235,24.1,74.1,49.1,66.7,13.3,9.9,12.4,100.0,96.7,99.4,
https://www.basketball-reference.com/boxscores/201703200ORL.html,"7:00 PM, March 20, 2017",Orlando Magic,Philadelphia 76ers,112,109,ORL,,,Team Totals,265,35,94,.372,4,23,.174,38,46,.826,14,41,55,19,10,4,18,22,112,,,Team Totals,265,.490,.394,.245,.489,25.9,75.9,50.9,54.3,8.9,5.9,13.6,100.0,99.4,96.7,
https://www.basketball-reference.com/boxscores/201703210BRK.html,"7:30 PM, March 21, 2017",Brooklyn Nets,Detroit Pistons,98,96,DET,,,Team Totals,240,40,92,.435,5,23,.217,11,16,.688,10,41,51,17,8,8,7,17,96,,,Team Totals,240,.485,.462,.250,.174,22.2,78.8,52.6,42.5,8.5,13.6,6.6,100.0,102.0,104.1,
https://www.basketball-reference.com/boxscores/201703210BRK.html,"7:30 PM, March 21, 2017",Brooklyn Nets,Detroit Pistons,98,96,BRK,,,Team Totals,240,38,88,.432,10,29,.345,12,19,.632,11,35,46,22,1,6,11,13,98,,,Team Totals,240,.509,.489,.330,.216,21.2,77.8,47.4,57.9,1.1,8.7,10.2,100.0,104.1,102.0,
https://www.basketball-reference.com/boxscores/201703210DAL.html,"8:30 PM, March 21, 2017",Dallas Mavericks,Golden State Warriors,87,112,GSW,,,Team Totals,240,43,78,.551,13,30,.433,13,16,.813,4,42,46,34,10,2,16,20,112,,,Team Totals,240,.659,.635,.385,.205,13.3,76.4,54.1,79.1,10.6,3.4,15.8,100.0,119.0,92.4,
https://www.basketball-reference.com/boxscores/201703210DAL.html,"8:30 PM, March 21, 2017",Dallas Mavericks,Golden State Warriors,87,112,DAL,,,Team Totals,240,33,92,.359,11,34,.324,10,12,.833,13,26,39,24,8,2,11,14,87,,,Team Totals,240,.447,.418,.370,.130,23.6,86.7,45.9,72.7,8.5,4.2,10.2,100.0,92.4,119.0,
https://www.basketball-reference.com/boxscores/201703210LAL.html,"10:30 PM, March 21, 2017",Los Angeles Lakers,Los Angeles Clippers,109,133,LAC,,,Team Totals,240,45,84,.536,15,33,.455,28,32,.875,13,35,48,23,4,4,16,21,133,,,Team Totals,240,.678,.625,.393,.381,32.5,71.4,53.9,51.1,4.1,5.6,14.0,100.0,135.0,110.6,
https://www.basketball-reference.com/boxscores/201703210LAL.html,"10:30 PM, March 21, 2017",Los Angeles Lakers,Los Angeles Clippers,109,133,LAL,,,Team Totals,240,43,92,.467,6,20,.300,17,27,.630,14,27,41,23,8,3,10,22,109,,,Team Totals,240,.525,.500,.217,.293,28.6,67.5,46.1,53.5,8.1,5.9,8.8,100.0,110.6,135.0,
https://www.basketball-reference.com/boxscores/201703210MIA.html,"7:30 PM, March 21, 2017",Miami Heat,Phoenix Suns,112,97,PHO,,,Team Totals,240,36,82,.439,4,16,.250,21,29,.724,10,31,41,14,5,5,24,23,97,,,Team Totals,240,.512,.463,.195,.354,23.8,64.6,45.6,38.9,4.9,7.2,20.2,100.0,94.4,108.9,
https://www.basketball-reference.com/boxscores/201703210MIA.html,"7:30 PM, March 21, 2017",Miami Heat,Phoenix Suns,112,97,MIA,,,Team Totals,240,42,96,.438,11,27,.407,17,23,.739,17,32,49,17,13,5,15,25,112,,,Team Totals,240,.528,.495,.281,.240,35.4,76.2,54.4,40.5,12.6,7.6,12.4,100.0,108.9,94.4,
https://www.basketball-reference.com/boxscores/201703210MIN.html,"9:30 PM, March 21, 2017",Minnesota Timberwolves,San Antonio Spurs,93,100,SAS,,,Team Totals,240,37,77,.481,8,24,.333,18,22,.818,9,24,33,22,12,5,16,19,100,,,Team Totals,240,.577,.532,.312,.286,25.0,66.7,45.8,59.5,13.2,8.8,15.6,100.0,110.0,102.3,
https://www.basketball-reference.com/boxscores/201703210MIN.html,"9:30 PM, March 21, 2017",Minnesota Timberwolves,San Antonio Spurs,93,100,MIN,,,Team Totals,240,32,72,.444,7,15,.467,22,25,.880,12,27,39,20,10,2,23,24,93,,,Team Totals,240,.560,.493,.208,.347,33.3,75.0,54.2,62.5,11.0,3.8,21.7,100.0,102.3,110.0,
https://www.basketball-reference.com/boxscores/201703210NOP.html,"8:00 PM, March 21, 2017",New Orleans Pelicans,Memphis Grizzlies,95,82,MEM,,,Team Totals,240,32,79,.405,9,35,.257,9,13,.692,4,37,41,17,7,3,15,20,82,,,Team Totals,240,.484,.462,.443,.165,9.3,75.5,44.6,53.1,7.4,5.1,15.0,100.0,86.7,100.4,
https://www.basketball-reference.com/boxscores/201703210NOP.html,"8:00 PM, March 21, 2017",New Orleans Pelicans,Memphis Grizzlies,95,82,NOP,,,Team Totals,240,35,88,.398,9,29,.310,16,19,.842,12,39,51,16,8,3,13,17,95,,,Team Totals,240,.493,.449,.330,.216,24.5,90.7,55.4,45.7,8.5,6.8,11.9,100.0,100.4,86.7,
https://www.basketball-reference.com/boxscores/201703210POR.html,"10:00 PM, March 21, 2017",Portland Trail Blazers,Milwaukee Bucks,90,93,MIL,,,Team Totals,240,38,90,.422,7,16,.438,10,12,.833,13,36,49,16,8,8,13,22,93,,,Team Totals,240,.488,.461,.178,.133,26.5,73.5,50.0,42.1,8.6,12.9,12.0,100.0,99.6,96.4,
https://www.basketball-reference.com/boxscores/201703210POR.html,"10:00 PM, March 21, 2017",Portland Trail Blazers,Milwaukee Bucks,90,93,POR,,,Team Totals,240,35,83,.422,4,21,.190,16,26,.615,13,36,49,15,8,6,14,14,90,,,Team Totals,240,.476,.446,.253,.313,26.5,73.5,50.0,42.9,8.6,8.1,12.9,100.0,96.4,99.6,
https://www.basketball-reference.com/boxscores/201703210TOR.html,"7:00 PM, March 21, 2017",Toronto Raptors,Chicago Bulls,122,120,CHI,,,Team Totals,265,42,90,.467,14,37,.378,22,27,.815,9,30,39,25,9,10,15,24,120,,,Team Totals,265,.589,.544,.411,.300,20.9,65.2,43.8,59.5,8.6,13.9,12.8,100.0,114.3,116.2,
https://www.basketball-reference.com/boxscores/201703210TOR.html,"7:00 PM, March 21, 2017",Toronto Raptors,Chicago Bulls,122,120,TOR,,,Team Totals,265,47,95,.495,8,23,.348,20,27,.741,16,34,50,18,6,4,17,23,122,,,Team Totals,265,.571,.537,.242,.284,34.8,79.1,56.2,38.3,5.7,7.5,13.7,100.0,116.2,114.3,
https://www.basketball-reference.com/boxscores/201703220BOS.html,"7:30 PM, March 22, 2017",Boston Celtics,Indiana Pacers,109,100,IND,,,Team Totals,240,38,87,.437,11,28,.393,13,19,.684,18,27,45,20,13,6,13,19,100,,,Team Totals,240,.524,.500,.322,.218,35.3,73.0,51.1,52.6,14.1,10.5,12.0,100.0,108.8,118.6,
https://www.basketball-reference.com/boxscores/201703220BOS.html,"7:30 PM, March 22, 2017",Boston Celtics,Indiana Pacers,109,100,BOS,,,Team Totals,240,43,84,.512,11,27,.407,12,14,.857,10,33,43,27,5,2,17,17,109,,,Team Totals,240,.604,.577,.321,.167,27.0,64.7,48.9,62.8,5.4,3.4,15.9,100.0,118.6,108.8,
https://www.basketball-reference.com/boxscores/201703220CHI.html,"8:00 PM, March 22, 2017",Chicago Bulls,Detroit Pistons,117,95,DET,,,Team Totals,240,39,88,.443,7,20,.350,10,17,.588,16,28,44,18,6,1,16,17,95,,,Team Totals,240,.497,.483,.227,.193,35.6,80.0,55.0,46.2,6.5,1.8,14.4,100.0,103.4,127.4,
https://www.basketball-reference.com/boxscores/201703220CHI.html,"8:00 PM, March 22, 2017",Chicago Bulls,Detroit Pistons,117,95,CHI,,,Team Totals,240,47,80,.588,11,23,.478,12,19,.632,7,29,36,36,12,2,11,20,117,,,Team Totals,240,.662,.656,.288,.238,20.0,64.4,45.0,76.6,13.1,2.9,11.1,100.0,127.4,103.4,
https://www.basketball-reference.com/boxscores/201703220DEN.html,"9:00 PM, March 22, 2017",Denver Nuggets,Cleveland Cavaliers,126,113,CLE,,,Team Totals,240,43,85,.506,15,37,.405,12,14,.857,7,31,38,22,4,4,10,12,113,,,Team Totals,240,.620,.594,.435,.165,17.1,75.6,46.3,51.2,4.2,5.7,9.9,100.0,120.0,133.8,
https://www.basketball-reference.com/boxscores/201703220DEN.html,"9:00 PM, March 22, 2017",Denver Nuggets,Cleveland Cavaliers,126,113,DEN,,,Team Totals,240,51,96,.531,11,26,.423,13,13,1.000,10,34,44,35,7,0,6,16,126,,,Team Totals,240,.619,.589,.271,.135,24.4,82.9,53.7,68.6,7.4,0.0,5.6,100.0,133.8,120.0,
https://www.basketball-reference.com/boxscores/201703220OKC.html,"8:00 PM, March 22, 2017",Oklahoma City Thunder,Philadelphia 76ers,122,97,PHI,,,Team Totals,240,37,87,.425,8,25,.320,15,17,.882,6,19,25,19,8,4,10,23,97,,,Team Totals,240,.513,.471,.287,.195,14.3,51.4,31.6,51.4,8.4,5.6,9.6,100.0,101.4,127.5,
https://www.basketball-reference.com/boxscores/201703220OKC.html,"8:00 PM, March 22, 2017",Oklahoma City Thunder,Philadelphia 76ers,122,97,OKC,,,Team Totals,240,48,88,.545,4,16,.250,22,30,.733,18,36,54,26,7,8,16,17,122,,,Team Totals,240,.603,.568,.182,.341,48.6,85.7,68.4,54.2,7.3,12.9,13.7,100.0,127.5,101.4,
https://www.basketball-reference.com/boxscores/201703220ORL.html,"7:00 PM, March 22, 2017",Orlando Magic,Charlotte Hornets,102,109,CHO,,,Team Totals,240,42,90,.467,9,27,.333,16,18,.889,12,31,43,24,9,3,10,12,109,,,Team Totals,240,.557,.517,.300,.200,28.6,70.5,50.0,57.1,9.8,6.3,9.3,100.0,118.9,111.3,
https://www.basketball-reference.com/boxscores/201703220ORL.html,"7:00 PM, March 22, 2017",Orlando Magic,Charlotte Hornets,102,109,ORL,,,Team Totals,240,40,88,.455,14,40,.350,8,10,.800,13,30,43,26,5,3,14,19,102,,,Team Totals,240,.552,.534,.455,.114,29.5,71.4,50.0,65.0,5.5,4.8,13.2,100.0,111.3,118.9,
https://www.basketball-reference.com/boxscores/201703220SAC.html,"10:30 PM, March 22, 2017",Sacramento Kings,Milwaukee Bucks,98,116,MIL,,,Team Totals,240,43,81,.531,16,35,.457,14,19,.737,7,31,38,28,9,4,11,11,116,,,Team Totals,240,.649,.630,.432,.235,19.4,79.5,50.7,65.1,9.8,6.9,11.0,100.0,126.6,107.0,
https://www.basketball-reference.com/boxscores/201703220SAC.html,"10:30 PM, March 22, 2017",Sacramento Kings,Milwaukee Bucks,98,116,SAC,,,Team Totals,240,41,84,.488,10,26,.385,6,10,.600,8,29,37,19,6,6,13,15,98,,,Team Totals,240,.554,.548,.310,.119,20.5,80.6,49.3,46.3,6.5,13.0,12.8,100.0,107.0,126.6,
https://www.basketball-reference.com/boxscores/201703220UTA.html,"10:30 PM, March 22, 2017",Utah Jazz,New York Knicks,108,101,NYK,,,Team Totals,240,38,80,.475,9,21,.429,16,18,.889,9,27,36,19,5,1,12,26,101,,,Team Totals,240,.574,.531,.263,.225,24.3,57.4,42.9,50.0,5.7,1.6,12.0,100.0,115.1,123.0,
https://www.basketball-reference.com/boxscores/201703220UTA.html,"10:30 PM, March 22, 2017",Utah Jazz,New York Knicks,108,101,UTA,,,Team Totals,240,41,90,.456,7,28,.250,19,29,.655,20,28,48,18,5,7,8,11,108,,,Team Totals,240,.525,.494,.311,.322,42.6,75.7,57.1,43.9,5.7,11.9,7.2,100.0,123.0,115.1,
https://www.basketball-reference.com/boxscores/201703220WAS.html,"8:00 PM, March 22, 2017",Washington Wizards,Atlanta Hawks,104,100,ATL,,,Team Totals,240,34,86,.395,8,25,.320,24,29,.828,11,33,44,20,11,5,16,19,100,,,Team Totals,240,.506,.442,.291,.337,22.9,66.0,44.9,58.8,10.8,8.2,13.9,100.0,98.4,102.3,
https://www.basketball-reference.com/boxscores/201703220WAS.html,"8:00 PM, March 22, 2017",Washington Wizards,Atlanta Hawks,104,100,WAS,,,Team Totals,240,38,95,.400,11,34,.324,17,23,.739,17,37,54,23,9,6,19,26,104,,,Team Totals,240,.495,.458,.358,.242,34.0,77.1,55.1,60.5,8.9,9.8,15.3,100.0,102.3,98.4,
https://www.basketball-reference.com/boxscores/201703230BRK.html,"7:30 PM, March 23, 2017",Brooklyn Nets,Phoenix Suns,126,98,PHO,,,Team Totals,240,34,93,.366,7,25,.280,23,34,.676,15,35,50,16,14,3,20,30,98,,,Team Totals,240,.454,.403,.269,.366,25.4,67.3,45.0,47.1,12.7,4.5,15.6,100.0,88.6,113.9,
https://www.basketball-reference.com/boxscores/201703230BRK.html,"7:30 PM, March 23, 2017",Brooklyn Nets,Phoenix Suns,126,98,BRK,,,Team Totals,240,43,95,.453,8,29,.276,32,42,.762,17,44,61,25,11,5,17,26,126,,,Team Totals,240,.555,.495,.305,.442,32.7,74.6,55.0,58.1,9.9,7.4,13.0,100.0,113.9,88.6,
https://www.basketball-reference.com/boxscores/201703230DAL.html,"8:30 PM, March 23, 2017",Dallas Mavericks,Los Angeles Clippers,97,95,LAC,,,Team Totals,240,36,80,.450,9,27,.333,14,21,.667,9,36,45,18,6,2,17,16,95,,,Team Totals,240,.532,.506,.338,.263,23.1,90.0,57.0,50.0,6.4,3.6,16.0,100.0,101.0,103.2,
https://www.basketball-reference.com/boxscores/201703230DAL.html,"8:30 PM, March 23, 2017",Dallas Mavericks,Los Angeles Clippers,97,95,DAL,,,Team Totals,240,38,82,.463,9,26,.346,12,18,.667,4,30,34,26,11,4,9,18,97,,,Team Totals,240,.539,.518,.317,.220,10.0,76.9,43.0,68.4,11.7,7.5,9.1,100.0,103.2,101.0,
https://www.basketball-reference.com/boxscores/201703230MIA.html,"7:30 PM, March 23, 2017",Miami Heat,Toronto Raptors,84,101,TOR,,,Team Totals,240,35,79,.443,6,23,.261,25,32,.781,11,40,51,10,9,3,18,21,101,,,Team Totals,240,.543,.481,.291,.405,29.7,80.0,58.6,28.6,9.3,5.1,16.2,100.0,104.5,86.9,
https://www.basketball-reference.com/boxscores/201703230MIA.html,"7:30 PM, March 23, 2017",Miami Heat,Toronto Raptors,84,101,MIA,,,Team Totals,240,32,82,.390,6,23,.261,14,23,.609,10,26,36,20,8,11,17,23,84,,,Team Totals,240,.456,.427,.280,.280,20.0,70.3,41.4,62.5,8.3,19.6,15.6,100.0,86.9,104.5,
https://www.basketball-reference.com/boxscores/201703230POR.html,"10:00 PM, March 23, 2017",Portland Trail Blazers,New York Knicks,110,95,NYK,,,Team Totals,240,36,88,.409,5,22,.227,18,20,.900,9,31,40,23,5,9,11,20,95,,,Team Totals,240,.491,.438,.250,.227,18.4,75.6,44.4,63.9,5.2,15.3,10.2,100.0,99.6,115.4,
https://www.basketball-reference.com/boxscores/201703230POR.html,"10:00 PM, March 23, 2017",Portland Trail Blazers,New York Knicks,110,95,POR,,,Team Totals,240,39,80,.488,11,21,.524,21,29,.724,10,40,50,15,8,2,13,20,110,,,Team Totals,240,.593,.556,.263,.363,24.4,81.6,55.6,38.5,8.4,3.0,12.3,100.0,115.4,99.6,
https://www.basketball-reference.com/boxscores/201703230SAS.html,"8:30 PM, March 23, 2017",San Antonio Spurs,Memphis Grizzlies,97,90,MEM,,,Team Totals,240,34,78,.436,10,29,.345,12,15,.800,10,32,42,18,4,4,14,18,90,,,Team Totals,240,.532,.500,.372,.192,25.6,84.2,54.5,52.9,4.7,7.8,14.2,100.0,105.0,113.2,
https://www.basketball-reference.com/boxscores/201703230SAS.html,"8:30 PM, March 23, 2017",San Antonio Spurs,Memphis Grizzlies,97,90,SAS,,,Team Totals,240,37,77,.481,8,26,.308,15,23,.652,6,29,35,26,6,5,6,19,97,,,Team Totals,240,.557,.532,.338,.299,15.8,74.4,45.5,70.3,7.0,10.2,6.4,100.0,113.2,105.0,
https://www.basketball-reference.com/boxscores/201703240BOS.html,"7:30 PM, March 24, 2017",Boston Celtics,Phoenix Suns,130,120,PHO,,,Team Totals,240,39,86,.453,6,19,.316,36,49,.735,10,39,49,23,9,3,13,30,120,,,Team Totals,240,.558,.488,.221,.570,20.8,76.5,49.5,59.0,8.2,5.7,10.8,100.0,109.8,119.0,
https://www.basketball-reference.com/boxscores/201703240BOS.html,"7:30 PM, March 24, 2017",Boston Celtics,Phoenix Suns,130,120,BOS,,,Team Totals,240,44,94,.468,14,41,.341,28,35,.800,12,38,50,31,8,5,15,32,130,,,Team Totals,240,.594,.543,.436,.372,23.5,79.2,50.5,70.5,7.3,7.5,12.1,100.0,119.0,109.8,
https://www.basketball-reference.com/boxscores/201703240CHI.html,"8:00 PM, March 24, 2017",Chicago Bulls,Philadelphia 76ers,107,117,PHI,,,Team Totals,240,46,83,.554,8,25,.320,17,23,.739,11,35,46,23,10,4,19,22,117,,,Team Totals,240,.628,.602,.301,.277,31.4,70.0,54.1,50.0,10.0,6.0,16.9,100.0,117.1,107.1,
https://www.basketball-reference.com/boxscores/201703240CHI.html,"8:00 PM, March 24, 2017",Chicago Bulls,Philadelphia 76ers,107,117,CHI,,,Team Totals,240,37,91,.407,10,24,.417,23,31,.742,15,24,39,22,9,5,15,15,107,,,Team Totals,240,.511,.462,.264,.341,30.0,68.6,45.9,59.5,9.0,8.6,12.5,100.0,107.1,117.1,
https://www.basketball-reference.com/boxscores/201703240CHO.html,"7:00 PM, March 24, 2017",Charlotte Hornets,Cleveland Cavaliers,105,112,CLE,,,Team Totals,240,41,74,.554,9,25,.360,21,24,.875,3,35,38,26,6,5,12,22,112,,,Team Totals,240,.662,.615,.338,.324,9.7,71.4,47.5,63.4,6.4,9.6,12.4,100.0,119.9,112.4,
https://www.basketball-reference.com/boxscores/201703240CHO.html,"7:00 PM, March 24, 2017",Charlotte Hornets,Cleveland Cavaliers,105,112,CHO,,,Team Totals,240,38,90,.422,10,38,.263,19,24,.792,14,28,42,18,6,4,11,17,105,,,Team Totals,240,.522,.478,.422,.267,28.6,90.3,52.5,47.4,6.4,8.2,9.9,100.0,112.4,119.9,
https://www.basketball-reference.com/boxscores/201703240GSW.html,"10:30 PM, March 24, 2017",Golden State Warriors,Sacramento Kings,114,100,SAC,,,Team Totals,240,40,83,.482,10,21,.476,10,13,.769,6,31,37,27,7,4,21,16,100,,,Team Totals,240,.564,.542,.253,.157,16.2,70.5,45.7,67.5,7.1,6.9,19.1,100.0,101.7,115.9,
https://www.basketball-reference.com/boxscores/201703240GSW.html,"10:30 PM, March 24, 2017",Golden State Warriors,Sacramento Kings,114,100,GSW,,,Team Totals,240,44,89,.494,10,31,.323,16,18,.889,13,31,44,37,14,8,13,15,114,,,Team Totals,240,.588,.551,.348,.202,29.5,83.8,54.3,84.1,14.2,12.9,11.8,100.0,115.9,101.7,
https://www.basketball-reference.com/boxscores/201703240HOU.html,"8:00 PM, March 24, 2017",Houston Rockets,New Orleans Pelicans,117,107,NOP,,,Team Totals,240,41,91,.451,14,38,.368,11,14,.786,6,30,36,28,9,7,10,15,107,,,Team Totals,240,.551,.527,.418,.154,12.0,66.7,37.9,68.3,8.9,13.0,9.3,100.0,105.6,115.4,
https://www.basketball-reference.com/boxscores/201703240HOU.html,"8:00 PM, March 24, 2017",Houston Rockets,New Orleans Pelicans,117,107,HOU,,,Team Totals,240,44,93,.473,14,39,.359,15,20,.750,15,44,59,29,5,3,19,19,117,,,Team Totals,240,.575,.548,.419,.215,33.3,88.0,62.1,65.9,4.9,5.7,15.7,100.0,115.4,105.6,
https://www.basketball-reference.com/boxscores/201703240IND.html,"7:00 PM, March 24, 2017",Indiana Pacers,Denver Nuggets,117,125,DEN,,,Team Totals,240,39,82,.476,7,27,.259,40,43,.930,11,34,45,23,8,4,13,15,125,,,Team Totals,240,.619,.518,.329,.524,28.2,75.6,53.6,59.0,8.0,5.6,11.4,100.0,125.4,117.4,
https://www.basketball-reference.com/boxscores/201703240IND.html,"7:00 PM, March 24, 2017",Indiana Pacers,Denver Nuggets,117,125,IND,,,Team Totals,240,48,95,.505,13,24,.542,8,11,.727,11,28,39,19,9,8,13,29,117,,,Team Totals,240,.586,.574,.253,.116,24.4,71.8,46.4,39.6,9.0,14.5,11.5,100.0,117.4,125.4,
https://www.basketball-reference.com/boxscores/201703240LAL.html,"10:30 PM, March 24, 2017",Los Angeles Lakers,Minnesota Timberwolves,130,119,MIN,,,Team Totals,265,46,95,.484,7,21,.333,20,22,.909,12,25,37,32,13,10,14,20,119,,,Team Totals,265,.568,.521,.221,.232,26.7,73.5,46.8,69.6,12.3,15.4,11.8,100.0,112.7,123.2,
https://www.basketball-reference.com/boxscores/201703240LAL.html,"10:30 PM, March 24, 2017",Los Angeles Lakers,Minnesota Timberwolves,130,119,LAL,,,Team Totals,265,46,88,.523,14,23,.609,24,28,.857,9,33,42,26,6,2,20,23,130,,,Team Totals,265,.648,.602,.261,.318,26.5,73.3,53.2,56.5,5.7,2.7,16.6,100.0,123.2,112.7,
https://www.basketball-reference.com/boxscores/201703240MIL.html,"8:00 PM, March 24, 2017",Milwaukee Bucks,Atlanta Hawks,100,97,ATL,,,Team Totals,240,34,83,.410,8,22,.364,21,24,.875,13,36,49,20,5,3,17,19,97,,,Team Totals,240,.518,.458,.265,.289,33.3,80.0,58.3,58.8,5.4,4.9,15.4,100.0,104.8,108.1,
https://www.basketball-reference.com/boxscores/201703240MIL.html,"8:00 PM, March 24, 2017",Milwaukee Bucks,Atlanta Hawks,100,97,MIL,,,Team Totals,240,39,88,.443,8,27,.296,14,16,.875,9,26,35,27,10,6,9,23,100,,,Team Totals,240,.526,.489,.307,.182,20.0,66.7,41.7,69.2,10.8,9.8,8.7,100.0,108.1,104.8,
https://www.basketball-reference.com/boxscores/201703240ORL.html,"7:00 PM, March 24, 2017",Orlando Magic,Detroit Pistons,115,87,DET,,,Team Totals,240,34,96,.354,2,22,.091,17,20,.850,12,38,50,21,3,3,9,17,87,,,Team Totals,240,.415,.365,.229,.208,22.6,86.4,51.5,61.8,3.0,4.6,7.9,100.0,87.5,115.7,
https://www.basketball-reference.com/boxscores/201703240ORL.html,"7:00 PM, March 24, 2017",Orlando Magic,Detroit Pistons,115,87,ORL,,,Team Totals,240,47,91,.516,12,26,.462,9,13,.692,6,41,47,36,4,6,11,17,115,,,Team Totals,240,.594,.582,.286,.143,13.6,77.4,48.5,76.6,4.0,8.1,10.2,100.0,115.7,87.5,
https://www.basketball-reference.com/boxscores/201703240WAS.html,"7:00 PM, March 24, 2017",Washington Wizards,Brooklyn Nets,129,108,BRK,,,Team Totals,240,43,82,.524,3,15,.200,19,26,.731,6,32,38,24,5,4,14,22,108,,,Team Totals,240,.578,.543,.183,.317,14.6,74.4,45.2,55.8,4.9,5.6,13.0,100.0,106.4,127.1,
https://www.basketball-reference.com/boxscores/201703240WAS.html,"7:00 PM, March 24, 2017",Washington Wizards,Brooklyn Nets,129,108,WAS,,,Team Totals,240,49,97,.505,10,26,.385,21,22,.955,11,35,46,29,9,5,10,19,129,,,Team Totals,240,.605,.557,.268,.227,25.6,85.4,54.8,59.2,8.9,7.5,8.6,100.0,127.1,106.4,
https://www.basketball-reference.com/boxscores/201703250CLE.html,"7:30 PM, March 25, 2017",Cleveland Cavaliers,Washington Wizards,115,127,WAS,,,Team Totals,240,49,82,.598,8,18,.444,21,26,.808,11,29,40,24,10,4,12,23,127,,,Team Totals,240,.680,.646,.220,.317,34.4,72.5,55.6,49.0,10.7,8.0,11.4,100.0,136.0,123.2,
https://www.basketball-reference.com/boxscores/201703250CLE.html,"7:30 PM, March 25, 2017",Cleveland Cavaliers,Washington Wizards,115,127,CLE,,,Team Totals,240,41,83,.494,12,33,.364,21,27,.778,11,21,32,24,6,6,13,18,115,,,Team Totals,240,.606,.566,.398,.325,27.5,65.6,44.4,58.5,6.4,9.4,12.1,100.0,123.2,136.0,
https://www.basketball-reference.com/boxscores/201703250DAL.html,"8:30 PM, March 25, 2017",Dallas Mavericks,Toronto Raptors,86,94,TOR,,,Team Totals,240,39,81,.481,9,21,.429,7,9,.778,12,32,44,22,9,3,15,21,94,,,Team Totals,240,.553,.537,.259,.111,30.0,72.7,52.4,56.4,10.4,5.6,15.0,100.0,108.5,99.3,
https://www.basketball-reference.com/boxscores/201703250DAL.html,"8:30 PM, March 25, 2017",Dallas Mavericks,Toronto Raptors,86,94,DAL,,,Team Totals,240,31,82,.378,7,28,.250,17,20,.850,12,28,40,20,10,4,12,16,86,,,Team Totals,240,.474,.421,.341,.244,27.3,70.0,47.6,64.5,11.5,6.7,11.7,100.0,99.3,108.5,
https://www.basketball-reference.com/boxscores/201703250LAC.html,"3:30 PM, March 25, 2017",Los Angeles Clippers,Utah Jazz,108,95,UTA,,,Team Totals,240,37,86,.430,8,26,.308,13,18,.722,12,31,43,22,5,3,14,22,95,,,Team Totals,240,.506,.477,.302,.209,25.0,73.8,47.8,59.5,5.4,5.3,13.0,100.0,101.9,115.9,
https://www.basketball-reference.com/boxscores/201703250LAC.html,"3:30 PM, March 25, 2017",Los Angeles Clippers,Utah Jazz,108,95,LAC,,,Team Totals,240,38,84,.452,7,27,.259,25,28,.893,11,36,47,14,9,5,10,17,108,,,Team Totals,240,.561,.494,.321,.333,26.2,75.0,52.2,36.8,9.7,8.3,9.4,100.0,115.9,101.9,
https://www.basketball-reference.com/boxscores/201703250POR.html,"10:00 PM, March 25, 2017",Portland Trail Blazers,Minnesota Timberwolves,112,100,MIN,,,Team Totals,240,37,76,.487,2,10,.200,24,32,.750,6,21,27,15,10,3,8,14,100,,,Team Totals,240,.555,.500,.132,.421,16.2,84.0,43.5,40.5,11.2,6.1,8.2,100.0,112.1,125.6,
https://www.basketball-reference.com/boxscores/201703250POR.html,"10:00 PM, March 25, 2017",Portland Trail Blazers,Minnesota Timberwolves,112,100,POR,,,Team Totals,240,45,71,.634,11,22,.500,11,17,.647,4,31,35,24,5,3,15,20,112,,,Team Totals,240,.714,.711,.310,.239,16.0,83.8,56.5,53.3,5.6,4.5,16.0,100.0,125.6,112.1,
https://www.basketball-reference.com/boxscores/201703250SAS.html,"8:30 PM, March 25, 2017",San Antonio Spurs,New York Knicks,106,98,NYK,,,Team Totals,240,41,87,.471,3,10,.300,13,15,.867,12,33,45,24,6,5,16,16,98,,,Team Totals,240,.524,.489,.115,.172,26.1,67.3,47.4,58.5,6.2,6.8,14.6,100.0,101.3,109.6,
https://www.basketball-reference.com/boxscores/201703250SAS.html,"8:30 PM, March 25, 2017",San Antonio Spurs,New York Knicks,106,98,SAS,,,Team Totals,240,45,99,.455,10,25,.400,6,8,.750,16,34,50,28,11,6,14,18,106,,,Team Totals,240,.517,.505,.253,.081,32.7,73.9,52.6,62.2,11.4,7.8,12.0,100.0,109.6,101.3,
https://www.basketball-reference.com/boxscores/201703260ATL.html,"1:00 PM, March 26, 2017",Atlanta Hawks,Brooklyn Nets,92,107,BRK,,,Team Totals,240,38,86,.442,6,22,.273,25,30,.833,12,38,50,21,13,7,18,25,107,,,Team Totals,240,.539,.477,.256,.349,27.3,59.4,46.3,55.3,12.6,9.9,15.4,100.0,103.9,89.3,
https://www.basketball-reference.com/boxscores/201703260ATL.html,"1:00 PM, March 26, 2017",Atlanta Hawks,Brooklyn Nets,92,107,ATL,,,Team Totals,240,34,98,.347,5,27,.185,19,32,.594,26,32,58,16,10,3,21,19,92,,,Team Totals,240,.410,.372,.276,.327,40.6,72.7,53.7,47.1,9.7,4.7,15.8,100.0,89.3,103.9,
https://www.basketball-reference.com/boxscores/201703260BOS.html,"6:00 PM, March 26, 2017",Boston Celtics,Miami Heat,112,108,MIA,,,Team Totals,240,41,91,.451,7,29,.241,19,24,.792,16,24,40,19,9,5,16,22,108,,,Team Totals,240,.532,.489,.319,.264,37.2,75.0,53.3,46.3,9.3,9.4,13.6,100.0,111.9,116.0,
https://www.basketball-reference.com/boxscores/201703260BOS.html,"6:00 PM, March 26, 2017",Boston Celtics,Miami Heat,112,108,BOS,,,Team Totals,240,41,77,.532,8,24,.333,22,25,.880,8,27,35,32,8,3,19,19,112,,,Team Totals,240,.636,.584,.312,.325,25.0,62.8,46.7,78.0,8.3,4.8,17.8,100.0,116.0,111.9,
https://www.basketball-reference.com/boxscores/201703260CHO.html,"1:00 PM, March 26, 2017",Charlotte Hornets,Phoenix Suns,120,106,PHO,,,Team Totals,240,41,81,.506,6,16,.375,18,22,.818,8,31,39,25,6,3,12,17,106,,,Team Totals,240,.584,.543,.198,.272,19.5,79.5,48.8,61.0,6.4,5.3,11.7,100.0,113.3,128.2,
https://www.basketball-reference.com/boxscores/201703260CHO.html,"1:00 PM, March 26, 2017",Charlotte Hornets,Phoenix Suns,120,106,CHO,,,Team Totals,240,42,87,.483,14,30,.467,22,24,.917,8,33,41,29,8,2,7,14,120,,,Team Totals,240,.615,.563,.345,.276,20.5,80.5,51.3,69.0,8.5,3.1,6.7,100.0,128.2,113.3,
https://www.basketball-reference.com/boxscores/201703260DEN.html,"8:00 PM, March 26, 2017",Denver Nuggets,New Orleans Pelicans,90,115,NOP,,,Team Totals,240,48,97,.495,9,27,.333,10,12,.833,10,50,60,29,6,4,9,18,115,,,Team Totals,240,.562,.541,.278,.124,19.6,87.7,55.6,60.4,5.9,5.7,8.1,100.0,113.7,88.9,
https://www.basketball-reference.com/boxscores/201703260DEN.html,"8:00 PM, March 26, 2017",Denver Nuggets,New Orleans Pelicans,90,115,DEN,,,Team Totals,240,36,95,.379,6,25,.240,12,14,.857,7,41,48,21,3,1,9,13,90,,,Team Totals,240,.445,.411,.263,.147,12.3,80.4,44.4,58.3,3.0,1.4,8.2,100.0,88.9,113.7,
https://www.basketball-reference.com/boxscores/201703260GSW.html,"8:00 PM, March 26, 2017",Golden State Warriors,Memphis Grizzlies,106,94,MEM,,,Team Totals,240,38,85,.447,8,29,.276,10,15,.667,13,24,37,21,11,0,15,13,94,,,Team Totals,240,.513,.494,.341,.176,30.2,77.4,50.0,55.3,12.4,0.0,14.1,100.0,105.6,119.1,
https://www.basketball-reference.com/boxscores/201703260GSW.html,"8:00 PM, March 26, 2017",Golden State Warriors,Memphis Grizzlies,106,94,GSW,,,Team Totals,240,39,71,.549,17,31,.548,11,15,.733,7,30,37,30,9,4,18,15,106,,,Team Totals,240,.683,.669,.437,.211,22.6,69.8,50.0,76.9,10.1,7.1,18.8,100.0,119.1,105.6,
https://www.basketball-reference.com/boxscores/201703260HOU.html,"3:30 PM, March 26, 2017",Houston Rockets,Oklahoma City Thunder,137,125,OKC,,,Team Totals,240,47,94,.500,11,30,.367,20,28,.714,15,26,41,27,15,3,16,21,125,,,Team Totals,240,.588,.559,.319,.298,30.6,92.9,53.2,57.4,14.2,7.5,13.1,100.0,118.5,129.9,
https://www.basketball-reference.com/boxscores/201703260HOU.html,"3:30 PM, March 26, 2017",Houston Rockets,Oklahoma City Thunder,137,125,HOU,,,Team Totals,240,50,79,.633,20,39,.513,17,21,.810,2,34,36,32,8,4,20,23,137,,,Team Totals,240,.776,.759,.494,.266,7.1,69.4,46.8,64.0,7.6,6.3,18.5,100.0,129.9,118.5,
https://www.basketball-reference.com/boxscores/201703260IND.html,"6:00 PM, March 26, 2017",Indiana Pacers,Philadelphia 76ers,107,94,PHI,,,Team Totals,240,35,88,.398,14,41,.341,10,14,.714,8,40,48,19,7,5,16,23,94,,,Team Totals,240,.499,.477,.466,.159,17.0,76.9,48.5,54.3,7.0,6.9,14.5,100.0,94.5,107.6,
https://www.basketball-reference.com/boxscores/201703260IND.html,"6:00 PM, March 26, 2017",Indiana Pacers,Philadelphia 76ers,107,94,IND,,,Team Totals,240,38,89,.427,7,17,.412,24,29,.828,12,39,51,16,9,4,11,13,107,,,Team Totals,240,.526,.466,.191,.326,23.1,83.0,51.5,42.1,9.0,8.5,9.8,100.0,107.6,94.5,
https://www.basketball-reference.com/boxscores/201703260LAC.html,"3:30 PM, March 26, 2017",Los Angeles Clippers,Sacramento Kings,97,98,SAC,,,Team Totals,240,38,84,.452,13,28,.464,9,13,.692,6,40,46,23,5,4,12,25,98,,,Team Totals,240,.546,.530,.333,.155,13.3,87.0,50.5,60.5,5.3,8.2,11.8,100.0,104.6,103.5,
https://www.basketball-reference.com/boxscores/201703260LAC.html,"3:30 PM, March 26, 2017",Los Angeles Clippers,Sacramento Kings,97,98,LAC,,,Team Totals,240,32,78,.410,10,29,.345,23,28,.821,6,39,45,20,7,2,10,14,97,,,Team Totals,240,.537,.474,.372,.359,13.0,86.7,49.5,62.5,7.5,3.6,10.0,100.0,103.5,104.6,
https://www.basketball-reference.com/boxscores/201703260LAL.html,"9:30 PM, March 26, 2017",Los Angeles Lakers,Portland Trail Blazers,81,97,POR,,,Team Totals,240,36,89,.404,12,28,.429,13,18,.722,12,49,61,24,8,4,13,16,97,,,Team Totals,240,.500,.472,.315,.202,22.6,98.0,59.2,66.7,8.2,6.3,11.8,100.0,98.9,82.6,
https://www.basketball-reference.com/boxscores/201703260LAL.html,"9:30 PM, March 26, 2017",Los Angeles Lakers,Portland Trail Blazers,81,97,LAL,,,Team Totals,240,33,84,.393,5,21,.238,10,17,.588,1,41,42,19,6,3,10,17,81,,,Team Totals,240,.443,.423,.250,.202,2.0,77.4,40.8,57.6,6.1,4.9,9.9,100.0,82.6,98.9,
https://www.basketball-reference.com/boxscores/201703260MIL.html,"3:30 PM, March 26, 2017",Milwaukee Bucks,Chicago Bulls,94,109,CHI,,,Team Totals,240,46,85,.541,10,21,.476,7,10,.700,10,39,49,33,4,2,15,16,109,,,Team Totals,240,.610,.600,.247,.118,28.6,81.3,59.0,71.7,4.4,3.3,14.4,100.0,118.8,102.5,
https://www.basketball-reference.com/boxscores/201703260MIL.html,"3:30 PM, March 26, 2017",Milwaukee Bucks,Chicago Bulls,94,109,MIL,,,Team Totals,240,37,84,.440,7,23,.304,13,17,.765,9,25,34,20,8,0,10,9,94,,,Team Totals,240,.514,.482,.274,.202,18.8,71.4,41.0,54.1,8.7,0.0,9.9,100.0,102.5,118.8,
https://www.basketball-reference.com/boxscores/201703270DAL.html,"8:30 PM, March 27, 2017",Dallas Mavericks,Oklahoma City Thunder,91,92,OKC,,,Team Totals,240,37,85,.435,6,23,.261,12,14,.857,11,37,48,17,10,7,18,21,92,,,Team Totals,240,.505,.471,.271,.165,26.2,82.2,55.2,45.9,10.6,13.7,16.5,100.0,97.5,96.4,
https://www.basketball-reference.com/boxscores/201703270DAL.html,"8:30 PM, March 27, 2017",Dallas Mavericks,Oklahoma City Thunder,91,92,DAL,,,Team Totals,240,33,80,.413,10,29,.345,15,19,.789,8,31,39,23,12,4,15,16,91,,,Team Totals,240,.515,.475,.363,.238,17.8,73.8,44.8,69.7,12.7,6.5,14.5,100.0,96.4,97.5,
https://www.basketball-reference.com/boxscores/201703270NYK.html,"7:30 PM, March 27, 2017",New York Knicks,Detroit Pistons,109,95,DET,,,Team Totals,240,36,84,.429,9,23,.391,14,21,.667,12,30,42,18,4,3,20,16,95,,,Team Totals,240,.509,.482,.274,.250,26.7,88.2,53.2,50.0,4.1,4.8,17.7,100.0,96.9,111.2,
https://www.basketball-reference.com/boxscores/201703270NYK.html,"7:30 PM, March 27, 2017",New York Knicks,Detroit Pistons,109,95,NYK,,,Team Totals,240,45,84,.536,7,21,.333,12,13,.923,4,33,37,26,13,5,13,16,109,,,Team Totals,240,.607,.577,.250,.155,11.8,73.3,46.8,57.8,13.3,8.2,12.7,100.0,111.2,96.9,
https://www.basketball-reference.com/boxscores/201703270SAC.html,"10:30 PM, March 27, 2017",Sacramento Kings,Memphis Grizzlies,91,90,MEM,,,Team Totals,240,31,90,.344,5,26,.192,23,29,.793,19,26,45,15,4,2,8,18,90,,,Team Totals,240,.438,.372,.289,.322,40.4,76.5,55.6,48.4,4.8,4.8,7.2,100.0,108.4,109.6,
https://www.basketball-reference.com/boxscores/201703270SAC.html,"10:30 PM, March 27, 2017",Sacramento Kings,Memphis Grizzlies,91,90,SAC,,,Team Totals,240,31,67,.463,6,25,.240,23,30,.767,8,28,36,16,4,6,12,23,91,,,Team Totals,240,.567,.507,.373,.448,23.5,59.6,44.4,51.6,4.8,9.4,13.0,100.0,109.6,108.4,
https://www.basketball-reference.com/boxscores/201703270SAS.html,"8:00 PM, March 27, 2017",San Antonio Spurs,Cleveland Cavaliers,103,74,CLE,,,Team Totals,240,31,83,.373,4,26,.154,8,13,.615,9,31,40,20,8,2,19,20,74,,,Team Totals,240,.417,.398,.313,.157,17.6,75.6,43.5,64.5,8.4,3.3,17.6,100.0,77.7,108.2,
https://www.basketball-reference.com/boxscores/201703270SAS.html,"8:00 PM, March 27, 2017",San Antonio Spurs,Cleveland Cavaliers,103,74,SAS,,,Team Totals,240,41,86,.477,7,26,.269,14,17,.824,10,42,52,24,11,7,12,18,103,,,Team Totals,240,.551,.517,.302,.198,24.4,82.4,56.5,58.5,11.6,12.3,11.4,100.0,108.2,77.7,
https://www.basketball-reference.com/boxscores/201703270TOR.html,"7:30 PM, March 27, 2017",Toronto Raptors,Orlando Magic,131,112,ORL,,,Team Totals,240,43,88,.489,4,20,.200,22,28,.786,8,25,33,19,11,3,12,23,112,,,Team Totals,240,.558,.511,.227,.318,19.0,73.5,43.4,44.2,10.8,4.4,10.7,100.0,109.6,128.2,
https://www.basketball-reference.com/boxscores/201703270TOR.html,"7:30 PM, March 27, 2017",Toronto Raptors,Orlando Magic,131,112,TOR,,,Team Totals,240,49,83,.590,10,15,.667,23,35,.657,9,34,43,24,7,8,15,25,131,,,Team Totals,240,.666,.651,.181,.422,26.5,81.0,56.6,49.0,6.8,11.8,13.2,100.0,128.2,109.6,
https://www.basketball-reference.com/boxscores/201703270UTA.html,"10:30 PM, March 27, 2017",Utah Jazz,New Orleans Pelicans,108,100,NOP,,,Team Totals,240,37,80,.463,10,25,.400,16,24,.667,5,32,37,17,7,7,9,17,100,,,Team Totals,240,.552,.525,.313,.300,11.6,74.4,43.0,45.9,7.6,12.1,9.0,100.0,107.9,116.5,
https://www.basketball-reference.com/boxscores/201703270UTA.html,"10:30 PM, March 27, 2017",Utah Jazz,New Orleans Pelicans,108,100,UTA,,,Team Totals,240,41,85,.482,15,27,.556,11,18,.611,11,38,49,27,6,7,12,22,108,,,Team Totals,240,.581,.571,.318,.212,25.6,88.4,57.0,65.9,6.5,12.7,11.4,100.0,116.5,107.9,
https://www.basketball-reference.com/boxscores/201703280ATL.html,"7:30 PM, March 28, 2017",Atlanta Hawks,Phoenix Suns,95,91,PHO,,,Team Totals,240,35,96,.365,7,31,.226,14,24,.583,14,34,48,25,12,6,15,31,91,,,Team Totals,240,.427,.401,.323,.250,25.0,79.1,48.5,71.4,11.5,10.3,12.3,100.0,87.3,91.1,
https://www.basketball-reference.com/boxscores/201703280ATL.html,"7:30 PM, March 28, 2017",Atlanta Hawks,Phoenix Suns,95,91,ATL,,,Team Totals,240,34,85,.400,6,27,.222,21,29,.724,9,42,51,24,5,6,19,23,95,,,Team Totals,240,.486,.435,.318,.341,20.9,75.0,51.5,70.6,4.8,9.2,16.3,100.0,91.1,87.3,
https://www.basketball-reference.com/boxscores/201703280BRK.html,"7:30 PM, March 28, 2017",Brooklyn Nets,Philadelphia 76ers,101,106,PHI,,,Team Totals,240,39,91,.429,10,33,.303,18,21,.857,12,41,53,21,7,9,16,23,106,,,Team Totals,240,.529,.484,.363,.231,24.5,75.9,51.5,53.8,6.9,14.5,13.8,100.0,103.9,99.0,
https://www.basketball-reference.com/boxscores/201703280BRK.html,"7:30 PM, March 28, 2017",Brooklyn Nets,Philadelphia 76ers,101,106,BRK,,,Team Totals,240,38,94,.404,9,32,.281,16,24,.667,13,37,50,22,11,5,13,19,101,,,Team Totals,240,.483,.452,.340,.255,24.1,75.5,48.5,57.9,10.8,8.6,11.1,100.0,99.0,103.9,
https://www.basketball-reference.com/boxscores/201703280CHO.html,"7:00 PM, March 28, 2017",Charlotte Hornets,Milwaukee Bucks,108,118,MIL,,,Team Totals,240,46,74,.622,14,30,.467,12,17,.706,3,39,42,31,1,3,14,26,118,,,Team Totals,240,.724,.716,.405,.230,10.3,88.6,57.5,67.4,1.1,5.8,14.7,100.0,129.4,118.5,
https://www.basketball-reference.com/boxscores/201703280CHO.html,"7:00 PM, March 28, 2017",Charlotte Hornets,Milwaukee Bucks,108,118,CHO,,,Team Totals,240,39,80,.488,7,28,.250,23,29,.793,5,26,31,25,7,1,4,12,108,,,Team Totals,240,.582,.531,.350,.363,11.4,89.7,42.5,64.1,7.7,2.3,4.1,100.0,118.5,129.4,
https://www.basketball-reference.com/boxscores/201703280DET.html,"7:30 PM, March 28, 2017",Detroit Pistons,Miami Heat,96,97,MIA,,,Team Totals,240,36,79,.456,5,21,.238,20,28,.714,11,33,44,18,5,4,13,18,97,,,Team Totals,240,.531,.487,.266,.354,23.9,67.3,46.3,50.0,5.5,6.9,12.5,100.0,106.9,105.8,
https://www.basketball-reference.com/boxscores/201703280DET.html,"7:30 PM, March 28, 2017",Detroit Pistons,Miami Heat,96,97,DET,,,Team Totals,240,36,85,.424,8,27,.296,16,21,.762,16,35,51,20,7,5,13,23,96,,,Team Totals,240,.509,.471,.318,.247,32.7,76.1,53.7,55.6,7.7,8.6,12.1,100.0,105.8,106.9,
https://www.basketball-reference.com/boxscores/201703280HOU.html,"8:00 PM, March 28, 2017",Houston Rockets,Golden State Warriors,106,113,GSW,,,Team Totals,240,45,88,.511,11,41,.268,12,16,.750,8,36,44,33,9,7,17,29,113,,,Team Totals,240,.594,.574,.466,.182,22.2,78.3,53.7,73.3,8.8,13.0,15.2,100.0,111.0,104.1,
https://www.basketball-reference.com/boxscores/201703280HOU.html,"8:00 PM, March 28, 2017",Houston Rockets,Golden State Warriors,106,113,HOU,,,Team Totals,240,33,85,.388,5,31,.161,35,39,.897,10,28,38,20,9,2,14,14,106,,,Team Totals,240,.519,.418,.365,.459,21.7,77.8,46.3,60.6,8.8,4.3,12.1,100.0,104.1,111.0,
https://www.basketball-reference.com/boxscores/201703280IND.html,"7:00 PM, March 28, 2017",Indiana Pacers,Minnesota Timberwolves,114,115,MIN,,,Team Totals,240,37,78,.474,9,20,.450,32,37,.865,11,24,35,22,10,9,14,22,115,,,Team Totals,240,.610,.532,.256,.474,29.7,68.6,48.6,59.5,10.5,14.3,12.9,100.0,121.1,120.0,
https://www.basketball-reference.com/boxscores/201703280IND.html,"7:00 PM, March 28, 2017",Indiana Pacers,Minnesota Timberwolves,114,115,IND,,,Team Totals,240,40,81,.494,5,18,.278,29,35,.829,11,26,37,25,8,5,15,22,114,,,Team Totals,240,.591,.525,.222,.432,31.4,70.3,51.4,62.5,8.4,8.6,13.5,100.0,120.0,121.1,
https://www.basketball-reference.com/boxscores/201703280LAL.html,"10:30 PM, March 28, 2017",Los Angeles Lakers,Washington Wizards,108,119,WAS,,,Team Totals,240,48,94,.511,6,23,.261,17,25,.680,13,28,41,24,12,3,13,20,119,,,Team Totals,240,.567,.543,.245,.266,28.9,71.8,48.8,50.0,12.0,4.8,11.0,100.0,119.3,108.3,
https://www.basketball-reference.com/boxscores/201703280LAL.html,"10:30 PM, March 28, 2017",Los Angeles Lakers,Washington Wizards,108,119,LAL,,,Team Totals,240,43,85,.506,8,22,.364,14,16,.875,11,32,43,21,6,9,18,19,108,,,Team Totals,240,.587,.553,.259,.188,28.2,71.1,51.2,48.8,6.0,12.7,16.4,100.0,108.3,119.3,
https://www.basketball-reference.com/boxscores/201703280POR.html,"10:00 PM, March 28, 2017",Portland Trail Blazers,Denver Nuggets,122,113,DEN,,,Team Totals,240,44,94,.468,9,30,.300,16,20,.800,12,35,47,23,3,6,13,24,113,,,Team Totals,240,.550,.516,.319,.213,27.3,70.0,50.0,52.3,3.0,9.4,11.2,100.0,113.7,122.7,
https://www.basketball-reference.com/boxscores/201703280POR.html,"10:00 PM, March 28, 2017",Portland Trail Blazers,Denver Nuggets,122,113,POR,,,Team Totals,240,45,91,.495,8,27,.296,24,33,.727,15,32,47,15,8,5,9,18,122,,,Team Totals,240,.578,.538,.297,.363,30.0,72.7,50.0,33.3,8.0,7.8,7.9,100.0,122.7,113.7,
https://www.basketball-reference.com/boxscores/201703290BOS.html,"7:30 PM, March 29, 2017",Boston Celtics,Milwaukee Bucks,100,103,MIL,,,Team Totals,240,41,78,.526,8,22,.364,13,17,.765,7,28,35,27,9,8,16,21,103,,,Team Totals,240,.602,.577,.282,.218,20.6,65.1,45.5,65.9,9.7,15.7,15.8,100.0,110.7,107.5,
https://www.basketball-reference.com/boxscores/201703290BOS.html,"7:30 PM, March 29, 2017",Boston Celtics,Milwaukee Bucks,100,103,BOS,,,Team Totals,240,35,88,.398,12,37,.324,18,23,.783,15,27,42,24,8,3,16,18,100,,,Team Totals,240,.510,.466,.420,.261,34.9,79.4,54.5,68.6,8.6,5.4,14.0,100.0,107.5,110.7,
https://www.basketball-reference.com/boxscores/201703290LAC.html,"10:30 PM, March 29, 2017",Los Angeles Clippers,Washington Wizards,133,124,WAS,,,Team Totals,240,46,93,.495,13,34,.382,19,29,.655,14,29,43,22,7,0,11,31,124,,,Team Totals,240,.586,.565,.366,.312,29.8,78.4,51.2,47.8,7.0,0.0,9.4,100.0,123.9,132.9,
https://www.basketball-reference.com/boxscores/201703290LAC.html,"10:30 PM, March 29, 2017",Los Angeles Clippers,Washington Wizards,133,124,LAC,,,Team Totals,240,47,83,.566,12,30,.400,27,37,.730,8,33,41,27,6,4,10,22,133,,,Team Totals,240,.670,.639,.361,.446,21.6,70.2,48.8,57.4,6.0,6.8,9.2,100.0,132.9,123.9,
https://www.basketball-reference.com/boxscores/201703290MEM.html,"8:00 PM, March 29, 2017",Memphis Grizzlies,Indiana Pacers,110,97,IND,,,Team Totals,240,37,85,.435,10,25,.400,13,15,.867,12,31,43,19,5,7,12,18,97,,,Team Totals,240,.529,.494,.294,.176,26.1,77.5,50.0,51.4,5.5,12.5,11.6,100.0,106.9,121.2,
https://www.basketball-reference.com/boxscores/201703290MEM.html,"8:00 PM, March 29, 2017",Memphis Grizzlies,Indiana Pacers,110,97,MEM,,,Team Totals,240,41,88,.466,12,32,.375,16,18,.889,9,34,43,22,8,3,8,19,110,,,Team Totals,240,.573,.534,.364,.205,22.5,73.9,50.0,53.7,8.8,5.0,7.7,100.0,121.2,106.9,
https://www.basketball-reference.com/boxscores/201703290NOP.html,"8:00 PM, March 29, 2017",New Orleans Pelicans,Dallas Mavericks,121,118,DAL,,,Team Totals,240,44,91,.484,14,27,.519,16,17,.941,8,30,38,25,3,4,5,21,118,,,Team Totals,240,.599,.560,.297,.187,19.5,73.2,46.3,56.8,3.3,7.4,4.8,100.0,128.2,131.4,
https://www.basketball-reference.com/boxscores/201703290NOP.html,"8:00 PM, March 29, 2017",New Orleans Pelicans,Dallas Mavericks,121,118,NOP,,,Team Totals,240,42,84,.500,12,30,.400,25,33,.758,11,33,44,26,5,5,6,18,121,,,Team Totals,240,.614,.571,.357,.393,26.8,80.5,53.7,61.9,5.4,7.8,5.7,100.0,131.4,128.2,
https://www.basketball-reference.com/boxscores/201703290NYK.html,"7:30 PM, March 29, 2017",New York Knicks,Miami Heat,88,105,MIA,,,Team Totals,240,40,84,.476,12,25,.480,13,17,.765,8,32,40,18,11,7,11,23,105,,,Team Totals,240,.574,.548,.298,.202,18.6,65.3,43.5,45.0,11.9,10.9,10.7,100.0,113.1,94.8,
https://www.basketball-reference.com/boxscores/201703290NYK.html,"7:30 PM, March 29, 2017",New York Knicks,Miami Heat,88,105,NYK,,,Team Totals,240,33,89,.371,5,25,.200,17,21,.810,17,35,52,19,2,6,16,16,88,,,Team Totals,240,.448,.399,.281,.236,34.7,81.4,56.5,57.6,2.2,10.2,14.0,100.0,94.8,113.1,
https://www.basketball-reference.com/boxscores/201703290ORL.html,"7:00 PM, March 29, 2017",Orlando Magic,Oklahoma City Thunder,106,114,OKC,,,Team Totals,265,43,102,.422,10,33,.303,18,28,.643,11,46,57,18,11,7,12,20,114,,,Team Totals,265,.499,.471,.324,.275,20.8,80.7,51.8,41.9,9.9,10.4,9.5,100.0,102.7,95.5,
https://www.basketball-reference.com/boxscores/201703290ORL.html,"7:00 PM, March 29, 2017",Orlando Magic,Oklahoma City Thunder,106,114,ORL,,,Team Totals,265,39,97,.402,9,30,.300,19,27,.704,11,42,53,24,9,8,14,22,106,,,Team Totals,265,.487,.448,.309,.278,19.3,79.2,48.2,61.5,8.1,11.6,11.4,100.0,95.5,102.7,
https://www.basketball-reference.com/boxscores/201703290PHI.html,"7:00 PM, March 29, 2017",Philadelphia 76ers,Atlanta Hawks,92,99,ATL,,,Team Totals,240,34,80,.425,9,18,.500,22,26,.846,15,32,47,19,7,3,17,15,99,,,Team Totals,240,.541,.481,.225,.325,35.7,71.1,54.0,55.9,7.8,6.3,15.7,100.0,109.7,102.0,
https://www.basketball-reference.com/boxscores/201703290PHI.html,"7:00 PM, March 29, 2017",Philadelphia 76ers,Atlanta Hawks,92,99,PHI,,,Team Totals,240,36,87,.414,11,39,.282,9,11,.818,13,27,40,30,7,3,15,19,92,,,Team Totals,240,.501,.477,.448,.126,28.9,64.3,46.0,83.3,7.8,4.8,14.0,100.0,102.0,109.7,
https://www.basketball-reference.com/boxscores/201703290SAC.html,"10:30 PM, March 29, 2017",Sacramento Kings,Utah Jazz,82,112,UTA,,,Team Totals,240,42,79,.532,13,31,.419,15,19,.789,7,36,43,22,10,3,11,18,112,,,Team Totals,240,.641,.614,.392,.241,18.9,94.7,57.3,52.4,10.9,5.0,11.2,100.0,122.4,89.6,
https://www.basketball-reference.com/boxscores/201703290SAC.html,"10:30 PM, March 29, 2017",Sacramento Kings,Utah Jazz,82,112,SAC,,,Team Totals,240,34,75,.453,2,15,.133,12,18,.667,2,30,32,14,7,1,13,17,82,,,Team Totals,240,.494,.467,.200,.240,5.3,81.1,42.7,41.2,7.7,2.1,13.6,100.0,89.6,122.4,
https://www.basketball-reference.com/boxscores/201703290SAS.html,"9:30 PM, March 29, 2017",San Antonio Spurs,Golden State Warriors,98,110,GSW,,,Team Totals,240,43,85,.506,13,26,.500,11,11,1.000,10,25,35,31,7,7,15,22,110,,,Team Totals,240,.612,.582,.306,.129,27.8,61.0,45.5,72.1,7.7,11.9,14.3,100.0,121.0,107.8,
https://www.basketball-reference.com/boxscores/201703290SAS.html,"9:30 PM, March 29, 2017",San Antonio Spurs,Golden State Warriors,98,110,SAS,,,Team Totals,240,34,83,.410,9,24,.375,21,26,.808,16,26,42,20,9,9,17,12,98,,,Team Totals,240,.519,.464,.289,.313,39.0,72.2,54.5,58.8,9.9,15.3,15.3,100.0,107.8,121.0,
https://www.basketball-reference.com/boxscores/201703290TOR.html,"7:30 PM, March 29, 2017",Toronto Raptors,Charlotte Hornets,106,110,CHO,,,Team Totals,240,39,86,.453,16,32,.500,16,21,.762,11,27,38,23,6,2,9,18,110,,,Team Totals,240,.577,.547,.372,.244,26.2,67.5,46.3,59.0,6.6,3.8,8.6,100.0,121.4,117.0,
https://www.basketball-reference.com/boxscores/201703290TOR.html,"7:30 PM, March 29, 2017",Toronto Raptors,Charlotte Hornets,106,110,TOR,,,Team Totals,240,38,83,.458,11,31,.355,19,24,.792,13,31,44,23,4,7,14,22,106,,,Team Totals,240,.566,.524,.373,.289,32.5,73.8,53.7,60.5,4.4,13.0,13.0,100.0,117.0,121.4,
https://www.basketball-reference.com/boxscores/201703300CHI.html,"8:00 PM, March 30, 2017",Chicago Bulls,Cleveland Cavaliers,99,93,CLE,,,Team Totals,240,37,83,.446,10,27,.370,9,16,.563,9,35,44,23,6,5,15,22,93,,,Team Totals,240,.516,.506,.325,.193,20.0,70.0,46.3,62.2,6.3,7.7,14.3,100.0,98.4,104.7,
https://www.basketball-reference.com/boxscores/201703300CHI.html,"8:00 PM, March 30, 2017",Chicago Bulls,Cleveland Cavaliers,99,93,CHI,,,Team Totals,240,38,90,.422,12,25,.480,11,18,.611,15,36,51,26,11,3,14,15,99,,,Team Totals,240,.506,.489,.278,.200,30.0,80.0,53.7,68.4,11.6,5.4,12.5,100.0,104.7,98.4,
https://www.basketball-reference.com/boxscores/201703300DET.html,"7:30 PM, March 30, 2017",Detroit Pistons,Brooklyn Nets,90,89,BRK,,,Team Totals,240,35,92,.380,10,31,.323,9,12,.750,8,38,46,17,4,4,13,16,89,,,Team Totals,240,.457,.435,.337,.130,16.0,77.6,46.5,48.6,4.1,5.9,11.8,100.0,90.4,91.4,
https://www.basketball-reference.com/boxscores/201703300DET.html,"7:30 PM, March 30, 2017",Detroit Pistons,Brooklyn Nets,90,89,DET,,,Team Totals,240,36,86,.419,7,18,.389,11,17,.647,11,42,53,20,6,7,16,11,90,,,Team Totals,240,.481,.459,.209,.198,22.4,84.0,53.5,55.6,6.1,11.5,14.6,100.0,91.4,90.4,
https://www.basketball-reference.com/boxscores/201703300MIN.html,"8:00 PM, March 30, 2017",Minnesota Timberwolves,Los Angeles Lakers,119,104,LAL,,,Team Totals,240,40,84,.476,9,27,.333,15,16,.938,14,28,42,20,4,5,17,22,104,,,Team Totals,240,.571,.530,.321,.190,35.0,66.7,51.2,50.0,4.3,7.4,15.7,100.0,111.5,127.6,
https://www.basketball-reference.com/boxscores/201703300MIN.html,"8:00 PM, March 30, 2017",Minnesota Timberwolves,Los Angeles Lakers,119,104,MIN,,,Team Totals,240,43,89,.483,10,21,.476,23,30,.767,14,26,40,30,9,5,11,20,119,,,Team Totals,240,.582,.539,.236,.337,33.3,65.0,48.8,69.8,9.7,8.8,9.7,100.0,127.6,111.5,
https://www.basketball-reference.com/boxscores/201703300PHO.html,"10:00 PM, March 30, 2017",Phoenix Suns,Los Angeles Clippers,118,124,LAC,,,Team Totals,240,44,80,.550,12,22,.545,24,34,.706,7,32,39,20,4,4,15,21,124,,,Team Totals,240,.653,.625,.275,.425,18.9,71.1,47.6,45.5,3.9,5.8,13.6,100.0,121.8,115.9,
https://www.basketball-reference.com/boxscores/201703300PHO.html,"10:00 PM, March 30, 2017",Phoenix Suns,Los Angeles Clippers,118,124,PHO,,,Team Totals,240,49,92,.533,7,23,.304,13,24,.542,13,30,43,24,6,2,14,27,118,,,Team Totals,240,.575,.571,.250,.261,28.9,81.1,52.4,49.0,5.9,3.4,12.0,100.0,115.9,121.8,
https://www.basketball-reference.com/boxscores/201703300POR.html,"10:30 PM, March 30, 2017",Portland Trail Blazers,Houston Rockets,117,107,HOU,,,Team Totals,240,40,91,.440,8,34,.235,19,23,.826,13,29,42,18,9,3,18,20,107,,,Team Totals,240,.529,.484,.374,.253,30.2,72.5,50.6,45.0,9.1,5.3,15.1,100.0,107.7,117.8,
https://www.basketball-reference.com/boxscores/201703300POR.html,"10:30 PM, March 30, 2017",Portland Trail Blazers,Houston Rockets,117,107,POR,,,Team Totals,240,43,90,.478,13,33,.394,18,22,.818,11,30,41,24,12,8,12,16,117,,,Team Totals,240,.587,.550,.367,.244,27.5,69.8,49.4,55.8,12.1,14.0,10.7,100.0,117.8,107.7,
https://www.basketball-reference.com/boxscores/201703310BOS.html,"7:30 PM, March 31, 2017",Boston Celtics,Orlando Magic,117,116,ORL,,,Team Totals,240,40,98,.408,12,30,.400,24,25,.960,11,37,48,28,9,4,9,21,116,,,Team Totals,240,.532,.469,.306,.255,21.6,88.1,51.6,70.0,8.7,7.8,7.6,100.0,112.4,113.4,
https://www.basketball-reference.com/boxscores/201703310BOS.html,"7:30 PM, March 31, 2017",Boston Celtics,Orlando Magic,117,116,BOS,,,Team Totals,240,38,84,.452,12,33,.364,29,34,.853,5,40,45,27,6,5,11,18,117,,,Team Totals,240,.591,.524,.393,.405,11.9,78.4,48.4,71.1,5.8,7.4,10.0,100.0,113.4,112.4,
https://www.basketball-reference.com/boxscores/201703310CHO.html,"7:00 PM, March 31, 2017",Charlotte Hornets,Denver Nuggets,122,114,DEN,,,Team Totals,240,45,90,.500,16,33,.485,8,11,.727,10,39,49,32,4,1,13,19,114,,,Team Totals,240,.601,.589,.367,.122,23.3,79.6,53.3,71.1,4.2,2.0,12.1,100.0,119.3,127.6,
https://www.basketball-reference.com/boxscores/201703310CHO.html,"7:00 PM, March 31, 2017",Charlotte Hornets,Denver Nuggets,122,114,CHO,,,Team Totals,240,40,86,.465,17,36,.472,25,30,.833,10,33,43,26,10,11,7,17,122,,,Team Totals,240,.615,.564,.419,.349,20.4,76.7,46.7,65.0,10.5,19.3,6.6,100.0,127.6,119.3,
https://www.basketball-reference.com/boxscores/201703310CLE.html,"7:30 PM, March 31, 2017",Cleveland Cavaliers,Philadelphia 76ers,122,105,PHI,,,Team Totals,240,40,82,.488,11,33,.333,14,19,.737,7,35,42,26,7,2,18,21,105,,,Team Totals,240,.581,.555,.402,.232,16.3,72.9,46.2,65.0,7.1,3.0,16.6,100.0,106.3,123.5,
https://www.basketball-reference.com/boxscores/201703310CLE.html,"7:30 PM, March 31, 2017",Cleveland Cavaliers,Philadelphia 76ers,122,105,CLE,,,Team Totals,240,50,95,.526,13,29,.448,9,16,.563,13,36,49,30,8,4,9,16,122,,,Team Totals,240,.598,.595,.305,.168,27.1,83.7,53.8,60.0,8.1,8.2,8.1,100.0,123.5,106.3,
https://www.basketball-reference.com/boxscores/201703310GSW.html,"10:30 PM, March 31, 2017",Golden State Warriors,Houston Rockets,107,98,HOU,,,Team Totals,240,34,91,.374,12,37,.324,18,23,.783,18,30,48,20,6,3,15,12,98,,,Team Totals,240,.485,.440,.407,.253,37.5,69.8,52.7,58.8,6.4,4.8,12.9,100.0,104.2,113.8,
https://www.basketball-reference.com/boxscores/201703310GSW.html,"10:30 PM, March 31, 2017",Golden State Warriors,Houston Rockets,107,98,GSW,,,Team Totals,240,43,95,.453,11,32,.344,10,14,.714,13,30,43,27,10,14,12,20,107,,,Team Totals,240,.529,.511,.337,.147,30.2,62.5,47.3,62.8,10.6,25.9,10.6,100.0,113.8,104.2,
https://www.basketball-reference.com/boxscores/201703310MEM.html,"8:00 PM, March 31, 2017",Memphis Grizzlies,Dallas Mavericks,99,90,DAL,,,Team Totals,240,29,76,.382,12,34,.353,20,25,.800,6,32,38,15,7,4,9,21,90,,,Team Totals,240,.517,.461,.447,.329,13.3,80.0,44.7,51.7,7.9,8.3,9.4,100.0,101.8,112.0,
https://www.basketball-reference.com/boxscores/201703310MEM.html,"8:00 PM, March 31, 2017",Memphis Grizzlies,Dallas Mavericks,99,90,MEM,,,Team Totals,240,35,75,.467,11,27,.407,18,20,.900,8,39,47,23,4,4,14,22,99,,,Team Totals,240,.591,.540,.360,.267,20.0,86.7,55.3,65.7,4.5,9.5,14.3,100.0,112.0,101.8,
https://www.basketball-reference.com/boxscores/201703310MIA.html,"8:00 PM, March 31, 2017",Miami Heat,New York Knicks,94,98,NYK,,,Team Totals,240,38,80,.475,6,16,.375,16,17,.941,8,31,39,25,9,5,14,18,98,,,Team Totals,240,.560,.513,.200,.213,21.1,73.8,48.8,65.8,9.8,10.0,13.8,100.0,106.2,101.8,
https://www.basketball-reference.com/boxscores/201703310MIA.html,"8:00 PM, March 31, 2017",Miami Heat,New York Knicks,94,98,MIA,,,Team Totals,240,34,83,.410,8,33,.242,18,25,.720,11,30,41,17,5,4,14,17,94,,,Team Totals,240,.500,.458,.398,.301,26.2,78.9,51.3,50.0,5.4,6.3,13.0,100.0,101.8,106.2,
https://www.basketball-reference.com/boxscores/201703310MIL.html,"8:00 PM, March 31, 2017",Milwaukee Bucks,Detroit Pistons,108,105,DET,,,Team Totals,265,44,97,.454,7,30,.233,10,16,.625,13,41,54,25,8,4,12,27,105,,,Team Totals,265,.505,.490,.309,.165,25.0,82.0,52.9,56.8,7.9,8.3,10.3,100.0,104.3,107.3,
https://www.basketball-reference.com/boxscores/201703310MIL.html,"8:00 PM, March 31, 2017",Milwaukee Bucks,Detroit Pistons,108,105,MIL,,,Team Totals,265,35,84,.417,14,36,.389,24,34,.706,9,39,48,25,6,3,12,18,108,,,Team Totals,265,.546,.500,.429,.405,18.0,75.0,47.1,71.4,6.0,4.5,10.8,100.0,107.3,104.3,
https://www.basketball-reference.com/boxscores/201703310NOP.html,"8:00 PM, March 31, 2017",New Orleans Pelicans,Sacramento Kings,117,89,SAC,,,Team Totals,240,35,90,.389,6,20,.300,13,17,.765,14,38,52,18,7,6,21,17,89,,,Team Totals,240,.457,.422,.222,.189,28.6,79.2,53.6,51.4,6.8,9.7,17.7,100.0,87.0,114.3,
https://www.basketball-reference.com/boxscores/201703310NOP.html,"8:00 PM, March 31, 2017",New Orleans Pelicans,Sacramento Kings,117,89,NOP,,,Team Totals,240,46,95,.484,10,33,.303,15,19,.789,10,35,45,28,16,12,12,13,117,,,Team Totals,240,.566,.537,.347,.200,20.8,71.4,46.4,60.9,15.6,17.1,10.4,100.0,114.3,87.0,
https://www.basketball-reference.com/boxscores/201703310OKC.html,"8:00 PM, March 31, 2017",Oklahoma City Thunder,San Antonio Spurs,95,100,SAS,,,Team Totals,240,37,85,.435,9,27,.333,17,27,.630,13,28,41,23,8,11,14,23,100,,,Team Totals,240,.516,.488,.318,.318,28.3,68.3,47.1,62.2,8.5,18.3,12.6,100.0,105.9,100.6,
https://www.basketball-reference.com/boxscores/201703310OKC.html,"8:00 PM, March 31, 2017",Oklahoma City Thunder,San Antonio Spurs,95,100,OKC,,,Team Totals,240,33,81,.407,6,21,.286,23,27,.852,13,33,46,21,7,3,18,21,95,,,Team Totals,240,.511,.444,.259,.333,31.7,71.7,52.9,63.6,7.4,5.2,16.2,100.0,100.6,105.9,
https://www.basketball-reference.com/boxscores/201703310TOR.html,"7:00 PM, March 31, 2017",Toronto Raptors,Indiana Pacers,111,100,IND,,,Team Totals,240,36,87,.414,11,26,.423,17,21,.810,12,30,42,19,7,4,14,21,100,,,Team Totals,240,.520,.477,.299,.241,24.5,65.2,44.2,52.8,7.4,7.3,12.7,100.0,105.7,117.3,
https://www.basketball-reference.com/boxscores/201703310TOR.html,"7:00 PM, March 31, 2017",Toronto Raptors,Indiana Pacers,111,100,TOR,,,Team Totals,240,37,82,.451,14,27,.519,23,35,.657,16,37,53,23,7,5,14,23,111,,,Team Totals,240,.570,.537,.329,.427,34.8,75.5,55.8,62.2,7.4,8.2,12.6,100.0,117.3,105.7,
https://www.basketball-reference.com/boxscores/201703310UTA.html,"9:00 PM, March 31, 2017",Utah Jazz,Washington Wizards,95,88,WAS,,,Team Totals,240,35,87,.402,5,17,.294,13,16,.813,14,31,45,12,8,1,15,23,88,,,Team Totals,240,.468,.431,.195,.184,28.6,81.6,51.7,34.3,8.8,2.1,13.8,100.0,97.1,104.8,
https://www.basketball-reference.com/boxscores/201703310UTA.html,"9:00 PM, March 31, 2017",Utah Jazz,Washington Wizards,95,88,UTA,,,Team Totals,240,33,72,.458,10,25,.400,19,31,.613,7,35,42,20,9,7,12,18,95,,,Team Totals,240,.555,.528,.347,.431,18.4,71.4,48.3,60.6,9.9,10.0,12.3,100.0,104.8,97.1,
https://www.basketball-reference.com/boxscores/201704010BRK.html,"6:00 PM, April 1, 2017",Brooklyn Nets,Orlando Magic,121,111,ORL,,,Team Totals,240,45,91,.495,10,25,.400,11,15,.733,11,31,42,26,9,2,14,15,111,,,Team Totals,240,.569,.549,.275,.165,23.9,77.5,48.8,57.8,9.0,3.2,12.5,100.0,111.0,121.0,
https://www.basketball-reference.com/boxscores/201704010BRK.html,"6:00 PM, April 1, 2017",Brooklyn Nets,Orlando Magic,121,111,BRK,,,Team Totals,240,50,94,.532,8,31,.258,13,16,.813,9,35,44,26,8,5,11,15,121,,,Team Totals,240,.599,.574,.330,.170,22.5,76.1,51.2,52.0,8.0,7.6,9.8,100.0,121.0,111.0,
https://www.basketball-reference.com/boxscores/201704010CHI.html,"5:00 PM, April 1, 2017",Chicago Bulls,Atlanta Hawks,106,104,ATL,,,Team Totals,240,40,90,.444,11,28,.393,13,17,.765,11,34,45,25,4,1,13,16,104,,,Team Totals,240,.533,.506,.311,.189,24.4,85.0,52.9,62.5,4.2,1.8,11.8,100.0,108.3,110.4,
https://www.basketball-reference.com/boxscores/201704010CHI.html,"5:00 PM, April 1, 2017",Chicago Bulls,Atlanta Hawks,106,104,CHI,,,Team Totals,240,40,85,.471,12,30,.400,14,14,1.000,6,34,40,25,6,4,12,17,106,,,Team Totals,240,.581,.541,.353,.165,15.0,75.6,47.1,62.5,6.2,6.5,11.6,100.0,110.4,108.3,
https://www.basketball-reference.com/boxscores/201704010LAC.html,"3:30 PM, April 1, 2017",Los Angeles Clippers,Los Angeles Lakers,115,104,LAL,,,Team Totals,240,39,90,.433,6,23,.261,20,30,.667,15,26,41,26,12,2,12,27,104,,,Team Totals,240,.504,.467,.256,.333,30.0,86.7,51.3,66.7,12.4,4.5,10.4,100.0,107.3,118.7,
https://www.basketball-reference.com/boxscores/201704010LAC.html,"3:30 PM, April 1, 2017",Los Angeles Clippers,Los Angeles Lakers,115,104,LAC,,,Team Totals,240,38,69,.551,11,25,.440,28,34,.824,4,35,39,24,8,5,18,19,115,,,Team Totals,240,.685,.630,.362,.493,13.3,70.0,48.8,63.2,8.3,7.5,17.7,100.0,118.7,107.3,
https://www.basketball-reference.com/boxscores/201704010MIN.html,"8:00 PM, April 1, 2017",Minnesota Timberwolves,Sacramento Kings,117,123,SAC,,,Team Totals,240,44,78,.564,11,19,.579,24,33,.727,7,33,40,27,5,4,17,27,123,,,Team Totals,240,.665,.635,.244,.423,18.4,76.7,49.4,61.4,4.9,6.7,15.5,100.0,121.3,115.4,
https://www.basketball-reference.com/boxscores/201704010MIN.html,"8:00 PM, April 1, 2017",Minnesota Timberwolves,Sacramento Kings,117,123,MIN,,,Team Totals,240,39,87,.448,9,27,.333,30,38,.789,10,31,41,27,8,4,11,23,117,,,Team Totals,240,.564,.500,.310,.437,23.3,81.6,50.6,69.2,7.9,6.8,9.6,100.0,115.4,121.3,
https://www.basketball-reference.com/boxscores/201704010POR.html,"10:00 PM, April 1, 2017",Portland Trail Blazers,Phoenix Suns,130,117,PHO,,,Team Totals,240,44,84,.524,3,10,.300,26,32,.813,13,30,43,17,8,6,17,26,117,,,Team Totals,240,.596,.542,.119,.381,30.2,73.2,51.2,38.6,7.9,10.9,14.8,100.0,115.2,128.0,
https://www.basketball-reference.com/boxscores/201704010POR.html,"10:00 PM, April 1, 2017",Portland Trail Blazers,Phoenix Suns,130,117,POR,,,Team Totals,240,43,92,.467,15,37,.405,29,31,.935,11,30,41,21,12,3,12,23,130,,,Team Totals,240,.615,.549,.402,.337,26.8,69.8,48.8,48.8,11.8,4.1,10.2,100.0,128.0,115.2,
https://www.basketball-reference.com/boxscores/201704020BRK.html,"6:00 PM, April 2, 2017",Brooklyn Nets,Atlanta Hawks,91,82,ATL,,,Team Totals,240,30,80,.375,7,24,.292,15,23,.652,8,36,44,19,9,4,20,19,82,,,Team Totals,240,.455,.419,.300,.288,15.7,81.8,46.3,63.3,8.9,8.2,18.2,100.0,81.2,90.1,
https://www.basketball-reference.com/boxscores/201704020BRK.html,"6:00 PM, April 2, 2017",Brooklyn Nets,Atlanta Hawks,91,82,BRK,,,Team Totals,240,32,82,.390,10,33,.303,17,20,.850,8,43,51,21,11,6,21,22,91,,,Team Totals,240,.501,.451,.402,.244,18.2,84.3,53.7,65.6,10.9,10.7,18.8,100.0,90.1,81.2,
https://www.basketball-reference.com/boxscores/201704020CLE.html,"6:00 PM, April 2, 2017",Cleveland Cavaliers,Indiana Pacers,135,130,IND,,,Team Totals,290,48,105,.457,16,41,.390,18,20,.900,12,34,46,32,6,3,11,24,130,,,Team Totals,290,.571,.533,.390,.190,22.6,69.4,45.1,66.7,5.5,5.8,8.8,100.0,118.9,123.5,
https://www.basketball-reference.com/boxscores/201704020CLE.html,"6:00 PM, April 2, 2017",Cleveland Cavaliers,Indiana Pacers,135,130,CLE,,,Team Totals,290,47,95,.495,18,43,.419,23,33,.697,15,41,56,29,7,4,16,19,135,,,Team Totals,290,.616,.589,.453,.347,30.6,77.4,54.9,61.7,6.4,6.3,12.7,100.0,123.5,118.9,
https://www.basketball-reference.com/boxscores/201704020GSW.html,"8:00 PM, April 2, 2017",Golden State Warriors,Washington Wizards,139,115,WAS,,,Team Totals,240,43,92,.467,10,27,.370,19,25,.760,9,29,38,28,9,3,15,20,115,,,Team Totals,240,.558,.522,.293,.272,20.9,74.4,46.3,65.1,8.6,5.8,12.7,100.0,109.5,132.4,
https://www.basketball-reference.com/boxscores/201704020GSW.html,"8:00 PM, April 2, 2017",Golden State Warriors,Washington Wizards,139,115,GSW,,,Team Totals,240,50,88,.568,16,36,.444,23,26,.885,10,34,44,34,7,10,16,20,139,,,Team Totals,240,.699,.659,.409,.295,25.6,79.1,53.7,68.0,6.7,15.4,13.9,100.0,132.4,109.5,
https://www.basketball-reference.com/boxscores/201704020LAL.html,"3:30 PM, April 2, 2017",Los Angeles Lakers,Memphis Grizzlies,108,103,MEM,,,Team Totals,240,40,80,.500,13,30,.433,10,14,.714,5,28,33,29,8,5,14,19,103,,,Team Totals,240,.598,.581,.375,.175,12.8,62.2,39.3,72.5,8.6,7.6,14.0,100.0,110.9,116.3,
https://www.basketball-reference.com/boxscores/201704020LAL.html,"3:30 PM, April 2, 2017",Los Angeles Lakers,Memphis Grizzlies,108,103,LAL,,,Team Totals,240,40,85,.471,7,19,.368,21,27,.778,17,34,51,14,11,2,14,12,108,,,Team Totals,240,.557,.512,.224,.318,37.8,87.2,60.7,35.0,11.8,4.0,12.6,100.0,116.3,110.9,
https://www.basketball-reference.com/boxscores/201704020MIA.html,"6:00 PM, April 2, 2017",Miami Heat,Denver Nuggets,113,116,DEN,,,Team Totals,240,44,87,.506,5,20,.250,23,27,.852,6,34,40,25,9,6,8,14,116,,,Team Totals,240,.587,.534,.230,.310,15.0,82.9,49.4,56.8,9.1,10.0,7.5,100.0,117.7,114.7,
https://www.basketball-reference.com/boxscores/201704020MIA.html,"6:00 PM, April 2, 2017",Miami Heat,Denver Nuggets,113,116,MIA,,,Team Totals,240,42,87,.483,13,27,.481,16,21,.762,7,34,41,26,3,9,11,22,113,,,Team Totals,240,.587,.557,.310,.241,17.1,85.0,50.6,61.9,3.0,13.4,10.3,100.0,114.7,117.7,
https://www.basketball-reference.com/boxscores/201704020MIL.html,"3:30 PM, April 2, 2017",Milwaukee Bucks,Dallas Mavericks,105,109,DAL,,,Team Totals,240,38,73,.521,14,36,.389,19,20,.950,4,26,30,25,7,1,14,18,109,,,Team Totals,240,.666,.616,.493,.274,12.1,86.7,47.6,65.8,7.6,2.3,14.6,100.0,118.3,114.0,
https://www.basketball-reference.com/boxscores/201704020MIL.html,"3:30 PM, April 2, 2017",Milwaukee Bucks,Dallas Mavericks,105,109,MIL,,,Team Totals,240,39,77,.506,12,34,.353,15,18,.833,4,29,33,25,9,3,15,20,105,,,Team Totals,240,.618,.584,.442,.234,13.3,87.9,52.4,64.1,9.8,8.1,15.0,100.0,114.0,118.3,
https://www.basketball-reference.com/boxscores/201704020NOP.html,"6:00 PM, April 2, 2017",New Orleans Pelicans,Chicago Bulls,110,117,CHI,,,Team Totals,240,45,92,.489,13,26,.500,14,18,.778,9,40,49,26,7,6,11,23,117,,,Team Totals,240,.585,.560,.283,.196,20.9,87.0,55.1,57.8,7.0,11.8,9.9,100.0,117.0,110.0,
https://www.basketball-reference.com/boxscores/201704020NOP.html,"6:00 PM, April 2, 2017",New Orleans Pelicans,Chicago Bulls,110,117,NOP,,,Team Totals,240,33,81,.407,10,30,.333,34,35,.971,6,34,40,24,7,4,12,14,110,,,Team Totals,240,.571,.469,.370,.432,13.0,79.1,44.9,72.7,7.0,6.1,11.1,100.0,110.0,117.0,
https://www.basketball-reference.com/boxscores/201704020NYK.html,"1:00 PM, April 2, 2017",New York Knicks,Boston Celtics,94,110,BOS,,,Team Totals,240,40,72,.556,12,37,.324,18,26,.692,5,36,41,22,8,3,17,25,110,,,Team Totals,240,.659,.639,.514,.361,17.2,81.8,56.2,55.0,8.4,5.0,16.9,100.0,116.2,99.3,
https://www.basketball-reference.com/boxscores/201704020NYK.html,"1:00 PM, April 2, 2017",New York Knicks,Boston Celtics,94,110,NYK,,,Team Totals,240,33,85,.388,7,25,.280,21,25,.840,8,24,32,20,12,2,11,20,94,,,Team Totals,240,.490,.429,.294,.294,18.2,82.8,43.8,60.6,12.7,5.7,10.3,100.0,99.3,116.2,
https://www.basketball-reference.com/boxscores/201704020OKC.html,"3:00 PM, April 2, 2017",Oklahoma City Thunder,Charlotte Hornets,101,113,CHO,,,Team Totals,240,37,77,.481,11,30,.367,28,32,.875,3,34,37,20,18,5,18,13,113,,,Team Totals,240,.620,.552,.390,.416,7.9,82.9,46.8,54.1,17.2,9.4,16.5,100.0,108.1,96.7,
https://www.basketball-reference.com/boxscores/201704020OKC.html,"3:00 PM, April 2, 2017",Oklahoma City Thunder,Charlotte Hornets,101,113,OKC,,,Team Totals,240,39,84,.464,12,31,.387,11,12,.917,7,35,42,19,10,5,24,20,101,,,Team Totals,240,.566,.536,.369,.143,17.1,92.1,53.2,48.7,9.6,10.6,21.2,100.0,96.7,108.1,
https://www.basketball-reference.com/boxscores/201704020PHO.html,"9:00 PM, April 2, 2017",Phoenix Suns,Houston Rockets,116,123,HOU,,,Team Totals,240,47,100,.470,14,38,.368,15,23,.652,13,33,46,23,8,4,15,23,123,,,Team Totals,240,.558,.540,.380,.230,25.0,60.0,43.0,48.9,7.3,6.1,12.0,100.0,111.9,105.6,
https://www.basketball-reference.com/boxscores/201704020PHO.html,"9:00 PM, April 2, 2017",Phoenix Suns,Houston Rockets,116,123,PHO,,,Team Totals,240,42,100,.420,8,34,.235,24,29,.828,22,39,61,24,8,11,23,24,116,,,Team Totals,240,.514,.460,.340,.290,40.0,75.0,57.0,57.1,7.3,17.7,16.9,100.0,105.6,111.9,
https://www.basketball-reference.com/boxscores/201704020SAS.html,"3:30 PM, April 2, 2017",San Antonio Spurs,Utah Jazz,109,103,UTA,,,Team Totals,240,43,89,.483,9,24,.375,8,13,.615,12,24,36,24,6,8,10,18,103,,,Team Totals,240,.544,.534,.270,.146,26.1,75.0,46.2,55.8,6.7,13.8,9.5,100.0,114.3,120.9,
https://www.basketball-reference.com/boxscores/201704020SAS.html,"3:30 PM, April 2, 2017",San Antonio Spurs,Utah Jazz,109,103,SAS,,,Team Totals,240,40,77,.519,10,19,.526,19,22,.864,8,34,42,26,7,6,13,17,109,,,Team Totals,240,.629,.584,.247,.286,25.0,73.9,53.8,65.0,7.8,9.2,13.0,100.0,120.9,114.3,
https://www.basketball-reference.com/boxscores/201704020TOR.html,"6:00 PM, April 2, 2017",Toronto Raptors,Philadelphia 76ers,113,105,PHI,,,Team Totals,240,36,80,.450,11,36,.306,22,25,.880,13,24,37,25,8,5,21,20,105,,,Team Totals,240,.577,.519,.450,.313,32.5,70.6,50.0,69.4,8.4,7.6,18.8,100.0,109.9,118.3,
https://www.basketball-reference.com/boxscores/201704020TOR.html,"6:00 PM, April 2, 2017",Toronto Raptors,Philadelphia 76ers,113,105,TOR,,,Team Totals,240,46,85,.541,6,19,.316,15,19,.789,10,27,37,25,12,9,15,19,113,,,Team Totals,240,.605,.576,.224,.224,29.4,67.5,50.0,54.3,12.6,20.5,13.8,100.0,118.3,109.9,
https://www.basketball-reference.com/boxscores/201704030MIN.html,"7:00 PM, April 3, 2017",Minnesota Timberwolves,Portland Trail Blazers,110,109,POR,,,Team Totals,240,38,86,.442,11,32,.344,22,25,.880,11,24,35,24,7,9,5,18,109,,,Team Totals,240,.562,.506,.372,.291,25.6,66.7,44.3,63.2,7.8,12.0,4.9,100.0,122.0,123.1,
https://www.basketball-reference.com/boxscores/201704030MIN.html,"7:00 PM, April 3, 2017",Minnesota Timberwolves,Portland Trail Blazers,110,109,MIN,,,Team Totals,240,41,84,.488,4,9,.444,24,28,.857,12,32,44,26,3,5,11,18,110,,,Team Totals,240,.571,.512,.107,.333,33.3,74.4,55.7,63.4,3.4,9.3,10.2,100.0,123.1,122.0,
https://www.basketball-reference.com/boxscores/201704040CLE.html,"7:00 PM, April 4, 2017",Cleveland Cavaliers,Orlando Magic,122,102,ORL,,,Team Totals,240,33,86,.384,11,33,.333,25,26,.962,11,32,43,23,8,3,14,21,102,,,Team Totals,240,.523,.448,.384,.302,22.9,86.5,50.6,69.7,8.2,6.5,12.6,100.0,105.0,125.6,
https://www.basketball-reference.com/boxscores/201704040CLE.html,"7:00 PM, April 4, 2017",Cleveland Cavaliers,Orlando Magic,122,102,CLE,,,Team Totals,240,44,82,.537,18,36,.500,16,21,.762,5,37,42,30,9,3,12,18,122,,,Team Totals,240,.669,.646,.439,.256,13.5,77.1,49.4,68.2,9.3,5.7,11.6,100.0,125.6,105.0,
https://www.basketball-reference.com/boxscores/201704040GSW.html,"10:30 PM, April 4, 2017",Golden State Warriors,Minnesota Timberwolves,121,107,MIN,,,Team Totals,240,41,96,.427,4,19,.211,21,26,.808,19,31,50,22,9,3,14,19,107,,,Team Totals,240,.498,.448,.198,.271,37.3,79.5,55.6,53.7,9.2,5.8,11.5,100.0,109.0,123.3,
https://www.basketball-reference.com/boxscores/201704040GSW.html,"10:30 PM, April 4, 2017",Golden State Warriors,Minnesota Timberwolves,121,107,GSW,,,Team Totals,240,44,84,.524,14,32,.438,19,24,.792,8,32,40,33,9,7,13,19,121,,,Team Totals,240,.640,.607,.381,.286,20.5,62.7,44.4,75.0,9.2,9.1,12.1,100.0,123.3,109.0,
https://www.basketball-reference.com/boxscores/201704040IND.html,"7:00 PM, April 4, 2017",Indiana Pacers,Toronto Raptors,108,90,TOR,,,Team Totals,240,34,76,.447,5,23,.217,17,19,.895,6,34,40,11,7,5,14,19,90,,,Team Totals,240,.533,.480,.303,.250,15.4,77.3,48.2,32.4,7.5,7.8,14.2,100.0,96.9,116.3,
https://www.basketball-reference.com/boxscores/201704040IND.html,"7:00 PM, April 4, 2017",Indiana Pacers,Toronto Raptors,108,90,IND,,,Team Totals,240,39,89,.438,12,25,.480,18,18,1.000,10,33,43,16,7,4,11,17,108,,,Team Totals,240,.557,.506,.281,.202,22.7,84.6,51.8,41.0,7.5,7.5,10.2,100.0,116.3,96.9,
https://www.basketball-reference.com/boxscores/201704040NOP.html,"8:00 PM, April 4, 2017",New Orleans Pelicans,Denver Nuggets,131,134,DEN,,,Team Totals,240,53,99,.535,13,30,.433,15,21,.714,15,35,50,31,3,2,11,20,134,,,Team Totals,240,.619,.601,.303,.212,37.5,77.8,58.8,58.5,3.0,2.9,9.2,100.0,132.6,129.6,
https://www.basketball-reference.com/boxscores/201704040NOP.html,"8:00 PM, April 4, 2017",New Orleans Pelicans,Denver Nuggets,131,134,NOP,,,Team Totals,240,51,100,.510,14,32,.438,15,17,.882,10,25,35,30,5,8,7,16,131,,,Team Totals,240,.609,.580,.320,.170,22.2,62.5,41.2,58.8,4.9,11.6,6.1,100.0,129.6,132.6,
https://www.basketball-reference.com/boxscores/201704040NYK.html,"8:00 PM, April 4, 2017",New York Knicks,Chicago Bulls,100,91,CHI,,,Team Totals,240,32,85,.376,6,27,.222,21,23,.913,11,26,37,22,7,5,14,15,91,,,Team Totals,240,.478,.412,.318,.271,22.4,61.9,40.7,68.8,7.5,7.6,12.8,100.0,97.5,107.1,
https://www.basketball-reference.com/boxscores/201704040NYK.html,"8:00 PM, April 4, 2017",New York Knicks,Chicago Bulls,100,91,NYK,,,Team Totals,240,42,89,.472,6,23,.261,10,16,.625,16,38,54,26,4,8,15,22,100,,,Team Totals,240,.521,.506,.258,.180,38.1,77.6,59.3,61.9,4.3,13.8,13.5,100.0,107.1,97.5,
https://www.basketball-reference.com/boxscores/201704040OKC.html,"8:00 PM, April 4, 2017",Oklahoma City Thunder,Milwaukee Bucks,110,79,MIL,,,Team Totals,240,29,81,.358,3,18,.167,18,26,.692,10,28,38,16,9,5,12,19,79,,,Team Totals,240,.427,.377,.222,.321,19.2,71.8,41.8,55.2,9.6,8.9,11.5,100.0,84.3,117.4,
https://www.basketball-reference.com/boxscores/201704040OKC.html,"8:00 PM, April 4, 2017",Oklahoma City Thunder,Milwaukee Bucks,110,79,OKC,,,Team Totals,240,40,84,.476,9,28,.321,21,25,.840,11,42,53,29,9,7,14,20,110,,,Team Totals,240,.579,.530,.333,.298,28.2,80.8,58.2,72.5,9.6,11.1,12.8,100.0,117.4,84.3,
https://www.basketball-reference.com/boxscores/201704040PHI.html,"7:00 PM, April 4, 2017",Philadelphia 76ers,Brooklyn Nets,118,141,BRK,,,Team Totals,240,48,75,.640,16,31,.516,29,33,.879,1,35,36,36,9,5,18,18,141,,,Team Totals,240,.788,.747,.413,.440,4.3,71.4,50.0,75.0,8.7,8.5,16.7,100.0,136.1,113.9,
https://www.basketball-reference.com/boxscores/201704040PHI.html,"7:00 PM, April 4, 2017",Philadelphia 76ers,Brooklyn Nets,118,141,PHI,,,Team Totals,240,43,97,.443,12,38,.316,20,27,.741,14,22,36,32,7,4,11,22,118,,,Team Totals,240,.542,.505,.392,.278,28.6,95.7,50.0,74.4,6.8,9.1,9.2,100.0,113.9,136.1,
https://www.basketball-reference.com/boxscores/201704040SAC.html,"10:30 PM, April 4, 2017",Sacramento Kings,Dallas Mavericks,98,87,DAL,,,Team Totals,240,32,80,.400,12,43,.279,11,14,.786,8,31,39,21,9,9,16,13,87,,,Team Totals,240,.505,.475,.538,.175,16.7,73.8,43.3,65.6,9.6,15.3,15.7,100.0,92.9,104.7,
https://www.basketball-reference.com/boxscores/201704040SAC.html,"10:30 PM, April 4, 2017",Sacramento Kings,Dallas Mavericks,98,87,SAC,,,Team Totals,240,36,81,.444,12,22,.545,14,17,.824,11,40,51,17,11,2,19,10,98,,,Team Totals,240,.554,.519,.272,.210,26.2,83.3,56.7,47.2,11.8,5.4,17.7,100.0,104.7,92.9,
https://www.basketball-reference.com/boxscores/201704040SAS.html,"8:30 PM, April 4, 2017",San Antonio Spurs,Memphis Grizzlies,95,89,MEM,,,Team Totals,265,35,89,.393,8,25,.320,11,18,.611,12,38,50,26,9,2,15,20,89,,,Team Totals,265,.459,.438,.281,.202,24.0,82.6,52.1,74.3,9.4,3.4,13.4,100.0,93.1,99.4,
https://www.basketball-reference.com/boxscores/201704040SAS.html,"8:30 PM, April 4, 2017",San Antonio Spurs,Memphis Grizzlies,95,89,SAS,,,Team Totals,265,35,80,.438,11,21,.524,14,18,.778,8,38,46,22,8,6,15,20,95,,,Team Totals,265,.540,.506,.263,.225,17.4,76.0,47.9,62.9,8.4,9.4,14.6,100.0,99.4,93.1,
https://www.basketball-reference.com/boxscores/201704040UTA.html,"9:00 PM, April 4, 2017",Utah Jazz,Portland Trail Blazers,106,87,POR,,,Team Totals,240,33,83,.398,6,26,.231,15,17,.882,7,22,29,10,8,5,9,20,87,,,Team Totals,240,.481,.434,.313,.205,14.9,75.9,38.2,30.3,9.0,9.8,9.0,100.0,97.5,118.8,
https://www.basketball-reference.com/boxscores/201704040UTA.html,"9:00 PM, April 4, 2017",Utah Jazz,Portland Trail Blazers,106,87,UTA,,,Team Totals,240,39,74,.527,13,23,.565,15,19,.789,7,40,47,21,4,6,15,16,106,,,Team Totals,240,.644,.615,.311,.257,24.1,85.1,61.8,53.8,4.5,10.5,15.4,100.0,118.8,97.5,
https://www.basketball-reference.com/boxscores/201704040WAS.html,"7:00 PM, April 4, 2017",Washington Wizards,Charlotte Hornets,118,111,CHO,,,Team Totals,240,40,79,.506,12,34,.353,19,22,.864,9,28,37,21,5,3,16,17,111,,,Team Totals,240,.626,.582,.430,.278,23.1,82.4,50.7,52.5,5.2,5.9,15.3,100.0,115.4,122.6,
https://www.basketball-reference.com/boxscores/201704040WAS.html,"7:00 PM, April 4, 2017",Washington Wizards,Charlotte Hornets,118,111,WAS,,,Team Totals,240,43,85,.506,17,34,.500,15,18,.833,6,30,36,31,10,3,14,18,118,,,Team Totals,240,.635,.606,.400,.212,17.6,76.9,49.3,72.1,10.4,6.7,13.1,100.0,122.6,115.4,
https://www.basketball-reference.com/boxscores/201704050BOS.html,"8:00 PM, April 5, 2017",Boston Celtics,Cleveland Cavaliers,91,114,CLE,,,Team Totals,240,43,92,.467,11,36,.306,17,18,.944,13,38,51,19,7,5,10,26,114,,,Team Totals,240,.570,.527,.391,.196,30.2,82.6,57.3,44.2,7.4,10.4,9.1,100.0,120.0,95.8,
https://www.basketball-reference.com/boxscores/201704050BOS.html,"8:00 PM, April 5, 2017",Boston Celtics,Cleveland Cavaliers,91,114,BOS,,,Team Totals,240,33,81,.407,7,33,.212,18,29,.621,8,30,38,21,6,4,13,18,91,,,Team Totals,240,.485,.451,.407,.358,17.4,69.8,42.7,63.6,6.3,7.1,12.2,100.0,95.8,120.0,
https://www.basketball-reference.com/boxscores/201704050CHO.html,"7:00 PM, April 5, 2017",Charlotte Hornets,Miami Heat,99,112,MIA,,,Team Totals,240,40,84,.476,21,40,.525,11,12,.917,7,33,40,23,5,7,8,16,112,,,Team Totals,240,.627,.601,.476,.143,17.9,89.2,52.6,57.5,5.7,13.2,8.2,100.0,126.6,111.9,
https://www.basketball-reference.com/boxscores/201704050CHO.html,"7:00 PM, April 5, 2017",Charlotte Hornets,Miami Heat,99,112,CHO,,,Team Totals,240,35,78,.449,8,25,.320,21,24,.875,4,32,36,19,2,7,6,15,99,,,Team Totals,240,.559,.500,.321,.308,10.8,82.1,47.4,54.3,2.3,15.9,6.3,100.0,111.9,126.6,
https://www.basketball-reference.com/boxscores/201704050DET.html,"7:30 PM, April 5, 2017",Detroit Pistons,Toronto Raptors,102,105,TOR,,,Team Totals,240,41,87,.471,10,30,.333,13,15,.867,7,29,36,29,7,2,12,14,105,,,Team Totals,240,.561,.529,.345,.172,17.5,70.7,44.4,70.7,7.5,3.3,11.4,100.0,112.7,109.5,
https://www.basketball-reference.com/boxscores/201704050DET.html,"7:30 PM, April 5, 2017",Detroit Pistons,Toronto Raptors,102,105,DET,,,Team Totals,240,42,81,.519,7,21,.333,11,18,.611,12,33,45,22,5,4,14,21,102,,,Team Totals,240,.574,.562,.259,.222,29.3,82.5,55.6,52.4,5.4,7.0,13.6,100.0,109.5,112.7,
https://www.basketball-reference.com/boxscores/201704050HOU.html,"8:00 PM, April 5, 2017",Houston Rockets,Denver Nuggets,110,104,DEN,,,Team Totals,240,41,104,.394,7,38,.184,15,18,.833,12,39,51,26,10,5,12,24,104,,,Team Totals,240,.465,.428,.365,.173,21.1,78.0,47.7,63.4,9.3,9.4,9.7,100.0,96.5,102.1,
https://www.basketball-reference.com/boxscores/201704050HOU.html,"8:00 PM, April 5, 2017",Houston Rockets,Denver Nuggets,110,104,HOU,,,Team Totals,240,37,87,.425,10,34,.294,26,38,.684,11,45,56,19,7,3,16,20,110,,,Team Totals,240,.530,.483,.391,.437,22.0,78.9,52.3,51.4,6.5,4.5,13.4,100.0,102.1,96.5,
https://www.basketball-reference.com/boxscores/201704050LAC.html,"10:30 PM, April 5, 2017",Los Angeles Clippers,Dallas Mavericks,112,101,DAL,,,Team Totals,240,38,86,.442,11,31,.355,14,18,.778,11,33,44,24,5,3,16,26,101,,,Team Totals,240,.538,.506,.360,.209,23.9,86.8,52.4,63.2,5.2,6.8,14.6,100.0,104.1,115.4,
https://www.basketball-reference.com/boxscores/201704050LAC.html,"10:30 PM, April 5, 2017",Los Angeles Clippers,Dallas Mavericks,112,101,LAC,,,Team Totals,240,38,75,.507,12,31,.387,24,31,.774,5,35,40,22,11,0,15,19,112,,,Team Totals,240,.632,.587,.413,.413,13.2,76.1,47.6,57.9,11.3,0.0,14.5,100.0,115.4,104.1,
https://www.basketball-reference.com/boxscores/201704050MEM.html,"8:00 PM, April 5, 2017",Memphis Grizzlies,Oklahoma City Thunder,100,103,OKC,,,Team Totals,240,37,85,.435,14,31,.452,15,24,.625,12,32,44,19,8,3,12,20,103,,,Team Totals,240,.539,.518,.365,.282,27.9,82.1,53.7,51.4,8.7,5.8,11.2,100.0,111.5,108.2,
https://www.basketball-reference.com/boxscores/201704050MEM.html,"8:00 PM, April 5, 2017",Memphis Grizzlies,Oklahoma City Thunder,100,103,MEM,,,Team Totals,240,37,78,.474,9,26,.346,17,21,.810,7,31,38,21,7,5,14,18,100,,,Team Totals,240,.573,.532,.333,.269,17.9,72.1,46.3,56.8,7.6,9.3,13.8,100.0,108.2,111.5,
https://www.basketball-reference.com/boxscores/201704050PHO.html,"10:00 PM, April 5, 2017",Phoenix Suns,Golden State Warriors,111,120,GSW,,,Team Totals,240,45,89,.506,13,30,.433,17,24,.708,7,32,39,25,13,9,15,19,120,,,Team Totals,240,.603,.579,.337,.270,16.7,61.5,41.5,55.6,12.4,11.8,13.1,100.0,114.0,105.5,
https://www.basketball-reference.com/boxscores/201704050PHO.html,"10:00 PM, April 5, 2017",Phoenix Suns,Golden State Warriors,111,120,PHO,,,Team Totals,240,43,103,.417,7,27,.259,18,26,.692,20,35,55,26,13,2,16,22,111,,,Team Totals,240,.485,.451,.262,.252,38.5,83.3,58.5,60.5,12.4,3.4,12.3,100.0,105.5,114.0,
https://www.basketball-reference.com/boxscores/201704050SAS.html,"8:30 PM, April 5, 2017",San Antonio Spurs,Los Angeles Lakers,95,102,LAL,,,Team Totals,240,42,86,.488,7,14,.500,11,14,.786,8,39,47,23,8,5,16,13,102,,,Team Totals,240,.553,.529,.163,.163,21.1,84.8,56.0,54.8,8.1,9.3,14.8,100.0,103.6,96.5,
https://www.basketball-reference.com/boxscores/201704050SAS.html,"8:30 PM, April 5, 2017",San Antonio Spurs,Los Angeles Lakers,95,102,SAS,,,Team Totals,240,39,89,.438,13,35,.371,4,6,.667,7,30,37,28,8,8,16,13,95,,,Team Totals,240,.518,.511,.393,.067,15.2,78.9,44.0,71.8,8.1,11.1,14.9,100.0,96.5,103.6,
https://www.basketball-reference.com/boxscores/201704060ATL.html,"8:00 PM, April 6, 2017",Atlanta Hawks,Boston Celtics,123,116,BOS,,,Team Totals,240,37,90,.411,15,43,.349,27,34,.794,10,28,38,28,9,4,12,29,116,,,Team Totals,240,.553,.494,.478,.378,20.4,68.3,42.2,75.7,8.6,6.1,10.3,100.0,111.3,118.1,
https://www.basketball-reference.com/boxscores/201704060ATL.html,"8:00 PM, April 6, 2017",Atlanta Hawks,Boston Celtics,123,116,ATL,,,Team Totals,240,44,89,.494,11,23,.478,24,34,.706,13,39,52,26,7,4,17,30,123,,,Team Totals,240,.592,.556,.258,.382,31.7,79.6,57.8,59.1,6.7,8.5,14.1,100.0,118.1,111.3,
https://www.basketball-reference.com/boxscores/201704060IND.html,"7:00 PM, April 6, 2017",Indiana Pacers,Milwaukee Bucks,104,89,MIL,,,Team Totals,240,33,71,.465,11,24,.458,12,14,.857,6,26,32,21,8,4,21,22,89,,,Team Totals,240,.577,.542,.338,.197,15.8,68.4,42.1,63.6,8.7,7.3,21.4,100.0,96.5,112.8,
https://www.basketball-reference.com/boxscores/201704060IND.html,"7:00 PM, April 6, 2017",Indiana Pacers,Milwaukee Bucks,104,89,IND,,,Team Totals,240,38,80,.475,8,25,.320,20,26,.769,12,32,44,20,15,3,17,12,104,,,Team Totals,240,.569,.525,.313,.325,31.6,84.2,57.9,52.6,16.3,6.4,15.7,100.0,112.8,96.5,
https://www.basketball-reference.com/boxscores/201704060NYK.html,"7:30 PM, April 6, 2017",New York Knicks,Washington Wizards,103,106,WAS,,,Team Totals,240,36,74,.486,14,34,.412,20,28,.714,9,30,39,17,5,8,14,22,106,,,Team Totals,240,.614,.581,.459,.378,23.7,60.0,44.3,47.2,5.5,10.7,14.0,100.0,116.2,112.9,
https://www.basketball-reference.com/boxscores/201704060NYK.html,"7:30 PM, April 6, 2017",New York Knicks,Washington Wizards,103,106,NYK,,,Team Totals,240,40,95,.421,7,20,.350,16,21,.762,20,29,49,20,9,2,13,19,103,,,Team Totals,240,.494,.458,.211,.221,40.0,76.3,55.7,50.0,9.9,5.0,11.1,100.0,112.9,116.2,
https://www.basketball-reference.com/boxscores/201704060ORL.html,"7:00 PM, April 6, 2017",Orlando Magic,Brooklyn Nets,115,107,BRK,,,Team Totals,240,40,87,.460,11,30,.367,16,22,.727,7,32,39,21,7,6,14,19,107,,,Team Totals,240,.553,.523,.345,.253,15.2,78.0,44.8,52.5,6.8,9.2,12.6,100.0,104.3,112.0,
https://www.basketball-reference.com/boxscores/201704060ORL.html,"7:00 PM, April 6, 2017",Orlando Magic,Brooklyn Nets,115,107,ORL,,,Team Totals,240,42,90,.467,9,25,.360,22,26,.846,9,39,48,24,9,6,14,20,115,,,Team Totals,240,.567,.517,.278,.289,22.0,84.8,55.2,57.1,8.8,10.5,12.1,100.0,112.0,104.3,
https://www.basketball-reference.com/boxscores/201704060PHI.html,"7:00 PM, April 6, 2017",Philadelphia 76ers,Chicago Bulls,90,102,CHI,,,Team Totals,240,39,91,.429,8,25,.320,16,17,.941,10,47,57,27,7,6,17,19,102,,,Team Totals,240,.518,.473,.275,.187,20.0,82.5,53.3,69.2,6.8,10.3,14.7,100.0,99.2,87.6,
https://www.basketball-reference.com/boxscores/201704060PHI.html,"7:00 PM, April 6, 2017",Philadelphia 76ers,Chicago Bulls,90,102,PHI,,,Team Totals,240,33,91,.363,7,33,.212,17,22,.773,10,40,50,19,10,3,13,19,90,,,Team Totals,240,.447,.401,.363,.242,17.5,80.0,46.7,57.6,9.7,4.5,11.4,100.0,87.6,99.2,
https://www.basketball-reference.com/boxscores/201704060POR.html,"10:30 PM, April 6, 2017",Portland Trail Blazers,Minnesota Timberwolves,105,98,MIN,,,Team Totals,240,38,87,.437,4,18,.222,18,20,.900,9,38,47,16,7,4,13,20,98,,,Team Totals,240,.511,.460,.207,.230,19.6,90.5,53.4,42.1,7.1,8.3,11.9,100.0,99.3,106.4,
https://www.basketball-reference.com/boxscores/201704060POR.html,"10:30 PM, April 6, 2017",Portland Trail Blazers,Minnesota Timberwolves,105,98,POR,,,Team Totals,240,35,81,.432,14,33,.424,21,26,.808,4,37,41,19,8,4,13,20,105,,,Team Totals,240,.568,.519,.407,.321,9.5,80.4,46.6,54.3,8.1,5.8,12.3,100.0,106.4,99.3,
https://www.basketball-reference.com/boxscores/201704070CLE.html,"7:30 PM, April 7, 2017",Cleveland Cavaliers,Atlanta Hawks,100,114,ATL,,,Team Totals,240,45,89,.506,16,37,.432,8,8,1.000,6,36,42,39,7,3,11,17,114,,,Team Totals,240,.616,.596,.416,.090,14.6,92.3,52.5,86.7,7.2,6.7,10.6,100.0,117.1,102.7,
https://www.basketball-reference.com/boxscores/201704070CLE.html,"7:30 PM, April 7, 2017",Cleveland Cavaliers,Atlanta Hawks,100,114,CLE,,,Team Totals,240,39,81,.481,9,36,.250,13,17,.765,3,35,38,23,5,3,14,10,100,,,Team Totals,240,.565,.537,.444,.210,7.7,85.4,47.5,59.0,5.1,5.8,13.7,100.0,102.7,117.1,
https://www.basketball-reference.com/boxscores/201704070DAL.html,"8:30 PM, April 7, 2017",Dallas Mavericks,San Antonio Spurs,89,102,SAS,,,Team Totals,240,40,96,.417,9,28,.321,13,22,.591,16,42,58,26,6,5,7,11,102,,,Team Totals,240,.483,.464,.292,.229,29.6,87.5,56.9,65.0,6.4,8.1,6.2,100.0,108.8,94.9,
https://www.basketball-reference.com/boxscores/201704070DAL.html,"8:30 PM, April 7, 2017",Dallas Mavericks,San Antonio Spurs,89,102,DAL,,,Team Totals,240,38,88,.432,8,26,.308,5,8,.625,6,38,44,26,1,8,9,17,89,,,Team Totals,240,.486,.477,.295,.091,12.5,70.4,43.1,68.4,1.1,11.8,9.0,100.0,94.9,108.8,
https://www.basketball-reference.com/boxscores/201704070DEN.html,"9:00 PM, April 7, 2017",Denver Nuggets,New Orleans Pelicans,122,106,NOP,,,Team Totals,240,47,99,.475,3,23,.130,9,13,.692,10,23,33,19,11,3,11,19,106,,,Team Totals,240,.506,.490,.232,.131,20.4,67.6,39.8,40.4,10.8,6.5,9.5,100.0,104.2,119.9,
https://www.basketball-reference.com/boxscores/201704070DEN.html,"9:00 PM, April 7, 2017",Denver Nuggets,New Orleans Pelicans,122,106,DEN,,,Team Totals,240,43,78,.551,13,32,.406,23,32,.719,11,39,50,31,9,4,21,15,122,,,Team Totals,240,.662,.635,.410,.410,32.4,79.6,60.2,72.1,8.8,5.3,18.6,100.0,119.9,104.2,
https://www.basketball-reference.com/boxscores/201704070HOU.html,"8:00 PM, April 7, 2017",Houston Rockets,Detroit Pistons,109,114,DET,,,Team Totals,240,46,108,.426,9,26,.346,13,16,.813,18,37,55,27,5,1,6,17,114,,,Team Totals,240,.495,.468,.241,.148,31.0,80.4,52.9,58.7,5.0,2.8,5.0,100.0,113.2,108.3,
https://www.basketball-reference.com/boxscores/201704070HOU.html,"8:00 PM, April 7, 2017",Houston Rockets,Detroit Pistons,109,114,HOU,,,Team Totals,240,36,87,.414,16,51,.314,21,28,.750,9,40,49,25,3,6,14,15,109,,,Team Totals,240,.549,.506,.586,.322,19.6,69.0,47.1,69.4,3.0,7.3,12.4,100.0,108.3,113.2,
https://www.basketball-reference.com/boxscores/201704070LAL.html,"10:30 PM, April 7, 2017",Los Angeles Lakers,Sacramento Kings,98,94,SAC,,,Team Totals,240,38,75,.507,8,20,.400,10,13,.769,10,30,40,27,5,6,23,19,94,,,Team Totals,240,.582,.560,.267,.173,28.6,65.2,49.4,71.1,5.4,9.7,22.2,100.0,102.2,106.5,
https://www.basketball-reference.com/boxscores/201704070LAL.html,"10:30 PM, April 7, 2017",Los Angeles Lakers,Sacramento Kings,98,94,LAL,,,Team Totals,240,38,86,.442,4,24,.167,18,25,.720,16,25,41,20,12,1,14,15,98,,,Team Totals,240,.505,.465,.279,.291,34.8,71.4,50.6,52.6,13.0,1.8,12.6,100.0,106.5,102.2,
https://www.basketball-reference.com/boxscores/201704070MEM.html,"8:00 PM, April 7, 2017",Memphis Grizzlies,New York Knicks,101,88,NYK,,,Team Totals,240,38,88,.432,6,28,.214,6,13,.462,15,26,41,20,8,4,11,16,88,,,Team Totals,240,.469,.466,.318,.148,32.6,78.8,51.9,52.6,9.3,8.3,10.5,100.0,102.2,117.3,
https://www.basketball-reference.com/boxscores/201704070MEM.html,"8:00 PM, April 7, 2017",Memphis Grizzlies,New York Knicks,101,88,MEM,,,Team Totals,240,38,75,.507,15,27,.556,10,12,.833,7,31,38,20,3,9,14,14,101,,,Team Totals,240,.629,.607,.360,.160,21.2,67.4,48.1,52.6,3.5,15.0,14.8,100.0,117.3,102.2,
https://www.basketball-reference.com/boxscores/201704070PHO.html,"10:00 PM, April 7, 2017",Phoenix Suns,Oklahoma City Thunder,120,99,OKC,,,Team Totals,240,34,92,.370,7,30,.233,24,33,.727,22,26,48,13,1,3,10,26,99,,,Team Totals,240,.465,.408,.326,.359,40.0,68.4,51.6,38.2,1.1,4.6,8.6,100.0,109.8,133.1,
https://www.basketball-reference.com/boxscores/201704070PHO.html,"10:00 PM, April 7, 2017",Phoenix Suns,Oklahoma City Thunder,120,99,PHO,,,Team Totals,240,43,83,.518,8,18,.444,26,31,.839,12,33,45,16,6,6,8,26,120,,,Team Totals,240,.621,.566,.217,.373,31.6,60.0,48.4,37.2,6.7,9.7,7.6,100.0,133.1,109.8,
https://www.basketball-reference.com/boxscores/201704070TOR.html,"7:30 PM, April 7, 2017",Toronto Raptors,Miami Heat,96,94,MIA,,,Team Totals,240,33,83,.398,8,23,.348,20,29,.690,14,30,44,16,10,5,19,21,94,,,Team Totals,240,.491,.446,.277,.349,30.4,71.4,50.0,48.5,10.3,7.7,16.6,100.0,96.6,98.6,
https://www.basketball-reference.com/boxscores/201704070TOR.html,"7:30 PM, April 7, 2017",Toronto Raptors,Miami Heat,96,94,TOR,,,Team Totals,240,35,85,.412,9,20,.450,17,24,.708,12,32,44,14,10,4,18,24,96,,,Team Totals,240,.502,.465,.235,.282,28.6,69.6,50.0,40.0,10.3,6.7,15.9,100.0,98.6,96.6,
https://www.basketball-reference.com/boxscores/201704070UTA.html,"9:00 PM, April 7, 2017",Utah Jazz,Minnesota Timberwolves,120,113,MIN,,,Team Totals,240,39,79,.494,7,16,.438,28,28,1.000,9,25,34,22,11,1,12,25,113,,,Team Totals,240,.619,.538,.203,.354,25.0,80.6,50.7,56.4,12.0,2.0,11.6,100.0,123.4,131.1,
https://www.basketball-reference.com/boxscores/201704070UTA.html,"9:00 PM, April 7, 2017",Utah Jazz,Minnesota Timberwolves,120,113,UTA,,,Team Totals,240,45,75,.600,14,25,.560,16,22,.727,6,27,33,29,8,7,14,21,120,,,Team Totals,240,.709,.693,.333,.293,19.4,75.0,49.3,64.4,8.7,11.1,14.2,100.0,131.1,123.4,
https://www.basketball-reference.com/boxscores/201704080BRK.html,"5:00 PM, April 8, 2017",Brooklyn Nets,Chicago Bulls,107,106,CHI,,,Team Totals,240,40,90,.444,11,24,.458,15,17,.882,11,41,52,14,6,6,17,20,106,,,Team Totals,240,.544,.506,.267,.189,24.4,80.4,54.2,35.0,5.9,9.8,14.8,100.0,103.8,104.8,
https://www.basketball-reference.com/boxscores/201704080BRK.html,"5:00 PM, April 8, 2017",Brooklyn Nets,Chicago Bulls,107,106,BRK,,,Team Totals,240,39,92,.424,10,31,.323,19,24,.792,10,34,44,24,15,6,13,13,107,,,Team Totals,240,.522,.478,.337,.261,19.6,75.6,45.8,61.5,14.7,9.1,11.2,100.0,104.8,103.8,
https://www.basketball-reference.com/boxscores/201704080CHO.html,"6:00 PM, April 8, 2017",Charlotte Hornets,Boston Celtics,114,121,BOS,,,Team Totals,240,45,87,.517,17,39,.436,14,17,.824,5,38,43,35,2,5,9,19,121,,,Team Totals,240,.640,.615,.448,.195,12.5,84.4,50.6,77.8,2.1,8.9,8.7,100.0,125.2,117.9,
https://www.basketball-reference.com/boxscores/201704080CHO.html,"6:00 PM, April 8, 2017",Charlotte Hornets,Boston Celtics,114,121,CHO,,,Team Totals,240,38,84,.452,9,28,.321,29,32,.906,7,35,42,22,5,5,7,15,114,,,Team Totals,240,.581,.506,.333,.381,15.6,87.5,49.4,57.9,5.2,10.4,6.7,100.0,117.9,125.2,
https://www.basketball-reference.com/boxscores/201704080GSW.html,"10:30 PM, April 8, 2017",Golden State Warriors,New Orleans Pelicans,123,101,NOP,,,Team Totals,240,42,86,.488,5,21,.238,12,19,.632,6,28,34,24,3,1,8,15,101,,,Team Totals,240,.535,.517,.244,.221,13.3,66.7,39.1,57.1,3.2,1.6,7.8,100.0,106.3,129.5,
https://www.basketball-reference.com/boxscores/201704080GSW.html,"10:30 PM, April 8, 2017",Golden State Warriors,New Orleans Pelicans,123,101,GSW,,,Team Totals,240,49,96,.510,10,33,.303,15,16,.938,14,39,53,37,2,4,9,15,123,,,Team Totals,240,.597,.563,.344,.167,33.3,86.7,60.9,75.5,2.1,6.2,8.0,100.0,129.5,106.3,
https://www.basketball-reference.com/boxscores/201704080ORL.html,"6:00 PM, April 8, 2017",Orlando Magic,Indiana Pacers,112,127,IND,,,Team Totals,240,51,86,.593,11,22,.500,14,19,.737,6,39,45,35,6,4,15,15,127,,,Team Totals,240,.673,.657,.256,.221,17.1,90.7,57.7,68.6,5.9,7.4,13.7,100.0,124.7,110.0,
https://www.basketball-reference.com/boxscores/201704080ORL.html,"6:00 PM, April 8, 2017",Orlando Magic,Indiana Pacers,112,127,ORL,,,Team Totals,240,41,84,.488,14,30,.467,16,22,.727,4,29,33,29,10,2,13,16,112,,,Team Totals,240,.598,.571,.357,.262,9.3,82.9,42.3,70.7,9.8,3.1,12.2,100.0,110.0,124.7,
https://www.basketball-reference.com/boxscores/201704080PHI.html,"7:00 PM, April 8, 2017",Philadelphia 76ers,Milwaukee Bucks,82,90,MIL,,,Team Totals,240,35,79,.443,6,27,.222,14,20,.700,6,37,43,18,10,4,15,21,90,,,Team Totals,240,.513,.481,.342,.253,14.0,78.7,47.8,51.4,10.6,8.7,14.6,100.0,95.6,87.1,
https://www.basketball-reference.com/boxscores/201704080PHI.html,"7:00 PM, April 8, 2017",Philadelphia 76ers,Milwaukee Bucks,82,90,PHI,,,Team Totals,240,27,77,.351,8,31,.258,20,23,.870,10,37,47,23,9,1,18,16,82,,,Team Totals,240,.471,.403,.403,.299,21.3,86.0,52.2,85.2,9.6,1.9,17.1,100.0,87.1,95.6,
https://www.basketball-reference.com/boxscores/201704080POR.html,"10:00 PM, April 8, 2017",Portland Trail Blazers,Utah Jazz,101,86,UTA,,,Team Totals,240,31,78,.397,6,19,.316,18,24,.750,9,38,47,19,2,9,13,18,86,,,Team Totals,240,.486,.436,.244,.308,20.5,76.0,50.0,61.3,2.3,14.8,12.8,100.0,97.3,114.2,
https://www.basketball-reference.com/boxscores/201704080POR.html,"10:00 PM, April 8, 2017",Portland Trail Blazers,Utah Jazz,101,86,POR,,,Team Totals,240,37,91,.407,13,30,.433,14,16,.875,12,35,47,15,5,6,3,16,101,,,Team Totals,240,.515,.478,.330,.176,24.0,79.5,50.0,40.5,5.7,10.2,3.0,100.0,114.2,97.3,
https://www.basketball-reference.com/boxscores/201704080SAS.html,"8:30 PM, April 8, 2017",San Antonio Spurs,Los Angeles Clippers,87,98,LAC,,,Team Totals,240,42,84,.500,6,22,.273,8,14,.571,8,37,45,21,8,7,8,15,98,,,Team Totals,240,.543,.536,.262,.167,19.5,84.1,52.9,50.0,8.9,12.1,8.1,100.0,108.5,96.3,
https://www.basketball-reference.com/boxscores/201704080SAS.html,"8:30 PM, April 8, 2017",San Antonio Spurs,Los Angeles Clippers,87,98,SAS,,,Team Totals,240,34,80,.425,8,22,.364,11,14,.786,7,33,40,20,3,3,14,17,87,,,Team Totals,240,.505,.475,.275,.175,15.9,80.5,47.1,58.8,3.3,4.8,14.0,100.0,96.3,108.5,
https://www.basketball-reference.com/boxscores/201704080WAS.html,"7:00 PM, April 8, 2017",Washington Wizards,Miami Heat,103,106,MIA,,,Team Totals,240,37,80,.463,7,18,.389,25,36,.694,8,28,36,23,13,7,13,19,106,,,Team Totals,240,.553,.506,.225,.450,20.0,70.0,45.0,62.2,13.4,11.9,11.9,100.0,109.0,105.9,
https://www.basketball-reference.com/boxscores/201704080WAS.html,"7:00 PM, April 8, 2017",Washington Wizards,Miami Heat,103,106,WAS,,,Team Totals,240,39,81,.481,8,22,.364,17,22,.773,12,32,44,21,7,6,20,24,103,,,Team Totals,240,.568,.531,.272,.272,30.0,80.0,55.0,53.8,7.2,9.7,18.1,100.0,105.9,109.0,
https://www.basketball-reference.com/boxscores/201704090ATL.html,"3:30 PM, April 9, 2017",Atlanta Hawks,Cleveland Cavaliers,126,125,CLE,,,Team Totals,265,45,98,.459,19,46,.413,16,20,.800,13,40,53,28,4,3,17,27,125,,,Team Totals,265,.585,.556,.469,.204,27.1,80.0,54.1,62.2,3.7,4.8,13.7,100.0,114.8,115.7,
https://www.basketball-reference.com/boxscores/201704090ATL.html,"3:30 PM, April 9, 2017",Atlanta Hawks,Cleveland Cavaliers,126,125,ATL,,,Team Totals,265,44,94,.468,9,31,.290,29,37,.784,10,35,45,31,8,4,12,22,126,,,Team Totals,265,.571,.516,.330,.394,20.0,72.9,45.9,70.5,7.3,7.7,9.8,100.0,115.7,114.8,
https://www.basketball-reference.com/boxscores/201704090DEN.html,"5:00 PM, April 9, 2017",Denver Nuggets,Oklahoma City Thunder,105,106,OKC,,,Team Totals,240,40,96,.417,6,25,.240,20,22,.909,18,36,54,19,7,3,12,19,106,,,Team Totals,240,.502,.448,.260,.229,32.1,90.0,56.3,47.5,7.2,6.0,10.2,100.0,108.8,107.8,
https://www.basketball-reference.com/boxscores/201704090DEN.html,"5:00 PM, April 9, 2017",Denver Nuggets,Oklahoma City Thunder,105,106,DEN,,,Team Totals,240,40,84,.476,11,34,.324,14,15,.933,4,38,42,22,6,4,12,16,105,,,Team Totals,240,.579,.542,.405,.179,10.0,67.9,43.8,55.0,6.2,5.6,11.7,100.0,107.8,108.8,
https://www.basketball-reference.com/boxscores/201704090LAL.html,"9:30 PM, April 9, 2017",Los Angeles Lakers,Minnesota Timberwolves,110,109,MIN,,,Team Totals,240,40,80,.500,3,15,.200,26,31,.839,8,33,41,27,8,6,15,16,109,,,Team Totals,240,.582,.519,.188,.388,22.2,73.3,50.6,67.5,8.2,10.2,13.8,100.0,111.6,112.6,
https://www.basketball-reference.com/boxscores/201704090LAL.html,"9:30 PM, April 9, 2017",Los Angeles Lakers,Minnesota Timberwolves,110,109,LAL,,,Team Totals,240,42,86,.488,10,27,.370,16,20,.800,12,28,40,26,10,8,16,23,110,,,Team Totals,240,.580,.547,.314,.233,26.7,77.8,49.4,61.9,10.2,12.3,14.4,100.0,112.6,111.6,
https://www.basketball-reference.com/boxscores/201704090MEM.html,"6:00 PM, April 9, 2017",Memphis Grizzlies,Detroit Pistons,90,103,DET,,,Team Totals,240,39,82,.476,14,28,.500,11,16,.688,15,31,46,21,8,2,18,12,103,,,Team Totals,240,.578,.561,.341,.195,38.5,83.8,60.5,53.8,9.0,3.7,16.8,100.0,116.3,101.6,
https://www.basketball-reference.com/boxscores/201704090MEM.html,"6:00 PM, April 9, 2017",Memphis Grizzlies,Detroit Pistons,90,103,MEM,,,Team Totals,240,36,75,.480,9,21,.429,9,13,.692,6,24,30,23,12,3,15,16,90,,,Team Totals,240,.557,.540,.280,.173,16.2,61.5,39.5,63.9,13.5,5.6,15.7,100.0,101.6,116.3,
https://www.basketball-reference.com/boxscores/201704090NYK.html,"12:00 PM, April 9, 2017",New York Knicks,Toronto Raptors,97,110,TOR,,,Team Totals,240,40,77,.519,10,31,.323,20,23,.870,5,36,41,20,8,1,11,14,110,,,Team Totals,240,.631,.584,.403,.299,14.3,85.7,53.2,50.0,8.7,1.9,11.2,100.0,119.8,105.6,
https://www.basketball-reference.com/boxscores/201704090NYK.html,"12:00 PM, April 9, 2017",New York Knicks,Toronto Raptors,97,110,NYK,,,Team Totals,240,37,82,.451,9,28,.321,14,15,.933,6,30,36,27,6,1,11,18,97,,,Team Totals,240,.547,.506,.341,.183,14.3,85.7,46.8,73.0,6.5,2.2,11.0,100.0,105.6,119.8,
https://www.basketball-reference.com/boxscores/201704090PHO.html,"6:00 PM, April 9, 2017",Phoenix Suns,Dallas Mavericks,124,111,DAL,,,Team Totals,240,41,97,.423,16,45,.356,13,19,.684,17,27,44,23,5,2,10,23,111,,,Team Totals,240,.527,.505,.464,.196,32.7,77.1,50.6,56.1,5.2,3.3,8.7,100.0,116.2,129.8,
https://www.basketball-reference.com/boxscores/201704090PHO.html,"6:00 PM, April 9, 2017",Phoenix Suns,Dallas Mavericks,124,111,PHO,,,Team Totals,240,44,80,.550,8,19,.421,28,32,.875,8,35,43,26,6,4,12,18,124,,,Team Totals,240,.659,.600,.238,.400,22.9,67.3,49.4,59.1,6.3,7.7,11.3,100.0,129.8,116.2,
https://www.basketball-reference.com/boxscores/201704090SAC.html,"6:00 PM, April 9, 2017",Sacramento Kings,Houston Rockets,128,135,HOU,,,Team Totals,240,45,80,.563,18,43,.419,27,31,.871,5,36,41,26,3,2,18,22,135,,,Team Totals,240,.721,.675,.538,.388,13.9,83.7,51.9,57.8,2.9,3.2,16.1,100.0,129.8,123.1,
https://www.basketball-reference.com/boxscores/201704090SAC.html,"6:00 PM, April 9, 2017",Sacramento Kings,Houston Rockets,128,135,SAC,,,Team Totals,240,47,94,.500,9,31,.290,25,30,.833,7,31,38,26,8,2,5,18,128,,,Team Totals,240,.597,.548,.330,.319,16.3,86.1,48.1,55.3,7.7,5.4,4.5,100.0,123.1,129.8,
https://www.basketball-reference.com/boxscores/201704100BOS.html,"7:30 PM, April 10, 2017",Boston Celtics,Brooklyn Nets,114,105,BRK,,,Team Totals,240,31,86,.360,8,31,.258,35,39,.897,9,40,49,18,8,6,12,19,105,,,Team Totals,240,.509,.407,.360,.453,17.6,81.6,49.0,58.1,7.7,11.3,10.4,100.0,101.6,110.3,
https://www.basketball-reference.com/boxscores/201704100BOS.html,"7:30 PM, April 10, 2017",Boston Celtics,Brooklyn Nets,114,105,BOS,,,Team Totals,240,41,91,.451,14,38,.368,18,21,.857,9,42,51,31,7,4,14,23,114,,,Team Totals,240,.569,.527,.418,.231,18.4,82.4,51.0,75.6,6.8,7.3,12.3,100.0,110.3,101.6,
https://www.basketball-reference.com/boxscores/201704100CHI.html,"8:00 PM, April 10, 2017",Chicago Bulls,Orlando Magic,122,75,ORL,,,Team Totals,240,29,84,.345,5,27,.185,12,16,.750,9,28,37,18,5,5,17,18,75,,,Team Totals,240,.412,.375,.321,.190,17.3,71.8,40.7,62.1,5.2,7.9,15.7,100.0,77.6,126.3,
https://www.basketball-reference.com/boxscores/201704100CHI.html,"8:00 PM, April 10, 2017",Chicago Bulls,Orlando Magic,122,75,CHI,,,Team Totals,240,48,89,.539,12,26,.462,14,16,.875,11,43,54,33,12,4,13,16,122,,,Team Totals,240,.635,.607,.292,.180,28.2,82.7,59.3,68.8,12.4,7.0,11.9,100.0,126.3,77.6,
https://www.basketball-reference.com/boxscores/201704100DET.html,"8:00 PM, April 10, 2017",Detroit Pistons,Washington Wizards,101,105,WAS,,,Team Totals,240,42,83,.506,7,19,.368,14,16,.875,9,39,48,27,8,5,17,13,105,,,Team Totals,240,.583,.548,.229,.193,23.1,86.7,57.1,64.3,8.2,7.4,15.9,100.0,107.7,103.6,
https://www.basketball-reference.com/boxscores/201704100DET.html,"8:00 PM, April 10, 2017",Detroit Pistons,Washington Wizards,101,105,DET,,,Team Totals,240,43,94,.457,10,26,.385,5,5,1.000,6,30,36,22,9,2,10,18,101,,,Team Totals,240,.525,.511,.277,.053,13.3,76.9,42.9,51.2,9.2,3.1,9.4,100.0,103.6,107.7,
https://www.basketball-reference.com/boxscores/201704100GSW.html,"10:30 PM, April 10, 2017",Golden State Warriors,Utah Jazz,99,105,UTA,,,Team Totals,240,41,92,.446,13,35,.371,10,15,.667,14,35,49,29,8,3,12,17,105,,,Team Totals,240,.532,.516,.380,.163,29.2,81.4,53.8,70.7,8.6,5.5,10.8,100.0,113.1,106.6,
https://www.basketball-reference.com/boxscores/201704100GSW.html,"10:30 PM, April 10, 2017",Golden State Warriors,Utah Jazz,99,105,GSW,,,Team Totals,240,39,80,.488,9,25,.360,12,17,.706,8,34,42,25,5,6,13,17,99,,,Team Totals,240,.566,.544,.313,.213,18.6,70.8,46.2,64.1,5.4,10.5,12.9,100.0,106.6,113.1,
https://www.basketball-reference.com/boxscores/201704100LAC.html,"10:30 PM, April 10, 2017",Los Angeles Clippers,Houston Rockets,125,96,HOU,,,Team Totals,240,33,84,.393,9,40,.225,21,27,.778,9,32,41,23,5,3,15,23,96,,,Team Totals,240,.501,.446,.476,.321,19.6,72.7,45.6,69.7,5.0,4.6,13.5,100.0,96.9,126.1,
https://www.basketball-reference.com/boxscores/201704100LAC.html,"10:30 PM, April 10, 2017",Los Angeles Clippers,Houston Rockets,125,96,LAC,,,Team Totals,240,46,91,.505,10,26,.385,23,28,.821,12,37,49,29,9,0,10,16,125,,,Team Totals,240,.605,.560,.286,.308,27.3,80.4,54.4,63.0,9.1,0.0,8.8,100.0,126.1,96.9,
https://www.basketball-reference.com/boxscores/201704100MIA.html,"7:30 PM, April 10, 2017",Miami Heat,Cleveland Cavaliers,124,121,CLE,,,Team Totals,265,44,89,.494,14,35,.400,19,22,.864,7,40,47,19,7,4,21,25,121,,,Team Totals,265,.613,.573,.393,.247,15.9,81.6,50.5,43.2,6.3,6.5,17.5,100.0,108.7,111.4,
https://www.basketball-reference.com/boxscores/201704100MIA.html,"7:30 PM, April 10, 2017",Miami Heat,Cleveland Cavaliers,124,121,MIA,,,Team Totals,265,44,95,.463,12,33,.364,24,34,.706,9,37,46,28,9,3,13,26,124,,,Team Totals,265,.564,.526,.347,.358,18.4,84.1,49.5,63.6,8.1,5.6,10.6,100.0,111.4,108.7,
https://www.basketball-reference.com/boxscores/201704100MIL.html,"8:00 PM, April 10, 2017",Milwaukee Bucks,Charlotte Hornets,89,79,CHO,,,Team Totals,240,33,81,.407,5,18,.278,8,13,.615,7,32,39,21,11,5,9,10,79,,,Team Totals,240,.455,.438,.222,.160,15.6,80.0,45.9,63.6,12.6,9.8,9.4,100.0,90.8,102.3,
https://www.basketball-reference.com/boxscores/201704100MIL.html,"8:00 PM, April 10, 2017",Milwaukee Bucks,Charlotte Hornets,89,79,MIL,,,Team Totals,240,35,78,.449,16,27,.593,3,5,.600,8,38,46,28,4,3,16,14,89,,,Team Totals,240,.555,.551,.346,.064,20.0,84.4,54.1,80.0,4.6,4.8,16.6,100.0,102.3,90.8,
https://www.basketball-reference.com/boxscores/201704100PHI.html,"7:00 PM, April 10, 2017",Philadelphia 76ers,Indiana Pacers,111,120,IND,,,Team Totals,240,49,85,.576,5,16,.313,17,21,.810,14,30,44,30,9,5,15,23,120,,,Team Totals,240,.637,.606,.188,.247,37.8,75.0,57.1,61.2,9.5,11.9,13.7,100.0,127.3,117.8,
https://www.basketball-reference.com/boxscores/201704100PHI.html,"7:00 PM, April 10, 2017",Philadelphia 76ers,Indiana Pacers,111,120,PHI,,,Team Totals,240,35,75,.467,13,33,.394,28,31,.903,10,23,33,20,10,1,18,19,111,,,Team Totals,240,.626,.553,.440,.413,25.0,62.2,42.9,57.1,10.6,1.4,16.9,100.0,117.8,127.3,
https://www.basketball-reference.com/boxscores/201704100POR.html,"10:00 PM, April 10, 2017",Portland Trail Blazers,San Antonio Spurs,99,98,SAS,,,Team Totals,240,38,83,.458,8,21,.381,14,20,.700,13,34,47,17,4,9,15,15,98,,,Team Totals,240,.534,.506,.253,.241,30.2,73.9,52.8,44.7,4.4,14.5,14.0,100.0,108.3,109.4,
https://www.basketball-reference.com/boxscores/201704100POR.html,"10:00 PM, April 10, 2017",Portland Trail Blazers,San Antonio Spurs,99,98,POR,,,Team Totals,240,37,89,.416,12,27,.444,13,15,.867,12,30,42,18,6,3,9,17,99,,,Team Totals,240,.518,.483,.303,.169,26.1,69.8,47.2,48.6,6.6,4.8,8.6,100.0,109.4,108.3,
https://www.basketball-reference.com/boxscores/201704110ATL.html,"7:30 PM, April 11, 2017",Atlanta Hawks,Charlotte Hornets,103,76,CHO,,,Team Totals,240,29,88,.330,3,23,.130,15,19,.789,15,25,40,16,11,1,15,17,76,,,Team Totals,240,.394,.347,.261,.216,27.8,69.4,44.4,55.2,12.0,1.9,13.5,100.0,82.7,112.1,
https://www.basketball-reference.com/boxscores/201704110ATL.html,"7:30 PM, April 11, 2017",Atlanta Hawks,Charlotte Hornets,103,76,ATL,,,Team Totals,240,41,79,.519,7,27,.259,14,18,.778,11,39,50,30,6,4,17,17,103,,,Team Totals,240,.592,.563,.342,.228,30.6,72.2,55.6,73.2,6.5,6.2,16.4,100.0,112.1,82.7,
https://www.basketball-reference.com/boxscores/201704110DAL.html,"8:30 PM, April 11, 2017",Dallas Mavericks,Denver Nuggets,91,109,DEN,,,Team Totals,240,41,84,.488,18,42,.429,9,14,.643,10,43,53,31,7,1,17,14,109,,,Team Totals,240,.604,.595,.500,.167,22.7,84.3,55.8,75.6,7.3,2.1,15.9,100.0,113.2,94.5,
https://www.basketball-reference.com/boxscores/201704110DAL.html,"8:30 PM, April 11, 2017",Dallas Mavericks,Denver Nuggets,91,109,DAL,,,Team Totals,240,35,88,.398,12,40,.300,9,11,.818,8,34,42,24,8,4,13,11,91,,,Team Totals,240,.490,.466,.455,.125,15.7,77.3,44.2,68.6,8.3,9.5,12.3,100.0,94.5,113.2,
https://www.basketball-reference.com/boxscores/201704110LAL.html,"10:30 PM, April 11, 2017",Los Angeles Lakers,New Orleans Pelicans,108,96,NOP,,,Team Totals,240,37,79,.468,7,22,.318,15,20,.750,5,34,39,29,5,5,17,16,96,,,Team Totals,240,.547,.513,.278,.253,11.4,81.0,45.3,78.4,5.0,7.6,16.2,100.0,96.1,108.2,
https://www.basketball-reference.com/boxscores/201704110LAL.html,"10:30 PM, April 11, 2017",Los Angeles Lakers,New Orleans Pelicans,108,96,LAL,,,Team Totals,240,42,88,.477,8,22,.364,16,23,.696,8,39,47,24,15,3,13,18,108,,,Team Totals,240,.550,.523,.250,.261,19.0,88.6,54.7,57.1,15.0,5.3,11.7,100.0,108.2,96.1,
https://www.basketball-reference.com/boxscores/201704110MIN.html,"8:00 PM, April 11, 2017",Minnesota Timberwolves,Oklahoma City Thunder,98,100,OKC,,,Team Totals,240,37,86,.430,7,22,.318,19,25,.760,18,36,54,22,7,4,17,21,100,,,Team Totals,240,.515,.471,.256,.291,42.9,76.6,60.7,59.5,7.5,6.1,14.9,100.0,107.8,105.7,
https://www.basketball-reference.com/boxscores/201704110MIN.html,"8:00 PM, April 11, 2017",Minnesota Timberwolves,Oklahoma City Thunder,98,100,MIN,,,Team Totals,240,38,86,.442,5,20,.250,17,25,.680,11,24,35,24,12,3,11,17,98,,,Team Totals,240,.505,.471,.233,.291,23.4,57.1,39.3,63.2,12.9,4.7,10.2,100.0,105.7,107.8,
https://www.basketball-reference.com/boxscores/201704110SAC.html,"10:30 PM, April 11, 2017",Sacramento Kings,Phoenix Suns,129,104,PHO,,,Team Totals,240,41,109,.376,8,30,.267,14,24,.583,18,30,48,19,8,3,9,23,104,,,Team Totals,240,.435,.413,.275,.220,27.7,78.9,46.6,46.3,7.6,4.7,7.0,100.0,98.3,121.9,
https://www.basketball-reference.com/boxscores/201704110SAC.html,"10:30 PM, April 11, 2017",Sacramento Kings,Phoenix Suns,129,104,SAC,,,Team Totals,240,43,83,.518,9,19,.474,34,43,.791,8,47,55,28,7,2,13,23,129,,,Team Totals,240,.633,.572,.229,.518,21.1,72.3,53.4,65.1,6.6,2.5,11.3,100.0,121.9,98.3,
https://www.basketball-reference.com/boxscores/201704120BOS.html,"8:00 PM, April 12, 2017",Boston Celtics,Milwaukee Bucks,112,94,MIL,,,Team Totals,240,37,84,.440,6,23,.261,14,17,.824,9,34,43,26,6,9,17,20,94,,,Team Totals,240,.514,.476,.274,.202,20.5,75.6,48.3,70.3,6.2,16.7,15.7,100.0,97.0,115.6,
https://www.basketball-reference.com/boxscores/201704120BOS.html,"8:00 PM, April 12, 2017",Boston Celtics,Milwaukee Bucks,112,94,BOS,,,Team Totals,240,41,91,.451,12,37,.324,18,26,.692,11,35,46,31,12,3,8,17,112,,,Team Totals,240,.547,.516,.407,.286,24.4,79.5,51.7,75.6,12.4,4.9,7.2,100.0,115.6,97.0,
https://www.basketball-reference.com/boxscores/201704120CHI.html,"8:00 PM, April 12, 2017",Chicago Bulls,Brooklyn Nets,112,73,BRK,,,Team Totals,240,28,86,.326,3,33,.091,14,18,.778,10,38,48,17,8,3,19,16,73,,,Team Totals,240,.389,.343,.384,.209,17.2,73.1,43.6,60.7,7.9,4.6,16.8,100.0,72.2,110.7,
https://www.basketball-reference.com/boxscores/201704120CHI.html,"8:00 PM, April 12, 2017",Chicago Bulls,Brooklyn Nets,112,73,CHI,,,Team Totals,240,41,95,.432,14,30,.467,16,21,.762,14,48,62,28,15,4,13,18,112,,,Team Totals,240,.537,.505,.316,.221,26.9,82.8,56.4,68.3,14.8,7.5,11.1,100.0,110.7,72.2,
https://www.basketball-reference.com/boxscores/201704120CLE.html,"8:00 PM, April 12, 2017",Cleveland Cavaliers,Toronto Raptors,83,98,TOR,,,Team Totals,240,40,86,.465,8,26,.308,10,16,.625,12,36,48,20,8,2,9,20,98,,,Team Totals,240,.527,.512,.302,.186,27.3,78.3,53.3,50.0,9.0,5.1,8.8,100.0,110.5,93.6,
https://www.basketball-reference.com/boxscores/201704120CLE.html,"8:00 PM, April 12, 2017",Cleveland Cavaliers,Toronto Raptors,83,98,CLE,,,Team Totals,240,28,76,.368,10,37,.270,17,24,.708,10,32,42,20,5,7,15,14,83,,,Team Totals,240,.479,.434,.487,.316,21.7,72.7,46.7,71.4,5.6,11.7,14.8,100.0,93.6,110.5,
https://www.basketball-reference.com/boxscores/201704120GSW.html,"10:30 PM, April 12, 2017",Golden State Warriors,Los Angeles Lakers,109,94,LAL,,,Team Totals,240,41,93,.441,4,17,.235,8,14,.571,11,29,40,23,13,2,18,22,94,,,Team Totals,240,.474,.462,.183,.151,21.6,67.4,42.6,56.1,12.5,3.7,15.4,100.0,90.7,105.1,
https://www.basketball-reference.com/boxscores/201704120GSW.html,"10:30 PM, April 12, 2017",Golden State Warriors,Los Angeles Lakers,109,94,GSW,,,Team Totals,240,41,90,.456,12,36,.333,15,22,.682,14,40,54,26,14,8,21,17,109,,,Team Totals,240,.547,.522,.400,.244,32.6,78.4,57.4,63.4,13.5,10.5,17.4,100.0,105.1,90.7,
https://www.basketball-reference.com/boxscores/201704120HOU.html,"8:00 PM, April 12, 2017",Houston Rockets,Minnesota Timberwolves,123,118,MIN,,,Team Totals,240,48,91,.527,11,23,.478,11,15,.733,10,39,49,37,7,3,15,15,118,,,Team Totals,240,.605,.588,.253,.165,24.4,70.9,51.0,77.1,7.0,7.3,13.3,100.0,117.8,122.8,
https://www.basketball-reference.com/boxscores/201704120HOU.html,"8:00 PM, April 12, 2017",Houston Rockets,Minnesota Timberwolves,123,118,HOU,,,Team Totals,240,45,97,.464,19,56,.339,14,22,.636,16,31,47,37,11,7,10,14,123,,,Team Totals,240,.576,.562,.577,.227,29.1,75.6,49.0,82.2,11.0,10.3,8.6,100.0,122.8,117.8,
https://www.basketball-reference.com/boxscores/201704120IND.html,"8:00 PM, April 12, 2017",Indiana Pacers,Atlanta Hawks,104,86,ATL,,,Team Totals,240,30,72,.417,11,29,.379,15,19,.789,8,29,37,19,5,4,20,15,86,,,Team Totals,240,.535,.493,.403,.264,19.5,78.4,47.4,63.3,5.5,6.9,19.9,100.0,95.3,115.2,
https://www.basketball-reference.com/boxscores/201704120IND.html,"8:00 PM, April 12, 2017",Indiana Pacers,Atlanta Hawks,104,86,IND,,,Team Totals,240,39,82,.476,10,24,.417,16,19,.842,8,33,41,21,5,7,10,14,104,,,Team Totals,240,.575,.537,.293,.232,21.6,80.5,52.6,53.8,5.5,16.3,10.0,100.0,115.2,95.3,
https://www.basketball-reference.com/boxscores/201704120LAC.html,"10:30 PM, April 12, 2017",Los Angeles Clippers,Sacramento Kings,115,95,SAC,,,Team Totals,240,40,81,.494,5,11,.455,10,14,.714,7,30,37,27,2,1,11,18,95,,,Team Totals,240,.545,.525,.136,.173,17.9,73.2,46.3,67.5,2.3,1.8,11.2,100.0,107.2,129.8,
https://www.basketball-reference.com/boxscores/201704120LAC.html,"10:30 PM, April 12, 2017",Los Angeles Clippers,Sacramento Kings,115,95,LAC,,,Team Totals,240,43,83,.518,10,28,.357,19,25,.760,11,32,43,29,4,6,6,15,115,,,Team Totals,240,.612,.578,.337,.301,26.8,82.1,53.8,67.4,4.5,8.6,6.0,100.0,129.8,107.2,
https://www.basketball-reference.com/boxscores/201704120MEM.html,"8:00 PM, April 12, 2017",Memphis Grizzlies,Dallas Mavericks,93,100,DAL,,,Team Totals,240,33,75,.440,9,34,.265,25,31,.806,8,29,37,21,9,5,12,19,100,,,Team Totals,240,.564,.500,.453,.413,20.0,64.4,43.5,63.6,10.1,8.5,11.9,100.0,111.9,104.0,
https://www.basketball-reference.com/boxscores/201704120MEM.html,"8:00 PM, April 12, 2017",Memphis Grizzlies,Dallas Mavericks,93,100,MEM,,,Team Totals,240,33,84,.393,8,25,.320,19,22,.864,16,32,48,18,4,5,15,23,93,,,Team Totals,240,.496,.440,.298,.262,35.6,80.0,56.5,54.5,4.5,12.2,13.8,100.0,104.0,111.9,
https://www.basketball-reference.com/boxscores/201704120MIA.html,"8:00 PM, April 12, 2017",Miami Heat,Washington Wizards,110,102,WAS,,,Team Totals,240,42,87,.483,7,26,.269,11,14,.786,8,26,34,18,9,0,11,13,102,,,Team Totals,240,.547,.523,.299,.161,17.8,65.0,40.0,42.9,9.5,0.0,10.6,100.0,107.3,115.7,
https://www.basketball-reference.com/boxscores/201704120MIA.html,"8:00 PM, April 12, 2017",Miami Heat,Washington Wizards,110,102,MIA,,,Team Totals,240,46,88,.523,8,24,.333,10,12,.833,14,37,51,19,2,4,18,13,110,,,Team Totals,240,.590,.568,.273,.136,35.0,82.2,60.0,41.3,2.1,6.6,16.2,100.0,115.7,107.3,
https://www.basketball-reference.com/boxscores/201704120NYK.html,"8:00 PM, April 12, 2017",New York Knicks,Philadelphia 76ers,114,113,PHI,,,Team Totals,240,46,93,.495,7,23,.304,14,20,.700,16,22,38,21,10,4,13,25,113,,,Team Totals,240,.555,.532,.247,.215,38.1,56.4,46.9,45.7,10.5,6.6,11.3,100.0,118.9,120.0,
https://www.basketball-reference.com/boxscores/201704120NYK.html,"8:00 PM, April 12, 2017",New York Knicks,Philadelphia 76ers,114,113,NYK,,,Team Totals,240,41,83,.494,9,22,.409,23,32,.719,17,26,43,17,5,7,19,18,114,,,Team Totals,240,.587,.548,.265,.386,43.6,61.9,53.1,41.5,5.3,10.0,16.4,100.0,120.0,118.9,
https://www.basketball-reference.com/boxscores/201704120OKC.html,"8:00 PM, April 12, 2017",Oklahoma City Thunder,Denver Nuggets,105,111,DEN,,,Team Totals,240,39,85,.459,7,25,.280,26,32,.813,5,38,43,22,6,8,17,17,111,,,Team Totals,240,.560,.500,.294,.376,11.9,73.1,45.7,56.4,5.7,10.5,14.6,100.0,104.7,99.0,
https://www.basketball-reference.com/boxscores/201704120OKC.html,"8:00 PM, April 12, 2017",Oklahoma City Thunder,Denver Nuggets,105,111,OKC,,,Team Totals,240,43,101,.426,8,25,.320,11,17,.647,14,37,51,20,10,8,12,24,105,,,Team Totals,240,.484,.465,.248,.168,26.9,88.1,54.3,46.5,9.4,13.3,10.0,100.0,99.0,104.7,
https://www.basketball-reference.com/boxscores/201704120ORL.html,"8:00 PM, April 12, 2017",Orlando Magic,Detroit Pistons,113,109,DET,,,Team Totals,240,41,106,.387,11,36,.306,16,28,.571,17,36,53,20,6,3,8,15,109,,,Team Totals,240,.461,.439,.340,.264,27.4,85.7,51.0,48.8,5.9,4.8,6.3,100.0,106.8,110.8,
https://www.basketball-reference.com/boxscores/201704120ORL.html,"8:00 PM, April 12, 2017",Orlando Magic,Detroit Pistons,113,109,ORL,,,Team Totals,240,42,87,.483,13,25,.520,16,17,.941,6,45,51,27,7,6,11,22,113,,,Team Totals,240,.598,.557,.287,.195,14.3,72.6,49.0,64.3,6.9,8.6,10.4,100.0,110.8,106.8,
https://www.basketball-reference.com/boxscores/201704120POR.html,"10:30 PM, April 12, 2017",Portland Trail Blazers,New Orleans Pelicans,100,103,NOP,,,Team Totals,240,40,90,.444,8,24,.333,15,21,.714,11,31,42,20,13,3,11,17,103,,,Team Totals,240,.519,.489,.267,.233,22.0,68.9,44.2,50.0,13.1,5.5,10.0,100.0,103.9,100.9,
https://www.basketball-reference.com/boxscores/201704120POR.html,"10:30 PM, April 12, 2017",Portland Trail Blazers,New Orleans Pelicans,100,103,POR,,,Team Totals,240,41,85,.482,13,30,.433,5,13,.385,14,39,53,22,4,2,25,18,100,,,Team Totals,240,.551,.559,.353,.153,31.1,78.0,55.8,53.7,4.0,3.0,21.6,100.0,100.9,103.9,
https://www.basketball-reference.com/boxscores/201704120UTA.html,"9:00 PM, April 12, 2017",Utah Jazz,San Antonio Spurs,101,97,SAS,,,Team Totals,240,39,86,.453,8,21,.381,11,13,.846,15,27,42,16,12,2,15,17,97,,,Team Totals,240,.529,.500,.244,.151,34.1,79.4,53.8,41.0,13.1,3.9,14.1,100.0,106.2,110.6,
https://www.basketball-reference.com/boxscores/201704120UTA.html,"9:00 PM, April 12, 2017",Utah Jazz,San Antonio Spurs,101,97,UTA,,,Team Totals,240,39,77,.506,10,26,.385,13,20,.650,7,29,36,24,10,5,17,16,101,,,Team Totals,240,.589,.571,.338,.260,20.6,65.9,46.2,61.5,10.9,7.7,16.5,100.0,110.6,106.2,
https://www.basketball-reference.com/boxscores/201704150CLE.html,"3:00 PM, April 15, 2017",Cleveland Cavaliers,Indiana Pacers,109,108,IND,,,Team Totals,240,40,81,.494,11,24,.458,17,20,.850,12,29,41,21,6,1,13,25,108,,,Team Totals,240,.601,.562,.296,.247,33.3,74.4,54.7,52.5,6.8,2.0,12.6,100.0,121.8,123.0,
https://www.basketball-reference.com/boxscores/201704150CLE.html,"3:00 PM, April 15, 2017",Cleveland Cavaliers,Indiana Pacers,109,108,CLE,,,Team Totals,240,42,78,.538,11,28,.393,14,27,.519,10,24,34,26,7,2,11,19,109,,,Team Totals,240,.606,.609,.359,.346,25.6,66.7,45.3,61.9,7.9,3.5,10.9,100.0,123.0,121.8,
https://www.basketball-reference.com/boxscores/201704150LAC.html,"10:30 PM, April 15, 2017",Los Angeles Clippers,Utah Jazz,95,97,UTA,,,Team Totals,240,38,79,.481,8,19,.421,13,19,.684,6,28,34,21,7,4,13,19,97,,,Team Totals,240,.555,.532,.241,.241,15.8,77.8,45.9,55.3,7.6,7.0,13.0,100.0,105.0,102.8,
https://www.basketball-reference.com/boxscores/201704150LAC.html,"10:30 PM, April 15, 2017",Los Angeles Clippers,Utah Jazz,95,97,LAC,,,Team Totals,240,36,81,.444,8,24,.333,15,17,.882,8,32,40,20,6,4,15,18,95,,,Team Totals,240,.537,.494,.296,.210,22.2,84.2,54.1,55.6,6.5,6.7,14.5,100.0,102.8,105.0,
https://www.basketball-reference.com/boxscores/201704150SAS.html,"8:00 PM, April 15, 2017",San Antonio Spurs,Memphis Grizzlies,111,82,MEM,,,Team Totals,240,31,79,.392,7,20,.350,13,17,.765,8,27,35,17,7,6,9,20,82,,,Team Totals,240,.474,.437,.253,.215,19.0,77.1,45.5,54.8,8.1,10.5,9.4,100.0,95.1,128.7,
https://www.basketball-reference.com/boxscores/201704150SAS.html,"8:00 PM, April 15, 2017",San Antonio Spurs,Memphis Grizzlies,111,82,SAS,,,Team Totals,240,41,76,.539,10,19,.526,19,25,.760,8,34,42,16,4,11,10,20,111,,,Team Totals,240,.638,.605,.250,.329,22.9,81.0,54.5,39.0,4.6,18.6,10.3,100.0,128.7,95.1,
https://www.basketball-reference.com/boxscores/201704150TOR.html,"5:30 PM, April 15, 2017",Toronto Raptors,Milwaukee Bucks,83,97,MIL,,,Team Totals,240,38,85,.447,9,23,.391,12,15,.800,9,34,43,22,5,5,5,23,97,,,Team Totals,240,.529,.500,.271,.176,18.8,81.0,47.8,57.9,5.7,9.6,5.2,100.0,110.2,94.3,
https://www.basketball-reference.com/boxscores/201704150TOR.html,"5:30 PM, April 15, 2017",Toronto Raptors,Milwaukee Bucks,83,97,TOR,,,Team Totals,240,27,75,.360,5,23,.217,24,33,.727,8,39,47,15,3,4,11,21,83,,,Team Totals,240,.464,.393,.307,.440,19.0,81.3,52.2,55.6,3.4,6.5,10.9,100.0,94.3,110.2,
https://www.basketball-reference.com/boxscores/201704160BOS.html,"6:30 PM, April 16, 2017",Boston Celtics,Chicago Bulls,102,106,CHI,,,Team Totals,240,39,91,.429,8,26,.308,20,23,.870,20,33,53,22,10,7,19,18,106,,,Team Totals,240,.524,.473,.286,.253,45.5,73.3,59.6,56.4,10.6,14.6,15.8,100.0,111.9,107.6,
https://www.basketball-reference.com/boxscores/201704160BOS.html,"6:30 PM, April 16, 2017",Boston Celtics,Chicago Bulls,102,106,BOS,,,Team Totals,240,37,86,.430,14,38,.368,14,19,.737,12,24,36,27,9,4,16,20,102,,,Team Totals,240,.540,.512,.442,.221,26.7,54.5,40.4,73.0,9.5,6.2,14.5,100.0,107.6,111.9,
https://www.basketball-reference.com/boxscores/201704160GSW.html,"3:30 PM, April 16, 2017",Golden State Warriors,Portland Trail Blazers,121,109,POR,,,Team Totals,240,40,93,.430,11,30,.367,18,22,.818,11,27,38,15,8,3,15,25,109,,,Team Totals,240,.531,.489,.323,.237,23.4,75.0,45.8,37.5,7.9,5.6,12.7,100.0,108.2,120.1,
https://www.basketball-reference.com/boxscores/201704160GSW.html,"3:30 PM, April 16, 2017",Golden State Warriors,Portland Trail Blazers,121,109,GSW,,,Team Totals,240,43,81,.531,11,27,.407,24,28,.857,9,36,45,26,7,10,16,24,121,,,Team Totals,240,.648,.599,.333,.346,25.0,76.6,54.2,60.5,6.9,15.9,14.6,100.0,120.1,108.2,
https://www.basketball-reference.com/boxscores/201704160HOU.html,"9:00 PM, April 16, 2017",Houston Rockets,Oklahoma City Thunder,118,87,OKC,,,Team Totals,240,30,81,.370,9,29,.310,18,23,.783,7,34,41,19,8,5,15,19,87,,,Team Totals,240,.477,.426,.358,.284,14.3,70.8,42.3,63.3,8.2,8.6,14.1,100.0,89.0,120.7,
https://www.basketball-reference.com/boxscores/201704160HOU.html,"9:00 PM, April 16, 2017",Houston Rockets,Oklahoma City Thunder,118,87,HOU,,,Team Totals,240,45,91,.495,10,33,.303,18,26,.692,14,42,56,21,8,3,11,19,118,,,Team Totals,240,.576,.549,.363,.286,29.2,85.7,57.7,46.7,8.2,5.8,9.7,100.0,120.7,89.0,
https://www.basketball-reference.com/boxscores/201704160WAS.html,"1:00 PM, April 16, 2017",Washington Wizards,Atlanta Hawks,114,107,ATL,,,Team Totals,240,34,78,.436,7,25,.280,32,39,.821,13,35,48,18,5,3,21,22,107,,,Team Totals,240,.562,.481,.321,.500,32.5,70.0,53.3,52.9,5.0,4.2,18.1,100.0,106.8,113.7,
https://www.basketball-reference.com/boxscores/201704160WAS.html,"1:00 PM, April 16, 2017",Washington Wizards,Atlanta Hawks,114,107,WAS,,,Team Totals,240,45,100,.450,8,28,.286,16,17,.941,15,27,42,28,8,9,12,25,114,,,Team Totals,240,.530,.490,.280,.170,30.0,67.5,46.7,62.2,8.0,17.0,10.0,100.0,113.7,106.8,
https://www.basketball-reference.com/boxscores/201704170CLE.html,"7:00 PM, April 17, 2017",Cleveland Cavaliers,Indiana Pacers,117,111,IND,,,Team Totals,240,43,84,.512,8,20,.400,17,23,.739,9,24,33,23,14,3,14,21,111,,,Team Totals,240,.590,.560,.238,.274,23.1,77.4,47.1,53.5,14.5,6.7,12.9,100.0,115.0,121.2,
https://www.basketball-reference.com/boxscores/201704170CLE.html,"7:00 PM, April 17, 2017",Cleveland Cavaliers,Indiana Pacers,117,111,CLE,,,Team Totals,240,42,76,.553,13,31,.419,20,23,.870,7,30,37,19,6,8,19,16,117,,,Team Totals,240,.679,.638,.408,.303,22.6,76.9,52.9,45.2,6.2,12.5,18.1,100.0,121.2,115.0,
https://www.basketball-reference.com/boxscores/201704170SAS.html,"9:30 PM, April 17, 2017",San Antonio Spurs,Memphis Grizzlies,96,82,MEM,,,Team Totals,240,31,82,.378,7,27,.259,13,15,.867,9,26,35,19,8,1,10,22,82,,,Team Totals,240,.463,.421,.329,.183,20.9,83.9,47.3,61.3,9.4,2.6,10.1,100.0,96.1,112.5,
https://www.basketball-reference.com/boxscores/201704170SAS.html,"9:30 PM, April 17, 2017",San Antonio Spurs,Memphis Grizzlies,96,82,SAS,,,Team Totals,240,28,61,.459,9,23,.391,31,32,.969,5,34,39,14,4,4,16,13,96,,,Team Totals,240,.639,.533,.377,.525,16.1,79.1,52.7,50.0,4.7,7.3,17.6,100.0,112.5,96.1,
https://www.basketball-reference.com/boxscores/201704180BOS.html,"8:00 PM, April 18, 2017",Boston Celtics,Chicago Bulls,97,111,CHI,,,Team Totals,240,45,89,.506,10,25,.400,11,14,.786,12,32,44,28,12,6,12,17,111,,,Team Totals,240,.583,.562,.281,.157,30.8,74.4,53.7,62.2,12.9,12.2,11.2,100.0,119.6,104.5,
https://www.basketball-reference.com/boxscores/201704180BOS.html,"8:00 PM, April 18, 2017",Boston Celtics,Chicago Bulls,97,111,BOS,,,Team Totals,240,38,82,.463,10,33,.303,11,19,.579,11,27,38,26,6,4,16,17,97,,,Team Totals,240,.537,.524,.402,.232,25.6,69.2,46.3,68.4,6.5,6.3,15.0,100.0,104.5,119.6,
https://www.basketball-reference.com/boxscores/201704180LAC.html,"10:30 PM, April 18, 2017",Los Angeles Clippers,Utah Jazz,99,91,UTA,,,Team Totals,240,32,70,.457,10,25,.400,17,22,.773,3,30,33,15,7,2,14,16,91,,,Team Totals,240,.571,.529,.357,.314,8.8,78.9,45.8,46.9,7.8,3.1,14.9,100.0,102.0,111.0,
https://www.basketball-reference.com/boxscores/201704180LAC.html,"10:30 PM, April 18, 2017",Los Angeles Clippers,Utah Jazz,99,91,LAC,,,Team Totals,240,44,84,.524,6,20,.300,5,8,.625,8,31,39,26,7,4,11,23,99,,,Team Totals,240,.566,.560,.238,.095,21.1,91.2,54.2,59.1,7.8,8.9,11.2,100.0,111.0,102.0,
https://www.basketball-reference.com/boxscores/201704180TOR.html,"7:00 PM, April 18, 2017",Toronto Raptors,Milwaukee Bucks,106,100,MIL,,,Team Totals,240,36,87,.414,11,23,.478,17,19,.895,12,28,40,20,6,4,12,16,100,,,Team Totals,240,.524,.477,.264,.218,26.1,82.4,50.0,55.6,6.5,8.3,11.2,100.0,108.2,114.7,
https://www.basketball-reference.com/boxscores/201704180TOR.html,"7:00 PM, April 18, 2017",Toronto Raptors,Milwaukee Bucks,106,100,TOR,,,Team Totals,240,37,77,.481,14,29,.483,18,25,.720,6,34,40,24,6,4,13,22,106,,,Team Totals,240,.602,.571,.377,.325,17.6,73.9,50.0,64.9,6.5,6.3,12.9,100.0,114.7,108.2,
https://www.basketball-reference.com/boxscores/201704190GSW.html,"10:30 PM, April 19, 2017",Golden State Warriors,Portland Trail Blazers,110,81,POR,,,Team Totals,240,30,90,.333,7,34,.206,14,19,.737,11,36,47,17,9,7,19,19,81,,,Team Totals,240,.412,.372,.378,.211,20.4,76.6,46.5,56.7,8.6,11.9,16.2,100.0,77.8,105.6,
https://www.basketball-reference.com/boxscores/201704190GSW.html,"10:30 PM, April 19, 2017",Golden State Warriors,Portland Trail Blazers,110,81,GSW,,,Team Totals,240,40,91,.440,10,32,.313,20,24,.833,11,43,54,31,8,11,17,17,110,,,Team Totals,240,.542,.495,.352,.264,23.4,79.6,53.5,77.5,7.7,19.6,14.3,100.0,105.6,77.8,
https://www.basketball-reference.com/boxscores/201704190HOU.html,"8:00 PM, April 19, 2017",Houston Rockets,Oklahoma City Thunder,115,111,OKC,,,Team Totals,240,40,97,.412,7,30,.233,24,28,.857,17,31,48,20,9,11,7,24,111,,,Team Totals,240,.508,.448,.309,.289,34.7,86.1,56.5,50.0,9.3,22.4,6.0,100.0,114.5,118.6,
https://www.basketball-reference.com/boxscores/201704190HOU.html,"8:00 PM, April 19, 2017",Houston Rockets,Oklahoma City Thunder,115,111,HOU,,,Team Totals,240,38,78,.487,11,29,.379,28,37,.757,5,32,37,20,5,8,13,21,115,,,Team Totals,240,.610,.558,.372,.474,13.9,65.3,43.5,52.6,5.2,11.9,12.1,100.0,118.6,114.5,
https://www.basketball-reference.com/boxscores/201704190WAS.html,"7:00 PM, April 19, 2017",Washington Wizards,Atlanta Hawks,109,101,ATL,,,Team Totals,240,32,79,.405,4,20,.200,33,38,.868,10,31,41,17,6,6,18,26,101,,,Team Totals,240,.528,.430,.253,.481,23.8,73.8,48.8,53.1,6.1,9.4,15.8,100.0,102.4,110.5,
https://www.basketball-reference.com/boxscores/201704190WAS.html,"7:00 PM, April 19, 2017",Washington Wizards,Atlanta Hawks,109,101,WAS,,,Team Totals,240,39,86,.453,7,22,.318,24,33,.727,11,32,43,22,10,10,11,29,109,,,Team Totals,240,.542,.494,.256,.384,26.2,76.2,51.2,56.4,10.1,16.9,9.9,100.0,110.5,102.4,
https://www.basketball-reference.com/boxscores/201704200IND.html,"7:00 PM, April 20, 2017",Indiana Pacers,Cleveland Cavaliers,114,119,CLE,,,Team Totals,240,39,87,.448,21,44,.477,20,30,.667,8,32,40,23,6,7,8,23,119,,,Team Totals,240,.594,.569,.506,.345,18.6,65.3,43.5,59.0,6.2,13.0,7.4,100.0,123.5,118.3,
https://www.basketball-reference.com/boxscores/201704200IND.html,"7:00 PM, April 20, 2017",Indiana Pacers,Cleveland Cavaliers,114,119,IND,,,Team Totals,240,38,95,.400,16,41,.390,22,26,.846,17,35,52,25,4,5,11,23,114,,,Team Totals,240,.536,.484,.432,.274,34.7,81.4,56.5,65.8,4.2,11.6,9.4,100.0,118.3,123.5,
https://www.basketball-reference.com/boxscores/201704200MEM.html,"9:30 PM, April 20, 2017",Memphis Grizzlies,San Antonio Spurs,105,94,SAS,,,Team Totals,240,34,72,.472,10,24,.417,16,28,.571,12,30,42,16,1,3,12,21,94,,,Team Totals,240,.557,.542,.333,.389,30.8,83.3,56.0,47.1,1.2,5.5,12.5,100.0,113.3,126.6,
https://www.basketball-reference.com/boxscores/201704200MEM.html,"9:30 PM, April 20, 2017",Memphis Grizzlies,San Antonio Spurs,105,94,MEM,,,Team Totals,240,39,77,.506,9,22,.409,18,20,.900,6,27,33,21,2,3,5,24,105,,,Team Totals,240,.612,.565,.286,.260,16.7,69.2,44.0,53.8,2.4,6.3,5.5,100.0,126.6,113.3,
https://www.basketball-reference.com/boxscores/201704200MIL.html,"8:00 PM, April 20, 2017",Milwaukee Bucks,Toronto Raptors,104,77,TOR,,,Team Totals,240,24,71,.338,6,22,.273,23,30,.767,9,31,40,11,6,4,16,21,77,,,Team Totals,240,.457,.380,.310,.423,21.4,91.2,52.6,45.8,6.7,7.8,16.0,100.0,85.8,115.9,
https://www.basketball-reference.com/boxscores/201704200MIL.html,"8:00 PM, April 20, 2017",Milwaukee Bucks,Toronto Raptors,104,77,MIL,,,Team Totals,240,39,74,.527,12,23,.522,14,19,.737,3,33,36,29,6,4,13,25,104,,,Team Totals,240,.631,.608,.311,.257,8.8,78.6,47.4,74.4,6.7,8.2,13.6,100.0,115.9,85.8,
https://www.basketball-reference.com/boxscores/201704210CHI.html,"7:00 PM, April 21, 2017",Chicago Bulls,Boston Celtics,87,104,BOS,,,Team Totals,240,41,86,.477,17,37,.459,5,7,.714,7,30,37,34,11,2,13,12,104,,,Team Totals,240,.584,.576,.430,.081,15.9,66.7,41.6,82.9,12.0,3.2,12.7,100.0,113.1,94.6,
https://www.basketball-reference.com/boxscores/201704210CHI.html,"7:00 PM, April 21, 2017",Chicago Bulls,Boston Celtics,87,104,CHI,,,Team Totals,240,33,84,.393,6,21,.286,15,15,1.000,15,37,52,14,7,8,18,15,87,,,Team Totals,240,.480,.429,.250,.179,33.3,84.1,58.4,42.4,7.6,16.3,16.6,100.0,94.6,113.1,
https://www.basketball-reference.com/boxscores/201704210OKC.html,"9:30 PM, April 21, 2017",Oklahoma City Thunder,Houston Rockets,115,113,HOU,,,Team Totals,240,38,83,.458,10,35,.286,27,33,.818,11,31,42,10,4,6,16,24,113,,,Team Totals,240,.579,.518,.422,.398,26.2,77.5,51.2,26.3,4.1,9.4,14.1,100.0,116.6,118.6,
https://www.basketball-reference.com/boxscores/201704210OKC.html,"9:30 PM, April 21, 2017",Oklahoma City Thunder,Houston Rockets,115,113,OKC,,,Team Totals,240,46,83,.554,9,19,.474,14,23,.609,9,31,40,24,8,5,11,21,115,,,Team Totals,240,.617,.608,.229,.277,22.5,73.8,48.8,52.2,8.3,10.4,10.6,100.0,118.6,116.6,
https://www.basketball-reference.com/boxscores/201704210UTA.html,"10:00 PM, April 21, 2017",Utah Jazz,Los Angeles Clippers,106,111,LAC,,,Team Totals,240,41,75,.547,7,19,.368,22,33,.667,9,32,41,16,8,3,8,20,111,,,Team Totals,240,.620,.593,.253,.440,27.3,91.4,60.3,39.0,9.2,8.6,8.2,100.0,127.0,121.2,
https://www.basketball-reference.com/boxscores/201704210UTA.html,"10:00 PM, April 21, 2017",Utah Jazz,Los Angeles Clippers,106,111,UTA,,,Team Totals,240,36,69,.522,14,34,.412,20,29,.690,3,24,27,16,5,2,11,26,106,,,Team Totals,240,.648,.623,.493,.420,8.6,72.7,39.7,44.4,5.7,3.6,11.9,100.0,121.2,127.0,
https://www.basketball-reference.com/boxscores/201704220ATL.html,"5:30 PM, April 22, 2017",Atlanta Hawks,Washington Wizards,116,98,WAS,,,Team Totals,240,37,89,.416,7,29,.241,17,20,.850,6,36,42,16,6,4,16,28,98,,,Team Totals,240,.501,.455,.326,.225,13.3,76.6,45.7,43.2,5.8,6.3,14.1,100.0,94.2,111.5,
https://www.basketball-reference.com/boxscores/201704220ATL.html,"5:30 PM, April 22, 2017",Atlanta Hawks,Washington Wizards,116,98,ATL,,,Team Totals,240,44,89,.494,9,25,.360,19,32,.594,11,39,50,26,6,5,12,17,116,,,Team Totals,240,.563,.545,.281,.360,23.4,86.7,54.3,59.1,5.8,8.3,10.4,100.0,111.5,94.2,
https://www.basketball-reference.com/boxscores/201704220MEM.html,"8:00 PM, April 22, 2017",Memphis Grizzlies,San Antonio Spurs,110,108,SAS,,,Team Totals,265,41,97,.423,9,30,.300,17,17,1.000,8,29,37,16,11,3,10,24,108,,,Team Totals,265,.517,.469,.309,.175,15.7,78.4,42.0,39.0,10.5,5.5,8.7,100.0,103.4,105.4,
https://www.basketball-reference.com/boxscores/201704220MEM.html,"8:00 PM, April 22, 2017",Memphis Grizzlies,San Antonio Spurs,110,108,MEM,,,Team Totals,265,38,82,.463,12,27,.444,22,24,.917,8,43,51,19,3,3,23,21,110,,,Team Totals,265,.594,.537,.329,.293,21.6,84.3,58.0,50.0,2.9,4.5,19.9,100.0,105.4,103.4,
https://www.basketball-reference.com/boxscores/201704220MIL.html,"3:00 PM, April 22, 2017",Milwaukee Bucks,Toronto Raptors,76,87,TOR,,,Team Totals,240,33,80,.413,5,22,.227,16,17,.941,4,37,41,16,11,6,13,19,87,,,Team Totals,240,.497,.444,.275,.213,9.8,74.0,45.1,48.5,11.6,10.0,12.9,100.0,91.6,80.0,
https://www.basketball-reference.com/boxscores/201704220MIL.html,"3:00 PM, April 22, 2017",Milwaukee Bucks,Toronto Raptors,76,87,MIL,,,Team Totals,240,30,81,.370,5,21,.238,11,18,.611,13,37,50,16,8,3,21,21,76,,,Team Totals,240,.427,.401,.259,.222,26.0,90.2,54.9,53.3,8.4,5.2,19.1,100.0,80.0,91.6,
https://www.basketball-reference.com/boxscores/201704220POR.html,"10:30 PM, April 22, 2017",Portland Trail Blazers,Golden State Warriors,113,119,GSW,,,Team Totals,240,40,91,.440,12,36,.333,27,35,.771,6,36,42,25,11,11,7,19,119,,,Team Totals,240,.559,.505,.396,.385,12.8,76.6,44.7,62.5,10.5,19.3,6.2,100.0,113.8,108.1,
https://www.basketball-reference.com/boxscores/201704220POR.html,"10:30 PM, April 22, 2017",Portland Trail Blazers,Golden State Warriors,113,119,POR,,,Team Totals,240,39,90,.433,13,33,.394,22,27,.815,11,41,52,17,5,6,16,23,113,,,Team Totals,240,.555,.506,.367,.300,23.4,87.2,55.3,43.6,4.8,10.9,13.6,100.0,108.1,113.8,
https://www.basketball-reference.com/boxscores/201704230CHI.html,"6:30 PM, April 23, 2017",Chicago Bulls,Boston Celtics,95,104,BOS,,,Team Totals,240,38,82,.463,10,37,.270,18,22,.818,11,31,42,22,7,4,13,24,104,,,Team Totals,240,.567,.524,.451,.268,25.6,72.1,48.8,57.9,7.8,7.7,12.4,100.0,115.7,105.7,
https://www.basketball-reference.com/boxscores/201704230CHI.html,"6:30 PM, April 23, 2017",Chicago Bulls,Boston Celtics,95,104,CHI,,,Team Totals,240,32,76,.421,5,24,.208,26,33,.788,12,32,44,19,5,3,12,23,95,,,Team Totals,240,.525,.454,.316,.434,27.9,74.4,51.2,59.4,5.6,6.7,11.7,100.0,105.7,115.7,
https://www.basketball-reference.com/boxscores/201704230IND.html,"1:00 PM, April 23, 2017",Indiana Pacers,Cleveland Cavaliers,102,106,CLE,,,Team Totals,240,37,90,.411,9,31,.290,23,27,.852,15,33,48,11,9,8,13,15,106,,,Team Totals,240,.520,.461,.344,.300,31.3,78.6,53.3,29.7,9.2,13.8,11.3,100.0,108.7,104.6,
https://www.basketball-reference.com/boxscores/201704230IND.html,"1:00 PM, April 23, 2017",Indiana Pacers,Cleveland Cavaliers,102,106,IND,,,Team Totals,240,41,88,.466,10,30,.333,10,17,.588,9,33,42,21,8,6,15,22,102,,,Team Totals,240,.534,.523,.341,.193,21.4,68.8,46.7,51.2,8.2,10.2,13.6,100.0,104.6,108.7,
https://www.basketball-reference.com/boxscores/201704230OKC.html,"3:30 PM, April 23, 2017",Oklahoma City Thunder,Houston Rockets,109,113,HOU,,,Team Totals,240,37,85,.435,11,35,.314,28,33,.848,13,32,45,19,13,2,20,26,113,,,Team Totals,240,.568,.500,.412,.388,30.2,76.2,52.9,51.4,12.6,3.0,16.7,100.0,109.4,105.6,
https://www.basketball-reference.com/boxscores/201704230OKC.html,"3:30 PM, April 23, 2017",Oklahoma City Thunder,Houston Rockets,109,113,OKC,,,Team Totals,240,42,85,.494,7,19,.368,18,32,.563,10,30,40,20,10,12,17,20,109,,,Team Totals,240,.550,.535,.224,.376,23.8,69.8,47.1,47.6,9.7,24.0,14.6,100.0,105.6,109.4,
https://www.basketball-reference.com/boxscores/201704230UTA.html,"9:00 PM, April 23, 2017",Utah Jazz,Los Angeles Clippers,105,98,LAC,,,Team Totals,240,33,75,.440,11,32,.344,21,29,.724,6,25,31,17,8,0,9,18,98,,,Team Totals,240,.558,.513,.427,.387,14.6,78.1,42.5,51.5,9.1,0.0,9.3,100.0,111.1,119.0,
https://www.basketball-reference.com/boxscores/201704230UTA.html,"9:00 PM, April 23, 2017",Utah Jazz,Los Angeles Clippers,105,98,UTA,,,Team Totals,240,40,74,.541,10,22,.455,15,21,.714,7,35,42,24,7,3,13,17,105,,,Team Totals,240,.631,.608,.297,.284,21.9,85.4,57.5,60.0,7.9,7.0,13.5,100.0,119.0,111.1,
https://www.basketball-reference.com/boxscores/201704240ATL.html,"8:00 PM, April 24, 2017",Atlanta Hawks,Washington Wizards,111,101,WAS,,,Team Totals,240,36,85,.424,11,32,.344,18,23,.783,9,37,46,19,7,5,15,25,101,,,Team Totals,240,.531,.488,.376,.271,19.6,75.5,48.4,52.8,7.1,8.5,13.6,100.0,102.1,112.2,
https://www.basketball-reference.com/boxscores/201704240ATL.html,"8:00 PM, April 24, 2017",Atlanta Hawks,Washington Wizards,111,101,ATL,,,Team Totals,240,40,90,.444,12,31,.387,19,25,.760,12,37,49,24,7,1,12,20,111,,,Team Totals,240,.550,.511,.344,.278,24.5,80.4,51.6,60.0,7.1,1.9,10.6,100.0,112.2,102.1,
https://www.basketball-reference.com/boxscores/201704240POR.html,"10:30 PM, April 24, 2017",Portland Trail Blazers,Golden State Warriors,103,128,GSW,,,Team Totals,240,46,86,.535,17,29,.586,19,27,.704,6,39,45,27,7,9,10,15,128,,,Team Totals,240,.654,.634,.337,.314,15.8,84.8,53.6,58.7,7.0,19.6,9.3,100.0,128.5,103.4,
https://www.basketball-reference.com/boxscores/201704240POR.html,"10:30 PM, April 24, 2017",Portland Trail Blazers,Golden State Warriors,103,128,POR,,,Team Totals,240,33,85,.388,13,39,.333,24,29,.828,7,32,39,14,7,3,11,20,103,,,Team Totals,240,.527,.465,.459,.341,15.2,84.2,46.4,42.4,7.0,5.3,10.1,100.0,103.4,128.5,
https://www.basketball-reference.com/boxscores/201704240TOR.html,"7:00 PM, April 24, 2017",Toronto Raptors,Milwaukee Bucks,118,93,MIL,,,Team Totals,240,34,67,.507,10,22,.455,15,26,.577,1,21,22,22,13,4,15,23,93,,,Team Totals,240,.593,.582,.328,.388,2.8,80.8,35.5,64.7,14.1,9.1,16.1,100.0,100.7,127.8,
https://www.basketball-reference.com/boxscores/201704240TOR.html,"7:00 PM, April 24, 2017",Toronto Raptors,Milwaukee Bucks,118,93,TOR,,,Team Totals,240,41,71,.577,12,27,.444,24,26,.923,5,35,40,28,10,6,18,24,118,,,Team Totals,240,.716,.662,.380,.366,19.2,97.2,64.5,68.3,10.8,13.3,17.9,100.0,127.8,100.7,
https://www.basketball-reference.com/boxscores/201704250HOU.html,"8:00 PM, April 25, 2017",Houston Rockets,Oklahoma City Thunder,105,99,OKC,,,Team Totals,240,35,91,.385,10,38,.263,19,29,.655,18,31,49,16,7,7,14,27,99,,,Team Totals,240,.477,.440,.418,.319,32.7,75.6,51.0,45.7,7.2,15.6,11.9,100.0,101.1,107.3,
https://www.basketball-reference.com/boxscores/201704250HOU.html,"8:00 PM, April 25, 2017",Houston Rockets,Oklahoma City Thunder,105,99,HOU,,,Team Totals,240,33,82,.402,6,37,.162,33,39,.846,10,37,47,13,7,6,14,23,105,,,Team Totals,240,.529,.439,.451,.476,24.4,67.3,49.0,39.4,7.2,11.3,12.4,100.0,107.3,101.1,
https://www.basketball-reference.com/boxscores/201704250LAC.html,"10:30 PM, April 25, 2017",Los Angeles Clippers,Utah Jazz,92,96,UTA,,,Team Totals,240,35,81,.432,13,36,.361,13,16,.813,7,36,43,25,10,4,14,24,96,,,Team Totals,240,.545,.512,.444,.198,18.4,92.3,55.8,71.4,10.9,8.7,13.7,100.0,104.6,100.2,
https://www.basketball-reference.com/boxscores/201704250LAC.html,"10:30 PM, April 25, 2017",Los Angeles Clippers,Utah Jazz,92,96,LAC,,,Team Totals,240,29,69,.420,10,23,.435,24,29,.828,3,31,34,16,7,2,14,20,92,,,Team Totals,240,.563,.493,.333,.420,7.7,81.6,44.2,55.2,7.6,4.4,14.6,100.0,100.2,104.6,
https://www.basketball-reference.com/boxscores/201704250SAS.html,"9:00 PM, April 25, 2017",San Antonio Spurs,Memphis Grizzlies,116,103,MEM,,,Team Totals,240,37,72,.514,9,22,.409,20,22,.909,8,23,31,22,7,1,10,20,103,,,Team Totals,240,.631,.576,.306,.306,25.0,69.7,47.7,59.5,8.4,1.9,10.9,100.0,124.2,139.8,
https://www.basketball-reference.com/boxscores/201704250SAS.html,"9:00 PM, April 25, 2017",San Antonio Spurs,Memphis Grizzlies,116,103,SAS,,,Team Totals,240,42,80,.525,14,28,.500,18,22,.818,10,24,34,23,7,2,8,17,116,,,Team Totals,240,.647,.613,.350,.275,30.3,75.0,52.3,54.8,8.4,4.0,8.2,100.0,139.8,124.2,
https://www.basketball-reference.com/boxscores/201704260BOS.html,"8:30 PM, April 26, 2017",Boston Celtics,Chicago Bulls,108,97,CHI,,,Team Totals,240,37,74,.500,9,26,.346,14,17,.824,5,37,42,24,4,5,16,21,97,,,Team Totals,240,.595,.561,.351,.230,14.3,82.2,52.5,64.9,4.3,10.4,16.4,100.0,105.0,116.9,
https://www.basketball-reference.com/boxscores/201704260BOS.html,"8:30 PM, April 26, 2017",Boston Celtics,Chicago Bulls,108,97,BOS,,,Team Totals,240,38,88,.432,9,40,.225,23,23,1.000,8,30,38,27,9,3,6,16,108,,,Team Totals,240,.550,.483,.455,.261,17.8,85.7,47.5,71.1,9.7,6.3,5.8,100.0,116.9,105.0,
https://www.basketball-reference.com/boxscores/201704260WAS.html,"6:00 PM, April 26, 2017",Washington Wizards,Atlanta Hawks,103,99,ATL,,,Team Totals,240,38,93,.409,9,31,.290,14,21,.667,11,32,43,23,3,2,11,21,99,,,Team Totals,240,.484,.457,.333,.226,25.0,78.0,50.6,60.5,3.2,3.4,9.7,100.0,105.9,110.2,
https://www.basketball-reference.com/boxscores/201704260WAS.html,"6:00 PM, April 26, 2017",Washington Wizards,Atlanta Hawks,103,99,WAS,,,Team Totals,240,37,82,.451,7,24,.292,22,27,.815,9,33,42,21,8,10,7,20,103,,,Team Totals,240,.549,.494,.293,.329,22.0,75.0,49.4,56.8,8.6,16.1,6.9,100.0,110.2,105.9,
https://www.basketball-reference.com/boxscores/201704270MEM.html,"9:30 PM, April 27, 2017",Memphis Grizzlies,San Antonio Spurs,96,103,SAS,,,Team Totals,240,37,77,.481,7,20,.350,22,25,.880,16,30,46,13,4,0,12,20,103,,,Team Totals,240,.585,.526,.260,.325,43.2,81.1,62.2,35.1,4.9,0.0,12.0,100.0,125.5,116.9,
https://www.basketball-reference.com/boxscores/201704270MEM.html,"9:30 PM, April 27, 2017",Memphis Grizzlies,San Antonio Spurs,96,103,MEM,,,Team Totals,240,32,71,.451,12,27,.444,20,24,.833,7,21,28,15,4,1,11,26,96,,,Team Totals,240,.589,.535,.380,.338,18.9,56.8,37.8,46.9,4.9,1.8,11.9,100.0,116.9,125.5,
https://www.basketball-reference.com/boxscores/201704270MIL.html,"7:00 PM, April 27, 2017",Milwaukee Bucks,Toronto Raptors,89,92,TOR,,,Team Totals,240,32,70,.457,9,22,.409,19,23,.826,11,32,43,14,9,4,15,20,92,,,Team Totals,240,.574,.521,.314,.329,29.7,74.4,53.8,43.8,10.6,7.0,15.8,100.0,107.9,104.4,
https://www.basketball-reference.com/boxscores/201704270MIL.html,"7:00 PM, April 27, 2017",Milwaukee Bucks,Toronto Raptors,89,92,MIL,,,Team Totals,240,32,75,.427,7,18,.389,18,28,.643,11,26,37,18,11,10,14,20,89,,,Team Totals,240,.510,.473,.240,.373,25.6,70.3,46.3,56.3,12.9,20.8,13.8,100.0,104.4,107.9,
https://www.basketball-reference.com/boxscores/201704280ATL.html,"7:30 PM, April 28, 2017",Atlanta Hawks,Washington Wizards,99,115,WAS,,,Team Totals,240,42,78,.538,10,24,.417,21,25,.840,8,25,33,21,16,7,17,22,115,,,Team Totals,240,.646,.603,.308,.321,25.0,69.4,48.5,50.0,16.9,15.2,16.0,100.0,121.3,104.4,
https://www.basketball-reference.com/boxscores/201704280ATL.html,"7:30 PM, April 28, 2017",Atlanta Hawks,Washington Wizards,99,115,ATL,,,Team Totals,240,37,78,.474,9,32,.281,16,19,.842,11,24,35,26,9,3,22,22,99,,,Team Totals,240,.573,.532,.410,.244,30.6,75.0,51.5,70.3,9.5,5.6,20.3,100.0,104.4,121.3,
https://www.basketball-reference.com/boxscores/201704280CHI.html,"8:00 PM, April 28, 2017",Chicago Bulls,Boston Celtics,83,105,BOS,,,Team Totals,240,39,80,.488,16,39,.410,11,18,.611,7,36,43,28,7,5,10,14,105,,,Team Totals,240,.597,.588,.488,.225,17.1,76.6,48.9,71.8,7.8,8.1,10.2,100.0,116.5,92.1,
https://www.basketball-reference.com/boxscores/201704280CHI.html,"8:00 PM, April 28, 2017",Chicago Bulls,Boston Celtics,83,105,CHI,,,Team Totals,240,32,81,.395,4,19,.211,15,17,.882,11,34,45,13,5,2,15,16,83,,,Team Totals,240,.469,.420,.235,.210,23.4,82.9,51.1,40.6,5.5,4.9,14.5,100.0,92.1,116.5,
https://www.basketball-reference.com/boxscores/201704280UTA.html,"10:30 PM, April 28, 2017",Utah Jazz,Los Angeles Clippers,93,98,LAC,,,Team Totals,240,37,75,.493,9,21,.429,15,26,.577,10,32,42,17,5,2,16,24,98,,,Team Totals,240,.567,.553,.280,.347,26.3,76.2,52.5,45.9,5.6,3.8,15.6,100.0,110.0,104.4,
https://www.basketball-reference.com/boxscores/201704280UTA.html,"10:30 PM, April 28, 2017",Utah Jazz,Los Angeles Clippers,93,98,UTA,,,Team Totals,240,32,78,.410,7,26,.269,22,33,.667,10,28,38,18,8,5,8,20,93,,,Team Totals,240,.503,.455,.333,.423,23.8,73.7,47.5,56.3,9.0,9.3,8.0,100.0,104.4,110.0,
https://www.basketball-reference.com/boxscores/201704300BOS.html,"1:00 PM, April 30, 2017",Boston Celtics,Washington Wizards,123,111,WAS,,,Team Totals,240,44,87,.506,10,23,.435,13,22,.591,12,26,38,27,6,7,13,14,111,,,Team Totals,240,.574,.563,.264,.253,31.6,68.4,50.0,61.4,6.4,13.7,11.9,100.0,119.1,132.0,
https://www.basketball-reference.com/boxscores/201704300BOS.html,"1:00 PM, April 30, 2017",Boston Celtics,Washington Wizards,123,111,BOS,,,Team Totals,240,46,90,.511,19,39,.487,12,15,.800,12,26,38,32,8,7,11,25,123,,,Team Totals,240,.637,.617,.433,.167,31.6,68.4,50.0,69.6,8.6,10.9,10.2,100.0,132.0,119.1,
https://www.basketball-reference.com/boxscores/201704300LAC.html,"3:30 PM, April 30, 2017",Los Angeles Clippers,Utah Jazz,91,104,UTA,,,Team Totals,240,40,79,.506,6,13,.462,18,23,.783,10,36,46,22,8,2,12,24,104,,,Team Totals,240,.583,.544,.165,.291,26.3,78.3,54.8,55.0,8.8,3.6,11.9,100.0,114.8,100.5,
https://www.basketball-reference.com/boxscores/201704300LAC.html,"3:30 PM, April 30, 2017",Los Angeles Clippers,Utah Jazz,91,104,LAC,,,Team Totals,240,35,80,.438,6,25,.240,15,26,.577,10,28,38,17,3,2,12,19,91,,,Team Totals,240,.498,.475,.313,.325,21.7,73.7,45.2,48.6,3.3,3.0,11.6,100.0,100.5,114.8,
https://www.basketball-reference.com/boxscores/201705010CLE.html,"7:00 PM, May 1, 2017",Cleveland Cavaliers,Toronto Raptors,116,105,TOR,,,Team Totals,240,39,89,.438,10,26,.385,17,20,.850,8,35,43,22,5,5,12,22,105,,,Team Totals,240,.537,.494,.292,.225,17.0,83.3,48.3,56.4,5.0,9.8,10.9,100.0,104.8,115.8,
https://www.basketball-reference.com/boxscores/201705010CLE.html,"7:00 PM, May 1, 2017",Cleveland Cavaliers,Toronto Raptors,116,105,CLE,,,Team Totals,240,39,85,.459,14,34,.412,24,29,.828,7,39,46,26,8,4,12,18,116,,,Team Totals,240,.593,.541,.400,.341,16.7,83.0,51.7,66.7,8.0,6.3,10.9,100.0,115.8,104.8,
https://www.basketball-reference.com/boxscores/201705010SAS.html,"9:30 PM, May 1, 2017",San Antonio Spurs,Houston Rockets,99,126,HOU,,,Team Totals,240,40,87,.460,22,50,.440,24,27,.889,7,42,49,30,13,5,15,25,126,,,Team Totals,240,.637,.586,.575,.310,17.1,79.2,52.1,75.0,12.6,9.1,13.2,100.0,122.4,96.2,
https://www.basketball-reference.com/boxscores/201705010SAS.html,"9:30 PM, May 1, 2017",San Antonio Spurs,Houston Rockets,99,126,SAS,,,Team Totals,240,31,84,.369,9,29,.310,28,36,.778,11,34,45,19,10,2,15,18,99,,,Team Totals,240,.496,.423,.345,.429,20.8,82.9,47.9,61.3,9.7,5.4,13.1,100.0,96.2,122.4,
https://www.basketball-reference.com/boxscores/201705020BOS.html,"8:00 PM, May 2, 2017",Boston Celtics,Washington Wizards,129,119,WAS,,,Team Totals,265,46,99,.465,10,34,.294,17,22,.773,13,31,44,28,7,10,18,29,119,,,Team Totals,265,.547,.515,.343,.222,31.0,72.1,51.8,60.9,6.6,19.2,14.2,100.0,111.7,121.1,
https://www.basketball-reference.com/boxscores/201705020BOS.html,"8:00 PM, May 2, 2017",Boston Celtics,Washington Wizards,129,119,BOS,,,Team Totals,265,45,88,.511,13,36,.361,26,34,.765,12,29,41,26,11,7,16,21,129,,,Team Totals,265,.626,.585,.409,.386,27.9,69.0,48.2,57.8,10.3,10.8,13.4,100.0,121.1,111.7,
https://www.basketball-reference.com/boxscores/201705020GSW.html,"10:30 PM, May 2, 2017",Golden State Warriors,Utah Jazz,106,94,UTA,,,Team Totals,240,38,82,.463,9,29,.310,9,12,.750,8,36,44,25,7,4,14,18,94,,,Team Totals,240,.538,.518,.354,.146,20.0,87.8,54.3,65.8,7.6,7.5,13.8,100.0,102.6,115.7,
https://www.basketball-reference.com/boxscores/201705020GSW.html,"10:30 PM, May 2, 2017",Golden State Warriors,Utah Jazz,106,94,GSW,,,Team Totals,240,40,82,.488,7,29,.241,19,21,.905,5,32,37,32,7,8,7,16,106,,,Team Totals,240,.581,.530,.354,.256,12.2,80.0,45.7,80.0,7.6,15.1,7.1,100.0,115.7,102.6,
https://www.basketball-reference.com/boxscores/201705030CLE.html,"7:00 PM, May 3, 2017",Cleveland Cavaliers,Toronto Raptors,125,103,TOR,,,Team Totals,240,42,90,.467,5,17,.294,14,19,.737,8,29,37,21,8,4,13,21,103,,,Team Totals,240,.524,.494,.189,.211,19.0,82.9,48.1,50.0,8.0,9.5,11.7,100.0,103.4,125.5,
https://www.basketball-reference.com/boxscores/201705030CLE.html,"7:00 PM, May 3, 2017",Cleveland Cavaliers,Toronto Raptors,125,103,CLE,,,Team Totals,240,41,75,.547,18,33,.545,25,34,.735,6,34,40,28,9,4,16,22,125,,,Team Totals,240,.695,.667,.440,.453,17.1,81.0,51.9,68.3,9.0,5.5,15.1,100.0,125.5,103.4,
https://www.basketball-reference.com/boxscores/201705030SAS.html,"9:30 PM, May 3, 2017",San Antonio Spurs,Houston Rockets,121,96,HOU,,,Team Totals,240,37,83,.446,11,34,.324,11,15,.733,9,23,32,22,7,3,11,18,96,,,Team Totals,240,.536,.512,.410,.181,22.0,59.0,40.0,59.5,8.0,4.6,10.9,100.0,109.5,138.0,
https://www.basketball-reference.com/boxscores/201705030SAS.html,"9:30 PM, May 3, 2017",San Antonio Spurs,Houston Rockets,121,96,SAS,,,Team Totals,240,48,89,.539,9,24,.375,16,18,.889,16,32,48,27,5,7,8,16,121,,,Team Totals,240,.624,.590,.270,.202,41.0,78.0,60.0,56.3,5.7,14.3,7.6,100.0,138.0,109.5,
https://www.basketball-reference.com/boxscores/201705040GSW.html,"10:30 PM, May 4, 2017",Golden State Warriors,Utah Jazz,115,104,UTA,,,Team Totals,240,38,84,.452,12,32,.375,16,20,.800,5,34,39,19,9,2,15,23,104,,,Team Totals,240,.560,.524,.381,.238,11.6,79.1,45.3,50.0,8.9,3.7,13.9,100.0,103.2,114.1,
https://www.basketball-reference.com/boxscores/201705040GSW.html,"10:30 PM, May 4, 2017",Golden State Warriors,Utah Jazz,115,104,GSW,,,Team Totals,240,42,85,.494,14,31,.452,17,20,.850,9,38,47,33,11,4,17,20,115,,,Team Totals,240,.613,.576,.365,.235,20.9,88.4,54.7,78.6,10.9,7.7,15.3,100.0,114.1,103.2,
https://www.basketball-reference.com/boxscores/201705040WAS.html,"8:00 PM, May 4, 2017",Washington Wizards,Boston Celtics,116,89,BOS,,,Team Totals,240,27,77,.351,10,32,.313,25,33,.758,8,30,38,20,4,2,16,26,89,,,Team Totals,240,.486,.416,.416,.429,17.8,69.8,43.2,74.1,4.1,3.0,14.9,100.0,92.3,120.3,
https://www.basketball-reference.com/boxscores/201705040WAS.html,"8:00 PM, May 4, 2017",Washington Wizards,Boston Celtics,116,89,WAS,,,Team Totals,240,43,92,.467,8,25,.320,22,25,.880,13,37,50,26,7,5,10,26,116,,,Team Totals,240,.563,.511,.272,.272,30.2,82.2,56.8,60.5,7.3,11.1,8.8,100.0,120.3,92.3,
https://www.basketball-reference.com/boxscores/201705050HOU.html,"9:30 PM, May 5, 2017",Houston Rockets,San Antonio Spurs,92,103,SAS,,,Team Totals,240,39,86,.453,9,25,.360,16,20,.800,12,37,49,23,7,8,21,17,103,,,Team Totals,240,.543,.506,.291,.233,32.4,72.5,55.7,59.0,7.3,16.3,18.1,100.0,107.0,95.6,
https://www.basketball-reference.com/boxscores/201705050HOU.html,"9:30 PM, May 5, 2017",Houston Rockets,San Antonio Spurs,92,103,HOU,,,Team Totals,240,32,88,.364,12,39,.308,16,18,.889,14,25,39,17,12,7,15,18,92,,,Team Totals,240,.480,.432,.443,.205,27.5,67.6,44.3,53.1,12.5,11.5,13.5,100.0,95.6,107.0,
https://www.basketball-reference.com/boxscores/201705050TOR.html,"7:00 PM, May 5, 2017",Toronto Raptors,Cleveland Cavaliers,94,115,CLE,,,Team Totals,240,39,76,.513,13,23,.565,24,28,.857,8,41,49,15,2,7,16,20,115,,,Team Totals,240,.651,.599,.303,.368,25.0,97.6,66.2,38.5,2.1,10.1,15.3,100.0,119.9,98.0,
https://www.basketball-reference.com/boxscores/201705050TOR.html,"7:00 PM, May 5, 2017",Toronto Raptors,Cleveland Cavaliers,94,115,TOR,,,Team Totals,240,38,87,.437,2,18,.111,16,17,.941,1,24,25,17,9,4,6,21,94,,,Team Totals,240,.497,.448,.207,.195,2.4,75.0,33.8,44.7,9.4,7.5,6.0,100.0,98.0,119.9,
https://www.basketball-reference.com/boxscores/201705060UTA.html,"8:30 PM, May 6, 2017",Utah Jazz,Golden State Warriors,91,102,GSW,,,Team Totals,240,37,84,.440,9,30,.300,19,23,.826,8,43,51,17,3,4,7,20,102,,,Team Totals,240,.542,.494,.357,.274,17.8,89.6,54.8,45.9,3.2,7.3,6.9,100.0,109.9,98.0,
https://www.basketball-reference.com/boxscores/201705060UTA.html,"8:30 PM, May 6, 2017",Utah Jazz,Golden State Warriors,91,102,UTA,,,Team Totals,240,30,77,.390,7,22,.318,24,34,.706,5,37,42,19,6,3,9,22,91,,,Team Totals,240,.495,.435,.286,.442,10.4,82.2,45.2,63.3,6.5,5.6,8.9,100.0,98.0,109.9,
https://www.basketball-reference.com/boxscores/201705070HOU.html,"9:00 PM, May 7, 2017",Houston Rockets,San Antonio Spurs,125,104,SAS,,,Team Totals,240,44,89,.494,7,23,.304,9,18,.500,11,32,43,23,8,6,14,13,104,,,Team Totals,240,.537,.534,.258,.202,24.4,82.1,51.2,52.3,8.1,11.5,12.6,100.0,105.2,126.4,
https://www.basketball-reference.com/boxscores/201705070HOU.html,"9:00 PM, May 7, 2017",Houston Rockets,San Antonio Spurs,125,104,HOU,,,Team Totals,240,50,95,.526,19,43,.442,6,10,.600,7,34,41,28,7,3,9,17,125,,,Team Totals,240,.629,.626,.453,.105,17.9,75.6,48.8,56.0,7.1,4.5,8.3,100.0,126.4,105.2,
https://www.basketball-reference.com/boxscores/201705070TOR.html,"3:30 PM, May 7, 2017",Toronto Raptors,Cleveland Cavaliers,102,109,CLE,,,Team Totals,240,39,82,.476,16,41,.390,15,16,.938,5,32,37,24,8,5,11,11,109,,,Team Totals,240,.612,.573,.500,.195,14.7,80.0,50.0,61.5,8.6,8.9,11.0,100.0,117.2,109.7,
https://www.basketball-reference.com/boxscores/201705070TOR.html,"3:30 PM, May 7, 2017",Toronto Raptors,Cleveland Cavaliers,102,109,TOR,,,Team Totals,240,40,85,.471,10,29,.345,12,15,.800,8,29,37,28,7,3,12,18,102,,,Team Totals,240,.557,.529,.341,.176,20.0,85.3,50.0,70.0,7.5,7.3,11.6,100.0,109.7,117.2,
https://www.basketball-reference.com/boxscores/201705070WAS.html,"6:30 PM, May 7, 2017",Washington Wizards,Boston Celtics,121,102,BOS,,,Team Totals,240,35,79,.443,14,31,.452,18,24,.750,9,22,31,28,13,6,20,25,102,,,Team Totals,240,.569,.532,.392,.304,21.4,64.7,40.8,80.0,13.1,9.5,18.3,100.0,102.9,122.1,
https://www.basketball-reference.com/boxscores/201705070WAS.html,"6:30 PM, May 7, 2017",Washington Wizards,Boston Celtics,121,102,WAS,,,Team Totals,240,44,84,.524,9,21,.429,24,27,.889,12,33,45,29,13,3,20,22,121,,,Team Totals,240,.631,.577,.250,.321,35.3,78.6,59.2,65.9,13.1,6.3,17.3,100.0,122.1,102.9,
https://www.basketball-reference.com/boxscores/201705080UTA.html,"9:00 PM, May 8, 2017",Utah Jazz,Golden State Warriors,95,121,GSW,,,Team Totals,240,43,84,.512,11,26,.423,24,27,.889,6,44,50,28,8,3,11,26,121,,,Team Totals,240,.631,.577,.310,.321,15.8,81.5,54.3,65.1,8.1,4.8,10.3,100.0,122.2,96.0,
https://www.basketball-reference.com/boxscores/201705080UTA.html,"9:00 PM, May 8, 2017",Utah Jazz,Golden State Warriors,95,121,UTA,,,Team Totals,240,33,89,.371,8,27,.296,21,28,.750,10,32,42,13,7,4,10,23,95,,,Team Totals,240,.469,.416,.303,.315,18.5,84.2,45.7,39.4,7.1,6.9,9.0,100.0,96.0,122.2,
https://www.basketball-reference.com/boxscores/201705090SAS.html,"8:00 PM, May 9, 2017",San Antonio Spurs,Houston Rockets,110,107,HOU,,,Team Totals,265,38,86,.442,16,48,.333,15,21,.714,9,38,47,21,4,5,16,23,107,,,Team Totals,265,.562,.535,.558,.244,20.9,67.9,47.5,55.3,4.0,7.1,14.4,100.0,107.6,110.6,
https://www.basketball-reference.com/boxscores/201705090SAS.html,"8:00 PM, May 9, 2017",San Antonio Spurs,Houston Rockets,110,107,SAS,,,Team Totals,265,42,103,.408,11,33,.333,15,23,.652,18,34,52,24,7,5,8,18,110,,,Team Totals,265,.486,.461,.320,.223,32.1,79.1,52.5,57.1,7.0,13.2,6.6,100.0,110.6,107.6,
https://www.basketball-reference.com/boxscores/201705100BOS.html,"8:00 PM, May 10, 2017",Boston Celtics,Washington Wizards,123,101,WAS,,,Team Totals,240,35,91,.385,7,29,.241,24,29,.828,16,29,45,21,5,5,13,18,101,,,Team Totals,240,.487,.423,.319,.319,29.1,76.3,48.4,60.0,5.1,9.3,11.1,100.0,103.5,126.0,
https://www.basketball-reference.com/boxscores/201705100BOS.html,"8:00 PM, May 10, 2017",Boston Celtics,Washington Wizards,123,101,BOS,,,Team Totals,240,46,87,.529,16,33,.485,15,21,.714,9,39,48,33,7,8,12,25,123,,,Team Totals,240,.639,.621,.379,.241,23.7,70.9,51.6,71.7,7.2,12.9,11.1,100.0,126.0,103.5,
https://www.basketball-reference.com/boxscores/201705110HOU.html,"8:00 PM, May 11, 2017",Houston Rockets,San Antonio Spurs,75,114,SAS,,,Team Totals,240,51,96,.531,5,22,.227,7,13,.538,14,46,60,32,8,9,8,21,114,,,Team Totals,240,.560,.557,.229,.135,34.1,82.1,61.9,62.7,8.7,24.3,7.3,100.0,124.4,81.9,
https://www.basketball-reference.com/boxscores/201705110HOU.html,"8:00 PM, May 11, 2017",Houston Rockets,San Antonio Spurs,75,114,HOU,,,Team Totals,240,22,77,.286,13,40,.325,18,25,.720,10,27,37,14,5,3,14,16,75,,,Team Totals,240,.426,.370,.519,.325,17.9,65.9,38.1,63.6,5.5,4.1,13.7,100.0,81.9,124.4,
https://www.basketball-reference.com/boxscores/201705120WAS.html,"8:00 PM, May 12, 2017",Washington Wizards,Boston Celtics,92,91,BOS,,,Team Totals,240,32,79,.405,11,35,.314,16,18,.889,7,30,37,25,5,3,11,19,91,,,Team Totals,240,.523,.475,.443,.228,16.7,73.2,44.6,78.1,5.5,4.8,11.2,100.0,100.5,101.6,
https://www.basketball-reference.com/boxscores/201705120WAS.html,"8:00 PM, May 12, 2017",Washington Wizards,Boston Celtics,92,91,WAS,,,Team Totals,240,37,86,.430,5,24,.208,13,21,.619,11,35,46,20,4,7,12,24,92,,,Team Totals,240,.483,.459,.279,.244,26.8,83.3,55.4,54.1,4.4,15.9,11.2,100.0,101.6,100.5,
https://www.basketball-reference.com/boxscores/201705140GSW.html,"3:30 PM, May 14, 2017",Golden State Warriors,San Antonio Spurs,113,111,SAS,,,Team Totals,240,40,84,.476,7,22,.318,24,28,.857,14,23,37,19,13,3,19,24,111,,,Team Totals,240,.576,.518,.262,.333,35.0,57.5,46.3,47.5,13.6,5.9,16.5,100.0,115.7,117.8,
https://www.basketball-reference.com/boxscores/201705140GSW.html,"3:30 PM, May 14, 2017",Golden State Warriors,San Antonio Spurs,113,111,GSW,,,Team Totals,240,39,81,.481,11,30,.367,24,33,.727,17,26,43,22,13,8,19,24,113,,,Team Totals,240,.591,.549,.370,.407,42.5,65.0,53.8,56.4,13.6,12.9,16.6,100.0,117.8,115.7,
https://www.basketball-reference.com/boxscores/201705150BOS.html,"8:00 PM, May 15, 2017",Boston Celtics,Washington Wizards,115,105,WAS,,,Team Totals,240,36,80,.450,10,29,.345,23,29,.793,10,33,43,18,6,4,15,17,105,,,Team Totals,240,.566,.513,.363,.363,27.0,89.2,58.1,50.0,6.4,7.3,13.9,100.0,112.5,123.3,
https://www.basketball-reference.com/boxscores/201705150BOS.html,"8:00 PM, May 15, 2017",Boston Celtics,Washington Wizards,115,105,BOS,,,Team Totals,240,42,79,.532,11,24,.458,20,25,.800,4,27,31,27,7,4,8,24,115,,,Team Totals,240,.639,.601,.304,.316,10.8,73.0,41.9,64.3,7.5,7.8,8.2,100.0,123.3,112.5,
https://www.basketball-reference.com/boxscores/201705160GSW.html,"9:00 PM, May 16, 2017",Golden State Warriors,San Antonio Spurs,136,100,SAS,,,Team Totals,240,37,100,.370,8,23,.348,18,21,.857,22,27,49,21,11,5,19,17,100,,,Team Totals,240,.458,.410,.230,.210,39.3,81.8,55.1,56.8,10.7,9.6,14.8,100.0,97.1,132.1,
https://www.basketball-reference.com/boxscores/201705160GSW.html,"9:00 PM, May 16, 2017",Golden State Warriors,San Antonio Spurs,136,100,GSW,,,Team Totals,240,50,89,.562,18,37,.486,18,19,.947,6,34,40,39,16,5,16,19,136,,,Team Totals,240,.698,.663,.416,.213,18.2,60.7,44.9,78.0,15.5,6.5,14.1,100.0,132.1,97.1,
https://www.basketball-reference.com/boxscores/201705170BOS.html,"8:30 PM, May 17, 2017",Boston Celtics,Cleveland Cavaliers,104,117,CLE,,,Team Totals,240,39,81,.481,11,31,.355,28,35,.800,12,32,44,21,9,2,8,17,117,,,Team Totals,240,.607,.549,.383,.432,30.8,71.1,52.4,53.8,9.8,4.0,7.7,100.0,127.3,113.1,
https://www.basketball-reference.com/boxscores/201705170BOS.html,"8:30 PM, May 17, 2017",Boston Celtics,Cleveland Cavaliers,104,117,BOS,,,Team Totals,240,41,88,.466,12,38,.316,10,18,.556,13,27,40,33,4,1,14,26,104,,,Team Totals,240,.542,.534,.432,.205,28.9,69.2,47.6,80.5,4.4,2.0,12.7,100.0,113.1,127.3,
https://www.basketball-reference.com/boxscores/201705190BOS.html,"8:30 PM, May 19, 2017",Boston Celtics,Cleveland Cavaliers,86,130,CLE,,,Team Totals,240,48,85,.565,19,39,.487,15,23,.652,9,36,45,28,10,6,12,17,130,,,Team Totals,240,.683,.676,.459,.271,23.7,78.3,53.6,58.3,10.1,10.2,11.2,100.0,131.8,87.2,
https://www.basketball-reference.com/boxscores/201705190BOS.html,"8:30 PM, May 19, 2017",Boston Celtics,Cleveland Cavaliers,86,130,BOS,,,Team Totals,240,32,86,.372,8,27,.296,14,15,.933,10,29,39,23,7,4,21,19,86,,,Team Totals,240,.464,.419,.314,.174,21.7,76.3,46.4,71.9,7.1,8.7,18.5,100.0,87.2,131.8,
https://www.basketball-reference.com/boxscores/201705200SAS.html,"9:00 PM, May 20, 2017",San Antonio Spurs,Golden State Warriors,108,120,GSW,,,Team Totals,240,46,84,.548,11,27,.407,17,22,.773,9,33,42,23,12,6,21,23,120,,,Team Totals,240,.640,.613,.321,.262,22.5,68.8,47.7,50.0,11.6,8.3,18.3,100.0,115.8,104.2,
https://www.basketball-reference.com/boxscores/201705200SAS.html,"9:00 PM, May 20, 2017",San Antonio Spurs,Golden State Warriors,108,120,SAS,,,Team Totals,240,44,93,.473,5,21,.238,15,25,.600,15,31,46,22,10,3,16,21,108,,,Team Totals,240,.519,.500,.226,.269,31.3,77.5,52.3,50.0,9.6,5.3,13.3,100.0,104.2,115.8,
https://www.basketball-reference.com/boxscores/201705210CLE.html,"8:30 PM, May 21, 2017",Cleveland Cavaliers,Boston Celtics,108,111,BOS,,,Team Totals,240,42,91,.462,18,40,.450,9,12,.750,11,27,38,28,10,3,9,23,111,,,Team Totals,240,.576,.560,.440,.132,23.9,71.1,45.2,66.7,11.1,9.7,8.5,100.0,122.7,119.4,
https://www.basketball-reference.com/boxscores/201705210CLE.html,"8:30 PM, May 21, 2017",Cleveland Cavaliers,Boston Celtics,108,111,CLE,,,Team Totals,240,32,70,.457,16,39,.410,28,36,.778,11,35,46,21,5,4,16,11,108,,,Team Totals,240,.629,.571,.557,.514,28.9,76.1,54.8,65.6,5.5,7.8,15.7,100.0,119.4,122.7,
https://www.basketball-reference.com/boxscores/201705220SAS.html,"9:00 PM, May 22, 2017",San Antonio Spurs,Golden State Warriors,115,129,GSW,,,Team Totals,240,48,86,.558,14,39,.359,19,25,.760,5,48,53,30,7,3,17,25,129,,,Team Totals,240,.665,.640,.453,.291,14.3,80.0,55.8,62.5,6.5,4.1,14.9,100.0,120.7,107.6,
https://www.basketball-reference.com/boxscores/201705220SAS.html,"9:00 PM, May 22, 2017",San Antonio Spurs,Golden State Warriors,115,129,SAS,,,Team Totals,240,41,98,.418,8,25,.320,25,32,.781,12,30,42,33,14,4,8,20,115,,,Team Totals,240,.513,.459,.255,.327,20.0,85.7,44.2,80.5,13.1,8.5,6.7,100.0,107.6,120.7,
https://www.basketball-reference.com/boxscores/201705230CLE.html,"8:30 PM, May 23, 2017",Cleveland Cavaliers,Boston Celtics,112,99,BOS,,,Team Totals,240,35,79,.443,10,31,.323,19,20,.950,7,22,29,26,7,2,12,15,99,,,Team Totals,240,.564,.506,.392,.253,17.5,84.6,43.9,74.3,7.7,3.8,12.0,100.0,109.0,123.3,
https://www.basketball-reference.com/boxscores/201705230CLE.html,"8:30 PM, May 23, 2017",Cleveland Cavaliers,Boston Celtics,112,99,CLE,,,Team Totals,240,44,74,.595,10,22,.455,14,17,.824,4,33,37,23,5,4,15,16,112,,,Team Totals,240,.687,.662,.297,.230,15.4,82.5,56.1,52.3,5.5,8.3,15.5,100.0,123.3,109.0,
https://www.basketball-reference.com/boxscores/201705250BOS.html,"8:30 PM, May 25, 2017",Boston Celtics,Cleveland Cavaliers,102,135,CLE,,,Team Totals,240,48,85,.565,19,41,.463,20,24,.833,6,32,38,24,13,5,11,21,135,,,Team Totals,240,.706,.676,.482,.282,18.2,72.7,49.4,50.0,13.2,8.9,10.3,100.0,136.8,103.4,
https://www.basketball-reference.com/boxscores/201705250BOS.html,"8:30 PM, May 25, 2017",Boston Celtics,Cleveland Cavaliers,102,135,BOS,,,Team Totals,240,37,86,.430,11,30,.367,17,23,.739,12,27,39,20,7,5,18,23,102,,,Team Totals,240,.531,.494,.349,.267,27.3,81.8,50.6,54.1,7.1,11.4,15.8,100.0,103.4,136.8,
https://www.basketball-reference.com/boxscores/201706010GSW.html,"9:00 PM, June 1, 2017",Golden State Warriors,Cleveland Cavaliers,113,91,CLE,,,Team Totals,240,30,86,.349,11,31,.355,20,25,.800,15,44,59,15,0,6,20,23,91,,,Team Totals,240,.469,.413,.360,.291,29.4,75.9,54.1,50.0,0.0,8.2,17.1,100.0,91.4,113.6,
https://www.basketball-reference.com/boxscores/201706010GSW.html,"9:00 PM, June 1, 2017",Golden State Warriors,Cleveland Cavaliers,113,91,GSW,,,Team Totals,240,45,106,.425,12,33,.364,11,16,.688,14,36,50,31,12,3,4,24,113,,,Team Totals,240,.500,.481,.311,.151,24.1,70.6,45.9,68.9,12.1,5.5,3.4,100.0,113.6,91.4,
https://www.basketball-reference.com/boxscores/201706040GSW.html,"8:00 PM, June 4, 2017",Golden State Warriors,Cleveland Cavaliers,132,113,CLE,,,Team Totals,240,45,100,.450,8,29,.276,15,19,.789,10,31,41,27,15,1,9,18,113,,,Team Totals,240,.521,.490,.290,.190,18.9,75.6,43.6,60.0,14.1,2.2,7.7,100.0,106.2,124.0,
https://www.basketball-reference.com/boxscores/201706040GSW.html,"8:00 PM, June 4, 2017",Golden State Warriors,Cleveland Cavaliers,132,113,GSW,,,Team Totals,240,46,89,.517,18,43,.419,22,24,.917,10,43,53,34,5,7,20,19,132,,,Team Totals,240,.663,.618,.483,.270,24.4,81.1,56.4,73.9,4.7,9.9,16.7,100.0,124.0,106.2,
https://www.basketball-reference.com/boxscores/201706070CLE.html,"9:00 PM, June 7, 2017",Cleveland Cavaliers,Golden State Warriors,113,118,GSW,,,Team Totals,240,40,83,.482,16,33,.485,22,24,.917,8,36,44,29,8,4,18,28,118,,,Team Totals,240,.631,.578,.398,.289,22.9,78.3,54.3,72.5,8.0,8.7,16.1,100.0,117.7,112.7,
https://www.basketball-reference.com/boxscores/201706070CLE.html,"9:00 PM, June 7, 2017",Cleveland Cavaliers,Golden State Warriors,113,118,CLE,,,Team Totals,240,40,90,.444,12,44,.273,21,25,.840,10,27,37,17,9,3,12,25,113,,,Team Totals,240,.559,.511,.489,.278,21.7,77.1,45.7,42.5,9.0,6.0,10.6,100.0,112.7,117.7,
https://www.basketball-reference.com/boxscores/201706090CLE.html,"9:00 PM, June 9, 2017",Cleveland Cavaliers,Golden State Warriors,137,116,GSW,,,Team Totals,240,39,87,.448,11,39,.282,27,36,.750,16,24,40,26,5,6,12,27,116,,,Team Totals,240,.564,.511,.448,.414,34.8,68.6,49.4,66.7,5.2,14.3,10.4,100.0,120.7,142.6,
https://www.basketball-reference.com/boxscores/201706090CLE.html,"9:00 PM, June 9, 2017",Cleveland Cavaliers,Golden State Warriors,137,116,CLE,,,Team Totals,240,46,87,.529,24,45,.533,21,31,.677,11,30,41,27,6,3,11,24,137,,,Team Totals,240,.681,.667,.517,.356,31.4,65.2,50.6,58.7,6.2,6.3,9.9,100.0,142.6,120.7,
https://www.basketball-reference.com/boxscores/201706120GSW.html,"9:00 PM, June 12, 2017",Golden State Warriors,Cleveland Cavaliers,129,120,CLE,,,Team Totals,240,47,88,.534,11,24,.458,15,23,.652,12,28,40,22,6,5,15,22,120,,,Team Totals,240,.611,.597,.273,.261,29.3,68.3,48.8,46.8,6.0,9.6,13.3,100.0,120.8,129.9,
https://www.basketball-reference.com/boxscores/201706120GSW.html,"9:00 PM, June 12, 2017",Golden State Warriors,Cleveland Cavaliers,129,120,GSW,,,Team Totals,240,46,90,.511,14,38,.368,23,28,.821,13,29,42,27,8,2,13,24,129,,,Team Totals,240,.630,.589,.422,.311,31.7,70.7,51.2,58.7,8.1,3.1,11.3,100.0,129.9,120.8,
